# eV,ground_re,ground_im,pumped_re,pumped_im
1.000000000000000021e-02,2.394271825855092857e+02,-3.445212013088357253e+03,1.394859031649695453e+03,7.852644132389264996e+03
2.000000000000000042e-02,2.381659102969739763e+02,-1.706260138846366999e+03,1.372420178845064356e+03,4.129335044218807525e+03
2.999999999999999889e-02,2.360784619551292849e+02,-1.119523314500202787e+03,1.335420992956719374e+03,2.974429433774883364e+03
4.000000000000000083e-02,2.331866180229527004e+02,-8.210384842789484310e+02,1.284451369403629087e+03,2.457177194323121967e+03
5.000000000000000278e-02,2.295204195906913753e+02,-6.380721550176443770e+02,1.220320450244708127e+03,2.190142047347672815e+03
5.999999999999999778e-02,2.251177259303891560e+02,-5.130922565339657240e+02,1.144040383202931935e+03,2.043216798437369107e+03
7.000000000000000666e-02,2.200236584883623152e+02,-4.214776608221186507e+02,1.056806098818673945e+03,1.959933412006596882e+03
8.000000000000000167e-02,2.142899406638680375e+02,-3.509449789602585383e+02,9.599715757981850857e+02,1.911556977684072308e+03
8.999999999999999667e-02,2.079741444815139459e+02,-2.946903822929675130e+02,8.550231435409392589e+02,1.881795273734364173e+03
1.000000000000000056e-01,2.011388568391780041e+02,-2.486460057913129447e+02,7.435504355642344763e+02,1.860689980508475401e+03
1.100000000000000006e-01,1.938507793740834586e+02,-2.102326375354641073e+02,6.272156565065635050e+02,1.841843744545481286e+03
1.199999999999999956e-01,1.861797771116854108e+02,-1.777359332867152659e+02,5.077218574361671131e+02,1.821034412801438066e+03
1.300000000000000044e-01,1.781978919229552218e+02,-1.499704813405131745e+02,3.867809286422798891e+02,1.795466947391760186e+03
1.400000000000000133e-01,1.699783373970240348e+02,-1.260878579266489083e+02,2.660820157548057523e+02,1.763341884929214075e+03
1.499999999999999944e-01,1.615944920237371036e+02,-1.054615380808167941e+02,1.472610442217287812e+02,1.723590609767829847e+03
1.600000000000000033e-01,1.531189075649687084e+02,-8.761509266026017428e+01,3.187199964483377101e+01,1.675702755573396189e+03
1.700000000000000122e-01,1.446223491701300077e+02,-7.217589663294891977e+01,-7.863944154783614238e+01,1.619606411255078683e+03
1.799999999999999933e-01,1.361728831612778094e+02,-5.884446992322703096e+01,-1.829594035041562279e+02,1.555579524982816565e+03
1.900000000000000022e-01,1.278350274834394753e+02,-4.737372701954758725e+01,-2.799259756128715253e+02,1.484180252560656982e+03
2.000000000000000111e-01,1.196689785990426174e+02,-3.755469594713109416e+01,-3.685456900086719543e+02,1.406189158533764839e+03
2.099999999999999922e-01,1.117299271205081368e+02,-2.920657191278522546e+01,-4.480060469974991975e+02,1.322559137577216916e+03
2.200000000000000011e-01,1.040674727469783818e+02,-2.216974137496852038e+01,-5.176839234497333564e+02,1.234370673518366630e+03
2.300000000000000100e-01,9.672514713037351441e+01,-1.630088089502157445e+01,-5.771498009210478131e+02,1.142791112240404345e+03
2.399999999999999911e-01,8.974005117851082503e+01,-1.146952778897655989e+01,-6.261678510043691404e+02,1.049037273835494034e+03
2.500000000000000000e-01,8.314261104973195415e+01,-7.555706838066223341e+00,-6.646920125632148029e+02,9.543411266531796855e+02
2.600000000000000089e-01,7.695645474942521957e+01,-4.448319816509193281e+00,-6.928582865762939491e+02,8.599184830974242004e+02
2.700000000000000178e-01,7.119840885238198780e+01,-2.044086469357773606e+00,-7.109735570906692601e+02,7.669408093329678877e+02
2.800000000000000266e-01,6.587861249683226106e+01,-2.468814585619618363e-01,-7.195013192755696991e+02,6.765103028388192570e+02
2.899999999999999800e-01,6.100074347821949772e+01,1.032649228244760575e+00,-7.190447561650004218e+02,5.896384052531956286e+02
2.999999999999999889e-01,5.656234906527474493e+01,1.877281102487908804e+00,-7.103276531212846976e+02,5.072278982320888758e+02
3.099999999999999978e-01,5.255527211841683766e+01,2.363281594166555699e+00,-6.941736724896519490e+02,4.300586877255747140e+02
3.200000000000000067e-01,4.896616125900425942e+01,2.560411157310113595e+00,-6.714845299055454007e+02,3.587773250232581859e+02
3.300000000000000155e-01,4.577705226161928920e+01,2.531896357479315185e+00,-6.432176182359357881e+02,2.938902471855243448e+02
3.400000000000000244e-01,4.296600655925762879e+01,2.334406859718736182e+00,-6.103636155618232806e+02,2.357606498744340797e+02
3.500000000000000333e-01,4.050779179547511433e+01,2.018060568826253398e+00,-5.739245907006919651e+02,1.846088360375640320e+02
3.599999999999999867e-01,3.837458875314275986e+01,1.626474747512758112e+00,-5.348930846315498684e+02,1.405158175832196434e+02
3.699999999999999956e-01,3.653670875299003740e+01,1.196875440561253612e+00,-4.942326002324351180e+02,1.034298867258819570e+02
3.800000000000000044e-01,3.496330575396592621e+01,7.602727620065198311e-01,-4.528598776352051232e+02,7.317582115817413069e+01
3.900000000000000133e-01,3.362306789941347063e+01,3.417054299298832309e-01,-4.116292701056454462e+02,4.946634421256549530e+01
4.000000000000000222e-01,3.248487412614028358e+01,-3.944571702162813498e-02,-3.713194676642045806e+02,3.191542884228475430e+01
4.100000000000000311e-01,3.151840266597476869e+01,-3.690786582559781315e-01,-3.326227447413533582e+02,2.005301326517727389e+01
4.199999999999999845e-01,3.069467979027453808e+01,-6.379317335915728471e-01,-2.961368360876064116e+02,1.334068674695411794e+01
4.299999999999999933e-01,2.998655893737766220e+01,-8.410941973304766339e-01,-2.623594739543057131e+02,1.118790613019611335e+01
4.400000000000000022e-01,2.936912237371150525e+01,-9.774759992785866380e-01,-2.316855511393655718e+02,1.296831686175926457e+01
4.500000000000000111e-01,2.881999971720852827e+01,-1.049248361448215761e+00,-2.044068106011976909e+02,1.803577563169168840e+01
4.600000000000000200e-01,2.831959993777760687e+01,-1.061267619293268183e+00,-1.807139045245789362e+02,2.573970423168361776e+01
4.700000000000000289e-01,2.785125578132810276e+01,-1.020495248070787841e+00,-1.607006152693384422e+02,3.543944456203549009e+01
4.799999999999999822e-01,2.740128187708229035e+01,-9.354270099104963210e-01,-1.443699885677755219e+02,4.651733137874592927e+01
4.899999999999999911e-01,2.695895001868827023e+01,-8.155437548777721979e-01,-1.316420963886498328e+02,5.839025077115292106e+01
5.000000000000000000e-01,2.651638719615107220e+01,-6.707956176927133418e-01,-1.223631234823258325e+02,7.051950682494535272e+01
5.100000000000000089e-01,2.606840384004540923e+01,-5.111302073875212404e-01,-1.163154578908698227e+02,8.241887477441916587e+01
5.200000000000000178e-01,2.561226136990606506e+01,-3.460739348521892356e-01,-1.132284614863529697e+02,9.366077454298562088e+01
5.300000000000000266e-01,2.514738947063862895e+01,-1.843739151951026556e-01,-1.127896014569619467e+02,1.038805523645872313e+02
5.400000000000000355e-01,2.467506451871922479e+01,-3.370597668581677003e-02,-1.146556369159205246e+02,1.127789087576822027e+02
5.500000000000000444e-01,2.419806121843140545e+01,9.954773086527367310e-02,-1.184635755733172999e+02,1.201225572461584079e+02
5.600000000000000533e-01,2.372028977300498553e+01,2.104501416019965987e-01,-1.238411426230708372e+02,1.257432388475486391e+02
5.700000000000000622e-01,2.324643080338197620e+01,2.955904120028230997e-01,-1.304165364623599999e+02,1.295352516610668090e+02
5.799999999999999600e-01,2.278157974725852597e+01,3.530975494443934770e-01,-1.378272822974631708e+02,1.314516823059160799e+02
5.899999999999999689e-01,2.233091164334791756e+01,3.825911949832119241e-01,-1.457280337739152856e+02,1.314995461459270132e+02
5.999999999999999778e-01,2.189937606168528106e+01,3.850759402402602616e-01,-1.537972131771702777e+02,1.297340560912047351e+02
6.099999999999999867e-01,2.149143052140061272e+01,3.627870305684806063e-01,-1.617424212020861773e+02,1.262522454215839502e+02
6.199999999999999956e-01,2.111081909250318489e+01,3.189964911135488301e-01,-1.693045865857266961e+02,1.211861688726179835e+02
6.300000000000000044e-01,2.076040106466383506e+01,2.577895744390573118e-01,-1.762608629522809451e+02,1.146958986934752858e+02
6.400000000000000133e-01,2.044203264573207335e+01,1.838219444942012504e-01,-1.824263140872355109e+02,1.069625192187606046e+02
6.500000000000000222e-01,2.015650269088515500e+01,1.020681699912883850e-01,-1.876544587595199971e+02,9.818130551263706707e+01
6.600000000000000311e-01,1.990352152591358248e+01,1.757190096805268456e-02,-1.918367715428529436e+02,8.855524975744575045e+01
6.700000000000000400e-01,1.968176007995696608e+01,-6.479244222577365542e-02,-1.949012564352037202e+02,7.828907424250401448e+01
6.800000000000000488e-01,1.948893484527363285e+01,-1.405375040478589743e-01,-1.968102252106160677e+02,6.758384305703876294e+01
6.900000000000000577e-01,1.932193269002785030e+01,-2.057525416617949909e-01,-1.975574223163070542e+02,5.663225688820195813e+01
7.000000000000000666e-01,1.917696831277236669e+01,-2.572582683022132666e-01,-1.971646428781637042e+02,4.561468761171636999e+01
7.099999999999999645e-01,1.904976618326327653e+01,-2.927221580832010672e-01,-1.956779902841954026e+02,3.469598250842270204e+01
7.199999999999999734e-01,1.893575819191051934e+01,-3.107310919420882556e-01,-1.931639152989471597e+02,2.402304271875055974e+01
7.299999999999999822e-01,1.883028794642450876e+01,-3.108200055260365025e-01,-1.897051702554691985e+02,1.372315761781397292e+01
7.399999999999999911e-01,1.872881271383217339e+01,-2.934569833685957141e-01,-1.853968001944336095e+02,3.903056686124248387e+00
7.500000000000000000e-01,1.862709440144947592e+01,-2.599869650624326289e-01,-1.803422785503103682e+02,-5.351376443451756337e+00
7.600000000000000089e-01,1.852137168203887541e+01,-2.125378263855978167e-01,-1.746498788309285999e+02,-1.397479651251128452e+01
7.700000000000000178e-01,1.840850636534445428e+01,-1.538940144693939083e-01,-1.684293564118629263e+02,-2.192157434374874470e+01
7.800000000000000266e-01,1.828609835937803751e+01,-8.734410106624682091e-02,-1.617889967619196909e+02,-2.916454463661956709e+01
7.900000000000000355e-01,1.815256500040948850e+01,-1.650953054207550744e-02,-1.548330687771730823e+02,-3.569341165511755776e+01
8.000000000000000444e-01,1.800718210388950880e+01,5.483755154962243611e-02,-1.476597050109284339e+02,-4.151290034577796462e+01
8.100000000000000533e-01,1.785008573799609977e+01,1.229592170459969797e-01,-1.403592149479791829e+02,-4.664073734008152172e+01
8.200000000000000622e-01,1.768223538309971232e+01,1.843312923562997474e-01,-1.330128234937615446e+02,-5.110554080210136618e+01
8.300000000000000711e-01,1.750534074999423950e+01,2.358097543966030663e-01,-1.256918148429613780e+02,-5.494469063789663466e+01
8.399999999999999689e-01,1.732175602527771119e+01,2.747769016798574104e-01,-1.184570520651825092e+02,-5.820224167377888591e+01
8.499999999999999778e-01,1.713434663639743505e+01,2.992611717044570407e-01,-1.113588352024890327e+02,-6.092693252897139899e+01
8.599999999999999867e-01,1.694633473094091869e+01,3.080256693863297479e-01,-1.044370554224704932e+02,-6.317033253443662488e+01
8.699999999999999956e-01,1.676113040276466393e+01,3.006218550288693447e-01,-9.772159972883650880e+01,-6.498515863358694844e+01
8.800000000000000044e-01,1.658215623979315012e+01,2.774063582557044771e-01,-9.123295973889750599e+01,-6.642378414656991481e+01
8.900000000000000133e-01,1.641267299459508777e+01,2.395204753385503094e-01,-8.498299886785704871e+01,-6.753695193458065660e+01
9.000000000000000222e-01,1.625561408128319840e+01,1.888335075153838860e-01,-7.897583463771157142e+01,-6.837269614424469921e+01
9.100000000000000311e-01,1.611343618568605862e+01,1.278526429280421872e-01,-7.320879644340388381e+01,-6.897546955232624555e+01
9.200000000000000400e-01,1.598799255744587455e+01,5.960351253381851455e-02,-6.767342363224715029e+01,-6.938546770105234884e+01
9.300000000000000488e-01,1.588043456195877212e+01,-1.251319688472057011e-02,-6.235647385346826610e+01,-6.963813657388055844e+01
9.400000000000000577e-01,1.579114584699649448e+01,-8.488266253886582458e-02,-5.724091699414098144e+01,-6.976384750070727137e+01
9.500000000000000666e-01,1.571971207287100292e+01,-1.538472091425615029e-01,-5.230689534202391400e+01,-6.978772122762798347e+01
9.599999999999999645e-01,1.566492762303034247e+01,-2.158803273466063100e-01,-4.753263564737161317e+01,-6.972958251278122077e+01
9.699999999999999734e-01,1.562483911619818500e+01,-2.677556579148744342e-01,-4.289530328195036901e+01,-6.960402704661068185e+01
9.799999999999999822e-01,1.559682394666079830e+01,-3.067033583462993040e-01,-3.837179255249151311e+01,-6.942058374061986115e+01
9.899999999999999911e-01,1.557770055148030508e+01,-3.305467749095244989e-01,-3.393945031016568947e+01,-6.918395726279396740e+01
1.000000000000000000e+00,1.556386570545526382e+01,-3.378131508617835954e-01,-2.957673225482176349e+01,-6.889433789302147204e+01
1.010000000000000009e+00,1.555145293499623804e+01,-3.278131798637737848e-01,-2.526379276322786183e+01,-6.854776810592150582e+01
1.020000000000000018e+00,1.553650517207153214e+01,-3.006855200185067356e-01,-2.098300972376835460e+01,-6.813655755538599124e+01
1.030000000000000027e+00,1.551515408113967354e+01,-2.574038667090527421e-01,-1.671944582794834844e+01,-6.764974015429262977e+01
1.040000000000000036e+00,1.548379811668432460e+01,-1.997457820129212025e-01,-1.246124717832210571e+01,-6.707356856685738933e+01
1.050000000000000044e+00,1.543927132544279779e+01,-1.302241301068651769e-01,-8.199979075377250126e+00,-6.639204255143914679e+01
1.060000000000000053e+00,1.537899520129568032e+01,-5.198360408889209777e-02,-3.930897610513093277e+00,-6.558746814211134790e+01
1.070000000000000062e+00,1.530110652409251770e+01,3.133361779255462026e-02,3.468456077154911110e-01,-6.464104461538606472e+01
1.080000000000000071e+00,1.520455504501138400e+01,1.157476447060064445e-01,4.630069461988695068e+00,-6.353347557420363501e+01
1.090000000000000080e+00,1.508916608620435262e+01,1.971194378971131145e-01,8.911504871289404051e+00,-6.224559935446152537e+01
1.100000000000000089e+00,1.495566455570783582e+01,2.713405972500465002e-01,1.317981721359796232e+01,-6.075903241459878501e+01
1.110000000000000098e+00,1.480565848422119224e+01,3.345261701826795497e-01,1.741971500501683678e+01,-5.905681752926857087e+01
1.120000000000000107e+00,1.464158190486646482e+01,3.832019890671046203e-01,2.161214967886736815e+01,-5.712406661809536956e+01
1.130000000000000115e+00,1.446659865149716495e+01,4.144781022012529181e-01,2.573461016495938836e+01,-5.494858605676320451e+01
1.140000000000000124e+00,1.428447037382750828e+01,4.262002792078404267e-01,2.976151422145301950e+01,-5.252147050094575320e+01
1.150000000000000133e+00,1.409939368695311224e+01,4.170723341645797277e-01,3.366469616131574583e+01,-4.983764975977508271e+01
1.159999999999999920e+00,1.391581281998833575e+01,3.867430941335511241e-01,3.741398781998439205e+01,-4.689637222741284717e+01
1.169999999999999929e+00,1.373821534049511861e+01,3.358532089585863911e-01,4.097788644006472225e+01,-4.370160794086166334e+01
1.179999999999999938e+00,1.357091945336139815e+01,2.660385999564501280e-01,4.432429973874187823e+01,-4.026235457433162424e+01
1.189999999999999947e+00,1.341786196065669401e+01,1.798891197632546124e-01,4.742135492990295376e+01,-3.659283066784808369e+01
1.199999999999999956e+00,1.328239619116196479e+01,8.086287425326771361e-02,5.023825506390396356e+01,-3.271254214717978925e+01
1.209999999999999964e+00,1.316710904719767328e+01,-2.684143433926108879e-02,5.274616289587262941e+01,-2.864621071273328923e+01
1.219999999999999973e+00,1.307366576952299297e+01,-1.384499234192893835e-01,5.491908976691320277e+01,-2.442355590819842348e+01
1.229999999999999982e+00,1.300269010130931235e+01,-2.488107495903603972e-01,5.673476483813126237e+01,-2.007892654069870986e+01
1.239999999999999991e+00,1.295368626755227304e+01,-3.526156387064395270e-01,5.817545859227496408e+01,-1.565078149529850293e+01
1.250000000000000000e+00,1.292500761922152996e+01,-4.446369616930191393e-01,5.922873392327714726e+01,-1.118102472204081010e+01
1.260000000000000009e+00,1.291387497740996970e+01,-5.199706440652651640e-01,5.988809845004050203e+01,-6.714204104963441111e+00
1.270000000000000018e+00,1.291644571830176780e+01,-5.742746209797643386e-01,6.015353296190885857e+01,-2.296588866111516136e+00
1.280000000000000027e+00,1.292793254022998539e+01,-6.039923782042945222e-01,6.003187313587503837e+01,2.024855078130790798e+00
1.290000000000000036e+00,1.294276873072162282e+01,-6.065513707860037407e-01,5.953702482712318300e+01,6.203567997517870580e+00
1.300000000000000044e+00,1.295481468845588857e+01,-5.805267874562806130e-01,5.868999725405987533e+01,1.019454981510106606e+01
1.310000000000000053e+00,1.295759853644870674e+01,-5.257622153185530500e-01,5.751874316947355226e+01,1.395553339394485981e+01
1.320000000000000062e+00,1.294458196895929269e+01,-4.434402250864413197e-01,5.605780049135340448e+01,1.744814462692411183e+01
1.330000000000000071e+00,1.290944107932281071e+01,-3.360976954597584831e-01,5.434773569322989317e+01,2.063901504816308830e+01
1.340000000000000080e+00,1.284635088317831020e+01,-2.075827653998023603e-01,5.243439533638859018e+01,2.350081248719464710e+01
1.350000000000000089e+00,1.275026163305100724e+01,-6.295257223710841454e-02,5.036797826229167185e+01,2.601315620276746543e+01
1.360000000000000098e+00,1.261715485300664419e+01,9.168668072556157567e-02,4.820194694350002607e+01,2.816338496875807351e+01
1.370000000000000107e+00,1.244426732680920900e+01,2.493933702671171371e-01,4.599180210672570013e+01,2.994714970607996563e+01
1.380000000000000115e+00,1.223027205286050645e+01,4.026515079845071066e-01,4.379374979240991905e+01,3.136880638872984051e+01
1.390000000000000124e+00,1.197540641933609251e+01,5.436707081730939306e-01,4.166329431753587187e+01,3.244158998911724012e+01
1.400000000000000133e+00,1.168153952065691392e+01,6.647146293076681145e-01,3.965379400118555253e+01,3.318755602427462748e+01
1.409999999999999920e+00,1.135217258202199275e+01,7.584458342002194930e-01,3.781501886334221751e+01,3.363728264877221363e+01
1.419999999999999929e+00,1.099236881691192025e+01,8.182737990586343990e-01,3.619175071791484299e+01,3.382933301811902993e+01
1.429999999999999938e+00,1.060861163455298417e+01,8.386920461837507057e-01,3.482246608940288013e+01,3.380948460838235547e+01
1.439999999999999947e+00,1.020859285079632883e+01,8.155901222185349964e-01,3.373814116694081378e+01,3.362973910556214463e+01
1.449999999999999956e+00,9.800935339484246001e+00,7.465264195172218731e-01,3.296121558782169814e+01,3.334713315284794533e+01
1.459999999999999964e+00,9.394857290607989242e+00,6.309486493492105774e-01,3.250474827279423096e+01,3.302237645276618849e+01
1.469999999999999973e+00,8.999787814212300674e+00,4.703501098426949856e-01,3.237179391288519525e+01,3.271834926564168455e+01
1.479999999999999982e+00,8.624945945931091984e+00,2.683517169511971390e-01,3.255502316200656310e+01,3.249849604737441666e+01
1.489999999999999991e+00,8.278897078845901092e+00,3.070203278796052732e-02,3.303660328085518927e+01,3.242515567614324112e+01
1.500000000000000000e+00,7.969102384862913446e+00,-2.348098352762922891e-01,3.378834908980650908e+01,3.255787130829386200e+01
1.510000000000000009e+00,7.701477828214718713e+00,-5.185306620997653937e-01,3.477214682416767744e+01,3.295172429226633426e+01
1.520000000000000018e+00,7.479979861346180314e+00,-8.092079319109254376e-01,3.594064605845168359e+01,3.365573670732273825e+01
1.530000000000000027e+00,7.306234794981774527e+00,-1.094338923296338528e+00,3.723820749604578850e+01,3.471138597111394830e+01
1.540000000000000036e+00,7.179228135117265985e+00,-1.360596714848445243e+00,3.860208732316844760e+01,3.615127260547876631e+01
1.550000000000000044e+00,7.095068886292365207e+00,-1.594322710389740161e+00,3.996383220848054663e+01,3.799797872930844989e+01
1.560000000000000053e+00,7.046841959927563792e+00,-1.782072460221267640e+00,4.125085308365946446e+01,4.026315026164573396e+01
1.570000000000000062e+00,7.024559446173809896e+00,-1.911199077810216806e+00,4.238814073574597074e+01,4.294683029937110774e+01
1.580000000000000071e+00,7.015218673998204757e+00,-1.970456514077238097e+00,4.330008212286619340e+01,4.603706484048346681e+01
1.590000000000000080e+00,7.002971780422946324e+00,-1.950603435209850689e+00,4.391233330435736804e+01,4.950979513601102155e+01
1.600000000000000089e+00,6.969408033552014992e+00,-1.844987519846427171e+00,4.415370303441527966e+01,5.332904366641943028e+01
1.610000000000000098e+00,6.893946514006184856e+00,-1.650089694095950410e+00,4.395800045001659129e+01,5.744739325667475072e+01
1.620000000000000107e+00,6.754333071940854083e+00,-1.366008184306076512e+00,4.326580089812757279e+01,6.180675137549072673e+01
1.630000000000000115e+00,6.527231861921721112e+00,-9.968632923108170507e-01,4.202608576782775884e+01,6.633938441302547062e+01
1.640000000000000124e+00,6.188898335207530188e+00,-5.511054686402191427e-01,4.019771515989485522e+01,7.096919989236637605e+01
1.650000000000000133e+00,5.715917453658168057e+00,-4.171153678170633899e-02,3.775069624831686355e+01,7.561324832372018534e+01
1.660000000000000142e+00,5.085988188451027625e+00,5.137432535696982994e-01,3.466721514599284149e+01,8.018341091671383936e+01
1.669999999999999929e+00,4.278733174962054520e+00,1.093146372592797011e+00,3.094240583776984721e+01,8.458823476218869075e+01
1.679999999999999938e+00,3.276510792227341096e+00,1.670047716053348674e+00,2.658483612623033210e+01,8.873487348970870414e+01
1.689999999999999947e+00,2.065205983021288105e+00,2.213999296519089999e+00,2.161669737379537182e+01,9.253108888058213211e+01
1.699999999999999956e+00,6.349758703030183860e-01,2.691032262746989367e+00,1.607369193482933412e+01,9.588726751745925014e+01
1.709999999999999964e+00,-1.019073322480959831e+00,3.064264481536798534e+00,1.000461936662854079e+01,9.871840629808461642e+01
1.719999999999999973e+00,-2.896300378422396626e+00,3.294627908330055366e+00,3.470669603828992145e+00,1.009460215192713122e+02
1.729999999999999982e+00,-4.990054706530075990e+00,3.341701188571819525e+00,-3.455561900373932183e+00,1.024999382048534642e+02
1.739999999999999991e+00,-7.287331473824799843e+00,3.164629488601424345e+00,-1.069131568607537552e+01,1.033199193381505125e+02
1.750000000000000000e+00,-9.768571193781596662e+00,2.723110559930364438e+00,-1.814513928619754068e+01,1.033570985708200567e+02
1.760000000000000009e+00,-1.240761517030143679e+01,1.978423588177691483e+00,-2.571855548436661465e+01,1.025751847002837849e+02
1.770000000000000018e+00,-1.517182426382029803e+01,8.944755453151378433e-01,-3.330789136681274698e+01,1.009514116044911276e+02
1.780000000000000027e+00,-1.802236423704881929e+01,-5.611613898714464810e-01,-4.080622838149201925e+01,9.847721324991958625e+01
1.790000000000000036e+00,-2.091465657216821938e+01,-2.416248214672310102e+00,-4.810543126568353500e+01,9.515860969206983100e+01
1.800000000000000044e+00,-2.379898925369521479e+01,-4.692939862678611185e+00,-5.509821235414956675e+01,9.101629650868017052e+01
1.810000000000000053e+00,-2.662127770689825823e+01,-7.406933888833922452e+00,-6.168018744010960575e+01,8.608543668579449104e+01
1.820000000000000062e+00,-2.932396199260894676e+01,-1.056673089817453004e+01,-6.775188001271934013e+01,8.041516046105569160e+01
1.830000000000000071e+00,-3.184702260049798639e+01,-1.417302815363671975e+01,-7.322063229619188007e+01,7.406778487023429136e+01
1.840000000000000080e+00,-3.412909385892017866e+01,-1.821826482609921882e+01,-7.800238400492000324e+01,6.711777060617664858e+01
1.850000000000000089e+00,-3.610865118126976370e+01,-2.268633387153410652e+01,-8.202328302509260993e+01,5.965043916206499830e+01
1.860000000000000098e+00,-3.772524617134728686e+01,-2.755247163216899864e+01,-8.522109623985534199e+01,5.176047798728133387e+01
1.870000000000000107e+00,-3.892076207033533564e+01,-3.278333206787765164e+01,-8.754639332287688092e+01,4.355026544640827524e+01
1.880000000000000115e+00,-3.964066118299130892e+01,-3.833724814473557529e+01,-8.896348141573247403e+01,3.512805067122425129e+01
1.890000000000000124e+00,-3.983519578779078785e+01,-4.416467845747437337e+01,-8.945107405310407955e+01,2.660602588301496496e+01
1.900000000000000133e+00,-3.946055461198022840e+01,-5.020883275903167231e+01,-8.900268337877892577e+01,1.809833040912802460e+01
1.910000000000000142e+00,-3.847991821521508626e+01,-5.640646582761707606e+01,-8.762673047728840459e+01,9.719026413918820495e+00
1.919999999999999929e+00,-3.686439853364345254e+01,-6.268882512690257869e+01,-8.534637440620898019e+01,1.580086319346477808e+00
1.929999999999999938e+00,-3.459384033228663924e+01,-6.898273410557369800e+01,-8.219906613366997306e+01,-6.210568968801378986e+00
1.939999999999999947e+00,-3.165746532528395107e+01,-7.521178982364058641e+01,-7.823583895337152683e+01,-1.355094354395064116e+01
1.949999999999999956e+00,-2.805434316709500564e+01,-8.129765095539966069e+01,-7.352035196410683682e+01,-2.034671655152609304e+01
1.959999999999999964e+00,-2.379367730022478966e+01,-8.716139015758243147e+01,-6.812770777253186338e+01,-2.651283666301477737e+01
1.969999999999999973e+00,-1.889489766765262502e+01,-9.272488334409413824e+01,-6.214306962948823099e+01,-3.197493238013304406e+01
1.979999999999999982e+00,-1.338755645923397353e+01,-9.791220759666778406e+01,-5.566010667781635846e+01,-3.667051361421518152e+01
1.989999999999999991e+00,-7.311027259416714941e+00,-1.026510192675489463e+02,-4.877929882360480462e+01,-4.054994440822633806e+01
2.000000000000000000e+00,-7.140121001472332640e-01,-1.068738842835706322e+02,-4.160613490769236478e+01,-4.357717138049284955e+01
2.010000000000000231e+00,6.346135095046594010e+00,-1.105195337131021063e+02,-3.424923932860414766e+01,-4.573019737212067781e+01
2.020000000000000018e+00,1.380425644718091682e+01,-1.135340192673688904e+02,-2.681846304428123418e+01,-4.700129477630045471e+01
2.030000000000000249e+00,2.158839378167416356e+01,-1.158717455229313913e+02,-1.942297496344589547e+01,-4.739695802152035498e+01
2.040000000000000036e+00,2.962092930652529077e+01,-1.174963582107127422e+02,-1.216938914600142141e+01,-4.693759958011015954e+01
2.049999999999999822e+00,3.781984198540634168e+01,-1.183814708497976937e+02,-5.159961994620569925e+00,-4.565699859160395135e+01
2.060000000000000053e+00,4.610005613450856288e+01,-1.185112152374498322e+02,1.509108223891692635e+00,-4.360151564656034395e+01
2.069999999999999840e+00,5.437485712118705550e+01,-1.178806047641608359e+02,7.749249590331443116e+00,-4.082909139750563554e+01
2.080000000000000071e+00,6.255734790282344449e+01,-1.164957031275090031e+02,1.348092544367268175e+01,-3.740805038452147357e+01
2.089999999999999858e+00,7.056191951852559896e+01,-1.143735946963488175e+02,1.863486029755480899e+01,-3.341573472749994522e+01
2.100000000000000089e+00,7.830570852636111567e+01,-1.115421564559824503e+02,2.315306278118510264e+01,-2.893699509830268823e+01
2.109999999999999876e+00,8.571001474735182057e+01,-1.080396350789216200e+02,2.698962963221465117e+01,-2.406256860674489317e+01
2.120000000000000107e+00,9.270165350926626502e+01,-1.039140361539634512e+02,3.011131900060800959e+01,-1.888737488691977973e+01
2.129999999999999893e+00,9.921421784651136022e+01,-9.922233591458898161e+01,3.249788569935969917e+01,-1.350876273725313759e+01
2.140000000000000124e+00,1.051892277705992882e+02,-9.402952888912281537e+01,3.414217548270818270e+01,-8.024740140811072564e+00
2.149999999999999911e+00,1.105771457385215513e+02,-8.840752770982899733e+01,3.504997986830183265e+01,-2.532220373426833149e+00
2.160000000000000142e+00,1.153382397716981984e+02,-8.243393383312420042e+01,3.523965737133907794e+01,2.874683793068304016e+00
2.169999999999999929e+00,1.194432782725439495e+02,-7.619070011190541436e+01,3.474153121328932770e+01,8.106287047024435921e+00
2.180000000000000160e+00,1.228740434057321664e+02,-6.976270800288673968e+01,3.359707753623688120e+01,1.307885070228774893e+01
2.189999999999999947e+00,1.256236529139512328e+02,-6.323628367136323902e+01,3.185792183132646116e+01,1.771596741482365189e+01
2.200000000000000178e+00,1.276966833814785076e+02,-5.669767836173424058e+01,2.958466461658026603e+01,2.194978753911308189e+01
2.209999999999999964e+00,1.291090912024125146e+02,-5.023153912697792123e+01,2.684556032175592577e+01,2.572206636268692392e+01
2.220000000000000195e+00,1.298879308143175990e+02,-4.391939634942874449e+01,2.371507580876924948e+01,2.898501495454857846e+01
2.229999999999999982e+00,1.300708730835847291e+02,-3.783819443659506732e+01,2.027235693560148988e+01,3.170194114663373242e+01
2.240000000000000213e+00,1.297055300378495417e+02,-3.205889163923395557e+01,1.659963302737673985e+01,3.384767117103898215e+01
2.250000000000000000e+00,1.288485953952754244e+02,-2.664515411633343334e+01,1.278059002654677379e+01,3.540874663008502665e+01
2.260000000000000231e+00,1.275648135020211242e+02,-2.165216816677461864e+01,8.898743439603510552e+00,3.638339570933918310e+01
2.270000000000000018e+00,1.259257923186274581e+02,-1.712559296628478478e+01,5.035841974224497086e+00,3.678128178180838148e+01
2.280000000000000249e+00,1.240086789531587073e+02,-1.310067419945794498e+01,1.270331971166130725e+00,3.662303672035432811e+01
2.290000000000000036e+00,1.218947188822724570e+02,-9.601536672152608531e+00,-2.324088608107281129e+00,3.593959026113446953e+01
2.300000000000000266e+00,1.196677223883150134e+02,-6.640671345434958184e+00,-5.679799752547068259e+00,3.477131057130736735e+01
2.310000000000000053e+00,1.174124638274946193e+02,-4.218629269410803850e+00,-8.736448022576672301e+00,3.316697469982787538e+01
2.319999999999999840e+00,1.152130410872077420e+02,-2.323931640347427052e+00,-1.144197255035182614e+01,3.118259076525138696e+01
2.330000000000000071e+00,1.131512239462010712e+02,-9.332016905860618383e-01,-1.375344999945561320e+01,2.888009649846431870e+01
2.339999999999999858e+00,1.113048209773755417e+02,-1.152038806307405933e-02,-1.563774367158610801e+01,2.632596105671184006e+01
2.350000000000000089e+00,1.097460950904727497e+02,4.869959814032355228e-01,-1.707194584751679400e+01,2.358971881105355450e+01
2.359999999999999876e+00,1.085402577656404759e+02,6.184022950613065062e-01,-1.804360657127161716e+01,2.074246504361687116e+01
2.370000000000000107e+00,1.077440714498723224e+02,4.479251549739906579e-01,-1.855074635405624406e+01,1.785534414418359361e+01
2.379999999999999893e+00,1.074045884550850189e+02,4.877160189279134556e-02,-1.860165460762565814e+01,1.499806094838789683e+01
2.390000000000000124e+00,1.075580529968833901e+02,-4.992359878772124060e-01,-1.821447993200914794e+01,1.223744530359211602e+01
2.399999999999999911e+00,1.082289907455005249e+02,-1.111177007882820478e+00,-1.741662259474986030e+01,9.636098786349444723e+00
2.410000000000000142e+00,1.094295074358657871e+02,-1.698676391039513733e+00,-1.624394356287785612e+01,7.251150742035541441e+00
2.419999999999999929e+00,1.111588147265101156e+02,-2.171646528323326386e+00,-1.473980820111200174e+01,5.133148499625975525e+00
2.430000000000000160e+00,1.134029976455464919e+02,-2.440096076892611876e+00,-1.295398614993850117e+01,3.325103771510137918e+00
2.439999999999999947e+00,1.161350336693030698e+02,-2.415972166991251502e+00,-1.094143186994938333e+01,1.861713930238642289e+00
2.450000000000000178e+00,1.193150688129095869e+02,-2.015000875909693789e+00,-8.760972815613268239e+00,7.687731228398936301e-01
2.459999999999999964e+00,1.228909511536633232e+02,-1.158489853199098585e+00,-6.473934122486747711e+00,6.278411083307791629e-02
2.470000000000000195e+00,1.267990170516131059e+02,2.249432899962790500e-01,-4.142730006838259094e+00,-2.492226085107255296e-01
2.479999999999999982e+00,1.309651200828161564e+02,2.197752731397946135e+00,-1.829452747500012411e+00,-1.696603476718062387e-01
2.490000000000000213e+00,1.353058874734996380e+02,4.811990968382629852e+00,4.055098788520326014e-01,2.898490315461250133e-01
2.500000000000000000e+00,1.397301837385214469e+02,8.108012718661386842e+00,2.504798517101964439e+00,1.108910101696507278e+00
2.510000000000000231e+00,1.441407564090331448e+02,1.211338595394458473e+01,4.415318672268120359e+00,2.258977064401416435e+00
2.520000000000000018e+00,1.484360343059546210e+02,1.684203626036349277e+01,6.089362846071911584e+00,3.704149442116536850e+00
2.530000000000000249e+00,1.525120448980518688e+02,2.229364646068419020e+01,7.485594187914022868e+00,5.402120678622496008e+00
2.540000000000000036e+00,1.562644139889542600e+02,2.845332855909683190e+01,8.569870687314214308e+00,7.305256607789671008e+00
2.550000000000000266e+00,1.595904084083718146e+02,3.529157967300498910e+01,9.315892653518330846e+00,9.361777807842136312e+00
2.560000000000000053e+00,1.623909806265278348e+02,4.276452780884952176e+01,9.705660375627418901e+00,1.151701750370149036e+01
2.569999999999999840e+00,1.645727733372613102e+02,5.081446724719550190e+01,9.729733341772263344e+00,1.371472497895646825e+01
2.580000000000000071e+00,1.660500421136274269e+02,5.937067706501213848e+01,9.387287116266621823e+00,1.589838346337113428e+01
2.589999999999999858e+00,1.667464552566532632e+02,6.835051008832149932e+01,8.685968818487147303e+00,1.801251120749449441e+01
2.600000000000000089e+00,1.665967319351461242e+02,7.766073348919539399e+01,7.641556999478027024e+00,2.000391496123673818e+01
2.609999999999999876e+00,1.655480826286382410e+02,8.719909647127261110e+01,6.277436451686545738e+00,2.182286633797828657e+01
2.620000000000000107e+00,1.635614196875177697e+02,9.685609517790557277e+01,4.623902993184191956e+00,2.342417355032247173e+01
2.629999999999999893e+00,1.606123104398408259e+02,1.065169002488406704e+02,2.717317422455493681e+00,2.476812370886906223e+01
2.640000000000000124e+00,1.566916506052663749e+02,1.160634084749074901e+02,5.991315316298038152e-01,2.582127422309646292e+01
2.649999999999999911e+00,1.518060417034294574e+02,1.253763768687091726e+02,-1.685187807507654956e+00,2.655707575693574896e+01
2.660000000000000142e+00,1.459778625286451756e+02,1.343375952759555787e+02,-4.087307999304973904e+00,2.695631357738531619e+01
2.669999999999999929e+00,1.392450314517997469e+02,1.428320524663785704e+02,-6.557223295421370501e+00,2.700735888404784291e+01
2.680000000000000160e+00,1.316604631392847864e+02,1.507500505089487035e+02,-9.044459400980290553e+00,2.670622669984911468e+01
2.689999999999999947e+00,1.232912300771451299e+02,1.579892231692383291e+02,-1.149925880505578135e+01,2.605644200795680021e+01
2.700000000000000178e+00,1.142174458837691162e+02,1.644564160546623555e+02,-1.387371623349100069e+01,2.506872090043901125e+01
2.709999999999999964e+00,1.045308936175228638e+02,1.700693892343977325e+02,-1.612283516169663855e+01,2.376047842135909249e+01
2.720000000000000195e+00,9.433342797591832607e+01,1.747583070056570023e+02,-1.820547866454275976e+01,2.215517940304832933e+01
2.729999999999999982e+00,8.373518529265872701e+01,1.784669842708740077e+02,-2.008519096526379144e+01,2.028155277688059854e+01
2.740000000000000213e+00,7.285263943808227793e+01,1.811538645117155681e+02,-2.173086979863157708e+01,1.817269346601180757e+01
2.750000000000000000e+00,6.180654500851296973e+01,1.827927104556123368e+02,-2.311727402787395746e+01,1.586507892753373739e+01
2.760000000000000231e+00,5.071981146691473441e+01,1.833729950720506281e+02,-2.422535573374588580e+01,1.339752961247137719e+01
2.770000000000000018e+00,3.971535311456874240e+01,1.828999873404585230e+02,-2.504241109593541736e+01,1.081014398130386844e+01
2.780000000000000249e+00,2.891395990369909086e+01,1.813945341232408168e+02,-2.556204966759376873e+01,8.143239200309766446e+00
2.790000000000000036e+00,1.843223314668461299e+01,1.788925462783213618e+02,-2.578398695095950899e+01,5.436328225157228466e+00
2.800000000000000266e+00,8.380628170892752138e+00,1.754442036806093199e+02,-2.571367035974352433e+01,2.727162654279062348e+00
2.810000000000000053e+00,-1.138357029377082164e+00,1.711128999244733961e+02,-2.536175354684896988e+01,5.086853435353855951e-02
2.819999999999999840e+00,-1.003181199284559000e+01,1.659739529961015876e+02,-2.474343853439423313e+01,-2.560800720812206333e+00
2.830000000000000071e+00,-1.821783238299903473e+01,1.601131129996322500e+02,-2.387770896744309113e+01,-5.080073896983610560e+00
2.839999999999999858e+00,-2.562670185980553939e+01,1.536249019796586879e+02,-2.278648099874628130e+01,-7.483618024758155407e+00
2.850000000000000089e+00,-3.220181797533937385e+01,1.466108239153472539e+02,-2.149370069369078706e+01,-9.752829797005928114e+00
2.859999999999999876e+00,-3.790034903866468596e+01,1.391774850051856731e+02,-2.002441833993256282e+01,-1.187395651444188971e+01
2.870000000000000107e+00,-4.269361527344357654e+01,1.314346653821341135e+02,-1.840387059826054639e+01,-1.383804618042973367e+01
2.879999999999999893e+00,-4.656719397547989558e+01,1.234933833918003643e+02,-1.665660101194168874e+01,-1.564073186599201293e+01
2.890000000000000124e+00,-4.952075459900683541e+01,1.154639925551744852e+02,-1.480564800292808236e+01,-1.728186082847047800e+01
2.899999999999999911e+00,-5.156763560007599523e+01,1.074543493743236837e+02,-1.287182715731067084e+01,-1.876498392143135163e+01
2.910000000000000142e+00,-5.273418029589200273e+01,9.956808730163874088e+01,-1.087313140197111316e+01,-2.009672541516054878e+01
2.919999999999999929e+00,-5.305885383007892386e+01,9.190302858123573060e+01,-8.824268691193472236e+00,-2.128605730449815425e+01
2.930000000000000160e+00,-5.259116745592935871e+01,8.454976140454465394e+01,-6.736352174319146791e+00,-2.234350537926902547e+01
2.939999999999999947e+00,-5.139043967613828556e+01,7.759040503610135886e+01,-4.616752645076975803e+00,-2.328031665965839636e+01
2.950000000000000178e+00,-4.952442624721836495e+01,7.109758040584502226e+01,-2.469117540955592105e+00,-2.410761916828440832e+01
2.959999999999999964e+00,-4.706785263509140549e+01,6.513359828287447328e+01,-2.935550423844914825e-01,-2.483560536568356980e+01
2.970000000000000195e+00,-4.410088318746985436e+01,5.974987169578158586e+01,1.913023898987738836e+00,-2.547276989177657569e+01
2.979999999999999982e+00,-4.070756108710813237e+01,5.498655389626865997e+01,4.156418308297816111e+00,-2.602523054141453684e+01
2.990000000000000213e+00,-3.697425211124189559e+01,5.087239801754742530e+01,6.444522581287281504e+00,-2.649615870004176799e+01
3.000000000000000000e+00,-3.298812341273967519e+01,4.742482978683906936e+01,8.786607011438146486e+00,-2.688534185171453927e+01
3.010000000000000231e+00,-2.883568604375856026e+01,4.465022032618129799e+01,1.119251984914172660e+01,-2.718889635338336319e+01
3.020000000000000018e+00,-2.460142686563769132e+01,4.254434231307755709e+01,1.367184035617106908e+01,-2.739914358203597544e+01
3.030000000000000249e+00,-2.036655194462925778e+01,4.109298964663339859e+01,1.623301442246111748e+01,-2.750465696499414037e+01
3.040000000000000036e+00,-1.620785964565761006e+01,4.027273832756162619e+01,1.888250537095328241e+01,-2.749048147788595742e+01
3.050000000000000266e+00,-1.219675753357567771e+01,4.005182454033838013e+01,2.162399253930430376e+01,-2.733852113304030951e+01
3.060000000000000053e+00,-8.398433001352239913e+00,4.039111492826893368e+01,2.445764907952374756e+01,-2.702808398444632587e+01
3.070000000000000284e+00,-4.871183390975892813e+00,4.124514376030217733e+01,2.737952817995459398e+01,-2.653656844628397948e+01
3.080000000000000071e+00,-1.665907371413509974e+00,4.256319206443031788e+01,3.038108364704306652e+01,-2.584026945700530220e+01
3.089999999999999858e+00,1.174244407017459357e+00,4.429038479018912255e+01,3.344884658121193155e+01,-2.491527840431061946e+01
3.100000000000000089e+00,3.614064760942185650e+00,4.636878359013115158e+01,3.656427486888269840e+01,-2.373844692361982567e+01
3.109999999999999876e+00,5.626339882475006604e+00,4.873845479264081604e+01,3.970378654761599080e+01,-2.228838183459228262e+01
3.120000000000000107e+00,7.191764568889345455e+00,5.133849448247790548e+01,4.283898196418057580e+01,-2.054643669784715243e+01
3.129999999999999893e+00,8.298735626164155832e+00,5.410799521198029538e+01,4.593705323563568044e+01,-1.849766483411427487e+01
3.140000000000000124e+00,8.943037762710122962e+00,5.698694163426541337e+01,4.896137305307286880e+01,-1.613169919014071141e+01
3.149999999999999911e+00,9.127437226568362760e+00,5.991702518124315446e+01,5.187224855366623899e+01,-1.344352616013292234e+01
3.160000000000000142e+00,8.861198869184942595e+00,6.284237071031230215e+01,5.462782004443812411e+01,-1.043412333874848841e+01
3.169999999999999929e+00,8.159542276646295278e+00,6.571017072897589628e+01,5.718507899664133021e+01,-7.110935112983799655e+00
3.180000000000000160e+00,7.043052143765885731e+00,6.847122530189977851e+01,5.950097513257665582e+01,-3.488164879889525061e+00
3.189999999999999947e+00,5.537057237306158619e+00,7.108038798854056495e+01,6.153357876353414468e+01,4.131316446314667323e-01
3.200000000000000178e+00,3.670991169578488478e+00,7.349692010417479082e+01,6.324326194592328676e+01,4.565161262381771223e+00
3.209999999999999964e+00,1.477746855316311336e+00,7.568475721079680341e+01,6.459386060582811240e+01,8.933718795123828826e+00
3.220000000000000195e+00,-1.006964972494187815e+00,7.761269301018685951e+01,6.555377960539186688e+01,1.347871885825051308e+01
3.229999999999999982e+00,-3.745244384932538750e+00,7.925448672763346281e+01,6.609700381180478246e+01,1.815492262741509677e+01
3.240000000000000213e+00,-6.697610793823181474e+00,8.058890065352569820e+01,6.620398056318049385e+01,2.291284169708978879e+01
3.250000000000000000e+00,-9.823585701625221489e+00,8.159967477601622932e+01,6.586234244489747880e+01,2.769979499446084859e+01
3.260000000000000231e+00,-1.308224537541900112e+01,8.227544542655576265e+01,6.506744389392780192e+01,3.246108927553332535e+01
3.270000000000000018e+00,-1.643274041342089831e+01,8.260961461509518244e+01,6.382269069829063568e+01,3.714128918394631995e+01
3.280000000000000249e+00,-1.983478024310277732e+01,8.260017630288864154e+01,6.213964778145138013e+01,4.168553936043046093e+01
3.290000000000000036e+00,-2.324908145330369891e+01,8.224950530124273484e+01,6.003791755649995565e+01,4.604089878212605669e+01
3.300000000000000266e+00,-2.663777951047111614e+01,8.156411384818287047e+01,5.754478837987377204e+01,5.015764647801817944e+01
3.310000000000000053e+00,-2.996480384471378500e+01,8.055438025408288638e+01,5.469465999250315491e+01,5.399051805943554427e+01
3.320000000000000284e+00,-3.319621652889221508e+01,7.923425337007320479e+01,5.152826006432616168e+01,5.749983412893171675e+01
3.330000000000000071e+00,-3.630051483702634130e+01,7.762093606174197191e+01,4.809167281468501898e+01,6.065248454813436041e+01
3.339999999999999858e+00,-3.924889788817016978e+01,7.573455039982928838e+01,4.443520693463224092e+01,6.342273667282109528e+01
3.350000000000000089e+00,-4.201549739553011165e+01,7.359778693493547053e+01,4.061213547404523183e+01,6.579284087749252308e+01
3.359999999999999876e+00,-4.457757228859269816e+01,7.123554022066063851e+01,3.667734478837610368e+01,6.775341283044353702e+01
3.370000000000000107e+00,-4.691566670029784092e+01,6.867453269498061275e+01,3.268593291052572880e+01,6.930357884960656634e+01
3.379999999999999893e+00,-4.901373055293687031e+01,6.594292911909757038e+01,2.869179970394870338e+01,7.045087804888403582e+01
3.390000000000000124e+00,-5.085920177368165440e+01,6.306994399324236866e+01,2.474627178671858729e+01,7.121092263502349340e+01
3.399999999999999911e+00,-5.244304905681556761e+01,6.008544469849513092e+01,2.089680446085613141e+01,7.160682538599820646e+01
3.410000000000000142e+00,-5.375977409187397882e+01,5.701955352421708767e+01,1.718580075083168168e+01,7.166841078050377689e+01
3.419999999999999929e+00,-5.480737231432787127e+01,5.390225219857340022e+01,1.364958421007153611e+01,7.143123320764935613e+01
3.430000000000000160e+00,-5.558725151903917094e+01,5.076299300780183898e+01,1.031755749903985020e+01,7.093543193370612698e+01
3.439999999999999947e+00,-5.610410810832804174e+01,4.763032102995092743e+01,7.211573018738929086e+00,7.022445782867676201e+01
3.450000000000000178e+00,-5.636576131905232501e+01,4.453151238286562119e+01,4.345535281272832506e+00,6.934371107886171615e+01
3.459999999999999964e+00,-5.638294647092273237e+01,4.149223365890217252e+01,1.725247426947243978e+00,6.833913208776304771e+01
3.470000000000000195e+00,-5.616906907791410219e+01,3.853622785911166915e+01,-6.514934089517669946e-01,6.725578939272320156e+01
3.479999999999999982e+00,-5.573992253599331548e+01,3.568503212228798560e+01,-2.794555065652370995e+00,6.613650863942875446e+01
3.490000000000000213e+00,-5.511337300818203033e+01,3.295773235124462985e+01,-4.720894662079810011e+00,6.502058544834753206e+01
3.500000000000000000e+00,-5.430901603339547279e+01,3.037075946004056348e+01,-6.453766718153636006e+00,6.394262241125279900e+01
3.510000000000000231e+00,-5.334781024803247362e+01,2.793773140030721791e+01,-8.021740474716306579e+00,6.293152655347473257e+01
3.520000000000000018e+00,-5.225169438859312976e+01,2.566934437988404483e+01,-9.457557889960337860e+00,6.200969851338506089e+01
3.530000000000000249e+00,-5.104319440138208108e+01,2.357331577875642736e+01,-1.079686887743463863e+01,6.119243858941904790e+01
3.540000000000000036e+00,-4.974502798717077923e+01,2.165438021997607265e+01,-1.207688426158861539e+01,6.048758788534060216e+01
3.550000000000000266e+00,-4.837971422549841094e+01,1.991433909791308210e+01,-1.333498953218323990e+01,5.989541527252071518e+01
3.560000000000000053e+00,-4.696919603287663136e+01,1.835216263979181051e+01,-1.460736369285508296e+01,5.940875302966549043e+01
3.570000000000000284e+00,-4.553448309715113851e+01,1.696414232007279566e+01,-1.592764728207526304e+01,5.901337607310929911e+01
3.580000000000000071e+00,-4.409532259088872763e+01,1.574409020450902119e+01,-1.732570200464499877e+01,5.868861191479124528e+01
3.589999999999999858e+00,-4.266990440306913968e+01,1.468358061594556219e+01,-1.882650140395246652e+01,5.840816113469568194e+01
3.600000000000000089e+00,-4.127460685266041196e+01,1.377222843032444288e+01,-2.044918773006237700e+01,5.814110146973627735e+01
3.609999999999999876e+00,-3.992378788044528193e+01,1.299799736911962178e+01,-2.220632475880323753e+01,5.785304281908102553e+01
3.620000000000000107e+00,-3.862962558513327593e+01,1.234753088916478703e+01,-2.410336997180900909e+01,5.750739573424016982e+01
3.629999999999999893e+00,-3.740201071137177280e+01,1.180649771202589626e+01,-2.613838242729227446e+01,5.706671245225972200e+01
3.640000000000000124e+00,-3.624849235114248813e+01,1.135994370486194960e+01,-2.830197507014571912e+01,5.649405735244523186e+01
3.649999999999999911e+00,-3.517427673030525170e+01,1.099264173698925440e+01,-3.057751239746546190e+01,5.575436293690928835e+01
3.660000000000000142e+00,-3.418227756485030966e+01,1.068943129614026510e+01,-3.294154656868463604e+01,5.481572807198756436e+01
3.669999999999999929e+00,-3.327321513309645695e+01,1.043554005164588538e+01,-3.536447748360273380e+01,5.365061725322454578e+01
3.680000000000000160e+00,-3.244575996533509965e+01,1.021688018547589394e+01,-3.781141529213824271e+01,5.223692299732188360e+01
3.689999999999999947e+00,-3.169671594269306780e+01,1.002031315484408047e+01,-4.024321747369842228e+01,5.055885800318500145e+01
3.700000000000000178e+00,-3.102123665871109637e+01,9.833877572913467091e+00,-4.261766723303087900e+01,4.860764930506562820e+01
3.709999999999999964e+00,-3.041306816045588235e+01,9.646976061571100658e+00,-4.489075567222375440e+01,4.638201307444514043e+01
3.720000000000000195e+00,-2.986481067357462393e+01,9.450518201767426518e+00,-4.701802714626540336e+01,4.388839579759569887e+01
3.729999999999999982e+00,-2.936819164195843967e+01,9.237018038535207864e+00,-4.895594548138776503e+01,4.114097502724873578e+01
3.740000000000000213e+00,-2.891434238322109707e+01,9.000645943750440026e+00,-5.066323837583659184e+01,3.816142053279825319e+01
3.750000000000000000e+00,-2.849407087272689765e+01,8.737235954194124687e+00,-5.210217831051174642e+01,3.497842420449220668e+01
3.760000000000000231e+00,-2.809812360941563725e+01,8.444250941479689132e+00,-5.323976062567988521e+01,3.162701425920210951e+01
3.770000000000000018e+00,-2.771743016602242449e+01,8.120709093282847846e+00,-5.404874297997260868e+01,2.814767591848843864e+01
3.780000000000000249e+00,-2.734332485705145643e+01,7.767076156317134661e+00,-5.450851506971778093e+01,2.458530657502756611e+01
3.790000000000000036e+00,-2.696774093647225357e+01,7.385128681110876947e+00,-5.460577308589054013e+01,2.098803835044877886e+01
3.800000000000000266e+00,-2.658337382524166159e+01,6.977794094575127559e+00,-5.433497972920561381e+01,1.740596472953903984e+01
3.810000000000000053e+00,-2.618381102488453394e+01,6.548973794312768604e+00,-5.369859747552885665e+01,1.388981052445552322e+01
3.820000000000000284e+00,-2.576362755437428831e+01,6.103355602696796112e+00,-5.270708995371566630e+01,1.048958571134397921e+01
3.830000000000000071e+00,-2.531844691046029894e+01,5.646221841521407825e+00,-5.137869352939130607e+01,7.253263667382162438e+00
3.839999999999999858e+00,-2.484496865517568409e+01,5.183259000287834262e+00,-4.973896824572651809e+01,4.225523038879346771e+00
3.850000000000000089e+00,-2.434096474063874993e+01,4.720374491357664404e+00,-4.782014392995694152e+01,1.446589953057585864e+00
3.859999999999999876e+00,-2.380524755730057151e+01,4.263525338484442706e+00,-4.566028332313016591e+01,-1.048786350676060408e+00
3.870000000000000107e+00,-2.323761341025718252e+01,3.818562862453753315e+00,-4.330228934488366832e+01,-3.232196012622445380e+00
3.879999999999999893e+00,-2.263876566879796570e+01,3.391096543873790559e+00,-4.079278790906641206e+01,-5.082246143242599601e+00
3.890000000000000124e+00,-2.201022218414524545e+01,2.986379296541856743e+00,-3.818092093813173449e+01,-6.585036543262555497e+00
3.899999999999999911e+00,-2.135421172435950510e+01,2.609215414523311072e+00,-3.551708630072792516e+01,-7.734423054731405678e+00
3.910000000000000142e+00,-2.067356413649640956e+01,2.263891501054324351e+00,-3.285166227405706962e+01,-8.532064710903849658e+00
3.919999999999999929e+00,-1.997159872472705189e+01,1.954129784700325612e+00,-3.023375380737753559e+01,-8.987257495454553435e+00
3.930000000000000160e+00,-1.925201494664604240e+01,1.683062411644346446e+00,-2.770999637251928149e+01,-9.116563925336039986e+00
3.939999999999999947e+00,-1.851878900188423671e+01,1.453224601753303480e+00,-2.532345060655550739e+01,-8.943253634225911242e+00
3.950000000000000178e+00,-1.777607924587201893e+01,1.266563993719610481e+00,-2.311261739046519281e+01,-8.496575471880717600e+00
3.959999999999999964e+00,-1.702814263938179451e+01,1.124463098192651778e+00,-2.111059860567937818e+01,-7.810886190738555612e+00
3.970000000000000195e+00,-1.627926367582001532e+01,1.027771537463311402e+00,-1.934442373241326862e+01,-6.924664436628162001e+00
3.979999999999999982e+00,-1.553369644850715758e+01,9.768446787579977419e-01,-1.783455688287644136e+01,-5.879441400872239321e+00
3.990000000000000213e+00,-1.479561976410901458e+01,9.715853611387961219e-01,-1.659459299388223741e+01,-4.718681067907685822e+00
4.000000000000000000e+00,-1.406910450863882112e+01,1.011485662138029928e+00,-1.563114593701790156e+01,-3.486643484495258960e+00
4.009999999999999787e+00,-1.335809185833467261e+01,1.095666032086288322e+00,-1.494392543825431652e+01,-2.227263899390646618e+00
4.020000000000000462e+00,-1.266638042401796049e+01,1.222909618762160200e+00,-1.452599412170868654e+01,-9.830790273228868781e-01
4.030000000000000249e+00,-1.199762004355760681e+01,1.391690185342678410e+00,-1.436419087809175466e+01,2.057708375340190077e-01
4.040000000000000036e+00,-1.135530970594896516e+01,1.600192660445153958e+00,-1.443970226031468762e+01,1.302438482382060503e+00
4.049999999999999822e+00,-1.074279700879615262e+01,1.846326018378109168e+00,-1.472875985441947222e+01,2.274143866265999403e+00
4.060000000000000497e+00,-1.016327661843762087e+01,2.127728838275471102e+00,-1.520343866183061365e+01,3.092808853029760385e+00
4.070000000000000284e+00,-9.619785411715696455e+00,2.441768501330954688e+00,-1.583252952546378367e+01,3.735540713398346480e+00
4.080000000000000071e+00,-9.115192317375766962e+00,2.785535526989081578e+00,-1.658245757079175675e+01,4.184957616615080589e+00
4.089999999999999858e+00,-8.652181324626042169e+00,3.155834996347091526e+00,-1.741821851343867422e+01,4.429354429278615335e+00
4.099999999999999645e+00,-8.233226663126414380e+00,3.549177343431709541e+00,-1.830430547472351677e+01,4.462712068996767201e+00
4.110000000000000320e+00,-7.860559755620220912e+00,3.961770997090158009e+00,-1.920560058296251782e+01,4.284558264281210782e+00
4.120000000000000107e+00,-7.536128172130336367e+00,4.389519418648769822e+00,-2.008820803133536970e+01,3.899691707851107303e+00
4.129999999999999893e+00,-7.261547442534537211e+00,4.828025000243479248e+00,-2.092020829969874640e+01,3.317785137784044824e+00
4.139999999999999680e+00,-7.038047181998782875e+00,5.272602069224351595e+00,-2.167231679658113563e+01,2.552885744449633343e+00
4.150000000000000355e+00,-6.866413522226516797e+00,5.718300894899337017e+00,-2.231843409441734494e+01,1.622833413259281876e+00
4.160000000000000142e+00,-6.746930294525234295e+00,6.159944130464489298e+00,-2.283607906416842326e+01,5.486186355428375183e-01
4.169999999999999929e+00,-6.679321755819621842e+00,6.592176565700133217e+00,-2.320670041149061547e+01,-6.462975565309225789e-01
4.179999999999999716e+00,-6.662699868211324983e+00,7.009528439470560812e+00,-2.341586622614948610e+01,-1.936679530068324828e+00
4.190000000000000391e+00,-6.695519224197570729e+00,7.406491892949654599e+00,-2.345333503929500552e+01,-3.296207752067590757e+00
4.200000000000000178e+00,-6.775542646870905905e+00,7.777609464423303365e+00,-2.331301541342986283e+01,-4.698144782086194127e+00
4.209999999999999964e+00,-6.899820287187591106e+00,8.117572864793823229e+00,-2.299282415953489789e+01,-6.115959301600859099e+00
4.219999999999999751e+00,-7.064684694762039641e+00,8.421329659244118915e+00,-2.249445579851726151e+01,-7.523893595335707118e+00
4.230000000000000426e+00,-7.265763866611951727e+00,8.684194942802784922e+00,-2.182307779753373822e+01,-8.897462906429749907e+00
4.240000000000000213e+00,-7.498013697265125899e+00,8.901964660689001718e+00,-2.098696737887152608e+01,-1.021387830111732953e+01
4.250000000000000000e+00,-7.755770585791525562e+00,9.071026909220995194e+00,-1.999710630887487994e+01,-1.145238796888001964e+01
4.259999999999999787e+00,-8.032824226594255990e+00,9.188467375777904067e+00,-1.886675004120326093e+01,-1.259453512299232614e+01
4.270000000000000462e+00,-8.322509849893277689e+00,9.252165047336537995e+00,-1.761098695067451914e+01,-1.362433373403131043e+01
4.280000000000000249e+00,-8.617818415070667371e+00,9.260874441022441061e+00,-1.624630221082478698e+01,-1.452836611727145844e+01
4.290000000000000036e+00,-8.911522526090266183e+00,9.214290885337389270e+00,-1.479015921829196145e+01,-1.529580881176208251e+01
4.299999999999999822e+00,-9.196315162879347582e+00,9.113095799578191603e+00,-1.326060944313908507e+01,-1.591839516088388429e+01
4.310000000000000497e+00,-9.464957733636513382e+00,8.958979467975332511e+00,-1.167593928976981665e+01,-1.639032447888459032e+01
4.320000000000000284e+00,-9.710433475120710867e+00,8.754639465515500873e+00,-1.005436009781610807e+01,-1.670812863513505420e+01
4.330000000000000071e+00,-9.926101881572076735e+00,8.503753640992879781e+00,-8.413744907459125955e+00,-1.687050730017633526e+01
4.339999999999999858e+00,-1.010584964355687276e+01,8.210927372656650292e+00,-6.771413167398551813e+00,-1.687814298974963378e+01
4.350000000000000533e+00,-1.024423353571211592e+01,7.881615653394590915e+00,-5.143962277179046083e+00,-1.673350645046912888e+01
4.360000000000000320e+00,-1.033661081113555369e+01,7.522021404786017662e+00,-3.547142818929984287e+00,-1.644066190784619508e+01
4.370000000000000107e+00,-1.037925293796110715e+01,7.138972231395679380e+00,-1.995772622544984110e+00,-1.600508031410906540e+01
4.379999999999999893e+00,-1.036943894239028019e+01,6.739778578136685461e+00,-5.036834817230706474e-01,-1.543346707227945025e+01
4.389999999999999680e+00,-1.030552518830196007e+01,6.332076916288810864e+00,9.163065639296323894e-01,-1.473360886556293359e+01
4.400000000000000355e+00,-1.018698910753279385e+01,5.923662132881204911e+00,2.252402923385123934e+00,-1.391424228323335655e+01
4.410000000000000142e+00,-1.001444517353376185e+01,5.522313712812416675e+00,3.493833681615159392e+00,-1.298494500231134197e+01
4.419999999999999929e+00,-9.789632257313872543e+00,5.135620567375661416e+00,4.630845505724158429e+00,-1.195604845139527583e+01
4.429999999999999716e+00,-9.515372388773284840e+00,4.770809466350344863e+00,5.654702578929607704e+00,-1.083856923456454346e+01
4.440000000000000391e+00,-9.195501837656347988e+00,4.434581968959922627e+00,6.557693783267557031e+00,-9.644155204111227064e+00
4.450000000000000178e+00,-8.834776295093387688e+00,4.132964523247902200e+00,7.333151960051191409e+00,-8.385041001993092991e+00
4.459999999999999964e+00,-8.438752748600238718e+00,3.871176021200854134e+00,7.975487500098176419e+00,-7.074007186293084892e+00
4.469999999999999751e+00,-8.013651372036097342e+00,3.653516571327525053e+00,8.480236838806105126e+00,-5.724336747926042079e+00
4.480000000000000426e+00,-7.566201371986348789e+00,3.483280599592825766e+00,8.844124742640053327e+00,-4.349762913056425262e+00
4.490000000000000213e+00,-7.103475221924000493e+00,3.362696636283152518e+00,9.065137661018599857e+00,-2.964402608307598719e+00
4.500000000000000000e+00,-6.632716058614627208e+00,3.292895316802670003e+00,9.142603963965708402e+00,-1.582670810948734408e+00
4.509999999999999787e+00,-6.161163200191795752e+00,3.273906247453879814e+00,9.077275666168416635e+00,-2.191721704026917683e-01
4.520000000000000462e+00,-5.695880766459186617e+00,3.304683493362101654e+00,8.871405315974794092e+00,1.111432288330946427e+00
4.530000000000000249e+00,-5.243594239448522210e+00,3.383158565714937893e+00,8.528811153231661280e+00,2.394583955224478533e+00
4.540000000000000036e+00,-4.810539502069219431e+00,3.506318949558143494e+00,8.054923446597323178e+00,3.616009772413798284e+00
4.549999999999999822e+00,-4.402328446360430192e+00,3.670309449888779607e+00,7.456805125622765651e+00,4.761926822692927885e+00
4.560000000000000497e+00,-4.023834667010010691e+00,3.870552968290394524e+00,6.743140423982239895e+00,5.819263787753000905e+00
4.570000000000000284e+00,-3.679102071494413373e+00,4.101886776745341301e+00,5.924186228283851108e+00,6.775893154730448842e+00
4.580000000000000071e+00,-3.371278470095747437e+00,4.358709946971315752e+00,5.011682145223228524e+00,7.620866735075698450e+00
4.589999999999999858e+00,-3.102575384560373628e+00,4.635137335068511000e+00,4.018716906066125638e+00,8.344646040502537332e+00
4.600000000000000533e+00,-2.874254462362432427e+00,4.925155419412305946e+00,2.959550555559410157e+00,8.939318394859100181e+00
4.610000000000000320e+00,-2.686640034137284694e+00,5.222775345953015069e+00,1.849393845422775406e+00,9.398789391719333253e+00
4.620000000000000107e+00,-2.539156534128306220e+00,5.522178745155408741e+00,7.041482857885866808e-01,9.718942462440983476e+00
4.629999999999999893e+00,-2.430388745225935399e+00,5.817852239111544144e+00,-4.598876878566451332e-01,9.897756907784469149e+00
4.639999999999999680e+00,-2.358162156684948219e+00,6.104707041307550597e+00,-1.626339089523647807e+00,9.935376759042130246e+00
4.650000000000000355e+00,-2.319640155860424713e+00,6.378180646136928367e+00,-2.779092277636782793e+00,9.834124244918015734e+00
4.660000000000000142e+00,-2.311434333185704570e+00,6.634318287909024114e+00,-3.902639956106758845e+00,9.598453403741951107e+00
4.669999999999999929e+00,-2.329723875339914319e+00,6.869832594373791679e+00,-4.982421833194266014e+00,9.234841436811590754e+00
4.679999999999999716e+00,-2.370379863240778207e+00,7.082140640404895215e+00,-6.005148871212494299e+00,8.751617673916726403e+00
4.690000000000000391e+00,-2.429090281966817866e+00,7.269378395336669740e+00,-6.959098900267425059e+00,8.158732431653961115e+00
4.700000000000000178e+00,-2.501481686440654162e+00,7.430393324586418657e+00,-7.834371693730995290e+00,7.467470496447780270e+00
4.709999999999999964e+00,-2.583233741996909583e+00,7.564716625839477793e+00,-8.623092419100872874e+00,6.690116360386208605e+00
4.719999999999999751e+00,-2.670183260293578886e+00,7.672517227558746988e+00,-9.319553673230869251e+00,5.839580581558301731e+00
4.730000000000000426e+00,-2.758414861571409027e+00,7.754540231205171885e+00,-9.920288054518678678e+00,4.928998637115955539e+00
4.740000000000000213e+00,-2.844335993541161844e+00,7.812032920316061890e+00,-1.042406536713906462e+01,3.971315299108107322e+00
4.750000000000000000e+00,-2.924734701835991935e+00,7.846661775774947500e+00,-1.083181102771861148e+01,2.978868812770970376e+00
4.759999999999999787e+00,-2.996819251668788375e+00,7.860424118236640112e+00,-1.114644497227213193e+01,1.962989930244108949e+00
4.770000000000000462e+00,-3.058239418690856581e+00,7.855558041738361474e+00,-1.137264324819023820e+01,9.336311014084789361e-01
4.780000000000000249e+00,-3.107089972567951719e+00,7.834454208086530258e+00,-1.151652742128349161e+01,-1.009591823838656977e-01
4.790000000000000036e+00,-3.141897543838074292e+00,7.799572845662096299e+00,-1.158528982489105097e+01,-1.134502767074832441e+00
4.799999999999999822e+00,-3.161592669313810333e+00,7.753368949511462382e+00,-1.158676541895292011e+01,-2.162886239103084751e+00
4.810000000000000497e+00,-3.165469332355494103e+00,7.698228226887080083e+00,-1.152896350629014854e+01,-3.184272606729148691e+00
4.820000000000000284e+00,-3.153134733801778111e+00,7.636415792318704376e+00,-1.141957467196704989e+01,-4.199121940061648850e+00
4.830000000000000071e+00,-3.124452333155582906e+00,7.570039010310514627e+00,-1.126546998029490965e+01,-5.210115483976813344e+00
4.839999999999999858e+00,-3.079481378115423773e+00,7.501025235482766007e+00,-1.107221060684822156e+01,-6.221980913610459574e+00
4.850000000000000533e+00,-3.018416188714258652e+00,7.431114534279984696e+00,-1.084358664010198758e+01,-7.241219780868930478e+00
4.860000000000000320e+00,-2.941528379977575103e+00,7.361866814487091126e+00,-1.058120371793315861e+01,-8.275741693188177095e+00
4.870000000000000107e+00,-2.849114998687508837e+00,7.294682163419689225e+00,-1.028413544769124677e+01,-9.334413256270529757e+00
4.879999999999999893e+00,-2.741455224632063814e+00,7.230832626061825863e+00,-9.948658195873543164e+00,-1.042653318115664973e+01
4.889999999999999680e+00,-2.618777857891279481e+00,7.171503161656326952e+00,-9.568082847699443505e+00,-1.156124808396340065e+01
4.900000000000000355e+00,-2.481241298194262423e+00,7.117839119397194381e+00,-9.132695572821738494e+00,-1.274692627992475735e+01
4.910000000000000142e+00,-2.328927140133005391e+00,7.070997285443692881e+00,-8.629816556442181152e+00,-1.399050918673308352e+01
4.919999999999999929e+00,-2.161847881298513130e+00,7.032197384926795358e+00,-8.043982149488092759e+00,-1.529686171275360884e+01
4.929999999999999716e+00,-1.979968592971444785e+00,7.002770880009868470e+00,-7.357252058011926721e+00,-1.666814413635211878e+01
4.940000000000000391e+00,-1.783241759253456404e+00,6.984203989876823115e+00,-6.549639144820977421e+00,-1.810322842485869188e+01
4.950000000000000178e+00,-1.571653874657496619e+00,6.978172067630056041e+00,-5.599655279774947481e+00,-1.959718165798309286e+01
4.959999999999999964e+00,-1.345281825311772650e+00,6.986562794901646889e+00,-4.484962579616857070e+00,-2.114083819572518408e+01
4.969999999999999751e+00,-1.104356586332055912e+00,7.011486085750731512e+00,-3.183115456107671548e+00,-2.272048047338532939e+01
4.980000000000000426e+00,-8.493313662420429733e-01,7.055269111630781076e+00,-1.672375272958865455e+00,-2.431764584819733344e+01
4.990000000000000213e+00,-5.809510339954080393e-01,7.120435450163612678e+00,6.742377840428703806e-02,-2.590907381847514301e+01
5.000000000000000000e+00,-3.003194868355336666e-01,7.209668000923882047e+00,2.053981623284514502e+00,-2.746680426385524854e+01
5.009999999999999787e+00,-8.961565434760121462e-03,7.325755978399898893e+00,4.301638115637643089e+00,-2.895843321078515586e+01
5.020000000000000462e+00,2.911238004139119484e-01,7.471526961745204254e+00,6.820505050365299304e+00,-3.034752812455396054e+01
5.030000000000000249e+00,5.974223282060544538e-01,7.649765628692932751e+00,9.615652210379543874e+00,-3.159419999532558521e+01
5.040000000000000036e+00,9.068777884128415012e-01,7.863121403558487543e+00,1.268637496159966993e+01,-3.265582465845481153e+01
5.049999999999999822e+00,1.215882429817005672e+00,8.114007784549261970e+00,1.602556975061388300e+01,-3.348790101248452089e+01
5.060000000000000497e+00,1.520286240708196512e+00,8.404496563787892782e+00,1.961924187488240889e+01,-3.404502921704148122e+01
5.070000000000000284e+00,1.815426248033311651e+00,8.736210497569963707e+00,2.344616712011369941e+01,-3.428198771011806656e+01
5.080000000000000071e+00,2.096176382768303981e+00,9.110218210899713398e+00,2.747772535441260544e+01,-3.415488411562603233e+01
5.089999999999999858e+00,2.357017728640717458e+00,9.526935219664602883e+00,3.167792001776431832e+01,-3.362235194207272571e+01
5.100000000000000533e+00,2.592128246719431317e+00,9.986034920543403359e+00,3.600359275323424413e+01,-3.264676251097311166e+01
5.110000000000000320e+00,2.795490354752695694e+00,1.048637323192010840e+01,4.040483731589506533e+01,-3.119541988969770330e+01
5.120000000000000107e+00,2.961014061770488759e+00,1.102593027219390365e+01,4.482561150490406732e+01,-2.924170580669986919e+01
5.129999999999999893e+00,3.082672738674584245e+00,1.160177204276518204e+01,4.920454034211448402e+01,-2.676614164222929659e+01
5.139999999999999680e+00,3.154648065893999043e+00,1.221003455358875556e+01,5.347589822278851557e+01,-2.375733563371616697e+01
5.150000000000000355e+00,3.171480258799753482e+00,1.284593220518315171e+01,5.757075244823496263e+01,-2.021278540429798554e+01
5.160000000000000142e+00,3.128219346493182229e+00,1.350379154126116354e+01,6.141824557205090684e+01,-1.613950878092199659e+01
5.169999999999999929e+00,3.020573082242103968e+00,1.417711073222977802e+01,6.494698949984211822e+01,-1.155447955425050921e+01
5.179999999999999716e+00,2.845047002654565560e+00,1.485864436514729725e+01,6.808654041409876356e+01,-6.484849260657938430e+00
5.190000000000000391e+00,2.599072231766236474e+00,1.554051232498802193e+01,7.076892047332314917e+01,-9.679411285612197213e-01
5.200000000000000178e+00,2.281116845240951818e+00,1.621433078031294173e+01,7.293014996026001029e+01,4.948992100989216603e+00
5.209999999999999964e+00,1.890776964056574805e+00,1.687136255836210808e+01,7.451175220859781234e+01,1.120924884075189532e+01
5.219999999999999751e+00,1.428844227265712252e+00,1.750268353368624474e+01,7.546219327624670825e+01,1.774739403931531001e+01
5.230000000000000426e+00,8.973468865251658100e-01,1.809936108232950502e+01,7.573821898491773652e+01,2.449019933591375064e+01
5.240000000000000213e+00,2.995624542825283676e-01,1.865264018924960965e+01,7.530605361083112825e+01,3.135779200412373058e+01
5.250000000000000000e+00,-3.599993971550865535e-01,1.915413245592786495e+01,7.414242716236579156e+01,3.826499095746130763e+01
5.259999999999999787e+00,-1.075644169423528584e+00,1.959600305004569165e+01,7.223540176175414729e+01,4.512280280653439490e+01
5.270000000000000462e+00,-1.840569740132471210e+00,1.997115057768323609e+01,6.958497207743617707e+01,5.184004628509062940e+01
5.280000000000000249e+00,-2.646972216100992092e+00,2.027337494433971443e+01,6.620341992468652847e+01,5.832506943726152571e+01
5.290000000000000036e+00,-3.486178390110813652e+00,2.049752850331301701e+01,6.211540893607969593e+01,6.448752089794056985e+01
5.299999999999999822e+00,-4.348801969763045783e+00,2.063964616325360524e+01,5.735781145327230490e+01,7.024013449751767268e+01
5.310000000000000497e+00,-5.224920034204734165e+00,2.069705063134007261e+01,5.197926634587032879e+01,7.550048535093783642e+01
5.320000000000000284e+00,-6.104265554528748972e+00,2.066842959077058239e+01,4.603947315017307318e+01,8.019267559141202639e+01
5.330000000000000071e+00,-6.976431305855665066e+00,2.055388233375056473e+01,3.960823456305622869e+01,8.424890899466625171e+01
5.339999999999999858e+00,-7.831080119478228241e+00,2.035493417337337263e+01,3.276426574646924905e+01,8.761091589414753855e+01
5.350000000000000533e+00,-8.658156184256611709e+00,2.007451781672745739e+01,2.559379492239112963e+01,9.023119296586433791e+01
5.360000000000000320e+00,-9.448092015789301357e+00,1.971692177238127641e+01,1.818898520230532867e+01,9.207402658981830257e+01
5.370000000000000107e+00,-1.019200577344335201e+01,1.928770676219603430e+01,1.064621234874997491e+01,9.311627347318079728e+01
5.379999999999999893e+00,-1.088188381828265427e+01,1.879359198399601638e+01,3.064237076656353587e+00,9.334787792451989219e+01
5.389999999999999680e+00,-1.151074376393062515e+01,1.824231390229227046e+01,-4.457686541729351859e+00,9.277211145382263169e+01
5.400000000000000355e+00,-1.207277376773813415e+01,1.764246100458329281e+01,-1.182172308831465912e+01,9.140552707836637580e+01
5.410000000000000142e+00,-1.256344442751607282e+01,1.700328862833434229e+01,-1.893334392892366225e+01,8.927762766577893672e+01
5.419999999999999929e+00,-1.297959037207609967e+01,1.633451851884033346e+01,-2.570314747227105201e+01,8.643025466123347655e+01
5.429999999999999716e+00,-1.331945944130497850e+01,1.564612820436477847e+01,-3.204856900399123987e+01,8.291671044120047895e+01
5.440000000000000391e+00,-1.358272822033655203e+01,1.494813555955185791e+01,-3.789544007076840870e+01,7.880063412929621336e+01
5.450000000000000178e+00,-1.377048359759839968e+01,1.425038406263364799e+01,-4.317936095185541490e+01,7.415465682556489924e+01
5.459999999999999964e+00,-1.388517093202173847e+01,1.356233423230185586e+01,-4.784685426128642405e+01,6.905886767607177035e+01
5.469999999999999751e+00,-1.393051031411120277e+01,1.289286655675166138e+01,-5.185627305869387271e+01,6.359912689873487324e+01
5.480000000000000426e+00,-1.391138326295519789e+01,1.225010090529271700e+01,-5.517844287221269894e+01,5.786526565812638978e+01
5.490000000000000213e+00,-1.383369299193383029e+01,1.164123695142763282e+01,-5.779702359658423205e+01,5.194921544516552814e+01
5.500000000000000000e+00,-1.370420207715197058e+01,1.107241954885279434e+01,-5.970858415183728596e+01,4.594311129265658877e+01
5.509999999999999787e+00,-1.353035195444742911e+01,1.054863230557279685e+01,-6.092238989116454206e+01,3.993741369922152273e+01
5.520000000000000462e+00,-1.332006913640634416e+01,1.007362181653618016e+01,-6.145990984408613400e+01,3.401909352742543291e+01
5.530000000000000249e+00,-1.308156336711310352e+01,9.649854164747020846e+00,-6.135405778592850368e+01,2.826992240277244406e+01
5.540000000000000036e+00,-1.282312311045364517e+01,9.278504409413844911e+00,-6.064818765535171252e+01,2.276490831527847547e+01
5.549999999999999822e+00,-1.255291379314328282e+01,8.959478873213598149e+00,-5.939486982653363611e+01,1.757091229024009849e+01
5.560000000000000497e+00,-1.227878409623201250e+01,8.691469145376197858e+00,-5.765448002486536438e+01,1.274547725247690977e+01
5.570000000000000284e+00,-1.200808531312038774e+01,8.472035858812194675e+00,-5.549363711691476908e+01,8.335894686098351158e+00
5.580000000000000071e+00,-1.174750837689964555e+01,8.297719502480310538e+00,-5.298352949216133112e+01,4.378528537772779394e+00
5.589999999999999858e+00,-1.150294261798294748e+01,8.164174817268174067e+00,-5.019817219678341758e+01,8.984091904966750031e-01
5.600000000000000533e+00,-1.127935966105143173e+01,8.066324714883398528e+00,-4.721263831822561485e+01,-2.090896575938344437e+00
5.610000000000000320e+00,-1.108072512797471987e+01,7.998529171479773048e+00,-4.410130832304692206e+01,-4.587140737815704306e+00
5.620000000000000107e+00,-1.090994000280528731e+01,7.954764194160885538e+00,-4.093618012016232655e+01,-6.598982328757700522e+00
5.629999999999999893e+00,-1.076881266027372064e+01,7.928805748243424212e+00,-3.778528058826886848e+01,-8.145323594586631799e+00
5.639999999999999680e+00,-1.065806168563993594e+01,7.914413471060297134e+00,-3.471121623096563269e+01,-9.254414936611151887e+00
5.650000000000000355e+00,-1.057734874686925686e+01,7.905509084555869315e+00,-3.176989659489007067e+01,-9.962755204388198393e+00
5.660000000000000142e+00,-1.052533994507332338e+01,7.896344649989156750e+00,-2.900945921945378103e+01,-1.031381877634313504e+01
5.669999999999999929e+00,-1.049979329000526285e+01,7.881656175481034587e+00,-2.646941931807976545e+01,-1.035664487074523699e+01
5.679999999999999716e+00,-1.049766924626799636e+01,7.856798578715926240e+00,-2.418006127501410063e+01,-1.014432756076676689e+01
5.690000000000000391e+00,-1.051526069240386718e+01,7.817858607061861420e+00,-2.216208254744930528e+01,-9.732446953247253063e+00
5.700000000000000178e+00,-1.054833814570609896e+01,7.761743006865426509e+00,-2.042649386766160191e+01,-9.177482887993184235e+00
5.709999999999999964e+00,-1.059230574338231712e+01,7.686239991399903992e+00,-1.897477292589595521e+01,-8.535252309756867106e+00
5.719999999999999751e+00,-1.064236324463683481e+01,7.590052859782260519e+00,-1.779926216271209682e+01,-7.859410175547632882e+00
5.730000000000000426e+00,-1.069366923318797191e+01,7.472805442927970887e+00,-1.688379508413953189e+01,-7.200051432330951684e+00
5.740000000000000213e+00,-1.074150075629821721e+01,7.335019872737919222e+00,-1.620452979816788286e+01,-6.602448309254450365e+00
5.750000000000000000e+00,-1.078140483092661484e+01,7.178067963071782742e+00,-1.573096340527238723e+01,-6.105953014855140637e+00
5.759999999999999787e+00,-1.080933757238650017e+01,7.004098232651729816e+00,-1.542709658786377958e+01,-5.743091036527436799e+00
5.770000000000000462e+00,-1.082178714437765343e+01,6.815941269673186476e+00,-1.525271433989404812e+01,-5.538864749200843818e+00
5.780000000000000249e+00,-1.081587727652090081e+01,6.616996716834611547e+00,-1.516474633884132572e+01,-5.510281109915205811e+00
5.790000000000000036e+00,-1.078944872870444094e+01,6.411105627975111965e+00,-1.511866904074407003e+01,-5.666111012295671934e+00
5.799999999999999822e+00,-1.074111678047445295e+01,6.202412301198197753e+00,-1.506991119881665497e+01,-6.006881572811554548e+00
5.810000000000000497e+00,-1.067030356650249701e+01,5.995219919687264643e+00,-1.497522516217022925e+01,-6.525096392643576770e+00
5.820000000000000284e+00,-1.057724484298186240e+01,5.793844425781488283e+00,-1.479398796926207460e+01,-7.205672854088186696e+00
5.830000000000000071e+00,-1.046297153150730530e+01,5.602471015733428317e+00,-1.448939884943654022e+01,-8.026579928650937390e+00
5.839999999999999858e+00,-1.032926712387534884e+01,5.425017475378677290e+00,-1.402954319849128950e+01,-8.959654941704346953e+00
5.850000000000000533e+00,-1.017860272172477920e+01,5.265008288026396421e+00,-1.338829729123225931e+01,-9.971573384646323035e+00
5.860000000000000320e+00,-1.001405210921067201e+01,5.125463046111366161e+00,-1.254605280698091541e+01,-1.102494229771123990e+01
5.870000000000000107e+00,-9.839189797509604318e+00,5.008802201581953106e+00,-1.149024552926749010e+01,-1.207948504903070841e+01
5.879999999999999893e+00,-9.657975422279259092e+00,4.916772613382502932e+00,-1.021567818394149896e+01,-1.309328356641923996e+01
5.889999999999999680e+00,-9.474628207885297471e+00,4.850394712591090673e+00,-8.724633139817109750e+00,-1.402404326880104968e+01
5.900000000000000355e+00,-9.293495427451420099e+00,4.809932427180656056e+00,-7.026776450361339243e+00,-1.483034609772161083e+01
5.910000000000000142e+00,-9.118918881502589002e+00,4.794886310218764436e+00,-5.138860304580280314e+00,-1.547285814230049006e+01
5.919999999999999929e+00,-8.955103389854476958e+00,4.804009619028123623e+00,-3.084236228552041936e+00,-1.591546033349944977e+01
5.929999999999999716e+00,-8.805991144882840516e+00,4.835346419332518408e+00,-8.921961963385540706e-01,-1.612627348168611618e+01
5.940000000000000391e+00,-8.675145516353227393e+00,4.886290157522195088e+00,1.402836953699652112e+00,-1.607855244955565865e+01
5.950000000000000178e+00,-8.565647538840394759e+00,4.953660573985029458e+00,3.762244848778053541e+00,-1.575142837642599325e+01
5.959999999999999964e+00,-8.480007865529971767e+00,5.033796336817208505e+00,6.144246925086312316e+00,-1.513048247085249365e+01
5.969999999999999751e+00,-8.420096452397332953e+00,5.122660371310953309e+00,8.505002095448048749e+00,-1.420813982675981002e+01
5.980000000000000426e+00,-8.387091661804898735e+00,5.215954556535861819e+00,1.079974795761032702e+01,-1.298387684771486761e+01
5.990000000000000213e+00,-8.381449863150603363e+00,5.309240262908192065e+00,1.298394653651935471e+01,-1.146424103635504466e+01
6.000000000000000000e+00,-8.402895979722753594e+00,5.398061117271513609e+00,1.501440618628600276e+01,-9.662686975399656930e+00
6.009999999999999787e+00,-8.450434804823595769e+00,5.478064404617654759e+00,1.685035072505466758e+01,-7.599237153732197214e+00
6.020000000000000462e+00,-8.522382305421261961e+00,5.545117644708668081e+00,1.845440907616982429e+01,-5.299980746772207318e+00
6.030000000000000249e+00,-8.616415565866896387e+00,5.595417110867455079e+00,1.979350155923252430e+01,-2.796427429859954294e+00
6.040000000000000036e+00,-8.729639513701815901e+00,5.625585377532300591e+00,2.083960241519380219e+01,-1.247366887589974604e-01
6.049999999999999822e+00,-8.858668128299319378e+00,5.632755380719533633e+00,2.157036204705556770e+01,2.675154185691390296e+00
6.060000000000000497e+00,-8.999717472549875197e+00,5.614638937116115613e+00,2.196957668855240442e+01,5.560478228262023315e+00
6.070000000000000284e+00,-9.148707616722287383e+00,5.569578177336786950e+00,2.202749764775602159e+01,8.486636615336951905e+00
6.080000000000000071e+00,-9.301370347728157739e+00,5.496578890075100254e+00,2.174097677916175186e+01,1.140821924226640149e+01
6.089999999999999858e+00,-9.453359478892828349e+00,5.395325329097397038e+00,2.111344928667108789e+01,1.428002140870111347e+01
6.100000000000000533e+00,-9.600360594504412148e+00,5.266176586971485385e+00,2.015475922686760413e+01,1.705803095105137146e+01
6.110000000000000320e+00,-9.738197176381158116e+00,5.110145171387630469e+00,1.888083705226332043e+01,1.970036182287213222e+01
6.120000000000000107e+00,-9.862930260174469055e+00,4.928858916322822026e+00,1.731324210536970298e+01,2.216811238427811404e+01
6.129999999999999893e+00,-9.970949048284266425e+00,4.724507807098478729e+00,1.547858605928785636e+01,2.442612943460679986e+01
6.140000000000000568e+00,-1.005905025311114009e+01,4.499777683526190231e+00,1.340785582906642581e+01,2.644366221064291622e+01
6.150000000000000355e+00,-1.012450434614239114e+01,4.257773099056054278e+00,1.113565639928220818e+01,2.819489406910415497e+01
6.160000000000000142e+00,-1.016510733099971908e+01,4.001931848896512989e+00,8.699395295893168623e+00,2.965934326487566253e+01
6.169999999999999929e+00,-1.017921712717504867e+01,3.735933831901756097e+00,6.138431063227087314e+00,3.082212801211823106e+01
6.179999999999999716e+00,-1.016577413053308376e+01,3.463606977799615017e+00,3.493208098532881500e+00,3.167409476220814923e+01
6.190000000000000391e+00,-1.012430599171774581e+01,3.188832953955178073e+00,8.043995742109829594e-01,3.221181224402884169e+01
6.200000000000000178e+00,-1.005491710995704757e+01,2.915455267815429963e+00,-1.887921013810323068e+00,3.243743719035953177e+01
6.209999999999999964e+00,-9.958263764085035774e+00,2.647192208349832043e+00,-4.545060834224623925e+00,3.235846073190773353e+01
6.219999999999999751e+00,-9.835516183023180758e+00,2.387556830211912562e+00,-7.130424545717843898e+00,3.198734710420746552e+01
6.230000000000000426e+00,-9.688309184407739139e+00,2.139785887823513644e+00,-9.610152752539441678e+00,3.134107852353392332e+01
6.240000000000000213e+00,-9.518683274490655322e+00,1.906779284392541296e+00,-1.195367064005062119e+01,3.044062180390125505e+01
6.250000000000000000e+00,-9.329018299084626875e+00,1.691051225294564198e+00,-1.413413826775467541e+01,2.931033348284682560e+01
6.259999999999999787e+00,-9.121961860719668636e+00,1.494693869166183076e+00,-1.612879700145016315e+01,2.797732089090153806e+01
6.270000000000000462e+00,-8.900354770242120850e+00,1.319353866513320206e+00,-1.791920955448890140e+01,2.647077674685049331e+01
6.280000000000000249e+00,-8.667155783048880124e+00,1.166221777420698213e+00,-1.949139399344486279e+01,2.482130451218867506e+01
6.290000000000000036e+00,-8.425367784431768925e+00,1.036033979189984855e+00,-2.083585476625041011e+01,2.306025093182352137e+01
6.299999999999999822e+00,-8.177967440531158871e+00,9.290863225440862960e-01,-2.194751626131415279e+01,2.121906097459900664e+01
6.310000000000000497e+00,-7.927840128334809222e+00,8.452584811872945192e-01,-2.282556654625314607e+01,1.932866882719709167e+01
6.320000000000000284e+00,-7.677721708639330345e+00,7.840476721844584773e-01,-2.347322071955372635e+01,1.741893675665166796e+01
6.330000000000000071e+00,-7.430148419662291559e+00,7.446102101922164040e-01,-2.389741470653141420e+01,1.551815161325641235e+01
6.339999999999999858e+00,-7.187415856574588702e+00,7.258092014918193779e-01,-2.410844132533571482e+01,1.365258657263721886e+01
6.350000000000000533e+00,-6.951547674526171505e+00,7.262665864816574279e-01,-2.411954103647526537e+01,1.184613348838074032e+01
6.360000000000000320e+00,-6.724274320714817677e+00,7.444177022434156354e-01,-2.394645998084860494e+01,1.012000901727861546e+01
6.370000000000000107e+00,-6.507021775325618762e+00,7.785665585193608518e-01,-2.360698772935342049e+01,8.492535555230608324e+00
6.379999999999999893e+00,-6.300909971731393000e+00,8.269400976485574706e-01,-2.312048664553013211e+01,6.978996043244061198e+00
6.390000000000000568e+00,-6.106760282231169512e+00,8.877398368005553486e-01,-2.250742394424263537e+01,5.591559921047318582e+00
6.400000000000000355e+00,-5.925111204668120912e+00,9.591894629109372072e-01,-2.178891646414371408e+01,4.339275961723501496e+00
6.410000000000000142e+00,-5.756241173962024504e+00,1.039577159621108970e+00,-2.098629691462585356e+01,3.228126444562921193e+00
6.419999999999999929e+00,-5.600197255834546084e+00,1.127291682959501884e+00,-2.012070896689271038e+01,2.261136133699858775e+00
6.429999999999999716e+00,-5.456828361073568168e+00,1.220851459631696390e+00,-1.921273709195491008e+01,1.438528834188279815e+00
6.440000000000000391e+00,-5.325821549192806259e+00,1.318926249527522465e+00,-1.828207556238227838e+01,7.579238911437989890e-01
6.450000000000000178e+00,-5.206739970256871075e+00,1.420351183381913129e+00,-1.734723958249805165e+01,2.145648672884616914e-01
6.459999999999999964e+00,-5.099061021349855949e+00,1.524133248767886473e+00,-1.642532014093746540e+01,-1.984272435455705363e-01
6.469999999999999751e+00,-5.002213366604856049e+00,1.629450544688231695e+00,-1.553178293080597783e+01,-4.897835655657360454e-01
6.480000000000000426e+00,-4.915611582524126888e+00,1.735644849745997975e+00,-1.468031058868350058e+01,-6.698064229312169493e-01
6.490000000000000213e+00,-4.838687338057621190e+00,1.842208245022779245e+00,-1.388268658827931823e+01,-7.500840524740293169e-01
6.500000000000000000e+00,-4.770916195247541403e+00,1.948764695379009648e+00,-1.314871840223048416e+01,-7.432062731107459408e-01
6.509999999999999787e+00,-4.711839314237993293e+00,2.055047618204172366e+00,-1.248619702171025203e+01,-6.624856094189303102e-01
6.520000000000000462e+00,-4.661079558760201635e+00,2.160874554333206632e+00,-1.190088959460162776e+01,-5.216875246639486319e-01
6.530000000000000249e+00,-4.618351717373966103e+00,2.266120100922369485e+00,-1.139656179719035123e+01,-3.347726019601470759e-01
6.540000000000000036e+00,-4.583466774430637436e+00,2.370688270892404415e+00,-1.097502657259820680e+01,-1.156527560157651902e-01
6.549999999999999822e+00,-4.556330375917042375e+00,2.474485409712839701e+00,-1.063621602644910524e+01,1.220371089954893629e-01
6.560000000000000497e+00,-4.536935832589881201e+00,2.577394730588190352e+00,-1.037827353690027898e+01,3.651511352905039698e-01
6.570000000000000284e+00,-4.525352180389739409e+00,2.679253427296392598e+00,-1.019766347955241059e+01,6.012278100183731100e-01
6.580000000000000071e+00,-4.521707971181719188e+00,2.779833194654718564e+00,-1.008929635386190959e+01,8.186683911742129727e-01
6.589999999999999858e+00,-4.526171591542598627e+00,2.878824835142696159e+00,-1.004666749278880999e+01,1.006898488497311339e+00
6.600000000000000533e+00,-4.538929000802990110e+00,2.975827462356192665e+00,-1.006200790962454228e+01,1.156512864946113384e+00
6.610000000000000320e+00,-4.560159840159617950e+00,3.070342633727613180e+00,-1.012644615664036074e+01,1.259403451854994582e+00
6.620000000000000107e+00,-4.590012891803866957e+00,3.161773562413197514e+00,-1.023018031529494820e+01,1.308870408074190639e+00
6.629999999999999893e+00,-4.628581861149037913e+00,3.249429377380042006e+00,-1.036265938871536463e+01,1.299715824945687270e+00
6.640000000000000568e+00,-4.675882417862835538e+00,3.332534227177767594e+00,-1.051277341180970382e+01,1.228319412734724336e+00
6.650000000000000355e+00,-4.731831364929130146e+00,3.410240861835483805e+00,-1.066905152725048822e+01,1.092695229716719618e+00
6.660000000000000142e+00,-4.796228712571674713e+00,3.481648183365873894e+00,-1.081986709818429127e+01,8.925282623702843754e-01
6.669999999999999929e+00,-4.868743319438626038e+00,3.545822132342851152e+00,-1.095364864915036840e+01,6.291894626722739359e-01
6.679999999999999716e+00,-4.948902631350974524e+00,3.601819179005938398e+00,-1.105909505993072450e+01,3.057277223212541140e-01
6.690000000000000391e+00,-5.036086902902220608e+00,3.648711614529637881e+00,-1.112539300310440638e+01,-7.316276409021393867e-02
6.700000000000000178e+00,-5.129528134199071054e+00,3.685613792788222209e+00,-1.114243413976727126e+01,-5.012012072992090284e-01
6.709999999999999964e+00,-5.228313799038827980e+00,3.711708455570280840e+00,-1.110102909749775968e+01,-9.706062490664377762e-01
6.719999999999999751e+00,-5.331395286699675218e+00,3.726272284314040562e+00,-1.099311478063401459e+01,-1.472210205785258630e+00
6.730000000000000426e+00,-5.437600831901269416e+00,3.728699857800647166e+00,-1.081195113645449801e+01,-1.995601955563415908e+00
6.740000000000000213e+00,-5.545652570623778921e+00,3.718525255876275359e+00,-1.055230315238457628e+01,-2.529298299126830241e+00
6.750000000000000000e+00,-5.654187237118545539e+00,3.695440631549900434e+00,-1.021060361722175358e+01,-3.060942924891354888e+00
6.759999999999999787e+00,-5.761779912795806702e+00,3.659311174565714531e+00,-9.785092068445008451e+00,-3.577531325312916177e+00
6.770000000000000462e+00,-5.866970153285420153e+00,3.610186005186896363e+00,-9.275925388136410987e+00,-4.065659171969826957e+00
6.780000000000000249e+00,-5.968289757696492615e+00,3.548304663557281025e+00,-8.685255716394960857e+00,-4.511790791752573249e+00
6.790000000000000036e+00,-6.064291405103707788e+00,3.474098993558185189e+00,-8.017271731362901832e+00,-4.902543530049126907e+00
6.799999999999999822e+00,-6.153577367992549618e+00,3.388190356424029215e+00,-7.278199900103215825e+00,-5.224982974540377079e+00
6.810000000000000497e+00,-6.234827520539496071e+00,3.291382244462037754e+00,-6.476263028254313880e+00,-5.466923281000079626e+00
6.820000000000000284e+00,-6.306825890255386646e+00,3.184648495156531034e+00,-5.621594315095052252e+00,-5.617226224878455021e+00
6.830000000000000071e+00,-6.368485053139000485e+00,3.069117427124325115e+00,-4.726106133903012818e+00,-5.666092131284173661e+00
6.839999999999999858e+00,-6.418867742988048519e+00,2.946052328592472236e+00,-3.803313878472574849e+00,-5.605335539051540472e+00
6.850000000000000533e+00,-6.457205132341846898e+00,2.816828823506226875e+00,-2.868116413107145490e+00,-5.428638354390187715e+00
6.860000000000000320e+00,-6.482911342753300055e+00,2.682909717764044188e+00,-1.936535898655876053e+00,-5.131773362364106639e+00
6.870000000000000107e+00,-6.495593852489993658e+00,2.545817986688835077e+00,-1.025421001458393988e+00,-4.712791299225266961e+00
6.879999999999999893e+00,-6.495059586944059049e+00,2.407108603532674529e+00,-1.521186839117092404e-01,-4.172165246871059274e+00
6.890000000000000568e+00,-6.481316597496728171e+00,2.268339927015953883e+00,6.658791169136546451e-01,-3.512886885923938163e+00
6.900000000000000355e+00,-6.454571354858282817e+00,2.131045363655902580e+00,1.411306632992999521e+00,-2.740510121772617769e+00
6.910000000000000142e+00,-6.415221799611811271e+00,1.996705998534641369e+00,2.067505120723287959e+00,-1.863138756410131158e+00
6.919999999999999929e+00,-6.363846402649189216e+00,1.866724847334786164e+00,2.618804691678804808e+00,-8.913561891515260349e-01
6.929999999999999716e+00,-6.301189588489759075e+00,1.742403324543006615e+00,3.050897980247952557e+00,1.619034437576517549e-01
6.940000000000000391e+00,-6.228143962552412205e+00,1.624920449749649887e+00,3.351196352036976300e+00,1.281541777048472053e+00
6.950000000000000178e+00,-6.145729857147756547e+00,1.515315228366981737e+00,3.509159457738650900e+00,2.450537921846475786e+00
6.959999999999999964e+00,-6.055072768559011998e+00,1.414472547560734927e+00,3.516589302079454971e+00,3.650241395445494419e+00
6.969999999999999751e+00,-5.957379297864966894e+00,1.323112825656401981e+00,3.367880623724468503e+00,4.860710839280004691e+00
6.980000000000000426e+00,-5.853912230410750261e+00,1.241785546789662353e+00,3.060220258372065238e+00,6.061091732167461110e+00
6.990000000000000213e+00,-5.745965392855141296e+00,1.170866705207395109e+00,2.593729264183371797e+00,7.230025099082517670e+00
7.000000000000000000e+00,-5.634838912830182345e+00,1.110560078439162934e+00,1.971542898897785223e+00,8.346078198760300992e+00
7.009999999999999787e+00,-5.521815475249915117e+00,1.060902148471657203e+00,1.199825017272458272e+00,9.388187380970588691e+00
7.020000000000000462e+00,-5.408138122470162124e+00,1.021770397794221852e+00,2.877150657283358282e-01,1.033610276459444499e+01
7.030000000000000249e+00,-5.294990084525229790e+00,9.928946251914587684e-01,-7.527924565068555562e-01,1.117082412149902915e+01
7.040000000000000036e+00,-5.183477052611209501e+00,9.738708565573506171e-01,-1.907034471954538457e+00,1.187501737128324386e+01
7.049999999999999822e+00,-5.074612226219053390e+00,9.641773705205446410e-01,-3.157928422507493060e+00,1.243340140225412327e+01
7.060000000000000497e+00,-4.969304374448139328e+00,9.631923185987719682e-01,-4.486279026331596143e+00,1.283309552965390843e+01
7.070000000000000284e+00,-4.868349057823960102e+00,9.702123957756798589e-01,-5.871136191277891214e+00,1.306391876955437858e+01
7.080000000000000071e+00,-4.772423061251188869e+00,9.844720101668801293e-01,-7.290196200807409710e+00,1.311863322401604748e+01
7.089999999999999858e+00,-4.682081994410102865e+00,1.005162409678540314e+00,-8.720237106061157206e+00,1.299312521036756074e+01
7.100000000000000533e+00,-4.597760925724035275e+00,1.031450248647093559e+00,-1.013757830958318173e+01,1.268651928830518472e+01
7.110000000000000320e+00,-4.519777832603877776e+00,1.062495117309252057e+00,-1.151855364084903677e+01,1.220122200076819574e+01
7.120000000000000107e+00,-4.448339576395797579e+00,1.097465610090064603e+00,-1.283998682193171348e+01,1.154289390167738283e+01
7.129999999999999893e+00,-4.383550047402517080e+00,1.135553573236554037e+00,-1.407965811572243631e+01,1.072035024616974574e+01
7.140000000000000568e+00,-4.325420075238398887e+00,1.175986246066597962e+00,-1.521675114271378604e+01,9.745392516079347089e+00
7.150000000000000355e+00,-4.273878663925971821e+00,1.218036090591628984e+00,-1.623226934017609224e+01,8.632574694450088515e+00
7.160000000000000142e+00,-4.228785090408644365e+00,1.261028188870314093e+00,-1.710941230570394467e+01,7.398909838888154233e+00
7.169999999999999929e+00,-4.189941399933274191e+00,1.304345173416451065e+00,-1.783390329340620184e+01,6.063523988917417284e+00
7.179999999999999716e+00,-4.157104841949695206e+00,1.347429740558460320e+00,-1.839426038588486989e+01,4.647265736089685184e+00
7.190000000000000391e+00,-4.129999815208053704e+00,1.389784877132410834e+00,-1.878200531242312010e+01,3.172280852197863155e+00
7.200000000000000178e+00,-4.108328929567996113e+00,1.430972004736231318e+00,-1.899180548196139995e+01,1.661562182169816992e+00
7.209999999999999964e+00,-4.091782843193265684e+00,1.470607310656549371e+00,-1.902154650288980875e+01,1.384855433408065939e-01
7.219999999999999751e+00,-4.080048595432674396e+00,1.508356588477369753e+00,-1.887233422215740930e+01,-1.373657380687245189e+00
7.230000000000000426e+00,-4.072816225593544281e+00,1.543928952630833518e+00,-1.854842708426881259e+01,-2.852118209513414993e+00
7.240000000000000213e+00,-4.069783543547671023e+00,1.577069818511755317e+00,-1.805710133729948907e+01,-4.275132490898056581e+00
7.250000000000000000e+00,-4.070658997037762461e+00,1.607553552463879099e+00,-1.740845325081003736e+01,-5.622331782981878412e+00
7.259999999999999787e+00,-4.075162659941466536e+00,1.635176193657953414e+00,-1.661514401536072327e+01,-6.875118059925068970e+00
7.270000000000000462e+00,-4.083025442853685405e+00,1.659748632816800518e+00,-1.569209432557028805e+01,-8.016992398708699952e+00
7.280000000000000249e+00,-4.093986699498298520e+00,1.681090601592230005e+00,-1.465613677426066630e+01,-9.033831189878636536e+00
7.290000000000000036e+00,-4.107790467173321858e+00,1.699025782327636236e+00,-1.352563507659424324e+01,-9.914104554796873359e+00
7.299999999999999822e+00,-4.124180634414319258e+00,1.713378292551167359e+00,-1.232007977990437553e+01,-1.064903320396056507e+01
7.310000000000000497e+00,-4.142895372398542442e+00,1.723970733829603530e+00,-1.105967048443205059e+01,-1.123268159026061674e+01
7.320000000000000284e+00,-4.163661196768138062e+00,1.730623922887988053e+00,-9.764894697648722754e+00,-1.166198685166173554e+01
7.330000000000000071e+00,-4.186187042430641547e+00,1.733158346731436206e+00,-8.456113273375468253e+00,-1.193672465404039329e+01
7.339999999999999858e+00,-4.210158734891608745e+00,1.731397305625248073e+00,-7.153161957251331415e+00,-1.205941459282701800e+01
7.350000000000000533e+00,-4.235234227690936493e+00,1.725171631005755435e+00,-5.874977890114509549e+00,-1.203516925061832055e+01
7.360000000000000320e+00,-4.261039946973051329e+00,1.714325792495565048e+00,-4.639259034921662916e+00,-1.187149230006754053e+01
7.370000000000000107e+00,-4.287168542052753217e+00,1.698725141859177112e+00,-3.462163420822102822e+00,-1.157803215524322127e+01
7.379999999999999893e+00,-4.313178286458118293e+00,1.678263984427884159e+00,-2.358053874432914920e+00,-1.116629858425240407e+01
7.390000000000000568e+00,-4.338594309192814968e+00,1.652874122424375924e+00,-1.339292571136510901e+00,-1.064935038175275928e+01
7.400000000000000355e+00,-4.362911763098229478e+00,1.622533481536210687e+00,-4.160883284907104240e-01,-1.004146264943339517e+01
7.410000000000000142e+00,-4.385600958755073719e+00,1.587274413395580730e+00,4.036018792583581094e-01,-9.357782440124161383e+00
7.419999999999999929e+00,-4.406114411114139706e+00,1.547191263206011191e+00,1.114117141151019563e+00,-8.613981488448363422e+00
7.429999999999999716e+00,-4.423895664889686330e+00,1.502446803975276302e+00,1.712083906168458736e+00,-7.825914486229680556e+00
7.440000000000000391e+00,-4.438389686623669839e+00,1.453277166486683258e+00,2.196357000475451571e+00,-7.009290878931405899e+00
7.450000000000000178e+00,-4.449054539106896300e+00,1.399994936541842261e+00,2.567914192644617621e+00,-6.179367480710895144e+00
7.459999999999999964e+00,-4.455373990230865111e+00,1.342990146887487191e+00,2.829709170560795517e+00,-5.350668355673668941e+00
7.469999999999999751e+00,-4.456870655787892765e+00,1.282728958856314438e+00,2.986488659035066107e+00,-4.536737421110976776e+00
7.480000000000000426e+00,-4.453119236335232323e+00,1.219749905931171829e+00,3.044580083352847577e+00,-3.749928127510266940e+00
7.490000000000000213e+00,-4.443759383665044638e+00,1.154657655641509795e+00,3.011656658892701177e+00,-3.001233394561849011e+00
7.500000000000000000e+00,-4.428507723861872414e+00,1.088114334592067189e+00,2.896487054585668020e+00,-2.300157767830915301e+00
7.509999999999999787e+00,-4.407168572032960085e+00,1.020828550988192696e+00,2.708676838467494630e+00,-1.654632542691019337e+00
7.520000000000000462e+00,-4.379642898650084604e+00,9.535423366498891884e-01,2.458408772943283971e+00,-1.070973414853364947e+00
7.530000000000000249e+00,-4.345935148554319838e+00,8.870163131021091552e-01,2.156188697200389193e+00,-5.538790926100278789e-01
7.540000000000000036e+00,-4.306157569991045264e+00,8.220134609169652551e-01,1.812603231030418316e+00,-1.064682740174864445e-01
7.549999999999999822e+00,-4.260531780965414406e+00,7.592819353121487147e-01,1.438094879053884778e+00,2.696485217401766166e-01
7.560000000000000497e+00,-4.209387381653403537e+00,6.995374216476540896e-01,1.042759331458413596e+00,5.742665543692948571e-01
7.570000000000000284e+00,-4.153157512054205469e+00,6.434455598837296453e-01,6.361688740750746085e-01,8.084587985260467402e-01
7.580000000000000071e+00,-4.092371350665908736e+00,5.916049857237324350e-01,2.272248659998936660e-01,9.744275725050791648e-01
7.589999999999999858e+00,-4.027643649589339958e+00,5.445315370613559303e-01,-1.759587529628228175e-01,1.075341494640855933e+00
7.600000000000000533e+00,-3.959661500841979986e+00,5.026441570570426842e-01,-5.661399699415736730e-01,1.115163506487580669e+00
7.610000000000000320e+00,-3.889168624478028136e+00,4.662529898633878678e-01,-9.370012557934248587e-01,1.098475635236870529e+00
7.620000000000000107e+00,-3.816947558106309479e+00,4.355501124838778160e-01,-1.283171148641027326e+00,1.030305939285290240e+00
7.629999999999999893e+00,-3.743800206497329697e+00,4.106032778508152958e-01,-1.600216714298949405e+00,9.159627032994538398e-01
7.640000000000000568e+00,-3.670527276370187053e+00,3.913529618615660399e-01,-1.884609513014589233e+00,7.608804392178574183e-01
7.650000000000000355e+00,-3.597907172726948488e+00,3.776129132186922810e-01,-2.133668369099236184e+00,5.704816271865441601e-01
7.660000000000000142e+00,-3.526674967287747542e+00,3.690743022997852174e-01,-2.345482780085834218e+00,3.500574177059057046e-01
7.669999999999999929e+00,-3.457502065239615341e+00,3.653134570817938021e-01,-2.518821204213556708e+00,1.046697372567802070e-01
7.679999999999999716e+00,-3.390977192792534289e+00,3.658030637357762016e-01,-2.653028722791378691e+00,-1.609235806479201447e-01
7.690000000000000391e+00,-3.327589304701256800e+00,3.699266003827888505e-01,-2.747918685125410043e+00,-4.423198534424521711e-01
7.700000000000000178e+00,-3.267712968355448666e+00,3.769956681573042312e-01,-2.803662910205860115e+00,-7.354988386875911388e-01
7.709999999999999964e+00,-3.211596720282465789e+00,3.862697875497442812e-01,-2.820684847216035074e+00,-1.036827091990463856e+00
7.719999999999999751e+00,-3.159354813562304187e+00,3.969781431633483404e-01,-2.799559795795997008e+00,-1.343040972318372495e+00
7.730000000000000426e+00,-3.110962682885051400e+00,4.083426893677327141e-01,-2.740925869774140100e+00,-1.651210540570245744e+00
7.740000000000000213e+00,-3.066256350438274936e+00,4.196019752876696818e-01,-2.645408870462660378e+00,-1.958687173630807576e+00
7.750000000000000000e+00,-3.024935883542908321e+00,4.300350120570513024e-01,-2.513563635549902475e+00,-2.263038187789277789e+00
7.759999999999999787e+00,-2.986572897319682784e+00,4.389844896547943631e-01,-2.345833766750531346e+00,-2.561972121812269965e+00
7.770000000000000462e+00,-2.950621976222160381e+00,4.458786556694802616e-01,-2.142530934436877033e+00,-2.853258564073358539e+00
7.780000000000000249e+00,-2.916435770665202210e+00,4.502511941199912604e-01,-1.903834231725387571e+00,-3.134646516453575060e+00
7.790000000000000036e+00,-2.883283412830984105e+00,4.517584884506964937e-01,-1.629809325121107655e+00,-3.403785270247701167e+00
7.799999999999999822e+00,-2.850371792528889614e+00,4.501937178487632751e-01,-1.320446444403760022e+00,-3.658151629436618535e+00
7.810000000000000497e+00,-2.816869142950126470e+00,4.454973183259589020e-01,-9.757155904177392536e-01,-3.894987060995417583e+00
7.820000000000000284e+00,-2.781930310166801590e+00,4.377634372506157834e-01,-5.956367336645616017e-01,-4.111247989884775578e+00
7.830000000000000071e+00,-2.744723021707299537e+00,4.272421194154343849e-01,-1.803622449514172832e-01,-4.303572000076611559e+00
7.839999999999999858e+00,-2.704454430401008747e+00,4.143370811038053492e-01,2.697316446267422618e-01,-4.468262166623873100e+00
7.850000000000000533e+00,-2.660397191247528603e+00,3.995990525017599215e-01,7.539479024642398164e-01,-4.601291143398663408e+00
7.860000000000000320e+00,-2.611914332025133678e+00,3.837147945426466755e-01,1.271170058669853997e+00,-4.698325983991690435e+00
7.870000000000000107e+00,-2.558482202759988944e+00,3.674920201468342418e-01,1.819765788991110522e+00,-4.754773997537098396e+00
7.879999999999999893e+00,-2.499710834430008077e+00,3.518405681544571340e-01,2.397496641912708171e+00,-4.765849255432603293e+00
7.890000000000000568e+00,-2.435361102146090584e+00,3.377502875303681762e-01,3.001437733902614813e+00,-4.726658687520940205e+00
7.900000000000000355e+00,-2.365358170714622066e+00,3.262661863996249578e-01,3.627911025007548140e+00,-4.632306055229566510e+00
7.910000000000000142e+00,-2.289800798582260821e+00,3.184614822676891110e-01,4.272435471095503701e+00,-4.478011481455316911e+00
7.919999999999999929e+00,-2.208966186876915039e+00,3.154092539651597860e-01,4.929696937626307118e+00,-4.259243668354555368e+00
7.930000000000000604e+00,-2.123310180394640589e+00,3.181534405314860314e-01,5.593540263748822738e+00,-3.971861458749211593e+00
7.940000000000000391e+00,-2.033462753471251716e+00,3.276799560974499870e-01,6.256985297558505188e+00,-3.612261006753444637e+00
7.950000000000000178e+00,-1.940218842081664619e+00,3.448886921445858400e-01,6.912268097891624663e+00,-3.177524528470298648e+00
7.959999999999999964e+00,-1.844524710532100542e+00,3.705671592500972000e-01,7.550907830734143289e+00,-2.665566411854070950e+00
7.969999999999999751e+00,-1.747460163107898534e+00,4.053664801454438527e-01,8.163799195719294133e+00,-2.075272381251002329e+00
7.980000000000000426e+00,-1.650217024531240195e+00,4.497803858158630486e-01,8.741329517337703692e+00,-1.406627439311762151e+00
7.990000000000000213e+00,-1.554074414856783992e+00,5.041277882133916588e-01,9.273518943557311545e+00,-6.608284469275110817e-01
8.000000000000000000e+00,-1.460371431634255757e+00,5.685394092306280678e-01,9.750181528497144257e+00,1.596225519930074277e-01
