# eV,ground_re,ground_im,pumped_re,pumped_im
1.000000000000000021e-02,5.060282866124529733e+02,-5.055100272333065732e+03,1.002106173863233380e+04,-3.440971809423600644e+04
2.000000000000000042e-02,4.998552767719562553e+02,-2.474689527292944604e+03,9.805511833278318591e+03,-1.567117909856124606e+04
2.999999999999999889e-02,4.897372199559393380e+02,-1.592387817025392678e+03,9.453260927004614132e+03,-8.794779792997609547e+03
4.000000000000000083e-02,4.759227760499118176e+02,-1.136058458947215968e+03,8.974515862090493101e+03,-4.939644372248205400e+03
5.000000000000000278e-02,4.587468468897948810e+02,-8.516592104254318656e+02,8.382997407694309004e+03,-2.352150566268971488e+03
5.999999999999999778e-02,4.386181210370704093e+02,-6.547702645115263067e+02,7.695404059148925626e+03,-4.573439778711360759e+02
7.000000000000000666e-02,4.160041064185966775e+02,-5.093744733455976643e+02,6.930767241492547328e+03,9.855438895828590375e+02
8.000000000000000167e-02,3.914143535171195367e+02,-3.975470949163413366e+02,6.109728031980106607e+03,2.094435017311681804e+03
8.999999999999999667e-02,3.653826431447211007e+02,-3.093505329588977588e+02,5.253768744370632703e+03,2.934920921236376671e+03
1.000000000000000056e-01,3.384489418847040838e+02,-2.387931928884074466e+02,4.384434192792175054e+03,3.548417441042400242e+03
1.100000000000000006e-01,3.111419143443013695e+02,-1.819957292956753463e+02,3.522577123694384227e+03,3.964816332416975911e+03
1.199999999999999956e-01,2.839627263277290012e+02,-1.362788737417992309e+02,2.687660222609061748e+03,4.208596206981625983e+03
1.300000000000000044e-01,2.573707812552137852e+02,-9.967798406736530126e+01,1.897143418365525577e+03,4.301853439941709439e+03
1.400000000000000133e-01,2.317719100532849836e+02,-7.067187088807973794e+01,1.165980159086555432e+03,4.265751885985122499e+03
1.499999999999999944e-01,2.075093903862511127e+02,-4.802638325150250864e+01,5.062402317750469933e+02,4.121107508214739937e+03
1.600000000000000033e-01,1.848580136116177073e+02,-3.070262846441301718e+01,-7.313009726104458252e+01,3.888482386136775858e+03
1.700000000000000122e-01,1.640212567881090138e+02,-1.780295665323246723e+01,-5.664069389784275472e+02,3.588001547564223074e+03
1.799999999999999933e-01,1.451314618208720901e+02,-8.539499843453951300e+00,-9.710499516872662298e+02,3.239024407887458892e+03
1.900000000000000022e-01,1.282527829880480397e+02,-2.216237915169459338e+00,-1.287535664950303271e+03,2.859757759619119042e+03
2.000000000000000111e-01,1.133865449467789688e+02,1.780980226945979794e+00,-1.519078508249445349e+03,2.466870231965523544e+03
2.099999999999999922e-01,1.004785614415139889e+02,3.989997260317435401e+00,-1.671259714001413386e+03,2.075150052725334717e+03
2.200000000000000011e-01,8.942790391917097281e+01,4.875765194816781722e+00,-1.751587586023378435e+03,1.697234533662438480e+03
2.300000000000000100e-01,8.009658056108695234e+01,4.833072965000720700e+00,-1.769014527373070678e+03,1.343428924635954900e+03
2.399999999999999911e-01,7.231958924086012530e+01,4.189475493016259655e+00,-1.733436671581625887e+03,1.021623204315667294e+03
2.500000000000000000e-01,6.591484004865556301e+01,3.208919938091995050e+00,-1.655201010673517658e+03,7.373076173374190603e+02
2.600000000000000089e-01,6.069250008229007420e+01,2.096280466582054025e+00,-1.544642693258522513e+03,4.936812257338135055e+02
2.700000000000000178e-01,5.646338973288288798e+01,1.002809351372747182e+00,-1.411671875325194605e+03,2.918424346800159128e+02
2.800000000000000266e-01,5.304614942097997954e+01,3.237113898822811114e-02,-1.265425396522418851e+03,1.310464323499778914e+02
2.899999999999999800e-01,5.027299207201293996e+01,-7.517639833832476803e-01,-1.113993911534860899e+03,9.011789785129273866e+00
2.999999999999999889e-01,4.799395310226613987e+01,-1.319840438851933140e+00,-9.642302306784397388e+02,-7.774290382529592591e+01
3.099999999999999978e-01,4.607964042965382134e+01,-1.668538607743304425e+00,-8.216398129295099579e+02,-1.335515995525253743e+02
3.200000000000000067e-01,4.442256706112155484e+01,-1.814171910220304218e+00,-6.903498827929566914e+02,-1.632607227565094661e+02
3.300000000000000155e-01,4.293721435826267196e+01,-1.786400495821294676e+00,-5.731497461010185361e+02,-1.719126323356815647e+02
3.400000000000000244e-01,4.155902270286240707e+01,-1.622654101370466062e+00,-4.715917447156573985e+02,-1.644659460049329027e+02
3.500000000000000333e-01,4.024253691825133927e+01,-1.363399873809684859e+00,-3.861400425867494164e+02,-1.455627245876129905e+02
3.599999999999999867e-01,3.895894671959020883e+01,-1.048331315579400291e+00,-3.163531385170290378e+02,-1.193488722856445321e+02
3.699999999999999956e-01,3.769325910743371111e+01,-7.134968571361000045e-01,-2.610856536341215701e+02,-8.935043402927311718e+01
3.800000000000000044e-01,3.644132236980480144e+01,-3.893348456593770934e-01,-2.186954840523372923e+02,-5.840498611879446145e+01
3.900000000000000133e-01,3.520689327176319239e+01,-9.953887477754815027e-02,-1.872437302328219459e+02,-2.864422249614097638e+01
4.000000000000000222e-01,3.399890350775248749e+01,1.393548131955600344e-01,-1.646767622440991090e+02,-1.521294880001097916e+00
4.100000000000000311e-01,3.282904205823052735e+01,3.177868967422728952e-01,-1.489821748199146327e+02,2.212541906165097672e+01
4.199999999999999845e-01,3.170973001065632957e+01,4.325401500049095849e-01,-1.383130341738533104e+02,4.198161110150382314e+01
4.299999999999999933e-01,3.065252652685235191e+01,4.857883127468071160e-01,-1.310775262017019429e+02,5.814933414515707000e+01
4.400000000000000022e-01,2.966697121775199264e+01,4.839577410452168826e-01,-1.259937020103226359e+02,7.103198140891691992e+01
4.500000000000000111e-01,2.875984078151324042e+01,4.365155277842109327e-01,-1.221113246160746542e+02,8.122080361289258121e+01
4.600000000000000200e-01,2.793477720880014914e+01,3.547782252356137533e-01,-1.188047257696048717e+02,8.939049123741725111e+01
4.700000000000000289e-01,2.719223131239456848e+01,2.508137681146149212e-01,-1.157419982950780479e+02,9.620968093162082369e+01
4.799999999999999822e-01,2.652965835858232069e+01,1.364876373527114939e-01,-1.128367324264888367e+02,1.022703818227186758e+02
4.899999999999999911e-01,2.594190126862734758e+01,2.268430936292862438e-02,-1.101888506231112217e+02,1.080384073576022672e+02
5.000000000000000000e-01,2.542170002356154868e+01,-8.128225936894745152e-02,-1.080209381941567415e+02,1.138250791773579067e+02
5.100000000000000089e-01,2.496027221168976951e+01,-1.680692968314697056e-01,-1.066158727854487722e+02,1.197788595168310621e+02
5.200000000000000178e-01,2.454791779045090649e+01,-2.325275826043367022e-01,-1.062606150144593897e+02,1.258942595463044256e+02
5.300000000000000266e-01,2.417460992465785452e+01,-2.717630601415017000e-01,-1.071998418769440917e+02,1.320344241384054840e+02
5.400000000000000355e-01,2.383054228609971403e+01,-2.850593253978290220e-01,-1.096017974177212011e+02,1.379632376345647344e+02
5.500000000000000444e-01,2.350661082630173127e+01,-2.736844696819277223e-01,-1.135374129403034544e+02,1.433826276392293551e+02
5.600000000000000533e-01,2.319481444564585715e+01,-2.406060800771103736e-01,-1.189725130437732759e+02,1.479709335105333139e+02
5.700000000000000622e-01,2.288856414219513979e+01,-1.901376800013895307e-01,-1.257718586654699635e+02,1.514186982498618192e+02
5.799999999999999600e-01,2.258289432233551608e+01,-1.275390685554084746e-01,-1.337129472232637397e+02,1.534589647633341656e+02
5.899999999999999689e-01,2.227457332914338650e+01,-5.859224429840463599e-02,-1.425069317366372559e+02,1.538900274962414869e+02
5.999999999999999778e-01,2.196211328688993802e+01,1.082598170857697849e-02,-1.518237492706074931e+02,1.525895226582270823e+02
6.099999999999999867e-01,2.164568243501855704e+01,7.515402917144704820e-02,-1.613185542015492047e+02,1.495196528672466059e+02
6.199999999999999956e-01,2.132692649171470478e+01,1.295181394843139266e-01,-1.706568028230490768e+02,1.447241630174698912e+02
6.300000000000000044e-01,2.100870934839078785e+01,1.700483746590708001e-01,-1.795357853528552710e+02,1.383183559959648221e+02
6.400000000000000133e-01,2.069478747261105411e+01,1.941206321254668465e-01,-1.877009908580083675e+02,1.304739197170894158e+02
6.500000000000000222e-01,2.038943653139244105e+01,2.005101144279155256e-01,-1.949563557862961716e+02,1.214006102445332544e+02
6.600000000000000311e-01,2.009705253811993231e+01,1.894457932630646824e-01,-2.011681235359253321e+02,1.113268981065733527e+02
6.700000000000000400e-01,1.982175278488810832e+01,1.625607907019616660e-01,-2.062626718863307929e+02,1.004815523862880440e+02
6.800000000000000488e-01,1.956700344200421071e+01,1.227400804974484727e-01,-2.102191977511681955e+02,8.907784053859198536e+01
6.900000000000000577e-01,1.933530054370135431e+01,7.387410262755755852e-02,-2.130585479043572263e+02,7.730160273612604271e+01
7.000000000000000666e-01,1.912792882622830959e+01,2.053422655408184555e-02,-2.148297279668215936e+02,6.530396592588563465e+01
7.099999999999999645e-01,1.894481843094831319e+01,-3.240718258059332307e-02,-2.155957030540035078e+02,5.319894467354368572e+01
7.199999999999999734e-01,1.878451295653666975e+01,-8.018376498302569322e-02,-2.154200294972097538e+02,4.106568089692121504e+01
7.299999999999999822e-01,1.864425411402943311e+01,-1.185372508716191209e-01,-2.143556479309639258e+02,2.895464423264063925e+01
7.399999999999999911e-01,1.852017890859088922e+01,-1.440814653586017235e-01,-2.124368535567791412e+02,1.689678146492064315e+01
7.500000000000000000e-01,1.840761562607944413e+01,-1.545967330662970651e-01,-2.096750758142891300e+02,4.914388585209082727e+00
7.600000000000000089e-01,1.830145583344542004e+01,-1.492277153015797997e-01,-2.060586861856414771e+02,-6.967607828409398074e+00
7.700000000000000178e-01,1.819657202148686537e+01,-1.285649711125572137e-01,-2.015566479807788767e+02,-1.871123429911065728e+01
7.800000000000000266e-01,1.808824525960599061e+01,-9.459999878231042936e-02,-1.961254604443988399e+02,-3.025704160180605840e+01
7.900000000000000355e-01,1.797256495421324729e+01,-5.055442673907777767e-02,-1.897185597177517309e+02,-4.151854207628626625e+01
8.000000000000000444e-01,1.784676390904918364e+01,-5.954246530874278843e-04,-1.822971411311362147e+02,-5.238008390416895566e+01
8.100000000000000533e-01,1.770945646651076544e+01,5.053977162552866775e-02,-1.738412717551963738e+02,-6.269839188031566124e+01
8.200000000000000622e-01,1.756075531132925605e+01,9.797815790427344407e-02,-1.643601704142234610e+02,-7.230766088092077837e+01
8.300000000000000711e-01,1.740225295327152466e+01,1.371654719805081857e-01,-1.539006369794896329e+02,-8.102777198186034013e+01
8.399999999999999689e-01,1.723686609225191191e+01,1.642991421261765228e-01,-1.425527987683127833e+02,-8.867493671960752977e+01
8.499999999999999778e-01,1.706855390738065381e+01,1.766985802382195769e-01,-1.304525887107473920e+02,-9.507388089463410097e+01
8.599999999999999867e-01,1.690193358387136868e+01,1.730763546382594331e-01,-1.177806535899242135e+02,-1.000705670093435486e+02
8.699999999999999956e-01,1.674182688176230727e+01,1.536820697576881667e-01,-1.047576859032755436e+02,-1.035444278069391260e+02
8.800000000000000044e-01,1.659277916471249270e+01,1.203020769634672721e-01,-9.163645549880229169e+01,-1.054191391208419617e+02
8.900000000000000133e-01,1.645859619094052206e+01,7.611145847613298709e-02,-7.869106575841665574e+01,-1.056710887138236501e+02
9.000000000000000222e-01,1.634194360117408351e+01,2.538884079220762868e-02,-6.620415673854961369e+01,-1.043348843409886371e+02
9.100000000000000311e-01,1.624404929965385236e+01,-2.688184559483798933e-02,-5.445291269744187446e+01,-1.015054708972326551e+02
9.200000000000000400e-01,1.616454012075407931e+01,-7.548688475422245248e-02,-4.369479800086946142e+01,-9.733667357428960543e+01
9.300000000000000488e-01,1.610143202586261069e+01,-1.154912497344695588e-01,-3.415394339043936611e+01,-9.203623192070665482e+01
9.400000000000000577e-01,1.605127865985111413e+01,-1.427312213379342276e-01,-2.600903908926786556e+01,-8.585762067464860081e+01
9.500000000000000666e-01,1.600946775338180572e+01,-1.542424875109395244e-01,-1.938347154016392437e+01,-7.908915221289933584e+01
9.599999999999999645e-01,1.597064006474931297e+01,-1.485799849636781633e-01,-1.433827914252019475e+01,-7.204101117537801713e+01
9.699999999999999734e-01,1.592919278787021931e+01,-1.259951208250497112e-01,-1.086831338728553220e+01,-6.503097724984365868e+01
9.799999999999999822e-01,1.587981993633794531e+01,-8.844906110959328827e-02,-8.901789988984269542e+00,-5.836964448457714383e+01
9.899999999999999911e-01,1.581803718542306392e+01,-3.945632696232015402e-02,-8.303213996681831688e+00,-5.234594606451270238e+01
1.000000000000000000e+00,1.574063865342864332e+01,1.623045539843333621e-02,-8.879475789351499060e+00,-4.721374684818979972e+01
1.010000000000000009e+00,1.564603829365656651e+01,7.306775616865880674e-02,-1.038875132090071141e+01,-4.318017931363256423e+01
1.020000000000000018e+00,1.553445860300232439e+01,1.252595119977512883e-01,-1.255170720705237208e+01,-4.039628077996644606e+01
1.030000000000000027e+00,1.540794339661538004e+01,1.673355987032765502e-01,-1.506441359889585740e+01,-3.895035051639143120e+01
1.040000000000000036e+00,1.527018818960673485e+01,1.947137976836326445e-01,-1.761230690782760178e+01,-3.886429423471330580e+01
1.050000000000000044e+00,1.512619969236613571e+01,2.041885470020669557e-01,-1.988451962153476060e+01,-4.009306938094270123e+01
1.060000000000000053e+00,1.498181332341049021e+01,1.942952987281369448e-01,-2.158790311550623997e+01,-4.252719529043452695e+01
1.070000000000000062e+00,1.484311272914199442e+01,1.655101018600701468e-01,-2.246010766438331885e+01,-4.599815387306914971e+01
1.080000000000000071e+00,1.471580650066789886e+01,1.202591980283660711e-01,-2.228114720043708985e+01,-5.028638373178887377e+01
1.090000000000000080e+00,1.460462335314690208e+01,6.273159568244876527e-02,-2.088295990454803075e+01,-5.513146672972550277e+01
1.100000000000000089e+00,1.451278720782328513e+01,-1.492925579844690039e-03,-1.815657470824337238e+01,-6.024402303083487453e+01
1.110000000000000098e+00,1.444162767360032618e+01,-6.596902563963825961e-02,-1.405660382517294060e+01,-6.531876964166198718e+01
1.120000000000000107e+00,1.439036974430333160e+01,-1.240164509469613013e-01,-8.602898520879152855e+00,-7.004815894436373469e+01
1.130000000000000115e+00,1.435613007104339722e+01,-1.693961124263351214e-01,-1.879325843634255477e+00,-7.413599772630080054e+01
1.140000000000000124e+00,1.433412740346162551e+01,-1.969649190631882207e-01,5.970255415366326091e+00,-7.731045366856395162e+01
1.150000000000000133e+00,1.431809356486482265e+01,-2.032424394927052624e-01,1.474862402104004389e+01,-7.933588490198718546e+01
1.159999999999999920e+00,1.430085069008962151e+01,-1.868288835749313537e-01,2.421412484810788257e+01,-8.002297862852209676e+01
1.169999999999999929e+00,1.427500248204131594e+01,-1.486265927706296452e-01,3.409149062105843342e+01,-7.923675614902016662e+01
1.179999999999999938e+00,1.423367381573716095e+01,-9.183517265288521081e-02,4.408406507517464945e+01,-7.690209258491488242e+01
1.189999999999999947e+00,1.417122563982196937e+01,-2.171200772112131736e-02,5.388686855058529090e+01,-7.300650797674215653e+01
1.199999999999999956e+00,1.408387175609020048e+01,5.488683777046355489e-02,6.319990234816064145e+01,-6.760010911149679202e+01
1.209999999999999964e+00,1.397013100327154689e+01,1.301476532648539186e-01,7.174106973772676099e+01,-6.079269403442386732e+01
1.219999999999999973e+00,1.383106222836257970e+01,1.960645530910004597e-01,7.925810226266233371e+01,-5.274816821071910056e+01
1.229999999999999982e+00,1.367024909674858080e+01,2.452570084971546771e-01,8.553892168964250686e+01,-4.367655612313301106e+01
1.239999999999999991e+00,1.349352555585044477e+01,2.717587920986149763e-01,9.041994077170500077e+01,-3.382401734076377409e+01
1.250000000000000000e+00,1.330845843990040223e+01,2.716971118343603497e-01,9.379190816727368940e+01,-2.346138403769936076e+01
1.260000000000000009e+00,1.312362882424595867e+01,2.437882093650910742e-01,9.560303051119771567e+01,-1.287182004771086774e+01
1.270000000000000018e+00,1.294777579905240117e+01,1.895908657098923367e-01,9.585925175790437436e+01,-2.338253124013222717e+00
1.280000000000000027e+00,1.278888302402573807e+01,1.134809234123047017e-01,9.462172855979554242e+01,7.868753062145449562e+00
1.290000000000000036e+00,1.265329786716618443e+01,2.233624235749200743e-02,9.200170111073131807e+01,1.750204559614862987e+01
1.300000000000000044e+00,1.254497387106150441e+01,-7.504993486844327433e-02,8.815311112991074083e+01,2.634727134157112260e+01
1.310000000000000053e+00,1.246491925680647128e+01,-1.687811357378299071e-01,8.326345184051122317e+01,3.423013517156951480e+01
1.320000000000000062e+00,1.241091755101208882e+01,-2.488244086127433252e-01,7.754343891089499152e+01,4.102119003290283672e+01
1.330000000000000071e+00,1.237756244304478059e+01,-3.060417454661186198e-01,7.121615789037647914e+01,4.663798165229854220e+01
1.340000000000000080e+00,1.235661965675735985e+01,-3.331852260400531285e-01,6.450636653004022492e+01,5.104454482529416737e+01
1.350000000000000089e+00,1.233769657377635909e+01,-3.257533522006592075e-01,5.763060637481459025e+01,5.424842416760357366e+01
1.360000000000000098e+00,1.230916857954154509e+01,-2.826145163462680521e-01,5.078870744756383715e+01,5.629555706015806749e+01
1.370000000000000107e+00,1.225928273787618750e+01,-2.063217453718096672e-01,4.415715666847012955e+01,5.726349763370658508e+01
1.380000000000000115e+00,1.217733737325743171e+01,-1.030694923513056638e-01,3.788465234331209075e+01,5.725356667934197930e+01
1.390000000000000124e+00,1.205482292015885726e+01,1.772385389577922632e-02,3.208999419225476402e+01,5.638257431865584834e+01
1.400000000000000133e+00,1.188640672606140392e+01,1.441877809969150936e-01,2.686227393234019090e+01,5.477477428677798343e+01
1.409999999999999920e+00,1.167065318166762111e+01,2.630694878150705018e-01,2.226314973595791358e+01,5.255466875852736308e+01
1.419999999999999929e+00,1.141039036276251117e+01,3.610125713600917940e-01,1.833082359813082718e+01,4.984119292443991611e+01
1.429999999999999938e+00,1.111266399133510774e+01,4.259293549365700260e-01,1.508520744676656378e+01,4.674367529276595690e+01
1.439999999999999947e+00,1.078825664362114978e+01,4.483353223959654632e-01,1.253367327942811293e+01,4.335980303577720463e+01
1.449999999999999956e+00,1.045079160011274766e+01,4.225096270933749731e-01,1.067674307976774273e+01,3.977563477528609326e+01
1.459999999999999964e+00,1.011548281871880128e+01,3.473540777040363126e-01,9.513090122136434346e+00,3.606751125667977931e+01
1.469999999999999973e+00,9.797631230155479543e+00,2.268443049417173951e-01,9.043294365465023077e+00,3.230553350260681356e+01
1.479999999999999982e+00,9.510999018269279404e+00,6.999970611291798928e-02,9.271916166490189681e+00,2.855812390787228239e+01
1.489999999999999991e+00,9.266214338971479947e+00,-1.096591874240731845e-01,1.020761531134496636e+01,2.489707216840071879e+01
1.500000000000000000e+00,9.069366439764333876e+00,-2.951494988656497287e-01,1.186123342367312183e+01,2.140240572321814483e+01
1.510000000000000009e+00,8.920943848278213295e+00,-4.674951793584753990e-01,1.424196143793491132e+01,1.816642027661976755e+01
1.520000000000000018e+00,8.815245970542385123e+00,-6.075144056683576821e-01,1.735191279191589331e+01,1.529626196633147117e+01
1.530000000000000027e+00,8.740362220737482701e+00,-6.977741350884130167e-01,2.117959995610360124e+01,1.291456581416774618e+01
1.540000000000000036e+00,8.678765179688689102e+00,-7.245334221108111761e-01,2.569295090928193659e+01,1.115781726792237372e+01
1.550000000000000044e+00,8.608508923121108936e+00,-6.794846261719065250e-01,3.083258997494919029e+01,1.017230255229350533e+01
1.560000000000000053e+00,8.504965165572839325e+00,-5.611061339230493106e-01,3.650613478481655960e+01,1.010773335945933660e+01
1.570000000000000062e+00,8.342973380015889617e+00,-3.754623888171810808e-01,4.258422360003420692e+01,1.110885406865465441e+01
1.580000000000000071e+00,8.099231849802627892e+00,-1.363260232057804389e-01,4.889888569607996516e+01,1.330554636828290249e+01
1.590000000000000080e+00,7.754719624966801561e+00,1.354496736623989894e-01,5.524470829244129533e+01,1.680211884127901811e+01
1.600000000000000089e+00,7.296918735224436681e+00,4.133156673780186141e-01,6.138304786917677092e+01,2.166659206825762141e+01
1.610000000000000098e+00,6.721604707326550354e+00,6.671075101919395900e-01,6.704929711901920086e+01,2.792085109829887557e+01
1.620000000000000107e+00,6.033992878607088883e+00,8.656896136961790278e-01,7.196296968024445562e+01,3.553252950343387795e+01
1.630000000000000115e+00,5.249067905744242424e+00,9.799687312967672037e-01,7.584012314864081361e+01,4.440941091893946435e+01
1.640000000000000124e+00,4.390982167472250453e+00,9.860308701736620884e-01,7.840742654934655320e+01,5.439698896696096853e+01
1.650000000000000133e+00,3.491481682423668076e+00,8.681222467249510855e-01,7.941700960381724883e+01,6.527962428421308516e+01
1.660000000000000142e+00,2.587400472837440457e+00,6.211828036059270364e-01,7.866112264697650858e+01,7.678549239952189964e+01
1.669999999999999929e+00,1.717349667979337635e+00,2.526527096870033740e-01,7.598559830449005403e+01,8.859524657864406549e+01
1.679999999999999938e+00,9.178091022956847977e-01,-2.166912081329487871e-01,7.130114395709023256e+01,1.003540459772999611e+02
1.689999999999999947e+00,2.188996932314886124e-01,-7.530523823059930288e-01,6.459160659797855430e+01,1.116863427620193931e+02
1.699999999999999956e+00,-3.598320439837294771e-01,-1.311188411631193151e+00,5.591853199863768253e+01,1.222126025519879136e+02
1.709999999999999964e+00,-8.132558369537181697e-01,-1.837251266139406480e+00,4.542157575309082773e+01,1.315669682792849358e+02
1.719999999999999973e+00,-1.153761025390537043e+00,-2.272800722912304394e+00,3.331459785967305010e+01,1.394147819876592962e+02
1.729999999999999982e+00,-1.413282112437094007e+00,-2.559795194707216837e+00,1.987756488624779649e+01,1.454688606444641721e+02
1.739999999999999991e+00,-1.643961214915266034e+00,-2.646269022886135414e+00,5.444672657312604080e+00,1.495034832893514363e+02
1.750000000000000000e+00,-1.917242300537094213e+00,-2.492325778830319027e+00,-9.610633937291339635e+00,1.513651842141234738e+02
1.760000000000000009e+00,-2.321293745782812667e+00,-2.076020211326332632e+00,-2.489284895107965312e+01,1.509796508997433762e+02
1.770000000000000018e+00,-2.956772354799769964e+00,-1.398672838577837085e+00,-4.000274951075359553e+01,1.483542814988401233e+02
1.780000000000000027e+00,-3.931065587866343414e+00,-4.891645564843013494e-01,-5.455576153578591203e+01,1.435762460784127086e+02
1.790000000000000036e+00,-5.351270513419148500e+00,5.932044982803467148e-01,-6.819920986666090812e+01,1.368061973777181208e+02
1.800000000000000044e+00,-7.316278837473291219e+00,1.757638203413361522e+00,-8.062739346146213393e+01,1.282680683118177569e+02
1.810000000000000053e+00,-9.908428639269420302e+00,2.882797721810079317e+00,-9.159357886927926984e+01,1.182356534766789053e+02
1.820000000000000062e+00,-1.318524762211785628e+01,3.819910837586397712e+00,-1.009182210493567027e+02,1.070168815449998334e+02
1.830000000000000071e+00,-1.717184394919927826e+01,4.398025821015243864e+00,-1.084929836795698321e+02,9.493682962973423400e+01
1.840000000000000080e+00,-2.185449543633407288e+01,4.431254002296907579e+00,-1.142804218630187023e+02,8.232059939697883522e+01
1.850000000000000089e+00,-2.717594488763647576e+01,3.727704066507767422e+00,-1.183094871774034260e+02,6.947716363137551809e+01
1.860000000000000098e+00,-3.303283020651807078e+01,2.099682918806568654e+00,-1.206672966627998704e+02,5.668520279664470252e+01
1.870000000000000107e+00,-3.927556671108170150e+01,-6.253679452452367560e-01,-1.214878533738868072e+02,4.418179138533836436e+01
1.880000000000000115e+00,-4.571086229548831881e+01,-4.593807372603807337e+00,-1.209385992366079137e+02,3.215457614512996543e+01
1.890000000000000124e+00,-5.210689209760946738e+01,-9.915247159999831084e+00,-1.192058080548465426e+02,2.073782932444592575e+01
1.900000000000000133e+00,-5.820099790321273758e+01,-1.665316844686883613e+01,-1.164798796365543154e+02,1.001247936644401015e+01
1.910000000000000142e+00,-6.370961906542939346e+01,-2.481730693388882614e+01,-1.129415727944837045e+02,9.939685895538260055e-03
1.919999999999999929e+00,-6.834001662965587798e+01,-3.435833184198137502e+01,-1.087501187378319969e+02,-9.280706389862718453e+00
1.929999999999999938e+00,-7.180323024579183766e+01,-4.516522874919079555e+01,-1.040339957054845854e+02,-1.790283131240056491e+01
1.939999999999999947e+00,-7.382761650344590976e+01,-5.706565376403049328e+01,-9.888493369871342509e+01,-2.592053842088230553e+01
1.949999999999999956e+00,-7.417226372285603020e+01,-6.982936455390000674e+01,-9.335547134634785493e+01,-3.340603340795772169e+01
1.959999999999999964e+00,-7.263956573635724112e+01,-8.317466248296248921e+01,-8.746012383689905789e+01,-4.042707741980613179e+01
1.969999999999999973e+00,-6.908626689908295759e+01,-9.677761008012066668e+01,-8.117996065432640762e+01,-4.703547484675010537e+01
1.979999999999999982e+00,-6.343236084995574231e+01,-1.102836297115592856e+02,-7.447015290422616829e+01,-5.325745046554470719e+01
1.989999999999999991e+00,-5.566733219747679584e+01,-1.233209523347786813e+02,-6.726984850832823781e+01,-5.908661501968656893e+01
2.000000000000000000e+00,-4.585336685098582166e+01,-1.355152777958646766e+02,-5.951358240583045500e+01,-6.448001833780477909e+01
2.010000000000000231e+00,-3.412531487180956447e+01,-1.465049365851402285e+02,-5.114333697806737433e+01,-6.935756014178353723e+01
2.020000000000000018e+00,-2.068735996593227000e+01,-1.559558112533341614e+02,-4.212033950428234874e+01,-7.360478767124314459e+01
2.030000000000000249e+00,-5.806521984106261414e+00,-1.635752852496127616e+02,-3.243571820006298623e+01,-7.707887317580703268e+01
2.040000000000000036e+00,1.019671697517149589e+01,-1.691245366599606541e+02,-2.211923151971955193e+01,-7.961734912766142713e+01
2.049999999999999822e+00,2.696022533826934264e+01,-1.724285806793584186e+02,-1.124542831588626512e+01,-8.104899841807988992e+01
2.060000000000000053e+00,4.409391455941727855e+01,-1.733835820218625372e+02,6.322247221790922023e-02,-8.120616149694960484e+01
2.069999999999999840e+00,6.119466214156117445e+01,-1.719610995673073432e+02,1.163648831442994691e+01,-7.993763942153454138e+01
2.080000000000000071e+00,7.786176164054177207e+01,-1.682090819239921871e+02,2.325985588036134644e+01,-7.712134420255075895e+01
2.089999999999999858e+00,9.371217949968750816e+01,-1.622495952431518447e+02,3.468116904270516443e+01,-7.267587488220534908e+01
2.100000000000000089e+00,1.083949193643089046e+02,-1.542734245503252737e+02,4.562005746291678321e+01,-6.657027508554955375e+01
2.109999999999999876e+00,1.216038503613481652e+02,-1.445318386105426782e+02,5.577962647485016134e+01,-5.883134797233164193e+01
2.120000000000000107e+00,1.330884424719932895e+02,-1.333259384942315080e+02,6.485975185616558747e+01,-4.954805791991032748e+01
2.129999999999999893e+00,1.426619638725452432e+02,-1.209941155353403559e+02,7.257123912349020145e+01,-3.887272378756394886e+01
2.140000000000000124e+00,1.502068252262215537e+02,-1.078982209055501897e+02,7.865006873274835186e+01,-2.701889457817858897e+01
2.149999999999999911e+00,1.556768970486483568e+02,-9.440909398901497696e+01,8.287095553499638356e+01,-1.425598331351755377e+01
2.160000000000000142e+00,1.590967709907375820e+02,-8.089210934448976786e+01,8.505949987211347718e+01,-9.009085460512112897e-01
2.169999999999999929e+00,1.605580770276507678e+02,-6.769338318800960508e+01,8.510229343297866933e+01,1.269285372672081635e+01
2.180000000000000160e+00,1.602130996084187586e+02,-5.512723241176299638e+01,8.295445844353466214e+01,2.614827881962202127e+01
2.189999999999999947e+00,1.582660512349648343e+02,-4.346540579191729847e+01,7.864423594791888661e+01,3.907923964946353834e+01
2.200000000000000178e+00,1.549624572483581346e+02,-3.292851276965944152e+01,7.227438947727475238e+01,5.110570773621447671e+01
2.209999999999999964e+00,1.505771775673338198e+02,-2.367996516116423322e+01,6.402034607914004027e+01,6.186900148867955096e+01
2.220000000000000195e+00,1.454016377444390855e+02,-1.582262681094930556e+01,5.412514987828076585e+01,7.104638357623652212e+01
2.229999999999999982e+00,1.397308621509432669e+02,-9.398241028428349964e+00,4.289144737302608945e+01,7.836434956451432754e+01
2.240000000000000213e+00,1.338508966170090559e+02,-4.389580926424578422e+00,3.067085297795063070e+01,8.361001775689267390e+01
2.250000000000000000e+00,1.280271776175216019e+02,-7.251484374108390085e-01,1.785115354235677287e+01,8.664012086778384969e+01
2.260000000000000231e+00,1.224943520713121501e+02,1.713861737498990401e+00,4.841898515476870557e+00,8.738720890772026451e+01
2.270000000000000018e+00,1.174479786191284916e+02,3.084712797170044318e+00,-7.941014022662704619e+00,8.586279451091508008e+01
2.280000000000000249e+00,1.130384509853804502e+02,3.572849460738585670e+00,-2.009110727653672512e+01,8.215730196868574353e+01
2.290000000000000036e+00,1.093673802443859699e+02,3.380711929846015984e+00,-3.122679142165092969e+01,7.643681469651377824e+01
2.300000000000000266e+00,1.064865593710344172e+02,2.716194813459233526e+00,-4.100587863586148529e+01,6.893674821250036189e+01
2.310000000000000053e+00,1.043995145011091097e+02,1.781319561689975073e+00,-4.913853972344836052e+01,5.995270259436347260e+01
2.319999999999999840e+00,1.030655272266260170e+02,7.616787442355581472e-01,-5.539815684836346321e+01,4.982886564093819004e+01
2.330000000000000071e+00,1.024058955501496513e+02,-1.828239774012671848e-01,-5.962961088852586755e+01,3.894444158307444326e+01
2.339999999999999858e+00,1.023120924698191914e+02,-9.254724795441128249e-01,-6.175464519230951765e+01,2.769866633516156185e+01
2.350000000000000089e+00,1.026553852252466044e+02,-1.378090059199317929e+00,-6.177406694997171854e+01,1.649503536240560209e+01
2.359999999999999876e+00,1.032973995413852464e+02,-1.493959439862456051e+00,-5.976667915113141305e+01,5.725411037682184734e+00
2.370000000000000107e+00,1.041010560011513064e+02,-1.268142549769474270e+00,-5.588497559156688510e+01,-4.245309799429294983e+00
2.379999999999999893e+00,1.049412736813007143e+02,-7.351607946044372843e-01,-5.034777329428901282e+01,-1.309330239170666310e+01
2.390000000000000124e+00,1.057148323629647990e+02,3.586728371423000827e-02,-4.343009507075138487e+01,-2.054807379970295500e+01
2.399999999999999911e+00,1.063488109224946072e+02,9.483968162813428693e-01,-3.545074338779924972e+01,-2.640232904222436261e+01
2.410000000000000142e+00,1.068070765943362375e+02,1.887570039286051493e+00,-2.675811870079498433e+01,-3.051899855053395427e+01
2.419999999999999929e+00,1.070943868634185776e+02,2.730787354977179504e+00,-1.771492466205974026e+01,-3.283510769167575205e+01
2.430000000000000160e+00,1.072577803351758519e+02,3.359151434328069730e+00,-8.682463458167029913e+00,-3.336231414365585835e+01
2.439999999999999947e+00,1.073850708798731546e+02,3.669126343688108527e+00,-5.252397333298741700e-03,-3.218409666477197817e+01
2.450000000000000178e+00,1.076004148137145933e+02,3.583712175485307849e+00,8.003315304454002188e+00,-2.944974161728045559e+01
2.459999999999999964e+00,1.080570865089281654e+02,3.062430563080210888e+00,1.507358799616153178e+01,-2.536543295918226804e+01
2.470000000000000195e+00,1.089277650412454790e+02,2.109450524047104203e+00,2.098995548691684832e+01,-2.018289842491533648e+01
2.479999999999999982e+00,1.103927938951610912e+02,7.792580009837922761e-01,2.559835035344281096e+01,-1.418619060342171068e+01
2.490000000000000213e+00,1.126270176670013967e+02,-8.206153640348108347e-01,2.881061221591176391e+01,-7.677278734086682377e+00
2.500000000000000000e+00,1.157859147408662750e+02,-2.530142323816725547e+00,3.060553948490933607e+01,-9.611888320983430489e-01
2.510000000000000231e+00,1.199918245996153132e+02,-4.140792968337614788e+00,3.102662745772738617e+01,5.668548279879455087e+00
2.520000000000000018e+00,1.253211058662861888e+02,-5.402941209717301518e+00,3.017666744260785450e+01,1.194340146657812340e+01
2.530000000000000249e+00,1.317930515777461267e+02,-6.036453440843454921e+00,2.820954840752199644e+01,1.763161825638948699e+01
2.540000000000000036e+00,1.393613294067073696e+02,-5.744028772082427459e+00,2.531975038836840142e+01,2.254770014415184320e+01
2.550000000000000266e+00,1.479086073425039842e+02,-4.226676038289645554e+00,2.173013848291737915e+01,2.655912863385562517e+01
2.560000000000000053e+00,1.572448735730634439e+02,-1.200555543162356464e+00,1.767875033081441671e+01,2.959005377942739301e+01
2.569999999999999840e+00,1.671097698676547623e+02,3.585705765173700765e+00,1.340531341799979792e+01,3.162182950600916698e+01
2.580000000000000071e+00,1.771790402871319259e+02,1.033418914350482787e+01,9.138228874698105741e+00,3.269045706321799116e+01
2.589999999999999858e+00,1.870749634678458904e+02,1.918233074324588472e+01,5.082716032879600832e+00,3.288116865317923043e+01
2.600000000000000089e+00,1.963804005698046069e+02,3.018998293671828748e+01,1.410730069274581222e+00,3.232053715930393167e+01
2.609999999999999876e+00,2.046558665774085171e+02,4.332973656409215835e+01,-1.746850634128880753e+00,3.116662578531442307e+01
2.620000000000000107e+00,2.114588342049968048e+02,5.848119991240562143e+01,-4.305412302317880524e+00,2.959778599523404807e+01
2.629999999999999893e+00,2.163643203399065555e+02,7.542973291151228921e+01,-6.228971527599993507e+00,2.780076850886714013e+01
2.640000000000000124e+00,2.189856959262986607e+02,9.386990121108819096e+01,-7.529685717743532791e+00,2.595882803185142151e+01
2.649999999999999911e+00,2.189946098336980924e+02,1.134136575401293925e+02,-8.264634683955183192e+00,2.424047844381176375e+01
2.660000000000000142e+00,2.161389304977520567e+02,1.336029920241640241e+02,-8.530145661174081795e+00,2.278949453732493424e+01
2.669999999999999929e+00,2.102576870118162446e+02,1.539265349230160211e+02,-8.454057792106420166e+00,2.171666460154143152e+01
2.680000000000000160e+00,2.012921308568064092e+02,1.738393605052893918e+02,-8.186417448469638813e+00,2.109368246930153745e+01
2.689999999999999947e+00,1.892922335659642954e+02,1.927850443664717091e+02,-7.889158710196502611e+00,2.094943652962761149e+01
2.700000000000000178e+00,1.744181736891927130e+02,2.102188812101238398e+02,-7.725352332007343392e+00,2.126881551812964588e+01
2.709999999999999964e+00,1.569366348029234928e+02,2.256310857526543714e+02,-7.848602448884363980e+00,2.199401523540219827e+01
2.720000000000000195e+00,1.372120191956375095e+02,2.385687821065739058e+02,-8.393136096501871535e+00,2.302820439654264462e+01
2.729999999999999982e+00,1.156929622742560753e+02,2.486556387203500833e+02,-9.465071047303329266e+00,2.424129784335653781e+01
2.740000000000000213e+00,9.289479364808623529e+01,2.556081243405522514e+02,-1.113526834528601306e+01,2.547749583344689484e+01
2.750000000000000000e+00,6.937881627676161145e+01,2.592475389111585855e+02,-1.343408366940195720e+01,2.656418159470140949e+01
2.760000000000000231e+00,4.572945115471632249e+01,2.595072013871630361e+02,-1.634823261382877035e+01,2.732172643401304057e+01
2.770000000000000018e+00,2.253041092735871942e+01,2.564344404782108882e+02,-1.981988488577084340e+01,2.757373136878001674e+01
2.780000000000000249e+00,3.411145398940031992e-01,2.501873184073105847e+02,-2.374800599957561076e+01,2.715723415450020539e+01
2.790000000000000036e+00,-2.032546630531065901e+01,2.410263046553135098e+02,-2.799187570259274338e+01,2.593242752498078119e+01
2.800000000000000266e+00,-3.902242785377239898e+01,2.293013890095422767e+02,-3.237663213049716404e+01,2.379146494318938565e+01
2.810000000000000053e+00,-5.538507338824915394e+01,2.154353646885048192e+02,-3.670062029497220379e+01,2.066597086590819288e+01
2.819999999999999840e+00,-6.914282686255140220e+01,1.999042085834666409e+02,-4.074426266202489444e+01,1.653292074400863143e+01
2.830000000000000071e+00,-8.012642181941855313e+01,1.832156254391337029e+02,-4.428011734782582920e+01,1.141860989518315606e+01
2.839999999999999858e+00,-8.827013516427591355e+01,1.658868984875334149e+02,-4.708374471868311417e+01,5.400489195133378217e+00
2.850000000000000089e+00,-9.360911175640214310e+01,1.484231972047519434e+02,-4.894496509463847644e+01,-1.393290611089584852e+00
2.859999999999999876e+00,-9.627209283851024679e+01,1.312974343554749908e+02,-4.967905868388707091e+01,-8.786714403933013173e+00
2.870000000000000107e+00,-9.647010308565006653e+01,1.149326443952303123e+02,-4.913743467949525723e+01,-1.656112952809410643e+01
2.879999999999999893e+00,-9.448185349486709583e+01,9.968768246729675298e+01,-4.721728162934303441e+01,-2.446279046554201386e+01
2.890000000000000124e+00,-9.063676926793526434e+01,8.584682963315256643e+01,-4.386970882257019611e+01,-3.221255427346812894e+01
2.899999999999999911e+00,-8.529664556890401172e+01,7.361364984560029256e+01,-3.910590241578206161e+01,-3.951745848009614548e+01
2.910000000000000142e+00,-7.883696578884605799e+01,6.310919301069811382e+01,-3.300085461061384962e+01,-4.608380663657444387e+01
2.919999999999999929e+00,-7.162888699773277779e+01,5.437439199614227903e+01,-2.569428341629533108e+01,-5.163127921052937097e+01
2.930000000000000160e+00,-6.402280979466802080e+01,4.737627450395069673e+01,-1.738844748453385947e+01,-5.590748504843885769e+01
2.939999999999999947e+00,-5.633431247619406435e+01,4.201741642098719609e+01,-8.342676653214798677e+00,-5.870227890267248938e+01
2.950000000000000178e+00,-4.883305289582776254e+01,3.814791208846938986e+01,1.135416627860865724e+00,-5.986110230632925067e+01
2.959999999999999964e+00,-4.173503822131012697e+01,3.557903620012196200e+01,1.070191045513071515e+01,-5.929656758546028072e+01
2.970000000000000195e+00,-3.519844679069755244e+01,3.409772551174332733e+01,1.999140906837602216e+01,-5.699750674932745653e+01
2.979999999999999982e+00,-2.932297138889288490e+01,3.348101634135448279e+01,2.863422243321553040e+01,-5.303475566046029854e+01
2.990000000000000213e+00,-2.415245272233890361e+01,3.350963258723623994e+01,3.627517852782446539e+01,-4.756304407167347392e+01
3.000000000000000000e+00,-1.968039727177622922e+01,3.398002221872307871e+01,4.259318183603392072e+01,-4.081851529461842887e+01
3.010000000000000231e+00,-1.585783436564199889e+01,3.471427891446945324e+01,4.732048905673760686e+01,-3.311160285930964875e+01
3.020000000000000018e+00,-1.260286975445768753e+01,3.556754896575807123e+01,5.026057817030216057e+01,-2.481523851586950968e+01
3.030000000000000249e+00,-9.811240609810017332e+00,3.643269999670282289e+01,5.130345310225072808e+01,-1.634864481308174078e+01
3.040000000000000036e+00,-7.367170012042642213e+00,3.724220562910205956e+01,5.043726372124350377e+01,-8.157260642640448367e+00
3.050000000000000266e+00,-5.153854949497286064e+00,3.796736777531674534e+01,4.775523604788979526e+01,-6.896406137546444715e-01
3.060000000000000053e+00,-3.062995345918771761e+00,3.861514601559473192e+01,4.345710135656793227e+01,5.627562184967707104e+00
3.070000000000000284e+00,-1.002875301943430664e+00,3.922298371482180102e+01,3.784448042955089875e+01,1.041519734080408988e+01
3.080000000000000071e+00,1.095367212709037696e+00,3.985210773220902070e+01,3.131000950096516533e+01,1.336631263922040347e+01
3.089999999999999858e+00,3.273509074926641560e+00,4.057982991927677574e+01,2.432037040492880209e+01,1.426838173729434445e+01
3.100000000000000089e+00,5.544136785521430966e+00,4.149139380484034945e+01,1.739378695031376054e+01,1.302152665558081246e+01
3.109999999999999876e+00,7.890622379499082406e+00,4.267189104490444862e+01,1.107294652037398031e+01,9.651327507427959418e+00
3.120000000000000107e+00,1.026901730670581081e+01,4.419872354323960906e+01,5.894672081041279377e+00,4.315046656089308819e+00
3.129999999999999893e+00,1.261160332942483286e+01,4.613501439547732730e+01,2.357976748433152636e+00,-2.699573369709556303e+00
3.140000000000000124e+00,1.483176631658972155e+01,4.852428080382904341e+01,8.923544142594033168e-01,-1.098336486431252546e+01
3.149999999999999911e+00,1.682981241966419361e+01,5.138658216341321605e+01,1.828273490157342529e+00,-2.002259640085972237e+01
3.160000000000000142e+00,1.849932664982089037e+01,5.471625387195880563e+01,5.371830698957609229e+00,-2.922309096427669672e+01
3.169999999999999929e+00,1.973367969035887626e+01,5.848123872037463400e+01,1.158538002888723639e+01,-3.794055049577525551e+01
3.180000000000000160e+00,2.043231671976474217e+01,6.262393864720336012e+01,2.037567956941176206e+01,-4.551557417474386824e+01
3.189999999999999947e+00,2.050650782114833603e+01,6.706343455787366281e+01,3.149070664555793186e+01,-5.131146813543968932e+01
3.200000000000000178e+00,1.988429826280797741e+01,7.169886372987831180e+01,4.452579951805422098e+01,-5.475265904808565409e+01
3.209999999999999964e+00,1.851446336141407301e+01,7.641370445500994890e+01,5.893922039745116592e+01,-5.536136897093506093e+01
3.220000000000000195e+00,1.636934176408393427e+01,8.108069599681132900e+01,7.407663486845750356e+01,-5.279020202525949657e+01
3.229999999999999982e+00,1.344648831195938143e+01,8.556711741776862823e+01,8.920340675816302678e+01,-4.684844295374564638e+01
3.240000000000000213e+00,9.769149470811381519e+00,8.974015913728814553e+01,1.035430564823057011e+02,-3.752017085320189693e+01
3.250000000000000000e+00,5.385617890604895486e+00,9.347214333811452036e+01,1.163197651925832474e+02,-2.497273451948952783e+01
3.260000000000000231e+00,3.675662726704602701e-01,9.664538033138468620e+01,1.268024625614597909e+02,-9.554694448923482852e+00
3.270000000000000018e+00,-5.192506332663983315e+00,9.915648448249302760e+01,1.343478415808167199e+02,8.217023155844255911e+00
3.280000000000000249e+00,-1.118456022973136932e+01,1.009200123035301857e+02,1.384396185662325536e+02,2.768033398200084960e+01
3.290000000000000036e+00,-1.748486438555254097e+01,1.018713243032350277e+02,1.387215085583235350e+02,4.806046203446212672e+01
3.300000000000000266e+00,-2.396023636171716831e+01,1.019686092150662375e+02,1.350217110714947353e+02,6.850993710533967374e+01
3.310000000000000053e+00,-3.047250192285020276e+01,1.011940430096395147e+02,1.273671818036449821e+02,8.815386641521030242e+01
3.320000000000000284e+00,-3.688301036276178735e+01,9.955408497976520721e+01,1.159865740416990576e+02,1.061378295614829028e+02
3.330000000000000071e+00,-4.305705202796562503e+01,9.707893904876866031e+01,1.013014307762678783e+02,1.216755176781330761e+02
3.339999999999999858e+00,-4.886803720091828040e+01,9.382123058960867468e+01,8.390594934489614332e+01,1.340931949833016574e+02
3.350000000000000089e+00,-5.420130960655098562e+01,8.985396799431012482e+01,6.453637494274221353e+01,1.428682107449477314e+02
3.359999999999999876e+00,-5.895748290023377791e+01,8.526787461752847719e+01,4.403175710617043848e+01,1.476591257345762642e+02
3.370000000000000107e+00,-6.305520451819103300e+01,8.016819107095757602e+01,2.328837683370149847e+01,1.483255197718232239e+02
3.379999999999999893e+00,-6.643326842836162882e+01,7.467106049619629005e+01,3.210580429607571951e+00,1.449361841721868132e+02
3.390000000000000124e+00,-6.905201696297494607e+01,6.889962043372025846e+01,-1.533899187590955648e+01,1.377651329593807645e+02
3.399999999999999911e+00,-7.089399240049169748e+01,6.297993395882426881e+01,-3.158673822897521433e+01,1.272756406206712114e+02
3.410000000000000142e+00,-7.196382151568730023e+01,5.703689930374335404e+01,-4.489008920987958362e+01,1.140932793241256746e+02
3.419999999999999929e+00,-7.228734089852025591e+01,5.119028044324867466e+01,-5.477160247095593348e+01,9.896963234823552114e+01
3.430000000000000160e+00,-7.190999708030224724e+01,4.555100019974808134e+01,-6.094310539875591815e+01,8.273895439536779861e+01
3.439999999999999947e+00,-7.089458264474843929e+01,4.021783146966933487e+01,-6.331847806266038958e+01,6.627049236681489219e+01
3.450000000000000178e+00,-6.931839641954189801e+01,3.527461051404392123e+01,-6.201440552295080977e+01,5.041944149904529127e+01
3.459999999999999964e+00,-6.726994111561062084e+01,3.078807854035100888e+01,-5.733920656611344668e+01,3.597957373603269104e+01
3.470000000000000195e+00,-6.484529378767132357e+01,2.680643410683165939e+01,-4.977061138112440375e+01,2.364043421650282184e+01
3.479999999999999982e+00,-6.214430156362018920e+01,2.335864978098953770e+01,-3.992406084286613321e+01,1.395166858106787267e+01
3.490000000000000213e+00,-5.926676568132608480e+01,2.045457307578015715e+01,-2.851368701669524341e+01,7.296542868776635160e+00
3.500000000000000000e+00,-5.630877971270464855e+01,1.808579554832274994e+01,-1.630856865111986309e+01,3.876085302636169239e+00
3.510000000000000231e+00,-5.335938211669443376e+01,1.622723704922879051e+01,-4.087108375272806349e+00,3.704560603279169584e+00
3.520000000000000018e+00,-5.049766867273739024e+01,1.483935668637109728e+01,7.407565143919807582e+00,6.616233712056326155e+00
3.530000000000000249e+00,-4.779048726562091787e+01,1.387087043245504070e+01,1.750840769046390477e+01,1.228264400540634504e+01
3.540000000000000036e+00,-4.529080693612367270e+01,1.326182967423297399e+01,2.565904531468568095e+01,2.023894434839147394e+01
3.550000000000000266e+00,-4.303681671007888809e+01,1.294689728826076980e+01,3.144018120554792262e+01,2.991730708563106944e+01
3.560000000000000053e+00,-4.105176962049721112e+01,1.285864947525515944e+01,3.458647316255429871e+01,4.068499775274187158e+01
3.570000000000000284e+00,-3.934454606388933229e+01,1.293073341628970141e+01,3.499321049644991177e+01,5.188449181873767202e+01
3.580000000000000071e+00,-3.791087088865904065e+01,1.310072294025230732e+01,3.271282405199831089e+01,6.287297183056880812e+01
3.589999999999999858e+00,-3.673508308158081803e+01,1.331253617371395848e+01,2.794194275972556696e+01,7.305868974374291724e+01
3.600000000000000089e+00,-3.579232803998338142e+01,1.351830921723303014e+01,2.100031691507630782e+01,8.193199633826932882e+01
3.609999999999999876e+00,-3.505102219463179125e+01,1.367965625451875766e+01,1.230342094537717479e+01,8.908929873984460812e+01
3.620000000000000107e+00,-3.447542957538016140e+01,1.376828665746094593e+01,2.330894873788168287e+00,9.424877076119082631e+01
3.629999999999999893e+00,-3.402819045268504539e+01,1.376599079954820048e+01,-8.406836244026035132e+00,9.725726489967284749e+01
3.640000000000000124e+00,-3.367265331484060198e+01,1.366404554198093635e+01,-1.940141934222476294e+01,9.808851198398190263e+01
3.649999999999999911e+00,-3.337488223469053139e+01,1.346212495766768136e+01,-3.017672300235283700e+01,9.683329767730359094e+01
3.660000000000000142e+00,-3.310524049880192621e+01,1.316682941056290623e+01,-4.031440760103041754e+01,9.368283130190222607e+01
3.669999999999999929e+00,-3.283948597904154099e+01,1.278996475955947432e+01,-4.947347664522464328e+01,8.890693586516377422e+01
3.680000000000000160e+00,-3.255935146462051222e+01,1.234671204767859543e+01,-5.740288704743756654e+01,8.282896252965954886e+01
3.689999999999999947e+00,-3.225262117817942453e+01,1.185382619096040990e+01,-6.394685528758516568e+01,7.579945328003407212e+01
3.700000000000000178e+00,-3.191275012993750693e+01,1.132799032732163802e+01,-6.904305393419021186e+01,6.817053961437864018e+01
3.709999999999999964e+00,-3.153810322453055193e+01,1.078443182081733553e+01,-7.271440674520800940e+01,6.027288219335507335e+01
3.720000000000000195e+00,-3.113091398364312568e+01,1.023587830189775438e+01,-7.505562334019974458e+01,5.239664692616641162e+01
3.729999999999999982e+00,-3.069607686051005402e+01,9.691899926332343540e+00,-7.621593668426744728e+01,4.477760637587104497e+01
3.740000000000000213e+00,-3.023989160939158083e+01,9.158649930079462820e+00,-7.637969851779676844e+01,3.758898746072572550e+01
3.750000000000000000e+00,-2.976887302932737356e+01,8.638982307690728391e+00,-7.574654052215551303e+01,3.093919643658634655e+01
3.760000000000000231e+00,-2.928872539469000458e+01,8.132895672819929089e+00,-7.451272482920755635e+01,2.487507947360094818e+01
3.770000000000000018e+00,-2.880355947937298922e+01,7.638228346325028006e+00,-7.285509956609467963e+01,1.938995824927189915e+01
3.780000000000000249e+00,-2.831540330412165218e+01,7.151513206228382380e+00,-7.091876587131105225e+01,1.443534558661381872e+01
3.790000000000000036e+00,-2.782402800017307953e+01,6.668892907955867422e+00,-6.880918179331376905e+01,9.935018991669123167e+00
3.800000000000000266e+00,-2.732708007797842953e+01,6.186997087991483291e+00,-6.658900980489534049e+01,5.800023174383139413e+00
3.810000000000000053e+00,-2.682048346815464157e+01,5.703692693026471972e+00,-6.427959408492171178e+01,1.943189199299392822e+00
3.820000000000000284e+00,-2.629905126222374179e+01,5.218635521701298075e+00,-6.186656566370852772e+01,-1.708109388129475326e+00
3.830000000000000071e+00,-2.575722998423242771e+01,4.733573724730177901e+00,-5.930874835809165546e+01,-5.202010645409147038e+00
3.839999999999999858e+00,-2.518988974728405594e+01,4.252380240214301388e+00,-5.654930009407650005e+01,-8.555767345659434753e+00
3.850000000000000089e+00,-2.459307238799515716e+01,3.780818553353300970e+00,-5.352788855314172878e+01,-1.175328281405997188e+01
3.859999999999999876e+00,-2.396461650786957875e+01,3.326072329800585425e+00,-5.019267376819794180e+01,-1.474659312674807232e+01
3.870000000000000107e+00,-2.330459247370099618e+01,2.896092109544844639e+00,-4.651095066339941297e+01,-1.746095609956700656e+01
3.879999999999999893e+00,-2.261550042125308835e+01,2.498829446024055656e+00,-4.247748010768140148e+01,-1.980290022553329266e+01
3.890000000000000124e+00,-2.190220827349806143e+01,2.141439224040255773e+00,-3.811978883985323563e+01,-2.167034948626812607e+01
3.899999999999999911e+00,-2.117163252645409699e+01,1.829533598969816710e+00,-3.350002196149873868e+01,-2.296379001790467811e+01
3.910000000000000142e+00,-2.043218975855396025e+01,1.566565951689712577e+00,-2.871325852423655434e+01,-2.359739117029430133e+01
3.919999999999999929e+00,-1.969306925512822204e+01,1.353411003296027149e+00,-2.388252208508097141e+01,-2.350903724471287859e+01
3.930000000000000160e+00,-1.896339485272132208e+01,1.188188948875407380e+00,-1.915100655265754881e+01,-2.266835952850864544e+01
3.939999999999999947e+00,-1.825135557790679641e+01,1.066358821862466444e+00,-1.467226960780669209e+01,-2.108206621043136408e+01
3.950000000000000178e+00,-1.756338891795964230e+01,9.810813153838795486e-01,-1.059930355807662927e+01,-1.879612957279237051e+01
3.959999999999999964e+00,-1.690349728189165290e+01,9.238261670051933772e-01,-7.073465801165333744e+00,-1.589468086888257226e+01
3.970000000000000195e+00,-1.627276770435044639e+01,8.851761493162170202e-01,-4.214234961528874557e+00,-1.249575722958315893e+01
3.979999999999999982e+00,-1.566914803914809440e+01,8.557606954820612399e-01,-2.110658782793006782e+00,-8.744316196462177615e+00
3.990000000000000213e+00,-1.508751123778109360e+01,8.272388597589197534e-01,-8.151876367032435677e-01,-4.803159286940958950e+00
4.000000000000000000e+00,-1.452001466311408784e+01,7.932448083310190690e-01,-3.403605216681693246e-01,-8.425683006633515326e-01
4.009999999999999787e+00,-1.395673583935904460e+01,7.502099139694827779e-01,-6.585502963587288594e-01,2.970455080648177759e+00
4.020000000000000462e+00,-1.338654173776637712e+01,6.979837262214618754e-01,-1.704705406731180872e+00,6.482449481718928652e+00
4.030000000000000249e+00,-1.279812767652749805e+01,6.401909363455334789e-01,-3.381770331795475037e+00,9.562428868869497833e+00
4.040000000000000036e+00,-1.218114592286654663e+01,5.842817371030549767e-01,-5.568248180709855610e+00,1.210880892969436395e+01
4.049999999999999822e+00,-1.152733445082212960e+01,5.412570373195305651e-01,-8.127204255608242889e+00,1.405383755283120983e+01
4.060000000000000497e+00,-1.083155382853865589e+01,5.250758774603225820e-01,-1.091591159462031513e+01,1.536527427347397889e+01
4.070000000000000284e+00,-1.009264509764327400e+01,5.517780175086842709e-01,-1.379531494124275781e+01,1.604531000477319935e+01
4.080000000000000071e+00,-9.314033383349984874e+00,6.383779795546988822e-01,-1.663853805915750783e+01,1.612695707027606318e+01
4.089999999999999858e+00,-8.504019900007687482e+00,8.016059719067718525e-01,-1.933777424078149920e+01,1.566834973169037859e+01
4.099999999999999645e+00,-7.675727582102091162e+00,1.056584591811481344e+00,-2.180906902183347640e+01,1.474555943264897984e+01
4.110000000000000320e+00,-6.846691010062403215e+00,1.415536953049234326e+00,-2.399471088165813981e+01,1.344463378788073271e+01
4.120000000000000107e+00,-6.038107639079522748e+00,1.886621402323566565e+00,-2.586317061557094021e+01,1.185360646088162362e+01
4.129999999999999893e+00,-5.273792552469754646e+00,2.472980332441769846e+00,-2.740675259443783318e+01,1.005519510429408214e+01
4.139999999999999680e+00,-4.578901132844231725e+00,3.172076383388693799e+00,-2.863732153509370093e+01,8.120811147045831291e+00
4.150000000000000355e+00,-3.978501514888336921e+00,3.975369654567027400e+00,-2.958062943471719208e+01,6.106358544019775181e+00
4.160000000000000142e+00,-3.496090174006855733e+00,4.868365945224560676e+00,-3.026987565023219773e+01,4.050113252402940844e+00
4.169999999999999929e+00,-3.152148708715729164e+00,5.831040286173541531e+00,-3.073918041484366626e+01,1.972768817479387371e+00
4.179999999999999716e+00,-2.962837509646847334e+00,6.838614050336661698e+00,-3.101763567835436675e+01,-1.204748732836662672e-01
4.190000000000000391e+00,-2.938912828154867540e+00,7.862639643785422905e+00,-3.112452005637261010e+01,-2.236094065986346191e+00
4.200000000000000178e+00,-3.084938521337013739e+00,8.872325934394444502e+00,-3.106613521898485430e+01,-4.387166948852273762e+00
4.209999999999999964e+00,-3.398843652302503848e+00,9.836021634958099114e+00,-3.083455205551382861e+01,-6.587625329154522369e+00
4.219999999999999751e+00,-3.871853694906781662e+00,1.072276389242690975e+01,-3.040836248002882769e+01,-8.846468834164431527e+00
4.230000000000000426e+00,-4.488798073625161145e+00,1.150379595287244072e+01,-2.975533462314115241e+01,-1.116257223869627779e+01
4.240000000000000213e+00,-5.228771981412102754e+00,1.215396108459978741e+01,-2.883668338910995743e+01,-1.352065184798594899e+01
4.250000000000000000e+00,-6.066107620386694599e+00,1.265288956991807012e+01,-2.761251153114918111e+01,-1.588884029341094184e+01
4.259999999999999787e+00,-6.971590771885745497e+00,1.298591069030147338e+01,-2.604786226237217761e+01,-1.821816183748205731e+01
4.270000000000000462e+00,-7.913844194074624028e+00,1.314464102556473435e+01,-2.411876273782998226e+01,-2.044401696385128986e+01
4.280000000000000249e+00,-8.860790652993969729e+00,1.312722258522904895e+01,-2.181763350843561966e+01,-2.248959236349159241e+01
4.290000000000000036e+00,-9.781105865510054898e+00,1.293820765094006298e+01,-1.915749213160649589e+01,-2.427092772977942303e+01
4.299999999999999822e+00,-1.064557526289010703e+01,1.258811006033287683e+01,-1.617448437081034029e+01,-2.570321043360046076e+01
4.310000000000000497e+00,-1.142827782380052071e+01,1.209266342195270916e+01,-1.292842417177879710e+01,-2.670774723033557763e+01
4.320000000000000284e+00,-1.210753443429309328e+01,1.147184403564321187e+01,-9.501200616433715496e+00,-2.721898921454696207e+01
4.330000000000000071e+00,-1.266657614990445069e+01,1.074872901529199609e+01,-5.993100676309020436e+00,-2.719096848476172212e+01
4.339999999999999858e+00,-1.309390797759733793e+01,9.948267545393962408e+00,-2.517284145054500488e+00,-2.660254377961771866e+01
4.350000000000000533e+00,-1.338336486305512985e+01,9.096045025482931479e+00,8.071846250529846056e-01,-2.546094419048969826e+01
4.360000000000000320e+00,-1.353387695774055643e+01,8.217116153085408214e+00,3.863209073786450176e+00,-2.380323692856703133e+01
4.370000000000000107e+00,-1.354897954978217811e+01,7.334974241097939718e+00,6.543808486476338615e+00,-2.169551524586805513e+01
4.379999999999999893e+00,-1.343611807264132096e+01,6.470711074063394186e+00,8.759876817294248497e+00,-1.922979148417416795e+01
4.389999999999999680e+00,-1.320580943290112153e+01,5.642405463440560709e+00,1.044690653929468560e+01,-1.651877190125352612e+01
4.400000000000000355e+00,-1.287072693341047902e+01,4.864760629961844884e+00,1.157010502303713650e+01,-1.368886834964733978e+01
4.410000000000000142e+00,-1.244477708214023437e+01,4.148991971719279803e+00,1.212745207281373894e+01,-1.087195225231806717e+01
4.419999999999999929e+00,-1.194223270607430365e+01,3.502949005868939647e+00,1.215040617572896231e+01,-8.196466279722860904e+00
4.429999999999999716e+00,-1.137697850908094921e+01,2.931439528101686953e+00,1.170215064148140449e+01,-5.778569773297145495e+00
4.440000000000000391e+00,-1.076191329234710814e+01,2.436711355411662172e+00,1.087346413169788484e+01,-3.714000492217343297e+00
4.450000000000000178e+00,-1.010853849318791298e+01,2.019038186442782656e+00,9.776487461705254844e+00,-2.071287345443510119e+00
4.459999999999999964e+00,-9.426746640024314061e+00,1.677351611068461645e+00,8.536825016500124264e+00,-8.868504777691422758e-01
4.469999999999999751e+00,-8.724806978989882111e+00,1.409861284803169079e+00,7.284551520160212235e+00,-1.623844786082965785e-01
4.480000000000000426e+00,-8.009530088841005480e+00,1.214609589682401625e+00,6.144782977677866853e+00,1.352510702107017071e-01
4.490000000000000213e+00,-7.286579848659734182e+00,1.089915267663796872e+00,5.228507765312762956e+00,7.159833004020024760e-02
4.500000000000000000e+00,-6.560890564060097851e+00,1.034671815151872343e+00,4.624357585505018520e+00,-2.602188712349853827e-01
4.509999999999999787e+00,-5.837140066221135015e+00,1.048479949839860481e+00,4.391930058420608241e+00,-7.463671153294980654e-01
4.520000000000000462e+00,-5.120226576550195752e+00,1.131608157626337707e+00,4.557160831326099171e+00,-1.260739741344535148e+00
4.530000000000000249e+00,-4.415698190232736131e+00,1.284790099854615786e+00,5.110092452395676332e+00,-1.674354192607435676e+00
4.540000000000000036e+00,-3.730088797438864567e+00,1.508881436293812772e+00,6.005211748065387489e+00,-1.865037209839252919e+00
4.549999999999999822e+00,-3.071122686264347479e+00,1.804410421143446408e+00,7.164340613643869204e+00,-1.726705141256676956e+00
4.560000000000000497e+00,-2.447761280821657781e+00,2.171065642743208013e+00,8.481881115253351311e+00,-1.177578081503453555e+00
4.570000000000000284e+00,-1.870078606978125002e+00,2.607169899120628909e+00,9.832048230550460843e+00,-1.667458476546318513e-01
4.580000000000000071e+00,-1.348966176341776180e+00,3.109191074532207999e+00,1.107758450228428515e+01,1.321375740212589411e+00
4.589999999999999858e+00,-8.956820170689692162e-01,3.671338915317436946e+00,1.207934999460419867e+01,3.265007794434523269e+00
4.600000000000000533e+00,-5.212715595443431216e-01,4.285290970538329525e+00,1.270612479477875212e+01,5.605528178695355024e+00
4.610000000000000320e+00,-2.358990944632215481e-01,4.940082086100241021e+00,1.284395297644515921e+01,8.250507046912806786e+00
4.620000000000000107e+00,-4.813679451832642009e-02,5.622180357925634198e+00,1.240439591696964250e+01,1.107904413965622936e+01
4.629999999999999893e+00,3.573674331195297871e-02,6.315759167500652360e+00,1.133114518371970725e+01,1.394903928933513626e+01
4.639999999999999680e+00,1.237516369977376129e-02,7.003160762788609439e+00,9.604563892477905540e+00,1.670590168586485547e+01
4.650000000000000355e+00,-1.181106104685725189e-01,7.665532781967001164e+00,7.243871123236109710e+00,1.919211429902792787e+01
4.660000000000000142e+00,-3.517857817345431126e-01,8.283606107215504721e+00,4.306845671496166261e+00,2.125702258408879786e+01
4.669999999999999929e+00,-6.807191051834780016e-01,8.838571366639175864e+00,8.870913936592939031e-01,2.276621318189531351e+01
4.679999999999999716e+00,-1.093028096314117459e+00,9.313003028732625310e+00,-2.890934905785787379e+00,2.360988755051904064e+01
4.690000000000000391e+00,-1.573152124145933417e+00,9.691774930948307443e+00,-6.878791302138350439e+00,2.370971316621458413e+01
4.700000000000000178e+00,-2.102348904316254430e+00,9.962909612538220827e+00,-1.091235855558072920e+01,2.302374442408473243e+01
4.709999999999999964e+00,-2.659395330459198181e+00,1.011830610601565361e+01,-1.482105161685580796e+01,2.154913805325432108e+01
4.719999999999999751e+00,-3.221459968290415254e+00,1.015429676224767697e+01,-1.843735551545394102e+01,1.932253392889492716e+01
4.730000000000000426e+00,-3.765102773337197561e+00,1.007199288783421132e+01,-2.160610204567368342e+01,1.641812135467978351e+01
4.740000000000000213e+00,-4.267348450015635564e+00,9.877390895542815130e+00,-2.419293674691215656e+01,1.294355324110664363e+01
4.750000000000000000e+00,-4.706773950105552551e+00,9.581224570276971164e+00,-2.609149222292849046e+01,9.033997132158427590e+00
4.759999999999999787e+00,-5.064548311564285754e+00,9.198564068557162798e+00,-2.722887794077179180e+01,4.844715295896218521e+00
4.770000000000000462e+00,-5.325364533834850533e+00,8.748177461287239609e+00,-2.756921086731089687e+01,5.426406223737930690e-01
4.780000000000000249e+00,-5.478208403711668950e+00,8.251685048041563775e+00,-2.711503731256407690e+01,-3.702542385918790924e+00
4.790000000000000036e+00,-5.516917822377206626e+00,7.732549414591217030e+00,-2.590662555416484025e+01,-7.727292642445713788e+00
4.799999999999999822e+00,-5.440497720689655203e+00,7.214954477128417309e+00,-2.401923294580305779e+01,-1.138258671428194369e+01
4.810000000000000497e+00,-5.253169386163899723e+00,6.722633914790995036e+00,-2.155856285879199419e+01,-1.454132599614102084e+01
4.820000000000000284e+00,-4.964148124745820567e+00,6.277712989763284845e+00,-1.865471986324492448e+01,-1.710440470641705701e+01
4.830000000000000071e+00,-4.587158723560601281e+00,5.899627567024471553e+00,-1.545504152524198105e+01,-1.900515836716033746e+01
4.839999999999999858e+00,-4.139713222552808602e+00,5.604180184994189240e+00,-1.211622936177159104e+01,-2.021201513835453056e+01
4.850000000000000533e+00,-3.642189133376045440e+00,5.402785538899451900e+00,-8.796218956637838815e+00,-2.072927914340375466e+01
4.860000000000000320e+00,-3.116757645089678341e+00,5.301947182564889616e+00,-5.646220825162981072e+00,-2.059607914758881364e+01
4.870000000000000107e+00,-2.586219853143407299e+00,5.302994279595584004e+00,-2.803331677334882421e+00,-1.988361171194377874e+01
4.879999999999999893e+00,-2.072814150060274141e+00,5.402092633431365698e+00,-3.840638650174295066e-01,-1.869089031623028063e+01
4.889999999999999680e+00,-1.597059345888193427e+00,5.590528881723939136e+00,1.520926491141223247e+00,-1.713927722149395549e+01
4.900000000000000355e+00,-1.176695795160757729e+00,5.855251573696971690e+00,2.850709878533979058e+00,-1.536612066082243899e+01
4.910000000000000142e+00,-8.257809747411002377e-01,6.179638756365368302e+00,3.576432315414620255e+00,-1.351784530341570445e+01
4.919999999999999929e+00,-5.539869774021526361e-01,6.544449494195577088e+00,3.702105856628100433e+00,-1.174284912027006378e+01
4.929999999999999716e+00,-3.661358387285544858e-01,6.928907124811108709e+00,3.263882262325197736e+00,-1.018454622417759836e+01
4.940000000000000391e+00,-2.619952247005963297e-01,7.311855527789460574e+00,2.327921601572899846e+00,-8.974865340890298526e+00
4.950000000000000178e+00,-2.363425954635962611e-01,7.672926571644426375e+00,9.870263530136648145e-01,-8.228470376284215959e+00
4.959999999999999964e+00,-2.792913908777856502e-01,7.993657307542352264e+00,-6.437431556920876208e-01,-8.037916610717468657e+00
4.969999999999999751e+00,-3.768589055044961889e-01,8.258499282614515380e+00,-2.432225502812306317e+00,-8.469897108432252963e+00
4.980000000000000426e+00,-5.117431176061222331e-01,8.455669233351029490e+00,-4.234824899116354402e+00,-9.562672670674112751e+00
4.990000000000000213e+00,-6.642654765981976794e-01,8.577799896370269295e+00,-5.902424148103411206e+00,-1.132471853613320256e+01
5.000000000000000000e+00,-8.134290508169184086e-01,8.622361106547554499e+00,-7.286291480049140290e+00,-1.373456507948678684e+01
5.009999999999999787e+00,-9.380368264523237798e-01,8.591834014030821365e+00,-8.243751254962955244e+00,-1.674176047890893670e+01
5.020000000000000462e+00,-1.017813468307664504e+00,8.493634371488065327e+00,-8.643419539465309498e+00,-2.026884259760939244e+01
5.030000000000000249e+00,-1.034475447704917173e+00,8.339793658053650915e+00,-8.369842667431358407e+00,-2.421417637419020252e+01
5.040000000000000036e+00,-9.726988738959971847e-01,8.146418610095750523e+00,-7.327417457589518790e+00,-2.845549240176361039e+01
5.049999999999999822e+00,-8.209412363453212347e-01,7.932959913130639862e+00,-5.443513219615974563e+00,-3.285395202634403233e+01
5.060000000000000497e+00,-5.720820560495951668e-01,7.721328898598380341e+00,-2.670755675067178814e+00,-3.725856357094071569e+01
5.070000000000000284e+00,-2.238575516649334851e-01,7.534906764023016734e+00,1.011530592034714182e+00,-4.151078206540118742e+01
5.080000000000000071e+00,2.209247907637044150e-01,7.397493942095270114e+00,5.596693197430894884e+00,-4.544913961791701240e+01
5.089999999999999858e+00,7.543950324921343542e-01,7.332247795463692874e+00,1.105088355056146909e+01,-4.891377351114542904e+01
5.100000000000000533e+00,1.363845993739528417e+00,7.360654973912451382e+00,1.731387796518735200e+01,-5.175074229734094189e+01
5.110000000000000320e+00,2.032158652425048118e+00,7.501580833118341118e+00,2.430050638425515430e+01,-5.381604462303480574e+01
5.120000000000000107e+00,2.738403746676155492e+00,7.770432672344438352e+00,3.190260273488075526e+01,-5.497927934378490278e+01
5.129999999999999893e+00,3.458589543421589863e+00,8.178466658927760591e+00,3.999139285663751764e+01,-5.512690700604791516e+01
5.139999999999999680e+00,4.166521537858132618e+00,8.732260653336602729e+00,4.842024269736550224e+01,-5.416509059642967117e+01
5.150000000000000355e+00,4.834737517906770421e+00,9.433367203345456531e+00,5.702769956155957232e+01,-5.202210660226482020e+01
5.160000000000000142e+00,5.435480859788002661e+00,1.027815317121956440e+01,6.564077095462036482e+01,-4.865032536341827551e+01
5.169999999999999929e+00,5.941675918514206067e+00,1.125782515798935535e+01,7.407839725617542115e+01,-4.402776238944749565e+01
5.179999999999999716e+00,6.327871677014018204e+00,1.235863337295698194e+01,8.215508441153467345e+01,-3.815920023383261395e+01
5.190000000000000391e+00,6.571123119201853768e+00,1.356224104943736286e+01,8.968466959128964788e+01,-3.107687459161689247e+01
5.200000000000000178e+00,6.651783786865554049e+00,1.484624202023118045e+01,9.648419520465766652e+01,-2.284070985525391606e+01
5.209999999999999964e+00,6.554187377312865159e+00,1.618480564350922890e+01,1.023778640707080143e+02,-1.353808006571052402e+01
5.219999999999999751e+00,6.267200787632862813e+00,1.754942584600835076e+01,1.072010407804187651e+02,-3.283062845784673556e+00
5.230000000000000426e+00,5.784635516387201193e+00,1.890974950933934196e+01,1.108042517122898971e+02,7.784851663894664320e+00
5.240000000000000213e+00,5.105508661253698399e+00,2.023445862216419044e+01,1.130571197501738965e+02,1.950263593422537767e+01
5.250000000000000000e+00,4.234148830877568770e+00,2.149218040587503253e+01,1.138521509689054483e+02,3.168621853300619406e+01
5.259999999999999787e+00,3.180146105805131462e+00,2.265239985886761431e+01,1.131082713026449369e+02,4.413361868265619137e+01
5.270000000000000462e+00,1.958148764507064321e+00,2.368634975041491231e+01,1.107739936851365030e+02,5.662872588633583604e+01
5.280000000000000249e+00,5.875128896369908871e-01,2.456785396703649837e+01,1.068300826615056138e+02,6.894570306945918503e+01
5.290000000000000036e+00,-9.081857527217076509e-01,2.527410125538761676e+01,1.012915762514245870e+02,8.085396032414186607e+01
5.299999999999999822e+00,-2.501764963237717687e+00,2.578632784229471753e+01,9.420902584303918559e+01,9.212361087117798775e+01
5.310000000000000497e+00,-4.163158738585998719e+00,2.609038920493216551e+01,8.566882558197444553e+01,1.025312835604153889e+02
5.320000000000000284e+00,-5.860230448036420903e+00,2.617720349256701695e+01,7.579252389772733522e+01,1.118661298631067211e+02
5.330000000000000071e+00,-7.559654781612826113e+00,2.604305184877780732e+01,6.473504149642013772e+01,1.199358308799535990e+02
5.339999999999999858e+00,-9.227843999916517603e+00,2.568972421639392323e+01,5.268176149101973493e+01,1.265723844399899320e+02
5.350000000000000533e+00,-1.083189172421948143e+01,2.512450315930161082e+01,3.984450660505410013e+01,1.316374367243605832e+02
5.360000000000000320e+00,-1.234050579706155837e+01,2.435998278909728043e+01,2.645647302497524933e+01,1.350269193697309333e+02
5.370000000000000107e+00,-1.372490080931658696e+01,2.341372496389890401e+01,1.276624726104892282e+01,1.366747633375282192e+02
5.379999999999999893e+00,-1.495962091069344879e+01,2.230776039068887329e+01,-9.689123985774779069e-01,1.365554857279240650e+02
5.389999999999999680e+00,-1.602326464679065410e+01,2.106794790853971477e+01,-1.449029851608827713e+01,1.346854848900202342e+02
5.400000000000000355e+00,-1.689908589544569395e+01,1.972321080226769041e+01,-2.754520948555565596e+01,1.311229312608830355e+02
5.410000000000000142e+00,-1.757544853785670114e+01,1.830467420136649537e+01,-3.989433753834298813e+01,1.259662039215681233e+02
5.419999999999999929e+00,-1.804611724476686874e+01,1.684473214760865645e+01,-5.131877843463209388e+01,1.193508925055583063e+02
5.429999999999999716e+00,-1.831037254775151979e+01,1.537607646379095705e+01,-6.162635693515647262e+01,1.114454567019736686e+02
5.440000000000000391e+00,-1.837294497896817802e+01,1.393072185560045106e+01,-7.065698572400057742e+01,1.024457065516462677e+02
5.450000000000000178e+00,-1.824377020355391821e+01,1.253906251521658000e+01,-7.828681661561360272e+01,9.256833127401250749e+01
5.459999999999999964e+00,-1.793757438295838114e+01,1.122899473372805268e+01,-8.443099977531205980e+01,8.204375792302876391e+01
5.469999999999999751e+00,-1.747330610496317860e+01,1.002513762831110178e+01,-8.904493624156262399e+01,7.110865974614961260e+01
5.480000000000000426e+00,-1.687343769799587534e+01,8.948180110783539476e+00,-9.212398714405972555e+01,5.999845459630653721e+01
5.490000000000000213e+00,-1.616316423428414950e+01,8.014376832125238437e+00,-9.370168476585190831e+01,4.894013417381911779e+01
5.500000000000000000e+00,-1.536953268713248377e+01,7.235209295235924820e+00,-9.384657065843452983e+01,3.814574466670877939e+01
5.509999999999999787e+00,-1.452053628459096934e+01,6.617220979979688167e+00,-9.265785898559802547e+01,2.780679938835187670e+01
5.520000000000000462e+00,-1.364420993199356857e+01,6.162027574916581152e+00,-9.026018409294586320e+01,1.808984660273211276e+01
5.530000000000000249e+00,-1.276776160483492006e+01,5.866495696481201172e+00,-8.679773566537096485e+01,9.133344522221047868e+00
5.540000000000000036e+00,-1.191677190147682985e+01,5.723076238879369448e+00,-8.242810952569898575e+01,1.045915189033744808e+00
5.549999999999999822e+00,-1.111448966458995358e+01,5.720272148399351941e+00,-7.731620529197331848e+01,-6.094034904757865689e+00
5.560000000000000497e+00,-1.038124600440814582e+01,5.843215308239041228e+00,-7.162848343918702199e+01,-1.223742119591093669e+01
5.570000000000000284e+00,-9.734002541348230508e+00,6.074323625408685423e+00,-6.552785509804731134e+01,-1.736248172195124795e+01
5.580000000000000071e+00,-9.186042642791450774e+00,6.394007498682887203e+00,-5.916942100288905948e+01,-2.147189965161989633e+01
5.589999999999999858e+00,-8.746807298715999934e+00,6.781394671164811427e+00,-5.269720556146683776e+01,-2.458931790284393415e+01
5.600000000000000533e+00,-8.421870499043876634e+00,7.215043971383521715e+00,-4.624195330658051262e+01,-2.675553809498371294e+01
5.610000000000000320e+00,-8.213042942231748356e+00,7.673621450840650837e+00,-3.991997391949999496e+01,-2.802469595233777611e+01
5.620000000000000107e+00,-8.118587956285221452e+00,8.136516664923053810e+00,-3.383294472765887662e+01,-2.846068317542495762e+01
5.629999999999999893e+00,-8.133529899565257182e+00,8.584381974407945037e+00,-2.806851196353575872e+01,-2.813404359184882964e+01
5.639999999999999680e+00,-8.250033175796984253e+00,8.999583374545334635e+00,-2.270147930469348196e+01,-2.711951252364055520e+01
5.650000000000000355e+00,-8.457829380465655689e+00,9.366557078070707476e+00,-1.779533834638239043e+01,-2.549429751671857147e+01
5.660000000000000142e+00,-8.744670918216678857e+00,9.672071490803570981e+00,-1.340388327846492444e+01,-2.333712158790446978e+01
5.669999999999999929e+00,-9.096791514999539530e+00,9.905398969731320946e+00,-9.572662057755673359e+00,-2.072797319858105070e+01
5.679999999999999716e+00,-9.499357131412283550e+00,1.005840555806519276e+01,-6.340047922630104971e+00,-1.774843654360029177e+01
5.690000000000000391e+00,-9.936894539896739431e+00,1.012556955231021760e+01,-3.737765601223657974e+00,-1.448241727438268001e+01
5.700000000000000178e+00,-1.039368889841821186e+01,1.010394117626856314e+01,-1.790771889769932734e+00,-1.101703735754839997e+01
5.709999999999999964e+00,-1.085414567244014172e+01,9.993055824489159633e+00,-5.164650645176227517e-01,-7.443451982684443635e+00
5.719999999999999751e+00,-1.130311588521587574e+01,9.794812402269274187e+00,7.672433978872139626e-02,-3.857343229908682947e+00
5.730000000000000426e+00,-1.172618662479892926e+01,9.513326428999274498e+00,-8.765981974258263421e-03,-3.588697469270227258e-01
5.740000000000000213e+00,-1.210994078926061768e+01,9.154765054336857943e+00,-7.574309715441784885e-01,2.948102708303640185e+00
5.750000000000000000e+00,-1.244219108315154898e+01,8.727168275931669328e+00,-2.138443058701540611e+00,5.957601725535487169e+00
5.759999999999999787e+00,-1.271219325948158207e+01,8.240257774873342100e+00,-4.103613866730353443e+00,8.564015488105290785e+00
5.770000000000000462e+00,-1.291084260133779260e+01,7.705232222082011972e+00,-6.585853088275569256e+00,1.066537969104044592e+01
5.780000000000000249e+00,-1.303085581454815056e+01,7.134545939433278861e+00,-9.498388252565465706e+00,1.216735391552111700e+01
5.790000000000000036e+00,-1.306693809133734518e+01,6.541666646270836161e+00,-1.273496910109329328e+01,1.298768071005710212e+01
5.799999999999999822e+00,-1.301593239254902379e+01,5.940807828309762506e+00,-1.617121937152390032e+01,1.306085703313888580e+01
5.810000000000000497e+00,-1.287694529952904432e+01,5.346632083643368283e+00,-1.966722114250709552e+01,1.234270253253522576e+01
5.820000000000000284e+00,-1.265144142468700217e+01,4.773923586017755127e+00,-2.307132808238382538e+01,1.081448652001084731e+01
5.830000000000000071e+00,-1.234329663510456143e+01,4.237230423186147732e+00,-2.622511050814465605e+01,8.486277927443886426e+00
5.839999999999999858e+00,-1.195879947886477268e+01,3.750480801546480336e+00,-2.896924410887136503e+01,5.399210605511269634e+00
5.850000000000000533e+00,-1.150659038016817526e+01,3.326580677515930340e+00,-3.115007247509618793e+01,1.626408712092390463e+00
5.860000000000000320e+00,-1.099752947136641978e+01,2.977003960455665954e+00,-3.262650756950481679e+01,-2.727609560667684008e+00
5.870000000000000107e+00,-1.044448634750556693e+01,2.711389695587146154e+00,-3.327688726780460371e+01,-7.529141880488205985e+00
5.879999999999999893e+00,-9.862048455845272343e+00,2.537163254401815227e+00,-3.300538890189945107e+01,-1.261911727522872262e+01
5.889999999999999680e+00,-9.266149074008843911e+00,2.459200248905252462e+00,-3.174760438456966938e+01,-1.781840600095091531e+01
5.900000000000000355e+00,-8.673620615236465881e+00,2.479552420606714325e+00,-2.947491608227707616e+01,-2.293441331911146364e+01
5.910000000000000142e+00,-8.101684000764402427e+00,2.597253991812308094e+00,-2.619737127634698481e+01,-2.776865853774710757e+01
5.919999999999999929e+00,-7.567389698249964880e+00,2.808224855102166018e+00,-2.196483314083518934e+01,-3.212496980988395023e+01
5.929999999999999716e+00,-7.087030375897104051e+00,3.105283565685181379e+00,-1.686628244775213759e+01,-3.581787673464059907e+01
5.940000000000000391e+00,-6.675548619791265459e+00,3.478278537326318087e+00,-1.102725030226910796e+01,-3.868076029004576810e+01
5.950000000000000178e+00,-6.345965508674771272e+00,3.914340361833989590e+00,-4.605471031056504572e+00,-4.057332473658642868e+01
5.959999999999999964e+00,-6.108856806621631108e+00,4.398252085186942217e+00,2.215051364963457559e+00,-4.138798862699594139e+01
5.969999999999999751e+00,-5.971902977028133996e+00,4.912927944787938372e+00,9.231276942608646507e+00,-4.105484979726011119e+01
5.980000000000000426e+00,-5.939537096530268734e+00,5.439984896249761448e+00,1.622930216919333901e+01,-3.954495832101437003e+01
5.990000000000000213e+00,-6.012711113589560341e+00,5.960385631877533896e+00,2.299305635965489358e+01,-3.687172657500153150e+01
6.000000000000000000e+00,-6.188795913277433058e+00,6.455127090200849516e+00,2.931308025481395063e+01,-3.309041044197891779e+01
6.009999999999999787e+00,-6.461624568927510914e+00,6.905945000970727499e+00,3.499494438753880843e+01,-2.829570335688305249e+01
6.020000000000000462e+00,-6.821681311184902619e+00,7.296003056123943509e+00,3.986689104013419183e+01,-2.261758840321223119e+01
6.030000000000000249e+00,-7.256431510172259181e+00,7.610535008681675428e+00,4.378633409611592953e+01,-1.621568643998939407e+01
6.040000000000000036e+00,-7.750780763674187668e+00,7.837409442312025298e+00,4.664492211609121597e+01,-9.272414618478954651e+00
6.049999999999999822e+00,-8.287644435803420251e+00,7.967590082711305755e+00,4.837195642112837390e+01,-1.985325225667434745e+00
6.060000000000000497e+00,-8.848603097986009303e+00,7.995469192584457652e+00,4.893605186184507261e+01,5.440973302025752467e+00
6.070000000000000284e+00,-9.414614642423931201e+00,7.919057563919285059e+00,4.834502686529080506e+01,1.280290429540269947e+01
6.080000000000000071e+00,-9.966750653946235161e+00,7.740021572532064909e+00,4.664410489450219188e+01,1.990562805570016636e+01
6.089999999999999858e+00,-1.048692313919936225e+01,7.463565307102505209e+00,4.391259572046908488e+01,2.657001211085280445e+01
6.100000000000000533e+00,-1.095856802319658563e+01,7.098163506521835586e+00,4.025929686918897943e+01,3.263857229723024744e+01
6.110000000000000320e+00,-1.136725392765332820e+01,6.655158501174450514e+00,3.581690944681270850e+01,3.798016239022152973e+01
6.120000000000000107e+00,-1.170118853345243437e+01,6.148241135255078760e+00,3.073579586516482465e+01,4.249327054098046119e+01
6.129999999999999893e+00,-1.195160009269394763e+01,5.592841366853149587e+00,2.517741891689845346e+01,4.610786423641742005e+01
6.140000000000000568e+00,-1.211297810001161857e+01,5.005458580483168163e+00,1.930779282666814822e+01,4.878580635459036330e+01
6.150000000000000355e+00,-1.218316439610335600e+01,4.402964363767259748e+00,1.329124936246740596e+01,5.051993812648568394e+01
6.160000000000000142e+00,-1.216329365046606981e+01,3.801911451289921029e+00,7.284779023845661783e+00,5.133198628120582185e+01
6.169999999999999929e+00,-1.205758982509608401e+01,3.217881681973651986e+00,1.433152787597717026e+00,5.126949829781041501e+01
6.179999999999999716e+00,-1.187303243010645026e+01,2.664903213762548795e+00,-4.135031546395724789e+00,5.040203973366853063e+01
6.190000000000000391e+00,-1.161891274833124399e+01,2.154963053035169551e+00,-9.310298001370886922e+00,4.881690058569797230e+01
6.200000000000000178e+00,-1.130630538351556069e+01,1.697635437700311778e+00,-1.400421700698221983e+01,4.661455437373901134e+01
6.209999999999999964e+00,-1.094748420191110228e+01,1.299840088147092398e+00,-1.815034200784142371e+01,4.390409603933355243e+01
6.219999999999999751e+00,-1.055531380348094395e+01,9.657371891263660801e-01,-2.170424000650761798e+01,4.079885564349471139e+01
6.230000000000000426e+00,-1.014264798715802307e+01,6.967585995981583347e-01,-2.464273233628712489e+01,3.741234764314847183e+01
6.240000000000000213e+00,-9.721765276806527467e+00,4.917676248313582743e-01,-2.696248388937305407e+01,3.385467393401295766e+01
6.250000000000000000e+00,-9.303868562296797151e+00,3.473331260194745806e-01,-2.867808856941981688e+01,3.022945653811312994e+01
6.259999999999999787e+00,-8.898671486745914905e+00,2.580981467078364289e-01,-2.981979696231658394e+01,2.663133612147199258e+01
6.270000000000000462e+00,-8.514088658345251304e+00,2.172188999614347305e-01,-3.043102102132896647e+01,2.314403819606230783e+01
6.280000000000000249e+00,-8.156040426001457178e+00,2.168471045071977965e-01,-3.056573243807659068e+01,1.983898185502975409e+01
6.290000000000000036e+00,-7.828376214668239186e+00,2.486274107772237507e-01,-3.028584914463394995e+01,1.677438728657961065e+01
6.299999999999999822e+00,-7.532913667603409635e+00,3.041820509140198414e-01,-2.965868093851593201e+01,1.399482826805058266e+01
6.310000000000000497e+00,-7.269584480168592933e+00,3.755568153268011300e-01,-2.875448319348885207e+01,1.153117365527910287e+01
6.320000000000000284e+00,-7.036672193753773286e+00,4.556058455517190686e-01,-2.764414920861650060e+01,9.400866121476008530e+00
6.330000000000000071e+00,-6.831122657622795913e+00,5.382973013750683711e-01,-2.639705850814872434e+01,7.608495093931449738e+00
6.339999999999999858e+00,-6.648904600049337255e+00,6.189274066172048006e-01,-2.507909113226720521e+01,6.146631709446555902e+00
6.350000000000000533e+00,-6.485395934321837252e+00,6.942363540106155639e-01,-2.375081665486271731e+01,4.996904329410505774e+00
6.360000000000000320e+00,-6.335771125484714439e+00,7.624256827044016971e-01,-2.246587057419708344e+01,4.131301585222913353e+00
6.370000000000000107e+00,-6.195366132286181937e+00,8.230826587568449426e-01,-2.126953844323203668e+01,3.513694341376582209e+00
6.379999999999999893e+00,-6.059999998156239798e+00,8.770225382454819307e-01,-2.019757775905154773e+01,3.101567234702371945e+00
6.390000000000000568e+00,-5.926235896676209869e+00,9.260640662317010108e-01,-1.927531707165450214e+01,2.847944147476828558e+00
6.400000000000000355e+00,-5.791569075336534311e+00,9.727569160417375294e-01,-1.851707883057148152e+01,2.703480423047547987e+00
6.410000000000000142e+00,-5.654534371467124565e+00,1.020081830914094878e+00,-1.792597520313618631e+01,2.618678880259019959e+00
6.419999999999999929e+00,-5.514731452341733231e+00,1.071144907391556433e+00,-1.749412293937416152e+01,2.546168393613188474e+00
6.429999999999999716e+00,-5.372771307169308841e+00,1.128886758628957487e+00,-1.720331340032196366e+01,2.442965106433828026e+00
6.440000000000000391e+00,-5.230152456998140131e+00,1.195825304192792649e+00,-1.702615691212353255e+01,2.272619613410654438e+00
6.450000000000000178e+00,-5.089079550723244694e+00,1.273847818166091717e+00,-1.692769724222449312e+01,2.007141082148547362e+00
6.459999999999999964e+00,-4.952240237063969097e+00,1.364063863467492643e+00,-1.686746356381867429e+01,1.628583449079558543e+00
6.469999999999999751e+00,-4.822558268018321215e+00,1.466726131763297580e+00,-1.680189579899802155e+01,1.130181235790930883e+00
6.480000000000000426e+00,-4.702941601857210330e+00,1.581221310936063773e+00,-1.668704724293132458e+01,5.169342503308380632e-01
6.490000000000000213e+00,-4.596043819162134447e+00,1.706128241806508239e+00,-1.648143870923243526e+01,-1.944382633715459052e-01
6.500000000000000000e+00,-4.504055511760476804e+00,1.839336117807086612e+00,-1.614891399949638640e+01,-9.762231793440152572e-01
6.509999999999999787e+00,-4.428539595527231754e+00,1.978211609681320926e+00,-1.566132998788999942e+01,-1.791130084801825673e+00
6.520000000000000462e+00,-4.370320942537062159e+00,2.119800797427771499e+00,-1.500090827328468279e+01,-2.594367163727484549e+00
6.530000000000000249e+00,-4.329436584340470517e+00,2.261049836138245617e+00,-1.416208075983911563e+01,-3.336299140138764940e+00
6.540000000000000036e+00,-4.305148296332494517e+00,2.399027470962400876e+00,-1.315267940415997572e+01,-3.965565521414794237e+00
6.549999999999999822e+00,-4.296014935478673635e+00,2.531132871572389309e+00,-1.199435047260626597e+01,-4.432497306875853305e+00
6.560000000000000497e+00,-4.300017764273485810e+00,2.655273723533080776e+00,-1.072211474673144416e+01,-4.692638121227701298e+00
6.570000000000000284e+00,-4.314728419877814858e+00,2.770001966594735965e+00,-9.383045004870739447e+00,-4.710154429780870622e+00
6.580000000000000071e+00,-4.337506402129583272e+00,2.874597820205577747e+00,-8.034087769558150072e+00,-4.460911481379728372e+00
6.589999999999999858e+00,-4.365711123260918036e+00,2.969096548838094485e+00,-6.739114084839738616e+00,-3.934998426984045228e+00
6.600000000000000533e+00,-4.396912784457011725e+00,3.054256527320277748e+00,-5.565339934329010418e+00,-3.138508167398232462e+00
6.610000000000000320e+00,-4.429086646893370727e+00,3.131471289804205860e+00,-4.579306702057572842e+00,-2.094414264050771912e+00
6.620000000000000107e+00,-4.460776602973488103e+00,3.202632111778917601e+00,-3.842651910020414618e+00,-8.424369493080480220e-01
6.629999999999999893e+00,-4.491216215703648373e+00,3.269951032881813990e+00,-3.407926965353319737e+00,5.621498972363706548e-01
6.640000000000000568e+00,-4.520398411287333218e+00,3.335756868931148311e+00,-3.314729249977413694e+00,2.050752654981859546e+00
6.650000000000000355e+00,-4.549088567831404362e+00,3.402278526530174485e+00,-3.586409052301932299e+00,3.544646171770386101e+00
6.660000000000000142e+00,-4.578779597447776517e+00,3.471430725817443719e+00,-4.227587227494046473e+00,4.958963785784281875e+00
6.669999999999999929e+00,-4.611591512906263901e+00,3.544617025160305968e+00,-5.222677991689318233e+00,6.207277949736381473e+00
6.679999999999999716e+00,-4.650121650335165668e+00,3.622563860320803020e+00,-6.535555056122007045e+00,7.206513071437931295e+00
6.690000000000000391e+00,-4.697254953665159327e+00,3.705197255971577341e+00,-8.110431664485123093e+00,7.881900251718710670e+00
6.700000000000000178e+00,-4.755946316784185335e+00,3.791571089002006900e+00,-9.873950211721165715e+00,8.171669667116910674e+00
6.709999999999999964e+00,-4.828988774418490948e+00,3.879852472599767399e+00,-1.173839984857692187e+01,8.031181996623354635e+00
6.719999999999999751e+00,-4.918782235978698125e+00,3.967366207870665740e+00,-1.360590599160489766e+01,7.436225794150926660e+00
6.730000000000000426e+00,-5.027117430467109571e+00,4.050696549483675746e+00,-1.537336910430039438e+01,6.385251948248942711e+00
6.740000000000000213e+00,-5.154988796914638627e+00,4.125840985334384925e+00,-1.693787622892030598e+01,4.900376897739826987e+00
6.750000000000000000e+00,-5.302448291520801327e+00,4.188407552862569716e+00,-1.820227151574886548e+01,3.027059438188833607e+00
6.759999999999999787e+00,-5.468509616528616668e+00,4.233844592352423497e+00,-1.908055434946113849e+01,8.324371418818741208e-01
6.770000000000000462e+00,-5.651109372926415020e+00,4.257689916235520400e+00,-1.950277725738452261e+01,-1.597607659770253097e+00
6.780000000000000249e+00,-5.847128292749357747e+00,4.255825251563511102e+00,-1.941914081750038790e+01,-4.162501307911471216e+00
6.790000000000000036e+00,-6.052472224817616819e+00,4.224721537212252187e+00,-1.880302800418667175e+01,-6.751927925126624430e+00
6.799999999999999822e+00,-6.262209138952383292e+00,4.161661222413278516e+00,-1.765278313900303786e+01,-9.251391151329615425e+00
6.810000000000000497e+00,-6.470755275075590340e+00,4.064925063457753396e+00,-1.599211691909382438e+01,-1.154806374801157176e+01
6.820000000000000284e+00,-6.672100869021860170e+00,3.933932951184282878e+00,-1.386910394313449224e+01,-1.353657926872279127e+01
6.830000000000000071e+00,-6.860063777796471030e+00,3.769330887153370835e+00,-1.135382714010834526e+01,-1.512442129638589172e+01
6.839999999999999858e+00,-7.028557905487499369e+00,3.573019198718718314e+00,-8.534808639027982480e+00,-1.623658955988772945e+01
6.850000000000000533e+00,-7.171862655734889458e+00,3.348120264327949069e+00,-5.514443131214889604e+00,-1.681926717463718290e+01
6.860000000000000320e+00,-7.284879721542173669e+00,3.098887227584916193e+00,-2.403712435261337710e+00,-1.684227644106589850e+01
6.870000000000000107e+00,-7.363364339058842134e+00,2.830558235355941754e+00,6.834955510355684716e-01,-1.630018792680305495e+01
6.879999999999999893e+00,-7.404119610271955310e+00,2.549163480916512015e+00,3.636117145350215019e+00,-1.521203378468720935e+01
6.890000000000000568e+00,-7.405144538547737909e+00,2.261294631337973371e+00,6.351345819674073745e+00,-1.361966559281206557e+01
6.900000000000000355e+00,-7.365728893088498097e+00,1.973847962907477882e+00,8.739443960691811952e+00,-1.158488336327322976e+01
6.910000000000000142e+00,-7.286490778719066697e+00,1.693753647727225919e+00,1.072765389141978254e+01,-9.185539845751145904e+00
6.919999999999999929e+00,-7.169355682599924506e+00,1.427704093512748074e+00,1.226299129829855161e+01,-6.510887536709722312e+00
6.929999999999999716e+00,-7.017478646291007038e+00,1.181894037865187874e+00,1.331378101219236676e+01,-3.656480555665632348e+00
6.940000000000000391e+00,-6.835113925114458588e+00,9.617842727559966498e-01,1.386988065161702899e+01,-7.189667171719726912e-01
6.950000000000000178e+00,-6.627438917298344556e+00,7.718994895331656725e-01,1.394162598140521325e+01,2.208894824796650003e+00
6.959999999999999964e+00,-6.400341164187653753e+00,6.156688793221657408e-01,1.355761679564570521e+01,5.042677958813214900e+00
6.969999999999999751e+00,-6.160178756277185030e+00,4.953159070803532793e-01,1.276153776321390509e+01,7.709927894832789619e+00
6.980000000000000426e+00,-5.913525472080647383e+00,4.118012210420822772e-01,1.160826970465085139e+01,1.015278753732757444e+01
6.990000000000000213e+00,-5.666912400805626859e+00,3.648200899473204029e-01,1.015958897295892527e+01,1.232948200513146553e+01
7.000000000000000000e+00,-5.426577656717620712e+00,3.528532047832931839e-01,8.479773113441151366e+00,1.421461524294067580e+01
7.009999999999999787e+00,-5.198235110861344488e+00,3.732672598200328373e-01,6.631428468351452388e+00,1.579831854003514557e+01
7.020000000000000462e+00,-4.986871896229214229e+00,4.224595478954797922e-01,4.671830222283321454e+00,1.708437242976786763e+01
7.030000000000000249e+00,-4.796582857491477725e+00,4.960389597141872109e-01,2.650019544758117629e+00,1.808749501616910749e+01
7.040000000000000036e+00,-4.630448203927361561e+00,5.890343396922054220e-01,6.048394650777937365e-01,1.883004613521670478e+01
7.049999999999999822e+00,-4.490458483387012478e+00,6.961201734799346008e-01,-1.435984357103781139e+00,1.933843390280133789e+01
7.060000000000000497e+00,-4.377488731560098323e+00,8.118490938993537798e-01,-3.455694093192735572e+00,1.963952553945111745e+01
7.070000000000000284e+00,-4.291321371732505163e+00,9.308806988485454070e-01,-5.447340559924170655e+00,1.975735691023711027e+01
7.080000000000000071e+00,-4.230715249726574534e+00,1.048196660659596269e+00,-7.411751047814096438e+00,1.971040567371342078e+01
7.089999999999999858e+00,-4.193516183638296368e+00,1.159293034540065159e+00,-9.354827174148162783e+00,1.950964362254845952e+01
7.100000000000000533e+00,-4.176802673857411108e+00,1.260341988623777887e+00,-1.128442602988086563e+01,1.915751850571491488e+01
7.110000000000000320e+00,-4.177059026683433984e+00,1.348316808688325263e+00,-1.320710836313376291e+01,1.864793931217101175e+01
7.120000000000000107e+00,-4.190367148402684094e+00,1.421075893438151994e+00,-1.512504601128794590e+01,1.796725744539160985e+01
7.129999999999999893e+00,-4.212607700577397196e+00,1.477403459730787461e+00,-1.703336668348218197e+01,1.709615558699744753e+01
7.140000000000000568e+00,-4.239661185809999289e+00,1.517006725376512488e+00,-1.891817861660748434e+01,1.601228242196364704e+01
7.150000000000000355e+00,-4.267599850063258593e+00,1.540471334416282367e+00,-2.075546329619687214e+01,1.469341033596821688e+01
7.160000000000000142e+00,-4.292862016370329492e+00,1.549178644729980681e+00,-2.251095546765611388e+01,1.312084931384400832e+01
7.169999999999999929e+00,-4.312401560480743079e+00,1.545190127600466701e+00,-2.414105127829500574e+01,1.128282689631385516e+01
7.179999999999999716e+00,-4.323806640349569186e+00,1.531105462871308553e+00,-2.559470350975115593e+01,9.177542983228647699e+00
7.190000000000000391e+00,-4.325383423792359849e+00,1.509901896456648185e+00,-2.681618367232858446e+01,6.815629627076456920e+00
7.200000000000000178e+00,-4.316202337908463527e+00,1.484763022027689505e+00,-2.774852022933466955e+01,4.221788180825498671e+00
7.209999999999999964e+00,-4.296106200436779154e+00,1.458905338162962195e+00,-2.833736574742900061e+01,1.435436123637905848e+00
7.219999999999999751e+00,-4.265681396562658101e+00,1.435410718861319879e+00,-2.853500762963579973e+01,-1.489730871659912248e+00
7.230000000000000426e+00,-4.226194948037401922e+00,1.417072341782990241e+00,-2.830422021482418060e+01,-4.487275002454897077e+00
7.240000000000000213e+00,-4.179501806079543691e+00,1.406260686168561813e+00,-2.762166176750674396e+01,-7.480581069182319354e+00
7.250000000000000000e+00,-4.127927918768816262e+00,1.404814998515534263e+00,-2.648054789276299559e+01,-1.038630199660350861e+01
7.259999999999999787e+00,-4.074135526316680966e+00,1.413964199076280792e+00,-2.489238118818190060e+01,-1.311846912912178098e+01
7.270000000000000462e+00,-4.020977690413806371e+00,1.434279645272748427e+00,-2.288758197052936794e+01,-1.559299854167070265e+01
7.280000000000000249e+00,-3.971349252902793836e+00,1.465660562791177624e+00,-2.051494192275020012e+01,-1.773229121688086352e+01
7.290000000000000036e+00,-3.928041250094283399e+00,1.507351384698460306e+00,-1.783990583770789584e+01,-1.946961342801840544e+01
7.299999999999999822e+00,-3.893605306810736799e+00,1.557988781720122118e+00,-1.494177016018668702e+01,-2.075295493791010415e+01
7.310000000000000497e+00,-3.870233740313902437e+00,1.615674891897126431e+00,-1.190996460749891384e+01,-2.154809589040883822e+01
7.320000000000000284e+00,-3.859660074275029551e+00,1.678072221339890646e+00,-8.839649086451647264e+00,-2.184066611936817637e+01
7.330000000000000071e+00,-3.863083462787692213e+00,1.742514930167727849e+00,-5.826907593617842274e+00,-2.163704917344944434e+01
7.339999999999999858e+00,-3.881119226020967261e+00,1.806130761951966868e+00,-2.963850184970436619e+00,-2.096406264347129778e+01
7.350000000000000533e+00,-3.913776375865728241e+00,1.865967726017307537e+00,-3.339413166940314870e-01,-1.986743059593004901e+01
7.360000000000000320e+00,-3.960461732246396416e+00,1.919119787263312560e+00,1.992142581743863161e+00,-1.840914693148409498e+01
7.370000000000000107e+00,-4.020009061952314333e+00,1.962846229420128763e+00,3.959860343759122880e+00,-1.666390428319065364e+01
7.379999999999999893e+00,-4.090730664598475563e+00,1.994679993373470017e+00,5.533147751086998412e+00,-1.471482618745761783e+01
7.390000000000000568e+00,-4.170488024162683161e+00,2.012521101160845483e+00,6.695613479903404830e+00,-1.264878620293951172e+01
7.400000000000000355e+00,-4.256777564182037565e+00,2.014712201371232414e+00,7.450528696841975496e+00,-1.055162320900465289e+01
7.410000000000000142e+00,-4.346827199557194987e+00,2.000094254101986380e+00,7.819632858503406503e+00,-8.503565593299338587e+00
7.419999999999999929e+00,-4.437699262763155517e+00,1.968041356635081618e+00,7.840858981850521658e+00,-6.575158376239903291e+00
7.429999999999999716e+00,-4.526395478779986270e+00,1.918474643591480566e+00,7.565154110471226545e+00,-4.823948080879649325e+00
7.440000000000000391e+00,-4.609959942280207557e+00,1.851856035101394182e+00,7.052629757052167214e+00,-3.292123394710069206e+00
7.450000000000000178e+00,-4.685576475987743628e+00,1.769163321704980252e+00,6.368318644102864745e+00,-2.005239693851297744e+00
7.459999999999999964e+00,-4.750657279867733784e+00,1.671848645181322812e+00,5.577835310443471251e+00,-9.720775397130713147e-01
7.469999999999999751e+00,-4.802920375304334577e+00,1.561782851968578800e+00,4.743237838639952741e+00,-1.856050679181374397e-01
7.480000000000000426e+00,-4.840453967391077583e+00,1.441188462859197106e+00,3.919366424361021561e+00,3.750623842236381900e-01
7.490000000000000213e+00,-4.861766457614086434e+00,1.312564131036572102e+00,3.150893642292655450e+00,7.418795175329011560e-01
7.500000000000000000e+00,-4.865821411243118177e+00,1.178603469007603488e+00,2.470264349109215551e+00,9.544928560022152286e-01
7.509999999999999787e+00,-4.852057299477925412e+00,1.042111036618469821e+00,1.896634619422526313e+00,1.056530777559687051e+00
7.520000000000000462e+00,-4.820392285057351067e+00,9.059181216950520366e-01,1.435844143046422605e+00,1.091841641387935491e+00
7.530000000000000249e+00,-4.771214698715020575e+00,7.728007354519692562e-01,1.081380721314718629e+00,1.100955318358737056e+00
7.540000000000000036e+00,-4.705360166225209362e+00,6.454020069563108919e-01,8.162244576207045021e-01,1.118018909566129260e+00
7.549999999999999822e+00,-4.624076600235707879e+00,5.261609100781331483e-01,6.153980714958846576e-01,1.168415119723207773e+00
7.560000000000000497e+00,-4.528978478629700710e+00,4.172490022775610652e-01,4.490027883970906242e-01,1.267215096745070602e+00
7.570000000000000284e+00,-4.421992003124671555e+00,3.205166012387082874e-01,2.854896565233797645e-01,1.418551016861261393e+00
7.580000000000000071e+00,-4.305292877801490725e+00,2.374495715913256810e-01,9.490576180962895236e-02,1.615922399986719382e+00
7.589999999999999858e+00,-4.181238573431257599e+00,1.691376347287096849e-01,-1.481359610489478840e-01,1.843379458542767191e+00
7.600000000000000533e+00,-4.052297051469714084e+00,1.162548429037975339e-01,-4.619868660540531469e-01,2.077461947393600461e+00
7.610000000000000320e+00,-3.920974008111417497e+00,7.905256716160728725e-02,-8.561723705174679733e-01,2.289717696020667326e+00
7.620000000000000107e+00,-3.789740755896646718e+00,5.736503199220557847e-02,-1.330404685910604901e+00,2.449585098608887179e+00
7.629999999999999893e+00,-3.660964876499780196e+00,5.062708638034014302e-02,-1.874457389281928510e+00,2.527401004747081181e+00
7.640000000000000568e+00,-3.536845739957057866e+00,5.790353482276216351e-02,-2.468893185415187652e+00,2.497291063837547398e+00
7.650000000000000355e+00,-3.419356879219668244e+00,7.792897237191162563e-02,-3.086570679892259861e+00,2.339713602645407953e+00
7.660000000000000142e+00,-3.310197023307408060e+00,1.091566901903557180e-01,-3.694797316162558687e+00,2.043459160005132613e+00
7.669999999999999929e+00,-3.210751320688725485e+00,1.498148628813810723e-01,-4.257948082599535944e+00,1.606953227425077957e+00
7.679999999999999716e+00,-3.122063926313709992e+00,1.979679199852548421e-01,-4.740336518268700949e+00,1.038765890496966326e+00
7.690000000000000391e+00,-3.044822688075974781e+00,2.515807669414944492e-01,-5.109108149954073141e+00,3.572945460079424707e-01
7.700000000000000178e+00,-2.979356166686281338e+00,3.085833798897113511e-01,-5.336927708227945821e+00,-4.103500929819572374e-01
7.709999999999999964e+00,-2.925642680284150643e+00,3.669332745197251833e-01,-5.404249902477785028e+00,-1.230163700214557787e+00
7.719999999999999751e+00,-2.883330511729487178e+00,4.246734560221913646e-01,-5.300997519927140189e+00,-2.063629670871964805e+00
7.730000000000000426e+00,-2.851767887459026873e+00,4.799837006806333961e-01,-5.027517367067306786e+00,-2.870476475993179122e+00
7.740000000000000213e+00,-2.830040869412912219e+00,5.312233952399837422e-01,-4.594740416494880186e+00,-3.611598322014504259e+00
7.750000000000000000e+00,-2.817016932362477633e+00,5.769646523974790719e-01,-4.023533178195627613e+00,-4.251915506490083985e+00
7.759999999999999787e+00,-2.811391760391690031e+00,6.160150033533987601e-01,-3.343288227196437035e+00,-4.762956725090181642e+00
7.770000000000000462e+00,-2.811736713310435842e+00,6.474296055821509022e-01,-2.589858500425415322e+00,-5.124967515787643535e+00
7.780000000000000249e+00,-2.816544501198543937e+00,6.705135527710566201e-01,-1.802988329652070565e+00,-5.328385167762954566e+00
7.790000000000000036e+00,-2.824270865516256279e+00,6.848154868819943397e-01,-1.023430794923291920e+00,-5.374567915435462417e+00
7.799999999999999822e+00,-2.833370487098009871e+00,6.901142415602803393e-01,-2.899633738810554195e-01,-5.275721449649927841e+00
7.810000000000000497e+00,-2.842325899991777316e+00,6.864006470581039965e-01,3.634793826235094283e-01,-5.054024584612485604e+00
7.820000000000000284e+00,-2.849668847987631537e+00,6.738568622245811879e-01,9.103465495330721469e-01,-4.740014016198832003e+00
7.830000000000000071e+00,-2.853994229850822517e+00,6.528356426933573653e-01,1.333499419493179960e+00,-4.370341325549283340e+00
7.839999999999999858e+00,-2.853967484635912655e+00,6.238417938411406904e-01,1.626579649968577623e+00,-3.985059985514487035e+00
7.850000000000000533e+00,-2.848326911841021492e+00,5.875176959315452363e-01,1.794615946149858088e+00,-3.624633072648152154e+00
7.860000000000000320e+00,-2.835882945928182686e+00,5.446342472285607972e-01,1.853822233562440136e+00,-3.326871524037616989e+00
7.870000000000000107e+00,-2.815516760533739671e+00,4.960878848875526215e-01,1.830596984730462395e+00,-3.124016981908091850e+00
7.879999999999999893e+00,-2.786180724970114042e+00,4.429035632502493769e-01,1.759788784354562097e+00,-3.040172495243857576e+00
7.890000000000000568e+00,-2.746903149513200137e+00,3.862427557042988902e-01,1.682343499069132609e+00,-3.089259607673535690e+00
7.900000000000000355e+00,-2.696799429202661802e+00,3.274147669054984222e-01,1.642490159599451438e+00,-3.273643621767046596e+00
7.910000000000000142e+00,-2.635091140403838850e+00,2.678889656785330420e-01,1.684653138173564768e+00,-3.583522850696931439e+00
7.919999999999999929e+00,-2.561133891516548466e+00,2.093050400139569722e-01,1.850295532806545573e+00,-3.997125784232199663e+00
7.930000000000000604e+00,-2.474453828287360491e+00,1.534780894629070302e-01,2.174901927804130608e+00,-4.481705969387585142e+00
7.940000000000000391e+00,-2.374791709587880550e+00,1.023953476425627229e-01,2.685297953302240526e+00,-4.995271761218167406e+00
7.950000000000000178e+00,-2.262152476492432562e+00,5.820159074315198883e-02,3.397480340097539298e+00,-5.488940462911626739e+00
7.959999999999999964e+00,-2.136857316754509739e+00,2.317083781092308184e-02,4.315096341231751786e+00,-5.909766837864743216e+00
7.969999999999999751e+00,-1.999594458555064680e+00,-3.372364378935860103e-04,5.428668051947511231e+00,-6.203866996917388299e+00
7.980000000000000426e+00,-1.851464385098779530e+00,-9.936719152866176422e-03,6.715608389990316063e+00,-6.319641916233569745e+00
7.990000000000000213e+00,-1.694014905865444121e+00,-3.290055990293238100e-03,8.141024659266243191e+00,-6.210901129610274296e+00
8.000000000000000000e+00,-1.529261593526051843e+00,2.180409655883774889e-02,9.659256110000375983e+00,-5.839696371417430143e+00
