# eV,ground_re,ground_im,pumped_re,pumped_im
1.000000000000000021e-02,2.603303146175085203e+02,-2.564315660665251016e+03,2.036910621312581861e+04,-7.530847270890897198e+04
2.000000000000000042e-02,2.572454397608357795e+02,-1.255535479576519037e+03,1.987939846859071258e+04,-3.437359132132498053e+04
2.999999999999999889e-02,2.521869204190435312e+02,-8.081003123111274817e+02,1.908091743392925491e+04,-1.939400286381224578e+04
4.000000000000000083e-02,2.452760022264541533e+02,-5.767167664302139656e+02,1.799940814857187434e+04,-1.103651420875320400e+04
5.000000000000000278e-02,2.366762517436340545e+02,-4.325180566321099036e+02,1.666935014823559686e+04,-5.468482320017964412e+03
5.999999999999999778e-02,2.265877157977260765e+02,-3.326796792076963811e+02,1.513248956620082390e+04,-1.434026095367976950e+03
7.000000000000000666e-02,2.152398732248977922e+02,-2.589312498089972223e+02,1.343608234651019120e+04,1.593225838096464940e+03
8.000000000000000167e-02,2.028836914915121952e+02,-2.021817409916444603e+02,1.163093620028727673e+04,3.872455727979459425e+03
8.999999999999999667e-02,1.897831354045410137e+02,-1.573934791850385864e+02,9.769347798919206980e+03,5.549865997667849115e+03
1.000000000000000056e-01,1.762064922176908510e+02,-1.215320012934239884e+02,7.903035227300003498e+03,6.720139888701200107e+03
1.100000000000000006e-01,1.624178763132344159e+02,-9.263548544668590523e+01,6.081163794165354375e+03,7.453906169445233900e+03
1.199999999999999956e-01,1.486692577215002018e+02,-6.935156706316234931e+01,4.348556115901764315e+03,7.810824039715781510e+03
1.300000000000000044e-01,1.351933234348729513e+02,-5.069056575062451486e+01,2.744165463192119205e+03,7.845874795348663611e+03
1.400000000000000133e-01,1.221974310596416018e+02,-3.588740514984793606e+01,1.299875465699497681e+03,7.612159301604586290e+03
1.499999999999999944e-01,1.098588538295594930e+02,-2.432178835541092710e+01,3.967040663359187391e+01,7.161790339313259210e+03
1.600000000000000033e-01,9.832144791502847170e+01,-1.547124142776401534e+01,-1.020800342217482921e+03,6.545722243925948533e+03
1.700000000000000122e-01,8.769380115121106201e+01,-8.883426070183652712e+00,-1.874261462779156545e+03,5.813007201542375697e+03
1.799999999999999933e-01,7.804885070903206667e+01,-4.160026447886395751e+00,-2.521472750675895895e+03,5.009786696408035823e+03
1.900000000000000022e-01,6.942488962789643381e+01,-9.476394781240108367e-01,-2.970549250909166858e+03,4.178225042281053902e+03
2.000000000000000111e-01,6.182782193655251746e+01,1.067161279671168250e+00,-3.235993623881745407e+03,3.355528351096803817e+03
2.099999999999999922e-01,5.523447617616523075e+01,2.160397586637015976e+00,-3.337506257792540964e+03,2.573147570781923150e+03
2.200000000000000011e-01,4.959674967614211738e+01,2.572073921926911311e+00,-3.298646801101015626e+03,1.856229383126674293e+03
2.300000000000000100e-01,4.484633228918807646e+01,2.507150253608237733e+00,-3.145424447513843916e+03,1.223349683552462920e+03
2.399999999999999911e-01,4.089974899238409023e+01,2.136590118476178635e+00,-2.904893452780727330e+03,6.865393657608140074e+02
2.500000000000000000e-01,3.766346549108068587e+01,1.598774317140123191e+00,-2.603825257461653109e+03,2.515906937725620480e+02
2.600000000000000089e-01,3.503881862481510723e+01,1.001424036095274639e+00,-2.267519739225034755e+03,-8.138529844956806869e+01
2.700000000000000178e-01,3.292656219225645486e+01,4.240685570682199423e-01,-1.918806233822580680e+03,-3.171939446134625769e+02
2.800000000000000266e-01,3.123085646848646846e+01,-7.898688227522741856e-02,-1.577270909488567213e+03,-4.646381161289345414e+02
2.899999999999999800e-01,2.986257349286326956e+01,-4.752933633461257079e-01,-1.258731810285021766e+03,-5.355046542748083311e+02
2.999999999999999889e-01,2.874183727827191248e+01,-7.506266338562511686e-01,-9.749673820109803728e+02,-5.435168875617077902e+02
3.099999999999999978e-01,2.779976554519004495e+01,-9.052456555702677043e-01,-7.336895054037493082e+02,-5.033117621192575939e+02
3.200000000000000067e-01,2.697942469802817200e+01,-9.501986914645728088e-01,-5.387388363170221055e+02,-4.294943745582280599e+02
3.300000000000000155e-01,2.623605014226584586e+01,-9.038249739398515059e-01,-3.904692976907051616e+02,-3.358141280852341879e+02
3.400000000000000244e-01,2.553661774527618888e+01,-7.885807605947218191e-01,-2.862804072974465726e+02,-2.344960740670923087e+02
3.500000000000000333e-01,2.485887786897726315e+01,-6.282920726902510022e-01,-2.212510756635255689e+02,-1.357490714150926010e+02
3.599999999999999867e-01,2.418998013838892902e+01,-4.459053101375816119e-01,-1.888266713242178128e+02,-4.746003819599862084e+01
3.699999999999999956e-01,2.352482474896413933e+01,-2.617738560096808387e-01,-1.815124160151482897e+02,2.492840257073929067e+01
3.800000000000000044e-01,2.286427502259299871e+01,-9.248614521705574021e-02,-1.915302391054088957e+02,7.837043364406822832e+01
3.900000000000000133e-01,2.221335697191478076e+01,4.978939841303199609e-02,-2.114026261956815347e+02,1.120223820995563813e+02
4.000000000000000222e-01,2.157955611567818366e+01,1.574929176035373690e-01,-2.344351579846558309e+02,1.269304874138144754e+02
4.100000000000000311e-01,2.097130129749806216e+01,2.274657085094130560e-01,-2.550786937782633572e+02,1.256351580422116001e+02
4.199999999999999845e-01,2.039670156636673681e+01,2.604311787195373595e-01,-2.691618241788947898e+02,1.117276588110149333e+02
4.299999999999999933e-01,1.986257709783308201e+01,2.602556474287006649e-01,-2.739936350715379945e+02,8.939455799184798934e+01
4.400000000000000022e-01,1.937380041373162598e+01,2.330810996814452474e-01,-2.683453895708491928e+02,6.298239054727732622e+01
4.500000000000000111e-01,1.893294135666246802e+01,1.864167533617123451e-01,-2.523269460574960874e+02,3.661023488081025334e+01
4.600000000000000200e-01,1.854018968276786339e+01,1.282660872302476829e-01,-2.271792164718348488e+02,1.385172666942414388e+01
4.700000000000000289e-01,1.819351370775757815e+01,6.635199495353351351e-02,-1.950075018611165092e+02,-2.499021793418068071e+00
4.799999999999999822e-01,1.788900276118025090e+01,7.486302717105157607e-03,-1.584820443612849203e+02,-1.057051141877980349e+01
4.899999999999999911e-01,1.762133547903225050e+01,-4.288761342480584132e-02,-1.205316742442340967e+02,-9.466046975855036294e+00
5.000000000000000000e-01,1.738431504208322309e+01,-8.096763730336710430e-02,-8.405420577842144780e+01,7.683878134459264375e-01
5.100000000000000089e-01,1.717141587694785443e+01,-1.046855319460670286e-01,-5.166355228840602365e+01,1.924857452329440832e+01
5.200000000000000178e-01,1.697629335313249044e+01,-1.136372429291638841e-01,-2.548877315017714196e+01,4.441278208774398450e+01
5.300000000000000266e-01,1.679321772424066950e+01,-1.088791936643082187e-01,-7.034863320411735899e+00,7.422021609281682686e+01
5.400000000000000355e-01,1.661740496626942942e+01,-9.262584729325361310e-02,2.890509026408887294e+00,1.063677184951484378e+02
5.500000000000000444e-01,1.644522923166223194e+01,-6.788719228272845074e-02,4.185498037170464869e+00,1.385058274193464172e+02
5.600000000000000533e-01,1.627431339181793035e+01,-3.808476145841384330e-02,-2.596212942968283865e+00,1.684372324841372688e+02
5.700000000000000622e-01,1.610350473207523692e+01,-6.681707866695868123e-03,-1.634460751102243137e+01,1.942836698964250104e+02
5.799999999999999600e-01,1.593275161362071657e+01,2.314308787161416248e-02,-3.552874232400407095e+01,2.146110787018434962e+02
5.899999999999999689e-01,1.576290335513062502e+01,4.875421240385469784e-02,-5.835407610075560569e+01,2.285070394531740305e+02
5.999999999999999778e-01,1.559545946506865199e+01,6.823785347120814304e-02,-8.292706852780123938e+01,2.356087901409751169e+02
6.099999999999999867e-01,1.543229564627116801e+01,8.049304352738971546e-02,-1.074131810779198446e+02,2.360841350677811192e+02
6.199999999999999956e-01,1.527539287330550977e+01,8.523824389119678824e-02,-1.301761908655537070e+02,2.305710489737750777e+02
6.300000000000000044e-01,1.512659265625909910e+01,8.294248822033901958e-02,-1.498892833445281099e+02,2.200845121728890490e+02
6.400000000000000133e-01,1.498739682662168882e+01,7.469576586198359291e-02,-1.656114605108142825e+02,2.059009478782237466e+02
6.500000000000000222e-01,1.485882436608647161e+01,6.203697227719015550e-02,-1.768261106159370115e+02,1.894315047835137307e+02
6.600000000000000311e-01,1.474133153099974258e+01,4.675946951278797670e-02,-1.834418595171111690e+02,1.720953490963286470e+02
6.700000000000000400e-01,1.463479536809204617e+01,3.071413548082968167e-02,-1.857588133406990210e+02,1.552031847443602146e+02
6.800000000000000488e-01,1.453855517295902722e+01,1.562793517986392836e-02,-1.844057991964260452e+02,1.398595521510049196e+02
6.900000000000000577e-01,1.445150191659317684e+01,2.952837305762347556e-03,-1.802560614528200631e+02,1.268902527006338801e+02
7.000000000000000666e-01,1.437220244125280644e+01,-6.244273823828925055e-03,-1.743299835516110932e+02,1.167987221475830353e+02
7.099999999999999645e-01,1.429904345585197589e+01,-1.134473489944369182e-02,-1.676937516527381717e+02,1.097525541630375159e+02
7.199999999999999734e-01,1.423038005940628992e+01,-1.219309959660307661e-02,-1.613624901907176081e+02,1.055988676937762847e+02
7.299999999999999822e-01,1.416467458121124423e+01,-9.067230898855851637e-03,-1.562153685752536489e+02,1.039050062229212301e+02
7.399999999999999911e-01,1.410061373571699406e+01,-2.610462925736943725e-03,-1.529286340627124616e+02,1.040193028528219656e+02
7.500000000000000000e-01,1.403719515709908983e+01,6.264409739363541174e-03,-1.519306295033144636e+02,1.051454451915425921e+02
7.600000000000000089e-01,1.397377796374704850e+01,1.648788239985165410e-02,-1.533807826712707651e+02,1.064233799806228546e+02
7.700000000000000178e-01,1.391009575076245852e+01,2.695128372941691525e-02,-1.571724829774696275e+02,1.070097095631860782e+02
7.800000000000000266e-01,1.384623397859714800e+01,3.661776092893267304e-02,-1.629578548263673952e+02,1.061511034225552095e+02
7.900000000000000355e-01,1.378257682023841646e+01,4.461691576439194562e-02,-1.701908327492432988e+02,1.032452905745992666e+02
8.000000000000000444e-01,1.371973091437822312e+01,5.031561182976533597e-02,-1.781837455956713256e+02,9.788559456491869071e+01
8.100000000000000533e-01,1.365843499370853209e+01,5.336027165685173351e-02,-1.861718895932870623e+02,8.988658525360888518e+01
8.200000000000000622e-01,1.359946494842353637e+01,5.368898216288452846e-02,-1.933803352421326736e+02,7.929010672919633862e+01
8.300000000000000711e-01,1.354354356382526348e+01,5.151464663071769756e-02,-1.990874525509410375e+02,6.635255985929781275e+01
8.399999999999999689e-01,1.349126303459458676e+01,4.728300689695484615e-02,-2.026802987529488576e+02,5.151574799878834909e+01
8.499999999999999778e-01,1.344302656824109654e+01,4.161140422489346263e-02,-2.036980089615116185e+02,3.536473618380016148e+01
8.599999999999999867e-01,1.339901315399690951e+01,3.521550716320664270e-02,-2.018605594774001020e+02,1.857695881550271721e+01
8.699999999999999956e-01,1.335916712345226642e+01,2.883183566806496803e-02,-1.970816212083629182e+02,1.867202782512163095e+00
8.800000000000000044e-01,1.332321170112923170e+01,2.314375120446445638e-02,-1.894655716334785041e+02,-1.406690975324611870e+01
8.900000000000000133e-01,1.329068355489855158e+01,1.871772835332609006e-02,-1.792899809909796431e+02,-2.859468270508280696e+01
9.000000000000000222e-01,1.326098359003509231e+01,1.595529807082222626e-02,-1.669759410940489772e+02,-4.119377263941888145e+01
9.100000000000000311e-01,1.323343801981484269e+01,1.506422269573532736e-02,-1.530493947130519530e+02,-5.148061199023516821e+01
9.200000000000000400e-01,1.320736316490268969e+01,1.605042039825031394e-02,-1.380971070277941521e+02,-5.922821469431425356e+01
9.300000000000000488e-01,1.318212749724642663e+01,1.873010160705636251e-02,-1.227210828031905834e+02,-6.437085481632485084e+01
9.400000000000000577e-01,1.315720510688047540e+01,2.275970083473305081e-02,-1.074950847212329421e+02,-6.699617332060844888e+01
9.500000000000000666e-01,1.313221593564407286e+01,2.767964611262815899e-02,-9.292648436960591596e+01,-6.732621191488607337e+01
9.599999999999999645e-01,1.310694965406388768e+01,3.296692700413948046e-02,-7.942603148050181971e+01,-6.568963081191418496e+01
9.699999999999999734e-01,1.308137179465559008e+01,3.809087444445007770e-02,-6.728732624632371540e+01,-6.248789384024483695e+01
9.799999999999999822e-01,1.305561252501370362e+01,4.256657253067377966e-02,-5.667689807524081402e+01,-5.815847572710009672e+01
9.899999999999999911e-01,1.302994008174759877e+01,4.600085331829265045e-02,-4.763490680281894640e+01,-5.313816055862886856e+01
1.000000000000000000e+00,1.300472224674321708e+01,4.812680388364302952e-02,-4.008565865862585298e+01,-4.782927567947199066e+01
1.010000000000000009e+00,1.298038021822335608e+01,4.882402658482521557e-02,-3.385642834598441908e+01,-4.257127717560960178e+01
1.020000000000000018e+00,1.295733973972734887e+01,4.812339983809388322e-02,-2.870254537139392070e+01,-3.761952024456896027e+01
1.030000000000000027e+00,1.293598437520651245e+01,4.619663784760824621e-02,-2.433636559092644802e+01,-3.313236707526400693e+01
1.040000000000000036e+00,1.291661537859860154e+01,4.333239650631361822e-02,-2.045761865808280788e+01,-2.916706630821288471e+01
1.050000000000000044e+00,1.289942176411403629e+01,3.990188818594875286e-02,-1.678269256835280743e+01,-2.568413982698939790e+01
1.060000000000000053e+00,1.288446303607313936e+01,3.631784677987086318e-02,-1.307066665155618068e+01,-2.255938636826462584e+01
1.070000000000000062e+00,1.287166570561722523e+01,3.299115824244298195e-02,-9.144300871530013808e+00,-1.960209923891340011e+01
1.080000000000000071e+00,1.286083333914418603e+01,3.028951348596293364e-02,-4.904690349096251900e+00,-1.657772702484998106e+01
1.090000000000000080e+00,1.285166858239955623e+01,2.850206367658838363e-02,-3.388533093654406692e-01,-1.323299774544387830e+01
1.100000000000000089e+00,1.284380450447363309e+01,2.781331499591996673e-02,4.479908654804665602e+00,-9.321480988052982752e+00
1.110000000000000098e+00,1.283684180384667251e+01,2.828847528427552716e-02,9.398500644258527714e+00,-4.627669054114935676e+00
1.120000000000000107e+00,1.283038797901171257e+01,2.987126636698925891e-02,1.419652855982036144e+01,1.012103746978729735e+00
1.130000000000000115e+00,1.282409451771133924e+01,3.239396345000751520e-02,1.860358028518302831e+01,7.693243729759502436e+00
1.140000000000000124e+00,1.281768849234530094e+01,3.559823781158458211e-02,2.231982314965187797e+01,1.543191301989685194e+01
1.150000000000000133e+00,1.281099561989822178e+01,3.916437178833586524e-02,2.503831798224110372e+01,2.415996584098295230e+01
1.159999999999999920e+00,1.280395277770984741e+01,4.274567607831818161e-02,2.646744404121148975e+01,3.372585472506730042e+01
1.169999999999999929e+00,1.279660906405973719e+01,4.600453083290209633e-02,2.635193488945720830e+01,4.390114950497358137e+01
1.179999999999999938e+00,1.278911564471471252e+01,4.864642292109829652e-02,2.449122462968263747e+01,5.439196544363244357e+01
1.189999999999999947e+00,1.278170572117107184e+01,5.044865625562859612e-02,2.075407351982077131e+01,6.485432845271043334e+01
1.199999999999999956e+00,1.277466688979087905e+01,5.128103089323091113e-02,1.508875587144989439e+01,7.491232593437942455e+01
1.209999999999999964e+00,1.276830884796602561e+01,5.111665165370170294e-02,7.528424920710680368e+00,8.417780449855472114e+01
1.219999999999999973e+00,1.276292978411462720e+01,5.003204843287899911e-02,-1.808405619480179638e+00,9.227037672625796461e+01
1.229999999999999982e+00,1.275878483369419669e+01,4.819686571255792779e-02,-1.272202662996147104e+01,9.883657838675955531e+01
1.239999999999999991e+00,1.275605969721726218e+01,4.585440277032062917e-02,-2.493985625657499483e+01,1.035671607428160144e+02
1.250000000000000000e+00,1.275485193383949145e+01,4.329516085047323271e-02,-3.812823478980460834e+01,1.062116926975715927e+02
1.260000000000000009e+00,1.275516162846285795e+01,4.082619759933023285e-02,-5.190687173729951809e+01,1.065898663817610554e+02
1.270000000000000018e+00,1.275689216554032512e+01,3.873944476534942755e-02,-6.586505279794926082e+01,1.045991296808476960e+02
1.280000000000000027e+00,1.275986082565339608e+01,3.728218377005052681e-02,-7.957870063547190398e+01,1.002184942991548411e+02
1.290000000000000036e+00,1.276381795143995745e+01,3.663259760452539787e-02,-9.262742063125860170e+01,9.350857517713778577e+01
1.300000000000000044e+00,1.276847260117803629e+01,3.688275926295751100e-02,-1.046107414577910220e+02,8.460809671899316697e+01
1.310000000000000053e+00,1.277352199963671886e+01,3.803063594992359131e-02,-1.151628694842061833e+02,7.372724722790121632e+01
1.320000000000000062e+00,1.277868176254348853e+01,3.998176454944203650e-02,-1.239654047726443906e+02,6.113837248548009029e+01
1.330000000000000071e+00,1.278371384149709300e+01,4.256027989453045612e-02,-1.307576046750911587e+02,4.716457282749392022e+01
1.340000000000000080e+00,1.278844940881054448e+01,4.552804934241866386e-02,-1.353439202570727389e+02,3.216680796002403753e+01
1.350000000000000089e+00,1.279280444569216080e+01,4.860987540004051838e-02,-1.375986643500862101e+02,1.653012428819463508e+01
1.360000000000000098e+00,1.279678655545341570e+01,5.152214861203741753e-02,-1.374677934108028694e+02,6.496056312268878585e-01
1.370000000000000107e+00,1.280049241894890955e+01,5.400201999857744822e-02,-1.349678958966660787e+02,-1.508338511684072536e+01
1.380000000000000115e+00,1.280409625254569761e+01,5.583414378575809328e-02,-1.301825764858176058e+02,-3.029415403350212799e+01
1.390000000000000124e+00,1.280783052619537798e+01,5.687231573977757915e-02,-1.232565082135241994e+02,-4.463635403032041182e+01
1.400000000000000133e+00,1.281196096261224149e+01,5.705387017749139617e-02,-1.143874940901480812e+02,-5.780200071520309990e+01
1.409999999999999920e+00,1.281675839398343264e+01,5.640544424427255954e-02,-1.038169367095794797e+02,-6.952950948662160613e+01
1.419999999999999929e+00,1.282247034687087428e+01,5.503959596263895832e-02,-9.181915911780347983e+01,-7.960951823193751409e+01
1.429999999999999938e+00,1.282929523184377985e+01,5.314268503982901015e-02,-7.869005254205360700e+01,-8.788834676021495795e+01
1.439999999999999947e+00,1.283736173325388030e+01,5.095530084587674563e-02,-6.473554551710257954e+01,-9.426903599502729492e+01
1.449999999999999956e+00,1.284671545600388498e+01,4.874726385339947510e-02,-5.026039287962404245e+01,-9.871000607517621006e+01
1.459999999999999964e+00,1.285731414494625469e+01,4.678976227109959973e-02,-3.555777002650238927e+01,-1.012214711669497831e+02
1.469999999999999973e+00,1.286903192320440859e+01,4.532746237889711399e-02,-2.090012571408115249e+01,-1.018598472642703712e+02
1.479999999999999982e+00,1.288167208513144324e+01,4.455342267606603179e-02,-6.531693907304755520e+00,-1.007204837252800900e+02
1.489999999999999991e+00,1.289498711852332846e+01,4.458935013425344152e-02,7.337008929241603639e+00,-9.792913494741078750e+01
1.500000000000000000e+00,1.290870390469111051e+01,4.547319137678526579e-02,2.053246953278963360e+01,-9.363265987875465157e+01
1.510000000000000009e+00,1.292255152615982539e+01,4.715530731978977153e-02,3.291912819888295161e+01,-8.798948817920772569e+01
1.520000000000000018e+00,1.293628885158274500e+01,4.950361118452690362e-02,4.439800293472838177e+01,-8.116041722900280320e+01
1.530000000000000027e+00,1.294972909174371090e+01,5.231714360126127339e-02,5.490313230448986559e+01,-7.330029917046422838e+01
1.540000000000000036e+00,1.296275882683770853e+01,5.534670528974000581e-02,6.439611830760682665e+01,-6.455113859640927387e+01
1.550000000000000044e+00,1.297534956311255172e+01,5.832045284651517919e-02,7.285917900877669240e+01,-5.503704824260938011e+01
1.560000000000000053e+00,1.298756063090800161e+01,6.097185818055639306e-02,8.028723160533306213e+01,-4.486140342838506001e+01
1.570000000000000062e+00,1.299953311100543907e+01,6.306718804127327271e-02,8.667961097983371133e+01,-3.410640001407136168e+01
1.580000000000000071e+00,1.301147538463232323e+01,6.442970193876261520e-02,9.203207829281664942e+01,-2.283506196534809618e+01
1.590000000000000080e+00,1.302364175347582531e+01,6.495809119337862814e-02,9.632978231207933106e+01,-1.109557230531618544e+01
1.600000000000000089e+00,1.303630628407311143e+01,6.463725729337220505e-02,9.954179889708994722e+01,1.072373704967722441e+00
1.610000000000000098e+00,1.304973452432056469e+01,6.354029741514655161e-02,1.016177903344535594e+02,1.362965966257760364e+01
1.620000000000000107e+00,1.306415596804938595e+01,6.182145242979898703e-02,1.024871984158416751e+02,2.652889306601758435e+01
1.630000000000000115e+00,1.307974008238125485e+01,5.970068936921823360e-02,1.020612191214958671e+02,3.970532298109023372e+01
1.640000000000000124e+00,1.309657836645826912e+01,5.744144412352741869e-02,1.002376116986898182e+02,5.306831346399044946e+01
1.650000000000000133e+00,1.311467431224785152e+01,5.532375478451380391e-02,9.690818284571633967e+01,6.649416793328933295e+01
1.660000000000000142e+00,1.313394234701261709e+01,5.361549960858810748e-02,9.196857180971304047e+01,7.982105480094421068e+01
1.669999999999999929e+00,1.315421593105516962e+01,5.254466577423595741e-02,8.532975986508616018e+01,9.284668221723428871e+01
1.679999999999999938e+00,1.317526405396493949e+01,5.227549252362438670e-02,7.693055335228171998e+01,1.053292133300816857e+02
1.689999999999999947e+00,1.319681451145029172e+01,5.289096088498175530e-02,6.675015766073151724e+01,1.169917107881525169e+02
1.699999999999999956e+00,1.321858164042097350e+01,5.438347700834664927e-02,5.481988246193841974e+01,1.275301619916936460e+02
1.709999999999999964e+00,1.324029571480548562e+01,5.665477807323302667e-02,4.123300511037986382e+01,1.366248797123032546e+02
1.719999999999999973e+00,1.326173100879064926e+01,5.952515957247350026e-02,2.615187429424905474e+01,1.439548133684871800e+02
1.729999999999999982e+00,1.328272964027794778e+01,6.275117344528090280e-02,9.811459904878574889e+00,1.492140628233526627e+02
1.739999999999999991e+00,1.330321870772611703e+01,6.605007381119311349e-02,-7.481257080457371700e+00,1.521296772966523179e+02
1.750000000000000000e+00,1.332321889083054600e+01,6.912858003875002599e-02,-2.535241878072714528e+01,1.524796636106385392e+02
1.760000000000000009e+00,1.334284353601327666e+01,7.171305895241561479e-02,-4.337103033600443780e+01,1.501100344992796067e+02
1.770000000000000018e+00,1.336228820758013924e+01,7.357804926206747143e-02,-6.106308218424909029e+01,1.449497091630920238e+02
1.780000000000000027e+00,1.338181165873340994e+01,7.457018333931521303e-02,-7.792952363773271429e+01,1.370221398769021732e+02
1.790000000000000036e+00,1.340171006495592998e+01,7.462499471696072695e-02,-9.346726765864718800e+01,1.264526800635492094e+02
1.800000000000000044e+00,1.342228707448577474e+01,7.377479407365510056e-02,-1.071921571633036336e+02,1.134709250006757202e+02
1.810000000000000053e+00,1.344382269215192061e+01,7.214668500522752881e-02,-1.186626321090455320e+02,9.840753494057737782e+01
1.820000000000000062e+00,1.346654417353500577e+01,6.995078607673795024e-02,-1.275027197779577079e+02,8.168537573287024145e+01
1.830000000000000071e+00,1.349060194576333238e+01,6.745972799726743241e-02,-1.334229392863044552e+02,6.380516397173715148e+01
1.840000000000000080e+00,1.351605310096524626e+01,6.498140262569768177e-02,-1.362377711551858397e+02,4.532615953024970423e+01
1.850000000000000089e+00,1.354285427168249356e+01,6.282766033183702359e-02,-1.358784934282678023e+02,2.684278424891816073e+01
1.860000000000000098e+00,1.357086476522239771e+01,6.128210806374575353e-02,-1.324004206983855738e+02,8.958338175650313318e+00
1.870000000000000107e+00,1.359985979769497710e+01,6.057030192555941384e-02,-1.259838888734913809e+02,-7.742787068658817162e+00
1.880000000000000115e+00,1.362955263201559930e+01,6.083543581121176463e-02,-1.169286886185383310e+02,-2.272285196866881662e+01
1.890000000000000124e+00,1.365962349281591415e+01,6.212211582082400457e-02,-1.056420419663199652e+02,-3.551687209703764836e+01
1.900000000000000133e+00,1.368975240143379324e+01,6.437002557532661706e-02,-9.262061459987874912e+01,-4.575553146589629705e+01
1.910000000000000142e+00,1.371965262357747406e+01,6.741830534214125759e-02,-7.842743462406565413e+01,-5.318350653554803387e+01
1.919999999999999929e+00,1.374910130153032384e+01,7.102038461396001368e-02,-6.366492174997068787e+01,-5.767204368822717697e+01
1.929999999999999938e+00,1.377796406996567669e+01,7.486793190420146238e-02,-4.894549561654556413e+01,-5.922495516821579997e+01
1.939999999999999947e+00,1.380621101268962114e+01,7.862162668011804523e-02,-3.486140944607569025e+01,-5.797758101995535895e+01
1.949999999999999956e+00,1.383392215613770659e+01,8.194571630681199426e-02,-2.195553183206419945e+01,-5.418868358035837929e+01
1.959999999999999964e+00,1.386128173405253250e+01,8.454287522536536870e-02,-1.069476818010258512e+01,-4.822566980321387575e+01
1.969999999999999973e+00,1.388856159447068883e+01,8.618578534724379014e-02,-1.447674300847269002e+00,-4.054394715239736513e+01
1.979999999999999982e+00,1.391609524104479689e+01,8.674212253049473631e-02,5.532424705064864945e+00,-3.166158378130831252e+01
1.989999999999999991e+00,1.394424499129533146e+01,8.619024407150498168e-02,1.011782253856503111e+01,-2.213073863866110713e+01
2.000000000000000000e+00,1.397336549107446935e+01,8.462377110190923146e-02,1.230973020024949527e+01,-1.250753179831844619e+01
2.010000000000000231e+00,1.400376726544965678e+01,8.224436186189680587e-02,1.223432025091575248e+01,-3.322125326933112355e+00
2.020000000000000018e+00,1.403568405990880663e+01,7.934316886845893535e-02,1.013179686018806969e+01,4.949227098456205454e+00
2.030000000000000249e+00,1.406924741703529591e+01,7.627264494857231847e-02,6.339199930474772593e+00,1.190852780747205664e+01
2.040000000000000036e+00,1.410447126593668443e+01,7.341138991544728098e-02,1.268035155773210798e+00,1.725537466539777753e+01
2.049999999999999822e+00,1.414124833508369150e+01,7.112550346446232241e-02,-4.621864688052451875e+00,2.080020565954631806e+01
2.060000000000000053e+00,1.417935902586727437e+01,6.973034616694598342e-02,-1.085061944849496207e+01,2.247074905232361175e+01
2.069999999999999840e+00,1.421849211920476108e+01,6.945665721114820113e-02,-1.694697773880207237e+01,2.231141023805335877e+01
2.080000000000000071e+00,1.425827545791776885e+01,7.042462120127451763e-02,-2.247564144414412368e+01,2.047577170157681081e+01
2.089999999999999858e+00,1.429831367964484912e+01,7.262874399183863461e-02,-2.706160014437587691e+01,1.721281272053006006e+01
2.100000000000000089e+00,1.433822928148897091e+01,7.593535519614201534e-02,-3.041005192339795471e+01,1.284784207273296452e+01
2.109999999999999876e+00,1.437770286589780611e+01,8.009330173608003589e-02,-3.232079220648277129e+01,7.759454439676858328e+00
2.120000000000000107e+00,1.441650840014808921e+01,8.475705547449201294e-02,-3.269632651823554426e+01,2.354048702232368839e+00
2.129999999999999893e+00,1.445453973104782541e+01,8.952016337880387697e-02,-3.154338056228647957e+01,-2.960430548062168210e+00
2.140000000000000124e+00,1.449182540077236325e+01,9.395585411309151369e-02,-2.896791314195084510e+01,-7.799855378912549320e+00
2.149999999999999911e+00,1.452852993682530780e+01,9.766079871155206038e-02,-2.516415472363862804e+01,-1.182680723606300610e+01
2.160000000000000142e+00,1.456494113202402119e+01,1.002975959043864301e-01,-2.039856873174815632e+01,-1.476962851356235973e+01
2.169999999999999929e+00,1.460144425754140585e+01,1.016315682865250591e-01,-1.498993906766649964e+01,-1.643655082878493090e+01
2.180000000000000160e+00,1.463848551984568935e+01,1.015579236858412254e-01,-9.287005997432848048e+00,-1.672417324921213577e+01
2.189999999999999947e+00,1.467652823964334097e+01,1.001162208386485869e-01,-3.645189979211815867e+00,-1.561995951809999461e+01
2.200000000000000178e+00,1.471600607313706810e+01,9.749030050287664506e-02,1.596046968258944876e+00,-1.319883140261949173e+01
2.209999999999999964e+00,1.475727801833878061e+01,9.399328668783298035e-02,6.133748619632322097e+00,-9.614327058236922241e+00
2.220000000000000195e+00,1.480058989729302255e+01,9.003878634984441298e-02,9.718659657833551790e+00,-5.085141792781516124e+00
2.229999999999999982e+00,1.484604647113918041e+01,8.610086629434317296e-02,1.216808154456998636e+01,1.218496151576772962e-01
2.240000000000000213e+00,1.489359737009619167e+01,8.266661298404207048e-02,1.337373602892107272e+01,5.710793085359806120e+00
2.250000000000000000e+00,1.494303869184441425e+01,8.018595289281209293e-02,1.330435184620220923e+01,1.137688190341317096e+01
2.260000000000000231e+00,1.499403056501771303e+01,7.902382882021241617e-02,1.200306645321060550e+01,1.682581523146729552e+01
2.270000000000000018e+00,1.504612934201345809e+01,7.941973545238073529e-02,9.580091417775006946e+00,2.179139366230097252e+01
2.280000000000000249e+00,1.509883154158122487e+01,8.145900998083982492e-02,6.201402191052475033e+00,2.605014544047488556e+01
2.290000000000000036e+00,1.515162536691726380e+01,8.505919762166845588e-02,2.074459129429479631e+00,2.943213776215041122e+01
2.300000000000000266e+00,1.520404471889655795e+01,8.997336332440147855e-02,-2.567869171982280374e+00,3.182743957116288769e+01
2.310000000000000053e+00,1.525572021084799879e+01,9.581053650286917855e-02,-7.483936461879437729e+00,3.318804106961402312e+01
2.319999999999999840e+00,1.530642182813066299e+01,1.020717200558027143e-01,-1.243928085467792677e+01,3.352537494206167423e+01
2.330000000000000071e+00,1.535608856567938219e+01,1.081982453184155840e-01,-1.722080656647749564e+01,3.290389981054140378e+01
2.339999999999999858e+00,1.540484156645805314e+01,1.136278826069821307e-01,-2.164826270932114127e+01,3.143147491132104676e+01
2.350000000000000089e+00,1.545297886768364926e+01,1.178531714890333759e-01,-2.558234712892234342e+01,2.924745776384450124e+01
2.359999999999999876e+00,1.550095169064388756e+01,1.204760259305432540e-01,-2.892905451601933109e+01,2.650958049898211044e+01
2.370000000000000107e+00,1.554932410514579111e+01,1.212528560634742736e-01,-3.164019637066927260e+01,2.338069868741252222e+01
2.379999999999999893e+00,1.559871966984382752e+01,1.201252308323807333e-01,-3.371032167212408837e+01,2.001645885363678801e+01
2.390000000000000124e+00,1.564976011014905843e+01,1.172324239851540995e-01,-3.517053831604003022e+01,1.655480386450905428e+01
2.399999999999999911e+00,1.570300208679113574e+01,1.129039230978023806e-01,-3.607995647384431237e+01,1.310804147824246080e+01
2.410000000000000142e+00,1.575887851347200730e+01,1.076319744300680281e-01,-3.651563037617195562e+01,9.757957817597928241e+00
2.419999999999999929e+00,1.581765064013194788e+01,1.020262907888898479e-01,-3.656195452863821060e+01,6.554185077324122588e+00
2.430000000000000160e+00,1.587937623156724065e+01,9.675495780018478209e-02,-3.630047013526395006e+01,3.515753791508521076e+00
2.439999999999999947e+00,1.594389770751664059e+01,9.247713638059631980e-02,-3.580095999427945941e+01,6.354967958869903732e-01
2.450000000000000178e+00,1.601085219884412325e+01,8.977420430062019174e-02,-3.511456382763554984e+01,-2.113254876037653940e+00
2.459999999999999964e+00,1.607970329405658561e+01,8.908638262902456029e-02,-3.426944461419306265e+01,-4.768417418874461688e+00
2.470000000000000195e+00,1.614979201370064743e+01,9.066158942709696966e-02,-3.326929774451301824e+01,-7.370181909959579336e+00
2.479999999999999982e+00,1.622040248308745447e+01,9.452225861748715652e-02,-3.209473896160494633e+01,-9.952200007046151597e+00
2.490000000000000213e+00,1.629083609313396508e+01,1.004542331256776250e-01,-3.070735522789654937e+01,-1.253376473291304372e+01
2.500000000000000000e+00,1.636048683042090701e+01,1.080197309686129342e-01,-2.905597517178931000e+01,-1.511371591358250122e+01
2.510000000000000231e+00,1.642891005519962988e+01,1.165939878495622500e-01,-2.708453050706170018e+01,-1.766663400530227079e+01
2.520000000000000018e+00,1.649587737775081564e+01,1.254227331178544291e-01,-2.474075088673942346e+01,-2.014167665095903104e+01
2.530000000000000249e+00,1.656141142099961172e+01,1.336954047756536146e-01,-2.198487132335991134e+01,-2.246417730496508725e+01
2.540000000000000036e+00,1.662579607447838015e+01,1.406271902493068382e-01,-1.879753739098551080e+01,-2.453988427729411015e+01
2.550000000000000266e+00,1.668956018327625657e+01,1.455417948773275738e-01,-1.518616708382653258e+01,-2.626149125664297301e+01
2.560000000000000053e+00,1.675343525824213131e+01,1.479464350927257033e-01,-1.118916222504841862e+01,-2.751691495638387153e+01
2.569999999999999840e+00,1.681829048381330693e+01,1.475910004356937311e-01,-6.877544791915995326e+00,-2.819862723659021952e+01
2.580000000000000071e+00,1.688505076584506526e+01,1.445046167793831993e-01,-2.353808906655269872e+00,-2.821325906369515479e+01
2.589999999999999858e+00,1.695460554392878549e+01,1.390048758891433422e-01,2.251990327268758030e+00,-2.749066826755258575e+01
2.600000000000000089e+00,1.702771736954248993e+01,1.316775978517769619e-01,6.788663196642247044e+00,-2.599170325810910853e+01
2.609999999999999876e+00,1.710493966386456322e+01,1.233279224970824928e-01,1.109237395620028011e+01,-2.371399644243740568e+01
2.620000000000000107e+00,1.718655253886160139e+01,1.149065000655722507e-01,1.499657123611643783e+01,-2.069527501880510556e+01
2.629999999999999893e+00,1.727252410596358700e+01,1.074172700733772856e-01,1.834262287204408892e+01,-1.701387013179839514e+01
2.640000000000000124e+00,1.736250241628714619e+01,1.018154937291334133e-01,2.099035949541223900e+01,-1.278632221801454349e+01
2.649999999999999911e+00,1.745584027046892928e+01,9.890609499744099087e-02,2.282773537185783042e+01,-8.162203394580840765e+00
2.660000000000000142e+00,1.755165187178112873e+01,9.925279292704161649e-02,2.377888018534915204e+01,-3.316489462576220237e+00
2.669999999999999929e+00,1.764889698817191288e+01,1.031078869880627663e-01,2.380993564043502175e+01,1.560001702770805743e+00
2.680000000000000160e+00,1.774648527033355450e+01,1.103709035724052406e-01,2.293223565099206951e+01,6.271445631966682477e+00
2.689999999999999947e+00,1.784339096266267788e+01,1.205817459110540418e-01,2.120258501856793742e+01,1.062836931192850543e+01
2.700000000000000178e+00,1.793876671397013922e+01,1.329507291270011216e-01,1.872060330037751541e+01,1.445874632637789681e+01
2.709999999999999964e+00,1.803204474076533259e+01,1.464242244475568444e-01,1.562331163244339649e+01,1.761806817865859642e+01
2.720000000000000195e+00,1.812301431443827582e+01,1.597809328461667344e-01,1.207733470074139603e+01,1.999771104493075669e+01
2.729999999999999982e+00,1.821186641790812999e+01,1.717504306307018613e-01,8.269253649342335422e+00,2.153104559505143811e+01
2.740000000000000213e+00,1.829919931366124075e+01,1.811429345589484208e-01,4.394767051839787442e+00,2.219690332194133475e+01
2.750000000000000000e+00,1.838598244099362589e+01,1.869775271915095349e-01,6.473882881509620546e-01,2.202020269696855692e+01
2.760000000000000231e+00,1.847348018330076513e+01,1.885955852148615830e-01,-2.792575043734079276e+00,2.106973767622390881e+01
2.770000000000000018e+00,1.856314122305891701e+01,1.857469747885768796e-01,-5.768050289609488068e+00,1.945332466650914327e+01
2.780000000000000249e+00,1.865646301465234913e+01,1.786387023079960001e-01,-8.153613418748236086e+00,1.731067801907369130e+01
2.790000000000000036e+00,1.875484395104586710e+01,1.679389888561458877e-01,-9.861789639907019733e+00,1.480452644996048761e+01
2.800000000000000266e+00,1.885943773355525721e+01,1.547339016475134943e-01,-1.084690024888909754e+01,1.211058432891076286e+01
2.810000000000000053e+00,1.897102502228003118e+01,1.404383533959426000e-01,-1.110628971100822149e+01,9.407046807131267840e+00
2.819999999999999840e+00,1.908991651905581577e+01,1.266680279482101656e-01,-1.067894616209106751e+01,6.864284265580386624e+00
2.830000000000000071e+00,1.921589922824554364e+01,1.150831349506557799e-01,-9.641699080282805312e+00,4.635371268128970712e+00
2.839999999999999858e+00,1.934823391470931853e+01,1.072183803294926852e-01,-8.103328022589284529e+00,2.848003210303507782e+00
2.850000000000000089e+00,1.948570703412422844e+01,1.043157668824909456e-01,-6.197036333913465533e+00,1.598238119711476113e+00
2.859999999999999876e+00,1.962673506709952065e+01,1.071775178669975154e-01,-4.071826672984131257e+00,9.463616287356996226e-01
2.870000000000000107e+00,1.976951374613554080e+01,1.160553916263349639e-01,-1.883357247688212777e+00,9.150212437127338561e-01
2.879999999999999893e+00,1.991219966156461041e+01,1.305899329986560387e-01,2.151417444302856641e-01,1.489623184648242837e+00
2.890000000000000124e+00,2.005310769367698853e+01,1.498089619623531321e-01,2.081350266137093730e+00,2.620842136867397976e+00
2.899999999999999911e+00,2.019090510182580900e+01,1.721891666329659343e-01,3.591269893354582798e+00,4.228970676121920569e+00
2.910000000000000142e+00,2.032478225143430706e+01,1.957785176875490862e-01,4.645193419221721243e+00,6.209738262927826824e+00
2.919999999999999929e+00,2.045458106594077918e+01,2.183709236829888267e-01,5.171976986894327943e+00,8.441164405756433453e+00
2.930000000000000160e+00,2.058086536051661142e+01,2.377187182677211186e-01,5.131482591511258740e+00,1.079097901336058740e+01
2.939999999999999947e+00,2.070492206282234449e+01,2.517638177252884413e-01,4.515180879704763228e+00,1.312414456318103007e+01
2.950000000000000178e+00,2.082868858235473297e+01,2.588652477300732446e-01,3.345016448596398462e+00,1.531004654270731002e+01
2.959999999999999964e+00,2.095460872295438648e+01,2.579996227886517945e-01,1.670733330644053272e+00,1.722897570646887999e+01
2.970000000000000195e+00,2.108542689356683297e+01,2.489123085103986388e-01,-4.340680334214648273e-01,1.877760162170659441e+01
2.979999999999999982e+00,2.122393724903595569e+01,2.322004370393169204e-01,-2.876822227986923775e+00,1.987322453260749811e+01
2.990000000000000213e+00,2.137271007723954952e+01,2.093144893262844641e-01,-5.551495372173935294e+00,2.045668438520142018e+01
3.000000000000000000e+00,2.153382160451782923e+01,1.824723973223994766e-01,-8.344344463680835489e+00,2.049389501097480704e+01
3.010000000000000231e+00,2.170861491863697168e+01,1.544884568579441286e-01,-1.113961972305632386e+01,1.997605203555882625e+01
3.020000000000000018e+00,2.189751860170019881e+01,1.285280352724478825e-01,-1.382492954221950576e+01,1.891863049815475506e+01
3.030000000000000249e+00,2.209994585368734832e+01,1.078072814763542386e-01,-1.629603902159683670e+01,1.735933948061374821e+01
3.040000000000000036e+00,2.231429055632220937e+01,9.526396588995399151e-02,-1.846093104703508914e+01,1.535523496905024565e+01
3.050000000000000266e+00,2.253802831727804445e+01,9.323042961844990595e-02,-2.024301828237367573e+01,1.297920900773269004e+01
3.060000000000000053e+00,2.276792071606691792e+01,1.031417895918818606e-01,-2.158345086374949062e+01,1.031607461713496399e+01
3.070000000000000284e+00,2.300031059542395440e+01,1.253116278046347842e-01,-2.244251448273455551e+01,7.458454628215401172e+00
3.080000000000000071e+00,2.323148626734313638e+01,1.588032539914985830e-01,-2.280015461439634450e+01,4.502661862602352016e+00
3.089999999999999858e+00,2.345808392116068575e+01,2.014174351206083347e-01,-2.265569379020841012e+01,1.544731515083080264e+00
3.100000000000000089e+00,2.367749125931410958e+01,2.498076965567041785e-01,-2.202683009809509329e+01,-1.323262446899820199e+00
3.109999999999999876e+00,2.388821221781382675e+01,2.997226612801364154e-01,-2.094801754787494730e+01,-4.016503680085179440e+00
3.120000000000000107e+00,2.409015308987963877e+01,3.463623751059503042e-01,-1.946833430663505737e+01,-6.460265545617417615e+00
3.129999999999999893e+00,2.428479469726595141e+01,3.848232898674979197e-01,-1.764894520444847359e+01,-8.592224012502033048e+00
3.140000000000000124e+00,2.447522333479340162e+01,4.105957243110434640e-01,-1.556026250830791469e+01,-1.036421458132852536e+01
3.149999999999999911e+00,2.466600458202992030e+01,4.200693292211375995e-01,-1.327890568213629052e+01,-1.174341071344996834e+01
3.160000000000000142e+00,2.486289792508723906e+01,4.109973308161030126e-01,-1.088455811812614016e+01,-1.271291281587598299e+01
3.169999999999999929e+00,2.507242536531258637e+01,3.828698426551017109e-01,-8.456817406777048518e+00,-1.327174709254739859e+01
3.180000000000000160e+00,2.530132250522885684e+01,3.371507114941167949e-01,-6.072135655892553885e+00,-1.343428403990928643e+01
3.189999999999999947e+00,2.555591458481094946e+01,2.773411905946371325e-01,-3.800947034934418767e+00,-1.322909836559764152e+01
3.200000000000000178e+00,2.584147119672839921e+01,2.088467853084275683e-01,-1.705079920048898412e+00,-1.269730654330696495e+01
3.209999999999999964e+00,2.616160068161946484e+01,1.386400461838597775e-01,1.644507907320931217e-01,-1.189043537806684370e+01
3.220000000000000195e+00,2.651774750019678351e+01,7.473068200986168752e-02,1.769181063212522886e+00,-1.086789443704150493e+01
3.229999999999999982e+00,2.690885257324376667e+01,2.547363039122643724e-02,3.084385210465238725e+00,-9.694145894275392195e+00
3.240000000000000213e+00,2.733122749833039578e+01,-1.236016261067750038e-03,4.099650495266869754e+00,-8.435685532329252112e+00
3.250000000000000000e+00,2.777867901486676772e+01,1.183211537565598140e-03,4.818798962742508074e+00,-7.157966205638390811e+00
3.260000000000000231e+00,2.824290092154382492e+01,3.717234011534550908e-02,5.259145751196735219e+00,-5.922407689591773661e+00
3.270000000000000018e+00,2.871412814344995823e+01,1.083132973904389618e-01,5.450117061419611275e+00,-4.783642313690616987e+00
3.280000000000000249e+00,2.918202347891872250e+01,2.127985386037195004e-01,5.431287659973872195e+00,-3.787142302834571872e+00
3.290000000000000036e+00,2.963674367756522088e+01,3.451608735018416585e-01,5.249934584103195689e+00,-2.967361185530132062e+00
3.300000000000000266e+00,3.007010998303423577e+01,4.963202204564875486e-01,4.958237537526423822e+00,-2.346497696622642071e+00
3.310000000000000053e+00,3.047679114462330219e+01,6.539825242918098080e-01,4.610284142239319927e+00,-1.933957020316777520e+00
3.320000000000000284e+00,3.085539597139445078e+01,8.033995801279237847e-01,4.259056784727702549e+00,-1.726542715441574893e+00
3.330000000000000071e+00,3.120936919729124526e+01,9.284688069427783352e-01,3.953584852815436257e+00,-1.709365897566694770e+00
3.339999999999999858e+00,3.154758964523922415e+01,1.013121311470546182e+00,3.736440123155504889e+00,-1.857409623146803801e+00
3.350000000000000089e+00,3.188458368493433071e+01,1.042917317755164941e+00,3.641733408588945675e+00,-2.137639798903133048e+00
3.359999999999999876e+00,3.224028933649532291e+01,1.006742710464287649e+00,3.693737977688777541e+00,-2.511513323205496917e+00
3.370000000000000107e+00,3.263933593538542510e+01,8.984814091943486014e-01,3.906221594183155954e+00,-2.937703309313531630e+00
3.379999999999999893e+00,3.310983923750254121e+01,7.185275726882973668e-01,4.282517283757509396e+00,-3.374843282608679385e+00
3.390000000000000124e+00,3.368174984526987714e+01,4.750007167511960393e-01,4.816307016847971134e+00,-3.784089379184512936e+00
3.399999999999999911e+00,3.438483111255640523e+01,1.845365311962659516e-01,5.493036893611070504e+00,-4.131312790444061633e+00
3.410000000000000142e+00,3.524637826887306602e+01,-1.274534697146727236e-01,6.291831846180217624e+00,-4.388763623796331892e+00
3.419999999999999929e+00,3.628882043838697058e+01,-4.271301327036082784e-01,7.187736850609313777e+00,-4.536090207762801363e+00
3.430000000000000160e+00,3.752736881295074767e+01,-6.732209304452690946e-01,8.154084066825024735e+00,-4.560651573574367568e+00
3.439999999999999947e+00,3.896788524112200491e+01,-8.186542492845568786e-01,9.164774101894881397e+00,-4.457121210001649736e+00
3.450000000000000178e+00,4.060514436168447361e+01,-8.127804182516000786e-01,1.019626631807665973e+01,-4.226442255704491835e+00
3.459999999999999964e+00,4.242164841602432546e+01,-6.040794002431930654e-01,1.122909787521158265e+01,-3.874252740350199176e+00
3.470000000000000195e+00,4.438712722536276090e+01,-1.432122117172695830e-01,1.224879252112547867e+01,-3.408949080740550919e+00
3.479999999999999982e+00,4.645881768655058863e+01,6.137623526047739642e-01,1.324607502455572217e+01,-2.839592109244298612e+00
3.490000000000000213e+00,4.858256961823905584e+01,1.702209176274279034e+00,1.421637127312473758e+01,-2.173878781757434542e+00
3.500000000000000000e+00,5.069477078395453873e+01,3.145992126314314241e+00,1.515864214095432239e+01,-1.416402062114124227e+00
3.510000000000000231e+00,5.272502696906107644e+01,4.955016541246640926e+00,1.607366541582640096e+01,-5.674006049067120694e-01
3.520000000000000018e+00,5.459947703228825588e+01,7.123434737609668055e+00,1.696193844565565456e+01,3.778402070007187419e-01
3.530000000000000249e+00,5.624457195092892192e+01,9.628678131278139318e+00,1.782141924486260720e+01,1.428830822115554344e+00
3.540000000000000036e+00,5.759110492263468473e+01,1.243143410535536120e+01,1.864535105619675548e+01,2.598927291230336500e+00
3.550000000000000266e+00,5.857825000238459268e+01,1.547662960892949968e+01,1.942042161962860547e+01,3.903627165356578388e+00
3.560000000000000053e+00,5.915735223261035713e+01,1.869542006557951197e+01,2.012549217114954558e+01,5.358226065966039009e+00
3.570000000000000284e+00,5.929521449971026925e+01,2.200811560079431928e+01,2.073109287081052443e+01,6.975018834278916557e+00
3.580000000000000071e+00,5.897664603074134249e+01,2.532791135427645202e+01,2.119982324183828126e+01,8.760285931928766701e+00
3.589999999999999858e+00,5.820607393121250794e+01,2.856522930495939860e+01,2.148772237574512545e+01,1.071134442281881682e+01
3.600000000000000089e+00,5.700807065167047938e+01,3.163242994347146109e+01,2.154658970860539213e+01,1.281395921383732883e+01
3.609999999999999876e+00,5.542671383015194664e+01,3.444861706127912981e+01,2.132714977298473968e+01,1.504040177934873412e+01
3.620000000000000107e+00,5.352376671461890112e+01,3.694424082485018346e+01,2.078287071530455776e+01,1.734840982908459139e+01
3.629999999999999893e+00,5.137574274696724075e+01,3.906520502341706447e+01,1.987417375911500628e+01,1.968124387978663847e+01
3.640000000000000124e+00,4.906999191163865959e+01,4.077620453272044898e+01,1.857271579472482514e+01,2.196895906807695198e+01
3.649999999999999911e+00,4.670001408110994134e+01,4.206305791451003273e+01,1.686539530909141860e+01,2.413091820988162084e+01
3.660000000000000142e+00,4.436026108383895661e+01,4.293385565471414367e+01,1.475772669812415039e+01,2.607947190651232461e+01
3.669999999999999929e+00,4.214073046575991555e+01,4.341881361438572640e+01,1.227625136435862174e+01,2.772463116864949484e+01
3.680000000000000160e+00,4.012167673584932714e+01,4.356879960534045182e+01,9.469705404196293586e+00,2.897946564369240008e+01
3.689999999999999947e+00,3.836876827678116797e+01,4.345258365251752508e+01,6.408740376855325493e+00,2.976588383576952879e+01
3.700000000000000178e+00,3.692899939882906324e+01,4.315294410855062068e+01,3.184090755112558124e+00,3.002039749991995521e+01
3.709999999999999964e+00,3.582762796470915134e+01,4.276183694141904112e+01,-9.680747303670922399e-02,2.969944595567896073e+01
3.720000000000000195e+00,3.506635174448040004e+01,4.237489915068629642e+01,-3.314625933044157868e+00,2.878386070681453290e+01
3.729999999999999982e+00,3.462286456238839349e+01,4.208560499129971078e+01,-6.344145890386431397e+00,2.728208748639181636e+01
3.740000000000000213e+00,3.445185080752900575e+01,4.197942209853545137e+01,-9.061116361118052964e+00,2.523185024592445558e+01
3.750000000000000000e+00,3.448738919066213526e+01,4.212832155341236273e+01,-1.134954944184992698e+01,2.270003585629303444e+01
3.760000000000000231e+00,3.464664934624602921e+01,4.258598064371639680e+01,-1.310897883156939159e+01,1.978069340365076556e+01
3.770000000000000018e+00,3.483468364374284221e+01,4.338398026527541163e+01,-1.426118439453777498e+01,1.659117019838965135e+01
3.780000000000000249e+00,3.495004668173969264e+01,4.452924270421799946e+01,-1.475589744324477870e+01,1.326653900061015534e+01
3.790000000000000036e+00,3.489092098282409893e+01,4.600288337157712704e+01,-1.457504860438597127e+01,9.952597957093038517e+00
3.800000000000000266e+00,3.456139295781608212e+01,4.776056642549298203e+01,-1.373520047140838329e+01,6.797836923371774809e+00
3.810000000000000053e+00,3.387751057323962556e+01,4.973436438426087847e+01,-1.228791605450707536e+01,3.944852619216727696e+00
3.820000000000000284e+00,3.277276422358778518e+01,5.183603149640742913e+01,-1.031794442592316585e+01,1.521753325650878175e+00
3.830000000000000071e+00,3.120266448701738682e+01,5.396151552155495068e+01,-7.939248303149739172e+00,-3.658835029332127009e-01
3.839999999999999858e+00,2.914814269721739137e+01,5.599645807354351490e+01,-5.289044855859843963e+00,-1.641952906416130897e+00
3.850000000000000089e+00,2.661756926316914118e+01,5.782237446774166045e+01,-2.520170555674252189e+00,-2.265169328524487380e+00
3.859999999999999876e+00,2.364726600824945990e+01,5.932316376849810524e+01,2.077965167242673550e-01,-2.232413945857320670e+00
3.870000000000000107e+00,2.030047730410773710e+01,6.039158087104897987e+01,2.738126766036187210e+00,-1.579796946235896282e+00
3.879999999999999893e+00,1.666485484414865681e+01,6.093530599434670592e+01,4.926647861563576924e+00,-3.812912468796260113e-01
3.890000000000000124e+00,1.284859689070240307e+01,6.088227247082198801e+01,6.650953154400248479e+00,1.255050529402202297e+00
3.899999999999999911e+00,8.975459421802222337e+00,6.018495934874093223e+01,7.818506122695366045e+00,3.193125629076408512e+00
3.910000000000000142e+00,5.178919157088445857e+00,5.882341795479640467e+01,8.373093181310053978e+00,5.276736374880150571e+00
3.919999999999999929e+00,1.595813290981648702e+00,5.680687703538180244e+01,8.299170601650200041e+00,7.339017317090835490e+00
3.930000000000000160e+00,-1.640194560791386369e+00,5.417385448784809654e+01,7.623776512750866097e+00,9.212775050012798062e+00
3.939999999999999947e+00,-4.404969310715681985e+00,5.099078967669240825e+01,6.415828117363726157e+00,1.074111047786876405e+01
3.950000000000000178e+00,-6.589744995330517163e+00,4.734929351912494866e+01,4.782787774726282137e+00,1.178766224061439161e+01
3.959999999999999964e+00,-8.106152822110772149e+00,4.336218883877008068e+01,2.864848835682010986e+00,1.224582137032419737e+01
3.970000000000000195e+00,-8.890192122305061062e+00,3.915857647748298120e+01,8.269520901510311051e-01,1.204632078820617913e+01
3.979999999999999982e+00,-8.904966103040290903e+00,3.487820978772392522e+01,-1.150914167029088109e+00,1.116269589817248331e+01
3.990000000000000213e+00,-8.142078999870589584e+00,3.066548898835759118e+01,-2.884562574633703580e+00,9.614238594460754683e+00
4.000000000000000000e+00,-6.621669298207767618e+00,2.666339629287979918e+01,-4.196955861336240545e+00,7.466218547908963998e+00
4.009999999999999787e+00,-4.391130155168438520e+00,2.300768283950396409e+01,-4.929369397442468603e+00,4.827313028314153875e+00
4.020000000000000462e+00,-1.522638327242515466e+00,1.982159063750890127e+01,-4.951683434028835151e+00,1.844359052901084484e+00
4.030000000000000249e+00,1.890327309704424419e+00,1.721134947291095330e+01,-4.171168045440692751e+00,-1.305291736301659844e+00
4.040000000000000036e+00,5.737250441431732462e+00,1.526263337272712661e+01,-2.539210777014099030e+00,-4.423385051142531665e+00
4.049999999999999822e+00,9.895367776055637776e+00,1.403809783961388824e+01,-5.555878872486208486e-02,-7.301788564421810790e+00
4.060000000000000497e+00,1.423471466356946280e+01,1.357605201608283707e+01,3.230203823918331274e+00,-9.734285196125078699e+00
4.070000000000000284e+00,1.862315901324472023e+01,1.389025363937471091e+01,7.220056286576559401e+00,-1.152844117496341347e+01
4.080000000000000071e+00,2.293117619980672472e+01,1.497075326468851664e+01,1.177175802937101601e+01,-1.251684788658824132e+01
4.089999999999999858e+00,2.703615083925960150e+01,1.678566139576215122e+01,1.670565134014430342e+01,-1.256707265009519148e+01
4.099999999999999645e+00,3.082603519465724062e+01,1.928367074392093983e+01,2.181366346722528249e+01,-1.158973049516741582e+01
4.110000000000000320e+00,3.420224503501709989e+01,2.239713779989433462e+01,2.686999048479468399e+01,-9.544201747531104729e+00
4.120000000000000107e+00,3.708172822123862744e+01,2.604551420000711914e+01,3.164284602206174668e+01,-6.441661537982189323e+00
4.129999999999999893e+00,3.939819532160543503e+01,3.013891892880779722e+01,3.590659685625301023e+01,-2.345248247317196721e+00
4.139999999999999680e+00,4.110255160778363148e+01,3.458165618477136150e+01,3.945358787450052063e+01,2.632631753319092383e+00
4.150000000000000355e+00,4.216261277836363774e+01,3.927550885925131752e+01,4.210498185992079101e+01,8.335696545087351694e+00
4.160000000000000142e+00,4.256222030587863969e+01,4.412267148621953794e+01,4.372000311205849954e+01,1.457155423521249737e+01
4.169999999999999929e+00,4.229989481996182832e+01,4.902822620257779107e+01,4.420307370243362044e+01,2.112138130700835248e+01
4.179999999999999716e+00,4.138717671785560981e+01,5.390210749099464493e+01,4.350846060481165978e+01,2.775094646122170516e+01
4.190000000000000391e+00,3.984680240945084506e+01,5.866054306106073568e+01,4.164220266989006802e+01,3.422234130501705351e+01
4.200000000000000178e+00,3.771085325324557402e+01,6.322699621684825644e+01,3.866124886300616481e+01,4.030574734361108113e+01
4.209999999999999964e+00,3.501899402054933574e+01,6.753266697075908098e+01,3.466990318781710556e+01,4.579057764751154025e+01
4.219999999999999751e+00,3.181689087594473975e+01,7.151663311622749575e+01,2.981382717623319678e+01,5.049538009548829365e+01
4.230000000000000426e+00,2.815486796551996918e+01,7.512572730096663065e+01,2.427198833148610291e+01,5.427597356519773797e+01
4.240000000000000213e+00,2.408682947879480807e+01,7.831425144369688951e+01,1.824705434537034776e+01,5.703140301200680540e+01
4.250000000000000000e+00,1.966944313887557527e+01,8.104362595456736074e+01,1.195481192438726481e+01,5.870743641780702404e+01
4.259999999999999787e+00,1.496155385328523124e+01,8.328205917741640008e+01,5.613231449608025336e+00,5.929747721705533792e+01
4.270000000000000462e+00,1.002377466770741599e+01,8.500430386202377520e+01,-5.681973689957728890e-01,5.884092044953342793e+01
4.280000000000000249e+00,4.918187593219159659e+00,8.619154430342925366e+01,-6.398267585860101470e+00,5.741912991976925440e+01
4.290000000000000036e+00,-2.919199207967182463e-01,8.683143230102581356e+01,-1.171247236765089283e+01,5.514934798375642799e+01
4.299999999999999822e+00,-5.542356022758315071e+00,8.691826459693150753e+01,-1.637961362428694656e+01,5.217696127311427290e+01
4.310000000000000497e+00,-1.076842774649096057e+01,8.645327113268578501e+01,-2.030629936356961807e+01,4.866662834517167369e+01
4.320000000000000284e+00,-1.590549663183486118e+01,8.544496421272401676e+01,-2.343916335404961160e+01,4.479282453013610166e+01
4.330000000000000071e+00,-2.088971738751401119e+01,8.390948496273540513e+01,-2.576478265710021631e+01,4.073037296512883643e+01
4.339999999999999858e+00,-2.565896806637569938e+01,8.187087629001784705e+01,-2.730740733900067241e+01,3.664550910124308558e+01
4.350000000000000533e+00,-3.015395711214013375e+01,7.936121129795949969e+01,-2.812474356601192937e+01,3.268797123910479030e+01
4.360000000000000320e+00,-3.431947063868697967e+01,7.642051261585292821e+01,-2.830213866338924689e+01,2.898452633788011212e+01
4.370000000000000107e+00,-3.810570423950743191e+01,7.309641068521291629e+01,-2.794559837591626206e+01,2.563423462023882493e+01
4.379999999999999893e+00,-4.146960902198554777e+01,6.944350654622364516e+01,-2.717411811714441683e+01,2.270563581257628627e+01
4.389999999999999680e+00,-4.437617254333495254e+01,6.552242559646727216e+01,-2.611182911912790416e+01,2.023591243633599035e+01
4.400000000000000355e+00,-4.679955254638877449e+01,6.139857143298478803e+01,-2.488044695024950315e+01,1.823195983692803068e+01
4.410000000000000142e+00,-4.872398500655750553e+01,5.714061144261120972e+01,-2.359246584708040473e+01,1.667317668975562128e+01
4.419999999999999929e+00,-5.014439766545385879e+01,5.281874653888780102e+01,-2.234547165381961875e+01,1.551569077315297385e+01
4.429999999999999716e+00,-5.106667515341617758e+01,4.850283480956345272e+01,-2.121785447482597675e+01,1.469765872700487286e+01
4.440000000000000391e+00,-5.150754083290640040e+01,4.426045158697284165e+01,-2.026609625352462629e+01,1.414522950873478990e+01
4.450000000000000178e+00,-5.149404219843555097e+01,4.015497571339238192e+01,-1.952369597409856539e+01,1.377874156193496624e+01
4.459999999999999964e+00,-5.106264946457164910e+01,3.624379310201832283e+01,-1.900168383798279237e+01,1.351873352853561983e+01
4.469999999999999751e+00,-5.025799925039775928e+01,3.257670409221437069e+01,-1.869057307373550003e+01,1.329138585343756240e+01
4.480000000000000426e+00,-4.913133550507607339e+01,2.919461099052491804e+01,-1.856351065082781915e+01,1.303307220191548410e+01
4.490000000000000213e+00,-4.773871669048727995e+01,2.612854737782055992e+01,-1.858032147596832218e+01,1.269378004209313282e+01
4.500000000000000000e+00,-4.613907070312157543e+01,2.339909234966395957e+01,-1.869209843696518192e+01,1.223925269876081146e+01
4.509999999999999787e+00,-4.439218638465180078e+01,2.101619215107680816e+01,-1.884597487122199766e+01,1.165180364760098541e+01
4.520000000000000462e+00,-4.255673242459820926e+01,1.897939008158098062e+01,-1.898972669290545312e+01,1.092985061378875322e+01
4.530000000000000249e+00,-4.068839106797445027e+01,1.727844449264120641e+01,-1.907588665039321540e+01,1.008630533976971932e+01
4.540000000000000036e+00,-3.883818573287162224e+01,1.589429548607025389e+01,-1.906510943487403509e+01,9.146028698832726178e+00
4.549999999999999822e+00,-3.705106915329191253e+01,1.480032466780241940e+01,-1.892859864671068948e+01,8.142615403217073222e+00
4.560000000000000497e+00,-3.536482296600626540e+01,1.396383987847847230e+01,-1.864948896245747179e+01,7.114804697795357846e+00
4.570000000000000284e+00,-3.380930188799931102e+01,1.334770876979307275e+01,-1.822316269878275108e+01,6.102821710626805007e+00
4.580000000000000071e+00,-3.240603698155761947e+01,1.291206166007575717e+01,-1.765656275527314634e+01,5.144938940429049978e+00
4.589999999999999858e+00,-3.116819415462714460e+01,1.261598520287893344e+01,-1.696663749280228828e+01,4.274510840389287303e+00
4.600000000000000533e+00,-3.010086707024464658e+01,1.241913366723655443e+01,-1.617811221807641076e+01,3.517680300347974853e+00
4.610000000000000320e+00,-2.920166894672935953e+01,1.228319344388139100e+01,-1.532082262047091703e+01,2.891888963436142213e+00
4.620000000000000107e+00,-2.846157600644394492e+01,1.217314796328939686e+01,-1.442686531547851736e+01,2.405249498249133921e+00
4.629999999999999893e+00,-2.786596701222440231e+01,1.205830363370505864e+01,-1.352781886442745041e+01,2.056763312013183409e+00
4.639999999999999680e+00,-2.739579859534905637e+01,1.191305173764155967e+01,-1.265226626154096046e+01,1.837297746424983558e+00
4.650000000000000355e+00,-2.702885485803696497e+01,1.171735555350449687e+01,-1.182380951750644016e+01,1.731177972618823890e+00
4.660000000000000142e+00,-2.674101173921406271e+01,1.145696547839858859e+01,-1.105971260801184108e+01,1.718205017360596720e+00
4.669999999999999929e+00,-2.650746140139702334e+01,1.112337694452565451e+01,-1.037024571130450390e+01,1.775885692282020312e+00
4.679999999999999716e+00,-2.630384884262086942e+01,1.071355594573117287e+01,-9.758736954687146081e+00,1.881654180720004454e+00
4.690000000000000391e+00,-2.610728140777243311e+01,1.022946471468343610e+01,-9.222273592321293734e+00,2.014878519432000470e+00
4.700000000000000178e+00,-2.589718120592562300e+01,9.677425397050427591e+00,-8.752938080504730323e+00,2.158476426795555181e+00
4.709999999999999964e+00,-2.565596001272222892e+01,9.067362512959952880e+00,-8.339420561245908914e+00,2.300010649910956495e+00
4.719999999999999751e+00,-2.536950551067063131e+01,8.411965779171552526e+00,-7.968821317421847183e+00,2.432189834524998595e+00
4.730000000000000426e+00,-2.502747626912032430e+01,7.725813796231166819e+00,-7.628446896712736347e+00,2.552761678396047174e+00
4.740000000000000213e+00,-2.462341039201248094e+01,7.024496556699382666e+00,-7.307412296255405337e+00,2.663845280027548501e+00
4.750000000000000000e+00,-2.415465909888276030e+01,6.323771098465746476e+00,-6.997887712826425854e+00,2.770803736854126953e+00
4.759999999999999787e+00,-2.362216160746287841e+01,5.638780288850839817e+00,-6.695869237420478903e+00,2.880801363579143626e+00
4.770000000000000462e+00,-2.303008160908188628e+01,4.983360008635443705e+00,-6.401404572412788596e+00,3.001218574261426575e+00
4.780000000000000249e+00,-2.238532849703465288e+01,4.369455166109042388e+00,-6.118262502733406549e+00,3.138109007792912575e+00
4.790000000000000036e+00,-2.169698848851503570e+01,3.806660181770824547e+00,-5.853093076617271073e+00,3.294876922454258228e+00
4.799999999999999822e+00,-2.097569204459334458e+01,3.301894932892242895e+00,-5.614178820790169944e+00,3.471328912449171078e+00
4.810000000000000497e+00,-2.023294468936824231e+01,2.859222649110904513e+00,-5.409920835893012203e+00,3.663214848757219144e+00
4.820000000000000284e+00,-1.948044856267709690e+01,2.479811867147783122e+00,-5.247233170022743032e+00,3.862322239461269735e+00
4.830000000000000071e+00,-1.872944185480846357e+01,2.162040217663039332e+00,-5.130031572917085114e+00,4.057130631805080156e+00
4.839999999999999858e+00,-1.799008264702056792e+01,1.901733462705083699e+00,-5.057997218712706022e+00,4.233973594484691461e+00
4.850000000000000533e+00,-1.727090254124705027e+01,1.692528787432867388e+00,-5.025772523212665099e+00,4.378600775159999792e+00
4.860000000000000320e+00,-1.657835368709037382e+01,1.526346884100111545e+00,-5.022706683311548126e+00,4.477986781818742656e+00
4.870000000000000107e+00,-1.591647026599251546e+01,1.393952925326817915e+00,-5.033216434683003726e+00,4.522201678849105733e+00
4.879999999999999893e+00,-1.528666204225863012e+01,1.285582256792255240e+00,-5.037767374361390438e+00,4.506143033952801247e+00
4.889999999999999680e+00,-1.468765314781117759e+01,1.191602766763780075e+00,-5.014418464953999788e+00,4.430933522711134387e+00
4.900000000000000355e+00,-1.411557380792856442e+01,1.103182688936410916e+00,-4.940812817941356627e+00,4.304811233826279171e+00
4.910000000000000142e+00,-1.356420630350832290e+01,1.012930378325898717e+00,-4.796447181157693862e+00,4.143380431308410827e+00
4.919999999999999929e+00,-1.302537926995545092e+01,9.154716845562429484e-01,-4.565015707039408177e+00,3.969145407081679178e+00
4.929999999999999716e+00,-1.248949673010545425e+01,8.079312198496767516e-01,-4.236604413902915311e+00,3.810314609311450162e+00
4.940000000000000391e+00,-1.194618042619126896e+01,6.902863012425933809e-01,-3.809513646587265434e+00,3.698930866813074925e+00
4.950000000000000178e+00,-1.138499651379538946e+01,5.655667590470770945e-01,-3.291507435648864721e+00,3.668450124960595637e+00
4.959999999999999964e+00,-1.079623102225448150e+01,4.398801398088874604e-01,-2.700329750411828655e+00,3.750949536220389735e+00
4.969999999999999751e+00,-1.017167319973063222e+01,3.222499392965290643e-01,-2.063385264998932378e+00,3.974190418181004159e+00
4.980000000000000426e+00,-9.505362447612188959e+00,2.242640736867768658e-01,-1.416551864870694732e+00,4.358787957364786081e+00
4.990000000000000213e+00,-8.794253434866584840e+00,1.595413826826039827e-01,-8.021679581957295024e-01,4.915744525567864009e+00
5.000000000000000000e+00,-8.038755478043201563e+00,1.430349776518083926e-01,-2.663132215946375503e-01,5.644585800683176835e+00
5.009999999999999787e+00,-7.243106531770276746e+00,1.902020278957338162e-01,1.444299938346395029e-01,6.532299211636070524e+00
5.020000000000000462e+00,-6.415549130365701735e+00,3.160793954224183633e-01,3.864920590411519141e-01,7.553215175965121375e+00
5.030000000000000249e+00,-5.568285128946222962e+00,5.343126608746715522e-01,4.228290765707153342e-01,8.669897572384304141e+00
5.040000000000000036e+00,-4.717197690348651662e+00,8.561918649642716872e-01,2.261402560025389530e-01,9.835026751034133596e+00
5.049999999999999822e+00,-3.881342049267948013e+00,1.289750167007673198e+00,-2.184929424683810240e-01,1.099417298875532190e+01
5.060000000000000497e+00,-3.082220404552162840e+00,1.838981202823544825e+00,-9.117930884555955906e-01,1.208927793855833777e+01
5.070000000000000284e+00,-2.342869987486428940e+00,2.503227018670775461e+00,-1.839487599301547149e+00,1.306259341556550524e+01
5.080000000000000071e+00,-1.686806023026458767e+00,3.276781106382614439e+00,-2.972636561092163010e+00,1.386077712470675039e+01
5.089999999999999858e+00,-1.136872052505111252e+00,4.148740549114095622e+00,-4.269110638180189099e+00,1.443881862542932026e+01
5.100000000000000533e+00,-7.140581116328017508e-01,5.103128123982934916e+00,-5.676147170406982134e+00,1.476346907485693016e+01
5.110000000000000320e+00,-4.363518921888724922e-01,6.119290124717293722e+00,-7.133819814061471476e+00,1.481587607049266886e+01
5.120000000000000107e+00,-3.176887948447688625e-01,7.172559560611133200e+00,-8.579174510538187803e+00,1.459317890163964648e+01
5.129999999999999893e+00,-3.670634820829719036e-01,8.235158266735316701e+00,-9.950719503219945139e+00,1.410889612811609162e+01
5.139999999999999680e+00,-5.878582119455553201e-01,9.277296379227861323e+00,-1.119291567725657011e+01,1.339203101942089091e+01
5.150000000000000355e+00,-9.774322010590086318e-01,1.026841461559163626e+01,-1.226029999617166943e+01,1.248492377278356003e+01
5.160000000000000142e+00,-1.527002120583045297e+00,1.117850477828317679e+01,-1.312089138156970947e+01,1.143998429033370989e+01
5.169999999999999929e+00,-2.221827396779696873e+00,1.197943762399472689e+01,-1.375857471102171559e+01,1.031553694326356663e+01
5.179999999999999716e+00,-3.041696277634660994e+00,1.264622523342160321e+01,-1.417423188633508957e+01,9.171090811907310680e+00
5.190000000000000391e+00,-3.961690765313619522e+00,1.315814752400054388e+01,-1.438548401053624204e+01,8.062408018561749046e+00
5.200000000000000178e+00,-4.953191670141114500e+00,1.349967951672251942e+01,-1.442501849549388382e+01,7.036773285062742467e+00
5.209999999999999964e+00,-5.985070344846651125e+00,1.366116703720204306e+01,-1.433759085236969710e+01,6.128866256380632649e+00
5.219999999999999751e+00,-7.025002117529968615e+00,1.363921305154022434e+01,-1.417590367016653374e+01,5.357603479300087734e+00
5.230000000000000426e+00,-8.040828873434389124e+00,1.343675390998886066e+01,-1.399566551424514138e+01,4.724250943917052581e+00
5.240000000000000213e+00,-9.001895198313819790e+00,1.306282330463644037e+01,-1.385021157055973973e+01,4.212015137137240295e+00
5.250000000000000000e+00,-9.880284248230889688e+00,1.253202053070684130e+01,-1.378511868564769216e+01,3.787207307036019710e+00
5.259999999999999787e+00,-1.065188598542076726e+01,1.186371742789377137e+01,-1.383326496265754635e+01,3.401950628944421240e+00
5.270000000000000462e+00,-1.129724122497550454e+01,1.108105397302821160e+01,-1.401076578391572092e+01,2.998272932989767270e+00
5.280000000000000249e+00,-1.180211937673652400e+01,1.020978483940687198e+01,-1.431416438055086537e+01,2.513308772116054968e+00
5.290000000000000036e+00,-1.215780488653191860e+01,9.277047485816344974e+00,-1.471916906764533906e+01,1.885233677520212758e+00
5.299999999999999822e+00,-1.236108603188563748e+01,8.310125920277380729e+00,-1.518111689543106024e+01,1.059479086193399588e+00
5.310000000000000497e+00,-1.241395864529298088e+01,7.335282950164399907e+00,-1.563721288535792908e+01,-5.264645677909882832e-03
5.320000000000000284e+00,-1.232307523190795528e+01,6.376727572977229030e+00,-1.601045503845625717e+01,-1.331753271033874642e+00
5.330000000000000071e+00,-1.209898559145021757e+01,5.455773609778176159e+00,-1.621501864774079138e+01,-2.920062500230621971e+00
5.339999999999999858e+00,-1.175522737223561620e+01,4.590231475564105601e+00,-1.616274991525779470e+01,-4.745018892681397205e+00
5.350000000000000533e+00,-1.130733313472852686e+01,3.794058116939017733e+00,-1.577031848103050748e+01,-6.755470913271795830e+00
5.360000000000000320e+00,-1.077182393142163086e+01,3.077271817133703458e+00,-1.496650963287467206e+01,-8.875552944232250496e+00
5.370000000000000107e+00,-1.016525790129860596e+01,2.446120067856600855e+00,-1.369910580868105576e+01,-1.100794893058960255e+01
5.379999999999999893e+00,-9.503396063906903279e+00,1.903471346907553707e+00,-1.194081683799782034e+01,-1.303901130890411686e+01
5.389999999999999680e+00,-8.800536856848770739e+00,1.449386650211104133e+00,-9.693769389693441596e+00,-1.484544637699955238e+01
5.400000000000000355e+00,-8.069056778698152854e+00,1.081815068251781975e+00,-6.992155308599183883e+00,-1.630215045528389695e+01
5.410000000000000142e+00,-7.319177819664703932e+00,7.973503849244212294e-01,-3.902759957995370677e+00,-1.729068203632723666e+01
5.419999999999999929e+00,-6.558964408470661311e+00,5.919831205575719624e-01,-5.232367985942902866e-01,-1.770779161450528605e+01
5.429999999999999716e+00,-5.794534692756382555e+00,4.617848052196344977e-01,3.021847233088924778e+00,-1.747340841195443417e+01
5.440000000000000391e+00,-5.030454416876779966e+00,4.034683609405622651e-01,6.587011024385693858e+00,-1.653750409322112347e+01
5.450000000000000178e+00,-4.270267682879730131e+00,4.147797550654274135e-01,1.001356898716914401e+01,-1.488531684966131863e+01
5.459999999999999964e+00,-3.517108509371333014e+00,4.946907175692641934e-01,1.313858849641037452e+01,-1.254052078688064142e+01
5.469999999999999751e+00,-2.774331108742463137e+00,6.433792020752386875e-01,1.580453501560994667e+01,-9.566058309897854883e+00
5.480000000000000426e+00,-2.046095636973871645e+00,8.620021544876458330e-01,1.786898582226375609e+01,-6.062507744545898802e+00
5.490000000000000213e+00,-1.337849930304877866e+00,1.152282698162352848e+00,1.921377707272617030e+01,-2.164023680598931687e+00
5.500000000000000000e+00,-6.566561663590302356e-01,1.515949733517515607e+00,1.975297695789169694e+01,1.967948411137684595e+00
5.509999999999999787e+00,-1.132386696651699332e-02,1.954080981478450774e+00,1.943914794335416829e+01,6.152830626852398233e+00
5.520000000000000462e+00,5.876737122843769257e-01,2.466409675992489170e+00,1.826746848921595756e+01,1.020046410614510357e+01
5.530000000000000249e+00,1.128505129756472991e+00,3.050659709667455033e+00,1.627742142622754784e+01,1.392147881520723196e+01
5.540000000000000036e+00,1.598495232396371257e+00,3.701973667544672164e+00,1.355191245446783732e+01,1.713785139685776571e+01
5.549999999999999822e+00,1.984817870656557792e+00,4.412492816896467218e+00,1.021384683736552645e+01,1.969300802465753719e+01
5.560000000000000497e+00,2.275320473598227977e+00,5.171138090355266392e+00,6.420353645621669436e+00,2.146085942410404357e+01
5.570000000000000284e+00,2.459421585766806473e+00,5.963627083032580600e+00,2.354993661658119297e+00,2.235322569945185123e+01
5.580000000000000071e+00,2.529014097597449773e+00,6.772745055071284881e+00,-1.781590630871089598e+00,2.232521364996413027e+01
5.589999999999999858e+00,2.479303362667921284e+00,7.578869090791808816e+00,-5.782034580533566448e+00,2.137824080572495689e+01
5.600000000000000533e+00,2.309511029916450298e+00,8.360725259171193358e+00,-9.443019749179677902e+00,1.956054867500935757e+01
5.610000000000000320e+00,2.023382201124734436e+00,9.096340241117420788e+00,-1.257583829727239433e+01,1.696520196299218952e+01
5.620000000000000107e+00,1.629445059409927676e+00,9.764132779706386600e+00,-1.501616790207592089e+01,1.372572000887285171e+01
5.629999999999999893e+00,1.140987666312867521e+00,1.034407766712968879e+01,-1.663253520875532487e+01,1.000962136340903008e+01
5.639999999999999680e+00,5.757351634892422521e-01,1.081886677206118819e+01,-1.733303944763648374e+01,6.010273761193305475e+00
5.650000000000000355e+00,-4.476911224176527426e-02,1.117498849819038398e+01,-1.707002376805643706e+01,1.937523306720123184e+00
5.660000000000000142e+00,-6.960544730768047916e-01,1.140364936429645759e+01,-1.584251091952543788e+01,-1.992375416976673863e+00
5.669999999999999929e+00,-1.351842020256683874e+00,1.150146905056714353e+01,-1.369635256395876333e+01,-5.566993590626608146e+00
5.679999999999999716e+00,-1.985331333201715065e+00,1.147089283548134730e+01,-1.072216845254649620e+01,-8.587612404771475028e+00
5.690000000000000391e+00,-2.570580546491010310e+00,1.132028207906739858e+01,-7.051264712384874400e+00,-1.087829285056737127e+01
5.700000000000000178e+00,-3.083896885849615188e+00,1.106366322567892979e+01,-2.849812976377714691e+00,-1.229374014329538589e+01
5.709999999999999964e+00,-3.505151285593697708e+00,1.072013741543561238e+01,1.688360437537749892e+00,-1.272566185886066670e+01
5.719999999999999751e+00,-3.818932898644580298e+00,1.031297478651956467e+01,6.349985793338907669e+00,-1.210741741347682243e+01
5.730000000000000426e+00,-4.015467078409706403e+00,9.868438460290979819e+00,1.091115881864102732e+01,-1.041685577835638554e+01
5.740000000000000213e+00,-4.091233327841488965e+00,9.414401627048393451e+00,1.514635563525981254e+01,-7.677331168421547503e+00
5.750000000000000000e+00,-4.049236997130063465e+00,8.978835845417309613e+00,1.883729384679765673e+01,-3.956967050725579416e+00
5.759999999999999787e+00,-3.898909095144151848e+00,8.588258623504968270e+00,2.178132650581289909e+01,6.336969095184190603e-01
5.770000000000000462e+00,-3.655631164083120943e+00,8.266232860807246396e+00,2.379911109976063699e+01,5.945494522956498606e+00
5.780000000000000249e+00,-3.339905316293755533e+00,8.032009444083985983e+00,2.474135375574400086e+01,1.179565163656484827e+01
5.790000000000000036e+00,-2.976211766950674686e+00,7.899397231072183168e+00,2.449448401316181645e+01,1.797381530028439300e+01
5.799999999999999822e+00,-2.591616089003624168e+00,7.875932219896375486e+00,2.298516333070723405e+01,2.424887812859314096e+01
5.810000000000000497e+00,-2.214204685745963186e+00,7.962400633957142482e+00,2.018356809353637615e+01,3.037639434033686925e+01
5.820000000000000284e+00,-1.871438568379597100e+00,8.152749995443246078e+00,1.610541413775670350e+01,3.610640000050868537e+01
5.830000000000000071e+00,-1.588521683919617900e+00,8.434399289787586795e+00,1.081270536845108943e+01,4.119146541286045249e+01
5.839999999999999858e+00,-1.386880349443821991e+00,8.788935461029149465e+00,4.413196190584423917e+00,4.539481836137837689e+01
5.850000000000000533e+00,-1.282844767865726876e+00,9.193160203522262819e+00,-2.941440245546727894e+00,4.849838010729578031e+01
5.860000000000000320e+00,-1.286612454204488998e+00,9.620429770326600405e+00,-1.105874420990170215e+01,5.031055040810213086e+01
5.870000000000000107e+00,-1.401557363542983214e+00,1.004221261546330446e+01,-1.970990235955020253e+01,5.067356377018167279e+01
5.879999999999999893e+00,-1.623928559433220453e+00,1.042977622738026966e+01,-2.863546781377621642e+01,4.947021884482987275e+01
5.889999999999999680e+00,-1.942959611000498299e+00,1.075590631672186070e+01,-3.755232809436868280e+01,4.662976002406015397e+01
5.900000000000000355e+00,-2.341385936678542112e+00,1.099655908659431702e+01,-4.616184290743550633e+01,4.213266972578249892e+01
5.910000000000000142e+00,-2.796343475004693602e+00,1.113235077503655468e+01,-5.415902177004084450e+01,3.601411702839895668e+01
5.919999999999999929e+00,-3.280599794269634550e+00,1.114979779239449087e+01,-6.124254832353460642e+01,2.836580866188923977e+01
5.929999999999999716e+00,-3.764049383742845478e+00,1.104223501116694983e+01,-6.712538775315104544e+01,1.933600665590969214e+01
5.940000000000000391e+00,-4.215389544019548573e+00,1.081035822714558492e+01,-7.154564165054391367e+01,9.127516658966316143e+00
5.950000000000000178e+00,-4.603882902423166001e+00,1.046235837410821645e+01,-7.427724774010125941e+01,-2.006486276962132997e+00
5.959999999999999964e+00,-4.901107704843421509e+00,1.001363843887681604e+01,-7.514006759437532423e+01,-1.376884236334623957e+01
5.969999999999999751e+00,-5.082597923415137942e+00,9.486127792968284567e+00,-7.400887115911241665e+01,-2.582694525848838296e+01
5.980000000000000426e+00,-5.129281767112584767e+00,8.907231426198828572e+00,-7.082071913065063029e+01,-3.782325770455291547e+01
5.990000000000000213e+00,-5.028638949381186940e+00,8.308472007846198437e+00,-6.558026795708984480e+01,-4.938750250820461929e+01
6.000000000000000000e+00,-4.775513307350657932e+00,7.723899639576455201e+00,-5.836258026503232799e+01,-6.015010272065373442e+01
6.009999999999999787e+00,-4.372537078977750014e+00,7.188356652855412143e+00,-4.931311599179536387e+01,-6.975633268579228741e+01
6.020000000000000462e+00,-3.830145134137140417e+00,6.735692171347348101e+00,-3.864470367125642980e+01,-7.788055121705883721e+01
6.030000000000000249e+00,-3.166180413122428483e+00,6.397023048729417738e+00,-2.663144151104620860e+01,-8.423982869639878857e+01
6.040000000000000036e+00,-2.405114405158924828e+00,6.199134176732451706e+00,-1.359964578017808279e+01,-8.860625889944910227e+01
6.049999999999999822e+00,-1.576927399563995635e+00,6.163102334553236084e+00,8.386089010853059467e-02,-9.081726898515857727e+01
6.060000000000000497e+00,-7.157112844743578339e-01,6.303214317859772819e+00,1.402565833519360794e+01,-9.078330949315326848e+01
6.070000000000000284e+00,1.419281359119167751e-01,6.626232901949501652e+00,2.782121872442035837e+01,-8.849241913295215056e+01
6.080000000000000071e+00,9.585827281017099688e-01,7.131044321099161643e+00,4.107123753191989124e+01,-8.401131188627864788e+01
6.089999999999999858e+00,1.697776384373463454e+00,7.808699582559786911e+00,5.339798177492003362e+01,-7.748281839937479276e+01
6.100000000000000533e+00,2.325631653628583706e+00,8.642840338568385405e+00,6.446079603029775740e+01,-6.911971884988727766e+01
6.110000000000000320e+00,2.812383845138874960e+00,9.610479458228475380e+00,7.396992450845760914e+01,-5.919521728616233247e+01
6.120000000000000107e+00,3.133668091487670004e+00,1.068308803005093921e+01,8.169788013307866947e+01,-4.803051344733758299e+01
6.129999999999999893e+00,3.271519040247044874e+00,1.182792528730585957e+01,8.748771663937874621e+01,-3.598011267051727913e+01
6.140000000000000568e+00,3.215040005285775493e+00,1.300953667331556396e+01,9.125773068767091445e+01,-2.341566398399946181e+01
6.150000000000000355e+00,2.960717481229616865e+00,1.419133849089466537e+01,9.300232778281043977e+01,-1.070921918796253003e+01
6.160000000000000142e+00,2.512376758104596597e+00,1.533720556938020962e+01,9.278901528142731081e+01,1.783147071200218203e+00
6.169999999999999929e+00,1.880793804310602502e+00,1.641298110738869198e+01,9.075172273450110083e+01,1.373642948031991651e+01
6.179999999999999716e+00,1.082996508370866362e+00,1.738783500526888304e+01,8.708087800399802347e+01,2.486964416658248922e+01
6.190000000000000391e+00,1.413037984012007753e-01,1.823540803186860160e+01,8.201087093181600096e+01,3.495592029014955671e+01
6.200000000000000178e+00,-9.178367150086490511e-01,1.893469330769144676e+01,7.580570013919904682e+01,4.382919203296193444e+01
6.209999999999999964e+00,-2.065143689230413138e+00,1.947062290303694354e+01,6.874371063721666530e+01,5.138717094558032272e+01
6.219999999999999751e+00,-3.269856699604324568e+00,1.983434481824145834e+01,6.110238167889684746e+01,5.759052060648600246e+01
6.230000000000000426e+00,-4.501077987334933361e+00,2.002319317210956484e+01,5.314411125299579197e+01,6.245840378215530819e+01
6.240000000000000213e+00,-5.729033114389302739e+00,2.004037104318051732e+01,4.510386602082341057e+01,6.606080932165646402e+01
6.250000000000000000e+00,-6.926190440176323904e+00,1.989438014804383670e+01,3.717942824904656618e+01,6.850827500979058016e+01
6.259999999999999787e+00,-8.068190504581332689e+00,1.959824360940761068e+01,2.952478372268968343e+01,6.993978850441880013e+01
6.270000000000000462e+00,-9.134549843453292794e+00,1.916857686216017242e+01,2.224696983810228801e+01,7.050975924697058872e+01
6.280000000000000249e+00,-1.010911857556480875e+01,1.862456688728474319e+01,1.540645702175711484e+01,7.037500173180424667e+01
6.290000000000000036e+00,-1.098028633517487762e+01,1.798692130730340821e+01,9.020886923369376476e+00,6.968265119338488489e+01
6.299999999999999822e+00,-1.174094584382607565e+01,1.727684651704531404e+01,3.071755494317098378e+00,6.855984794362183266e+01
6.310000000000000497e+00,-1.238823675039825645e+01,1.651510827805670445e+01,-2.486574878432915803e+00,6.710588240877321198e+01
6.320000000000000284e+00,-1.292310357224878814e+01,1.572121958836948608e+01,-7.716307767204956036e+00,6.538729991223992499e+01
6.330000000000000071e+00,-1.334971005872532146e+01,1.491278982323450997e+01,-1.268496335739787817e+01,6.343623659039889873e+01
6.339999999999999858e+00,-1.367475768221411947e+01,1.410505690762346376e+01,-1.745435644101846862e+01,6.125201226034459978e+01
6.350000000000000533e+00,-1.390675806416150451e+01,1.331061146433602893e+01,-2.207067898881175694e+01,5.880576066473744135e+01
6.360000000000000320e+00,-1.405530800274800285e+01,1.253930931933107473e+01,-2.655646808556036831e+01,5.604765036820883495e+01
6.370000000000000107e+00,-1.413041162877051882e+01,1.179835722208446391e+01,-3.090508631801967709e+01,5.291605737043850155e+01
6.379999999999999893e+00,-1.414188750209097911e+01,1.109254683525846907e+01,-3.507814237988494455e+01,4.934790730925446667e+01
6.390000000000000568e+00,-1.409888974513687820e+01,1.042460450461516075e+01,-3.900604967995120376e+01,4.528932135262991920e+01
6.400000000000000355e+00,-1.400956226889866940e+01,9.795619405029123428e+00,-4.259167732256102568e+01,4.070568146972092904e+01
6.410000000000000142e+00,-1.388083451283671366e+01,9.205510550588435592e+00,-4.571680912884292525e+01,3.559027878901424913e+01
6.419999999999999929e+00,-1.371835663044471865e+01,8.653493841523795638e+00,-4.825091011419227982e+01,2.997081930501071412e+01
6.429999999999999716e+00,-1.352656240030127321e+01,8.138513598604598442e+00,-5.006152201037983218e+01,2.391322575074178758e+01
6.440000000000000391e+00,-1.330883993317029557e+01,7.659608543070143050e+00,-5.102548305436070564e+01,1.752238049861790614e+01
6.450000000000000178e+00,-1.306778395841070584e+01,7.216189420380795916e+00,-5.104010148963926241e+01,1.093968635214249829e+01
6.459999999999999964e+00,-1.280549943409956981e+01,6.808213848167450344e+00,-5.003341160239977370e+01,4.337562672808493502e+00
6.469999999999999751e+00,-1.252392459252753198e+01,6.436252851654475471e+00,-4.797270532771486273e+01,-2.088774447501621001e+00
6.480000000000000426e+00,-1.222514229106762684e+01,6.101452288129380008e+00,-4.487065637640937155e+01,-8.131694386158892840e+00
6.490000000000000213e+00,-1.191165150828694053e+01,5.805400350581535029e+00,-4.078852792020940399e+01,-1.358297948727769366e+01
6.500000000000000000e+00,-1.158657568163925866e+01,5.549919054652299621e+00,-3.583616595684902251e+01,-1.824627046450002865e+01
6.509999999999999787e+00,-1.125379088446195119e+01,5.336802641291091831e+00,-3.016871275759681836e+01,-2.194925291959591007e+01
6.520000000000000462e+00,-1.091796406354710136e+01,5.167528896290104257e+00,-2.398021105802817843e+01,-2.455472287803015519e+01
6.530000000000000249e+00,-1.058449914051515783e+01,5.042970374501017261e+00,-1.749449255052625318e+01,-2.596974641897312708e+01
6.540000000000000036e+00,-1.025939615732303167e+01,4.963131451728309607e+00,-1.095393761002210731e+01,-2.615226194456950282e+01
6.549999999999999822e+00,-9.949035295614702790e+00,4.926934186538067806e+00,-4.606843231722697496e+00,-2.511465312264769878e+01
6.560000000000000497e+00,-9.659903074315517202e+00,4.932071459221467613e+00,1.305767562626295453e+00,-2.292403252280129422e+01
6.570000000000000284e+00,-9.398281987633112067e+00,4.974940166928468521e+00,6.563025442637528961e+00,-1.969920471606856438e+01
6.580000000000000071e+00,-9.169927069044307544e+00,5.050660859869250174e+00,1.097594004163229897e+01,-1.560450638540802082e+01
6.589999999999999858e+00,-8.979753273739762065e+00,5.153183600589500202e+00,1.439721233751565777e+01,-1.084093331005658989e+01
6.600000000000000533e+00,-8.831556215583903580e+00,5.275473506303860027e+00,1.672851311689542797e+01,-5.635144920350203535e+00
6.610000000000000320e+00,-8.727785853862188858e+00,5.409763840014521818e+00,1.792478553035403976e+01,-2.270740006074520034e-01
6.620000000000000107e+00,-8.669388486094083746e+00,5.547860023034945520e+00,1.799533687061800791e+01,5.143046998708087791e+00
6.629999999999999893e+00,-8.655727233745620808e+00,5.681474825320974809e+00,1.700170461334445093e+01,1.024740571123214927e+01
6.640000000000000568e+00,-8.684585526518951326e+00,5.802573412790225760e+00,1.505249852576775460e+01,1.488227119392848863e+01
6.650000000000000355e+00,-8.752252334596823502e+00,5.903706934148097218e+00,1.229561891094338755e+01,1.887788039066805368e+01
6.660000000000000142e+00,-8.853682488048139732e+00,5.978314836967860479e+00,8.908417137718460665e+00,2.210596893491489467e+01
6.669999999999999929e+00,-8.982720733917213707e+00,6.020978930050394418e+00,5.086487481395971955e+00,2.448453809892154354e+01
6.679999999999999716e+00,-9.132374517873167008e+00,6.027616084022291432e+00,1.031851334974343004e+00,2.597964604173653669e+01
6.690000000000000391e+00,-9.295118051016359573e+00,5.995601048276895995e+00,-3.058687717309465093e+00,2.660421706757753668e+01
6.700000000000000178e+00,-9.463209142952795361e+00,5.923815787537398236e+00,-7.004276363625798751e+00,2.641406256804433283e+01
6.709999999999999964e+00,-9.629000552704788163e+00,5.812626627405395929e+00,-1.064917698761405163e+01,2.550148769428681916e+01
6.719999999999999751e+00,-9.785229131171888639e+00,5.663794990161635567e+00,-1.386984094256471600e+01,2.398700641844713388e+01
6.730000000000000426e+00,-9.925268615466734445e+00,5.480331293686803384e+00,-1.657952597305937559e+01,2.200979498710119131e+01
6.740000000000000213e+00,-1.004333532905052095e+01,5.266304441540953007e+00,-1.873027493774855046e+01,1.971757360764239309e+01
6.750000000000000000e+00,-1.013463993778245786e+01,5.026621099534462900e+00,-2.031225982017304688e+01,1.725661593441418518e+01
6.759999999999999787e+00,-1.019548248537291357e+01,4.766789574227013659e+00,-2.135067437150369685e+01,1.476254662845493648e+01
6.770000000000000462e+00,-1.022329186228250641e+01,4.492682614451509515e+00,-2.190051816639861926e+01,1.235250354261232708e+01
6.780000000000000249e+00,-1.021661435999295620e+01,4.210311965712551618e+00,-2.203974381211141420e+01,1.011912056110839409e+01
6.790000000000000036e+00,-1.017505878940516162e+01,3.925625207835016006e+00,-2.186132956339443467e+01,8.126639799762259031e+00
6.799999999999999822e+00,-1.009920762719041143e+01,3.644332539738825982e+00,-2.146488677224410324e+01,6.409299302994337921e+00
6.810000000000000497e+00,-9.990504704343871722e+00,3.371768013429414346e+00,-2.094841387362869867e+01,4.971976757181243656e+00
6.820000000000000284e+00,-9.851130055324642143e+00,3.112786541089960668e+00,-2.040076771458269889e+01,3.792913006709996093e+00
6.830000000000000071e+00,-9.683871770390604539e+00,2.871695067615613883e+00,-1.989534376141489247e+01,2.828202104572893116e+00
6.839999999999999858e+00,-9.492003173054342824e+00,2.652213842691421686e+00,-1.948534642864762745e+01,2.017626169416531390e+00
6.850000000000000533e+00,-9.279171568109113366e+00,2.457461915065808356e+00,-1.920089875055309037e+01,1.291339916566811574e+00
6.860000000000000320e+00,-9.049302398326750208e+00,2.289959915631605725e+00,-1.904809731175404508e+01,5.768750184800289782e-01
6.870000000000000107e+00,-8.806520150035112238e+00,2.151642933181244999e+00,-1.900997456280682130e+01,-1.940609007669386599e-01
6.879999999999999893e+00,-8.555084994258644215e+00,2.043876784575078265e+00,-1.904919670304898816e+01,-1.079474037729127645e+00
6.890000000000000568e+00,-8.299342150977739863e+00,1.967472142284386161e+00,-1.911221034901170057e+01,-2.122072215779606807e+00
6.900000000000000355e+00,-8.043679487845080800e+00,1.922692656042045867e+00,-1.913446253944047726e+01,-3.345660443354496749e+00
6.910000000000000142e+00,-7.792488025863518075e+00,1.909255202351031411e+00,-1.904626130700470199e+01,-4.753137409115815615e+00
6.919999999999999929e+00,-7.550119875981391004e+00,1.926322505700304388e+00,-1.877882059235891177e+01,-6.326161827270864180e+00
6.929999999999999716e+00,-7.320838661442333972e+00,1.972490386169221344e+00,-1.827004361850341141e+01,-8.026434876370942106e+00
6.940000000000000391e+00,-7.108758619686478042e+00,2.045773603316412448e+00,-1.746964045765281170e+01,-9.798432648332783046e+00
6.950000000000000178e+00,-6.917770200871879993e+00,2.143595521668778758e+00,-1.634324374104923550e+01,-1.157332807127133911e+01
6.959999999999999964e+00,-6.751451923700688695e+00,2.262787499700730898e+00,-1.487527492875975810e+01,-1.327377101653974023e+01
6.969999999999999751e+00,-6.612970324099032737e+00,2.399603936765200007e+00,-1.307041478650084798e+01,-1.481915203094343170e+01
6.980000000000000426e+00,-6.504971840861881738e+00,2.549758293769078143e+00,-1.095363770876405596e+01,-1.613096092160569484e+01
6.990000000000000213e+00,-6.429472235450343298e+00,2.708484183288383917e+00,-8.568872383611214616e+00,-1.713786562944693870e+01
7.000000000000000000e+00,-6.387750475499419878e+00,2.870623904631547596e+00,-5.976443796477628467e+00,-1.778017678776908994e+01
7.009999999999999787e+00,-6.380254795170836601e+00,3.030744722389703050e+00,-3.249527675254703318e+00,-1.801342468221510984e+01
7.020000000000000462e+00,-6.406528799052617629e+00,3.183280925870882072e+00,-4.699036978051531754e-01,-1.781085231620057741e+01
7.030000000000000249e+00,-6.465164971186426968e+00,3.322697448743451076e+00,2.276674578592911224e+00,-1.716471444965697657e+01
7.040000000000000036e+00,-6.553791812143350271e+00,3.443668759727219975e+00,4.905167856352305122e+00,-1.608636105396422522e+01
7.049999999999999822e+00,-6.669099130791664720e+00,3.541265027158038148e+00,7.335688210092860650e+00,-1.460516809292804652e+01
7.060000000000000497e+00,-6.806903883252524601e+00,3.611136354831433248e+00,9.497412889814590642e+00,-1.276645309244367255e+01
7.070000000000000284e+00,-6.962256532900416239e+00,3.649685286500932158e+00,1.133175603433543444e+01,-1.062857289312046660e+01
7.080000000000000071e+00,-7.129585376678333475e+00,3.654217838136899044e+00,1.279464474080753433e+01,-8.259442961913986636e+00
7.089999999999999858e+00,-7.302873826462956686e+00,3.623064047137365407e+00,1.385781739282555769e+01,-5.732739878132096401e+00
7.100000000000000533e+00,-7.475863425372917703e+00,3.555660383532196711e+00,1.450913425967477188e+01,-3.124050881469206065e+00
7.110000000000000320e+00,-7.642273574184633489e+00,3.452588262329487456e+00,1.475195790225256154e+01,-5.072179300356903786e-01
7.120000000000000107e+00,-7.796027668638322083e+00,3.315565203576094522e+00,1.460371932098819592e+01,2.048908894868580521e+00
7.129999999999999893e+00,-7.931474692108192670e+00,3.147387755037241330e+00,1.409383151528429678e+01,4.483139035717136345e+00
7.140000000000000568e+00,-8.043595313915652412e+00,2.951827953363637569e+00,1.326114283861739018e+01,6.743914196113186321e+00
7.150000000000000355e+00,-8.128182210031795307e+00,2.733487681327640750e+00,1.215113715402433670e+01,8.790527724835026646e+00
7.160000000000000142e+00,-8.181985604635521270e+00,2.497617617677547308e+00,1.081308651417335476e+01,1.059358912317846446e+01
7.169999999999999929e+00,-8.202816843158116100e+00,2.249909428152804036e+00,9.297346261306559612e+00,1.213478438422284178e+01
7.179999999999999716e+00,-8.189605032962875342e+00,1.996271295240340748e+00,7.652954389678948033e+00,1.340602698770004331e+01
7.190000000000000391e+00,-8.142404286264929070e+00,1.742597749224470416e+00,5.925659785241362165e+00,1.440812781297221434e+01
7.200000000000000178e+00,-8.062351717657232797e+00,1.494545001629480785e+00,4.156461041916253762e+00,1.514913343133518708e+01
7.209999999999999964e+00,-7.951578929232210768e+00,1.257322591736960593e+00,2.380692580963100546e+00,1.564249066924650577e+01
7.219999999999999751e+00,-7.813082110532906910e+00,1.035511173151903774e+00,6.276512572088450703e-01,1.590519146172424669e+01
7.230000000000000426e+00,-7.650557955318708636e+00,8.329147602636765013e-01,-1.079282383540402179e+00,1.595603718496931300e+01
7.240000000000000213e+00,-7.468214242733273167e+00,6.524538220361458807e-01,-2.722106030981859881e+00,1.581413792047987066e+01
7.250000000000000000e+00,-7.270565066092107287e+00,4.961033719476279358e-01,-4.287341774686180607e+00,1.549773200391094718e+01
7.259999999999999787e+00,-7.062221269395797307e+00,3.648777900153915565e-01,-5.764981046971626277e+00,1.502337755423753585e+01
7.270000000000000462e+00,-6.847686654176536436e+00,2.588616621665528750e-01,-7.147346500072048414e+00,1.440553329051606468e+01
7.280000000000000249e+00,-6.631169963910151566e+00,1.772835668602232018e-01,-8.427983331764012931e+00,1.365651346034134050e+01
7.290000000000000036e+00,-6.416421585908308245e+00,1.186276014088902542e-01,-9.600678931650321601e+00,1.278677338522262374e+01
7.299999999999999822e+00,-6.206602402559370901e+00,8.077562697892752552e-02,-1.065868982410355414e+01,1.180545971739923949e+01
7.310000000000000497e+00,-6.004190366310038662e+00,6.117180674515749345e-02,-1.159423079263433642e+01,1.072114414133697124e+01
7.320000000000000284e+00,-5.810928271476131002e+00,5.700007687364526399e-02,-1.239825497077888095e+01,9.542651447267926912e+00
7.330000000000000071e+00,-5.627813964701900318e+00,6.536475974859186355e-02,-1.306052771187215811e+01,8.279892543841128827e+00
7.339999999999999858e+00,-5.455131990846787460e+00,8.346461180028359739e-02,-1.356997312977403425e+01,6.944619402322881108e+00
7.350000000000000533e+00,-5.292523525226881631e+00,1.087511778410168162e-01,-1.391525192274800204e+01,5.551031028256009137e+00
7.360000000000000320e+00,-5.139089501228562895e+00,1.390633600923390500e-01,-1.408551361440273375e+01,4.116175910836346041e+00
7.370000000000000107e+00,-4.993520196579698478e+00,1.727315426859803160e-01,-1.407125635587543755e+01,2.660115399251729684e+00
7.379999999999999893e+00,-4.854243268230489683e+00,2.086463637984251052e-01,-1.386522313940202800e+01,1.205832454931771158e+00
7.390000000000000568e+00,-4.719581382325345409e+00,2.462892068718064154e-01,-1.346326443518955429e+01,-2.211103223046527178e-01
7.400000000000000355e+00,-4.587910208907608478e+00,2.857235895069624720e-01,-1.286510325890187545e+01,-1.593141946673614973e+00
7.410000000000000142e+00,-4.457807655677692438e+00,3.275487585851923900e-01,-1.207494859014888178e+01,-2.881447543503075082e+00
7.419999999999999929e+00,-4.328185793896634159e+00,3.728188474182498879e-01,-1.110191578606668905e+01,-4.056879160735601175e+00
7.429999999999999716e+00,-4.198397952948839773e+00,4.229328134812330720e-01,-9.960226977391736014e+00,-5.090959129770572744e+00
7.440000000000000391e+00,-4.068314877741374680e+00,4.795019598885078560e-01,-8.669179224668223327e+00,-5.956919464273225273e+00
7.450000000000000178e+00,-3.938365585446704564e+00,5.442030687906550535e-01,-7.252882384621267775e+00,-6.630721849147272806e+00
7.459999999999999964e+00,-3.809540538934267140e+00,6.186259749274466424e-01,-5.739781305195340799e+00,-7.092007119316918740e+00
7.469999999999999751e+00,-3.683356874195585995e+00,7.041247367800527179e-01,-4.161987472834846713e+00,-7.324930058548118517e+00
7.480000000000000426e+00,-3.561787569645902707e+00,8.016813975376507750e-01,-2.554453168080554448e+00,-7.318844065020945422e+00
7.490000000000000213e+00,-3.447158513551825898e+00,9.117906691804178454e-01,-9.540263863716691439e-01,-7.068809916195641918e+00
7.500000000000000000e+00,-3.342019300175429031e+00,1.034372746518367192e+00,6.015726802581145005e-01,-6.575912754195796239e+00
7.509999999999999787e+00,-3.248995160443707952e+00,1.168719915425214584e+00,2.074812668006949856e+00,-5.847380844523176080e+00
7.520000000000000462e+00,-3.170628616468859740e+00,1.313480736034654095e+00,3.429410504656234870e+00,-4.896508122162425813e+00
7.530000000000000249e+00,-3.109220166586800005e+00,1.466683453642827040e+00,4.631353624947141867e+00,-3.742389685398838317e+00
7.540000000000000036e+00,-3.066677507395838553e+00,1.625798030665628113e+00,5.649853637714111976e+00,-2.409485056831758953e+00
7.549999999999999822e+00,-3.044382457411199283e+00,1.787833926805901807e+00,6.458205047411545330e+00,-9.270281908871204068e-01
7.560000000000000497e+00,-3.043083869229489480e+00,1.949468611008409180e+00,7.034527630973977708e+00,6.716940108261688636e-01
7.570000000000000284e+00,-3.062823440499138350e+00,2.107199894774739679e+00,7.362375840816880235e+00,2.350171291125432660e+00
7.580000000000000071e+00,-3.102899525997820263e+00,2.257513648808004536e+00,7.431202936724809582e+00,4.069583608287654641e+00
7.589999999999999858e+00,-3.161871909096444000e+00,2.397057402942072812e+00,7.236671351325615120e+00,5.789774406060605116e+00
7.600000000000000533e+00,-3.237608129569327531e+00,2.522809807541176674e+00,6.780804081363369207e+00,7.470259469723980139e+00
7.610000000000000320e+00,-3.327369521862658885e+00,2.632235997442139652e+00,6.071974772754365368e+00,9.071247528606882327e+00
7.620000000000000107e+00,-3.427932738601216833e+00,2.723419557167201077e+00,5.124736793176019489e+00,1.055464900676757622e+01
7.629999999999999893e+00,-3.535740363815651932e+00,2.795163012337531505e+00,3.959494150078064489e+00,1.188504948283115681e+01
7.640000000000000568e+00,-3.647072395838060643e+00,2.847050504699480733e+00,2.602019796556051645e+00,1.303062453544772659e+01
7.650000000000000355e+00,-3.758229019877201260e+00,2.879468451332205969e+00,1.082829817945539563e+00,1.396397283847046111e+01
7.660000000000000142e+00,-3.865714287582322939e+00,2.893582418560706415e+00,-5.635747074298234072e-01,1.466284480452574712e+01
7.669999999999999929e+00,-3.966410135017642169e+00,2.891271012895372472e+00,-2.299582722778090726e+00,1.511074496521737309e+01
7.679999999999999716e+00,-4.057730623057096864e+00,2.875020147812054727e+00,-4.085445697298678347e+00,1.529738783307370831e+01
7.690000000000000391e+00,-4.137747356570701029e+00,2.847783427072349216e+00,-5.880324185091631684e+00,1.521898940141557333e+01
7.700000000000000178e+00,-4.205278672110730476e+00,2.812816441599478079e+00,-7.643381071582373565e+00,1.487837983780046791e+01
7.709999999999999964e+00,-4.259937282250662705e+00,2.773494375268504175e+00,-9.334890614570904077e+00,1.428492737367327869e+01
7.719999999999999751e+00,-4.302133501028704288e+00,2.733123350698868581e+00,-1.091732958078273441e+01,1.345426885587062671e+01
7.730000000000000426e+00,-4.333033798449188012e+00,2.694756349854817934e+00,-1.235641500512955027e+01,1.240784877548726328e+01
7.740000000000000213e+00,-4.354477078426486791e+00,2.661024286992307974e+00,-1.362205264022660423e+01,1.117227560119252061e+01
7.750000000000000000e+00,-4.368853576938029448e+00,2.633991907138229394e+00,-1.468916123999261103e+01,9.778511606789129118e+00
7.759999999999999787e+00,-4.378953477049472021e+00,2.615046688105360229e+00,-1.553834057129665780e+01,8.260919719007135953e+00
7.770000000000000462e+00,-4.387794095799339544e+00,2.604826933147171619e+00,-1.615635550739950332e+01,6.656197801303314066e+00
7.780000000000000249e+00,-4.398435704485636144e+00,2.603192882450669376e+00,-1.653641464918907289e+01,5.002236799783319476e+00
7.790000000000000036e+00,-4.413796624957247339e+00,2.609242096446327874e+00,-1.667822945256359191e+01,3.336943893509659809e+00
7.799999999999999822e+00,-4.436478167861149124e+00,2.621367737720624813e+00,-1.658784851155175133e+01,1.697074847963204736e+00
7.810000000000000497e+00,-4.468609255836520688e+00,2.637355868791297020e+00,-1.627727106146874902e+01,1.171208796754783510e-01
7.820000000000000284e+00,-4.511719259424866735e+00,2.654515648604061973e+00,-1.576385345686438200e+01,-1.371705683901401240e+00
7.830000000000000071e+00,-4.566645758658063770e+00,2.669834489778370568e+00,-1.506953183280412745e+01,-2.742345889317626462e+00
7.839999999999999858e+00,-4.633481753464320896e+00,2.680148940473404906e+00,-1.421989284947004428e+01,-3.972593089247837828e+00
7.850000000000000533e+00,-4.711564428689539064e+00,2.682321351843660384e+00,-1.324313184341174754e+01,-5.045587933101409739e+00
7.860000000000000320e+00,-4.799505094573265573e+00,2.673412315970089104e+00,-1.216894341075495944e+01,-5.950089968198631674e+00
7.870000000000000107e+00,-4.895257531966396236e+00,2.650839398926463808e+00,-1.102739305747472898e+01,-6.680516554401670248e+00
7.879999999999999893e+00,-4.996219824383577368e+00,2.612513797362689072e+00,-9.847819806281988164e+00,-7.236750649283024472e+00
7.890000000000000568e+00,-5.099362986725172853e+00,2.556948126286554324e+00,-8.657818412191973678e+00,-7.623730015388618497e+00
7.900000000000000355e+00,-5.201378404766918706e+00,2.483330482817593943e+00,-7.482346110811963769e+00,-7.850840948688880161e+00
7.910000000000000142e+00,-5.298835346546661107e+00,2.391562087381527313e+00,-6.342992747196253056e+00,-7.931149150832089489e+00
7.919999999999999929e+00,-5.388339623847856252e+00,2.282258031809579979e+00,-5.257444986713405655e+00,-7.880508334528547820e+00
7.930000000000000604e+00,-5.466684856683315274e+00,2.156712815444552511e+00,-4.239165492549773262e+00,-7.716593104700285366e+00
7.940000000000000391e+00,-5.530988676145857319e+00,2.016834289029960647e+00,-3.297296967773203136e+00,-7.457906245239895426e+00
7.950000000000000178e+00,-5.578807508759935807e+00,1.865051235606251190e+00,-2.436789377271612267e+00,-7.122811535403296368e+00
7.959999999999999964e+00,-5.608225210623444923e+00,1.704201009430262204e+00,-1.658737101918630774e+00,-6.728641534497156407e+00
7.969999999999999751e+00,-5.617912637548248433e+00,1.537404372658694784e+00,-9.609018566037588194e-01,-6.290925469084711175e+00
7.980000000000000426e+00,-5.607157116426029653e+00,1.367934895347241220e+00,-3.383875197579919725e-01,-5.822775638951479316e+00
7.990000000000000213e+00,-5.575862594270206252e+00,1.199090032747800905e+00,2.155748926652787389e-01,-5.334461966852253489e+00
8.000000000000000000e+00,-5.524522867904372525e+00,1.034070313020616139e+00,7.087795807523931124e-01,-4.833193909557951251e+00
