# eV,ground_re,ground_im,pumped_re,pumped_im
1.000000000000000021e-02,1.782050098764001405e+02,-2.103254716159166037e+03,6.935946781301908231e+03,-1.610953444747487811e+04
2.000000000000000042e-02,1.768143221941499519e+02,-1.036956259914725024e+03,6.810956958149933598e+03,-7.059955644083445804e+03
2.999999999999999889e-02,1.745216833168605319e+02,-6.752466077308525882e+02,6.605731714525193638e+03,-3.627538621079364475e+03
4.000000000000000083e-02,1.713642070010719465e+02,-4.899523170961988399e+02,6.324813352417264468e+03,-1.628136419059195532e+03
5.000000000000000278e-02,1.673925786240129412e+02,-3.755151706107956784e+02,5.974375633019348243e+03,-2.328526059575324609e+02
5.999999999999999778e-02,1.626698281319378623e+02,-2.968053841834791342e+02,5.562045931189978546e+03,8.289963772967269051e+02
7.000000000000000666e-02,1.572698174460269058e+02,-2.388077966686661284e+02,5.096687130634743880e+03,1.669638676300893394e+03
8.000000000000000167e-02,1.512754879379535566e+02,-1.940424306577588140e+02,4.588146618613661303e+03,2.342906484059812556e+03
8.999999999999999667e-02,1.447769203535218878e+02,-1.583707197712278116e+02,4.046980784490433052e+03,2.877657936263646661e+03
1.000000000000000056e-01,1.378692645143514994e+02,-1.293176791861348818e+02,3.484164156582203304e+03,3.291171228994869125e+03
1.100000000000000006e-01,1.306505991108796536e+02,-1.053091929247093930e+02,2.910792701881739504e+03,3.595222105685969836e+03
1.199999999999999956e-01,1.232197828363930654e+02,-8.529080728420397861e+01,2.337790852415374502e+03,3.799082566255367965e+03
1.300000000000000044e-01,1.156743570000835462e+02,-6.852278637339406941e+01,1.775631513462549037e+03,3.911072698748492712e+03
1.400000000000000133e-01,1.081085566722650810e+02,-5.446345297928688467e+01,1.234077669591726817e+03,3.939367869067338688e+03
1.499999999999999944e-01,1.006114825043395058e+02,-4.269973949374857369e+01,7.219532643893840032e+02,3.892392469277109740e+03
1.600000000000000033e-01,9.326547884278777190e+01,-3.290438883458003261e+01,2.469498303206448497e+02,3.778969716520197380e+03
1.700000000000000122e-01,8.614475588946139339e+01,-2.480889651545357211e+01,-1.845260625567618717e+02,3.608321304107660126e+03
1.799999999999999933e-01,7.931428476338079747e+01,-1.818610881578219107e+01,-5.674610278526890852e+02,3.389973064935979892e+03
1.900000000000000022e-01,7.282898473712322129e+01,-1.283893014008163469e+01,-8.982968870269538684e+02,3.133603011170263017e+03
2.000000000000000111e-01,6.673321201592415264e+01,-8.592988938646517028e+00,-1.174946294772031706e+03,2.848857073567435236e+03
2.099999999999999922e-01,6.106054956458875438e+01,-5.291910620364343565e+00,-1.396763385707259431e+03,2.545151260147033099e+03
2.200000000000000011e-01,5.583388801913475419e+01,-2.794319969898907630e+00,-1.564472379455566397e+03,2.231474643669529087e+03
2.300000000000000100e-01,5.106577897419330725e+01,-9.719866264964898139e-01,-1.680058437694621034e+03,1.916204472964072920e+03
2.399999999999999911e-01,4.675903420327958315e+01,2.912880465526216378e-01,-1.746626215276831090e+03,1.606942214177667438e+03
2.500000000000000000e-01,4.290753788865750096e+01,1.100323022459078981e+00,-1.768232450189323117e+03,1.310377171143724809e+03
2.600000000000000089e-01,3.949723389594164757e+01,1.548946413103638120e+00,-1.749699567261180164e+03,1.032182366593567394e+03
2.700000000000000178e-01,3.650724664917413520e+01,1.720260731755022920e+00,-1.696417613309771923e+03,7.769455290077685277e+02
2.800000000000000266e-01,3.391109230350166825e+01,1.686882034834356281e+00,-1.614141894218089874e+03,5.481363115006789712e+02
2.899999999999999800e-01,3.167793666848950096e+01,1.511218621284956543e+00,-1.508793456536497615e+03,3.481092825219183169e+02
2.999999999999999889e-01,2.977385763699523480e+01,1.245830579031697471e+00,-1.386269068040391403e+03,1.781407987635089967e+02
3.099999999999999978e-01,2.816307259666496776e+01,9.338924423673680142e-01,-1.252266633602842148e+03,3.849662766754494214e+01
3.200000000000000067e-01,2.680909526793494280e+01,6.097663182951116312e-01,-1.112131073403495748e+03,-7.147384221724246345e+01
3.300000000000000155e-01,2.567579140766733303e+01,2.996812620354821211e-01,-9.707246348921780736e+02,-1.532217580175673390e+02
3.400000000000000244e-01,2.472830859482008137e+01,2.250591045427328962e-02,-8.323244572622770647e+02,-2.088668244148354347e+02
3.500000000000000333e-01,2.393386160871655832e+01,-2.094049483317620974e-01,-7.005490086103106933e+02,-2.410549759695683747e+02
3.599999999999999867e-01,2.326236144945548290e+01,-3.893133614900475825e-01,-5.783138222804133193e+02,-2.528115212941186485e+02
3.699999999999999956e-01,2.268688256632034594e+01,-5.151764983798359232e-01,-4.678158184292483384e+02,-2.473953788683176640e+02
3.800000000000000044e-01,2.218396910178279668e+01,-5.887265435066713071e-01,-3.705444534261517902e+02,-2.281596074195287542e+02
3.900000000000000133e-01,2.173378669922412598e+01,-6.145776018921833561e-01,-2.873170309586234907e+02,-1.984228316284892628e+02
4.000000000000000222e-01,2.132013146875720722e+01,-5.993829007441285883e-01,-2.183347647179414821e+02,-1.613554125291630612e+02
4.100000000000000311e-01,2.093031190442624379e+01,-5.510624717299393849e-01,-1.632556248313711365e+02,-1.198833517198614800e+02
4.199999999999999845e-01,2.055492278885729363e+01,-4.781176729237551215e-01,-1.212796412365270129e+02,-7.661199218751275453e+01
4.299999999999999933e-01,2.018753234597383894e+01,-3.890446098786391471e-01,-9.124218020102381388e+01,-3.377062942777010335e+01
4.400000000000000022e-01,1.982430509317403988e+01,-2.918539854944731671e-01,-7.171074950755028965e+01,6.821783552394064642e+00
4.500000000000000111e-01,1.946358303053674277e+01,-1.937003782559850451e-01,-6.108110955969257105e+01,4.377052620409551764e+01
4.600000000000000200e-01,1.910544705609694915e+01,-1.006196263764742305e-01,-5.766885073450331589e+01,7.610006512598511108e+01
4.700000000000000289e-01,1.875127891818954140e+01,-1.736906197627854920e-02,-5.979311474995698461e+01,1.032322046758761189e+02
4.799999999999999822e-01,1.840334174195635697e+01,5.263805772320662851e-02,-6.584975830191733337e+01,1.249500857623104650e+02
4.899999999999999911e-01,1.806439435176167407e+01,1.073153250695675492e-01,-7.437194671146552594e+01,1.413510522762958885e+02
5.000000000000000000e-01,1.773735142141558541e+01,1.458165955485790921e-01,-8.407688873823909148e+01,1.527916122228102438e+02
5.100000000000000089e-01,1.742499809092200636e+01,1.683947502032143995e-01,-9.389814661611924862e+01,1.598277703978440911e+02
5.200000000000000178e-01,1.712976425926968460e+01,1.762210444691844902e-01,-1.030036454823775216e+02,1.631539102539967416e+02
5.300000000000000266e-01,1.685356045366569333e+01,1.711800977427233306e-01,-1.108001349620965783e+02,1.635431694576665507e+02
5.400000000000000355e-01,1.659767412502316120e+01,1.556547524608848376e-01,-1.169253986582661469e+02,1.617919067866396858e+02
5.500000000000000444e-01,1.636272254306027207e+01,1.323136569364902482e-01,-1.212299461147132860e+02,1.586704215993146647e+02
5.600000000000000533e-01,1.614865625100911473e+01,1.039126143953686687e-01,-1.237502439453849234e+02,1.548815878426250379e+02
5.700000000000000622e-01,1.595480534970047337e+01,7.311861512505765659e-02,-1.246757420184946739e+02,1.510285303274614819e+02
5.799999999999999600e-01,1.577995974403207491e+01,4.236315782755459280e-02,-1.243120267992537151e+02,1.475919294286943000e+02
5.899999999999999689e-01,1.562247390293754279e+01,1.372909701127788748e-02,-1.230423929577688682e+02,1.449170175709900263e+02
5.999999999999999778e-01,1.548038663147967675e+01,-1.112705530731968040e-02,-1.212899770872802776e+02,1.432098502663630768e+02
6.099999999999999867e-01,1.535154678153275398e+01,-3.101758702335789472e-02,-1.194823591314441558e+02,1.425420158574324319e+02
6.199999999999999956e-01,1.523373666724855902e+01,-4.523290182229380146e-02,-1.180202264872231979e+02,1.428626069058211101e+02
6.300000000000000044e-01,1.512478612018600721e+01,-5.352135438371490028e-02,-1.172513335371325951e+02,1.440160229225325565e+02
6.400000000000000133e-01,1.502267152448195375e+01,-5.604445655477036103e-02,-1.174505974242929227e+02,1.457640143946586306e+02
6.500000000000000222e-01,1.492559571877673719e+01,-5.331310263431842528e-02,-1.188067709761785125e+02,1.478103123562918597e+02
6.600000000000000311e-01,1.483204624417199469e+01,-4.611086281663124425e-02,-1.214157464066330476e+02,1.498262119222134743e+02
6.700000000000000400e-01,1.474083096779774493e+01,-3.541041839788982432e-02,-1.252801872700794661e+02,1.514755839104912809e+02
6.800000000000000488e-01,1.465109154132804470e+01,-2.228889767591745938e-02,-1.303148767021578465e+02,1.524379640938824707e+02
6.900000000000000577e-01,1.456229639821979305e+01,-7.847269205987539992e-03,-1.363569193659439520e+02,1.524286002432794476e+02
7.000000000000000666e-01,1.447421600357895066e+01,6.861878547253477852e-03,-1.431797509737529026e+02,1.512146067055644210e+02
7.099999999999999645e-01,1.438688381452560705e+01,2.089482644542676321e-02,-1.505097969836289735e+02,1.486266677243152685e+02
7.199999999999999734e-01,1.430054687229983479e+01,3.346320824365613816e-02,-1.580445813135685000e+02,1.445660271069064038e+02
7.299999999999999822e-01,1.421561013245790939e+01,4.396530089232032062e-02,-1.654711131893009508e+02,1.390067871818152128e+02
7.399999999999999911e-01,1.413257856392772283e+01,5.200197414030061083e-02,-1.724834687632364023e+02,1.319938000255052373e+02
7.500000000000000000e-01,1.405200074200331706e+01,5.737809028844226278e-02,-1.787986244112244663e+02,1.236366567766307867e+02
7.600000000000000089e-01,1.397441716535002776e+01,6.009093711627828960e-02,-1.841697790841132303e+02,1.141004574239174758e+02
7.700000000000000178e-01,1.390031589061501904e+01,6.030789128692693596e-02,-1.883966109143223093e+02,1.035941677873465494e+02
7.800000000000000266e-01,1.383009735190001166e+01,5.833592733711525508e-02,-1.913321350666897445e+02,9.235743975839331199e+01
7.900000000000000355e-01,1.376404946824369979e+01,5.458580324845559856e-02,-1.928860523964748097e+02,8.064678561741096985e+01
8.000000000000000444e-01,1.370233338991016758e+01,4.953377450068125604e-02,-1.930246895474678297e+02,6.872196071327050504e+01
8.100000000000000533e-01,1.364497953798175800e+01,4.368353227766166857e-02,-1.917678198918485180e+02,5.683332682551400694e+01
8.200000000000000622e-01,1.359189298841235427e+01,3.753075493628901110e-02,-1.891828123541727678e+02,4.521084904866949472e+01
8.300000000000000711e-01,1.354286676924857247e+01,3.153223837849224859e-02,-1.853766751650690594e+02,3.405523145836321675e+01
8.399999999999999689e-01,1.349760129623315130e+01,2.608106807549558787e-02,-1.804866399637231211e+02,2.353153144818355713e+01
8.499999999999999778e-01,1.345572797538330434e+01,2.148875213705924922e-02,-1.746699669897245712e+02,1.376542004768974081e+01
8.599999999999999867e-01,1.341683494952676980e+01,1.797468893585891375e-02,-1.680936454327770093e+02,4.842086007589878172e+00
8.699999999999999956e-01,1.338049304846828491e+01,1.566282906730311064e-02,-1.609246176640889132e+02,-3.192375631723010976e+00
8.800000000000000044e-01,1.334628020127990133e+01,1.458493940365284021e-02,-1.533210773119805879e+02,-1.032738630960435344e+01
8.900000000000000133e-01,1.331380286028258375e+01,1.468950969836047178e-02,-1.454252857443966889e+02,-1.658252348464160519e+01
9.000000000000000222e-01,1.328271334199132170e+01,1.585507517943148328e-02,-1.373582273117050931e+02,-2.200086059579972897e+01
9.100000000000000311e-01,1.325272238132129843e+01,1.790656958455446104e-02,-1.292162890644756601e+02,-2.664153551678038312e+01
9.200000000000000400e-01,1.322360659270299976e+01,2.063327221046002552e-02,-1.210700140239076035e+02,-3.057208584849656319e+01
9.300000000000000488e-01,1.319521090858482815e+01,2.380696279315880348e-02,-1.129648464562204708e+02,-3.386106712730357060e+01
9.400000000000000577e-01,1.316744639898652380e+01,2.719903639491665776e-02,-1.049236701525429680e+02,-3.657141856770332566e+01
9.500000000000000666e-01,1.314028414709983572e+01,3.059553924189354832e-02,-9.695084241576462603e+01,-3.875496510577379894e+01
9.599999999999999645e-01,1.311374605293892159e+01,3.380934477513784786e-02,-8.903735182342217058e+01,-4.044835015390159327e+01
9.699999999999999734e-01,1.308789355334285887e+01,3.668897466999598150e-02,-8.116667976748126989e+01,-4.167058720453588450e+01
9.799999999999999822e-01,1.306281528188828567e+01,3.912385996336335825e-02,-7.332092547682752581e+01,-4.242230710029534890e+01
9.899999999999999911e-01,1.303861465172883882e+01,4.104611202155006300e-02,-6.548676125985605267e+01,-4.268666816929956553e+01
1.000000000000000000e+00,1.301539823808539253e+01,4.242911406703820526e-02,-5.766081708325394573e+01,-4.243179476375010495e+01
1.010000000000000009e+00,1.299326567883989370e+01,4.328343742348141759e-02,-4.985414801788179773e+01,-4.161452147404793322e+01
1.020000000000000018e+00,1.297230161770682955e+01,4.365072313265795645e-02,-4.209551015549765651e+01,-4.018514977964608192e+01
1.030000000000000027e+00,1.295257000220538757e+01,4.359624459320576850e-02,-3.443325519492287867e+01,-3.809287423857367827e+01
1.040000000000000036e+00,1.293411083542495810e+01,4.320088062132217133e-02,-2.693574545344628746e+01,-3.529150824202632464e+01
1.050000000000000044e+00,1.291693928229079091e+01,4.255318551838439822e-02,-1.969028393441472602e+01,-3.174513521502049329e+01
1.060000000000000053e+00,1.290104686122021604e+01,4.174215179822952232e-02,-1.280064287058121941e+01,-2.743332894874915695e+01
1.070000000000000062e+00,1.288640432102604017e+01,4.085113351007221144e-02,-6.383353993128747739e+00,-2.235562432883119044e+01
1.080000000000000071e+00,1.287296571725586425e+01,3.995324677656919565e-02,-5.629905554823628755e-01,-1.653497389457552202e+01
1.090000000000000080e+00,1.286067316448156994e+01,3.910840318766701379e-02,4.533278256344523527e+00,-1.001999247755505351e+01
1.100000000000000089e+00,1.284946175011951830e+01,3.836197465250640315e-02,8.781547503921398601e+00,-2.885867171425426037e+00
1.110000000000000098e+00,1.283926414638980695e+01,3.774494748515744985e-02,1.206712495390288886e+01,4.766111593792048851e+00
1.120000000000000107e+00,1.283001454229884430e+01,3.727530898393736219e-02,1.429024706798006328e+01,1.281036467730933381e+01
1.130000000000000115e+00,1.282165162717797813e+01,3.696032885161763815e-02,1.537126490942245738e+01,2.110007933502843613e+01
1.140000000000000124e+00,1.281412048018993133e+01,3.679935459322662000e-02,1.525504081923605604e+01,2.947133672780888958e+01
1.150000000000000133e+00,1.280737334485263190e+01,3.678673529388234997e-02,1.391434755713177651e+01,3.774809307980658701e+01
1.159999999999999920e+00,1.280136938314453765e+01,3.691451950003750426e-02,1.135212131562792059e+01,4.574775943629073538e+01
1.169999999999999929e+00,1.279607360067889488e+01,3.717463505226200476e-02,7.602484790471483400e+00,5.328710428342128580e+01
1.179999999999999938e+00,1.279145520539123737e+01,3.756034412792371574e-02,2.730522444753095801e+00,6.018819850922778159e+01
1.189999999999999947e+00,1.278748570238539095e+01,3.806686637562432807e-02,-3.169146492926423697e+00,6.628413268052800333e+01
1.199999999999999956e+00,1.278413703508192967e+01,3.869116703656487466e-02,-9.974894278669873771e+00,7.142426093066009685e+01
1.209999999999999964e+00,1.278138005855333681e+01,3.943100560595245996e-02,-1.754155842892651052e+01,7.547876174378198755e+01
1.219999999999999973e+00,1.277918357854386500e+01,4.028342501193835079e-02,-2.570467354962568152e+01,7.834235089153588660e+01
1.229999999999999982e+00,1.277751411508862667e+01,4.124292416949952578e-02,-3.428524638944792713e+01,7.993703268185613808e+01
1.239999999999999991e+00,1.277633646053104322e+01,4.229959290173550268e-02,-4.309484696770125822e+01,8.021382931308984610e+01
1.250000000000000000e+00,1.277561500679554030e+01,4.343749489346074993e-02,-5.194078920762406426e+01,7.915348131837187395e+01
1.260000000000000009e+00,1.277531572501886004e+01,4.463356147209376901e-02,-6.063118711963358720e+01,7.676616187837261407e+01
1.270000000000000018e+00,1.277540860062938499e+01,4.585720910380503695e-02,-6.897969571923655963e+01,7.309029159063773307e+01
1.280000000000000027e+00,1.277587026609254117e+01,4.707082138214175454e-02,-7.680977750752396105e+01,6.819057602729401424e+01
1.290000000000000036e+00,1.277668653745720206e+01,4.823114869087577472e-02,-8.395837309424344141e+01,6.215541460023855080e+01
1.300000000000000044e+00,1.277785455299538064e+01,4.929158366780144601e-02,-9.027889579938636189e+01,5.509384504176355080e+01
1.310000000000000053e+00,1.277938423361110942e+01,5.020517673318915242e-02,-9.564351217669612026e+01,4.713219301728200605e+01
1.320000000000000062e+00,1.278129883376567655e+01,5.092817183240018475e-02,-9.994471081944647040e+01,3.841059146893227449e+01
1.330000000000000071e+00,1.278363442449266252e+01,5.142377593298630423e-02,-1.030961982467090081e+02,2.907952027182318844e+01
1.340000000000000080e+00,1.278643824066286960e+01,5.166583303002317273e-02,-1.050331912130934029e+02,1.929649517879607146e+01
1.350000000000000089e+00,1.278976592543370217e+01,5.164205880446927355e-02,-1.057121979903707114e+02,9.223007713055192625e+00
1.360000000000000098e+00,1.279367780724695614e+01,5.135650768090779805e-02,-1.051103961183025035e+02,-9.782132432010515188e-01
1.370000000000000107e+00,1.279823444001544175e+01,5.083098936703875359e-02,-1.032247204539094838e+02,-1.114557970620238869e+01
1.380000000000000115e+00,1.280349171689558219e+01,5.010522406635554288e-02,-1.000707732532072356e+02,-2.112065572662661239e+01
1.390000000000000124e+00,1.280949592503150036e+01,4.923561919809225224e-02,-9.568165819949037143e+01,-3.074982311433253201e+01
1.400000000000000133e+00,1.281627913734443602e+01,4.829265851495728734e-02,-9.010682389624398070e+01,-3.988564759151608996e+01
1.409999999999999920e+00,1.282385533448071513e+01,4.735700851873175798e-02,-8.341098087672408212e+01,-4.838800943003187882e+01
1.419999999999999929e+00,1.283221761455492427e+01,4.651455789049468992e-02,-7.567313140350488254e+01,-5.612507400098134269e+01
1.429999999999999938e+00,1.284133678205974505e+01,4.585070415478399025e-02,-6.698572513260467076e+01,-6.297418173622169490e+01
1.439999999999999947e+00,1.285116151449045674e+01,4.544427960917803849e-02,-5.745392800729438676e+01,-6.882273379690560944e+01
1.449999999999999956e+00,1.286162019230200038e+01,4.536155871157823011e-02,-4.719496833687084347e+01,-7.356913975026617436e+01
1.459999999999999964e+00,1.287262435299321695e+01,4.565080665161157930e-02,-3.633750451248399571e+01,-7.712387767603506461e+01
1.469999999999999973e+00,1.288407360277153302e+01,4.633781117908394864e-02,-2.502094452983373074e+01,-7.941069661033179727e+01
1.479999999999999982e+00,1.289586169923299686e+01,4.742278702305845195e-02,-1.339463937981329700e+01,-8.036796760328351752e+01
1.489999999999999991e+00,1.290788341535344763e+01,4.887895722902495244e-02,-1.616870977853142932e+00,-7.995016459891500915e+01
1.500000000000000000e+00,1.292004171736884111e+01,5.065300384867758160e-02,1.014643925305709438e+01,-7.812943158653136777e+01
1.510000000000000009e+00,1.293225474367300798e+01,5.266744923210836538e-02,2.172336306097030700e+01,-7.489716972557137353e+01
1.520000000000000018e+00,1.294446206327624260e+01,5.482488798152877763e-02,3.293798343176814569e+01,-7.026555897546934659e+01
1.530000000000000027e+00,1.295662972259288459e+01,5.701384874780559414e-02,4.361281961812806429e+01,-6.426891450698275321e+01
1.540000000000000036e+00,1.296875365743949970e+01,5.911593508772029076e-02,5.357165472522082439e+01,-5.696476987194087371e+01
1.550000000000000044e+00,1.298086114934035784e+01,6.101378564967328139e-02,6.264273357971767808e+01,-4.843457725265077585e+01
1.560000000000000053e+00,1.299301013510926595e+01,6.259931485121179862e-02,7.066227050275307420e+01,-3.878392040342218650e+01
1.570000000000000062e+00,1.300528632751532676e+01,6.378165282718553653e-02,7.747817993332014908e+01,-2.814214804173036200e+01
1.580000000000000071e+00,1.301779826229170034e+01,6.449420212685952336e-02,8.295391920364104976e+01,-1.666135396621000453e+01
1.590000000000000080e+00,1.303067054151837034e+01,6.470026988133903423e-02,8.697231359190938349e+01,-4.514654238283669407e+00
1.600000000000000089e+00,1.304403568407031955e+01,6.439681632973101588e-02,8.943922027715456124e+01,8.106259778030304730e+00
1.610000000000000098e+00,1.305802510963988183e+01,6.361597901709867275e-02,9.028688090833830415e+01,2.099428225311967822e+01
1.620000000000000107e+00,1.307275986458193806e+01,6.242417921130059139e-02,8.947681274895386139e+01,3.393072441213804780e+01
1.630000000000000115e+00,1.308834173846780757e+01,6.091878336678532846e-02,8.700209597799029382e+01,4.668974080136927540e+01
1.640000000000000124e+00,1.310484541552392024e+01,5.922246636299451777e-02,8.288892955434087639e+01,5.904324345022741483e+01
1.650000000000000133e+00,1.312231225398437928e+01,5.747559245234577785e-02,7.719734955968213796e+01,7.076616956418487803e+01
1.660000000000000142e+00,1.314074619103517172e+01,5.582708204040071759e-02,7.002103126755990559e+01,8.164194568064206692e+01
1.669999999999999929e+00,1.316011213694940984e+01,5.442435613202967204e-02,6.148612819935763696e+01,9.146797451718441607e+01
1.679999999999999938e+00,1.318033705762336005e+01,5.340303577139803026e-02,5.174913674643580919e+01,1.000609609511569147e+02
1.689999999999999947e+00,1.320131376085069341e+01,5.287711380191475324e-02,4.099381202463172968e+01,1.072618912833836475e+02
1.699999999999999956e+00,1.322290721084621445e+01,5.293030653970293847e-02,2.942719785581996561e+01,1.129404854053598086e+02
1.709999999999999964e+00,1.324496301113107322e+01,5.360923268662954461e-02,1.727486950156770718e+01,1.169989546040170012e+02
1.719999999999999973e+00,1.326731753122027868e+01,5.491895877702938217e-02,4.775520428235367376e+00,1.193749180523789732e+02
1.729999999999999982e+00,1.328980901988349927e+01,5.682130090060361072e-02,-7.824947483793520675e+00,1.200433577781639087e+02
1.739999999999999991e+00,1.331228895742856366e+01,5.923609073934073960e-02,-2.027964851061474505e+01,1.190175240223020552e+02
1.750000000000000000e+00,1.333463285912116270e+01,6.204541200518749050e-02,-3.234705506483235382e+01,1.163487391079028583e+02
1.760000000000000009e+00,1.335674975581860302e+01,6.510060483919255514e-02,-4.379725159909650500e+01,1.121250867745078068e+02
1.770000000000000018e+00,1.337858964675930906e+01,6.823163514956651077e-02,-5.441789470030914799e+01,1.064690138193003719e+02
1.780000000000000027e+00,1.340014833996016819e+01,7.125824758608068077e-02,-6.401968132294769021e+01,9.953391021141570150e+01
1.790000000000000036e+00,1.342146926084533298e+01,7.400217806130497677e-02,-7.244114244799482094e+01,9.149977102002326035e+01
1.800000000000000044e+00,1.344264200924798658e+01,7.629960549366222866e-02,-7.955260186209228834e+01,8.256807702758756307e+01
1.810000000000000053e+00,1.346379766577254777e+01,7.801298085865682186e-02,-8.525916835563847940e+01,7.295605944778507990e+01
1.820000000000000062e+00,1.348510107580862538e+01,7.904138917764204353e-02,-8.950266331663672759e+01,6.289053660257577150e+01
1.830000000000000071e+00,1.350674055751087543e+01,7.932867721333047850e-02,-9.226242312802125412e+01,5.260152585706165240e+01
1.840000000000000080e+00,1.352891567328217448e+01,7.886871268406417390e-02,-9.355495549588960102e+01,4.231584197136203329e+01
1.850000000000000089e+00,1.355182385850313587e+01,7.770732204926127096e-02,-9.343246929829351188e+01,3.225089301915760132e+01
1.860000000000000098e+00,1.357564680455794104e+01,7.594067207168042621e-02,-9.198033718372384726e+01,2.260887716992061414e+01
1.870000000000000107e+00,1.360053753695477141e+01,7.371010125528065782e-02,-8.931358744353875068e+01,1.357156827250935827e+01
1.880000000000000115e+00,1.362660910878479825e+01,7.119365474113012460e-02,-8.557255521534094100e+01,5.295855940184452493e+00
1.890000000000000124e+00,1.365392574450887686e+01,6.859481326224645126e-02,-8.091785158516832155e+01,-2.089822386353052508e+00
1.900000000000000133e+00,1.368249712320191769e+01,6.612911651329038409e-02,-7.552483159203495688e+01,-8.488053012294443533e+00
1.910000000000000142e+00,1.371227629234416767e+01,6.400954841469246037e-02,-6.957775769077288430e+01,-1.383395347369540040e+01
1.919999999999999929e+00,1.374316146531032956e+01,6.243166341191799806e-02,-6.326386336429067114e+01,-1.809558701565516614e+01
1.929999999999999938e+00,1.377500169326388324e+01,6.155947981226475574e-02,-5.676752205214977920e+01,-2.127329460282981088e+01
1.939999999999999947e+00,1.380760613274004811e+01,6.151314312430453124e-02,-5.026471943485566385e+01,-2.339799360503436887e+01
1.949999999999999956e+00,1.384075637228857225e+01,6.235926903189432935e-02,-4.391801273127305194e+01,-2.452852859295699162e+01
1.959999999999999964e+00,1.387422105336191969e+01,6.410471647015632268e-02,-3.787213965526162696e+01,-2.474819230603318232e+01
1.969999999999999973e+00,1.390777183883846391e+01,6.669432542011159704e-02,-3.225041291123841347e+01,-2.416056261761650248e+01
1.979999999999999982e+00,1.394119966108649500e+01,7.001289482718872637e-02,-2.715200467398416961e+01,-2.288482322295092430e+01
1.989999999999999991e+00,1.397433013044534178e+01,7.389139017442410140e-02,-2.265019065129082421e+01,-2.105075105105149547e+01
2.000000000000000000e+00,1.400703700998484358e+01,7.811707671456770419e-02,-1.879158644282387058e+01,-1.879356155434191678e+01
2.010000000000000231e+00,1.403925276387023402e+01,8.244699326362274483e-02,-1.559637142249619757e+01,-1.624880384244752562e+01
2.020000000000000018e+00,1.407097535980793523e+01,8.662393257011875847e-02,-1.305945872957883935e+01,-1.354749116811529497e+01
2.030000000000000249e+00,1.410227074099851308e+01,9.039389572918296589e-02,-1.115253555154769849e+01,-1.081163889422002100e+01
2.040000000000000036e+00,1.413327066535186383e+01,9.352385508402329128e-02,-9.826867012004612434e+00,-8.150362386477940646e+00
2.049999999999999822e+00,1.416416592132711472e+01,9.581860364584932066e-02,-9.016730779982918165e+00,-5.656662140433113883e+00
2.060000000000000053e+00,1.419519525000465165e+01,9.713549540484067712e-02,-8.643328936658397410e+00,-3.404993919828319004e+00
2.069999999999999840e+00,1.422663061005434137e+01,9.739599061873197017e-02,-8.619009384750025760e+00,-1.449688972148596822e+00
2.080000000000000071e+00,1.425875969457525017e+01,9.659310815263344452e-02,-8.851621620347978947e+00,1.757451786395505811e-01
2.089999999999999858e+00,1.429186682655891438e+01,9.479414257408300126e-02,-9.248831189350653403e+00,1.458447900568586419e+00
2.100000000000000089e+00,1.432621350634501844e+01,9.213831139051693875e-02,-9.722223526486441614e+00,2.405191250127777014e+00
2.109999999999999876e+00,1.436201994767659507e+01,8.882933792847221011e-02,-1.019104075840378165e+01,3.040598952967163981e+00
2.120000000000000107e+00,1.439944891196174126e+01,8.512332546547654588e-02,-1.058541382420793120e+01,3.404697553737455085e+00
2.129999999999999893e+00,1.443859303224661694e+01,8.131261455565312601e-02,-1.084897608147931436e+01,3.549922620105041560e+00
2.140000000000000124e+00,1.447946661455532080e+01,7.770661449570627488e-02,-1.094077238770336180e+01,3.537721386013503722e+00
2.149999999999999911e+00,1.452200262605591696e+01,7.461083987046682187e-02,-1.083640829456709298e+01,3.434905676474550251e+00
2.160000000000000142e+00,1.456605524380280237e+01,7.230554580044601387e-02,-1.052841618756452036e+01,3.309914980379921712e+00
2.169999999999999929e+00,1.461140796587102031e+01,7.102542733553132703e-02,-1.002584762410916852e+01,3.229149004317372285e+00
2.180000000000000160e+00,1.465778690294953890e+01,7.094182165574856869e-02,-9.353132459121992426e+00,3.253522091875750366e+00
2.189999999999999947e+00,1.470487849886638188e+01,7.214872512322124953e-02,-8.548274351546202965e+00,3.435378930507699380e+00
2.200000000000000178e+00,1.475235059887662104e+01,7.465371634030255887e-02,-7.660477786947742729e+00,3.815892631314899752e+00
2.209999999999999964e+00,1.479987551871398388e+01,7.837457339029041403e-02,-6.747322858751881647e+00,4.423043404875377504e+00
2.220000000000000195e+00,1.484715358563319931e+01,8.314200654017510350e-02,-5.871619950091189644e+00,5.270249688333731974e+00
2.229999999999999982e+00,1.489393554008044873e+01,8.870851997554818347e-02,-5.098086603208725975e+00,6.355694851756908292e+00
2.240000000000000213e+00,1.494004221205846150e+01,9.476299423807788003e-02,-4.489992953915362683e+00,7.662362748483728225e+00
2.250000000000000000e+00,1.498538002143633463e+01,1.009501733753258301e-01,-4.105920100011545060e+00,9.158765622870753020e+00
2.260000000000000231e+00,1.502995109069805402e+01,1.068938757562147290e-01,-3.996767873162140106e+00,1.080031946967141820e+01
2.270000000000000018e+00,1.507385708895011511e+01,1.122224514184671784e-01,-4.203135141866253477e+00,1.253129599401551886e+01
2.280000000000000249e+00,1.511729632781527854e+01,1.165948042108438942e-01,-4.753177654419449283e+00,1.428725786629003913e+01
2.290000000000000036e+00,1.516055407801569288e+01,1.197252008817147606e-01,-5.661026385873094924e+00,1.599786585325345989e+01
2.300000000000000266e+00,1.520398654090804236e+01,1.214051118205780044e-01,-6.925824378583363305e+00,1.758993328819837032e+01
2.310000000000000053e+00,1.524799936075561568e+01,1.215204718104090642e-01,-8.531413259603082722e+00,1.899059564952097290e+01
2.319999999999999840e+00,1.529302196980686546e+01,1.200630081642745234e-01,-1.044667312998234898e+01,2.013046094347425097e+01
2.330000000000000071e+00,1.533947939002839078e+01,1.171346442317958841e-01,-1.262649250373080179e+01,2.094661008878190600e+01
2.339999999999999858e+00,1.538776334743375251e+01,1.129444273322074560e-01,-1.501331953418967657e+01,2.138532530174667912e+01
2.350000000000000089e+00,1.543820466809911274e+01,1.077979243848229546e-01,-1.753922291701745806e+01,2.140443808892543842e+01
2.359999999999999876e+00,1.549104890733399031e+01,1.020795440100866619e-01,-2.012837148284626920e+01,2.097520618964347960e+01
2.370000000000000107e+00,1.554643701172062897e+01,9.622874627904555445e-02,-2.269982630239273291e+01,2.008364983622483635e+01
2.379999999999999893e+00,1.560439253347800204e+01,9.071155591219511038e-02,-2.517052864219565222e+01,1.873130106335619516e+01
2.390000000000000124e+00,1.566481652238373101e+01,8.598916892811407642e-02,-2.745836163930322016e+01,1.693534447450857172e+01
2.399999999999999911e+00,1.572749073506978768e+01,8.248570818568912166e-02,-2.948516319893489879e+01,1.472815281094509210e+01
2.410000000000000142e+00,1.579208925464497071e+01,8.055731799216164779e-02,-3.117957223523237786e+01,1.215624483435632186e+01
2.419999999999999929e+00,1.585819804025082469e+01,8.046477807728499854e-02,-3.247959964200248351e+01,9.278715456584247789e+00
2.430000000000000160e+00,1.592534136433166303e+01,8.235165816566483721e-02,-3.333482878389766313e+01,6.165207859853772732e+00
2.439999999999999947e+00,1.599301358367834425e+01,8.622973144793427691e-02,-3.370816716802424651e+01,2.893513814667632023e+00
2.450000000000000178e+00,1.606071426528932733e+01,9.197293370399693690e-02,-3.357709049759726128e+01,-4.530990513220808369e-01
2.459999999999999964e+00,1.612798438185159000e+01,9.932061916452063211e-02,-3.293434164360838423e+01,-3.788726041453403415e+00
2.470000000000000195e+00,1.619444112941022240e+01,1.078902568335784878e-01,-3.178806927305854657e+01,-7.027719510094663669e+00
2.479999999999999982e+00,1.625980891801569328e+01,1.171990703973587039e-01,-3.016141301427599331e+01,-1.008752836653989959e+01
2.490000000000000213e+00,1.632394425104995150e+01,1.266934931492305905e-01,-2.809156322753013058e+01,-1.289137811988287652e+01
2.500000000000000000e+00,1.638685253577611434e+01,1.357847296883685217e-01,-2.562834286055949562e+01,-1.537069570110037731e+01
2.510000000000000231e+00,1.644869534058384630e+01,1.438882297457791115e-01,-2.283237578538664181e+01,-1.746719584702839256e+01
2.520000000000000018e+00,1.650978720712774361e+01,1.504645229005364959e-01,-1.977291984635230193e+01,-1.913456122083487543e+01
2.530000000000000249e+00,1.657058180272746029e+01,1.550586653851626084e-01,-1.652545316038331080e+01,-2.033966595529899735e+01
2.540000000000000036e+00,1.663164791761683858e+01,1.573355313008812650e-01,-1.316910872133084531e+01,-2.106331116122337832e+01
2.550000000000000266e+00,1.669363652601791159e+01,1.571083487928058298e-01,-9.784054959065047186e+00,-2.130046034344586658e+01
2.560000000000000053e+00,1.675724079117773258e+01,1.543582332683409164e-01,-6.448918642663612921e+00,-2.105998182262527862e+01
2.569999999999999840e+00,1.682315145569507919e+01,1.492429883288761694e-01,-3.238341600995114256e+00,-2.036392342768208508e+01
2.580000000000000071e+00,1.689201047776773379e+01,1.420941026321488887e-01,-2.207545069526535286e-01,-1.924636122964600560e+01
2.589999999999999858e+00,1.696436601730754745e+01,1.334016288776868897e-01,2.543560105611048172e+00,-1.775187835792397095e+01
2.600000000000000089e+00,1.704063191949190426e+01,1.237874426966827923e-01,5.004056797179676330e+00,-1.593374151576190911e+01
2.609999999999999876e+00,1.712105467591706542e+01,1.139681921141430798e-01,7.121124407311556048e+00,-1.385185136290508900e+01
2.620000000000000107e+00,1.720569046739165131e+01,1.047100078758501224e-01,8.866863801661841293e+00,-1.157054826573247119e+01
2.629999999999999893e+00,1.729439432388262077e+01,9.677769802112957953e-02,1.022543495015730031e+01,-9.156356970346868351e+00
2.640000000000000124e+00,1.738682270604035907e+01,9.088164823130356895e-02,1.119297825799940505e+01,-6.675752605320029787e+00
2.649999999999999911e+00,1.748244996101349358e+01,8.762595256557426104e-02,1.177713034112158219e+01,-4.193026262091660961e+00
2.660000000000000142e+00,1.758059818466020019e+01,8.746137835578007835e-02,1.199616829072568791e+01,-1.768321532726442102e+00
2.669999999999999929e+00,1.768047909131780315e+01,9.064660906281744868e-02,1.187782845626504269e+01,5.440958045961280520e-01
2.680000000000000160e+00,1.778124561277322258e+01,9.722080981801024813e-02,1.145785553715474769e+01,2.697283816233086551e+00
2.689999999999999947e+00,1.788205018103635879e+01,1.069899380647741927e-01,1.077834505873737214e+01,4.652747441065989698e+00
2.700000000000000178e+00,1.798210605123924566e+01,1.195284075565495457e-01,9.885946972888971729e+00,6.381213052269273156e+00
2.709999999999999964e+00,1.808074763907784899e+01,1.341967534249737803e-01,8.830000129272844944e+00,7.863042655560702698e+00
2.720000000000000195e+00,1.817748571711053174e+01,1.501748962908917018e-01,7.660666771343545456e+00,9.088289195532562204e+00
2.729999999999999982e+00,1.827205345632713218e+01,1.665095301030656283e-01,6.427133175137884180e+00,1.005640714120733392e+01
2.740000000000000213e+00,1.836443971707867817e+01,1.821731317469450218e-01,5.175937301852678196e+00,1.077564413183537440e+01
2.750000000000000000e+00,1.845490667207864632e+01,1.961311808053315120e-01,3.949477176280810742e+00,1.126214962744225190e+01
2.760000000000000231e+00,1.854398975128209770e+01,2.074134510647644702e-01,2.784744981908227501e+00,1.153884494134271499e+01
2.770000000000000018e+00,1.863247898501997923e+01,2.151847483921466020e-01,1.712321963897504462e+00,1.163410552688560706e+01
2.780000000000000249e+00,1.872138202473904300e+01,2.188102663421396810e-01,7.556585557809292197e-01,1.158031082068073303e+01
2.790000000000000036e+00,1.881187036638483789e+01,2.179108386748727921e-01,-6.934689988071651712e-02,1.141231926044505229e+01
2.800000000000000266e+00,1.890521150986760901e+01,2.124037952020880748e-01,-7.544684876966867293e-01,1.116592632291698095e+01
2.810000000000000053e+00,1.900269087775273036e+01,2.025258619111825753e-01,-1.298980388738596226e+00,1.087636166002293692e+01
2.819999999999999840e+00,1.910552820969537891e+01,1.888355553902214268e-01,-1.709210051906519201e+00,1.057687780422890178e+01
2.830000000000000071e+00,1.921479377755200346e+01,1.721937529656953902e-01,-1.997843902096128943e+00,1.029747767273669190e+01
2.839999999999999858e+00,1.933133007474545906e+01,1.537225044214151071e-01,-2.183020213472071980e+00,1.006382147216513090e+01
2.850000000000000089e+00,1.945568458555122504e+01,1.347436060728920137e-01,-2.287249905815031958e+00,9.896345868710453075e+00
2.859999999999999876e+00,1.958805881996838494e+01,1.166998920100955350e-01,-2.336210551681852987e+00,9.809619741973094165e+00
2.870000000000000107e+00,1.972827801546498705e+01,1.010635159148616513e-01,-2.357461732252851494e+00,9.811951792307537445e+00
2.879999999999999893e+00,1.987578478975467533e+01,8.923660806641030285e-02,-2.379131025579037217e+00,9.905256030906253173e+00
2.890000000000000124e+00,2.002965863352531883e+01,8.245051266217684471e-02,-2.428619380368611136e+00,1.008517204981817628e+01
2.899999999999999911e+00,2.018866153403097741e+01,8.167027146320574027e-02,-2.531372498182266728e+00,1.034142823051150906e+01
2.910000000000000142e+00,2.035130831192514478e+01,8.751107154175755132e-02,-2.709761237850025317e+00,1.065842796611410392e+01
2.919999999999999929e+00,2.051595853879909370e+01,1.001729916440961959e-01,-2.982109127817014205e+00,1.101603177681710655e+01
2.930000000000000160e+00,2.068092529164500348e+01,1.193995638381604718e-01,-3.361899017620435970e+00,1.139050208899500127e+01
2.939999999999999947e+00,2.084459460219154892e+01,1.444644428182334239e-01,-3.857183938063371897e+00,1.175557258758070489e+01
2.950000000000000178e+00,2.100554837540127195e+01,1.741888999029036766e-01,-4.470219610206729755e+00,1.208360055882215711e+01
2.959999999999999964e+00,2.116268286958089107e+01,2.069910130005961635e-01,-5.197327998711205765e+00,1.234675859498625172e+01
2.970000000000000195e+00,2.131531461712507891e+01,2.409654096727886496e-01,-6.028993104560495198e+00,1.251822146873063879e+01
2.979999999999999982e+00,2.146326596063667225e+01,2.739903560991217568e-01,-6.950182094810221756e+00,1.257330489413397068e+01
2.990000000000000213e+00,2.160692319510127390e+01,3.038569980740335463e-01,-7.940877124898296557e+00,1.249051522255721558e+01
3.000000000000000000e+00,2.174726162208114744e+01,3.284137811691224540e-01,-8.976796061013725847e+00,1.225247278251534766e+01
3.010000000000000231e+00,2.188583358341023200e+01,3.457176301769608329e-01,-1.003027397525939790e+01,1.184667643324267949e+01
3.020000000000000018e+00,2.202471766582481294e+01,3.541824635183526415e-01,-1.107127195862537405e+01,1.126608279657728140e+01
3.030000000000000249e+00,2.216642964344930533e+01,3.527151458578495213e-01,-1.206847563909495946e+01,1.050948036577579359e+01
3.040000000000000036e+00,2.231379821943341568e+01,3.408291033700692751e-01,-1.299044293200688571e+01,9.581646042390090656e+00
3.050000000000000266e+00,2.246981109389110287e+01,3.187265695885960204e-01,-1.380675907513956346e+01,8.493279383756632939e+00
3.060000000000000053e+00,2.263743916862025785e+01,2.873417877603508530e-01,-1.448915695744459242e+01,7.260717701901632459e+00
3.070000000000000284e+00,2.281944864827832475e+01,2.483394224526238314e-01,-1.501256213914596671e+01,5.905442882445316677e+00
3.080000000000000071e+00,2.301821227281349991e+01,2.040648460468151848e-01,-1.535602473807979962e+01,4.453398134518711693e+00
3.089999999999999858e+00,2.323553179775128896e+01,1.574457478636163144e-01,-1.550350443414589208e+01,2.934139595086143970e+00
3.100000000000000089e+00,2.347248403706552722e+01,1.118475193115660432e-01,-1.544448008933218830e+01,1.379853566715794733e+00
3.109999999999999876e+00,2.372930224327530624e+01,7.088793027723686024e-02,-1.517436172432721264e+01,-1.757250344741816961e-01
3.120000000000000107e+00,2.400530330745849383e+01,3.821954977042509721e-02,-1.469468962885829200e+01,-1.698453873009206472e+00
3.129999999999999893e+00,2.429886924824187844e+01,1.729099452250988309e-02,-1.401311297737426642e+01,-3.154942668672918504e+00
3.140000000000000124e+00,2.460748879802264710e+01,1.110023750308849512e-02,-1.314314821856032545e+01,-4.513688819221056470e+00
3.149999999999999911e+00,2.492786170342667162e+01,2.195471730910101074e-02,-1.210372543675139312e+01,-5.746147750693063827e+00
3.160000000000000142e+00,2.525606478963880974e+01,5.125373079031745466e-02,-1.091853857093478020e+01,-6.827698758251777633e+00
3.169999999999999929e+00,2.558777507958360786e+01,9.930847427660360882e-02,-9.615222552286896374e+00,-7.738470694130858085e+00
3.180000000000000160e+00,2.591854151521388516e+01,1.652140771715881751e-01,-8.224386827186165760e+00,-8.463996752239179244e+00
3.189999999999999947e+00,2.624409331614854679e+01,2.467860488268995567e-01,-6.778540135206255535e+00,-8.995673633537982994e+00
3.200000000000000178e+00,2.656066994602063858e+01,3.405707906989891010e-01,-5.310945607796106138e+00,-9.331007352456648363e+00
3.209999999999999964e+00,2.686535524084136739e+01,4.419363172592670752e-01,-3.854448079316115106e+00,-9.473635626040980640e+00
3.220000000000000195e+00,2.715639666226935489e+01,5.452452351463512592e-01,-2.440316839498571255e+00,-9.433124909211723974e+00
3.229999999999999982e+00,2.743349001059871028e+01,6.441075461024919901e-01,-1.097146837639799699e+00,-9.224548416377071902e+00
3.240000000000000213e+00,2.769801035952270141e+01,7.317061931029418265e-01,1.501404395407877068e-01,-8.867859606259843375e+00
3.250000000000000000e+00,2.795317149514032096e+01,8.011837095859368763e-01,1.281158510089015268e+00,-8.387083307608456550e+00
3.260000000000000231e+00,2.820409873429328584e+01,8.460741157630109477e-01,2.280746697928264233e+00,-7.809353643302787695e+00
3.270000000000000018e+00,2.845780358079937145e+01,8.607605847688959422e-01,3.139463055546565684e+00,-7.163833904871496294e+00
3.280000000000000249e+00,2.872305311246550374e+01,8.409366060280618616e-01,3.853859373562139368e+00,-6.480558304922986679e+00
3.290000000000000036e+00,2.901013208327746895e+01,7.840466011224366261e-01,4.426526181505581192e+00,-5.789238897507171799e+00
3.300000000000000266e+00,2.933050123486120597e+01,6.896813500372739325e-01,4.865904142161177504e+00,-5.118082759569842821e+00
3.310000000000000053e+00,2.969636096586803475e+01,5.599042579421286137e-01,5.185866995618715336e+00,-4.492664677931673900e+00
3.320000000000000284e+00,3.012013501314941522e+01,3.994864655914872054e-01,5.405089900311641493e+00,-3.934899051525310387e+00
3.330000000000000071e+00,3.061389385444060807e+01,2.160320424830520780e-01,5.546225324078848828e+00,-3.462151524885701992e+00
3.339999999999999858e+00,3.118874185895496964e+01,1.997889421447455668e-02,5.634916243448651052e+00,-3.086526104440864504e+00
3.350000000000000089e+00,3.185419552622448691e+01,-1.755336093246872287e-01,5.698683017747828927e+00,-2.814357322066344036e+00
3.359999999999999876e+00,3.261758224262407424e+01,-3.549331534490299256e-01,5.765725650468090713e+00,-2.645929604427480708e+00
3.370000000000000107e+00,3.348348968223412214e+01,-5.006154229650287002e-01,5.863687008593341687e+00,-2.575437635351857324e+00
3.379999999999999893e+00,3.445329518309887362e+01,-5.934670101065220305e-01,6.018424766448990049e+00,-2.591192457027077900e+00
3.390000000000000124e+00,3.552480211466026816e+01,-6.134932807689470469e-01,6.252840257125340528e+00,-2.676068671298421631e+00
3.399999999999999911e+00,3.669200646858925552e+01,-5.405281882617830602e-01,6.585810998483696110e+00,-2.808178722541924799e+00
3.410000000000000142e+00,3.794501178332144775e+01,-3.549978876874642642e-01,7.031270426559365738e+00,-2.961751224673579763e+00
3.419999999999999929e+00,3.927010425674389893e+01,-3.870603571208152544e-02,7.597473400150185796e+00,-3.108181988335965595e+00
3.430000000000000160e+00,4.064999278258675020e+01,4.243938905272605089e-01,8.286479487704632163e+00,-3.217219143747821253e+00
3.439999999999999947e+00,4.206421098965252270e+01,1.047474869427799549e+00,9.093878126690018604e+00,-3.258237842646403593e+00
3.450000000000000178e+00,4.348967053412668804e+01,1.840196054067452236e+00,1.000877072988134486e+01,-3.201555718317194543e+00
3.459999999999999964e+00,4.490134728077864423e+01,2.808178276666132511e+00,1.101401502541638067e+01,-3.019737790374006359e+00
3.470000000000000195e+00,4.627307499836894067e+01,3.952623495521732089e+00,1.208672671972668233e+01,-2.688838960992610883e+00
3.479999999999999982e+00,4.757841516000598148e+01,5.270100626390402887e+00,1.319902335241840952e+01,-2.189533730269261458e+00
3.490000000000000213e+00,4.879156671534781253e+01,6.752513186285556301e+00,1.431898536970717828e+01,-1.508086252053314036e+00
3.500000000000000000e+00,4.988827656768611973e+01,8.387256169424700758e+00,1.541180037483437815e+01,-6.371192707033515035e-01
3.510000000000000231e+00,5.084671015288731866e+01,1.015756093686929695e+01,1.644104859796944140e+01,4.238523419368441236e-01
3.520000000000000018e+00,5.164824210255367376e+01,1.204301804043846147e+01,1.737008120806957123e+01,1.668149031739175170e+00
3.530000000000000249e+00,5.227812951147245712e+01,1.402025924821609237e+01,1.816343845950363090e+01,3.081930662330118142e+00
3.540000000000000036e+00,5.272603475338610224e+01,1.606377202590514131e+01,1.878825205871345361e+01,4.644482187337341195e+00
3.550000000000000266e+00,5.298637093721033153e+01,1.814681276815714739e+01,1.921557570831575390e+01,6.328774622542591821e+00
3.560000000000000053e+00,5.305845071548989011e+01,2.024237953827444514e+01,1.942158961197141664e+01,8.102283862991777497e+00
3.570000000000000284e+00,5.294642791569485496e+01,2.232420127389763920e+01,1.938862878780527765e+01,9.928039169351357884e+00
3.580000000000000071e+00,5.265903096538075090e+01,2.436769858287401647e+01,1.910599123376600517e+01,1.176586333902322856e+01
3.589999999999999858e+00,5.220909688006847205e+01,2.635087152831327373e+01,1.857049011662447668e+01,1.357375810736611221e+01
3.600000000000000089e+00,5.161292420826616478e+01,2.825507222500477766e+01,1.778672393267687468e+01,1.530938157738163596e+01
3.609999999999999876e+00,5.088947230911613673e+01,3.006562457610639427e+01,1.676704965050036122e+01,1.693155977728523709e+01
3.620000000000000107e+00,5.005944222338661831e+01,3.177225990056930982e+01,1.553125576704023381e+01,1.840177204379619980e+01
3.629999999999999893e+00,4.914428078040902648e+01,3.336934527175385057e+01,1.410594451116417680e+01,1.968554998518515831e+01
3.640000000000000124e+00,4.816515411944092762e+01,3.485589075333597009e+01,1.252364460590568562e+01,2.075373235354356538e+01
3.649999999999999911e+00,4.714193923422072174e+01,3.623533195656739991e+01,1.082168753387067284e+01,2.158352320659565748e+01
3.660000000000000142e+00,4.609228231196897951e+01,3.751509497898231871e+01,9.040890633174113233e+00,2.215930811471369211e+01
3.669999999999999929e+00,4.503077047768834973e+01,3.870596131596426659e+01,7.224099111234798976e+00,2.247319261313806749e+01
3.680000000000000160e+00,4.396825912775309320e+01,3.982126025624884846e+01,5.414645783840863480e+00,2.252523826019589137e+01
3.689999999999999947e+00,4.291139051054359754e+01,4.087592509393892470e+01,3.654791686163124886e+00,2.232338410180884836e+01
3.700000000000000178e+00,4.186233085740430226e+01,4.188545677113867072e+01,1.984212413411396980e+00,2.188305455420765711e+01
3.709999999999999964e+00,4.081874354803193938e+01,4.286484393181987684e+01,4.385939920020852645e-01,2.122646814503945123e+01
3.720000000000000195e+00,3.977400495001659664e+01,4.382749152995042152e+01,-9.516017644924099628e-01,2.038167461660290414e+01
3.729999999999999982e+00,3.871765819777323969e+01,4.478421090523369230e+01,-2.162148995956659547e+00,1.938136001157161914e+01
3.740000000000000213e+00,3.763608879892761649e+01,4.574232254142567200e+01,-3.175802215856397659e+00,1.826146997430357644e+01
3.750000000000000000e+00,3.651339511104588809e+01,4.670491859481626307e+01,-3.982740122080027589e+00,1.705971010385297149e+01
3.760000000000000231e+00,3.533241693466226963e+01,4.767032587943263877e+01,-4.580688320536611791e+00,1.581398835794053426e+01
3.770000000000000018e+00,3.407587719277371008e+01,4.863180158543569576e+01,-4.974714444868033603e+00,1.456086789786099267e+01
3.780000000000000249e+00,3.272758531886827171e+01,4.957748395018641219e+01,-5.176703668806275083e+00,1.333409916594222899e+01
3.790000000000000036e+00,3.127364687540768173e+01,5.049060884072230238e+01,-5.204537032822612375e+00,1.216329731244573509e+01
3.800000000000000266e+00,2.970362229064863513e+01,5.134999124556583183e+01,-5.081008690663660232e+00,1.107282538779720227e+01
3.810000000000000053e+00,2.801157853890227045e+01,5.213075855347983634e+01,-4.832530487488076787e+00,1.008093517810575079e+01
3.820000000000000284e+00,2.619698108429321337e+01,5.280531076918511957e+01,-4.487682619268793083e+00,9.199206510993221286e+00
3.830000000000000071e+00,2.426537932892976102e+01,5.334447201887496703e+01,-4.075676977571754733e+00,8.432312742366168123e+00
3.839999999999999858e+00,2.222884690864418289e+01,5.371878832959873051e+01,-3.624804740494258937e+00,7.778125506759383967e+00
3.850000000000000089e+00,2.010614811731329610e+01,5.389991916102629688e+01,-3.160941538378685856e+00,7.228156311706276149e+00
3.859999999999999876e+00,1.792261308315701029e+01,5.386206487697200629e+01,-2.706181951018635345e+00,6.768316873790846344e+00
3.870000000000000107e+00,1.570971657108496089e+01,5.358336951866670717e+01,-2.277670181584643405e+00,6.379964949388420514e+00
3.879999999999999893e+00,1.350436790587137281e+01,5.304723802195136528e+01,-1.886685656583639847e+00,6.041188517577758432e+00
3.890000000000000124e+00,1.134793194639078706e+01,5.224350942848858637e+01,-1.538031327763079936e+00,5.728269195896455557e+00
3.899999999999999911e+00,9.285012744783868399e+00,5.116943258062592292e+01,-1.229759049090587197e+00,5.417256307155668082e+00
3.910000000000000142e+00,7.362041983470970941e+00,4.983039805127251043e+01,-9.532511414575026709e-01,5.085576559223500048e+00
3.919999999999999929e+00,5.625723041784507217e+00,4.824038933163956955e+01,-6.936608108227515501e-01,4.713601211735745977e+00
3.930000000000000160e+00,4.121388224584074500e+00,4.642212718053038856e+01,-4.306971935645598215e-01,4.286093096519544510e+00
3.939999999999999947e+00,2.891331003701658631e+00,4.440689305970976619e+01,-1.397242439997590235e-01,3.793459981263703984e+00
3.950000000000000178e+00,1.973176901636516600e+00,4.223403022440744792e+01,2.068727678546501414e-01,3.232748398467996331e+00
3.959999999999999964e+00,1.398355820883049994e+00,3.995013376696095975e+01,6.381129726639569455e-01,2.608322916516633061e+00
3.970000000000000195e+00,1.190735241349691886e+00,3.760795318733393344e+01,1.182708724591298610e+00,1.932189462198249164e+00
3.979999999999999982e+00,1.365467932933161377e+00,3.526504237503205275e+01,1.867296401739550582e+00,1.223937130210598356e+00
3.990000000000000213e+00,1.928099922561514745e+00,3.298220176951079452e+01,2.714692515574018916e+00,5.102902369265734928e-01
4.000000000000000000e+00,2.873974765261084308e+00,3.082176552567936412e+01,3.742259130102906894e+00,-1.757195884953961229e-01
4.009999999999999787e+00,4.187959118312381435e+00,2.884579243745886501e+01,4.960459371967289144e+00,-7.959335617118139528e-01
4.020000000000000462e+00,5.844502678329569711e+00,2.711422295237438007e+01,6.371676787083824678e+00,-1.308553467527188818e+00
4.030000000000000249e+00,7.808033213744265844e+00,2.568306573485031663e+01,7.969361731952600003e+00,-1.669877060725477369e+00
4.040000000000000036e+00,1.003367521607176549e+01,2.460267590288050243e+01,9.737554313121346894e+00,-1.836208541650891979e+00
4.049999999999999822e+00,1.246826909208559897e+01,2.391618337366992719e+01,1.165081719459425180e+01,-1.765861920703462262e+00
4.060000000000000497e+00,1.505165727730129532e+01,2.365812390700909873e+01,1.367459359548215403e+01,-1.421169121905624166e+00
4.070000000000000284e+00,1.771819456398129944e+01,2.385331771400484158e+01,1.576598680921183337e+01,-7.704026608467752224e-01
4.080000000000000071e+00,2.039843262693322146e+01,2.451603125691065799e+01,1.787493845899081180e+01,2.104751858623956362e-01
4.089999999999999858e+00,2.302092343637799843e+01,2.564944750900535908e+01,1.994576434664822173e+01,1.536318667457879927e+00
4.099999999999999645e+00,2.551408311631770331e+01,2.724545891033968914e+01,2.191899001291735871e+01,3.211632296512282991e+00
4.110000000000000320e+00,2.780805689169968531e+01,2.928478599666975413e+01,2.373341379945076568e+01,5.229790676264692628e+00
4.120000000000000107e+00,2.983652702778523391e+01,3.173741363828221651e+01,2.532831397396038042e+01,7.572686881583618579e+00
4.129999999999999893e+00,3.153840897238382368e+01,3.456332641928855764e+01,2.664570889816415900e+01,1.021083358087525461e+01
4.139999999999999680e+00,3.285938605980886962e+01,3.771351528936399689e+01,2.763257566535468257e+01,1.310392153293424577e+01
4.150000000000000355e+00,3.375323985270794225e+01,4.113121954422040716e+01,2.824293330569923199e+01,1.620182015323241487e+01
4.160000000000000142e+00,3.418294116172876329e+01,4.475336168510632717e+01,2.843970155100916486e+01,1.944598543328196172e+01
4.169999999999999929e+00,3.412147563658814420e+01,4.851212794252562333e+01,2.819625506660013059e+01,2.277122251007333276e+01
4.179999999999999716e+00,3.355238719173724604e+01,5.233664431723330068e+01,2.749760560596910963e+01,2.610773445328159426e+01
4.190000000000000391e+00,3.247003204181207536e+01,5.615469690608433950e+01,2.634116016218782974e+01,2.938337609663693328e+01
4.200000000000000178e+00,3.087954541884925064e+01,5.989444598062488012e+01,2.473702117003453793e+01,3.252602257918757545e+01
4.209999999999999964e+00,2.879653179777264782e+01,6.348608564440192481e+01,2.270781433436430063e+01,3.546595710799520873e+01
4.219999999999999751e+00,2.624649738439302027e+01,6.686340472546801550e+01,2.028804982906071075e+01,3.813818154430696694e+01
4.230000000000000426e+00,2.326405048838538647e+01,6.996520963272350002e+01,1.752304250244896622e+01,4.048455678938108093e+01
4.240000000000000213e+00,1.989190103783120378e+01,7.273657595544192134e+01,1.446743542837988983e+01,4.245568744143925244e+01
4.250000000000000000e+00,1.617969477844561865e+01,7.512990233303250420e+01,1.118338780378022612e+01,4.401247645590450475e+01
4.259999999999999787e+00,1.218272058736174657e+01,7.710574728010986689e+01,7.738502058249239646e+00,4.512729003512820469e+01
4.270000000000000462e+00,7.960530824353363677e+00,7.863343694140611717e+01,4.203575488601010157e+00,4.578469001914421455e+01
4.280000000000000249e+00,3.575514801726911163e+00,7.969143891200873497e+01,6.502683044642180166e-01,4.598170984657267724e+01
4.290000000000000036e+00,-9.085356175829504277e-01,8.026750405932524757e+01,-2.851217601199403262e+00,4.572766982769172728e+01
4.299999999999999822e+00,-5.427831444640800918e+00,8.035858452813243957e+01,-6.234356634340970871e+00,4.504354710769181480e+01
4.310000000000000497e+00,-9.919929243957234632e+00,7.997054164354331363e+01,-9.438327597285356418e+00,4.396093439397451164e+01
4.320000000000000284e+00,-1.432498111683210062e+01,7.911766213592557051e+01,-1.240977492313345998e+01,4.252063842638610680e+01
4.330000000000000071e+00,-1.858686639892976089e+01,7.782200492673402437e+01,-1.510423900837754729e+01,4.077098352617893084e+01
4.339999999999999858e+00,-2.265418419850209020e+01,7.611260360550588189e+01,-1.748720718018450526e+01,3.876589674026272547e+01
4.350000000000000533e+00,-2.648109079352730788e+01,7.402455170331077738e+01,-1.953475428357260313e+01,3.656285863252168156e+01
4.360000000000000320e+00,-3.002797081111765465e+01,7.159799896557258592e+01,-2.123376035463228106e+01,3.422080737402876593e+01
4.370000000000000107e+00,-3.326193588971803905e+01,6.887708711144826168e+01,-2.258171148018879393e+01,3.179808335126424623e+01
4.379999999999999893e+00,-3.615714905702345305e+01,6.590885312039284827e+01,-2.358610785898835616e+01,2.935049714274382993e+01
4.389999999999999680e+00,-3.869497725270764477e+01,6.274212700348063265e+01,-2.426351945024057954e+01,2.692959569386808028e+01
4.400000000000000355e+00,-4.086397821849978129e+01,5.942644939725743569e+01,-2.463834368613943582e+01,2.458119030220442625e+01
4.410000000000000142e+00,-4.265973132551438596e+01,5.601103226098602050e+01,-2.474133092301057602e+01,2.234419621167118919e+01
4.419999999999999929e+00,-4.408452478682661280e+01,5.254378355911208587e+01,-2.460795114972612296e+01,2.024981791932742325e+01
4.429999999999999716e+00,-4.514691410546114270e+01,4.907041415654359895e+01,-2.427667967267824167e+01,1.832109751480833637e+01
4.440000000000000391e+00,-4.586116854004401944e+01,4.563364232177900703e+01,-2.378727994797025502e+01,1.657282632861908667e+01
4.450000000000000178e+00,-4.624662384663573533e+01,4.227250828801881966e+01,-2.317915851312000441e+01,1.501180368499407791e+01
4.459999999999999964e+00,-4.632696059473018835e+01,3.902180832050059678e+01,-2.248986034016510871e+01,1.363741141516470101e+01
4.469999999999999751e+00,-4.612942797863963307e+01,3.591165472559422511e+01,-2.175376330925754331e+01,1.244245968091342824e+01
4.480000000000000426e+00,-4.568403327236369194e+01,3.296716525237959416e+01,-2.100101844400950668e+01,1.141424916217879826e+01
4.490000000000000213e+00,-4.502271692423851590e+01,3.020828241449766693e+01,-2.025676872136803297e+01,1.053578720843777639e+01
4.500000000000000000e+00,-4.417853277230645404e+01,2.764972043045189665e+01,-1.954066440522072057e+01,9.787091411121823015e+00
4.509999999999999787e+00,-4.318485199543010822e+01,2.530103477574445847e+01,-1.886667772232966200e+01,9.146513320131838043e+00
4.520000000000000462e+00,-4.207460821086124270e+01,2.316680679356982608e+01,-1.824320506234827377e+01,8.592017624329406189e+00
4.530000000000000249e+00,-4.087959959948531008e+01,2.124693345868616134e+01,-1.767343145549239480e+01,8.102357800289210488e+00
4.540000000000000036e+00,-3.962986210182249636e+01,1.953701027155730685e+01,-1.715592049537381669e+01,7.658097612322213088e+00
4.549999999999999822e+00,-3.835312560330089582e+01,1.802879342005578067e+01,-1.668538365192132389e+01,7.242438400370585505e+00
4.560000000000000497e+00,-3.707436264640794121e+01,1.671072582893357961e+01,-1.625357644523165135e+01,6.841824205006322046e+00
4.570000000000000284e+00,-3.581543660985447985e+01,1.556851056774046071e+01,-1.585026545765324713e+01,6.446309772475075306e+00
4.580000000000000071e+00,-3.459485353137237951e+01,1.458571434774492204e+01,-1.546420971911566866e+01,6.049689654181256593e+00
4.589999999999999858e+00,-3.342761888282105787e+01,1.374438354352867364e+01,-1.508410251937633006e+01,5.649399272898036450e+00
4.600000000000000533e+00,-3.232519770590715780e+01,1.302565535172892019e+01,-1.469942493791180205e+01,5.246210328966375513e+00
4.610000000000000320e+00,-3.129557366478186964e+01,1.241034736176826314e+01,-1.430116995945284231e+01,4.843752701139554695e+00
4.620000000000000107e+00,-3.034339985500832881e+01,1.187950995983094771e+01,-1.388240547030894412e+01,4.447902604244123204e+00
4.629999999999999893e+00,-2.947023171656060470e+01,1.141492759873461615e+01,-1.343865513407849122e+01,4.066081874929591500e+00
4.639999999999999680e+00,-2.867483021995655434e+01,1.099955700475740805e+01,-1.296808750103588537e+01,3.706515686685576849e+00
4.650000000000000355e+00,-2.795352171189185242e+01,1.061789280085857179e+01,-1.247151507367597212e+01,3.377495714999811049e+00
4.660000000000000142e+00,-2.730059949192310498e+01,1.025625372877711783e+01,-1.195221581095527341e+01,3.086692899551904290e+00
4.669999999999999929e+00,-2.670875140212269727e+01,9.902985558780127207e+00,-1.141559913733988552e+01,2.840558736719036137e+00
4.679999999999999716e+00,-2.616949748565546585e+01,9.548579780971513387e+00,-1.086874644327160944e+01,2.643846856583510707e+00
4.690000000000000391e+00,-2.567362212439429570e+01,9.185710162918116595e+00,-1.031986194079627950e+01,2.499277964919281558e+00
4.700000000000000178e+00,-2.521158599236390785e+01,8.809192117997369564e+00,-9.777673316011496141e+00,2.407361601533671180e+00
4.709999999999999964e+00,-2.477390462824179451e+01,8.415872442138615739e+00,-9.250822778235018973e+00,2.366378158065484794e+00
4.719999999999999751e+00,-2.435148237893983136e+01,8.004459235828074171e+00,-8.747287862653301715e+00,2.372514791288594882e+00
4.730000000000000426e+00,-2.393589281706743321e+01,7.575303638761085701e+00,-8.273867851246340166e+00,2.420139814355365626e+00
4.740000000000000213e+00,-2.351959938763069857e+01,7.130146290009141019e+00,-7.835766211112163759e+00,2.502192342141370762e+00
4.750000000000000000e+00,-2.309611287788007061e+01,6.671842133323776736e+00,-7.436292389232313838e+00,2.610657817203070330e+00
4.759999999999999787e+00,-2.266008520275427074e+01,6.204077287514758510e+00,-7.076698107935586179e+00,2.737095853441236404e+00
4.770000000000000462e+00,-2.220734182660436318e+01,5.731091196036945945e+00,-6.756154488106659528e+00,2.873184788559217218e+00
4.780000000000000249e+00,-2.173485777175124412e+01,5.257416186979572359e+00,-6.471867422141229120e+00,3.011247488878763257e+00
4.790000000000000036e+00,-2.124068447651517033e+01,4.787644971269519267e+00,-6.219320151691142939e+00,3.144725227636127940e+00
4.799999999999999822e+00,-2.072383665511303974e+01,4.326234565118310726e+00,-5.992624463726054174e+00,3.268570665611856718e+00
4.810000000000000497e+00,-2.018414969502845224e+01,3.877352746089026247e+00,-5.784955723914965375e+00,3.379536798144569865e+00
4.820000000000000284e+00,-1.962211894478790697e+01,3.444770560650544322e+00,-5.589042451551314628e+00,3.476345804357867664e+00
4.830000000000000071e+00,-1.903873246530490704e+01,3.031801725218687960e+00,-5.397678531604709562e+00,3.559729588097572339e+00
4.839999999999999858e+00,-1.843530843979515765e+01,2.641287136811655945e+00,-5.204225565817806043e+00,3.632341944769185815e+00
4.850000000000000533e+00,-1.781334748956248148e+01,2.275620264871040632e+00,-5.003074273121041138e+00,3.698550226238294325e+00
4.860000000000000320e+00,-1.717440868332661807e+01,1.936807053979832771e+00,-4.790037128092519580e+00,3.764121631911913290e+00
4.870000000000000107e+00,-1.652001613961523319e+01,1.626552233405329062e+00,-4.562649333554825937e+00,3.835825402773041848e+00
4.879999999999999893e+00,-1.585160090998929761e+01,1.346362687216745124e+00,-4.320361425157023483e+00,3.920976885603834727e+00
4.889999999999999680e+00,-1.517048041638210165e+01,1.097657845739618443e+00,-4.064613895248596620e+00,4.026952410115616665e+00
4.900000000000000355e+00,-1.447787522909668922e+01,8.818769438991487242e-01,-3.798791746847782314e+00,4.160705033539011666e+00
4.910000000000000142e+00,-1.377496054623413180e+01,7.005734527547942125e-01,-3.528064373069987880e+00,4.328310422386868694e+00
4.919999999999999929e+00,-1.306294749939247701e+01,5.554879952374426333e-01,-3.259123139297659399e+00,4.534569542868138292e+00
4.929999999999999716e+00,-1.234318748219171091e+01,4.485925454430194637e-01,-2.999835098004719036e+00,4.782690613161370230e+00
4.940000000000000391e+00,-1.161729117805941414e+01,3.821005975051254833e-01,-2.758836025312514373e+00,5.074067223224786538e+00
4.950000000000000178e+00,-1.088725292982436699e+01,3.584401694855709475e-01,-2.545089153910943480e+00,5.408163020810052402e+00
4.959999999999999964e+00,-1.015557059763696479e+01,3.801888597787633772e-01,-2.367437409266884618e+00,5.782506321651927017e+00
4.969999999999999751e+00,-9.425351116238967819e+00,4.499725700946028417e-01,-2.234176566300303701e+00,6.192790882971591415e+00
4.980000000000000426e+00,-8.700392580438617074e+00,5.703318208901372310e-01,-2.152674577825079538e+00,6.633072339769242376e+00
4.990000000000000213e+00,-7.985234822406420463e+00,7.435616886206930509e-01,-2.129058541452146347e+00,7.096043873908323363e+00
5.000000000000000000e+00,-7.285172032741289883e+00,9.715331780648345239e-01,-2.167985627485598421e+00,7.573369944963395994e+00
5.009999999999999787e+00,-6.606222932568465822e+00,1.255505213924019703e+00,-2.272508131543840459e+00,8.056053661318649972e+00
5.020000000000000462e+00,-5.955056221221993518e+00,1.595937323305045563e+00,-2.444036051761536044e+00,8.534811817228362685e+00
5.030000000000000249e+00,-5.338871385808991121e+00,1.992313440099447330e+00,-2.682393670516480366e+00,9.000431865462953596e+00
5.040000000000000036e+00,-4.765237341440690777e+00,2.442987077337295698e+00,-2.985960005516739457e+00,9.444087119879993608e+00
5.049999999999999822e+00,-4.241893650928775017e+00,2.945057396507878344e+00,-3.351877128837116082e+00,9.857590157156980837e+00
5.060000000000000497e+00,-3.776521134029836801e+00,3.494284493217878040e+00,-3.776305634566652358e+00,1.023356947377088488e+01
5.070000000000000284e+00,-3.376490415583242033e+00,4.085050580850220214e+00,-4.254703295571600208e+00,1.056556062096833415e+01
5.080000000000000071e+00,-3.048598293984706942e+00,4.710371773515104721e+00,-4.782101425485762114e+00,1.084800988041605052e+01
5.089999999999999858e+00,-2.798802673454973799e+00,5.361962948028927478e+00,-5.353353783743489025e+00,1.107619559987417901e+01
5.100000000000000533e+00,-2.631967157618821940e+00,6.030355813801538289e+00,-5.963335042036387534e+00,1.124607910264121458e+01
5.110000000000000320e+00,-2.551626236553711902e+00,6.705067955526930135e+00,-6.607069762214853093e+00,1.135410314483470451e+01
5.120000000000000107e+00,-2.559781329581110043e+00,7.374818350797387900e+00,-7.279778294343181244e+00,1.139696078567274284e+01
5.129999999999999893e+00,-2.656736811410517873e+00,8.027782809753341908e+00,-7.976832660415954734e+00,1.137136088730320083e+01
5.139999999999999680e+00,-2.840983611618811189e+00,8.651881030168510733e+00,-8.693622928297784824e+00,1.127381799113943295e+01
5.150000000000000355e+00,-3.109136116858365995e+00,9.235085584967373862e+00,-9.425342322511211179e+00,1.110049385486310491e+01
5.160000000000000142e+00,-3.455926015070395430e+00,9.765742215254567427e+00,-1.016670684887200871e+01,1.084711542871126433e+01
5.169999999999999929e+00,-3.874254502907720443e+00,1.023289032274399801e+01,-1.091163200927275767e+01,1.050898958121027960e+01
5.179999999999999716e+00,-4.355302035694034402e+00,1.062657254949278318e+01,-1.165289475884878634e+01,1.008112866146409026e+01
5.190000000000000391e+00,-4.888692634833295969e+00,1.093812278537645177e+01,-1.238181277625452026e+01,9.558493335648217126e+00
5.200000000000000178e+00,-5.462707773916378962e+00,1.116042281864377017e+01,-1.308797503142985441e+01,8.936350491651683825e+00
5.209999999999999964e+00,-6.064543122727730662e+00,1.128811908745394277e+01,-1.375905730755527578e+01,8.210734881343455527e+00
5.219999999999999751e+00,-6.680600002841038609e+00,1.131779253099498206e+01,-1.438075365768580305e+01,7.378994131506999565e+00
5.230000000000000426e+00,-7.296802345969817694e+00,1.124807629763321160e+01,-1.493684978531415197e+01,6.440388390033798593e+00
5.240000000000000213e+00,-7.898929273334633905e+00,1.107971795885175759e+01,-1.540945720951330244e+01,5.396708758255185145e+00
5.250000000000000000e+00,-8.472953137692112335e+00,1.081558481488659318e+01,-1.577941812644828445e+01,4.252873320069335605e+00
5.259999999999999787e+00,-9.005372976948269326e+00,1.046061277798189693e+01,-1.602688055337067041e+01,3.017456459408180525e+00
5.270000000000000462e+00,-9.483533790019158971e+00,1.002170110681939441e+01,-1.613203218772398984e+01,1.703106594377293614e+00
5.280000000000000249e+00,-9.895922818111351660e+00,9.507556876793454848e+00,-1.607597005962232117e+01,3.268096487707167208e-01
5.290000000000000036e+00,-1.023243504339070320e+01,8.928494454909065681e+00,-1.584167217247258463e+01,-1.090039423301717658e+00
5.299999999999999822e+00,-1.048460134064920446e+01,8.296196369852742336e+00,-1.541502759361713615e+01,-2.521787061145569275e+00
5.310000000000000497e+00,-1.064577407163490896e+01,7.623442807608138416e+00,-1.478587352356399442e+01,-3.938913377982798725e+00
5.320000000000000284e+00,-1.071126633258305283e+01,6.923817516503067537e+00,-1.394898231849975367e+01,-5.308674134719082893e+00
5.330000000000000071e+00,-1.067844249391224309e+01,6.211398182298145443e+00,-1.290493874106987526e+01,-6.595986760585774711e+00
5.339999999999999858e+00,-1.054675905497144939e+01,5.500439355175100076e+00,-1.166084820698373647e+01,-7.764540558729009057e+00
5.350000000000000533e+00,-1.031775613349852172e+01,4.805055806634104698e+00,-1.023082065629373005e+01,-8.778097042587393872e+00
5.360000000000000320e+00,-9.995001087186137667e+00,4.138913801810351956e+00,-8.636181905836595618e+00,-9.601932974812925181e+00
5.370000000000000107e+00,-9.583986802802883176e+00,3.514937230893155018e+00,-6.905374744244743290e+00,-1.020436691619501346e+01
5.379999999999999893e+00,-9.091988076925382245e+00,2.945034891321955506e+00,-5.073525239343013027e+00,-1.055830068231446539e+01
5.389999999999999680e+00,-8.527880251495425057e+00,2.439854486485340423e+00,-3.181665193315658335e+00,-1.064270070559403081e+01
5.400000000000000355e+00,-7.901924865102587958e+00,2.008568137859224390e+00,-1.275618706870130570e+00,-1.044394143594754709e+01
5.410000000000000142e+00,-7.225527550824031309e+00,1.658693420254464757e+00,5.954214167893963072e-01,-9.956933947012744923e+00
5.419999999999999929e+00,-6.510973770580639197e+00,1.395953140890532795e+00,2.380584081553416276e+00,-9.185968019725264000e+00
5.429999999999999716e+00,-5.771148241893143016e+00,1.224176301479388496e+00,4.029217247189190942e+00,-8.145205116165866954e+00
5.440000000000000391e+00,-5.019244101491481480e+00,1.145241910488759007e+00,5.492917826200401699e+00,-6.858772585149770507e+00
5.450000000000000178e+00,-4.268467973461812726e+00,1.159066546647305573e+00,6.727608094465257871e+00,-5.360425697483140794e+00
5.459999999999999964e+00,-3.531747174141655954e+00,1.263635807088275609e+00,7.695564566036433796e+00,-3.692763038570187728e+00
5.469999999999999751e+00,-2.821445292152497064e+00,1.455078995191930957e+00,8.367301497237200181e+00,-1.906001565442623447e+00
5.480000000000000426e+00,-2.149092323634473001e+00,1.727785605797534707e+00,8.723212042703025304e+00,-5.633930733060911467e-02
5.490000000000000213e+00,-1.525135407850748415e+00,2.074561343703075877e+00,8.754875780406589314e+00,1.796044792484992492e+00
5.500000000000000000e+00,-9.587159800510871577e-01,2.486820565109692627e+00,8.465951810968716629e+00,3.589284115706622202e+00
5.509999999999999787e+00,-4.574788171683918936e-01,2.954811167573079267e+00,7.872591631453675021e+00,5.262322939563995661e+00
5.520000000000000462e+00,-2.741797734817397192e-02,3.467867086661363896e+00,7.003324959193776067e+00,6.757517926455362200e+00
5.530000000000000249e+00,3.272359917066377522e-01,4.014682709696273832e+00,5.898393889530798795e+00,8.023229642300211850e+00
5.540000000000000036e+00,6.040839915115867598e-01,4.583602719305647000e+00,4.608535273519338560e+00,9.016285624674271304e+00
5.549999999999999822e+00,8.025788366561298348e-01,5.162920169295103001e+00,3.193236906955853271e+00,9.704196313277677177e+00
5.560000000000000497e+00,9.239967515683193966e-01,5.741175014508748120e+00,1.718518837622746487e+00,1.006701057150177370e+01
5.570000000000000284e+00,9.713596913637080332e-01,6.307444908959229046e+00,2.543155840366605469e-01,1.009870854690003661e+01
5.580000000000000071e+00,9.493096883629582594e-01,6.851619895746540401e+00,-1.128442909577989539e+00,9.808045943848849646e+00
5.589999999999999858e+00,8.639379247548695240e-01,7.364652677110504086e+00,-2.360935332197275471e+00,9.218784848252944641e+00
5.600000000000000533e+00,7.225727693062584667e-01,7.838776504773060871e+00,-3.379608027666148651e+00,8.369271236725341012e+00
5.610000000000000320e+00,5.335325323352307914e-01,8.267683390191242765e+00,-4.129250580712248819e+00,7.311347188551461151e+00
5.620000000000000107e+00,3.058501215738786971e-01,8.646656308651360590e+00,-4.565847271522342155e+00,6.108615391461106547e+00
5.629999999999999893e+00,4.897805136282995520e-02,8.972650351912207611e+00,-4.659067781737652680e+00,4.834103465133326338e+00
5.639999999999999680e+00,-2.275167019175052818e-01,9.244319346136459004e+00,-4.394271021946297928e+00,3.567404533530249111e+00
5.650000000000000355e+00,-5.142577608251917010e-01,9.461986252767200511e+00,-3.773912575877860220e+00,2.391396978815273133e+00
5.660000000000000142e+00,-8.023536967667341813e-01,9.627557651065549393e+00,-2.818268450523985447e+00,1.388669098727991047e+00
5.669999999999999929e+00,-1.083671051422736120e+00,9.744384688889262236e+00,-1.565414736516241856e+00,6.377922963275631796e-01
5.679999999999999716e+00,-1.351075852292038970e+00,9.817074997892746069e+00,-7.043332635878041259e-02,2.095984833544949910e-01
5.690000000000000391e+00,-1.598634325655331700e+00,9.851262107594642714e+00,1.596153282283603092e+00,1.636228515761634639e-01
5.700000000000000178e+00,-1.821764821252570332e+00,9.853340763081376963e+00,3.350681288848693207e+00,5.448716242281558264e-01
5.709999999999999964e+00,-2.017334671823454162e+00,9.830178158321025705e+00,5.099309014356235181e+00,1.381065721291016679e+00
5.719999999999999751e+00,-2.183697763105520551e+00,9.788812352595332555e+00,6.741543417008546868e+00,2.680495664959511526e+00
5.730000000000000426e+00,-2.320670911317758822e+00,9.736149964617673902e+00,8.174201199858686095e+00,4.430601047004797621e+00
5.740000000000000213e+00,-2.429449643328176922e+00,9.678675577195001267e+00,9.295653442858222704e+00,6.597360315378637097e+00
5.750000000000000000e+00,-2.512466543547783093e+00,9.622185095126804200e+00,1.001018614337222701e+01,9.125544622948531526e+00
5.759999999999999787e+00,-2.573197856007206852e+00,9.571554564516000951e+00,1.023229938815054751e+01,1.193985435092858793e+01
5.770000000000000462e+00,-2.615926391411903307e+00,9.530554692714085618e+00,9.890765673552975201e+00,1.494692017355669478e+01
5.780000000000000249e+00,-2.645470870995339840e+00,9.501719541212398923e+00,8.932273377407224046e+00,1.803811376736546990e+01
5.790000000000000036e+00,-2.666893533932605198e+00,9.486275661281890592e+00,7.324494457630668087e+00,2.109307811198036831e+01
5.799999999999999822e+00,-2.685199049517839498e+00,9.484135390234220253e+00,5.058435657124351614e+00,2.398385535389740397e+01
5.810000000000000497e+00,-2.705038435509783845e+00,9.493955231396826733e+00,2.149959050998148324e+00,2.657946286116599666e+01
5.820000000000000284e+00,-2.730431740447749167e+00,9.513257325608286408e+00,-1.359610394824764423e+00,2.875074664461890706e+01
5.830000000000000071e+00,-2.764522678328924510e+00,9.538609118747958249e+00,-5.403836799213413755e+00,3.037532676800994480e+01
5.839999999999999858e+00,-2.809377216416761414e+00,9.565853574842689611e+00,-9.892493196889988738e+00,3.134244242282900927e+01
5.850000000000000533e+00,-2.865836348893757268e+00,9.590379811069626115e+00,-1.471381851734137847e+01,3.155750537666050093e+01
5.860000000000000320e+00,-2.933431007552576464e+00,9.607421963247157137e+00,-1.973764285159324672e+01,3.094617953589816040e+01
5.870000000000000107e+00,-3.010364359388406186e+00,9.612372535788676231e+00,-2.481927652179999910e+01,2.945782105740714130e+01
5.879999999999999893e+00,-3.093563736188526647e+00,9.601095534263743403e+00,-2.980402691550244043e+01,2.706813712024017704e+01
5.889999999999999680e+00,-3.178801266891867705e+00,9.570224380599764658e+00,-3.453218093315142312e+01,2.378095113710680764e+01
5.900000000000000355e+00,-3.260879084760634150e+00,9.517429999197871027e+00,-3.884427135224417782e+01,1.962899658866370345e+01
5.910000000000000142e+00,-3.333871907744035745e+00,9.441645533084594533e+00,-4.258643327133304268e+01,1.467369933555928796e+01
5.919999999999999929e+00,-3.391416988327572213e+00,9.343235866080012997e+00,-4.561565257080406610e+01,9.003947595411133875e+00
5.929999999999999716e+00,-3.427039034902653825e+00,9.224102421572634825e+00,-4.780471217220447500e+01,2.733888088530918026e+00
5.940000000000000391e+00,-3.434495839381717985e+00,9.087716483733442985e+00,-4.904665359524108226e+01,-4.000175510170548066e+00
5.950000000000000178e+00,-3.408129101283580376e+00,8.939077421212166641e+00,-4.925859035706919542e+01,-1.104367130778462069e+01
5.959999999999999964e+00,-3.343204384386970318e+00,8.784595545933804317e+00,-4.838473526978674499e+01,-1.822829493768368536e+01
5.969999999999999751e+00,-3.236224313889469073e+00,8.631902757636691348e+00,-4.639853453066333344e+01,-2.537702835446444993e+01
5.980000000000000426e+00,-3.085200021313427854e+00,8.489597450359074315e+00,-4.330383630551020957e+01,-3.230946078007519873e+01
5.990000000000000213e+00,-2.889867438151573875e+00,8.366933234939018860e+00,-3.913505876165829989e+01,-3.884722141532568429e+01
6.000000000000000000e+00,-2.651837261189988748e+00,8.273463716720849348e+00,-3.395636061020358909e+01,-4.481933178695354769e+01
6.009999999999999787e+00,-2.374670166064150489e+00,8.218657732397504745e+00,-2.785985455293603508e+01,-5.006729154005319771e+01
6.020000000000000462e+00,-2.063872008570327932e+00,8.211500990252034171e+00,-2.096293904525087370e+01,-5.444972471411949755e+01
6.030000000000000249e+00,-1.726807183251466871e+00,8.260100898802024361e+00,-1.340485506217372524e+01,-5.784643335035272571e+01
6.040000000000000036e+00,-1.372531850256528685e+00,8.371311467367762660e+00,-5.342600864669289074e+00,-6.016173068621627351e+01
6.049999999999999822e+00,-1.011552233157379188e+00,8.550394510453859453e+00,3.053641871228113924e+00,-6.132695599442838841e+01
6.060000000000000497e+00,-6.555164730265219397e-01,8.800732013267689169e+00,1.160540347182051590e+01,-6.130210594790403889e+01
6.070000000000000284e+00,-3.168514480357853547e-01,9.123602479240085827e+00,2.013096942940931910e+01,-6.007655177301995053e+01
6.080000000000000071e+00,-8.358400381581976291e-03,9.518031473969115197e+00,2.845039788063795427e+01,-5.766884589737307465e+01
6.089999999999999858e+00,2.572169561050183795e-01,9.980723521858122282e+00,3.639034515942027070e+01,-5.412565485417496802e+01
6.100000000000000533e+00,4.676230250026233159e-01,1.050607914076683791e+01,4.378854664839825972e+01,-4.951988553147150185e+01
6.110000000000000320e+00,6.115323724588548338e-01,1.108629726900109169e+01,5.049781907854633545e+01,-4.394809827630834320e+01
6.120000000000000107e+00,6.789463164424492936e-01,1.171155980719128031e+01,5.638947378883608508e+01,-3.752732192478347883e+01
6.129999999999999893e+00,6.615582032649458544e-01,1.237029162313042008e+01,6.135605707196435787e+01,-3.039140182663718548e+01
6.140000000000000568e+00,5.530612433106164572e-01,1.304948629986381370e+01,6.531336231530987391e+01,-2.268702194449441478e+01
6.150000000000000355e+00,3.493890965617661992e-01,1.373508527992218475e+01,6.820168788139139338e+01,-1.456954599887415647e+01
6.160000000000000142e+00,4.888019716255675995e-02,1.441239598335645411e+01,6.998634327174204373e+01,-6.198820550552434305e+00
6.169999999999999929e+00,-3.476400455975663384e-01,1.506653303902287355e+01,7.065743288460657823e+01,2.264924722454765504e+00
6.179999999999999716e+00,-8.368616795545311682e-01,1.568286602167574806e+01,7.022897055602165040e+01,1.066495683467722522e+01
6.190000000000000391e+00,-1.413076378836565894e+00,1.624745705344349034e+01,6.873739819950580454e+01,1.885159327004878804e+01
6.200000000000000178e+00,-2.068343145905652491e+00,1.674747229566839479e+01,6.623959758749116133e+01,2.668534327781477344e+01
6.209999999999999964e+00,-2.792726277142215441e+00,1.717155268233457122e+01,6.281049524639136195e+01,3.403957190729575188e+01
6.219999999999999751e+00,-3.574595629520156415e+00,1.751013115657236341e+01,5.854036641663491736e+01,4.080264455735804319e+01
6.230000000000000426e+00,-4.400977014809474674e+00,1.775568606896686674e+01,5.353194515497944650e+01,4.687953217788357563e+01
6.240000000000000213e+00,-5.257938903656378393e+00,1.790292316257167116e+01,4.789744425369933367e+01,5.219287842242129472e+01
6.250000000000000000e+00,-6.131000601627162538e+00,1.794888157270462870e+01,4.175558124473171517e+01,5.668354913372807147e+01
6.259999999999999787e+00,-7.005546689399020366e+00,1.789296237055813066e+01,3.522869603432254593e+01,6.031070082993906567e+01
6.270000000000000462e+00,-7.867232795617454144e+00,1.773688123873161260e+01,2.844003248087414093e+01,6.305141782285963359e+01
6.280000000000000249e+00,-8.702368659739724066e+00,1.748454975053804361e+01,2.151124136078790272e+01,6.489997692301126619e+01
6.290000000000000036e+00,-9.498265882531560678e+00,1.714189231230875166e+01,1.456014655841839023e+01,6.586680426287034607e+01
6.299999999999999822e+00,-1.024353966945933969e+01,1.671660801569717947e+01,7.698800831263626243e+00,6.597719070011159204e+01
6.310000000000000497e+00,-1.092835614410482847e+01,1.621788835411399887e+01,1.031842929611841653e+00,6.526983083449498224e+01
6.320000000000000284e+00,-1.154461932893799414e+01,1.565610292820295335e+01,-5.344845133158722561e+00,6.379524633393298672e+01
6.330000000000000071e+00,-1.208609453635518882e+01,1.504246587109301636e+01,-1.134519272665420608e+01,6.161414759192679469e+01
6.339999999999999858e+00,-1.254846756000421948e+01,1.438869576397152983e+01,-1.689372761089402175e+01,5.879577939034007983e+01
6.350000000000000533e+00,-1.292934158648330190e+01,1.370668131177079196e+01,-2.192612145422726755e+01,5.541628692139705237e+01
6.360000000000000320e+00,-1.322817605264886964e+01,1.300816405717334412e+01,-2.638952302938285754e+01,5.155712893279322628e+01
6.370000000000000107e+00,-1.344617366170410833e+01,1.230444799931009925e+01,-3.024270874337500103e+01,4.730355555932029432e+01
6.379999999999999893e+00,-1.358612336909735241e+01,1.160614423858164201e+01,-3.345607841759433398e+01,4.274316017307046423e+01
6.390000000000000568e+00,-1.365220830633079352e+01,1.092295678967822781e+01,-3.601152069114824883e+01,3.796450779118902119e+01
6.400000000000000355e+00,-1.364978830004386268e+01,1.026351359599658153e+01,-3.790216758463951408e+01,3.305583756085312075e+01
6.410000000000000142e+00,-1.358516686212060165e+01,9.635244645858644930e+00,-3.913205219508908073e+01,2.810383378369613183e+01
6.419999999999999929e+00,-1.346535229398453204e+01,9.044307035278064788e+00,-3.971567776978366737e+01,2.319245888243385778e+01
6.429999999999999716e+00,-1.329782190549324206e+01,8.495554935134363106e+00,-3.967750107622669731e+01,1.840184253992550367e+01
6.440000000000000391e+00,-1.309029735455638566e+01,7.992550780613286499e+00,-3.905132853544014893e+01,1.380722371124579695e+01
6.450000000000000178e+00,-1.285053784037648761e+01,7.537612668935839366e+00,-3.787962041492242804e+01,9.477945966632383090e+00
6.459999999999999964e+00,-1.258615641322608880e+01,7.131891969932051545e+00,-3.621269677045851410e+01,5.476511227669483617e+00
6.469999999999999751e+00,-1.230446308397809219e+01,6.775474544876951555e+00,-3.410783893872076078e+01,1.857701919434531890e+00
6.480000000000000426e+00,-1.201233681437652479e+01,6.467498733809875056e+00,-3.162828223536013184e+01,-1.332213631080567229e+00
6.490000000000000213e+00,-1.171612692706460557e+01,6.206283392614633243e+00,-2.884209899222702944e+01,-4.056173555968782374e+00
6.500000000000000000e+00,-1.142158306697527870e+01,5.989459703371225352e+00,-2.582097593476760977e+01,-6.286890492679577669e+00
6.509999999999999787e+00,-1.113381163520874928e+01,5.814101195261581090e+00,-2.263889581277424767e+01,-8.007271606729670310e+00
6.520000000000000462e+00,-1.085725565075319388e+01,5.676847337826097295e+00,-1.937073972893231755e+01,-9.210666950706338341e+00
6.530000000000000249e+00,-1.059569430578880045e+01,5.574017135545023649e+00,-1.609083328145299419e+01,-9.900924430245858332e+00
6.540000000000000036e+00,-1.035225808115989921e+01,5.501710291252833507e+00,-1.287146594999237159e+01,-1.009223341114379835e+01
6.549999999999999822e+00,-1.012945517724171296e+01,5.455894645306361035e+00,-9.781418620282542165e+00,-9.808744499452645371e+00
6.560000000000000497e+00,-9.929205173308650600e+00,5.432479671869468341e+00,-6.884538318247527044e+00,-9.083960018373009149e+00
6.570000000000000284e+00,-9.752876223069783634e+00,5.427376765313439044e+00,-4.238401737112097223e+00,-7.959897845307055242e+00
6.580000000000000071e+00,-9.601322681264383263e+00,5.436547831514167761e+00,-1.893109715804313087e+00,-6.486040127746986350e+00
6.589999999999999858e+00,-9.474920783726973994e+00,5.456044276556387018e+00,1.097466969011939852e-01,-4.718087477110104899e+00
6.600000000000000533e+00,-9.373600813772130280e+00,5.482038838932854929e+00,1.737911615776193131e+00,-2.716548025914319542e+00
6.610000000000000320e+00,-9.296875022272368838e+00,5.510852835175633402e+00,2.969049851384563787e+00,-5.451987094662312794e-01
6.620000000000000107e+00,-9.243861370521745613e+00,5.538981291507561799e+00,3.791068842999357980e+00,1.730537183470298057e+00
6.629999999999999893e+00,-9.213303882130226441e+00,5.563118137023978171e+00,4.202162246858481609e+00,4.045247174132287959e+00
6.640000000000000568e+00,-9.203590978880987095e+00,5.580183169659839848e+00,4.210570515867777530e+00,6.335169522303793599e+00
6.650000000000000355e+00,-9.212773601861696804e+00,5.587351916022465836e+00,3.834064463653775956e+00,8.539763299346358139e+00
6.660000000000000142e+00,-9.238585160981205746e+00,5.582088837249756352e+00,3.099168503577527378e+00,1.060315767185473845e+01
6.669999999999999929e+00,-9.278465403331159322e+00,5.562183635495079770e+00,2.040150446808788764e+00,1.247543347574165473e+01
6.679999999999999716e+00,-9.329590146347408464e+00,5.525789739436266501e+00,6.978139081737190219e-01,1.411369634197107104e+01
6.690000000000000391e+00,-9.388908499821022602e+00,5.471463439327014733e+00,-8.818629701430680257e-01,1.548290870578697387e+01
6.700000000000000178e+00,-9.453188726540211917e+00,5.398201643866372024e+00,-2.649193006048400800e+00,1.655645760870865502e+01
6.709999999999999964e+00,-9.519073298520856596e+00,5.305475875993567847e+00,-4.552296642484321865e+00,1.731644582180142677e+01
6.719999999999999751e+00,-9.583143034735153165e+00,5.193259936492258255e+00,-6.538615573569389383e+00,1.775370495806417637e+01
6.730000000000000426e+00,-9.641989501303022791e+00,5.062048656215995202e+00,-8.556370369050942060e+00,1.786754035186858758e+01
6.740000000000000213e+00,-9.692294161917963891e+00,4.912865331903156552e+00,-1.055591275115906846e+01,1.766522801754454264e+01
6.750000000000000000e+00,-9.730912129157324841e+00,4.747255788060733117e+00,-1.249092896219463356e+01,1.716129344347026731e+01
6.759999999999999787e+00,-9.754957826765904727e+00,4.567267509213118970e+00,-1.431945830407556919e+01,1.637660987905147891e+01
6.770000000000000462e+00,-9.761889463461372429e+00,4.375412915027639293e+00,-1.600470002947418635e+01,1.533735976131249679e+01
6.780000000000000249e+00,-9.749588966904646270e+00,4.174616570451738617e+00,-1.751559184320230145e+01,1.407390674120676088e+01
6.790000000000000036e+00,-9.716433949671898773e+00,3.968146894046219231e+00,-1.882715381226185869e+01,1.261962726034232851e+01
6.799999999999999822e+00,-9.661358384872274385e+00,3.759533707530165803e+00,-1.992060194722813549e+01,1.100974977374995945e+01
6.810000000000000497e+00,-9.583898954840066153e+00,3.552473715240893171e+00,-2.078324558331734906e+01,9.280246614255862170e+00
6.820000000000000284e+00,-9.484224489629150767e+00,3.350726672899034586e+00,-2.140819147481328955e+01,7.466818365849109185e+00
6.830000000000000071e+00,-9.363146511426050367e+00,3.158005564126505238e+00,-2.179388480657410909e+01,5.604003776605741116e+00
6.839999999999999858e+00,-9.222109617393568826e+00,2.977864520069138710e+00,-2.194352279446054510e+01,3.724440099082974687e+00
6.850000000000000533e+00,-9.063161231802057571e+00,2.813588469312945595e+00,-2.186437997048543380e+01,1.858289760397688894e+00
6.860000000000000320e+00,-8.888901099515484461e+00,2.668088577804543782e+00,-2.156708552056908701e+01,3.283993172139219180e-02
6.870000000000000107e+00,-8.702411735965274175e+00,2.543807426687676898e+00,-2.106489217332717345e+01,-1.727727610367681299e+00
6.879999999999999893e+00,-8.507171852879501728e+00,2.442637584165641584e+00,-2.037297325260276182e+01,-3.402407480262831907e+00
6.890000000000000568e+00,-8.306955505744515023e+00,2.365856768929298415e+00,-1.950777983528498538e+01,-4.973301161479104060e+00
6.900000000000000355e+00,-8.105720323957955387e+00,2.314082198657248401e+00,-1.848648382052935801e+01,-6.425431635597763425e+00
6.910000000000000142e+00,-7.907488659394832808e+00,2.287245995736173487e+00,-1.732652550852351681e+01,-7.746471173399195109e+00
6.919999999999999929e+00,-7.716225802273363854e+00,2.284592717098612447e+00,-1.604527644533967745e+01,-8.926413767754725725e+00
6.929999999999999716e+00,-7.535719551368863733e+00,2.304699222887815147e+00,-1.465982027568030155e+01,-9.957224219012857702e+00
6.940000000000000391e+00,-7.369465383854405971e+00,2.345516238143440013e+00,-1.318684661355106869e+01,-1.083249452414576197e+01
6.950000000000000178e+00,-7.220561251885373011e+00,2.404430131200528731e+00,-1.164264591831161155e+01,-1.154713512127636044e+01
6.959999999999999964e+00,-7.091615650145408623e+00,2.478342668262330850e+00,-1.004318742361214589e+01,-1.209712394457626061e+01
6.969999999999999751e+00,-6.984672069913276715e+00,2.563765838139372200e+00,-8.404257610503030662e+00,-1.247933047087833991e+01
6.980000000000000426e+00,-6.901152306007942272e+00,2.656928301746378729e+00,-6.741633757264221316e+00,-1.269142536536447530e+01
6.990000000000000213e+00,-6.841820343312512875e+00,2.753889628598653161e+00,-5.071265853992594330e+00,-1.273187937004472303e+01
7.000000000000000000e+00,-6.806767752881254907e+00,2.850658251123924014e+00,-3.409440655473961357e+00,-1.260004814602703682e+01
7.009999999999999787e+00,-6.795420708996020132e+00,2.943309003445778949e+00,-1.772903777985566087e+00,-1.229633328524374924e+01
7.020000000000000462e+00,-6.806567933070486909e+00,3.028096213163780970e+00,-1.789193493423733017e-01,-1.182240401904416238e+01
7.030000000000000249e+00,-6.838408111525972721e+00,3.101558574033437488e+00,1.354748457692115604e+00,-1.118145958284804031e+01
7.040000000000000036e+00,-6.888614653152262512e+00,3.160612429188038863e+00,2.809941957621102215e+00,-1.037850898787411857e+01
7.049999999999999822e+00,-6.954415073166219763e+00,3.202630617760407805e+00,4.168308238118834552e+00,-9.420643258205663173e+00
7.060000000000000497e+00,-7.032681837002147773e+00,3.225504657004216735e+00,5.411586468078538381e+00,-8.317275078333297600e+00
7.070000000000000284e+00,-7.120031181551969013e+00,3.227688718549228231e+00,6.521975298245519248e+00,-7.080322234747429277e+00
7.080000000000000071e+00,-7.212926263374516367e+00,3.208224580654173153e+00,7.482565806184297230e+00,-5.724314108823197245e+00
7.089999999999999858e+00,-7.307780963964633614e+00,3.166747467196263432e+00,8.277820713193172253e+00,-4.266404591721149053e+00
7.100000000000000533e+00,-7.401060806760233035e+00,3.103473388546774014e+00,8.894077027266465763e+00,-2.726279884052528413e+00
7.110000000000000320e+00,-7.489377698478659084e+00,3.019169251532229037e+00,9.320047027200780931e+00,-1.125955403274070177e+00
7.120000000000000107e+00,-7.569575582698970351e+00,2.915107580814662480e+00,9.547291701720988399e+00,5.105378902110802031e-01
7.129999999999999893e+00,-7.638804566121258688e+00,2.793008171949611818e+00,9.570641413110484663e+00,2.157571371644520841e+00
7.140000000000000568e+00,-7.694581624167978973e+00,2.654969361760019630e+00,9.388540603429332165e+00,3.788428755106713286e+00
7.150000000000000355e+00,-7.734836586979909612e+00,2.503391844563069402e+00,9.003296662301702113e+00,5.375891110135350814e+00
7.160000000000000142e+00,-7.757942722934400237e+00,2.340898078851818997e+00,8.421217421198818442e+00,6.892875685933617547e+00
7.169999999999999929e+00,-7.762731848379893052e+00,2.170250319439912978e+00,7.652626870119716429e+00,8.313104383171685541e+00
7.179999999999999716e+00,-7.748494474521400832e+00,1.994270181212235427e+00,6.711754312220439722e+00,9.611776034218124209e+00
7.190000000000000391e+00,-7.714966032860296252e+00,1.815762403590230445e+00,5.616497965563428174e+00,1.076621630775846405e+01
7.200000000000000178e+00,-7.662300680060171842e+00,1.637445154738712105e+00,4.388069674234850837e+00,1.175648002642133072e+01
7.209999999999999964e+00,-7.591034556232882480e+00,1.461888809724223748e+00,3.050532607146458908e+00,1.256588288691208710e+01
7.219999999999999751e+00,-7.502040646423322912e+00,1.291464677868138455e+00,1.630248339806918523e+00,1.318144284685559420e+01
7.230000000000000426e+00,-7.396477567142508036e+00,1.128304663299363853e+00,1.552533182215141139e-01,1.359421558275883335e+01
7.240000000000000213e+00,-7.275734666452338573e+00,9.742723413899913032e-01,-1.345412760534701935e+00,1.379951318079982769e+01
7.250000000000000000e+00,-7.141375790168583038e+00,8.309454439015794280e-01,-2.842402739690014890e+00,1.379700032373840024e+01
7.259999999999999787e+00,-6.995083935247917495e+00,6.996092873081375396e-01,-4.306757858506170322e+00,1.359066740254939809e+01
7.270000000000000462e+00,-6.838608795104661020e+00,5.812602696272748393e-01,-5.710580504674736879e+00,1.318868493851280199e+01
7.280000000000000249e+00,-6.673718914301950633e+00,4.766182159749694502e-01,-7.027662665860914259e+00,1.260314820262684954e+01
7.290000000000000036e+00,-6.502159827990593222e+00,3.861460833169587659e-01,-8.234051724911877201e+00,1.184972475394947722e+01
7.299999999999999822e+00,-6.325619182427720588e+00,3.100753481142669021e-01,-9.308538757573064260e+00,1.094722062455899980e+01
7.310000000000000497e+00,-6.145699435453274795e+00,2.484353004135964049e-01,-1.023305845111696222e+01,9.917082949515336310e+00
7.320000000000000284e+00,-5.963898338442706226e+00,2.010844541663920904e-01,-1.099299392704929801e+01,8.782857928093667610e+00
7.330000000000000071e+00,-5.781597021653396951e+00,1.677423521761922665e-01,-1.157738388301007149e+01,7.569623119667997280e+00
7.339999999999999858e+00,-5.600055159147776962e+00,1.480201876507677705e-01,-1.197903334630230177e+01,6.303412291866488992e+00
7.350000000000000533e+00,-5.420412391521847617e+00,1.414488724756358951e-01,-1.219453276120558627e+01,5.010649466997593393e+00
7.360000000000000320e+00,-5.243694945716376843e+00,1.475034422148468749e-01,-1.222419296064251348e+01,3.717606611878923939e+00
7.370000000000000107e+00,-5.070826219362820630e+00,1.656229848887346423e-01,-1.207190569305252303e+01,2.449896770574426785e+00
7.379999999999999893e+00,-4.902639997216587275e+00,1.952255990968906063e-01,-1.174494073188099819e+01,1.232011548707893089e+00
7.390000000000000568e+00,-4.739894940624881592e+00,2.357182109992151109e-01,-1.125369118456937834e+01,8.690892311827283501e-02
7.400000000000000355e+00,-4.583289035652567733e+00,2.865013933320934569e-01,-1.061137848690060537e+01,-9.643454385511217586e-01
7.410000000000000142e+00,-4.433472796247340142e+00,3.469696183351797525e-01,-9.833727808053525976e+00,-1.902882640580664031e+00
7.419999999999999929e+00,-4.291060187594169406e+00,4.165076271503131422e-01,-8.938623329185011457e+00,-2.712282127413256028e+00
7.429999999999999716e+00,-4.156636451083255857e+00,4.944838000534010902e-01,-7.945751247410541396e+00,-3.378773172632469457e+00
7.440000000000000391e+00,-4.030762263685187641e+00,5.802415565204495085e-01,-6.876236565976213910e+00,-3.891390009020358587e+00
7.450000000000000178e+00,-3.913973937273293124e+00,6.730898962501608018e-01,-5.752277930932612193e+00,-4.242084636773183703e+00
7.459999999999999964e+00,-3.806779643181791073e+00,7.722942095953823083e-01,-4.596783125971068529e+00,-4.425801118668700518e+00
7.469999999999999751e+00,-3.709651919664030295e+00,8.770684392555931908e-01,-3.433006480904306379e+00,-4.440514481304425942e+00
7.480000000000000426e+00,-3.623016971204203074e+00,9.865695684460317194e-01,-2.284188496258188206e+00,-4.287236307128303281e+00
7.490000000000000213e+00,-3.547241486396092824e+00,1.099895250788924583e+00,-1.173197510111967379e+00,-3.969987863342816059e+00
7.500000000000000000e+00,-3.482617874720559392e+00,1.216085193027512057e+00,-1.221732654884561953e-01,-3.495740324468269655e+00
7.509999999999999787e+00,-3.429348943708986575e+00,1.334126664506903648e+00,8.478272343008732559e-01,-2.874320460677730615e+00
7.520000000000000462e+00,-3.387533101007000447e+00,1.452964249820718701e+00,1.717180222529079536e+00,-2.118279229554406395e+00
7.530000000000000249e+00,-3.357151167976973660e+00,1.571513696573322960e+00,2.468039334108884653e+00,-1.242720149942100338e+00
7.540000000000000036e+00,-3.338055832923783939e+00,1.688679452557254823e+00,3.084669201543535078e+00,-2.650842488442895495e-01
7.549999999999999822e+00,-3.329964655986827005e+00,1.803375249075708897e+00,3.553762607374516769e+00,7.951111849710827961e-01
7.560000000000000497e+00,-3.332457370205833769e+00,1.914546881881547646e+00,3.864733755055952624e+00,1.916581816023760654e+00
7.570000000000000284e+00,-3.344978012737288786e+00,2.021196178868827076e+00,4.009978888259984942e+00,3.076633707274159857e+00
7.580000000000000071e+00,-3.366842177268590142e+00,2.122405032727894714e+00,3.985094536461976311e+00,4.251567287476906820e+00
7.589999999999999858e+00,-3.397249415534089323e+00,2.217358323229308148e+00,3.789043219384762740e+00,5.417123813968525603e+00
7.600000000000000533e+00,-3.435300545674921047e+00,2.305364560801667739e+00,3.424256601313981463e+00,6.548967773655622437e+00
7.610000000000000320e+00,-3.480019361577311621e+00,2.385873150819137312e+00,2.896666907460248463e+00,7.623196084185273946e+00
7.620000000000000107e+00,-3.530377993576428786e+00,2.458487303758071452e+00,2.215658914574590632e+00,8.616862500750112730e+00
7.629999999999999893e+00,-3.585324959426939628e+00,2.522971794512303134e+00,1.393936977721017989e+00,9.508503478223738981e+00
7.640000000000000568e+00,-3.643814776114869147e+00,2.579254996485860651e+00,4.473042803960766145e-01,1.027865005036495383e+01
7.650000000000000355e+00,-3.704837886793268531e+00,2.627424872221894692e+00,-6.056453195943725110e-01,1.091030921404588483e+01
7.660000000000000142e+00,-3.767449599278201333e+00,2.667718880178947316e+00,-1.743918982184036626e+00,1.138939796257904646e+01
7.669999999999999929e+00,-3.830796736780231804e+00,2.700508043591939966e+00,-2.944592624633089351e+00,1.170511357502475569e+01
7.679999999999999716e+00,-3.894140768545344855e+00,2.726275708406549203e+00,-4.183343659671784565e+00,1.185022506965921529e+01
7.690000000000000391e+00,-3.956876315506501207e+00,2.745591779446027836e+00,-5.435034391445388913e+00,1.182127285300226660e+01
7.700000000000000178e+00,-4.018544108662447378e+00,2.759083454446674910e+00,-6.674328898649266151e+00,1.161866647547083709e+01
7.709999999999999964e+00,-4.078837707789853440e+00,2.767403662976293255e+00,-7.876324043285155341e+00,1.124667392886800954e+01
7.719999999999999751e+00,-4.137603555037599357e+00,2.771198552079658484e+00,-9.017173839347455200e+00,1.071329993631784028e+01
7.730000000000000426e+00,-4.194834229896530431e+00,2.771075435739158710e+00,-1.007468590789486029e+01,1.003005500519315341e+01
7.740000000000000213e+00,-4.250655075663122950e+00,2.767572636614854087e+00,-1.102886919686952893e+01,9.211621427751826019e+00
7.750000000000000000e+00,-4.305304668862188322e+00,2.761132594720342226e+00,-1.186241356855013862e+01,8.275426700122377355e+00
7.759999999999999787e+00,-4.359109888215372486e+00,2.752079500420665070e+00,-1.256108421478837833e+01,7.241138765681109035e+00
7.770000000000000462e+00,-4.412456595366609946e+00,2.740602533089032899e+00,-1.311401705870028600e+01,6.130100864187406629e+00
7.780000000000000249e+00,-4.465757153724347894e+00,2.726745559362708349e+00,-1.351390520212446589e+01,4.964726398484021530e+00
7.790000000000000036e+00,-4.519416174334424774e+00,2.710403876027521086e+00,-1.375707090093750118e+01,3.767875966862970216e+00
7.799999999999999822e+00,-4.573795980866773192e+00,2.691328283913042352e+00,-1.384342228357327009e+01,2.562239446573558066e+00
7.810000000000000497e+00,-4.629183324484693607e+00,2.669136463966267581e+00,-1.377629883961789403e+01,1.369745698691044344e+00
7.820000000000000284e+00,-4.685758851390586344e+00,2.643331308843787752e+00,-1.356221435478152593e+01,2.110210978200725562e-01
7.830000000000000071e+00,-4.743570732045565563e+00,2.613325557004823274e+00,-1.321051022040304623e+01,-8.950842713707407583e-01
7.839999999999999858e+00,-4.802513705245184283e+00,2.578471794972678310e+00,-1.273293568223291139e+01,-1.931887154856533950e+00
7.850000000000000533e+00,-4.862314578979831659e+00,2.538096649593455378e+00,-1.214317442675893233e+01,-2.885166783836051074e+00
7.860000000000000320e+00,-4.922524972355037498e+00,2.491537796497584889e+00,-1.145633878641370984e+01,-3.743358520642383613e+00
7.870000000000000107e+00,-4.982521789859850614e+00,2.438182272125898997e+00,-1.068845367916405031e+01,-4.497643174614183614e+00
7.879999999999999893e+00,-5.041515603529500567e+00,2.377504500640093443e+00,-9.855952139483909136e+00,-5.141934522434077337e+00
7.890000000000000568e+00,-5.098566793555549204e+00,2.309102437027497512e+00,-8.975202960457222545e+00,-5.672772227775498166e+00
7.900000000000000355e+00,-5.152608977464892881e+00,2.232730284062278692e+00,-8.062088622051376774e+00,-6.089131578560341040e+00
7.910000000000000142e+00,-5.202478955621021584e+00,2.148326360944749158e+00,-7.131648453794927178e+00,-6.392165027413637013e+00
7.919999999999999929e+00,-5.246952129085592276e+00,2.056034880129672615e+00,-6.197798044233769232e+00,-6.584893246772311137e+00
7.930000000000000604e+00,-5.284782115954180348e+00,1.956220618344765683e+00,-5.273131476370219062e+00,-6.671865153679942040e+00
7.940000000000000391e+00,-5.314743113364245986e+00,1.849475738299550809e+00,-4.368808277082854907e+00,-6.658807031997978854e+00
7.950000000000000178e+00,-5.335673431398195277e+00,1.736618317703478187e+00,-3.494522273309871530e+00,-6.552280450482354190e+00
7.959999999999999964e+00,-5.346518566458621002e+00,1.618682459496999737e+00,-2.658545103687914413e+00,-6.359367172372105692e+00
7.969999999999999751e+00,-5.346372187094130979e+00,1.496900178694967165e+00,-1.867833183775178263e+00,-6.087396762718766396e+00
7.980000000000000426e+00,-5.334513473735786881e+00,1.372675574062568016e+00,-1.128183682365314855e+00,-5.743729264692698955e+00
7.990000000000000213e+00,-5.310439381831623784e+00,1.247552084726712307e+00,-4.444227142368231132e-01,-5.335601323453330380e+00
8.000000000000000000e+00,-5.273890579558837111e+00,1.123173891628127530e+00,1.793923784472873928e-01,-4.870039710785843745e+00
