# eV,ground_re,ground_im,pumped_re,pumped_im
1.000000000000000021e-02,1.269606310766029651e+02,-1.754129941587604435e+03,2.098364895611619886e+03,9.265817654111304364e+03
2.000000000000000042e-02,1.262935154287310127e+02,-8.685838246391687107e+02,2.063828259356458602e+03,4.939581245478143501e+03
2.999999999999999889e-02,1.251899677437630061e+02,-5.697295942384558884e+02,2.006901453871618060e+03,3.627491322628001853e+03
4.000000000000000083e-02,1.236623094122102344e+02,-4.176560635679210804e+02,1.928522020837386663e+03,3.061979475382443070e+03
5.000000000000000278e-02,1.217275011094637307e+02,-3.244128946917123812e+02,1.829975179989184880e+03,2.787526099848045305e+03
5.999999999999999778e-02,1.194068607565377675e+02,-2.607078115514654542e+02,1.712867281137490636e+03,2.650797094227976231e+03
7.000000000000000666e-02,1.167257110358106473e+02,-2.140057704068170494e+02,1.579092776808710823e+03,2.584984607481490002e+03
8.000000000000000167e-02,1.137129637312096406e+02,-1.780534234214242417e+02,1.430795504052108072e+03,2.555918395518829129e+03
8.999999999999999667e-02,1.104006494176950497e+02,-1.493870308591926630e+02,1.270325195346196324e+03,2.544121169193718288e+03
1.000000000000000056e-01,1.068234020791361303e+02,-1.259354580787865103e+02,1.100190245611790488e+03,2.537642144322795502e+03
1.100000000000000006e-01,1.030179090630704621e+02,-1.063850705663492704e+02,9.230078424042296774e+02,2.528805115176167419e+03
1.199999999999999956e-01,9.902233736756546989e+01,-8.986213327523422834e+01,7.414526174900087199e+02,2.512583039085825931e+03
1.300000000000000044e-01,9.487574758784508333e+01,-7.576179414251018329e+01,5.582049991085676766e+02,2.485719147530005557e+03
1.400000000000000133e-01,9.061750692341477986e+01,-6.365039969909841489e+01,3.759004350197494659e+02,2.446217585701007465e+03
1.499999999999999944e-01,8.628671246158624797e+01,-5.320695691325728660e+01,1.970806175287488600e+02,2.393027883832199223e+03
1.600000000000000033e-01,8.192163551851322723e+01,-4.418664599835281592e+01,2.414777447216380679e+01,2.325835724871628372e+03
1.700000000000000122e-01,7.755919714825594724e+01,-3.639733079065675270e+01,-1.406770031779858243e+02,2.244914037126520270e+03
1.799999999999999933e-01,7.323448404387953303e+01,-2.968403361511715488e+01,-2.953905429987127604e+02,2.151009282709928357e+03
1.900000000000000022e-01,6.898031297722326372e+01,-2.391845701927643120e+01,-4.382387643044972378e+02,2.045248826174835813e+03
2.000000000000000111e-01,6.482685068522332017e+01,-1.899179790085214137e+01,-5.677416771188838993e+02,1.929061353322089190e+03
2.099999999999999922e-01,6.080129474360776243e+01,-1.480976397866038852e+01,-6.827118046580580994e+02,1.804105800759300564e+03
2.200000000000000011e-01,5.692761950912149160e+01,-1.128909506223164172e+01,-7.822657972762949612e+02,1.672206318593954848e+03
2.300000000000000100e-01,5.322638969658905950e+01,-8.355130495769762078e+00,-8.658291780936638133e+02,1.535292030325788119e+03
2.399999999999999911e-01,4.971464262512142085e+01,-5.940113582251052904e+00,-9.331343301548271256e+02,1.395341105840054752e+03
2.500000000000000000e-01,4.640583865631050742e+01,-3.982019621993087899e+00,-9.842119974298999523e+02,1.254329111275769719e+03
2.600000000000000089e-01,4.330987789265156351e+01,-2.423757124653426853e+00,-1.019376723034928091e+03,1.114181851892927170e+03
2.700000000000000178e-01,4.043317984071050120e+01,-1.212634030408641150e+00,-1.039206783904586700e+03,9.767330465661102608e+02
2.800000000000000266e-01,3.777882150158897190e+01,-3.000098353898240644e-01,-1.044519298492858070e+03,8.436872066258667928e+02
2.899999999999999800e-01,3.534672825798429585e+01,3.589250416309796021e-01,-1.036341280210174318e+03,7.165880648176554359e+02
2.999999999999999889e-01,3.313391100502054343e+01,8.052865889748056505e-01,-1.015877482196374217e+03,5.967928311469147502e+02
3.099999999999999978e-01,3.113474223841908994e+01,1.076584298367270653e+00,-9.844759273581298658e+02,4.854524552108152875e+02
3.200000000000000067e-01,2.934126328049206833e+01,1.206782881003227281e+00,-9.435920407811205450e+02,3.834979599315101950e+02
3.300000000000000155e-01,2.774351449831740624e+01,1.226357097168482069e+00,-8.947522998077306511e+02,2.916327879046036173e+02
3.400000000000000244e-01,2.632988025014681099e+01,1.162353166087939593e+00,-8.395182911069040301e+02,2.103309758424102824e+02
3.500000000000000333e-01,2.508744038099089479e+01,1.038466177343212449e+00,-7.794520154762793709e+02,1.398408506411062433e+02
3.599999999999999867e-01,2.400232036662833579e+01,8.751396267362716586e-01,-7.160832120329404233e+02,8.019382728038046082e+01
3.699999999999999956e-01,2.306003266243661187e+01,6.896904896088842385e-01,-6.508793865159190091e+02,3.121778805213649832e+01
3.800000000000000044e-01,2.224580243064984586e+01,4.964610160654802096e-01,-5.852191267179903207e+02,-7.445562325472132592e+00
3.900000000000000133e-01,2.154487157454467550e+01,3.069966116963406821e-01,-5.203691749879011468e+02,-3.632003794504068139e+01
4.000000000000000222e-01,2.094277587540710428e+01,1.302477026319335818e-01,-4.574656069118050823e+02,-5.607172857088242068e+01
4.100000000000000311e-01,2.042559098064412026e+01,-2.720766260636362649e-02,-3.974993404074443788e+02,-6.748391781466428085e+01
4.199999999999999845e-01,1.998014400053041228e+01,-1.609245792170524159e-01,-3.413060742432991219e+02,-7.143091396787984593e+01
4.299999999999999933e-01,1.959418850786596167e+01,-2.683401176167750646e-01,-2.895606329973547872e+02,-6.885153024462644566e+01
4.400000000000000022e-01,1.925654177071911732e+01,-3.485152683131221285e-01,-2.427755800357689964e+02,-6.072291750410307287e+01
4.500000000000000111e-01,1.895718405608840129e+01,-4.018751785426322720e-01,-2.013038542365839874e+02,-4.803540143875386548e+01
4.600000000000000200e-01,1.868732079629860010e+01,-4.299527917456708037e-01,-1.653450925203832469e+02,-3.176890989853094283e+01
4.700000000000000289e-01,1.843940928738054552e+01,-4.351407593465858592e-01,-1.349552209228210131e+02,-1.287149702423805664e+01
4.799999999999999822e-01,1.820715236981016361e+01,-4.204561030090341323e-01,-1.100588335813374812e+02,7.759617980979671259e+00
4.899999999999999911e-01,1.798546221060025729e+01,-3.893215901818125046e-01,-9.046383269162886620e+01,2.929417528279693528e+01
5.000000000000000000e-01,1.777039784952261314e+01,-3.453671727249082446e-01,-7.587777374149008836e+01,5.098193928342269032e+01
5.100000000000000089e-01,1.755908058294627239e+01,-2.922541544196048391e-01,-6.592534912071860731e+01,7.216258119195354936e+01
5.200000000000000178e-01,1.734959153231322304e+01,-2.335240247390478197e-01,-6.016644897667976011e+01,9.227235426512162064e+01
5.300000000000000266e-01,1.714085588064060772e+01,-1.724731491684657614e-01,-5.811425988629013517e+01,1.108476292909659975e+02
5.400000000000000355e-01,1.693251826356679146e+01,-1.120537650967353971e-01,-5.925289805984579061e+01,1.275254429111551673e+02
5.500000000000000444e-01,1.672481367892206805e+01,-5.480101949909276654e-02,-6.305412252146091134e+01,1.420412866826773097e+02
5.600000000000000533e-01,1.651843804144127859e+01,-2.785120613367311673e-03,-6.899273286840862340e+01,1.542244286303375702e+02
5.700000000000000622e-01,1.631442217068504164e+01,4.241292185123994585e-02,-7.656032342423921477e+01,1.639911101398914184e+02
5.799999999999999600e-01,1.611401257641074380e+01,7.970401026307050163e-02,-8.527713836317313678e+01,1.713359985494476803e+02
5.899999999999999689e-01,1.591856191414113653e+01,1.084745935167954756e-01,-9.470184814449854116e+01,1.763222993414846371e+02
5.999999999999999778e-01,1.572943144321303777e+01,1.285540147385275389e-01,-1.044391438411936406e+02,1.790709415033251162e+02
6.099999999999999867e-01,1.554790724932166945e+01,1.401685860447860477e-01,-1.141451202781752414e+02,1.797492459265876050e+02
6.199999999999999956e-01,1.537513141254834181e+01,1.438855211472827023e-01,-1.235304891012494295e+02,1.785594705678468017e+02
6.300000000000000044e-01,1.521204872840235289e+01,1.405498717705688239e-01,-1.323617270165281639e+02,1.757275987525920300e+02
6.400000000000000133e-01,1.505936904062243187e+01,1.312175328850351541e-01,-1.404603208113946664e+02,1.714927000211486927e+02
6.500000000000000222e-01,1.491754473575629980e+01,1.170872130430685581e-01,-1.477003180719396767e+02,1.660971480620892748e+02
6.600000000000000311e-01,1.478676249415812904e+01,9.943402034874732065e-02,-1.540044297944688765e+02,1.597779294851024190e+02
6.700000000000000400e-01,1.466694800088144213e+01,7.954700435260343705e-02,-1.593389577756994129e+02,1.527592224652603079e+02
6.800000000000000488e-01,1.455778200122531096e+01,5.867263336824155712e-02,-1.637078355618745888e+02,1.452463676719609680e+02
6.900000000000000577e-01,1.445872584486820500e+01,3.796579013138452752e-02,-1.671460770111237650e+02,1.374212973524768131e+02
7.000000000000000666e-01,1.436905450223748382e+01,1.844945146903948646e-02,-1.697129216867278956e+02,1.294394338291736233e+02
7.099999999999999645e-01,1.428789495689827937e+01,9.837946452495751996e-04,-1.714849521680841349e+02,1.214280176756727343e+02
7.199999999999999734e-01,1.421426787557333427e+01,-1.375494142240856442e-02,-1.725494360197217532e+02,1.134857799251248878e+02
7.299999999999999822e-01,1.414713052779790381e+01,-2.528590463875044630e-02,-1.729981158869141780e+02,1.056838330405392696e+02
7.399999999999999911e-01,1.408541906293742052e+01,-3.332581178353844625e-02,-1.729216364358418900e+02,9.806762296558162006e+01
7.500000000000000000e-01,1.402808844435189783e+01,-3.778260397513281271e-02,-1.724047581720416247e+02,9.065975999713457156e+01
7.600000000000000089e-01,1.397414857850763958e+01,-3.874158004796843247e-02,-1.715224671384502813e+02,8.346352979607983968e+01
7.700000000000000178e-01,1.392269544948043425e+01,-3.644522001114434973e-02,-1.703370476827577704e+02,7.646687759941960394e+01
7.800000000000000266e-01,1.387293636470343827e+01,-3.126805797026876999e-02,-1.688961443924127366e+02,6.964665835163667396e+01
7.900000000000000355e-01,1.382420872402477130e+01,-2.368804948634043589e-02,-1.672318003062384264e+02,6.297295251535116734e+01
8.000000000000000444e-01,1.377599202950428570e+01,-1.425590334830241675e-02,-1.653604228469433508e+02,5.641326100556078416e+01
8.100000000000000533e-01,1.372791314694364218e+01,-3.563815238393002512e-03,-1.632835976089222356e+02,4.993641208720504920e+01
8.200000000000000622e-01,1.367974510199716498e+01,7.785044288115668121e-03,-1.609896439930418239e+02,4.351603710955225779e+01
8.300000000000000711e-01,1.363139993527704874e+01,1.920506618135311289e-02,-1.584557862833465549e+02,3.713349945414409348e+01
8.399999999999999689e-01,1.358291634513650514e+01,3.015371163305920546e-02,-1.556507994481379455e+02,3.078019082812953755e+01
8.499999999999999778e-01,1.353444300852079074e+01,4.015313998731116774e-02,-1.525379808197555462e+02,2.445913982160147526e+01
8.599999999999999867e-01,1.348621858598982470e+01,4.880732162212619157e-02,-1.490782967360837290e+02,1.818590828713753282e+01
8.699999999999999956e-01,1.343854948518311865e+01,5.581423119031509589e-02,-1.452335568753876203e+02,1.198878049443509397e+01
8.800000000000000044e-01,1.339178647790083865e+01,6.097294739437219419e-02,-1.409694778630586427e+02,5.908277180949088603e+00
8.900000000000000133e-01,1.334630124163943066e+01,6.418570849782664900e-02,-1.362585110982883805e+02,-3.949276505033124524e-03
9.000000000000000222e-01,1.330246383045220959e+01,6.545517986241997099e-02,-1.310823268443255643e+02,-5.686761975235123501e+00
9.100000000000000311e-01,1.326062197738911763e+01,6.487737379636998591e-02,-1.254338665677433511e+02,-1.107163614802841600e+01
9.200000000000000400e-01,1.322108299761780792e+01,6.263081700282352449e-02,-1.193188973738047736e+02,-1.608510102087636184e+01
9.300000000000000488e-01,1.318409890460182510e+01,5.896268243751510291e-02,-1.127570252311800232e+02,-2.065141554672165825e+01
9.400000000000000577e-01,1.314985517892408140e+01,5.417268744113731826e-02,-1.057821466007784750e+02,-2.469536430848885189e+01
9.500000000000000666e-01,1.311846344825161204e+01,4.859560718181529099e-02,-9.844234022957759578e+01,-2.814506185207503108e+01
9.599999999999999645e-01,1.308995815523952011e+01,4.258326184302473061e-02,-9.079922147691959822e+01,-3.093465965597897949e+01
9.699999999999999734e-01,1.306429711521525228e+01,3.648680920811041978e-02,-8.292679995349296007e+01,-3.300685937064711339e+01
9.799999999999999822e-01,1.304136570400676831e+01,3.064011425216373041e-02,-7.490989694521975650e+01,-3.431514827307970705e+01
9.899999999999999911e-01,1.302098427416362547e+01,2.534487816040566915e-02,-6.684219167783862758e+01,-3.482568741917453536e+01
1.000000000000000000e+00,1.300291827992576188e+01,2.085809591825832018e-02,-5.882397471020696855e+01,-3.451879903860791643e+01
1.010000000000000009e+00,1.298689050128340483e+01,1.738228006310750182e-02,-5.095969252686675333e+01,-3.339001659755818707e+01
1.020000000000000018e+00,1.297259469773839591e+01,1.505874462674948976e-02,-4.335536977351330279e+01,-3.145067796585430742e+01
1.030000000000000027e+00,1.295970999399068191e+01,1.396409421657487417e-02,-3.611599471057071042e+01,-2.872805862497850882e+01
1.040000000000000036e+00,1.294791530249595546e+01,1.410991501466835919e-02,-2.934294963040987625e+01,-2.526505726683265962e+01
1.050000000000000044e+00,1.293690312018104827e+01,1.544552334721020076e-02,-2.313156156665004914e+01,-2.111945997065620872e+01
1.060000000000000053e+00,1.292639209592867822e+01,1.786349898189553906e-02,-1.756884006541416809e+01,-1.636282101609040751e+01
1.070000000000000062e+00,1.291613784812183674e+01,2.120761930310300150e-02,-1.273145858357365512e+01,-1.107900801072382535e+01
1.080000000000000071e+00,1.290594161312318633e+01,2.528272093875536322e-02,-8.684024748827820162e+00,-5.362466208322528516e+00
1.090000000000000080e+00,1.289565642100161647e+01,2.986595018330537657e-02,-5.477672784576752107e+00,6.837383926126503475e-01
1.100000000000000089e+00,1.288519061866794324e+01,3.471882447787170284e-02,-3.148999373591001572e+00,6.950035308578280890e+00
1.110000000000000098e+00,1.287450868725608721e+01,3.959951492053707944e-02,-1.719352574638512543e+00,1.332256335963007032e+01
1.120000000000000107e+00,1.286362942457712322e+01,4.427477380054618827e-02,-1.194472526476689556e+00,1.968542227251210974e+01
1.130000000000000115e+00,1.285262167957887591e+01,4.853096991033764573e-02,-1.564472916562404503e+00,2.592290629525070145e+01
1.140000000000000124e+00,1.284159792926519295e+01,5.218375533862130294e-02,-2.804143822150175325e+00,3.192166939040553686e+01
1.150000000000000133e+00,1.283070607545485764e+01,5.508596718699329542e-02,-4.873549730377590095e+00,3.757277803566175578e+01
1.159999999999999920e+00,1.282011990590523354e+01,5.713346210168284561e-02,-7.718891407724049358e+00,4.277361483258917474e+01
1.169999999999999929e+00,1.281002870944277205e+01,5.826868609682660932e-02,-1.127359683139021129e+01,4.742960363207256336e+01
1.179999999999999938e+00,1.280062655658487181e+01,5.848189200242336072e-02,-1.545960455228562225e+01,5.145573437490562441e+01
1.189999999999999947e+00,1.279210175548669071e+01,5.781002705645867101e-02,-2.018880250001557286e+01,5.477787300167576490e+01
1.199999999999999956e+00,1.278462696868960968e+01,5.633341886172398005e-02,-2.536458617650660585e+01,5.733384833911773626e+01
1.209999999999999964e+00,1.277835043082298228e+01,5.417048465818344316e-02,-3.088350218543273584e+01,5.907431360992800506e+01
1.219999999999999973e+00,1.277338864370440952e+01,5.147077263985679052e-02,-3.663694584941733012e+01,5.996338499230004970e+01
1.229999999999999982e+00,1.276982084650500937e+01,4.840671155460614383e-02,-4.251288500240866597e+01,5.997906339271725074e+01
1.239999999999999991e+00,1.276768546866919607e+01,4.516449353302388892e-02,-4.839758563817549941e+01,5.911344827452001738e+01
1.250000000000000000e+00,1.276697867636204720e+01,4.193454334193558869e-02,-5.417731869013788781e+01,5.737275405037815545e+01
1.260000000000000009e+00,1.276765502382096429e+01,3.890203431750044460e-02,-5.974003058298890068e+01,5.477714029866194778e+01
1.270000000000000018e+00,1.276963012357228600e+01,3.623789730587997915e-02,-6.497696314109613525e+01,5.136036704710088685e+01
1.280000000000000027e+00,1.277278515831469008e+01,3.409073513982982528e-02,-6.978421081707354290e+01,4.716928576223550351e+01
1.290000000000000036e+00,1.277697297627716466e+01,3.258000345982026147e-02,-7.406420492238686393e+01,4.226317569303935784e+01
1.300000000000000044e+00,1.278202544441617761e+01,3.179075174516271529e-02,-7.772711556085569384e+01,3.671293405489802808e+01
1.310000000000000053e+00,1.278776168264513302e+01,3.177013956072498313e-02,-8.069216229990496458e+01,3.060012741648065315e+01
1.320000000000000062e+00,1.279399676934669827e+01,3.252585601369569618e-02,-8.288882432882061835e+01,2.401591076284298509e+01
1.330000000000000071e+00,1.280055049482417573e+01,3.402647930570543849e-02,-8.425794005900131367e+01,1.705982022351890492e+01
1.340000000000000080e+00,1.280725574534877964e+01,3.620372221942384089e-02,-8.475268496690651432e+01,9.838445509506062336e+00
1.350000000000000089e+00,1.281396612543516689e+01,3.895642248129405766e-02,-8.433941514303370468e+01,2.463988790547700258e+00
1.360000000000000098e+00,1.282056246847963443e+01,4.215605803067073998e-02,-8.299836268426571451e+01,-4.947281890821333405e+00
1.370000000000000107e+00,1.282695794372223830e+01,4.565349972092023340e-02,-8.072416795284622992e+01,-1.227667453415112853e+01
1.380000000000000115e+00,1.283310153779929230e+01,4.928666074720464141e-02,-7.752623301798702471e+01,-1.940479763453856776e+01
1.390000000000000124e+00,1.283897976857516277e+01,5.288866532777199841e-02,-7.342888047375406302e+01,-2.621335121196705842e+01
1.400000000000000133e+00,1.284461657376308885e+01,5.629614029148203441e-02,-6.847130244024714329e+01,-3.258696490914432076e+01
1.409999999999999920e+00,1.285007140315054563e+01,5.935723285616607836e-02,-6.270728601882816378e+01,-3.841505991252815733e+01
1.419999999999999929e+00,1.285543562710573262e+01,6.193897580327863139e-02,-5.620470385749664644e+01,-4.359370772530343174e+01
1.429999999999999938e+00,1.286082745168201491e+01,6.393365642963677598e-02,-4.904476181228041298e+01,-4.802745532825230157e+01
1.439999999999999947e+00,1.286638559859923703e+01,6.526389629507170498e-02,-4.132099993627558376e+01,-5.163108323075194050e+01
1.449999999999999956e+00,1.287226206367739678e+01,6.588621241749850754e-02,-3.313804810989073246e+01,-5.433126055889314898e+01
1.459999999999999964e+00,1.287861430753751435e+01,6.579290416837457744e-02,-2.461014341473240563e+01,-5.606805985252938740e+01
1.469999999999999973e+00,1.288559725587139582e+01,6.501219024546499303e-02,-1.585942267544412942e+01,-5.679629382116094405e+01
1.479999999999999982e+00,1.289335549239025092e+01,6.360660303451222408e-02,-7.014010236631351702e+00,-5.648663707545591706e+01
1.489999999999999991e+00,1.290201601556561783e+01,6.166972960800919112e-02,1.794072235925002312e+00,-5.512649789698142655e+01
1.500000000000000000e+00,1.291168190115342185e+01,5.932146581004608954e-02,1.043114060044981350e+01,-5.272060847214289936e+01
1.510000000000000009e+00,1.292242716768931388e+01,5.670201884122917646e-02,1.876418831311222490e+01,-4.929130668128650683e+01
1.520000000000000018e+00,1.293429308380514264e+01,5.396495137895537114e-02,2.666328694325047977e+01,-4.487848842813760086e+01
1.530000000000000027e+00,1.294728608709000106e+01,5.126960396687153115e-02,3.400399794312231450e+01,-3.953921649096390212e+01
1.540000000000000036e+00,1.296137740752454626e+01,4.877326024579497349e-02,4.066974328272542749e+01,-3.334697979640546350e+01
1.550000000000000044e+00,1.297650440780575920e+01,4.662343036481144537e-02,4.655408074395780460e+01,-2.639060563554280492e+01
1.560000000000000053e+00,1.299257357187207518e+01,4.495062117273495444e-02,5.156282938317423259e+01,-1.877283639744316446e+01
1.570000000000000062e+00,1.300946499535876022e+01,4.386193790730602560e-02,5.561599200922947261e+01,-1.060859159788386386e+01
1.580000000000000071e+00,1.302703816111980117e+01,4.343582221249415315e-02,5.864942452004835616e+01,-2.022945022505295398e+00
1.590000000000000080e+00,1.304513872258190510e+01,4.371817728618647425e-02,6.061620656877520474e+01,6.851144629049121804e+00
1.600000000000000089e+00,1.306360597031372883e+01,4.472006529757364263e-02,6.148767420385673432e+01,1.587530342540599015e+01
1.610000000000000098e+00,1.308228062497489042e+01,4.641708794724520165e-02,6.125408270015093137e+01,2.490835932331154368e+01
1.620000000000000107e+00,1.310101258423616599e+01,4.875048159867473307e-02,5.992487656977119315e+01,3.380904844858584823e+01
1.630000000000000115e+00,1.311966825306094897e+01,5.162987744793170325e-02,5.752855346301264206e+01,4.243874842120992952e+01
1.640000000000000124e+00,1.313813710584143735e+01,5.493759845409613984e-02,5.411211905270770472e+01,5.066417448362474829e+01
1.650000000000000133e+00,1.315633716443513102e+01,5.853429186332170103e-02,4.974014072126617236e+01,5.835997389709575600e+01
1.660000000000000142e+00,1.317421912653967553e+01,6.226563250363510021e-02,4.449341860152093631e+01,6.541115565831934475e+01
1.669999999999999929e+00,1.319176894178527526e+01,6.596978056898368525e-02,3.846730291694098725e+01,7.171529604517719747e+01
1.679999999999999938e+00,1.320900870554368822e+01,6.948524076583624531e-02,3.176969628636594223e+01,7.718446575009616595e+01
1.689999999999999947e+00,1.322599581942656499e+01,7.265874921886496252e-02,2.451878838394163651e+01,8.174683126301428615e+01
1.699999999999999956e+00,1.324282044914681045e+01,7.535281143706122620e-02,1.684057778697945906e+01,8.534789152673690182e+01
1.709999999999999964e+00,1.325960139107622560e+01,7.745252915012859618e-02,8.866241754020752097e+00,8.795132045740744786e+01
1.719999999999999973e+00,1.327648053471245682e+01,7.887138535337499812e-02,7.294188528656264658e-01,8.953939641104125258e+01
1.729999999999999982e+00,1.329361617582755173e+01,7.955570408109428893e-02,-7.436528339050893166e+00,9.011301075987381637e+01
1.739999999999999991e+00,1.331117549113272780e+01,7.948756217151399517e-02,-1.550120289262546081e+01,8.969125907451395108e+01
1.750000000000000000e+00,1.332932652718526967e+01,7.868600186352071868e-02,-2.333974959875769883e+01,8.831062963495068630e+01
1.760000000000000009e+00,1.334823008194801197e+01,7.720647223384408120e-02,-3.083525505568221803e+01,8.602381476366220170e+01
1.770000000000000018e+00,1.336803186557822443e+01,7.513851062954117477e-02,-3.788091472903769841e+01,8.289818045092283683e+01
1.780000000000000027e+00,1.338885531715718535e+01,7.260175854992366451e-02,-4.438191693226378476e+01,7.901393861621134818e+01
1.790000000000000036e+00,1.341079542648351008e+01,6.974048602341358094e-02,-5.025700207412938880e+01,7.446207384817876118e+01
1.800000000000000044e+00,1.343391386586830016e+01,6.671687068414278166e-02,-5.543966505601173367e+01,6.934208236340640497e+01
1.810000000000000053e+00,1.345823567798795928e+01,6.370333906541235380e-02,-5.987897906596550968e+01,6.375958504986854791e+01
1.820000000000000062e+00,1.348374769486307656e+01,6.087432514504653031e-02,-6.354002987672326697e+01,5.782387870301374022e+01
1.830000000000000071e+00,1.351039878311291176e+01,5.839783255811447499e-02,-6.640396076421458815e+01,5.164548987222557486e+01
1.840000000000000080e+00,1.353810192540193036e+01,5.642720051319309593e-02,-6.846763897437104163e+01,4.533379412878943526e+01
1.850000000000000089e+00,1.356673806134640969e+01,5.509346848514299483e-02,-6.974296494181714934e+01,3.899476012207438913e+01
1.860000000000000098e+00,1.359616152709135584e+01,5.449871123379038812e-02,-7.025585488951713842e+01,3.272887264667296137e+01
1.870000000000000107e+00,1.362620685523501329e+01,5.471067449067870681e-02,-7.004493573103789572e+01,2.662928229212123910e+01
1.880000000000000115e+00,1.365669662944537777e+01,5.575898446766960892e-02,-6.915999811608229209e+01,2.078022132768439079e+01
1.890000000000000124e+00,1.368745003423605766e+01,5.763313362855584931e-02,-6.766025881401164099e+01,1.525571656464136616e+01
1.900000000000000133e+00,1.371829170261787212e+01,6.028236403982378117e-02,-6.561248728308551392e+01,1.011862034252049902e+01
1.910000000000000142e+00,1.374906044468541744e+01,6.361748170940216551e-02,-6.308905314793156549e+01,5.419970825733050113e+00
1.919999999999999929e+00,1.377961743978963050e+01,6.751454462311493043e-02,-6.016595138773023166e+01,1.198682800635182621e+00
1.929999999999999938e+00,1.380985349407673546e+01,7.182027787128957008e-02,-5.692086036620887057e+01,-2.518439547914639753e+00
1.939999999999999947e+00,1.383969500322973367e+01,7.635898548949827946e-02,-5.343128451268835022e+01,-5.716385521620316545e+00
1.949999999999999956e+00,1.386910831574166991e+01,8.094065438965283854e-02,-4.977282864477504631e+01,-8.391342347508949473e+00
1.959999999999999964e+00,1.389810226266560456e+01,8.536988462133439370e-02,-4.601764480799923263e+01,-1.054985420142672581e+01
1.969999999999999973e+00,1.392672870247629824e+01,8.945523521894459262e-02,-4.223308533442916968e+01,-1.220777467498727376e+01
1.979999999999999982e+00,1.395508102079573831e+01,9.301854840117526613e-02,-3.848058785919189972e+01,-1.338905591103127968e+01
1.989999999999999991e+00,1.398329062018207480e+01,9.590380842336188039e-02,-3.481480956859876130e+01,-1.412442044095541505e+01
2.000000000000000000e+00,1.401152153059979000e+01,9.798510557006311072e-02,-3.128301928300224688e+01,-1.444996296626666243e+01
2.010000000000000231e+00,1.403996336214810192e+01,9.917331030371596967e-02,-2.792474739704015008e+01,-1.440572895064157244e+01
2.020000000000000018e+00,1.406882290382459821e+01,9.942111620154897578e-02,-2.477168549336917636e+01,-1.403431499550095118e+01
2.030000000000000249e+00,1.409831474157472186e+01,9.872618086303770746e-02,-2.184781987601869346e+01,-1.337953267942581803e+01
2.040000000000000036e+00,1.412865132217147313e+01,9.713217848214111827e-02,-1.916977656896450100e+01,-1.248517301193313145e+01
2.049999999999999822e+00,1.416003292381778245e+01,9.472767258491782139e-02,-1.674734969017516661e+01,-1.139390308513474892e+01
2.060000000000000053e+00,1.419263800781965124e+01,9.164281832597276356e-02,-1.458418069401264106e+01,-1.014632013220453643e+01
2.069999999999999840e+00,1.422661441722354780e+01,8.804400615106475203e-02,-1.267855288105906020e+01,-8.780181269710954695e+00
2.080000000000000071e+00,1.426207185791702692e+01,8.412665784657800960e-02,-1.102426386028587402e+01,-7.329819973461377813e+00
2.089999999999999858e+00,1.429907604633756435e+01,8.010647734656232977e-02,-9.611538319900388316e+00,-5.825753078101060467e+00
2.100000000000000089e+00,1.433764483758515595e+01,7.620953776130731661e-02,-8.427944477225837616e+00,-4.294475055312460654e+00
2.109999999999999876e+00,1.437774656126641482e+01,7.266164901467728199e-02,-7.459279845674195997e+00,-2.758429753701848952e+00
2.120000000000000107e+00,1.441930069348755161e+01,6.967749398051545362e-02,-6.690395347834233064e+00,-1.236143890498707876e+00
2.129999999999999893e+00,1.446218088638483579e+01,6.745004267053197888e-02,-6.105931151943899238e+00,2.574984451357171245e-01
2.140000000000000124e+00,1.450622026621886462e+01,6.614075237978048194e-02,-5.690942719910211167e+00,1.710865038318171383e+00
2.149999999999999911e+00,1.455121880240431409e+01,6.587103631496060707e-02,-5.431401213184384957e+00,3.115096211157486916e+00
2.160000000000000142e+00,1.459695244796728275e+01,6.671543477167349301e-02,-5.314558380324124975e+00,4.463566297862677779e+00
2.169999999999999929e+00,1.464318366168490648e+01,6.869685311986592491e-02,-5.329172115259401821e+00,5.751315862788688449e+00
2.180000000000000160e+00,1.468967284800537421e+01,7.178414245224967738e-02,-5.465594800983566870e+00,6.974483959030483682e+00
2.189999999999999947e+00,1.473619019656787010e+01,7.589219541308975248e-02,-5.715732125168510258e+00,8.129767992928798037e+00
2.200000000000000178e+00,1.478252737171460041e+01,8.088461588821671544e-02,-6.072885077648529695e+00,9.213936034496576610e+00
2.209999999999999964e+00,1.482850849579755703e+01,8.657890191798157942e-02,-6.531492146961551448e+00,1.022341283441694593e+01
2.220000000000000195e+00,1.487399988923072414e+01,9.275396177779883511e-02,-7.086792188136838533e+00,1.115395654090428934e+01
2.229999999999999982e+00,1.491891807485744437e+01,9.915966917056376340e-02,-7.734430936475096274e+00,1.200043834035425938e+01
2.240000000000000213e+00,1.496323562285615161e+01,1.055280602904284520e-01,-8.470035630437818597e+00,1.275673217298519901e+01
2.250000000000000000e+00,1.500698450252109595e+01,1.115856881789711597e-01,-9.288782658757385846e+00,1.341571650221379564e+01
2.260000000000000231e+00,1.505025671520667707e+01,1.170665827322801278e-01,-1.018498257954714248e+01,1.396938504532247549e+01
2.270000000000000018e+00,1.509320210398886530e+01,1.217252215386031150e-01,-1.115170532702352446e+01,1.440905859414194978e+01
2.280000000000000249e+00,1.513602336492397704e+01,1.253489000377072116e-01,-1.218046601332940426e+01,1.472568574241244654e+01
2.290000000000000036e+00,1.517896841642392758e+01,1.277689007529451970e-01,-1.326098856784922653e+01,1.491021664300607341e+01
2.300000000000000266e+00,1.522232041121279522e+01,1.288699007736950897e-01,-1.438106067821218836e+01,1.495403096754639272e+01
2.310000000000000053e+00,1.526638579359235237e+01,1.285971231947866944e-01,-1.552648926862265100e+01,1.484939912602322565e+01
2.319999999999999840e+00,1.531148090761902125e+01,1.269608295197180714e-01,-1.668116124733695571e+01,1.458995458372502085e+01
2.330000000000000071e+00,1.535791774412838606e+01,1.240378625824601205e-01,-1.782720965663338220e+01,1.417115481097185103e+01
2.339999999999999858e+00,1.540598947198285451e+01,1.199700787494130949e-01,-1.894528084484612762e+01,1.359070900641037838e+01
2.350000000000000089e+00,1.545595642812818227e+01,1.149596485569149285e-01,-2.001489402239363358e+01,1.284895220196742827e+01
2.359999999999999876e+00,1.550803323988556315e+01,1.092613503870191460e-01,-2.101488071966432258e+01,1.194914761072373643e+01
2.370000000000000107e+00,1.556237772056431901e+01,1.031721257538128628e-01,-2.192388837209793806e+01,1.089770201418946094e+01
2.379999999999999893e+00,1.561908211653754464e+01,9.701830061521338200e-02,-2.272092963070392813e+01,9.704282475991668377e+00
2.390000000000000124e+00,1.567816719237341516e+01,9.114099837627329115e-02,-2.338595712084243416e+01,8.381826570348708927e+00
2.399999999999999911e+00,1.573957952380661673e+01,8.588037092186708021e-02,-2.390044230443503537e+01,6.946442469533338659e+00
2.410000000000000142e+00,1.580319223086467062e+01,8.155934888571704511e-02,-2.424793686551408101e+01,5.417199482576026348e+00
2.419999999999999929e+00,1.586880923099919372e+01,7.846765722455711911e-02,-2.441459562919111903e+01,3.815813815808917209e+00
2.430000000000000160e+00,1.593617293112766298e+01,7.684685405424401816e-02,-2.438964140221987265e+01,2.166238278804887951e+00
2.439999999999999947e+00,1.600497511516149984e+01,7.687712806117069642e-02,-2.416575422339398926e+01,4.941682430136032922e-01
2.450000000000000178e+00,1.607487062724950277e+01,7.866653258528351345e-02,-2.373937024280385089e+01,-1.173520752050913218e+00
2.459999999999999964e+00,1.614549330792463522e+01,8.224324420534426250e-02,-2.311087869786906168e+01,-2.809385864676444911e+00
2.470000000000000195e+00,1.621647351755091648e+01,8.755131340839891751e-02,-2.228470909176345671e+01,-4.386060606287179198e+00
2.479999999999999982e+00,1.628745648516895983e+01,9.445022920894316498e-02,-2.126930456549706960e+01,-5.876908539183916425e+00
2.490000000000000213e+00,1.635812065627590783e+01,1.027184542077991258e-01,-2.007698144154490905e+01,-7.256665968968660785e+00
2.500000000000000000e+00,1.642819518422181346e+01,1.120609084226224655e-01,-1.872367885696689882e+01,-8.502053044575502483e+00
2.510000000000000231e+00,1.649747571925230716e+01,1.221201969542145271e-01,-1.722860615473132384e+01,-9.592333870441859034e+00
2.520000000000000018e+00,1.656583769762623604e+01,1.324911963245922475e-01,-1.561379913068094183e+01,-1.050980810150584155e+01
2.530000000000000249e+00,1.663324641980833718e+01,1.427384454095065591e-01,-1.390359922206806331e+01,-1.124021895257043901e+01
2.540000000000000036e+00,1.669976332885664050e+01,1.524156373282102850e-01,-1.212407217221424816e+01,-1.177306550932250673e+01
2.550000000000000266e+00,1.676554805348655108e+01,1.610863858802101811e-01,-1.030238453673560706e+01,-1.210181056327811611e+01
2.560000000000000053e+00,1.683085595904646681e+01,1.683453506121224408e-01,-8.466157556172767329e+00,-1.222397878018950301e+01
2.569999999999999840e+00,1.689603114659970373e+01,1.738387535638765413e-01,-6.642818379495276204e+00,-1.214114371766220835e+01
2.580000000000000071e+00,1.696149504723063828e+01,1.772833118433839728e-01,-4.858968380528650322e+00,-1.185880589814675368e+01
2.589999999999999858e+00,1.702773096661121599e+01,1.784826453146818315e-01,-3.139787387991768597e+00,-1.138616768689604619e+01
2.600000000000000089e+00,1.709526513445466023e+01,1.773402978584918133e-01,-1.508491096678187482e+00,-1.073581399793758706e+01
2.609999999999999876e+00,1.716464499547190314e+01,1.738686319149698178e-01,1.414318874812714455e-02,-9.923310744133214456e+00
2.620000000000000107e+00,1.723641563401947607e+01,1.681930154423338097e-01,1.410169917245998494e+00,-8.966735365738280450e+00
2.629999999999999893e+00,1.731109534583278986e+01,1.605509122836918101e-01,2.664778166011337213e+00,-7.886155640556951063e+00
2.640000000000000124e+00,1.738915145037083931e+01,1.512857038450177161e-01,3.766497652781472194e+00,-6.703074244379559232e+00
2.649999999999999911e+00,1.747097747122921874e+01,1.408353031920935861e-01,4.707304873500020470e+00,-5.439857162430925541e+00
2.660000000000000142e+00,1.755687279654462429e+01,1.297158623777420472e-01,5.482629729958832243e+00,-4.119164044126694790e+00
2.669999999999999929e+00,1.764702586511687343e+01,1.185011095746784232e-01,6.091266284633736205e+00,-2.763397960857280289e+00
2.680000000000000160e+00,1.774150180810937627e+01,1.077980737661971000e-01,6.535194334714119258e+00,-1.394190808192228515e+00
2.689999999999999947e+00,1.784023531387665429e+01,9.822015093992224333e-02,6.819321231431723085e+00,-3.193884842001223218e-02
2.700000000000000178e+00,1.794302928009074805e+01,9.035862725467341816e-02,6.951155695510957244e+00,1.304599307165501543e+00
2.709999999999999964e+00,1.804955958028557816e+01,8.475389298269023208e-02,6.940427223168923021e+00,2.598632533814347223e+00
2.720000000000000195e+00,1.815938601035306021e+01,8.186764921750418200e-02,6.798665987090704022e+00,3.835587920537720574e+00
2.729999999999999982e+00,1.827196920496833599e+01,8.205742235997859346e-02,6.538758881344629792e+00,5.003278430275575062e+00
2.740000000000000213e+00,1.838669303597302118e+01,8.555465644772870804e-02,6.174497527749460701e+00,6.091986542228874590e+00
2.750000000000000000e+00,1.850289173652788577e+01,9.244755009167722470e-02,5.720133664414476016e+00,7.094465864661246179e+00
2.760000000000000231e+00,1.861988074853319119e+01,1.026696452662246434e-01,5.189956405968280784e+00,8.005865472786688031e+00
2.770000000000000018e+00,1.873699007809725003e+01,1.159949641288404582e-01,4.597904448955508094e+00,8.823584224984141855e+00
2.780000000000000249e+00,1.885359877541026208e+01,1.320402344982752885e-01,3.957224460970363733e+00,9.547064458914405805e+00
2.790000000000000036e+00,1.896916904044965690e+01,1.502744538752641967e-01,3.280184717841134301e+00,1.017753619956330979e+01
2.800000000000000266e+00,1.908327840176821866e+01,1.700357271089940614e-01,2.577850629409262240e+00,1.071772427335504752e+01
2.810000000000000053e+00,1.919564842712780006e+01,1.905549866350992605e-01,1.859926217760008882e+00,1.117153148438146104e+01
2.819999999999999840e+00,1.930616850425520070e+01,2.109858802707153813e-01,1.134662981774675838e+00,1.154371125789769081e+01
2.830000000000000071e+00,1.941491337700511366e+01,2.304398039324497272e-01,4.088349975016474236e-01,1.183954289923601344e+01
2.839999999999999858e+00,1.952215333331271552e+01,2.480247792982792354e-01,-3.122233403737351143e-01,1.206452187846313429e+01
2.850000000000000089e+00,1.962835621023083732e+01,2.628866425927647299e-01,-1.024522747941304601e+00,1.222407637490401378e+01
2.859999999999999876e+00,1.973418069909176253e+01,2.742508322546345911e-01,-1.725275378640961588e+00,1.232331975872684637e+01
2.870000000000000107e+00,1.984046078899731924e+01,2.814629503015428358e-01,-2.412711321972839329e+00,1.236684681946434772e+01
2.879999999999999893e+00,1.994818156596073422e+01,2.840262324401575111e-01,-3.085865685114115742e+00,1.235857945372675992e+01
2.890000000000000124e+00,2.005844697308517155e+01,2.816341003155554135e-01,-3.744347360625599919e+00,1.230166528307725038e+01
2.899999999999999911e+00,2.017244051815614725e+01,2.741960876108025524e-01,-4.388100819462340318e+00,1.219843037785881990e+01
2.910000000000000142e+00,2.029138027258388988e+01,2.618556285852872700e-01,-5.017172052777494784e+00,1.205038500315827932e+01
2.919999999999999929e+00,2.041646982369551822e+01,2.449984683341325520e-01,-5.631489140152783790e+00,1.185827916488034006e+01
2.930000000000000160e+00,2.054884710586917151e+01,2.242507905527199585e-01,-6.230666883356849262e+00,1.162220279609271856e+01
2.939999999999999947e+00,2.068953323149112933e+01,2.004665498387972200e-01,-6.813843565006664882e+00,1.134172375576438796e+01
2.950000000000000178e+00,2.083938355902709105e+01,1.747039277834050164e-01,-7.379556233861794823e+00,1.101605547107820016e+01
2.959999999999999964e+00,2.099904326425787460e+01,1.481912892670433635e-01,-7.925659055299485445e+00,1.064424508403232039e+01
2.970000000000000195e+00,2.116890961681703587e+01,1.222834797881695162e-01,-8.449287275366579308e+00,1.022537239111954754e+01
2.979999999999999982e+00,2.134910300603691269e+01,9.840975759049346017e-02,-8.946867311282874269e+00,9.758749703526380159e+00
2.990000000000000213e+00,2.153944850999632266e+01,7.801507681595043486e-02,-9.414171481858565116e+00,9.244113000387333301e+00
3.000000000000000000e+00,2.173946946561856208e+01,6.249681135377515434e-02,-9.846414006211952952e+00,8.681795379365746967e+00
3.010000000000000231e+00,2.194839408547018422e+01,5.313931618266505563e-02,-1.023838320048580641e+01,8.072874792810583955e+00
3.020000000000000018e+00,2.216517569178962077e+01,5.104894849363925124e-02,-1.058460335319084145e+01,7.419289346581791733e+00
3.030000000000000249e+00,2.238852661651852216e+01,5.709230208681525393e-02,-1.087951861250280494e+01,6.723914974056472538e+00
3.040000000000000036e+00,2.261696526651041950e+01,7.184043608044936302e-02,-1.111769041257262103e+01,5.990602013088406785e+00
3.050000000000000266e+00,2.284887529629436287e+01,9.552179724593523602e-02,-1.129399952579274036e+01,5.224169036332410698e+00
3.060000000000000053e+00,2.308257528850236540e+01,1.279863428024307082e-01,-1.140384376423765467e+01,4.430354140100328131e+00
3.070000000000000284e+00,2.331639683632326054e+01,1.686830701117353615e-01,-1.144332266140857435e+01,3.615725708662307802e+00
3.080000000000000071e+00,2.354876847450817223e+01,2.166527586178646214e-01,-1.140940112564245190e+01,2.787556367604646645e+00
3.089999999999999858e+00,2.377830253544834704e+01,2.705372390174132780e-01,-1.130004503622001977e+01,1.953665355255322700e+00
3.100000000000000089e+00,2.400388173228430944e+01,3.286059403954463276e-01,-1.111432300738746370e+01,1.122235817356388887e+00
3.109999999999999876e+00,2.422474210642799974e+01,3.887998467385672674e-01,-1.085247001913964127e+01,3.016145195637922050e-01
3.120000000000000107e+00,2.444054893306764242e+01,4.487923414974846481e-01,-1.051591024383116491e+01,-4.998978604157430228e-01
3.129999999999999893e+00,2.465146226166494969e+01,5.060657564457035074e-01,-1.010723811637964964e+01,-1.274257376288987720e+00
3.140000000000000124e+00,2.485818898093844709e+01,5.580017939206911581e-01,-9.630158432390690137e+00,-2.013879936925969449e+00
3.149999999999999911e+00,2.506201863622772663e+01,6.019833848723425973e-01,-9.089387942658660791e+00,-2.711828830932999423e+00
3.160000000000000142e+00,2.526484068337642341e+01,6.355050035310370049e-01,-8.490522476907800709e+00,-3.361979275200261963e+00
3.169999999999999929e+00,2.546914142447861806e+01,6.562880058291309382e-01,-7.839875012717568481e+00,-3.959153607554451337e+00
3.180000000000000160e+00,2.567797951968741543e+01,6.623972132536438684e-01,-7.144291253681576137e+00,-4.499221991332098547e+00
3.189999999999999947e+00,2.589493968454322825e+01,6.523547433957297415e-01,-6.410950150345859910e+00,-4.979164944960916550e+00
3.200000000000000178e+00,2.612406493949477593e+01,6.252470056993619796e-01,-5.647157356299739916e+00,-5.397095592161377020e+00
3.209999999999999964e+00,2.636976855062984271e+01,5.808208435695405569e-01,-4.860139840621559237e+00,-5.752241183023279802e+00
3.220000000000000195e+00,2.663672755987757412e+01,5.195650145809392884e-01,-4.056849770700833524e+00,-6.044885095689133792e+00
3.229999999999999982e+00,2.692976052048385682e+01,4.427735560084037347e-01,-3.243785343694517209e+00,-6.276272125893420650e+00
3.240000000000000213e+00,2.725369270151841761e+01,3.525880746943573230e-01,-2.426835500940032642e+00,-6.448481343510594321e+00
3.250000000000000000e+00,2.761321257746561031e+01,2.520166143920242741e-01,-1.611154440016819400e+00,-6.564272083495804821e+00
3.260000000000000231e+00,2.801272385235921192e+01,1.449274711844684704e-01,-8.010705869543890412e-01,-6.626909692943182328e+00
3.270000000000000018e+00,2.845619756303420189e+01,3.601712495989101842e-02,-3.325833073075656898e-05,-6.639978435955651292e+00
3.280000000000000249e+00,2.894702894814098926e+01,-6.924769484547341203e-02,7.894013115879116027e-01,-6.607189434388537563e+00
3.290000000000000036e+00,2.948790374919801849e+01,-1.647129177303660041e-01,1.565544516848675016e+00,-6.532191678362556431e+00
3.300000000000000266e+00,3.008067842359518806e+01,-2.436432584150929059e-01,2.327512044305736882e+00,-6.418393971675651954e+00
3.310000000000000053e+00,3.072627839967842078e+01,-2.988489799171845651e-01,3.075125738769513450e+00,-6.268805192725990239e+00
3.320000000000000284e+00,3.142461799961925806e+01,-3.228299593821085667e-01,3.808785156535512861e+00,-6.085899472604973326e+00
3.330000000000000071e+00,3.217454501148166912e+01,-3.079330705326679962e-01,4.529314514056485663e+00,-5.871511851475781363e+00
3.339999999999999858e+00,3.297381212813785112e+01,-2.465183716973433081e-01,5.237791723568052227e+00,-5.626768715198019244e+00
3.350000000000000089e+00,3.381907661280399680e+01,-1.311292128183854100e-01,5.935366920653579292e+00,-5.352055887760313269e+00
3.359999999999999876e+00,3.470592862845823134e+01,4.533883430765967698e-02,6.623078303192555971e+00,-5.047025719075263872e+00
3.370000000000000107e+00,3.562894771385061432e+01,2.894753498209120535e-01,7.301673202041740751e+00,-4.710642923686224393e+00
3.379999999999999893e+00,3.658178593676136359e+01,6.072037199594004786e-01,7.971442088823954997e+00,-4.341267357043723685e+00
3.390000000000000124e+00,3.755727534082861041e+01,1.003645716500504381e+00,8.632072705553550662e+00,-3.936770424338991603e+00
3.399999999999999911e+00,3.854755646022930904e+01,1.483006143223026374e+00,9.282530696737204323e+00,-3.494680461099606728e+00
3.410000000000000142e+00,3.954422393938247637e+01,2.048481031643804684e+00,9.920972070381711916e+00,-3.012351257769870116e+00
3.419999999999999929e+00,4.053848469201675897e+01,2.702192074119699861e+00,1.054469155301485905e+01,-2.487146967436260958e+00
3.430000000000000160e+00,4.152132359035507392e+01,3.445149080761520821e+00,1.115010948632938792e+01,-1.916635972287624057e+00
3.439999999999999947e+00,4.248367141026269422e+01,4.277241269305133820e+00,1.173279839618564324e+01,-1.298785915013584757e+00
3.450000000000000178e+00,4.341656968510761772e+01,5.197257179500963886e+00,1.228754880884007150e+01,-6.321520390286354818e-01
3.459999999999999964e+00,4.431132724591173400e+01,6.202931983355845169e+00,1.280847235594030842e+01,8.394877318309107439e-02
3.470000000000000195e+00,4.515966354689004447e+01,7.291019978242325728e+00,1.328913875930153132e+01,8.492853327222849025e-01
3.479999999999999982e+00,4.595383438493114170e+01,8.457389139473793449e+00,1.372274197533099915e+01,1.662587102481452250e+00
3.490000000000000213e+00,4.668673630289588772e+01,9.697133808440938196e+00,1.410228965788971145e+01,2.521451981787071528e+00
3.500000000000000000e+00,4.735198679683065848e+01,1.100470093440801556e+01,1.442080921017559092e+01,3.422290868713379286e+00
3.510000000000000231e+00,4.794397839716700815e+01,1.237402480044888797e+01,1.467156307415287841e+01,4.360311556305748404e+00
3.520000000000000018e+00,4.845790572935333529e+01,1.379866486874208498e+01,1.484826557259746238e+01,5.329543034645626953e+00
3.530000000000000249e+00,4.888976574175787704e+01,1.527194129267643063e+01,1.494529358479923964e+01,6.322899756292889251e+00
3.540000000000000036e+00,4.923633237704012799e+01,1.678706277045125361e+01,1.495788360116400284e+01,7.332283938121416433e+00
3.550000000000000266e+00,4.949510801529706328e+01,1.833724175660083233e+01,1.488230825131078205e+01,8.348722576296486508e+00
3.560000000000000053e+00,4.966425499131986498e+01,1.991579259535077639e+01,1.471602621037297176e+01,9.362534597497978339e+00
3.570000000000000284e+00,4.974251134442315703e+01,2.151620887611761646e+01,1.445780042443738189e+01,1.036352250675909836e+01
3.580000000000000071e+00,4.972909566124133107e+01,2.313221721230087624e+01,1.410778081493134728e+01,1.134118206069841683e+01
3.589999999999999858e+00,4.962360638835111359e+01,2.475780567841534818e+01,1.366754897281914438e+01,1.228492292510430595e+01
3.600000000000000089e+00,4.942592129758818942e+01,2.638722627029488521e+01,1.314012378128048475e+01,1.318429298761860480e+01
3.609999999999999876e+00,4.913610286491307733e+01,2.801497193668398111e+01,1.252992835202626409e+01,1.402919899795117331e+01
3.620000000000000107e+00,4.875431516430924717e+01,2.963572992294003683e+01,1.184272006717001524e+01,1.481011649609423309e+01
3.629999999999999893e+00,4.828075748093818476e+01,3.124431432220031013e+01,1.108548682929404983e+01,1.551828254824108022e+01
3.640000000000000124e+00,4.771561922115226650e+01,3.283558179975405267e+01,1.026631378505955183e+01,1.614586561442222035e+01
3.649999999999999911e+00,4.705905985844491823e+01,3.440433539794216244e+01,9.394225756903770375e+00,1.668610788528950195e+01
3.660000000000000142e+00,4.631121663000715927e+01,3.594522210074794799e+01,8.479011355823615759e+00,1.713343660371519306e+01
3.669999999999999929e+00,4.547224152205642156e+01,3.745263040359465379e+01,7.531035228555757577e+00,1.748354217912856612e+01
3.680000000000000160e+00,4.454236779402596369e+01,3.892059446573843928e+01,6.561045098076387916e+00,1.773342225364459779e+01
3.689999999999999947e+00,4.352200493799404057e+01,4.034271149891456076e+01,5.579980182284791645e+00,1.788139223177598680e+01
3.700000000000000178e+00,4.241185960017345025e+01,4.171207885443077146e+01,4.598787228713227648e+00,1.792706408290041864e+01
3.709999999999999964e+00,4.121307865779199631e+01,4.302125680914807759e+01,3.628249801271104413e+00,1.787129641333758912e+01
3.720000000000000195e+00,3.992740939945491618e+01,4.426226232616979672e+01,2.678835627171314293e+00,1.771611983343696295e+01
3.729999999999999982e+00,3.855737065066006863e+01,4.542659809594184139e+01,1.760565796535431549e+00,1.746464247198613862e+01
3.740000000000000213e+00,3.710642776557537559e+01,4.650531997482194413e+01,8.829084498061449127e-01,1.712094108174434837e+01
3.750000000000000000e+00,3.557916371323766214e+01,4.748914456681206531e+01,5.469834101982340435e-02,1.668994351233416396e+01
3.760000000000000231e+00,3.398143805575372767e+01,4.836859718370531169e+01,-7.159176160438385228e-01,1.617730838757585232e+01
3.770000000000000018e+00,3.232052547426389566e+01,4.913419881943653422e+01,-1.421509969630854187e+00,1.558930761278810273e+01
3.780000000000000249e+00,3.060522566216839024e+01,4.977668914082481422e+01,-2.055373848888634392e+00,1.493271686452067648e+01
3.790000000000000036e+00,2.884593688081313445e+01,5.028728088701673471e+01,-2.611516955149014940e+00,1.421471850287147376e+01
3.800000000000000266e+00,2.705468625593977094e+01,5.065793954264407262e+01,-3.084632667486082447e+00,1.344282042765124707e+01
3.810000000000000053e+00,2.524511096818584832e+01,5.088168076279333008e+01,-3.470063151761086040e+00,1.262479331600198051e+01
3.820000000000000284e+00,2.343238583138631270e+01,5.095287683604077245e+01,-3.763757760162500965e+00,1.176862747984278634e+01
3.830000000000000071e+00,2.163309432195032045e+01,5.086756252457747962e+01,-3.962232136812041894e+00,1.088250932131926518e+01
3.839999999999999858e+00,1.986504187556144174e+01,5.062372996042918771e+01,-4.062533296256114923e+00,9.974816100965659516e+00
3.850000000000000089e+00,1.814701215056823358e+01,5.022160193789724758e+01,-4.062215519531299002e+00,9.054126524996190639e+00
3.859999999999999876e+00,1.649846891128582271e+01,4.966387294854064294e+01,-3.959331232891832641e+00,8.129243561704740273e+00
3.870000000000000107e+00,1.493920814541091602e+01,4.895590766911900715e+01,-3.752440124560681767e+00,7.209224964913642175e+00
3.879999999999999893e+00,1.348896693217628595e+01,4.810588733597746369e+01,-3.440638652762456395e+00,6.303416260915637004e+00
3.890000000000000124e+00,1.216699735610874988e+01,4.712489551032906121e+01,-3.023610850523676064e+00,5.421480482113959276e+00
3.899999999999999911e+00,1.099161535202812345e+01,4.602693613474507828e+01,-2.501699993097284747e+00,4.573418733195913966e+00
3.910000000000000142e+00,9.979735711454495117e+00,4.482887846737668980e+01,-1.875999321159563138e+00,3.769575770379982149e+00
3.919999999999999929e+00,9.146405526701155253e+00,4.355032541193180151e+01,-1.148458668497566393e+00,3.020625165015777380e+00
3.930000000000000160e+00,8.504349052909191187e+00,4.221340388384911080e+01,-3.220025881688843850e-01,2.337529300941625809e+00
3.939999999999999947e+00,8.063537296559964318e+00,4.084247810447260463e+01,5.993455349687759615e-01,1.731470399449427822e+00
3.950000000000000178e+00,7.830795569398760314e+00,3.946378902756363516e+01,1.610339800922219178e+00,1.213749943590008540e+00
3.959999999999999964e+00,7.809461769465207759e+00,3.810502540488413104e+01,2.704395610080466028e+00,7.956552414127497919e-01
3.970000000000000195e+00,7.999107269189589253e+00,3.679483421716105340e+01,3.873488414569610239e+00,4.882933730433877684e-01
3.979999999999999982e+00,8.395331020500492514e+00,3.556228026189243963e+01,5.108074896562994738e+00,3.023943497152431492e-01
3.990000000000000213e+00,8.989635857554732823e+00,3.443626653196047727e+01,6.397043791481268116e+00,2.480869096697801146e-01
4.000000000000000000e+00,9.769394030021123498e+00,3.344492857634644167e+01,7.727702972461345077e+00,3.346519196898835036e-01
4.009999999999999787e+00,1.071790678567138322e+01,3.261501725164949761e+01,9.085808494880263098e+00,5.702597757829870329e-01
4.020000000000000462e+00,1.181456040155453380e+01,3.197128510554953706e+01,1.045564009153299700e+01,9.616994391225738292e-01
4.030000000000000249e+00,1.303507850697493886e+01,3.153589204702118920e+01,1.182012614812274087e+01,1.514107746358006823e+00
4.040000000000000036e+00,1.435186792298599912e+01,3.132784593171739829e+01,1.316101952394504870e+01,2.230708347430295557e+00
4.049999999999999822e+00,1.573445263938939220e+01,3.136249321653436084e+01,1.445912377234849622e+01,3.112570009842526186e+00
4.060000000000000497e+00,1.714998803920735426e+01,3.165107392073155168e+01,1.569456742529588311e+01,4.158394058574266694e+00
4.070000000000000284e+00,1.856384513841608808e+01,3.220035379159715205e+01,1.684712210654067732e+01,5.364340381331063057e+00
4.080000000000000071e+00,1.994025250730423693e+01,3.301234484323500595e+01,1.789655840114075502e+01,6.723900719388904434e+00
4.089999999999999858e+00,2.124298174455431365e+01,3.408412336261893927e+01,1.882303170722718022e+01,8.227826898993379601e+00
4.099999999999999645e+00,2.243606094282364438e+01,3.540775211363335728e+01,1.960748879772566866e+01,9.864120265135854382e+00
4.110000000000000320e+00,2.348449956149525519e+01,3.697031088271037191e+01,2.023208458755494732e+01,1.161808689970195552e+01
4.120000000000000107e+00,2.435500754271908619e+01,3.875403677154754689e+01,2.068059768962448430e+01,1.347246129244171087e+01
4.129999999999999893e+00,2.501669139203188763e+01,4.073657283099474569e+01,2.093883279381445561e+01,1.540759904885422138e+01
4.139999999999999680e+00,2.544171030208559969e+01,4.289132082598212747e+01,2.099499774755495451e+01,1.740173703458174970e+01
4.150000000000000355e+00,2.560587622055890122e+01,4.518789120502104595e+01,2.084004347118076339e+01,1.943131714715839919e+01
4.160000000000000142e+00,2.548918303043876321e+01,4.759264079768860967e+01,2.046795550766635685e+01,2.147136775121104790e+01
4.169999999999999929e+00,2.507625168850646702e+01,5.006928645332881445e+01,1.987598707132629627e+01,2.349593479032643017e+01
4.179999999999999716e+00,2.435668020969255920e+01,5.257958083060128018e+01,1.906482489547683556e+01,2.547855277215464653e+01
4.190000000000000391e+00,2.332528973379263348e+01,5.508403490816649395e+01,1.803868094283367896e+01,2.739274428117161619e+01
4.200000000000000178e+00,2.198226050056790370e+01,5.754267055853713231e+01,1.680530507994456713e+01,2.921253546524984657e+01
4.209999999999999964e+00,2.033315431617628022e+01,5.991578574457051332e+01,1.537591606290791191e+01,3.091297411607148860e+01
4.219999999999999751e+00,1.838882294011340690e+01,6.216471458261441541e+01,1.376505056229851398e+01,3.247063655471242072e+01
4.230000000000000426e+00,1.616520467692937402e+01,6.425256467551153605e+01,1.199033239109519045e+01,3.386410956324462518e+01
4.240000000000000213e+00,1.368301424062648053e+01,6.614491474601918242e+01,1.007216650809060177e+01,3.507443407635001620e+01
4.250000000000000000e+00,1.096733359403447317e+01,6.781045667659175535e+01,8.033364668380771789e+00,3.608549825349155071e+01
4.259999999999999787e+00,8.047113877795929682e+00,6.922156755166714959e+01,5.898711702846604510e+00,3.688436886640425172e+01
4.270000000000000462e+00,4.954600668087765669e+00,7.035479915856922162e+01,3.694483256738669397e+00,3.746155161825149094e+01
4.280000000000000249e+00,1.724696582154960467e+00,7.119127457737340592e+01,1.447927338986681356e+00,3.781117300614737786e+01
4.290000000000000036e+00,-1.605723359915497639e+00,7.171698391448445875e+01,-8.132768248325659144e-01,3.793107858293087986e+01
4.299999999999999822e+00,-4.998527244090513300e+00,7.192297383855834880e+01,-3.061568422240280363e+00,3.782284489307179598e+01
4.310000000000000497e+00,-8.415055750191681838e+00,7.180542828574232317e+01,-5.270048678469335890e+00,3.749170487095142335e+01
4.320000000000000284e+00,-1.181684866202442308e+01,7.136564043694068005e+01,-7.413004170588612496e+00,3.694638901351409999e+01
4.330000000000000071e+00,-1.516635182695478790e+01,7.060987875626626931e+01,-9.466396159316907699e+00,3.619888708896590401e+01
4.339999999999999858e+00,-1.842758880573930114e+01,6.954915244298000232e+01,-1.140830332975799344e+01,3.526413743688508617e+01
4.350000000000000533e+00,-2.156678266647704234e+01,6.819888401992839988e+01,-1.321930678840106665e+01,3.415965297641245968e+01
4.360000000000000320e+00,-2.455291494719009648e+01,6.657849889752074546e+01,-1.488280796271325812e+01,3.290509479998277698e+01
4.370000000000000107e+00,-2.735821068835215897e+01,6.471094356008370596e+01,-1.638527212948342893e+01,3.152180563295652149e+01
4.379999999999999893e+00,-2.995854056042549374e+01,6.262214547754258120e+01,-1.771639258719056187e+01,3.003231643989024846e+01
4.389999999999999680e+00,-3.233373341693236824e+01,6.034042891760844896e+01,-1.886917290752010956e+01,2.845984002578145322e+01
4.400000000000000355e+00,-3.446779502179479948e+01,5.789590150179380856e+01,-1.983992716914096732e+01,2.682776560056450066e+01
4.410000000000000142e+00,-3.634903116004029755e+01,5.531982660473615709e+01,-2.062820050933559557e+01,2.515916794837412240e+01
4.419999999999999929e+00,-3.797007577344315621e+01,5.264399654491039371e+01,-2.123661464437287449e+01,2.347634408633900804e+01
4.429999999999999716e+00,-3.932782709995547066e+01,4.990012097208207820e+01,-2.167064513093075462e+01,2.180038914259391802e+01
4.440000000000000391e+00,-4.042329697523759791e+01,4.711924395011582334e+01,-2.193833899940792875e+01,2.015082167524242251e+01
4.450000000000000178e+00,-4.126138042008475537e+01,4.433120200022916180e+01,-2.204998292678114069e+01,1.854526685055240875e+01
4.459999999999999964e+00,-4.185055434096915405e+01,4.156413385517046066e+01,-2.201773328516767236e+01,1.699920386683625040e+01
4.469999999999999751e+00,-4.220251557342208315e+01,3.884405093173395329e+01,-2.185522016964878489e+01,1.552578182460682932e+01
4.480000000000000426e+00,-4.233176957096942772e+01,3.619447561503501021e+01,-2.157713785729291800e+01,1.413570598234490561e+01
4.490000000000000213e+00,-4.225518176791769065e+01,3.363615242382768855e+01,-2.119883407613402326e+01,1.283719408070149726e+01
4.500000000000000000e+00,-4.199150401560574863e+01,3.118683505361972408e+01,-2.073590998083099279e+01,1.163600024467596583e+01
4.509999999999999787e+00,-4.156088851272394891e+01,2.886115023442235028e+01,-2.020384186817368288e+01,1.053550195731408223e+01
4.520000000000000462e+00,-4.098440133524690765e+01,2.667053735093332278e+01,-1.961763446120052024e+01,9.536843806622995245e+00
4.530000000000000249e+00,-4.028354704423631460e+01,2.462326090860884875e+01,-1.899151409779956268e+01,8.639130196977054865e+00
4.540000000000000036e+00,-3.947981494248862333e+01,2.272449123732560494e+01,-1.833866844013895303e+01,7.839658032986657865e+00
4.549999999999999822e+00,-3.859425640308590033e+01,2.097644734580160275e+01,-1.767103744400241894e+01,7.134179560164750633e+00
4.560000000000000497e+00,-3.764710134928650831e+01,1.937859460700699188e+01,-1.699915836525834933e+01,6.517185101126401037e+00
4.570000000000000284e+00,-3.665742047476381060e+01,1.792788899094157529e+01,-1.633206560888017833e+01,5.982195362260029015e+00
4.580000000000000071e+00,-3.564283820707700556e+01,1.661905888048000079e+01,-1.567724431729643797e+01,5.522053293026112364e+00
4.589999999999999858e+00,-3.461929978706225342e+01,1.544491511325394129e+01,-1.504063481826329252e+01,5.129206133651608823e+00
4.600000000000000533e+00,-3.360089421302001256e+01,1.439667978335910981e+01,-1.442668346995008122e+01,4.795969249719419736e+00
4.610000000000000320e+00,-3.259973322883951852e+01,1.346432449806455089e+01,-1.383843410537656204e+01,4.514764575761834209e+00
4.620000000000000107e+00,-3.162588506308807013e+01,1.263690919591055639e+01,-1.327765323155609778e+01,4.278327917361797184e+00
4.629999999999999893e+00,-3.068736028973438579e+01,1.190291326610829081e+01,-1.274498140999065754e+01,4.079880928902015924e+00
4.639999999999999680e+00,-2.979014601231629911e+01,1.125055153196614555e+01,-1.224010285039522650e+01,3.913265224649529639e+00
4.650000000000000355e+00,-2.893828359664069083e+01,1.066806863599289201e+01,-1.176192519077216581e+01,3.773037725975195489e+00
4.660000000000000142e+00,-2.813398440953498891e+01,1.014400645143285118e+01,-1.130876170261565328e+01,3.654527930577834649e+00
4.669999999999999929e+00,-2.737777747202503775e+01,9.667440303120617529e+00,-1.087850872562272464e+01,3.553859248441727736e+00
4.679999999999999716e+00,-2.666868260616572073e+01,9.228180968726777067e+00,-1.046881196566175376e+01,3.467937828606814321e+00
4.690000000000000391e+00,-2.600440253983524741e+01,8.816940610306245318e+00,-1.007721633677625306e+01,3.394413354413561290e+00
4.700000000000000178e+00,-2.538152752064070228e+01,8.425461919011924650e+00,-9.701295238699181311e+00,3.331617077224561463e+00
4.709999999999999964e+00,-2.479574626021882366e+01,8.046610810275407033e+00,-9.338756476241474758e+00,3.278482866325854506e+00
4.719999999999999751e+00,-2.424205746027080366e+01,7.674433954940226954e+00,-8.987523383655188880e+00,3.234457265233303236e+00
4.730000000000000426e+00,-2.371497673436608977e+01,7.304183251552744949e+00,-8.645791053103193846e+00,3.199404464523516900e+00
4.740000000000000213e+00,-2.320873440496468731e+01,6.932310020098726433e+00,-8.312058821627598348e+00,3.173511743904712024e+00
4.750000000000000000e+00,-2.271746039185883959e+01,6.556432217986790434e+00,-7.985141290449940144e+00,3.157200328799019129e+00
4.759999999999999787e+00,-2.223535318472872291e+01,6.175278341328718668e+00,-7.664161086339493778e+00,3.151045787070430038e+00
4.770000000000000462e+00,-2.175683067808792970e+01,5.788611880848150371e+00,-7.348527288749943764e+00,3.155711106351048567e+00
4.780000000000000249e+00,-2.127666141295048874e+01,5.397140259913463467e+00,-7.037903910943988706e+00,3.171894495002014924e+00
4.790000000000000036e+00,-2.079007549042434277e+01,5.002412104983945618e+00,-6.732173022875064916e+00,3.200292797644817000e+00
4.799999999999999822e+00,-2.029285507625660756e+01,4.606706503064712521e+00,-6.431397035236665616e+00,3.241580268614931093e+00
4.810000000000000497e+00,-1.978140498460698282e+01,4.212917606666030323e+00,-6.135784337485892692e+00,3.296401361830996191e+00
4.820000000000000284e+00,-1.925280430128847087e+01,3.824437576580289377e+00,-5.845661919572297194e+00,3.365375228043287592e+00
4.830000000000000071e+00,-1.870484037364859020e+01,3.445040430046137914e+00,-5.561457840408027486e+00,3.449108808792510139e+00
4.839999999999999858e+00,-1.813602675342351134e+01,3.078768910275932136e+00,-5.283695478216270836e+00,3.548214821025718724e+00
4.850000000000000533e+00,-1.754560683231052565e+01,2.729826035790205108e+00,-5.013000458845341178e+00,3.663330567481794642e+00
4.860000000000000320e+00,-1.693354496413053312e+01,2.402472545762224687e+00,-4.750120063370305346e+00,3.795133404555819823e+00
4.870000000000000107e+00,-1.630050683259413802e+01,2.100931049357281921e+00,-4.495953824109570007e+00,3.944348857924872220e+00
4.879999999999999893e+00,-1.564783071336939813e+01,1.829297328469990269e+00,-4.251592987082695174e+00,4.111747790632460209e+00
4.889999999999999680e+00,-1.497749110930471161e+01,1.591458946287475973e+00,-4.018365604984707851e+00,4.298129679953435200e+00
4.900000000000000355e+00,-1.429205602581445689e+01,1.391021086767556758e+00,-3.797883278983225530e+00,4.504289917814479516e+00
4.910000000000000142e+00,-1.359463891783133960e+01,1.231239396353328130e+00,-3.592085033668979577e+00,4.730970073953516319e+00
4.919999999999999929e+00,-1.288884609844525997e+01,1.114959518920618731e+00,-3.403273521407463420e+00,4.978791201744018124e+00
4.929999999999999716e+00,-1.217872016951552716e+01,1.044563004105131698e+00,-3.234138733069081617e+00,5.248171467441088645e+00
4.940000000000000391e+00,-1.146867983153881276e+01,1.021919320315284763e+00,-3.087764652144160848e+00,5.539230584125015788e+00
4.950000000000000178e+00,-1.076345626690123325e+01,1.048343806464149708e+00,-2.967614825963493796e+00,5.851684669926579652e+00
4.959999999999999964e+00,-1.006802617745506367e+01,1.124561537932448951e+00,-2.877493625274343714e+00,6.184736165596303792e+00
4.969999999999999751e+00,-9.387541500964557528e+00,1.250677248017415533e+00,-2.821480993089616529e+00,6.536964282552653493e+00
4.980000000000000426e+00,-8.727255834685072600e+00,1.426151620723197233e+00,-2.803839705050914954e+00,6.906222059309351735e+00
4.990000000000000213e+00,-8.092447657915601056e+00,1.649784438652865504e+00,-2.828895525767872510e+00,7.289546440801093041e+00
5.000000000000000000e+00,-7.488340565048344999e+00,1.919705216030252570e+00,-2.900892089692296061e+00,7.683087831882786212e+00
5.009999999999999787e+00,-6.920020889454256974e+00,2.233372057898971530e+00,-3.023823796166606570e+00,8.082065296156828893e+00
5.020000000000000462e+00,-6.392353306631374465e+00,2.587579550684687923e+00,-3.201251418299086104e+00,8.480752971109591698e+00
5.030000000000000249e+00,-5.909895240219535495e+00,2.978476497448317328e+00,-3.436106415947818959e+00,8.872502361456419351e+00
5.040000000000000036e+00,-5.476811142786705666e+00,3.401594257142337430e+00,-3.730491048732790027e+00,9.249803980041193086e+00
5.049999999999999822e+00,-5.096787969686253028e+00,3.851886328090126099e+00,-4.085482245670791990e+00,9.604390368629484698e+00
5.060000000000000497e+00,-4.772953393363432717e+00,4.323779632210498214e+00,-4.500947752166235993e+00,9.927380900819109399e+00
5.070000000000000284e+00,-4.507798502194972023e+00,4.811237712070783878e+00,-4.975383301985610629e+00,1.020946700792393358e+01
5.080000000000000071e+00,-4.303106878283508685e+00,5.307835754773487125e+00,-5.505779423735669198e+00,1.044113464610892805e+01
5.089999999999999858e+00,-4.159892040314506545e+00,5.806847015017308600e+00,-6.087525975029994818e+00,1.061291901481303768e+01
5.100000000000000533e+00,-4.078345260629256508e+00,6.301339837020322854e+00,-6.714361605315564141e+00,1.071568482062174255e+01
5.110000000000000320e+00,-4.057795712874996852e+00,6.784284085942841713e+00,-7.378374098547674009e+00,1.074092383456917332e+01
5.120000000000000107e+00,-4.096684773902855348e+00,7.248665410014644372e+00,-8.070055973616476308e+00,1.068106018775750776e+01
5.129999999999999893e+00,-4.192556090332260510e+00,7.687605381473422206e+00,-8.778417872532527255e+00,1.052975285645521630e+01
5.139999999999999680e+00,-4.342062729196762838e+00,8.094485224419999625e+00,-9.491160206116509457e+00,1.028218415969059585e+01
5.150000000000000355e+00,-4.540992369578953358e+00,8.463070546849580822e+00,-1.019490132776250135e+01,9.935322873295982404e+00
5.160000000000000142e+00,-4.784311067618427948e+00,8.787634267112407471e+00,-1.087545824982194276e+01,9.488150782991702670e+00
5.169999999999999929e+00,-5.066225653146926966e+00,9.063074774574198855e+00,-1.151817369194174567e+01,8.941842167482452197e+00
5.179999999999999716e+00,-5.380264307348353370e+00,9.285026300383075082e+00,-1.210828114615203255e+01,8.299886815153477926e+00
5.190000000000000391e+00,-5.719374344072400973e+00,9.449958504087092592e+00,-1.263129774824127693e+01,7.568148711325972222e+00
5.200000000000000178e+00,-6.076035690855739801e+00,9.555262409079004371e+00,-1.307343314270591428e+01,6.754854446098200071e+00
5.209999999999999964e+00,-6.442388058048127419e+00,9.599320044584738199e+00,-1.342200129471905790e+01,5.870507627941431217e+00
5.219999999999999751e+00,-6.810369314320577239e+00,9.581555470606284430e+00,-1.366582140095110987e+01,4.927728073010512411e+00
5.230000000000000426e+00,-7.171862172055066154e+00,9.502465267730693554e+00,-1.379559373106429909e+01,3.941017189667274767e+00
5.240000000000000213e+00,-7.518845942961251083e+00,9.363627055483680905e+00,-1.380423642580583277e+01,2.926453697587752423e+00
5.250000000000000000e+00,-7.843549866880804800e+00,9.167685147351059882e+00,-1.368716999971806025e+01,1.901326510405403125e+00
5.259999999999999787e+00,-8.138604356536967899e+00,8.918313041526641172e+00,-1.344253754066022744e+01,8.837141670642147950e-01
5.270000000000000462e+00,-8.397186446212034028e+00,8.620153065649754254e+00,-1.307135033852461170e+01,-1.079774817685423549e-01
5.280000000000000249e+00,-8.613155787694216414e+00,8.278734121648293254e+00,-1.257755086586099935e+01,-1.055505636060420027e+00
5.290000000000000036e+00,-8.781177703285779401e+00,7.900369092981931907e+00,-1.196798760907789116e+01,-1.941293690022875218e+00
5.299999999999999822e+00,-8.896830080329539925e+00,7.492034060788074434e+00,-1.125229912918013930e+01,-2.748930810889817611e+00
5.310000000000000497e+00,-8.956691267940293244e+00,7.061232008121553605e+00,-1.044270782014418053e+01,-3.463651079340578587e+00
5.320000000000000284e+00,-8.958406604184267152e+00,6.615844154571313140e+00,-9.553727024537462142e+00,-4.072775381341082301e+00
5.330000000000000071e+00,-8.900731747354521772e+00,6.163972441057683049e+00,-8.601788346016652653e+00,-4.566099914164725604e+00
5.339999999999999858e+00,-8.783551591951281878e+00,5.713776963305378764e+00,-7.604799049787168030e+00,-4.936216448888347763e+00
5.350000000000000533e+00,-8.607874199956540906e+00,5.273312322262874829e+00,-6.581642248842291210e+00,-5.178751352089794757e+00
5.360000000000000320e+00,-8.375799850829924509e+00,4.850366914085721071e+00,-5.551635025046913974e+00,-5.292512762862215503e+00
5.370000000000000107e+00,-8.090465988263989772e+00,4.452309118513706920e+00,-4.533961628709143099e+00,-5.279538178584713748e+00
5.379999999999999893e+00,-7.755969496838647004e+00,4.085944163762147419e+00,-3.547100350612043762e+00,-5.145037935981851440e+00
5.389999999999999680e+00,-7.377268356561438978e+00,3.757385153530259814e+00,-2.608263496194976661e+00,-4.897233578265534959e+00
5.400000000000000355e+00,-6.960065278386045051e+00,3.471941346244746374e+00,-1.732870062578085069e+00,-4.547093756949667664e+00
5.410000000000000142e+00,-6.510676401604219343e+00,3.234026290478415611e+00,-9.340701979437369129e-01,-4.107974001541582432e+00
5.419999999999999929e+00,-6.035888519485414605e+00,3.047087858902150170e+00,-2.223393062361478378e-01,-3.595170270319549832e+00
5.429999999999999716e+00,-5.542808580715539613e+00,2.913561603922435239e+00,3.948422300055521861e-01,-3.025399539322589870e+00
5.440000000000000391e+00,-5.038709382545713211e+00,2.834848200986094025e+00,9.132102529162825499e-01,-2.416223667743013337e+00
5.450000000000000178e+00,-4.530875422327280688e+00,2.811315071264657295e+00,1.331828576374295636e+00,-1.785435278771670298e+00
5.459999999999999964e+00,-4.026452806396934037e+00,2.842321605416138652e+00,1.653084432050432317e+00,-1.150426312126545669e+00
5.469999999999999751e+00,-3.532306932124479992e+00,2.926266765478427789e+00,1.882564659587813605e+00,-5.275611524862702240e-01
5.480000000000000426e+00,-3.054891367157324567e+00,3.060657242830117308e+00,2.028813801401469608e+00,6.842324722856076014e-02
5.490000000000000213e+00,-2.600130959866146174e+00,3.242193815077162089e+00,2.102979464699280765e+00,6.249680871067323507e-01
5.500000000000000000e+00,-2.173321740237661892e+00,3.466873089940631925e+00,2.118354456833080768e+00,1.132173170308710564e+00
5.509999999999999787e+00,-1.779049627193103778e+00,3.730101463183088661e+00,2.089829137805757409e+00,1.583187783810032778e+00
5.520000000000000462e+00,-1.421129364865108879e+00,4.026817860532481141e+00,2.033271021866188466e+00,1.974495260574095079e+00
5.530000000000000249e+00,-1.102564486538507360e+00,4.351621687093176760e+00,1.964851763320408118e+00,2.306077685929934784e+00
5.540000000000000036e+00,-8.255284713407089470e-01,4.698902374767183865e+00,1.900344158146206164e+00,2.581450993029862140e+00
5.549999999999999822e+00,-5.913666360098128738e-01,5.062966997812467618e+00,1.854413578945752761e+00,2.807564929114265695e+00
5.560000000000000497e+00,-4.006177121935412533e-01,5.438162614159855579e+00,1.839929254519221180e+00,2.994566931895703554e+00
5.570000000000000284e+00,-2.530535174543058208e-01,5.818990277251889331e+00,1.867320950622769260e+00,3.155433685215828454e+00
5.580000000000000071e+00,-1.477346522379974214e-01,6.200208038488557172e+00,1.944005876949371103e+00,3.305478867165570822e+00
5.589999999999999858e+00,-8.307975978345671919e-02,6.576920709589289871e+00,2.073909038207042421e+00,3.461750199696725705e+00
5.600000000000000533e+00,-5.694558262141669047e-02,6.944654660753925235e+00,2.257097795625218062e+00,3.642333195198876883e+00
5.610000000000000320e+00,-6.671484594216448016e-02,7.299416476195501602e+00,2.489548170184800568e+00,3.865582818150101740e+00
5.620000000000000107e+00,-1.093888991601543736e-01,7.637734854158481745e+00,2.763056489378738600e+00,4.149307496570886045e+00
5.629999999999999893e+00,-1.816820532759835238e-01,7.956685704314129914e+00,3.065305470060070814e+00,4.509932403743463603e+00
5.639999999999999680e+00,-2.801146603011577252e-01,8.253900942166227495e+00,3.380088877870246922e+00,4.961670582570614663e+00
5.650000000000000355e+00,-4.011021857505769894e-01,8.527561989521233343e+00,3.687693663813378375e+00,5.515731225951390648e+00
5.660000000000000142e+00,-5.410378164826958880e-01,8.776379445533422086e+00,3.965433118813490587e+00,6.179594208537874778e+00
5.669999999999999929e+00,-6.963665115951578333e-01,8.999560779854000714e+00,4.188319283267791349e+00,6.956378771211708667e+00
5.679999999999999716e+00,-8.636488289106261096e-01,9.196768206189126715e+00,4.329857778271252400e+00,7.844332104854553123e+00
5.690000000000000391e+00,-1.039613327242348895e+00,9.368069112339000526e+00,4.362943561852390850e+00,8.836460512082201291e+00
5.700000000000000178e+00,-1.221196837324306284e+00,9.513881546080440899e+00,4.260832020784750540e+00,9.920321923434022082e+00
5.709999999999999964e+00,-1.405572393678248044e+00,9.634917283063924032e+00,3.998156434307781559e+00,1.107799391613026785e+01
5.719999999999999751e+00,-1.590165107503286990e+00,9.732124934681044337e+00,3.551960317613192863e+00,1.228622616302682147e+01
5.730000000000000426e+00,-1.772656719388588265e+00,9.806635395466742011e+00,2.902711572123139128e+00,1.351678058296747231e+01
5.740000000000000213e+00,-1.950979984085122076e+00,9.859711689028697990e+00,2.035264809204450298e+00,1.473695654469196548e+01
5.750000000000000000e+00,-2.123304393454938932e+00,9.892704959579129209e+00,9.397387149046082522e-01,1.591029247989038176e+01
5.759999999999999787e+00,-2.288015026162392829e+00,9.907017986124023068e+00,-3.877231073000309003e-01,1.699742937781256913e+01
5.770000000000000462e+00,-2.443686514583740088e+00,9.904077183390345596e+00,-1.944336768213519306e+00,1.795711605462929938e+01
5.780000000000000249e+00,-2.589054234763349616e+00,9.885313614131355564e+00,-3.720233561208168283e+00,1.874733099946438131e+01
5.790000000000000036e+00,-2.722984851271277318e+00,9.852153088766298694e+00,-5.698207152905171213e+00,1.932649116704148895e+01
5.799999999999999822e+00,-2.844448286062504216e+00,9.806014987711147768e+00,-7.853668143436685511e+00,1.965471446713888781e+01
5.810000000000000497e+00,-2.952493032712891541e+00,9.748319026053277270e+00,-1.015481579243305355e+01,1.969510002294746087e+01
5.820000000000000284e+00,-3.046226511604293918e+00,9.680498805108904037e+00,-1.256303041494403772e+01,1.941498863536374841e+01
5.830000000000000071e+00,-3.124801867455147431e+00,9.604020674902596255e+00,-1.503348340661995408e+01,1.878716536805061921e+01
5.839999999999999858e+00,-3.187412260176684775e+00,9.520406177589256558e+00,-1.751595525811464782e+01,1.779096679444728224e+01
5.850000000000000533e+00,-3.233293307486723833e+00,9.431256163599902820e+00,-1.995584546763360834e+01,1.641325722285614219e+01
5.860000000000000320e+00,-3.261733918582513603e+00,9.338274576255372494e+00,-2.229535215843767304e+01,1.464924110338231067e+01
5.870000000000000107e+00,-3.272095328891656330e+00,9.243289890090611749e+00,-2.447479364712490835e+01,1.250308274979874845e+01
5.879999999999999893e+00,-3.263837723187486439e+00,9.148272263320357922e+00,-2.643403936604762450e+01,9.988309376163703845e+00
5.889999999999999680e+00,-3.236553434553290032e+00,9.055344622740484795e+00,-2.811401357640567156e+01,7.127979117866463099e+00
5.900000000000000355e+00,-3.190005345273887016e+00,8.966786133849595331e+00,-2.945823234895694398e+01,3.954602019269719992e+00
5.910000000000000142e+00,-3.124168806731272063e+00,8.885026811243726286e+00,-3.041433243872667092e+01,5.098087435756544217e-01
5.919999999999999929e+00,-3.039275150834519934e+00,8.812632383063521146e+00,-3.093555000730070148e+01,-3.156231202442694617e+00
5.929999999999999716e+00,-2.935854695102529721e+00,8.752278925091733441e+00,-3.098210768447953001e+01,-6.985632842534941211e+00
5.940000000000000391e+00,-2.814777054209868457e+00,8.706717210074305768e+00,-3.052247020690825963e+01,-1.091384487746467791e+01
5.950000000000000178e+00,-2.677286566626563946e+00,8.678727160010987873e+00,-2.953443178473029818e+01,-1.487090219770953503e+01
5.959999999999999964e+00,-2.525030726881293486e+00,8.671063227115833882e+00,-2.800600235277209649e+01,-1.878285333386842737e+01
5.969999999999999751e+00,-2.360079679803685604e+00,8.686391946591864865e+00,-2.593606485140378481e+01,-2.257332913269555164e+01
5.980000000000000426e+00,-2.184935077692733874e+00,8.727223285707710332e+00,-2.333478151517456922e+01,-2.616521456163351900e+01
5.990000000000000213e+00,-2.002526916729580719e+00,8.795837744561776361e+00,-2.022373366000117656e+01,-2.948238219164289120e+01
6.000000000000000000e+00,-1.816197344581036432e+00,8.894211431771781307e+00,-1.663578646673238026e+01,-3.245144369002841955e+01
6.009999999999999787e+00,-1.629670854345858899e+00,9.023941532713685376e+00,-1.261467755998625506e+01,-3.500347464115630913e+01
6.020000000000000462e+00,-1.447010736373540496e+00,9.186174700975124452e+00,-8.214335566873067762e+00,-3.707566823723676208e+01
6.030000000000000249e+00,-1.272562133429443687e+00,9.381540930304389292e+00,-3.497942098778629827e+00,-3.861287484069568166e+01
6.040000000000000036e+00,-1.110882519898201970e+00,9.610095402428422418e+00,1.463242477258325458e+00,-3.956898707478255517e+01
6.049999999999999822e+00,-9.666608858166489959e-01,9.871270656619914874e+00,6.591262720694260224e+00,-3.990813387542637258e+01
6.060000000000000497e+00,-8.446273355582878395e-01,1.016384119375435802e+01,1.180302882069254800e+01,-3.960565172774386866e+01
6.070000000000000284e+00,-7.494551939976312749e-01,1.048590231761930980e+01,1.701201708742637564e+01,-3.864880697845803326e+01
6.080000000000000071e+00,-6.856580365058200233e-01,1.083486463884477402e+01,2.213006920714421355e+01,-3.703724949914333564e+01
6.089999999999999858e+00,-6.574843116576229995e-01,1.120746523374476666e+01,2.706924655856504103e+01,-3.478318489298906968e+01
6.100000000000000533e+00,-6.688123978813853565e-01,1.159979597522706918e+01,3.174369439455807296e+01,-3.191125969344663460e+01
6.110000000000000320e+00,-7.230490209093791698e-01,1.200734905080216564e+01,3.607147042025812311e+01,-2.845816139202544548e+01
6.120000000000000107e+00,-8.230339540751803185e-01,1.242507916961195136e+01,3.997629324776423232e+01,-2.447194244754346215e+01
6.129999999999999893e+00,-9.709538275042819411e-01,1.284748145269373332e+01,4.338916834389431898e+01,-2.001108446716592937e+01
6.140000000000000568e+00,-1.168267687268507160e+00,1.326868351465794582e+01,4.624985234302869230e+01,-1.514332531715964869e+01
6.150000000000000355e+00,-1.415646676724417130e+00,1.368254979616085087e+01,4.850812087218908886e+01,-9.944277840537321111e+00
6.160000000000000142e+00,-1.712929867335656553e+00,1.408279580938938125e+01,5.012481020245980545e+01,-4.495873972245442829e+00
6.169999999999999929e+00,-2.059097855530340304e+00,1.446310962598498406e+01,5.107260894795420825e+01,1.115327782249274424e+00
6.179999999999999716e+00,-2.452265277905397944e+00,1.481727767911272764e+01,5.133658250992786520e+01,6.799930406329490751e+00
6.190000000000000391e+00,-2.889692893371856197e+00,1.513931177702328412e+01,5.091441982456029081e+01,1.246753885340740275e+01
6.200000000000000178e+00,-3.367819352880086825e+00,1.542357414013331862e+01,4.981639902547527043e+01,1.802860897189518852e+01
6.209999999999999964e+00,-3.882312241127826802e+00,1.566489728021614880e+01,4.806507568082800930e+01,2.339626119644654523e+01
6.219999999999999751e+00,-4.428137446303521685e+00,1.585869563874113375e+01,4.569470411774568674e+01,2.848801676466492694e+01
6.230000000000000426e+00,-4.999645409319172451e+00,1.600106608886571991e+01,4.275040882088485006e+01,3.322741673361765891e+01
6.240000000000000213e+00,-5.590672338182653078e+00,1.608887467646797731e+01,3.928712881780938204e+01,3.754548757677336113e+01
6.250000000000000000e+00,-6.194654059939678881e+00,1.611982732178629263e+01,3.536836319138681972e+01,4.138202152609698459e+01
6.259999999999999787e+00,-6.804749834049880874e+00,1.609252261432229503e+01,3.106475026083132818e+01,4.468664495007416093e+01
6.270000000000000462e+00,-7.413973177187285657e+00,1.600648529738468184e+01,2.645251644660642754e+01,4.741965377275624149e+01
6.280000000000000249e+00,-8.015326557947386021e+00,1.586217954122396456e+01,2.161183330671428848e+01,4.955260107465792174e+01
6.290000000000000036e+00,-8.601936715929181076e+00,1.566100163030331416e+01,1.662512265924991084e+01,5.106862839880347593e+01
6.299999999999999822e+00,-9.167187345581329083e+00,1.540525222546299133e+01,1.157535007510928082e+01,5.196253873703096104e+01
6.310000000000000497e+00,-9.704845960786851577e+00,1.509808889006450450e+01,6.544346351871578982e+00,5.224061551803402637e+01
6.320000000000000284e+00,-1.020918191844746126e+01,1.474346007553635474e+01,1.611194910384644574e+00,5.192019799224135568e+01
6.330000000000000071e+00,-1.067507282283883185e+01,1.434602223181250302e+01,-3.149279538934957934e+00,5.102902905446602944e+01
6.339999999999999858e+00,-1.109809684940114494e+01,1.391104212896168058e+01,-7.667889137060432958e+00,4.960439662450157527e+01
6.350000000000000533e+00,-1.147460890703667502e+01,1.344428683648975031e+01,-1.188230003937924373e+01,4.769209409961441537e+01
6.360000000000000320e+00,-1.180179899030234303e+01,1.295190409696004785e+01,-1.573806553518696916e+01,4.534522900493650610e+01
6.370000000000000107e+00,-1.207773154417840011e+01,1.244029604353442764e+01,-1.918945721537669513e+01,4.262291172664294692e+01
6.379999999999999893e+00,-1.230136516051818774e+01,1.191598934198114890e+01,-2.220008172363831989e+01,3.958885807304664439e+01
6.390000000000000568e+00,-1.247255243250683598e+01,1.138550488430544760e+01,-2.474327620198108235e+01,3.630994035136764353e+01
6.400000000000000355e+00,-1.259202029711288340e+01,1.085523012360965289e+01,-2.680228109618593990e+01,3.285472168007662930e+01
6.410000000000000142e+00,-1.266133168163486644e+01,1.033129702069501299e+01,-2.837019437433331248e+01,2.929200741043623424e+01
6.419999999999999929e+00,-1.268282972585560664e+01,9.819468377200761822e+00,-2.944971629527420021e+01,2.568944586148733578e+01
6.429999999999999716e+00,-1.265956626403438889e+01,9.325035064751999059e+00,-3.005269852098437156e+01,2.211220815611523349e+01
6.440000000000000391e+00,-1.259521661050947472e+01,8.852726333527556335e+00,-3.019951549084092335e+01,1.862177387571954412e+01
6.450000000000000178e+00,-1.249398299035377491e+01,8.406635007250928382e+00,-2.991827947981984437e+01,1.527484563531968575e+01
6.459999999999999964e+00,-1.236048918561820997e+01,7.990158956423849546e+00,-2.924392357999171210e+01,1.212241163824037393e+01
6.469999999999999751e+00,-1.219966912364374600e+01,7.605959800050619002e+00,-2.821717893092111140e+01,9.208970925225811399e+00
6.480000000000000426e+00,-1.201665221436579323e+01,7.255939330923856900e+00,-2.688347385728102878e+01,6.571931515028298421e+00
6.490000000000000213e+00,-1.181664824833514515e+01,6.941233703592641469e+00,-2.529178315067838057e+01,4.241187069491910933e+00
6.500000000000000000e+00,-1.160483459835012710e+01,6.662224979868287100e+00,-2.349345557775971116e+01,2.238873228428102991e+00
6.509999999999999787e+00,-1.138624832917452601e+01,6.418569205906941910e+00,-2.154104684789404800e+01,5.793004628228023423e-01
6.520000000000000462e+00,-1.116568561768910328e+01,6.209239808263156135e+00,-1.948718378817590491e+01,-7.309437071477409287e-01
6.530000000000000249e+00,-1.094761062748034064e+01,6.032584753252614895e+00,-1.738348342300144722e+01,-1.692733899827249866e+00
6.540000000000000036e+00,-1.073607567613610847e+01,5.886395622365363067e+00,-1.527954812390125028e+01,-2.314001392984229355e+00
6.549999999999999822e+00,-1.053465419024946215e+01,5.767986522488734558e+00,-1.322205507544251368e+01,-2.609200543961410101e+00
6.560000000000000497e+00,-1.034638757288661459e+01,5.674280577648365131e+00,-1.125395509337313449e+01,-2.598665754650829829e+00
6.570000000000000284e+00,-1.017374672198838326e+01,5.601901641285008004e+00,-9.413792432949650291e+00,-2.307879124457320685e+00
6.580000000000000071e+00,-1.001860854681260626e+01,5.547268825287216210e+00,-7.735153739177153653e+00,-1.766669844704252590e+00
6.589999999999999858e+00,-9.882247443779313301e+00,5.506691462800523240e+00,-6.246250813726757833e+00,-1.008366722272578730e+00
6.600000000000000533e+00,-9.765341323060695800e+00,5.476462203215574753e+00,-4.969638496716852316e+00,-6.892500542305858569e-02
6.610000000000000320e+00,-9.667991432225671034e+00,5.452946075122712344e+00,-3.922065768068408786e+00,1.013952038768135777e+00
6.620000000000000107e+00,-9.589754911388986613e+00,5.432663540467908447e+00,-3.114455235164303559e+00,2.201677525895398446e+00
6.629999999999999893e+00,-9.529688742542594682e+00,5.412365793581957796e+00,-2.552003551575887652e+00,3.455613639884840271e+00
6.640000000000000568e+00,-9.486403529567827064e+00,5.389100824229145381e+00,-2.234393053268426410e+00,4.737856808829021382e+00
6.650000000000000355e+00,-9.458125368845065495e+00,5.360269055774026015e+00,-2.156103038078813761e+00,6.011961730464024711e+00
6.660000000000000142e+00,-9.442763945846746054e+00,5.323667679097990657e+00,-2.306807671805194637e+00,7.243592937631522233e+00
6.669999999999999929e+00,-9.437984921532507343e+00,5.277523121050707644e+00,-2.671846487075412391e+00,8.401095027311054508e+00
6.679999999999999716e+00,-9.441284653180503028e+00,5.220511404228308727e+00,-3.232752843698754930e+00,9.455975140008398228e+00
6.690000000000000391e+00,-9.450065325503864244e+00,5.151766464397520728e+00,-3.967825524297217576e+00,1.038329370158713161e+01
6.700000000000000178e+00,-9.461708646260488464e+00,5.070876785249662788e+00,-4.852728819226816093e+00,1.116196176551117070e+01
6.709999999999999964e+00,-9.473646381699502683e+00,4.977870980518204647e+00,-5.861106974047664231e+00,1.177494546617468174e+01
6.719999999999999751e+00,-9.483426165800837637e+00,4.873193194959483776e+00,-6.965199688059408700e+00,1.220938006857186231e+01
6.730000000000000426e+00,-9.488771207329644852e+00,4.757669403500758065e+00,-8.136446415628258322e+00,1.245659784063697728e+01
6.740000000000000213e+00,-9.487632733700527510e+00,4.632465858391642932e+00,-9.346068481953480500e+00,1.251207545667794996e+01
6.750000000000000000e+00,-9.478234243681123772e+00,4.499041065043400955e+00,-1.056561942902563800e+01,1.237530784789499805e+01
6.759999999999999787e+00,-9.459106885118071517e+00,4.359092757190976997e+00,-1.176749550375203413e+01,1.204961634308926044e+01
6.770000000000000462e+00,-9.429115522306318553e+00,4.214501391006962194e+00,-1.292539973862429648e+01,1.154189959240385477e+01
6.780000000000000249e+00,-9.387475303796874115e+00,4.067271686869672109e+00,-1.401475460943296270e+01,1.086233615052024604e+01
6.790000000000000036e+00,-9.333758779256454474e+00,3.919473718658793349e+00,-1.501305974275712529e+01,1.002404773145241634e+01
6.799999999999999822e+00,-9.267893837952144054e+00,3.773184986619281034e+00,-1.590019255227796791e+01,9.042732059075831330e+00
6.810000000000000497e+00,-9.190152946738992412e+00,3.630434814623452855e+00,-1.665865097784650217e+01,7.936273954435028699e+00
6.820000000000000284e+00,-9.101134348069470192e+00,3.493152290287740769e+00,-1.727373866190551865e+01,6.724342854449327334e+00
6.830000000000000071e+00,-9.001736035358328891e+00,3.363118821508633172e+00,-1.773369390852771232e+01,5.427984380369643702e+00
6.839999999999999858e+00,-8.893123451729721296e+00,3.241926220488811072e+00,-1.802976462202832053e+01,4.069212902099391904e+00
6.850000000000000533e+00,-8.776691957324855409e+00,3.130941051269107156e+00,-1.815623211236807677e+01,2.670611309301057279e+00
6.860000000000000320e+00,-8.654025179379457811e+00,3.031275794179881800e+00,-1.811038718684610060e+01,1.254943433112101880e+00
6.870000000000000107e+00,-8.526850398411355059e+00,2.943767195336538744e+00,-1.789246233056106661e+01,-1.552162085864496610e-01
6.879999999999999893e+00,-8.396992134040758060e+00,2.868961985915763790e+00,-1.750552402480151670e+01,-1.537831419633538754e+00
6.890000000000000568e+00,-8.266325076798617388e+00,2.807109978675602857e+00,-1.695532937930472883e+01,-2.871728874465877546e+00
6.900000000000000355e+00,-8.136727469917650168e+00,2.758164381785270791e+00,-1.625015127996674025e+01,-4.136895647077714955e+00
6.910000000000000142e+00,-8.010035980154430746e+00,2.721789015755418539e+00,-1.540057619820456125e+01,-5.314747745517891531e+00
6.919999999999999929e+00,-7.888003012121805213e+00,2.697371980800082891e+00,-1.441927869226570813e+01,-6.388368189810956110e+00
6.929999999999999716e+00,-7.772257319618494975e+00,2.684045201428947536e+00,-1.332077647423669298e+01,-7.342713608696459282e+00
6.940000000000000391e+00,-7.664268653379464169e+00,2.680709173999699768e+00,-1.212116973786666385e+01,-8.164788695530509344e+00
6.950000000000000178e+00,-7.565317060926957993e+00,2.686062162318132884e+00,-1.083786825797795572e+01,-8.843788162103631834e+00
6.959999999999999964e+00,-7.476467324134292269e+00,2.698633026583892924e+00,-9.489309595916759932e+00,-9.371206069830877894e+00
6.969999999999999751e+00,-7.398548886957499349e+00,2.716816831963182022e+00,-8.094671587831056669e+00,-9.740912611797561738e+00
6.980000000000000426e+00,-7.332141492595296128e+00,2.738912364294448842e+00,-6.673582160824287790e+00,-9.949198578920515956e+00
6.990000000000000213e+00,-7.277566618918065444e+00,2.763160680966829208e+00,-5.245829420062643855e+00,-9.994787882063262074e+00
7.000000000000000000e+00,-7.234884675893654915e+00,2.787783843582722021e+00,-3.831074878171850884e+00,-9.878818632243939746e+00
7.009999999999999787e+00,-7.203897811152316422e+00,2.811023014074415904e+00,-2.448572654045992003e+00,-9.604793415183957350e+00
7.020000000000000462e+00,-7.184158061667265116e+00,2.831175145725068898e+00,-1.116897445997615979e+00,-9.178499544978699021e+00
7.030000000000000249e+00,-7.174980492334233517e+00,2.846627563117077653e+00,1.463159238964295561e-01,-8.607900253249381350e+00
7.040000000000000036e+00,-7.175460877230834811e+00,2.855889798373523192e+00,1.324618601040940868e+00,-7.902997970946536554e+00
7.049999999999999822e+00,-7.184497407414266235e+00,2.857622133087347471e+00,2.402976642093587412e+00,-7.075671093512427845e+00
7.060000000000000497e+00,-7.200815850849311417e+00,2.850660383966999056e+00,3.367980056383201859e+00,-6.139485886957912086e+00
7.070000000000000284e+00,-7.222997545733660374e+00,2.834036563414189747e+00,4.208029247744471846e+00,-5.109485490288109055e+00
7.080000000000000071e+00,-7.249509578117470099e+00,2.806995142007172372e+00,4.913496257456569261e+00,-4.001958293502134723e+00
7.089999999999999858e+00,-7.278736478071573757e+00,2.769004736303350533e+00,5.476858356641376879e+00,-2.834188312426585643e+00
7.100000000000000533e+00,-7.309012765296934333e+00,2.719765140727788744e+00,5.892801741615406819e+00,-1.624190531996596798e+00
7.110000000000000320e+00,-7.338655684351612862e+00,2.659209714942020408e+00,6.158293353779538570e+00,-3.904345365410384350e-01
7.120000000000000107e+00,-7.365997490799561120e+00,2.587503226500337483e+00,6.272619179589482563e+00,8.484399238843784996e-01
7.129999999999999893e+00,-7.389416681617365867e+00,2.505035331462753589e+00,6.237387786093454345e+00,2.073911481837407589e+00
7.140000000000000568e+00,-7.407367605073577721e+00,2.412409951769520333e+00,6.056498310658522399e+00,3.267865610208981142e+00
7.150000000000000355e+00,-7.418407935866973446e+00,2.310430876581555104e+00,5.736072644126256392e+00,4.412878585761157879e+00
7.160000000000000142e+00,-7.421223559346799448e+00,2.200083974606452220e+00,5.284352116244576791e+00,5.492492426954812323e+00
7.169999999999999929e+00,-7.414650472853406171e+00,2.082516454984464804e+00,4.711559599757848105e+00,6.491476227809867439e+00
7.179999999999999716e+00,-7.397693381285199266e+00,1.959013655085844574e+00,4.029728581706702784e+00,7.396069353026507365e+00
7.190000000000000391e+00,-7.369540736566939643e+00,1.830973864222693592e+00,3.252501392178414719e+00,8.194202099747045054e+00
7.200000000000000178e+00,-7.329576045406383855e+00,1.699881712619164098e+00,2.394899415519912367e+00,8.875689671846373585e+00
7.209999999999999964e+00,-7.277385345228953639e+00,1.567280664988230710e+00,1.473068719636678736e+00,9.432395654186981560e+00
7.219999999999999751e+00,-7.212760823145014655e+00,1.434745157866505805e+00,5.040051080012394324e-01,9.858361614377182391e+00
7.230000000000000426e+00,-7.135700625941058917e+00,1.303852909750754741e+00,-4.947368907019693562e-01,1.014989999259835507e+01
7.240000000000000213e+00,-7.046404979158976900e+00,1.176157913502247743e+00,-1.505346144902454331e+00,1.030564805731406253e+01
7.250000000000000000e+00,-6.945268799172843899e+00,1.053164592023822399e+00,-2.510062858052190204e+00,1.032658139456156832e+01
7.259999999999999787e+00,-6.832871042713559717e+00,9.363035615931262212e-01,-3.491486781833438080e+00,1.021598614690151408e+01
7.270000000000000462e+00,-6.709961092555952966e+00,8.269094033044795955e-01,-4.432880032756827404e+00,9.979390008613020058e+00
7.280000000000000249e+00,-6.577442525219043823e+00,7.262007927968133769e-01,-5.318458828222087931e+00,9.624452798280499266e+00
7.290000000000000036e+00,-6.436354645818634701e+00,6.352632828907063267e-01,-6.133668569953166561e+00,9.160818249212239195e+00
7.299999999999999822e+00,-6.287852206086244067e+00,5.550349740751285843e-01,-6.865436939325792132e+00,8.599929462186267415e+00
7.310000000000000497e+00,-6.133183743616466010e+00,4.862952451834941514e-01,-7.502400028070168148e+00,7.954811233776062807e+00
7.320000000000000284e+00,-5.973668993386759496e+00,4.296566523358610334e-01,-8.035097003333632415e+00,7.239823187415364458e+00
7.330000000000000071e+00,-5.810675826441925373e+00,3.855600395727447061e-01,-8.456129389098830273e+00,6.470388274947205254e+00
7.339999999999999858e+00,-5.645597165460761069e+00,3.542728408342014634e-01,-8.760281724422592120e+00,5.662701766827832550e+00
7.350000000000000533e+00,-5.479828313006333218e+00,3.358904912823157396e-01,-8.944601118150419694e+00,4.833426294678276669e+00
7.360000000000000320e+00,-5.314745106064545865e+00,3.303408076091143841e-01,-9.008434042600139691e+00,3.999378838349242571e+00
7.370000000000000107e+00,-5.151683280610630966e+00,3.373911430152888857e-01,-8.953419576316727913e+00,3.177215751810003042e+00
7.379999999999999893e+00,-4.991919393177218112e+00,3.566580739863536853e-01,-8.783439198145245541e+00,2.383121991928078387e+00
7.390000000000000568e+00,-4.836653603626878350e+00,3.876193337053545629e-01,-8.504524130559044437e+00,1.632510648860381108e+00
7.400000000000000355e+00,-4.686994575565613275e+00,4.296276716554319197e-01,-8.124722108224545991e+00,9.397386770655656862e-01
7.410000000000000142e+00,-4.543946699168964543e+00,4.819262912541624200e-01,-7.653926287369451131e+00,3.178443960277730906e-01
7.419999999999999929e+00,-4.408399786792234210e+00,5.436654976281919405e-01,-7.103669792788307902e+00,-2.216881228714224772e-01
7.429999999999999716e+00,-4.281121335800027516e+00,6.139201761083631359e-01,-6.486890103878677927e+00,-6.691332317273276376e-01
7.440000000000000391e+00,-4.162751396790218550e+00,6.917077187501290414e-01,-5.817668092545133618e+00,-1.016692555764115991e+00
7.450000000000000178e+00,-4.053800029995646703e+00,7.760060210324510876e-01,-5.110947030106530953e+00,-1.258625375960516601e+00
7.459999999999999964e+00,-3.954647279277931027e+00,8.657711835579395832e-01,-4.382237266240489149e+00,-1.391338215253785648e+00
7.469999999999999751e+00,-3.865545542862633965e+00,9.599545736054517775e-01,-3.647312542245679801e+00,-1.413432156820881636e+00
7.480000000000000426e+00,-3.786624173798116111e+00,1.057518928160961158e+00,-2.921904028477130044e+00,-1.325707306572481148e+00
7.490000000000000213e+00,-3.717896101933300557e+00,1.157453212830940492e+00,-2.221398169989925897e+00,-1.131124700717218268e+00
7.500000000000000000e+00,-3.659266233756153675e+00,1.258785988969426173e+00,-1.560544286798296376e+00,-8.347268325268166755e-01
7.509999999999999787e+00,-3.610541357328219014e+00,1.360597083481178027e+00,-9.531776105228439988e-01,-4.435188103875004617e-01
7.520000000000000462e+00,-3.571441257252556234e+00,1.462027401086937184e+00,-4.119630553926461047e-01,3.368705683687963498e-02
7.530000000000000249e+00,-3.541610729428376736e+00,1.562286766298988105e+00,5.183547079906225541e-02,5.864597382364890032e-01
7.540000000000000036e+00,-3.520632177421965991e+00,1.660659730881952179e+00,4.285559980676170166e-01,1.202966887399541607e+00
7.549999999999999822e+00,-3.508038471609563835e+00,1.756509331097148907e+00,7.103061185168761948e-01,1.870216513287834559e+00
7.560000000000000497e+00,-3.503325758661621769e+00,1.849278826505862172e+00,8.910944861126162131e-01,2.574317832196358236e+00
7.570000000000000284e+00,-3.505965922132607382e+00,1.938491497544452713e+00,9.669241524195975046e-01,3.300755913811439513e+00
7.580000000000000071e+00,-3.515418414457801788e+00,2.023748621552984961e+00,9.358465040501939836e-01,4.034674550493710043e+00
7.589999999999999858e+00,-3.531141205978744146e+00,2.104725785593612120e+00,7.979753816234538277e-01,4.761161716021982571e+00
7.600000000000000533e+00,-3.552600627057928229e+00,2.181167728488444091e+00,5.554617645734785114e-01,5.465532036388987436e+00
7.610000000000000320e+00,-3.579279914147502240e+00,2.252881933395427527e+00,2.124301836846084202e-01,6.133600866275935815e+00
7.620000000000000107e+00,-3.610686309019343732e+00,2.319731215404236657e+00,-2.251212424963795478e-01,6.751944843472146296e+00
7.629999999999999893e+00,-3.646356601364187711e+00,2.381625565670510092e+00,-7.494545748969652088e-01,7.308144170357015135e+00
7.640000000000000568e+00,-3.685861047704372950e+00,2.438513524244283026e+00,-1.351256446731633698e+00,7.791002335302258608e+00
7.650000000000000355e+00,-3.728805643098679568e+00,2.490373357843601809e+00,-2.019829379578998552e+00,8.190739524575073816e+00
7.660000000000000142e+00,-3.774832765501918708e+00,2.537204316363591339e+00,-2.743305885843304370e+00,8.499156572946988675e+00
7.669999999999999929e+00,-3.823620254943115526e+00,2.579018233008339767e+00,-3.508880881714053324e+00,8.709766943891443347e+00
7.679999999999999716e+00,-3.874879029996548319e+00,2.615831717825894742e+00,-4.303057694736066807e+00,8.817894902790651912e+00
7.690000000000000391e+00,-3.928349381473805302e+00,2.647659173472508343e+00,-5.111902810139045350e+00,8.820738733826008371e+00
7.700000000000000178e+00,-3.983796117052373020e+00,2.674506835702242569e+00,-5.921304458898998924e+00,8.717398538489465665e+00
7.709999999999999964e+00,-4.041002759934571920e+00,2.696368009948176603e+00,-6.717230204718131148e+00,8.508868826987090017e+00
7.719999999999999751e+00,-4.099765028939803102e+00,2.713219640106286246e+00,-7.485978831419823010e+00,8.197996760357957768e+00
7.730000000000000426e+00,-4.159883846106318117e+00,2.725020307015287635e+00,-8.214422059730033254e+00,7.789407509363100779e+00
7.740000000000000213e+00,-4.221158130451859058e+00,2.731709712983915406e+00,-8.890231924724524504e+00,7.289398756097353882e+00
7.750000000000000000e+00,-4.283377642668751761e+00,2.733209665955737666e+00,-9.502090013027032711e+00,6.705806867474100486e+00
7.759999999999999787e+00,-4.346316144984040619e+00,2.729426533476356109e+00,-1.003987518202904994e+01,6.047847709589435183e+00
7.770000000000000462e+00,-4.409725133107965434e+00,2.720255093529170498e+00,-1.049482685144312200e+01,5.325935443589851381e+00
7.780000000000000249e+00,-4.473328383173663880e+00,2.705583667545472526e+00,-1.085968145971958698e+01,4.551482943851301144e+00
7.790000000000000036e+00,-4.536817536030484099e+00,2.685300381482916166e+00,-1.112878020371184107e+01,3.736687706452277435e+00
7.799999999999999822e+00,-4.599848914534904409e+00,2.659300364797720029e+00,-1.129814671928681058e+01,2.894307270006497124e+00
7.810000000000000497e+00,-4.662041737077268877e+00,2.627493665361888997e+00,-1.136553390373302541e+01,2.037428253158772851e+00
7.820000000000000284e+00,-4.722977853126249848e+00,2.589813631790352844e+00,-1.133043961892118112e+01,1.179233125846138597e+00
7.830000000000000071e+00,-4.782203084845517260e+00,2.546225494048975690e+00,-1.119409153916029176e+01,3.327687781216729923e-01
7.839999999999999858e+00,-4.839230213747499398e+00,2.496734859314108324e+00,-1.095940191239430739e+01,-4.892791649376752039e-01
7.850000000000000533e+00,-4.893543603928534047e+00,2.441395833415030303e+00,-1.063089348155890335e+01,-1.274802506331753627e+00
7.860000000000000320e+00,-4.944605404809745863e+00,2.380318479230871809e+00,-1.021459825922135778e+01,-2.012473567234014382e+00
7.870000000000000107e+00,-4.991863227700580552e+00,2.313675332379312444e+00,-9.717931258582416021e+00,-2.691931924994962255e+00
7.879999999999999893e+00,-5.034759143177688578e+00,2.241706711484831693e+00,-9.149541653829883714e+00,-3.303951833587135845e+00
7.890000000000000568e+00,-5.072739801526905623e+00,2.164724585105164412e+00,-8.519144169697586477e+00,-3.840587711030451157e+00
7.900000000000000355e+00,-5.105267437621923143e+00,2.083114789674659129e+00,-7.837333781484860040e+00,-4.295295459502201929e+00
7.910000000000000142e+00,-5.131831485864184472e+00,1.997337432023045034e+00,-7.115387040799102891e+00,-4.663027791071281847e+00
7.919999999999999929e+00,-5.151960501362124134e+00,1.907925355368759401e+00,-6.365053527347315665e+00,-4.940302160343846616e+00
7.930000000000000604e+00,-5.165234061450619585e+00,1.815480598182269700e+00,-5.598341061969405175e+00,-5.125240349923468663e+00
7.940000000000000391e+00,-5.171294307861050932e+00,1.720668829792277643e+00,-4.827298399752241842e+00,-5.217579210694351488e+00
7.950000000000000178e+00,-5.169856785083227102e+00,1.624211803723459857e+00,-4.063799153655478946e+00,-5.218652521758291307e+00
7.959999999999999964e+00,-5.160720235231100794e+00,1.526877928025127451e+00,-3.319330677955175446e+00,-5.131344399548927626e+00
7.969999999999999751e+00,-5.143775024310695443e+00,1.429471109686472285e+00,-2.604791566506778011e+00,-4.960015147226884302e+00
7.980000000000000426e+00,-5.119009899200617220e+00,1.332818085980095990e+00,-1.930301293102917981e+00,-4.710400888727034108e+00
7.990000000000000213e+00,-5.086516808621584396e+00,1.237754507555882455e+00,-1.305025340152219382e+00,-4.389488771324601579e+00
8.000000000000000000e+00,-5.046493564331015591e+00,1.145110084671357553e+00,-7.370189280075976068e-01,-4.005369940552212960e+00
