# eV,ground_re,ground_im,pumped_re,pumped_im
1.000000000000000021e-02,3.428352041808751665e+02,-4.143265303425692764e+03,4.146987542010297147e+03,-6.978751931786958266e+03
2.000000000000000042e-02,3.400842642760591161e+02,-2.042675992274369037e+03,4.075648642746643873e+03,-2.904847833244305548e+03
2.999999999999999889e-02,3.355494796963241697e+02,-1.330093197134975071e+03,3.958418721319265842e+03,-1.301652836344362186e+03
4.000000000000000083e-02,3.293047227238854475e+02,-9.650438091531976852e+02,3.797751694594738638e+03,-3.320957172173442018e+02
5.000000000000000278e-02,3.214508547704244847e+02,-7.395847038573707550e+02,3.596987778669497857e+03,3.667932982145666756e+02
5.999999999999999778e-02,3.121132617730762604e+02,-5.845128935184225156e+02,3.360261965491014053e+03,9.128259772714253586e+02
7.000000000000000666e-02,3.014388175732381683e+02,-4.702498802972057206e+02,3.092391544248808714e+03,1.354316368584633437e+03
8.000000000000000167e-02,2.895923678804336419e+02,-3.820607858381101778e+02,2.798746299648747481e+03,1.714061521641586296e+03
8.999999999999999667e-02,2.767528410809275101e+02,-3.117928254139124533e+02,2.485105546493819475e+03,2.004040818644518822e+03
1.000000000000000056e-01,2.631091020844889954e+02,-2.545700752602223531e+02,2.157506537069562910e+03,2.231312303427332608e+03
1.100000000000000006e-01,2.488556713007505437e+02,-2.072909873082358274e+02,1.822088992379319052e+03,2.400690604535237526e+03
1.199999999999999956e-01,2.341884325422918494e+02,-1.678774649483062547e+02,1.484940554363822457e+03,2.516068273682041763e+03
1.300000000000000044e-01,2.193004511680574637e+02,-1.348711780091336436e+02,1.151947834480399251e+03,2.581097492371335193e+03
1.400000000000000133e-01,2.043780172690509573e+02,-1.072038049929168153e+02,8.286574514586727673e+02,2.599540734147201420e+03
1.499999999999999944e-01,1.895970184691095710e+02,-8.406028367235961696e+01,5.201510208205542085e+02,2.575436045397026191e+03
1.600000000000000033e-01,1.751197334128333409e+02,-6.479456470307661675e+01,2.309374994489371886e+02,2.513151649866617845e+03
1.700000000000000122e-01,1.610921208018510242e+02,-4.887637511506861188e+01,-3.513437665017443834e+01,2.417371411144940339e+03
1.799999999999999933e-01,1.476416605723169937e+02,-3.585700114565825913e+01,-2.749415673523881765e+02,2.293036225163792551e+03
1.900000000000000022e-01,1.348757841973888389e+02,-2.534710001277331415e+01,-4.861289158551704759e+02,2.145257782303947806e+03
2.000000000000000111e-01,1.228809108990352996e+02,-1.700230112752338485e+01,-6.671276609071056782e+02,1.979216340551872918e+03
2.099999999999999922e-01,1.117220865177764750e+02,-1.051393179427026681e+01,-8.171506872052872268e+02,1.800051288328642158e+03
2.200000000000000011e-01,1.014432026439953063e+02,-5.603136933803875230e+00,-9.361656872935578804e+02,1.612751405246945524e+03
2.300000000000000100e-01,9.206775603196300040e+01,-2.017236379876875318e+00,-1.024848100141938403e+03,1.422050368229189871e+03
2.399999999999999911e-01,8.360009288840859654e+01,4.724719727663029278e-01,-1.084516291704396508e+03,1.232331948319098046e+03
2.500000000000000000e-01,7.602706983930977458e+01,2.072015071306600120e+00,-1.117051931788093270e+03,1.047548371510749803e+03
2.600000000000000089e-01,6.932005360001973315e+01,2.965542268106985180e+00,-1.124808885112068992e+03,8.711544130430615951e+02
2.700000000000000178e-01,6.343717484222521108e+01,3.315891010605204414e+00,-1.110514163458468374e+03,7.060589342071967849e+02
2.800000000000000266e-01,5.832574856727674018e+01,3.265110179996844497e+00,-1.077164576882738629e+03,5.545947501420506569e+02
2.899999999999999800e-01,5.392477342353444669e+01,2.935067583397606317e+00,-1.027922677159365094e+03,4.185069442065941985e+02
2.999999999999999889e-01,5.016742567966375077e+01,2.428219718788427350e+00,-9.660154133886559293e+02,2.989590328446571448e+02
3.099999999999999978e-01,4.698346970176671533e+01,1.828584284219736844e+00,-8.946386301708107567e+02,1.965557498379699553e+02
3.200000000000000067e-01,4.430151539281789752e+01,1.202926554430949979e+00,-8.168701492907716784e+02,1.113806753264572933e+02
3.300000000000000155e-01,4.205106366880969659e+01,6.021481412900513419e-01,-7.355937060852771765e+02,4.304649552673600255e+01
3.400000000000000244e-01,4.016429313880729524e+01,6.284975352610365495e-02,-6.534354835909922485e+02,-9.244647137256864156e+00
3.500000000000000333e-01,3.857755416295422890e+01,-3.909723619329639743e-01,-5.727144245800619728e+02,-4.663346168809426473e+01
3.599999999999999867e-01,3.723254981173961653e+01,-7.461441611729057177e-01,-4.954069274042371376e+02,-7.053131117330363509e+01
3.699999999999999956e-01,3.607719638605720291e+01,-9.984972617349880952e-01,-4.231259692628203197e+02,-8.254632106902958810e+01
3.800000000000000044e-01,3.506616856474012422e+01,-1.151069938780177271e+00,-3.571141715647451065e+02,-8.441047099034877021e+01
3.900000000000000133e-01,3.416114546839921218e+01,-1.212374878876313788e+00,-2.982498455320327935e+02,-7.791011837644626326e+01
4.000000000000000222e-01,3.333078358675554398e+01,-1.194777939625857544e+00,-2.470646480389937381e+02,-6.482209356994496829e+01
4.100000000000000311e-01,3.255045032250660597e+01,-1.113025351548756703e+00,-2.037711502050063359e+02,-4.685713341731420911e+01
4.199999999999999845e-01,3.180175766763628076e+01,-9.829486844390601386e-01,-1.682983827745474343e+02,-2.561200418293152836e+01
4.299999999999999933e-01,3.107193915907557624e+01,-8.203680148195272581e-01,-1.403332769917482779e+02,-2.531223936765981897e+00
4.400000000000000022e-01,3.035311477091803667e+01,-6.402045825698433612e-01,-1.193658675515889485e+02,2.112115073527408171e+01
4.500000000000000111e-01,2.964148789504502091e+01,-4.558052829137407835e-01,-1.047361614144766691e+02,4.427964016753613663e+01
4.600000000000000200e-01,2.893651622971711035e+01,-2.784730201954194739e-01,-9.568069538898933502e+01,6.608572601770055144e+01
4.700000000000000289e-01,2.824009449497881974e+01,-1.171896005130374369e-01,-9.137699596563373916e+01,8.588722620245316364e+01
4.799999999999999822e-01,2.755578173659201013e+01,2.148826772011358174e-02,-9.098440405034658340e+01,1.032296792744737246e+02
4.899999999999999911e-01,2.688809991389407372e+01,1.333839755473742450e-01,-9.368002040366020822e+01,1.178409884915393206e+02
5.000000000000000000e-01,2.624192385502124125e+01,2.165342772610854283e-01,-9.868884915571771899e+01,1.296107359653894946e+02
5.100000000000000089e-01,2.562197586644635905e+01,2.709296786190019124e-01,-1.053075509095935303e+02,1.385656644344955453e+02
5.200000000000000178e-01,2.503243164380736729e+01,2.981909299681246850e-01,-1.129215483067866899e+02,1.448428399143749630e+02
5.300000000000000266e-01,2.447663795292876898e+01,3.012093701528377188e-01,-1.210155412766534653e+02,1.486619573204593792e+02
5.400000000000000355e-01,2.395693709054070197e+01,2.837764696808971476e-01,-1.291777739890280827e+02,1.502981403693896709e+02
5.500000000000000444e-01,2.347458859197582370e+01,2.502245951202622387e-01,-1.370986403965695217e+02,1.500564260553264546e+02
5.600000000000000533e-01,2.302977516220580512e+01,2.050970231103727004e-01,-1.445644123050685721e+02,1.482489237931137325e+02
5.700000000000000622e-01,2.262167743439343326e+01,1.528608459907833395e-01,-1.514470179589565362e+02,1.451754119582260500e+02
5.799999999999999600e-01,2.224860090878305385e+01,9.767190279892307148e-02,-1.576908877549170427e+02,1.411078924730651067e+02
5.899999999999999689e-01,2.190813823578855590e+01,4.319649232291822988e-02,-1.632979171807774037e+02,1.362793795331796218e+02
5.999999999999999778e-01,2.159735076941831622e+01,-7.509398402171808470e-03,-1.683115782189015022e+02,1.308769630299768778e+02
6.099999999999999867e-01,2.131295487708929670e+01,-5.206610427828513299e-02,-1.728011442774322006e+02,1.250389709700018699e+02
6.199999999999999956e-01,2.105150066535048836e+01,-8.878710259856684162e-02,-1.768468870896765281e+02,1.188558668451312599e+02
6.300000000000000044e-01,2.080953336648529373e+01,-1.166542802666878792e-01,-1.805269652260823250e+02,1.123743641745867876e+02
6.400000000000000133e-01,2.058373042248476281e+01,-1.352605666019095487e-01,-1.839065620904128195e+02,1.056041259029756532e+02
6.500000000000000222e-01,2.037101010280573377e+01,-1.447293703902951256e-01,-1.870296561427931863e+02,9.852634338973322770e+01
6.600000000000000311e-01,2.016861012250951646e+01,-1.456200821906273868e-01,-1.899136271674213106e+02,9.110345859495382115e+01
6.700000000000000400e-01,1.997413703860805256e+01,-1.388281300650338335e-01,-1.925467287284877784e+02,8.328930195890450250e+01
6.800000000000000488e-01,1.978558908146592543e+01,-1.254868390826338609e-01,-1.948882966677273032e+02,7.503896378842284776e+01
6.900000000000000577e-01,1.960135645199350662e+01,-1.068767897051793175e-01,-1.968714234809799279e+02,6.631779359639114091e+01
7.000000000000000666e-01,1.942020395305163660e+01,-8.434665142771025081e-02,-1.984077140665069692e+02,5.710902352662964176e+01
7.099999999999999645e-01,1.924124113454226048e+01,-5.924773536521026757e-02,-1.993936534086226686e+02,4.741963169838979297e+01
7.199999999999999734e-01,1.906388496249417486e+01,-3.288289821839807808e-02,-1.997180632675278673e+02,3.728419160802510390e+01
7.299999999999999822e-01,1.888781945028733844e+01,-6.469053111044955999e-03,-1.992701032073612453e+02,2.676658722919759370e+01
7.399999999999999911e-01,1.871295581530348784e+01,1.888851573687478844e-02,-1.979472800246361714e+02,1.595960313250930795e+01
7.500000000000000000e-01,1.853939566123191085e+01,4.221252635536570930e-02,-1.956629661254892483e+02,4.982518473973522433e+00
7.600000000000000089e-01,1.836739855427169843e+01,6.266355439405706107e-02,-1.923529877348145192e+02,-6.023062284124134358e+00
7.700000000000000178e-01,1.819735427534770977e+01,7.954609640417482919e-02,-1.879809231779286449e+02,-1.689882475633178771e+01
7.800000000000000266e-01,1.802975909198591609e+01,9.231317502543925912e-02,-1.825418444172174759e+02,-2.747642727843517108e+01
7.900000000000000355e-01,1.786519468427825075e+01,1.005711756358933923e-01,-1.760643358151020834e+02,-3.758483447102962316e+01
8.000000000000000444e-01,1.770430793538841030e+01,1.040857961358958306e-01,-1.686107270037421983e+02,-4.705787228573935010e+01
8.100000000000000533e-01,1.754778968534045447e+01,1.027891191465620524e-01,-1.602755763419140180e+02,-5.574158538214645375e+01
8.200000000000000622e-01,1.739635074442448825e+01,9.678697936595848095e-02,-1.511825328518947060e+02,-6.350100920836312213e+01
8.300000000000000711e-01,1.725069393772621851e+01,8.636509158661294372e-02,-1.414797836340386255e+02,-7.022601885783808484e+01
8.399999999999999689e-01,1.711148164796976090e+01,7.199190587609162473e-02,-1.313343573482623867e+02,-7.583598087716124780e+01
8.499999999999999778e-01,1.697929916293594488e+01,5.431592376914420178e-02,-1.209256002364509044e+02,-8.028300846618490993e+01
8.599999999999999867e-01,1.685461502576283266e+01,3.415527567240621981e-02,-1.104381681969716880e+02,-8.355370048667360550e+01
8.699999999999999956e-01,1.673774043546573509e+01,1.247772965508873143e-02,-1.000548865071164926e+02,-8.566932594697708225e+01
8.800000000000000044e-01,1.662879045759211039e+01,-9.630048441206188331e-03,-8.994981878427012134e+01,-8.668449397383913890e+01
8.900000000000000133e-01,1.652765029806375097e+01,-3.100428453034983350e-02,-8.028186039943517471e+01,-8.668442097778979871e+01
9.000000000000000222e-01,1.643395010153979996e+01,-5.045620108250845059e-02,-7.118913123064952231e+01,-8.578096862726543748e+01
9.100000000000000311e-01,1.634705161701004883e+01,-6.683260140341282241e-02,-6.278439132287933688e+01,-8.410767594925722790e+01
9.200000000000000400e-01,1.626604961316133924e+01,-7.908203002442784624e-02,-5.515164400059440908e+01,-8.181404474156059337e+01
9.300000000000000488e-01,1.618979013909236642e+01,-8.632267393507375708e-02,-4.834402770248120618e+01,-7.905935869953397344e+01
9.400000000000000577e-01,1.611690665603170913e+01,-8.790746854188144499e-02,-4.238303367829117008e+01,-7.600632321099719491e+01
9.500000000000000666e-01,1.604587378325889091e+01,-8.348148338713821948e-02,-3.725902489846031074e+01,-7.281480537631627215e+01
9.599999999999999645e-01,1.597507699878295462e+01,-7.302664523508015093e-02,-3.293297491224921458e+01,-6.963593383123892977e+01
9.699999999999999734e-01,1.590289522030065328e+01,-5.688924239559747797e-02,-2.933929630774922614e+01,-6.660678727703322011e+01
9.799999999999999822e-01,1.582779187995500259e+01,-3.578644545190564491e-02,-2.638958867484359772e+01,-6.384586153226005223e+01
9.899999999999999911e-01,1.574840901177686270e+01,-1.078924478666562319e-02,-2.397710673929410419e+01,-6.144945992858585981e+01
1.000000000000000000e+00,1.566365809774592854e+01,1.671931824575925360e-02,-2.198173119089630134e+01,-5.948910358520615915e+01
1.010000000000000009e+00,1.557280105294010220e+01,4.511005301877196727e-02,-2.027521764009650340e+01,-5.801000906680420854e+01
1.020000000000000018e+00,1.547551483203143796e+01,7.259527780988206391e-02,-1.872650252676327653e+01,-5.703063353303522831e+01
1.030000000000000027e+00,1.537193373631355975e+01,9.733407819562706065e-02,-1.720685762189233259e+01,-5.654324381019827683e+01
1.040000000000000036e+00,1.526266458472013454e+01,1.175493884944833617e-01,-1.559470558216713343e+01,-5.651542757358917157e+01
1.050000000000000044e+00,1.514877143911246549e+01,1.316497898371787600e-01,-1.377993614491598429e+01,-5.689243330938904109e+01
1.060000000000000053e+00,1.503172846293610476e+01,1.383480004311416489e-01,-1.166759413887845653e+01,-5.760020175823344601e+01
1.070000000000000062e+00,1.491334163082809283e+01,1.367676237667889705e-01,-9.180844643420318363e+00,-5.854893550076585740e+01
1.080000000000000071e+00,1.479564225713728653e+01,1.265298849174745777e-01,-6.263155526317518706e+00,-5.963704516584747495e+01
1.090000000000000080e+00,1.468075751894808256e+01,1.078128523274670958e-01,-2.879671552558089154e+00,-6.075530997312387171e+01
1.100000000000000089e+00,1.457076515266136951e+01,8.137699958506540432e-02,9.822141629663090345e-01,-6.179109618624834610e+01
1.110000000000000098e+00,1.446754114544049230e+01,4.855285264942375834e-02,5.313057550275487095e+00,-6.263248852443499004e+01
1.120000000000000107e+00,1.437261038256830759e+01,1.118879534012920743e-02,1.008227237185884029e+01,-6.317220546468256259e+01
1.130000000000000115e+00,1.428701073427509627e+01,-2.844026490573755769e-02,1.523967420610136259e+01,-6.331118838959238815e+01
1.140000000000000124e+00,1.421118089234549586e+01,-6.775990217753379008e-02,2.071756978372262381e+01,-6.296177542033167640e+01
1.150000000000000133e+00,1.414488136298174936e+01,-1.040526590547379421e-01,2.643329318051663890e+01,-6.205039231818835077e+01
1.159999999999999920e+00,1.408715640185737605e+01,-1.346353451998725803e-01,3.229208634928740906e+01,-6.051971397353730708e+01
1.169999999999999929e+00,1.403634240445433790e+01,-1.570464235296112898e-01,3.819022152663406189e+01,-5.833026984263764092e+01
1.179999999999999938e+00,1.399012545312692346e+01,-1.692313037680879262e-01,4.401826647426710082e+01,-5.546148456916437652e+01
1.189999999999999947e+00,1.394564752953843545e+01,-1.697126448799091414e-01,4.966439952957375681e+01,-5.191216049598648397e+01
1.199999999999999956e+00,1.389965752086398965e+01,-1.577328858616663942e-01,5.501768924925870152e+01,-4.770042161757385202e+01
1.209999999999999964e+00,1.384869979913754356e+01,-1.333572262800462316e-01,5.997126227624929129e+01,-4.286314873903863543e+01
1.219999999999999973e+00,1.378933006574284192e+01,-9.752715438674702808e-02,6.442529227522740598e+01,-3.745494336980092953e+01
1.229999999999999982e+00,1.371834555458154981e+01,-5.205730243286790793e-02,6.828975182347038242e+01,-3.154666350596666291e+01
1.239999999999999991e+00,1.363301478663747091e+01,4.282319424299775362e-04,7.148687761916316674e+01,-2.522357836010943544e+01
1.250000000000000000e+00,1.353129104062153054e+01,5.662010422559151518e-02,7.395330704902815455e+01,-1.858319174296026688e+01
1.260000000000000009e+00,1.341199367699145029e+01,1.127043627479602517e-01,7.564185097144964232e+01,-1.173278565161781195e+01
1.270000000000000018e+00,1.327494249514145075e+01,1.645912555816780032e-01,7.652287359690646440e+01,-4.786737092858267317e+00
1.280000000000000027e+00,1.312103241848575941e+01,2.081800808119394497e-01,7.658525578285930635e+01,2.136337393438370480e+00
1.290000000000000036e+00,1.295223892109717490e+01,2.396446286159498451e-01,7.583692319243712632e+01,8.916553417465900466e+00
1.300000000000000044e+00,1.277154859331574777e+01,2.557212363554374757e-01,7.430492593294735570e+01,1.543578861370470534e+01
1.310000000000000053e+00,1.258281388709985826e+01,2.539799738611714375e-01,7.203506183853455980e+01,2.158071050576763028e+01
1.320000000000000062e+00,1.239053612292875250e+01,2.330591653060875013e-01,6.909104180744475343e+01,2.724573987430812139e+01
1.330000000000000071e+00,1.219958597364105302e+01,1.928444397028441226e-01,6.555320279659862592e+01,3.233588502439279466e+01
1.340000000000000080e+00,1.201487553539220343e+01,1.345758096046635599e-01,6.151678236376220354e+01,3.676938076559247293e+01
1.350000000000000089e+00,1.184100041415713100e+01,6.086984835370559677e-02,5.708977805767209901e+01,4.048006528566433104e+01
1.360000000000000098e+00,1.168187367490979511e+01,-2.435127412831505911e-02,5.239042538068875388e+01,4.341942885379910422e+01
1.370000000000000107e+00,1.154037573316279541e+01,-1.160265546155580946e-01,4.754433924006401924e+01,4.555827084810327676e+01
1.380000000000000115e+00,1.141804508522484696e+01,-2.082152000762192701e-01,4.268137538512568341e+01,4.688790632062836039e+01
1.390000000000000124e+00,1.131483401965374824e+01,-2.944380189313321461e-01,3.793227980805372113e+01,4.742087045253371969e+01
1.400000000000000133e+00,1.122895106283391087e+01,-3.680849730666524988e-01,3.342520488882134799e+01,4.719107894652317725e+01
1.409999999999999920e+00,1.115680792061333726e+01,-4.228670212891648128e-01,2.928218056179234452e+01,4.625341463946977427e+01
1.419999999999999929e+00,1.109308322324235441e+01,-4.532856801941092528e-01,2.561563633127342143e+01,4.468272521900419747e+01
1.429999999999999938e+00,1.103090870174406213e+01,-4.550903729669021347e-01,2.252507495438523222e+01,4.257223355249859509e+01
1.439999999999999947e+00,1.096217585277828910e+01,-4.256919433770495198e-01,2.009400050176371266e+01,4.003138028649684088e+01
1.449999999999999956e+00,1.087795309709981595e+01,-3.645009120985690521e-01,1.838720187077191426e+01,3.718313741090879176e+01
1.459999999999999964e+00,1.076899537329525636e+01,-2.731612751193956967e-01,1.744848737843840425e+01,3.416085065498496220e+01
1.469999999999999973e+00,1.062632053643096519e+01,-1.556549031905405389e-01,1.729895669129093250e+01,3.110468706478096479e+01
1.479999999999999982e+00,1.044182035828266919e+01,-1.825778676586587226e-02,1.793588313639155629e+01,2.815778104366896173e+01
1.489999999999999991e+00,1.020886883412361179e+01,1.306627528898884338e-01,1.933226266051059739e+01,2.546218666884482573e+01
1.500000000000000000e+00,9.922887316541869396e+00,2.810115535310729884e-01,2.143706583602651605e+01,2.315475543625649735e+01
1.510000000000000009e+00,9.581825059946867285e+00,4.214813818334481321e-01,2.417620700718130422e+01,2.136306604614027549e+01
1.520000000000000018e+00,9.186515299638685406e+00,5.402021437714465968e-01,2.745422073898969018e+01,2.020153587883028123e+01
1.530000000000000027e+00,8.740871103994646063e+00,6.254945491769932087e-01,3.115661110511351950e+01,1.976784206347327455e+01
1.540000000000000036e+00,8.251891878915444067e+00,6.666899981946832199e-01,3.515281504142110691e+01,2.013977335556883119e+01
1.550000000000000044e+00,7.729460369222128868e+00,6.549707313008170662e-01,3.929969804137427047e+01,2.137262248126093311e+01
1.560000000000000053e+00,7.185920941011854524e+00,5.841786515002467262e-01,4.344547990108537050e+01,2.349721247434387905e+01
1.570000000000000062e+00,6.635442351633582980e+00,4.515381779080401836e-01,4.743397098826505243e+01,2.651863034576468081e+01
1.580000000000000071e+00,6.093181509919331162e+00,2.582383989447297190e-01,5.110898644267302871e+01,3.041571790909741679e+01
1.590000000000000080e+00,5.574278196676594632e+00,9.822891017489019175e-03,5.431879748383598638e+01,3.514134363836744512e+01
1.600000000000000089e+00,5.092723594830671274e+00,-2.836580816059295906e-01,5.692047607075055993e+01,4.062345209260251977e+01
1.610000000000000098e+00,4.660156992837359624e+00,-6.077687848274836435e-01,5.878399176440779428e+01,4.676685983041405592e+01
1.620000000000000107e+00,4.284654421953952408e+00,-9.441061307146315640e-01,5.979592777704360174e+01,5.345574002147161963e+01
1.630000000000000115e+00,3.969579584386658588e+00,-1.271023498979983346e+00,5.986269659019443168e+01,6.055671328629961181e+01
1.640000000000000124e+00,3.712570653050998981e+00,-1.564652688302309524e+00,5.891315368095899174e+01,6.792244073511166391e+01
1.650000000000000133e+00,3.504735951941423622e+00,-1.800199107312047797e+00,5.690053008196633044e+01,7.539559767862931494e+01
1.660000000000000142e+00,3.330126917612269200e+00,-1.953467949581574103e+00,5.380362979190272910e+01,8.281309382419054543e+01
1.669999999999999929e+00,3.165548060834936894e+00,-2.002562619523595266e+00,4.962726537466549814e+01,9.001039851140652104e+01
1.679999999999999938e+00,2.980751075601403066e+00,-1.929682036236005205e+00,4.440193325852675343e+01,9.682582800296054870e+01
1.689999999999999947e+00,2.739044183707004976e+00,-1.722931549040493060e+00,3.818275804723410971e+01,1.031046560867917634e+02
1.699999999999999956e+00,2.398328871813351082e+00,-1.378053868825112938e+00,3.104776136912383677e+01,1.087029190581870353e+02
1.709999999999999964e+00,1.912555178385927368e+00,-8.999823295281339508e-01,2.309553427433186812e+01,1.134908010674060961e+02
1.719999999999999973e+00,1.233564581029100049e+00,-3.041194358482792737e-01,1.444241192598402357e+01,1.173555051348625682e+02
1.729999999999999982e+00,3.132673949095410304e-01,3.827507022046232610e-01,5.219264476805888009e+00,1.202035379397009081e+02
1.739999999999999991e+00,-8.939194429586512225e-01,1.121996774808246666e+00,-4.431972046007541799e+00,1.219623617037524212e+02
1.750000000000000000e+00,-2.428467118263572644e+00,1.863186778919243114e+00,-1.436189668165791389e+01,1.225813929346669937e+02
1.760000000000000009e+00,-4.323070582008714524e+00,2.544692122719234728e+00,-2.441724948600986167e+01,1.220323542189787958e+02
1.770000000000000018e+00,-6.600044605049603774e+00,3.094871503909476296e+00,-3.444440254635242127e+01,1.203090104347475204e+02
1.780000000000000027e+00,-9.268905787793782380e+00,3.433830822668821892e+00,-4.429262806961977361e+01,1.174263435194510805e+02
1.790000000000000036e+00,-1.232426639622461551e+01,3.475728023054817761e+00,-5.381705190284509399e+01,1.134192392442019610e+02
1.800000000000000044e+00,-1.574416019496017327e+01,3.131564210027396822e+00,-6.288122069060946728e+01,1.083407744517908782e+02
1.810000000000000053e+00,-1.948890867980051311e+01,2.312376005514324984e+00,-7.135923314819267205e+01,1.022602032786549131e+02
1.820000000000000062e+00,-2.350061853859483918e+01,9.327202328982887591e-01,-7.913740944850262338e+01,9.526074562112712840e+01
1.830000000000000071e+00,-2.770337835380363600e+01,-1.085678062079864725e+00,-8.611549624902416156e+01,8.743728042230688402e+01
1.840000000000000080e+00,-3.200419535117168124e+01,-3.810258383472189703e+00,-9.220742719520346498e+01,7.889404042824428132e+01
1.850000000000000089e+00,-3.629468249787777978e+01,-7.294091717172007883e+00,-9.734167867566053189e+01,6.974239434573803464e+01
1.860000000000000098e+00,-4.045347376915248816e+01,-1.157263762158897968e+01,-1.014612771537035485e+02,6.009878753507867799e+01
1.870000000000000107e+00,-4.434931239265207381e+01,-1.666094309221208647e+01,-1.045235267288857415e+02,5.008289441098898465e+01
1.880000000000000115e+00,-4.784472488449982563e+01,-2.255142333333733262e+01,-1.064995330959645941e+02,3.981601569250833705e+01
1.890000000000000124e+00,-5.080016425706869398e+01,-2.921234624881449093e+01,-1.073736024380954461e+02,2.941973273635899488e+01
1.900000000000000133e+00,-5.307848038424141635e+01,-3.658711790267053487e+01,-1.071425909749648895e+02,1.901481065332101750e+01
1.910000000000000142e+00,-5.454955548815303246e+01,-4.459443632187341677e+01,-1.058152731351272280e+02,8.720322967102612566e+00
1.919999999999999929e+00,-5.509492917987078897e+01,-5.312934702565848255e+01,-1.034117841661526001e+02,-1.347045634113212875e+00
1.929999999999999938e+00,-5.461223128549229955e+01,-6.206519701239387388e+01,-9.996317722227242086e+01,-1.107357439761647022e+01
1.939999999999999947e+00,-5.301924233243573781e+01,-7.125644623025820579e+01,-9.551111657757255102e+01,-2.034902340454704728e+01
1.949999999999999956e+00,-5.025741121099787279e+01,-8.054225851242294709e+01,-9.010770876613734970e+01,-2.906715920202187675e+01
1.959999999999999964e+00,-4.629467693825569086e+01,-8.975075929558941823e+01,-8.381545341158908968e+01,-3.712635384221501056e+01
1.969999999999999973e+00,-4.112746603335082796e+01,-9.870381681731188905e+01,-7.670727657102504793e+01,-4.443031455795709661e+01
1.979999999999999982e+00,-3.478176780738952090e+01,-1.072221784043362618e+02,-6.886659283552154420e+01,-5.088898905514798088e+01
1.989999999999999991e+00,-2.731322560278578493e+01,-1.151307751930040126e+02,-6.038732934233646432e+01,-5.641967501544303332e+01
2.000000000000000000e+00,-1.880622114945018097e+01,-1.222639981382686329e+02,-5.137383622522641957e+01,-6.094834280762450618e+01
2.010000000000000231e+00,-9.371970010697838305e+00,-1.284707460936746202e+02,-4.194060458444510431e+01,-6.441115874726132517e+01
2.020000000000000018e+00,8.543132688717753886e-01,-1.336190533161463350e+02,-3.221171523854258112e+01,-6.675617382251512311e+01
2.030000000000000249e+00,1.171708308982506352e+01,-1.376001187951732447e+02,-2.231994945121443763e+01,-6.794512100740834626e+01
2.040000000000000036e+00,2.304483178557806511e+01,-1.403315827491635446e+02,-1.240550630078333505e+01,-6.795524451261725574e+01
2.049999999999999822e+00,3.465499832836538019e+01,-1.417599255119883992e+02,-2.614289839332484711e+00,-6.678106791168680445e+01
2.060000000000000053e+00,4.635923293850645166e+01,-1.418618995473412667e+02,6.904248175796724674e+00,-6.443599621837191194e+01
2.069999999999999840e+00,5.796881925533195812e+01,-1.406449448917061034e+02,1.599969852594026953e+01,-6.095364065557133415e+01
2.080000000000000071e+00,6.930004986606853379e+01,-1.381465801435065544e+02,2.452367893721220327e+01,-5.638875474970465973e+01
2.089999999999999858e+00,8.017935410302266064e+01,-1.344328032681335969e+02,3.233314627819719078e+01,-5.081767688466683097e+01
2.100000000000000089e+00,9.044798899364141676e+01,-1.295955770271980896e+02,3.929394399612204580e+01,-4.433818757952295897e+01
2.109999999999999876e+00,9.996612454039153306e+01,-1.237495108818841487e+02,4.528446899341307130e+01,-3.706870916779055847e+01
2.120000000000000107e+00,1.086161821730700581e+02,-1.170278830395149612e+02,5.019932330818821242e+01,-2.914680054430147038e+01
2.129999999999999893e+00,1.163053189503858533e+02,-1.095781714292955797e+02,5.395280282199635735e+01,-2.072692916199355295e+01
2.140000000000000124e+00,1.229669882883489720e+02,-1.015572796474547488e+02,5.648206881399070767e+01,-1.197753516679062180e+01
2.149999999999999911e+00,1.285615488377007409e+02,-9.312665252317820830e+01,5.774984923173715146e+01,-3.077436885012297729e+00
2.160000000000000142e+00,1.330759346683504702e+02,-8.444747556463090632e+01,5.774652540548486002e+01,5.788338898813700339e+00
2.169999999999999929e+00,1.365224401582393625e+02,-7.567614322957119555e+01,5.649147654488717762e+01,1.443318610566518601e+01
2.180000000000000160e+00,1.389367100051822774e+02,-6.696016324633107786e+01,5.403357826325540003e+01,2.267386352699553242e+01
2.189999999999999947e+00,1.403750568223817083e+02,-5.843463902127135157e+01,5.045078171151534008e+01,3.033558618064170531e+01
2.200000000000000178e+00,1.409112543315164316e+02,-5.021944080949135270e+01,4.584873544003814061e+01,3.725707941243707211e+01
2.209999999999999964e+00,1.406329720488009798e+02,-4.241714040195957125e+01,4.035845129278811783e+01,4.329540253740507438e+01
2.220000000000000195e+00,1.396380267743739978e+02,-3.511174542292533118e+01,3.413305668051128094e+01,4.833034870348436129e+01
2.229999999999999982e+00,1.380306267777963001e+02,-2.836822989639206227e+01,2.734371652415807219e+01,5.226823656026063247e+01
2.240000000000000213e+00,1.359177764045593904e+02,-2.223281952100017023e+01,2.017484698977862934e+01,5.504492713884260979e+01
2.250000000000000000e+00,1.334059924371801458e+02,-1.673395501047144407e+01,1.281877787530869739e+01,5.662792555448394438e+01
2.260000000000000231e+00,1.305984598747264442e+02,-1.188382666493696327e+01,5.470049325163373943e+00,5.701746074734585790e+01
2.270000000000000018e+00,1.275927251617073068e+02,-7.680349531581484257e+00,-1.680450149897553924e+00,5.624647609249407765e+01
2.280000000000000249e+00,1.244789909191330679e+02,-4.109432249681602478e+00,-8.451284841860726260e+00,5.437950760894494806e+01
2.290000000000000036e+00,1.213390397447689111e+02,-1.147384717845673086e+00,-1.467598979712698970e+01,5.151047268779185373e+01
2.300000000000000266e+00,1.182457776182356355e+02,1.236689603671102367e+00,-2.020809026724904101e+01,4.775943858259255137e+01
2.310000000000000053e+00,1.152633518545692226e+02,3.078661762638629895e+00,-2.492542442672580094e+01,4.326848414229525019e+01
2.319999999999999840e+00,1.124477663013686737e+02,4.417433653821844608e+00,-2.873359751419026509e+01,3.819680825080791209e+01
2.330000000000000071e+00,1.098478892937960865e+02,5.293386478965746100e+00,-3.156843020855433224e+01,3.271527216458697040e+01
2.339999999999999858e+00,1.075067292215175030e+02,5.747295559556933497e+00,-3.339730547037651576e+01,2.700058867683150865e+01
2.350000000000000089e+00,1.054628395274827426e+02,5.819752198317262426e+00,-3.421936439170946187e+01,2.122938741459454448e+01
2.359999999999999876e+00,1.037517102484796396e+02,5.551097703120853488e+00,-3.406455065863042364e+01,1.557239166502473182e+01
2.370000000000000107e+00,1.024070070747328032e+02,4.981839040871411939e+00,-3.299155272052223609e+01,1.018893749743215871e+01
2.379999999999999893e+00,1.014615311432600322e+02,4.153481870583061841e+00,-3.108474030279774780e+01,5.222050694997879106e+00
2.390000000000000124e+00,1.009477927285298904e+02,3.109686810403860413e+00,-2.845023518253904271e+01,7.942717610970582154e-01
2.399999999999999911e+00,1.008981185765794777e+02,1.897630422180609955e+00,-2.521129303979282810e+01,-2.995614844401152776e+00
2.410000000000000142e+00,1.013442444030075933e+02,5.694349618040475125e-01,-2.150320186622191443e+01,-6.074832461793212346e+00
2.419999999999999929e+00,1.023163793085393536e+02,-8.164785070344168227e-01,-1.746792141585983771e+01,-8.397776877210255009e+00
2.430000000000000160e+00,1.038417656243385068e+02,-2.194259876152711009e+00,-1.324869655064505736e+01,-9.946075462352716556e+00
2.439999999999999947e+00,1.059427939485472905e+02,-3.489860928892996039e+00,-8.984874625279362093e+00,-1.072757272682939522e+01
2.450000000000000178e+00,1.086347668469248902e+02,-4.620749316072497059e+00,-4.807143387772147669e+00,-1.077432263939751600e+01
2.459999999999999964e+00,1.119234339476046500e+02,-5.496203284362702668e+00,-8.333819169768137414e-01,-1.013971223496756302e+01
2.470000000000000195e+00,1.158024442604980351e+02,-6.018254167878898997e+00,2.834715922605123950e+00,-8.894878710283130374e+00
2.479999999999999982e+00,1.202508770982612560e+02,-6.083307948495611406e+00,6.114126484025717012e+00,-7.124611545487560704e+00
2.490000000000000213e+00,1.252310199514009383e+02,-5.584438311906622765e+00,8.942016585511623816e+00,-4.922950714923708837e+00
2.500000000000000000e+00,1.306865594957686199e+02,-4.414303599260346544e+00,1.127627461335630876e+01,-2.388700812364960235e+00
2.510000000000000231e+00,1.365413404790080278e+02,-2.468600993874574101e+00,1.309507742360776561e+01,3.789214883507800447e-01
2.520000000000000018e+00,1.426988269180888551e+02,3.500647130565462395e-01,1.439556528940737046e+01,3.284302608920561806e+00
2.530000000000000249e+00,1.490423716851943539e+02,4.128051392950494503e+00,1.519173997825974176e+01,6.238929479176947623e+00
2.540000000000000036e+00,1.554363654351607522e+02,8.936466681359604536e+00,1.551173720882965767e+01,9.164221362992710951e+00
2.550000000000000266e+00,1.617282955739270847e+02,1.482706568309059314e+01,1.539465237267915398e+01,1.199358803239694105e+01
2.560000000000000053e+00,1.677517025116658544e+02,2.182845980299962108e+01,1.488711610491582960e+01,1.467365102070723637e+01
2.569999999999999840e+00,1.733299759071959159e+02,2.994283417203112663e+01,1.403982316868579083e+01,1.716461210280022698e+01
2.580000000000000071e+00,1.782808901999658815e+02,3.914335819538480621e+01,1.290421387899294103e+01,1.943980063095010991e+01
2.589999999999999858e+00,1.824217386274381738e+02,4.937245132355651123e+01,1.152949222574164523e+01,2.148447633365982412e+01
2.600000000000000089e+00,1.855748901909308017e+02,6.054103512285119848e+01,9.960139843070120236e+00,2.329400423031289336e+01
2.609999999999999876e+00,1.875735664768228332e+02,7.252886442379140419e+01,8.234051431369028506e+00,2.487155125822429014e+01
2.620000000000000107e+00,1.882676163481730214e+02,8.518598645389842261e+01,6.381377055977946355e+00,2.622547826588223785e+01
2.629999999999999893e+00,1.875290573742420293e+02,9.833532941022467355e+01,4.424112175624978605e+00,2.736661489432679772e+01
2.640000000000000124e+00,1.852571540804806602e+02,1.117763730896461141e+02,2.376429793942437030e+00,2.830560780153788869e+01
2.649999999999999911e+00,1.813828148023198139e+02,1.252898062551405616e+02,2.457033902180788543e-01,2.905052453679357427e+01
2.660000000000000142e+00,1.758721107316928567e+02,1.386430306379551212e+02,-1.965873148399481352e+00,2.960487661019472228e+01
2.669999999999999929e+00,1.687287517868685995e+02,1.515963319911706435e+02,-4.259199093491095489e+00,2.996619698508299834e+01
2.680000000000000160e+00,1.599953928975195936e+02,1.639095063170109370e+02,-6.635873350013573813e+00,3.012527094340263289e+01
2.689999999999999947e+00,1.497536894765616182e+02,1.753487058568986470e+02,-9.095672666164478670e+00,3.006607708518432887e+01
2.700000000000000178e+00,1.381230702428412087e+02,1.856932558235464512e+02,-1.163408917528819231e+01,2.976644951639997672e+01
2.709999999999999964e+00,1.252582469515347583e+02,1.947421898698798657e+02,-1.424011241976120523e+01,2.919942566231609149e+01
2.720000000000000195e+00,1.113455316680227725e+02,2.023202601362590087e+02,-1.689442740079041982e+01,2.833519929632638323e+01
2.729999999999999982e+00,9.659808068182253749e+01,2.082831960953181749e+02,-1.956817611875550966e+01,2.714355790167866900e+01
2.740000000000000213e+00,8.125022781554130802e+01,2.125220145322552980e+02,-2.222239679865962003e+01,2.559664976932389635e+01
2.750000000000000000e+00,6.555110677939649122e+01,2.149662196150042917e+02,-2.480821434868052222e+01,2.367190130766590173e+01
2.760000000000000231e+00,4.975779071073655047e+01,2.155857754896832716e+02,-2.726780982786625529e+01,2.135489045565001476e+01
2.770000000000000018e+00,3.412819586969528274e+01,2.143917822361631238e+02,-2.953614836963430434e+01,1.864197884192685351e+01
2.780000000000000249e+00,1.891400483639993979e+01,2.114358371726952441e+02,-3.154339686690410360e+01,1.554251378656083382e+01
2.790000000000000036e+00,4.353862157660207899e+00,2.068081151290967057e+02,-3.321791754613572323e+01,1.208043111087662957e+01
2.800000000000000266e+00,-9.332917596208737621e+00,2.006342511310911618e+02,-3.448968398925702417e+01,8.295120072079090079e+00
2.810000000000000053e+00,-2.195191231439123669e+01,1.930711547723169019e+02,-3.529393457806924062e+01,4.241451035591571994e+00
2.819999999999999840e+00,-3.333824003836994621e+01,1.843019254174208186e+02,-3.557485669935795158e+01,-1.108732350699232101e-02
2.830000000000000071e+00,-4.336014555880035459e+01,1.745300695969461060e+02,-3.528908480063549291e+01,-4.380143920761913279e+00
2.839999999999999858e+00,-5.192142411937656732e+01,1.639732452104283595e+02,-3.440879735504878312e+01,-8.773104689418691038e+00
2.850000000000000089e+00,-5.896262837760549758e+01,1.528567705642524004e+02,-3.292421214228647841e+01,-1.309043503701431277e+01
2.859999999999999876e+00,-6.446105398573702416e+01,1.414071394148439822e+02,-3.084530545802488888e+01,-1.722961808826673291e+01
2.870000000000000107e+00,-6.842954744046097915e+01,1.298457761214882566e+02,-2.820261773834285535e+01,-2.108950161693451619e+01
2.879999999999999893e+00,-7.091422509429567356e+01,1.183832482586435759e+02,-2.504705382631516031e+01,-2.457483599291658649e+01
2.890000000000000124e+00,-7.199123249135571712e+01,1.072141285507099298e+02,-2.144863839120387894e+01,-2.760076609283707683e+01
2.899999999999999911e+00,-7.176270681886937552e+01,9.651266510969651335e+01,-1.749424310739759747e+01,-3.009703328555526980e+01
2.910000000000000142e+00,-7.035213092765711451e+01,8.642938032545418992e+01,-1.328435911930003499e+01,-3.201164999120009469e+01
2.919999999999999929e+00,-6.789928414021062508e+01,7.708867625361278897e+01,-8.929042964792863302e+00,-3.331382889806855019e+01
2.930000000000000160e+00,-6.455500243638017821e+01,6.858747997598649704e+01,-4.543213471045855378e+00,-3.399598096261018298e+01
2.939999999999999947e+00,-6.047595853222232165e+01,6.099491821608517483e+01,-2.415183672645266899e-01,-3.407463938064711328e+01
2.950000000000000178e+00,-5.581966123369502242e+01,5.435296846069810783e+01,3.866979943157747623e+00,-3.359021874649405959e+01
2.959999999999999964e+00,-5.073985404954260758e+01,4.867799579573423330e+01,7.684031747060142692e+00,-3.260557703143030039e+01
2.970000000000000195e+00,-4.538246654437563166e+01,4.396305220178986417e+01,1.112706826713297659e+01,-3.120340984198394807e+01
2.979999999999999982e+00,-3.988223975860744019e+01,4.018078945710739447e+01,1.413344825815027228e+01,-2.948256844971850654e+01
2.990000000000000213e+00,-3.436011089176537325e+01,3.728681898763898772e+01,1.666384424101818240e+01,-2.755345203339841831e+01
3.000000000000000000e+00,-2.892140414946113225e+01,3.522334251685234108e+01,1.870456663828260702e+01,-2.553267725871575067e+01
3.010000000000000231e+00,-2.365483604579075205e+01,3.392287632417337306e+01,2.026867256251908245e+01,-2.353727182926423112e+01
3.020000000000000018e+00,-1.863230634009845588e+01,3.331189904038521377e+01,2.139576372417842620e+01,-2.167867049433663951e+01
3.030000000000000249e+00,-1.390941184642433903e+01,3.331426753329565571e+01,2.215044205855609150e+01,-2.005681028098359420e+01
3.040000000000000036e+00,-9.526591054050165042e+00,3.385426657548427443e+01,2.261945902789837959e+01,-1.875462519257076011e+01
3.050000000000000266e+00,-5.510784034185530977e+00,3.485918436948196586e+01,2.290766171656588668e+01,-1.783322879760253343e+01
3.060000000000000053e+00,-1.877475355016683611e+00,3.626133615942291755e+01,2.313290233970537813e+01,-1.732804632137233369e+01
3.070000000000000284e+00,1.367021795098832593e+00,3.799949047872159724e+01,2.342013429712754302e+01,-1.724611713111003297e+01
3.080000000000000071e+00,4.223184216513281797e+00,4.001968542096793158e+01,2.389496440029387259e+01,-1.756473569026107739e+01
3.089999999999999858e+00,6.695938948396910284e+00,4.227545406180310295e+01,2.467696482677219905e+01,-1.823153661720995444e+01
3.100000000000000089e+00,8.792492419252017299e+00,4.472750730191843616e+01,2.587306776551413279e+01,-1.916606041653221837e+01
3.109999999999999876e+00,1.052043834288247126e+01,4.734294762721704330e+01,2.757136937480967731e+01,-2.026276413697710055e+01
3.120000000000000107e+00,1.188623213153959668e+01,5.009410751449435395e+01,2.983565713595487523e+01,-2.139536924218045399e+01
3.129999999999999893e+00,1.289409415785020308e+01,5.295712065858865003e+01,3.270094632027010562e+01,-2.242237097974349780e+01
3.140000000000000124e+00,1.354537679989700827e+01,5.591034238372709808e+01,3.617026827281311796e+01,-2.319347296847756823e+01
3.149999999999999911e+00,1.383840230270152638e+01,5.893273737918603672e+01,4.021289748511856743e+01,-2.355666072485736251e+01
3.160000000000000142e+00,1.376875150780948154e+01,6.200234844234828557e+01,4.476413857669615481e+01,-2.336559105370531597e+01
3.169999999999999929e+00,1.332995876480633157e+01,6.509494969903744277e+01,4.972672146247212055e+01,-2.248695263531119082e+01
3.180000000000000160e+00,1.251454700701365041e+01,6.818297254887622216e+01,5.497377666455532363e+01,-2.080744801030888169e+01
3.189999999999999947e+00,1.131531999736249183e+01,7.123477332169235865e+01,6.035328665215119770e+01,-1.824005894248861281e+01
3.200000000000000178e+00,9.726816825344981154e+00,7.421428946508420665e+01,6.569383700420289074e+01,-1.472928543710239424e+01
3.209999999999999964e+00,7.746827279047478143e+00,7.708110725191646395e+01,7.081142665836982530e+01,-1.025509229246403820e+01
3.220000000000000195e+00,5.377865855009261509e+00,7.979093977648064140e+01,7.551704276186633535e+01,-4.835353982205901069e+00
3.229999999999999982e+00,2.628506744976853327e+00,8.229649064876247166e+01,7.962466538696901353e+01,1.473343751167225379e+00
3.240000000000000213e+00,-4.855082728096109523e-01,8.454865745850928249e+01,8.295934267936064543e+01,8.576612161370867682e+00
3.250000000000000000e+00,-3.940463170998039999e+00,8.649801078182542824e+01,8.536496917827743403e+01,1.634486525812458879e+01
3.260000000000000231e+00,-7.704218938896437052e+00,8.809647007093452942e+01,8.671140956853722059e+01,2.461753166760143330e+01
3.270000000000000018e+00,-1.173615954949292650e+01,8.929908780689802938e+01,8.690063663232068336e+01,3.320870588006975765e+01
3.280000000000000249e+00,-1.598754807061396122e+01,9.006584816412728856e+01,8.587159446790043660e+01,4.191400419883871109e+01
3.290000000000000036e+00,-2.040228675174788719e+01,9.036338623845649920e+01,8.360355416522446603e+01,5.051833336459746704e+01
3.300000000000000266e+00,-2.491805412135527220e+01,9.016653848094462376e+01,8.011779643076397406e+01,5.880423589373948090e+01
3.310000000000000053e+00,-2.946777316383419887e+01,8.945964397719441763e+01,7.547753094830845555e+01,6.656044776017947129e+01
3.320000000000000284e+00,-3.398134839988262712e+01,8.823752903047947882e+01,6.978604197405049092e+01,7.359029253599351250e+01
3.330000000000000071e+00,-3.838759689096752936e+01,8.650612339091239278e+01,6.318313000952804259e+01,7.971954203588758503e+01
3.339999999999999858e+00,-4.261628935368879212e+01,8.428267454177029094e+01,5.583999656804425626e+01,8.480339658943383085e+01
3.350000000000000089e+00,-4.660021301338039024e+01,8.159554575097233453e+01,4.795278940651638067e+01,8.873227717227283051e+01
3.359999999999999876e+00,-5.027716763642521158e+01,7.848360313769686059e+01,3.973508583456056442e+01,9.143617487501894914e+01
3.370000000000000107e+00,-5.359181022741127975e+01,7.499521583222731635e+01,3.140963903685759462e+01,9.288736801748119376e+01
3.379999999999999893e+00,-5.649727182732028297e+01,7.118691053282104519e+01,2.319974458963872266e+01,9.310139052564645112e+01
3.390000000000000124e+00,-5.895648119085006300e+01,6.712173660981579815e+01,1.532060008996095313e+01,9.213621349302350438e+01
3.399999999999999911e+00,-6.094314419707941255e+01,6.286740974306604102e+01,7.971029420216367178e+00,9.008968144645143639e+01
3.410000000000000142e+00,-6.244234389283530362e+01,5.849431044355686282e+01,1.325924836537428098e+00,8.709532199830405830e+01
3.419999999999999929e+00,-6.345074325164689810e+01,5.407341842956970623e+01,-4.470274198497560469e+00,8.331671871178058097e+01
3.430000000000000160e+00,-6.397639020065906834e+01,4.967426461987439268e+01,-9.308794969133121100e+00,7.894069887645456163e+01
3.439999999999999947e+00,-6.403814139183582199e+01,4.536297957684116255e+01,-1.312022800113217436e+01,7.416963770798693645e+01
3.450000000000000178e+00,-6.366473680159589321e+01,4.120051086124328066e+01,-1.587656491446479023e+01,6.921321607619762517e+01
3.459999999999999964e+00,-6.289357085991982643e+01,3.724107238109930051e+01,-1.759151102750787032e+01,6.427998876112508242e+01
3.470000000000000195e+00,-6.176921688572024749e+01,3.353087698734528033e+01,-1.831908266386834327e+01,5.956912373442827402e+01
3.479999999999999982e+00,-6.034176973530184540e+01,3.010718993964017898e+01,-1.815057407511314480e+01,5.526266014902581958e+01
3.490000000000000213e+00,-5.866507650906221016e+01,2.699772614232310985e+01,-1.721004881644295281e+01,5.151860445042662207e+01
3.500000000000000000e+00,-5.679492682515847690e+01,2.422039895860178049e+01,-1.564857215199085516e+01,4.846514187349040270e+01
3.510000000000000231e+00,-5.478727263373610867e+01,2.178341365833913912e+01,-1.363745192064720335e+01,4.619618676171270977e+01
3.520000000000000018e+00,-5.269654303499933690e+01,1.968568479849443165e+01,-1.136079312754773518e+01,4.476843235638096274e+01
3.530000000000000249e+00,-5.057411243155715397e+01,1.791754465246338057e+01,-9.007694865016196317e+00,4.419999203321630432e+01
3.540000000000000036e+00,-4.846697104818288437e+01,1.646169966857537048e+01,-6.764426251195606810e+00,4.447065271028315436e+01
3.550000000000000266e+00,-4.641663592601691590e+01,1.529438420077995531e+01,-4.806910884430652509e+00,4.552369065756466426e+01
3.560000000000000053e+00,-4.445832852657630241e+01,1.438665563641013989e+01,-3.293827549225948559e+00,4.726913343623498776e+01
3.570000000000000284e+00,-4.262043266360402782e+01,1.370577263193015405e+01,-2.360599949801557074e+00,4.958829214704187649e+01
3.580000000000000071e+00,-4.092423420451752492e+01,1.321659841128948543e+01,-2.114502053695824113e+00,5.233933813045762662e+01
3.589999999999999858e+00,-3.938393239393299439e+01,1.288297381460727919e+01,-2.631050643569131431e+00,5.536365977612604183e+01
3.600000000000000089e+00,-3.800690223062839834e+01,1.266900973259793517e+01,-3.951795691729591553e+00,5.849270960176024658e+01
3.609999999999999876e+00,-3.679417847347518489e+01,1.254025536275479524e+01,-6.083555183814611134e+00,6.155504003137983204e+01
3.620000000000000107e+00,-3.574112486035227931e+01,1.246470695111376514e+01,-8.999077072802728949e+00,6.438322844276336809e+01
3.629999999999999893e+00,-3.483824718950979360e+01,1.241363087319014902e+01,-1.263905009218967912e+01,6.682040750606067547e+01
3.640000000000000124e+00,-3.407210611908335096e+01,1.236218457967336448e+01,-1.691532991010072351e+01,6.872614442717230077e+01
3.649999999999999911e+00,-3.342628486550010791e+01,1.228982861652571756e+01,-2.171519991425573437e+01,6.998145073035617258e+01
3.660000000000000142e+00,-3.288236830572011371e+01,1.218053218676878124e+01,-2.690644866571310345e+01,7.049275051699170547e+01
3.669999999999999929e+00,-3.242089310677989999e+01,1.202278316465707597e+01,-3.234302008984617061e+01,7.019468725621598537e+01
3.680000000000000160e+00,-3.202223314469928539e+01,1.180942078023781150e+01,-3.787097853991161145e+01,6.905170444686305586e+01
3.689999999999999947e+00,-3.166739030807350019e+01,1.153731511838495827e+01,-4.333452912039939520e+01,6.705839123775943733e+01
3.700000000000000178e+00,-3.133866745245815366e+01,1.120692195926287837e+01,-4.858184365250576775e+01,6.423863768895407134e+01
3.709999999999999964e+00,-3.102020741077080146e+01,1.082174424959275250e+01,-5.347046341433832595e+01,6.064369339440440143e+01
3.720000000000000195e+00,-3.069838920993450060e+01,1.038773264094482407e+01,-5.787207982907087711e+01,5.634926558276266917e+01
3.729999999999999982e+00,-3.036207965624499749e+01,9.912657142984940606e+00,-6.167653175513038377e+01,5.145182689460059322e+01
3.740000000000000213e+00,-3.000274493121583319e+01,9.405480162259170385e+00,-6.479490082579330590e+01,4.606432760699558315e+01
3.750000000000000000e+00,-2.961443253560716116e+01,8.875758230099332735e+00,-6.716163210310388365e+01,4.031152146274789771e+01
3.760000000000000231e+00,-2.919363863962016481e+01,8.333095805172279213e+00,-6.873565382558669512e+01,3.432511831362535304e+01
3.770000000000000018e+00,-2.873907951198298250e+01,7.786669929979502136e+00,-6.950051499272714750e+01,2.823897087050150034e+01
3.780000000000000249e+00,-2.825138814348481020e+01,7.244839498539818123e+00,-6.946360088240477637e+01,2.218448780567350198e+01
3.790000000000000036e+00,-2.773275844622699893e+01,6.714847722145881548e+00,-6.865452256529327713e+01,1.628644251982007773e+01
3.800000000000000266e+00,-2.718655954919815798e+01,6.202621311690574402e+00,-6.712280564852250109e+01,1.065931763956088574e+01
3.810000000000000053e+00,-2.661694182288623267e+01,5.712665150824590476e+00,-6.493502485118487755e+01,5.404291553326708630e+00
3.820000000000000284e+00,-2.602845448864264810e+01,5.248047000041310639e+00,-6.217154403469652379e+01,6.069369516078517712e-01
3.830000000000000071e+00,-2.542569216910247576e+01,4.810463191695160567e+00,-5.892302588250323936e+01,-3.664335637586232153e+00
3.839999999999999858e+00,-2.481298469838554155e+01,4.400373449031005357e+00,-5.528687188202215452e+01,-7.359092067295996742e+00
3.850000000000000089e+00,-2.419414112611151424e+01,4.017190942352963035e+00,-5.136374233798657940e+01,-1.044498210334839960e+01
3.859999999999999876e+00,-2.357225530523460932e+01,3.659512493010898648e+00,-4.725428890758890077e+01,-1.290720426665553333e+01
3.870000000000000107e+00,-2.294957692596759813e+01,3.325373422168640847e+00,-4.305620992306863570e+01,-1.474741492457565606e+01
3.879999999999999893e+00,-2.232744850280265325e+01,3.012511853923944383e+00,-3.886171306321749341e+01,-1.598218524680287445e+01
3.890000000000000124e+00,-2.170630577003380424e+01,2.718628231970970255e+00,-3.475544234543941258e+01,-1.664111966707173806e+01
3.899999999999999911e+00,-2.108573629585010778e+01,2.441627286860992285e+00,-3.081289852508915317e+01,-1.676475285929836190e+01
3.910000000000000142e+00,-2.046458895831046476e+01,2.179831576385860004e+00,-2.709935531012909493e+01,-1.640233929722645456e+01
3.919999999999999929e+00,-1.984112528043077006e+01,1.932157889501838754e+00,-2.366924966183166035e+01,-1.560964089126756349e+01
3.930000000000000160e+00,-1.921320250977267108e+01,1.698250131492088144e+00,-2.056600396116287044e+01,-1.444680492049409182e+01
3.939999999999999947e+00,-1.857847773833052329e+01,1.478564679585485653e+00,-1.782222180210488816e+01,-1.297640763454518265e+01
3.950000000000000178e+00,-1.793462225755017414e+01,1.274406511308076695e+00,-1.546018814506035355e+01,-1.126171974508680584e+01
3.959999999999999964e+00,-1.727953568036880228e+01,1.087916575501933547e+00,-1.349259872301635710e+01,-9.365229859731730500e+00
3.970000000000000195e+00,-1.661155007445956855e+01,9.220128289904510055e-01,-1.192344282427922231e+01,-7.347442001319119065e+00
3.979999999999999982e+00,-1.592961536831160529e+01,7.802890495496722645e-01,-1.074896747362340221e+01,-5.265944867464878776e+00
3.990000000000000213e+00,-1.523345854147103751e+01,6.668769254656526924e-01,-9.958658944931663370e+00,-3.174734419704114519e+00
4.000000000000000000e+00,-1.452371052044252231e+01,5.862779975311269709e-01,-9.536188612484998828e+00,-1.123758534463408232e+00
4.009999999999999787e+00,-1.380199620498751223e+01,5.431727895083569013e-01,-9.460283399080676503e+00,8.413566633322966393e-01
4.020000000000000462e+00,-1.307098458521972084e+01,5.422149185908102798e-01,-9.705495451911811955e+00,2.679444259298523257e+00
4.030000000000000249e+00,-1.233439742566732278e+01,5.878181482579140082e-01,-1.024286011433111732e+01,4.353844357144222244e+00
4.040000000000000036e+00,-1.159697644511522263e+01,6.839442586504670407e-01,-1.104044476823942844e+01,5.832406111048267228e+00
4.049999999999999822e+00,-1.086441027641606105e+01,8.338992945978566107e-01,-1.206380282298936990e+01,7.087481901872009438e+00
4.060000000000000497e+00,-1.014322372294984298e+01,1.040145240714718478e+00,-1.327635631580662512e+01,8.095943009781537469e+00
4.070000000000000284e+00,-9.440632919894534680e+00,1.304133498376206957e+00,-1.463973676368114596e+01,8.839235764788424987e+00
4.080000000000000071e+00,-8.764370947033640391e+00,1.626165731213214727e+00,-1.611411679214340609e+01,9.303485864958384255e+00
4.089999999999999858e+00,-8.122489218359309149e+00,2.005286732119316184e+00,-1.765856462155198159e+01,9.479647243874669726e+00
4.099999999999999645e+00,-7.523140588566976206e+00,2.439212971179270717e+00,-1.923144990354949257e+01,9.363681410873269328e+00
4.110000000000000320e+00,-6.974350566310482336e+00,2.924299433548587235e+00,-2.079092306360504239e+01,8.956744354510377093e+00
4.120000000000000107e+00,-6.483783308777799625e+00,3.455546270323651470e+00,-2.229548178952276771e+01,8.265351528711313733e+00
4.129999999999999893e+00,-6.058509192567251844e+00,4.026645683696132849e+00,-2.370462831278224058e+01,7.301487594768215850e+00
4.139999999999999680e+00,-5.704780713382814561e+00,4.630068369421133312e+00,-2.497961044589087010e+01,6.082626734569042348e+00
4.150000000000000355e+00,-5.427823263812432408e+00,5.257187764120212492e+00,-2.608422878209951179e+01,4.631631534292503183e+00
4.160000000000000142e+00,-5.231646977611378091e+00,5.898439311965272935e+00,-2.698568282933052842e+01,2.976503507431087048e+00
4.169999999999999929e+00,-5.118885315363908894e+00,6.543510995433130084e+00,-2.765542086095304697e+01,1.149965930896048372e+00
4.179999999999999716e+00,-5.090665407447430013e+00,7.181560489389144486e+00,-2.806995252751785941e+01,-8.111307109406662441e-01
4.190000000000000391e+00,-5.146514376275756142e+00,7.801453518503260298e+00,-2.821158023697246264e+01,-2.866579393954800103e+00
4.200000000000000178e+00,-5.284304944984977936e+00,8.392017346447083526e+00,-2.806900524661917373e+01,-4.973750444926309022e+00
4.209999999999999964e+00,-5.500242622310625329e+00,8.942302821920710798e+00,-2.763776739279851213e+01,-7.088664317709919338e+00
4.219999999999999751e+00,-5.788895655936961759e+00,9.441848069641952890e+00,-2.692048328999631579e+01,-9.167168403473478833e+00
4.230000000000000426e+00,-6.143267795746652382e+00,9.880936759073222220e+00,-2.592685634651416038e+01,-1.116617416240333682e+01
4.240000000000000213e+00,-6.554912734439175992e+00,1.025084392054198901e+01,-2.467344258710060600e+01,-1.304490427327715274e+01
4.250000000000000000e+00,-7.014087928981941999e+00,1.054406251283682927e+01,-2.318316842404412625e+01,-1.476609565529511947e+01
4.259999999999999787e+00,-7.509944387020659917e+00,1.075450437741725906e+01,-2.148460945770557018e+01,-1.629710343481341894e+01
4.270000000000000462e+00,-8.030747962730306000e+00,1.087766983445233393e+01,-1.961105234039812473e+01,-1.761085333345954496e+01
4.280000000000000249e+00,-8.564126780463219291e+00,1.091078097048044349e+01,-1.759937392056316341e+01,-1.868659547542321064e+01
4.290000000000000036e+00,-9.097338623047209083e+00,1.085287461536586306e+01,-1.548878255263571901e+01,-1.951042099329268353e+01
4.299999999999999822e+00,-9.617551511582011159e+00,1.070485208011966272e+01,-1.331947495022244254e+01,-2.007551362263138017e+01
4.310000000000000497e+00,-1.011213028642381673e+01,1.046948389461042872e+01,-1.113126773689467086e+01,-2.038212113621449006e+01
4.320000000000000284e+00,-1.056892178943701843e+01,1.015136900888392901e+01,-8.962265524924198701e+00,-2.043724528570879428e+01
4.330000000000000071e+00,-1.097653125287966525e+01,9.756849165023799841e+00,-6.847626719300324183e+00,-2.025406312386084906e+01
4.339999999999999858e+00,-1.132458272004459232e+01,9.293880368763412392e+00,-4.818484283304401039e+00,-1.985110637667423106e+01
4.350000000000000533e+00,-1.160395674885365302e+01,8.771864552898239964e+00,-2.901071584176671880e+00,-1.925123814172838976e+01
4.360000000000000320e+00,-1.180699926653060849e+01,8.201445592039052102e+00,-1.116093515518937096e+00,-1.848047688598122917e+01
4.370000000000000107e+00,-1.192769622927233186e+01,7.594274768555902000e+00,5.216291192161424117e-01,-1.756672588660265433e+01
4.379999999999999893e+00,-1.196180966811165725e+01,6.962751576159654121e+00,2.003227834322943046e+00,-1.653847142142642213e+01
4.389999999999999680e+00,-1.190697173946851173e+01,6.319746360166013766e+00,3.325567931020378065e+00,-1.542351485585362703e+01
4.400000000000000355e+00,-1.176273451222382072e+01,5.678311718594354573e+00,4.490758701549936838e+00,-1.424780215727881583e+01
4.410000000000000142e+00,-1.153057437753462544e+01,5.051389819358846900e+00,5.505422021137351685e+00,-1.303440935315880544e+01
4.419999999999999929e+00,-1.121385112856862243e+01,4.451522826205390082e+00,6.379761663497038882e+00,-1.180273427862384317e+01
4.429999999999999716e+00,-1.081772289230164930e+01,3.890573476271371067e+00,7.126486184664868162e+00,-1.056793405173152678e+01
4.440000000000000391e+00,-1.034901917497018786e+01,3.379462527184264875e+00,7.759645973691918996e+00,-9.340634637807921692e+00
4.450000000000000178e+00,-9.816075281118685325e+00,2.927929307856757202e+00,8.293449632242072767e+00,-8.126924307577162665e+00
4.459999999999999964e+00,-9.228532262332587166e+00,2.544320984202059766e+00,8.741125954025005029e+00,-6.928627528398727087e+00
4.469999999999999751e+00,-8.597107329350535565e+00,2.235415410562597849e+00,9.113895349646615074e+00,-5.743840666398383199e+00
4.480000000000000426e+00,-7.933340308584098111e+00,2.006281602267878661e+00,9.420108712334652523e+00,-4.567696629315147305e+00
4.490000000000000213e+00,-7.249322233734435628e+00,1.860180956875465696e+00,9.664602737664218068e+00,-3.393313009196649688e+00
4.500000000000000000e+00,-6.557412531474339445e+00,1.798511392817041310e+00,9.848309055912400467e+00,-2.212868067516873261e+00
4.509999999999999787e+00,-5.869951486351610903e+00,1.820795584417873592e+00,9.968140811971254678e+00,-1.018741597081043837e+00
4.520000000000000462e+00,-5.198974755659331315e+00,1.924713469853706505e+00,1.001716524875205927e+01,1.953463024647849600e-01
4.530000000000000249e+00,-4.555936652933938014e+00,2.106178210043439858e+00,9.985055202901421012e+00,1.433265956216198678e+00
4.540000000000000036e+00,-3.951448732694272437e+00,2.359453796685813121e+00,9.858797025531524483e+00,2.695542646272643061e+00
4.549999999999999822e+00,-3.395039893018903854e+00,2.677311560436393734e+00,9.623618103813720737e+00,3.978612668870889379e+00
4.560000000000000497e+00,-2.894943770591076770e+00,3.051221928823554475e+00,9.264084637126540400e+00,5.274318950547137064e+00
4.570000000000000284e+00,-2.457918638978517034e+00,3.471576941172988207e+00,8.765310277572556430e+00,6.569681930861605679e+00
4.580000000000000071e+00,-2.089104339470947203e+00,3.927938258403336214e+00,8.114209216767523714e+00,7.846967077374661592e+00
4.589999999999999858e+00,-1.791919979875750357e+00,4.409304723948495486e+00,7.300723673253852297e+00,9.084054768053409390e+00
4.600000000000000533e+00,-1.568005236830465776e+00,4.904392954403017590e+00,6.318955719428173801e+00,1.025510215166218231e+01
4.610000000000000320e+00,-1.417207100268999209e+00,5.401923982168131744e+00,5.168137012061743363e+00,1.133147080000637352e+01
4.620000000000000107e+00,-1.337612816654842440e+00,5.890908655697663754e+00,3.853377100616528050e+00,1.228287930509461034e+01
4.629999999999999893e+00,-1.325628636379299508e+00,6.360924344473957603e+00,2.386141250762184640e+00,1.307872720257235066e+01
4.639999999999999680e+00,-1.376102770806623354e+00,6.802375513467984192e+00,7.844216457020806166e-01,1.368952638102962460e+01
4.650000000000000355e+00,-1.482489741298054664e+00,7.206730941522317302e+00,-9.274192103506009310e-01,1.408836900073361598e+01
4.660000000000000142e+00,-1.637052086654701810e+00,7.566730772512407555e+00,-2.719137792641215245e+00,1.425235727934358998e+01
4.669999999999999929e+00,-1.831094221973826208e+00,7.876557215124997846e+00,-4.555419684656962787e+00,1.416392052049635630e+01
4.679999999999999716e+00,-2.055222150014972549e+00,8.131963548168892331e+00,-6.396982189268395125e+00,1.381194849788196066e+01
4.690000000000000391e+00,-2.299621757627389407e+00,8.330357137347206731e+00,-8.201925728524397385e+00,1.319267761515405546e+01
4.700000000000000178e+00,-2.554347627469852444e+00,8.470833411421820003e+00,-9.927276872645082406e+00,1.231027681942519969e+01
4.709999999999999964e+00,-2.809613701123228058e+00,8.554159156234204531e+00,-1.153065492626313571e+01,1.117709357388839564e+01
4.719999999999999751e+00,-3.056076782553660109e+00,8.582705029870110636e+00,-1.297198619168518974e+01,9.813535679404486345e+00
4.730000000000000426e+00,-3.285103803991519911e+00,8.560328837664659574e+00,-1.421518572973926275e+01,8.247581656858226751e+00
4.740000000000000213e+00,-3.489014014971995259e+00,8.492212779449511473e+00,-1.522972588846418773e+01,6.513929972309973060e+00
4.750000000000000000e+00,-3.661287814693322318e+00,8.384659534095700195e+00,-1.599201413253085846e+01,4.652814782897986667e+00
4.759999999999999787e+00,-3.796734831050948777e+00,8.244853613676729864e+00,-1.648650966763552361e+01,2.708532286019794455e+00
4.770000000000000462e+00,-3.891615046201129857e+00,8.080595834764338292e+00,-1.670651872757877143e+01,7.277363939914210933e-01
4.780000000000000249e+00,-3.943708253353285009e+00,7.900019951406520136e+00,-1.665462173219361119e+01,-1.242425363154180395e+00
4.790000000000000036e+00,-3.952328863132584580e+00,7.711301411052954080e+00,-1.634270124911164146e+01,-3.156255666340763710e+00
4.799999999999999822e+00,-3.918285006702945772e+00,7.522368776187735584e+00,-1.579155710858100647e+01,-4.971445278537760082e+00
4.810000000000000497e+00,-3.843782940667702874e+00,7.340628556335094146e+00,-1.503011335679283178e+01,-6.650917399160231724e+00
4.820000000000000284e+00,-3.732279868862709016e+00,7.172713986588378887e+00,-1.409424017473978985e+01,-8.164492971465111992e+00
4.830000000000000071e+00,-3.588290374226672519e+00,7.024267655087435003e+00,-1.302523161527538598e+01,-9.490297286575852809e+00
4.839999999999999858e+00,-3.417153611579649919e+00,6.899766826069709147e+00,-1.186799622956959510e+01,-1.061583772241925239e+01
4.850000000000000533e+00,-3.224770160814093067e+00,6.802398849379833301e+00,-1.066903163929719156e+01,-1.153869518678745898e+01
4.860000000000000320e+00,-3.017318895230678422e+00,6.733992232968325276e+00,-9.474265232963743344e+00,-1.226678727416674342e+01
4.870000000000000107e+00,-2.800965305405614281e+00,6.695006841660029906e+00,-8.326850917615358227e+00,-1.281817865065753104e+01
4.879999999999999893e+00,-2.581573371401884476e+00,6.684584349697198391e+00,-7.265015879540271726e+00,-1.322043301505589774e+01
4.889999999999999680e+00,-2.364433247858270803e+00,6.700657606559818902e+00,-6.320051397784181901e+00,-1.350952035418239738e+01
4.900000000000000355e+00,-2.154016689330662704e+00,6.740115076040743780e+00,-5.514537878025151052e+00,-1.372831230065467345e+01
4.910000000000000142e+00,-1.953771290644871428e+00,6.799014084354875642e+00,-4.860886564975811730e+00,-1.392471640689072387e+01
4.919999999999999929e+00,-1.765963265313347907e+00,6.872834372436896544e+00,-4.360269143370638645e+00,-1.414951631108812258e+01
4.929999999999999716e+00,-1.591576673856705426e+00,6.956761495128240824e+00,-4.001992092702062465e+00,-1.445399840722028273e+01
4.940000000000000391e+00,-1.430274805081475975e+00,7.045988041536134894e+00,-3.763355789167296628e+00,-1.488745616473660149e+01
4.950000000000000178e+00,-1.280426889285397607e+00,7.136019548735982099e+00,-3.610019623259647759e+00,-1.549467022586239473e+01
4.959999999999999964e+00,-1.139200582553169472e+00,7.222971409468909698e+00,-3.496874571484443806e+00,-1.631346553611959749e+01
4.969999999999999751e+00,-1.002717818584145437e+00,7.303843076193683004e+00,-3.369404517882416350e+00,-1.737244589091080016e+01
4.980000000000000426e+00,-8.662688001124820847e-01,7.376756457022477065e+00,-3.165497968553815156e+00,-1.868900142338932824e+01
4.990000000000000213e+00,-7.245762202535905860e-01,7.441146575889595383e+00,-2.817653421809639180e+00,-2.026767589174366435e+01
5.000000000000000000e+00,-5.720993867183923332e-01,7.497894295470433512e+00,-2.255505276739511622e+00,-2.209896847408614917e+01
5.009999999999999787e+00,-4.033658821015817519e-01,7.549393116908683865e+00,-1.408583431208253689e+00,-2.415862960978522267e+01
5.020000000000000462e+00,-2.133168308487958242e-01,7.599544691761543902e+00,-2.092091774103408408e-01,-2.640749281791814695e+01
5.030000000000000249e+00,2.349161272422128910e-03,7.653680604833687617e+00,1.404576936883433547e+00,-2.879186505011561081e+01
5.040000000000000036e+00,2.468487186178626169e-01,7.718411091817445779e+00,3.486162678267620940e+00,-3.124447773564383724e+01
5.049999999999999822e+00,5.220181235753371674e-01,7.801404512094692656e+00,6.077693594734252969e+00,-3.368598002630233879e+01
5.060000000000000497e+00,8.280636180381866218e-01,7.911104468807433676e+00,9.207685951907965460e+00,-3.602693562821244200e+01
5.070000000000000284e+00,1.163370201889106559e+00,8.056394320528552200e+00,1.288901603842353794e+01,-3.817026577256379483e+01
5.080000000000000071e+00,1.524379446599251509e+00,8.246221333932876263e+00,1.711736661663737280e+01,-4.001406402980166632e+01
5.089999999999999858e+00,1.905544244718220481e+00,8.489194770297270765e+00,2.187019617454067699e+01,-4.145469443343467475e+01
5.100000000000000533e+00,2.299365429340512357e+00,8.793173684488296615e+00,2.710627908213825421e+01,-4.239007326958454769e+01
5.110000000000000320e+00,2.696511942769162395e+00,9.164861070477385852e+00,3.276584542123516997e+01,-4.272302730410163463e+01
5.120000000000000107e+00,3.086022845063872477e+00,9.609421166170852402e+00,3.877132885285434583e+01,-4.236461742323447766e+01
5.129999999999999893e+00,3.455586072823516819e+00,1.013013621525302632e+01,4.502871015539655275e+01,-4.123731677606294710e+01
5.139999999999999680e+00,3.791885629358845655e+00,1.072811778762405766e+01,5.142942375773886710e+01,-3.927793650130463021e+01
5.150000000000000355e+00,4.081005946973421672e+00,1.140208592529151588e+01,5.785277542943160256e+01,-3.644019982927589041e+01
5.160000000000000142e+00,4.308879636514435951e+00,1.214822697754386205e+01,6.416880194910444857e+01,-3.269687646934255554e+01
5.169999999999999929e+00,4.461762837674825732e+00,1.296013811304230146e+01,7.024148865140783471e+01,-2.804140330103091117e+01
5.179999999999999716e+00,4.526720992705941526e+00,1.382886326291595225e+01,7.593224875524906281e+01,-2.248893395713307086e+01
5.190000000000000391e+00,4.492107147384063914e+00,1.474302178940985897e+01,8.110355969176953295e+01,-1.607677831196492590e+01
5.200000000000000178e+00,4.348014868897661422e+00,1.568902763022605562e+01,8.562264654361995042e+01,-8.864212502167974961e+00
5.209999999999999964e+00,4.086688563572772992e+00,1.665139318405772784e+01,8.936510130872743218e+01,-9.316602139022616136e-01
5.219999999999999751e+00,3.702875350985596281e+00,1.761310891976694748e+01,9.221832900753736340e+01,7.620734133696580592e+00
5.230000000000000426e+00,3.194104649507827354e+00,1.855608674305111450e+01,9.408471752573214530e+01,1.667510067548578689e+01
5.240000000000000213e+00,2.560884170351703126e+00,1.946165265842711278e+01,9.488443726290758207e+01,2.609835075008378524e+01
5.250000000000000000e+00,1.806803999322096566e+00,2.031107231946898750e+01,9.455778876768552266e+01,3.574512242856659583e+01
5.259999999999999787e+00,9.385437469987830683e-01,2.108609174127240848e+01,9.306703111122794780e+01,4.546107964124423972e+01
5.270000000000000462e+00,-3.421876372411936096e-02,2.176947480436075111e+01,9.039764023797430070e+01,5.508646978247450221e+01
5.280000000000000249e+00,-1.098995267677727039e+00,2.234551922867510498e+01,8.655896433431273351e+01,6.445983805590098825e+01
5.290000000000000036e+00,-2.240765834714036231e+00,2.280053343127277543e+01,8.158426174209061799e+01,7.342179356937054990e+01
5.299999999999999822e+00,-3.442339982518610064e+00,2.312325806551642060e+01,7.553012547743848870e+01,8.181872231985438759e+01
5.310000000000000497e+00,-4.684788577255791786e+00,2.330521801086513634e+01,6.847531637687350781e+01,8.950634562372415814e+01
5.320000000000000284e+00,-5.947932549253511780e+00,2.334099305640659594e+01,6.051904370285765111e+01,9.635302903356048887e+01
5.330000000000000071e+00,-7.210872561817616599e+00,2.322839839518512406e+01,5.177874718079044669e+01,1.022427560255006682e+02
5.339999999999999858e+00,-8.452542479947014797e+00,2.296856920376943023e+01,4.238744746757551241e+01,1.070776923409617183e+02
5.350000000000000533e+00,-9.652268828848628246e+00,2.256594689761396211e+01,3.249074261822831744e+01,1.107802803560645657e+02
5.360000000000000320e+00,-1.079031842036589595e+01,2.202816799990969443e+01,2.224353597240045488e+01,1.132948177161243564e+02
5.370000000000000107e+00,-1.184841694381645816e+01,2.136585981454830829e+01,1.180658588429887068e+01,1.145884901699679688e+02
5.379999999999999893e+00,-1.281022252729172628e+01,2.059235013479299425e+01,1.342969831362747390e+00,1.146518445238874477e+02
5.389999999999999680e+00,-1.366174001559197748e+01,1.972330094255683264e+01,-8.985445273021120727e+00,1.134987033783543353e+02
5.400000000000000355e+00,-1.439166390275380358e+01,1.877627836902087566e+01,-1.902143810583920214e+01,1.111655383187575694e+02
5.410000000000000142e+00,-1.499164040732192404e+01,1.777027302471884340e+01,-2.861569062107536965e+01,1.077103320639212143e+02
5.419999999999999929e+00,-1.545644198389479484e+01,1.672518611613420703e+01,-3.762979358674679276e+01,1.032109723597668989e+02
5.429999999999999716e+00,-1.578405051644245205e+01,1.566129751819889471e+01,-4.593893474881986805e+01,9.776323084488446113e+01
5.440000000000000391e+00,-1.597564842806866992e+01,1.459873216177157040e+01,-5.343421529290780825e+01,9.147838849945412676e+01
5.450000000000000178e+00,-1.603551986246948147e+01,1.355694073725588211e+01,-6.002455205016719475e+01,8.448057549613179162e+01
5.459999999999999964e+00,-1.597086684609162788e+01,1.255420984444536181e+01,-6.563813512421647545e+01,7.690389726495273237e+01
5.469999999999999751e+00,-1.579154783964755282e+01,1.160721538588928858e+01,-7.022342289275377425e+01,6.888942040977332226e+01
5.480000000000000426e+00,-1.550974825965101900e+01,1.073063127193439570e+01,-7.374966828609998970e+01,6.058209189035255804e+01
5.490000000000000213e+00,-1.513959433713808878e+01,9.936803456111571009e+00,-7.620698153626535998e+01,5.212766279384317869e+01
5.500000000000000000e+00,-1.469672304076171976e+01,9.235497032663026573e+00,-7.760594495192174236e+01,4.366968429325813617e+01
5.509999999999999787e+00,-1.419782170130593357e+01,8.633721690105939928e+00,-7.797680449691452509e+01,3.534663829430980542e+01
5.520000000000000462e+00,-1.366015142761341572e+01,8.135638312063180777e+00,-7.736827088850282053e+01,2.728925909116990667e+01
5.530000000000000249e+00,-1.310106840913601545e+01,7.742547032131141371e+00,-7.584596950732520781e+01,1.961809537575176421e+01
5.540000000000000036e+00,-1.253755678133501483e+01,7.452954660214782479e+00,-7.349058360643429921e+01,1.244135445399012596e+01
5.549999999999999822e+00,-1.198578592283659283e+01,7.262717172101424978e+00,-7.039573915848463059e+01,5.853062773955171494e+00
5.560000000000000497e+00,-1.146070390344545409e+01,7.165250950553055276e+00,-6.666568227043435968e+01,-6.843091024357138286e-02
5.570000000000000284e+00,-1.097567736322157117e+01,7.151804732142728049e+00,-6.241280154046161499e+01,-5.261591042191982481e+00
5.580000000000000071e+00,-1.054218643318017001e+01,7.211782784901042298e+00,-5.775504817093230514e+01,-9.682458070459148303e+00
5.589999999999999858e+00,-1.016958146869644608e+01,7.333108741188226531e+00,-5.281330623281331782e+01,-1.330503413662841083e+01
5.600000000000000533e+00,-9.864906418587400694e+00,7.502618750246039525e+00,-4.770876434749737882e+01,-1.612129371849122350e+01
5.610000000000000320e+00,-9.632791655635514871e+00,7.706472197172370642e+00,-4.256033834538072114e+01,-1.814082734179904577e+01
5.620000000000000107e+00,-9.475417104234395538e+00,7.930568151640235541e+00,-3.748219228893034227e+01,-1.939013207188172316e+01
5.629999999999999893e+00,-9.392544569496624973e+00,8.160955944372977555e+00,-3.258140269542584377e+01,-1.991156769290728334e+01
5.639999999999999680e+00,-9.381616345677654678e+00,8.384228799193316206e+00,-2.795580791315097002e+01,-1.976200232926381162e+01
5.650000000000000355e+00,-9.437915500174616668e+00,8.587890244974953902e+00,-2.369208141406109291e+01,-1.901117581343028107e+01
5.660000000000000142e+00,-9.554781726346394777e+00,8.760684062575904818e+00,-1.986406425464876335e+01,-1.773981340159142661e+01
5.669999999999999929e+00,-9.723875361334808787e+00,8.892879751508299790e+00,-1.653138808826367168e+01,-1.603752650722499240e+01
5.679999999999999716e+00,-9.935481095164597320e+00,8.976506892601760157e+00,-1.373841583168013791e+01,-1.400054096267674275e+01
5.690000000000000391e+00,-1.017884207006991737e+01,9.005533298234423611e+00,-1.151352233265219915e+01,-1.172929689615744131e+01
5.700000000000000178e+00,-1.044251449421879308e+01,8.975983442584171357e+00,-9.868732092021685887e+00,-9.325967558981730576e+00
5.709999999999999964e+00,-1.071473257674630553e+01,8.885995312825009762e+00,-8.799725215177559789e+00,-6.891947253292207698e+00
5.719999999999999751e+00,-1.098377353155633962e+01,8.735815480936238941e+00,-8.286216279258816542e+00,-4.525360761408634858e+00
5.730000000000000426e+00,-1.123831259163263496e+01,8.527733828410163142e+00,-8.292703714550080818e+00,-2.318648207449686360e+00
5.740000000000000213e+00,-1.146775841535890272e+01,8.265960927384686130e+00,-8.769579663749812681e+00,-3.562799181939503290e-01
5.750000000000000000e+00,-1.166255993926234957e+01,7.956452557706960249e+00,-9.654582202131864577e+00,1.287344582090573120e+00
5.759999999999999787e+00,-1.181447662131904153e+01,7.606687187893466984e+00,-1.087456342704845547e+01,2.549760974778106259e+00
5.770000000000000462e+00,-1.191680510510929736e+01,7.225403438590949357e+00,-1.234753845910820758e+01,3.382018523528658616e+00
5.780000000000000249e+00,-1.196455659324981724e+01,6.822305552066375789e+00,-1.398497208821686222e+01,3.749927525898386182e+00
5.790000000000000036e+00,-1.195458062020686008e+01,6.407745685506221811e+00,-1.569425193240564553e+01,3.634937004932348170e+00
5.799999999999999822e+00,-1.188563242745273030e+01,5.992392408139052939e+00,-1.738128987014627569e+01,3.034611401177022216e+00
5.810000000000000497e+00,-1.175838273196470318e+01,5.586895095385982835e+00,-1.895318748517364682e+01,1.962684077601460464e+00
5.820000000000000284e+00,-1.157537030306130532e+01,5.201553965490716358e+00,-2.032089665132754774e+01,4.486758087115493843e-01
5.830000000000000071e+00,-1.134089938072243164e+01,4.846005289372627978e+00,-2.140180348776621244e+01,-1.462922135009883329e+00
5.839999999999999858e+00,-1.106088553731198765e+01,4.528930823382193438e+00,-2.212216299777540129e+01,-3.713888473853884875e+00
5.850000000000000533e+00,-1.074265505981043489e+01,4.257799775016410493e+00,-2.241931297695621694e+01,-6.233911502649216452e+00
5.860000000000000320e+00,-1.039470426766033384e+01,4.038650628893069694e+00,-2.224359937643814433e+01,-8.942590656528187409e+00
5.870000000000000107e+00,-1.002642634052240744e+01,3.875918957564902900e+00,-2.155995128616980239e+01,-1.175175075979928607e+01
5.879999999999999893e+00,-9.647814172551246514e+00,3.772315949913510824e+00,-2.034905201907026395e+01,-1.456800840940079667e+01
5.889999999999999680e+00,-9.269148462209237493e+00,3.728760846904000559e+00,-1.860806328449519853e+01,-1.729552010579863008e+01
5.900000000000000355e+00,-8.900680662699858914e+00,3.744368824796974859e+00,-1.635087189243309069e+01,-1.983883377033436801e+01
5.910000000000000142e+00,-8.552320539317896930e+00,3.816494159119765861e+00,-1.360784248326310752e+01,-2.210575958699948274e+01
5.919999999999999929e+00,-8.233337896981506532e+00,3.940826792164477066e+00,-1.042507499785889991e+01,-2.401017301901645240e+01
5.929999999999999716e+00,-7.952087554513763479e+00,4.111538767887537915e+00,-6.863181480504660925e+00,-2.547466262959462924e+01
5.940000000000000391e+00,-7.715765862931059260e+00,4.321475446254159358e+00,-2.995612777248123137e+00,-2.643293813096806844e+01
5.950000000000000178e+00,-7.530206014717467866e+00,4.562385017669425835e+00,1.093418844358094333e+00,-2.683191992873193144e+01
5.959999999999999964e+00,-7.399718101681823867e+00,4.825178656337264727e+00,5.311360780012393867e+00,-2.663344022772071540e+01
5.969999999999999751e+00,-7.326978391791907796e+00,5.100212722087191786e+00,9.560011861477692108e+00,-2.581549730299739664e+01
5.980000000000000426e+00,-7.312970659797745299e+00,5.377583778114016333e+00,1.373840141036980711e+01,-2.437301847414233791e+01
5.990000000000000213e+00,-7.356980678422489817e+00,5.647426862051604601e+00,1.774576450176396136e+01,-2.231810319938898957e+01
6.000000000000000000e+00,-7.456643216801897012e+00,5.900207443581465760e+00,2.148451780902761854e+01,-1.967973497733517974e+01
6.009999999999999787e+00,-7.608039163251508086e+00,6.126997825089699923e+00,2.486313921518317116e+01,-1.650296878038656700e+01
6.020000000000000462e+00,-7.805838752589142615e+00,6.319729382110414129e+00,2.779885669518597524e+01,-1.284761886633493511e+01
6.030000000000000249e+00,-8.043485393561319086e+00,6.471412974599718204e+00,3.022005779017993987e+01,-8.786489319585532698e+00
6.040000000000000036e+00,-8.313413313525732207e+00,6.576321054152432843e+00,3.206834015641672408e+01,-4.403205865082700399e+00
6.049999999999999822e+00,-8.607291211921539897e+00,6.630126401506160505e+00,3.330013588267890867e+01,2.102782831167983313e-01
6.060000000000000497e+00,-8.916283378071485188e+00,6.629993999907540569e+00,3.388785710194891010e+01,4.956418122215299427e+00
6.070000000000000284e+00,-9.231319308099104504e+00,6.574624223514373256e+00,3.382052732911922988e+01,9.734961100567074865e+00
6.080000000000000071e+00,-9.543362763374721780e+00,6.464247232313621083e+00,3.310388129372184807e+01,1.444588173431209732e+01
6.089999999999999858e+00,-9.843671449050098943e+00,6.300570150995667973e+00,3.175993509186208641e+01,1.899226696481047583e+01
6.100000000000000533e+00,-1.012403904293213763e+01,6.086680205117152909e+00,2.982604750158370166e+01,2.328305491781584635e+01
6.110000000000000320e+00,-1.037701214664209282e+01,5.826908434012070259e+00,2.735351152997818858e+01,2.723553572480629015e+01
6.120000000000000107e+00,-1.059607582571780782e+01,5.526659843116635606e+00,2.440573195339677426e+01,3.077753254531758742e+01
6.129999999999999893e+00,-1.077580270618671499e+01,5.192216854292396100e+00,2.105605909748998883e+01,3.384919351407126697e+01
6.140000000000000568e+00,-1.091196204752822396e+01,4.830523627617416160e+00,1.738536079365623266e+01,3.640434052217665339e+01
6.150000000000000355e+00,-1.100158675581796963e+01,4.448959240220191624e+00,1.347942287065342981e+01,3.841133790892583733e+01
6.160000000000000142e+00,-1.104299787341349237e+01,4.055107808114533086e+00,9.426273359790233286e+00,3.985346258479625448e+01
6.169999999999999929e+00,-1.103578762000671354e+01,3.656533429763295651e+00,5.313526627468518448e+00,4.072877606681083051e+01
6.179999999999999716e+00,-1.098076350415558444e+01,3.260567332039862265e+00,1.225840879814681372e+00,4.104951760194971655e+01
6.190000000000000391e+00,-1.087985731973382109e+01,2.874113838917964348e+00,-2.757423946096794420e+00,4.084105521302570452e+01
6.200000000000000178e+00,-1.073600394092279586e+01,2.503480799429034231e+00,-6.564270681263399076e+00,4.014044740151476987e+01
6.209999999999999964e+00,-1.055299569475431198e+01,2.154238951403553592e+00,-1.013178729936929123e+01,3.899468173957907879e+01
6.219999999999999751e+00,-1.033531869512436963e+01,1.831113414587069776e+00,-1.340747771047828785e+01,3.745866714318612622e+01
6.230000000000000426e+00,-1.008797785186466456e+01,1.537909157823300177e+00,-1.635016825953869102e+01,3.559306383565755993e+01
6.240000000000000213e+00,-9.816317320383397771e+00,1.277470928041207321e+00,-1.893047490848381642e+01,3.346203863137333201e+01
6.250000000000000000e+00,-9.525842941105116424e+00,1.051676820020468694e+00,-2.113083395706095402e+01,3.113103309791308249e+01
6.259999999999999787e+00,-9.222052754265394725e+00,8.614634574750785756e-01,-2.294511645002307887e+01,2.866462846026417211e+01
6.270000000000000462e+00,-8.910280995328951903e+00,7.068796936385106644e-01,-2.437786239523933673e+01,2.612458402050502215e+01
6.280000000000000249e+00,-8.595560118440520370e+00,5.871648607735910907e-01,-2.544318491498259860e+01,2.356811575566583272e+01
6.290000000000000036e+00,-8.282504405103543021e+00,5.008469306996392589e-01,-2.616340590533551591e+01,2.104646912929942815e+01
6.299999999999999822e+00,-7.975217641811392255e+00,4.458555097473395623e-01,-2.656749324311761740e+01,1.860382561723931616e+01
6.310000000000000497e+00,-7.677226244177147052e+00,4.196443877259982691e-01,-2.668937475430526263e+01,1.627656668912937832e+01
6.320000000000000284e+00,-7.391438115821342691e+00,4.193183868573002182e-01,-2.656620589453098447e+01,1.409290273180961073e+01
6.330000000000000071e+00,-7.120126504218569963e+00,4.417594983260585417e-01,-2.623666640130912953e+01,1.207285838467140415e+01
6.339999999999999858e+00,-6.864937193924308012e+00,4.837477271896772901e-01,-2.573935622521057454e+01,1.022859069174950086e+01
6.350000000000000533e+00,-6.626916594115286330e+00,5.420726594128583153e-01,-2.511135314505767013e+01,8.565003013798675013e+00
6.360000000000000320e+00,-6.406557657870702194e+00,6.136324806246041819e-01,-2.438698406094211890e+01,7.080606351924696895e+00
6.370000000000000107e+00,-6.203860131599090444e+00,6.955179740946806355e-01,-2.359684958526005971e+01,5.768571066212540899e+00
6.379999999999999893e+00,-6.018401381442122222e+00,7.850798632233277896e-01,-2.276712784151295565e+01,4.617906250345951591e+00
6.390000000000000568e+00,-5.849413976926422620e+00,8.799787000662033787e-01,-2.191916900676348234e+01,3.614701424208141223e+00
6.400000000000000355e+00,-5.695866319361356567e+00,9.782172973460578902e-01,-2.106937778509267645e+01,2.743365758572632540e+00
6.410000000000000142e+00,-5.556542864506770485e+00,1.078156422837624806e+00,-2.022936734732953568e+01,1.987803628373089992e+00
6.419999999999999929e+00,-5.430120880504307301e+00,1.178515093773833344e+00,-1.940635593885448884e+01,1.332471642968206860e+00
6.429999999999999716e+00,-5.315241172901584932e+00,1.278357303964335223e+00,-1.860376688685726165e+01,7.632710378666476281e-01
6.440000000000000391e+00,-5.210570765844821040e+00,1.377067374403493805e+00,-1.782198457353054621e+01,2.682399434622997347e-01
6.450000000000000178e+00,-5.114856118223721992e+00,1.474316334093620506e+00,-1.705921340369948780e+01,-1.619779948078140797e-01
6.459999999999999964e+00,-5.026966042652840194e+00,1.570021814288870887e+00,-1.631238407188381601e+01,-5.338995003214340729e-01
6.469999999999999751e+00,-4.945924053202975124e+00,1.664303886278024835e+00,-1.557805157238340854e+01,-8.512001621686116071e-01
6.480000000000000426e+00,-4.870930368398102672e+00,1.757439106329697909e+00,-1.485323230512262249e+01,-1.114931453988240007e+00
6.490000000000000213e+00,-4.801374218134932370e+00,1.849814772650514749e+00,-1.413613308658705137e+01,-1.323931110065339256e+00
6.500000000000000000e+00,-4.736837432000114312e+00,1.941885072765632048e+00,-1.342673253833073588e+01,-1.475392257859080569e+00
6.509999999999999787e+00,-4.677090513733588750e+00,2.034130432086766138e+00,-1.272718475579869590e+01,-1.565549325699106209e+00
6.520000000000000462e+00,-4.622082530801367106e+00,2.127020992255578946e+00,-1.204202584329677173e+01,-1.590433727238189654e+00
6.530000000000000249e+00,-4.571926174067631798e+00,2.220984776428893248e+00,-1.137817527444827270e+01,-1.546649854866688489e+00
6.540000000000000036e+00,-4.526879280972673669e+00,2.316380760478709444e+00,-1.074473551948259065e+01,-1.432122048014800031e+00
6.549999999999999822e+00,-4.487323981727347366e+00,2.413476782565078249e+00,-1.015260439859429553e+01,-1.246765865710634413e+00
6.560000000000000497e+00,-4.453744440623022882e+00,2.512432002221185900e+00,-9.613924638829155711e+00,-9.930419905225329469e-01
6.570000000000000284e+00,-4.426703944540809843e+00,2.613283471968746774e+00,-9.141403657264566718e+00,-6.763581182202881292e-01
6.580000000000000071e+00,-4.406821859694955990e+00,2.715936311828579530e+00,-8.747543276303334281e+00,-3.052928474168481454e-01
6.589999999999999858e+00,-4.394750756352722831e+00,2.820156976580917352e+00,-8.443823609202700808e+00,1.083745907793148694e-01
6.600000000000000533e+00,-4.391153808401373482e+00,2.925569168825056909e+00,-8.239887559413332951e+00,5.498344438792738265e-01
6.610000000000000320e+00,-4.396682425560523022e+00,3.031652065025136622e+00,-8.142772197944701418e+00,1.001611469801705789e+00
6.620000000000000107e+00,-4.411953981932999369e+00,3.137740670750441385e+00,-8.156230778751318411e+00,1.444109771247678697e+00
6.629999999999999893e+00,-4.437529471781786583e+00,3.243028287086998418e+00,-8.280184494881062562e+00,1.856313011409824965e+00
6.640000000000000568e+00,-4.473890953097982681e+00,3.346571233817555058e+00,-8.510336540190422738e+00,2.216607617610423908e+00
6.650000000000000355e+00,-4.521418727764828560e+00,3.447296118113392094e+00,-8.837972979686560038e+00,2.503690298953903604e+00
6.660000000000000142e+00,-4.580368345243825523e+00,3.544010043690211553e+00,-9.249965767679878326e+00,2.697516884837622086e+00
6.669999999999999929e+00,-4.650847691944371753e+00,3.635414211173272125e+00,-9.728983451082401146e+00,2.780247301179660901e+00
6.679999999999999716e+00,-4.732794624843880804e+00,3.720121356246889111e+00,-1.025390513824297045e+01,2.737141501628000295e+00
6.690000000000000391e+00,-4.825955807500014849e+00,3.796677403080334301e+00,-1.080042367929305414e+01,2.557363316194815717e+00
6.700000000000000178e+00,-4.929867590523493881e+00,3.863587576546243518e+00,-1.134181514147390502e+01,2.234653322749896809e+00
6.709999999999999964e+00,-5.043839928521456351e+00,3.919347022929458468e+00,-1.184984397263728439e+01,1.767837749472824793e+00
6.719999999999999751e+00,-5.166944424883398668e+00,3.962475744965468394e+00,-1.229576706147089915e+01,1.161147763732727878e+00
6.730000000000000426e+00,-5.298007630876016449e+00,3.991557377140167340e+00,-1.265139547664333186e+01,4.243319207451620168e-01
6.740000000000000213e+00,-5.435610686540409908e+00,4.005281028557580392e+00,-1.289017016134969928e+01,-4.274463797371466645e-01
6.750000000000000000e+00,-5.578096272683276347e+00,4.002485122955153685e+00,-1.298820734203211025e+01,-1.373925280138814209e+00
6.759999999999999787e+00,-5.723583645769063644e+00,3.982201889300938991e+00,-1.292527085279350985e+01,-2.390264449414169601e+00
6.770000000000000462e+00,-5.869992255965035710e+00,3.943700922297864508e+00,-1.268563186247425101e+01,-3.447749930202582469e+00
6.780000000000000249e+00,-6.015074113277132817e+00,3.886530058968822310e+00,-1.225878142052279074e+01,-4.514657596153410779e+00
6.790000000000000036e+00,-6.156454682585828841e+00,3.810551721462474006e+00,-1.163996754299802028e+01,-5.557242725898929869e+00
6.799999999999999822e+00,-6.291681674249312906e+00,3.715972869612614193e+00,-1.083053592034819168e+01,-6.540818472034442443e+00
6.810000000000000497e+00,-6.418280674450017820e+00,3.603366797187927517e+00,-9.838061387169682703e+00,-7.430882945985490373e+00
6.820000000000000284e+00,-6.533816151938330208e+00,3.473685195430248562e+00,-8.676265676559518525e+00,-8.194253328473457998e+00
6.830000000000000071e+00,-6.635956008936759964e+00,3.328259192991336324e+00,-7.364725314407186474e+00,-8.800165844000861881e+00
6.839999999999999858e+00,-6.722537536352246157e+00,3.168788453694796114e+00,-5.928381436859636366e+00,-9.221302521876117098e+00
6.850000000000000533e+00,-6.791632407391510640e+00,2.997317858315456718e+00,-4.396870516246923266e+00,-9.434709250882336917e+00
6.860000000000000320e+00,-6.841608215898418166e+00,2.816201794765976985e+00,-2.803701183500629135e+00,-9.422574505189121652e+00
6.870000000000000107e+00,-6.871184048322442450e+00,2.628056609946546995e+00,-1.185307322932297680e+00,-9.172844014330786777e+00
6.879999999999999893e+00,-6.879477677842813499e+00,2.435702310691084005e+00,4.199887625645308820e-01,-8.679653276921172278e+00
6.890000000000000568e+00,-6.866042186520858515e+00,2.242095114087797825e+00,1.973067143684801739e+00,-7.943566866642546742e+00
6.900000000000000355e+00,-6.830890150984046727e+00,2.050252912452843912e+00,3.435118330145565224e+00,-6.971620639206425274e+00
6.910000000000000142e+00,-6.774503957585130465e+00,1.863176110422311904e+00,4.768732625006046888e+00,-5.777169923115453187e+00
6.919999999999999929e+00,-6.697831327186521300e+00,1.683766588968625744e+00,5.938936785769421967e+00,-4.379553294272970021e+00
6.929999999999999716e+00,-6.602265705850974165e+00,1.514747735742754120e+00,6.914147156447937981e+00,-2.803587361159445290e+00
6.940000000000000391e+00,-6.489611790167306715e+00,1.358588540300194714e+00,7.667012527562432567e+00,-1.078912935519814820e+00
6.950000000000000178e+00,-6.362037076582850226e+00,1.217434679729355596e+00,8.175124796063620636e+00,7.607831034875132126e-01
6.959999999999999964e+00,-6.222010923718306330e+00,1.093049314641425296e+00,8.421580795573941458e+00,2.678643108851282761e+00
6.969999999999999751e+00,-6.072233166339409571e+00,9.867659836268345419e-01,8.395384208158475303e+00,4.635582278764775133e+00
6.980000000000000426e+00,-5.915554792430023134e+00,8.994555387146383474e-01,8.091682020278406995e+00,6.591271131776214709e+00
6.990000000000000213e+00,-5.754893566874408783e+00,8.315085234786934176e-01,7.511835335256311197e+00,8.505127830901416885e+00
7.000000000000000000e+00,-5.593147737322481383e+00,7.828337825801753302e-01,6.663329317750608105e+00,1.033729271625186819e+01
7.009999999999999787e+00,-5.433111076106953874e+00,7.528734339417691990e-01,5.559531471544548076e+00,1.204955957791901433e+01
7.020000000000000462e+00,-5.277392489099421269e+00,7.406336621854474611e-01,4.219311227371584927e+00,1.360624101704055455e+01
7.030000000000000249e+00,-5.128343257335395755e+00,7.447301352931253726e-01,2.666536868935169835e+00,1.497494853659058123e+01
7.040000000000000036e+00,-4.987994676113127746e+00,7.634462361039645595e-01,9.294681180101870277e-01,1.612727160598896603e+01
7.049999999999999822e+00,-4.858008431652363512e+00,7.948017647430407617e-01,-9.599357649103030798e-01,1.703934369317250841e+01
7.060000000000000497e+00,-4.739641525840167624e+00,8.366293325360331101e-01,-2.966771696041987649e+00,1.769228700612162797e+01
7.070000000000000284e+00,-4.633726948765507281e+00,8.866553529553525825e-01,-5.053991483167196819e+00,1.807253130418546050e+01
7.080000000000000071e+00,-4.540670634282287565e+00,9.425823555914879526e-01,-7.183223158781443018e+00,1.817200552265203228e+01
7.089999999999999858e+00,-4.460464546016383203e+00,1.002169313608117784e+00,-9.315595476533973240e+00,1.798820402227156734e+01
7.100000000000000533e+00,-4.392715061473976057e+00,1.063306785384516173e+00,-1.141254743333139210e+01,1.752413197551693358e+01
7.110000000000000320e+00,-4.336685181286184410e+00,1.124083921954016629e+00,-1.343660628861901429e+01,1.678813670500812094e+01
7.120000000000000107e+00,-4.291348518333624185e+00,1.182844771664070427e+00,-1.535211935940601435e+01,1.579363369110640924e+01
7.129999999999999893e+00,-4.255452543452447500e+00,1.238231804414662296e+00,-1.712592679074305835e+01,1.455873747859263467e+01
7.140000000000000568e+00,-4.227588202023646602e+00,1.289215156912886462e+00,-1.872796446607807042e+01,1.310580886465878692e+01
7.150000000000000355e+00,-4.206262784849033487e+00,1.335106740607374665e+00,-2.013178817487861849e+01,1.146093058019802058e+01
7.160000000000000142e+00,-4.189972846906771409e+00,1.375559025620043396e+00,-2.131501205660311982e+01,9.653324226753097648e+00
7.169999999999999929e+00,-4.177274021753037303e+00,1.410548986085741419e+00,-2.225965616602932684e+01,7.714721546421221099e+00
7.179999999999999716e+00,-4.166844773607897068e+00,1.440348334092699689e+00,-2.295239974407195049e+01,5.678703222188827837e+00
7.190000000000000391e+00,-4.157541453111289087e+00,1.465481751842623970e+00,-2.338473843017450449e+01,3.580018366056473944e+00
7.200000000000000178e+00,-4.148442459965754558e+00,1.486675328762486314e+00,-2.355304522442544624e+01,1.453897678000294791e+00
7.209999999999999964e+00,-4.138879844679457243e+00,1.504797800443750555e+00,-2.345853651116919636e+01,-6.646270330849676222e-01
7.219999999999999751e+00,-4.128457276840997281e+00,1.520797453089415940e+00,-2.310714590320407069e+01,-2.741384677614365994e+00
7.230000000000000426e+00,-4.117053940497818587e+00,1.535637690250992060e+00,-2.250931006642294463e+01,-4.743696287931118860e+00
7.240000000000000213e+00,-4.104814558612792652e+00,1.550234254091300778e+00,-2.167967204363769085e+01,-6.640964854501705261e+00
7.250000000000000000e+00,-4.092126368663451252e+00,1.565396953782252965e+00,-2.063670891103955185e+01,-8.405213221267981538e+00
7.259999999999999787e+00,-4.079584442144453149e+00,1.581778487794258448e+00,-1.940229186090277480e+01,-1.001156057869045846e+01
7.270000000000000462e+00,-4.067947236773732378e+00,1.599832569365968515e+00,-1.800118799106695988e+01,-1.143862916533420204e+01
7.280000000000000249e+00,-4.058084670299642482e+00,1.619783094924750255e+00,-1.646051416912705179e+01,-1.266887402916265160e+01
7.290000000000000036e+00,-4.050921292593999468e+00,1.641605557147371108e+00,-1.480915429459347266e+01,-1.368883011001086381e+01
7.299999999999999822e+00,-4.047377297435447829e+00,1.665021323914297469e+00,-1.307715206902513216e+01,-1.448927247828180676e+01
7.310000000000000497e+00,-4.048310152283158381e+00,1.689504809235574001e+00,-1.129509196420494810e+01,-1.506528728516294535e+01
7.320000000000000284e+00,-4.054459534758989570e+00,1.714302979978741037e+00,-9.493481415229885201e+00,-1.541625281945248638e+01
7.330000000000000071e+00,-4.066398055736648587e+00,1.738466099303944246e+00,-7.702147326681780370e+00,-1.554573198813516299e+01
7.339999999999999858e+00,-4.084489933526209704e+00,1.760888127991452112e+00,-5.949659740763267202e+00,-1.546127949578951366e+01
7.350000000000000533e+00,-4.108859378950415753e+00,1.780354808624559082e+00,-4.262794960900143870e+00,-1.517416893811027911e+01
7.360000000000000320e+00,-4.139369978154759266e+00,1.795597160684511806e+00,-2.666049548870386143e+00,-1.469904688879997678e+01
7.370000000000000107e+00,-4.175615842392369714e+00,1.805347927733653712e+00,-1.181215426632528320e+00,-1.405352278635939633e+01
7.379999999999999893e+00,-4.216924756782269412e+00,1.808398446238462132e+00,1.729751624759350292e-01,-1.325770495849676678e+01
7.390000000000000568e+00,-4.262373028303509948e+00,1.803653448877285737e+00,1.381127810040101211e+00,-1.233369440182170074e+01
7.400000000000000355e+00,-4.310811231133825139e+00,1.790181467670928450e+00,2.431382133548753544e+00,-1.130504891520927657e+01
7.410000000000000142e+00,-4.360899596745225537e+00,1.767258753317211939e+00,3.315523012175366269e+00,-1.019623082851778584e+01
7.419999999999999929e+00,-4.411151415623436378e+00,1.734404961801140566e+00,4.029006059440970233e+00,-9.032051847897500707e+00
7.429999999999999716e+00,-4.459982521798766086e+00,1.691409259401768894e+00,4.570898727540258832e+00,-7.837128441739426243e+00
7.440000000000000391e+00,-4.505764730729592493e+00,1.638345941960951624e+00,4.943740591680234608e+00,-6.635360718446977835e+00
7.450000000000000178e+00,-4.546881000762424740e+00,1.575579131766840391e+00,5.153328398888452178e+00,-5.449446913751438970e+00
7.459999999999999964e+00,-4.581780088756017832e+00,1.503756583519149093e+00,5.208433320596380867e+00,-4.300444439645469075e+00
7.469999999999999751e+00,-4.609028567094917150e+00,1.423793078384716138e+00,5.120459465378450759e+00,-3.207386989419334089e+00
7.480000000000000426e+00,-4.627358253471138383e+00,1.336844292837776838e+00,4.903054040525535839e+00,-2.186965493932819804e+00
7.490000000000000213e+00,-4.635707363995569708e+00,1.244272380311048032e+00,4.571680562907699752e+00,-1.253278840797194871e+00
7.500000000000000000e+00,-4.633254018972705168e+00,1.147604785628764335e+00,4.143167187419048325e+00,-4.176582630604767643e-01
7.509999999999999787e+00,-4.619441091544326028e+00,1.048488015675914209e+00,3.635242534542046045e+00,3.114327581847953774e-01
7.520000000000000462e+00,-4.593991773805315759e+00,9.486382099183011674e-01,3.066071359099433291e+00,9.284232882658060015e-01
7.530000000000000249e+00,-4.556915624238246032e+00,8.497903906150963138e-01,2.453802023688377076e+00,1.430586629436518820e+00
7.540000000000000036e+00,-4.508505236562436735e+00,7.536482283116804348e-01,1.816137046628105267e+00,1.817922971604786664e+00
7.549999999999999822e+00,-4.449324017199004722e+00,6.618360405919399003e-01,1.169937018219674441e+00,2.092978761628002005e+00
7.560000000000000497e+00,-4.380185862791974749e+00,5.758545613428760479e-01,5.308669601836550900e-01,2.260610032686741988e+00
7.570000000000000284e+00,-4.302127779854872713e+00,4.970417865862515883e-01,-8.690721455715566535e-02,2.327698176415784914e+00
7.580000000000000071e+00,-4.216376678260767896e+00,4.265399355275856230e-01,-6.709660542719499965e-01,2.302827617831981311e+00
7.589999999999999858e+00,-4.124311695134147193e+00,3.652692769022053421e-01,-1.210823319700076617e+00,2.195935553737845325e+00
7.600000000000000533e+00,-4.027423465434468497e+00,3.139092759373644514e-01,-1.698049453036312162e+00,2.017944334510326510e+00
7.610000000000000320e+00,-3.927271753161956092e+00,2.728872304235202551e-01,-2.126330829140228307e+00,1.780387209597858567e+00
7.620000000000000107e+00,-3.825442798615337203e+00,2.423742980566446492e-01,-2.491465571641623189e+00,1.495038027397495917e+00
7.629999999999999893e+00,-3.723507630852057382e+00,2.222885818011973436e-01,-2.791298369859517070e+00,1.173555094190141368e+00
7.640000000000000568e+00,-3.622982450581508473e+00,2.123047433869508782e-01,-3.025598287440161016e+00,8.271487720348051909e-01
7.650000000000000355e+00,-3.525292018384948989e+00,2.118694622192494881e-01,-3.195884980938672904e+00,4.662815523801427942e-01
7.660000000000000142e+00,-3.431736797978354403e+00,2.202219500738902547e-01,-3.305210020460437548e+00,1.004083031273415583e-01
7.669999999999999929e+00,-3.343464415451776972e+00,2.364186702666129514e-01,-3.357901102428493267e+00,-2.622368239782499333e-01
7.679999999999999716e+00,-3.261445813273774696e+00,2.593613902735240062e-01,-3.359277846840259762e+00,-6.148016960858915247e-01
7.690000000000000391e+00,-3.186456311044741696e+00,2.878277136024392502e-01,-3.315348560743760054e+00,-9.519220597183531973e-01
7.700000000000000178e+00,-3.119061640250571088e+00,3.205032829811393369e-01,-3.232497811041392666e+00,-1.269769875398546466e+00
7.709999999999999964e+00,-3.059608902089724580e+00,3.560149144586176040e-01,-3.117174870280953414e+00,-1.566043673261926727e+00
7.719999999999999751e+00,-3.008222307920540572e+00,3.929640021678837414e-01,-2.975593068470513192e+00,-1.839902136349400807e+00
7.730000000000000426e+00,-2.964803500747175136e+00,4.299596177909790762e-01,-2.813449794814386173e+00,-2.091843772850867200e+00
7.740000000000000213e+00,-2.929036221009571506e+00,4.656508094525105834e-01,-2.635676342064405375e+00,-2.323537150505169624e+00
7.750000000000000000e+00,-2.900395066480975004e+00,4.987576753518645489e-01,-2.446225974107042678e+00,-2.537607695797699847e+00
7.759999999999999787e+00,-2.878158098594326031e+00,5.281008430828474376e-01,-2.247907531469813591e+00,-2.737388465578591390e+00
7.770000000000000462e+00,-2.861423059380158396e+00,5.526290233758370807e-01,-2.042270583515249704e+00,-2.926643536053073813e+00
7.780000000000000249e+00,-2.849126977398623417e+00,5.714443260996779905e-01,-1.829546611906625042e+00,-3.109273680511728699e+00
7.790000000000000036e+00,-2.840068950780543222e+00,5.838250280180309337e-01,-1.608648997720103058e+00,-3.289014780938555038e+00
7.799999999999999822e+00,-2.832935894689040612e+00,5.892454691701511926e-01,-1.377232723462967989e+00,-3.469139901424196815e+00
7.810000000000000497e+00,-2.826331024328428754e+00,5.873927326457032416e-01,-1.131812739125915179e+00,-3.652176110288245514e+00
7.820000000000000284e+00,-2.818804809827756497e+00,5.781797370071810604e-01,-8.679379342531070574e-01,-3.839646947839845392e+00
7.830000000000000071e+00,-2.808888084575762889e+00,5.617543485184794960e-01,-5.804156687428443373e-01,-4.031850882486191168e+00
7.839999999999999858e+00,-2.795126914585959632e+00,5.385041087454235376e-01,-2.635799116632824290e-01,-4.227685175917883953e+00
7.850000000000000533e+00,-2.776118745982789182e+00,5.090561787786495040e-01,8.840570954861970421e-02,-4.424523298206366917e+00
7.860000000000000320e+00,-2.750549245401156195e+00,4.742721302186146404e-01,4.812201669649256441e-01,-4.618152420114395973e+00
7.870000000000000107e+00,-2.717229140318000002e+00,4.352372697506111110e-01,9.200440400119911377e-01,-4.802775601848376930e+00
7.879999999999999893e+00,-2.675130260700528506e+00,3.932442714695856267e-01,1.409217586508734410e+00,-4.971081148511882652e+00
7.890000000000000568e+00,-2.623419888279379109e+00,3.497710098842735094e-01,1.951910654602695638e+00,-5.114379279680378865e+00
7.900000000000000355e+00,-2.561492443918214956e+00,3.064526352992858471e-01,2.549817234264923016e+00,-5.222803842317985001e+00
7.910000000000000142e+00,-2.488997495328608256e+00,2.650481083288721007e-01,3.202887002593834076e+00,-5.285574369985102550e+00
7.919999999999999929e+00,-2.405863054264175460e+00,2.274016057510987177e-01,3.909105303528233488e+00,-5.291311449638590680e+00
7.930000000000000604e+00,-2.312313160400029322e+00,1.953994179439290935e-01,4.664331635162300316e+00,-5.228396194505852357e+00
7.940000000000000391e+00,-2.208878822557577948e+00,1.709231693646122152e-01,5.462204932012987513e+00,-5.085362728970509671e+00
7.950000000000000178e+00,-2.096401508712705919e+00,1.558003974540832781e-01,6.294121779979403364e+00,-4.851311053444176125e+00
7.959999999999999964e+00,-1.976028543764249079e+00,1.517537109384786420e-01,7.149291260851232899e+00,-4.516326546676848963e+00
7.969999999999999751e+00,-1.849199985160281390e+00,1.603499047956539192e-01,8.014867478882029772e+00,-4.071891737349660367e+00
7.980000000000000426e+00,-1.717626795416059338e+00,1.829505258742213925e-01,8.876158073875988208e+00,-3.511275874801488950e+00
7.990000000000000213e+00,-1.583260409141674430e+00,2.206654513078279978e-01,9.716904280870123145e+00,-2.829888267739217422e+00
8.000000000000000000e+00,-1.448254090172841568e+00,2.743110543122769807e-01,1.051962546625169992e+01,-2.025582334189873102e+00
