itt,time_au,time_as,para_z,dia_z,total_z
0,0.0000000000,0.0000000000,0.000000000000e+00,6.063313000000e-05,6.063313000000e-05
1,0.0200000000,0.4837768653,-3.808014000000e-06,6.063313000000e-05,5.682512000000e-05
2,0.0400000000,0.9675537306,-7.612071000000e-06,6.063313000000e-05,5.302106000000e-05
3,0.0600000000,1.4513305959,-1.140821000000e-05,6.063313000000e-05,4.922492000000e-05
4,0.0800000000,1.9351074612,-1.519249000000e-05,6.063313000000e-05,4.544064000000e-05
5,0.1000000000,2.4188843265,-1.896096000000e-05,6.063313000000e-05,4.167217000000e-05
6,0.1200000000,2.9026611918,-2.270971000000e-05,6.063313000000e-05,3.792342000000e-05
7,0.1400000000,3.3864380571,-2.643483000000e-05,6.063313000000e-05,3.419831000000e-05
8,0.1600000000,3.8702149224,-3.013243000000e-05,6.063313000000e-05,3.050070000000e-05
9,0.1800000000,4.3539917877,-3.379868000000e-05,6.063313000000e-05,2.683445000000e-05
10,0.2000000000,4.8377686530,-3.742974000000e-05,6.063313000000e-05,2.320339000000e-05
11,0.2200000000,5.3215455183,-4.102183000000e-05,6.063313000000e-05,1.961130000000e-05
12,0.2400000000,5.8053223836,-4.457121000000e-05,6.063313000000e-05,1.606192000000e-05
13,0.2600000000,6.2890992489,-4.807416000000e-05,6.063313000000e-05,1.255897000000e-05
14,0.2800000000,6.7728761142,-5.152702000000e-05,6.063313000000e-05,9.106108000000e-06
15,0.3000000000,7.2566529795,-5.492620000000e-05,6.063313000000e-05,5.706936000000e-06
16,0.3200000000,7.7404298448,-5.826812000000e-05,6.063313000000e-05,2.365015000000e-06
17,0.3400000000,8.2242067101,-6.154929000000e-05,6.063313000000e-05,-9.161534000000e-07
18,0.3600000000,8.7079835754,-6.476626000000e-05,6.063313000000e-05,-4.133130000000e-06
19,0.3800000000,9.1917604407,-6.791567000000e-05,6.063313000000e-05,-7.282539000000e-06
20,0.4000000000,9.6755373060,-7.099420000000e-05,6.063313000000e-05,-1.036107000000e-05
21,0.4200000000,10.1593141713,-7.399861000000e-05,6.063313000000e-05,-1.336548000000e-05
22,0.4400000000,10.6430910366,-7.692574000000e-05,6.063313000000e-05,-1.629261000000e-05
23,0.4600000000,11.1268679019,-7.977250000000e-05,6.063313000000e-05,-1.913936000000e-05
24,0.4800000000,11.6106447672,-8.253587000000e-05,6.063313000000e-05,-2.190274000000e-05
25,0.5000000000,12.0944216325,-8.521293000000e-05,6.063313000000e-05,-2.457980000000e-05
26,0.5200000000,12.5781984978,-8.780084000000e-05,6.063313000000e-05,-2.716771000000e-05
27,0.5400000000,13.0619753631,-9.029684000000e-05,6.063313000000e-05,-2.966371000000e-05
28,0.5600000000,13.5457522284,-9.269828000000e-05,6.063313000000e-05,-3.206515000000e-05
29,0.5800000000,14.0295290937,-9.500258000000e-05,6.063313000000e-05,-3.436945000000e-05
30,0.6000000000,14.5133059590,-9.720727000000e-05,6.063313000000e-05,-3.657414000000e-05
31,0.6200000000,14.9970828243,-9.930998000000e-05,6.063313000000e-05,-3.867684000000e-05
32,0.6400000000,15.4808596896,-1.013084000000e-04,6.063313000000e-05,-4.067529000000e-05
33,0.6600000000,15.9646365549,-1.032004000000e-04,6.063313000000e-05,-4.256731000000e-05
34,0.6800000000,16.4484134202,-1.049840000000e-04,6.063313000000e-05,-4.435084000000e-05
35,0.7000000000,16.9321902855,-1.066571000000e-04,6.063313000000e-05,-4.602393000000e-05
36,0.7200000000,17.4159671508,-1.082178000000e-04,6.063313000000e-05,-4.758471000000e-05
37,0.7400000000,17.8997440161,-1.096646000000e-04,6.063313000000e-05,-4.903145000000e-05
38,0.7600000000,18.3835208814,-1.109957000000e-04,6.063313000000e-05,-5.036254000000e-05
39,0.7800000000,18.8672977467,-1.122096000000e-04,6.063313000000e-05,-5.157645000000e-05
40,0.8000000000,19.3510746120,-1.133049000000e-04,6.063313000000e-05,-5.267179000000e-05
41,0.8200000000,19.8348514773,-1.142804000000e-04,6.063313000000e-05,-5.364728000000e-05
42,0.8400000000,20.3186283426,-1.151349000000e-04,6.063313000000e-05,-5.450176000000e-05
43,0.8600000000,20.8024052079,-1.158673000000e-04,6.063313000000e-05,-5.523419000000e-05
44,0.8800000000,21.2861820732,-1.164768000000e-04,6.063313000000e-05,-5.584364000000e-05
45,0.9000000000,21.7699589385,-1.169624000000e-04,6.063313000000e-05,-5.632930000000e-05
46,0.9200000000,22.2537358038,-1.173236000000e-04,6.063313000000e-05,-5.669050000000e-05
47,0.9400000000,22.7375126691,-1.175598000000e-04,6.063313000000e-05,-5.692668000000e-05
48,0.9600000000,23.2212895344,-1.176705000000e-04,6.063313000000e-05,-5.703739000000e-05
49,0.9800000000,23.7050663997,-1.176554000000e-04,6.063313000000e-05,-5.702231000000e-05
50,1.0000000000,24.1888432651,-1.175144000000e-04,6.063313000000e-05,-5.688126000000e-05
51,1.0200000000,24.6726201304,-1.172473000000e-04,6.063313000000e-05,-5.661415000000e-05
52,1.0400000000,25.1563969957,-1.168542000000e-04,6.063313000000e-05,-5.622103000000e-05
53,1.0600000000,25.6401738610,-1.163352000000e-04,6.063313000000e-05,-5.570208000000e-05
54,1.0800000000,26.1239507263,-1.156907000000e-04,6.063313000000e-05,-5.505758000000e-05
55,1.1000000000,26.6077275916,-1.149211000000e-04,6.063313000000e-05,-5.428793000000e-05
56,1.1200000000,27.0915044569,-1.140268000000e-04,6.063313000000e-05,-5.339368000000e-05
57,1.1400000000,27.5752813222,-1.130086000000e-04,6.063313000000e-05,-5.237546000000e-05
58,1.1600000000,28.0590581875,-1.118672000000e-04,6.063313000000e-05,-5.123405000000e-05
59,1.1800000000,28.5428350528,-1.106034000000e-04,6.063313000000e-05,-4.997031000000e-05
60,1.2000000000,29.0266119181,-1.092184000000e-04,6.063313000000e-05,-4.858525000000e-05
61,1.2200000000,29.5103887834,-1.077131000000e-04,6.063313000000e-05,-4.707997000000e-05
62,1.2400000000,29.9941656487,-1.060888000000e-04,6.063313000000e-05,-4.545570000000e-05
63,1.2600000000,30.4779425140,-1.043469000000e-04,6.063313000000e-05,-4.371377000000e-05
64,1.2800000000,30.9617193793,-1.024887000000e-04,6.063313000000e-05,-4.185561000000e-05
65,1.3000000000,31.4454962446,-1.005159000000e-04,6.063313000000e-05,-3.988277000000e-05
66,1.3200000000,31.9292731099,-9.843004000000e-05,6.063313000000e-05,-3.779691000000e-05
67,1.3400000000,32.4130499752,-9.623290000000e-05,6.063313000000e-05,-3.559977000000e-05
68,1.3600000000,32.8968268405,-9.392634000000e-05,6.063313000000e-05,-3.329321000000e-05
69,1.3800000000,33.3806037058,-9.151231000000e-05,6.063313000000e-05,-3.087918000000e-05
70,1.4000000000,33.8643805711,-8.899285000000e-05,6.063313000000e-05,-2.835972000000e-05
71,1.4200000000,34.3481574364,-8.637011000000e-05,6.063313000000e-05,-2.573698000000e-05
72,1.4400000000,34.8319343017,-8.364631000000e-05,6.063313000000e-05,-2.301318000000e-05
73,1.4600000000,35.3157111670,-8.082377000000e-05,6.063313000000e-05,-2.019064000000e-05
74,1.4800000000,35.7994880323,-7.790490000000e-05,6.063313000000e-05,-1.727177000000e-05
75,1.5000000000,36.2832648976,-7.489217000000e-05,6.063313000000e-05,-1.425904000000e-05
76,1.5200000000,36.7670417629,-7.178815000000e-05,6.063313000000e-05,-1.115502000000e-05
77,1.5400000000,37.2508186282,-6.859548000000e-05,6.063313000000e-05,-7.962346000000e-06
78,1.5600000000,37.7345954935,-6.531687000000e-05,6.063313000000e-05,-4.683734000000e-06
79,1.5800000000,38.2183723588,-6.195509000000e-05,6.063313000000e-05,-1.321962000000e-06
80,1.6000000000,38.7021492241,-5.851301000000e-05,6.063313000000e-05,2.120123000000e-06
81,1.6200000000,39.1859260894,-5.499352000000e-05,6.063313000000e-05,5.639608000000e-06
82,1.6400000000,39.6697029547,-5.139961000000e-05,6.063313000000e-05,9.233523000000e-06
83,1.6600000000,40.1534798200,-4.773429000000e-05,6.063313000000e-05,1.289884000000e-05
84,1.6800000000,40.6372566853,-4.400065000000e-05,6.063313000000e-05,1.663248000000e-05
85,1.7000000000,41.1210335506,-4.020183000000e-05,6.063313000000e-05,2.043131000000e-05
86,1.7200000000,41.6048104159,-3.634099000000e-05,6.063313000000e-05,2.429214000000e-05
87,1.7400000000,42.0885872812,-3.242136000000e-05,6.063313000000e-05,2.821178000000e-05
88,1.7600000000,42.5723641465,-2.844620000000e-05,6.063313000000e-05,3.218694000000e-05
89,1.7800000000,43.0561410118,-2.441880000000e-05,6.063313000000e-05,3.621433000000e-05
90,1.8000000000,43.5399178771,-2.034250000000e-05,6.063313000000e-05,4.029063000000e-05
91,1.8200000000,44.0236947424,-1.622066000000e-05,6.063313000000e-05,4.441248000000e-05
92,1.8400000000,44.5074716077,-1.205665000000e-05,6.063313000000e-05,4.857648000000e-05
93,1.8600000000,44.9912484730,-7.853893000000e-06,6.063313000000e-05,5.277924000000e-05
94,1.8800000000,45.4750253383,-3.615807000000e-06,6.063313000000e-05,5.701732000000e-05
95,1.9000000000,45.9588022036,6.541640000000e-07,6.063313000000e-05,6.128730000000e-05
96,1.9200000000,46.4425790689,4.952567000000e-06,6.063313000000e-05,6.558570000000e-05
97,1.9400000000,46.9263559342,9.275940000000e-06,6.063313000000e-05,6.990907000000e-05
98,1.9600000000,47.4101327995,1.362081000000e-05,6.063313000000e-05,7.425395000000e-05
99,1.9800000000,47.8939096648,1.798372000000e-05,6.063313000000e-05,7.861685000000e-05
100,2.0000000000,48.3776865301,2.236119000000e-05,6.063313000000e-05,8.299432000000e-05
101,2.0200000000,48.8614633954,2.674975000000e-05,6.063313000000e-05,8.738288000000e-05
102,2.0400000000,49.3452402607,3.114596000000e-05,6.063313000000e-05,9.177909000000e-05
103,2.0600000000,49.8290171260,3.554636000000e-05,6.063313000000e-05,9.617949000000e-05
104,2.0800000000,50.3127939913,3.994752000000e-05,6.063313000000e-05,1.005807000000e-04
105,2.1000000000,50.7965708566,4.434603000000e-05,6.063313000000e-05,1.049792000000e-04
106,2.1200000000,51.2803477219,4.873850000000e-05,6.063313000000e-05,1.093716000000e-04
107,2.1400000000,51.7641245872,5.312154000000e-05,6.063313000000e-05,1.137547000000e-04
108,2.1600000000,52.2479014525,5.749182000000e-05,6.063313000000e-05,1.181249000000e-04
109,2.1800000000,52.7316783178,6.184601000000e-05,6.063313000000e-05,1.224791000000e-04
110,2.2000000000,53.2154551831,6.618083000000e-05,6.063313000000e-05,1.268140000000e-04
111,2.2200000000,53.6992320484,7.049303000000e-05,6.063313000000e-05,1.311262000000e-04
112,2.2400000000,54.1830089137,7.477939000000e-05,6.063313000000e-05,1.354125000000e-04
113,2.2600000000,54.6667857790,7.903673000000e-05,6.063313000000e-05,1.396699000000e-04
114,2.2800000000,55.1505626443,8.326192000000e-05,6.063313000000e-05,1.438951000000e-04
115,2.3000000000,55.6343395096,8.745188000000e-05,6.063313000000e-05,1.480850000000e-04
116,2.3200000000,56.1181163749,9.160355000000e-05,6.063313000000e-05,1.522367000000e-04
117,2.3400000000,56.6018932402,9.571393000000e-05,6.063313000000e-05,1.563471000000e-04
118,2.3600000000,57.0856701055,9.978010000000e-05,6.063313000000e-05,1.604132000000e-04
119,2.3800000000,57.5694469708,1.037992000000e-04,6.063313000000e-05,1.644323000000e-04
120,2.4000000000,58.0532238361,1.077683000000e-04,6.063313000000e-05,1.684014000000e-04
121,2.4200000000,58.5370007014,1.116846000000e-04,6.063313000000e-05,1.723178000000e-04
122,2.4400000000,59.0207775667,1.155456000000e-04,6.063313000000e-05,1.761787000000e-04
123,2.4600000000,59.5045544320,1.193484000000e-04,6.063313000000e-05,1.799815000000e-04
124,2.4800000000,59.9883312973,1.230905000000e-04,6.063313000000e-05,1.837237000000e-04
125,2.5000000000,60.4721081626,1.267694000000e-04,6.063313000000e-05,1.874026000000e-04
126,2.5200000000,60.9558850279,1.303827000000e-04,6.063313000000e-05,1.910158000000e-04
127,2.5400000000,61.4396618932,1.339278000000e-04,6.063313000000e-05,1.945609000000e-04
128,2.5600000000,61.9234387585,1.374025000000e-04,6.063313000000e-05,1.980356000000e-04
129,2.5800000000,62.4072156238,1.408045000000e-04,6.063313000000e-05,2.014377000000e-04
130,2.6000000000,62.8909924891,1.441317000000e-04,6.063313000000e-05,2.047649000000e-04
131,2.6200000000,63.3747693544,1.473819000000e-04,6.063313000000e-05,2.080151000000e-04
132,2.6400000000,63.8585462197,1.505532000000e-04,6.063313000000e-05,2.111863000000e-04
133,2.6600000000,64.3423230850,1.536434000000e-04,6.063313000000e-05,2.142765000000e-04
134,2.6800000000,64.8260999503,1.566508000000e-04,6.063313000000e-05,2.172839000000e-04
135,2.7000000000,65.3098768156,1.595735000000e-04,6.063313000000e-05,2.202067000000e-04
136,2.7200000000,65.7936536809,1.624099000000e-04,6.063313000000e-05,2.230430000000e-04
137,2.7400000000,66.2774305462,1.651581000000e-04,6.063313000000e-05,2.257913000000e-04
138,2.7600000000,66.7612074115,1.678168000000e-04,6.063313000000e-05,2.284500000000e-04
139,2.7800000000,67.2449842768,1.703844000000e-04,6.063313000000e-05,2.310175000000e-04
140,2.8000000000,67.7287611421,1.728594000000e-04,6.063313000000e-05,2.334926000000e-04
141,2.8200000000,68.2125380074,1.752406000000e-04,6.063313000000e-05,2.358738000000e-04
142,2.8400000000,68.6963148727,1.775267000000e-04,6.063313000000e-05,2.381598000000e-04
143,2.8600000000,69.1800917380,1.797165000000e-04,6.063313000000e-05,2.403497000000e-04
144,2.8800000000,69.6638686033,1.818090000000e-04,6.063313000000e-05,2.424422000000e-04
145,2.9000000000,70.1476454686,1.838032000000e-04,6.063313000000e-05,2.444363000000e-04
146,2.9200000000,70.6314223339,1.856980000000e-04,6.063313000000e-05,2.463312000000e-04
147,2.9400000000,71.1151991992,1.874928000000e-04,6.063313000000e-05,2.481259000000e-04
148,2.9600000000,71.5989760645,1.891867000000e-04,6.063313000000e-05,2.498198000000e-04
149,2.9800000000,72.0827529298,1.907790000000e-04,6.063313000000e-05,2.514121000000e-04
150,3.0000000000,72.5665297952,1.922692000000e-04,6.063313000000e-05,2.529024000000e-04
151,3.0200000000,73.0503066605,1.936568000000e-04,6.063313000000e-05,2.542900000000e-04
152,3.0400000000,73.5340835258,1.949414000000e-04,6.063313000000e-05,2.555745000000e-04
153,3.0600000000,74.0178603911,1.961225000000e-04,6.063313000000e-05,2.567556000000e-04
154,3.0800000000,74.5016372564,1.972000000000e-04,6.063313000000e-05,2.578331000000e-04
155,3.1000000000,74.9854141217,1.981736000000e-04,6.063313000000e-05,2.588067000000e-04
156,3.1200000000,75.4691909870,1.990432000000e-04,6.063313000000e-05,2.596763000000e-04
157,3.1400000000,75.9529678523,1.998089000000e-04,6.063313000000e-05,2.604420000000e-04
158,3.1600000000,76.4367447176,2.004706000000e-04,6.063313000000e-05,2.611037000000e-04
159,3.1800000000,76.9205215829,2.010285000000e-04,6.063313000000e-05,2.616616000000e-04
160,3.2000000000,77.4042984482,2.014827000000e-04,6.063313000000e-05,2.621159000000e-04
161,3.2200000000,77.8880753135,2.018337000000e-04,6.063313000000e-05,2.624668000000e-04
162,3.2400000000,78.3718521788,2.020817000000e-04,6.063313000000e-05,2.627148000000e-04
163,3.2600000000,78.8556290441,2.022271000000e-04,6.063313000000e-05,2.628603000000e-04
164,3.2800000000,79.3394059094,2.022705000000e-04,6.063313000000e-05,2.629036000000e-04
165,3.3000000000,79.8231827747,2.022124000000e-04,6.063313000000e-05,2.628455000000e-04
166,3.3200000000,80.3069596400,2.020534000000e-04,6.063313000000e-05,2.626865000000e-04
167,3.3400000000,80.7907365053,2.017943000000e-04,6.063313000000e-05,2.624274000000e-04
168,3.3600000000,81.2745133706,2.014358000000e-04,6.063313000000e-05,2.620689000000e-04
169,3.3800000000,81.7582902359,2.009788000000e-04,6.063313000000e-05,2.616119000000e-04
170,3.4000000000,82.2420671012,2.004241000000e-04,6.063313000000e-05,2.610572000000e-04
171,3.4200000000,82.7258439665,1.997727000000e-04,6.063313000000e-05,2.604059000000e-04
172,3.4400000000,83.2096208318,1.990257000000e-04,6.063313000000e-05,2.596588000000e-04
173,3.4600000000,83.6933976971,1.981841000000e-04,6.063313000000e-05,2.588172000000e-04
174,3.4800000000,84.1771745624,1.972490000000e-04,6.063313000000e-05,2.578821000000e-04
175,3.5000000000,84.6609514277,1.962216000000e-04,6.063313000000e-05,2.568547000000e-04
176,3.5200000000,85.1447282930,1.951032000000e-04,6.063313000000e-05,2.557363000000e-04
177,3.5400000000,85.6285051583,1.938950000000e-04,6.063313000000e-05,2.545282000000e-04
178,3.5600000000,86.1122820236,1.925985000000e-04,6.063313000000e-05,2.532316000000e-04
179,3.5800000000,86.5960588889,1.912149000000e-04,6.063313000000e-05,2.518480000000e-04
180,3.6000000000,87.0798357542,1.897457000000e-04,6.063313000000e-05,2.503788000000e-04
181,3.6200000000,87.5636126195,1.881923000000e-04,6.063313000000e-05,2.488255000000e-04
182,3.6400000000,88.0473894848,1.865563000000e-04,6.063313000000e-05,2.471895000000e-04
183,3.6600000000,88.5311663501,1.848393000000e-04,6.063313000000e-05,2.454724000000e-04
184,3.6800000000,89.0149432154,1.830427000000e-04,6.063313000000e-05,2.436759000000e-04
185,3.7000000000,89.4987200807,1.811683000000e-04,6.063313000000e-05,2.418014000000e-04
186,3.7200000000,89.9824969460,1.792175000000e-04,6.063313000000e-05,2.398507000000e-04
187,3.7400000000,90.4662738113,1.771923000000e-04,6.063313000000e-05,2.378254000000e-04
188,3.7600000000,90.9500506766,1.750941000000e-04,6.063313000000e-05,2.357272000000e-04
189,3.7800000000,91.4338275419,1.729247000000e-04,6.063313000000e-05,2.335579000000e-04
190,3.8000000000,91.9176044072,1.706860000000e-04,6.063313000000e-05,2.313191000000e-04
191,3.8200000000,92.4013812725,1.683796000000e-04,6.063313000000e-05,2.290127000000e-04
192,3.8400000000,92.8851581378,1.660073000000e-04,6.063313000000e-05,2.266404000000e-04
193,3.8600000000,93.3689350031,1.635709000000e-04,6.063313000000e-05,2.242040000000e-04
194,3.8800000000,93.8527118684,1.610722000000e-04,6.063313000000e-05,2.217053000000e-04
195,3.9000000000,94.3364887337,1.585130000000e-04,6.063313000000e-05,2.191462000000e-04
196,3.9200000000,94.8202655990,1.558952000000e-04,6.063313000000e-05,2.165284000000e-04
197,3.9400000000,95.3040424643,1.532206000000e-04,6.063313000000e-05,2.138537000000e-04
198,3.9600000000,95.7878193296,1.504909000000e-04,6.063313000000e-05,2.111241000000e-04
199,3.9800000000,96.2715961949,1.477081000000e-04,6.063313000000e-05,2.083413000000e-04
200,4.0000000000,96.7553730602,1.448740000000e-04,6.063313000000e-05,2.055071000000e-04
201,4.0200000000,97.2391499255,1.419903000000e-04,6.063313000000e-05,2.026234000000e-04
202,4.0400000000,97.7229267908,1.390589000000e-04,6.063313000000e-05,1.996920000000e-04
203,4.0600000000,98.2067036561,1.360816000000e-04,6.063313000000e-05,1.967147000000e-04
204,4.0800000000,98.6904805214,1.330602000000e-04,6.063313000000e-05,1.936933000000e-04
205,4.1000000000,99.1742573867,1.299965000000e-04,6.063313000000e-05,1.906296000000e-04
206,4.1200000000,99.6580342520,1.268923000000e-04,6.063313000000e-05,1.875254000000e-04
207,4.1400000000,100.1418111173,1.237493000000e-04,6.063313000000e-05,1.843824000000e-04
208,4.1600000000,100.6255879826,1.205692000000e-04,6.063313000000e-05,1.812024000000e-04
209,4.1800000000,101.1093648479,1.173539000000e-04,6.063313000000e-05,1.779870000000e-04
210,4.2000000000,101.5931417132,1.141050000000e-04,6.063313000000e-05,1.747381000000e-04
211,4.2200000000,102.0769185785,1.108241000000e-04,6.063313000000e-05,1.714572000000e-04
212,4.2400000000,102.5606954438,1.075129000000e-04,6.063313000000e-05,1.681461000000e-04
213,4.2600000000,103.0444723091,1.041732000000e-04,6.063313000000e-05,1.648063000000e-04
214,4.2800000000,103.5282491744,1.008063000000e-04,6.063313000000e-05,1.614395000000e-04
215,4.3000000000,104.0120260397,9.741407000000e-05,6.063313000000e-05,1.580472000000e-04
216,4.3200000000,104.4958029050,9.399790000000e-05,6.063313000000e-05,1.546310000000e-04
217,4.3400000000,104.9795797703,9.055934000000e-05,6.063313000000e-05,1.511925000000e-04
218,4.3600000000,105.4633566356,8.709988000000e-05,6.063313000000e-05,1.477330000000e-04
219,4.3800000000,105.9471335009,8.362099000000e-05,6.063313000000e-05,1.442541000000e-04
220,4.4000000000,106.4309103662,8.012409000000e-05,6.063313000000e-05,1.407572000000e-04
221,4.4200000000,106.9146872315,7.661056000000e-05,6.063313000000e-05,1.372437000000e-04
222,4.4400000000,107.3984640968,7.308178000000e-05,6.063313000000e-05,1.337149000000e-04
223,4.4600000000,107.8822409621,6.953905000000e-05,6.063313000000e-05,1.301722000000e-04
224,4.4800000000,108.3660178274,6.598367000000e-05,6.063313000000e-05,1.266168000000e-04
225,4.5000000000,108.8497946927,6.241690000000e-05,6.063313000000e-05,1.230500000000e-04
226,4.5200000000,109.3335715580,5.883995000000e-05,6.063313000000e-05,1.194731000000e-04
227,4.5400000000,109.8173484233,5.525401000000e-05,6.063313000000e-05,1.158871000000e-04
228,4.5600000000,110.3011252886,5.166022000000e-05,6.063313000000e-05,1.122933000000e-04
229,4.5800000000,110.7849021539,4.805969000000e-05,6.063313000000e-05,1.086928000000e-04
230,4.6000000000,111.2686790192,4.445350000000e-05,6.063313000000e-05,1.050866000000e-04
231,4.6200000000,111.7524558845,4.084268000000e-05,6.063313000000e-05,1.014758000000e-04
232,4.6400000000,112.2362327498,3.722826000000e-05,6.063313000000e-05,9.786139000000e-05
233,4.6600000000,112.7200096151,3.361118000000e-05,6.063313000000e-05,9.424431000000e-05
234,4.6800000000,113.2037864804,2.999238000000e-05,6.063313000000e-05,9.062552000000e-05
235,4.7000000000,113.6875633457,2.637278000000e-05,6.063313000000e-05,8.700591000000e-05
236,4.7200000000,114.1713402110,2.275322000000e-05,6.063313000000e-05,8.338635000000e-05
237,4.7400000000,114.6551170763,1.913454000000e-05,6.063313000000e-05,7.976768000000e-05
238,4.7600000000,115.1388939416,1.551755000000e-05,6.063313000000e-05,7.615068000000e-05
239,4.7800000000,115.6226708069,1.190301000000e-05,6.063313000000e-05,7.253614000000e-05
240,4.8000000000,116.1064476722,8.291644000000e-06,6.063313000000e-05,6.892478000000e-05
241,4.8200000000,116.5902245375,4.684172000000e-06,6.063313000000e-05,6.531730000000e-05
242,4.8400000000,117.0740014028,1.081263000000e-06,6.063313000000e-05,6.171440000000e-05
243,4.8600000000,117.5577782681,-2.516436000000e-06,6.063313000000e-05,5.811670000000e-05
244,4.8800000000,118.0415551334,-6.108309000000e-06,6.063313000000e-05,5.452482000000e-05
245,4.9000000000,118.5253319987,-9.693764000000e-06,6.063313000000e-05,5.093937000000e-05
246,4.9200000000,119.0091088640,-1.327224000000e-05,6.063313000000e-05,4.736089000000e-05
247,4.9400000000,119.4928857293,-1.684320000000e-05,6.063313000000e-05,4.378994000000e-05
248,4.9600000000,119.9766625946,-2.040612000000e-05,6.063313000000e-05,4.022701000000e-05
249,4.9800000000,120.4604394599,-2.396052000000e-05,6.063313000000e-05,3.667262000000e-05
250,5.0000000000,120.9442163252,-2.750592000000e-05,6.063313000000e-05,3.312721000000e-05
251,5.0200000000,121.4279931906,-3.104189000000e-05,6.063313000000e-05,2.959125000000e-05
252,5.0400000000,121.9117700559,-3.456798000000e-05,6.063313000000e-05,2.606515000000e-05
253,5.0600000000,122.3955469212,-3.808380000000e-05,6.063313000000e-05,2.254933000000e-05
254,5.0800000000,122.8793237865,-4.158896000000e-05,6.063313000000e-05,1.904417000000e-05
255,5.1000000000,123.3631006518,-4.508307000000e-05,6.063313000000e-05,1.555006000000e-05
256,5.1200000000,123.8468775171,-4.856579000000e-05,6.063313000000e-05,1.206734000000e-05
257,5.1400000000,124.3306543824,-5.203676000000e-05,6.063313000000e-05,8.596367000000e-06
258,5.1600000000,124.8144312477,-5.549567000000e-05,6.063313000000e-05,5.137461000000e-06
259,5.1800000000,125.2982081130,-5.894219000000e-05,6.063313000000e-05,1.690941000000e-06
260,5.2000000000,125.7819849783,-6.237602000000e-05,6.063313000000e-05,-1.742886000000e-06
261,5.2200000000,126.2657618436,-6.579686000000e-05,6.063313000000e-05,-5.163727000000e-06
262,5.2400000000,126.7495387089,-6.920443000000e-05,6.063313000000e-05,-8.571296000000e-06
263,5.2600000000,127.2333155742,-7.259845000000e-05,6.063313000000e-05,-1.196532000000e-05
264,5.2800000000,127.7170924395,-7.597865000000e-05,6.063313000000e-05,-1.534552000000e-05
265,5.3000000000,128.2008693048,-7.934477000000e-05,6.063313000000e-05,-1.871164000000e-05
266,5.3200000000,128.6846461701,-8.269656000000e-05,6.063313000000e-05,-2.206343000000e-05
267,5.3400000000,129.1684230354,-8.603376000000e-05,6.063313000000e-05,-2.540062000000e-05
268,5.3600000000,129.6521999007,-8.935612000000e-05,6.063313000000e-05,-2.872299000000e-05
269,5.3800000000,130.1359767660,-9.266340000000e-05,6.063313000000e-05,-3.203027000000e-05
270,5.4000000000,130.6197536313,-9.595535000000e-05,6.063313000000e-05,-3.532222000000e-05
271,5.4200000000,131.1035304966,-9.923175000000e-05,6.063313000000e-05,-3.859861000000e-05
272,5.4400000000,131.5873073619,-1.024923000000e-04,6.063313000000e-05,-4.185920000000e-05
273,5.4600000000,132.0710842272,-1.057369000000e-04,6.063313000000e-05,-4.510375000000e-05
274,5.4800000000,132.5548610925,-1.089651000000e-04,6.063313000000e-05,-4.833201000000e-05
275,5.5000000000,133.0386379578,-1.121769000000e-04,6.063313000000e-05,-5.154375000000e-05
276,5.5200000000,133.5224148231,-1.153719000000e-04,6.063313000000e-05,-5.473872000000e-05
277,5.5400000000,134.0061916884,-1.185498000000e-04,6.063313000000e-05,-5.791668000000e-05
278,5.5600000000,134.4899685537,-1.217105000000e-04,6.063313000000e-05,-6.107738000000e-05
279,5.5800000000,134.9737454190,-1.248537000000e-04,6.063313000000e-05,-6.422058000000e-05
280,5.6000000000,135.4575222843,-1.279791000000e-04,6.063313000000e-05,-6.734601000000e-05
281,5.6200000000,135.9412991496,-1.310866000000e-04,6.063313000000e-05,-7.045342000000e-05
282,5.6400000000,136.4250760149,-1.341757000000e-04,6.063313000000e-05,-7.354255000000e-05
283,5.6600000000,136.9088528802,-1.372463000000e-04,6.063313000000e-05,-7.661312000000e-05
284,5.6800000000,137.3926297455,-1.402980000000e-04,6.063313000000e-05,-7.966488000000e-05
285,5.7000000000,137.8764066108,-1.433307000000e-04,6.063313000000e-05,-8.269753000000e-05
286,5.7200000000,138.3601834761,-1.463439000000e-04,6.063313000000e-05,-8.571079000000e-05
287,5.7400000000,138.8439603414,-1.493375000000e-04,6.063313000000e-05,-8.870438000000e-05
288,5.7600000000,139.3277372067,-1.523111000000e-04,6.063313000000e-05,-9.167801000000e-05
289,5.7800000000,139.8115140720,-1.552645000000e-04,6.063313000000e-05,-9.463136000000e-05
290,5.8000000000,140.2952909373,-1.581973000000e-04,6.063313000000e-05,-9.756413000000e-05
291,5.8200000000,140.7790678026,-1.611091000000e-04,6.063313000000e-05,-1.004760000000e-04
292,5.8400000000,141.2628446679,-1.639998000000e-04,6.063313000000e-05,-1.033667000000e-04
293,5.8600000000,141.7466215332,-1.668689000000e-04,6.063313000000e-05,-1.062358000000e-04
294,5.8800000000,142.2303983985,-1.697161000000e-04,6.063313000000e-05,-1.090830000000e-04
295,5.9000000000,142.7141752638,-1.725411000000e-04,6.063313000000e-05,-1.119080000000e-04
296,5.9200000000,143.1979521291,-1.753435000000e-04,6.063313000000e-05,-1.147104000000e-04
297,5.9400000000,143.6817289944,-1.781230000000e-04,6.063313000000e-05,-1.174899000000e-04
298,5.9600000000,144.1655058597,-1.808792000000e-04,6.063313000000e-05,-1.202461000000e-04
299,5.9800000000,144.6492827250,-1.836117000000e-04,6.063313000000e-05,-1.229786000000e-04
300,6.0000000000,145.1330595903,-1.863201000000e-04,6.063313000000e-05,-1.256870000000e-04
301,6.0200000000,145.6168364556,-1.890041000000e-04,6.063313000000e-05,-1.283710000000e-04
302,6.0400000000,146.1006133209,-1.916633000000e-04,6.063313000000e-05,-1.310302000000e-04
303,6.0600000000,146.5843901862,-1.942972000000e-04,6.063313000000e-05,-1.336641000000e-04
304,6.0800000000,147.0681670515,-1.969055000000e-04,6.063313000000e-05,-1.362723000000e-04
305,6.1000000000,147.5519439168,-1.994877000000e-04,6.063313000000e-05,-1.388545000000e-04
306,6.1200000000,148.0357207821,-2.020433000000e-04,6.063313000000e-05,-1.414102000000e-04
307,6.1400000000,148.5194976474,-2.045721000000e-04,6.063313000000e-05,-1.439390000000e-04
308,6.1600000000,149.0032745127,-2.070735000000e-04,6.063313000000e-05,-1.464403000000e-04
309,6.1800000000,149.4870513780,-2.095470000000e-04,6.063313000000e-05,-1.489139000000e-04
310,6.2000000000,149.9708282433,-2.119923000000e-04,6.063313000000e-05,-1.513591000000e-04
311,6.2200000000,150.4546051086,-2.144088000000e-04,6.063313000000e-05,-1.537757000000e-04
312,6.2400000000,150.9383819739,-2.167961000000e-04,6.063313000000e-05,-1.561630000000e-04
313,6.2600000000,151.4221588392,-2.191537000000e-04,6.063313000000e-05,-1.585206000000e-04
314,6.2800000000,151.9059357045,-2.214811000000e-04,6.063313000000e-05,-1.608480000000e-04
315,6.3000000000,152.3897125698,-2.237778000000e-04,6.063313000000e-05,-1.631447000000e-04
316,6.3200000000,152.8734894351,-2.260434000000e-04,6.063313000000e-05,-1.654102000000e-04
317,6.3400000000,153.3572663004,-2.282772000000e-04,6.063313000000e-05,-1.676441000000e-04
318,6.3600000000,153.8410431657,-2.304788000000e-04,6.063313000000e-05,-1.698457000000e-04
319,6.3800000000,154.3248200310,-2.326477000000e-04,6.063313000000e-05,-1.720146000000e-04
320,6.4000000000,154.8085968963,-2.347833000000e-04,6.063313000000e-05,-1.741502000000e-04
321,6.4200000000,155.2923737616,-2.368851000000e-04,6.063313000000e-05,-1.762519000000e-04
322,6.4400000000,155.7761506269,-2.389525000000e-04,6.063313000000e-05,-1.783194000000e-04
323,6.4600000000,156.2599274922,-2.409850000000e-04,6.063313000000e-05,-1.803519000000e-04
324,6.4800000000,156.7437043575,-2.429820000000e-04,6.063313000000e-05,-1.823489000000e-04
325,6.5000000000,157.2274812228,-2.449430000000e-04,6.063313000000e-05,-1.843099000000e-04
326,6.5200000000,157.7112580881,-2.468674000000e-04,6.063313000000e-05,-1.862343000000e-04
327,6.5400000000,158.1950349534,-2.487545000000e-04,6.063313000000e-05,-1.881214000000e-04
328,6.5600000000,158.6788118187,-2.506039000000e-04,6.063313000000e-05,-1.899708000000e-04
329,6.5800000000,159.1625886840,-2.524149000000e-04,6.063313000000e-05,-1.917817000000e-04
330,6.6000000000,159.6463655493,-2.541868000000e-04,6.063313000000e-05,-1.935537000000e-04
331,6.6200000000,160.1301424146,-2.559192000000e-04,6.063313000000e-05,-1.952861000000e-04
332,6.6400000000,160.6139192799,-2.576114000000e-04,6.063313000000e-05,-1.969782000000e-04
333,6.6600000000,161.0976961452,-2.592627000000e-04,6.063313000000e-05,-1.986296000000e-04
334,6.6800000000,161.5814730105,-2.608726000000e-04,6.063313000000e-05,-2.002394000000e-04
335,6.7000000000,162.0652498758,-2.624404000000e-04,6.063313000000e-05,-2.018072000000e-04
336,6.7200000000,162.5490267411,-2.639655000000e-04,6.063313000000e-05,-2.033323000000e-04
337,6.7400000000,163.0328036064,-2.654472000000e-04,6.063313000000e-05,-2.048140000000e-04
338,6.7600000000,163.5165804717,-2.668849000000e-04,6.063313000000e-05,-2.062518000000e-04
339,6.7800000000,164.0003573370,-2.682780000000e-04,6.063313000000e-05,-2.076449000000e-04
340,6.8000000000,164.4841342023,-2.696258000000e-04,6.063313000000e-05,-2.089927000000e-04
341,6.8200000000,164.9679110676,-2.709277000000e-04,6.063313000000e-05,-2.102946000000e-04
342,6.8400000000,165.4516879329,-2.721830000000e-04,6.063313000000e-05,-2.115499000000e-04
343,6.8600000000,165.9354647982,-2.733911000000e-04,6.063313000000e-05,-2.127579000000e-04
344,6.8800000000,166.4192416635,-2.745512000000e-04,6.063313000000e-05,-2.139181000000e-04
345,6.9000000000,166.9030185288,-2.756629000000e-04,6.063313000000e-05,-2.150297000000e-04
346,6.9200000000,167.3867953941,-2.767253000000e-04,6.063313000000e-05,-2.160922000000e-04
347,6.9400000000,167.8705722594,-2.777379000000e-04,6.063313000000e-05,-2.171048000000e-04
348,6.9600000000,168.3543491247,-2.787000000000e-04,6.063313000000e-05,-2.180669000000e-04
349,6.9800000000,168.8381259900,-2.796110000000e-04,6.063313000000e-05,-2.189778000000e-04
350,7.0000000000,169.3219028554,-2.804701000000e-04,6.063313000000e-05,-2.198370000000e-04
351,7.0200000000,169.8056797207,-2.812769000000e-04,6.063313000000e-05,-2.206438000000e-04
352,7.0400000000,170.2894565860,-2.820306000000e-04,6.063313000000e-05,-2.213975000000e-04
353,7.0600000000,170.7732334513,-2.827306000000e-04,6.063313000000e-05,-2.220975000000e-04
354,7.0800000000,171.2570103166,-2.833764000000e-04,6.063313000000e-05,-2.227432000000e-04
355,7.1000000000,171.7407871819,-2.839672000000e-04,6.063313000000e-05,-2.233341000000e-04
356,7.1200000000,172.2245640472,-2.845025000000e-04,6.063313000000e-05,-2.238694000000e-04
357,7.1400000000,172.7083409125,-2.849817000000e-04,6.063313000000e-05,-2.243486000000e-04
358,7.1600000000,173.1921177778,-2.854043000000e-04,6.063313000000e-05,-2.247711000000e-04
359,7.1800000000,173.6758946431,-2.857695000000e-04,6.063313000000e-05,-2.251364000000e-04
360,7.2000000000,174.1596715084,-2.860770000000e-04,6.063313000000e-05,-2.254438000000e-04
361,7.2200000000,174.6434483737,-2.863261000000e-04,6.063313000000e-05,-2.256929000000e-04
362,7.2400000000,175.1272252390,-2.865163000000e-04,6.063313000000e-05,-2.258831000000e-04
363,7.2600000000,175.6110021043,-2.866471000000e-04,6.063313000000e-05,-2.260139000000e-04
364,7.2800000000,176.0947789696,-2.867180000000e-04,6.063313000000e-05,-2.260848000000e-04
365,7.3000000000,176.5785558349,-2.867285000000e-04,6.063313000000e-05,-2.260954000000e-04
366,7.3200000000,177.0623327002,-2.866782000000e-04,6.063313000000e-05,-2.260451000000e-04
367,7.3400000000,177.5461095655,-2.865667000000e-04,6.063313000000e-05,-2.259335000000e-04
368,7.3600000000,178.0298864308,-2.863934000000e-04,6.063313000000e-05,-2.257603000000e-04
369,7.3800000000,178.5136632961,-2.861581000000e-04,6.063313000000e-05,-2.255250000000e-04
370,7.4000000000,178.9974401614,-2.858603000000e-04,6.063313000000e-05,-2.252272000000e-04
371,7.4200000000,179.4812170267,-2.854998000000e-04,6.063313000000e-05,-2.248667000000e-04
372,7.4400000000,179.9649938920,-2.850761000000e-04,6.063313000000e-05,-2.244430000000e-04
373,7.4600000000,180.4487707573,-2.845891000000e-04,6.063313000000e-05,-2.239559000000e-04
374,7.4800000000,180.9325476226,-2.840384000000e-04,6.063313000000e-05,-2.234052000000e-04
375,7.5000000000,181.4163244879,-2.834238000000e-04,6.063313000000e-05,-2.227906000000e-04
376,7.5200000000,181.9001013532,-2.827451000000e-04,6.063313000000e-05,-2.221119000000e-04
377,7.5400000000,182.3838782185,-2.820021000000e-04,6.063313000000e-05,-2.213689000000e-04
378,7.5600000000,182.8676550838,-2.811947000000e-04,6.063313000000e-05,-2.205616000000e-04
379,7.5800000000,183.3514319491,-2.803228000000e-04,6.063313000000e-05,-2.196897000000e-04
380,7.6000000000,183.8352088144,-2.793863000000e-04,6.063313000000e-05,-2.187532000000e-04
381,7.6200000000,184.3189856797,-2.783852000000e-04,6.063313000000e-05,-2.177521000000e-04
382,7.6400000000,184.8027625450,-2.773195000000e-04,6.063313000000e-05,-2.166864000000e-04
383,7.6600000000,185.2865394103,-2.761892000000e-04,6.063313000000e-05,-2.155561000000e-04
384,7.6800000000,185.7703162756,-2.749944000000e-04,6.063313000000e-05,-2.143613000000e-04
385,7.7000000000,186.2540931409,-2.737352000000e-04,6.063313000000e-05,-2.131021000000e-04
386,7.7200000000,186.7378700062,-2.724118000000e-04,6.063313000000e-05,-2.117787000000e-04
387,7.7400000000,187.2216468715,-2.710243000000e-04,6.063313000000e-05,-2.103912000000e-04
388,7.7600000000,187.7054237368,-2.695730000000e-04,6.063313000000e-05,-2.089399000000e-04
389,7.7800000000,188.1892006021,-2.680582000000e-04,6.063313000000e-05,-2.074250000000e-04
390,7.8000000000,188.6729774674,-2.664801000000e-04,6.063313000000e-05,-2.058470000000e-04
391,7.8200000000,189.1567543327,-2.648392000000e-04,6.063313000000e-05,-2.042060000000e-04
392,7.8400000000,189.6405311980,-2.631358000000e-04,6.063313000000e-05,-2.025027000000e-04
393,7.8600000000,190.1243080633,-2.613704000000e-04,6.063313000000e-05,-2.007373000000e-04
394,7.8800000000,190.6080849286,-2.595435000000e-04,6.063313000000e-05,-1.989104000000e-04
395,7.9000000000,191.0918617939,-2.576556000000e-04,6.063313000000e-05,-1.970225000000e-04
396,7.9200000000,191.5756386592,-2.557073000000e-04,6.063313000000e-05,-1.950742000000e-04
397,7.9400000000,192.0594155245,-2.536992000000e-04,6.063313000000e-05,-1.930661000000e-04
398,7.9600000000,192.5431923898,-2.516320000000e-04,6.063313000000e-05,-1.909989000000e-04
399,7.9800000000,193.0269692551,-2.495064000000e-04,6.063313000000e-05,-1.888733000000e-04
400,8.0000000000,193.5107461204,-2.473232000000e-04,6.063313000000e-05,-1.866901000000e-04
401,8.0200000000,193.9945229857,-2.450831000000e-04,6.063313000000e-05,-1.844500000000e-04
402,8.0400000000,194.4782998510,-2.427871000000e-04,6.063313000000e-05,-1.821539000000e-04
403,8.0600000000,194.9620767163,-2.404359000000e-04,6.063313000000e-05,-1.798028000000e-04
404,8.0800000000,195.4458535816,-2.380307000000e-04,6.063313000000e-05,-1.773975000000e-04
405,8.1000000000,195.9296304469,-2.355722000000e-04,6.063313000000e-05,-1.749391000000e-04
406,8.1200000000,196.4134073122,-2.330617000000e-04,6.063313000000e-05,-1.724285000000e-04
407,8.1400000000,196.8971841775,-2.305001000000e-04,6.063313000000e-05,-1.698669000000e-04
408,8.1600000000,197.3809610428,-2.278885000000e-04,6.063313000000e-05,-1.672554000000e-04
409,8.1800000000,197.8647379081,-2.252282000000e-04,6.063313000000e-05,-1.645951000000e-04
410,8.2000000000,198.3485147734,-2.225203000000e-04,6.063313000000e-05,-1.618872000000e-04
411,8.2200000000,198.8322916387,-2.197661000000e-04,6.063313000000e-05,-1.591330000000e-04
412,8.2400000000,199.3160685040,-2.169669000000e-04,6.063313000000e-05,-1.563337000000e-04
413,8.2600000000,199.7998453693,-2.141240000000e-04,6.063313000000e-05,-1.534908000000e-04
414,8.2800000000,200.2836222346,-2.112387000000e-04,6.063313000000e-05,-1.506056000000e-04
415,8.3000000000,200.7673990999,-2.083126000000e-04,6.063313000000e-05,-1.476795000000e-04
416,8.3200000000,201.2511759652,-2.053470000000e-04,6.063313000000e-05,-1.447139000000e-04
417,8.3400000000,201.7349528305,-2.023435000000e-04,6.063313000000e-05,-1.417103000000e-04
418,8.3600000000,202.2187296958,-1.993035000000e-04,6.063313000000e-05,-1.386704000000e-04
419,8.3800000000,202.7025065611,-1.962287000000e-04,6.063313000000e-05,-1.355956000000e-04
420,8.4000000000,203.1862834264,-1.931207000000e-04,6.063313000000e-05,-1.324875000000e-04
421,8.4200000000,203.6700602917,-1.899810000000e-04,6.063313000000e-05,-1.293479000000e-04
422,8.4400000000,204.1538371570,-1.868114000000e-04,6.063313000000e-05,-1.261783000000e-04
423,8.4600000000,204.6376140223,-1.836137000000e-04,6.063313000000e-05,-1.229805000000e-04
424,8.4800000000,205.1213908876,-1.803894000000e-04,6.063313000000e-05,-1.197563000000e-04
425,8.5000000000,205.6051677529,-1.771405000000e-04,6.063313000000e-05,-1.165073000000e-04
426,8.5200000000,206.0889446182,-1.738686000000e-04,6.063313000000e-05,-1.132355000000e-04
427,8.5400000000,206.5727214835,-1.705757000000e-04,6.063313000000e-05,-1.099426000000e-04
428,8.5600000000,207.0564983488,-1.672636000000e-04,6.063313000000e-05,-1.066305000000e-04
429,8.5800000000,207.5402752141,-1.639343000000e-04,6.063313000000e-05,-1.033011000000e-04
430,8.6000000000,208.0240520794,-1.605895000000e-04,6.063313000000e-05,-9.995636000000e-05
431,8.6200000000,208.5078289447,-1.572313000000e-04,6.063313000000e-05,-9.659815000000e-05
432,8.6400000000,208.9916058100,-1.538616000000e-04,6.063313000000e-05,-9.322848000000e-05
433,8.6600000000,209.4753826753,-1.504825000000e-04,6.063313000000e-05,-8.984932000000e-05
434,8.6800000000,209.9591595406,-1.470958000000e-04,6.063313000000e-05,-8.646269000000e-05
435,8.7000000000,210.4429364059,-1.437037000000e-04,6.063313000000e-05,-8.307061000000e-05
436,8.7200000000,210.9267132712,-1.403083000000e-04,6.063313000000e-05,-7.967513000000e-05
437,8.7400000000,211.4104901365,-1.369115000000e-04,6.063313000000e-05,-7.627832000000e-05
438,8.7600000000,211.8942670018,-1.335154000000e-04,6.063313000000e-05,-7.288225000000e-05
439,8.7800000000,212.3780438671,-1.301222000000e-04,6.063313000000e-05,-6.948903000000e-05
440,8.8000000000,212.8618207324,-1.267339000000e-04,6.063313000000e-05,-6.610076000000e-05
441,8.8200000000,213.3455975977,-1.233527000000e-04,6.063313000000e-05,-6.271955000000e-05
442,8.8400000000,213.8293744630,-1.199807000000e-04,6.063313000000e-05,-5.934754000000e-05
443,8.8600000000,214.3131513283,-1.166200000000e-04,6.063313000000e-05,-5.598687000000e-05
444,8.8800000000,214.7969281936,-1.132728000000e-04,6.063313000000e-05,-5.263968000000e-05
445,8.9000000000,215.2807050589,-1.099413000000e-04,6.063313000000e-05,-4.930813000000e-05
446,8.9200000000,215.7644819242,-1.066275000000e-04,6.063313000000e-05,-4.599436000000e-05
447,8.9400000000,216.2482587895,-1.033337000000e-04,6.063313000000e-05,-4.270053000000e-05
448,8.9600000000,216.7320356548,-1.000620000000e-04,6.063313000000e-05,-3.942882000000e-05
449,8.9800000000,217.2158125201,-9.681450000000e-05,6.063313000000e-05,-3.618137000000e-05
450,9.0000000000,217.6995893854,-9.359347000000e-05,6.063313000000e-05,-3.296034000000e-05
451,9.0200000000,218.1833662508,-9.040103000000e-05,6.063313000000e-05,-2.976789000000e-05
452,9.0400000000,218.6671431161,-8.723931000000e-05,6.063313000000e-05,-2.660617000000e-05
453,9.0600000000,219.1509199814,-8.411046000000e-05,6.063313000000e-05,-2.347733000000e-05
454,9.0800000000,219.6346968467,-8.101662000000e-05,6.063313000000e-05,-2.038349000000e-05
455,9.1000000000,220.1184737120,-7.795992000000e-05,6.063313000000e-05,-1.732679000000e-05
456,9.1200000000,220.6022505773,-7.494247000000e-05,6.063313000000e-05,-1.430934000000e-05
457,9.1400000000,221.0860274426,-7.196638000000e-05,6.063313000000e-05,-1.133325000000e-05
458,9.1600000000,221.5698043079,-6.903374000000e-05,6.063313000000e-05,-8.400609000000e-06
459,9.1800000000,222.0535811732,-6.614662000000e-05,6.063313000000e-05,-5.513492000000e-06
460,9.2000000000,222.5373580385,-6.330709000000e-05,6.063313000000e-05,-2.673959000000e-06
461,9.2200000000,223.0211349038,-6.051718000000e-05,6.063313000000e-05,1.159498000000e-07
462,9.2400000000,223.5049117691,-5.777892000000e-05,6.063313000000e-05,2.854212000000e-06
463,9.2600000000,223.9886886344,-5.509430000000e-05,6.063313000000e-05,5.538828000000e-06
464,9.2800000000,224.4724654997,-5.246531000000e-05,6.063313000000e-05,8.167819000000e-06
465,9.3000000000,224.9562423650,-4.989390000000e-05,6.063313000000e-05,1.073923000000e-05
466,9.3200000000,225.4400192303,-4.738199000000e-05,6.063313000000e-05,1.325114000000e-05
467,9.3400000000,225.9237960956,-4.493150000000e-05,6.063313000000e-05,1.570163000000e-05
468,9.3600000000,226.4075729609,-4.254428000000e-05,6.063313000000e-05,1.808885000000e-05
469,9.3800000000,226.8913498262,-4.022220000000e-05,6.063313000000e-05,2.041094000000e-05
470,9.4000000000,227.3751266915,-3.796705000000e-05,6.063313000000e-05,2.266608000000e-05
471,9.4200000000,227.8589035568,-3.578062000000e-05,6.063313000000e-05,2.485251000000e-05
472,9.4400000000,228.3426804221,-3.366466000000e-05,6.063313000000e-05,2.696847000000e-05
473,9.4600000000,228.8264572874,-3.162088000000e-05,6.063313000000e-05,2.901225000000e-05
474,9.4800000000,229.3102341527,-2.965096000000e-05,6.063313000000e-05,3.098217000000e-05
475,9.5000000000,229.7940110180,-2.775653000000e-05,6.063313000000e-05,3.287660000000e-05
476,9.5200000000,230.2777878833,-2.593920000000e-05,6.063313000000e-05,3.469394000000e-05
477,9.5400000000,230.7615647486,-2.420051000000e-05,6.063313000000e-05,3.643262000000e-05
478,9.5600000000,231.2453416139,-2.254200000000e-05,6.063313000000e-05,3.809113000000e-05
479,9.5800000000,231.7291184792,-2.096514000000e-05,6.063313000000e-05,3.966799000000e-05
480,9.6000000000,232.2128953445,-1.947136000000e-05,6.063313000000e-05,4.116177000000e-05
481,9.6200000000,232.6966722098,-1.806205000000e-05,6.063313000000e-05,4.257108000000e-05
482,9.6400000000,233.1804490751,-1.673855000000e-05,6.063313000000e-05,4.389458000000e-05
483,9.6600000000,233.6642259404,-1.550216000000e-05,6.063313000000e-05,4.513097000000e-05
484,9.6800000000,234.1480028057,-1.435413000000e-05,6.063313000000e-05,4.627900000000e-05
485,9.7000000000,234.6317796710,-1.329565000000e-05,6.063313000000e-05,4.733748000000e-05
486,9.7200000000,235.1155565363,-1.232788000000e-05,6.063313000000e-05,4.830526000000e-05
487,9.7400000000,235.5993334016,-1.145191000000e-05,6.063313000000e-05,4.918122000000e-05
488,9.7600000000,236.0831102669,-1.066880000000e-05,6.063313000000e-05,4.996433000000e-05
489,9.7800000000,236.5668871322,-9.979535000000e-06,6.063313000000e-05,5.065360000000e-05
490,9.8000000000,237.0506639975,-9.385066000000e-06,6.063313000000e-05,5.124807000000e-05
491,9.8200000000,237.5344408628,-8.886280000000e-06,6.063313000000e-05,5.174685000000e-05
492,9.8400000000,238.0182177281,-8.484013000000e-06,6.063313000000e-05,5.214912000000e-05
493,9.8600000000,238.5019945934,-8.179045000000e-06,6.063313000000e-05,5.245409000000e-05
494,9.8800000000,238.9857714587,-7.972101000000e-06,6.063313000000e-05,5.266103000000e-05
495,9.9000000000,239.4695483240,-7.863850000000e-06,6.063313000000e-05,5.276928000000e-05
496,9.9200000000,239.9533251893,-7.854902000000e-06,6.063313000000e-05,5.277823000000e-05
497,9.9400000000,240.4371020546,-7.945813000000e-06,6.063313000000e-05,5.268732000000e-05
498,9.9600000000,240.9208789199,-8.137081000000e-06,6.063313000000e-05,5.249605000000e-05
499,9.9800000000,241.4046557852,-8.429142000000e-06,6.063313000000e-05,5.220399000000e-05
500,10.0000000000,241.8884326505,-8.822379000000e-06,6.063313000000e-05,5.181075000000e-05
501,10.0200000000,242.3722095158,-9.317114000000e-06,6.063313000000e-05,5.131602000000e-05
502,10.0400000000,242.8559863811,-9.913608000000e-06,6.063313000000e-05,5.071952000000e-05
503,10.0600000000,243.3397632464,-1.061206000000e-05,6.063313000000e-05,5.002107000000e-05
504,10.0800000000,243.8235401117,-1.141263000000e-05,6.063313000000e-05,4.922050000000e-05
505,10.1000000000,244.3073169770,-1.231539000000e-05,6.063313000000e-05,4.831775000000e-05
506,10.1200000000,244.7910938423,-1.332036000000e-05,6.063313000000e-05,4.731277000000e-05
507,10.1400000000,245.2748707076,-1.442752000000e-05,6.063313000000e-05,4.620562000000e-05
508,10.1600000000,245.7586475729,-1.563676000000e-05,6.063313000000e-05,4.499637000000e-05
509,10.1800000000,246.2424244382,-1.694794000000e-05,6.063313000000e-05,4.368520000000e-05
510,10.2000000000,246.7262013035,-1.836083000000e-05,6.063313000000e-05,4.227230000000e-05
511,10.2200000000,247.2099781688,-1.987517000000e-05,6.063313000000e-05,4.075796000000e-05
512,10.2400000000,247.6937550341,-2.149063000000e-05,6.063313000000e-05,3.914250000000e-05
513,10.2600000000,248.1775318994,-2.320680000000e-05,6.063313000000e-05,3.742633000000e-05
514,10.2800000000,248.6613087647,-2.502325000000e-05,6.063313000000e-05,3.560988000000e-05
515,10.3000000000,249.1450856300,-2.693945000000e-05,6.063313000000e-05,3.369368000000e-05
516,10.3200000000,249.6288624953,-2.895485000000e-05,6.063313000000e-05,3.167829000000e-05
517,10.3400000000,250.1126393606,-3.106880000000e-05,6.063313000000e-05,2.956433000000e-05
518,10.3600000000,250.5964162259,-3.328064000000e-05,6.063313000000e-05,2.735249000000e-05
519,10.3800000000,251.0801930912,-3.558961000000e-05,6.063313000000e-05,2.504352000000e-05
520,10.4000000000,251.5639699565,-3.799492000000e-05,6.063313000000e-05,2.263821000000e-05
521,10.4200000000,252.0477468218,-4.049572000000e-05,6.063313000000e-05,2.013742000000e-05
522,10.4400000000,252.5315236871,-4.309108000000e-05,6.063313000000e-05,1.754205000000e-05
523,10.4600000000,253.0153005524,-4.578004000000e-05,6.063313000000e-05,1.485309000000e-05
524,10.4800000000,253.4990774177,-4.856159000000e-05,6.063313000000e-05,1.207154000000e-05
525,10.5000000000,253.9828542830,-5.143464000000e-05,6.063313000000e-05,9.198497000000e-06
526,10.5200000000,254.4666311483,-5.439805000000e-05,6.063313000000e-05,6.235080000000e-06
527,10.5400000000,254.9504080136,-5.745066000000e-05,6.063313000000e-05,3.182477000000e-06
528,10.5600000000,255.4341848789,-6.059121000000e-05,6.063313000000e-05,4.192598000000e-08
529,10.5800000000,255.9179617442,-6.381842000000e-05,6.063313000000e-05,-3.185284000000e-06
530,10.6000000000,256.4017386095,-6.713094000000e-05,6.063313000000e-05,-6.497811000000e-06
531,10.6200000000,256.8855154748,-7.052740000000e-05,6.063313000000e-05,-9.894263000000e-06
532,10.6400000000,257.3692923401,-7.400633000000e-05,6.063313000000e-05,-1.337320000000e-05
533,10.6600000000,257.8530692054,-7.756626000000e-05,6.063313000000e-05,-1.693313000000e-05
534,10.6800000000,258.3368460707,-8.120564000000e-05,6.063313000000e-05,-2.057251000000e-05
535,10.7000000000,258.8206229360,-8.492288000000e-05,6.063313000000e-05,-2.428975000000e-05
536,10.7200000000,259.3043998013,-8.871635000000e-05,6.063313000000e-05,-2.808322000000e-05
537,10.7400000000,259.7881766666,-9.258437000000e-05,6.063313000000e-05,-3.195124000000e-05
538,10.7600000000,260.2719535319,-9.652521000000e-05,6.063313000000e-05,-3.589207000000e-05
539,10.7800000000,260.7557303972,-1.005371000000e-04,6.063313000000e-05,-3.990396000000e-05
540,10.8000000000,261.2395072625,-1.046182000000e-04,6.063313000000e-05,-4.398508000000e-05
541,10.8200000000,261.7232841278,-1.087667000000e-04,6.063313000000e-05,-4.813357000000e-05
542,10.8400000000,262.2070609931,-1.129807000000e-04,6.063313000000e-05,-5.234753000000e-05
543,10.8600000000,262.6908378584,-1.172582000000e-04,6.063313000000e-05,-5.662503000000e-05
544,10.8800000000,263.1746147237,-1.215972000000e-04,6.063313000000e-05,-6.096407000000e-05
545,10.9000000000,263.6583915890,-1.259958000000e-04,6.063313000000e-05,-6.536264000000e-05
546,10.9200000000,264.1421684543,-1.304518000000e-04,6.063313000000e-05,-6.981868000000e-05
547,10.9400000000,264.6259453196,-1.349632000000e-04,6.063313000000e-05,-7.433009000000e-05
548,10.9600000000,265.1097221849,-1.395279000000e-04,6.063313000000e-05,-7.889472000000e-05
549,10.9800000000,265.5934990502,-1.441436000000e-04,6.063313000000e-05,-8.351042000000e-05
550,11.0000000000,266.0772759155,-1.488081000000e-04,6.063313000000e-05,-8.817498000000e-05
551,11.0200000000,266.5610527809,-1.535193000000e-04,6.063313000000e-05,-9.288615000000e-05
552,11.0400000000,267.0448296462,-1.582748000000e-04,6.063313000000e-05,-9.764167000000e-05
553,11.0600000000,267.5286065115,-1.630724000000e-04,6.063313000000e-05,-1.024392000000e-04
554,11.0800000000,268.0123833768,-1.679096000000e-04,6.063313000000e-05,-1.072765000000e-04
555,11.1000000000,268.4961602421,-1.727843000000e-04,6.063313000000e-05,-1.121511000000e-04
556,11.1200000000,268.9799371074,-1.776938000000e-04,6.063313000000e-05,-1.170607000000e-04
557,11.1400000000,269.4637139727,-1.826359000000e-04,6.063313000000e-05,-1.220028000000e-04
558,11.1600000000,269.9474908380,-1.876081000000e-04,6.063313000000e-05,-1.269750000000e-04
559,11.1800000000,270.4312677033,-1.926079000000e-04,6.063313000000e-05,-1.319748000000e-04
560,11.2000000000,270.9150445686,-1.976328000000e-04,6.063313000000e-05,-1.369997000000e-04
561,11.2200000000,271.3988214339,-2.026803000000e-04,6.063313000000e-05,-1.420472000000e-04
562,11.2400000000,271.8825982992,-2.077479000000e-04,6.063313000000e-05,-1.471148000000e-04
563,11.2600000000,272.3663751645,-2.128330000000e-04,6.063313000000e-05,-1.521998000000e-04
564,11.2800000000,272.8501520298,-2.179330000000e-04,6.063313000000e-05,-1.572998000000e-04
565,11.3000000000,273.3339288951,-2.230453000000e-04,6.063313000000e-05,-1.624121000000e-04
566,11.3200000000,273.8177057604,-2.281673000000e-04,6.063313000000e-05,-1.675342000000e-04
567,11.3400000000,274.3014826257,-2.332964000000e-04,6.063313000000e-05,-1.726633000000e-04
568,11.3600000000,274.7852594910,-2.384299000000e-04,6.063313000000e-05,-1.777968000000e-04
569,11.3800000000,275.2690363563,-2.435653000000e-04,6.063313000000e-05,-1.829321000000e-04
570,11.4000000000,275.7528132216,-2.486997000000e-04,6.063313000000e-05,-1.880665000000e-04
571,11.4200000000,276.2365900869,-2.538305000000e-04,6.063313000000e-05,-1.931974000000e-04
572,11.4400000000,276.7203669522,-2.589551000000e-04,6.063313000000e-05,-1.983220000000e-04
573,11.4600000000,277.2041438175,-2.640708000000e-04,6.063313000000e-05,-2.034377000000e-04
574,11.4800000000,277.6879206828,-2.691748000000e-04,6.063313000000e-05,-2.085417000000e-04
575,11.5000000000,278.1716975481,-2.742645000000e-04,6.063313000000e-05,-2.136313000000e-04
576,11.5200000000,278.6554744134,-2.793371000000e-04,6.063313000000e-05,-2.187040000000e-04
577,11.5400000000,279.1392512787,-2.843899000000e-04,6.063313000000e-05,-2.237568000000e-04
578,11.5600000000,279.6230281440,-2.894203000000e-04,6.063313000000e-05,-2.287872000000e-04
579,11.5800000000,280.1068050093,-2.944256000000e-04,6.063313000000e-05,-2.337924000000e-04
580,11.6000000000,280.5905818746,-2.994029000000e-04,6.063313000000e-05,-2.387698000000e-04
581,11.6200000000,281.0743587399,-3.043497000000e-04,6.063313000000e-05,-2.437166000000e-04
582,11.6400000000,281.5581356052,-3.092633000000e-04,6.063313000000e-05,-2.486301000000e-04
583,11.6600000000,282.0419124705,-3.141409000000e-04,6.063313000000e-05,-2.535078000000e-04
584,11.6800000000,282.5256893358,-3.189799000000e-04,6.063313000000e-05,-2.583468000000e-04
585,11.7000000000,283.0094662011,-3.237777000000e-04,6.063313000000e-05,-2.631446000000e-04
586,11.7200000000,283.4932430664,-3.285316000000e-04,6.063313000000e-05,-2.678985000000e-04
587,11.7400000000,283.9770199317,-3.332390000000e-04,6.063313000000e-05,-2.726059000000e-04
588,11.7600000000,284.4607967970,-3.378972000000e-04,6.063313000000e-05,-2.772641000000e-04
589,11.7800000000,284.9445736623,-3.425038000000e-04,6.063313000000e-05,-2.818706000000e-04
590,11.8000000000,285.4283505276,-3.470560000000e-04,6.063313000000e-05,-2.864229000000e-04
591,11.8200000000,285.9121273929,-3.515514000000e-04,6.063313000000e-05,-2.909183000000e-04
592,11.8400000000,286.3959042582,-3.559875000000e-04,6.063313000000e-05,-2.953544000000e-04
593,11.8600000000,286.8796811235,-3.603617000000e-04,6.063313000000e-05,-2.997286000000e-04
594,11.8800000000,287.3634579888,-3.646716000000e-04,6.063313000000e-05,-3.040385000000e-04
595,11.9000000000,287.8472348541,-3.689148000000e-04,6.063313000000e-05,-3.082816000000e-04
596,11.9200000000,288.3310117194,-3.730888000000e-04,6.063313000000e-05,-3.124556000000e-04
597,11.9400000000,288.8147885847,-3.771912000000e-04,6.063313000000e-05,-3.165581000000e-04
598,11.9600000000,289.2985654500,-3.812198000000e-04,6.063313000000e-05,-3.205866000000e-04
599,11.9800000000,289.7823423153,-3.851721000000e-04,6.063313000000e-05,-3.245390000000e-04
600,12.0000000000,290.2661191806,-3.890461000000e-04,6.063313000000e-05,-3.284129000000e-04
601,12.0200000000,290.7498960459,-3.928393000000e-04,6.063313000000e-05,-3.322062000000e-04
602,12.0400000000,291.2336729112,-3.965497000000e-04,6.063313000000e-05,-3.359166000000e-04
603,12.0600000000,291.7174497765,-4.001751000000e-04,6.063313000000e-05,-3.395420000000e-04
604,12.0800000000,292.2012266418,-4.037134000000e-04,6.063313000000e-05,-3.430803000000e-04
605,12.1000000000,292.6850035071,-4.071626000000e-04,6.063313000000e-05,-3.465295000000e-04
606,12.1200000000,293.1687803724,-4.105206000000e-04,6.063313000000e-05,-3.498875000000e-04
607,12.1400000000,293.6525572377,-4.137855000000e-04,6.063313000000e-05,-3.531524000000e-04
608,12.1600000000,294.1363341030,-4.169554000000e-04,6.063313000000e-05,-3.563223000000e-04
609,12.1800000000,294.6201109683,-4.200285000000e-04,6.063313000000e-05,-3.593953000000e-04
610,12.2000000000,295.1038878336,-4.230029000000e-04,6.063313000000e-05,-3.623698000000e-04
611,12.2200000000,295.5876646989,-4.258769000000e-04,6.063313000000e-05,-3.652438000000e-04
612,12.2400000000,296.0714415642,-4.286488000000e-04,6.063313000000e-05,-3.680157000000e-04
613,12.2600000000,296.5552184295,-4.313171000000e-04,6.063313000000e-05,-3.706839000000e-04
614,12.2800000000,297.0389952948,-4.338800000000e-04,6.063313000000e-05,-3.732469000000e-04
615,12.3000000000,297.5227721601,-4.363362000000e-04,6.063313000000e-05,-3.757031000000e-04
616,12.3200000000,298.0065490254,-4.386842000000e-04,6.063313000000e-05,-3.780510000000e-04
617,12.3400000000,298.4903258907,-4.409225000000e-04,6.063313000000e-05,-3.802894000000e-04
618,12.3600000000,298.9741027560,-4.430499000000e-04,6.063313000000e-05,-3.824167000000e-04
619,12.3800000000,299.4578796213,-4.450650000000e-04,6.063313000000e-05,-3.844319000000e-04
620,12.4000000000,299.9416564866,-4.469668000000e-04,6.063313000000e-05,-3.863337000000e-04
621,12.4200000000,300.4254333519,-4.487541000000e-04,6.063313000000e-05,-3.881209000000e-04
622,12.4400000000,300.9092102172,-4.504257000000e-04,6.063313000000e-05,-3.897926000000e-04
623,12.4600000000,301.3929870825,-4.519808000000e-04,6.063313000000e-05,-3.913477000000e-04
624,12.4800000000,301.8767639478,-4.534184000000e-04,6.063313000000e-05,-3.927852000000e-04
625,12.5000000000,302.3605408131,-4.547376000000e-04,6.063313000000e-05,-3.941044000000e-04
626,12.5200000000,302.8443176784,-4.559376000000e-04,6.063313000000e-05,-3.953044000000e-04
627,12.5400000000,303.3280945437,-4.570177000000e-04,6.063313000000e-05,-3.963845000000e-04
628,12.5600000000,303.8118714090,-4.579773000000e-04,6.063313000000e-05,-3.973441000000e-04
629,12.5800000000,304.2956482743,-4.588157000000e-04,6.063313000000e-05,-3.981826000000e-04
630,12.6000000000,304.7794251396,-4.595325000000e-04,6.063313000000e-05,-3.988994000000e-04
631,12.6200000000,305.2632020049,-4.601272000000e-04,6.063313000000e-05,-3.994941000000e-04
632,12.6400000000,305.7469788702,-4.605994000000e-04,6.063313000000e-05,-3.999663000000e-04
633,12.6600000000,306.2307557355,-4.609489000000e-04,6.063313000000e-05,-4.003158000000e-04
634,12.6800000000,306.7145326008,-4.611754000000e-04,6.063313000000e-05,-4.005423000000e-04
635,12.7000000000,307.1983094661,-4.612788000000e-04,6.063313000000e-05,-4.006456000000e-04
636,12.7200000000,307.6820863314,-4.612588000000e-04,6.063313000000e-05,-4.006257000000e-04
637,12.7400000000,308.1658631967,-4.611156000000e-04,6.063313000000e-05,-4.004825000000e-04
638,12.7600000000,308.6496400620,-4.608492000000e-04,6.063313000000e-05,-4.002161000000e-04
639,12.7800000000,309.1334169273,-4.604597000000e-04,6.063313000000e-05,-3.998266000000e-04
640,12.8000000000,309.6171937926,-4.599473000000e-04,6.063313000000e-05,-3.993141000000e-04
641,12.8200000000,310.1009706579,-4.593121000000e-04,6.063313000000e-05,-3.986790000000e-04
642,12.8400000000,310.5847475232,-4.585547000000e-04,6.063313000000e-05,-3.979216000000e-04
643,12.8600000000,311.0685243885,-4.576753000000e-04,6.063313000000e-05,-3.970422000000e-04
644,12.8800000000,311.5523012538,-4.566744000000e-04,6.063313000000e-05,-3.960413000000e-04
645,12.9000000000,312.0360781191,-4.555526000000e-04,6.063313000000e-05,-3.949194000000e-04
646,12.9200000000,312.5198549844,-4.543103000000e-04,6.063313000000e-05,-3.936772000000e-04
647,12.9400000000,313.0036318497,-4.529484000000e-04,6.063313000000e-05,-3.923153000000e-04
648,12.9600000000,313.4874087150,-4.514675000000e-04,6.063313000000e-05,-3.908343000000e-04
649,12.9800000000,313.9711855803,-4.498683000000e-04,6.063313000000e-05,-3.892352000000e-04
650,13.0000000000,314.4549624456,-4.481519000000e-04,6.063313000000e-05,-3.875187000000e-04
651,13.0200000000,314.9387393110,-4.463189000000e-04,6.063313000000e-05,-3.856858000000e-04
652,13.0400000000,315.4225161763,-4.443705000000e-04,6.063313000000e-05,-3.837374000000e-04
653,13.0600000000,315.9062930416,-4.423077000000e-04,6.063313000000e-05,-3.816746000000e-04
654,13.0800000000,316.3900699069,-4.401316000000e-04,6.063313000000e-05,-3.794985000000e-04
655,13.1000000000,316.8738467722,-4.378433000000e-04,6.063313000000e-05,-3.772101000000e-04
656,13.1200000000,317.3576236375,-4.354440000000e-04,6.063313000000e-05,-3.748109000000e-04
657,13.1400000000,317.8414005028,-4.329350000000e-04,6.063313000000e-05,-3.723019000000e-04
658,13.1600000000,318.3251773681,-4.303177000000e-04,6.063313000000e-05,-3.696846000000e-04
659,13.1800000000,318.8089542334,-4.275934000000e-04,6.063313000000e-05,-3.669603000000e-04
660,13.2000000000,319.2927310987,-4.247636000000e-04,6.063313000000e-05,-3.641305000000e-04
661,13.2200000000,319.7765079640,-4.218297000000e-04,6.063313000000e-05,-3.611966000000e-04
662,13.2400000000,320.2602848293,-4.187934000000e-04,6.063313000000e-05,-3.581603000000e-04
663,13.2600000000,320.7440616946,-4.156562000000e-04,6.063313000000e-05,-3.550230000000e-04
664,13.2800000000,321.2278385599,-4.124197000000e-04,6.063313000000e-05,-3.517865000000e-04
665,13.3000000000,321.7116154252,-4.090857000000e-04,6.063313000000e-05,-3.484525000000e-04
666,13.3200000000,322.1953922905,-4.056558000000e-04,6.063313000000e-05,-3.450227000000e-04
667,13.3400000000,322.6791691558,-4.021320000000e-04,6.063313000000e-05,-3.414989000000e-04
668,13.3600000000,323.1629460211,-3.985161000000e-04,6.063313000000e-05,-3.378829000000e-04
669,13.3800000000,323.6467228864,-3.948099000000e-04,6.063313000000e-05,-3.341767000000e-04
670,13.4000000000,324.1304997517,-3.910153000000e-04,6.063313000000e-05,-3.303822000000e-04
671,13.4200000000,324.6142766170,-3.871344000000e-04,6.063313000000e-05,-3.265013000000e-04
672,13.4400000000,325.0980534823,-3.831692000000e-04,6.063313000000e-05,-3.225361000000e-04
673,13.4600000000,325.5818303476,-3.791218000000e-04,6.063313000000e-05,-3.184887000000e-04
674,13.4800000000,326.0656072129,-3.749942000000e-04,6.063313000000e-05,-3.143611000000e-04
675,13.5000000000,326.5493840782,-3.707886000000e-04,6.063313000000e-05,-3.101555000000e-04
676,13.5200000000,327.0331609435,-3.665072000000e-04,6.063313000000e-05,-3.058741000000e-04
677,13.5400000000,327.5169378088,-3.621522000000e-04,6.063313000000e-05,-3.015191000000e-04
678,13.5600000000,328.0007146741,-3.577259000000e-04,6.063313000000e-05,-2.970927000000e-04
679,13.5800000000,328.4844915394,-3.532305000000e-04,6.063313000000e-05,-2.925974000000e-04
680,13.6000000000,328.9682684047,-3.486685000000e-04,6.063313000000e-05,-2.880354000000e-04
681,13.6200000000,329.4520452700,-3.440421000000e-04,6.063313000000e-05,-2.834090000000e-04
682,13.6400000000,329.9358221353,-3.393538000000e-04,6.063313000000e-05,-2.787207000000e-04
683,13.6600000000,330.4195990006,-3.346061000000e-04,6.063313000000e-05,-2.739729000000e-04
684,13.6800000000,330.9033758659,-3.298013000000e-04,6.063313000000e-05,-2.691681000000e-04
685,13.7000000000,331.3871527312,-3.249419000000e-04,6.063313000000e-05,-2.643088000000e-04
686,13.7200000000,331.8709295965,-3.200306000000e-04,6.063313000000e-05,-2.593975000000e-04
687,13.7400000000,332.3547064618,-3.150698000000e-04,6.063313000000e-05,-2.544367000000e-04
688,13.7600000000,332.8384833271,-3.100622000000e-04,6.063313000000e-05,-2.494291000000e-04
689,13.7800000000,333.3222601924,-3.050103000000e-04,6.063313000000e-05,-2.443772000000e-04
690,13.8000000000,333.8060370577,-2.999168000000e-04,6.063313000000e-05,-2.392836000000e-04
691,13.8200000000,334.2898139230,-2.947842000000e-04,6.063313000000e-05,-2.341511000000e-04
692,13.8400000000,334.7735907883,-2.896154000000e-04,6.063313000000e-05,-2.289823000000e-04
693,13.8600000000,335.2573676536,-2.844130000000e-04,6.063313000000e-05,-2.237799000000e-04
694,13.8800000000,335.7411445189,-2.791797000000e-04,6.063313000000e-05,-2.185466000000e-04
695,13.9000000000,336.2249213842,-2.739183000000e-04,6.063313000000e-05,-2.132852000000e-04
696,13.9200000000,336.7086982495,-2.686315000000e-04,6.063313000000e-05,-2.079984000000e-04
697,13.9400000000,337.1924751148,-2.633221000000e-04,6.063313000000e-05,-2.026890000000e-04
698,13.9600000000,337.6762519801,-2.579929000000e-04,6.063313000000e-05,-1.973597000000e-04
699,13.9800000000,338.1600288454,-2.526466000000e-04,6.063313000000e-05,-1.920135000000e-04
700,14.0000000000,338.6438057107,-2.472862000000e-04,6.063313000000e-05,-1.866531000000e-04
701,14.0200000000,339.1275825760,-2.419144000000e-04,6.063313000000e-05,-1.812813000000e-04
702,14.0400000000,339.6113594413,-2.365341000000e-04,6.063313000000e-05,-1.759010000000e-04
703,14.0600000000,340.0951363066,-2.311481000000e-04,6.063313000000e-05,-1.705150000000e-04
704,14.0800000000,340.5789131719,-2.257593000000e-04,6.063313000000e-05,-1.651262000000e-04
705,14.1000000000,341.0626900372,-2.203706000000e-04,6.063313000000e-05,-1.597374000000e-04
706,14.1200000000,341.5464669025,-2.149847000000e-04,6.063313000000e-05,-1.543516000000e-04
707,14.1400000000,342.0302437678,-2.096047000000e-04,6.063313000000e-05,-1.489715000000e-04
708,14.1600000000,342.5140206331,-2.042333000000e-04,6.063313000000e-05,-1.436001000000e-04
709,14.1800000000,342.9977974984,-1.988734000000e-04,6.063313000000e-05,-1.382403000000e-04
710,14.2000000000,343.4815743637,-1.935279000000e-04,6.063313000000e-05,-1.328948000000e-04
711,14.2200000000,343.9653512290,-1.881997000000e-04,6.063313000000e-05,-1.275666000000e-04
712,14.2400000000,344.4491280943,-1.828917000000e-04,6.063313000000e-05,-1.222585000000e-04
713,14.2600000000,344.9329049596,-1.776066000000e-04,6.063313000000e-05,-1.169735000000e-04
714,14.2800000000,345.4166818249,-1.723474000000e-04,6.063313000000e-05,-1.117142000000e-04
715,14.3000000000,345.9004586902,-1.671168000000e-04,6.063313000000e-05,-1.064836000000e-04
716,14.3200000000,346.3842355555,-1.619177000000e-04,6.063313000000e-05,-1.012846000000e-04
717,14.3400000000,346.8680124208,-1.567529000000e-04,6.063313000000e-05,-9.611981000000e-05
718,14.3600000000,347.3517892861,-1.516253000000e-04,6.063313000000e-05,-9.099216000000e-05
719,14.3800000000,347.8355661514,-1.465375000000e-04,6.063313000000e-05,-8.590439000000e-05
720,14.4000000000,348.3193430167,-1.414924000000e-04,6.063313000000e-05,-8.085927000000e-05
721,14.4200000000,348.8031198820,-1.364927000000e-04,6.063313000000e-05,-7.585954000000e-05
722,14.4400000000,349.2868967473,-1.315411000000e-04,6.063313000000e-05,-7.090792000000e-05
723,14.4600000000,349.7706736126,-1.266402000000e-04,6.063313000000e-05,-6.600709000000e-05
724,14.4800000000,350.2544504779,-1.217929000000e-04,6.063313000000e-05,-6.115973000000e-05
725,14.5000000000,350.7382273432,-1.170016000000e-04,6.063313000000e-05,-5.636846000000e-05
726,14.5200000000,351.2220042085,-1.122690000000e-04,6.063313000000e-05,-5.163590000000e-05
727,14.5400000000,351.7057810738,-1.075977000000e-04,6.063313000000e-05,-4.696462000000e-05
728,14.5600000000,352.1895579391,-1.029903000000e-04,6.063313000000e-05,-4.235715000000e-05
729,14.5800000000,352.6733348044,-9.844914000000e-05,6.063313000000e-05,-3.781600000000e-05
730,14.6000000000,353.1571116697,-9.397677000000e-05,6.063313000000e-05,-3.334364000000e-05
731,14.6200000000,353.6408885350,-8.957562000000e-05,6.063313000000e-05,-2.894249000000e-05
732,14.6400000000,354.1246654003,-8.524806000000e-05,6.063313000000e-05,-2.461492000000e-05
733,14.6600000000,354.6084422656,-8.099642000000e-05,6.063313000000e-05,-2.036329000000e-05
734,14.6800000000,355.0922191309,-7.682300000000e-05,6.063313000000e-05,-1.618987000000e-05
735,14.7000000000,355.5759959962,-7.273005000000e-05,6.063313000000e-05,-1.209692000000e-05
736,14.7200000000,356.0597728615,-6.871976000000e-05,6.063313000000e-05,-8.086625000000e-06
737,14.7400000000,356.5435497268,-6.479427000000e-05,6.063313000000e-05,-4.161134000000e-06
738,14.7600000000,357.0273265921,-6.095567000000e-05,6.063313000000e-05,-3.225355000000e-07
739,14.7800000000,357.5111034574,-5.720600000000e-05,6.063313000000e-05,3.427135000000e-06
740,14.8000000000,357.9948803227,-5.354723000000e-05,6.063313000000e-05,7.085898000000e-06
741,14.8200000000,358.4786571880,-4.998130000000e-05,6.063313000000e-05,1.065183000000e-05
742,14.8400000000,358.9624340533,-4.651005000000e-05,6.063313000000e-05,1.412308000000e-05
743,14.8600000000,359.4462109186,-4.313529000000e-05,6.063313000000e-05,1.749784000000e-05
744,14.8800000000,359.9299877839,-3.985876000000e-05,6.063313000000e-05,2.077437000000e-05
745,14.9000000000,360.4137646492,-3.668213000000e-05,6.063313000000e-05,2.395101000000e-05
746,14.9200000000,360.8975415145,-3.360700000000e-05,6.063313000000e-05,2.702614000000e-05
747,14.9400000000,361.3813183798,-3.063491000000e-05,6.063313000000e-05,2.999822000000e-05
748,14.9600000000,361.8650952451,-2.776734000000e-05,6.063313000000e-05,3.286579000000e-05
749,14.9800000000,362.3488721104,-2.500568000000e-05,6.063313000000e-05,3.562745000000e-05
750,15.0000000000,362.8326489757,-2.235128000000e-05,6.063313000000e-05,3.828185000000e-05
751,15.0200000000,363.3164258411,-1.980538000000e-05,6.063313000000e-05,4.082775000000e-05
752,15.0400000000,363.8002027064,-1.736918000000e-05,6.063313000000e-05,4.326395000000e-05
753,15.0600000000,364.2839795717,-1.504379000000e-05,6.063313000000e-05,4.558935000000e-05
754,15.0800000000,364.7677564370,-1.283024000000e-05,6.063313000000e-05,4.780290000000e-05
755,15.1000000000,365.2515333023,-1.072950000000e-05,6.063313000000e-05,4.990363000000e-05
756,15.1200000000,365.7353101676,-8.742454000000e-06,6.063313000000e-05,5.189068000000e-05
757,15.1400000000,366.2190870329,-6.869915000000e-06,6.063313000000e-05,5.376322000000e-05
758,15.1600000000,366.7028638982,-5.112616000000e-06,6.063313000000e-05,5.552052000000e-05
759,15.1800000000,367.1866407635,-3.471210000000e-06,6.063313000000e-05,5.716192000000e-05
760,15.2000000000,367.6704176288,-1.946273000000e-06,6.063313000000e-05,5.868686000000e-05
761,15.2200000000,368.1541944941,-5.383055000000e-07,6.063313000000e-05,6.009483000000e-05
762,15.2400000000,368.6379713594,7.522748000000e-07,6.063313000000e-05,6.138541000000e-05
763,15.2600000000,369.1217482247,1.925127000000e-06,6.063313000000e-05,6.255826000000e-05
764,15.2800000000,369.6055250900,2.979990000000e-06,6.063313000000e-05,6.361312000000e-05
765,15.3000000000,370.0893019553,3.916681000000e-06,6.063313000000e-05,6.454981000000e-05
766,15.3200000000,370.5730788206,4.735098000000e-06,6.063313000000e-05,6.536823000000e-05
767,15.3400000000,371.0568556859,5.435214000000e-06,6.063313000000e-05,6.606835000000e-05
768,15.3600000000,371.5406325512,6.017086000000e-06,6.063313000000e-05,6.665022000000e-05
769,15.3800000000,372.0244094165,6.480844000000e-06,6.063313000000e-05,6.711398000000e-05
770,15.4000000000,372.5081862818,6.826700000000e-06,6.063313000000e-05,6.745983000000e-05
771,15.4200000000,372.9919631471,7.054941000000e-06,6.063313000000e-05,6.768807000000e-05
772,15.4400000000,373.4757400124,7.165933000000e-06,6.063313000000e-05,6.779906000000e-05
773,15.4600000000,373.9595168777,7.160115000000e-06,6.063313000000e-05,6.779325000000e-05
774,15.4800000000,374.4432937430,7.038005000000e-06,6.063313000000e-05,6.767114000000e-05
775,15.5000000000,374.9270706083,6.800195000000e-06,6.063313000000e-05,6.743333000000e-05
776,15.5200000000,375.4108474736,6.447350000000e-06,6.063313000000e-05,6.708048000000e-05
777,15.5400000000,375.8946243389,5.980210000000e-06,6.063313000000e-05,6.661334000000e-05
778,15.5600000000,376.3784012042,5.399585000000e-06,6.063313000000e-05,6.603272000000e-05
779,15.5800000000,376.8621780695,4.706360000000e-06,6.063313000000e-05,6.533949000000e-05
780,15.6000000000,377.3459549348,3.901486000000e-06,6.063313000000e-05,6.453462000000e-05
781,15.6200000000,377.8297318001,2.985986000000e-06,6.063313000000e-05,6.361912000000e-05
782,15.6400000000,378.3135086654,1.960950000000e-06,6.063313000000e-05,6.259408000000e-05
783,15.6600000000,378.7972855307,8.275349000000e-07,6.063313000000e-05,6.146067000000e-05
784,15.6800000000,379.2810623960,-4.130359000000e-07,6.063313000000e-05,6.022010000000e-05
785,15.7000000000,379.7648392613,-1.759476000000e-06,6.063313000000e-05,5.887366000000e-05
786,15.7200000000,380.2486161266,-3.210435000000e-06,6.063313000000e-05,5.742270000000e-05
787,15.7400000000,380.7323929919,-4.764503000000e-06,6.063313000000e-05,5.586863000000e-05
788,15.7600000000,381.2161698572,-6.420207000000e-06,6.063313000000e-05,5.421293000000e-05
789,15.7800000000,381.6999467225,-8.176017000000e-06,6.063313000000e-05,5.245711000000e-05
790,15.8000000000,382.1837235878,-1.003035000000e-05,6.063313000000e-05,5.060279000000e-05
791,15.8200000000,382.6675004531,-1.198155000000e-05,6.063313000000e-05,4.865158000000e-05
792,15.8400000000,383.1512773184,-1.402794000000e-05,6.063313000000e-05,4.660519000000e-05
793,15.8600000000,383.6350541837,-1.616775000000e-05,6.063313000000e-05,4.446538000000e-05
794,15.8800000000,384.1188310490,-1.839920000000e-05,6.063313000000e-05,4.223393000000e-05
795,15.9000000000,384.6026079143,-2.072042000000e-05,6.063313000000e-05,3.991271000000e-05
796,15.9200000000,385.0863847796,-2.312953000000e-05,6.063313000000e-05,3.750360000000e-05
797,15.9400000000,385.5701616449,-2.562457000000e-05,6.063313000000e-05,3.500856000000e-05
798,15.9600000000,386.0539385102,-2.820357000000e-05,6.063313000000e-05,3.242956000000e-05
799,15.9800000000,386.5377153755,-3.086449000000e-05,6.063313000000e-05,2.976864000000e-05
800,16.0000000000,387.0214922408,-3.360526000000e-05,6.063313000000e-05,2.702788000000e-05
801,16.0200000000,387.5052691061,-3.642376000000e-05,6.063313000000e-05,2.420937000000e-05
802,16.0400000000,387.9890459714,-3.931786000000e-05,6.063313000000e-05,2.131528000000e-05
803,16.0600000000,388.4728228367,-4.228536000000e-05,6.063313000000e-05,1.834777000000e-05
804,16.0800000000,388.9565997020,-4.532405000000e-05,6.063313000000e-05,1.530908000000e-05
805,16.1000000000,389.4403765673,-4.843168000000e-05,6.063313000000e-05,1.220145000000e-05
806,16.1200000000,389.9241534326,-5.160596000000e-05,6.063313000000e-05,9.027171000000e-06
807,16.1400000000,390.4079302979,-5.484459000000e-05,6.063313000000e-05,5.788543000000e-06
808,16.1600000000,390.8917071632,-5.814522000000e-05,6.063313000000e-05,2.487907000000e-06
809,16.1800000000,391.3754840285,-6.150550000000e-05,6.063313000000e-05,-8.723712000000e-07
810,16.2000000000,391.8592608938,-6.492304000000e-05,6.063313000000e-05,-4.289906000000e-06
811,16.2200000000,392.3430377591,-6.839542000000e-05,6.063313000000e-05,-7.762285000000e-06
812,16.2400000000,392.8268146244,-7.192021000000e-05,6.063313000000e-05,-1.128708000000e-05
813,16.2600000000,393.3105914897,-7.549497000000e-05,6.063313000000e-05,-1.486184000000e-05
814,16.2800000000,393.7943683550,-7.911723000000e-05,6.063313000000e-05,-1.848410000000e-05
815,16.3000000000,394.2781452203,-8.278450000000e-05,6.063313000000e-05,-2.215137000000e-05
816,16.3200000000,394.7619220856,-8.649429000000e-05,6.063313000000e-05,-2.586116000000e-05
817,16.3400000000,395.2456989509,-9.024409000000e-05,6.063313000000e-05,-2.961096000000e-05
818,16.3600000000,395.7294758162,-9.403138000000e-05,6.063313000000e-05,-3.339825000000e-05
819,16.3800000000,396.2132526815,-9.785362000000e-05,6.063313000000e-05,-3.722049000000e-05
820,16.4000000000,396.6970295468,-1.017083000000e-04,6.063313000000e-05,-4.107516000000e-05
821,16.4200000000,397.1808064121,-1.055928000000e-04,6.063313000000e-05,-4.495970000000e-05
822,16.4400000000,397.6645832774,-1.095047000000e-04,6.063313000000e-05,-4.887157000000e-05
823,16.4600000000,398.1483601427,-1.134414000000e-04,6.063313000000e-05,-5.280822000000e-05
824,16.4800000000,398.6321370080,-1.174002000000e-04,6.063313000000e-05,-5.676709000000e-05
825,16.5000000000,399.1159138733,-1.213788000000e-04,6.063313000000e-05,-6.074563000000e-05
826,16.5200000000,399.5996907386,-1.253744000000e-04,6.063313000000e-05,-6.474129000000e-05
827,16.5400000000,400.0834676039,-1.293847000000e-04,6.063313000000e-05,-6.875152000000e-05
828,16.5600000000,400.5672444692,-1.334069000000e-04,6.063313000000e-05,-7.277377000000e-05
829,16.5800000000,401.0510213345,-1.374386000000e-04,6.063313000000e-05,-7.680550000000e-05
830,16.6000000000,401.5347981998,-1.414773000000e-04,6.063313000000e-05,-8.084419000000e-05
831,16.6200000000,402.0185750651,-1.455204000000e-04,6.063313000000e-05,-8.488729000000e-05
832,16.6400000000,402.5023519304,-1.495654000000e-04,6.063313000000e-05,-8.893231000000e-05
833,16.6600000000,402.9861287957,-1.536099000000e-04,6.063313000000e-05,-9.297673000000e-05
834,16.6800000000,403.4699056610,-1.576512000000e-04,6.063313000000e-05,-9.701807000000e-05
835,16.7000000000,403.9536825263,-1.616870000000e-04,6.063313000000e-05,-1.010538000000e-04
836,16.7200000000,404.4374593916,-1.657147000000e-04,6.063313000000e-05,-1.050816000000e-04
837,16.7400000000,404.9212362569,-1.697320000000e-04,6.063313000000e-05,-1.090989000000e-04
838,16.7600000000,405.4050131222,-1.737364000000e-04,6.063313000000e-05,-1.131032000000e-04
839,16.7800000000,405.8887899875,-1.777254000000e-04,6.063313000000e-05,-1.170923000000e-04
840,16.8000000000,406.3725668528,-1.816968000000e-04,6.063313000000e-05,-1.210637000000e-04
841,16.8200000000,406.8563437181,-1.856481000000e-04,6.063313000000e-05,-1.250149000000e-04
842,16.8400000000,407.3401205834,-1.895769000000e-04,6.063313000000e-05,-1.289438000000e-04
843,16.8600000000,407.8238974487,-1.934811000000e-04,6.063313000000e-05,-1.328479000000e-04
844,16.8800000000,408.3076743140,-1.973581000000e-04,6.063313000000e-05,-1.367250000000e-04
845,16.9000000000,408.7914511793,-2.012059000000e-04,6.063313000000e-05,-1.405728000000e-04
846,16.9200000000,409.2752280446,-2.050221000000e-04,6.063313000000e-05,-1.443890000000e-04
847,16.9400000000,409.7590049099,-2.088045000000e-04,6.063313000000e-05,-1.481714000000e-04
848,16.9600000000,410.2427817752,-2.125510000000e-04,6.063313000000e-05,-1.519179000000e-04
849,16.9800000000,410.7265586405,-2.162593000000e-04,6.063313000000e-05,-1.556262000000e-04
850,17.0000000000,411.2103355059,-2.199274000000e-04,6.063313000000e-05,-1.592943000000e-04
851,17.0200000000,411.6941123712,-2.235532000000e-04,6.063313000000e-05,-1.629200000000e-04
852,17.0400000000,412.1778892365,-2.271345000000e-04,6.063313000000e-05,-1.665013000000e-04
853,17.0600000000,412.6616661018,-2.306694000000e-04,6.063313000000e-05,-1.700362000000e-04
854,17.0800000000,413.1454429671,-2.341558000000e-04,6.063313000000e-05,-1.735227000000e-04
855,17.1000000000,413.6292198324,-2.375919000000e-04,6.063313000000e-05,-1.769587000000e-04
856,17.1200000000,414.1129966977,-2.409756000000e-04,6.063313000000e-05,-1.803425000000e-04
857,17.1400000000,414.5967735630,-2.443052000000e-04,6.063313000000e-05,-1.836721000000e-04
858,17.1600000000,415.0805504283,-2.475787000000e-04,6.063313000000e-05,-1.869456000000e-04
859,17.1800000000,415.5643272936,-2.507944000000e-04,6.063313000000e-05,-1.901613000000e-04
860,17.2000000000,416.0481041589,-2.539505000000e-04,6.063313000000e-05,-1.933173000000e-04
861,17.2200000000,416.5318810242,-2.570452000000e-04,6.063313000000e-05,-1.964121000000e-04
862,17.2400000000,417.0156578895,-2.600770000000e-04,6.063313000000e-05,-1.994439000000e-04
863,17.2600000000,417.4994347548,-2.630441000000e-04,6.063313000000e-05,-2.024110000000e-04
864,17.2800000000,417.9832116201,-2.659450000000e-04,6.063313000000e-05,-2.053118000000e-04
865,17.3000000000,418.4669884854,-2.687781000000e-04,6.063313000000e-05,-2.081449000000e-04
866,17.3200000000,418.9507653507,-2.715418000000e-04,6.063313000000e-05,-2.109087000000e-04
867,17.3400000000,419.4345422160,-2.742349000000e-04,6.063313000000e-05,-2.136017000000e-04
868,17.3600000000,419.9183190813,-2.768557000000e-04,6.063313000000e-05,-2.162226000000e-04
869,17.3800000000,420.4020959466,-2.794030000000e-04,6.063313000000e-05,-2.187699000000e-04
870,17.4000000000,420.8858728119,-2.818755000000e-04,6.063313000000e-05,-2.212424000000e-04
871,17.4200000000,421.3696496772,-2.842718000000e-04,6.063313000000e-05,-2.236387000000e-04
872,17.4400000000,421.8534265425,-2.865908000000e-04,6.063313000000e-05,-2.259576000000e-04
873,17.4600000000,422.3372034078,-2.888312000000e-04,6.063313000000e-05,-2.281981000000e-04
874,17.4800000000,422.8209802731,-2.909920000000e-04,6.063313000000e-05,-2.303588000000e-04
875,17.5000000000,423.3047571384,-2.930720000000e-04,6.063313000000e-05,-2.324388000000e-04
876,17.5200000000,423.7885340037,-2.950702000000e-04,6.063313000000e-05,-2.344371000000e-04
877,17.5400000000,424.2723108690,-2.969857000000e-04,6.063313000000e-05,-2.363525000000e-04
878,17.5600000000,424.7560877343,-2.988175000000e-04,6.063313000000e-05,-2.381843000000e-04
879,17.5800000000,425.2398645996,-3.005647000000e-04,6.063313000000e-05,-2.399316000000e-04
880,17.6000000000,425.7236414649,-3.022266000000e-04,6.063313000000e-05,-2.415934000000e-04
881,17.6200000000,426.2074183302,-3.038022000000e-04,6.063313000000e-05,-2.431691000000e-04
882,17.6400000000,426.6911951955,-3.052910000000e-04,6.063313000000e-05,-2.446579000000e-04
883,17.6600000000,427.1749720608,-3.066923000000e-04,6.063313000000e-05,-2.460591000000e-04
884,17.6800000000,427.6587489261,-3.080053000000e-04,6.063313000000e-05,-2.473722000000e-04
885,17.7000000000,428.1425257914,-3.092296000000e-04,6.063313000000e-05,-2.485965000000e-04
886,17.7200000000,428.6263026567,-3.103646000000e-04,6.063313000000e-05,-2.497315000000e-04
887,17.7400000000,429.1100795220,-3.114099000000e-04,6.063313000000e-05,-2.507768000000e-04
888,17.7600000000,429.5938563873,-3.123650000000e-04,6.063313000000e-05,-2.517319000000e-04
889,17.7800000000,430.0776332526,-3.132296000000e-04,6.063313000000e-05,-2.525965000000e-04
890,17.8000000000,430.5614101179,-3.140034000000e-04,6.063313000000e-05,-2.533703000000e-04
891,17.8200000000,431.0451869832,-3.146861000000e-04,6.063313000000e-05,-2.540530000000e-04
892,17.8400000000,431.5289638485,-3.152775000000e-04,6.063313000000e-05,-2.546444000000e-04
893,17.8600000000,432.0127407138,-3.157775000000e-04,6.063313000000e-05,-2.551444000000e-04
894,17.8800000000,432.4965175791,-3.161859000000e-04,6.063313000000e-05,-2.555528000000e-04
895,17.9000000000,432.9802944444,-3.165027000000e-04,6.063313000000e-05,-2.558696000000e-04
896,17.9200000000,433.4640713097,-3.167279000000e-04,6.063313000000e-05,-2.560948000000e-04
897,17.9400000000,433.9478481750,-3.168615000000e-04,6.063313000000e-05,-2.562284000000e-04
898,17.9600000000,434.4316250403,-3.169037000000e-04,6.063313000000e-05,-2.562706000000e-04
899,17.9800000000,434.9154019056,-3.168546000000e-04,6.063313000000e-05,-2.562215000000e-04
900,18.0000000000,435.3991787709,-3.167144000000e-04,6.063313000000e-05,-2.560812000000e-04
901,18.0200000000,435.8829556362,-3.164833000000e-04,6.063313000000e-05,-2.558501000000e-04
902,18.0400000000,436.3667325015,-3.161616000000e-04,6.063313000000e-05,-2.555285000000e-04
903,18.0600000000,436.8505093668,-3.157497000000e-04,6.063313000000e-05,-2.551166000000e-04
904,18.0800000000,437.3342862321,-3.152481000000e-04,6.063313000000e-05,-2.546149000000e-04
905,18.1000000000,437.8180630974,-3.146570000000e-04,6.063313000000e-05,-2.540239000000e-04
906,18.1200000000,438.3018399627,-3.139771000000e-04,6.063313000000e-05,-2.533439000000e-04
907,18.1400000000,438.7856168280,-3.132088000000e-04,6.063313000000e-05,-2.525756000000e-04
908,18.1600000000,439.2693936933,-3.123527000000e-04,6.063313000000e-05,-2.517196000000e-04
909,18.1800000000,439.7531705586,-3.114096000000e-04,6.063313000000e-05,-2.507764000000e-04
910,18.2000000000,440.2369474239,-3.103800000000e-04,6.063313000000e-05,-2.497468000000e-04
911,18.2200000000,440.7207242892,-3.092646000000e-04,6.063313000000e-05,-2.486315000000e-04
912,18.2400000000,441.2045011545,-3.080643000000e-04,6.063313000000e-05,-2.474312000000e-04
913,18.2600000000,441.6882780198,-3.067799000000e-04,6.063313000000e-05,-2.461467000000e-04
914,18.2800000000,442.1720548851,-3.054121000000e-04,6.063313000000e-05,-2.447790000000e-04
915,18.3000000000,442.6558317504,-3.039620000000e-04,6.063313000000e-05,-2.433289000000e-04
916,18.3200000000,443.1396086157,-3.024304000000e-04,6.063313000000e-05,-2.417973000000e-04
917,18.3400000000,443.6233854810,-3.008183000000e-04,6.063313000000e-05,-2.401852000000e-04
918,18.3600000000,444.1071623463,-2.991268000000e-04,6.063313000000e-05,-2.384937000000e-04
919,18.3800000000,444.5909392116,-2.973569000000e-04,6.063313000000e-05,-2.367237000000e-04
920,18.4000000000,445.0747160769,-2.955097000000e-04,6.063313000000e-05,-2.348765000000e-04
921,18.4200000000,445.5584929422,-2.935863000000e-04,6.063313000000e-05,-2.329532000000e-04
922,18.4400000000,446.0422698075,-2.915879000000e-04,6.063313000000e-05,-2.309548000000e-04
923,18.4600000000,446.5260466728,-2.895158000000e-04,6.063313000000e-05,-2.288827000000e-04
924,18.4800000000,447.0098235381,-2.873712000000e-04,6.063313000000e-05,-2.267381000000e-04
925,18.5000000000,447.4936004034,-2.851554000000e-04,6.063313000000e-05,-2.245222000000e-04
926,18.5200000000,447.9773772687,-2.828696000000e-04,6.063313000000e-05,-2.222365000000e-04
927,18.5400000000,448.4611541340,-2.805153000000e-04,6.063313000000e-05,-2.198822000000e-04
928,18.5600000000,448.9449309993,-2.780938000000e-04,6.063313000000e-05,-2.174607000000e-04
929,18.5800000000,449.4287078646,-2.756066000000e-04,6.063313000000e-05,-2.149735000000e-04
930,18.6000000000,449.9124847299,-2.730551000000e-04,6.063313000000e-05,-2.124220000000e-04
931,18.6200000000,450.3962615952,-2.704408000000e-04,6.063313000000e-05,-2.098076000000e-04
932,18.6400000000,450.8800384605,-2.677651000000e-04,6.063313000000e-05,-2.071320000000e-04
933,18.6600000000,451.3638153258,-2.650297000000e-04,6.063313000000e-05,-2.043966000000e-04
934,18.6800000000,451.8475921911,-2.622361000000e-04,6.063313000000e-05,-2.016030000000e-04
935,18.7000000000,452.3313690564,-2.593859000000e-04,6.063313000000e-05,-1.987528000000e-04
936,18.7200000000,452.8151459217,-2.564807000000e-04,6.063313000000e-05,-1.958476000000e-04
937,18.7400000000,453.2989227870,-2.535222000000e-04,6.063313000000e-05,-1.928891000000e-04
938,18.7600000000,453.7826996523,-2.505120000000e-04,6.063313000000e-05,-1.898789000000e-04
939,18.7800000000,454.2664765176,-2.474518000000e-04,6.063313000000e-05,-1.868187000000e-04
940,18.8000000000,454.7502533829,-2.443434000000e-04,6.063313000000e-05,-1.837103000000e-04
941,18.8200000000,455.2340302482,-2.411884000000e-04,6.063313000000e-05,-1.805553000000e-04
942,18.8400000000,455.7178071135,-2.379886000000e-04,6.063313000000e-05,-1.773555000000e-04
943,18.8600000000,456.2015839788,-2.347458000000e-04,6.063313000000e-05,-1.741127000000e-04
944,18.8800000000,456.6853608441,-2.314618000000e-04,6.063313000000e-05,-1.708287000000e-04
945,18.9000000000,457.1691377094,-2.281383000000e-04,6.063313000000e-05,-1.675052000000e-04
946,18.9200000000,457.6529145747,-2.247773000000e-04,6.063313000000e-05,-1.641442000000e-04
947,18.9400000000,458.1366914400,-2.213805000000e-04,6.063313000000e-05,-1.607473000000e-04
948,18.9600000000,458.6204683053,-2.179497000000e-04,6.063313000000e-05,-1.573166000000e-04
949,18.9800000000,459.1042451706,-2.144869000000e-04,6.063313000000e-05,-1.538538000000e-04
950,19.0000000000,459.5880220360,-2.109939000000e-04,6.063313000000e-05,-1.503608000000e-04
951,19.0200000000,460.0717989013,-2.074726000000e-04,6.063313000000e-05,-1.468395000000e-04
952,19.0400000000,460.5555757666,-2.039249000000e-04,6.063313000000e-05,-1.432918000000e-04
953,19.0600000000,461.0393526319,-2.003526000000e-04,6.063313000000e-05,-1.397195000000e-04
954,19.0800000000,461.5231294972,-1.967578000000e-04,6.063313000000e-05,-1.361246000000e-04
955,19.1000000000,462.0069063625,-1.931422000000e-04,6.063313000000e-05,-1.325091000000e-04
956,19.1200000000,462.4906832278,-1.895078000000e-04,6.063313000000e-05,-1.288747000000e-04
957,19.1400000000,462.9744600931,-1.858566000000e-04,6.063313000000e-05,-1.252235000000e-04
958,19.1600000000,463.4582369584,-1.821904000000e-04,6.063313000000e-05,-1.215572000000e-04
959,19.1800000000,463.9420138237,-1.785111000000e-04,6.063313000000e-05,-1.178780000000e-04
960,19.2000000000,464.4257906890,-1.748208000000e-04,6.063313000000e-05,-1.141876000000e-04
961,19.2200000000,464.9095675543,-1.711212000000e-04,6.063313000000e-05,-1.104881000000e-04
962,19.2400000000,465.3933444196,-1.674143000000e-04,6.063313000000e-05,-1.067812000000e-04
963,19.2600000000,465.8771212849,-1.637021000000e-04,6.063313000000e-05,-1.030690000000e-04
964,19.2800000000,466.3608981502,-1.599864000000e-04,6.063313000000e-05,-9.935327000000e-05
965,19.3000000000,466.8446750155,-1.562692000000e-04,6.063313000000e-05,-9.563602000000e-05
966,19.3200000000,467.3284518808,-1.525522000000e-04,6.063313000000e-05,-9.191910000000e-05
967,19.3400000000,467.8122287461,-1.488375000000e-04,6.063313000000e-05,-8.820441000000e-05
968,19.3600000000,468.2960056114,-1.451269000000e-04,6.063313000000e-05,-8.449382000000e-05
969,19.3800000000,468.7797824767,-1.414223000000e-04,6.063313000000e-05,-8.078920000000e-05
970,19.4000000000,469.2635593420,-1.377255000000e-04,6.063313000000e-05,-7.709241000000e-05
971,19.4200000000,469.7473362073,-1.340384000000e-04,6.063313000000e-05,-7.340531000000e-05
972,19.4400000000,470.2311130726,-1.303628000000e-04,6.063313000000e-05,-6.972972000000e-05
973,19.4600000000,470.7148899379,-1.267006000000e-04,6.063313000000e-05,-6.606746000000e-05
974,19.4800000000,471.1986668032,-1.230535000000e-04,6.063313000000e-05,-6.242035000000e-05
975,19.5000000000,471.6824436685,-1.194233000000e-04,6.063313000000e-05,-5.879017000000e-05
976,19.5200000000,472.1662205338,-1.158118000000e-04,6.063313000000e-05,-5.517870000000e-05
977,19.5400000000,472.6499973991,-1.122208000000e-04,6.063313000000e-05,-5.158770000000e-05
978,19.5600000000,473.1337742644,-1.086520000000e-04,6.063313000000e-05,-4.801890000000e-05
979,19.5800000000,473.6175511297,-1.051072000000e-04,6.063313000000e-05,-4.447402000000e-05
980,19.6000000000,474.1013279950,-1.015879000000e-04,6.063313000000e-05,-4.095477000000e-05
981,19.6200000000,474.5851048603,-9.809596000000e-05,6.063313000000e-05,-3.746283000000e-05
982,19.6400000000,475.0688817256,-9.463297000000e-05,6.063313000000e-05,-3.399984000000e-05
983,19.6600000000,475.5526585909,-9.120059000000e-05,6.063313000000e-05,-3.056745000000e-05
984,19.6800000000,476.0364354562,-8.780041000000e-05,6.063313000000e-05,-2.716728000000e-05
985,19.7000000000,476.5202123215,-8.443403000000e-05,6.063313000000e-05,-2.380090000000e-05
986,19.7200000000,477.0039891868,-8.110302000000e-05,6.063313000000e-05,-2.046989000000e-05
987,19.7400000000,477.4877660521,-7.780892000000e-05,6.063313000000e-05,-1.717579000000e-05
988,19.7600000000,477.9715429174,-7.455324000000e-05,6.063313000000e-05,-1.392011000000e-05
989,19.7800000000,478.4553197827,-7.133747000000e-05,6.063313000000e-05,-1.070434000000e-05
990,19.8000000000,478.9390966480,-6.816307000000e-05,6.063313000000e-05,-7.529939000000e-06
991,19.8200000000,479.4228735133,-6.503148000000e-05,6.063313000000e-05,-4.398348000000e-06
992,19.8400000000,479.9066503786,-6.194410000000e-05,6.063313000000e-05,-1.310971000000e-06
993,19.8600000000,480.3904272439,-5.890232000000e-05,6.063313000000e-05,1.730813000000e-06
994,19.8800000000,480.8742041092,-5.590748000000e-05,6.063313000000e-05,4.725653000000e-06
995,19.9000000000,481.3579809745,-5.296090000000e-05,6.063313000000e-05,7.672229000000e-06
996,19.9200000000,481.8417578398,-5.006388000000e-05,6.063313000000e-05,1.056925000000e-05
997,19.9400000000,482.3255347051,-4.721768000000e-05,6.063313000000e-05,1.341545000000e-05
998,19.9600000000,482.8093115704,-4.442352000000e-05,6.063313000000e-05,1.620961000000e-05
999,19.9800000000,483.2930884357,-4.168261000000e-05,6.063313000000e-05,1.895052000000e-05
1000,20.0000000000,483.7768653010,-3.899611000000e-05,6.063313000000e-05,2.163702000000e-05
1001,20.0200000000,484.2606421663,-3.636517000000e-05,6.063313000000e-05,2.426797000000e-05
1002,20.0400000000,484.7444190316,-3.379088000000e-05,6.063313000000e-05,2.684226000000e-05
1003,20.0600000000,485.2281958969,-3.127431000000e-05,6.063313000000e-05,2.935882000000e-05
1004,20.0800000000,485.7119727622,-2.881651000000e-05,6.063313000000e-05,3.181662000000e-05
1005,20.1000000000,486.1957496275,-2.641849000000e-05,6.063313000000e-05,3.421464000000e-05
1006,20.1200000000,486.6795264928,-2.408121000000e-05,6.063313000000e-05,3.655192000000e-05
1007,20.1400000000,487.1633033581,-2.180562000000e-05,6.063313000000e-05,3.882751000000e-05
1008,20.1600000000,487.6470802234,-1.959262000000e-05,6.063313000000e-05,4.104051000000e-05
1009,20.1800000000,488.1308570887,-1.744308000000e-05,6.063313000000e-05,4.319005000000e-05
1010,20.2000000000,488.6146339540,-1.535783000000e-05,6.063313000000e-05,4.527530000000e-05
1011,20.2200000000,489.0984108193,-1.333769000000e-05,6.063313000000e-05,4.729544000000e-05
1012,20.2400000000,489.5821876846,-1.138341000000e-05,6.063313000000e-05,4.924972000000e-05
1013,20.2600000000,490.0659645499,-9.495734000000e-06,6.063313000000e-05,5.113740000000e-05
1014,20.2800000000,490.5497414152,-7.675348000000e-06,6.063313000000e-05,5.295778000000e-05
1015,20.3000000000,491.0335182805,-5.922913000000e-06,6.063313000000e-05,5.471022000000e-05
1016,20.3200000000,491.5172951458,-4.239054000000e-06,6.063313000000e-05,5.639408000000e-05
1017,20.3400000000,492.0010720111,-2.624358000000e-06,6.063313000000e-05,5.800877000000e-05
1018,20.3600000000,492.4848488764,-1.079373000000e-06,6.063313000000e-05,5.955376000000e-05
1019,20.3800000000,492.9686257417,3.953865000000e-07,6.063313000000e-05,6.102852000000e-05
1020,20.4000000000,493.4524026070,1.799446000000e-06,6.063313000000e-05,6.243258000000e-05
1021,20.4200000000,493.9361794723,3.132368000000e-06,6.063313000000e-05,6.376550000000e-05
1022,20.4400000000,494.4199563376,4.393754000000e-06,6.063313000000e-05,6.502689000000e-05
1023,20.4600000000,494.9037332029,5.583241000000e-06,6.063313000000e-05,6.621637000000e-05
1024,20.4800000000,495.3875100682,6.700509000000e-06,6.063313000000e-05,6.733364000000e-05
1025,20.5000000000,495.8712869335,7.745274000000e-06,6.063313000000e-05,6.837841000000e-05
1026,20.5200000000,496.3550637988,8.717291000000e-06,6.063313000000e-05,6.935042000000e-05
1027,20.5400000000,496.8388406641,9.616358000000e-06,6.063313000000e-05,7.024949000000e-05
1028,20.5600000000,497.3226175294,1.044231000000e-05,6.063313000000e-05,7.107544000000e-05
1029,20.5800000000,497.8063943947,1.119503000000e-05,6.063313000000e-05,7.182816000000e-05
1030,20.6000000000,498.2901712600,1.187442000000e-05,6.063313000000e-05,7.250755000000e-05
1031,20.6200000000,498.7739481253,1.248045000000e-05,6.063313000000e-05,7.311359000000e-05
1032,20.6400000000,499.2577249906,1.301313000000e-05,6.063313000000e-05,7.364626000000e-05
1033,20.6600000000,499.7415018559,1.347248000000e-05,6.063313000000e-05,7.410561000000e-05
1034,20.6800000000,500.2252787212,1.385860000000e-05,6.063313000000e-05,7.449173000000e-05
1035,20.7000000000,500.7090555865,1.417162000000e-05,6.063313000000e-05,7.480475000000e-05
1036,20.7200000000,501.1928324518,1.441169000000e-05,6.063313000000e-05,7.504483000000e-05
1037,20.7400000000,501.6766093171,1.457905000000e-05,6.063313000000e-05,7.521218000000e-05
1038,20.7600000000,502.1603861824,1.467394000000e-05,6.063313000000e-05,7.530708000000e-05
1039,20.7800000000,502.6441630477,1.469667000000e-05,6.063313000000e-05,7.532981000000e-05
1040,20.8000000000,503.1279399130,1.464759000000e-05,6.063313000000e-05,7.528072000000e-05
1041,20.8200000000,503.6117167783,1.452708000000e-05,6.063313000000e-05,7.516021000000e-05
1042,20.8400000000,504.0954936436,1.433559000000e-05,6.063313000000e-05,7.496872000000e-05
1043,20.8600000000,504.5792705089,1.407359000000e-05,6.063313000000e-05,7.470672000000e-05
1044,20.8800000000,505.0630473742,1.374161000000e-05,6.063313000000e-05,7.437474000000e-05
1045,20.9000000000,505.5468242395,1.334023000000e-05,6.063313000000e-05,7.397336000000e-05
1046,20.9200000000,506.0306011048,1.287006000000e-05,6.063313000000e-05,7.350319000000e-05
1047,20.9400000000,506.5143779701,1.233178000000e-05,6.063313000000e-05,7.296491000000e-05
1048,20.9600000000,506.9981548354,1.172610000000e-05,6.063313000000e-05,7.235923000000e-05
1049,20.9800000000,507.4819317007,1.105377000000e-05,6.063313000000e-05,7.168690000000e-05
1050,21.0000000000,507.9657085661,1.031560000000e-05,6.063313000000e-05,7.094874000000e-05
1051,21.0200000000,508.4494854314,9.512457000000e-06,6.063313000000e-05,7.014559000000e-05
1052,21.0400000000,508.9332622967,8.645229000000e-06,6.063313000000e-05,6.927836000000e-05
1053,21.0600000000,509.4170391620,7.714870000000e-06,6.063313000000e-05,6.834800000000e-05
1054,21.0800000000,509.9008160273,6.722373000000e-06,6.063313000000e-05,6.735551000000e-05
1055,21.1000000000,510.3845928926,5.668783000000e-06,6.063313000000e-05,6.630191000000e-05
1056,21.1200000000,510.8683697579,4.555187000000e-06,6.063313000000e-05,6.518832000000e-05
1057,21.1400000000,511.3521466232,3.382722000000e-06,6.063313000000e-05,6.401585000000e-05
1058,21.1600000000,511.8359234885,2.152572000000e-06,6.063313000000e-05,6.278570000000e-05
1059,21.1800000000,512.3197003538,8.659639000000e-07,6.063313000000e-05,6.149910000000e-05
1060,21.2000000000,512.8034772191,-4.758263000000e-07,6.063313000000e-05,6.015731000000e-05
1061,21.2200000000,513.2872540844,-1.871479000000e-06,6.063313000000e-05,5.876165000000e-05
1062,21.2400000000,513.7710309497,-3.319628000000e-06,6.063313000000e-05,5.731350000000e-05
1063,21.2600000000,514.2548078150,-4.818864000000e-06,6.063313000000e-05,5.581427000000e-05
1064,21.2800000000,514.7385846803,-6.367734000000e-06,6.063313000000e-05,5.426540000000e-05
1065,21.3000000000,515.2223615456,-7.964739000000e-06,6.063313000000e-05,5.266839000000e-05
1066,21.3200000000,515.7061384109,-9.608341000000e-06,6.063313000000e-05,5.102479000000e-05
1067,21.3400000000,516.1899152762,-1.129696000000e-05,6.063313000000e-05,4.933617000000e-05
1068,21.3600000000,516.6736921415,-1.302897000000e-05,6.063313000000e-05,4.760417000000e-05
1069,21.3800000000,517.1574690068,-1.480270000000e-05,6.063313000000e-05,4.583043000000e-05
1070,21.4000000000,517.6412458721,-1.661647000000e-05,6.063313000000e-05,4.401666000000e-05
1071,21.4200000000,518.1250227374,-1.846852000000e-05,6.063313000000e-05,4.216461000000e-05
1072,21.4400000000,518.6087996027,-2.035709000000e-05,6.063313000000e-05,4.027604000000e-05
1073,21.4600000000,519.0925764680,-2.228035000000e-05,6.063313000000e-05,3.835278000000e-05
1074,21.4800000000,519.5763533333,-2.423647000000e-05,6.063313000000e-05,3.639667000000e-05
1075,21.5000000000,520.0601301986,-2.622355000000e-05,6.063313000000e-05,3.440958000000e-05
1076,21.5200000000,520.5439070639,-2.823969000000e-05,6.063313000000e-05,3.239344000000e-05
1077,21.5400000000,521.0276839292,-3.028295000000e-05,6.063313000000e-05,3.035018000000e-05
1078,21.5600000000,521.5114607945,-3.235135000000e-05,6.063313000000e-05,2.828178000000e-05
1079,21.5800000000,521.9952376598,-3.444290000000e-05,6.063313000000e-05,2.619023000000e-05
1080,21.6000000000,522.4790145251,-3.655557000000e-05,6.063313000000e-05,2.407756000000e-05
1081,21.6200000000,522.9627913904,-3.868731000000e-05,6.063313000000e-05,2.194583000000e-05
1082,21.6400000000,523.4465682557,-4.083604000000e-05,6.063313000000e-05,1.979709000000e-05
1083,21.6600000000,523.9303451210,-4.299969000000e-05,6.063313000000e-05,1.763344000000e-05
1084,21.6800000000,524.4141219863,-4.517613000000e-05,6.063313000000e-05,1.545700000000e-05
1085,21.7000000000,524.8978988516,-4.736325000000e-05,6.063313000000e-05,1.326988000000e-05
1086,21.7200000000,525.3816757169,-4.955889000000e-05,6.063313000000e-05,1.107424000000e-05
1087,21.7400000000,525.8654525822,-5.176091000000e-05,6.063313000000e-05,8.872225000000e-06
1088,21.7600000000,526.3492294475,-5.396713000000e-05,6.063313000000e-05,6.666002000000e-06
1089,21.7800000000,526.8330063128,-5.617538000000e-05,6.063313000000e-05,4.457748000000e-06
1090,21.8000000000,527.3167831781,-5.838349000000e-05,6.063313000000e-05,2.249644000000e-06
1091,21.8200000000,527.8005600434,-6.058926000000e-05,6.063313000000e-05,4.387648000000e-08
1092,21.8400000000,528.2843369087,-6.279050000000e-05,6.063313000000e-05,-2.157365000000e-06
1093,21.8600000000,528.7681137740,-6.498502000000e-05,6.063313000000e-05,-4.351890000000e-06
1094,21.8800000000,529.2518906393,-6.717064000000e-05,6.063313000000e-05,-6.537512000000e-06
1095,21.9000000000,529.7356675046,-6.934518000000e-05,6.063313000000e-05,-8.712044000000e-06
1096,21.9200000000,530.2194443699,-7.150644000000e-05,6.063313000000e-05,-1.087331000000e-05
1097,21.9400000000,530.7032212352,-7.365227000000e-05,6.063313000000e-05,-1.301914000000e-05
1098,21.9600000000,531.1869981005,-7.578050000000e-05,6.063313000000e-05,-1.514737000000e-05
1099,21.9800000000,531.6707749658,-7.788898000000e-05,6.063313000000e-05,-1.725585000000e-05
1100,22.0000000000,532.1545518311,-7.997559000000e-05,6.063313000000e-05,-1.934246000000e-05
1101,22.0200000000,532.6383286964,-8.203820000000e-05,6.063313000000e-05,-2.140507000000e-05
1102,22.0400000000,533.1221055617,-8.407471000000e-05,6.063313000000e-05,-2.344158000000e-05
1103,22.0600000000,533.6058824270,-8.608306000000e-05,6.063313000000e-05,-2.544993000000e-05
1104,22.0800000000,534.0896592923,-8.806118000000e-05,6.063313000000e-05,-2.742805000000e-05
1105,22.1000000000,534.5734361576,-9.000704000000e-05,6.063313000000e-05,-2.937391000000e-05
1106,22.1200000000,535.0572130229,-9.191865000000e-05,6.063313000000e-05,-3.128552000000e-05
1107,22.1400000000,535.5409898882,-9.379402000000e-05,6.063313000000e-05,-3.316089000000e-05
1108,22.1600000000,536.0247667535,-9.563122000000e-05,6.063313000000e-05,-3.499809000000e-05
1109,22.1800000000,536.5085436188,-9.742833000000e-05,6.063313000000e-05,-3.679520000000e-05
1110,22.2000000000,536.9923204841,-9.918348000000e-05,6.063313000000e-05,-3.855035000000e-05
1111,22.2200000000,537.4760973494,-1.008948000000e-04,6.063313000000e-05,-4.026170000000e-05
1112,22.2400000000,537.9598742147,-1.025606000000e-04,6.063313000000e-05,-4.192744000000e-05
1113,22.2600000000,538.4436510800,-1.041789000000e-04,6.063313000000e-05,-4.354580000000e-05
1114,22.2800000000,538.9274279453,-1.057482000000e-04,6.063313000000e-05,-4.511507000000e-05
1115,22.3000000000,539.4112048106,-1.072667000000e-04,6.063313000000e-05,-4.663357000000e-05
1116,22.3200000000,539.8949816759,-1.087328000000e-04,6.063313000000e-05,-4.809965000000e-05
1117,22.3400000000,540.3787585412,-1.101449000000e-04,6.063313000000e-05,-4.951173000000e-05
1118,22.3600000000,540.8625354065,-1.115014000000e-04,6.063313000000e-05,-5.086825000000e-05
1119,22.3800000000,541.3463122718,-1.128009000000e-04,6.063313000000e-05,-5.216772000000e-05
1120,22.4000000000,541.8300891371,-1.140418000000e-04,6.063313000000e-05,-5.340868000000e-05
1121,22.4200000000,542.3138660024,-1.152229000000e-04,6.063313000000e-05,-5.458975000000e-05
1122,22.4400000000,542.7976428677,-1.163427000000e-04,6.063313000000e-05,-5.570955000000e-05
1123,22.4600000000,543.2814197330,-1.173999000000e-04,6.063313000000e-05,-5.676680000000e-05
1124,22.4800000000,543.7651965983,-1.183934000000e-04,6.063313000000e-05,-5.776025000000e-05
1125,22.5000000000,544.2489734636,-1.193218000000e-04,6.063313000000e-05,-5.868869000000e-05
1126,22.5200000000,544.7327503289,-1.201841000000e-04,6.063313000000e-05,-5.955100000000e-05
1127,22.5400000000,545.2165271942,-1.209792000000e-04,6.063313000000e-05,-6.034608000000e-05
1128,22.5600000000,545.7003040595,-1.217060000000e-04,6.063313000000e-05,-6.107289000000e-05
1129,22.5800000000,546.1840809248,-1.223636000000e-04,6.063313000000e-05,-6.173047000000e-05
1130,22.6000000000,546.6678577901,-1.229510000000e-04,6.063313000000e-05,-6.231787000000e-05
1131,22.6200000000,547.1516346554,-1.234674000000e-04,6.063313000000e-05,-6.283425000000e-05
1132,22.6400000000,547.6354115207,-1.239119000000e-04,6.063313000000e-05,-6.327877000000e-05
1133,22.6600000000,548.1191883860,-1.242838000000e-04,6.063313000000e-05,-6.365068000000e-05
1134,22.6800000000,548.6029652513,-1.245824000000e-04,6.063313000000e-05,-6.394929000000e-05
1135,22.7000000000,549.0867421166,-1.248071000000e-04,6.063313000000e-05,-6.417393000000e-05
1136,22.7200000000,549.5705189819,-1.249572000000e-04,6.063313000000e-05,-6.432403000000e-05
1137,22.7400000000,550.0542958472,-1.250322000000e-04,6.063313000000e-05,-6.439903000000e-05
1138,22.7600000000,550.5380727125,-1.250316000000e-04,6.063313000000e-05,-6.439846000000e-05
1139,22.7800000000,551.0218495778,-1.249550000000e-04,6.063313000000e-05,-6.432189000000e-05
1140,22.8000000000,551.5056264431,-1.248021000000e-04,6.063313000000e-05,-6.416894000000e-05
1141,22.8200000000,551.9894033084,-1.245724000000e-04,6.063313000000e-05,-6.393929000000e-05
1142,22.8400000000,552.4731801737,-1.242658000000e-04,6.063313000000e-05,-6.363267000000e-05
1143,22.8600000000,552.9569570390,-1.238820000000e-04,6.063313000000e-05,-6.324886000000e-05
1144,22.8800000000,553.4407339043,-1.234208000000e-04,6.063313000000e-05,-6.278770000000e-05
1145,22.9000000000,553.9245107696,-1.228822000000e-04,6.063313000000e-05,-6.224908000000e-05
1146,22.9200000000,554.4082876349,-1.222660000000e-04,6.063313000000e-05,-6.163292000000e-05
1147,22.9400000000,554.8920645002,-1.215723000000e-04,6.063313000000e-05,-6.093921000000e-05
1148,22.9600000000,555.3758413655,-1.208011000000e-04,6.063313000000e-05,-6.016799000000e-05
1149,22.9800000000,555.8596182308,-1.199525000000e-04,6.063313000000e-05,-5.931934000000e-05
1150,23.0000000000,556.3433950961,-1.190265000000e-04,6.063313000000e-05,-5.839339000000e-05
1151,23.0200000000,556.8271719615,-1.180234000000e-04,6.063313000000e-05,-5.739031000000e-05
1152,23.0400000000,557.3109488268,-1.169435000000e-04,6.063313000000e-05,-5.631032000000e-05
1153,23.0600000000,557.7947256921,-1.157868000000e-04,6.063313000000e-05,-5.515369000000e-05
1154,23.0800000000,558.2785025574,-1.145539000000e-04,6.063313000000e-05,-5.392073000000e-05
1155,23.1000000000,558.7622794227,-1.132449000000e-04,6.063313000000e-05,-5.261178000000e-05
1156,23.1200000000,559.2460562880,-1.118604000000e-04,6.063313000000e-05,-5.122724000000e-05
1157,23.1400000000,559.7298331533,-1.104007000000e-04,6.063313000000e-05,-4.976754000000e-05
1158,23.1600000000,560.2136100186,-1.088663000000e-04,6.063313000000e-05,-4.823316000000e-05
1159,23.1800000000,560.6973868839,-1.072577000000e-04,6.063313000000e-05,-4.662461000000e-05
1160,23.2000000000,561.1811637492,-1.055756000000e-04,6.063313000000e-05,-4.494243000000e-05
1161,23.2200000000,561.6649406145,-1.038203000000e-04,6.063313000000e-05,-4.318721000000e-05
1162,23.2400000000,562.1487174798,-1.019927000000e-04,6.063313000000e-05,-4.135958000000e-05
1163,23.2600000000,562.6324943451,-1.000933000000e-04,6.063313000000e-05,-3.946020000000e-05
1164,23.2800000000,563.1162712104,-9.812287000000e-05,6.063313000000e-05,-3.748974000000e-05
1165,23.3000000000,563.6000480757,-9.608207000000e-05,6.063313000000e-05,-3.544894000000e-05
1166,23.3200000000,564.0838249410,-9.397169000000e-05,6.063313000000e-05,-3.333856000000e-05
1167,23.3400000000,564.5676018063,-9.179251000000e-05,6.063313000000e-05,-3.115938000000e-05
1168,23.3600000000,565.0513786716,-8.954535000000e-05,6.063313000000e-05,-2.891222000000e-05
1169,23.3800000000,565.5351555369,-8.723106000000e-05,6.063313000000e-05,-2.659793000000e-05
1170,23.4000000000,566.0189324022,-8.485052000000e-05,6.063313000000e-05,-2.421739000000e-05
1171,23.4200000000,566.5027092675,-8.240463000000e-05,6.063313000000e-05,-2.177150000000e-05
1172,23.4400000000,566.9864861328,-7.989432000000e-05,6.063313000000e-05,-1.926119000000e-05
1173,23.4600000000,567.4702629981,-7.732056000000e-05,6.063313000000e-05,-1.668743000000e-05
1174,23.4800000000,567.9540398634,-7.468433000000e-05,6.063313000000e-05,-1.405119000000e-05
1175,23.5000000000,568.4378167287,-7.198663000000e-05,6.063313000000e-05,-1.135349000000e-05
1176,23.5200000000,568.9215935940,-6.922850000000e-05,6.063313000000e-05,-8.595366000000e-06
1177,23.5400000000,569.4053704593,-6.641100000000e-05,6.063313000000e-05,-5.777865000000e-06
1178,23.5600000000,569.8891473246,-6.353520000000e-05,6.063313000000e-05,-2.902071000000e-06
1179,23.5800000000,570.3729241899,-6.060222000000e-05,6.063313000000e-05,3.091300000000e-08
1180,23.6000000000,570.8567010552,-5.761317000000e-05,6.063313000000e-05,3.019964000000e-06
1181,23.6200000000,571.3404779205,-5.456920000000e-05,6.063313000000e-05,6.063936000000e-06
1182,23.6400000000,571.8242547858,-5.147147000000e-05,6.063313000000e-05,9.161666000000e-06
1183,23.6600000000,572.3080316511,-4.832117000000e-05,6.063313000000e-05,1.231197000000e-05
1184,23.6800000000,572.7918085164,-4.511950000000e-05,6.063313000000e-05,1.551364000000e-05
1185,23.7000000000,573.2755853817,-4.186768000000e-05,6.063313000000e-05,1.876545000000e-05
1186,23.7200000000,573.7593622470,-3.856696000000e-05,6.063313000000e-05,2.206617000000e-05
1187,23.7400000000,574.2431391123,-3.521860000000e-05,6.063313000000e-05,2.541454000000e-05
1188,23.7600000000,574.7269159776,-3.182386000000e-05,6.063313000000e-05,2.880927000000e-05
1189,23.7800000000,575.2106928429,-2.838405000000e-05,6.063313000000e-05,3.224909000000e-05
1190,23.8000000000,575.6944697082,-2.490046000000e-05,6.063313000000e-05,3.573267000000e-05
1191,23.8200000000,576.1782465735,-2.137443000000e-05,6.063313000000e-05,3.925870000000e-05
1192,23.8400000000,576.6620234388,-1.780729000000e-05,6.063313000000e-05,4.282584000000e-05
1193,23.8600000000,577.1458003041,-1.420040000000e-05,6.063313000000e-05,4.643273000000e-05
1194,23.8800000000,577.6295771694,-1.055512000000e-05,6.063313000000e-05,5.007801000000e-05
1195,23.9000000000,578.1133540347,-6.872838000000e-06,6.063313000000e-05,5.376029000000e-05
1196,23.9200000000,578.5971309000,-3.154945000000e-06,6.063313000000e-05,5.747819000000e-05
1197,23.9400000000,579.0809077653,5.971506000000e-07,6.063313000000e-05,6.123028000000e-05
1198,23.9600000000,579.5646846306,4.382029000000e-06,6.063313000000e-05,6.501516000000e-05
1199,23.9800000000,580.0484614959,8.198258000000e-06,6.063313000000e-05,6.883139000000e-05
1200,24.0000000000,580.5322383612,1.204440000000e-05,6.063313000000e-05,7.267753000000e-05
1201,24.0200000000,581.0160152265,1.591899000000e-05,6.063313000000e-05,7.655212000000e-05
1202,24.0400000000,581.4997920918,1.982057000000e-05,6.063313000000e-05,8.045370000000e-05
1203,24.0600000000,581.9835689571,2.374766000000e-05,6.063313000000e-05,8.438080000000e-05
1204,24.0800000000,582.4673458224,2.769879000000e-05,6.063313000000e-05,8.833192000000e-05
1205,24.1000000000,582.9511226877,3.167246000000e-05,6.063313000000e-05,9.230559000000e-05
1206,24.1200000000,583.4348995530,3.566716000000e-05,6.063313000000e-05,9.630030000000e-05
1207,24.1400000000,583.9186764183,3.968140000000e-05,6.063313000000e-05,1.003145000000e-04
1208,24.1600000000,584.4024532836,4.371365000000e-05,6.063313000000e-05,1.043468000000e-04
1209,24.1800000000,584.8862301489,4.776239000000e-05,6.063313000000e-05,1.083955000000e-04
1210,24.2000000000,585.3700070142,5.182609000000e-05,6.063313000000e-05,1.124592000000e-04
1211,24.2200000000,585.8537838795,5.590322000000e-05,6.063313000000e-05,1.165363000000e-04
1212,24.2400000000,586.3375607448,5.999223000000e-05,6.063313000000e-05,1.206254000000e-04
1213,24.2600000000,586.8213376101,6.409159000000e-05,6.063313000000e-05,1.247247000000e-04
1214,24.2800000000,587.3051144754,6.819975000000e-05,6.063313000000e-05,1.288329000000e-04
1215,24.3000000000,587.7888913407,7.231514000000e-05,6.063313000000e-05,1.329483000000e-04
1216,24.3200000000,588.2726682060,7.643623000000e-05,6.063313000000e-05,1.370694000000e-04
1217,24.3400000000,588.7564450713,8.056146000000e-05,6.063313000000e-05,1.411946000000e-04
1218,24.3600000000,589.2402219366,8.468926000000e-05,6.063313000000e-05,1.453224000000e-04
1219,24.3800000000,589.7239988019,8.881809000000e-05,6.063313000000e-05,1.494512000000e-04
1220,24.4000000000,590.2077756672,9.294637000000e-05,6.063313000000e-05,1.535795000000e-04
1221,24.4200000000,590.6915525325,9.707257000000e-05,6.063313000000e-05,1.577057000000e-04
1222,24.4400000000,591.1753293978,1.011951000000e-04,6.063313000000e-05,1.618282000000e-04
1223,24.4600000000,591.6591062631,1.053125000000e-04,6.063313000000e-05,1.659456000000e-04
1224,24.4800000000,592.1428831284,1.094231000000e-04,6.063313000000e-05,1.700562000000e-04
1225,24.5000000000,592.6266599937,1.135253000000e-04,6.063313000000e-05,1.741585000000e-04
1226,24.5200000000,593.1104368590,1.176178000000e-04,6.063313000000e-05,1.782509000000e-04
1227,24.5400000000,593.5942137243,1.216989000000e-04,6.063313000000e-05,1.823320000000e-04
1228,24.5600000000,594.0779905896,1.257670000000e-04,6.063313000000e-05,1.864002000000e-04
1229,24.5800000000,594.5617674549,1.298208000000e-04,6.063313000000e-05,1.904539000000e-04
1230,24.6000000000,595.0455443202,1.338585000000e-04,6.063313000000e-05,1.944917000000e-04
1231,24.6200000000,595.5293211855,1.378788000000e-04,6.063313000000e-05,1.985120000000e-04
1232,24.6400000000,596.0130980508,1.418802000000e-04,6.063313000000e-05,2.025133000000e-04
1233,24.6600000000,596.4968749161,1.458610000000e-04,6.063313000000e-05,2.064942000000e-04
1234,24.6800000000,596.9806517814,1.498200000000e-04,6.063313000000e-05,2.104531000000e-04
1235,24.7000000000,597.4644286467,1.537555000000e-04,6.063313000000e-05,2.143886000000e-04
1236,24.7200000000,597.9482055120,1.576661000000e-04,6.063313000000e-05,2.182992000000e-04
1237,24.7400000000,598.4319823773,1.615504000000e-04,6.063313000000e-05,2.221835000000e-04
1238,24.7600000000,598.9157592426,1.654069000000e-04,6.063313000000e-05,2.260401000000e-04
1239,24.7800000000,599.3995361079,1.692343000000e-04,6.063313000000e-05,2.298674000000e-04
1240,24.8000000000,599.8833129732,1.730310000000e-04,6.063313000000e-05,2.336641000000e-04
1241,24.8200000000,600.3670898385,1.767957000000e-04,6.063313000000e-05,2.374289000000e-04
1242,24.8400000000,600.8508667038,1.805271000000e-04,6.063313000000e-05,2.411602000000e-04
1243,24.8600000000,601.3346435691,1.842237000000e-04,6.063313000000e-05,2.448568000000e-04
1244,24.8800000000,601.8184204344,1.878842000000e-04,6.063313000000e-05,2.485174000000e-04
1245,24.9000000000,602.3021972997,1.915073000000e-04,6.063313000000e-05,2.521404000000e-04
1246,24.9200000000,602.7859741650,1.950916000000e-04,6.063313000000e-05,2.557248000000e-04
1247,24.9400000000,603.2697510303,1.986359000000e-04,6.063313000000e-05,2.592691000000e-04
1248,24.9600000000,603.7535278956,2.021389000000e-04,6.063313000000e-05,2.627721000000e-04
1249,24.9800000000,604.2373047609,2.055993000000e-04,6.063313000000e-05,2.662325000000e-04
1250,25.0000000000,604.7210816262,2.090159000000e-04,6.063313000000e-05,2.696490000000e-04
1251,25.0200000000,605.2048584916,2.123874000000e-04,6.063313000000e-05,2.730206000000e-04
1252,25.0400000000,605.6886353569,2.157127000000e-04,6.063313000000e-05,2.763458000000e-04
1253,25.0600000000,606.1724122222,2.189905000000e-04,6.063313000000e-05,2.796237000000e-04
1254,25.0800000000,606.6561890875,2.222198000000e-04,6.063313000000e-05,2.828529000000e-04
1255,25.1000000000,607.1399659528,2.253993000000e-04,6.063313000000e-05,2.860324000000e-04
1256,25.1200000000,607.6237428181,2.285280000000e-04,6.063313000000e-05,2.891611000000e-04
1257,25.1400000000,608.1075196834,2.316047000000e-04,6.063313000000e-05,2.922378000000e-04
1258,25.1600000000,608.5912965487,2.346284000000e-04,6.063313000000e-05,2.952615000000e-04
1259,25.1800000000,609.0750734140,2.375980000000e-04,6.063313000000e-05,2.982311000000e-04
1260,25.2000000000,609.5588502793,2.405125000000e-04,6.063313000000e-05,3.011456000000e-04
1261,25.2200000000,610.0426271446,2.433708000000e-04,6.063313000000e-05,3.040040000000e-04
1262,25.2400000000,610.5264040099,2.461721000000e-04,6.063313000000e-05,3.068052000000e-04
1263,25.2600000000,611.0101808752,2.489153000000e-04,6.063313000000e-05,3.095484000000e-04
1264,25.2800000000,611.4939577405,2.515995000000e-04,6.063313000000e-05,3.122326000000e-04
1265,25.3000000000,611.9777346058,2.542237000000e-04,6.063313000000e-05,3.148568000000e-04
1266,25.3200000000,612.4615114711,2.567871000000e-04,6.063313000000e-05,3.174202000000e-04
1267,25.3400000000,612.9452883364,2.592888000000e-04,6.063313000000e-05,3.199220000000e-04
1268,25.3600000000,613.4290652017,2.617280000000e-04,6.063313000000e-05,3.223611000000e-04
1269,25.3800000000,613.9128420670,2.641038000000e-04,6.063313000000e-05,3.247370000000e-04
1270,25.4000000000,614.3966189323,2.664155000000e-04,6.063313000000e-05,3.270486000000e-04
1271,25.4200000000,614.8803957976,2.686622000000e-04,6.063313000000e-05,3.292953000000e-04
1272,25.4400000000,615.3641726629,2.708432000000e-04,6.063313000000e-05,3.314763000000e-04
1273,25.4600000000,615.8479495282,2.729577000000e-04,6.063313000000e-05,3.335909000000e-04
1274,25.4800000000,616.3317263935,2.750052000000e-04,6.063313000000e-05,3.356383000000e-04
1275,25.5000000000,616.8155032588,2.769848000000e-04,6.063313000000e-05,3.376179000000e-04
1276,25.5200000000,617.2992801241,2.788959000000e-04,6.063313000000e-05,3.395290000000e-04
1277,25.5400000000,617.7830569894,2.807379000000e-04,6.063313000000e-05,3.413710000000e-04
1278,25.5600000000,618.2668338547,2.825102000000e-04,6.063313000000e-05,3.431433000000e-04
1279,25.5800000000,618.7506107200,2.842121000000e-04,6.063313000000e-05,3.448452000000e-04
1280,25.6000000000,619.2343875853,2.858432000000e-04,6.063313000000e-05,3.464763000000e-04
1281,25.6200000000,619.7181644506,2.874028000000e-04,6.063313000000e-05,3.480359000000e-04
1282,25.6400000000,620.2019413159,2.888904000000e-04,6.063313000000e-05,3.495235000000e-04
1283,25.6600000000,620.6857181812,2.903056000000e-04,6.063313000000e-05,3.509387000000e-04
1284,25.6800000000,621.1694950465,2.916478000000e-04,6.063313000000e-05,3.522810000000e-04
1285,25.7000000000,621.6532719118,2.929167000000e-04,6.063313000000e-05,3.535498000000e-04
1286,25.7200000000,622.1370487771,2.941117000000e-04,6.063313000000e-05,3.547449000000e-04
1287,25.7400000000,622.6208256424,2.952325000000e-04,6.063313000000e-05,3.558657000000e-04
1288,25.7600000000,623.1046025077,2.962787000000e-04,6.063313000000e-05,3.569119000000e-04
1289,25.7800000000,623.5883793730,2.972499000000e-04,6.063313000000e-05,3.578830000000e-04
1290,25.8000000000,624.0721562383,2.981458000000e-04,6.063313000000e-05,3.587789000000e-04
1291,25.8200000000,624.5559331036,2.989660000000e-04,6.063313000000e-05,3.595991000000e-04
1292,25.8400000000,625.0397099689,2.997103000000e-04,6.063313000000e-05,3.603434000000e-04
1293,25.8600000000,625.5234868342,3.003783000000e-04,6.063313000000e-05,3.610114000000e-04
1294,25.8800000000,626.0072636995,3.009699000000e-04,6.063313000000e-05,3.616030000000e-04
1295,25.9000000000,626.4910405648,3.014847000000e-04,6.063313000000e-05,3.621178000000e-04
1296,25.9200000000,626.9748174301,3.019226000000e-04,6.063313000000e-05,3.625557000000e-04
1297,25.9400000000,627.4585942954,3.022834000000e-04,6.063313000000e-05,3.629165000000e-04
1298,25.9600000000,627.9423711607,3.025669000000e-04,6.063313000000e-05,3.632000000000e-04
1299,25.9800000000,628.4261480260,3.027729000000e-04,6.063313000000e-05,3.634060000000e-04
1300,26.0000000000,628.9099248913,3.029014000000e-04,6.063313000000e-05,3.635345000000e-04
1301,26.0200000000,629.3937017566,3.029522000000e-04,6.063313000000e-05,3.635853000000e-04
1302,26.0400000000,629.8774786219,3.029252000000e-04,6.063313000000e-05,3.635584000000e-04
1303,26.0600000000,630.3612554872,3.028204000000e-04,6.063313000000e-05,3.634536000000e-04
1304,26.0800000000,630.8450323525,3.026378000000e-04,6.063313000000e-05,3.632709000000e-04
1305,26.1000000000,631.3288092178,3.023772000000e-04,6.063313000000e-05,3.630104000000e-04
1306,26.1200000000,631.8125860831,3.020388000000e-04,6.063313000000e-05,3.626719000000e-04
1307,26.1400000000,632.2963629484,3.016225000000e-04,6.063313000000e-05,3.622556000000e-04
1308,26.1600000000,632.7801398137,3.011283000000e-04,6.063313000000e-05,3.617614000000e-04
1309,26.1800000000,633.2639166790,3.005564000000e-04,6.063313000000e-05,3.611895000000e-04
1310,26.2000000000,633.7476935443,2.999068000000e-04,6.063313000000e-05,3.605399000000e-04
1311,26.2200000000,634.2314704096,2.991796000000e-04,6.063313000000e-05,3.598127000000e-04
1312,26.2400000000,634.7152472749,2.983749000000e-04,6.063313000000e-05,3.590081000000e-04
1313,26.2600000000,635.1990241402,2.974930000000e-04,6.063313000000e-05,3.581261000000e-04
1314,26.2800000000,635.6828010055,2.965339000000e-04,6.063313000000e-05,3.571670000000e-04
1315,26.3000000000,636.1665778708,2.954978000000e-04,6.063313000000e-05,3.561309000000e-04
1316,26.3200000000,636.6503547361,2.943850000000e-04,6.063313000000e-05,3.550181000000e-04
1317,26.3400000000,637.1341316014,2.931957000000e-04,6.063313000000e-05,3.538288000000e-04
1318,26.3600000000,637.6179084667,2.919301000000e-04,6.063313000000e-05,3.525632000000e-04
1319,26.3800000000,638.1016853320,2.905885000000e-04,6.063313000000e-05,3.512217000000e-04
1320,26.4000000000,638.5854621973,2.891713000000e-04,6.063313000000e-05,3.498045000000e-04
1321,26.4200000000,639.0692390626,2.876787000000e-04,6.063313000000e-05,3.483119000000e-04
1322,26.4400000000,639.5530159279,2.861111000000e-04,6.063313000000e-05,3.467443000000e-04
1323,26.4600000000,640.0367927932,2.844689000000e-04,6.063313000000e-05,3.451020000000e-04
1324,26.4800000000,640.5205696585,2.827523000000e-04,6.063313000000e-05,3.433855000000e-04
1325,26.5000000000,641.0043465238,2.809620000000e-04,6.063313000000e-05,3.415951000000e-04
1326,26.5200000000,641.4881233891,2.790982000000e-04,6.063313000000e-05,3.397313000000e-04
1327,26.5400000000,641.9719002544,2.771614000000e-04,6.063313000000e-05,3.377946000000e-04
1328,26.5600000000,642.4556771197,2.751522000000e-04,6.063313000000e-05,3.357854000000e-04
1329,26.5800000000,642.9394539850,2.730710000000e-04,6.063313000000e-05,3.337042000000e-04
1330,26.6000000000,643.4232308503,2.709184000000e-04,6.063313000000e-05,3.315516000000e-04
1331,26.6200000000,643.9070077156,2.686949000000e-04,6.063313000000e-05,3.293280000000e-04
1332,26.6400000000,644.3907845809,2.664011000000e-04,6.063313000000e-05,3.270342000000e-04
1333,26.6600000000,644.8745614462,2.640376000000e-04,6.063313000000e-05,3.246707000000e-04
1334,26.6800000000,645.3583383115,2.616050000000e-04,6.063313000000e-05,3.222381000000e-04
1335,26.7000000000,645.8421151768,2.591040000000e-04,6.063313000000e-05,3.197371000000e-04
1336,26.7200000000,646.3258920421,2.565352000000e-04,6.063313000000e-05,3.171684000000e-04
1337,26.7400000000,646.8096689074,2.538995000000e-04,6.063313000000e-05,3.145326000000e-04
1338,26.7600000000,647.2934457727,2.511974000000e-04,6.063313000000e-05,3.118305000000e-04
1339,26.7800000000,647.7772226380,2.484298000000e-04,6.063313000000e-05,3.090629000000e-04
1340,26.8000000000,648.2609995033,2.455975000000e-04,6.063313000000e-05,3.062306000000e-04
1341,26.8200000000,648.7447763686,2.427012000000e-04,6.063313000000e-05,3.033343000000e-04
1342,26.8400000000,649.2285532339,2.397419000000e-04,6.063313000000e-05,3.003750000000e-04
1343,26.8600000000,649.7123300992,2.367203000000e-04,6.063313000000e-05,2.973534000000e-04
1344,26.8800000000,650.1961069645,2.336374000000e-04,6.063313000000e-05,2.942705000000e-04
1345,26.9000000000,650.6798838298,2.304941000000e-04,6.063313000000e-05,2.911273000000e-04
1346,26.9200000000,651.1636606951,2.272915000000e-04,6.063313000000e-05,2.879246000000e-04
1347,26.9400000000,651.6474375604,2.240303000000e-04,6.063313000000e-05,2.846635000000e-04
1348,26.9600000000,652.1312144257,2.207118000000e-04,6.063313000000e-05,2.813449000000e-04
1349,26.9800000000,652.6149912910,2.173369000000e-04,6.063313000000e-05,2.779700000000e-04
1350,27.0000000000,653.0987681564,2.139067000000e-04,6.063313000000e-05,2.745398000000e-04
1351,27.0200000000,653.5825450217,2.104223000000e-04,6.063313000000e-05,2.710555000000e-04
1352,27.0400000000,654.0663218870,2.068850000000e-04,6.063313000000e-05,2.675181000000e-04
1353,27.0600000000,654.5500987523,2.032957000000e-04,6.063313000000e-05,2.639288000000e-04
1354,27.0800000000,655.0338756176,1.996558000000e-04,6.063313000000e-05,2.602889000000e-04
1355,27.1000000000,655.5176524829,1.959665000000e-04,6.063313000000e-05,2.565996000000e-04
1356,27.1200000000,656.0014293482,1.922290000000e-04,6.063313000000e-05,2.528622000000e-04
1357,27.1400000000,656.4852062135,1.884447000000e-04,6.063313000000e-05,2.490779000000e-04
1358,27.1600000000,656.9689830788,1.846149000000e-04,6.063313000000e-05,2.452481000000e-04
1359,27.1800000000,657.4527599441,1.807410000000e-04,6.063313000000e-05,2.413741000000e-04
1360,27.2000000000,657.9365368094,1.768244000000e-04,6.063313000000e-05,2.374575000000e-04
1361,27.2200000000,658.4203136747,1.728664000000e-04,6.063313000000e-05,2.334995000000e-04
1362,27.2400000000,658.9040905400,1.688686000000e-04,6.063313000000e-05,2.295018000000e-04
1363,27.2600000000,659.3878674053,1.648326000000e-04,6.063313000000e-05,2.254657000000e-04
1364,27.2800000000,659.8716442706,1.607597000000e-04,6.063313000000e-05,2.213928000000e-04
1365,27.3000000000,660.3554211359,1.566516000000e-04,6.063313000000e-05,2.172848000000e-04
1366,27.3200000000,660.8391980012,1.525100000000e-04,6.063313000000e-05,2.131431000000e-04
1367,27.3400000000,661.3229748665,1.483363000000e-04,6.063313000000e-05,2.089695000000e-04
1368,27.3600000000,661.8067517318,1.441324000000e-04,6.063313000000e-05,2.047655000000e-04
1369,27.3800000000,662.2905285971,1.398999000000e-04,6.063313000000e-05,2.005330000000e-04
1370,27.4000000000,662.7743054624,1.356405000000e-04,6.063313000000e-05,1.962737000000e-04
1371,27.4200000000,663.2580823277,1.313561000000e-04,6.063313000000e-05,1.919892000000e-04
1372,27.4400000000,663.7418591930,1.270484000000e-04,6.063313000000e-05,1.876815000000e-04
1373,27.4600000000,664.2256360583,1.227192000000e-04,6.063313000000e-05,1.833524000000e-04
1374,27.4800000000,664.7094129236,1.183705000000e-04,6.063313000000e-05,1.790037000000e-04
1375,27.5000000000,665.1931897889,1.140042000000e-04,6.063313000000e-05,1.746373000000e-04
1376,27.5200000000,665.6769666542,1.096220000000e-04,6.063313000000e-05,1.702552000000e-04
1377,27.5400000000,666.1607435195,1.052261000000e-04,6.063313000000e-05,1.658593000000e-04
1378,27.5600000000,666.6445203848,1.008185000000e-04,6.063313000000e-05,1.614516000000e-04
1379,27.5800000000,667.1282972501,9.640100000000e-05,6.063313000000e-05,1.570341000000e-04
1380,27.6000000000,667.6120741154,9.197582000000e-05,6.063313000000e-05,1.526090000000e-04
1381,27.6200000000,668.0958509807,8.754500000000e-05,6.063313000000e-05,1.481781000000e-04
1382,27.6400000000,668.5796278460,8.311063000000e-05,6.063313000000e-05,1.437438000000e-04
1383,27.6600000000,669.0634047113,7.867483000000e-05,6.063313000000e-05,1.393080000000e-04
1384,27.6800000000,669.5471815766,7.423977000000e-05,6.063313000000e-05,1.348729000000e-04
1385,27.7000000000,670.0309584419,6.980760000000e-05,6.063313000000e-05,1.304407000000e-04
1386,27.7200000000,670.5147353072,6.538054000000e-05,6.063313000000e-05,1.260137000000e-04
1387,27.7400000000,670.9985121725,6.096079000000e-05,6.063313000000e-05,1.215939000000e-04
1388,27.7600000000,671.4822890378,5.655059000000e-05,6.063313000000e-05,1.171837000000e-04
1389,27.7800000000,671.9660659031,5.215219000000e-05,6.063313000000e-05,1.127853000000e-04
1390,27.8000000000,672.4498427684,4.776788000000e-05,6.063313000000e-05,1.084010000000e-04
1391,27.8200000000,672.9336196337,4.339992000000e-05,6.063313000000e-05,1.040331000000e-04
1392,27.8400000000,673.4173964990,3.905063000000e-05,6.063313000000e-05,9.968377000000e-05
1393,27.8600000000,673.9011733643,3.472232000000e-05,6.063313000000e-05,9.535545000000e-05
1394,27.8800000000,674.3849502296,3.041731000000e-05,6.063313000000e-05,9.105044000000e-05
1395,27.9000000000,674.8687270949,2.613793000000e-05,6.063313000000e-05,8.677107000000e-05
1396,27.9200000000,675.3525039602,2.188653000000e-05,6.063313000000e-05,8.251966000000e-05
1397,27.9400000000,675.8362808255,1.766545000000e-05,6.063313000000e-05,7.829858000000e-05
1398,27.9600000000,676.3200576908,1.347703000000e-05,6.063313000000e-05,7.411016000000e-05
1399,27.9800000000,676.8038345561,9.323629000000e-06,6.063313000000e-05,6.995676000000e-05
1400,28.0000000000,677.2876114214,5.207596000000e-06,6.063313000000e-05,6.584073000000e-05
1401,28.0200000000,677.7713882867,1.131277000000e-06,6.063313000000e-05,6.176441000000e-05
1402,28.0400000000,678.2551651520,-2.902986000000e-06,6.063313000000e-05,5.773015000000e-05
1403,28.0600000000,678.7389420173,-6.892855000000e-06,6.063313000000e-05,5.374028000000e-05
1404,28.0800000000,679.2227188826,-1.083600000000e-05,6.063313000000e-05,4.979713000000e-05
1405,28.1000000000,679.7064957479,-1.473011000000e-05,6.063313000000e-05,4.590302000000e-05
1406,28.1200000000,680.1902726132,-1.857288000000e-05,6.063313000000e-05,4.206025000000e-05
1407,28.1400000000,680.6740494785,-2.236202000000e-05,6.063313000000e-05,3.827111000000e-05
1408,28.1600000000,681.1578263438,-2.609525000000e-05,6.063313000000e-05,3.453788000000e-05
1409,28.1800000000,681.6416032091,-2.977033000000e-05,6.063313000000e-05,3.086280000000e-05
1410,28.2000000000,682.1253800744,-3.338502000000e-05,6.063313000000e-05,2.724811000000e-05
1411,28.2200000000,682.6091569397,-3.693712000000e-05,6.063313000000e-05,2.369601000000e-05
1412,28.2400000000,683.0929338050,-4.042445000000e-05,6.063313000000e-05,2.020868000000e-05
1413,28.2600000000,683.5767106703,-4.384485000000e-05,6.063313000000e-05,1.678828000000e-05
1414,28.2800000000,684.0604875356,-4.719621000000e-05,6.063313000000e-05,1.343693000000e-05
1415,28.3000000000,684.5442644009,-5.047642000000e-05,6.063313000000e-05,1.015671000000e-05
1416,28.3200000000,685.0280412662,-5.368345000000e-05,6.063313000000e-05,6.949684000000e-06
1417,28.3400000000,685.5118181315,-5.681527000000e-05,6.063313000000e-05,3.817865000000e-06
1418,28.3600000000,685.9955949968,-5.986990000000e-05,6.063313000000e-05,7.632334000000e-07
1419,28.3800000000,686.4793718621,-6.284541000000e-05,6.063313000000e-05,-2.212275000000e-06
1420,28.4000000000,686.9631487274,-6.573990000000e-05,6.063313000000e-05,-5.106767000000e-06
1421,28.4200000000,687.4469255927,-6.855153000000e-05,6.063313000000e-05,-7.918394000000e-06
1422,28.4400000000,687.9307024580,-7.127849000000e-05,6.063313000000e-05,-1.064535000000e-05
1423,28.4600000000,688.4144793233,-7.391903000000e-05,6.063313000000e-05,-1.328590000000e-05
1424,28.4800000000,688.8982561886,-7.647145000000e-05,6.063313000000e-05,-1.583832000000e-05
1425,28.5000000000,689.3820330539,-7.893411000000e-05,6.063313000000e-05,-1.830097000000e-05
1426,28.5200000000,689.8658099192,-8.130540000000e-05,6.063313000000e-05,-2.067227000000e-05
1427,28.5400000000,690.3495867845,-8.358379000000e-05,6.063313000000e-05,-2.295066000000e-05
1428,28.5600000000,690.8333636498,-8.576781000000e-05,6.063313000000e-05,-2.513468000000e-05
1429,28.5800000000,691.3171405151,-8.785603000000e-05,6.063313000000e-05,-2.722290000000e-05
1430,28.6000000000,691.8009173804,-8.984709000000e-05,6.063313000000e-05,-2.921396000000e-05
1431,28.6200000000,692.2846942457,-9.173970000000e-05,6.063313000000e-05,-3.110657000000e-05
1432,28.6400000000,692.7684711110,-9.353263000000e-05,6.063313000000e-05,-3.289949000000e-05
1433,28.6600000000,693.2522479763,-9.522469000000e-05,6.063313000000e-05,-3.459156000000e-05
1434,28.6800000000,693.7360248416,-9.681480000000e-05,6.063313000000e-05,-3.618167000000e-05
1435,28.7000000000,694.2198017069,-9.830192000000e-05,6.063313000000e-05,-3.766879000000e-05
1436,28.7200000000,694.7035785722,-9.968509000000e-05,6.063313000000e-05,-3.905195000000e-05
1437,28.7400000000,695.1873554375,-1.009634000000e-04,6.063313000000e-05,-4.033026000000e-05
1438,28.7600000000,695.6711323028,-1.021360000000e-04,6.063313000000e-05,-4.150288000000e-05
1439,28.7800000000,696.1549091681,-1.032022000000e-04,6.063313000000e-05,-4.256906000000e-05
1440,28.8000000000,696.6386860334,-1.041612000000e-04,6.063313000000e-05,-4.352812000000e-05
1441,28.8200000000,697.1224628987,-1.050126000000e-04,6.063313000000e-05,-4.437943000000e-05
1442,28.8400000000,697.6062397640,-1.057556000000e-04,6.063313000000e-05,-4.512246000000e-05
1443,28.8600000000,698.0900166293,-1.063899000000e-04,6.063313000000e-05,-4.575674000000e-05
1444,28.8800000000,698.5737934946,-1.069150000000e-04,6.063313000000e-05,-4.628187000000e-05
1445,28.9000000000,699.0575703599,-1.073307000000e-04,6.063313000000e-05,-4.669753000000e-05
1446,28.9200000000,699.5413472252,-1.076366000000e-04,6.063313000000e-05,-4.700347000000e-05
1447,28.9400000000,700.0251240905,-1.078327000000e-04,6.063313000000e-05,-4.719952000000e-05
1448,28.9600000000,700.5089009558,-1.079187000000e-04,6.063313000000e-05,-4.728557000000e-05
1449,28.9800000000,700.9926778211,-1.078947000000e-04,6.063313000000e-05,-4.726158000000e-05
1450,29.0000000000,701.4764546864,-1.077607000000e-04,6.063313000000e-05,-4.712762000000e-05
1451,29.0200000000,701.9602315518,-1.075169000000e-04,6.063313000000e-05,-4.688378000000e-05
1452,29.0400000000,702.4440084171,-1.071634000000e-04,6.063313000000e-05,-4.653026000000e-05
1453,29.0600000000,702.9277852824,-1.067005000000e-04,6.063313000000e-05,-4.606732000000e-05
1454,29.0800000000,703.4115621477,-1.061284000000e-04,6.063313000000e-05,-4.549529000000e-05
1455,29.1000000000,703.8953390130,-1.054477000000e-04,6.063313000000e-05,-4.481457000000e-05
1456,29.1200000000,704.3791158783,-1.046588000000e-04,6.063313000000e-05,-4.402564000000e-05
1457,29.1400000000,704.8628927436,-1.037622000000e-04,6.063313000000e-05,-4.312903000000e-05
1458,29.1600000000,705.3466696089,-1.027585000000e-04,6.063313000000e-05,-4.212535000000e-05
1459,29.1800000000,705.8304464742,-1.016484000000e-04,6.063313000000e-05,-4.101529000000e-05
1460,29.2000000000,706.3142233395,-1.004327000000e-04,6.063313000000e-05,-3.979959000000e-05
1461,29.2200000000,706.7980002048,-9.911218000000e-05,6.063313000000e-05,-3.847905000000e-05
1462,29.2400000000,707.2817770701,-9.768769000000e-05,6.063313000000e-05,-3.705456000000e-05
1463,29.2600000000,707.7655539354,-9.616018000000e-05,6.063313000000e-05,-3.552705000000e-05
1464,29.2800000000,708.2493308007,-9.453066000000e-05,6.063313000000e-05,-3.389753000000e-05
1465,29.3000000000,708.7331076660,-9.280018000000e-05,6.063313000000e-05,-3.216705000000e-05
1466,29.3200000000,709.2168845313,-9.096988000000e-05,6.063313000000e-05,-3.033675000000e-05
1467,29.3400000000,709.7006613966,-8.904094000000e-05,6.063313000000e-05,-2.840781000000e-05
1468,29.3600000000,710.1844382619,-8.701461000000e-05,6.063313000000e-05,-2.638147000000e-05
1469,29.3800000000,710.6682151272,-8.489217000000e-05,6.063313000000e-05,-2.425903000000e-05
1470,29.4000000000,711.1519919925,-8.267498000000e-05,6.063313000000e-05,-2.204185000000e-05
1471,29.4200000000,711.6357688578,-8.036447000000e-05,6.063313000000e-05,-1.973133000000e-05
1472,29.4400000000,712.1195457231,-7.796208000000e-05,6.063313000000e-05,-1.732895000000e-05
1473,29.4600000000,712.6033225884,-7.546933000000e-05,6.063313000000e-05,-1.483620000000e-05
1474,29.4800000000,713.0870994537,-7.288780000000e-05,6.063313000000e-05,-1.225467000000e-05
1475,29.5000000000,713.5708763190,-7.021909000000e-05,6.063313000000e-05,-9.585958000000e-06
1476,29.5200000000,714.0546531843,-6.746487000000e-05,6.063313000000e-05,-6.831737000000e-06
1477,29.5400000000,714.5384300496,-6.462685000000e-05,6.063313000000e-05,-3.993713000000e-06
1478,29.5600000000,715.0222069149,-6.170677000000e-05,6.063313000000e-05,-1.073643000000e-06
1479,29.5800000000,715.5059837802,-5.870646000000e-05,6.063313000000e-05,1.926675000000e-06
1480,29.6000000000,715.9897606455,-5.562774000000e-05,6.063313000000e-05,5.005397000000e-06
1481,29.6200000000,716.4735375108,-5.247249000000e-05,6.063313000000e-05,8.160640000000e-06
1482,29.6400000000,716.9573143761,-4.924265000000e-05,6.063313000000e-05,1.139048000000e-05
1483,29.6600000000,717.4410912414,-4.594018000000e-05,6.063313000000e-05,1.469295000000e-05
1484,29.6800000000,717.9248681067,-4.256707000000e-05,6.063313000000e-05,1.806606000000e-05
1485,29.7000000000,718.4086449720,-3.912537000000e-05,6.063313000000e-05,2.150777000000e-05
1486,29.7200000000,718.8924218373,-3.561714000000e-05,6.063313000000e-05,2.501599000000e-05
1487,29.7400000000,719.3761987026,-3.204449000000e-05,6.063313000000e-05,2.858864000000e-05
1488,29.7600000000,719.8599755679,-2.840957000000e-05,6.063313000000e-05,3.222357000000e-05
1489,29.7800000000,720.3437524332,-2.471453000000e-05,6.063313000000e-05,3.591860000000e-05
1490,29.8000000000,720.8275292985,-2.096158000000e-05,6.063313000000e-05,3.967155000000e-05
1491,29.8200000000,721.3113061638,-1.715295000000e-05,6.063313000000e-05,4.348018000000e-05
1492,29.8400000000,721.7950830291,-1.329090000000e-05,6.063313000000e-05,4.734223000000e-05
1493,29.8600000000,722.2788598944,-9.377703000000e-06,6.063313000000e-05,5.125543000000e-05
1494,29.8800000000,722.7626367597,-5.415672000000e-06,6.063313000000e-05,5.521746000000e-05
1495,29.9000000000,723.2464136250,-1.407137000000e-06,6.063313000000e-05,5.922600000000e-05
1496,29.9200000000,723.7301904903,2.645546000000e-06,6.063313000000e-05,6.327868000000e-05
1497,29.9400000000,724.2139673556,6.740001000000e-06,6.063313000000e-05,6.737313000000e-05
1498,29.9600000000,724.6977442209,1.087383000000e-05,6.063313000000e-05,7.150696000000e-05
1499,29.9800000000,725.1815210862,1.504462000000e-05,6.063313000000e-05,7.567775000000e-05
1500,30.0000000000,725.6652979515,1.924994000000e-05,6.063313000000e-05,7.988307000000e-05
1501,30.0200000000,726.1490748168,2.348733000000e-05,6.063313000000e-05,8.412046000000e-05
1502,30.0400000000,726.6328516821,2.775433000000e-05,6.063313000000e-05,8.838746000000e-05
1503,30.0600000000,727.1166285474,3.204846000000e-05,6.063313000000e-05,9.268159000000e-05
1504,30.0800000000,727.6004054127,3.636722000000e-05,6.063313000000e-05,9.700035000000e-05
1505,30.1000000000,728.0841822780,4.070811000000e-05,6.063313000000e-05,1.013412000000e-04
1506,30.1200000000,728.5679591433,4.506862000000e-05,6.063313000000e-05,1.057018000000e-04
1507,30.1400000000,729.0517360086,4.944622000000e-05,6.063313000000e-05,1.100793000000e-04
1508,30.1600000000,729.5355128739,5.383837000000e-05,6.063313000000e-05,1.144715000000e-04
1509,30.1800000000,730.0192897392,5.824254000000e-05,6.063313000000e-05,1.188757000000e-04
1510,30.2000000000,730.5030666045,6.265617000000e-05,6.063313000000e-05,1.232893000000e-04
1511,30.2200000000,730.9868434698,6.707673000000e-05,6.063313000000e-05,1.277099000000e-04
1512,30.2400000000,731.4706203351,7.150165000000e-05,6.063313000000e-05,1.321348000000e-04
1513,30.2600000000,731.9543972004,7.592840000000e-05,6.063313000000e-05,1.365615000000e-04
1514,30.2800000000,732.4381740657,8.035440000000e-05,6.063313000000e-05,1.409875000000e-04
1515,30.3000000000,732.9219509310,8.477711000000e-05,6.063313000000e-05,1.454102000000e-04
1516,30.3200000000,733.4057277963,8.919399000000e-05,6.063313000000e-05,1.498271000000e-04
1517,30.3400000000,733.8895046616,9.360249000000e-05,6.063313000000e-05,1.542356000000e-04
1518,30.3600000000,734.3732815269,9.800006000000e-05,6.063313000000e-05,1.586332000000e-04
1519,30.3800000000,734.8570583922,1.023842000000e-04,6.063313000000e-05,1.630173000000e-04
1520,30.4000000000,735.3408352575,1.067524000000e-04,6.063313000000e-05,1.673855000000e-04
1521,30.4200000000,735.8246121228,1.111020000000e-04,6.063313000000e-05,1.717352000000e-04
1522,30.4400000000,736.3083889881,1.154307000000e-04,6.063313000000e-05,1.760639000000e-04
1523,30.4600000000,736.7921658534,1.197360000000e-04,6.063313000000e-05,1.803691000000e-04
1524,30.4800000000,737.2759427187,1.240153000000e-04,6.063313000000e-05,1.846484000000e-04
1525,30.5000000000,737.7597195840,1.282663000000e-04,6.063313000000e-05,1.888994000000e-04
1526,30.5200000000,738.2434964493,1.324864000000e-04,6.063313000000e-05,1.931196000000e-04
1527,30.5400000000,738.7272733146,1.366734000000e-04,6.063313000000e-05,1.973065000000e-04
1528,30.5600000000,739.2110501799,1.408247000000e-04,6.063313000000e-05,2.014578000000e-04
1529,30.5800000000,739.6948270452,1.449381000000e-04,6.063313000000e-05,2.055712000000e-04
1530,30.6000000000,740.1786039105,1.490112000000e-04,6.063313000000e-05,2.096443000000e-04
1531,30.6200000000,740.6623807758,1.530417000000e-04,6.063313000000e-05,2.136748000000e-04
1532,30.6400000000,741.1461576411,1.570273000000e-04,6.063313000000e-05,2.176605000000e-04
1533,30.6600000000,741.6299345064,1.609659000000e-04,6.063313000000e-05,2.215990000000e-04
1534,30.6800000000,742.1137113717,1.648551000000e-04,6.063313000000e-05,2.254882000000e-04
1535,30.7000000000,742.5974882370,1.686928000000e-04,6.063313000000e-05,2.293260000000e-04
1536,30.7200000000,743.0812651023,1.724770000000e-04,6.063313000000e-05,2.331101000000e-04
1537,30.7400000000,743.5650419676,1.762054000000e-04,6.063313000000e-05,2.368385000000e-04
1538,30.7600000000,744.0488188329,1.798760000000e-04,6.063313000000e-05,2.405092000000e-04
1539,30.7800000000,744.5325956982,1.834869000000e-04,6.063313000000e-05,2.441201000000e-04
1540,30.8000000000,745.0163725635,1.870361000000e-04,6.063313000000e-05,2.476692000000e-04
1541,30.8200000000,745.5001494288,1.905216000000e-04,6.063313000000e-05,2.511548000000e-04
1542,30.8400000000,745.9839262941,1.939417000000e-04,6.063313000000e-05,2.545748000000e-04
1543,30.8600000000,746.4677031594,1.972944000000e-04,6.063313000000e-05,2.579275000000e-04
1544,30.8800000000,746.9514800247,2.005781000000e-04,6.063313000000e-05,2.612112000000e-04
1545,30.9000000000,747.4352568900,2.037910000000e-04,6.063313000000e-05,2.644241000000e-04
1546,30.9200000000,747.9190337553,2.069315000000e-04,6.063313000000e-05,2.675646000000e-04
1547,30.9400000000,748.4028106206,2.099980000000e-04,6.063313000000e-05,2.706311000000e-04
1548,30.9600000000,748.8865874859,2.129890000000e-04,6.063313000000e-05,2.736221000000e-04
1549,30.9800000000,749.3703643512,2.159030000000e-04,6.063313000000e-05,2.765361000000e-04
1550,31.0000000000,749.8541412166,2.187386000000e-04,6.063313000000e-05,2.793718000000e-04
1551,31.0200000000,750.3379180819,2.214946000000e-04,6.063313000000e-05,2.821277000000e-04
1552,31.0400000000,750.8216949472,2.241695000000e-04,6.063313000000e-05,2.848027000000e-04
1553,31.0600000000,751.3054718125,2.267623000000e-04,6.063313000000e-05,2.873954000000e-04
1554,31.0800000000,751.7892486778,2.292718000000e-04,6.063313000000e-05,2.899049000000e-04
1555,31.1000000000,752.2730255431,2.316969000000e-04,6.063313000000e-05,2.923300000000e-04
1556,31.1200000000,752.7568024084,2.340367000000e-04,6.063313000000e-05,2.946698000000e-04
1557,31.1400000000,753.2405792737,2.362902000000e-04,6.063313000000e-05,2.969233000000e-04
1558,31.1600000000,753.7243561390,2.384567000000e-04,6.063313000000e-05,2.990898000000e-04
1559,31.1800000000,754.2081330043,2.405352000000e-04,6.063313000000e-05,3.011684000000e-04
1560,31.2000000000,754.6919098696,2.425253000000e-04,6.063313000000e-05,3.031584000000e-04
1561,31.2200000000,755.1756867349,2.444262000000e-04,6.063313000000e-05,3.050593000000e-04
1562,31.2400000000,755.6594636002,2.462375000000e-04,6.063313000000e-05,3.068706000000e-04
1563,31.2600000000,756.1432404655,2.479586000000e-04,6.063313000000e-05,3.085917000000e-04
1564,31.2800000000,756.6270173308,2.495892000000e-04,6.063313000000e-05,3.102224000000e-04
1565,31.3000000000,757.1107941961,2.511291000000e-04,6.063313000000e-05,3.117622000000e-04
1566,31.3200000000,757.5945710614,2.525780000000e-04,6.063313000000e-05,3.132111000000e-04
1567,31.3400000000,758.0783479267,2.539357000000e-04,6.063313000000e-05,3.145688000000e-04
1568,31.3600000000,758.5621247920,2.552023000000e-04,6.063313000000e-05,3.158354000000e-04
1569,31.3800000000,759.0459016573,2.563777000000e-04,6.063313000000e-05,3.170108000000e-04
1570,31.4000000000,759.5296785226,2.574621000000e-04,6.063313000000e-05,3.180952000000e-04
1571,31.4200000000,760.0134553879,2.584556000000e-04,6.063313000000e-05,3.190887000000e-04
1572,31.4400000000,760.4972322532,2.593586000000e-04,6.063313000000e-05,3.199917000000e-04
1573,31.4600000000,760.9810091185,2.601713000000e-04,6.063313000000e-05,3.208044000000e-04
1574,31.4800000000,761.4647859838,2.608943000000e-04,6.063313000000e-05,3.215274000000e-04
1575,31.5000000000,761.9485628491,2.615279000000e-04,6.063313000000e-05,3.221610000000e-04
1576,31.5200000000,762.4323397144,2.620729000000e-04,6.063313000000e-05,3.227060000000e-04
1577,31.5400000000,762.9161165797,2.625298000000e-04,6.063313000000e-05,3.231629000000e-04
1578,31.5600000000,763.3998934450,2.628994000000e-04,6.063313000000e-05,3.235325000000e-04
1579,31.5800000000,763.8836703103,2.631825000000e-04,6.063313000000e-05,3.238156000000e-04
1580,31.6000000000,764.3674471756,2.633800000000e-04,6.063313000000e-05,3.240131000000e-04
1581,31.6200000000,764.8512240409,2.634928000000e-04,6.063313000000e-05,3.241260000000e-04
1582,31.6400000000,765.3350009062,2.635221000000e-04,6.063313000000e-05,3.241552000000e-04
1583,31.6600000000,765.8187777715,2.634688000000e-04,6.063313000000e-05,3.241019000000e-04
1584,31.6800000000,766.3025546368,2.633342000000e-04,6.063313000000e-05,3.239673000000e-04
1585,31.7000000000,766.7863315021,2.631194000000e-04,6.063313000000e-05,3.237526000000e-04
1586,31.7200000000,767.2701083674,2.628259000000e-04,6.063313000000e-05,3.234590000000e-04
1587,31.7400000000,767.7538852327,2.624549000000e-04,6.063313000000e-05,3.230880000000e-04
1588,31.7600000000,768.2376620980,2.620078000000e-04,6.063313000000e-05,3.226410000000e-04
1589,31.7800000000,768.7214389633,2.614863000000e-04,6.063313000000e-05,3.221194000000e-04
1590,31.8000000000,769.2052158286,2.608917000000e-04,6.063313000000e-05,3.215249000000e-04
1591,31.8200000000,769.6889926939,2.602258000000e-04,6.063313000000e-05,3.208589000000e-04
1592,31.8400000000,770.1727695592,2.594901000000e-04,6.063313000000e-05,3.201233000000e-04
1593,31.8600000000,770.6565464245,2.586864000000e-04,6.063313000000e-05,3.193196000000e-04
1594,31.8800000000,771.1403232898,2.578165000000e-04,6.063313000000e-05,3.184496000000e-04
1595,31.9000000000,771.6241001551,2.568820000000e-04,6.063313000000e-05,3.175151000000e-04
1596,31.9200000000,772.1078770204,2.558849000000e-04,6.063313000000e-05,3.165181000000e-04
1597,31.9400000000,772.5916538857,2.548271000000e-04,6.063313000000e-05,3.154603000000e-04
1598,31.9600000000,773.0754307510,2.537105000000e-04,6.063313000000e-05,3.143436000000e-04
1599,31.9800000000,773.5592076163,2.525371000000e-04,6.063313000000e-05,3.131702000000e-04
1600,32.0000000000,774.0429844816,2.513088000000e-04,6.063313000000e-05,3.119419000000e-04
1601,32.0200000000,774.5267613469,2.500277000000e-04,6.063313000000e-05,3.106609000000e-04
1602,32.0400000000,775.0105382122,2.486959000000e-04,6.063313000000e-05,3.093291000000e-04
1603,32.0600000000,775.4943150775,2.473155000000e-04,6.063313000000e-05,3.079487000000e-04
1604,32.0800000000,775.9780919428,2.458886000000e-04,6.063313000000e-05,3.065217000000e-04
1605,32.1000000000,776.4618688081,2.444173000000e-04,6.063313000000e-05,3.050505000000e-04
1606,32.1200000000,776.9456456734,2.429039000000e-04,6.063313000000e-05,3.035370000000e-04
1607,32.1400000000,777.4294225387,2.413504000000e-04,6.063313000000e-05,3.019836000000e-04
1608,32.1600000000,777.9131994040,2.397592000000e-04,6.063313000000e-05,3.003923000000e-04
1609,32.1800000000,778.3969762693,2.381323000000e-04,6.063313000000e-05,2.987654000000e-04
1610,32.2000000000,778.8807531346,2.364721000000e-04,6.063313000000e-05,2.971052000000e-04
1611,32.2200000000,779.3645299999,2.347808000000e-04,6.063313000000e-05,2.954139000000e-04
1612,32.2400000000,779.8483068652,2.330606000000e-04,6.063313000000e-05,2.936937000000e-04
1613,32.2600000000,780.3320837305,2.313137000000e-04,6.063313000000e-05,2.919469000000e-04
1614,32.2800000000,780.8158605958,2.295425000000e-04,6.063313000000e-05,2.901756000000e-04
1615,32.3000000000,781.2996374611,2.277491000000e-04,6.063313000000e-05,2.883822000000e-04
1616,32.3200000000,781.7834143264,2.259358000000e-04,6.063313000000e-05,2.865690000000e-04
1617,32.3400000000,782.2671911917,2.241049000000e-04,6.063313000000e-05,2.847381000000e-04
1618,32.3600000000,782.7509680570,2.222586000000e-04,6.063313000000e-05,2.828917000000e-04
1619,32.3800000000,783.2347449223,2.203990000000e-04,6.063313000000e-05,2.810322000000e-04
1620,32.4000000000,783.7185217876,2.185285000000e-04,6.063313000000e-05,2.791616000000e-04
1621,32.4200000000,784.2022986529,2.166492000000e-04,6.063313000000e-05,2.772823000000e-04
1622,32.4400000000,784.6860755182,2.147633000000e-04,6.063313000000e-05,2.753964000000e-04
1623,32.4600000000,785.1698523835,2.128729000000e-04,6.063313000000e-05,2.735060000000e-04
1624,32.4800000000,785.6536292488,2.109803000000e-04,6.063313000000e-05,2.716134000000e-04
1625,32.5000000000,786.1374061141,2.090874000000e-04,6.063313000000e-05,2.697206000000e-04
1626,32.5200000000,786.6211829794,2.071966000000e-04,6.063313000000e-05,2.678297000000e-04
1627,32.5400000000,787.1049598447,2.053097000000e-04,6.063313000000e-05,2.659429000000e-04
1628,32.5600000000,787.5887367100,2.034290000000e-04,6.063313000000e-05,2.640621000000e-04
1629,32.5800000000,788.0725135753,2.015563000000e-04,6.063313000000e-05,2.621894000000e-04
1630,32.6000000000,788.5562904406,1.996937000000e-04,6.063313000000e-05,2.603268000000e-04
1631,32.6200000000,789.0400673059,1.978432000000e-04,6.063313000000e-05,2.584763000000e-04
1632,32.6400000000,789.5238441712,1.960067000000e-04,6.063313000000e-05,2.566398000000e-04
1633,32.6600000000,790.0076210365,1.941861000000e-04,6.063313000000e-05,2.548192000000e-04
1634,32.6800000000,790.4913979018,1.923833000000e-04,6.063313000000e-05,2.530164000000e-04
1635,32.7000000000,790.9751747671,1.906001000000e-04,6.063313000000e-05,2.512332000000e-04
1636,32.7200000000,791.4589516324,1.888383000000e-04,6.063313000000e-05,2.494715000000e-04
1637,32.7400000000,791.9427284977,1.870997000000e-04,6.063313000000e-05,2.477328000000e-04
1638,32.7600000000,792.4265053630,1.853860000000e-04,6.063313000000e-05,2.460191000000e-04
1639,32.7800000000,792.9102822283,1.836988000000e-04,6.063313000000e-05,2.443320000000e-04
1640,32.8000000000,793.3940590936,1.820399000000e-04,6.063313000000e-05,2.426731000000e-04
1641,32.8200000000,793.8778359589,1.804108000000e-04,6.063313000000e-05,2.410440000000e-04
1642,32.8400000000,794.3616128242,1.788131000000e-04,6.063313000000e-05,2.394462000000e-04
1643,32.8600000000,794.8453896895,1.772483000000e-04,6.063313000000e-05,2.378814000000e-04
1644,32.8800000000,795.3291665548,1.757179000000e-04,6.063313000000e-05,2.363510000000e-04
1645,32.9000000000,795.8129434201,1.742232000000e-04,6.063313000000e-05,2.348564000000e-04
1646,32.9200000000,796.2967202854,1.727658000000e-04,6.063313000000e-05,2.333990000000e-04
1647,32.9400000000,796.7804971507,1.713470000000e-04,6.063313000000e-05,2.319801000000e-04
1648,32.9600000000,797.2642740160,1.699679000000e-04,6.063313000000e-05,2.306011000000e-04
1649,32.9800000000,797.7480508813,1.686300000000e-04,6.063313000000e-05,2.292631000000e-04
1650,33.0000000000,798.2318277466,1.673344000000e-04,6.063313000000e-05,2.279675000000e-04
1651,33.0200000000,798.7156046120,1.660823000000e-04,6.063313000000e-05,2.267154000000e-04
1652,33.0400000000,799.1993814773,1.648748000000e-04,6.063313000000e-05,2.255079000000e-04
1653,33.0600000000,799.6831583426,1.637129000000e-04,6.063313000000e-05,2.243461000000e-04
1654,33.0800000000,800.1669352079,1.625978000000e-04,6.063313000000e-05,2.232309000000e-04
1655,33.1000000000,800.6507120732,1.615304000000e-04,6.063313000000e-05,2.221635000000e-04
1656,33.1200000000,801.1344889385,1.605116000000e-04,6.063313000000e-05,2.211447000000e-04
1657,33.1400000000,801.6182658038,1.595423000000e-04,6.063313000000e-05,2.201754000000e-04
1658,33.1600000000,802.1020426691,1.586234000000e-04,6.063313000000e-05,2.192565000000e-04
1659,33.1800000000,802.5858195344,1.577557000000e-04,6.063313000000e-05,2.183888000000e-04
1660,33.2000000000,803.0695963997,1.569399000000e-04,6.063313000000e-05,2.175730000000e-04
1661,33.2200000000,803.5533732650,1.561767000000e-04,6.063313000000e-05,2.168099000000e-04
1662,33.2400000000,804.0371501303,1.554669000000e-04,6.063313000000e-05,2.161001000000e-04
1663,33.2600000000,804.5209269956,1.548111000000e-04,6.063313000000e-05,2.154442000000e-04
1664,33.2800000000,805.0047038609,1.542097000000e-04,6.063313000000e-05,2.148429000000e-04
1665,33.3000000000,805.4884807262,1.536635000000e-04,6.063313000000e-05,2.142966000000e-04
1666,33.3200000000,805.9722575915,1.531728000000e-04,6.063313000000e-05,2.138059000000e-04
1667,33.3400000000,806.4560344568,1.527381000000e-04,6.063313000000e-05,2.133712000000e-04
1668,33.3600000000,806.9398113221,1.523599000000e-04,6.063313000000e-05,2.129930000000e-04
1669,33.3800000000,807.4235881874,1.520384000000e-04,6.063313000000e-05,2.126716000000e-04
1670,33.4000000000,807.9073650527,1.517742000000e-04,6.063313000000e-05,2.124073000000e-04
1671,33.4200000000,808.3911419180,1.515673000000e-04,6.063313000000e-05,2.122004000000e-04
1672,33.4400000000,808.8749187833,1.514181000000e-04,6.063313000000e-05,2.120512000000e-04
1673,33.4600000000,809.3586956486,1.513268000000e-04,6.063313000000e-05,2.119599000000e-04
1674,33.4800000000,809.8424725139,1.512935000000e-04,6.063313000000e-05,2.119267000000e-04
1675,33.5000000000,810.3262493792,1.513185000000e-04,6.063313000000e-05,2.119516000000e-04
1676,33.5200000000,810.8100262445,1.514017000000e-04,6.063313000000e-05,2.120348000000e-04
1677,33.5400000000,811.2938031098,1.515432000000e-04,6.063313000000e-05,2.121764000000e-04
1678,33.5600000000,811.7775799751,1.517431000000e-04,6.063313000000e-05,2.123763000000e-04
1679,33.5800000000,812.2613568404,1.520014000000e-04,6.063313000000e-05,2.126345000000e-04
1680,33.6000000000,812.7451337057,1.523180000000e-04,6.063313000000e-05,2.129511000000e-04
1681,33.6200000000,813.2289105710,1.526927000000e-04,6.063313000000e-05,2.133259000000e-04
1682,33.6400000000,813.7126874363,1.531256000000e-04,6.063313000000e-05,2.137587000000e-04
1683,33.6600000000,814.1964643016,1.536164000000e-04,6.063313000000e-05,2.142495000000e-04
1684,33.6800000000,814.6802411669,1.541650000000e-04,6.063313000000e-05,2.147981000000e-04
1685,33.7000000000,815.1640180322,1.547711000000e-04,6.063313000000e-05,2.154042000000e-04
1686,33.7200000000,815.6477948975,1.554345000000e-04,6.063313000000e-05,2.160676000000e-04
1687,33.7400000000,816.1315717628,1.561549000000e-04,6.063313000000e-05,2.167880000000e-04
1688,33.7600000000,816.6153486281,1.569320000000e-04,6.063313000000e-05,2.175651000000e-04
1689,33.7800000000,817.0991254934,1.577655000000e-04,6.063313000000e-05,2.183986000000e-04
1690,33.8000000000,817.5829023587,1.586549000000e-04,6.063313000000e-05,2.192881000000e-04
1691,33.8200000000,818.0666792240,1.596000000000e-04,6.063313000000e-05,2.202331000000e-04
1692,33.8400000000,818.5504560893,1.606002000000e-04,6.063313000000e-05,2.212334000000e-04
1693,33.8600000000,819.0342329546,1.616552000000e-04,6.063313000000e-05,2.222883000000e-04
1694,33.8800000000,819.5180098199,1.627644000000e-04,6.063313000000e-05,2.233975000000e-04
1695,33.9000000000,820.0017866852,1.639274000000e-04,6.063313000000e-05,2.245605000000e-04
1696,33.9200000000,820.4855635505,1.651435000000e-04,6.063313000000e-05,2.257766000000e-04
1697,33.9400000000,820.9693404158,1.664123000000e-04,6.063313000000e-05,2.270455000000e-04
1698,33.9600000000,821.4531172811,1.677332000000e-04,6.063313000000e-05,2.283664000000e-04
1699,33.9800000000,821.9368941464,1.691056000000e-04,6.063313000000e-05,2.297387000000e-04
1700,34.0000000000,822.4206710117,1.705288000000e-04,6.063313000000e-05,2.311620000000e-04
1701,34.0200000000,822.9044478770,1.720022000000e-04,6.063313000000e-05,2.326354000000e-04
1702,34.0400000000,823.3882247423,1.735252000000e-04,6.063313000000e-05,2.341583000000e-04
1703,34.0600000000,823.8720016076,1.750970000000e-04,6.063313000000e-05,2.357301000000e-04
1704,34.0800000000,824.3557784729,1.767169000000e-04,6.063313000000e-05,2.373501000000e-04
1705,34.1000000000,824.8395553382,1.783843000000e-04,6.063313000000e-05,2.390174000000e-04
1706,34.1200000000,825.3233322035,1.800982000000e-04,6.063313000000e-05,2.407314000000e-04
1707,34.1400000000,825.8071090688,1.818581000000e-04,6.063313000000e-05,2.424912000000e-04
1708,34.1600000000,826.2908859341,1.836630000000e-04,6.063313000000e-05,2.442961000000e-04
1709,34.1800000000,826.7746627994,1.855122000000e-04,6.063313000000e-05,2.461453000000e-04
1710,34.2000000000,827.2584396647,1.874048000000e-04,6.063313000000e-05,2.480379000000e-04
1711,34.2200000000,827.7422165300,1.893400000000e-04,6.063313000000e-05,2.499732000000e-04
1712,34.2400000000,828.2259933953,1.913170000000e-04,6.063313000000e-05,2.519501000000e-04
1713,34.2600000000,828.7097702606,1.933348000000e-04,6.063313000000e-05,2.539679000000e-04
1714,34.2800000000,829.1935471259,1.953926000000e-04,6.063313000000e-05,2.560257000000e-04
1715,34.3000000000,829.6773239912,1.974894000000e-04,6.063313000000e-05,2.581225000000e-04
1716,34.3200000000,830.1611008565,1.996244000000e-04,6.063313000000e-05,2.602575000000e-04
1717,34.3400000000,830.6448777218,2.017965000000e-04,6.063313000000e-05,2.624296000000e-04
1718,34.3600000000,831.1286545871,2.040048000000e-04,6.063313000000e-05,2.646380000000e-04
1719,34.3800000000,831.6124314524,2.062484000000e-04,6.063313000000e-05,2.668816000000e-04
1720,34.4000000000,832.0962083177,2.085263000000e-04,6.063313000000e-05,2.691594000000e-04
1721,34.4200000000,832.5799851830,2.108374000000e-04,6.063313000000e-05,2.714706000000e-04
1722,34.4400000000,833.0637620483,2.131808000000e-04,6.063313000000e-05,2.738140000000e-04
1723,34.4600000000,833.5475389136,2.155555000000e-04,6.063313000000e-05,2.761886000000e-04
1724,34.4800000000,834.0313157789,2.179603000000e-04,6.063313000000e-05,2.785935000000e-04
1725,34.5000000000,834.5150926442,2.203943000000e-04,6.063313000000e-05,2.810275000000e-04
1726,34.5200000000,834.9988695095,2.228565000000e-04,6.063313000000e-05,2.834896000000e-04
1727,34.5400000000,835.4826463748,2.253456000000e-04,6.063313000000e-05,2.859787000000e-04
1728,34.5600000000,835.9664232401,2.278607000000e-04,6.063313000000e-05,2.884939000000e-04
1729,34.5800000000,836.4502001054,2.304007000000e-04,6.063313000000e-05,2.910338000000e-04
1730,34.6000000000,836.9339769707,2.329645000000e-04,6.063313000000e-05,2.935976000000e-04
1731,34.6200000000,837.4177538360,2.355509000000e-04,6.063313000000e-05,2.961840000000e-04
1732,34.6400000000,837.9015307013,2.381589000000e-04,6.063313000000e-05,2.987920000000e-04
1733,34.6600000000,838.3853075666,2.407873000000e-04,6.063313000000e-05,3.014205000000e-04
1734,34.6800000000,838.8690844319,2.434351000000e-04,6.063313000000e-05,3.040682000000e-04
1735,34.7000000000,839.3528612972,2.461010000000e-04,6.063313000000e-05,3.067341000000e-04
1736,34.7200000000,839.8366381625,2.487840000000e-04,6.063313000000e-05,3.094171000000e-04
1737,34.7400000000,840.3204150278,2.514828000000e-04,6.063313000000e-05,3.121160000000e-04
1738,34.7600000000,840.8041918931,2.541964000000e-04,6.063313000000e-05,3.148296000000e-04
1739,34.7800000000,841.2879687584,2.569236000000e-04,6.063313000000e-05,3.175567000000e-04
1740,34.8000000000,841.7717456237,2.596632000000e-04,6.063313000000e-05,3.202964000000e-04
1741,34.8200000000,842.2555224890,2.624141000000e-04,6.063313000000e-05,3.230472000000e-04
1742,34.8400000000,842.7392993543,2.651751000000e-04,6.063313000000e-05,3.258082000000e-04
1743,34.8600000000,843.2230762196,2.679450000000e-04,6.063313000000e-05,3.285781000000e-04
1744,34.8800000000,843.7068530849,2.707226000000e-04,6.063313000000e-05,3.313558000000e-04
1745,34.9000000000,844.1906299502,2.735069000000e-04,6.063313000000e-05,3.341400000000e-04
1746,34.9200000000,844.6744068155,2.762966000000e-04,6.063313000000e-05,3.369297000000e-04
1747,34.9400000000,845.1581836808,2.790906000000e-04,6.063313000000e-05,3.397237000000e-04
1748,34.9600000000,845.6419605461,2.818876000000e-04,6.063313000000e-05,3.425207000000e-04
1749,34.9800000000,846.1257374114,2.846866000000e-04,6.063313000000e-05,3.453197000000e-04
1750,35.0000000000,846.6095142768,2.874863000000e-04,6.063313000000e-05,3.481194000000e-04
1751,35.0200000000,847.0932911421,2.902856000000e-04,6.063313000000e-05,3.509188000000e-04
1752,35.0400000000,847.5770680074,2.930834000000e-04,6.063313000000e-05,3.537166000000e-04
1753,35.0600000000,848.0608448727,2.958785000000e-04,6.063313000000e-05,3.565117000000e-04
1754,35.0800000000,848.5446217380,2.986698000000e-04,6.063313000000e-05,3.593029000000e-04
1755,35.1000000000,849.0283986033,3.014561000000e-04,6.063313000000e-05,3.620892000000e-04
1756,35.1200000000,849.5121754686,3.042363000000e-04,6.063313000000e-05,3.648694000000e-04
1757,35.1400000000,849.9959523339,3.070092000000e-04,6.063313000000e-05,3.676423000000e-04
1758,35.1600000000,850.4797291992,3.097738000000e-04,6.063313000000e-05,3.704070000000e-04
1759,35.1800000000,850.9635060645,3.125290000000e-04,6.063313000000e-05,3.731621000000e-04
1760,35.2000000000,851.4472829298,3.152736000000e-04,6.063313000000e-05,3.759067000000e-04
1761,35.2200000000,851.9310597951,3.180066000000e-04,6.063313000000e-05,3.786398000000e-04
1762,35.2400000000,852.4148366604,3.207269000000e-04,6.063313000000e-05,3.813601000000e-04
1763,35.2600000000,852.8986135257,3.234335000000e-04,6.063313000000e-05,3.840667000000e-04
1764,35.2800000000,853.3823903910,3.261253000000e-04,6.063313000000e-05,3.867584000000e-04
1765,35.3000000000,853.8661672563,3.288013000000e-04,6.063313000000e-05,3.894344000000e-04
1766,35.3200000000,854.3499441216,3.314604000000e-04,6.063313000000e-05,3.920935000000e-04
1767,35.3400000000,854.8337209869,3.341017000000e-04,6.063313000000e-05,3.947348000000e-04
1768,35.3600000000,855.3174978522,3.367242000000e-04,6.063313000000e-05,3.973573000000e-04
1769,35.3800000000,855.8012747175,3.393268000000e-04,6.063313000000e-05,3.999600000000e-04
1770,35.4000000000,856.2850515828,3.419088000000e-04,6.063313000000e-05,4.025419000000e-04
1771,35.4200000000,856.7688284481,3.444691000000e-04,6.063313000000e-05,4.051022000000e-04
1772,35.4400000000,857.2526053134,3.470068000000e-04,6.063313000000e-05,4.076399000000e-04
1773,35.4600000000,857.7363821787,3.495210000000e-04,6.063313000000e-05,4.101541000000e-04
1774,35.4800000000,858.2201590440,3.520108000000e-04,6.063313000000e-05,4.126439000000e-04
1775,35.5000000000,858.7039359093,3.544755000000e-04,6.063313000000e-05,4.151086000000e-04
1776,35.5200000000,859.1877127746,3.569141000000e-04,6.063313000000e-05,4.175472000000e-04
1777,35.5400000000,859.6714896399,3.593258000000e-04,6.063313000000e-05,4.199589000000e-04
1778,35.5600000000,860.1552665052,3.617099000000e-04,6.063313000000e-05,4.223430000000e-04
1779,35.5800000000,860.6390433705,3.640655000000e-04,6.063313000000e-05,4.246987000000e-04
1780,35.6000000000,861.1228202358,3.663920000000e-04,6.063313000000e-05,4.270252000000e-04
1781,35.6200000000,861.6065971011,3.686886000000e-04,6.063313000000e-05,4.293217000000e-04
1782,35.6400000000,862.0903739664,3.709546000000e-04,6.063313000000e-05,4.315877000000e-04
1783,35.6600000000,862.5741508317,3.731893000000e-04,6.063313000000e-05,4.338224000000e-04
1784,35.6800000000,863.0579276970,3.753920000000e-04,6.063313000000e-05,4.360252000000e-04
1785,35.7000000000,863.5417045623,3.775622000000e-04,6.063313000000e-05,4.381953000000e-04
1786,35.7200000000,864.0254814276,3.796992000000e-04,6.063313000000e-05,4.403323000000e-04
1787,35.7400000000,864.5092582929,3.818024000000e-04,6.063313000000e-05,4.424355000000e-04
1788,35.7600000000,864.9930351582,3.838712000000e-04,6.063313000000e-05,4.445043000000e-04
1789,35.7800000000,865.4768120235,3.859051000000e-04,6.063313000000e-05,4.465382000000e-04
1790,35.8000000000,865.9605888888,3.879036000000e-04,6.063313000000e-05,4.485367000000e-04
1791,35.8200000000,866.4443657541,3.898662000000e-04,6.063313000000e-05,4.504993000000e-04
1792,35.8400000000,866.9281426194,3.917923000000e-04,6.063313000000e-05,4.524254000000e-04
1793,35.8600000000,867.4119194847,3.936816000000e-04,6.063313000000e-05,4.543147000000e-04
1794,35.8800000000,867.8956963500,3.955336000000e-04,6.063313000000e-05,4.561667000000e-04
1795,35.9000000000,868.3794732153,3.973479000000e-04,6.063313000000e-05,4.579810000000e-04
1796,35.9200000000,868.8632500806,3.991240000000e-04,6.063313000000e-05,4.597572000000e-04
1797,35.9400000000,869.3470269459,4.008617000000e-04,6.063313000000e-05,4.614949000000e-04
1798,35.9600000000,869.8308038112,4.025606000000e-04,6.063313000000e-05,4.631937000000e-04
1799,35.9800000000,870.3145806765,4.042203000000e-04,6.063313000000e-05,4.648534000000e-04
1800,36.0000000000,870.7983575418,4.058404000000e-04,6.063313000000e-05,4.664736000000e-04
1801,36.0200000000,871.2821344071,4.074208000000e-04,6.063313000000e-05,4.680540000000e-04
1802,36.0400000000,871.7659112724,4.089612000000e-04,6.063313000000e-05,4.695943000000e-04
1803,36.0600000000,872.2496881377,4.104612000000e-04,6.063313000000e-05,4.710943000000e-04
1804,36.0800000000,872.7334650030,4.119206000000e-04,6.063313000000e-05,4.725537000000e-04
1805,36.1000000000,873.2172418683,4.133392000000e-04,6.063313000000e-05,4.739723000000e-04
1806,36.1200000000,873.7010187336,4.147167000000e-04,6.063313000000e-05,4.753499000000e-04
1807,36.1400000000,874.1847955989,4.160531000000e-04,6.063313000000e-05,4.766862000000e-04
1808,36.1600000000,874.6685724642,4.173480000000e-04,6.063313000000e-05,4.779811000000e-04
1809,36.1800000000,875.1523493295,4.186013000000e-04,6.063313000000e-05,4.792344000000e-04
1810,36.2000000000,875.6361261948,4.198128000000e-04,6.063313000000e-05,4.804459000000e-04
1811,36.2200000000,876.1199030601,4.209824000000e-04,6.063313000000e-05,4.816155000000e-04
1812,36.2400000000,876.6036799254,4.221099000000e-04,6.063313000000e-05,4.827431000000e-04
1813,36.2600000000,877.0874567907,4.231953000000e-04,6.063313000000e-05,4.838284000000e-04
1814,36.2800000000,877.5712336560,4.242383000000e-04,6.063313000000e-05,4.848714000000e-04
1815,36.3000000000,878.0550105213,4.252388000000e-04,6.063313000000e-05,4.858719000000e-04
1816,36.3200000000,878.5387873866,4.261968000000e-04,6.063313000000e-05,4.868299000000e-04
1817,36.3400000000,879.0225642519,4.271121000000e-04,6.063313000000e-05,4.877452000000e-04
1818,36.3600000000,879.5063411172,4.279846000000e-04,6.063313000000e-05,4.886177000000e-04
1819,36.3800000000,879.9901179825,4.288142000000e-04,6.063313000000e-05,4.894474000000e-04
1820,36.4000000000,880.4738948478,4.296009000000e-04,6.063313000000e-05,4.902341000000e-04
1821,36.4200000000,880.9576717131,4.303446000000e-04,6.063313000000e-05,4.909777000000e-04
1822,36.4400000000,881.4414485784,4.310451000000e-04,6.063313000000e-05,4.916783000000e-04
1823,36.4600000000,881.9252254437,4.317024000000e-04,6.063313000000e-05,4.923356000000e-04
1824,36.4800000000,882.4090023090,4.323165000000e-04,6.063313000000e-05,4.929496000000e-04
1825,36.5000000000,882.8927791743,4.328872000000e-04,6.063313000000e-05,4.935203000000e-04
1826,36.5200000000,883.3765560396,4.334144000000e-04,6.063313000000e-05,4.940475000000e-04
1827,36.5400000000,883.8603329049,4.338981000000e-04,6.063313000000e-05,4.945313000000e-04
1828,36.5600000000,884.3441097702,4.343383000000e-04,6.063313000000e-05,4.949714000000e-04
1829,36.5800000000,884.8278866355,4.347348000000e-04,6.063313000000e-05,4.953679000000e-04
1830,36.6000000000,885.3116635008,4.350875000000e-04,6.063313000000e-05,4.957206000000e-04
1831,36.6200000000,885.7954403661,4.353965000000e-04,6.063313000000e-05,4.960296000000e-04
1832,36.6400000000,886.2792172314,4.356615000000e-04,6.063313000000e-05,4.962947000000e-04
1833,36.6600000000,886.7629940967,4.358827000000e-04,6.063313000000e-05,4.965158000000e-04
1834,36.6800000000,887.2467709620,4.360598000000e-04,6.063313000000e-05,4.966929000000e-04
1835,36.7000000000,887.7305478273,4.361928000000e-04,6.063313000000e-05,4.968259000000e-04
1836,36.7200000000,888.2143246926,4.362816000000e-04,6.063313000000e-05,4.969147000000e-04
1837,36.7400000000,888.6981015579,4.363262000000e-04,6.063313000000e-05,4.969593000000e-04
1838,36.7600000000,889.1818784232,4.363264000000e-04,6.063313000000e-05,4.969596000000e-04
1839,36.7800000000,889.6656552885,4.362823000000e-04,6.063313000000e-05,4.969154000000e-04
1840,36.8000000000,890.1494321538,4.361937000000e-04,6.063313000000e-05,4.968268000000e-04
1841,36.8200000000,890.6332090191,4.360606000000e-04,6.063313000000e-05,4.966937000000e-04
1842,36.8400000000,891.1169858844,4.358828000000e-04,6.063313000000e-05,4.965159000000e-04
1843,36.8600000000,891.6007627497,4.356604000000e-04,6.063313000000e-05,4.962935000000e-04
1844,36.8800000000,892.0845396150,4.353933000000e-04,6.063313000000e-05,4.960264000000e-04
1845,36.9000000000,892.5683164803,4.350813000000e-04,6.063313000000e-05,4.957144000000e-04
1846,36.9200000000,893.0520933456,4.347245000000e-04,6.063313000000e-05,4.953576000000e-04
1847,36.9400000000,893.5358702109,4.343228000000e-04,6.063313000000e-05,4.949559000000e-04
1848,36.9600000000,894.0196470762,4.338761000000e-04,6.063313000000e-05,4.945093000000e-04
1849,36.9800000000,894.5034239415,4.333845000000e-04,6.063313000000e-05,4.940176000000e-04
1850,37.0000000000,894.9872008068,4.328478000000e-04,6.063313000000e-05,4.934810000000e-04
1851,37.0200000000,895.4709776722,4.322661000000e-04,6.063313000000e-05,4.928992000000e-04
1852,37.0400000000,895.9547545375,4.316393000000e-04,6.063313000000e-05,4.922724000000e-04
1853,37.0600000000,896.4385314028,4.309674000000e-04,6.063313000000e-05,4.916006000000e-04
1854,37.0800000000,896.9223082681,4.302505000000e-04,6.063313000000e-05,4.908836000000e-04
1855,37.1000000000,897.4060851334,4.294885000000e-04,6.063313000000e-05,4.901216000000e-04
1856,37.1200000000,897.8898619987,4.286814000000e-04,6.063313000000e-05,4.893146000000e-04
1857,37.1400000000,898.3736388640,4.278294000000e-04,6.063313000000e-05,4.884625000000e-04
1858,37.1600000000,898.8574157293,4.269324000000e-04,6.063313000000e-05,4.875656000000e-04
1859,37.1800000000,899.3411925946,4.259906000000e-04,6.063313000000e-05,4.866237000000e-04
1860,37.2000000000,899.8249694599,4.250040000000e-04,6.063313000000e-05,4.856371000000e-04
1861,37.2200000000,900.3087463252,4.239727000000e-04,6.063313000000e-05,4.846058000000e-04
1862,37.2400000000,900.7925231905,4.228968000000e-04,6.063313000000e-05,4.835300000000e-04
1863,37.2600000000,901.2763000558,4.217766000000e-04,6.063313000000e-05,4.824097000000e-04
1864,37.2800000000,901.7600769211,4.206120000000e-04,6.063313000000e-05,4.812451000000e-04
1865,37.3000000000,902.2438537864,4.194034000000e-04,6.063313000000e-05,4.800365000000e-04
1866,37.3200000000,902.7276306517,4.181509000000e-04,6.063313000000e-05,4.787840000000e-04
1867,37.3400000000,903.2114075170,4.168547000000e-04,6.063313000000e-05,4.774878000000e-04
1868,37.3600000000,903.6951843823,4.155151000000e-04,6.063313000000e-05,4.761482000000e-04
1869,37.3800000000,904.1789612476,4.141323000000e-04,6.063313000000e-05,4.747655000000e-04
1870,37.4000000000,904.6627381129,4.127067000000e-04,6.063313000000e-05,4.733399000000e-04
1871,37.4200000000,905.1465149782,4.112386000000e-04,6.063313000000e-05,4.718717000000e-04
1872,37.4400000000,905.6302918435,4.097282000000e-04,6.063313000000e-05,4.703614000000e-04
1873,37.4600000000,906.1140687088,4.081760000000e-04,6.063313000000e-05,4.688092000000e-04
1874,37.4800000000,906.5978455741,4.065824000000e-04,6.063313000000e-05,4.672156000000e-04
1875,37.5000000000,907.0816224394,4.049478000000e-04,6.063313000000e-05,4.655809000000e-04
1876,37.5200000000,907.5653993047,4.032726000000e-04,6.063313000000e-05,4.639057000000e-04
1877,37.5400000000,908.0491761700,4.015573000000e-04,6.063313000000e-05,4.621904000000e-04
1878,37.5600000000,908.5329530353,3.998024000000e-04,6.063313000000e-05,4.604355000000e-04
1879,37.5800000000,909.0167299006,3.980084000000e-04,6.063313000000e-05,4.586415000000e-04
1880,37.6000000000,909.5005067659,3.961759000000e-04,6.063313000000e-05,4.568090000000e-04
1881,37.6200000000,909.9842836312,3.943055000000e-04,6.063313000000e-05,4.549386000000e-04
1882,37.6400000000,910.4680604965,3.923977000000e-04,6.063313000000e-05,4.530308000000e-04
1883,37.6600000000,910.9518373618,3.904532000000e-04,6.063313000000e-05,4.510864000000e-04
1884,37.6800000000,911.4356142271,3.884728000000e-04,6.063313000000e-05,4.491059000000e-04
1885,37.7000000000,911.9193910924,3.864569000000e-04,6.063313000000e-05,4.470901000000e-04
1886,37.7200000000,912.4031679577,3.844065000000e-04,6.063313000000e-05,4.450396000000e-04
1887,37.7400000000,912.8869448230,3.823221000000e-04,6.063313000000e-05,4.429552000000e-04
1888,37.7600000000,913.3707216883,3.802046000000e-04,6.063313000000e-05,4.408377000000e-04
1889,37.7800000000,913.8544985536,3.780547000000e-04,6.063313000000e-05,4.386878000000e-04
1890,37.8000000000,914.3382754189,3.758733000000e-04,6.063313000000e-05,4.365064000000e-04
1891,37.8200000000,914.8220522842,3.736612000000e-04,6.063313000000e-05,4.342943000000e-04
1892,37.8400000000,915.3058291495,3.714191000000e-04,6.063313000000e-05,4.320523000000e-04
1893,37.8600000000,915.7896060148,3.691481000000e-04,6.063313000000e-05,4.297812000000e-04
1894,37.8800000000,916.2733828801,3.668490000000e-04,6.063313000000e-05,4.274821000000e-04
1895,37.9000000000,916.7571597454,3.645226000000e-04,6.063313000000e-05,4.251557000000e-04
1896,37.9200000000,917.2409366107,3.621699000000e-04,6.063313000000e-05,4.228030000000e-04
1897,37.9400000000,917.7247134760,3.597919000000e-04,6.063313000000e-05,4.204250000000e-04
1898,37.9600000000,918.2084903413,3.573894000000e-04,6.063313000000e-05,4.180225000000e-04
1899,37.9800000000,918.6922672066,3.549635000000e-04,6.063313000000e-05,4.155966000000e-04
1900,38.0000000000,919.1760440719,3.525151000000e-04,6.063313000000e-05,4.131482000000e-04
1901,38.0200000000,919.6598209372,3.500451000000e-04,6.063313000000e-05,4.106783000000e-04
1902,38.0400000000,920.1435978025,3.475547000000e-04,6.063313000000e-05,4.081878000000e-04
1903,38.0600000000,920.6273746678,3.450447000000e-04,6.063313000000e-05,4.056778000000e-04
1904,38.0800000000,921.1111515331,3.425162000000e-04,6.063313000000e-05,4.031493000000e-04
1905,38.1000000000,921.5949283984,3.399701000000e-04,6.063313000000e-05,4.006033000000e-04
1906,38.1200000000,922.0787052637,3.374076000000e-04,6.063313000000e-05,3.980407000000e-04
1907,38.1400000000,922.5624821290,3.348295000000e-04,6.063313000000e-05,3.954626000000e-04
1908,38.1600000000,923.0462589943,3.322368000000e-04,6.063313000000e-05,3.928700000000e-04
1909,38.1800000000,923.5300358596,3.296307000000e-04,6.063313000000e-05,3.902638000000e-04
1910,38.2000000000,924.0138127249,3.270120000000e-04,6.063313000000e-05,3.876452000000e-04
1911,38.2200000000,924.4975895902,3.243818000000e-04,6.063313000000e-05,3.850150000000e-04
1912,38.2400000000,924.9813664555,3.217410000000e-04,6.063313000000e-05,3.823742000000e-04
1913,38.2600000000,925.4651433208,3.190907000000e-04,6.063313000000e-05,3.797238000000e-04
1914,38.2800000000,925.9489201861,3.164317000000e-04,6.063313000000e-05,3.770648000000e-04
1915,38.3000000000,926.4326970514,3.137650000000e-04,6.063313000000e-05,3.743981000000e-04
1916,38.3200000000,926.9164739167,3.110915000000e-04,6.063313000000e-05,3.717247000000e-04
1917,38.3400000000,927.4002507820,3.084123000000e-04,6.063313000000e-05,3.690454000000e-04
1918,38.3600000000,927.8840276473,3.057280000000e-04,6.063313000000e-05,3.663612000000e-04
1919,38.3800000000,928.3678045126,3.030398000000e-04,6.063313000000e-05,3.636729000000e-04
1920,38.4000000000,928.8515813779,3.003483000000e-04,6.063313000000e-05,3.609814000000e-04
1921,38.4200000000,929.3353582432,2.976545000000e-04,6.063313000000e-05,3.582876000000e-04
1922,38.4400000000,929.8191351085,2.949591000000e-04,6.063313000000e-05,3.555923000000e-04
1923,38.4600000000,930.3029119738,2.922631000000e-04,6.063313000000e-05,3.528962000000e-04
1924,38.4800000000,930.7866888391,2.895670000000e-04,6.063313000000e-05,3.502002000000e-04
1925,38.5000000000,931.2704657044,2.868718000000e-04,6.063313000000e-05,3.475049000000e-04
1926,38.5200000000,931.7542425697,2.841781000000e-04,6.063313000000e-05,3.448112000000e-04
1927,38.5400000000,932.2380194350,2.814866000000e-04,6.063313000000e-05,3.421197000000e-04
1928,38.5600000000,932.7217963003,2.787980000000e-04,6.063313000000e-05,3.394311000000e-04
1929,38.5800000000,933.2055731656,2.761129000000e-04,6.063313000000e-05,3.367461000000e-04
1930,38.6000000000,933.6893500309,2.734320000000e-04,6.063313000000e-05,3.340651000000e-04
1931,38.6200000000,934.1731268962,2.707558000000e-04,6.063313000000e-05,3.313889000000e-04
1932,38.6400000000,934.6569037615,2.680849000000e-04,6.063313000000e-05,3.287180000000e-04
1933,38.6600000000,935.1406806268,2.654198000000e-04,6.063313000000e-05,3.260530000000e-04
1934,38.6800000000,935.6244574921,2.627611000000e-04,6.063313000000e-05,3.233942000000e-04
1935,38.7000000000,936.1082343574,2.601092000000e-04,6.063313000000e-05,3.207423000000e-04
1936,38.7200000000,936.5920112227,2.574644000000e-04,6.063313000000e-05,3.180976000000e-04
1937,38.7400000000,937.0757880880,2.548274000000e-04,6.063313000000e-05,3.154605000000e-04
1938,38.7600000000,937.5595649533,2.521983000000e-04,6.063313000000e-05,3.128315000000e-04
1939,38.7800000000,938.0433418186,2.495777000000e-04,6.063313000000e-05,3.102108000000e-04
1940,38.8000000000,938.5271186839,2.469658000000e-04,6.063313000000e-05,3.075989000000e-04
1941,38.8200000000,939.0108955492,2.443628000000e-04,6.063313000000e-05,3.049960000000e-04
1942,38.8400000000,939.4946724145,2.417692000000e-04,6.063313000000e-05,3.024023000000e-04
1943,38.8600000000,939.9784492798,2.391851000000e-04,6.063313000000e-05,2.998182000000e-04
1944,38.8800000000,940.4622261451,2.366107000000e-04,6.063313000000e-05,2.972438000000e-04
1945,38.9000000000,940.9460030104,2.340463000000e-04,6.063313000000e-05,2.946794000000e-04
1946,38.9200000000,941.4297798757,2.314919000000e-04,6.063313000000e-05,2.921251000000e-04
1947,38.9400000000,941.9135567410,2.289479000000e-04,6.063313000000e-05,2.895810000000e-04
1948,38.9600000000,942.3973336063,2.264142000000e-04,6.063313000000e-05,2.870473000000e-04
1949,38.9800000000,942.8811104716,2.238909000000e-04,6.063313000000e-05,2.845241000000e-04
1950,39.0000000000,943.3648873370,2.213783000000e-04,6.063313000000e-05,2.820114000000e-04
1951,39.0200000000,943.8486642023,2.188762000000e-04,6.063313000000e-05,2.795093000000e-04
1952,39.0400000000,944.3324410676,2.163848000000e-04,6.063313000000e-05,2.770179000000e-04
1953,39.0600000000,944.8162179329,2.139041000000e-04,6.063313000000e-05,2.745372000000e-04
1954,39.0800000000,945.2999947982,2.114341000000e-04,6.063313000000e-05,2.720672000000e-04
1955,39.1000000000,945.7837716635,2.089748000000e-04,6.063313000000e-05,2.696079000000e-04
1956,39.1200000000,946.2675485288,2.065261000000e-04,6.063313000000e-05,2.671593000000e-04
1957,39.1400000000,946.7513253941,2.040882000000e-04,6.063313000000e-05,2.647213000000e-04
1958,39.1600000000,947.2351022594,2.016608000000e-04,6.063313000000e-05,2.622940000000e-04
1959,39.1800000000,947.7188791247,1.992440000000e-04,6.063313000000e-05,2.598772000000e-04
1960,39.2000000000,948.2026559900,1.968378000000e-04,6.063313000000e-05,2.574709000000e-04
1961,39.2200000000,948.6864328553,1.944420000000e-04,6.063313000000e-05,2.550751000000e-04
1962,39.2400000000,949.1702097206,1.920566000000e-04,6.063313000000e-05,2.526897000000e-04
1963,39.2600000000,949.6539865859,1.896816000000e-04,6.063313000000e-05,2.503147000000e-04
1964,39.2800000000,950.1377634512,1.873168000000e-04,6.063313000000e-05,2.479499000000e-04
1965,39.3000000000,950.6215403165,1.849622000000e-04,6.063313000000e-05,2.455954000000e-04
1966,39.3200000000,951.1053171818,1.826178000000e-04,6.063313000000e-05,2.432510000000e-04
1967,39.3400000000,951.5890940471,1.802835000000e-04,6.063313000000e-05,2.409166000000e-04
1968,39.3600000000,952.0728709124,1.779592000000e-04,6.063313000000e-05,2.385924000000e-04
1969,39.3800000000,952.5566477777,1.756449000000e-04,6.063313000000e-05,2.362781000000e-04
1970,39.4000000000,953.0404246430,1.733406000000e-04,6.063313000000e-05,2.339737000000e-04
1971,39.4200000000,953.5242015083,1.710461000000e-04,6.063313000000e-05,2.316792000000e-04
1972,39.4400000000,954.0079783736,1.687615000000e-04,6.063313000000e-05,2.293947000000e-04
1973,39.4600000000,954.4917552389,1.664869000000e-04,6.063313000000e-05,2.271200000000e-04
1974,39.4800000000,954.9755321042,1.642220000000e-04,6.063313000000e-05,2.248552000000e-04
1975,39.5000000000,955.4593089695,1.619671000000e-04,6.063313000000e-05,2.226002000000e-04
1976,39.5200000000,955.9430858348,1.597221000000e-04,6.063313000000e-05,2.203552000000e-04
1977,39.5400000000,956.4268627001,1.574870000000e-04,6.063313000000e-05,2.181201000000e-04
1978,39.5600000000,956.9106395654,1.552620000000e-04,6.063313000000e-05,2.158951000000e-04
1979,39.5800000000,957.3944164307,1.530470000000e-04,6.063313000000e-05,2.136801000000e-04
1980,39.6000000000,957.8781932960,1.508422000000e-04,6.063313000000e-05,2.114753000000e-04
1981,39.6200000000,958.3619701613,1.486477000000e-04,6.063313000000e-05,2.092808000000e-04
1982,39.6400000000,958.8457470266,1.464636000000e-04,6.063313000000e-05,2.070968000000e-04
1983,39.6600000000,959.3295238919,1.442901000000e-04,6.063313000000e-05,2.049233000000e-04
1984,39.6800000000,959.8133007572,1.421274000000e-04,6.063313000000e-05,2.027605000000e-04
1985,39.7000000000,960.2970776225,1.399756000000e-04,6.063313000000e-05,2.006087000000e-04
1986,39.7200000000,960.7808544878,1.378349000000e-04,6.063313000000e-05,1.984681000000e-04
1987,39.7400000000,961.2646313531,1.357057000000e-04,6.063313000000e-05,1.963388000000e-04
1988,39.7600000000,961.7484082184,1.335881000000e-04,6.063313000000e-05,1.942212000000e-04
1989,39.7800000000,962.2321850837,1.314824000000e-04,6.063313000000e-05,1.921155000000e-04
1990,39.8000000000,962.7159619490,1.293889000000e-04,6.063313000000e-05,1.900220000000e-04
1991,39.8200000000,963.1997388143,1.273080000000e-04,6.063313000000e-05,1.879411000000e-04
1992,39.8400000000,963.6835156796,1.252399000000e-04,6.063313000000e-05,1.858731000000e-04
1993,39.8600000000,964.1672925449,1.231852000000e-04,6.063313000000e-05,1.838183000000e-04
1994,39.8800000000,964.6510694102,1.211440000000e-04,6.063313000000e-05,1.817772000000e-04
1995,39.9000000000,965.1348462755,1.191170000000e-04,6.063313000000e-05,1.797501000000e-04
1996,39.9200000000,965.6186231408,1.171044000000e-04,6.063313000000e-05,1.777376000000e-04
1997,39.9400000000,966.1024000061,1.151068000000e-04,6.063313000000e-05,1.757399000000e-04
1998,39.9600000000,966.5861768714,1.131246000000e-04,6.063313000000e-05,1.737577000000e-04
1999,39.9800000000,967.0699537367,1.111583000000e-04,6.063313000000e-05,1.717914000000e-04
2000,40.0000000000,967.5537306020,1.092084000000e-04,6.063313000000e-05,1.698416000000e-04
2001,40.0200000000,968.0375074673,1.072755000000e-04,6.063313000000e-05,1.679086000000e-04
2002,40.0400000000,968.5212843326,1.053601000000e-04,6.063313000000e-05,1.659932000000e-04
2003,40.0600000000,969.0050611979,1.034627000000e-04,6.063313000000e-05,1.640959000000e-04
2004,40.0800000000,969.4888380632,1.015840000000e-04,6.063313000000e-05,1.622172000000e-04
2005,40.1000000000,969.9726149285,9.972460000000e-05,6.063313000000e-05,1.603577000000e-04
2006,40.1200000000,970.4563917938,9.788500000000e-05,6.063313000000e-05,1.585181000000e-04
2007,40.1400000000,970.9401686591,9.606590000000e-05,6.063313000000e-05,1.566990000000e-04
2008,40.1600000000,971.4239455244,9.426793000000e-05,6.063313000000e-05,1.549011000000e-04
2009,40.1800000000,971.9077223897,9.249174000000e-05,6.063313000000e-05,1.531249000000e-04
2010,40.2000000000,972.3914992550,9.073799000000e-05,6.063313000000e-05,1.513711000000e-04
2011,40.2200000000,972.8752761203,8.900737000000e-05,6.063313000000e-05,1.496405000000e-04
2012,40.2400000000,973.3590529856,8.730054000000e-05,6.063313000000e-05,1.479337000000e-04
2013,40.2600000000,973.8428298509,8.561820000000e-05,6.063313000000e-05,1.462513000000e-04
2014,40.2800000000,974.3266067162,8.396105000000e-05,6.063313000000e-05,1.445942000000e-04
2015,40.3000000000,974.8103835815,8.232980000000e-05,6.063313000000e-05,1.429629000000e-04
2016,40.3200000000,975.2941604468,8.072514000000e-05,6.063313000000e-05,1.413583000000e-04
2017,40.3400000000,975.7779373121,7.914780000000e-05,6.063313000000e-05,1.397809000000e-04
2018,40.3600000000,976.2617141774,7.759848000000e-05,6.063313000000e-05,1.382316000000e-04
2019,40.3800000000,976.7454910427,7.607790000000e-05,6.063313000000e-05,1.367110000000e-04
2020,40.4000000000,977.2292679080,7.458678000000e-05,6.063313000000e-05,1.352199000000e-04
2021,40.4200000000,977.7130447733,7.312583000000e-05,6.063313000000e-05,1.337590000000e-04
2022,40.4400000000,978.1968216386,7.169576000000e-05,6.063313000000e-05,1.323289000000e-04
2023,40.4600000000,978.6805985039,7.029728000000e-05,6.063313000000e-05,1.309304000000e-04
2024,40.4800000000,979.1643753692,6.893111000000e-05,6.063313000000e-05,1.295642000000e-04
2025,40.5000000000,979.6481522345,6.759793000000e-05,6.063313000000e-05,1.282311000000e-04
2026,40.5200000000,980.1319290998,6.629845000000e-05,6.063313000000e-05,1.269316000000e-04
2027,40.5400000000,980.6157059651,6.503335000000e-05,6.063313000000e-05,1.256665000000e-04
2028,40.5600000000,981.0994828304,6.380330000000e-05,6.063313000000e-05,1.244364000000e-04
2029,40.5800000000,981.5832596957,6.260899000000e-05,6.063313000000e-05,1.232421000000e-04
2030,40.6000000000,982.0670365610,6.145105000000e-05,6.063313000000e-05,1.220842000000e-04
2031,40.6200000000,982.5508134263,6.033015000000e-05,6.063313000000e-05,1.209633000000e-04
2032,40.6400000000,983.0345902916,5.924692000000e-05,6.063313000000e-05,1.198801000000e-04
2033,40.6600000000,983.5183671569,5.820198000000e-05,6.063313000000e-05,1.188351000000e-04
2034,40.6800000000,984.0021440222,5.719593000000e-05,6.063313000000e-05,1.178291000000e-04
2035,40.7000000000,984.4859208875,5.622938000000e-05,6.063313000000e-05,1.168625000000e-04
2036,40.7200000000,984.9696977528,5.530289000000e-05,6.063313000000e-05,1.159360000000e-04
2037,40.7400000000,985.4534746181,5.441703000000e-05,6.063313000000e-05,1.150502000000e-04
2038,40.7600000000,985.9372514834,5.357234000000e-05,6.063313000000e-05,1.142055000000e-04
2039,40.7800000000,986.4210283487,5.276935000000e-05,6.063313000000e-05,1.134025000000e-04
2040,40.8000000000,986.9048052140,5.200857000000e-05,6.063313000000e-05,1.126417000000e-04
2041,40.8200000000,987.3885820793,5.129047000000e-05,6.063313000000e-05,1.119236000000e-04
2042,40.8400000000,987.8723589446,5.061554000000e-05,6.063313000000e-05,1.112487000000e-04
2043,40.8600000000,988.3561358099,4.998422000000e-05,6.063313000000e-05,1.106174000000e-04
2044,40.8800000000,988.8399126752,4.939693000000e-05,6.063313000000e-05,1.100301000000e-04
2045,40.9000000000,989.3236895405,4.885409000000e-05,6.063313000000e-05,1.094872000000e-04
2046,40.9200000000,989.8074664058,4.835606000000e-05,6.063313000000e-05,1.089892000000e-04
2047,40.9400000000,990.2912432711,4.790323000000e-05,6.063313000000e-05,1.085364000000e-04
2048,40.9600000000,990.7750201364,4.749591000000e-05,6.063313000000e-05,1.081290000000e-04
2049,40.9800000000,991.2587970017,4.713443000000e-05,6.063313000000e-05,1.077676000000e-04
2050,41.0000000000,991.7425738671,4.681909000000e-05,6.063313000000e-05,1.074522000000e-04
2051,41.0200000000,992.2263507324,4.655013000000e-05,6.063313000000e-05,1.071833000000e-04
2052,41.0400000000,992.7101275977,4.632782000000e-05,6.063313000000e-05,1.069610000000e-04
2053,41.0600000000,993.1939044630,4.615237000000e-05,6.063313000000e-05,1.067855000000e-04
2054,41.0800000000,993.6776813283,4.602397000000e-05,6.063313000000e-05,1.066571000000e-04
2055,41.1000000000,994.1614581936,4.594280000000e-05,6.063313000000e-05,1.065759000000e-04
2056,41.1200000000,994.6452350589,4.590899000000e-05,6.063313000000e-05,1.065421000000e-04
2057,41.1400000000,995.1290119242,4.592267000000e-05,6.063313000000e-05,1.065558000000e-04
2058,41.1600000000,995.6127887895,4.598393000000e-05,6.063313000000e-05,1.066171000000e-04
2059,41.1800000000,996.0965656548,4.609284000000e-05,6.063313000000e-05,1.067260000000e-04
2060,41.2000000000,996.5803425201,4.624944000000e-05,6.063313000000e-05,1.068826000000e-04
2061,41.2200000000,997.0641193854,4.645375000000e-05,6.063313000000e-05,1.070869000000e-04
2062,41.2400000000,997.5478962507,4.670577000000e-05,6.063313000000e-05,1.073389000000e-04
2063,41.2600000000,998.0316731160,4.700545000000e-05,6.063313000000e-05,1.076386000000e-04
2064,41.2800000000,998.5154499813,4.735275000000e-05,6.063313000000e-05,1.079859000000e-04
2065,41.3000000000,998.9992268466,4.774756000000e-05,6.063313000000e-05,1.083807000000e-04
2066,41.3200000000,999.4830037119,4.818980000000e-05,6.063313000000e-05,1.088229000000e-04
2067,41.3400000000,999.9667805772,4.867931000000e-05,6.063313000000e-05,1.093124000000e-04
2068,41.3600000000,1000.4505574425,4.921594000000e-05,6.063313000000e-05,1.098491000000e-04
2069,41.3800000000,1000.9343343078,4.979951000000e-05,6.063313000000e-05,1.104326000000e-04
2070,41.4000000000,1001.4181111731,5.042979000000e-05,6.063313000000e-05,1.110629000000e-04
2071,41.4200000000,1001.9018880384,5.110656000000e-05,6.063313000000e-05,1.117397000000e-04
2072,41.4400000000,1002.3856649037,5.182955000000e-05,6.063313000000e-05,1.124627000000e-04
2073,41.4600000000,1002.8694417690,5.259848000000e-05,6.063313000000e-05,1.132316000000e-04
2074,41.4800000000,1003.3532186343,5.341303000000e-05,6.063313000000e-05,1.140462000000e-04
2075,41.5000000000,1003.8369954996,5.427286000000e-05,6.063313000000e-05,1.149060000000e-04
2076,41.5200000000,1004.3207723649,5.517763000000e-05,6.063313000000e-05,1.158108000000e-04
2077,41.5400000000,1004.8045492302,5.612693000000e-05,6.063313000000e-05,1.167601000000e-04
2078,41.5600000000,1005.2883260955,5.712037000000e-05,6.063313000000e-05,1.177535000000e-04
2079,41.5800000000,1005.7721029608,5.815751000000e-05,6.063313000000e-05,1.187906000000e-04
2080,41.6000000000,1006.2558798261,5.923788000000e-05,6.063313000000e-05,1.198710000000e-04
2081,41.6200000000,1006.7396566914,6.036102000000e-05,6.063313000000e-05,1.209942000000e-04
2082,41.6400000000,1007.2234335567,6.152641000000e-05,6.063313000000e-05,1.221595000000e-04
2083,41.6600000000,1007.7072104220,6.273353000000e-05,6.063313000000e-05,1.233667000000e-04
2084,41.6800000000,1008.1909872873,6.398183000000e-05,6.063313000000e-05,1.246150000000e-04
2085,41.7000000000,1008.6747641526,6.527073000000e-05,6.063313000000e-05,1.259039000000e-04
2086,41.7200000000,1009.1585410179,6.659963000000e-05,6.063313000000e-05,1.272328000000e-04
2087,41.7400000000,1009.6423178832,6.796792000000e-05,6.063313000000e-05,1.286011000000e-04
2088,41.7600000000,1010.1260947485,6.937495000000e-05,6.063313000000e-05,1.300081000000e-04
2089,41.7800000000,1010.6098716138,7.082007000000e-05,6.063313000000e-05,1.314532000000e-04
2090,41.8000000000,1011.0936484791,7.230257000000e-05,6.063313000000e-05,1.329357000000e-04
2091,41.8200000000,1011.5774253444,7.382176000000e-05,6.063313000000e-05,1.344549000000e-04
2092,41.8400000000,1012.0612022097,7.537690000000e-05,6.063313000000e-05,1.360100000000e-04
2093,41.8600000000,1012.5449790750,7.696724000000e-05,6.063313000000e-05,1.376004000000e-04
2094,41.8800000000,1013.0287559403,7.859202000000e-05,6.063313000000e-05,1.392252000000e-04
2095,41.9000000000,1013.5125328056,8.025043000000e-05,6.063313000000e-05,1.408836000000e-04
2096,41.9200000000,1013.9963096709,8.194166000000e-05,6.063313000000e-05,1.425748000000e-04
2097,41.9400000000,1014.4800865362,8.366488000000e-05,6.063313000000e-05,1.442980000000e-04
2098,41.9600000000,1014.9638634015,8.541924000000e-05,6.063313000000e-05,1.460524000000e-04
2099,41.9800000000,1015.4476402668,8.720384000000e-05,6.063313000000e-05,1.478370000000e-04
2100,42.0000000000,1015.9314171321,8.901782000000e-05,6.063313000000e-05,1.496509000000e-04
2101,42.0200000000,1016.4151939974,9.086023000000e-05,6.063313000000e-05,1.514934000000e-04
2102,42.0400000000,1016.8989708627,9.273017000000e-05,6.063313000000e-05,1.533633000000e-04
2103,42.0600000000,1017.3827477280,9.462666000000e-05,6.063313000000e-05,1.552598000000e-04
2104,42.0800000000,1017.8665245933,9.654875000000e-05,6.063313000000e-05,1.571819000000e-04
2105,42.1000000000,1018.3503014586,9.849543000000e-05,6.063313000000e-05,1.591286000000e-04
2106,42.1200000000,1018.8340783239,1.004657000000e-04,6.063313000000e-05,1.610988000000e-04
2107,42.1400000000,1019.3178551892,1.024586000000e-04,6.063313000000e-05,1.630917000000e-04
2108,42.1600000000,1019.8016320545,1.044729000000e-04,6.063313000000e-05,1.651061000000e-04
2109,42.1800000000,1020.2854089198,1.065078000000e-04,6.063313000000e-05,1.671409000000e-04
2110,42.2000000000,1020.7691857851,1.085620000000e-04,6.063313000000e-05,1.691951000000e-04
2111,42.2200000000,1021.2529626504,1.106345000000e-04,6.063313000000e-05,1.712676000000e-04
2112,42.2400000000,1021.7367395157,1.127242000000e-04,6.063313000000e-05,1.733573000000e-04
2113,42.2600000000,1022.2205163810,1.148300000000e-04,6.063313000000e-05,1.754631000000e-04
2114,42.2800000000,1022.7042932463,1.169507000000e-04,6.063313000000e-05,1.775838000000e-04
2115,42.3000000000,1023.1880701116,1.190851000000e-04,6.063313000000e-05,1.797183000000e-04
2116,42.3200000000,1023.6718469769,1.212322000000e-04,6.063313000000e-05,1.818654000000e-04
2117,42.3400000000,1024.1556238422,1.233907000000e-04,6.063313000000e-05,1.840239000000e-04
2118,42.3600000000,1024.6394007075,1.255595000000e-04,6.063313000000e-05,1.861926000000e-04
2119,42.3800000000,1025.1231775728,1.277372000000e-04,6.063313000000e-05,1.883704000000e-04
2120,42.4000000000,1025.6069544381,1.299228000000e-04,6.063313000000e-05,1.905559000000e-04
2121,42.4200000000,1026.0907313034,1.321150000000e-04,6.063313000000e-05,1.927481000000e-04
2122,42.4400000000,1026.5745081687,1.343125000000e-04,6.063313000000e-05,1.949456000000e-04
2123,42.4600000000,1027.0582850340,1.365141000000e-04,6.063313000000e-05,1.971472000000e-04
2124,42.4800000000,1027.5420618993,1.387185000000e-04,6.063313000000e-05,1.993516000000e-04
2125,42.5000000000,1028.0258387646,1.409245000000e-04,6.063313000000e-05,2.015576000000e-04
2126,42.5200000000,1028.5096156299,1.431308000000e-04,6.063313000000e-05,2.037639000000e-04
2127,42.5400000000,1028.9933924952,1.453361000000e-04,6.063313000000e-05,2.059692000000e-04
2128,42.5600000000,1029.4771693605,1.475391000000e-04,6.063313000000e-05,2.081723000000e-04
2129,42.5800000000,1029.9609462258,1.497386000000e-04,6.063313000000e-05,2.103718000000e-04
2130,42.6000000000,1030.4447230911,1.519332000000e-04,6.063313000000e-05,2.125664000000e-04
2131,42.6200000000,1030.9284999564,1.541217000000e-04,6.063313000000e-05,2.147548000000e-04
2132,42.6400000000,1031.4122768217,1.563027000000e-04,6.063313000000e-05,2.169358000000e-04
2133,42.6600000000,1031.8960536870,1.584749000000e-04,6.063313000000e-05,2.191080000000e-04
2134,42.6800000000,1032.3798305523,1.606371000000e-04,6.063313000000e-05,2.212702000000e-04
2135,42.7000000000,1032.8636074176,1.627878000000e-04,6.063313000000e-05,2.234210000000e-04
2136,42.7200000000,1033.3473842829,1.649259000000e-04,6.063313000000e-05,2.255590000000e-04
2137,42.7400000000,1033.8311611482,1.670500000000e-04,6.063313000000e-05,2.276831000000e-04
2138,42.7600000000,1034.3149380135,1.691588000000e-04,6.063313000000e-05,2.297919000000e-04
2139,42.7800000000,1034.7987148788,1.712510000000e-04,6.063313000000e-05,2.318842000000e-04
2140,42.8000000000,1035.2824917441,1.733254000000e-04,6.063313000000e-05,2.339585000000e-04
2141,42.8200000000,1035.7662686094,1.753806000000e-04,6.063313000000e-05,2.360137000000e-04
2142,42.8400000000,1036.2500454747,1.774153000000e-04,6.063313000000e-05,2.380485000000e-04
2143,42.8600000000,1036.7338223400,1.794284000000e-04,6.063313000000e-05,2.400615000000e-04
2144,42.8800000000,1037.2175992053,1.814185000000e-04,6.063313000000e-05,2.420516000000e-04
2145,42.9000000000,1037.7013760706,1.833844000000e-04,6.063313000000e-05,2.440176000000e-04
2146,42.9200000000,1038.1851529359,1.853249000000e-04,6.063313000000e-05,2.459580000000e-04
2147,42.9400000000,1038.6689298012,1.872387000000e-04,6.063313000000e-05,2.478718000000e-04
2148,42.9600000000,1039.1527066665,1.891247000000e-04,6.063313000000e-05,2.497578000000e-04
2149,42.9800000000,1039.6364835318,1.909816000000e-04,6.063313000000e-05,2.516147000000e-04
2150,43.0000000000,1040.1202603972,1.928082000000e-04,6.063313000000e-05,2.534414000000e-04
2151,43.0200000000,1040.6040372625,1.946035000000e-04,6.063313000000e-05,2.552367000000e-04
2152,43.0400000000,1041.0878141278,1.963663000000e-04,6.063313000000e-05,2.569995000000e-04
2153,43.0600000000,1041.5715909931,1.980955000000e-04,6.063313000000e-05,2.587286000000e-04
2154,43.0800000000,1042.0553678584,1.997899000000e-04,6.063313000000e-05,2.604231000000e-04
2155,43.1000000000,1042.5391447237,2.014486000000e-04,6.063313000000e-05,2.620817000000e-04
2156,43.1200000000,1043.0229215890,2.030704000000e-04,6.063313000000e-05,2.637036000000e-04
2157,43.1400000000,1043.5066984543,2.046544000000e-04,6.063313000000e-05,2.652875000000e-04
2158,43.1600000000,1043.9904753196,2.061996000000e-04,6.063313000000e-05,2.668327000000e-04
2159,43.1800000000,1044.4742521849,2.077049000000e-04,6.063313000000e-05,2.683380000000e-04
2160,43.2000000000,1044.9580290502,2.091695000000e-04,6.063313000000e-05,2.698026000000e-04
2161,43.2200000000,1045.4418059155,2.105925000000e-04,6.063313000000e-05,2.712256000000e-04
2162,43.2400000000,1045.9255827808,2.119729000000e-04,6.063313000000e-05,2.726061000000e-04
2163,43.2600000000,1046.4093596461,2.133101000000e-04,6.063313000000e-05,2.739432000000e-04
2164,43.2800000000,1046.8931365114,2.146030000000e-04,6.063313000000e-05,2.752361000000e-04
2165,43.3000000000,1047.3769133767,2.158511000000e-04,6.063313000000e-05,2.764842000000e-04
2166,43.3200000000,1047.8606902420,2.170534000000e-04,6.063313000000e-05,2.776866000000e-04
2167,43.3400000000,1048.3444671073,2.182095000000e-04,6.063313000000e-05,2.788426000000e-04
2168,43.3600000000,1048.8282439726,2.193185000000e-04,6.063313000000e-05,2.799516000000e-04
2169,43.3800000000,1049.3120208379,2.203799000000e-04,6.063313000000e-05,2.810130000000e-04
2170,43.4000000000,1049.7957977032,2.213931000000e-04,6.063313000000e-05,2.820262000000e-04
2171,43.4200000000,1050.2795745685,2.223575000000e-04,6.063313000000e-05,2.829906000000e-04
2172,43.4400000000,1050.7633514338,2.232726000000e-04,6.063313000000e-05,2.839058000000e-04
2173,43.4600000000,1051.2471282991,2.241381000000e-04,6.063313000000e-05,2.847712000000e-04
2174,43.4800000000,1051.7309051644,2.249534000000e-04,6.063313000000e-05,2.855865000000e-04
2175,43.5000000000,1052.2146820297,2.257182000000e-04,6.063313000000e-05,2.863514000000e-04
2176,43.5200000000,1052.6984588950,2.264322000000e-04,6.063313000000e-05,2.870653000000e-04
2177,43.5400000000,1053.1822357603,2.270951000000e-04,6.063313000000e-05,2.877282000000e-04
2178,43.5600000000,1053.6660126256,2.277066000000e-04,6.063313000000e-05,2.883397000000e-04
2179,43.5800000000,1054.1497894909,2.282666000000e-04,6.063313000000e-05,2.888997000000e-04
2180,43.6000000000,1054.6335663562,2.287748000000e-04,6.063313000000e-05,2.894080000000e-04
2181,43.6200000000,1055.1173432215,2.292313000000e-04,6.063313000000e-05,2.898644000000e-04
2182,43.6400000000,1055.6011200868,2.296359000000e-04,6.063313000000e-05,2.902690000000e-04
2183,43.6600000000,1056.0848969521,2.299886000000e-04,6.063313000000e-05,2.906217000000e-04
2184,43.6800000000,1056.5686738174,2.302894000000e-04,6.063313000000e-05,2.909225000000e-04
2185,43.7000000000,1057.0524506827,2.305385000000e-04,6.063313000000e-05,2.911716000000e-04
2186,43.7200000000,1057.5362275480,2.307359000000e-04,6.063313000000e-05,2.913690000000e-04
2187,43.7400000000,1058.0200044133,2.308818000000e-04,6.063313000000e-05,2.915149000000e-04
2188,43.7600000000,1058.5037812786,2.309764000000e-04,6.063313000000e-05,2.916096000000e-04
2189,43.7800000000,1058.9875581439,2.310201000000e-04,6.063313000000e-05,2.916532000000e-04
2190,43.8000000000,1059.4713350092,2.310129000000e-04,6.063313000000e-05,2.916461000000e-04
2191,43.8200000000,1059.9551118745,2.309555000000e-04,6.063313000000e-05,2.915886000000e-04
2192,43.8400000000,1060.4388887398,2.308480000000e-04,6.063313000000e-05,2.914811000000e-04
2193,43.8600000000,1060.9226656051,2.306909000000e-04,6.063313000000e-05,2.913241000000e-04
2194,43.8800000000,1061.4064424704,2.304848000000e-04,6.063313000000e-05,2.911179000000e-04
2195,43.9000000000,1061.8902193357,2.302300000000e-04,6.063313000000e-05,2.908632000000e-04
2196,43.9200000000,1062.3739962010,2.299272000000e-04,6.063313000000e-05,2.905604000000e-04
2197,43.9400000000,1062.8577730663,2.295770000000e-04,6.063313000000e-05,2.902101000000e-04
2198,43.9600000000,1063.3415499316,2.291799000000e-04,6.063313000000e-05,2.898131000000e-04
2199,43.9800000000,1063.8253267969,2.287367000000e-04,6.063313000000e-05,2.893698000000e-04
2200,44.0000000000,1064.3091036622,2.282480000000e-04,6.063313000000e-05,2.888811000000e-04
2201,44.0200000000,1064.7928805275,2.277146000000e-04,6.063313000000e-05,2.883477000000e-04
2202,44.0400000000,1065.2766573928,2.271372000000e-04,6.063313000000e-05,2.877703000000e-04
2203,44.0600000000,1065.7604342581,2.265166000000e-04,6.063313000000e-05,2.871497000000e-04
2204,44.0800000000,1066.2442111234,2.258536000000e-04,6.063313000000e-05,2.864868000000e-04
2205,44.1000000000,1066.7279879887,2.251492000000e-04,6.063313000000e-05,2.857824000000e-04
2206,44.1200000000,1067.2117648540,2.244042000000e-04,6.063313000000e-05,2.850373000000e-04
2207,44.1400000000,1067.6955417193,2.236194000000e-04,6.063313000000e-05,2.842526000000e-04
2208,44.1600000000,1068.1793185846,2.227959000000e-04,6.063313000000e-05,2.834291000000e-04
2209,44.1800000000,1068.6630954499,2.219346000000e-04,6.063313000000e-05,2.825677000000e-04
2210,44.2000000000,1069.1468723152,2.210364000000e-04,6.063313000000e-05,2.816696000000e-04
2211,44.2200000000,1069.6306491805,2.201024000000e-04,6.063313000000e-05,2.807356000000e-04
2212,44.2400000000,1070.1144260458,2.191336000000e-04,6.063313000000e-05,2.797667000000e-04
2213,44.2600000000,1070.5982029111,2.181310000000e-04,6.063313000000e-05,2.787641000000e-04
2214,44.2800000000,1071.0819797764,2.170956000000e-04,6.063313000000e-05,2.777287000000e-04
2215,44.3000000000,1071.5657566417,2.160285000000e-04,6.063313000000e-05,2.766616000000e-04
2216,44.3200000000,1072.0495335070,2.149307000000e-04,6.063313000000e-05,2.755639000000e-04
2217,44.3400000000,1072.5333103723,2.138035000000e-04,6.063313000000e-05,2.744366000000e-04
2218,44.3600000000,1073.0170872376,2.126477000000e-04,6.063313000000e-05,2.732808000000e-04
2219,44.3800000000,1073.5008641029,2.114646000000e-04,6.063313000000e-05,2.720977000000e-04
2220,44.4000000000,1073.9846409682,2.102551000000e-04,6.063313000000e-05,2.708883000000e-04
2221,44.4200000000,1074.4684178335,2.090205000000e-04,6.063313000000e-05,2.696536000000e-04
2222,44.4400000000,1074.9521946988,2.077618000000e-04,6.063313000000e-05,2.683949000000e-04
2223,44.4600000000,1075.4359715641,2.064800000000e-04,6.063313000000e-05,2.671132000000e-04
2224,44.4800000000,1075.9197484294,2.051764000000e-04,6.063313000000e-05,2.658095000000e-04
2225,44.5000000000,1076.4035252947,2.038519000000e-04,6.063313000000e-05,2.644850000000e-04
2226,44.5200000000,1076.8873021600,2.025076000000e-04,6.063313000000e-05,2.631407000000e-04
2227,44.5400000000,1077.3710790253,2.011446000000e-04,6.063313000000e-05,2.617778000000e-04
2228,44.5600000000,1077.8548558906,1.997641000000e-04,6.063313000000e-05,2.603972000000e-04
2229,44.5800000000,1078.3386327559,1.983669000000e-04,6.063313000000e-05,2.590001000000e-04
2230,44.6000000000,1078.8224096212,1.969543000000e-04,6.063313000000e-05,2.575874000000e-04
2231,44.6200000000,1079.3061864865,1.955271000000e-04,6.063313000000e-05,2.561602000000e-04
2232,44.6400000000,1079.7899633518,1.940864000000e-04,6.063313000000e-05,2.547195000000e-04
2233,44.6600000000,1080.2737402171,1.926332000000e-04,6.063313000000e-05,2.532663000000e-04
2234,44.6800000000,1080.7575170824,1.911685000000e-04,6.063313000000e-05,2.518016000000e-04
2235,44.7000000000,1081.2412939477,1.896932000000e-04,6.063313000000e-05,2.503263000000e-04
2236,44.7200000000,1081.7250708130,1.882082000000e-04,6.063313000000e-05,2.488414000000e-04
2237,44.7400000000,1082.2088476783,1.867146000000e-04,6.063313000000e-05,2.473477000000e-04
2238,44.7600000000,1082.6926245436,1.852131000000e-04,6.063313000000e-05,2.458462000000e-04
2239,44.7800000000,1083.1764014089,1.837047000000e-04,6.063313000000e-05,2.443378000000e-04
2240,44.8000000000,1083.6601782742,1.821901000000e-04,6.063313000000e-05,2.428233000000e-04
2241,44.8200000000,1084.1439551395,1.806703000000e-04,6.063313000000e-05,2.413034000000e-04
2242,44.8400000000,1084.6277320048,1.791460000000e-04,6.063313000000e-05,2.397791000000e-04
2243,44.8600000000,1085.1115088701,1.776180000000e-04,6.063313000000e-05,2.382512000000e-04
2244,44.8800000000,1085.5952857354,1.760871000000e-04,6.063313000000e-05,2.367202000000e-04
2245,44.9000000000,1086.0790626007,1.745539000000e-04,6.063313000000e-05,2.351870000000e-04
2246,44.9200000000,1086.5628394660,1.730192000000e-04,6.063313000000e-05,2.336523000000e-04
2247,44.9400000000,1087.0466163313,1.714836000000e-04,6.063313000000e-05,2.321167000000e-04
2248,44.9600000000,1087.5303931966,1.699478000000e-04,6.063313000000e-05,2.305809000000e-04
2249,44.9800000000,1088.0141700619,1.684124000000e-04,6.063313000000e-05,2.290455000000e-04
2250,45.0000000000,1088.4979469273,1.668779000000e-04,6.063313000000e-05,2.275111000000e-04
2251,45.0200000000,1088.9817237926,1.653450000000e-04,6.063313000000e-05,2.259782000000e-04
2252,45.0400000000,1089.4655006579,1.638142000000e-04,6.063313000000e-05,2.244473000000e-04
2253,45.0600000000,1089.9492775232,1.622860000000e-04,6.063313000000e-05,2.229191000000e-04
2254,45.0800000000,1090.4330543885,1.607608000000e-04,6.063313000000e-05,2.213939000000e-04
2255,45.1000000000,1090.9168312538,1.592391000000e-04,6.063313000000e-05,2.198722000000e-04
2256,45.1200000000,1091.4006081191,1.577214000000e-04,6.063313000000e-05,2.183545000000e-04
2257,45.1400000000,1091.8843849844,1.562080000000e-04,6.063313000000e-05,2.168411000000e-04
2258,45.1600000000,1092.3681618497,1.546993000000e-04,6.063313000000e-05,2.153324000000e-04
2259,45.1800000000,1092.8519387150,1.531957000000e-04,6.063313000000e-05,2.138288000000e-04
2260,45.2000000000,1093.3357155803,1.516975000000e-04,6.063313000000e-05,2.123306000000e-04
2261,45.2200000000,1093.8194924456,1.502050000000e-04,6.063313000000e-05,2.108381000000e-04
2262,45.2400000000,1094.3032693109,1.487184000000e-04,6.063313000000e-05,2.093515000000e-04
2263,45.2600000000,1094.7870461762,1.472381000000e-04,6.063313000000e-05,2.078712000000e-04
2264,45.2800000000,1095.2708230415,1.457643000000e-04,6.063313000000e-05,2.063974000000e-04
2265,45.3000000000,1095.7545999068,1.442971000000e-04,6.063313000000e-05,2.049303000000e-04
2266,45.3200000000,1096.2383767721,1.428369000000e-04,6.063313000000e-05,2.034700000000e-04
2267,45.3400000000,1096.7221536374,1.413837000000e-04,6.063313000000e-05,2.020168000000e-04
2268,45.3600000000,1097.2059305027,1.399377000000e-04,6.063313000000e-05,2.005708000000e-04
2269,45.3800000000,1097.6897073680,1.384991000000e-04,6.063313000000e-05,1.991322000000e-04
2270,45.4000000000,1098.1734842333,1.370679000000e-04,6.063313000000e-05,1.977010000000e-04
2271,45.4200000000,1098.6572610986,1.356444000000e-04,6.063313000000e-05,1.962775000000e-04
2272,45.4400000000,1099.1410379639,1.342285000000e-04,6.063313000000e-05,1.948616000000e-04
2273,45.4600000000,1099.6248148292,1.328203000000e-04,6.063313000000e-05,1.934535000000e-04
2274,45.4800000000,1100.1085916945,1.314200000000e-04,6.063313000000e-05,1.920532000000e-04
2275,45.5000000000,1100.5923685598,1.300276000000e-04,6.063313000000e-05,1.906607000000e-04
2276,45.5200000000,1101.0761454251,1.286431000000e-04,6.063313000000e-05,1.892762000000e-04
2277,45.5400000000,1101.5599222904,1.272665000000e-04,6.063313000000e-05,1.878996000000e-04
2278,45.5600000000,1102.0436991557,1.258978000000e-04,6.063313000000e-05,1.865309000000e-04
2279,45.5800000000,1102.5274760210,1.245371000000e-04,6.063313000000e-05,1.851703000000e-04
2280,45.6000000000,1103.0112528863,1.231844000000e-04,6.063313000000e-05,1.838175000000e-04
2281,45.6200000000,1103.4950297516,1.218396000000e-04,6.063313000000e-05,1.824727000000e-04
2282,45.6400000000,1103.9788066169,1.205028000000e-04,6.063313000000e-05,1.811359000000e-04
2283,45.6600000000,1104.4625834822,1.191738000000e-04,6.063313000000e-05,1.798069000000e-04
2284,45.6800000000,1104.9463603475,1.178527000000e-04,6.063313000000e-05,1.784859000000e-04
2285,45.7000000000,1105.4301372128,1.165395000000e-04,6.063313000000e-05,1.771726000000e-04
2286,45.7200000000,1105.9139140781,1.152340000000e-04,6.063313000000e-05,1.758672000000e-04
2287,45.7400000000,1106.3976909434,1.139363000000e-04,6.063313000000e-05,1.745694000000e-04
2288,45.7600000000,1106.8814678087,1.126463000000e-04,6.063313000000e-05,1.732794000000e-04
2289,45.7800000000,1107.3652446740,1.113639000000e-04,6.063313000000e-05,1.719970000000e-04
2290,45.8000000000,1107.8490215393,1.100890000000e-04,6.063313000000e-05,1.707222000000e-04
2291,45.8200000000,1108.3327984046,1.088217000000e-04,6.063313000000e-05,1.694548000000e-04
2292,45.8400000000,1108.8165752699,1.075618000000e-04,6.063313000000e-05,1.681949000000e-04
2293,45.8600000000,1109.3003521352,1.063092000000e-04,6.063313000000e-05,1.669424000000e-04
2294,45.8800000000,1109.7841290005,1.050640000000e-04,6.063313000000e-05,1.656971000000e-04
2295,45.9000000000,1110.2679058658,1.038259000000e-04,6.063313000000e-05,1.644590000000e-04
2296,45.9200000000,1110.7516827311,1.025949000000e-04,6.063313000000e-05,1.632280000000e-04
2297,45.9400000000,1111.2354595964,1.013709000000e-04,6.063313000000e-05,1.620041000000e-04
2298,45.9600000000,1111.7192364617,1.001539000000e-04,6.063313000000e-05,1.607870000000e-04
2299,45.9800000000,1112.2030133270,9.894369000000e-05,6.063313000000e-05,1.595768000000e-04
2300,46.0000000000,1112.6867901923,9.774021000000e-05,6.063313000000e-05,1.583733000000e-04
2301,46.0200000000,1113.1705670576,9.654335000000e-05,6.063313000000e-05,1.571765000000e-04
2302,46.0400000000,1113.6543439229,9.535301000000e-05,6.063313000000e-05,1.559861000000e-04
2303,46.0600000000,1114.1381207882,9.416905000000e-05,6.063313000000e-05,1.548022000000e-04
2304,46.0800000000,1114.6218976535,9.299138000000e-05,6.063313000000e-05,1.536245000000e-04
2305,46.1000000000,1115.1056745188,9.181985000000e-05,6.063313000000e-05,1.524530000000e-04
2306,46.1200000000,1115.5894513841,9.065433000000e-05,6.063313000000e-05,1.512875000000e-04
2307,46.1400000000,1116.0732282494,8.949469000000e-05,6.063313000000e-05,1.501278000000e-04
2308,46.1600000000,1116.5570051147,8.834078000000e-05,6.063313000000e-05,1.489739000000e-04
2309,46.1800000000,1117.0407819800,8.719244000000e-05,6.063313000000e-05,1.478256000000e-04
2310,46.2000000000,1117.5245588453,8.604951000000e-05,6.063313000000e-05,1.466826000000e-04
2311,46.2200000000,1118.0083357106,8.491182000000e-05,6.063313000000e-05,1.455450000000e-04
2312,46.2400000000,1118.4921125759,8.377919000000e-05,6.063313000000e-05,1.444123000000e-04
2313,46.2600000000,1118.9758894412,8.265143000000e-05,6.063313000000e-05,1.432846000000e-04
2314,46.2800000000,1119.4596663065,8.152834000000e-05,6.063313000000e-05,1.421615000000e-04
2315,46.3000000000,1119.9434431718,8.040971000000e-05,6.063313000000e-05,1.410428000000e-04
2316,46.3200000000,1120.4272200371,7.929531000000e-05,6.063313000000e-05,1.399284000000e-04
2317,46.3400000000,1120.9109969024,7.818492000000e-05,6.063313000000e-05,1.388181000000e-04
2318,46.3600000000,1121.3947737677,7.707829000000e-05,6.063313000000e-05,1.377114000000e-04
2319,46.3800000000,1121.8785506330,7.597516000000e-05,6.063313000000e-05,1.366083000000e-04
2320,46.4000000000,1122.3623274983,7.487526000000e-05,6.063313000000e-05,1.355084000000e-04
2321,46.4200000000,1122.8461043636,7.377830000000e-05,6.063313000000e-05,1.344114000000e-04
2322,46.4400000000,1123.3298812289,7.268399000000e-05,6.063313000000e-05,1.333171000000e-04
2323,46.4600000000,1123.8136580942,7.159201000000e-05,6.063313000000e-05,1.322251000000e-04
2324,46.4800000000,1124.2974349595,7.050204000000e-05,6.063313000000e-05,1.311352000000e-04
2325,46.5000000000,1124.7812118248,6.941374000000e-05,6.063313000000e-05,1.300469000000e-04
2326,46.5200000000,1125.2649886901,6.832674000000e-05,6.063313000000e-05,1.289599000000e-04
2327,46.5400000000,1125.7487655554,6.724069000000e-05,6.063313000000e-05,1.278738000000e-04
2328,46.5600000000,1126.2325424207,6.615519000000e-05,6.063313000000e-05,1.267883000000e-04
2329,46.5800000000,1126.7163192860,6.506985000000e-05,6.063313000000e-05,1.257030000000e-04
2330,46.6000000000,1127.2000961513,6.398424000000e-05,6.063313000000e-05,1.246174000000e-04
2331,46.6200000000,1127.6838730166,6.289794000000e-05,6.063313000000e-05,1.235311000000e-04
2332,46.6400000000,1128.1676498819,6.181050000000e-05,6.063313000000e-05,1.224436000000e-04
2333,46.6600000000,1128.6514267472,6.072145000000e-05,6.063313000000e-05,1.213546000000e-04
2334,46.6800000000,1129.1352036125,5.963033000000e-05,6.063313000000e-05,1.202635000000e-04
2335,46.7000000000,1129.6189804778,5.853665000000e-05,6.063313000000e-05,1.191698000000e-04
2336,46.7200000000,1130.1027573431,5.743990000000e-05,6.063313000000e-05,1.180730000000e-04
2337,46.7400000000,1130.5865342084,5.633956000000e-05,6.063313000000e-05,1.169727000000e-04
2338,46.7600000000,1131.0703110737,5.523510000000e-05,6.063313000000e-05,1.158682000000e-04
2339,46.7800000000,1131.5540879390,5.412600000000e-05,6.063313000000e-05,1.147591000000e-04
2340,46.8000000000,1132.0378648043,5.301168000000e-05,6.063313000000e-05,1.136448000000e-04
2341,46.8200000000,1132.5216416696,5.189159000000e-05,6.063313000000e-05,1.125247000000e-04
2342,46.8400000000,1133.0054185349,5.076515000000e-05,6.063313000000e-05,1.113983000000e-04
2343,46.8600000000,1133.4891954002,4.963178000000e-05,6.063313000000e-05,1.102649000000e-04
2344,46.8800000000,1133.9729722655,4.849089000000e-05,6.063313000000e-05,1.091240000000e-04
2345,46.9000000000,1134.4567491308,4.734188000000e-05,6.063313000000e-05,1.079750000000e-04
2346,46.9200000000,1134.9405259961,4.618415000000e-05,6.063313000000e-05,1.068173000000e-04
2347,46.9400000000,1135.4243028614,4.501707000000e-05,6.063313000000e-05,1.056502000000e-04
2348,46.9600000000,1135.9080797267,4.384004000000e-05,6.063313000000e-05,1.044732000000e-04
2349,46.9800000000,1136.3918565920,4.265244000000e-05,6.063313000000e-05,1.032856000000e-04
2350,47.0000000000,1136.8756334573,4.145364000000e-05,6.063313000000e-05,1.020868000000e-04
2351,47.0200000000,1137.3594103227,4.024303000000e-05,6.063313000000e-05,1.008762000000e-04
2352,47.0400000000,1137.8431871880,3.901999000000e-05,6.063313000000e-05,9.965313000000e-05
2353,47.0600000000,1138.3269640533,3.778390000000e-05,6.063313000000e-05,9.841703000000e-05
2354,47.0800000000,1138.8107409186,3.653414000000e-05,6.063313000000e-05,9.716727000000e-05
2355,47.1000000000,1139.2945177839,3.527010000000e-05,6.063313000000e-05,9.590323000000e-05
2356,47.1200000000,1139.7782946492,3.399118000000e-05,6.063313000000e-05,9.462431000000e-05
2357,47.1400000000,1140.2620715145,3.269678000000e-05,6.063313000000e-05,9.332991000000e-05
2358,47.1600000000,1140.7458483798,3.138632000000e-05,6.063313000000e-05,9.201945000000e-05
2359,47.1800000000,1141.2296252451,3.005921000000e-05,6.063313000000e-05,9.069235000000e-05
2360,47.2000000000,1141.7134021104,2.871490000000e-05,6.063313000000e-05,8.934803000000e-05
2361,47.2200000000,1142.1971789757,2.735283000000e-05,6.063313000000e-05,8.798596000000e-05
2362,47.2400000000,1142.6809558410,2.597246000000e-05,6.063313000000e-05,8.660559000000e-05
2363,47.2600000000,1143.1647327063,2.457327000000e-05,6.063313000000e-05,8.520641000000e-05
2364,47.2800000000,1143.6485095716,2.315477000000e-05,6.063313000000e-05,8.378790000000e-05
2365,47.3000000000,1144.1322864369,2.171647000000e-05,6.063313000000e-05,8.234960000000e-05
2366,47.3200000000,1144.6160633022,2.025790000000e-05,6.063313000000e-05,8.089103000000e-05
2367,47.3400000000,1145.0998401675,1.877862000000e-05,6.063313000000e-05,7.941175000000e-05
2368,47.3600000000,1145.5836170328,1.727822000000e-05,6.063313000000e-05,7.791136000000e-05
2369,47.3800000000,1146.0673938981,1.575631000000e-05,6.063313000000e-05,7.638944000000e-05
2370,47.4000000000,1146.5511707634,1.421252000000e-05,6.063313000000e-05,7.484565000000e-05
2371,47.4200000000,1147.0349476287,1.264651000000e-05,6.063313000000e-05,7.327964000000e-05
2372,47.4400000000,1147.5187244940,1.105796000000e-05,6.063313000000e-05,7.169110000000e-05
2373,47.4600000000,1148.0025013593,9.446610000000e-06,6.063313000000e-05,7.007974000000e-05
2374,47.4800000000,1148.4862782246,7.812194000000e-06,6.063313000000e-05,6.844533000000e-05
2375,47.5000000000,1148.9700550899,6.154496000000e-06,6.063313000000e-05,6.678763000000e-05
2376,47.5200000000,1149.4538319552,4.473332000000e-06,6.063313000000e-05,6.510646000000e-05
2377,47.5400000000,1149.9376088205,2.768548000000e-06,6.063313000000e-05,6.340168000000e-05
2378,47.5600000000,1150.4213856858,1.040027000000e-06,6.063313000000e-05,6.167316000000e-05
2379,47.5800000000,1150.9051625511,-7.123139000000e-07,6.063313000000e-05,5.992082000000e-05
2380,47.6000000000,1151.3889394164,-2.488522000000e-06,6.063313000000e-05,5.814461000000e-05
2381,47.6200000000,1151.8727162817,-4.288607000000e-06,6.063313000000e-05,5.634452000000e-05
2382,47.6400000000,1152.3564931470,-6.112544000000e-06,6.063313000000e-05,5.452059000000e-05
2383,47.6600000000,1152.8402700123,-7.960267000000e-06,6.063313000000e-05,5.267287000000e-05
2384,47.6800000000,1153.3240468776,-9.831675000000e-06,6.063313000000e-05,5.080146000000e-05
2385,47.7000000000,1153.8078237429,-1.172663000000e-05,6.063313000000e-05,4.890650000000e-05
2386,47.7200000000,1154.2916006082,-1.364495000000e-05,6.063313000000e-05,4.698819000000e-05
2387,47.7400000000,1154.7753774735,-1.558641000000e-05,6.063313000000e-05,4.504672000000e-05
2388,47.7600000000,1155.2591543388,-1.755077000000e-05,6.063313000000e-05,4.308236000000e-05
2389,47.7800000000,1155.7429312041,-1.953773000000e-05,6.063313000000e-05,4.109540000000e-05
2390,47.8000000000,1156.2267080694,-2.154695000000e-05,6.063313000000e-05,3.908618000000e-05
2391,47.8200000000,1156.7104849347,-2.357807000000e-05,6.063313000000e-05,3.705506000000e-05
2392,47.8400000000,1157.1942618000,-2.563067000000e-05,6.063313000000e-05,3.500246000000e-05
2393,47.8600000000,1157.6780386653,-2.770431000000e-05,6.063313000000e-05,3.292882000000e-05
2394,47.8800000000,1158.1618155306,-2.979850000000e-05,6.063313000000e-05,3.083463000000e-05
2395,47.9000000000,1158.6455923959,-3.191273000000e-05,6.063313000000e-05,2.872041000000e-05
2396,47.9200000000,1159.1293692612,-3.404642000000e-05,6.063313000000e-05,2.658671000000e-05
2397,47.9400000000,1159.6131461265,-3.619900000000e-05,6.063313000000e-05,2.443413000000e-05
2398,47.9600000000,1160.0969229918,-3.836983000000e-05,6.063313000000e-05,2.226330000000e-05
2399,47.9800000000,1160.5806998571,-4.055825000000e-05,6.063313000000e-05,2.007488000000e-05
2400,48.0000000000,1161.0644767224,-4.276356000000e-05,6.063313000000e-05,1.786957000000e-05
2401,48.0200000000,1161.5482535877,-4.498505000000e-05,6.063313000000e-05,1.564809000000e-05
2402,48.0400000000,1162.0320304530,-4.722193000000e-05,6.063313000000e-05,1.341120000000e-05
2403,48.0600000000,1162.5158073183,-4.947344000000e-05,6.063313000000e-05,1.115969000000e-05
2404,48.0800000000,1162.9995841836,-5.173874000000e-05,6.063313000000e-05,8.894389000000e-06
2405,48.1000000000,1163.4833610489,-5.401700000000e-05,6.063313000000e-05,6.616135000000e-06
2406,48.1200000000,1163.9671379142,-5.630733000000e-05,6.063313000000e-05,4.325804000000e-06
2407,48.1400000000,1164.4509147795,-5.860883000000e-05,6.063313000000e-05,2.024298000000e-06
2408,48.1600000000,1164.9346916448,-6.092059000000e-05,6.063313000000e-05,-2.874581000000e-07
2409,48.1800000000,1165.4184685101,-6.324165000000e-05,6.063313000000e-05,-2.608517000000e-06
2410,48.2000000000,1165.9022453754,-6.557104000000e-05,6.063313000000e-05,-4.937907000000e-06
2411,48.2200000000,1166.3860222407,-6.790777000000e-05,6.063313000000e-05,-7.274637000000e-06
2412,48.2400000000,1166.8697991060,-7.025083000000e-05,6.063313000000e-05,-9.617696000000e-06
2413,48.2600000000,1167.3535759713,-7.259919000000e-05,6.063313000000e-05,-1.196606000000e-05
2414,48.2800000000,1167.8373528366,-7.495180000000e-05,6.063313000000e-05,-1.431867000000e-05
2415,48.3000000000,1168.3211297019,-7.730761000000e-05,6.063313000000e-05,-1.667448000000e-05
2416,48.3200000000,1168.8049065672,-7.966554000000e-05,6.063313000000e-05,-1.903241000000e-05
2417,48.3400000000,1169.2886834325,-8.202450000000e-05,6.063313000000e-05,-2.139137000000e-05
2418,48.3600000000,1169.7724602978,-8.438339000000e-05,6.063313000000e-05,-2.375026000000e-05
2419,48.3800000000,1170.2562371631,-8.674111000000e-05,6.063313000000e-05,-2.610798000000e-05
2420,48.4000000000,1170.7400140284,-8.909654000000e-05,6.063313000000e-05,-2.846341000000e-05
2421,48.4200000000,1171.2237908937,-9.144856000000e-05,6.063313000000e-05,-3.081543000000e-05
2422,48.4400000000,1171.7075677590,-9.379603000000e-05,6.063313000000e-05,-3.316290000000e-05
2423,48.4600000000,1172.1913446243,-9.613782000000e-05,6.063313000000e-05,-3.550469000000e-05
2424,48.4800000000,1172.6751214896,-9.847280000000e-05,6.063313000000e-05,-3.783967000000e-05
2425,48.5000000000,1173.1588983549,-1.007998000000e-04,6.063313000000e-05,-4.016670000000e-05
2426,48.5200000000,1173.6426752202,-1.031178000000e-04,6.063313000000e-05,-4.248464000000e-05
2427,48.5400000000,1174.1264520855,-1.054255000000e-04,6.063313000000e-05,-4.479235000000e-05
2428,48.5600000000,1174.6102289508,-1.077218000000e-04,6.063313000000e-05,-4.708869000000e-05
2429,48.5800000000,1175.0940058161,-1.100057000000e-04,6.063313000000e-05,-4.937254000000e-05
2430,48.6000000000,1175.5777826814,-1.122759000000e-04,6.063313000000e-05,-5.164276000000e-05
2431,48.6200000000,1176.0615595467,-1.145314000000e-04,6.063313000000e-05,-5.389823000000e-05
2432,48.6400000000,1176.5453364120,-1.167710000000e-04,6.063313000000e-05,-5.613784000000e-05
2433,48.6600000000,1177.0291132773,-1.189936000000e-04,6.063313000000e-05,-5.836046000000e-05
2434,48.6800000000,1177.5128901426,-1.211981000000e-04,6.063313000000e-05,-6.056502000000e-05
2435,48.7000000000,1177.9966670079,-1.233835000000e-04,6.063313000000e-05,-6.275040000000e-05
2436,48.7200000000,1178.4804438732,-1.255487000000e-04,6.063313000000e-05,-6.491553000000e-05
2437,48.7400000000,1178.9642207385,-1.276925000000e-04,6.063313000000e-05,-6.705934000000e-05
2438,48.7600000000,1179.4479976038,-1.298139000000e-04,6.063313000000e-05,-6.918076000000e-05
2439,48.7800000000,1179.9317744691,-1.319119000000e-04,6.063313000000e-05,-7.127876000000e-05
2440,48.8000000000,1180.4155513344,-1.339854000000e-04,6.063313000000e-05,-7.335230000000e-05
2441,48.8200000000,1180.8993281997,-1.360335000000e-04,6.063313000000e-05,-7.540036000000e-05
2442,48.8400000000,1181.3831050650,-1.380551000000e-04,6.063313000000e-05,-7.742193000000e-05
2443,48.8600000000,1181.8668819303,-1.400492000000e-04,6.063313000000e-05,-7.941603000000e-05
2444,48.8800000000,1182.3506587956,-1.420148000000e-04,6.063313000000e-05,-8.138168000000e-05
2445,48.9000000000,1182.8344356609,-1.439511000000e-04,6.063313000000e-05,-8.331793000000e-05
2446,48.9200000000,1183.3182125262,-1.458570000000e-04,6.063313000000e-05,-8.522383000000e-05
2447,48.9400000000,1183.8019893915,-1.477316000000e-04,6.063313000000e-05,-8.709846000000e-05
2448,48.9600000000,1184.2857662568,-1.495740000000e-04,6.063313000000e-05,-8.894091000000e-05
2449,48.9800000000,1184.7695431221,-1.513834000000e-04,6.063313000000e-05,-9.075029000000e-05
2450,49.0000000000,1185.2533199874,-1.531589000000e-04,6.063313000000e-05,-9.252574000000e-05
2451,49.0200000000,1185.7370968528,-1.548995000000e-04,6.063313000000e-05,-9.426640000000e-05
2452,49.0400000000,1186.2208737181,-1.566046000000e-04,6.063313000000e-05,-9.597144000000e-05
2453,49.0600000000,1186.7046505834,-1.582732000000e-04,6.063313000000e-05,-9.764005000000e-05
2454,49.0800000000,1187.1884274487,-1.599046000000e-04,6.063313000000e-05,-9.927143000000e-05
2455,49.1000000000,1187.6722043140,-1.614979000000e-04,6.063313000000e-05,-1.008648000000e-04
2456,49.1200000000,1188.1559811793,-1.630525000000e-04,6.063313000000e-05,-1.024194000000e-04
2457,49.1400000000,1188.6397580446,-1.645677000000e-04,6.063313000000e-05,-1.039345000000e-04
2458,49.1600000000,1189.1235349099,-1.660426000000e-04,6.063313000000e-05,-1.054094000000e-04
2459,49.1800000000,1189.6073117752,-1.674766000000e-04,6.063313000000e-05,-1.068434000000e-04
2460,49.2000000000,1190.0910886405,-1.688690000000e-04,6.063313000000e-05,-1.082358000000e-04
2461,49.2200000000,1190.5748655058,-1.702192000000e-04,6.063313000000e-05,-1.095860000000e-04
2462,49.2400000000,1191.0586423711,-1.715265000000e-04,6.063313000000e-05,-1.108933000000e-04
2463,49.2600000000,1191.5424192364,-1.727903000000e-04,6.063313000000e-05,-1.121571000000e-04
2464,49.2800000000,1192.0261961017,-1.740100000000e-04,6.063313000000e-05,-1.133769000000e-04
2465,49.3000000000,1192.5099729670,-1.751851000000e-04,6.063313000000e-05,-1.145520000000e-04
2466,49.3200000000,1192.9937498323,-1.763150000000e-04,6.063313000000e-05,-1.156818000000e-04
2467,49.3400000000,1193.4775266976,-1.773991000000e-04,6.063313000000e-05,-1.167660000000e-04
2468,49.3600000000,1193.9613035629,-1.784370000000e-04,6.063313000000e-05,-1.178038000000e-04
2469,49.3800000000,1194.4450804282,-1.794281000000e-04,6.063313000000e-05,-1.187950000000e-04
2470,49.4000000000,1194.9288572935,-1.803721000000e-04,6.063313000000e-05,-1.197389000000e-04
2471,49.4200000000,1195.4126341588,-1.812684000000e-04,6.063313000000e-05,-1.206352000000e-04
2472,49.4400000000,1195.8964110241,-1.821166000000e-04,6.063313000000e-05,-1.214835000000e-04
2473,49.4600000000,1196.3801878894,-1.829163000000e-04,6.063313000000e-05,-1.222832000000e-04
2474,49.4800000000,1196.8639647547,-1.836672000000e-04,6.063313000000e-05,-1.230341000000e-04
2475,49.5000000000,1197.3477416200,-1.843689000000e-04,6.063313000000e-05,-1.237358000000e-04
2476,49.5200000000,1197.8315184853,-1.850210000000e-04,6.063313000000e-05,-1.243879000000e-04
2477,49.5400000000,1198.3152953506,-1.856233000000e-04,6.063313000000e-05,-1.249902000000e-04
2478,49.5600000000,1198.7990722159,-1.861754000000e-04,6.063313000000e-05,-1.255423000000e-04
2479,49.5800000000,1199.2828490812,-1.866771000000e-04,6.063313000000e-05,-1.260440000000e-04
2480,49.6000000000,1199.7666259465,-1.871281000000e-04,6.063313000000e-05,-1.264950000000e-04
2481,49.6200000000,1200.2504028118,-1.875282000000e-04,6.063313000000e-05,-1.268951000000e-04
2482,49.6400000000,1200.7341796771,-1.878773000000e-04,6.063313000000e-05,-1.272442000000e-04
2483,49.6600000000,1201.2179565424,-1.881751000000e-04,6.063313000000e-05,-1.275420000000e-04
2484,49.6800000000,1201.7017334077,-1.884215000000e-04,6.063313000000e-05,-1.277884000000e-04
2485,49.7000000000,1202.1855102730,-1.886164000000e-04,6.063313000000e-05,-1.279832000000e-04
2486,49.7200000000,1202.6692871383,-1.887596000000e-04,6.063313000000e-05,-1.281265000000e-04
2487,49.7400000000,1203.1530640036,-1.888512000000e-04,6.063313000000e-05,-1.282180000000e-04
2488,49.7600000000,1203.6368408689,-1.888910000000e-04,6.063313000000e-05,-1.282579000000e-04
2489,49.7800000000,1204.1206177342,-1.888791000000e-04,6.063313000000e-05,-1.282460000000e-04
2490,49.8000000000,1204.6043945995,-1.888154000000e-04,6.063313000000e-05,-1.281823000000e-04
2491,49.8200000000,1205.0881714648,-1.887001000000e-04,6.063313000000e-05,-1.280669000000e-04
2492,49.8400000000,1205.5719483301,-1.885331000000e-04,6.063313000000e-05,-1.278999000000e-04
2493,49.8600000000,1206.0557251954,-1.883145000000e-04,6.063313000000e-05,-1.276814000000e-04
2494,49.8800000000,1206.5395020607,-1.880446000000e-04,6.063313000000e-05,-1.274114000000e-04
2495,49.9000000000,1207.0232789260,-1.877233000000e-04,6.063313000000e-05,-1.270902000000e-04
2496,49.9200000000,1207.5070557913,-1.873510000000e-04,6.063313000000e-05,-1.267179000000e-04
2497,49.9400000000,1207.9908326566,-1.869278000000e-04,6.063313000000e-05,-1.262946000000e-04
2498,49.9600000000,1208.4746095219,-1.864539000000e-04,6.063313000000e-05,-1.258208000000e-04
2499,49.9800000000,1208.9583863872,-1.859298000000e-04,6.063313000000e-05,-1.252966000000e-04
2500,50.0000000000,1209.4421632525,-1.853555000000e-04,6.063313000000e-05,-1.247224000000e-04
2501,50.0200000000,1209.9259401178,-1.847316000000e-04,6.063313000000e-05,-1.240984000000e-04
2502,50.0400000000,1210.4097169831,-1.840583000000e-04,6.063313000000e-05,-1.234251000000e-04
2503,50.0600000000,1210.8934938484,-1.833361000000e-04,6.063313000000e-05,-1.227029000000e-04
2504,50.0800000000,1211.3772707137,-1.825653000000e-04,6.063313000000e-05,-1.219322000000e-04
2505,50.1000000000,1211.8610475790,-1.817466000000e-04,6.063313000000e-05,-1.211135000000e-04
2506,50.1200000000,1212.3448244443,-1.808803000000e-04,6.063313000000e-05,-1.202472000000e-04
2507,50.1400000000,1212.8286013096,-1.799671000000e-04,6.063313000000e-05,-1.193340000000e-04
2508,50.1600000000,1213.3123781749,-1.790075000000e-04,6.063313000000e-05,-1.183743000000e-04
2509,50.1800000000,1213.7961550402,-1.780020000000e-04,6.063313000000e-05,-1.173689000000e-04
2510,50.2000000000,1214.2799319055,-1.769515000000e-04,6.063313000000e-05,-1.163183000000e-04
2511,50.2200000000,1214.7637087708,-1.758565000000e-04,6.063313000000e-05,-1.152233000000e-04
2512,50.2400000000,1215.2474856361,-1.747177000000e-04,6.063313000000e-05,-1.140846000000e-04
2513,50.2600000000,1215.7312625014,-1.735359000000e-04,6.063313000000e-05,-1.129028000000e-04
2514,50.2800000000,1216.2150393667,-1.723120000000e-04,6.063313000000e-05,-1.116789000000e-04
2515,50.3000000000,1216.6988162320,-1.710467000000e-04,6.063313000000e-05,-1.104136000000e-04
2516,50.3200000000,1217.1825930973,-1.697409000000e-04,6.063313000000e-05,-1.091078000000e-04
2517,50.3400000000,1217.6663699626,-1.683955000000e-04,6.063313000000e-05,-1.077624000000e-04
2518,50.3600000000,1218.1501468279,-1.670114000000e-04,6.063313000000e-05,-1.063783000000e-04
2519,50.3800000000,1218.6339236932,-1.655897000000e-04,6.063313000000e-05,-1.049565000000e-04
2520,50.4000000000,1219.1177005585,-1.641312000000e-04,6.063313000000e-05,-1.034981000000e-04
2521,50.4200000000,1219.6014774238,-1.626371000000e-04,6.063313000000e-05,-1.020040000000e-04
2522,50.4400000000,1220.0852542891,-1.611085000000e-04,6.063313000000e-05,-1.004754000000e-04
2523,50.4600000000,1220.5690311544,-1.595464000000e-04,6.063313000000e-05,-9.891327000000e-05
2524,50.4800000000,1221.0528080197,-1.579520000000e-04,6.063313000000e-05,-9.731889000000e-05
2525,50.5000000000,1221.5365848850,-1.563265000000e-04,6.063313000000e-05,-9.569339000000e-05
2526,50.5200000000,1222.0203617503,-1.546711000000e-04,6.063313000000e-05,-9.403801000000e-05
2527,50.5400000000,1222.5041386156,-1.529871000000e-04,6.063313000000e-05,-9.235398000000e-05
2528,50.5600000000,1222.9879154809,-1.512757000000e-04,6.063313000000e-05,-9.064259000000e-05
2529,50.5800000000,1223.4716923462,-1.495383000000e-04,6.063313000000e-05,-8.890516000000e-05
2530,50.6000000000,1223.9554692115,-1.477762000000e-04,6.063313000000e-05,-8.714304000000e-05
2531,50.6200000000,1224.4392460768,-1.459907000000e-04,6.063313000000e-05,-8.535760000000e-05
2532,50.6400000000,1224.9230229421,-1.441834000000e-04,6.063313000000e-05,-8.355025000000e-05
2533,50.6600000000,1225.4067998074,-1.423556000000e-04,6.063313000000e-05,-8.172242000000e-05
2534,50.6800000000,1225.8905766727,-1.405087000000e-04,6.063313000000e-05,-7.987558000000e-05
2535,50.7000000000,1226.3743535380,-1.386443000000e-04,6.063313000000e-05,-7.801121000000e-05
2536,50.7200000000,1226.8581304033,-1.367640000000e-04,6.063313000000e-05,-7.613083000000e-05
2537,50.7400000000,1227.3419072686,-1.348691000000e-04,6.063313000000e-05,-7.423599000000e-05
2538,50.7600000000,1227.8256841339,-1.329614000000e-04,6.063313000000e-05,-7.232823000000e-05
2539,50.7800000000,1228.3094609992,-1.310423000000e-04,6.063313000000e-05,-7.040914000000e-05
2540,50.8000000000,1228.7932378645,-1.291135000000e-04,6.063313000000e-05,-6.848033000000e-05
2541,50.8200000000,1229.2770147298,-1.271766000000e-04,6.063313000000e-05,-6.654342000000e-05
2542,50.8400000000,1229.7607915951,-1.252332000000e-04,6.063313000000e-05,-6.460004000000e-05
2543,50.8600000000,1230.2445684604,-1.232850000000e-04,6.063313000000e-05,-6.265185000000e-05
2544,50.8800000000,1230.7283453257,-1.213337000000e-04,6.063313000000e-05,-6.070052000000e-05
2545,50.9000000000,1231.2121221910,-1.193809000000e-04,6.063313000000e-05,-5.874773000000e-05
2546,50.9200000000,1231.6958990563,-1.174283000000e-04,6.063313000000e-05,-5.679517000000e-05
2547,50.9400000000,1232.1796759216,-1.154777000000e-04,6.063313000000e-05,-5.484453000000e-05
2548,50.9600000000,1232.6634527869,-1.135307000000e-04,6.063313000000e-05,-5.289753000000e-05
2549,50.9800000000,1233.1472296522,-1.115890000000e-04,6.063313000000e-05,-5.095588000000e-05
2550,51.0000000000,1233.6310065176,-1.096544000000e-04,6.063313000000e-05,-4.902129000000e-05
2551,51.0200000000,1234.1147833829,-1.077286000000e-04,6.063313000000e-05,-4.709548000000e-05
2552,51.0400000000,1234.5985602482,-1.058133000000e-04,6.063313000000e-05,-4.518016000000e-05
2553,51.0600000000,1235.0823371135,-1.039102000000e-04,6.063313000000e-05,-4.327705000000e-05
2554,51.0800000000,1235.5661139788,-1.020210000000e-04,6.063313000000e-05,-4.138785000000e-05
2555,51.1000000000,1236.0498908441,-1.001474000000e-04,6.063313000000e-05,-3.951427000000e-05
2556,51.1200000000,1236.5336677094,-9.829113000000e-05,6.063313000000e-05,-3.765800000000e-05
2557,51.1400000000,1237.0174445747,-9.645384000000e-05,6.063313000000e-05,-3.582071000000e-05
2558,51.1600000000,1237.5012214400,-9.463721000000e-05,6.063313000000e-05,-3.400408000000e-05
2559,51.1800000000,1237.9849983053,-9.284289000000e-05,6.063313000000e-05,-3.220976000000e-05
2560,51.2000000000,1238.4687751706,-9.107251000000e-05,6.063313000000e-05,-3.043937000000e-05
2561,51.2200000000,1238.9525520359,-8.932768000000e-05,6.063313000000e-05,-2.869455000000e-05
2562,51.2400000000,1239.4363289012,-8.761000000000e-05,6.063313000000e-05,-2.697687000000e-05
2563,51.2600000000,1239.9201057665,-8.592104000000e-05,6.063313000000e-05,-2.528791000000e-05
2564,51.2800000000,1240.4038826318,-8.426234000000e-05,6.063313000000e-05,-2.362921000000e-05
2565,51.3000000000,1240.8876594971,-8.263542000000e-05,6.063313000000e-05,-2.200228000000e-05
2566,51.3200000000,1241.3714363624,-8.104175000000e-05,6.063313000000e-05,-2.040861000000e-05
2567,51.3400000000,1241.8552132277,-7.948278000000e-05,6.063313000000e-05,-1.884965000000e-05
2568,51.3600000000,1242.3389900930,-7.795993000000e-05,6.063313000000e-05,-1.732680000000e-05
2569,51.3800000000,1242.8227669583,-7.647459000000e-05,6.063313000000e-05,-1.584145000000e-05
2570,51.4000000000,1243.3065438236,-7.502807000000e-05,6.063313000000e-05,-1.439494000000e-05
2571,51.4200000000,1243.7903206889,-7.362170000000e-05,6.063313000000e-05,-1.298856000000e-05
2572,51.4400000000,1244.2740975542,-7.225671000000e-05,6.063313000000e-05,-1.162357000000e-05
2573,51.4600000000,1244.7578744195,-7.093431000000e-05,6.063313000000e-05,-1.030118000000e-05
2574,51.4800000000,1245.2416512848,-6.965568000000e-05,6.063313000000e-05,-9.022546000000e-06
2575,51.5000000000,1245.7254281501,-6.842191000000e-05,6.063313000000e-05,-7.788782000000e-06
2576,51.5200000000,1246.2092050154,-6.723408000000e-05,6.063313000000e-05,-6.600950000000e-06
2577,51.5400000000,1246.6929818807,-6.609319000000e-05,6.063313000000e-05,-5.460061000000e-06
2578,51.5600000000,1247.1767587460,-6.500020000000e-05,6.063313000000e-05,-4.367068000000e-06
2579,51.5800000000,1247.6605356113,-6.395600000000e-05,6.063313000000e-05,-3.322870000000e-06
2580,51.6000000000,1248.1443124766,-6.296144000000e-05,6.063313000000e-05,-2.328308000000e-06
2581,51.6200000000,1248.6280893419,-6.201730000000e-05,6.063313000000e-05,-1.384165000000e-06
2582,51.6400000000,1249.1118662072,-6.112429000000e-05,6.063313000000e-05,-4.911614000000e-07
2583,51.6600000000,1249.5956430725,-6.028309000000e-05,6.063313000000e-05,3.500425000000e-07
2584,51.6800000000,1250.0794199378,-5.949428000000e-05,6.063313000000e-05,1.138851000000e-06
2585,51.7000000000,1250.5631968031,-5.875840000000e-05,6.063313000000e-05,1.874731000000e-06
2586,51.7200000000,1251.0469736684,-5.807592000000e-05,6.063313000000e-05,2.557217000000e-06
2587,51.7400000000,1251.5307505337,-5.744722000000e-05,6.063313000000e-05,3.185909000000e-06
2588,51.7600000000,1252.0145273990,-5.687266000000e-05,6.063313000000e-05,3.760474000000e-06
2589,51.7800000000,1252.4983042643,-5.635249000000e-05,6.063313000000e-05,4.280647000000e-06
2590,51.8000000000,1252.9820811296,-5.588690000000e-05,6.063313000000e-05,4.746234000000e-06
2591,51.8200000000,1253.4658579949,-5.547602000000e-05,6.063313000000e-05,5.157109000000e-06
2592,51.8400000000,1253.9496348602,-5.511992000000e-05,6.063313000000e-05,5.513217000000e-06
2593,51.8600000000,1254.4334117255,-5.481856000000e-05,6.063313000000e-05,5.814572000000e-06
2594,51.8800000000,1254.9171885908,-5.457187000000e-05,6.063313000000e-05,6.061260000000e-06
2595,51.9000000000,1255.4009654561,-5.437969000000e-05,6.063313000000e-05,6.253439000000e-06
2596,51.9200000000,1255.8847423214,-5.424179000000e-05,6.063313000000e-05,6.391337000000e-06
2597,51.9400000000,1256.3685191867,-5.415788000000e-05,6.063313000000e-05,6.475254000000e-06
2598,51.9600000000,1256.8522960520,-5.412757000000e-05,6.063313000000e-05,6.505560000000e-06
2599,51.9800000000,1257.3360729173,-5.415043000000e-05,6.063313000000e-05,6.482697000000e-06
2600,52.0000000000,1257.8198497826,-5.422595000000e-05,6.063313000000e-05,6.407178000000e-06
2601,52.0200000000,1258.3036266479,-5.435355000000e-05,6.063313000000e-05,6.279584000000e-06
2602,52.0400000000,1258.7874035132,-5.453256000000e-05,6.063313000000e-05,6.100568000000e-06
2603,52.0600000000,1259.2711803785,-5.476228000000e-05,6.063313000000e-05,5.870851000000e-06
2604,52.0800000000,1259.7549572438,-5.504191000000e-05,6.063313000000e-05,5.591222000000e-06
2605,52.1000000000,1260.2387341091,-5.537060000000e-05,6.063313000000e-05,5.262537000000e-06
2606,52.1200000000,1260.7225109744,-5.574741000000e-05,6.063313000000e-05,4.885718000000e-06
2607,52.1400000000,1261.2062878397,-5.617138000000e-05,6.063313000000e-05,4.461755000000e-06
2608,52.1600000000,1261.6900647050,-5.664143000000e-05,6.063313000000e-05,3.991699000000e-06
2609,52.1800000000,1262.1738415703,-5.715647000000e-05,6.063313000000e-05,3.476665000000e-06
2610,52.2000000000,1262.6576184356,-5.771530000000e-05,6.063313000000e-05,2.917828000000e-06
2611,52.2200000000,1263.1413953009,-5.831671000000e-05,6.063313000000e-05,2.316426000000e-06
2612,52.2400000000,1263.6251721662,-5.895938000000e-05,6.063313000000e-05,1.673753000000e-06
2613,52.2600000000,1264.1089490315,-5.964197000000e-05,6.063313000000e-05,9.911592000000e-07
2614,52.2800000000,1264.5927258968,-6.036308000000e-05,6.063313000000e-05,2.700514000000e-07
2615,52.3000000000,1265.0765027621,-6.112124000000e-05,6.063313000000e-05,-4.881115000000e-07
2616,52.3200000000,1265.5602796274,-6.191495000000e-05,6.063313000000e-05,-1.281819000000e-06
2617,52.3400000000,1266.0440564927,-6.274264000000e-05,6.063313000000e-05,-2.109512000000e-06
2618,52.3600000000,1266.5278333580,-6.360272000000e-05,6.063313000000e-05,-2.969583000000e-06
2619,52.3800000000,1267.0116102233,-6.449351000000e-05,6.063313000000e-05,-3.860381000000e-06
2620,52.4000000000,1267.4953870886,-6.541334000000e-05,6.063313000000e-05,-4.780211000000e-06
2621,52.4200000000,1267.9791639539,-6.636047000000e-05,6.063313000000e-05,-5.727339000000e-06
2622,52.4400000000,1268.4629408192,-6.733312000000e-05,6.063313000000e-05,-6.699990000000e-06
2623,52.4600000000,1268.9467176845,-6.832949000000e-05,6.063313000000e-05,-7.696357000000e-06
2624,52.4800000000,1269.4304945498,-6.934773000000e-05,6.063313000000e-05,-8.714595000000e-06
2625,52.5000000000,1269.9142714151,-7.038596000000e-05,6.063313000000e-05,-9.752832000000e-06
2626,52.5200000000,1270.3980482804,-7.144230000000e-05,6.063313000000e-05,-1.080917000000e-05
2627,52.5400000000,1270.8818251457,-7.251480000000e-05,6.063313000000e-05,-1.188167000000e-05
2628,52.5600000000,1271.3656020110,-7.360152000000e-05,6.063313000000e-05,-1.296838000000e-05
2629,52.5800000000,1271.8493788763,-7.470048000000e-05,6.063313000000e-05,-1.406734000000e-05
2630,52.6000000000,1272.3331557416,-7.580969000000e-05,6.063313000000e-05,-1.517656000000e-05
2631,52.6200000000,1272.8169326069,-7.692715000000e-05,6.063313000000e-05,-1.629401000000e-05
2632,52.6400000000,1273.3007094722,-7.805083000000e-05,6.063313000000e-05,-1.741770000000e-05
2633,52.6600000000,1273.7844863375,-7.917870000000e-05,6.063313000000e-05,-1.854557000000e-05
2634,52.6800000000,1274.2682632028,-8.030873000000e-05,6.063313000000e-05,-1.967560000000e-05
2635,52.7000000000,1274.7520400681,-8.143887000000e-05,6.063313000000e-05,-2.080574000000e-05
2636,52.7200000000,1275.2358169334,-8.256708000000e-05,6.063313000000e-05,-2.193394000000e-05
2637,52.7400000000,1275.7195937987,-8.369130000000e-05,6.063313000000e-05,-2.305816000000e-05
2638,52.7600000000,1276.2033706640,-8.480948000000e-05,6.063313000000e-05,-2.417635000000e-05
2639,52.7800000000,1276.6871475293,-8.591960000000e-05,6.063313000000e-05,-2.528647000000e-05
2640,52.8000000000,1277.1709243946,-8.701961000000e-05,6.063313000000e-05,-2.638648000000e-05
2641,52.8200000000,1277.6547012599,-8.810749000000e-05,6.063313000000e-05,-2.747436000000e-05
2642,52.8400000000,1278.1384781252,-8.918123000000e-05,6.063313000000e-05,-2.854809000000e-05
2643,52.8600000000,1278.6222549905,-9.023882000000e-05,6.063313000000e-05,-2.960569000000e-05
2644,52.8800000000,1279.1060318558,-9.127829000000e-05,6.063313000000e-05,-3.064516000000e-05
2645,52.9000000000,1279.5898087211,-9.229767000000e-05,6.063313000000e-05,-3.166454000000e-05
2646,52.9200000000,1280.0735855864,-9.329503000000e-05,6.063313000000e-05,-3.266190000000e-05
2647,52.9400000000,1280.5573624517,-9.426843000000e-05,6.063313000000e-05,-3.363530000000e-05
2648,52.9600000000,1281.0411393170,-9.521599000000e-05,6.063313000000e-05,-3.458286000000e-05
2649,52.9800000000,1281.5249161823,-9.613584000000e-05,6.063313000000e-05,-3.550271000000e-05
2650,53.0000000000,1282.0086930477,-9.702614000000e-05,6.063313000000e-05,-3.639301000000e-05
2651,53.0200000000,1282.4924699130,-9.788508000000e-05,6.063313000000e-05,-3.725194000000e-05
2652,53.0400000000,1282.9762467783,-9.871088000000e-05,6.063313000000e-05,-3.807775000000e-05
2653,53.0600000000,1283.4600236436,-9.950181000000e-05,6.063313000000e-05,-3.886868000000e-05
2654,53.0800000000,1283.9438005089,-1.002562000000e-04,6.063313000000e-05,-3.962303000000e-05
2655,53.1000000000,1284.4275773742,-1.009723000000e-04,6.063313000000e-05,-4.033913000000e-05
2656,53.1200000000,1284.9113542395,-1.016485000000e-04,6.063313000000e-05,-4.101535000000e-05
2657,53.1400000000,1285.3951311048,-1.022832000000e-04,6.063313000000e-05,-4.165010000000e-05
2658,53.1600000000,1285.8789079701,-1.028750000000e-04,6.063313000000e-05,-4.224185000000e-05
2659,53.1800000000,1286.3626848354,-1.034222000000e-04,6.063313000000e-05,-4.278908000000e-05
2660,53.2000000000,1286.8464617007,-1.039235000000e-04,6.063313000000e-05,-4.329033000000e-05
2661,53.2200000000,1287.3302385660,-1.043773000000e-04,6.063313000000e-05,-4.374419000000e-05
2662,53.2400000000,1287.8140154313,-1.047824000000e-04,6.063313000000e-05,-4.414929000000e-05
2663,53.2600000000,1288.2977922966,-1.051374000000e-04,6.063313000000e-05,-4.450431000000e-05
2664,53.2800000000,1288.7815691619,-1.054411000000e-04,6.063313000000e-05,-4.480798000000e-05
2665,53.3000000000,1289.2653460272,-1.056922000000e-04,6.063313000000e-05,-4.505908000000e-05
2666,53.3200000000,1289.7491228925,-1.058896000000e-04,6.063313000000e-05,-4.525643000000e-05
2667,53.3400000000,1290.2328997578,-1.060320000000e-04,6.063313000000e-05,-4.539890000000e-05
2668,53.3600000000,1290.7166766231,-1.061186000000e-04,6.063313000000e-05,-4.548543000000e-05
2669,53.3800000000,1291.2004534884,-1.061481000000e-04,6.063313000000e-05,-4.551499000000e-05
2670,53.4000000000,1291.6842303537,-1.061197000000e-04,6.063313000000e-05,-4.548662000000e-05
2671,53.4200000000,1292.1680072190,-1.060325000000e-04,6.063313000000e-05,-4.539939000000e-05
2672,53.4400000000,1292.6517840843,-1.058856000000e-04,6.063313000000e-05,-4.525246000000e-05
2673,53.4600000000,1293.1355609496,-1.056781000000e-04,6.063313000000e-05,-4.504500000000e-05
2674,53.4800000000,1293.6193378149,-1.054094000000e-04,6.063313000000e-05,-4.477627000000e-05
2675,53.5000000000,1294.1031146802,-1.050787000000e-04,6.063313000000e-05,-4.444555000000e-05
2676,53.5200000000,1294.5868915455,-1.046853000000e-04,6.063313000000e-05,-4.405221000000e-05
2677,53.5400000000,1295.0706684108,-1.042288000000e-04,6.063313000000e-05,-4.359565000000e-05
2678,53.5600000000,1295.5544452761,-1.037085000000e-04,6.063313000000e-05,-4.307533000000e-05
2679,53.5800000000,1296.0382221414,-1.031239000000e-04,6.063313000000e-05,-4.249076000000e-05
2680,53.6000000000,1296.5219990067,-1.024747000000e-04,6.063313000000e-05,-4.184153000000e-05
2681,53.6200000000,1297.0057758720,-1.017604000000e-04,6.063313000000e-05,-4.112724000000e-05
2682,53.6400000000,1297.4895527373,-1.009807000000e-04,6.063313000000e-05,-4.034758000000e-05
2683,53.6600000000,1297.9733296026,-1.001354000000e-04,6.063313000000e-05,-3.950229000000e-05
2684,53.6800000000,1298.4571064679,-9.922429000000e-05,6.063313000000e-05,-3.859116000000e-05
2685,53.7000000000,1298.9408833332,-9.824715000000e-05,6.063313000000e-05,-3.761402000000e-05
2686,53.7200000000,1299.4246601985,-9.720391000000e-05,6.063313000000e-05,-3.657077000000e-05
2687,53.7400000000,1299.9084370638,-9.609451000000e-05,6.063313000000e-05,-3.546138000000e-05
2688,53.7600000000,1300.3922139291,-9.491898000000e-05,6.063313000000e-05,-3.428584000000e-05
2689,53.7800000000,1300.8759907944,-9.367736000000e-05,6.063313000000e-05,-3.304422000000e-05
2690,53.8000000000,1301.3597676597,-9.236977000000e-05,6.063313000000e-05,-3.173664000000e-05
2691,53.8200000000,1301.8435445250,-9.099639000000e-05,6.063313000000e-05,-3.036325000000e-05
2692,53.8400000000,1302.3273213903,-8.955743000000e-05,6.063313000000e-05,-2.892430000000e-05
2693,53.8600000000,1302.8110982556,-8.805318000000e-05,6.063313000000e-05,-2.742005000000e-05
2694,53.8800000000,1303.2948751209,-8.648397000000e-05,6.063313000000e-05,-2.585084000000e-05
2695,53.9000000000,1303.7786519862,-8.485018000000e-05,6.063313000000e-05,-2.421705000000e-05
2696,53.9200000000,1304.2624288515,-8.315226000000e-05,6.063313000000e-05,-2.251913000000e-05
2697,53.9400000000,1304.7462057168,-8.139070000000e-05,6.063313000000e-05,-2.075757000000e-05
2698,53.9600000000,1305.2299825821,-7.956605000000e-05,6.063313000000e-05,-1.893291000000e-05
2699,53.9800000000,1305.7137594474,-7.767890000000e-05,6.063313000000e-05,-1.704577000000e-05
2700,54.0000000000,1306.1975363127,-7.572992000000e-05,6.063313000000e-05,-1.509678000000e-05
2701,54.0200000000,1306.6813131780,-7.371980000000e-05,6.063313000000e-05,-1.308667000000e-05
2702,54.0400000000,1307.1650900433,-7.164933000000e-05,6.063313000000e-05,-1.101619000000e-05
2703,54.0600000000,1307.6488669086,-6.951930000000e-05,6.063313000000e-05,-8.886167000000e-06
2704,54.0800000000,1308.1326437739,-6.733059000000e-05,6.063313000000e-05,-6.697460000000e-06
2705,54.1000000000,1308.6164206392,-6.508413000000e-05,6.063313000000e-05,-4.450996000000e-06
2706,54.1200000000,1309.1001975045,-6.278088000000e-05,6.063313000000e-05,-2.147752000000e-06
2707,54.1400000000,1309.5839743698,-6.042189000000e-05,6.063313000000e-05,2.112438000000e-07
2708,54.1600000000,1310.0677512351,-5.800823000000e-05,6.063313000000e-05,2.624907000000e-06
2709,54.1800000000,1310.5515281004,-5.554103000000e-05,6.063313000000e-05,5.092100000000e-06
2710,54.2000000000,1311.0353049657,-5.302150000000e-05,6.063313000000e-05,7.611634000000e-06
2711,54.2200000000,1311.5190818310,-5.045087000000e-05,6.063313000000e-05,1.018226000000e-05
2712,54.2400000000,1312.0028586963,-4.783044000000e-05,6.063313000000e-05,1.280270000000e-05
2713,54.2600000000,1312.4866355616,-4.516155000000e-05,6.063313000000e-05,1.547158000000e-05
2714,54.2800000000,1312.9704124269,-4.244562000000e-05,6.063313000000e-05,1.818751000000e-05
2715,54.3000000000,1313.4541892922,-3.968410000000e-05,6.063313000000e-05,2.094903000000e-05
2716,54.3200000000,1313.9379661575,-3.687850000000e-05,6.063313000000e-05,2.375464000000e-05
2717,54.3400000000,1314.4217430228,-3.403037000000e-05,6.063313000000e-05,2.660277000000e-05
2718,54.3600000000,1314.9055198881,-3.114133000000e-05,6.063313000000e-05,2.949180000000e-05
2719,54.3800000000,1315.3892967534,-2.821304000000e-05,6.063313000000e-05,3.242009000000e-05
2720,54.4000000000,1315.8730736187,-2.524723000000e-05,6.063313000000e-05,3.538590000000e-05
2721,54.4200000000,1316.3568504840,-2.224566000000e-05,6.063313000000e-05,3.838747000000e-05
2722,54.4400000000,1316.8406273493,-1.921016000000e-05,6.063313000000e-05,4.142298000000e-05
2723,54.4600000000,1317.3244042146,-1.614258000000e-05,6.063313000000e-05,4.449055000000e-05
2724,54.4800000000,1317.8081810799,-1.304485000000e-05,6.063313000000e-05,4.758828000000e-05
2725,54.5000000000,1318.2919579452,-9.918952000000e-06,6.063313000000e-05,5.071418000000e-05
2726,54.5200000000,1318.7757348105,-6.766890000000e-06,6.063313000000e-05,5.386624000000e-05
2727,54.5400000000,1319.2595116758,-3.590737000000e-06,6.063313000000e-05,5.704239000000e-05
2728,54.5600000000,1319.7432885411,-3.926084000000e-07,6.063313000000e-05,6.024052000000e-05
2729,54.5800000000,1320.2270654064,2.825335000000e-06,6.063313000000e-05,6.345847000000e-05
2730,54.6000000000,1320.7108422717,6.060883000000e-06,6.063313000000e-05,6.669402000000e-05
2731,54.6200000000,1321.1946191370,9.311785000000e-06,6.063313000000e-05,6.994492000000e-05
2732,54.6400000000,1321.6783960023,1.257574000000e-05,6.063313000000e-05,7.320887000000e-05
2733,54.6600000000,1322.1621728676,1.585042000000e-05,6.063313000000e-05,7.648355000000e-05
2734,54.6800000000,1322.6459497329,1.913342000000e-05,6.063313000000e-05,7.976655000000e-05
2735,54.7000000000,1323.1297265982,2.242234000000e-05,6.063313000000e-05,8.305547000000e-05
2736,54.7200000000,1323.6135034635,2.571471000000e-05,6.063313000000e-05,8.634784000000e-05
2737,54.7400000000,1324.0972803288,2.900803000000e-05,6.063313000000e-05,8.964116000000e-05
2738,54.7600000000,1324.5810571941,3.229976000000e-05,6.063313000000e-05,9.293289000000e-05
2739,54.7800000000,1325.0648340594,3.558734000000e-05,6.063313000000e-05,9.622047000000e-05
2740,54.8000000000,1325.5486109247,3.886815000000e-05,6.063313000000e-05,9.950129000000e-05
2741,54.8200000000,1326.0323877900,4.213958000000e-05,6.063313000000e-05,1.027727000000e-04
2742,54.8400000000,1326.5161646553,4.539895000000e-05,6.063313000000e-05,1.060321000000e-04
2743,54.8600000000,1326.9999415206,4.864356000000e-05,6.063313000000e-05,1.092767000000e-04
2744,54.8800000000,1327.4837183859,5.187072000000e-05,6.063313000000e-05,1.125038000000e-04
2745,54.9000000000,1327.9674952512,5.507766000000e-05,6.063313000000e-05,1.157108000000e-04
2746,54.9200000000,1328.4512721165,5.826164000000e-05,6.063313000000e-05,1.188948000000e-04
2747,54.9400000000,1328.9350489818,6.141987000000e-05,6.063313000000e-05,1.220530000000e-04
2748,54.9600000000,1329.4188258471,6.454955000000e-05,6.063313000000e-05,1.251827000000e-04
2749,54.9800000000,1329.9026027124,6.764788000000e-05,6.063313000000e-05,1.282810000000e-04
2750,55.0000000000,1330.3863795777,7.071203000000e-05,6.063313000000e-05,1.313452000000e-04
2751,55.0200000000,1330.8701564431,7.373917000000e-05,6.063313000000e-05,1.343723000000e-04
2752,55.0400000000,1331.3539333084,7.672646000000e-05,6.063313000000e-05,1.373596000000e-04
2753,55.0600000000,1331.8377101737,7.967105000000e-05,6.063313000000e-05,1.403042000000e-04
2754,55.0800000000,1332.3214870390,8.257011000000e-05,6.063313000000e-05,1.432032000000e-04
2755,55.1000000000,1332.8052639043,8.542079000000e-05,6.063313000000e-05,1.460539000000e-04
2756,55.1200000000,1333.2890407696,8.822026000000e-05,6.063313000000e-05,1.488534000000e-04
2757,55.1400000000,1333.7728176349,9.096568000000e-05,6.063313000000e-05,1.515988000000e-04
2758,55.1600000000,1334.2565945002,9.365423000000e-05,6.063313000000e-05,1.542874000000e-04
2759,55.1800000000,1334.7403713655,9.628311000000e-05,6.063313000000e-05,1.569162000000e-04
2760,55.2000000000,1335.2241482308,9.884953000000e-05,6.063313000000e-05,1.594827000000e-04
2761,55.2200000000,1335.7079250961,1.013507000000e-04,6.063313000000e-05,1.619839000000e-04
2762,55.2400000000,1336.1917019614,1.037839000000e-04,6.063313000000e-05,1.644171000000e-04
2763,55.2600000000,1336.6754788267,1.061464000000e-04,6.063313000000e-05,1.667795000000e-04
2764,55.2800000000,1337.1592556920,1.084355000000e-04,6.063313000000e-05,1.690686000000e-04
2765,55.3000000000,1337.6430325573,1.106485000000e-04,6.063313000000e-05,1.712817000000e-04
2766,55.3200000000,1338.1268094226,1.127829000000e-04,6.063313000000e-05,1.734160000000e-04
2767,55.3400000000,1338.6105862879,1.148359000000e-04,6.063313000000e-05,1.754690000000e-04
2768,55.3600000000,1339.0943631532,1.168051000000e-04,6.063313000000e-05,1.774383000000e-04
2769,55.3800000000,1339.5781400185,1.186880000000e-04,6.063313000000e-05,1.793211000000e-04
2770,55.4000000000,1340.0619168838,1.204820000000e-04,6.063313000000e-05,1.811152000000e-04
2771,55.4200000000,1340.5456937491,1.221848000000e-04,6.063313000000e-05,1.828180000000e-04
2772,55.4400000000,1341.0294706144,1.237941000000e-04,6.063313000000e-05,1.844272000000e-04
2773,55.4600000000,1341.5132474797,1.253074000000e-04,6.063313000000e-05,1.859406000000e-04
2774,55.4800000000,1341.9970243450,1.267226000000e-04,6.063313000000e-05,1.873558000000e-04
2775,55.5000000000,1342.4808012103,1.280375000000e-04,6.063313000000e-05,1.886707000000e-04
2776,55.5200000000,1342.9645780756,1.292500000000e-04,6.063313000000e-05,1.898831000000e-04
2777,55.5400000000,1343.4483549409,1.303579000000e-04,6.063313000000e-05,1.909910000000e-04
2778,55.5600000000,1343.9321318062,1.313593000000e-04,6.063313000000e-05,1.919925000000e-04
2779,55.5800000000,1344.4159086715,1.322523000000e-04,6.063313000000e-05,1.928855000000e-04
2780,55.6000000000,1344.8996855368,1.330351000000e-04,6.063313000000e-05,1.936682000000e-04
2781,55.6200000000,1345.3834624021,1.337058000000e-04,6.063313000000e-05,1.943389000000e-04
2782,55.6400000000,1345.8672392674,1.342628000000e-04,6.063313000000e-05,1.948959000000e-04
2783,55.6600000000,1346.3510161327,1.347044000000e-04,6.063313000000e-05,1.953376000000e-04
2784,55.6800000000,1346.8347929980,1.350292000000e-04,6.063313000000e-05,1.956623000000e-04
2785,55.7000000000,1347.3185698633,1.352356000000e-04,6.063313000000e-05,1.958687000000e-04
2786,55.7200000000,1347.8023467286,1.353224000000e-04,6.063313000000e-05,1.959555000000e-04
2787,55.7400000000,1348.2861235939,1.352881000000e-04,6.063313000000e-05,1.959213000000e-04
2788,55.7600000000,1348.7699004592,1.351317000000e-04,6.063313000000e-05,1.957649000000e-04
2789,55.7800000000,1349.2536773245,1.348521000000e-04,6.063313000000e-05,1.954852000000e-04
2790,55.8000000000,1349.7374541898,1.344482000000e-04,6.063313000000e-05,1.950813000000e-04
2791,55.8200000000,1350.2212310551,1.339191000000e-04,6.063313000000e-05,1.945522000000e-04
2792,55.8400000000,1350.7050079204,1.332639000000e-04,6.063313000000e-05,1.938971000000e-04
2793,55.8600000000,1351.1887847857,1.324821000000e-04,6.063313000000e-05,1.931152000000e-04
2794,55.8800000000,1351.6725616510,1.315729000000e-04,6.063313000000e-05,1.922060000000e-04
2795,55.9000000000,1352.1563385163,1.305357000000e-04,6.063313000000e-05,1.911688000000e-04
2796,55.9200000000,1352.6401153816,1.293702000000e-04,6.063313000000e-05,1.900033000000e-04
2797,55.9400000000,1353.1238922469,1.280760000000e-04,6.063313000000e-05,1.887091000000e-04
2798,55.9600000000,1353.6076691122,1.266528000000e-04,6.063313000000e-05,1.872860000000e-04
2799,55.9800000000,1354.0914459775,1.251006000000e-04,6.063313000000e-05,1.857337000000e-04
2800,56.0000000000,1354.5752228428,1.234191000000e-04,6.063313000000e-05,1.840523000000e-04
2801,56.0200000000,1355.0589997081,1.216086000000e-04,6.063313000000e-05,1.822417000000e-04
2802,56.0400000000,1355.5427765734,1.196690000000e-04,6.063313000000e-05,1.803022000000e-04
2803,56.0600000000,1356.0265534387,1.176008000000e-04,6.063313000000e-05,1.782339000000e-04
2804,56.0800000000,1356.5103303040,1.154041000000e-04,6.063313000000e-05,1.760372000000e-04
2805,56.1000000000,1356.9941071693,1.130794000000e-04,6.063313000000e-05,1.737125000000e-04
2806,56.1200000000,1357.4778840346,1.106273000000e-04,6.063313000000e-05,1.712604000000e-04
2807,56.1400000000,1357.9616608999,1.080483000000e-04,6.063313000000e-05,1.686814000000e-04
2808,56.1600000000,1358.4454377652,1.053432000000e-04,6.063313000000e-05,1.659763000000e-04
2809,56.1800000000,1358.9292146305,1.025127000000e-04,6.063313000000e-05,1.631459000000e-04
2810,56.2000000000,1359.4129914958,9.955788000000e-05,6.063313000000e-05,1.601910000000e-04
2811,56.2200000000,1359.8967683611,9.647956000000e-05,6.063313000000e-05,1.571127000000e-04
2812,56.2400000000,1360.3805452264,9.327888000000e-05,6.063313000000e-05,1.539120000000e-04
2813,56.2600000000,1360.8643220917,8.995700000000e-05,6.063313000000e-05,1.505901000000e-04
2814,56.2800000000,1361.3480989570,8.651517000000e-05,6.063313000000e-05,1.471483000000e-04
2815,56.3000000000,1361.8318758223,8.295473000000e-05,6.063313000000e-05,1.435879000000e-04
2816,56.3200000000,1362.3156526876,7.927709000000e-05,6.063313000000e-05,1.399102000000e-04
2817,56.3400000000,1362.7994295529,7.548377000000e-05,6.063313000000e-05,1.361169000000e-04
2818,56.3600000000,1363.2832064182,7.157635000000e-05,6.063313000000e-05,1.322095000000e-04
2819,56.3800000000,1363.7669832835,6.755649000000e-05,6.063313000000e-05,1.281896000000e-04
2820,56.4000000000,1364.2507601488,6.342594000000e-05,6.063313000000e-05,1.240591000000e-04
2821,56.4200000000,1364.7345370141,5.918651000000e-05,6.063313000000e-05,1.198196000000e-04
2822,56.4400000000,1365.2183138794,5.484009000000e-05,6.063313000000e-05,1.154732000000e-04
2823,56.4600000000,1365.7020907447,5.038866000000e-05,6.063313000000e-05,1.110218000000e-04
2824,56.4800000000,1366.1858676100,4.583423000000e-05,6.063313000000e-05,1.064674000000e-04
2825,56.5000000000,1366.6696444753,4.117892000000e-05,6.063313000000e-05,1.018121000000e-04
2826,56.5200000000,1367.1534213406,3.642490000000e-05,6.063313000000e-05,9.705803000000e-05
2827,56.5400000000,1367.6371982059,3.157439000000e-05,6.063313000000e-05,9.220752000000e-05
2828,56.5600000000,1368.1209750712,2.662969000000e-05,6.063313000000e-05,8.726282000000e-05
2829,56.5800000000,1368.6047519365,2.159316000000e-05,6.063313000000e-05,8.222629000000e-05
2830,56.6000000000,1369.0885288018,1.646721000000e-05,6.063313000000e-05,7.710034000000e-05
2831,56.6200000000,1369.5723056671,1.125430000000e-05,6.063313000000e-05,7.188744000000e-05
2832,56.6400000000,1370.0560825324,5.956971000000e-06,6.063313000000e-05,6.659010000000e-05
2833,56.6600000000,1370.5398593977,5.777874000000e-07,6.063313000000e-05,6.121092000000e-05
2834,56.6800000000,1371.0236362630,-4.880623000000e-06,6.063313000000e-05,5.575251000000e-05
2835,56.7000000000,1371.5074131283,-1.041559000000e-05,6.063313000000e-05,5.021754000000e-05
2836,56.7200000000,1371.9911899936,-1.602439000000e-05,6.063313000000e-05,4.460875000000e-05
2837,56.7400000000,1372.4749668589,-2.170426000000e-05,6.063313000000e-05,3.892888000000e-05
2838,56.7600000000,1372.9587437242,-2.745240000000e-05,6.063313000000e-05,3.318074000000e-05
2839,56.7800000000,1373.4425205895,-3.326596000000e-05,6.063313000000e-05,2.736718000000e-05
2840,56.8000000000,1373.9262974548,-3.914206000000e-05,6.063313000000e-05,2.149107000000e-05
2841,56.8200000000,1374.4100743201,-4.507779000000e-05,6.063313000000e-05,1.555535000000e-05
2842,56.8400000000,1374.8938511854,-5.107019000000e-05,6.063313000000e-05,9.562944000000e-06
2843,56.8600000000,1375.3776280507,-5.711628000000e-05,6.063313000000e-05,3.516852000000e-06
2844,56.8800000000,1375.8614049160,-6.321305000000e-05,6.063313000000e-05,-2.579919000000e-06
2845,56.9000000000,1376.3451817813,-6.935746000000e-05,6.063313000000e-05,-8.724329000000e-06
2846,56.9200000000,1376.8289586466,-7.554644000000e-05,6.063313000000e-05,-1.491331000000e-05
2847,56.9400000000,1377.3127355119,-8.177691000000e-05,6.063313000000e-05,-2.114378000000e-05
2848,56.9600000000,1377.7965123772,-8.804575000000e-05,6.063313000000e-05,-2.741262000000e-05
2849,56.9800000000,1378.2802892425,-9.434983000000e-05,6.063313000000e-05,-3.371670000000e-05
2850,57.0000000000,1378.7640661079,-1.006860000000e-04,6.063313000000e-05,-4.005287000000e-05
2851,57.0200000000,1379.2478429732,-1.070511000000e-04,6.063313000000e-05,-4.641796000000e-05
2852,57.0400000000,1379.7316198385,-1.134419000000e-04,6.063313000000e-05,-5.280880000000e-05
2853,57.0600000000,1380.2153967038,-1.198553000000e-04,6.063313000000e-05,-5.922218000000e-05
2854,57.0800000000,1380.6991735691,-1.262880000000e-04,6.063313000000e-05,-6.565491000000e-05
2855,57.1000000000,1381.1829504344,-1.327369000000e-04,6.063313000000e-05,-7.210376000000e-05
2856,57.1200000000,1381.6667272997,-1.391986000000e-04,6.063313000000e-05,-7.856551000000e-05
2857,57.1400000000,1382.1505041650,-1.456701000000e-04,6.063313000000e-05,-8.503694000000e-05
2858,57.1600000000,1382.6342810303,-1.521479000000e-04,6.063313000000e-05,-9.151481000000e-05
2859,57.1800000000,1383.1180578956,-1.586290000000e-04,6.063313000000e-05,-9.799588000000e-05
2860,57.2000000000,1383.6018347609,-1.651100000000e-04,6.063313000000e-05,-1.044769000000e-04
2861,57.2200000000,1384.0856116262,-1.715878000000e-04,6.063313000000e-05,-1.109547000000e-04
2862,57.2400000000,1384.5693884915,-1.780591000000e-04,6.063313000000e-05,-1.174259000000e-04
2863,57.2600000000,1385.0531653568,-1.845206000000e-04,6.063313000000e-05,-1.238874000000e-04
2864,57.2800000000,1385.5369422221,-1.909691000000e-04,6.063313000000e-05,-1.303360000000e-04
2865,57.3000000000,1386.0207190874,-1.974014000000e-04,6.063313000000e-05,-1.367683000000e-04
2866,57.3200000000,1386.5044959527,-2.038144000000e-04,6.063313000000e-05,-1.431812000000e-04
2867,57.3400000000,1386.9882728180,-2.102047000000e-04,6.063313000000e-05,-1.495716000000e-04
2868,57.3600000000,1387.4720496833,-2.165692000000e-04,6.063313000000e-05,-1.559361000000e-04
2869,57.3800000000,1387.9558265486,-2.229048000000e-04,6.063313000000e-05,-1.622716000000e-04
2870,57.4000000000,1388.4396034139,-2.292081000000e-04,6.063313000000e-05,-1.685750000000e-04
2871,57.4200000000,1388.9233802792,-2.354762000000e-04,6.063313000000e-05,-1.748431000000e-04
2872,57.4400000000,1389.4071571445,-2.417058000000e-04,6.063313000000e-05,-1.810727000000e-04
2873,57.4600000000,1389.8909340098,-2.478939000000e-04,6.063313000000e-05,-1.872607000000e-04
2874,57.4800000000,1390.3747108751,-2.540373000000e-04,6.063313000000e-05,-1.934041000000e-04
2875,57.5000000000,1390.8584877404,-2.601329000000e-04,6.063313000000e-05,-1.994998000000e-04
2876,57.5200000000,1391.3422646057,-2.661778000000e-04,6.063313000000e-05,-2.055446000000e-04
2877,57.5400000000,1391.8260414710,-2.721688000000e-04,6.063313000000e-05,-2.115357000000e-04
2878,57.5600000000,1392.3098183363,-2.781030000000e-04,6.063313000000e-05,-2.174698000000e-04
2879,57.5800000000,1392.7935952016,-2.839773000000e-04,6.063313000000e-05,-2.233442000000e-04
2880,57.6000000000,1393.2773720669,-2.897889000000e-04,6.063313000000e-05,-2.291558000000e-04
2881,57.6200000000,1393.7611489322,-2.955348000000e-04,6.063313000000e-05,-2.349016000000e-04
2882,57.6400000000,1394.2449257975,-3.012120000000e-04,6.063313000000e-05,-2.405789000000e-04
2883,57.6600000000,1394.7287026628,-3.068178000000e-04,6.063313000000e-05,-2.461847000000e-04
2884,57.6800000000,1395.2124795281,-3.123493000000e-04,6.063313000000e-05,-2.517162000000e-04
2885,57.7000000000,1395.6962563934,-3.178037000000e-04,6.063313000000e-05,-2.571706000000e-04
2886,57.7200000000,1396.1800332587,-3.231782000000e-04,6.063313000000e-05,-2.625451000000e-04
2887,57.7400000000,1396.6638101240,-3.284701000000e-04,6.063313000000e-05,-2.678370000000e-04
2888,57.7600000000,1397.1475869893,-3.336768000000e-04,6.063313000000e-05,-2.730436000000e-04
2889,57.7800000000,1397.6313638546,-3.387955000000e-04,6.063313000000e-05,-2.781623000000e-04
2890,57.8000000000,1398.1151407199,-3.438236000000e-04,6.063313000000e-05,-2.831905000000e-04
2891,57.8200000000,1398.5989175852,-3.487587000000e-04,6.063313000000e-05,-2.881255000000e-04
2892,57.8400000000,1399.0826944505,-3.535980000000e-04,6.063313000000e-05,-2.929649000000e-04
2893,57.8600000000,1399.5664713158,-3.583393000000e-04,6.063313000000e-05,-2.977062000000e-04
2894,57.8800000000,1400.0502481811,-3.629800000000e-04,6.063313000000e-05,-3.023468000000e-04
2895,57.9000000000,1400.5340250464,-3.675177000000e-04,6.063313000000e-05,-3.068846000000e-04
2896,57.9200000000,1401.0178019117,-3.719501000000e-04,6.063313000000e-05,-3.113170000000e-04
2897,57.9400000000,1401.5015787770,-3.762749000000e-04,6.063313000000e-05,-3.156418000000e-04
2898,57.9600000000,1401.9853556423,-3.804899000000e-04,6.063313000000e-05,-3.198567000000e-04
2899,57.9800000000,1402.4691325076,-3.845927000000e-04,6.063313000000e-05,-3.239596000000e-04
2900,58.0000000000,1402.9529093729,-3.885814000000e-04,6.063313000000e-05,-3.279483000000e-04
2901,58.0200000000,1403.4366862382,-3.924539000000e-04,6.063313000000e-05,-3.318207000000e-04
2902,58.0400000000,1403.9204631035,-3.962079000000e-04,6.063313000000e-05,-3.355748000000e-04
2903,58.0600000000,1404.4042399688,-3.998417000000e-04,6.063313000000e-05,-3.392086000000e-04
2904,58.0800000000,1404.8880168341,-4.033532000000e-04,6.063313000000e-05,-3.427201000000e-04
2905,58.1000000000,1405.3717936994,-4.067406000000e-04,6.063313000000e-05,-3.461075000000e-04
2906,58.1200000000,1405.8555705647,-4.100021000000e-04,6.063313000000e-05,-3.493690000000e-04
2907,58.1400000000,1406.3393474300,-4.131360000000e-04,6.063313000000e-05,-3.525028000000e-04
2908,58.1600000000,1406.8231242953,-4.161404000000e-04,6.063313000000e-05,-3.555073000000e-04
2909,58.1800000000,1407.3069011606,-4.190139000000e-04,6.063313000000e-05,-3.583807000000e-04
2910,58.2000000000,1407.7906780259,-4.217547000000e-04,6.063313000000e-05,-3.611216000000e-04
2911,58.2200000000,1408.2744548912,-4.243615000000e-04,6.063313000000e-05,-3.637284000000e-04
2912,58.2400000000,1408.7582317565,-4.268328000000e-04,6.063313000000e-05,-3.661997000000e-04
2913,58.2600000000,1409.2420086218,-4.291672000000e-04,6.063313000000e-05,-3.685341000000e-04
2914,58.2800000000,1409.7257854871,-4.313634000000e-04,6.063313000000e-05,-3.707302000000e-04
2915,58.3000000000,1410.2095623524,-4.334200000000e-04,6.063313000000e-05,-3.727869000000e-04
2916,58.3200000000,1410.6933392177,-4.353361000000e-04,6.063313000000e-05,-3.747030000000e-04
2917,58.3400000000,1411.1771160830,-4.371104000000e-04,6.063313000000e-05,-3.764772000000e-04
2918,58.3600000000,1411.6608929483,-4.387418000000e-04,6.063313000000e-05,-3.781087000000e-04
2919,58.3800000000,1412.1446698136,-4.402295000000e-04,6.063313000000e-05,-3.795964000000e-04
2920,58.4000000000,1412.6284466789,-4.415725000000e-04,6.063313000000e-05,-3.809394000000e-04
2921,58.4200000000,1413.1122235442,-4.427700000000e-04,6.063313000000e-05,-3.821368000000e-04
2922,58.4400000000,1413.5960004095,-4.438211000000e-04,6.063313000000e-05,-3.831880000000e-04
2923,58.4600000000,1414.0797772748,-4.447253000000e-04,6.063313000000e-05,-3.840922000000e-04
2924,58.4800000000,1414.5635541401,-4.454819000000e-04,6.063313000000e-05,-3.848487000000e-04
2925,58.5000000000,1415.0473310054,-4.460902000000e-04,6.063313000000e-05,-3.854571000000e-04
2926,58.5200000000,1415.5311078707,-4.465500000000e-04,6.063313000000e-05,-3.859168000000e-04
2927,58.5400000000,1416.0148847360,-4.468606000000e-04,6.063313000000e-05,-3.862275000000e-04
2928,58.5600000000,1416.4986616013,-4.470219000000e-04,6.063313000000e-05,-3.863888000000e-04
2929,58.5800000000,1416.9824384666,-4.470335000000e-04,6.063313000000e-05,-3.864004000000e-04
2930,58.6000000000,1417.4662153319,-4.468953000000e-04,6.063313000000e-05,-3.862622000000e-04
2931,58.6200000000,1417.9499921972,-4.466071000000e-04,6.063313000000e-05,-3.859740000000e-04
2932,58.6400000000,1418.4337690625,-4.461690000000e-04,6.063313000000e-05,-3.855359000000e-04
2933,58.6600000000,1418.9175459278,-4.455809000000e-04,6.063313000000e-05,-3.849478000000e-04
2934,58.6800000000,1419.4013227931,-4.448430000000e-04,6.063313000000e-05,-3.842098000000e-04
2935,58.7000000000,1419.8850996584,-4.439554000000e-04,6.063313000000e-05,-3.833222000000e-04
2936,58.7200000000,1420.3688765237,-4.429184000000e-04,6.063313000000e-05,-3.822852000000e-04
2937,58.7400000000,1420.8526533890,-4.417323000000e-04,6.063313000000e-05,-3.810992000000e-04
2938,58.7600000000,1421.3364302543,-4.403976000000e-04,6.063313000000e-05,-3.797645000000e-04
2939,58.7800000000,1421.8202071196,-4.389148000000e-04,6.063313000000e-05,-3.782817000000e-04
2940,58.8000000000,1422.3039839849,-4.372844000000e-04,6.063313000000e-05,-3.766512000000e-04
2941,58.8200000000,1422.7877608502,-4.355069000000e-04,6.063313000000e-05,-3.748738000000e-04
2942,58.8400000000,1423.2715377155,-4.335833000000e-04,6.063313000000e-05,-3.729501000000e-04
2943,58.8600000000,1423.7553145808,-4.315141000000e-04,6.063313000000e-05,-3.708810000000e-04
2944,58.8800000000,1424.2390914461,-4.293003000000e-04,6.063313000000e-05,-3.686672000000e-04
2945,58.9000000000,1424.7228683114,-4.269429000000e-04,6.063313000000e-05,-3.663098000000e-04
2946,58.9200000000,1425.2066451767,-4.244427000000e-04,6.063313000000e-05,-3.638096000000e-04
2947,58.9400000000,1425.6904220420,-4.218010000000e-04,6.063313000000e-05,-3.611679000000e-04
2948,58.9600000000,1426.1741989073,-4.190188000000e-04,6.063313000000e-05,-3.583856000000e-04
2949,58.9800000000,1426.6579757726,-4.160973000000e-04,6.063313000000e-05,-3.554642000000e-04
2950,59.0000000000,1427.1417526380,-4.130379000000e-04,6.063313000000e-05,-3.524047000000e-04
2951,59.0200000000,1427.6255295033,-4.098418000000e-04,6.063313000000e-05,-3.492087000000e-04
2952,59.0400000000,1428.1093063686,-4.065106000000e-04,6.063313000000e-05,-3.458775000000e-04
2953,59.0600000000,1428.5930832339,-4.030458000000e-04,6.063313000000e-05,-3.424127000000e-04
2954,59.0800000000,1429.0768600992,-3.994488000000e-04,6.063313000000e-05,-3.388157000000e-04
2955,59.1000000000,1429.5606369645,-3.957214000000e-04,6.063313000000e-05,-3.350883000000e-04
2956,59.1200000000,1430.0444138298,-3.918652000000e-04,6.063313000000e-05,-3.312321000000e-04
2957,59.1400000000,1430.5281906951,-3.878821000000e-04,6.063313000000e-05,-3.272489000000e-04
2958,59.1600000000,1431.0119675604,-3.837737000000e-04,6.063313000000e-05,-3.231406000000e-04
2959,59.1800000000,1431.4957444257,-3.795422000000e-04,6.063313000000e-05,-3.189090000000e-04
2960,59.2000000000,1431.9795212910,-3.751893000000e-04,6.063313000000e-05,-3.145561000000e-04
2961,59.2200000000,1432.4632981563,-3.707171000000e-04,6.063313000000e-05,-3.100840000000e-04
2962,59.2400000000,1432.9470750216,-3.661278000000e-04,6.063313000000e-05,-3.054947000000e-04
2963,59.2600000000,1433.4308518869,-3.614234000000e-04,6.063313000000e-05,-3.007903000000e-04
2964,59.2800000000,1433.9146287522,-3.566062000000e-04,6.063313000000e-05,-2.959731000000e-04
2965,59.3000000000,1434.3984056175,-3.516784000000e-04,6.063313000000e-05,-2.910453000000e-04
2966,59.3200000000,1434.8821824828,-3.466424000000e-04,6.063313000000e-05,-2.860092000000e-04
2967,59.3400000000,1435.3659593481,-3.415005000000e-04,6.063313000000e-05,-2.808673000000e-04
2968,59.3600000000,1435.8497362134,-3.362551000000e-04,6.063313000000e-05,-2.756220000000e-04
2969,59.3800000000,1436.3335130787,-3.309088000000e-04,6.063313000000e-05,-2.702756000000e-04
2970,59.4000000000,1436.8172899440,-3.254640000000e-04,6.063313000000e-05,-2.648309000000e-04
2971,59.4200000000,1437.3010668093,-3.199234000000e-04,6.063313000000e-05,-2.592903000000e-04
2972,59.4400000000,1437.7848436746,-3.142896000000e-04,6.063313000000e-05,-2.536564000000e-04
2973,59.4600000000,1438.2686205399,-3.085652000000e-04,6.063313000000e-05,-2.479321000000e-04
2974,59.4800000000,1438.7523974052,-3.027530000000e-04,6.063313000000e-05,-2.421199000000e-04
2975,59.5000000000,1439.2361742705,-2.968558000000e-04,6.063313000000e-05,-2.362227000000e-04
2976,59.5200000000,1439.7199511358,-2.908764000000e-04,6.063313000000e-05,-2.302432000000e-04
2977,59.5400000000,1440.2037280011,-2.848175000000e-04,6.063313000000e-05,-2.241844000000e-04
2978,59.5600000000,1440.6875048664,-2.786823000000e-04,6.063313000000e-05,-2.180491000000e-04
2979,59.5800000000,1441.1712817317,-2.724734000000e-04,6.063313000000e-05,-2.118403000000e-04
2980,59.6000000000,1441.6550585970,-2.661940000000e-04,6.063313000000e-05,-2.055609000000e-04
2981,59.6200000000,1442.1388354623,-2.598470000000e-04,6.063313000000e-05,-1.992139000000e-04
2982,59.6400000000,1442.6226123276,-2.534355000000e-04,6.063313000000e-05,-1.928024000000e-04
2983,59.6600000000,1443.1063891929,-2.469625000000e-04,6.063313000000e-05,-1.863294000000e-04
2984,59.6800000000,1443.5901660582,-2.404311000000e-04,6.063313000000e-05,-1.797980000000e-04
2985,59.7000000000,1444.0739429235,-2.338445000000e-04,6.063313000000e-05,-1.732114000000e-04
2986,59.7200000000,1444.5577197888,-2.272058000000e-04,6.063313000000e-05,-1.665727000000e-04
2987,59.7400000000,1445.0414966541,-2.205182000000e-04,6.063313000000e-05,-1.598851000000e-04
2988,59.7600000000,1445.5252735194,-2.137849000000e-04,6.063313000000e-05,-1.531518000000e-04
2989,59.7800000000,1446.0090503847,-2.070092000000e-04,6.063313000000e-05,-1.463760000000e-04
2990,59.8000000000,1446.4928272500,-2.001941000000e-04,6.063313000000e-05,-1.395610000000e-04
2991,59.8200000000,1446.9766041153,-1.933432000000e-04,6.063313000000e-05,-1.327100000000e-04
2992,59.8400000000,1447.4603809806,-1.864595000000e-04,6.063313000000e-05,-1.258263000000e-04
2993,59.8600000000,1447.9441578459,-1.795464000000e-04,6.063313000000e-05,-1.189132000000e-04
2994,59.8800000000,1448.4279347112,-1.726072000000e-04,6.063313000000e-05,-1.119741000000e-04
2995,59.9000000000,1448.9117115765,-1.656452000000e-04,6.063313000000e-05,-1.050121000000e-04
2996,59.9200000000,1449.3954884418,-1.586638000000e-04,6.063313000000e-05,-9.803070000000e-05
2997,59.9400000000,1449.8792653071,-1.516663000000e-04,6.063313000000e-05,-9.103320000000e-05
2998,59.9600000000,1450.3630421724,-1.446561000000e-04,6.063313000000e-05,-8.402293000000e-05
2999,59.9800000000,1450.8468190377,-1.376364000000e-04,6.063313000000e-05,-7.700325000000e-05
3000,60.0000000000,1451.3305959030,-1.306106000000e-04,6.063313000000e-05,-6.997751000000e-05
3001,60.0200000000,1451.8143727683,-1.235822000000e-04,6.063313000000e-05,-6.294907000000e-05
3002,60.0400000000,1452.2981496336,-1.165544000000e-04,6.063313000000e-05,-5.592129000000e-05
3003,60.0600000000,1452.7819264989,-1.095307000000e-04,6.063313000000e-05,-4.889752000000e-05
3004,60.0800000000,1453.2657033642,-1.025143000000e-04,6.063313000000e-05,-4.188113000000e-05
3005,60.1000000000,1453.7494802295,-9.550858000000e-05,6.063313000000e-05,-3.487545000000e-05
3006,60.1200000000,1454.2332570948,-8.851697000000e-05,6.063313000000e-05,-2.788384000000e-05
3007,60.1400000000,1454.7170339601,-8.154276000000e-05,6.063313000000e-05,-2.090963000000e-05
3008,60.1600000000,1455.2008108254,-7.458930000000e-05,6.063313000000e-05,-1.395617000000e-05
3009,60.1800000000,1455.6845876907,-6.765989000000e-05,6.063313000000e-05,-7.026762000000e-06
3010,60.2000000000,1456.1683645560,-6.075787000000e-05,6.063313000000e-05,-1.247343000000e-07
3011,60.2200000000,1456.6521414213,-5.388652000000e-05,6.063313000000e-05,6.746614000000e-06
3012,60.2400000000,1457.1359182866,-4.704914000000e-05,6.063313000000e-05,1.358400000000e-05
3013,60.2600000000,1457.6196951519,-4.024900000000e-05,6.063313000000e-05,2.038413000000e-05
3014,60.2800000000,1458.1034720172,-3.348937000000e-05,6.063313000000e-05,2.714376000000e-05
3015,60.3000000000,1458.5872488825,-2.677349000000e-05,6.063313000000e-05,3.385965000000e-05
3016,60.3200000000,1459.0710257478,-2.010458000000e-05,6.063313000000e-05,4.052855000000e-05
3017,60.3400000000,1459.5548026131,-1.348586000000e-05,6.063313000000e-05,4.714727000000e-05
3018,60.3600000000,1460.0385794784,-6.920522000000e-06,6.063313000000e-05,5.371261000000e-05
3019,60.3800000000,1460.5223563437,-4.117291000000e-07,6.063313000000e-05,6.022140000000e-05
3020,60.4000000000,1461.0061332090,6.037367000000e-06,6.063313000000e-05,6.667050000000e-05
3021,60.4200000000,1461.4899100743,1.242364000000e-05,6.063313000000e-05,7.305677000000e-05
3022,60.4400000000,1461.9736869396,1.874399000000e-05,6.063313000000e-05,7.937712000000e-05
3023,60.4600000000,1462.4574638049,2.499533000000e-05,6.063313000000e-05,8.562846000000e-05
3024,60.4800000000,1462.9412406702,3.117461000000e-05,6.063313000000e-05,9.180774000000e-05
3025,60.5000000000,1463.4250175355,3.727879000000e-05,6.063313000000e-05,9.791193000000e-05
3026,60.5200000000,1463.9087944008,4.330489000000e-05,6.063313000000e-05,1.039380000000e-04
3027,60.5400000000,1464.3925712661,4.924992000000e-05,6.063313000000e-05,1.098831000000e-04
3028,60.5600000000,1464.8763481314,5.511093000000e-05,6.063313000000e-05,1.157441000000e-04
3029,60.5800000000,1465.3601249967,6.088502000000e-05,6.063313000000e-05,1.215182000000e-04
3030,60.6000000000,1465.8439018620,6.656928000000e-05,6.063313000000e-05,1.272024000000e-04
3031,60.6200000000,1466.3276787273,7.216088000000e-05,6.063313000000e-05,1.327940000000e-04
3032,60.6400000000,1466.8114555926,7.765697000000e-05,6.063313000000e-05,1.382901000000e-04
3033,60.6600000000,1467.2952324579,8.305477000000e-05,6.063313000000e-05,1.436879000000e-04
3034,60.6800000000,1467.7790093232,8.835152000000e-05,6.063313000000e-05,1.489847000000e-04
3035,60.7000000000,1468.2627861885,9.354450000000e-05,6.063313000000e-05,1.541776000000e-04
3036,60.7200000000,1468.7465630538,9.863101000000e-05,6.063313000000e-05,1.592641000000e-04
3037,60.7400000000,1469.2303399191,1.036084000000e-04,6.063313000000e-05,1.642415000000e-04
3038,60.7600000000,1469.7141167844,1.084741000000e-04,6.063313000000e-05,1.691072000000e-04
3039,60.7800000000,1470.1978936497,1.132254000000e-04,6.063313000000e-05,1.738585000000e-04
3040,60.8000000000,1470.6816705150,1.178599000000e-04,6.063313000000e-05,1.784930000000e-04
3041,60.8200000000,1471.1654473803,1.223750000000e-04,6.063313000000e-05,1.830081000000e-04
3042,60.8400000000,1471.6492242456,1.267683000000e-04,6.063313000000e-05,1.874014000000e-04
3043,60.8600000000,1472.1330011109,1.310374000000e-04,6.063313000000e-05,1.916705000000e-04
3044,60.8800000000,1472.6167779762,1.351798000000e-04,6.063313000000e-05,1.958130000000e-04
3045,60.9000000000,1473.1005548415,1.391933000000e-04,6.063313000000e-05,1.998265000000e-04
3046,60.9200000000,1473.5843317068,1.430756000000e-04,6.063313000000e-05,2.037087000000e-04
3047,60.9400000000,1474.0681085721,1.468243000000e-04,6.063313000000e-05,2.074575000000e-04
3048,60.9600000000,1474.5518854374,1.504374000000e-04,6.063313000000e-05,2.110705000000e-04
3049,60.9800000000,1475.0356623027,1.539126000000e-04,6.063313000000e-05,2.145458000000e-04
3050,61.0000000000,1475.5194391680,1.572479000000e-04,6.063313000000e-05,2.178811000000e-04
3051,61.0200000000,1476.0032160334,1.604412000000e-04,6.063313000000e-05,2.210743000000e-04
3052,61.0400000000,1476.4869928987,1.634905000000e-04,6.063313000000e-05,2.241236000000e-04
3053,61.0600000000,1476.9707697640,1.663939000000e-04,6.063313000000e-05,2.270270000000e-04
3054,61.0800000000,1477.4545466293,1.691494000000e-04,6.063313000000e-05,2.297825000000e-04
3055,61.1000000000,1477.9383234946,1.717552000000e-04,6.063313000000e-05,2.323883000000e-04
3056,61.1200000000,1478.4221003599,1.742096000000e-04,6.063313000000e-05,2.348427000000e-04
3057,61.1400000000,1478.9058772252,1.765108000000e-04,6.063313000000e-05,2.371439000000e-04
3058,61.1600000000,1479.3896540905,1.786571000000e-04,6.063313000000e-05,2.392902000000e-04
3059,61.1800000000,1479.8734309558,1.806469000000e-04,6.063313000000e-05,2.412800000000e-04
3060,61.2000000000,1480.3572078211,1.824788000000e-04,6.063313000000e-05,2.431119000000e-04
3061,61.2200000000,1480.8409846864,1.841511000000e-04,6.063313000000e-05,2.447842000000e-04
3062,61.2400000000,1481.3247615517,1.856625000000e-04,6.063313000000e-05,2.462957000000e-04
3063,61.2600000000,1481.8085384170,1.870117000000e-04,6.063313000000e-05,2.476448000000e-04
3064,61.2800000000,1482.2923152823,1.881973000000e-04,6.063313000000e-05,2.488305000000e-04
3065,61.3000000000,1482.7760921476,1.892182000000e-04,6.063313000000e-05,2.498513000000e-04
3066,61.3200000000,1483.2598690129,1.900732000000e-04,6.063313000000e-05,2.507063000000e-04
3067,61.3400000000,1483.7436458782,1.907612000000e-04,6.063313000000e-05,2.513943000000e-04
3068,61.3600000000,1484.2274227435,1.912812000000e-04,6.063313000000e-05,2.519144000000e-04
3069,61.3800000000,1484.7111996088,1.916324000000e-04,6.063313000000e-05,2.522655000000e-04
3070,61.4000000000,1485.1949764741,1.918138000000e-04,6.063313000000e-05,2.524470000000e-04
3071,61.4200000000,1485.6787533394,1.918248000000e-04,6.063313000000e-05,2.524579000000e-04
3072,61.4400000000,1486.1625302047,1.916646000000e-04,6.063313000000e-05,2.522977000000e-04
3073,61.4600000000,1486.6463070700,1.913326000000e-04,6.063313000000e-05,2.519657000000e-04
3074,61.4800000000,1487.1300839353,1.908283000000e-04,6.063313000000e-05,2.514614000000e-04
3075,61.5000000000,1487.6138608006,1.901513000000e-04,6.063313000000e-05,2.507844000000e-04
3076,61.5200000000,1488.0976376659,1.893012000000e-04,6.063313000000e-05,2.499344000000e-04
3077,61.5400000000,1488.5814145312,1.882778000000e-04,6.063313000000e-05,2.489110000000e-04
3078,61.5600000000,1489.0651913965,1.870810000000e-04,6.063313000000e-05,2.477141000000e-04
3079,61.5800000000,1489.5489682618,1.857105000000e-04,6.063313000000e-05,2.463436000000e-04
3080,61.6000000000,1490.0327451271,1.841665000000e-04,6.063313000000e-05,2.447996000000e-04
3081,61.6200000000,1490.5165219924,1.824490000000e-04,6.063313000000e-05,2.430821000000e-04
3082,61.6400000000,1491.0002988577,1.805583000000e-04,6.063313000000e-05,2.411914000000e-04
3083,61.6600000000,1491.4840757230,1.784946000000e-04,6.063313000000e-05,2.391277000000e-04
3084,61.6800000000,1491.9678525883,1.762583000000e-04,6.063313000000e-05,2.368914000000e-04
3085,61.7000000000,1492.4516294536,1.738500000000e-04,6.063313000000e-05,2.344831000000e-04
3086,61.7200000000,1492.9354063189,1.712701000000e-04,6.063313000000e-05,2.319032000000e-04
3087,61.7400000000,1493.4191831842,1.685194000000e-04,6.063313000000e-05,2.291526000000e-04
3088,61.7600000000,1493.9029600495,1.655988000000e-04,6.063313000000e-05,2.262319000000e-04
3089,61.7800000000,1494.3867369148,1.625089000000e-04,6.063313000000e-05,2.231420000000e-04
3090,61.8000000000,1494.8705137801,1.592509000000e-04,6.063313000000e-05,2.198840000000e-04
3091,61.8200000000,1495.3542906454,1.558258000000e-04,6.063313000000e-05,2.164589000000e-04
3092,61.8400000000,1495.8380675107,1.522348000000e-04,6.063313000000e-05,2.128680000000e-04
3093,61.8600000000,1496.3218443760,1.484792000000e-04,6.063313000000e-05,2.091124000000e-04
3094,61.8800000000,1496.8056212413,1.445604000000e-04,6.063313000000e-05,2.051936000000e-04
3095,61.9000000000,1497.2893981066,1.404799000000e-04,6.063313000000e-05,2.011130000000e-04
3096,61.9200000000,1497.7731749719,1.362392000000e-04,6.063313000000e-05,1.968724000000e-04
3097,61.9400000000,1498.2569518372,1.318401000000e-04,6.063313000000e-05,1.924733000000e-04
3098,61.9600000000,1498.7407287025,1.272844000000e-04,6.063313000000e-05,1.879175000000e-04
3099,61.9800000000,1499.2245055678,1.225739000000e-04,6.063313000000e-05,1.832070000000e-04
3100,62.0000000000,1499.7082824331,1.177106000000e-04,6.063313000000e-05,1.783437000000e-04
3101,62.0200000000,1500.1920592984,1.126966000000e-04,6.063313000000e-05,1.733297000000e-04
3102,62.0400000000,1500.6758361637,1.075342000000e-04,6.063313000000e-05,1.681673000000e-04
3103,62.0600000000,1501.1596130290,1.022255000000e-04,6.063313000000e-05,1.628587000000e-04
3104,62.0800000000,1501.6433898943,9.677307000000e-05,6.063313000000e-05,1.574062000000e-04
3105,62.1000000000,1502.1271667596,9.117927000000e-05,6.063313000000e-05,1.518124000000e-04
3106,62.1200000000,1502.6109436249,8.544669000000e-05,6.063313000000e-05,1.460798000000e-04
3107,62.1400000000,1503.0947204902,7.957801000000e-05,6.063313000000e-05,1.402111000000e-04
3108,62.1600000000,1503.5784973555,7.357597000000e-05,6.063313000000e-05,1.342091000000e-04
3109,62.1800000000,1504.0622742208,6.744341000000e-05,6.063313000000e-05,1.280765000000e-04
3110,62.2000000000,1504.5460510861,6.118326000000e-05,6.063313000000e-05,1.218164000000e-04
3111,62.2200000000,1505.0298279514,5.479852000000e-05,6.063313000000e-05,1.154316000000e-04
3112,62.2400000000,1505.5136048167,4.829229000000e-05,6.063313000000e-05,1.089254000000e-04
3113,62.2600000000,1505.9973816820,4.166774000000e-05,6.063313000000e-05,1.023009000000e-04
3114,62.2800000000,1506.4811585473,3.492813000000e-05,6.063313000000e-05,9.556126000000e-05
3115,62.3000000000,1506.9649354126,2.807678000000e-05,6.063313000000e-05,8.870991000000e-05
3116,62.3200000000,1507.4487122779,2.111710000000e-05,6.063313000000e-05,8.175023000000e-05
3117,62.3400000000,1507.9324891432,1.405254000000e-05,6.063313000000e-05,7.468567000000e-05
3118,62.3600000000,1508.4162660085,6.886658000000e-06,6.063313000000e-05,6.751979000000e-05
3119,62.3800000000,1508.9000428738,-3.769483000000e-07,6.063313000000e-05,6.025618000000e-05
3120,62.4000000000,1509.3838197391,-7.734612000000e-06,6.063313000000e-05,5.289852000000e-05
3121,62.4200000000,1509.8675966044,-1.518261000000e-05,6.063313000000e-05,4.545053000000e-05
3122,62.4400000000,1510.3513734697,-2.271715000000e-05,6.063313000000e-05,3.791598000000e-05
3123,62.4600000000,1510.8351503350,-3.033440000000e-05,6.063313000000e-05,3.029873000000e-05
3124,62.4800000000,1511.3189272003,-3.803048000000e-05,6.063313000000e-05,2.260265000000e-05
3125,62.5000000000,1511.8027040656,-4.580145000000e-05,6.063313000000e-05,1.483168000000e-05
3126,62.5200000000,1512.2864809309,-5.364333000000e-05,6.063313000000e-05,6.989800000000e-06
3127,62.5400000000,1512.7702577962,-6.155210000000e-05,6.063313000000e-05,-9.189717000000e-07
3128,62.5600000000,1513.2540346615,-6.952371000000e-05,6.063313000000e-05,-8.890578000000e-06
3129,62.5800000000,1513.7378115268,-7.755406000000e-05,6.063313000000e-05,-1.692093000000e-05
3130,62.6000000000,1514.2215883921,-8.563903000000e-05,6.063313000000e-05,-2.500589000000e-05
3131,62.6200000000,1514.7053652574,-9.377446000000e-05,6.063313000000e-05,-3.314133000000e-05
3132,62.6400000000,1515.1891421227,-1.019562000000e-04,6.063313000000e-05,-4.132306000000e-05
3133,62.6600000000,1515.6729189880,-1.101800000000e-04,6.063313000000e-05,-4.954688000000e-05
3134,62.6800000000,1516.1566958533,-1.184417000000e-04,6.063313000000e-05,-5.780858000000e-05
3135,62.7000000000,1516.6404727186,-1.267371000000e-04,6.063313000000e-05,-6.610394000000e-05
3136,62.7200000000,1517.1242495839,-1.350618000000e-04,6.063313000000e-05,-7.442870000000e-05
3137,62.7400000000,1517.6080264492,-1.434118000000e-04,6.063313000000e-05,-8.277862000000e-05
3138,62.7600000000,1518.0918033145,-1.517826000000e-04,6.063313000000e-05,-9.114945000000e-05
3139,62.7800000000,1518.5755801798,-1.601701000000e-04,6.063313000000e-05,-9.953693000000e-05
3140,62.8000000000,1519.0593570451,-1.685699000000e-04,6.063313000000e-05,-1.079368000000e-04
3141,62.8200000000,1519.5431339104,-1.769780000000e-04,6.063313000000e-05,-1.163448000000e-04
3142,62.8400000000,1520.0269107757,-1.853899000000e-04,6.063313000000e-05,-1.247568000000e-04
3143,62.8600000000,1520.5106876410,-1.938015000000e-04,6.063313000000e-05,-1.331684000000e-04
3144,62.8800000000,1520.9944645063,-2.022086000000e-04,6.063313000000e-05,-1.415754000000e-04
3145,62.9000000000,1521.4782413716,-2.106069000000e-04,6.063313000000e-05,-1.499738000000e-04
3146,62.9200000000,1521.9620182369,-2.189923000000e-04,6.063313000000e-05,-1.583592000000e-04
3147,62.9400000000,1522.4457951022,-2.273606000000e-04,6.063313000000e-05,-1.667275000000e-04
3148,62.9600000000,1522.9295719675,-2.357078000000e-04,6.063313000000e-05,-1.750746000000e-04
3149,62.9800000000,1523.4133488328,-2.440296000000e-04,6.063313000000e-05,-1.833964000000e-04
3150,63.0000000000,1523.8971256981,-2.523220000000e-04,6.063313000000e-05,-1.916889000000e-04
3151,63.0200000000,1524.3809025635,-2.605810000000e-04,6.063313000000e-05,-1.999479000000e-04
3152,63.0400000000,1524.8646794288,-2.688026000000e-04,6.063313000000e-05,-2.081694000000e-04
3153,63.0600000000,1525.3484562941,-2.769827000000e-04,6.063313000000e-05,-2.163496000000e-04
3154,63.0800000000,1525.8322331594,-2.851176000000e-04,6.063313000000e-05,-2.244844000000e-04
3155,63.1000000000,1526.3160100247,-2.932032000000e-04,6.063313000000e-05,-2.325701000000e-04
3156,63.1200000000,1526.7997868900,-3.012358000000e-04,6.063313000000e-05,-2.406027000000e-04
3157,63.1400000000,1527.2835637553,-3.092116000000e-04,6.063313000000e-05,-2.485784000000e-04
3158,63.1600000000,1527.7673406206,-3.171268000000e-04,6.063313000000e-05,-2.564936000000e-04
3159,63.1800000000,1528.2511174859,-3.249777000000e-04,6.063313000000e-05,-2.643445000000e-04
3160,63.2000000000,1528.7348943512,-3.327607000000e-04,6.063313000000e-05,-2.721275000000e-04
3161,63.2200000000,1529.2186712165,-3.404722000000e-04,6.063313000000e-05,-2.798390000000e-04
3162,63.2400000000,1529.7024480818,-3.481087000000e-04,6.063313000000e-05,-2.874755000000e-04
3163,63.2600000000,1530.1862249471,-3.556666000000e-04,6.063313000000e-05,-2.950335000000e-04
3164,63.2800000000,1530.6700018124,-3.631427000000e-04,6.063313000000e-05,-3.025096000000e-04
3165,63.3000000000,1531.1537786777,-3.705335000000e-04,6.063313000000e-05,-3.099004000000e-04
3166,63.3200000000,1531.6375555430,-3.778358000000e-04,6.063313000000e-05,-3.172026000000e-04
3167,63.3400000000,1532.1213324083,-3.850463000000e-04,6.063313000000e-05,-3.244131000000e-04
3168,63.3600000000,1532.6051092736,-3.921618000000e-04,6.063313000000e-05,-3.315287000000e-04
3169,63.3800000000,1533.0888861389,-3.991793000000e-04,6.063313000000e-05,-3.385461000000e-04
3170,63.4000000000,1533.5726630042,-4.060957000000e-04,6.063313000000e-05,-3.454626000000e-04
3171,63.4200000000,1534.0564398695,-4.129081000000e-04,6.063313000000e-05,-3.522749000000e-04
3172,63.4400000000,1534.5402167348,-4.196135000000e-04,6.063313000000e-05,-3.589804000000e-04
3173,63.4600000000,1535.0239936001,-4.262092000000e-04,6.063313000000e-05,-3.655761000000e-04
3174,63.4800000000,1535.5077704654,-4.326924000000e-04,6.063313000000e-05,-3.720593000000e-04
3175,63.5000000000,1535.9915473307,-4.390604000000e-04,6.063313000000e-05,-3.784272000000e-04
3176,63.5200000000,1536.4753241960,-4.453105000000e-04,6.063313000000e-05,-3.846774000000e-04
3177,63.5400000000,1536.9591010613,-4.514403000000e-04,6.063313000000e-05,-3.908072000000e-04
3178,63.5600000000,1537.4428779266,-4.574473000000e-04,6.063313000000e-05,-3.968142000000e-04
3179,63.5800000000,1537.9266547919,-4.633291000000e-04,6.063313000000e-05,-4.026960000000e-04
3180,63.6000000000,1538.4104316572,-4.690833000000e-04,6.063313000000e-05,-4.084502000000e-04
3181,63.6200000000,1538.8942085225,-4.747078000000e-04,6.063313000000e-05,-4.140746000000e-04
3182,63.6400000000,1539.3779853878,-4.802002000000e-04,6.063313000000e-05,-4.195671000000e-04
3183,63.6600000000,1539.8617622531,-4.855587000000e-04,6.063313000000e-05,-4.249255000000e-04
3184,63.6800000000,1540.3455391184,-4.907810000000e-04,6.063313000000e-05,-4.301479000000e-04
3185,63.7000000000,1540.8293159837,-4.958653000000e-04,6.063313000000e-05,-4.352322000000e-04
3186,63.7200000000,1541.3130928490,-5.008098000000e-04,6.063313000000e-05,-4.401766000000e-04
3187,63.7400000000,1541.7968697143,-5.056125000000e-04,6.063313000000e-05,-4.449794000000e-04
3188,63.7600000000,1542.2806465796,-5.102718000000e-04,6.063313000000e-05,-4.496387000000e-04
3189,63.7800000000,1542.7644234449,-5.147861000000e-04,6.063313000000e-05,-4.541530000000e-04
3190,63.8000000000,1543.2482003102,-5.191538000000e-04,6.063313000000e-05,-4.585207000000e-04
3191,63.8200000000,1543.7319771755,-5.233734000000e-04,6.063313000000e-05,-4.627403000000e-04
3192,63.8400000000,1544.2157540408,-5.274436000000e-04,6.063313000000e-05,-4.668104000000e-04
3193,63.8600000000,1544.6995309061,-5.313629000000e-04,6.063313000000e-05,-4.707297000000e-04
3194,63.8800000000,1545.1833077714,-5.351301000000e-04,6.063313000000e-05,-4.744970000000e-04
3195,63.9000000000,1545.6670846367,-5.387441000000e-04,6.063313000000e-05,-4.781109000000e-04
3196,63.9200000000,1546.1508615020,-5.422037000000e-04,6.063313000000e-05,-4.815706000000e-04
3197,63.9400000000,1546.6346383673,-5.455080000000e-04,6.063313000000e-05,-4.848748000000e-04
3198,63.9600000000,1547.1184152326,-5.486560000000e-04,6.063313000000e-05,-4.880228000000e-04
3199,63.9800000000,1547.6021920979,-5.516468000000e-04,6.063313000000e-05,-4.910137000000e-04
3200,64.0000000000,1548.0859689632,-5.544797000000e-04,6.063313000000e-05,-4.938465000000e-04
3201,64.0200000000,1548.5697458285,-5.571539000000e-04,6.063313000000e-05,-4.965208000000e-04
3202,64.0400000000,1549.0535226938,-5.596689000000e-04,6.063313000000e-05,-4.990358000000e-04
3203,64.0600000000,1549.5372995591,-5.620241000000e-04,6.063313000000e-05,-5.013910000000e-04
3204,64.0800000000,1550.0210764244,-5.642190000000e-04,6.063313000000e-05,-5.035859000000e-04
3205,64.1000000000,1550.5048532897,-5.662532000000e-04,6.063313000000e-05,-5.056201000000e-04
3206,64.1200000000,1550.9886301550,-5.681265000000e-04,6.063313000000e-05,-5.074934000000e-04
3207,64.1400000000,1551.4724070203,-5.698385000000e-04,6.063313000000e-05,-5.092054000000e-04
3208,64.1600000000,1551.9561838856,-5.713892000000e-04,6.063313000000e-05,-5.107561000000e-04
3209,64.1800000000,1552.4399607509,-5.727785000000e-04,6.063313000000e-05,-5.121453000000e-04
3210,64.2000000000,1552.9237376162,-5.740063000000e-04,6.063313000000e-05,-5.133731000000e-04
3211,64.2200000000,1553.4075144815,-5.750727000000e-04,6.063313000000e-05,-5.144396000000e-04
3212,64.2400000000,1553.8912913468,-5.759780000000e-04,6.063313000000e-05,-5.153448000000e-04
3213,64.2600000000,1554.3750682121,-5.767223000000e-04,6.063313000000e-05,-5.160891000000e-04
3214,64.2800000000,1554.8588450774,-5.773059000000e-04,6.063313000000e-05,-5.166728000000e-04
3215,64.3000000000,1555.3426219427,-5.777293000000e-04,6.063313000000e-05,-5.170961000000e-04
3216,64.3200000000,1555.8263988080,-5.779929000000e-04,6.063313000000e-05,-5.173597000000e-04
3217,64.3400000000,1556.3101756733,-5.780972000000e-04,6.063313000000e-05,-5.174641000000e-04
3218,64.3600000000,1556.7939525386,-5.780429000000e-04,6.063313000000e-05,-5.174098000000e-04
3219,64.3800000000,1557.2777294039,-5.778306000000e-04,6.063313000000e-05,-5.171975000000e-04
3220,64.4000000000,1557.7615062692,-5.774612000000e-04,6.063313000000e-05,-5.168281000000e-04
3221,64.4200000000,1558.2452831345,-5.769355000000e-04,6.063313000000e-05,-5.163023000000e-04
3222,64.4400000000,1558.7290599998,-5.762543000000e-04,6.063313000000e-05,-5.156212000000e-04
3223,64.4600000000,1559.2128368651,-5.754188000000e-04,6.063313000000e-05,-5.147856000000e-04
3224,64.4800000000,1559.6966137304,-5.744298000000e-04,6.063313000000e-05,-5.137967000000e-04
3225,64.5000000000,1560.1803905957,-5.732887000000e-04,6.063313000000e-05,-5.126556000000e-04
3226,64.5200000000,1560.6641674610,-5.719965000000e-04,6.063313000000e-05,-5.113634000000e-04
3227,64.5400000000,1561.1479443263,-5.705547000000e-04,6.063313000000e-05,-5.099215000000e-04
3228,64.5600000000,1561.6317211916,-5.689644000000e-04,6.063313000000e-05,-5.083313000000e-04
3229,64.5800000000,1562.1154980569,-5.672272000000e-04,6.063313000000e-05,-5.065941000000e-04
3230,64.6000000000,1562.5992749222,-5.653445000000e-04,6.063313000000e-05,-5.047114000000e-04
3231,64.6200000000,1563.0830517875,-5.633179000000e-04,6.063313000000e-05,-5.026848000000e-04
3232,64.6400000000,1563.5668286528,-5.611490000000e-04,6.063313000000e-05,-5.005159000000e-04
3233,64.6600000000,1564.0506055181,-5.588395000000e-04,6.063313000000e-05,-4.982063000000e-04
3234,64.6800000000,1564.5343823834,-5.563911000000e-04,6.063313000000e-05,-4.957579000000e-04
3235,64.7000000000,1565.0181592487,-5.538056000000e-04,6.063313000000e-05,-4.931725000000e-04
3236,64.7200000000,1565.5019361140,-5.510850000000e-04,6.063313000000e-05,-4.904519000000e-04
3237,64.7400000000,1565.9857129793,-5.482311000000e-04,6.063313000000e-05,-4.875980000000e-04
3238,64.7600000000,1566.4694898446,-5.452460000000e-04,6.063313000000e-05,-4.846129000000e-04
3239,64.7800000000,1566.9532667099,-5.421317000000e-04,6.063313000000e-05,-4.814985000000e-04
3240,64.8000000000,1567.4370435752,-5.388902000000e-04,6.063313000000e-05,-4.782571000000e-04
3241,64.8200000000,1567.9208204405,-5.355239000000e-04,6.063313000000e-05,-4.748907000000e-04
3242,64.8400000000,1568.4045973058,-5.320348000000e-04,6.063313000000e-05,-4.714017000000e-04
3243,64.8600000000,1568.8883741711,-5.284253000000e-04,6.063313000000e-05,-4.677921000000e-04
3244,64.8800000000,1569.3721510364,-5.246976000000e-04,6.063313000000e-05,-4.640645000000e-04
3245,64.9000000000,1569.8559279017,-5.208542000000e-04,6.063313000000e-05,-4.602211000000e-04
3246,64.9200000000,1570.3397047670,-5.168974000000e-04,6.063313000000e-05,-4.562643000000e-04
3247,64.9400000000,1570.8234816323,-5.128297000000e-04,6.063313000000e-05,-4.521966000000e-04
3248,64.9600000000,1571.3072584976,-5.086536000000e-04,6.063313000000e-05,-4.480205000000e-04
3249,64.9800000000,1571.7910353629,-5.043717000000e-04,6.063313000000e-05,-4.437385000000e-04
3250,65.0000000000,1572.2748122283,-4.999864000000e-04,6.063313000000e-05,-4.393533000000e-04
3251,65.0200000000,1572.7585890936,-4.955005000000e-04,6.063313000000e-05,-4.348674000000e-04
3252,65.0400000000,1573.2423659589,-4.909166000000e-04,6.063313000000e-05,-4.302835000000e-04
3253,65.0600000000,1573.7261428242,-4.862374000000e-04,6.063313000000e-05,-4.256043000000e-04
3254,65.0800000000,1574.2099196895,-4.814656000000e-04,6.063313000000e-05,-4.208324000000e-04
3255,65.1000000000,1574.6936965548,-4.766039000000e-04,6.063313000000e-05,-4.159707000000e-04
3256,65.1200000000,1575.1774734201,-4.716551000000e-04,6.063313000000e-05,-4.110220000000e-04
3257,65.1400000000,1575.6612502854,-4.666220000000e-04,6.063313000000e-05,-4.059889000000e-04
3258,65.1600000000,1576.1450271507,-4.615075000000e-04,6.063313000000e-05,-4.008744000000e-04
3259,65.1800000000,1576.6288040160,-4.563144000000e-04,6.063313000000e-05,-3.956812000000e-04
3260,65.2000000000,1577.1125808813,-4.510455000000e-04,6.063313000000e-05,-3.904124000000e-04
3261,65.2200000000,1577.5963577466,-4.457037000000e-04,6.063313000000e-05,-3.850706000000e-04
3262,65.2400000000,1578.0801346119,-4.402920000000e-04,6.063313000000e-05,-3.796589000000e-04
3263,65.2600000000,1578.5639114772,-4.348132000000e-04,6.063313000000e-05,-3.741801000000e-04
3264,65.2800000000,1579.0476883425,-4.292703000000e-04,6.063313000000e-05,-3.686372000000e-04
3265,65.3000000000,1579.5314652078,-4.236662000000e-04,6.063313000000e-05,-3.630330000000e-04
3266,65.3200000000,1580.0152420731,-4.180037000000e-04,6.063313000000e-05,-3.573706000000e-04
3267,65.3400000000,1580.4990189384,-4.122860000000e-04,6.063313000000e-05,-3.516528000000e-04
3268,65.3600000000,1580.9827958037,-4.065158000000e-04,6.063313000000e-05,-3.458827000000e-04
3269,65.3800000000,1581.4665726690,-4.006962000000e-04,6.063313000000e-05,-3.400631000000e-04
3270,65.4000000000,1581.9503495343,-3.948301000000e-04,6.063313000000e-05,-3.341970000000e-04
3271,65.4200000000,1582.4341263996,-3.889205000000e-04,6.063313000000e-05,-3.282873000000e-04
3272,65.4400000000,1582.9179032649,-3.829702000000e-04,6.063313000000e-05,-3.223370000000e-04
3273,65.4600000000,1583.4016801302,-3.769822000000e-04,6.063313000000e-05,-3.163490000000e-04
3274,65.4800000000,1583.8854569955,-3.709594000000e-04,6.063313000000e-05,-3.103262000000e-04
3275,65.5000000000,1584.3692338608,-3.649047000000e-04,6.063313000000e-05,-3.042716000000e-04
3276,65.5200000000,1584.8530107261,-3.588210000000e-04,6.063313000000e-05,-2.981879000000e-04
3277,65.5400000000,1585.3367875914,-3.527113000000e-04,6.063313000000e-05,-2.920781000000e-04
3278,65.5600000000,1585.8205644567,-3.465782000000e-04,6.063313000000e-05,-2.859451000000e-04
3279,65.5800000000,1586.3043413220,-3.404248000000e-04,6.063313000000e-05,-2.797917000000e-04
3280,65.6000000000,1586.7881181873,-3.342539000000e-04,6.063313000000e-05,-2.736207000000e-04
3281,65.6200000000,1587.2718950526,-3.280681000000e-04,6.063313000000e-05,-2.674350000000e-04
3282,65.6400000000,1587.7556719179,-3.218704000000e-04,6.063313000000e-05,-2.612373000000e-04
3283,65.6600000000,1588.2394487832,-3.156635000000e-04,6.063313000000e-05,-2.550303000000e-04
3284,65.6800000000,1588.7232256485,-3.094500000000e-04,6.063313000000e-05,-2.488169000000e-04
3285,65.7000000000,1589.2070025138,-3.032328000000e-04,6.063313000000e-05,-2.425997000000e-04
3286,65.7200000000,1589.6907793791,-2.970145000000e-04,6.063313000000e-05,-2.363813000000e-04
3287,65.7400000000,1590.1745562444,-2.907977000000e-04,6.063313000000e-05,-2.301646000000e-04
3288,65.7600000000,1590.6583331097,-2.845851000000e-04,6.063313000000e-05,-2.239520000000e-04
3289,65.7800000000,1591.1421099750,-2.783792000000e-04,6.063313000000e-05,-2.177461000000e-04
3290,65.8000000000,1591.6258868403,-2.721827000000e-04,6.063313000000e-05,-2.115496000000e-04
3291,65.8200000000,1592.1096637056,-2.659980000000e-04,6.063313000000e-05,-2.053648000000e-04
3292,65.8400000000,1592.5934405709,-2.598275000000e-04,6.063313000000e-05,-1.991944000000e-04
3293,65.8600000000,1593.0772174362,-2.536739000000e-04,6.063313000000e-05,-1.930408000000e-04
3294,65.8800000000,1593.5609943015,-2.475394000000e-04,6.063313000000e-05,-1.869063000000e-04
3295,65.9000000000,1594.0447711668,-2.414265000000e-04,6.063313000000e-05,-1.807934000000e-04
3296,65.9200000000,1594.5285480321,-2.353375000000e-04,6.063313000000e-05,-1.747043000000e-04
3297,65.9400000000,1595.0123248974,-2.292746000000e-04,6.063313000000e-05,-1.686415000000e-04
3298,65.9600000000,1595.4961017627,-2.232403000000e-04,6.063313000000e-05,-1.626071000000e-04
3299,65.9800000000,1595.9798786280,-2.172366000000e-04,6.063313000000e-05,-1.566034000000e-04
3300,66.0000000000,1596.4636554933,-2.112657000000e-04,6.063313000000e-05,-1.506326000000e-04
3301,66.0200000000,1596.9474323586,-2.053299000000e-04,6.063313000000e-05,-1.446968000000e-04
3302,66.0400000000,1597.4312092239,-1.994311000000e-04,6.063313000000e-05,-1.387980000000e-04
3303,66.0600000000,1597.9149860892,-1.935716000000e-04,6.063313000000e-05,-1.329384000000e-04
3304,66.0800000000,1598.3987629545,-1.877532000000e-04,6.063313000000e-05,-1.271200000000e-04
3305,66.1000000000,1598.8825398198,-1.819779000000e-04,6.063313000000e-05,-1.213448000000e-04
3306,66.1200000000,1599.3663166851,-1.762478000000e-04,6.063313000000e-05,-1.156147000000e-04
3307,66.1400000000,1599.8500935504,-1.705646000000e-04,6.063313000000e-05,-1.099315000000e-04
3308,66.1600000000,1600.3338704157,-1.649303000000e-04,6.063313000000e-05,-1.042972000000e-04
3309,66.1800000000,1600.8176472810,-1.593466000000e-04,6.063313000000e-05,-9.871351000000e-05
3310,66.2000000000,1601.3014241463,-1.538154000000e-04,6.063313000000e-05,-9.318226000000e-05
3311,66.2200000000,1601.7852010116,-1.483383000000e-04,6.063313000000e-05,-8.770516000000e-05
3312,66.2400000000,1602.2689778769,-1.429170000000e-04,6.063313000000e-05,-8.228390000000e-05
3313,66.2600000000,1602.7527547422,-1.375533000000e-04,6.063313000000e-05,-7.692012000000e-05
3314,66.2800000000,1603.2365316075,-1.322486000000e-04,6.063313000000e-05,-7.161543000000e-05
3315,66.3000000000,1603.7203084728,-1.270045000000e-04,6.063313000000e-05,-6.637140000000e-05
3316,66.3200000000,1604.2040853381,-1.218227000000e-04,6.063313000000e-05,-6.118955000000e-05
3317,66.3400000000,1604.6878622034,-1.167045000000e-04,6.063313000000e-05,-5.607136000000e-05
3318,66.3600000000,1605.1716390687,-1.116514000000e-04,6.063313000000e-05,-5.101829000000e-05
3319,66.3800000000,1605.6554159340,-1.066649000000e-04,6.063313000000e-05,-4.603175000000e-05
3320,66.4000000000,1606.1391927993,-1.017462000000e-04,6.063313000000e-05,-4.111311000000e-05
3321,66.4200000000,1606.6229696646,-9.689683000000e-05,6.063313000000e-05,-3.626370000000e-05
3322,66.4400000000,1607.1067465299,-9.211794000000e-05,6.063313000000e-05,-3.148481000000e-05
3323,66.4600000000,1607.5905233952,-8.741084000000e-05,6.063313000000e-05,-2.677771000000e-05
3324,66.4800000000,1608.0743002605,-8.277676000000e-05,6.063313000000e-05,-2.214363000000e-05
3325,66.5000000000,1608.5580771258,-7.821688000000e-05,6.063313000000e-05,-1.758374000000e-05
3326,66.5200000000,1609.0418539911,-7.373235000000e-05,6.063313000000e-05,-1.309922000000e-05
3327,66.5400000000,1609.5256308564,-6.932430000000e-05,6.063313000000e-05,-8.691173000000e-06
3328,66.5600000000,1610.0094077217,-6.499383000000e-05,6.063313000000e-05,-4.360693000000e-06
3329,66.5800000000,1610.4931845870,-6.074197000000e-05,6.063313000000e-05,-1.088362000000e-07
3330,66.6000000000,1610.9769614523,-5.656976000000e-05,6.063313000000e-05,4.063375000000e-06
3331,66.6200000000,1611.4607383176,-5.247818000000e-05,6.063313000000e-05,8.154948000000e-06
3332,66.6400000000,1611.9445151829,-4.846821000000e-05,6.063313000000e-05,1.216492000000e-05
3333,66.6600000000,1612.4282920482,-4.454077000000e-05,6.063313000000e-05,1.609236000000e-05
3334,66.6800000000,1612.9120689135,-4.069676000000e-05,6.063313000000e-05,1.993637000000e-05
3335,66.7000000000,1613.3958457788,-3.693707000000e-05,6.063313000000e-05,2.369606000000e-05
3336,66.7200000000,1613.8796226441,-3.326253000000e-05,6.063313000000e-05,2.737061000000e-05
3337,66.7400000000,1614.3633995094,-2.967396000000e-05,6.063313000000e-05,3.095917000000e-05
3338,66.7600000000,1614.8471763747,-2.617216000000e-05,6.063313000000e-05,3.446097000000e-05
3339,66.7800000000,1615.3309532400,-2.275790000000e-05,6.063313000000e-05,3.787523000000e-05
3340,66.8000000000,1615.8147301053,-1.943191000000e-05,6.063313000000e-05,4.120122000000e-05
3341,66.8200000000,1616.2985069706,-1.619491000000e-05,6.063313000000e-05,4.443822000000e-05
3342,66.8400000000,1616.7822838359,-1.304760000000e-05,6.063313000000e-05,4.758553000000e-05
3343,66.8600000000,1617.2660607012,-9.990638000000e-06,6.063313000000e-05,5.064249000000e-05
3344,66.8800000000,1617.7498375665,-7.024675000000e-06,6.063313000000e-05,5.360846000000e-05
3345,66.9000000000,1618.2336144318,-4.150332000000e-06,6.063313000000e-05,5.648280000000e-05
3346,66.9200000000,1618.7173912971,-1.368209000000e-06,6.063313000000e-05,5.926492000000e-05
3347,66.9400000000,1619.2011681624,1.321117000000e-06,6.063313000000e-05,6.195425000000e-05
3348,66.9600000000,1619.6849450277,3.917088000000e-06,6.063313000000e-05,6.455022000000e-05
3349,66.9800000000,1620.1687218930,6.419169000000e-06,6.063313000000e-05,6.705230000000e-05
3350,67.0000000000,1620.6524987584,8.826847000000e-06,6.063313000000e-05,6.945998000000e-05
3351,67.0200000000,1621.1362756237,1.113963000000e-05,6.063313000000e-05,7.177276000000e-05
3352,67.0400000000,1621.6200524890,1.335704000000e-05,6.063313000000e-05,7.399017000000e-05
3353,67.0600000000,1622.1038293543,1.547863000000e-05,6.063313000000e-05,7.611176000000e-05
3354,67.0800000000,1622.5876062196,1.750396000000e-05,6.063313000000e-05,7.813709000000e-05
3355,67.1000000000,1623.0713830849,1.943263000000e-05,6.063313000000e-05,8.006576000000e-05
3356,67.1200000000,1623.5551599502,2.126424000000e-05,6.063313000000e-05,8.189737000000e-05
3357,67.1400000000,1624.0389368155,2.299842000000e-05,6.063313000000e-05,8.363155000000e-05
3358,67.1600000000,1624.5227136808,2.463482000000e-05,6.063313000000e-05,8.526795000000e-05
3359,67.1800000000,1625.0064905461,2.617311000000e-05,6.063313000000e-05,8.680624000000e-05
3360,67.2000000000,1625.4902674114,2.761298000000e-05,6.063313000000e-05,8.824611000000e-05
3361,67.2200000000,1625.9740442767,2.895413000000e-05,6.063313000000e-05,8.958727000000e-05
3362,67.2400000000,1626.4578211420,3.019631000000e-05,6.063313000000e-05,9.082945000000e-05
3363,67.2600000000,1626.9415980073,3.133927000000e-05,6.063313000000e-05,9.197240000000e-05
3364,67.2800000000,1627.4253748726,3.238278000000e-05,6.063313000000e-05,9.301591000000e-05
3365,67.3000000000,1627.9091517379,3.332663000000e-05,6.063313000000e-05,9.395976000000e-05
3366,67.3200000000,1628.3929286032,3.417066000000e-05,6.063313000000e-05,9.480379000000e-05
3367,67.3400000000,1628.8767054685,3.491470000000e-05,6.063313000000e-05,9.554783000000e-05
3368,67.3600000000,1629.3604823338,3.555862000000e-05,6.063313000000e-05,9.619175000000e-05
3369,67.3800000000,1629.8442591991,3.610232000000e-05,6.063313000000e-05,9.673545000000e-05
3370,67.4000000000,1630.3280360644,3.654571000000e-05,6.063313000000e-05,9.717884000000e-05
3371,67.4200000000,1630.8118129297,3.688874000000e-05,6.063313000000e-05,9.752187000000e-05
3372,67.4400000000,1631.2955897950,3.713137000000e-05,6.063313000000e-05,9.776450000000e-05
3373,67.4600000000,1631.7793666603,3.727361000000e-05,6.063313000000e-05,9.790674000000e-05
3374,67.4800000000,1632.2631435256,3.731548000000e-05,6.063313000000e-05,9.794861000000e-05
3375,67.5000000000,1632.7469203909,3.725703000000e-05,6.063313000000e-05,9.789017000000e-05
3376,67.5200000000,1633.2306972562,3.709836000000e-05,6.063313000000e-05,9.773150000000e-05
3377,67.5400000000,1633.7144741215,3.683958000000e-05,6.063313000000e-05,9.747272000000e-05
3378,67.5600000000,1634.1982509868,3.648084000000e-05,6.063313000000e-05,9.711397000000e-05
3379,67.5800000000,1634.6820278521,3.602232000000e-05,6.063313000000e-05,9.665545000000e-05
3380,67.6000000000,1635.1658047174,3.546424000000e-05,6.063313000000e-05,9.609737000000e-05
3381,67.6200000000,1635.6495815827,3.480684000000e-05,6.063313000000e-05,9.543998000000e-05
3382,67.6400000000,1636.1333584480,3.405043000000e-05,6.063313000000e-05,9.468356000000e-05
3383,67.6600000000,1636.6171353133,3.319531000000e-05,6.063313000000e-05,9.382844000000e-05
3384,67.6800000000,1637.1009121786,3.224185000000e-05,6.063313000000e-05,9.287499000000e-05
3385,67.7000000000,1637.5846890439,3.119046000000e-05,6.063313000000e-05,9.182360000000e-05
3386,67.7200000000,1638.0684659092,3.004158000000e-05,6.063313000000e-05,9.067472000000e-05
3387,67.7400000000,1638.5522427745,2.879570000000e-05,6.063313000000e-05,8.942883000000e-05
3388,67.7600000000,1639.0360196398,2.745333000000e-05,6.063313000000e-05,8.808646000000e-05
3389,67.7800000000,1639.5197965051,2.601505000000e-05,6.063313000000e-05,8.664819000000e-05
3390,67.8000000000,1640.0035733704,2.448148000000e-05,6.063313000000e-05,8.511461000000e-05
3391,67.8200000000,1640.4873502357,2.285328000000e-05,6.063313000000e-05,8.348641000000e-05
3392,67.8400000000,1640.9711271010,2.113115000000e-05,6.063313000000e-05,8.176428000000e-05
3393,67.8600000000,1641.4549039663,1.931585000000e-05,6.063313000000e-05,7.994898000000e-05
3394,67.8800000000,1641.9386808316,1.740819000000e-05,6.063313000000e-05,7.804132000000e-05
3395,67.9000000000,1642.4224576969,1.540902000000e-05,6.063313000000e-05,7.604215000000e-05
3396,67.9200000000,1642.9062345622,1.331924000000e-05,6.063313000000e-05,7.395237000000e-05
3397,67.9400000000,1643.3900114275,1.113981000000e-05,6.063313000000e-05,7.177294000000e-05
3398,67.9600000000,1643.8737882928,8.871740000000e-06,6.063313000000e-05,6.950487000000e-05
3399,67.9800000000,1644.3575651581,6.516090000000e-06,6.063313000000e-05,6.714922000000e-05
3400,68.0000000000,1644.8413420234,4.073974000000e-06,6.063313000000e-05,6.470711000000e-05
3401,68.0200000000,1645.3251188887,1.546561000000e-06,6.063313000000e-05,6.217969000000e-05
3402,68.0400000000,1645.8088957540,-1.064923000000e-06,6.063313000000e-05,5.956821000000e-05
3403,68.0600000000,1646.2926726193,-3.759202000000e-06,6.063313000000e-05,5.687393000000e-05
3404,68.0800000000,1646.7764494846,-6.534938000000e-06,6.063313000000e-05,5.409819000000e-05
3405,68.1000000000,1647.2602263499,-9.390741000000e-06,6.063313000000e-05,5.124239000000e-05
3406,68.1200000000,1647.7440032152,-1.232516000000e-05,6.063313000000e-05,4.830797000000e-05
3407,68.1400000000,1648.2277800805,-1.533670000000e-05,6.063313000000e-05,4.529643000000e-05
3408,68.1600000000,1648.7115569458,-1.842379000000e-05,6.063313000000e-05,4.220934000000e-05
3409,68.1800000000,1649.1953338111,-2.158482000000e-05,6.063313000000e-05,3.904831000000e-05
3410,68.2000000000,1649.6791106764,-2.481810000000e-05,6.063313000000e-05,3.581503000000e-05
3411,68.2200000000,1650.1628875417,-2.812192000000e-05,6.063313000000e-05,3.251121000000e-05
3412,68.2400000000,1650.6466644070,-3.149447000000e-05,6.063313000000e-05,2.913866000000e-05
3413,68.2600000000,1651.1304412723,-3.493392000000e-05,6.063313000000e-05,2.569921000000e-05
3414,68.2800000000,1651.6142181376,-3.843837000000e-05,6.063313000000e-05,2.219477000000e-05
3415,68.3000000000,1652.0979950029,-4.200585000000e-05,6.063313000000e-05,1.862729000000e-05
3416,68.3200000000,1652.5817718682,-4.563435000000e-05,6.063313000000e-05,1.499878000000e-05
3417,68.3400000000,1653.0655487335,-4.932182000000e-05,6.063313000000e-05,1.131131000000e-05
3418,68.3600000000,1653.5493255988,-5.306613000000e-05,6.063313000000e-05,7.567002000000e-06
3419,68.3800000000,1654.0331024641,-5.686511000000e-05,6.063313000000e-05,3.768024000000e-06
3420,68.4000000000,1654.5168793294,-6.071653000000e-05,6.063313000000e-05,-8.339944000000e-08
3421,68.4200000000,1655.0006561947,-6.461813000000e-05,6.063313000000e-05,-3.984993000000e-06
3422,68.4400000000,1655.4844330600,-6.856756000000e-05,6.063313000000e-05,-7.934432000000e-06
3423,68.4600000000,1655.9682099253,-7.256248000000e-05,6.063313000000e-05,-1.192934000000e-05
3424,68.4800000000,1656.4519867906,-7.660044000000e-05,6.063313000000e-05,-1.596731000000e-05
3425,68.5000000000,1656.9357636559,-8.067899000000e-05,6.063313000000e-05,-2.004585000000e-05
3426,68.5200000000,1657.4195405212,-8.479561000000e-05,6.063313000000e-05,-2.416247000000e-05
3427,68.5400000000,1657.9033173865,-8.894775000000e-05,6.063313000000e-05,-2.831462000000e-05
3428,68.5600000000,1658.3870942518,-9.313281000000e-05,6.063313000000e-05,-3.249968000000e-05
3429,68.5800000000,1658.8708711171,-9.734816000000e-05,6.063313000000e-05,-3.671503000000e-05
3430,68.6000000000,1659.3546479824,-1.015911000000e-04,6.063313000000e-05,-4.095800000000e-05
3431,68.6200000000,1659.8384248477,-1.058590000000e-04,6.063313000000e-05,-4.522587000000e-05
3432,68.6400000000,1660.3222017130,-1.101490000000e-04,6.063313000000e-05,-4.951590000000e-05
3433,68.6600000000,1660.8059785783,-1.144584000000e-04,6.063313000000e-05,-5.382532000000e-05
3434,68.6800000000,1661.2897554436,-1.187844000000e-04,6.063313000000e-05,-5.815131000000e-05
3435,68.7000000000,1661.7735323089,-1.231242000000e-04,6.063313000000e-05,-6.249104000000e-05
3436,68.7200000000,1662.2573091742,-1.274748000000e-04,6.063313000000e-05,-6.684165000000e-05
3437,68.7400000000,1662.7410860395,-1.318334000000e-04,6.063313000000e-05,-7.120025000000e-05
3438,68.7600000000,1663.2248629048,-1.361971000000e-04,6.063313000000e-05,-7.556394000000e-05
3439,68.7800000000,1663.7086397701,-1.405629000000e-04,6.063313000000e-05,-7.992978000000e-05
3440,68.8000000000,1664.1924166354,-1.449280000000e-04,6.063313000000e-05,-8.429483000000e-05
3441,68.8200000000,1664.6761935007,-1.492893000000e-04,6.063313000000e-05,-8.865614000000e-05
3442,68.8400000000,1665.1599703660,-1.536438000000e-04,6.063313000000e-05,-9.301072000000e-05
3443,68.8600000000,1665.6437472313,-1.579887000000e-04,6.063313000000e-05,-9.735559000000e-05
3444,68.8800000000,1666.1275240966,-1.623209000000e-04,6.063313000000e-05,-1.016878000000e-04
3445,68.9000000000,1666.6113009619,-1.666374000000e-04,6.063313000000e-05,-1.060042000000e-04
3446,68.9200000000,1667.0950778272,-1.709352000000e-04,6.063313000000e-05,-1.103020000000e-04
3447,68.9400000000,1667.5788546925,-1.752112000000e-04,6.063313000000e-05,-1.145781000000e-04
3448,68.9600000000,1668.0626315578,-1.794626000000e-04,6.063313000000e-05,-1.188295000000e-04
3449,68.9800000000,1668.5464084231,-1.836863000000e-04,6.063313000000e-05,-1.230531000000e-04
3450,69.0000000000,1669.0301852884,-1.878792000000e-04,6.063313000000e-05,-1.272461000000e-04
3451,69.0200000000,1669.5139621538,-1.920385000000e-04,6.063313000000e-05,-1.314054000000e-04
3452,69.0400000000,1669.9977390191,-1.961612000000e-04,6.063313000000e-05,-1.355281000000e-04
3453,69.0600000000,1670.4815158844,-2.002442000000e-04,6.063313000000e-05,-1.396111000000e-04
3454,69.0800000000,1670.9652927497,-2.042847000000e-04,6.063313000000e-05,-1.436516000000e-04
3455,69.1000000000,1671.4490696150,-2.082797000000e-04,6.063313000000e-05,-1.476466000000e-04
3456,69.1200000000,1671.9328464803,-2.122263000000e-04,6.063313000000e-05,-1.515932000000e-04
3457,69.1400000000,1672.4166233456,-2.161216000000e-04,6.063313000000e-05,-1.554885000000e-04
3458,69.1600000000,1672.9004002109,-2.199628000000e-04,6.063313000000e-05,-1.593297000000e-04
3459,69.1800000000,1673.3841770762,-2.237470000000e-04,6.063313000000e-05,-1.631139000000e-04
3460,69.2000000000,1673.8679539415,-2.274714000000e-04,6.063313000000e-05,-1.668383000000e-04
3461,69.2200000000,1674.3517308068,-2.311332000000e-04,6.063313000000e-05,-1.705001000000e-04
3462,69.2400000000,1674.8355076721,-2.347297000000e-04,6.063313000000e-05,-1.740966000000e-04
3463,69.2600000000,1675.3192845374,-2.382582000000e-04,6.063313000000e-05,-1.776251000000e-04
3464,69.2800000000,1675.8030614027,-2.417160000000e-04,6.063313000000e-05,-1.810828000000e-04
3465,69.3000000000,1676.2868382680,-2.451004000000e-04,6.063313000000e-05,-1.844672000000e-04
3466,69.3200000000,1676.7706151333,-2.484088000000e-04,6.063313000000e-05,-1.877757000000e-04
3467,69.3400000000,1677.2543919986,-2.516387000000e-04,6.063313000000e-05,-1.910056000000e-04
3468,69.3600000000,1677.7381688639,-2.547876000000e-04,6.063313000000e-05,-1.941545000000e-04
3469,69.3800000000,1678.2219457292,-2.578529000000e-04,6.063313000000e-05,-1.972198000000e-04
3470,69.4000000000,1678.7057225945,-2.608323000000e-04,6.063313000000e-05,-2.001992000000e-04
3471,69.4200000000,1679.1894994598,-2.637234000000e-04,6.063313000000e-05,-2.030902000000e-04
3472,69.4400000000,1679.6732763251,-2.665237000000e-04,6.063313000000e-05,-2.058906000000e-04
3473,69.4600000000,1680.1570531904,-2.692311000000e-04,6.063313000000e-05,-2.085979000000e-04
3474,69.4800000000,1680.6408300557,-2.718432000000e-04,6.063313000000e-05,-2.112101000000e-04
3475,69.5000000000,1681.1246069210,-2.743579000000e-04,6.063313000000e-05,-2.137248000000e-04
3476,69.5200000000,1681.6083837863,-2.767731000000e-04,6.063313000000e-05,-2.161400000000e-04
3477,69.5400000000,1682.0921606516,-2.790866000000e-04,6.063313000000e-05,-2.184535000000e-04
3478,69.5600000000,1682.5759375169,-2.812965000000e-04,6.063313000000e-05,-2.206634000000e-04
3479,69.5800000000,1683.0597143822,-2.834007000000e-04,6.063313000000e-05,-2.227676000000e-04
3480,69.6000000000,1683.5434912475,-2.853974000000e-04,6.063313000000e-05,-2.247643000000e-04
3481,69.6200000000,1684.0272681128,-2.872846000000e-04,6.063313000000e-05,-2.266515000000e-04
3482,69.6400000000,1684.5110449781,-2.890606000000e-04,6.063313000000e-05,-2.284275000000e-04
3483,69.6600000000,1684.9948218434,-2.907236000000e-04,6.063313000000e-05,-2.300905000000e-04
3484,69.6800000000,1685.4785987087,-2.922720000000e-04,6.063313000000e-05,-2.316389000000e-04
3485,69.7000000000,1685.9623755740,-2.937040000000e-04,6.063313000000e-05,-2.330709000000e-04
3486,69.7200000000,1686.4461524393,-2.950182000000e-04,6.063313000000e-05,-2.343850000000e-04
3487,69.7400000000,1686.9299293046,-2.962130000000e-04,6.063313000000e-05,-2.355798000000e-04
3488,69.7600000000,1687.4137061699,-2.972869000000e-04,6.063313000000e-05,-2.366538000000e-04
3489,69.7800000000,1687.8974830352,-2.982386000000e-04,6.063313000000e-05,-2.376055000000e-04
3490,69.8000000000,1688.3812599005,-2.990668000000e-04,6.063313000000e-05,-2.384337000000e-04
3491,69.8200000000,1688.8650367658,-2.997702000000e-04,6.063313000000e-05,-2.391370000000e-04
3492,69.8400000000,1689.3488136311,-3.003475000000e-04,6.063313000000e-05,-2.397144000000e-04
3493,69.8600000000,1689.8325904964,-3.007978000000e-04,6.063313000000e-05,-2.401646000000e-04
3494,69.8800000000,1690.3163673617,-3.011198000000e-04,6.063313000000e-05,-2.404866000000e-04
3495,69.9000000000,1690.8001442270,-3.013126000000e-04,6.063313000000e-05,-2.406794000000e-04
3496,69.9200000000,1691.2839210923,-3.013752000000e-04,6.063313000000e-05,-2.407420000000e-04
3497,69.9400000000,1691.7676979576,-3.013068000000e-04,6.063313000000e-05,-2.406736000000e-04
3498,69.9600000000,1692.2514748229,-3.011065000000e-04,6.063313000000e-05,-2.404733000000e-04
3499,69.9800000000,1692.7352516882,-3.007736000000e-04,6.063313000000e-05,-2.401405000000e-04
3500,70.0000000000,1693.2190285535,-3.003074000000e-04,6.063313000000e-05,-2.396743000000e-04
3501,70.0200000000,1693.7028054188,-2.997074000000e-04,6.063313000000e-05,-2.390742000000e-04
3502,70.0400000000,1694.1865822841,-2.989729000000e-04,6.063313000000e-05,-2.383397000000e-04
3503,70.0600000000,1694.6703591494,-2.981034000000e-04,6.063313000000e-05,-2.374703000000e-04
3504,70.0800000000,1695.1541360147,-2.970986000000e-04,6.063313000000e-05,-2.364655000000e-04
3505,70.1000000000,1695.6379128800,-2.959582000000e-04,6.063313000000e-05,-2.353250000000e-04
3506,70.1200000000,1696.1216897453,-2.946817000000e-04,6.063313000000e-05,-2.340486000000e-04
3507,70.1400000000,1696.6054666106,-2.932691000000e-04,6.063313000000e-05,-2.326360000000e-04
3508,70.1600000000,1697.0892434759,-2.917202000000e-04,6.063313000000e-05,-2.310871000000e-04
3509,70.1800000000,1697.5730203412,-2.900349000000e-04,6.063313000000e-05,-2.294018000000e-04
3510,70.2000000000,1698.0567972065,-2.882132000000e-04,6.063313000000e-05,-2.275801000000e-04
3511,70.2200000000,1698.5405740718,-2.862552000000e-04,6.063313000000e-05,-2.256221000000e-04
3512,70.2400000000,1699.0243509371,-2.841610000000e-04,6.063313000000e-05,-2.235279000000e-04
3513,70.2600000000,1699.5081278024,-2.819309000000e-04,6.063313000000e-05,-2.212977000000e-04
3514,70.2800000000,1699.9919046677,-2.795650000000e-04,6.063313000000e-05,-2.189319000000e-04
3515,70.3000000000,1700.4756815330,-2.770639000000e-04,6.063313000000e-05,-2.164307000000e-04
3516,70.3200000000,1700.9594583983,-2.744278000000e-04,6.063313000000e-05,-2.137947000000e-04
3517,70.3400000000,1701.4432352636,-2.716573000000e-04,6.063313000000e-05,-2.110242000000e-04
3518,70.3600000000,1701.9270121289,-2.687530000000e-04,6.063313000000e-05,-2.081199000000e-04
3519,70.3800000000,1702.4107889942,-2.657155000000e-04,6.063313000000e-05,-2.050824000000e-04
3520,70.4000000000,1702.8945658595,-2.625456000000e-04,6.063313000000e-05,-2.019124000000e-04
3521,70.4200000000,1703.3783427248,-2.592439000000e-04,6.063313000000e-05,-1.986108000000e-04
3522,70.4400000000,1703.8621195901,-2.558115000000e-04,6.063313000000e-05,-1.951783000000e-04
3523,70.4600000000,1704.3458964554,-2.522492000000e-04,6.063313000000e-05,-1.916160000000e-04
3524,70.4800000000,1704.8296733207,-2.485580000000e-04,6.063313000000e-05,-1.879248000000e-04
3525,70.5000000000,1705.3134501860,-2.447391000000e-04,6.063313000000e-05,-1.841059000000e-04
3526,70.5200000000,1705.7972270513,-2.407935000000e-04,6.063313000000e-05,-1.801604000000e-04
3527,70.5400000000,1706.2810039166,-2.367227000000e-04,6.063313000000e-05,-1.760895000000e-04
3528,70.5600000000,1706.7647807819,-2.325278000000e-04,6.063313000000e-05,-1.718947000000e-04
3529,70.5800000000,1707.2485576472,-2.282103000000e-04,6.063313000000e-05,-1.675772000000e-04
3530,70.6000000000,1707.7323345125,-2.237716000000e-04,6.063313000000e-05,-1.631385000000e-04
3531,70.6200000000,1708.2161113778,-2.192134000000e-04,6.063313000000e-05,-1.585802000000e-04
3532,70.6400000000,1708.6998882431,-2.145371000000e-04,6.063313000000e-05,-1.539040000000e-04
3533,70.6600000000,1709.1836651084,-2.097446000000e-04,6.063313000000e-05,-1.491115000000e-04
3534,70.6800000000,1709.6674419737,-2.048376000000e-04,6.063313000000e-05,-1.442044000000e-04
3535,70.7000000000,1710.1512188390,-1.998179000000e-04,6.063313000000e-05,-1.391848000000e-04
3536,70.7200000000,1710.6349957043,-1.946876000000e-04,6.063313000000e-05,-1.340544000000e-04
3537,70.7400000000,1711.1187725696,-1.894485000000e-04,6.063313000000e-05,-1.288154000000e-04
3538,70.7600000000,1711.6025494349,-1.841028000000e-04,6.063313000000e-05,-1.234697000000e-04
3539,70.7800000000,1712.0863263002,-1.786527000000e-04,6.063313000000e-05,-1.180195000000e-04
3540,70.8000000000,1712.5701031655,-1.731003000000e-04,6.063313000000e-05,-1.124672000000e-04
3541,70.8200000000,1713.0538800308,-1.674480000000e-04,6.063313000000e-05,-1.068149000000e-04
3542,70.8400000000,1713.5376568961,-1.616982000000e-04,6.063313000000e-05,-1.010650000000e-04
3543,70.8600000000,1714.0214337614,-1.558532000000e-04,6.063313000000e-05,-9.522009000000e-05
3544,70.8800000000,1714.5052106267,-1.499157000000e-04,6.063313000000e-05,-8.928259000000e-05
3545,70.9000000000,1714.9889874920,-1.438882000000e-04,6.063313000000e-05,-8.325511000000e-05
3546,70.9200000000,1715.4727643573,-1.377735000000e-04,6.063313000000e-05,-7.714033000000e-05
3547,70.9400000000,1715.9565412226,-1.315741000000e-04,6.063313000000e-05,-7.094096000000e-05
3548,70.9600000000,1716.4403180879,-1.252930000000e-04,6.063313000000e-05,-6.465982000000e-05
3549,70.9800000000,1716.9240949532,-1.189329000000e-04,6.063313000000e-05,-5.829977000000e-05
3550,71.0000000000,1717.4078718185,-1.124969000000e-04,6.063313000000e-05,-5.186374000000e-05
3551,71.0200000000,1717.8916486839,-1.059878000000e-04,6.063313000000e-05,-4.535472000000e-05
3552,71.0400000000,1718.3754255492,-9.940889000000e-05,6.063313000000e-05,-3.877576000000e-05
3553,71.0600000000,1718.8592024145,-9.276312000000e-05,6.063313000000e-05,-3.212999000000e-05
3554,71.0800000000,1719.3429792798,-8.605371000000e-05,6.063313000000e-05,-2.542058000000e-05
3555,71.1000000000,1719.8267561451,-7.928388000000e-05,6.063313000000e-05,-1.865075000000e-05
3556,71.1200000000,1720.3105330104,-7.245692000000e-05,6.063313000000e-05,-1.182379000000e-05
3557,71.1400000000,1720.7943098757,-6.557617000000e-05,6.063313000000e-05,-4.943034000000e-06
3558,71.1600000000,1721.2780867410,-5.864500000000e-05,6.063313000000e-05,1.988129000000e-06
3559,71.1800000000,1721.7618636063,-5.166686000000e-05,6.063313000000e-05,8.966268000000e-06
3560,71.2000000000,1722.2456404716,-4.464523000000e-05,6.063313000000e-05,1.598790000000e-05
3561,71.2200000000,1722.7294173369,-3.758362000000e-05,6.063313000000e-05,2.304952000000e-05
3562,71.2400000000,1723.2131942022,-3.048559000000e-05,6.063313000000e-05,3.014754000000e-05
3563,71.2600000000,1723.6969710675,-2.335475000000e-05,6.063313000000e-05,3.727839000000e-05
3564,71.2800000000,1724.1807479328,-1.619472000000e-05,6.063313000000e-05,4.443841000000e-05
3565,71.3000000000,1724.6645247981,-9.009187000000e-06,6.063313000000e-05,5.162395000000e-05
3566,71.3200000000,1725.1483016634,-1.801831000000e-06,6.063313000000e-05,5.883130000000e-05
3567,71.3400000000,1725.6320785287,5.423621000000e-06,6.063313000000e-05,6.605675000000e-05
3568,71.3600000000,1726.1158553940,1.266342000000e-05,6.063313000000e-05,7.329656000000e-05
3569,71.3800000000,1726.5996322593,1.991381000000e-05,6.063313000000e-05,8.054694000000e-05
3570,71.4000000000,1727.0834091246,2.717100000000e-05,6.063313000000e-05,8.780413000000e-05
3571,71.4200000000,1727.5671859899,3.443120000000e-05,6.063313000000e-05,9.506433000000e-05
3572,71.4400000000,1728.0509628552,4.169059000000e-05,6.063313000000e-05,1.023237000000e-04
3573,71.4600000000,1728.5347397205,4.894536000000e-05,6.063313000000e-05,1.095785000000e-04
3574,71.4800000000,1729.0185165858,5.619169000000e-05,6.063313000000e-05,1.168248000000e-04
3575,71.5000000000,1729.5022934511,6.342576000000e-05,6.063313000000e-05,1.240589000000e-04
3576,71.5200000000,1729.9860703164,7.064374000000e-05,6.063313000000e-05,1.312769000000e-04
3577,71.5400000000,1730.4698471817,7.784183000000e-05,6.063313000000e-05,1.384750000000e-04
3578,71.5600000000,1730.9536240470,8.501622000000e-05,6.063313000000e-05,1.456494000000e-04
3579,71.5800000000,1731.4374009123,9.216311000000e-05,6.063313000000e-05,1.527962000000e-04
3580,71.6000000000,1731.9211777776,9.927873000000e-05,6.063313000000e-05,1.599119000000e-04
3581,71.6200000000,1732.4049546429,1.063593000000e-04,6.063313000000e-05,1.669925000000e-04
3582,71.6400000000,1732.8887315082,1.134011000000e-04,6.063313000000e-05,1.740343000000e-04
3583,71.6600000000,1733.3725083735,1.204005000000e-04,6.063313000000e-05,1.810336000000e-04
3584,71.6800000000,1733.8562852388,1.273537000000e-04,6.063313000000e-05,1.879868000000e-04
3585,71.7000000000,1734.3400621041,1.342570000000e-04,6.063313000000e-05,1.948902000000e-04
3586,71.7200000000,1734.8238389694,1.411070000000e-04,6.063313000000e-05,2.017401000000e-04
3587,71.7400000000,1735.3076158347,1.478999000000e-04,6.063313000000e-05,2.085330000000e-04
3588,71.7600000000,1735.7913927000,1.546323000000e-04,6.063313000000e-05,2.152654000000e-04
3589,71.7800000000,1736.2751695653,1.613006000000e-04,6.063313000000e-05,2.219337000000e-04
3590,71.8000000000,1736.7589464306,1.679015000000e-04,6.063313000000e-05,2.285346000000e-04
3591,71.8200000000,1737.2427232959,1.744315000000e-04,6.063313000000e-05,2.350646000000e-04
3592,71.8400000000,1737.7265001612,1.808872000000e-04,6.063313000000e-05,2.415204000000e-04
3593,71.8600000000,1738.2102770265,1.872655000000e-04,6.063313000000e-05,2.478987000000e-04
3594,71.8800000000,1738.6940538918,1.935631000000e-04,6.063313000000e-05,2.541962000000e-04
3595,71.9000000000,1739.1778307571,1.997768000000e-04,6.063313000000e-05,2.604099000000e-04
3596,71.9200000000,1739.6616076224,2.059034000000e-04,6.063313000000e-05,2.665366000000e-04
3597,71.9400000000,1740.1453844877,2.119401000000e-04,6.063313000000e-05,2.725732000000e-04
3598,71.9600000000,1740.6291613530,2.178838000000e-04,6.063313000000e-05,2.785169000000e-04
3599,71.9800000000,1741.1129382183,2.237315000000e-04,6.063313000000e-05,2.843647000000e-04
3600,72.0000000000,1741.5967150836,2.294806000000e-04,6.063313000000e-05,2.901138000000e-04
3601,72.0200000000,1742.0804919489,2.351283000000e-04,6.063313000000e-05,2.957614000000e-04
3602,72.0400000000,1742.5642688142,2.406718000000e-04,6.063313000000e-05,3.013049000000e-04
3603,72.0600000000,1743.0480456795,2.461086000000e-04,6.063313000000e-05,3.067417000000e-04
3604,72.0800000000,1743.5318225448,2.514362000000e-04,6.063313000000e-05,3.120693000000e-04
3605,72.1000000000,1744.0155994101,2.566522000000e-04,6.063313000000e-05,3.172853000000e-04
3606,72.1200000000,1744.4993762754,2.617541000000e-04,6.063313000000e-05,3.223873000000e-04
3607,72.1400000000,1744.9831531407,2.667399000000e-04,6.063313000000e-05,3.273730000000e-04
3608,72.1600000000,1745.4669300060,2.716072000000e-04,6.063313000000e-05,3.322403000000e-04
3609,72.1800000000,1745.9507068713,2.763540000000e-04,6.063313000000e-05,3.369871000000e-04
3610,72.2000000000,1746.4344837366,2.809783000000e-04,6.063313000000e-05,3.416115000000e-04
3611,72.2200000000,1746.9182606019,2.854783000000e-04,6.063313000000e-05,3.461114000000e-04
3612,72.2400000000,1747.4020374672,2.898520000000e-04,6.063313000000e-05,3.504851000000e-04
3613,72.2600000000,1747.8858143325,2.940978000000e-04,6.063313000000e-05,3.547309000000e-04
3614,72.2800000000,1748.3695911978,2.982140000000e-04,6.063313000000e-05,3.588472000000e-04
3615,72.3000000000,1748.8533680631,3.021992000000e-04,6.063313000000e-05,3.628323000000e-04
3616,72.3200000000,1749.3371449284,3.060518000000e-04,6.063313000000e-05,3.666849000000e-04
3617,72.3400000000,1749.8209217937,3.097705000000e-04,6.063313000000e-05,3.704036000000e-04
3618,72.3600000000,1750.3046986590,3.133540000000e-04,6.063313000000e-05,3.739871000000e-04
3619,72.3800000000,1750.7884755243,3.168012000000e-04,6.063313000000e-05,3.774343000000e-04
3620,72.4000000000,1751.2722523896,3.201110000000e-04,6.063313000000e-05,3.807441000000e-04
3621,72.4200000000,1751.7560292549,3.232823000000e-04,6.063313000000e-05,3.839155000000e-04
3622,72.4400000000,1752.2398061202,3.263145000000e-04,6.063313000000e-05,3.869476000000e-04
3623,72.4600000000,1752.7235829855,3.292065000000e-04,6.063313000000e-05,3.898396000000e-04
3624,72.4800000000,1753.2073598508,3.319578000000e-04,6.063313000000e-05,3.925909000000e-04
3625,72.5000000000,1753.6911367161,3.345676000000e-04,6.063313000000e-05,3.952007000000e-04
3626,72.5200000000,1754.1749135814,3.370355000000e-04,6.063313000000e-05,3.976686000000e-04
3627,72.5400000000,1754.6586904467,3.393611000000e-04,6.063313000000e-05,3.999942000000e-04
3628,72.5600000000,1755.1424673120,3.415439000000e-04,6.063313000000e-05,4.021770000000e-04
3629,72.5800000000,1755.6262441773,3.435838000000e-04,6.063313000000e-05,4.042169000000e-04
3630,72.6000000000,1756.1100210426,3.454805000000e-04,6.063313000000e-05,4.061136000000e-04
3631,72.6200000000,1756.5937979079,3.472339000000e-04,6.063313000000e-05,4.078671000000e-04
3632,72.6400000000,1757.0775747732,3.488441000000e-04,6.063313000000e-05,4.094773000000e-04
3633,72.6600000000,1757.5613516385,3.503112000000e-04,6.063313000000e-05,4.109443000000e-04
3634,72.6800000000,1758.0451285038,3.516352000000e-04,6.063313000000e-05,4.122684000000e-04
3635,72.7000000000,1758.5289053691,3.528165000000e-04,6.063313000000e-05,4.134497000000e-04
3636,72.7200000000,1759.0126822344,3.538554000000e-04,6.063313000000e-05,4.144885000000e-04
3637,72.7400000000,1759.4964590997,3.547522000000e-04,6.063313000000e-05,4.153853000000e-04
3638,72.7600000000,1759.9802359650,3.555074000000e-04,6.063313000000e-05,4.161405000000e-04
3639,72.7800000000,1760.4640128303,3.561216000000e-04,6.063313000000e-05,4.167547000000e-04
3640,72.8000000000,1760.9477896956,3.565953000000e-04,6.063313000000e-05,4.172285000000e-04
3641,72.8200000000,1761.4315665609,3.569294000000e-04,6.063313000000e-05,4.175626000000e-04
3642,72.8400000000,1761.9153434262,3.571246000000e-04,6.063313000000e-05,4.177577000000e-04
3643,72.8600000000,1762.3991202915,3.571816000000e-04,6.063313000000e-05,4.178147000000e-04
3644,72.8800000000,1762.8828971568,3.571014000000e-04,6.063313000000e-05,4.177345000000e-04
3645,72.9000000000,1763.3666740221,3.568850000000e-04,6.063313000000e-05,4.175181000000e-04
3646,72.9200000000,1763.8504508874,3.565333000000e-04,6.063313000000e-05,4.171665000000e-04
3647,72.9400000000,1764.3342277527,3.560476000000e-04,6.063313000000e-05,4.166807000000e-04
3648,72.9600000000,1764.8180046180,3.554288000000e-04,6.063313000000e-05,4.160619000000e-04
3649,72.9800000000,1765.3017814833,3.546783000000e-04,6.063313000000e-05,4.153114000000e-04
3650,73.0000000000,1765.7855583487,3.537972000000e-04,6.063313000000e-05,4.144304000000e-04
3651,73.0200000000,1766.2693352140,3.527870000000e-04,6.063313000000e-05,4.134201000000e-04
3652,73.0400000000,1766.7531120793,3.516490000000e-04,6.063313000000e-05,4.122821000000e-04
3653,73.0600000000,1767.2368889446,3.503845000000e-04,6.063313000000e-05,4.110177000000e-04
3654,73.0800000000,1767.7206658099,3.489952000000e-04,6.063313000000e-05,4.096283000000e-04
3655,73.1000000000,1768.2044426752,3.474824000000e-04,6.063313000000e-05,4.081156000000e-04
3656,73.1200000000,1768.6882195405,3.458478000000e-04,6.063313000000e-05,4.064810000000e-04
3657,73.1400000000,1769.1719964058,3.440930000000e-04,6.063313000000e-05,4.047262000000e-04
3658,73.1600000000,1769.6557732711,3.422197000000e-04,6.063313000000e-05,4.028528000000e-04
3659,73.1800000000,1770.1395501364,3.402294000000e-04,6.063313000000e-05,4.008626000000e-04
3660,73.2000000000,1770.6233270017,3.381240000000e-04,6.063313000000e-05,3.987572000000e-04
3661,73.2200000000,1771.1071038670,3.359053000000e-04,6.063313000000e-05,3.965384000000e-04
3662,73.2400000000,1771.5908807323,3.335750000000e-04,6.063313000000e-05,3.942081000000e-04
3663,73.2600000000,1772.0746575976,3.311350000000e-04,6.063313000000e-05,3.917681000000e-04
3664,73.2800000000,1772.5584344629,3.285872000000e-04,6.063313000000e-05,3.892203000000e-04
3665,73.3000000000,1773.0422113282,3.259334000000e-04,6.063313000000e-05,3.865665000000e-04
3666,73.3200000000,1773.5259881935,3.231757000000e-04,6.063313000000e-05,3.838088000000e-04
3667,73.3400000000,1774.0097650588,3.203159000000e-04,6.063313000000e-05,3.809490000000e-04
3668,73.3600000000,1774.4935419241,3.173561000000e-04,6.063313000000e-05,3.779892000000e-04
3669,73.3800000000,1774.9773187894,3.142983000000e-04,6.063313000000e-05,3.749314000000e-04
3670,73.4000000000,1775.4610956547,3.111445000000e-04,6.063313000000e-05,3.717777000000e-04
3671,73.4200000000,1775.9448725200,3.078969000000e-04,6.063313000000e-05,3.685300000000e-04
3672,73.4400000000,1776.4286493853,3.045574000000e-04,6.063313000000e-05,3.651905000000e-04
3673,73.4600000000,1776.9124262506,3.011282000000e-04,6.063313000000e-05,3.617614000000e-04
3674,73.4800000000,1777.3962031159,2.976115000000e-04,6.063313000000e-05,3.582446000000e-04
3675,73.5000000000,1777.8799799812,2.940093000000e-04,6.063313000000e-05,3.546425000000e-04
3676,73.5200000000,1778.3637568465,2.903239000000e-04,6.063313000000e-05,3.509571000000e-04
3677,73.5400000000,1778.8475337118,2.865574000000e-04,6.063313000000e-05,3.471905000000e-04
3678,73.5600000000,1779.3313105771,2.827120000000e-04,6.063313000000e-05,3.433451000000e-04
3679,73.5800000000,1779.8150874424,2.787899000000e-04,6.063313000000e-05,3.394230000000e-04
3680,73.6000000000,1780.2988643077,2.747933000000e-04,6.063313000000e-05,3.354264000000e-04
3681,73.6200000000,1780.7826411730,2.707245000000e-04,6.063313000000e-05,3.313576000000e-04
3682,73.6400000000,1781.2664180383,2.665856000000e-04,6.063313000000e-05,3.272187000000e-04
3683,73.6600000000,1781.7501949036,2.623790000000e-04,6.063313000000e-05,3.230121000000e-04
3684,73.6800000000,1782.2339717689,2.581068000000e-04,6.063313000000e-05,3.187399000000e-04
3685,73.7000000000,1782.7177486342,2.537714000000e-04,6.063313000000e-05,3.144045000000e-04
3686,73.7200000000,1783.2015254995,2.493749000000e-04,6.063313000000e-05,3.100081000000e-04
3687,73.7400000000,1783.6853023648,2.449198000000e-04,6.063313000000e-05,3.055529000000e-04
3688,73.7600000000,1784.1690792301,2.404081000000e-04,6.063313000000e-05,3.010413000000e-04
3689,73.7800000000,1784.6528560954,2.358423000000e-04,6.063313000000e-05,2.964754000000e-04
3690,73.8000000000,1785.1366329607,2.312245000000e-04,6.063313000000e-05,2.918577000000e-04
3691,73.8200000000,1785.6204098260,2.265571000000e-04,6.063313000000e-05,2.871903000000e-04
3692,73.8400000000,1786.1041866913,2.218424000000e-04,6.063313000000e-05,2.824755000000e-04
3693,73.8600000000,1786.5879635566,2.170825000000e-04,6.063313000000e-05,2.777157000000e-04
3694,73.8800000000,1787.0717404219,2.122799000000e-04,6.063313000000e-05,2.729130000000e-04
3695,73.9000000000,1787.5555172872,2.074366000000e-04,6.063313000000e-05,2.680698000000e-04
3696,73.9200000000,1788.0392941525,2.025551000000e-04,6.063313000000e-05,2.631883000000e-04
3697,73.9400000000,1788.5230710178,1.976376000000e-04,6.063313000000e-05,2.582708000000e-04
3698,73.9600000000,1789.0068478831,1.926864000000e-04,6.063313000000e-05,2.533195000000e-04
3699,73.9800000000,1789.4906247484,1.877036000000e-04,6.063313000000e-05,2.483368000000e-04
3700,74.0000000000,1789.9744016137,1.826916000000e-04,6.063313000000e-05,2.433248000000e-04
3701,74.0200000000,1790.4581784790,1.776526000000e-04,6.063313000000e-05,2.382858000000e-04
3702,74.0400000000,1790.9419553443,1.725889000000e-04,6.063313000000e-05,2.332220000000e-04
3703,74.0600000000,1791.4257322096,1.675026000000e-04,6.063313000000e-05,2.281357000000e-04
3704,74.0800000000,1791.9095090749,1.623959000000e-04,6.063313000000e-05,2.230291000000e-04
3705,74.1000000000,1792.3932859402,1.572712000000e-04,6.063313000000e-05,2.179043000000e-04
3706,74.1200000000,1792.8770628055,1.521305000000e-04,6.063313000000e-05,2.127637000000e-04
3707,74.1400000000,1793.3608396708,1.469762000000e-04,6.063313000000e-05,2.076093000000e-04
3708,74.1600000000,1793.8446165361,1.418102000000e-04,6.063313000000e-05,2.024434000000e-04
3709,74.1800000000,1794.3283934014,1.366350000000e-04,6.063313000000e-05,1.972681000000e-04
3710,74.2000000000,1794.8121702667,1.314525000000e-04,6.063313000000e-05,1.920856000000e-04
3711,74.2200000000,1795.2959471320,1.262649000000e-04,6.063313000000e-05,1.868980000000e-04
3712,74.2400000000,1795.7797239973,1.210744000000e-04,6.063313000000e-05,1.817075000000e-04
3713,74.2600000000,1796.2635008626,1.158831000000e-04,6.063313000000e-05,1.765162000000e-04
3714,74.2800000000,1796.7472777279,1.106931000000e-04,6.063313000000e-05,1.713262000000e-04
3715,74.3000000000,1797.2310545932,1.055064000000e-04,6.063313000000e-05,1.661395000000e-04
3716,74.3200000000,1797.7148314585,1.003252000000e-04,6.063313000000e-05,1.609583000000e-04
3717,74.3400000000,1798.1986083238,9.515150000000e-05,6.063313000000e-05,1.557846000000e-04
3718,74.3600000000,1798.6823851891,8.998735000000e-05,6.063313000000e-05,1.506205000000e-04
3719,74.3800000000,1799.1661620544,8.483479000000e-05,6.063313000000e-05,1.454679000000e-04
3720,74.4000000000,1799.6499389197,7.969582000000e-05,6.063313000000e-05,1.403289000000e-04
3721,74.4200000000,1800.1337157850,7.457243000000e-05,6.063313000000e-05,1.352056000000e-04
3722,74.4400000000,1800.6174926503,6.946661000000e-05,6.063313000000e-05,1.300997000000e-04
3723,74.4600000000,1801.1012695156,6.438030000000e-05,6.063313000000e-05,1.250134000000e-04
3724,74.4800000000,1801.5850463809,5.931546000000e-05,6.063313000000e-05,1.199486000000e-04
3725,74.5000000000,1802.0688232462,5.427401000000e-05,6.063313000000e-05,1.149071000000e-04
3726,74.5200000000,1802.5526001115,4.925784000000e-05,6.063313000000e-05,1.098910000000e-04
3727,74.5400000000,1803.0363769768,4.426883000000e-05,6.063313000000e-05,1.049020000000e-04
3728,74.5600000000,1803.5201538421,3.930886000000e-05,6.063313000000e-05,9.994199000000e-05
3729,74.5800000000,1804.0039307074,3.437976000000e-05,6.063313000000e-05,9.501289000000e-05
3730,74.6000000000,1804.4877075727,2.948336000000e-05,6.063313000000e-05,9.011649000000e-05
3731,74.6200000000,1804.9714844380,2.462145000000e-05,6.063313000000e-05,8.525458000000e-05
3732,74.6400000000,1805.4552613033,1.979582000000e-05,6.063313000000e-05,8.042895000000e-05
3733,74.6600000000,1805.9390381686,1.500822000000e-05,6.063313000000e-05,7.564135000000e-05
3734,74.6800000000,1806.4228150339,1.026039000000e-05,6.063313000000e-05,7.089352000000e-05
3735,74.7000000000,1806.9065918992,5.554035000000e-06,6.063313000000e-05,6.618717000000e-05
3736,74.7200000000,1807.3903687645,8.908544000000e-07,6.063313000000e-05,6.152399000000e-05
3737,74.7400000000,1807.8741456298,-3.727489000000e-06,6.063313000000e-05,5.690564000000e-05
3738,74.7600000000,1808.3579224951,-8.299351000000e-06,6.063313000000e-05,5.233378000000e-05
3739,74.7800000000,1808.8416993604,-1.282311000000e-05,6.063313000000e-05,4.781002000000e-05
3740,74.8000000000,1809.3254762257,-1.729718000000e-05,6.063313000000e-05,4.333595000000e-05
3741,74.8200000000,1809.8092530910,-2.171998000000e-05,6.063313000000e-05,3.891315000000e-05
3742,74.8400000000,1810.2930299563,-2.608997000000e-05,6.063313000000e-05,3.454316000000e-05
3743,74.8600000000,1810.7768068216,-3.040563000000e-05,6.063313000000e-05,3.022750000000e-05
3744,74.8800000000,1811.2605836869,-3.466546000000e-05,6.063313000000e-05,2.596768000000e-05
3745,74.9000000000,1811.7443605522,-3.886799000000e-05,6.063313000000e-05,2.176514000000e-05
3746,74.9200000000,1812.2281374175,-4.301178000000e-05,6.063313000000e-05,1.762135000000e-05
3747,74.9400000000,1812.7119142828,-4.709541000000e-05,6.063313000000e-05,1.353772000000e-05
3748,74.9600000000,1813.1956911481,-5.111750000000e-05,6.063313000000e-05,9.515635000000e-06
3749,74.9800000000,1813.6794680134,-5.507667000000e-05,6.063313000000e-05,5.556463000000e-06
3750,75.0000000000,1814.1632448787,-5.897159000000e-05,6.063313000000e-05,1.661540000000e-06
3751,75.0200000000,1814.6470217441,-6.280096000000e-05,6.063313000000e-05,-2.167826000000e-06
3752,75.0400000000,1815.1307986094,-6.656348000000e-05,6.063313000000e-05,-5.930352000000e-06
3753,75.0600000000,1815.6145754747,-7.025792000000e-05,6.063313000000e-05,-9.624786000000e-06
3754,75.0800000000,1816.0983523400,-7.388303000000e-05,6.063313000000e-05,-1.324990000000e-05
3755,75.1000000000,1816.5821292053,-7.743763000000e-05,6.063313000000e-05,-1.680450000000e-05
3756,75.1200000000,1817.0659060706,-8.092055000000e-05,6.063313000000e-05,-2.028742000000e-05
3757,75.1400000000,1817.5496829359,-8.433064000000e-05,6.063313000000e-05,-2.369751000000e-05
3758,75.1600000000,1818.0334598012,-8.766680000000e-05,6.063313000000e-05,-2.703367000000e-05
3759,75.1800000000,1818.5172366665,-9.092795000000e-05,6.063313000000e-05,-3.029482000000e-05
3760,75.2000000000,1819.0010135318,-9.411303000000e-05,6.063313000000e-05,-3.347990000000e-05
3761,75.2200000000,1819.4847903971,-9.722102000000e-05,6.063313000000e-05,-3.658789000000e-05
3762,75.2400000000,1819.9685672624,-1.002509000000e-04,6.063313000000e-05,-3.961780000000e-05
3763,75.2600000000,1820.4523441277,-1.032018000000e-04,6.063313000000e-05,-4.256866000000e-05
3764,75.2800000000,1820.9361209930,-1.060727000000e-04,6.063313000000e-05,-4.543955000000e-05
3765,75.3000000000,1821.4198978583,-1.088627000000e-04,6.063313000000e-05,-4.822957000000e-05
3766,75.3200000000,1821.9036747236,-1.115710000000e-04,6.063313000000e-05,-5.093783000000e-05
3767,75.3400000000,1822.3874515889,-1.141966000000e-04,6.063313000000e-05,-5.356351000000e-05
3768,75.3600000000,1822.8712284542,-1.167389000000e-04,6.063313000000e-05,-5.610578000000e-05
3769,75.3800000000,1823.3550053195,-1.191970000000e-04,6.063313000000e-05,-5.856387000000e-05
3770,75.4000000000,1823.8387821848,-1.215702000000e-04,6.063313000000e-05,-6.093704000000e-05
3771,75.4200000000,1824.3225590501,-1.238577000000e-04,6.063313000000e-05,-6.322456000000e-05
3772,75.4400000000,1824.8063359154,-1.260589000000e-04,6.063313000000e-05,-6.542575000000e-05
3773,75.4600000000,1825.2901127807,-1.281731000000e-04,6.063313000000e-05,-6.753995000000e-05
3774,75.4800000000,1825.7738896460,-1.301997000000e-04,6.063313000000e-05,-6.956653000000e-05
3775,75.5000000000,1826.2576665113,-1.321380000000e-04,6.063313000000e-05,-7.150491000000e-05
3776,75.5200000000,1826.7414433766,-1.339877000000e-04,6.063313000000e-05,-7.335453000000e-05
3777,75.5400000000,1827.2252202419,-1.357480000000e-04,6.063313000000e-05,-7.511484000000e-05
3778,75.5600000000,1827.7089971072,-1.374185000000e-04,6.063313000000e-05,-7.678536000000e-05
3779,75.5800000000,1828.1927739725,-1.389988000000e-04,6.063313000000e-05,-7.836562000000e-05
3780,75.6000000000,1828.6765508378,-1.404883000000e-04,6.063313000000e-05,-7.985517000000e-05
3781,75.6200000000,1829.1603277031,-1.418868000000e-04,6.063313000000e-05,-8.125362000000e-05
3782,75.6400000000,1829.6441045684,-1.431937000000e-04,6.063313000000e-05,-8.256059000000e-05
3783,75.6600000000,1830.1278814337,-1.444089000000e-04,6.063313000000e-05,-8.377574000000e-05
3784,75.6800000000,1830.6116582990,-1.455319000000e-04,6.063313000000e-05,-8.489876000000e-05
3785,75.7000000000,1831.0954351643,-1.465625000000e-04,6.063313000000e-05,-8.592937000000e-05
3786,75.7200000000,1831.5792120296,-1.475005000000e-04,6.063313000000e-05,-8.686733000000e-05
3787,75.7400000000,1832.0629888949,-1.483455000000e-04,6.063313000000e-05,-8.771241000000e-05
3788,75.7600000000,1832.5467657602,-1.490976000000e-04,6.063313000000e-05,-8.846443000000e-05
3789,75.7800000000,1833.0305426255,-1.497564000000e-04,6.063313000000e-05,-8.912324000000e-05
3790,75.8000000000,1833.5143194908,-1.503219000000e-04,6.063313000000e-05,-8.968873000000e-05
3791,75.8200000000,1833.9980963561,-1.507939000000e-04,6.063313000000e-05,-9.016079000000e-05
3792,75.8400000000,1834.4818732214,-1.511725000000e-04,6.063313000000e-05,-9.053937000000e-05
3793,75.8600000000,1834.9656500867,-1.514576000000e-04,6.063313000000e-05,-9.082444000000e-05
3794,75.8800000000,1835.4494269520,-1.516491000000e-04,6.063313000000e-05,-9.101602000000e-05
3795,75.9000000000,1835.9332038173,-1.517473000000e-04,6.063313000000e-05,-9.111412000000e-05
3796,75.9200000000,1836.4169806826,-1.517520000000e-04,6.063313000000e-05,-9.111883000000e-05
3797,75.9400000000,1836.9007575479,-1.516634000000e-04,6.063313000000e-05,-9.103024000000e-05
3798,75.9600000000,1837.3845344132,-1.514816000000e-04,6.063313000000e-05,-9.084849000000e-05
3799,75.9800000000,1837.8683112785,-1.512069000000e-04,6.063313000000e-05,-9.057372000000e-05
3800,76.0000000000,1838.3520881438,-1.508393000000e-04,6.063313000000e-05,-9.020615000000e-05
3801,76.0200000000,1838.8358650091,-1.503791000000e-04,6.063313000000e-05,-8.974600000000e-05
3802,76.0400000000,1839.3196418744,-1.498266000000e-04,6.063313000000e-05,-8.919352000000e-05
3803,76.0600000000,1839.8034187397,-1.491821000000e-04,6.063313000000e-05,-8.854900000000e-05
3804,76.0800000000,1840.2871956050,-1.484459000000e-04,6.063313000000e-05,-8.781277000000e-05
3805,76.1000000000,1840.7709724703,-1.476183000000e-04,6.063313000000e-05,-8.698519000000e-05
3806,76.1200000000,1841.2547493356,-1.466998000000e-04,6.063313000000e-05,-8.606663000000e-05
3807,76.1400000000,1841.7385262009,-1.456907000000e-04,6.063313000000e-05,-8.505753000000e-05
3808,76.1600000000,1842.2223030662,-1.445915000000e-04,6.063313000000e-05,-8.395833000000e-05
3809,76.1800000000,1842.7060799315,-1.434026000000e-04,6.063313000000e-05,-8.276952000000e-05
3810,76.2000000000,1843.1898567968,-1.421247000000e-04,6.063313000000e-05,-8.149161000000e-05
3811,76.2200000000,1843.6736336621,-1.407583000000e-04,6.063313000000e-05,-8.012517000000e-05
3812,76.2400000000,1844.1574105274,-1.393039000000e-04,6.063313000000e-05,-7.867078000000e-05
3813,76.2600000000,1844.6411873927,-1.377622000000e-04,6.063313000000e-05,-7.712906000000e-05
3814,76.2800000000,1845.1249642580,-1.361338000000e-04,6.063313000000e-05,-7.550066000000e-05
3815,76.3000000000,1845.6087411233,-1.344194000000e-04,6.063313000000e-05,-7.378627000000e-05
3816,76.3200000000,1846.0925179886,-1.326198000000e-04,6.063313000000e-05,-7.198662000000e-05
3817,76.3400000000,1846.5762948539,-1.307356000000e-04,6.063313000000e-05,-7.010247000000e-05
3818,76.3600000000,1847.0600717192,-1.287677000000e-04,6.063313000000e-05,-6.813461000000e-05
3819,76.3800000000,1847.5438485845,-1.267170000000e-04,6.063313000000e-05,-6.608387000000e-05
3820,76.4000000000,1848.0276254498,-1.245842000000e-04,6.063313000000e-05,-6.395111000000e-05
3821,76.4200000000,1848.5114023151,-1.223704000000e-04,6.063313000000e-05,-6.173725000000e-05
3822,76.4400000000,1848.9951791804,-1.200764000000e-04,6.063313000000e-05,-5.944322000000e-05
3823,76.4600000000,1849.4789560457,-1.177031000000e-04,6.063313000000e-05,-5.707001000000e-05
3824,76.4800000000,1849.9627329110,-1.152517000000e-04,6.063313000000e-05,-5.461861000000e-05
3825,76.5000000000,1850.4465097763,-1.127232000000e-04,6.063313000000e-05,-5.209010000000e-05
3826,76.5200000000,1850.9302866416,-1.101187000000e-04,6.063313000000e-05,-4.948556000000e-05
3827,76.5400000000,1851.4140635069,-1.074392000000e-04,6.063313000000e-05,-4.680611000000e-05
3828,76.5600000000,1851.8978403722,-1.046861000000e-04,6.063313000000e-05,-4.405294000000e-05
3829,76.5800000000,1852.3816172375,-1.018604000000e-04,6.063313000000e-05,-4.122725000000e-05
3830,76.6000000000,1852.8653941028,-9.896343000000e-05,6.063313000000e-05,-3.833030000000e-05
3831,76.6200000000,1853.3491709681,-9.599649000000e-05,6.063313000000e-05,-3.536336000000e-05
3832,76.6400000000,1853.8329478334,-9.296090000000e-05,6.063313000000e-05,-3.232777000000e-05
3833,76.6600000000,1854.3167246987,-8.985804000000e-05,6.063313000000e-05,-2.922491000000e-05
3834,76.6800000000,1854.8005015640,-8.668932000000e-05,6.063313000000e-05,-2.605618000000e-05
3835,76.7000000000,1855.2842784293,-8.345618000000e-05,6.063313000000e-05,-2.282305000000e-05
3836,76.7200000000,1855.7680552946,-8.016013000000e-05,6.063313000000e-05,-1.952700000000e-05
3837,76.7400000000,1856.2518321599,-7.680271000000e-05,6.063313000000e-05,-1.616958000000e-05
3838,76.7600000000,1856.7356090252,-7.338550000000e-05,6.063313000000e-05,-1.275237000000e-05
3839,76.7800000000,1857.2193858905,-6.991011000000e-05,6.063313000000e-05,-9.276982000000e-06
3840,76.8000000000,1857.7031627558,-6.637823000000e-05,6.063313000000e-05,-5.745095000000e-06
3841,76.8200000000,1858.1869396211,-6.279155000000e-05,6.063313000000e-05,-2.158413000000e-06
3842,76.8400000000,1858.6707164864,-5.915182000000e-05,6.063313000000e-05,1.481313000000e-06
3843,76.8600000000,1859.1544933517,-5.546085000000e-05,6.063313000000e-05,5.172287000000e-06
3844,76.8800000000,1859.6382702170,-5.172046000000e-05,6.063313000000e-05,8.912674000000e-06
3845,76.9000000000,1860.1220470823,-4.793254000000e-05,6.063313000000e-05,1.270059000000e-05
3846,76.9200000000,1860.6058239476,-4.409901000000e-05,6.063313000000e-05,1.653413000000e-05
3847,76.9400000000,1861.0896008129,-4.022183000000e-05,6.063313000000e-05,2.041131000000e-05
3848,76.9600000000,1861.5733776782,-3.630300000000e-05,6.063313000000e-05,2.433013000000e-05
3849,76.9800000000,1862.0571545435,-3.234459000000e-05,6.063313000000e-05,2.828854000000e-05
3850,77.0000000000,1862.5409314088,-2.834866000000e-05,6.063313000000e-05,3.228447000000e-05
3851,77.0200000000,1863.0247082742,-2.431736000000e-05,6.063313000000e-05,3.631577000000e-05
3852,77.0400000000,1863.5084851395,-2.025285000000e-05,6.063313000000e-05,4.038028000000e-05
3853,77.0600000000,1863.9922620048,-1.615734000000e-05,6.063313000000e-05,4.447579000000e-05
3854,77.0800000000,1864.4760388701,-1.203308000000e-05,6.063313000000e-05,4.860006000000e-05
3855,77.1000000000,1864.9598157354,-7.882342000000e-06,6.063313000000e-05,5.275079000000e-05
3856,77.1200000000,1865.4435926007,-3.707460000000e-06,6.063313000000e-05,5.692567000000e-05
3857,77.1400000000,1865.9273694660,4.892134000000e-07,6.063313000000e-05,6.112235000000e-05
3858,77.1600000000,1866.4111463313,4.705285000000e-06,6.063313000000e-05,6.533842000000e-05
3859,77.1800000000,1866.8949231966,8.938328000000e-06,6.063313000000e-05,6.957146000000e-05
3860,77.2000000000,1867.3787000619,1.318588000000e-05,6.063313000000e-05,7.381902000000e-05
3861,77.2200000000,1867.8624769272,1.744547000000e-05,6.063313000000e-05,7.807860000000e-05
3862,77.2400000000,1868.3462537925,2.171455000000e-05,6.063313000000e-05,8.234768000000e-05
3863,77.2600000000,1868.8300306578,2.599059000000e-05,6.063313000000e-05,8.662372000000e-05
3864,77.2800000000,1869.3138075231,3.027101000000e-05,6.063313000000e-05,9.090414000000e-05
3865,77.3000000000,1869.7975843884,3.455321000000e-05,6.063313000000e-05,9.518635000000e-05
3866,77.3200000000,1870.2813612537,3.883458000000e-05,6.063313000000e-05,9.946771000000e-05
3867,77.3400000000,1870.7651381190,4.311245000000e-05,6.063313000000e-05,1.037456000000e-04
3868,77.3600000000,1871.2489149843,4.738417000000e-05,6.063313000000e-05,1.080173000000e-04
3869,77.3800000000,1871.7326918496,5.164706000000e-05,6.063313000000e-05,1.122802000000e-04
3870,77.4000000000,1872.2164687149,5.589843000000e-05,6.063313000000e-05,1.165316000000e-04
3871,77.4200000000,1872.7002455802,6.013555000000e-05,6.063313000000e-05,1.207687000000e-04
3872,77.4400000000,1873.1840224455,6.435570000000e-05,6.063313000000e-05,1.249888000000e-04
3873,77.4600000000,1873.6677993108,6.855617000000e-05,6.063313000000e-05,1.291893000000e-04
3874,77.4800000000,1874.1515761761,7.273420000000e-05,6.063313000000e-05,1.333673000000e-04
3875,77.5000000000,1874.6353530414,7.688707000000e-05,6.063313000000e-05,1.375202000000e-04
3876,77.5200000000,1875.1191299067,8.101202000000e-05,6.063313000000e-05,1.416451000000e-04
3877,77.5400000000,1875.6029067720,8.510631000000e-05,6.063313000000e-05,1.457394000000e-04
3878,77.5600000000,1876.0866836373,8.916721000000e-05,6.063313000000e-05,1.498003000000e-04
3879,77.5800000000,1876.5704605026,9.319198000000e-05,6.063313000000e-05,1.538251000000e-04
3880,77.6000000000,1877.0542373679,9.717791000000e-05,6.063313000000e-05,1.578110000000e-04
3881,77.6200000000,1877.5380142332,1.011223000000e-04,6.063313000000e-05,1.617554000000e-04
3882,77.6400000000,1878.0217910985,1.050224000000e-04,6.063313000000e-05,1.656555000000e-04
3883,77.6600000000,1878.5055679638,1.088756000000e-04,6.063313000000e-05,1.695087000000e-04
3884,77.6800000000,1878.9893448291,1.126791000000e-04,6.063313000000e-05,1.733123000000e-04
3885,77.7000000000,1879.4731216944,1.164305000000e-04,6.063313000000e-05,1.770636000000e-04
3886,77.7200000000,1879.9568985597,1.201270000000e-04,6.063313000000e-05,1.807601000000e-04
3887,77.7400000000,1880.4406754250,1.237661000000e-04,6.063313000000e-05,1.843992000000e-04
3888,77.7600000000,1880.9244522903,1.273452000000e-04,6.063313000000e-05,1.879783000000e-04
3889,77.7800000000,1881.4082291556,1.308618000000e-04,6.063313000000e-05,1.914949000000e-04
3890,77.8000000000,1881.8920060209,1.343135000000e-04,6.063313000000e-05,1.949466000000e-04
3891,77.8200000000,1882.3757828862,1.376977000000e-04,6.063313000000e-05,1.983309000000e-04
3892,77.8400000000,1882.8595597515,1.410122000000e-04,6.063313000000e-05,2.016453000000e-04
3893,77.8600000000,1883.3433366168,1.442545000000e-04,6.063313000000e-05,2.048876000000e-04
3894,77.8800000000,1883.8271134821,1.474223000000e-04,6.063313000000e-05,2.080555000000e-04
3895,77.9000000000,1884.3108903474,1.505135000000e-04,6.063313000000e-05,2.111466000000e-04
3896,77.9200000000,1884.7946672127,1.535257000000e-04,6.063313000000e-05,2.141588000000e-04
3897,77.9400000000,1885.2784440780,1.564569000000e-04,6.063313000000e-05,2.170901000000e-04
3898,77.9600000000,1885.7622209433,1.593050000000e-04,6.063313000000e-05,2.199381000000e-04
3899,77.9800000000,1886.2459978086,1.620680000000e-04,6.063313000000e-05,2.227011000000e-04
3900,78.0000000000,1886.7297746739,1.647438000000e-04,6.063313000000e-05,2.253769000000e-04
3901,78.0200000000,1887.2135515392,1.673307000000e-04,6.063313000000e-05,2.279638000000e-04
3902,78.0400000000,1887.6973284045,1.698267000000e-04,6.063313000000e-05,2.304599000000e-04
3903,78.0600000000,1888.1811052698,1.722302000000e-04,6.063313000000e-05,2.328633000000e-04
3904,78.0800000000,1888.6648821351,1.745395000000e-04,6.063313000000e-05,2.351726000000e-04
3905,78.1000000000,1889.1486590004,1.767529000000e-04,6.063313000000e-05,2.373860000000e-04
3906,78.1200000000,1889.6324358657,1.788689000000e-04,6.063313000000e-05,2.395020000000e-04
3907,78.1400000000,1890.1162127310,1.808861000000e-04,6.063313000000e-05,2.415193000000e-04
3908,78.1600000000,1890.5999895963,1.828032000000e-04,6.063313000000e-05,2.434363000000e-04
3909,78.1800000000,1891.0837664616,1.846187000000e-04,6.063313000000e-05,2.452518000000e-04
3910,78.2000000000,1891.5675433269,1.863316000000e-04,6.063313000000e-05,2.469647000000e-04
3911,78.2200000000,1892.0513201922,1.879406000000e-04,6.063313000000e-05,2.485737000000e-04
3912,78.2400000000,1892.5350970575,1.894448000000e-04,6.063313000000e-05,2.500779000000e-04
3913,78.2600000000,1893.0188739228,1.908432000000e-04,6.063313000000e-05,2.514763000000e-04
3914,78.2800000000,1893.5026507881,1.921349000000e-04,6.063313000000e-05,2.527681000000e-04
3915,78.3000000000,1893.9864276534,1.933192000000e-04,6.063313000000e-05,2.539524000000e-04
3916,78.3200000000,1894.4702045187,1.943954000000e-04,6.063313000000e-05,2.550285000000e-04
3917,78.3400000000,1894.9539813840,1.953629000000e-04,6.063313000000e-05,2.559960000000e-04
3918,78.3600000000,1895.4377582493,1.962211000000e-04,6.063313000000e-05,2.568542000000e-04
3919,78.3800000000,1895.9215351146,1.969697000000e-04,6.063313000000e-05,2.576028000000e-04
3920,78.4000000000,1896.4053119799,1.976083000000e-04,6.063313000000e-05,2.582414000000e-04
3921,78.4200000000,1896.8890888452,1.981366000000e-04,6.063313000000e-05,2.587698000000e-04
3922,78.4400000000,1897.3728657105,1.985547000000e-04,6.063313000000e-05,2.591878000000e-04
3923,78.4600000000,1897.8566425758,1.988623000000e-04,6.063313000000e-05,2.594954000000e-04
3924,78.4800000000,1898.3404194411,1.990595000000e-04,6.063313000000e-05,2.596926000000e-04
3925,78.5000000000,1898.8241963064,1.991464000000e-04,6.063313000000e-05,2.597796000000e-04
3926,78.5200000000,1899.3079731717,1.991233000000e-04,6.063313000000e-05,2.597565000000e-04
3927,78.5400000000,1899.7917500370,1.989905000000e-04,6.063313000000e-05,2.596236000000e-04
3928,78.5600000000,1900.2755269023,1.987483000000e-04,6.063313000000e-05,2.593814000000e-04
3929,78.5800000000,1900.7593037676,1.983971000000e-04,6.063313000000e-05,2.590303000000e-04
3930,78.6000000000,1901.2430806329,1.979377000000e-04,6.063313000000e-05,2.585708000000e-04
3931,78.6200000000,1901.7268574982,1.973705000000e-04,6.063313000000e-05,2.580036000000e-04
3932,78.6400000000,1902.2106343635,1.966963000000e-04,6.063313000000e-05,2.573294000000e-04
3933,78.6600000000,1902.6944112288,1.959160000000e-04,6.063313000000e-05,2.565491000000e-04
3934,78.6800000000,1903.1781880941,1.950304000000e-04,6.063313000000e-05,2.556635000000e-04
3935,78.7000000000,1903.6619649594,1.940404000000e-04,6.063313000000e-05,2.546735000000e-04
3936,78.7200000000,1904.1457418247,1.929472000000e-04,6.063313000000e-05,2.535803000000e-04
3937,78.7400000000,1904.6295186900,1.917518000000e-04,6.063313000000e-05,2.523849000000e-04
3938,78.7600000000,1905.1132955553,1.904554000000e-04,6.063313000000e-05,2.510886000000e-04
3939,78.7800000000,1905.5970724206,1.890593000000e-04,6.063313000000e-05,2.496925000000e-04
3940,78.8000000000,1906.0808492859,1.875649000000e-04,6.063313000000e-05,2.481980000000e-04
3941,78.8200000000,1906.5646261512,1.859735000000e-04,6.063313000000e-05,2.466066000000e-04
3942,78.8400000000,1907.0484030165,1.842865000000e-04,6.063313000000e-05,2.449197000000e-04
3943,78.8600000000,1907.5321798818,1.825056000000e-04,6.063313000000e-05,2.431388000000e-04
3944,78.8800000000,1908.0159567471,1.806324000000e-04,6.063313000000e-05,2.412655000000e-04
3945,78.9000000000,1908.4997336124,1.786684000000e-04,6.063313000000e-05,2.393015000000e-04
3946,78.9200000000,1908.9835104777,1.766154000000e-04,6.063313000000e-05,2.372485000000e-04
3947,78.9400000000,1909.4672873430,1.744752000000e-04,6.063313000000e-05,2.351083000000e-04
3948,78.9600000000,1909.9510642083,1.722496000000e-04,6.063313000000e-05,2.328827000000e-04
3949,78.9800000000,1910.4348410736,1.699405000000e-04,6.063313000000e-05,2.305736000000e-04
3950,79.0000000000,1910.9186179390,1.675497000000e-04,6.063313000000e-05,2.281829000000e-04
3951,79.0200000000,1911.4023948043,1.650794000000e-04,6.063313000000e-05,2.257125000000e-04
3952,79.0400000000,1911.8861716696,1.625315000000e-04,6.063313000000e-05,2.231646000000e-04
3953,79.0600000000,1912.3699485349,1.599080000000e-04,6.063313000000e-05,2.205411000000e-04
3954,79.0800000000,1912.8537254002,1.572111000000e-04,6.063313000000e-05,2.178443000000e-04
3955,79.1000000000,1913.3375022655,1.544430000000e-04,6.063313000000e-05,2.150761000000e-04
3956,79.1200000000,1913.8212791308,1.516058000000e-04,6.063313000000e-05,2.122389000000e-04
3957,79.1400000000,1914.3050559961,1.487017000000e-04,6.063313000000e-05,2.093348000000e-04
3958,79.1600000000,1914.7888328614,1.457330000000e-04,6.063313000000e-05,2.063662000000e-04
3959,79.1800000000,1915.2726097267,1.427020000000e-04,6.063313000000e-05,2.033352000000e-04
3960,79.2000000000,1915.7563865920,1.396110000000e-04,6.063313000000e-05,2.002442000000e-04
3961,79.2200000000,1916.2401634573,1.364624000000e-04,6.063313000000e-05,1.970955000000e-04
3962,79.2400000000,1916.7239403226,1.332584000000e-04,6.063313000000e-05,1.938916000000e-04
3963,79.2600000000,1917.2077171879,1.300016000000e-04,6.063313000000e-05,1.906347000000e-04
3964,79.2800000000,1917.6914940532,1.266943000000e-04,6.063313000000e-05,1.873274000000e-04
3965,79.3000000000,1918.1752709185,1.233389000000e-04,6.063313000000e-05,1.839720000000e-04
3966,79.3200000000,1918.6590477838,1.199379000000e-04,6.063313000000e-05,1.805711000000e-04
3967,79.3400000000,1919.1428246491,1.164939000000e-04,6.063313000000e-05,1.771270000000e-04
3968,79.3600000000,1919.6266015144,1.130092000000e-04,6.063313000000e-05,1.736423000000e-04
3969,79.3800000000,1920.1103783797,1.094863000000e-04,6.063313000000e-05,1.701195000000e-04
3970,79.4000000000,1920.5941552450,1.059279000000e-04,6.063313000000e-05,1.665610000000e-04
3971,79.4200000000,1921.0779321103,1.023363000000e-04,6.063313000000e-05,1.629695000000e-04
3972,79.4400000000,1921.5617089756,9.871422000000e-05,6.063313000000e-05,1.593473000000e-04
3973,79.4600000000,1922.0454858409,9.506407000000e-05,6.063313000000e-05,1.556972000000e-04
3974,79.4800000000,1922.5292627062,9.138845000000e-05,6.063313000000e-05,1.520216000000e-04
3975,79.5000000000,1923.0130395715,8.768990000000e-05,6.063313000000e-05,1.483230000000e-04
3976,79.5200000000,1923.4968164368,8.397097000000e-05,6.063313000000e-05,1.446041000000e-04
3977,79.5400000000,1923.9805933021,8.023423000000e-05,6.063313000000e-05,1.408674000000e-04
3978,79.5600000000,1924.4643701674,7.648222000000e-05,6.063313000000e-05,1.371154000000e-04
3979,79.5800000000,1924.9481470327,7.271751000000e-05,6.063313000000e-05,1.333506000000e-04
3980,79.6000000000,1925.4319238980,6.894264000000e-05,6.063313000000e-05,1.295758000000e-04
3981,79.6200000000,1925.9157007633,6.516019000000e-05,6.063313000000e-05,1.257933000000e-04
3982,79.6400000000,1926.3994776286,6.137269000000e-05,6.063313000000e-05,1.220058000000e-04
3983,79.6600000000,1926.8832544939,5.758268000000e-05,6.063313000000e-05,1.182158000000e-04
3984,79.6800000000,1927.3670313592,5.379272000000e-05,6.063313000000e-05,1.144259000000e-04
3985,79.7000000000,1927.8508082245,5.000534000000e-05,6.063313000000e-05,1.106385000000e-04
3986,79.7200000000,1928.3345850898,4.622305000000e-05,6.063313000000e-05,1.068562000000e-04
3987,79.7400000000,1928.8183619551,4.244837000000e-05,6.063313000000e-05,1.030815000000e-04
3988,79.7600000000,1929.3021388204,3.868382000000e-05,6.063313000000e-05,9.931696000000e-05
3989,79.7800000000,1929.7859156857,3.493189000000e-05,6.063313000000e-05,9.556502000000e-05
3990,79.8000000000,1930.2696925510,3.119506000000e-05,6.063313000000e-05,9.182819000000e-05
3991,79.8200000000,1930.7534694163,2.747580000000e-05,6.063313000000e-05,8.810894000000e-05
3992,79.8400000000,1931.2372462816,2.377658000000e-05,6.063313000000e-05,8.440971000000e-05
3993,79.8600000000,1931.7210231469,2.009984000000e-05,6.063313000000e-05,8.073297000000e-05
3994,79.8800000000,1932.2048000122,1.644799000000e-05,6.063313000000e-05,7.708113000000e-05
3995,79.9000000000,1932.6885768775,1.282347000000e-05,6.063313000000e-05,7.345660000000e-05
3996,79.9200000000,1933.1723537428,9.228651000000e-06,6.063313000000e-05,6.986178000000e-05
3997,79.9400000000,1933.6561306081,5.665920000000e-06,6.063313000000e-05,6.629905000000e-05
3998,79.9600000000,1934.1399074734,2.137630000000e-06,6.063313000000e-05,6.277076000000e-05
3999,79.9800000000,1934.6236843387,-1.353883000000e-06,6.063313000000e-05,5.927925000000e-05
4000,80.0000000000,1935.1074612040,-4.806305000000e-06,6.063313000000e-05,5.582683000000e-05
