# energy_eV,HSE_Re,HSE_Im,TDCDFT_Re,TDCDFT_Im
1.000000000000000021e-02,1.515806849418928834e+02,-2.006456840908401318e+03,2.757595420811461508e+02,-3.658394441042799372e+03
2.000000000000000042e-02,1.505960702906953372e+02,-9.919026606764130065e+02,2.739042701925495749e+02,-1.807893903187555452e+03
2.999999999999999889e-02,1.489700936720554125e+02,-6.488428411000080587e+02,2.708403074189550352e+02,-1.181890441896115362e+03
4.000000000000000083e-02,1.467249987604489263e+02,-4.738317357339020646e+02,2.666092916608476457e+02,-8.623406443968265194e+02
5.000000000000000278e-02,1.438912794685632832e+02,-3.662310975995221725e+02,2.612683358041156794e+02,-6.657316704819229471e+02
5.999999999999999778e-02,1.405070530214582902e+02,-2.925331109362855386e+02,2.548888824613765394e+02,-5.309647612454069758e+02
7.000000000000000666e-02,1.366172822241733513e+02,-2.384057192384144344e+02,2.475552802951546880e+02,-4.319084899704626537e+02
8.000000000000000167e-02,1.322728669716870797e+02,-1.967033589469567687e+02,2.393631166639411560e+02,-3.555359434560584759e+02
8.999999999999999667e-02,1.275296282360155544e+02,-1.634701265468628719e+02,2.304173470564359434e+02,-2.946363281536434897e+02
1.000000000000000056e-01,1.224472102572181171e+02,-1.363407948572114208e+02,2.208302663992011503e+02,-2.448991197073732451e+02
1.100000000000000006e-01,1.170879283951773004e+02,-1.138138883787985947e+02,2.107193707185242602e+02,-2.035884361688456181e+02
1.199999999999999956e-01,1.115155910245068895e+02,-9.488822250579005413e+01,2.002051597243088850e+02,-1.688801994316406763e+02
1.300000000000000044e-01,1.057943239595397813e+02,-7.886729116076026003e+01,1.894089316162202579e+02,-1.395053772859480432e+02
1.400000000000000133e-01,9.998742519043017296e+01,-6.524766293430856479e+01,1.784506207832714324e+02,-1.145464246069468288e+02
1.499999999999999944e-01,9.415627623128992241e+01,-5.365225345846830152e+01,1.674467271097906576e+02,-9.331556797503594680e+01
1.600000000000000033e-01,8.835933418759789504e+01,-4.378889921499551718e+01,1.565083823833288648e+02,-7.527924156879727491e+01
1.700000000000000122e-01,8.265122582534067419e+01,-3.542385982663304134e+01,1.457395949289683301e+02,-6.000976174521569106e+01
1.799999999999999933e-01,7.708196156957768608e+01,-2.836447559095205406e+01,1.352357082069947296e+02,-4.715371497722790650e+01
1.900000000000000022e-01,7.169628359131637296e+01,-2.244762714989188979e+01,1.250821028717815011e+02,-3.641094636985558708e+01
2.000000000000000111e-01,6.653315808526713226e+01,-1.753197491375417272e+01,1.153531648860700471e+02,-2.752046180153763544e+01
2.099999999999999922e-01,6.162541762977301829e+01,-1.349271630862520510e+01,1.061115349201384390e+02,-2.025094252212472767e+01
2.200000000000000011e-01,5.699955528791535642e+01,-1.021804864723999984e+01,9.740764665343590423e+01,-1.439439013283238644e+01
2.300000000000000100e-01,5.267566798618100421e+01,-7.606799833814789302e+00,8.927955395466673849e+01,-9.761919227782017927e+00
2.399999999999999911e-01,4.866754281725475551e+01,-5.566861512448710414e+00,8.175303945994514265e+01,-6.181028325664216894e+00
2.500000000000000000e-01,4.498287636799197742e+01,-4.014170669952432213e+00,7.484199000339667407e+01,-3.493881907970107559e+00
2.600000000000000089e-01,4.162361406892095061e+01,-2.872059724366220479e+00,6.854901787144829939e+01,-1.556270527594416864e+00
2.700000000000000178e-01,3.858639397634086521e+01,-2.070845717500115590e+00,6.286630112167974715e+01,-2.370075428296181952e-01
2.800000000000000266e-01,3.586307739087500579e+01,-1.547564803200230488e+00,5.777661137518168033e+01,5.824145352491744143e-01
2.899999999999999800e-01,3.344134732459327353e+01,-1.245783961428401199e+00,5.325449367465002837e+01,1.008038340032225033e+00
2.999999999999999889e-01,3.130535506812717728e+01,-1.115441007240875804e+00,4.926756028390941822e+01,1.133621849308936280e+00
3.099999999999999978e-01,2.943639497366701363e+01,-1.112678551116393022e+00,4.577785873941607520e+01,1.040852753675145292e+00
3.200000000000000067e-01,2.781358803302855875e+01,-1.199648912628777042e+00,4.274327406709527111e+01,7.996438877456367722e-01
3.300000000000000155e-01,2.641455584709170878e+01,-1.344275938918268354e+00,4.011892583068727447e+01,4.685393414590440231e-01
3.400000000000000244e-01,2.521606809252413228e+01,-1.519966784514084290e+00,3.785852252934788709e+01,9.524670996280315549e-02
3.500000000000000333e-01,2.419464851902231928e+01,-1.705272334984135219e+00,3.591563873013742381e+01,-2.827007227913341247e-01
3.599999999999999867e-01,2.332712677032138870e+01,-1.883499351248316467e+00,3.424488409466669481e+01,-6.371576362057653764e-01
3.699999999999999956e-01,2.259112582315924556e+01,-2.042280748931649459e+00,3.280293800363767076e+01,-9.484696504785112836e-01
3.800000000000000044e-01,2.196547748524188748e+01,-2.173112838862559570e+00,3.154942864355456678e+01,-1.204485161938764648e+00
3.900000000000000133e-01,2.143056109134803222e+01,-2.270869946923468330e+00,3.044764102682304951e+01,-1.399500053396351085e+00
4.000000000000000222e-01,2.096856319497060284e+01,-2.333307697337934528e+00,2.946504429056842511e+01,-1.533162317155535304e+00
4.100000000000000311e-01,2.056365858692413795e+01,-2.360566471131912092e+00,2.857363457749075764e+01,-1.609365272599065477e+00
4.199999999999999845e-01,2.020211530706803060e+01,-2.354686227665859555e+00,2.775009566212154155e+01,-1.635158420055750295e+00
4.299999999999999933e-01,1.987232838708343152e+01,-2.319143089153799853e+00,2.697578507299808237e+01,-1.619704150693535460e+00
4.400000000000000022e-01,1.956478882057789903e+01,-2.258416924266042791e+00,2.623655861254886190e+01,-1.573306645487864364e+00
4.500000000000000111e-01,1.927199566527773911e+01,-2.177597715789513888e+00,2.552245074553686877e+01,-1.506536477502960825e+00
4.600000000000000200e-01,1.898832021891730548e+01,-2.082036846271557717e+00,2.482723218811501553e+01,-1.429470828255507087e+00
4.700000000000000289e-01,1.870983186833511525e+01,-1.977047669059434964e+00,2.414786908143505428e+01,-1.351065001079970740e+00
4.799999999999999822e-01,1.843409549676785630e+01,-1.867657929805510264e+00,2.348391030163452697e+01,-1.278666232160549532e+00
4.899999999999999911e-01,1.815995026662789869e+01,-1.758414838288478554e+00,2.283683069584943226e+01,-1.217675839088916856e+00
5.000000000000000000e-01,1.788727920454813614e+01,-1.653241926876376944e+00,2.220935832515691288e+01,-1.171360684843047117e+00
5.100000000000000089e-01,1.761677834186468417e+01,-1.555345324935257345e+00,2.160481315315547235e+01,-1.140809946325114899e+00
5.200000000000000178e-01,1.734973325384893172e+01,-1.467165771956264964e+00,2.102648308513496289e+01,-1.125028427737045256e+00
5.300000000000000266e-01,1.708780974670609965e+01,-1.390371618682672006e+00,2.047706090646772026e+01,-1.121153304638178083e+00
5.400000000000000355e-01,1.683286421709576786e+01,-1.325887245956861138e+00,1.995816258358940232e+01,-1.124777362686621984e+00
5.500000000000000444e-01,1.658677790959597687e+01,-1.273950774824380794e+00,1.946994369179311235e+01,-1.130358623861964729e+00
5.600000000000000533e-01,1.635131797635593998e+01,-1.234194647236697140e+00,1.901082655372523433e+01,-1.131693827172210121e+00
5.700000000000000622e-01,1.612802694984294760e+01,-1.205742613216497228e+00,1.857734615696528024e+01,-1.122431619449844264e+00
5.799999999999999600e-01,1.591814101860877528e+01,-1.187316847694180000e+00,1.816411822306187318e+01,-1.096600556325045384e+00
5.899999999999999689e-01,1.572253638545535992e+01,-1.177349311358237838e+00,1.776392808228983355e+01,-1.049127126895783135e+00
5.999999999999999778e-01,1.554170201794982198e+01,-1.174092032254903328e+00,1.736793442533872778e+01,-9.763199825865552794e-01
6.099999999999999867e-01,1.537573629564063715e+01,-1.175721682224596609e+00,1.696597770610986089e+01,-8.762983281130298785e-01
6.199999999999999956e-01,1.522436443107819848e+01,-1.180434616240863654e+00,1.654697909884657747e+01,-7.493449512169870763e-01
6.300000000000000044e-01,1.508697309929374164e+01,-1.186529394625585931e+00,1.609941259275073833e+01,-5.981675351478031866e-01
6.400000000000000133e-01,1.496265845154914231e+01,-1.192474680450380520e+00,1.561183014370193867e+01,-4.280556005059800162e-01
6.500000000000000222e-01,1.485028360580260198e+01,-1.196961262260147540e+00,1.507341787894099561e+01,-2.469245310785713188e-01
6.600000000000000311e-01,1.474854178429201923e+01,-1.198937764353665170e+00,1.447456022488546346e+01,-6.524250930291466966e-02
6.700000000000000400e-01,1.465602148883293765e+01,-1.197630346644454447e+00,1.380738853215436990e+01,1.041593291544897909e-01
6.800000000000000488e-01,1.457127044403380545e+01,-1.192547342290210421e+00,1.306629130928396521e+01,2.463887685248506154e-01
6.900000000000000577e-01,1.449285547231762727e+01,-1.183470318157539225e+00,1.224836452371706486e+01,3.448974079166583495e-01
7.000000000000000666e-01,1.441941596580800677e+01,-1.170433460875335063e+00,1.135378253481782451e+01,3.819756544244635732e-01
7.099999999999999645e-01,1.434970916209470637e+01,-1.153693485446381395e+00,1.038607301315980891e+01,3.393214395772132241e-01
7.199999999999999734e-01,1.428264598792576834e+01,-1.133692435128674347e+00,9.352282574847860630e+00,1.986634159624526275e-01
7.299999999999999822e-01,1.421731678318018410e+01,-1.111015796303595593e+00,8.263023701567240309e+00,-5.758279886219792865e-02
7.399999999999999911e-01,1.415300673594227199e+01,-1.086348300117898846e+00,7.132397693443634168e+00,-4.456482022734172821e-01
7.500000000000000000e-01,1.408920133028557586e+01,-1.060429636902353367e+00,5.977792768766016174e+00,-9.797573207615063451e-01
7.600000000000000089e-01,1.402558251731139549e+01,-1.034012085252517643e+00,4.819560832183291232e+00,-1.671511789078573118e+00
7.700000000000000178e-01,1.396201665678788117e+01,-1.007821772307322616e+00,3.680580730083299112e+00,-2.529332933662576721e+00
7.800000000000000266e-01,1.389853553502646832e+01,-9.825249530151478616e-01,2.585719851470072328e+00,-3.557983931644746356e+00
7.900000000000000355e-01,1.383531194181663437e+01,-9.587003418220176876e-01,1.561209576735700821e+00,-4.758189633473178581e+00
8.000000000000000444e-01,1.377263138622903682e+01,-9.368181672784640091e-01,6.339532009198788343e-01,-6.126369024224054272e+00
8.100000000000000533e-01,1.371086155191517086e+01,-9.172262642051676185e-01,-1.692125440801259817e-01,-7.654491662955750009e+00
8.200000000000000622e-01,1.365042104384384025e+01,-9.001431830956085900e-01,-8.222794572367508881e-01,-9.330065405614124785e+00
8.300000000000000711e-01,1.359174886899001322e+01,-8.856579939675571778e-01,-1.300829399945895748e+00,-1.113625842306911018e+01
8.399999999999999689e-01,1.353527593364049508e+01,-8.737362010616301911e-01,-1.582771255847370551e+00,-1.305215411857969876e+01
8.499999999999999778e-01,1.348139964099061139e+01,-8.642309722240067993e-01,-1.649029785652725622e+00,-1.505313317869381429e+01
8.599999999999999867e-01,1.343046244629750774e+01,-8.568987265523312358e-01,-1.484164236077386789e+00,-1.711137280705226971e+01
8.699999999999999956e-01,1.338273498468010914e+01,-8.514180175312966448e-01,-1.076896695570116247e+00,-1.919644933380967089e+01
8.800000000000000044e-01,1.333840413985449835e+01,-8.474105957852144932e-01,-4.205329901581833507e-01,-2.127602699475673376e+01
8.900000000000000133e-01,1.329756618092033982e+01,-8.444635330771386172e-01,4.867377165924950955e-01,-2.331661284788942723e+01
9.000000000000000222e-01,1.326022486784089516e+01,-8.421513329419715310e-01,1.641674631077771673e+00,-2.528435563510510065e+01
9.100000000000000311e-01,1.322629422215392125e+01,-8.400570376510361204e-01,3.035954209536815718e+00,-2.714586497350980565e+01
9.200000000000000400e-01,1.319560548383656062e+01,-8.377914593533850596e-01,4.656277748407303463e+00,-2.886902661925006797e+01
9.300000000000000488e-01,1.316791763263520920e+01,-8.350098078468999319e-01,6.484614863801688500e+00,-3.042378970430011265e+01
9.400000000000000577e-01,1.314293074545547668e+01,-8.314251507866228241e-01,8.498575794498982816e+00,-3.178290279287176290e+01
9.500000000000000666e-01,1.312030139192020073e+01,-8.268183164968555543e-01,1.067190147662707567e+01,-3.292257730139677108e+01
9.599999999999999645e-01,1.309965923782015018e+01,-8.210440274155754725e-01,1.297505674283268462e+01,-3.382305921083969480e+01
9.699999999999999734e-01,1.308062402945378366e+01,-8.140332265357527186e-01,1.537590891231840295e+01,-3.446909298550585987e+01
9.799999999999999822e-01,1.306282216818043196e+01,-8.057917236564555719e-01,1.784047155998241863e+01,-3.485026509143149553e+01
9.899999999999999911e-01,1.304590215032155598e+01,-7.963954372671457893e-01,2.033369146011305517e+01,-3.496121835663290511e+01
1.000000000000000000e+00,1.302954823849132460e+01,-7.859826368410601782e-01,2.282025564495904391e+01,-3.480173250008959229e+01
1.010000000000000009e+00,1.301349184159041350e+01,-7.747436955830522276e-01,2.526539522686739758e+01,-3.437667033484305534e+01
1.020000000000000018e+00,1.299752020674065456e+01,-7.629089426790659489e-01,2.763566310327943398e+01,-3.369579328002140528e+01
1.030000000000000027e+00,1.298148216185773762e+01,-7.507352552885356856e-01,2.989966386868125170e+01,-3.277345375768063462e+01
1.040000000000000036e+00,1.296529078681553493e+01,-7.384920533973882151e-01,3.202871614316525495e+01,-3.162817567252661277e+01
1.050000000000000044e+00,1.294892302885198632e+01,-7.264473556834747381e-01,3.399743001697353151e+01,-3.028213735863655387e+01
1.060000000000000053e+00,1.293241640890022737e+01,-7.148545231402063660e-01,3.578418530764842842e+01,-2.876057402745120939e+01
1.070000000000000062e+00,1.291586308522741433e+01,-7.039402616047552019e-01,3.737149971838405094e+01,-2.709111878659727779e+01
1.080000000000000071e+00,1.289940164500968756e+01,-6.938943775412081960e-01,3.874627964826022719e+01,-2.530310266392131879e+01
1.090000000000000080e+00,1.288320707980989077e+01,-6.848616870727826100e-01,3.989995020562850669e+01,-2.342683473489446655e+01
1.100000000000000089e+00,1.286747946464654468e+01,-6.769363704926416592e-01,4.082846478138252166e+01,-2.149288340936574215e+01
1.110000000000000098e+00,1.285243190056882234e+01,-6.701589478417969703e-01,4.153219821851136828e+01,-1.953137920595028376e+01
1.120000000000000107e+00,1.283827829637023754e+01,-6.645159303919161431e-01,4.201573104529142455e+01,-1.757135797364522389e+01
1.130000000000000115e+00,1.282522155617923509e+01,-6.599420828565718544e-01,4.228753531096469231e+01,-1.564016157695827047e+01
1.140000000000000124e+00,1.281344270695685772e+01,-6.563251166439221240e-01,4.235957518003699818e+01,-1.376291062819256261e+01
1.150000000000000133e+00,1.280309144509392283e+01,-6.535125299816665345e-01,4.224683752885052002e+01,-1.196206102904986146e+01
1.159999999999999920e+00,1.279427850685234169e+01,-6.513202204160248865e-01,4.196680929179999708e+01,-1.025705298495254603e+01
1.169999999999999929e+00,1.278707017660698142e+01,-6.495424225795615181e-01,4.153891919342262895e+01,-8.664057897516959983e+00
1.179999999999999938e+00,1.278148514363508070e+01,-6.479624721154275679e-01,4.098396176904823562e+01,-7.195825243400405746e+00
1.189999999999999947e+00,1.277749380699426318e+01,-6.463638672995069001e-01,4.032352123630772667e+01,-5.861628328474774108e+00
1.199999999999999956e+00,1.277502001360322126e+01,-6.445410943691879391e-01,3.957941186988511362e+01,-4.667304775002389050e+00
1.209999999999999964e+00,1.277394510193118116e+01,-6.423097010247267313e-01,3.877315010943745932e+01,-3.615384855089826210e+00
1.219999999999999973e+00,1.277411401762591225e+01,-6.395151441880457810e-01,3.792547176932755804e+01,-2.705298410477090520e+00
1.229999999999999982e+00,1.277534317264276531e+01,-6.360400010609249533e-01,3.705590550577065301e+01,-1.933649163648861524e+00
1.239999999999999991e+00,1.277742964022314887e+01,-6.318092140549734781e-01,3.618241122867178206e+01,-1.294543775981041867e+00
1.250000000000000000e+00,1.278016121802180294e+01,-6.267931366559554851e-01,3.532108952359340748e+01,-7.799620723816945711e-01
1.260000000000000009e+00,1.278332685361084131e+01,-6.210082544089964296e-01,3.448596547678863544e+01,-3.801544351734920668e-01
1.270000000000000018e+00,1.278672691235604297e+01,-6.145155681064474740e-01,3.368884767285383930e+01,-8.405245923430387789e-02
1.280000000000000027e+00,1.279018277807264781e+01,-6.074167397273614322e-01,3.293926065320010821e+01,1.203204765915931729e-01
1.290000000000000036e+00,1.279354531160858244e+01,-5.998482104138954663e-01,3.224444686680882910e+01,2.454510788867685367e-01
1.300000000000000044e+00,1.279670175011955280e+01,-5.919735986083691781e-01,3.160943218205969529e+01,3.039614567435831027e-01
1.310000000000000053e+00,1.279958070774315360e+01,-5.839747706294314833e-01,3.103714741387881304e+01,3.082672542140503791e-01
1.320000000000000062e+00,1.280215503309186076e+01,-5.760420412695325121e-01,3.052859709134223110e+01,2.702761179369294053e-01
1.330000000000000071e+00,1.280444238605010909e+01,-5.683640051128003856e-01,3.008306586699287877e+01,2.011320470158162177e-01
1.340000000000000080e+00,1.280650351068987725e+01,-5.611175178813132547e-01,2.969835255293541465e+01,1.110091581731727367e-01
1.350000000000000089e+00,1.280843829718382487e+01,-5.544583400501243986e-01,2.937102174618765815e+01,8.956423696296393622e-03
1.360000000000000098e+00,1.281037983768599631e+01,-5.485129222962276119e-01,2.909666334772393981e+01,-9.720692429569702253e-02
1.370000000000000107e+00,1.281248678365584048e+01,-5.433717553997514660e-01,2.887015094420058858e+01,-2.009473187804363126e-01
1.380000000000000115e+00,1.281493439978916271e+01,-5.390846285601580412e-01,2.868589095625609175e+01,-2.970275698738480408e-01
1.390000000000000124e+00,1.281790477800663730e+01,-5.356580434221712705e-01,2.853805560288160237e+01,-3.814770191752944739e-01
1.400000000000000133e+00,1.282157672015031658e+01,-5.330549210901650570e-01,2.842079402369749985e+01,-4.515266993309092203e-01
1.409999999999999920e+00,1.282611581756779628e+01,-5.311966214687215970e-01,2.832841727488174044e+01,-5.055156696930965809e-01
1.419999999999999929e+00,1.283166524830105537e+01,-5.299671743221719966e-01,2.825555430661043488e+01,-5.427750106461328716e-01
1.429999999999999938e+00,1.283833777817731026e+01,-5.292195056227322336e-01,2.819727738135784278e+01,-5.634959906570192745e-01
1.439999999999999947e+00,1.284620939214331692e+01,-5.287833370780974374e-01,2.814919665133794169e+01,-5.685886984045455117e-01
1.449999999999999956e+00,1.285531489945617345e+01,-5.284743467977690567e-01,2.810752473663935547e+01,-5.595369933109667349e-01
1.459999999999999964e+00,1.286564575483576434e+01,-5.281041097581700150e-01,2.806911310025644823e+01,-5.382550138235350223e-01
1.469999999999999973e+00,1.287715022243501473e+01,-5.274902919550461533e-01,2.803146278024444626e+01,-5.069497402025646693e-01
1.479999999999999982e+00,1.288973588634013723e+01,-5.264665545707466476e-01,2.799271260174723253e+01,-4.679932850878559814e-01
1.489999999999999991e+00,1.290327438663421056e+01,-5.248916354341568447e-01,2.795160835252876907e+01,-4.238077273692962277e-01
1.500000000000000000e+00,1.291760814039592553e+01,-5.226571143374261208e-01,2.790745657458048612e+01,-3.767644561613732734e-01
1.510000000000000009e+00,1.293255869876181308e+01,-5.196934347196098258e-01,2.786006661955941865e+01,-3.290991899763454076e-01
1.520000000000000018e+00,1.294793630026144093e+01,-5.159738437173395642e-01,2.780968446217354995e+01,-2.828431127008998458e-01
1.530000000000000027e+00,1.296355011212969899e+01,-5.115160211946234714e-01,2.775692149291870336e+01,-2.397699460395973370e-01
1.540000000000000036e+00,1.297921860919175607e+01,-5.063812905820701538e-01,2.770268115224855521e+01,-2.013582726154483360e-01
1.550000000000000044e+00,1.299477952684528859e+01,-5.006714338405896525e-01,2.764808585540579955e+01,-1.687680413776441735e-01
1.560000000000000053e+00,1.301009884176419362e+01,-4.945232627788702651e-01,2.759440622248016695e+01,-1.428299258066355326e-01
1.570000000000000062e+00,1.302507828075085250e+01,-4.881012223179463372e-01,2.754299420036813828e+01,-1.240460569342491659e-01
1.580000000000000071e+00,1.303966093259422188e+01,-4.815884113623085105e-01,2.749522126617815587e+01,-1.126006028214475430e-01
1.590000000000000080e+00,1.305383463625105200e+01,-4.751764975577770778e-01,2.745242255355752548e+01,-1.083786948843620396e-01
1.600000000000000089e+00,1.306763293619351884e+01,-4.690550681877510009e-01,2.741584745636807696e+01,-1.109922876640931505e-01
1.610000000000000098e+00,1.308113352628047288e+01,-4.634009968226923126e-01,2.738661704351011039e+01,-1.198116596924982402e-01
1.620000000000000107e+00,1.309445424012037407e+01,-4.583684116159033040e-01,2.736568846354201767e+01,-1.340013971802749004e-01
1.630000000000000115e+00,1.310774678125874360e+01,-4.540798255026286534e-01,2.735382642142522513e+01,-1.525598298415430931e-01
1.640000000000000124e+00,1.312118851324037649e+01,-4.506189319015405093e-01,2.735158176087404769e+01,-1.743609934194925715e-01
1.650000000000000133e+00,1.313497274060443054e+01,-4.480254844392745905e-01,2.735927716959257339e+01,-1.981982651943972606e-01
1.660000000000000142e+00,1.314929800084171774e+01,-4.462925699176590322e-01,2.737700002432475799e+01,-2.228288510294101077e-01
1.669999999999999929e+00,1.316435694904583897e+01,-4.453664558180792099e-01,2.740460239087462213e+01,-2.470182949498493929e-01
1.679999999999999938e+00,1.318032544758913183e+01,-4.451490538052326196e-01,2.744170817490348568e+01,-2.695841398046030513e-01
1.689999999999999947e+00,1.319735247045855431e+01,-4.455028964424452842e-01,2.748772736873367961e+01,-2.894377999356694819e-01
1.699999999999999956e+00,1.321555139549022151e+01,-4.462583835296811130e-01,2.754187724765766987e+01,-3.056236275479851661e-01
1.709999999999999964e+00,1.323499318908558564e+01,-4.472229249396109663e-01,2.760321023111126593e+01,-3.173540798357437076e-01
1.719999999999999973e+00,1.325570189032269219e+01,-4.481914958948031158e-01,2.767064793949799295e+01,-3.240398413414203871e-01
1.729999999999999982e+00,1.327765267959234308e+01,-4.489580347443130059e-01,2.774302075186309224e+01,-3.253137426909055163e-01
1.739999999999999991e+00,1.330077267731456914e+01,-4.493270576405314909e-01,2.781911191365064084e+01,-3.210473581732800064e-01
1.750000000000000000e+00,1.332494446834322765e+01,-4.491248426908570068e-01,2.789770497269507743e+01,-3.113592728258829379e-01
1.760000000000000009e+00,1.335001219547674722e+01,-4.482095499637940295e-01,2.797763305431507774e+01,-2.966141925221347786e-01
1.770000000000000018e+00,1.337578991946202756e+01,-4.464796930258195240e-01,2.805782824420815302e+01,-2.774123304392889788e-01
1.780000000000000027e+00,1.340207181122540270e+01,-4.438804603668167759e-01,2.813736915299935859e+01,-2.545688366241187772e-01
1.790000000000000036e+00,1.342864363236230574e+01,-4.404074971397361482e-01,2.821552461028075243e+01,-2.290834344083303442e-01
1.800000000000000044e+00,1.345529487866326335e+01,-4.361078933921679335e-01,2.829179139792354647e+01,-2.021008724216173114e-01
1.810000000000000053e+00,1.348183091369012132e+01,-4.310782772770797577e-01,2.836592399754793092e+01,-1.748632728539279702e-01
1.820000000000000062e+00,1.350808440841677438e+01,-4.254600724170257142e-01,2.843795450517053069e+01,-1.486559300910019754e-01
1.830000000000000071e+00,1.353392543000852477e+01,-4.194321388571992104e-01,2.850820116064611653e+01,-1.247485606489112941e-01
1.840000000000000080e+00,1.355926958713410713e+01,-4.132011679294098072e-01,2.857726434682333760e+01,-1.043343959751939637e-01
1.850000000000000089e+00,1.358408373789517753e+01,-4.069903342618679809e-01,2.864600942206803680e+01,-8.846981526046808486e-02
1.860000000000000098e+00,1.360838889466178969e+01,-4.010268153422362758e-01,2.871553634131161203e+01,-7.801740949326094188e-02
1.870000000000000107e+00,1.363226011121703074e+01,-3.955288639907801329e-01,2.878713666961161621e+01,-7.359542851214134762e-02
1.880000000000000115e+00,1.365582330363411856e+01,-3.906931570111227270e-01,2.886223926721362432e+01,-7.553647372614503974e-02
1.890000000000000124e+00,1.367924912823433381e+01,-3.866831413147214791e-01,2.894234659087512540e+01,-8.385805191994241681e-02
1.900000000000000133e+00,1.370274420829731987e+01,-3.836190562869893350e-01,2.902896417494887160e+01,-9.824720010120156777e-02
1.910000000000000142e+00,1.372654015641633762e+01,-3.815702296537764049e-01,2.912352638927288240e+01,-1.180608367979091577e-01
1.919999999999999929e+00,1.375088097255049746e+01,-3.805501274032971337e-01,2.922732198301702411e+01,-1.423428099367100852e-01
1.929999999999999938e+00,1.377600950101311739e+01,-3.805144922514581696e-01,2.934142318214610867e+01,-1.698578226188781626e-01
1.939999999999999947e+00,1.380215369645177503e+01,-3.813627372986918007e-01,2.946662218719377080e+01,-1.991415607958364198e-01
1.949999999999999956e+00,1.382951347482402049e+01,-3.829425808836621203e-01,2.960337879985601006e+01,-2.285654624476040342e-01
1.959999999999999964e+00,1.385824890814940602e+01,-3.850577250637151616e-01,2.975178258345428972e+01,-2.564137022478199524e-01
1.969999999999999973e+00,1.388847046148329767e+01,-3.874782038884171942e-01,2.991153243628650316e+01,-2.809691668822510979e-01
1.979999999999999982e+00,1.392023186958942560e+01,-3.899528687340594879e-01,3.008193574227813372e+01,-3.006045118203661826e-01
1.989999999999999991e+00,1.395352611398976705e+01,-3.922233457290307812e-01,3.026192838537825835e+01,-3.138738650312705158e-01
2.000000000000000000e+00,1.398828479535627700e+01,-3.940387027268407727e-01,3.045011590856586992e+01,-3.196004158214248436e-01
2.010000000000000231e+00,1.402438101026518957e+01,-3.951700066117719290e-01,3.064483501010348832e+01,-3.169550284409707874e-01
2.020000000000000018e+00,1.406163564516803710e+01,-3.954239400343161348e-01,3.084423345109714276e+01,-3.055211708449401264e-01
2.030000000000000249e+00,1.409982680484814743e+01,-3.946546816217621489e-01,3.104636535673671460e+01,-2.853418574662651142e-01
2.040000000000000036e+00,1.413870190863734244e+01,-3.927733343699552071e-01,3.124929788821870602e+01,-2.569449663426931485e-01
2.049999999999999822e+00,1.417799182587468998e+01,-3.897543097888669372e-01,3.145122440183104473e+01,-2.213441870229514441e-01
2.060000000000000053e+00,1.421742629210228515e+01,-3.856382344954840669e-01,3.165057855052566183e+01,-1.800139544365246813e-01
2.069999999999999840e+00,1.425674975735462269e+01,-3.805311332038421868e-01,3.184614336889644193e+01,-1.348379808285216919e-01
2.080000000000000071e+00,1.429573677360215100e+01,-3.745998475694545804e-01,3.203714925217749965e+01,-8.803235744922742467e-02
2.089999999999999858e+00,1.433420603351921585e+01,-3.680638629679064966e-01,3.222335491850030564e+01,-4.204559577287268757e-02
2.100000000000000089e+00,1.437203222814009251e+01,-3.611839232288727164e-01,3.240510594149896662e+01,5.606554077138205684e-04
2.109999999999999876e+00,1.440915499472260741e+01,-3.542480047943455390e-01,3.258336625188150038e+01,3.724521815435739153e-02
2.120000000000000107e+00,1.444558437358107561e+01,-3.475553855544896709e-01,3.275971910980045720e+01,6.562923301850460966e-02
2.129999999999999893e+00,1.448140237653931983e+01,-3.413996698490096016e-01,3.293633540657340575e+01,8.363931566976955112e-02
2.140000000000000124e+00,1.451676048053484891e+01,-3.360517117838637824e-01,3.311590871120640855e+01,8.964454798454637996e-02
2.149999999999999911e+00,1.455187308657585099e+01,-3.317434084395450289e-01,3.330155816770300703e+01,8.257963207565155450e-02
2.160000000000000142e+00,1.458700721435211634e+01,-3.286533098050979929e-01,3.349670209616599692e+01,6.204671752849028749e-02
2.169999999999999929e+00,1.462246892346891869e+01,-3.268949133927290251e-01,3.370490686979963613e+01,2.838898719480380251e-02
2.180000000000000160e+00,1.465858715085502162e+01,-3.265083815357794905e-01,3.392971724324461036e+01,-1.726994896958801429e-02
2.189999999999999947e+00,1.469569581865353847e+01,-3.274562443507486598e-01,3.417447570810873003e+01,-7.302547313893384406e-02
2.200000000000000178e+00,1.473411518769831297e+01,-3.296234399337903409e-01,3.444213956704693658e+01,-1.362331615421348840e-01
2.209999999999999964e+00,1.477413350056588470e+01,-3.328218065048114127e-01,3.473510517561811639e+01,-2.035928264907337082e-01
2.220000000000000195e+00,1.481598996993529305e+01,-3.367988915589203991e-01,3.505504914210393252e+01,-2.712743605609691522e-01
2.229999999999999982e+00,1.485986012040818061e+01,-3.412506943337949017e-01,3.540279615714811712e+01,-3.350821572062166465e-01
2.240000000000000213e+00,1.490584438612232709e+01,-3.458377240605549630e-01,3.577822252491569088e+01,-3.906527020972765385e-01
2.250000000000000000e+00,1.495396070680927281e+01,-3.502035510829971665e-01,3.618020338479172437e+01,-4.336778626244745527e-01
2.260000000000000231e+00,1.500414165890148155e+01,-3.539948633236119080e-01,3.660661006971530895e+01,-4.601445548916008876e-01
2.270000000000000018e+00,1.505623641618849895e+01,-3.568819271172437024e-01,3.705436208934229825e+01,-4.665799391528738238e-01
2.280000000000000249e+00,1.511001756895116444e+01,-3.585782969185078994e-01,3.751953592056540288e+01,-4.502901772861686580e-01
2.290000000000000036e+00,1.516519255572341507e+01,-3.588586275336260734e-01,3.799753022150697035e+01,-4.095801564407157147e-01
2.300000000000000266e+00,1.522141919301046187e+01,-3.575735166190143755e-01,3.848328436161475707e+01,-3.439414996641587674e-01
2.310000000000000053e+00,1.527832454068670032e+01,-3.546604419257787799e-01,3.897154439618409327e+01,-2.541966831024788931e-01
2.319999999999999840e+00,1.533552612891426392e+01,-3.501500512850912461e-01,3.945716793255051158e+01,-1.425881714083457596e-01
2.330000000000000071e+00,1.539265440918604000e+01,-3.441673044217476440e-01,3.993545686379592041e+01,-1.280315294787546035e-02
2.339999999999999858e+00,1.544937518808992749e+01,-3.369272422304140924e-01,4.040250480731030791e+01,1.300733379919941923e-01
2.350000000000000089e+00,1.550541076519838768e+01,-3.287254567002864669e-01,4.085554439418124417e+01,2.796814519120631171e-01
2.359999999999999876e+00,1.556055853019284285e+01,-3.199236371843365290e-01,4.129327841086191597e+01,4.285872000093148837e-01
2.370000000000000107e+00,1.561470587918867636e+01,-3.109308593839995027e-01,4.171617827704817927e+01,5.685589586662695982e-01
2.379999999999999893e+00,1.566784048253078332e+01,-3.021815456239634323e-01,4.212673350937011918e+01,6.909145459316199389e-01
2.390000000000000124e+00,1.572005516851284312e+01,-2.941112431737480382e-01,4.252963669823402171e+01,7.869301841730187430e-01
2.399999999999999911e+00,1.577154696840515058e+01,-2.871315279613631533e-01,4.293189011409383937e+01,8.482993921764057088e-01
2.410000000000000142e+00,1.582261018367489314e+01,-2.816054332360121704e-01,4.334282232803398216e+01,8.676268844880467013e-01
2.419999999999999929e+00,1.587362366980832817e+01,-2.778248192555858309e-01,4.377400611777308370e+01,8.389400359239632676e-01
2.430000000000000160e+00,1.592503286464008028e+01,-2.759910375638581770e-01,4.423907234318377846e+01,7.581985218424024398e-01
2.439999999999999947e+00,1.597732740394042850e+01,-2.762001028255027246e-01,4.475341829840952101e+01,6.237814777419109502e-01
2.450000000000000178e+00,1.603101544503047649e+01,-2.784333718141464020e-01,4.533381314215009183e+01,4.369310183358323108e-01
2.459999999999999964e+00,1.608659604367483809e+01,-2.825544525117703043e-01,4.599790721868151167e+01,2.021312710180722394e-01
2.470000000000000195e+00,1.614453108615647992e+01,-2.883127397024744520e-01,4.676365624425499590e+01,-7.259676583282927143e-02
2.479999999999999982e+00,1.620521835627660323e+01,-2.953536134545221015e-01,4.764867527750402587e+01,-3.755022442300132157e-01
2.490000000000000213e+00,1.626896730905254884e+01,-3.032349623957381612e-01,4.866954095248016898e+01,-6.910283032266790748e-01
2.500000000000000000e+00,1.633597902663234436e+01,-3.114493250404333780e-01,4.984106347331741205e+01,-9.998641825718781462e-01
2.510000000000000231e+00,1.640633164972488345e+01,-3.194506003184014453e-01,5.117555221171077307e+01,-1.279133006221210067e+00
2.520000000000000018e+00,1.647997231680459507e+01,-3.266839828156475334e-01,5.268210029699336872e+01,-1.502718101658971017e+00
2.530000000000000249e+00,1.655671631522409726e+01,-3.326175471019373608e-01,5.436591425669452349e+01,-1.641725895234435351e+00
2.540000000000000036e+00,1.663625376899342712e+01,-3.367737539938265301e-01,5.622771449880984562e+01,-1.665078474302014833e+00
2.550000000000000266e+00,1.671816377656504926e+01,-3.387590909195729583e-01,5.826323120692119062e+01,-1.540224018320494936e+00
2.560000000000000053e+00,1.680193549013753440e+01,-3.382900953443483405e-01,6.046281806403749925e+01,-1.233948659558393723e+00
2.569999999999999840e+00,1.688699521872633369e+01,-3.352141459818883118e-01,6.281120318577841743e+01,-7.132691204160903631e-01
2.580000000000000071e+00,1.697273826364050819e+01,-3.295236373805882080e-01,6.528739281869967215e+01,5.361814361968601783e-02
2.589999999999999858e+00,1.705856387901157589e+01,-3.213624701896620195e-01,6.786473886774902553e+01,1.096358440863084871e+00
2.600000000000000089e+00,1.714391151123642132e+01,-3.110241777044952527e-01,7.051117630826354343e+01,2.441460134830354622e+00
2.609999999999999876e+00,1.722829632570018532e+01,-2.989414504428135611e-01,7.318963118477878993e+01,4.111345938170066994e+00
2.620000000000000107e+00,1.731134198849795425e+01,-2.856672922181930363e-01,7.585859438882448558e+01,6.123464459206059196e+00
2.629999999999999893e+00,1.739280874133679688e+01,-2.718485186648619267e-01,7.847285093645437826e+01,8.489491264150766270e+00
2.640000000000000124e+00,1.747261498980139649e+01,-2.581927663982355736e-01,8.098434922960595372e+01,1.121464672269481611e+01
2.649999999999999911e+00,1.755085091306875000e+01,-2.454305920651423112e-01,8.334318997224391978e+01,1.429715495967855432e+01
2.660000000000000142e+00,1.762778298534431087e+01,-2.342745810747902113e-01,8.549871019671878969e+01,1.772786443538452517e+01
2.669999999999999929e+00,1.770384875857246954e+01,-2.253776343382553338e-01,8.740063439034177861e+01,2.149004614820497849e+01
2.680000000000000160e+00,1.777964177030884230e+01,-2.192927405829495635e-01,8.900026212192889830e+01,2.555938034981959461e+01
2.689999999999999947e+00,1.785588698414727915e+01,-2.164365597080402381e-01,9.025165994572874695e+01,2.990413715941414097e+01
2.700000000000000178e+00,1.793340771429277325e+01,-2.170590332668745626e-01,9.111282476276599596e+01,3.448555074906960982e+01
2.709999999999999964e+00,1.801308550112157647e+01,-2.212210022135458753e-01,9.154678626645296902e+01,3.925838104320745003e+01
2.720000000000000195e+00,1.809581486161420116e+01,-2.287814571082328330e-01,9.152261757144921717e+01,4.417165132613736489e+01
2.729999999999999982e+00,1.818245521009190568e+01,-2.393955863366583059e-01,9.101632556617342118e+01,4.916954497018270587e+01
2.740000000000000213e+00,1.827378250693702100e+01,-2.525242440773640129e-01,9.001159584964345584e+01,5.419243985404567354e+01
2.750000000000000000e+00,1.837044332704343574e+01,-2.674548576225024843e-01,8.850037119146010411e+01,5.917805508665509961e+01
2.760000000000000231e+00,1.847291403283756139e+01,-2.833331632951635037e-01,8.648324714346696851e+01,6.406268150815368756e+01
2.770000000000000018e+00,1.858146758306804358e+01,-2.992045344377147198e-01,8.396967356736369936e+01,6.878246519788849866e+01
2.780000000000000249e+00,1.869615021002836386e+01,-3.140630777285882691e-01,8.097795624631852718e+01,7.327471193600575816e+01
2.790000000000000036e+00,1.881676976410425794e+01,-3.269061587458372276e-01,7.753505823712542622e+01,7.747918026146921022e+01
2.800000000000000266e+00,1.894289697280015616e+01,-3.367916051467563787e-01,7.367620601123952895e+01,8.133933143052263404e+01
2.810000000000000053e+00,1.907388021597679639e+01,-3.428945528405522025e-01,6.944431055558567323e+01,8.480350615713341256e+01
2.819999999999999840e+00,1.920887371022623213e+01,-3.445607681384207921e-01,6.488921830004144908e+01,8.782600043115488120e+01
2.830000000000000071e+00,1.934687825808858719e+01,-3.413533110542427140e-01,6.006681087157471666e+01,9.036801585410761106e+01
2.839999999999999858e+00,1.948679299017890187e+01,-3.330896075939649426e-01,5.503797613413026824e+01,9.239846367812707228e+01
2.850000000000000089e+00,1.962747584940326462e+01,-3.198663691798307451e-01,4.986747567633793921e+01,9.389460593622844442e+01
2.859999999999999876e+00,1.976780997463761125e+01,-3.020703235307828916e-01,4.462273580455519806e+01,9.484252155747272184e+01
2.870000000000000107e+00,1.990677267199314926e+01,-2.803733828843305020e-01,3.937259016669635514e+01,9.523739001162422824e+01
2.879999999999999893e+00,2.004350334574874637e+01,-2.557116439147291698e-01,3.418600238361558041e+01,9.508358967047060162e+01
2.890000000000000124e+00,2.017736662223115829e+01,-2.292484537297371505e-01,2.913079653898519084e+01,9.439461256243615139e+01
2.899999999999999911e+00,2.030800695426506408e+01,-2.023226472355913741e-01,2.427242214086212968e+01,9.319280140332686813e+01
2.910000000000000142e+00,2.043539124790024175e+01,-1.763839188103149547e-01,1.967277830497584645e+01,9.150891859797236805e+01
2.919999999999999929e+00,2.055983650351043579e+01,-1.529180901429764705e-01,1.538911952439802455e+01,8.938156023657046489e+01
2.930000000000000160e+00,2.068202009632591398e+01,-1.333657317403320330e-01,1.147306259689499086e+01,8.685643089179649223e+01
2.939999999999999947e+00,2.080297111324837900e+01,-1.190381466808868860e-01,7.969711199820654457e+00,8.398549721998129769e+01
2.950000000000000178e+00,2.092404208040103697e+01,-1.110350959130687182e-01,4.916911352634267374e+00,8.082603996907711519e+01
2.959999999999999964e+00,2.104686141830516988e+01,-1.101688065001188710e-01,2.344647703616888013e+00,7.743962500894242851e+01
2.970000000000000195e+00,2.117326800163116474e+01,-1.168987387647413417e-01,2.745873246111403265e-01,7.389101445838635129e+01
2.979999999999999982e+00,2.130523022679318146e+01,-1.312812870009413269e-01,-1.280225413687026581e+00,7.024703893933177312e+01
2.990000000000000213e+00,2.144475295017396377e+01,-1.529380545568939098e-01,-2.315522209526304831e+00,6.657545150630157593e+01
3.000000000000000000e+00,2.159377650026576134e+01,-1.810455927879383586e-01,-2.835814390813585106e+00,6.294378295373427079e+01
3.010000000000000231e+00,2.175407263979687400e+01,-2.143485514027098082e-01,-2.854250939706644008e+00,5.941821707368328020e+01
3.020000000000000018e+00,2.192714281636378004e+01,-2.511970926526702619e-01,-2.392337252551541393e+00,5.606250310168834972e+01
3.030000000000000249e+00,2.211412425805705340e+01,-2.896082206277613147e-01,-1.479522589137445721e+00,5.293692112416256634e+01
3.040000000000000036e+00,2.231570942042183603e+01,-3.273494240883824125e-01,-1.526655483686825132e-01,5.009731469351322630e+01
3.050000000000000266e+00,2.253208396133577551e+01,-3.620417863850878271e-01,1.544611977221649557e+00,4.759420336301915455e+01
3.060000000000000053e+00,2.276288781274269013e+01,-3.912785411099266031e-01,3.562671027228403453e+00,4.547198635425225888e+01
3.070000000000000284e+00,2.300720304808053740e+01,-4.127540086985689860e-01,5.846689930612845920e+00,4.376824713249045118e+01
3.080000000000000071e+00,2.326357114065185527e+01,-4.243969952379224586e-01,8.337574170711345545e+00,4.251316730181272163e+01
3.089999999999999858e+00,2.353004091277524878e+01,-4.245021217161401017e-01,1.097292864756016506e+01,4.172905693831755514e+01
3.100000000000000089e+00,2.380424704122480151e+01,-4.118522221011534090e-01,1.368807879009947470e+01,4.143000724109997890e+01
3.109999999999999876e+00,2.408351747325491132e+01,-3.858249324870173247e-01,1.641712655478673355e+01,4.162167016951482168e+01
3.120000000000000107e+00,2.436500658801783459e+01,-3.464769079954889142e-01,1.909402693516376459e+01,4.230116851765435371e+01
3.129999999999999893e+00,2.464584948254449870e+01,-2.945997510383291385e-01,2.165367019561709583e+01,4.345713861477067042e+01
3.140000000000000124e+00,2.492333144206186191e+01,-2.317427000791341674e-01,2.403295464268808956e+01,4.506990649548121297e+01
3.149999999999999911e+00,2.519506554046105151e+01,-1.601983826150192025e-01,2.617183438324701683e+01,4.711179692180721901e+01
3.160000000000000142e+00,2.545917047083063878e+01,-8.294943520499215017e-02,2.801432622748383494e+01,4.954757303384550227e+01
3.169999999999999929e+00,2.571444018093667339e+01,-3.575479026287251786e-03,2.950945972287019714e+01,5.233500264148665337e+01
3.180000000000000160e+00,2.596049672450559953e+01,7.387825760801099151e-02,3.061215430705012608e+01,5.542554524401033689e+01
3.189999999999999947e+00,2.619791796122338923e+01,1.450675358084151101e-01,3.128400780044946927e+01,5.876515179095635943e+01
3.200000000000000178e+00,2.642833235476777531e+01,2.055459885831194267e-01,3.149398098015950964e+01,6.229516700621392289e+01
3.209999999999999964e+00,2.665447411934775701e+01,2.509856846182859647e-01,3.121896383737377079e+01,6.595332183390057423e+01
3.220000000000000195e+00,2.688019332345599111e+01,2.774133071686830099e-01,3.044421036442635753e+01,6.967480129080233553e+01
3.229999999999999982e+00,2.711041722966046308e+01,2.814527060292307814e-01,2.916363037446430795e+01,7.339337080055719298e+01
3.240000000000000213e+00,2.735106107002173559e+01,2.605637564459706845e-01,2.737992894093823892e+01,7.704254202433256182e+01
3.250000000000000000e+00,2.760888855300511224e+01,2.132670390789306591e-01,2.510458655046176091e+01,8.055675738286160481e+01
3.260000000000000231e+00,2.789132458352591470e+01,1.393438761793623082e-01,2.235767596557831993e+01,8.387257097892461388e+01
3.270000000000000018e+00,2.820622485957696313e+01,4.000173896289062336e-02,1.916751504662391525e+01,8.692980256856453991e+01
3.280000000000000249e+00,2.856160908988556457e+01,-8.200402220700861444e-02,1.557015831617587764e+01,8.967264067692693175e+01
3.290000000000000036e+00,2.896536646122408598e+01,-2.222998022547431896e-01,1.160873377803042139e+01,9.205067098159052819e+01
3.300000000000000266e+00,2.942494358056598358e+01,-3.748806353159626625e-01,7.332635320700011228e+00,9.401980674686971895e+01
3.310000000000000053e+00,2.994702634492847793e+01,-5.321581805551574007e-01,2.796584825166704036e+00,9.554309942030400293e+01
3.320000000000000284e+00,3.053722798261970439e+01,-6.850712784791438414e-01,-1.940418268947972091e+00,9.659140950719186947e+01
3.330000000000000071e+00,3.119979581278369096e+01,-8.232580536403616422e-01,-6.816238836401562473e+00,9.714392050443507287e+01
3.339999999999999858e+00,3.193734905444323857e+01,-9.352859806600294368e-01,-1.176681534352579561e+01,9.718848195821819047e+01
3.350000000000000089e+00,3.275065927227569773e+01,-1.008933823881377423e+00,-1.672741009963774417e+01,9.672177154155136236e+01
3.359999999999999876e+00,3.363848378758965652e+01,-1.031517016601916525e+00,-2.163387230469859901e+01,9.574927033275525901e+01
3.370000000000000107e+00,3.459746064584968650e+01,-9.902459701234259670e-01,-2.642388470522379507e+01,9.428505009731763664e+01
3.379999999999999893e+00,3.562207157511597444e+01,-8.726050938589618999e-01,-3.103816446658746031e+01,9.235137619725763614e+01
3.390000000000000124e+00,3.670467687156980929e+01,-6.667390505942177859e-01,-3.542158951371703779e+01,8.997813462424811348e+01
3.399999999999999911e+00,3.783562340475801022e+01,-3.618320338252892787e-01,-3.952422309564250469e+01,8.720209641689389457e+01
3.410000000000000142e+00,3.900342405574338756e+01,5.153431552987076947e-02,-4.330221167331451682e+01,8.406603721795180206e+01
3.419999999999999929e+00,4.019500400451626376e+01,5.810583134249179826e-01,-4.671853436375992885e+01,8.061773379716075283e+01
3.430000000000000160e+00,4.139600649153220502e+01,1.232443904597457340e+00,-4.974358601582193273e+01,7.690886286330439248e+01
3.439999999999999947e+00,4.259114811372194964e+01,2.009185969568981545e+00,-5.235558043390685867e+01,7.299383028527167028e+01
3.450000000000000178e+00,4.376461149301598397e+01,2.912424540846739074e+00,-5.454076517223104048e+01,6.892856082836158294e+01
3.459999999999999964e+00,4.490046137896894152e+01,3.940874669582541401e+00,-5.629344453883031463e+01,6.476927960791647365e+01
3.470000000000000195e+00,4.598306900370820927e+01,5.090835807193865747e+00,-5.761581280748788458e+01,6.057131661713697923e+01
3.479999999999999982e+00,4.699752886378855266e+01,6.356281458697422337e+00,-5.851760495997362455e+01,5.638796488243454519e+01
3.490000000000000213e+00,4.793005210224729495e+01,7.729026651471337495e+00,-5.901557739242522160e+01,5.226942105503000136e+01
3.500000000000000000e+00,4.876832132139784903e+01,9.198967578267607692e+00,-5.913283574558926858e+01,4.826183461313428325e+01
3.510000000000000231e+00,4.950179296107157967e+01,1.075438475209689315e+01,-5.889803119847347546e+01,4.440648840902098016e+01
3.520000000000000018e+00,5.012193528856238345e+01,1.238229828498473140e+01,-5.834445005671368278e+01,4.073912916350285229e+01
3.530000000000000249e+00,5.062239249899483440e+01,1.406886159502541211e+01,-5.750902415277173674e+01,3.728946182621461247e+01
3.540000000000000036e+00,5.099906832707942073e+01,1.579977806415648267e+01,-5.643129136589540451e+01,3.408081664370276087e+01
3.550000000000000266e+00,5.125012581080072493e+01,1.756072400036280712e+01,-5.515233640891455735e+01,3.112999248282568487e+01
3.560000000000000053e+00,5.137590329504252651e+01,1.933776076616452499e+01,-5.371374189435511681e+01,2.844727462648465632e+01
3.570000000000000284e+00,5.137875027722584065e+01,2.111771915656048293e+01,-5.215657859744865732e+01,2.603662007488110675e+01
3.580000000000000071e+00,5.126279013038605825e+01,2.288854005088001387e+01,-5.052046182672927443e+01,2.389599852477036990e+01
3.589999999999999858e+00,5.103361994450695249e+01,2.463955700065228527e+01,-4.884269797531978696e+01,2.201787282487299535e+01
3.600000000000000089e+00,5.069796056348631907e+01,2.636170869598588595e+01,-4.715754176864146530e+01,2.038979896175430540e+01
3.609999999999999876e+00,5.026327223442827830e+01,2.804767209402627870e+01,-4.549558058323405874e+01,1.899512263640957954e+01
3.620000000000000107e+00,4.973735301782930662e+01,2.969191028724841885e+01,-4.388325764248961747e+01,1.781374733773188979e+01
3.629999999999999893e+00,4.912793814464499320e+01,3.129063280761181787e+01,-4.234254106771346926e+01,1.682294756290052717e+01
3.640000000000000124e+00,4.844231878956077253e+01,3.284166985942474071e+01,-4.089074085319328589e+01,1.599820050027874174e+01
3.649999999999999911e+00,4.768699822983881376e+01,3.434426579293324266e+01,-3.954047101793194940e+01,1.531401006675928400e+01
3.660000000000000142e+00,4.686740207891053700e+01,3.579880081167782180e+01,-3.829974963350098704e+01,1.474469863403946057e+01
3.669999999999999929e+00,4.598765725925802883e+01,3.720645329133884616e+01,-3.717222529284256893e+01,1.426514401100408058e+01
3.680000000000000160e+00,4.505045167774909487e+01,3.856881802699359696e+01,-3.615751500524917361e+01,1.385144216823965380e+01
3.689999999999999947e+00,4.405698328585706491e+01,3.988749808562538135e+01,-3.525163559049965301e+01,1.348147966837191092e+01
3.700000000000000178e+00,4.300700347062739581e+01,4.116368960888412687e+01,-3.444750848435267443e+01,1.313540365716063185e+01
3.709999999999999964e+00,4.189895567492751383e+01,4.239777980131916735e+01,-3.373551651163830911e+01,1.279598141805577605e+01
3.720000000000000195e+00,4.073020594839587716e+01,4.358897839580768618e+01,-3.310409065311279164e+01,1.244884573481026635e+01
3.729999999999999982e+00,3.949735795410453676e+01,4.473500208813722878e+01,-3.254030511683002658e+01,1.208262648154049401e+01
3.740000000000000213e+00,3.819664097344403331e+01,4.583182978887976589e+01,-3.203046008172748316e+01,1.168897281366085572e+01
3.750000000000000000e+00,3.682435583194276063e+01,4.687354409986235027e+01,-3.156063323956411892e+01,1.126247392620551757e+01
3.760000000000000231e+00,3.537736056905255566e+01,4.785227126529058239e+01,-3.111718362542286798e+01,1.080048945669847527e+01
3.770000000000000018e+00,3.385357523480141140e+01,4.875822808526940122e+01,-3.068719408041958729e+01,1.030290313951042869e+01
3.780000000000000249e+00,3.225248353108921151e+01,4.957988005023573663e+01,-3.025884190158794240e+01,9.771815195450589187e+00
3.790000000000000036e+00,3.057560821171421495e+01,5.030421041837009710e+01,-2.982169066227273646e+01,9.211190120558367056e+00
3.800000000000000266e+00,2.882693726639902465e+01,5.091709528959065523e+01,-2.936689968748768464e+01,8.626477007405084052e+00
3.810000000000000053e+00,2.701327895797331635e+01,5.140377511305490543e+01,-2.888735110087487357e+01,8.024219305440595917e+00
3.820000000000000284e+00,2.514452573935701452e+01,5.174940868543770733e+01,-2.837769758969923473e+01,7.411670046219096086e+00
3.830000000000000071e+00,2.323380989239809580e+01,5.193969173381732674e+01,-2.783433694176463646e+01,6.796427091766436668e+00
3.839999999999999858e+00,2.129753731327660304e+01,5.196151879577509902e+01,-2.725532189122755966e+01,6.186100998169902887e+00
3.850000000000000089e+00,1.935529009665429712e+01,5.180366445629022110e+01,-2.664021578855673411e+01,5.588025726810745830e+00
3.859999999999999876e+00,1.742959329320987294e+01,5.145745819613822647e+01,-2.598990602701775288e+01,5.009019799544340401e+00
3.870000000000000107e+00,1.554554626102565962e+01,5.091742623866198869e+01,-2.530638798336025275e+01,4.455202705187577550e+00
3.879999999999999893e+00,1.373032421356292154e+01,5.018187390490427902e+01,-2.459253245915377306e+01,3.931868547723855745e+00
3.890000000000000124e+00,1.201256069054819342e+01,4.925338311766688548e+01,-2.385184926199793765e+01,3.443416202405502613e+00
3.899999999999999911e+00,1.042162654722618598e+01,4.813920181109971708e+01,-2.308825868662127334e+01,2.993332726122869492e+00
3.910000000000000142e+00,8.986825483262469660e+00,4.685150504391368287e+01,-2.230588130939681690e+01,2.584224551290319472e+00
3.919999999999999929e+00,7.736529940558286356e+00,4.540751148519841252e+01,-2.150885477796047240e+01,2.217889159252165232e+00
3.930000000000000160e+00,6.697284235949481968e+00,4.382944351337256705e+01,-2.070118425539897089e+01,1.895418541096477005e+00
3.939999999999999947e+00,5.892903934021641810e+00,4.214432428430519195e+01,-1.988663096938778452e+01,1.617324850269397984e+00
3.950000000000000178e+00,5.343601613063800215e+00,4.038361060516844248e+01,-1.906864102794102678e+01,1.383678249322509490e+00
3.959999999999999964e+00,5.065169275561399509e+00,3.858266610169080479e+01,-1.825031440135706973e+01,1.194247046812580537e+00
3.970000000000000195e+00,5.068246684015366377e+00,3.678008478542797377e+01,-1.743441183520260296e+01,1.048630782675863182e+00
3.979999999999999982e+00,5.357702883072726685e+00,3.501688051112123645e+01,-1.662339554280717735e+01,9.463779047508414921e-01
3.990000000000000213e+00,5.932155158526644101e+00,3.333556276581482081e+01,-1.581949790549552759e+01,8.870810222568642489e-01
4.000000000000000000e+00,6.783645777963291934e+00,3.177912356921430614e+01,-1.502481114629299341e+01,8.704443473604446257e-01
4.009999999999999787e+00,7.897492185218133898e+00,3.038996382805681407e+01,-1.424139008149773034e+01,8.963197573880241631e-01
4.020000000000000462e+00,9.252321038388668484e+00,2.920879014257493012e+01,-1.347135961831656026e+01,9.647098362874643174e-01
4.030000000000000249e+00,1.082029076869039663e+01,2.827351470919755627e+01,-1.271701865993052927e+01,1.075738191898827800e+00
4.040000000000000036e+00,1.256750139076830841e+01,2.761819153515666869e+01,-1.198093248692817525e+01,1.229589205635896576e+00
4.049999999999999822e+00,1.445458431887059270e+01,2.727202165068062101e+01,-1.126600647319009951e+01,1.426421070149194170e+00
4.060000000000000497e+00,1.643745914355807614e+01,2.725845838522430853e+01,-1.057553511643889976e+01,1.666257435340370296e+00
4.070000000000000284e+00,1.846823890016766967e+01,2.759444111665994015e+01,-9.913221757099394793e+00,1.948864153504826335e+00
4.080000000000000071e+00,2.049626049939063321e+01,2.828978229416052770e+01,-9.283165952240025831e+00,2.273618445202306937e+00
4.089999999999999858e+00,2.246921285822289249e+01,2.934672809758839307e+01,-8.689817186105925018e+00,2.639378269956045742e+00
4.099999999999999645e+00,2.433433200630850735e+01,3.075970797824680147e+01,-8.137895354169607742e+00,3.044359768443856584e+00
4.110000000000000320e+00,2.603963015743126874e+01,3.251528270069317728e+01,-7.632280173541390766e+00,3.486030350855623627e+00
4.120000000000000107e+00,2.753512450316724980e+01,3.459229456253839885e+01,-7.177873272979029551e+00,3.961024361130050409e+00
4.129999999999999893e+00,2.877403134297609455e+01,3.696221740814294066e+01,-6.779438131916362131e+00,4.465087285100449499e+00
4.139999999999999680e+00,2.971389211183230827e+01,3.958969807481260261e+01,-6.441424211172447123e+00,4.993053241046220947e+00
4.150000000000000355e+00,3.031759986489568348e+01,4.243327521380595613e+01,-6.167782501725295852e+00,5.538859052725236154e+00
4.160000000000000142e+00,3.055429775493280431e+01,4.544625619881681899e+01,-5.961780279269884630e+00,6.095596623826196492e+00
4.169999999999999929e+00,3.040012488587778350e+01,4.857772823924946692e+01,-5.825823072944630532e+00,6.655603679295155395e+00
4.179999999999999716e+00,2.983878951023157100e+01,5.177367599838286338e+01,-5.761291733203909082e+00,7.210591284561514769e+00
4.190000000000000391e+00,2.886195470093534254e+01,5.497817509290388216e+01,-5.768402027389765152e+00,7.751804967776108057e+00
4.200000000000000178e+00,2.746942719459126536e+01,5.813462890364525038e+01,-5.846093426680718075e+00,8.270214817433881649e+00
4.209999999999999964e+00,2.566914588632029393e+01,6.118701520667841010e+01,-5.991952711320575276e+00,8.756728665556822833e+00
4.219999999999999751e+00,2.347697226692717365e+01,6.408110925268263713e+01,-6.202176758963437564e+00,9.202421442941616903e+00
4.230000000000000426e+00,2.091629074279603273e+01,6.676565105902020036e+01,-6.471577447999636412e+00,9.598773044817306754e+00
4.240000000000000213e+00,1.801743208965144660e+01,6.919342677764589666e+01,-6.793630063517465345e+00,9.937906597492288441e+00
4.250000000000000000e+00,1.481693809966308528e+01,7.132223697636510451e+01,-7.160565000455417106e+00,1.021281888146274852e+01
4.259999999999999787e+00,1.135668964457605590e+01,7.311572840706848808e+01,-7.563500978934667884e+00,1.041759484360948917e+01
4.270000000000000462e+00,7.682923777689176781e+00,7.454407019585619310e+01,-7.992616480766379539e+00,1.054759860802132465e+01
4.280000000000000249e+00,3.845168045093085407e+00,7.558446022239284900e+01,-8.437354739072533860e+00,1.059963414797521075e+01
4.290000000000000036e+00,-1.048781871820119171e-01,7.622145259381458970e+01,-8.886656413579853364e+00,1.057206977723046570e+01
4.299999999999999822e+00,-4.114484885476508147e+00,7.644710239089910431e+01,-9.329213102941459113e+00,1.046492181552974543e+01
4.310000000000000497e+00,-8.131024710993562721e+00,7.626092910038782691e+01,-9.753734113469993972e+00,1.027989413336530156e+01
4.320000000000000284e+00,-1.210306945612121510e+01,7.566970518305346616e+01,-1.014921844176504528e+01,1.002037173291533811e+01
4.330000000000000071e+00,-1.598142238458547482e+01,7.468708090994135773e+01,-1.050522374719613516e+01,9.691368021875636174e+00
4.339999999999999858e+00,-1.972006201551333859e+01,7.333306079344093575e+01,-1.081212418890332927e+01,9.299426931135066354e+00
4.350000000000000533e+00,-2.327697623430034568e+01,7.163335053051478951e+01,-1.106134937079428227e+01,8.852482464384220151e+00
4.360000000000000320e+00,-2.661486946076158944e+01,6.961859627156232477e+01,-1.124559725770979846e+01,8.359679600185101478e+00
4.370000000000000107e+00,-2.970172981758997111e+01,6.732354016528975649e+01,-1.135901476926555276e+01,7.831161652532032669e+00
4.379999999999999893e+00,-3.251124767323636178e+01,6.478611747031852985e+01,-1.139734079098798070e+01,7.277830198876967138e+00
4.389999999999999680e+00,-3.502308143514632377e+01,6.204652105847584664e+01,-1.135800752625267940e+01,6.711084476886399308e+00
4.400000000000000355e+00,-3.722297089779367241e+01,5.914625888004242427e+01,-1.124019740469933737e+01,6.142547712861115450e+00
4.410000000000000142e+00,-3.910270266963812702e+01,5.612722896010908613e+01,-1.104485411884497736e+01,5.583788164167355461e+00
4.419999999999999929e+00,-4.065993609124853236e+01,5.303083481272064148e+01,-1.077464773584692637e+01,5.046042731900032052e+00
4.429999999999999716e+00,-4.189790150711018413e+01,4.989716188015599130e+01,-1.043389518226655355e+01,4.539950832988864704e+00
4.440000000000000391e+00,-4.282498567907522613e+01,4.676423282869015452e+01,-1.002843868526082538e+01,4.075305825124065251e+00
4.450000000000000178e+00,-4.345422146445336153e+01,4.366735637120100932e+01,-9.565485936578999926e+00,3.660830671869327091e+00
4.459999999999999964e+00,-4.380270058341736927e+01,4.063858085981033241e+01,-9.053416793395408391e+00,3.303983743440447540e+00
4.469999999999999751e+00,-4.389092934872862628e+01,3.770626032001326422e+01,-8.501562215087629326e+00,3.010799699755921210e+00
4.480000000000000426e+00,-4.374214762833251768e+01,3.489473700136264256e+01,-7.919961836158853075e+00,2.785769328863680894e+00
4.490000000000000213e+00,-4.338163108192356532e+01,3.222414101322993218e+01,-7.319107077399991113e+00,2.631761050427197990e+00
4.500000000000000000e+00,-4.283599589930834384e+01,2.971030430260602273e+01,-6.709676991137579094e+00,2.549985576527313391e+00
4.509999999999999787e+00,-4.213252393126964535e+01,2.736478320725034408e+01,-6.102274119256987817e+00,2.540003986688130322e+00
4.520000000000000462e+00,-4.129852431648760813e+01,2.519498115980253061e+01,-5.507167517786362154e+00,2.599778256020322864e+00
4.530000000000000249e+00,-4.036074555526138852e+01,2.320436088812810738e+01,-4.934049777863179997e+00,2.725762108242749449e+00
4.540000000000000036e+00,-3.934484955370155745e+01,2.139273369777016853e+01,-4.391814363615616834e+00,2.913028980162852832e+00
4.549999999999999822e+00,-3.827495655562194088e+01,1.975661215922606218e+01,-3.888358911060429079e+00,3.155432908901240729e+00
4.560000000000000497e+00,-3.717326718844828548e+01,1.828961176309534409e+01,-3.430419310548133538e+00,3.445797311999510448e+00
4.570000000000000284e+00,-3.605976516575598367e+01,1.698288684002836391e+01,-3.023438453737729681e+00,3.776125943718799061e+00
4.580000000000000071e+00,-3.495200159799468764e+01,1.582558624405652736e+01,-2.671472492154352896e+00,4.137829794078360379e+00
4.589999999999999858e+00,-3.386495944125347535e+01,1.480531492764799140e+01,-2.377136357437738212e+00,4.521963361633637213e+00
4.600000000000000533e+00,-3.281099442741151506e+01,1.390858854336977757e+01,-2.141589163843062416e+00,4.919463583040279531e+00
4.610000000000000320e+00,-3.179984692112440570e+01,1.312126952988704964e+01,-1.964558982192171843e+00,5.321384743703914566e+00
4.620000000000000107e+00,-3.083871757979035522e+01,1.242897471231579942e+01,-1.844405371779582303e+00,5.719122921137637761e+00
4.629999999999999893e+00,-2.993239847795758024e+01,1.181744619809887809e+01,-1.778217012238205275e+00,6.104623918279203920e+00
4.639999999999999680e+00,-2.908345050970052625e+01,1.127287920805182964e+01,-1.761940818996219349e+00,6.470569215758340320e+00
4.650000000000000355e+00,-2.829241740009991446e+01,1.078220237807642690e+01,-1.790538079436646779e+00,6.810535193560210310e+00
4.660000000000000142e+00,-2.755806652647439137e+01,1.033330793419824367e+01,-1.858162435130525481e+00,7.119121723476038888e+00
4.669999999999999929e+00,-2.687764694678233113e+01,9.915230921947719267e+00,-1.958353978133949180e+00,7.392047190482124996e+00
4.679999999999999716e+00,-2.624715552257940132e+01,9.518278308173881541e+00,-2.084243342029661328e+00,7.626208037109013738e+00
4.690000000000000391e+00,-2.566160276548518837e+01,9.134110225572552366e+00,-2.228759462543166148e+00,7.819702010928294200e+00
4.700000000000000178e+00,-2.511527098217947440e+01,8.755776863755414752e+00,-2.384834664834679874e+00,7.971815400713318844e+00
4.709999999999999964e+00,-2.460195839291426267e+01,8.377715502065100850e+00,-2.545600906595052670e+00,8.082975639825177083e+00
4.719999999999999751e+00,-2.411520410038899342e+01,7.995712915415600364e+00,-2.704571364239524378e+00,8.154671703890512546e+00
4.730000000000000426e+00,-2.364849003807001537e+01,7.606838862102517140e+00,-2.855802084846711608e+00,8.189345702442921038e+00
4.740000000000000213e+00,-2.319541728042955953e+01,7.209356588127691978e+00,-2.994029124776164341e+00,8.190259930951878431e+00
4.750000000000000000e+00,-2.274985530677570367e+01,6.802616270962196232e+00,-3.114777437753842193e+00,8.161344383019121906e+00
4.759999999999999787e+00,-2.230606393518262465e+01,6.386937099043345611e+00,-3.214438736511975314e+00,8.107030298230814225e+00
4.770000000000000462e+00,-2.185878864957674494e+01,5.963483269903479211e+00,-3.290316604435739478e+00,8.032075719115079337e+00
4.780000000000000249e+00,-2.140333090436391927e+01,5.534138622503407490e+00,-3.340638245152181440e+00,7.941389235708211203e+00
4.790000000000000036e+00,-2.093559568759345524e+01,5.101383934005728094e+00,-3.364533393917132464e+00,7.839858098842606537e+00
4.799999999999999822e+00,-2.045211914367635586e+01,4.668180145395685265e+00,-3.361982038568680942e+00,7.732186680069567331e+00
4.810000000000000497e+00,-1.995007939571336664e+01,4.237859971681773530e+00,-3.333733672618908628e+00,7.622750850298275260e+00
4.820000000000000284e+00,-1.942729386829506311e+01,3.814029537324060026e+00,-3.281201792170469922e+00,7.515473250672723537e+00
4.830000000000000071e+00,-1.888220640350612101e+01,3.400480890042854476e+00,-3.206338216957307807e+00,7.413723654505055549e+00
4.839999999999999858e+00,-1.831386730087719883e+01,3.001115516766816871e+00,-3.111492532121816978e+00,7.320247691226899001e+00
4.850000000000000533e+00,-1.772190911611962605e+01,2.619878340341568190e+00,-2.999262483781270028e+00,7.237126151180492073e+00
4.860000000000000320e+00,-1.710652064745417889e+01,2.260701135891844960e+00,-2.872341495789910049e+00,7.165765947651324907e+00
4.870000000000000107e+00,-1.646842104875267054e+01,1.927453887083454331e+00,-2.733369591500146800e+00,7.106922617982316837e+00
4.879999999999999893e+00,-1.580883546378145965e+01,1.623902314951640724e+00,-2.584793894061496733e+00,7.060753040006852110e+00
4.889999999999999680e+00,-1.512947300433837583e+01,1.353669659673622849e+00,-2.428744540907132876e+00,7.026895866098682220e+00
4.900000000000000355e+00,-1.443250732529812730e+01,1.120200777310266238e+00,-2.266931289683374207e+00,7.004576077694435909e+00
4.910000000000000142e+00,-1.372055950834551119e+01,9.267267224982523866e-01,-2.100565329211002474e+00,6.992729079617350685e+00
4.919999999999999929e+00,-1.299668247792643250e+01,7.762282129234718830e-01,-1.930309863217653632e+00,6.990138924352774730e+00
4.929999999999999716e+00,-1.226434575903994606e+01,6.713966965611841697e-01,-1.756261936927218326e+00,6.995584615536373008e+00
4.940000000000000391e+00,-1.152741906450681419e+01,6.145921490677735965e-01,-1.577966763925781724e+00,7.007988015344428057e+00
4.950000000000000178e+00,-1.079015298264199174e+01,6.077971946275328996e-01,-1.394464525108576325e+00,7.026556693107838036e+00
4.959999999999999964e+00,-1.005715493361595492e+01,6.525676454433079199e-01,-1.204368298885466704e+00,7.050915115031526348e+00
4.969999999999999751e+00,-9.333358578236570224e+00,7.499800684098125725e-01,-1.005970490401431494e+00,7.081217891215680460e+00
4.980000000000000426e+00,-8.623984995672538290e+00,9.005774877516830035e-01,-7.973739060749085450e-01,7.118239360749121225e+00
4.990000000000000213e+00,-7.934494191354437120e+00,1.104314795756748513e+00,-5.766425157568120241e-01,7.163434593585318311e+00
5.000000000000000000e+00,-7.270525843103882835e+00,1.360505848005353347e+00,-3.419660026446420531e-01,7.218967895207436314e+00
5.009999999999999787e+00,-6.637828628629542038e+00,1.667774544853401153e+00,-9.183146025987731775e-02,7.287706084257114192e+00
5.020000000000000462e+00,-6.042177983528946861e+00,2.024012430564782861e+00,1.748049106909207451e-01,7.373175134377313533e+00
5.030000000000000249e+00,-5.489282695617192509e+00,2.426345462190605318e+00,4.583534998314940934e-01,7.479480183365749824e+00
5.040000000000000036e+00,-4.984681326308793459e+00,2.871112602902430311e+00,7.584417449783219523e-01,7.611190364629268679e+00
5.049999999999999822e+00,-4.533630039023984537e+00,3.353858774234136142e+00,1.073786406634066104e+00,7.773191354371652650e+00
5.060000000000000497e+00,-4.140983983658387046e+00,3.869344458395062691e+00,1.402094128705565934e+00,7.970509898620331768e+00
5.070000000000000284e+00,-3.811074910735332999e+00,4.411573879960201339e+00,1.739995906246221580e+00,8.208115834014764189e+00
5.080000000000000071e+00,-3.547588145695850237e+00,4.973843224862307011e+00,2.083019995211039976e+00,8.490708195423618321e+00
5.089999999999999858e+00,-3.353442421481139135e+00,5.548809787083256673e+00,2.425606510937382332e+00,8.822492867351613199e+00
5.100000000000000533e+00,-3.230676327376401424e+00,6.128582287125407646e+00,2.761165514250591535e+00,9.206959847209425618e+00
5.110000000000000320e+00,-3.180345268626994404e+00,6.704831902038179692e+00,3.082178826572798069e+00,9.646668517929452236e+00
5.120000000000000107e+00,-3.202432833179784666e+00,7.268922808146328407e+00,3.380344203205249531e+00,1.014304935609432867e+01
5.129999999999999893e+00,-3.295780322106802274e+00,7.812060290408372687e+00,3.646758885259332228e+00,1.069623022146925173e+01
5.139999999999999680e+00,-3.458037916740808626e+00,8.325453743560125019e+00,3.872138004802555322e+00,1.130489478768957134e+01
5.150000000000000355e+00,-3.685640531283967292e+00,8.800491207262126636e+00,4.047061892772592984e+00,1.196617979634499740e+01
5.160000000000000142e+00,-3.973810842775185925e+00,9.228921467207936047e+00,4.162245089847010249e+00,1.267561667337380271e+01
5.169999999999999929e+00,-4.316591313994365464e+00,9.603039241897535661e+00,4.208818836024091681e+00,1.342712167337843709e+01
5.179999999999999716e+00,-4.706906247077757399e+00,9.915868583407650760e+00,4.178618057044449330e+00,1.421303715912831223e+01
5.190000000000000391e+00,-5.136654048569427644e+00,1.016133936955711015e+01,4.064463407768268866e+00,1.502422493263223480e+01
5.200000000000000178e+00,-5.596828976282917090e+00,1.033445166977636198e+01,3.860428796585086531e+00,1.585021076894290104e+01
5.209999999999999964e+00,-6.077670703570337452e+00,1.043142283832414918e+01,3.562085011841415572e+00,1.667937752612225211e+01
5.219999999999999751e+00,-6.568839108297676255e+00,1.044981243144403038e+01,3.166710600145306476e+00,1.749920247773841808e+01
5.230000000000000426e+00,-7.059610803943417778e+00,1.038862045903227305e+01,2.673461994209916703e+00,1.829653290012835853e+01
5.240000000000000213e+00,-7.539093110641452711e+00,1.024835505983222994e+01,2.083496029898763702e+00,1.905789250440356142e+01
5.250000000000000000e+00,-7.996450445390312467e+00,1.003106641953976741e+01,1.400039392687085105e+00,1.976981008632751724e+01
5.259999999999999787e+00,-8.421137521435142048e+00,9.740344615194274525e+00,6.284011475253847845e-01,2.041916082175971425e+01
5.270000000000000462e+00,-8.803133312011624412e+00,9.381280043197875784e+00,-2.240737203766076657e-01,2.099350999816133978e+01
5.280000000000000249e+00,-9.133169473820755613e+00,8.960386143903951606e+00,-1.148109952709611914e+00,2.148144866984296542e+01
5.290000000000000036e+00,-9.402946856089426930e+00,8.485485240721153843e+00,-2.132665142097267097e+00,2.187291077071149914e+01
5.299999999999999822e+00,-9.605333851143260659e+00,7.965559430989945788e+00,-3.165146741242878647e+00,2.215946161549048199e+01
5.310000000000000497e+00,-9.734540674777676372e+00,7.410569562660063170e+00,-4.231677579004063716e+00,2.233454845861238880e+01
5.320000000000000284e+00,-9.786264195150854661e+00,6.831246367705866795e+00,-5.317402875109451088e+00,2.239370483698960967e+01
5.330000000000000071e+00,-9.757798646242797247e+00,6.238858763740686264e+00,-6.406830328413779974e+00,2.233470176515283256e+01
5.339999999999999858e+00,-9.648108448084268929e+00,5.644965145077400770e+00,-7.484193699747558881e+00,2.215764043514310799e+01
5.350000000000000533e+00,-9.457860386508885497e+00,5.061154132600546696e+00,-8.533829460296262326e+00,2.186498284682996029e+01
5.360000000000000320e+00,-9.189413549907532897e+00,4.498781712009818357e+00,-9.540555560300505888e+00,2.146151869804890211e+01
5.370000000000000107e+00,-8.846766644307043848e+00,3.968711941751693839e+00,-1.049004120944542784e+01,2.095426883453884059e+01
5.379999999999999893e+00,-8.435463572246344910e+00,3.481068441412778380e+00,-1.136915675618396016e+01,2.035232753118077298e+01
5.389999999999999680e+00,-7.962459424108923045e+00,3.045003672000595518e+00,-1.216629330260476571e+01,1.966664778254346047e+01
5.400000000000000355e+00,-7.435950250466182965e+00,2.668492592673421537e+00,-1.287164257637424924e+01,1.890977555857734060e+01
5.410000000000000142e+00,-6.865171118703850439e+00,2.358156633354196341e+00,-1.347742877236882642e+01,1.809554057134449678e+01
5.419999999999999929e+00,-6.260167966824578656e+00,2.119123076380064141e+00,-1.397808553410167320e+01,1.723871244839106609e+01
5.429999999999999716e+00,-5.631549615371901574e+00,1.954923917433526670e+00,-1.437037292027242508e+01,1.635463227359378635e+01
5.440000000000000391e+00,-4.990226953299468526e+00,1.867437107742006885e+00,-1.465343103888372056e+01,1.545883020274435538e+01
5.450000000000000178e+00,-4.347146749828146639e+00,1.856871802950282646e+00,-1.482876896936987698e+01,1.456664026545144885e+01
5.459999999999999964e+00,-3.713027743590956220e+00,1.921797900741851750e+00,-1.490018956805110761e+01,1.369282351550851651e+01
5.469999999999999751e+00,-3.098106612387294234e+00,2.059218783931364705e+00,-1.487365269916116084e+01,1.285121038907258395e+01
5.480000000000000426e+00,-2.511901129910848685e+00,2.264684844663189089e+00,-1.475708128937455754e+01,1.205437248602870426e+01
5.490000000000000213e+00,-1.962997276962369142e+00,2.532444094746252983e+00,-1.456011630846967719e+01,1.131333302832966403e+01
5.500000000000000000e+00,-1.458866309670745043e+00,2.855625011473434949e+00,-1.429382827843404513e+01,1.063732400379577925e+01
5.509999999999999787e+00,-1.005716820189899607e+00,3.226445768522177904e+00,-1.397039416127442557e+01,1.003359651783643791e+01
5.520000000000000462e+00,-6.083856878290012649e-01,3.636443193720826805e+00,-1.360274943426373184e+01,9.507289199313097683e+00
5.530000000000000249e+00,-2.702705487320280486e-01,4.076714209192418004e+00,-1.320422580262323464e+01,9.061357696482515323e+00
5.540000000000000036e+00,6.694946604603013718e-03,4.538162166654501561e+00,-1.278818530683271781e+01,8.696566414522500565e+00
5.549999999999999822e+00,2.220232194748311683e-01,5.011740404929534876e+00,-1.236766154926934291e+01,8.411541749047726668e+00
5.560000000000000497e+00,3.766137179848998429e-01,5.488685532334740103e+00,-1.195501839833321966e+01,8.202884221280191568e+00
5.570000000000000284e+00,4.726556035837009562e-01,5.960733368458186021e+00,-1.156163584415080514e+01,8.065335178648863845e+00
5.580000000000000071e+00,5.134962652218570955e-01,6.420311153428380990e+00,-1.119763170500461058e+01,7.991992143601403420e+00
5.589999999999999858e+00,5.034808426276713433e-01,6.860700524742997075e+00,-1.087162665353292645e+01,7.974565521209468599e+00
5.600000000000000533e+00,4.477688383386219106e-01,7.276166840481828935e+00,-1.059055858988364740e+01,8.003668252979863951e+00
5.610000000000000320e+00,3.521345765874954736e-01,7.662051654670207768e+00,-1.035955078489744707e+01,8.069129161557427210e+00
5.620000000000000107e+00,2.227587013456765463e-01,8.014826481379879297e+00,-1.018183650388472827e+01,8.160320190436607390e+00
5.629999999999999893e+00,6.601808010976961683e-02,8.332107370486452780e+00,-1.005874105695374610e+01,8.266487515889020088e+00
5.639999999999999680e+00,-1.117186117144306490e-01,8.612631209207414429e+00,-9.989720462005141854e+00,8.377076596196490144e+00
5.650000000000000355e+00,-3.042827049418161955e-01,8.856196008588977264e+00,-9.972454206963780265e+00,8.482041616900916736e+00
5.660000000000000142e+00,-5.058784309785961941e-01,9.063568683528021808e+00,-1.000298801097679835e+01,8.572130471444152633e+00
5.669999999999999929e+00,-7.112314064852534035e-01,9.236364942664300415e+00,-1.007592105780886094e+01,8.639137356752298658e+00
5.679999999999999716e+00,-9.157082409369783349e-01,9.376906829737048810e+00,-1.018463094993894380e+01,8.676116227793151836e+00
5.690000000000000391e+00,-1.115403977603163455e+00,9.488064166745852290e+00,-1.032152864292733163e+01,8.677549702303977597e+00
5.700000000000000178e+00,-1.307195366931716674e+00,9.573086615595755688e+00,-1.047833489215946479e+01,8.639469490285346609e+00
5.709999999999999964e+00,-1.488759321277071557e+00,9.635433282123637255e+00,-1.064636929481633132e+01,8.559525992790614879e+00
5.719999999999999751e+00,-1.658557259894048563e+00,9.678606727619989414e+00,-1.081684284632537718e+01,8.437006319772725860e+00
5.730000000000000426e+00,-1.815787371264201422e+00,9.705997931459823036e+00,-1.098114505080844872e+01,8.272801566196205769e+00
5.740000000000000213e+00,-1.960308045830203127e+00,9.720748177579128679e+00,-1.113111701839229006e+01,8.069325709993702134e+00
5.750000000000000000e+00,-2.092536819317739827e+00,9.725633040202609436e+00,-1.125930262953834848e+01,7.830389908786515640e+00
5.759999999999999787e+00,-2.213330073598485992e+00,9.722972652088083478e+00,-1.135917072110379422e+01,7.561037233355823339e+00
5.770000000000000462e+00,-2.323849434032379424e+00,9.714571290766453870e+00,-1.142530231752004966e+01,7.267343949305899997e+00
5.780000000000000249e+00,-2.425421253276038414e+00,9.701688059999561631e+00,-1.145353815488790516e+01,6.956194315739401723e+00
5.790000000000000036e+00,-2.519395764866108056e+00,9.685039124402393895e+00,-1.144108308370928917e+01,6.635036490175364676e+00
5.799999999999999822e+00,-2.607012418705610735e+00,9.664830626683375669e+00,-1.138656534276531751e+01,6.311627499533080332e+00
5.810000000000000497e+00,-2.689277578425579573e+00,9.640820131388920800e+00,-1.129005012675791697e+01,5.993775353123940164e+00
5.820000000000000284e+00,-2.766860181162406285e+00,9.612403246842777804e+00,-1.115300827876338907e+01,5.689086238705413301e+00
5.830000000000000071e+00,-2.840010156933872487e+00,9.578721024925032523e+00,-1.097824228227011645e+01,5.404724367984506728e+00
5.839999999999999858e+00,-2.908503409607309020e+00,9.538782867718756719e+00,-1.076977296682916929e+01,5.147191441922367439e+00
5.850000000000000533e+00,-2.971616014021192687e+00,9.491599015024844377e+00,-1.053269144079644271e+01,4.922131913576084372e+00
5.860000000000000320e+00,-3.028129029678698458e+00,9.436316273010113775e+00,-1.027298169435972852e+01,4.734169267225335709e+00
5.870000000000000107e+00,-3.076364020278220757e+00,9.372350488045023909e+00,-9.997320052275156854e+00,4.586777441661461729e+00
5.879999999999999893e+00,-3.114248052092613683e+00,9.299509377239717267e+00,-9.712858181482479480e+00,4.482190340344597068e+00
5.889999999999999680e+00,-3.139405674949664160e+00,9.218099694092812157e+00,-9.426996664093008960e+00,4.421351131034849224e+00
5.900000000000000355e+00,-3.149274217529806741e+00,9.129013319649750713e+00,-9.147156228376010390e+00,4.403901782368872198e+00
5.910000000000000142e+00,-3.141237700282087708e+00,9.033787702650160512e+00,-8.880553593569979753e+00,4.428212053817552452e+00
5.919999999999999929e+00,-3.112773825217812096e+00,8.934637093699508981e+00,-8.633988539541956442e+00,4.491445985699266785e+00
5.929999999999999716e+00,-3.061607875687481162e+00,8.834452188542122997e+00,-8.413648276574337004e+00,4.589662861553014395e+00
5.940000000000000391e+00,-2.985866975956684044e+00,8.736767068266923175e+00,-8.224934486322451832e+00,4.717948666277397507e+00
5.950000000000000178e+00,-2.884228035441087634e+00,8.645693649991038399e+00,-8.072317559238696205e+00,4.870573265251121775e+00
5.959999999999999964e+00,-2.756052841222509819e+00,8.565825188457576900e+00,-7.959221597012875904e+00,5.041167901920376337e+00
5.969999999999999751e+00,-2.601504160051076653e+00,8.502111645275441276e+00,-7.887942713814574347e+00,5.222917167896064861e+00
5.980000000000000426e+00,-2.421637352487993056e+00,8.459710918466850416e+00,-7.859602091681598068e+00,5.408759348108238996e+00
5.990000000000000213e+00,-2.218462862759156717e+00,8.443820954783859634e+00,-7.874134157856230942e+00,5.591588985465827832e+00
6.000000000000000000e+00,-1.994975995405691371e+00,8.459498610852090650e+00,-7.930309188955941835e+00,5.764455640165969008e+00
6.009999999999999787e+00,-1.755151583921758185e+00,8.511471753817341224e+00,-8.025788640423124676e+00,5.920753127969421215e+00
6.020000000000000462e+00,-1.503902451674766549e+00,8.603951473547981621e+00,-8.157210578763320896e+00,6.054393993894781723e+00
6.030000000000000249e+00,-1.247001912166178617e+00,8.740451401744131488e+00,-8.320301784048334426e+00,6.159964592817350315e+00
6.040000000000000036e+00,-9.909719029196457640e-01,8.923620993641339538e+00,-8.510012412121902514e+00,6.232856882566461643e+00
6.049999999999999822e+00,-7.429396439562354626e-01,9.155099230573579661e+00,-8.720668576157539320e+00,6.269373861578663387e+00
6.060000000000000497e+00,-5.104669090386448893e-01,9.435394561506930344e+00,-8.946137836765423401e+00,6.266806473313198289e+00
6.070000000000000284e+00,-3.013570507522447262e-01,9.763796042983225121e+00,-9.180002384458285647e+00,6.223480723814322602e+00
6.080000000000000071e+00,-1.234457898694438782e-01,1.013831959211126943e+01,-9.415734658346408992e+00,6.138774687337524405e+00
6.089999999999999858e+00,1.561756668006619719e-02,1.055569207557394051e+01,-9.646870265641600994e+00,6.013105979088634534e+00
6.100000000000000533e+00,1.085914001855956545e-01,1.101137466364909301e+01,-9.867173338269026317e+00,5.847891126896769265e+00
6.110000000000000320e+00,1.488583067164140905e-01,1.149962553007084054e+01,-1.007078987159339789e+01,5.645479050680183519e+00
6.120000000000000107e+00,1.306297330228648468e-01,1.201360062596243417e+01,-1.025238511817754805e+01,5.409061538760617793e+00
6.129999999999999893e+00,4.913192976208236029e-02,1.254548994855141686e+01,-1.040726173573809454e+01,5.142564176151591226e+00
6.140000000000000568e+00,-9.923297997508928603e-02,1.308668551029573202e+01,-1.053145608988327631e+01,4.850521618832076776e+00
6.150000000000000355e+00,-3.167562128315115633e-01,1.362797613482329595e+01,-1.062181086416722131e+01,4.537941411157856209e+00
6.160000000000000142e+00,-6.043262228838846006e-01,1.415976330059774035e+01,-1.067602290719159619e+01,4.210160706997368329e+00
6.169999999999999929e+00,-9.613705508292882396e-01,1.467229155244063499e+01,-1.069266602384274911e+01,3.872700279499644793e+00
6.179999999999999716e+00,-1.385837646387265476e+00,1.515588652795508118e+01,-1.067118917117286259e+01,3.531120094562641754e+00
6.190000000000000391e+00,-1.874219381754605340e+00,1.560119341474516119e+01,-1.061189122654317885e+01,3.190880488068060572e+00
6.200000000000000178e+00,-2.421613657578288503e+00,1.599940867023193825e+01,-1.051587413645135705e+01,2.857212639359786976e+00
6.209999999999999964e+00,-3.021825220930808520e+00,1.634249809476091642e+01,-1.038497681189087984e+01,2.535001588896910629e+00
6.219999999999999751e+00,-3.667501611974521403e+00,1.662339483766963255e+01,-1.022169259642986461e+01,2.228684524549400248e+00
6.230000000000000426e+00,-4.350300073453444050e+00,1.683617161393826578e+01,-1.002907348640016139e+01,1.942166478397368001e+00
6.240000000000000213e+00,-5.061080330688644047e+00,1.697618228764397585e+01,-9.810624522450728691e+00,1.678754954949760680e+00
6.250000000000000000e+00,-5.790117408783284070e+00,1.704016900336022999e+01,-9.570191895907306900e+00,1.441114373510424818e+00
6.259999999999999787e+00,-6.527328120224343166e+00,1.702633217897871987e+01,-9.311848323353915546e+00,1.231240572707291037e+00
6.270000000000000462e+00,-7.262504543910946353e+00,1.693436187129930914e+01,-9.039779143635779945e+00,1.050455013617929145e+00
6.280000000000000249e+00,-7.985547731338394684e+00,1.676543024590206343e+01,-8.758172391361171094e+00,8.994177474909123005e-01
6.290000000000000036e+00,-8.686695014339219867e+00,1.652214608239085791e+01,-8.471115811064420242e+00,7.781577006359131632e-01
6.299999999999999822e+00,-9.356734640490261157e+00,1.620847338412436756e+01,-8.182503409936549232e+00,6.861183859180757239e-01
6.310000000000000497e+00,-9.987202008706828948e+00,1.582961720050390930e+01,-7.895953719674341897e+00,6.222167878367712568e-01
6.320000000000000284e+00,-1.057055249381324202e+01,1.539188067699183193e+01,-7.614741465992025837e+00,5.849128936997975980e-01
6.330000000000000071e+00,-1.110030670483796378e+01,1.490249809634661204e+01,-7.341743844728835455e+00,5.722871610424357103e-01
6.339999999999999858e+00,-1.157116498319405196e+01,1.436944924381079325e+01,-7.079402093343531988e+00,5.821231221563316627e-01
6.350000000000000533e+00,-1.197908897696335018e+01,1.380126080610267181e+01,-6.829698542431899888e+00,6.119923283262402869e-01
6.360000000000000320e+00,-1.232134918825976655e+01,1.320680069342319563e+01,-6.594148849200986540e+00,6.593389242640658177e-01
6.370000000000000107e+00,-1.259653844453030480e+01,1.259507115706128921e+01,-6.373808667538222394e+00,7.215613099267529362e-01
6.379999999999999893e+00,-1.280455225587121504e+01,1.197500637136032609e+01,-6.169293609488951446e+00,7.960885829380742740e-01
6.390000000000000568e+00,-1.294653795626375548e+01,1.135527977301572911e+01,-5.980811010491598800e+00,8.804497490479441524e-01
6.400000000000000355e+00,-1.302481535853915062e+01,1.074412592370067898e+01,-5.808201733124990440e+00,9.723340280722193585e-01
6.410000000000000142e+00,-1.304277235743653129e+01,1.014918100918761645e+01,-5.650990036415951323e+00,1.069640955428767803e+00
6.419999999999999929e+00,-1.300473947466177549e+01,9.577345338144347409e+00,-5.508439402458975565e+00,1.170519371310422274e+00
6.429999999999999716e+00,-1.291584774291825077e+01,9.034670387419520665e+00,-5.379612149288323764e+00,1.273394787484272594e+00
6.440000000000000391e+00,-1.278187456731310512e+01,8.526272089507978436e+00,-5.263430666416574866e+00,1.376985013044410344e+00
6.450000000000000178e+00,-1.260908228341153858e+01,8.056271203150881632e+00,-5.158738182931305261e+00,1.480304293512179292e+00
6.459999999999999964e+00,-1.240405405842603948e+01,7.627760779192655605e+00,-5.064357111448037685e+00,1.582656562098259556e+00
6.469999999999999751e+00,-1.217353156776350076e+01,7.242799957704010083e+00,-4.979143196994701981e+00,1.683618708872376413e+00
6.480000000000000426e+00,-1.192425854007383812e+01,6.902432632179083427e+00,-4.902033929345974705e+00,1.783015035905853640e+00
6.490000000000000213e+00,-1.166283382029302729e+01,6.606728911226776191e+00,-4.832089940952823959e+00,1.880884278854704661e+00
6.500000000000000000e+00,-1.139557707474592618e+01,6.354846811674417673e+00,-4.768528400506728104e+00,1.977440734499127606e+00
6.509999999999999787e+00,-1.112840967945921022e+01,6.145111238402502174e+00,-4.710747714340225656e+00,2.073031137844468130e+00
6.520000000000000462e+00,-1.086675271713254531e+01,5.975107049428844519e+00,-4.658343154529394070e+00,2.168088981666704829e+00
6.530000000000000249e+00,-1.061544338381373365e+01,5.841782868731519862e+00,-4.611113334478055492e+00,2.263087967612449347e+00
6.540000000000000036e+00,-1.037867049575243072e+01,5.741562288461338426e+00,-4.569057741438560249e+00,2.358496224335452585e+00
6.549999999999999822e+00,-1.015992921031799590e+01,5.670459186970377985e+00,-4.532365803324515774e+00,2.454732829089529833e+00
6.560000000000000497e+00,-9.961994549366028906e+00,5.624194066589995877e+00,-4.501398207864676593e+00,2.552128030119639845e+00
6.570000000000000284e+00,-9.786912852599146007e+00,5.598308569940479096e+00,-4.476661400404013946e+00,2.650888394269813819e+00
6.580000000000000071e+00,-9.636009902020907347e+00,5.588275648693598718e+00,-4.458776358496539416e+00,2.751067904147806775e+00
6.589999999999999858e+00,-9.509914152310425806e+00,5.589603216307831524e+00,-4.448442874131255387e+00,2.852545808922824389e+00
6.600000000000000533e+00,-9.408593277758219742e+00,5.597929498544935711e+00,-4.446400666486774789e+00,2.955011799423971297e+00
6.610000000000000320e+00,-9.331402102583359337e+00,5.609108685640848080e+00,-4.453388699179029686e+00,3.057958838567678583e+00
6.620000000000000107e+00,-9.277139913055567177e+00,5.619285872473856358e+00,-4.470104086770230190e+00,3.160683738892420269e+00
6.629999999999999893e+00,-9.244115149231417305e+00,5.624960634696416939e+00,-4.497161947523102832e+00,3.262295346303474730e+00
6.640000000000000568e+00,-9.230215531550715724e+00,5.623038918864875058e+00,-4.535057495513918902e+00,3.361729968676552271e+00
6.650000000000000355e+00,-9.232981781891790973e+00,5.610873215223203481e+00,-4.584131568469342000e+00,3.457773484746351489e+00
6.660000000000000142e+00,-9.249683238093199478e+00,5.586291228010459520e+00,-4.644540661839647200e+00,3.549089387053632638e+00
6.669999999999999929e+00,-9.277393823520331040e+00,5.547613457889915445e+00,-4.716232388886128390e+00,3.634251856253478241e+00
6.679999999999999716e+00,-9.313067007684407983e+00,5.493660264958950101e+00,-4.798927115493823337e+00,3.711782835686751714e+00
6.690000000000000391e+00,-9.353608570048175253e+00,5.423749091787830601e+00,-4.892106331791516105e+00,3.780191976941019494e+00
6.700000000000000178e+00,-9.395946148411391974e+00,5.337682599003771067e+00,-4.995008125363217033e+00,3.838018260615076560e+00
6.709999999999999964e+00,-9.437094709019056893e+00,5.235728507490513550e+00,-5.106629917800952434e+00,3.883872062396644065e+00
6.719999999999999751e+00,-9.474217213257380976e+00,5.118591958633765593e+00,-5.225738422469428102e+00,3.916476432933749585e+00
6.730000000000000426e+00,-9.504679873166466564e+00,4.987381204880030339e+00,-5.350886581415171150e+00,3.934706390253166930e+00
6.740000000000000213e+00,-9.526101484791908547e+00,4.843567434673150984e+00,-5.480437047969807907e+00,3.937625084459402736e+00
6.750000000000000000e+00,-9.536396406336328013e+00,4.688939525383325702e+00,-5.612591603153299857e+00,3.924515784351481518e+00
6.759999999999999787e+00,-9.533810810504505184e+00,4.525554510829478794e+00,-5.745425732572081223e+00,3.894908752075796343e+00
6.770000000000000462e+00,-9.516951891964364307e+00,4.355684550648719622e+00,-5.876927449876004239e+00,3.848602212113191534e+00
6.780000000000000249e+00,-9.484809756878849640e+00,4.181761199648178717e+00,-6.005039336318195531e+00,3.785676781399556656e+00
6.790000000000000036e+00,-9.436771767753326046e+00,4.006317797155031002e+00,-6.127702676417325023e+00,3.706502904366892004e+00
6.799999999999999822e+00,-9.372629168995619153e+00,3.831930828259562549e+00,-6.242902509467429084e+00,3.611741025919885661e+00
6.810000000000000497e+00,-9.292575881618775568e+00,3.661161148064013826e+00,-6.348712387393784518e+00,3.502334432236573480e+00
6.820000000000000284e+00,-9.197199433445492289e+00,3.496496002523172386e+00,-6.443337632256508130e+00,3.379494888926811935e+00
6.830000000000000071e+00,-9.087464086683219477e+00,3.340292819997591423e+00,-6.525155921872719311e+00,3.244681403437120970e+00
6.839999999999999858e+00,-8.964686338938804511e+00,3.194725780316766350e+00,-6.592754099104850773e+00,3.099572628502428095e+00
6.850000000000000533e+00,-8.830503106022980830e+00,3.061736186756001121e+00,-6.644960198074051583e+00,2.946033600793494411e+00
6.860000000000000320e+00,-8.686833042900996560e+00,2.942987664811012483e+00,-6.680869806803435118e+00,2.786077668728387025e+00
6.870000000000000107e+00,-8.535831618847822710e+00,2.839827184554768458e+00,-6.699866037650489936e+00,2.621824601041639280e+00
6.879999999999999893e+00,-8.379840728749909928e+00,2.753252846242284502e+00,-6.701632550629022411e+00,2.455455978911344594e+00
6.890000000000000568e+00,-8.221333787834840479e+00,2.683889278622272112e+00,-6.686159265889907388e+00,2.289169055597426006e+00
6.900000000000000355e+00,-8.062857414328995276e+00,2.631971374705300626e+00,-6.653740605113640072e+00,2.125130315738090303e+00
6.910000000000000142e+00,-7.906970945621866420e+00,2.597336930951744005e+00,-6.604966311719127958e+00,1.965429979634763402e+00
6.919999999999999929e+00,-7.756185150456312627e+00,2.579428565339795920e+00,-6.540705110572659464e+00,1.812038674955623874e+00
6.929999999999999716e+00,-7.612901584928966514e+00,2.577305071815520598e+00,-6.462081673024280271e+00,1.666767439271137130e+00
6.940000000000000391e+00,-7.479354087072826118e+00,2.589662129262947587e+00,-6.370447546311348574e+00,1.531232122796869488e+00
6.950000000000000178e+00,-7.357553908221197148e+00,2.614862029954821754e+00,-6.267346881523249813e+00,1.406823133869146369e+00
6.959999999999999964e+00,-7.249239935617875830e+00,2.650971834278937234e+00,-6.154477945675333572e+00,1.294681313348293505e+00
6.969999999999999751e+00,-7.155835368185236689e+00,2.695809105038117881e+00,-6.033651525843907848e+00,1.195680542706525795e+00
6.980000000000000426e+00,-7.078412066447754114e+00,2.746994135837435458e+00,-5.906747422413771709e+00,1.110417489333490160e+00
6.990000000000000213e+00,-7.017663610975487742e+00,2.802007373948319557e+00,-5.775670280910342846e+00,1.039208677702169181e+00
7.000000000000000000e+00,-6.973887876143718856e+00,2.858250557944429282e+00,-5.642306025389520308e+00,9.820948532178677137e-01
7.009999999999999787e+00,-6.946979664273173150e+00,2.913109952655808854e+00,-5.508480129957047389e+00,9.388523839623831302e-01
7.020000000000000462e+00,-6.936433657831400090e+00,2.964019975432269582e+00,-5.375918899037533727e+00,9.090112314448233199e-01
7.030000000000000249e+00,-6.941357644240902403e+00,3.008525473345942114e+00,-5.246214823230501700e+00,8.918788220843015813e-01
7.040000000000000036e+00,-6.960495659835870264e+00,3.044340933691274120e+00,-5.120796939044363505e+00,8.865689733248008908e-01
7.049999999999999822e+00,-6.992260398019576328e+00,3.069404990543899814e+00,-5.000906951832685188e+00,8.920348782445522984e-01
7.060000000000000497e+00,-7.034773943088969972e+00,3.081928726437481281e+00,-4.887581687361116423e+00,9.071050356323993036e-01
7.070000000000000284e+00,-7.085915636394034323e+00,3.080436456283748736e+00,-4.781642225083635900e+00,9.305209330384927036e-01
7.080000000000000071e+00,-7.143375665374314565e+00,3.063797914181523474e+00,-4.683689842632198008e+00,9.609752512707057104e-01
7.089999999999999858e+00,-7.204712797005798919e+00,3.031251034474280015e+00,-4.594108673966290191e+00,9.971493617963607115e-01
7.100000000000000533e+00,-7.267414561907498793e+00,2.982414816461439244e+00,-4.513074761056544482e+00,1.037748933614938140e+00
7.110000000000000320e+00,-7.328958138274867196e+00,2.917292076498684938e+00,-4.440570968789004702e+00,1.081536551953049985e+00
7.120000000000000107e+00,-7.386870188058569653e+00,2.836262210079028900e+00,-4.376407042505420897e+00,1.127360374654019504e+00
7.129999999999999893e+00,-7.438783961081115947e+00,2.740064397906612825e+00,-4.320243924110939382e+00,1.174178009029635428e+00
7.140000000000000568e+00,-7.482492103336891631e+00,2.629771982310620260e+00,-4.271621311920775987e+00,1.221074976576839610e+00
7.150000000000000355e+00,-7.515993778493980315e+00,2.506759002765420075e+00,-4.229987356147016264e+00,1.267277338629629213e+00
7.160000000000000142e+00,-7.537534929464960953e+00,2.372660102231832990e+00,-4.194729329538692042e+00,1.312158275181051215e+00
7.169999999999999929e+00,-7.545640760921088486e+00,2.229325191652642868e+00,-4.165204103062157159e+00,1.355238633686631999e+00
7.179999999999999716e+00,-7.539139803503221771e+00,2.078770382369045322e+00,-4.140767289917796745e+00,1.396181686328030080e+00
7.190000000000000391e+00,-7.517179215025727501e+00,1.923126761873811041e+00,-4.120799996281075295e+00,1.434782544730517362e+00
7.200000000000000178e+00,-7.479231271548702153e+00,1.764588595959482253e+00,-4.104732230992366837e+00,1.470952872650777898e+00
7.209999999999999964e+00,-7.425091290262445298e+00,1.605362491134804115e+00,-4.092062174578638967e+00,1.504701702552915465e+00
7.219999999999999751e+00,-7.354867495724931814e+00,1.447618948667432237e+00,-4.082370684735376898e+00,1.536113295132398138e+00
7.230000000000000426e+00,-7.268963581204426205e+00,1.293447591390043838e+00,-4.075330613893628495e+00,1.565323076828767368e+00
7.240000000000000213e+00,-7.168054919253970425e+00,1.144817153949519550e+00,-4.070710727080329328e+00,1.592492745718808278e+00
7.250000000000000000e+00,-7.053059533533076575e+00,1.003541105437980807e+00,-4.068374226749781997e+00,1.617785649003562032e+00
7.259999999999999787e+00,-6.925105052700888386e+00,8.712495303328032792e-01,-4.068272107212476563e+00,1.641343505343366704e+00
7.270000000000000462e+00,-6.785492924551539851e+00,7.493676399999766868e-01,-4.070431766425043563e+00,1.663265473959573804e+00
7.280000000000000249e+00,-6.635661174328980394e+00,6.391010334043895069e-01,-4.074941489390179861e+00,1.683590462713752345e+00
7.290000000000000036e+00,-6.477146947435417523e+00,5.414275824789014369e-01,-4.081931578162555141e+00,1.702283423776989268e+00
7.299999999999999822e+00,-6.311549987692082198e+00,4.570955943758011064e-01,-4.091553032412040380e+00,1.719226213791517077e+00
7.310000000000000497e+00,-6.140498073888387864e+00,3.866277078760642638e-01,-4.103954776875106347e+00,1.734213402446364016e+00
7.320000000000000284e+00,-5.965615277032213726e+00,3.303298213247971571e-01,-4.119260484494334129e+00,1.746953206768230071e+00
7.330000000000000071e+00,-5.788493717066256039e+00,2.883042295324627080e-01,-4.137546054846757748e+00,1.757073516280553749e+00
7.339999999999999858e+00,-5.610669300105552537e+00,2.604660700790737971e-01,-4.158818776468345746e+00,1.764132764779722029e+00
7.350000000000000533e+00,-5.433601714976417085e+00,2.465621462676037268e-01,-4.182999130397830001e+00,1.767635205920415009e+00
7.360000000000000320e+00,-5.258658770294820428e+00,2.461912034452177211e-01,-4.209906083744036742e+00,1.767049969707982227e+00
7.370000000000000107e+00,-5.087104969163574353e+00,2.588247844817991861e-01,-4.239246580804722164e+00,1.761833122197949519e+00
7.379999999999999893e+00,-4.920094055433458458e+00,2.838278740954307544e-01,-4.270609770937032756e+00,1.751451826990342964e+00
7.390000000000000568e+00,-4.758665129652077219e+00,3.204786542543242578e-01,-4.303466323699164597e+00,1.735409619008431603e+00
7.400000000000000355e+00,-4.603741829007892861e+00,3.679868267965831774e-01,-4.337172980164608838e+00,1.713271751673089538e+00
7.410000000000000142e+00,-4.456133996686921783e+00,4.255101067376046986e-01,-4.370982282587474899e+00,1.684689569503557749e+00
7.419999999999999929e+00,-4.316541233167949798e+00,4.921686422435910813e-01,-4.404057220708445186e+00,1.649422889403108661e+00
7.429999999999999716e+00,-4.185557724325076556e+00,5.670572668358950796e-01,-4.435490339668322513e+00,1.607359443888056294e+00
7.440000000000000391e+00,-4.063677776282967891e+00,6.492556284792503352e-01,-4.464326678968215667e+00,1.558530545293295599e+00
7.450000000000000178e+00,-3.951301550727050582e+00,7.378363621089836233e-01,-4.489589760635094073e+00,1.503122267216892238e+00
7.459999999999999964e+00,-3.848740581460546650e+00,8.318715713695624681e-01,-4.510309723157959638e+00,1.441481602700484199e+00
7.469999999999999751e+00,-3.756222757087840591e+00,9.304379578032644371e-01,-4.525552610090237238e+00,1.374117241529657640e+00
7.480000000000000426e+00,-3.673896568827246689e+00,1.032620978966024339e+00,-4.534449771360125503e+00,1.301694804591235544e+00
7.490000000000000213e+00,-3.601834539399670021e+00,1.137518430151468696e+00,-4.536226322761291563e+00,1.225026574096280019e+00
7.500000000000000000e+00,-3.540035861613955781e+00,1.244243828426838894e+00,-4.530227634826033523e+00,1.145055957254460299e+00
7.509999999999999787e+00,-3.488428377078042431e+00,1.351929934949557710e+00,-4.515942884911073207e+00,1.062837110467109270e+00
7.520000000000000462e+00,-3.446870110634733919e+00,1.459732685863632362e+00,-4.493024803119436861e+00,9.795103245749513521e-01
7.530000000000000249e+00,-3.415150639985820469e+00,1.566835718459020699e+00,-4.461304869714747490e+00,8.962739231562242281e-01
7.540000000000000036e+00,-3.392992619190128956e+00,1.672455583574295357e+00,-4.420803374015203069e+00,8.143535502539605009e-01
7.549999999999999822e+00,-3.380053787437132584e+00,1.775847633837787987e+00,-4.371733916641270312e+00,7.349698172399299345e-01
7.560000000000000497e+00,-3.375929780392289636e+00,1.876312476869423929e+00,-4.314502122125785988e+00,6.593053380248988793e-01
7.570000000000000284e+00,-3.380158021702746041e+00,1.973202789437325189e+00,-4.249698520653253375e+00,5.884722059980209696e-01
7.580000000000000071e+00,-3.392222909609918347e+00,2.065930208704652049e+00,-4.178085749390366921e+00,5.234809547041200384e-01
7.589999999999999858e+00,-3.411562431990343036e+00,2.153971955224190271e+00,-4.100580408997975823e+00,4.652119983758519206e-01
7.600000000000000533e+00,-3.437576247549329445e+00,2.236876803272767056e+00,-4.018230083379280337e+00,4.143904702215179259e-01
7.610000000000000320e+00,-3.469635167115646901e+00,2.314270000206992695e+00,-3.932186185040352555e+00,3.715652690707172412e-01
7.620000000000000107e+00,-3.507091863288751554e+00,2.385856749090506046e+00,-3.843673419916648015e+00,3.370929927234472823e-01
7.629999999999999893e+00,-3.549292535462839737e+00,2.451423907726239193e+00,-3.753956770371136287e+00,3.111272839689513403e-01
7.640000000000000568e+00,-3.595589166675426718e+00,2.510839620788378301e+00,-3.664306970523441898e+00,2.936139480803310886e-01
7.650000000000000355e+00,-3.645351934448551212e+00,2.564050686968970982e+00,-3.575965492409689084e+00,2.842920242923081542e-01
7.660000000000000142e+00,-3.697981284621990383e+00,2.611077565688182833e+00,-3.490110074055477796e+00,2.827008140711496642e-01
7.669999999999999929e+00,-3.752919148848419262e+00,2.652007042715604168e+00,-3.407821801762170644e+00,2.881926915222877139e-01
7.679999999999999716e+00,-3.809658785375884094e+00,2.686982695028855339e+00,-3.330054710124785267e+00,2.999513514023732785e-01
7.690000000000000391e+00,-3.867752750013675467e+00,2.716193415981403625e+00,-3.257608786761729824e+00,3.170149928123831007e-01
7.700000000000000178e+00,-3.926818559318949298e+00,2.739860375850910135e+00,-3.191107167439215075e+00,3.383037960715675196e-01
7.709999999999999964e+00,-3.986541689145099987e+00,2.758222893806621556e+00,-3.130978184833967504e+00,3.626509301487504944e-01
7.719999999999999751e+00,-4.046675655474802902e+00,2.771523779535844501e+00,-3.077442794681099159e+00,3.888362312410367227e-01
7.730000000000000426e+00,-4.107039046414313610e+00,2.779994761312938767e+00,-3.030507750897091235e+00,4.156216217254057321e-01
7.740000000000000213e+00,-4.167509508833767029e+00,2.783842648380027374e+00,-2.989964741015764815e+00,4.417872940391922021e-01
7.750000000000000000e+00,-4.228014834141223588e+00,2.783236876629941126e+00,-2.955395529506698260e+00,4.661676665509698059e-01
7.759999999999999787e+00,-4.288521428368880173e+00,2.778299056657107524e+00,-2.926182993731045734e+00,4.876861278883223849e-01
7.770000000000000462e+00,-4.349020585299076203e+00,2.769095082682939690e+00,-2.901527779669847984e+00,5.053876215229112789e-01
7.780000000000000249e+00,-4.409513101141072866e+00,2.755630271568338951e+00,-2.880470156050842334e+00,5.184681820867074187e-01
7.790000000000000036e+00,-4.469992869186803830e+00,2.737847886407154707e+00,-2.861916509615727300e+00,5.263006167811599134e-01
7.799999999999999822e+00,-4.530430167643294759e+00,2.715631263631190340e+00,-2.844669804065381946e+00,5.284556267771219895e-01
7.810000000000000497e+00,-4.590755399255392000e+00,2.688809611791049825e+00,-2.827463223253133595e+00,5.247177817691001112e-01
7.820000000000000284e+00,-4.650844054470125499e+00,2.657167390665025941e+00,-2.808996137504604196e+00,5.150958926666239224e-01
7.830000000000000071e+00,-4.710503649259293546e+00,2.620457018062389398e+00,-2.787971472041876453e+00,4.998274694262987428e-01
7.839999999999999858e+00,-4.769463334323298831e+00,2.578414495808497353e+00,-2.763133519377591885e+00,4.793770998034929676e-01
7.850000000000000533e+00,-4.827366785786314729e+00,2.530777402981288393e+00,-2.733305223716482768e+00,4.544287368589253195e-01
7.860000000000000320e+00,-4.883768871661349209e+00,2.477304580127657641e+00,-2.697423974874623820e+00,4.258720349527828075e-01
7.870000000000000107e+00,-4.938136447657579531e+00,2.417796728795677197e+00,-2.654574981564046254e+00,3.947830223459152243e-01
7.879999999999999893e+00,-4.989853475820458684e+00,2.352117081137528043e+00,-2.604021348228890975e+00,3.623995401817250994e-01
7.890000000000000568e+00,-5.038230486459060131e+00,2.280211258201879421e+00,-2.545230054699425981e+00,3.300920094937640492e-01
7.900000000000000355e+00,-5.082518224887322411e+00,2.202125435079770988e+00,-2.477893132119098674e+00,2.993302071265536712e-01
7.910000000000000142e+00,-5.121925147091949349e+00,2.118021967030675690e+00,-2.401943439919038248e+00,2.716468354623379766e-01
7.919999999999999929e+00,-5.155638259962744385e+00,2.028191702292498455e+00,-2.317564574763490537e+00,2.485987572750189833e-01
7.930000000000000604e+00,-5.182846649309053255e+00,1.933062312158136953e+00,-2.225194580771099329e+00,2.317268338463549793e-01
7.940000000000000391e+00,-5.202766909062433776e+00,1.833202103353488432e+00,-2.125523278061987931e+00,2.225153499763467269e-01
7.950000000000000178e+00,-5.214669583476262638e+00,1.729318936789528971e+00,-2.019483180680225143e+00,2.223520323688495948e-01
7.959999999999999964e+00,-5.217905665304286345e+00,1.622254054343126084e+00,-1.908234131879964490e+00,2.324896671535029991e-01
7.969999999999999751e+00,-5.211932160093527777e+00,1.512970804607009612e+00,-1.793141941163777453e+00,2.540102975422168785e-01
7.980000000000000426e+00,-5.196335731642180100e+00,1.402538452179540318e+00,-1.675751459732428561e+00,2.877929338231544065e-01
7.990000000000000213e+00,-5.170853486621084905e+00,1.292111445469961151e+00,-1.557754675507461162e+00,3.344856355950988069e-01
8.000000000000000000e+00,-5.135390036088811172e+00,1.182904697697616747e+00,-1.440954541999840188e+00,3.944827314133659835e-01
