# energy_eV,HSE_Re,HSE_Im,TDCDFT_Re,TDCDFT_Im
1.000000000000000021e-02,7.357300056182393178e+01,-1.366256233204475166e+03,1.302108461732856028e+02,-2.463830170039739187e+03
2.000000000000000042e-02,7.337693988467255224e+01,-6.797480048330471618e+02,1.298189638460337392e+02,-1.225388791386099001e+03
2.999999999999999889e-02,7.305152021194422218e+01,-4.494308810558025016e+02,1.291687265039936960e+02,-8.097182760024427353e+02
4.000000000000000083e-02,7.259875042047067950e+01,-3.331852128237101169e+02,1.282644535129373935e+02,-5.997893684878411023e+02
5.000000000000000278e-02,7.202141648722631828e+01,-2.625943334597803300e+02,1.271121314724526741e+02,-4.722111614376686930e+02
5.999999999999999778e-02,7.132305541748648636e+01,-2.148584826199759164e+02,1.257193545531037273e+02,-3.858652309540290162e+02
7.000000000000000666e-02,7.050792225901038535e+01,-1.802110235481087273e+02,1.240952489891126618e+02,-3.231389563759612429e+02
8.000000000000000167e-02,6.958095059328005050e+01,-1.537724504552345479e+02,1.222503826077065128e+02,-2.752337460069917370e+02
8.999999999999999667e-02,6.854770697047341343e+01,-1.328350195855247478e+02,1.201966604497315672e+02,-2.372676948346584993e+02
1.000000000000000056e-01,6.741433982401483149e+01,-1.157765711506129236e+02,1.179472076966140008e+02,-2.063165805433285129e+02
1.100000000000000006e-01,6.618752346231109129e+01,-1.015667880994324577e+02,1.155162412642623906e+02,-1.805233549666417616e+02
1.199999999999999956e-01,6.487439778881628172e+01,-8.952030733116696126e+01,1.129189315532676545e+02,-1.586528507149879204e+02
1.300000000000000044e-01,6.348250444619502986e+01,-7.916376648535502625e+01,1.101712559551720716e+02,-1.398519803106265158e+02
1.400000000000000133e-01,6.201972011551207942e+01,-7.015982207709920715e+01,1.072898458052897439e+02,-1.235126898981401951e+02
1.499999999999999944e-01,6.049418772666285093e+01,-6.226155574669727599e+01,1.042918285424433691e+02,-1.091897233738207262e+02
1.600000000000000033e-01,5.891424635141854083e+01,-5.528397703146813313e+01,1.011946668841821264e+02,-9.654922494066197203e+01
1.700000000000000122e-01,5.728836055538510408e+01,-4.908558590960069523e+01,9.801599685196752887e+01,-8.533548900504810319e+01
1.799999999999999933e-01,5.562504997992033395e+01,-4.355608574372040209e+01,9.477346648414736308e+01,-7.534880668374829327e+01
1.900000000000000022e-01,5.393281990981846974e+01,-3.860798320082992774e+01,9.148457705525783012e+01,-6.643032670139150753e+01
2.000000000000000111e-01,5.222009355770449446e+01,-3.417071696185021779e+01,8.816652857855297043e+01,-5.845148105273501216e+01
2.099999999999999922e-01,5.049514676206797503e+01,-3.018647428086424966e+01,8.483607130520140061e+01,-5.130645863612458157e+01
2.200000000000000011e-01,4.876604575332754621e+01,-2.660716007318154297e+01,8.150936484913198399e+01,-4.490676121341115845e+01
2.300000000000000100e-01,4.704058859198430298e+01,-2.339216921776511882e+01,7.820184646213820656e+01,-3.917721147248800406e+01
2.399999999999999911e-01,4.532625082564173624e+01,-2.050672899533059024e+01,7.492810986091005532e+01,-3.405299255487380350e+01
2.500000000000000000e-01,4.363013584836614456e+01,-1.792065296027476862e+01,7.170179586773856784e+01,-2.947743250347348720e+01
2.600000000000000089e-01,4.195893037754831312e+01,-1.560739616562183585e+01,6.853549597153343598e+01,-2.540033472838123529e+01
2.700000000000000178e-01,4.031886539116078438e+01,-1.354333406808061113e+01,6.544066974752024635e+01,-2.177671399289939558e+01
2.800000000000000266e-01,3.871568279319441075e+01,-1.170720942890536165e+01,6.242757689471483928e+01,-1.856583703809846142e+01
2.899999999999999800e-01,3.715460799822275106e+01,-1.007970669169108113e+01,5.950522446234075602e+01,-1.573049427887236007e+01
2.999999999999999889e-01,3.564032854861416411e+01,-8.643123937997446049e+00,5.668132964220288983e+01,-1.323644812589972908e+01
3.099999999999999978e-01,3.417697880099973418e+01,-7.381120065002590103e+00,5.396229830618956669e+01,-1.105201706676279727e+01
3.200000000000000067e-01,3.276813064329243730e+01,-6.278520260246801321e+00,5.135321926912951795e+01,-9.147764415036386154e+00
3.300000000000000155e-01,3.141679013087091121e+01,-5.321166809400494024e+00,4.885787405978045683e+01,-7.496267767785509406e+00
3.400000000000000244e-01,3.012539986145657878e+01,-4.495805198252122992e+00,4.647876178936309088e+01,-6.071950483557336575e+00
3.500000000000000333e-01,2.889584684361687295e+01,-3.789997657352172755e+00,4.421713852030865155e+01,-4.850960441788005895e+00
3.599999999999999867e-01,2.772947555451787238e+01,-3.192057953351636002e+00,4.207307036021546764e+01,-3.811084343122747242e+00
3.699999999999999956e-01,2.662710582922451863e+01,-2.691002499773875734e+00,4.004549933973803633e+01,-2.931688119704959572e+00
3.800000000000000044e-01,2.558905517709404975e+01,-2.276513844299748346e+00,3.813232098044282736e+01,-2.193675830038057217e+00
3.900000000000000133e-01,2.461516508109826873e+01,-1.938913362957421116e+00,3.633047232155389850e+01,-1.579460846726052248e+00
4.000000000000000222e-01,2.370483080359418082e+01,-1.669140606764650148e+00,3.463602905476798099e+01,-1.072944302384613469e+00
4.100000000000000311e-01,2.285703419736451281e+01,-1.458737241789993533e+00,3.304431031548891440e+01,-6.594967081685242372e-01
4.199999999999999845e-01,2.207037900377342154e+01,-1.299833927374032916e+00,3.154998959820967386e+01,-3.259394508056765449e-01
4.299999999999999933e-01,2.134312811060798154e+01,-1.185138810054453762e+00,3.014721020436520504e+01,-6.052354432724837974e-02
4.400000000000000022e-01,2.067324224046429748e+01,-1.107926587854932476e+00,2.882970359351162415e+01,1.470964114451589200e-01
4.500000000000000111e-01,2.005841954613910261e+01,-1.062027332390387491e+00,2.759090899356652571e+01,3.058946126630880946e-01
4.600000000000000200e-01,1.949613560204651463e+01,-1.041814453191543866e+00,2.642409263317260582e+01,4.235138803065492952e-01
4.700000000000000289e-01,1.898368329974655566e+01,-1.042191356125044210e+00,2.532246498880671481e+01,5.063136533303457254e-01
4.799999999999999822e-01,1.851821218070815434e+01,-1.058576490584499652e+00,2.427929449051902111e+01,5.594265168486219908e-01
4.899999999999999911e-01,1.809676676982688548e+01,-1.086886601904225369e+00,2.328801620231875091e+01,5.868233276623712191e-01
5.000000000000000000e-01,1.771632350830491021e+01,-1.123518109003524224e+00,2.234233408509179597e+01,5.913867253906524013e-01
5.100000000000000089e-01,1.737382592355779565e+01,-1.165326614788398274e+00,2.143631556013209760e+01,5.749925753604735457e-01
5.200000000000000178e-01,1.706621771608812566e+01,-1.209604630048701557e+00,2.056447721822313213e+01,5.385986775875141186e-01
5.300000000000000266e-01,1.679047348798482631e+01,-1.254057651898038195e+00,1.972186066081184563e+01,4.823398935424739187e-01
5.400000000000000355e-01,1.654362688408808424e+01,-1.296778786385643256e+00,1.890409761406240463e+01,4.056286882033454666e-01
5.500000000000000444e-01,1.632279596413079403e+01,-1.336222142781084754e+00,1.810746362116987029e+01,3.072599586007411787e-01
5.600000000000000533e-01,1.612520567157002205e+01,-1.371175255101677593e+00,1.732891979082043221e+01,1.855189212090278539e-01
5.700000000000000622e-01,1.594820731163485128e+01,-1.400730805559201597e+00,1.656614225756640479e+01,3.829075864837871296e-02
5.799999999999999600e-01,1.578929499665526670e+01,-1.424257935544425813e+00,1.581753919052870394e+01,-1.368293193202256564e-01
5.899999999999999689e-01,1.564611906037132272e+01,-1.441373433317030717e+00,1.508225536761092833e+01,-3.424269652960771348e-01
5.999999999999999778e-01,1.551649648408098336e+01,-1.451913084486729399e+00,1.436016451067806798e+01,-5.811618939603729883e-01
6.099999999999999867e-01,1.539841841566610903e+01,-1.455903462410791827e+00,1.365184975034044257e+01,-8.556647229127526399e-01
6.199999999999999956e-01,1.529005489730834633e+01,-1.453534421546041955e+00,1.295857275460358515e+01,-1.168438734213088415e+00
6.300000000000000044e-01,1.518975694871628335e+01,-1.445132538322154936e+00,1.228223221133439225e+01,-1.521767763948957741e+00
6.400000000000000133e-01,1.509605617965855551e+01,-1.431135721986818155e+00,1.162531249805738121e+01,-1.917631335639094603e+00
6.500000000000000222e-01,1.500766212834056113e+01,-1.412069192835631704e+00,1.099082350203135583e+01,-2.357628044464508132e+00
6.600000000000000311e-01,1.492345754056146667e+01,-1.388522997986331831e+00,1.038223266709340997e+01,-2.842908075309985794e+00
6.700000000000000400e-01,1.484249181860749012e+01,-1.361131206069914334e+00,9.803390439876700668e+00,-3.374115600683121663e+00
6.800000000000000488e-01,1.476397287851598072e+01,-1.330552892540730392e+00,9.258450365468117838e+00,-3.951341657177874556e+00
6.900000000000000577e-01,1.468725765979184672e+01,-1.297454997365323992e+00,8.751785140427157828e+00,-4.574087943789951538e+00
7.000000000000000666e-01,1.461184153304738409e+01,-1.262497107205350577e+00,8.287899968700479292e+00,-5.241241824673335437e+00
7.099999999999999645e-01,1.453734684860034321e+01,-1.226318185382356374e+00,7.871344583018072605e+00,-5.951062655480892971e+00
7.199999999999999734e-01,1.446351086308706080e+01,-1.189525245366843453e+00,7.506625290849209264e+00,-6.701179388891186584e+00
7.299999999999999822e-01,1.439017327195230678e+01,-1.152683937679752635e+00,7.198118380247588988e+00,-7.488599253874272499e+00
7.399999999999999911e-01,1.431726356362836050e+01,-1.116310996277279255e+00,6.949986177559370759e+00,-8.309727147202817576e+00
7.500000000000000000e-01,1.424478839669840724e+01,-1.080868468996599052e+00,6.766096986935038693e+00,-9.160395227061723489e+00
7.600000000000000089e-01,1.417281918475950953e+01,-1.046759637691527356e+00,6.649950062090884906e+00,-1.003590205958927228e+01
7.700000000000000178e-01,1.410148005547424432e+01,-1.014326517444477105e+00,6.604606665283245803e+00,-1.093106054184919351e+01
7.800000000000000266e-01,1.403093633084132463e+01,-9.838488108026388623e-01,6.632628158695868414e+00,-1.184025371092126555e+01
7.900000000000000355e-01,1.396138365543669302e+01,-9.555441823928657596e-01,6.736021951314548950e+00,-1.275749745010250713e+01
8.000000000000000444e-01,1.389303787867195261e+01,-9.295697115068956018e-01,6.916195991956868738e+00,-1.367650902095768650e+01
8.100000000000000533e-01,1.382612577636395201e+01,-9.060243752503496228e-01,7.173922358661180887e+00,-1.459078028519053305e+01
8.200000000000000622e-01,1.376087667645824908e+01,-8.849524125043676248e-01,7.509310348437927551e+00,-1.549365443376894369e+01
8.300000000000000711e-01,1.369751503392045677e+01,-8.663474191048446960e-01,7.921789321826219421e+00,-1.637840501286876815e+01
8.399999999999999689e-01,1.363625398088798235e+01,-8.501570271142815383e-01,8.410101406176620387e+00,-1.723831602712733613e+01
8.499999999999999778e-01,1.357728986040969588e+01,-8.362880256295717185e-01,8.972304012474396018e+00,-1.806676191024384437e+01
8.599999999999999867e-01,1.352079773569991694e+01,-8.246117869965250424e-01,9.605781975141304940e+00,-1.885728618064397821e+01
8.699999999999999956e-01,1.346692785196444930e+01,-8.149698703356372809e-01,1.030726898482600262e+01,-1.960367764497806675e+01
8.800000000000000044e-01,1.341580301464634672e+01,-8.071796836576410339e-01,1.107287785279678971e+01,-2.030004307359919125e+01
8.900000000000000133e-01,1.336751683647418787e+01,-8.010400962953655446e-01,1.189813902410110380e+01,-2.094087534858398669e+01
9.000000000000000222e-01,1.332213279602336975e+01,-7.963369046322024136e-01,1.277804664687186076e+01,-2.152111617479769734e+01
9.100000000000000311e-01,1.327968404263107871e+01,-7.928480659092562721e-01,1.370711140853742016e+01,-2.203621254625542392e+01
9.200000000000000400e-01,1.324017387641513466e+01,-7.903486269931657704e-01,1.467941926747566583e+01,-2.248216627172228854e+01
9.300000000000000488e-01,1.320357682778019814e+01,-7.886152871543719023e-01,1.568869514183352187e+01,-2.285557598312245986e+01
9.400000000000000577e-01,1.316984025807103720e+01,-7.874305459257544548e-01,1.672837056651624721e+01,-2.315367117579967626e+01
9.500000000000000666e-01,1.313888640184477019e+01,-7.865863987946739577e-01,1.779165429516911345e+01,-2.337433795884069099e+01
9.599999999999999645e-01,1.311061477145975118e+01,-7.858875546581179927e-01,1.887160480646384642e+01,-2.351613632437682710e+01
9.699999999999999734e-01,1.308490484617703942e+01,-7.851541594994179141e-01,1.996120367302628651e+01,-2.357830887487515170e+01
9.799999999999999822e-01,1.306161897059261712e+01,-7.842240205091631777e-01,2.105342876648347783e+01,-2.356078107483768491e+01
9.899999999999999911e-01,1.304060539080769665e+01,-7.829543337814913739e-01,2.214132630268924018e+01,-2.346415321605806881e+01
1.000000000000000000e+00,1.302170136114217591e+01,-7.812229267049536352e-01,2.321808077628460865e+01,-2.328968440177790811e+01
1.010000000000000009e+00,1.300473625924474952e+01,-7.789290331937880341e-01,2.427708189221829116e+01,-2.303926896303766014e+01
1.020000000000000018e+00,1.298953465299888776e+01,-7.759936259520391344e-01,2.531198767234470282e+01,-2.271540581871188635e+01
1.030000000000000027e+00,1.297591926852156696e+01,-7.723593350325014262e-01,2.631678299622160111e+01,-2.232116137784239740e+01
1.040000000000000036e+00,1.296371381466447836e+01,-7.679899860656824728e-01,2.728583292508852765e+01,-2.186012665785190023e+01
1.050000000000000044e+00,1.295274562563123943e+01,-7.628697947276761315e-01,2.821393025496169216e+01,-2.133636935419084679e+01
1.060000000000000053e+00,1.294284808950806109e+01,-7.570022563406612059e-01,2.909633684699973699e+01,-2.075438164534310204e+01
1.070000000000000062e+00,1.293386283657191882e+01,-7.504087710157174573e-01,2.992881838890495416e+01,-2.011902455155554748e+01
1.080000000000000071e+00,1.292564166710764795e+01,-7.431270455236730355e-01,3.070767234825881431e+01,-1.943546968607094172e+01
1.090000000000000080e+00,1.291804820406579779e+01,-7.352093131893230327e-01,3.142974898550662743e+01,-1.870913924419955876e+01
1.100000000000000089e+00,1.291095926117424675e+01,-7.267204126232894579e-01,3.209246539903294604e+01,-1.794564506865998510e+01
1.110000000000000098e+00,1.290426592203812817e+01,-7.177357651113001058e-01,3.269381267572845218e+01,-1.715072760988422473e+01
1.120000000000000107e+00,1.289787433029948360e+01,-7.083392890464731417e-01,3.323235631608739027e+01,-1.633019556824716645e+01
1.130000000000000115e+00,1.289170619506360538e+01,-6.986212879887941929e-01,3.370723019179383328e+01,-1.548986696246699957e+01
1.140000000000000124e+00,1.288569901952953067e+01,-6.886763468326437820e-01,3.411812437472022452e+01,-1.463551231591190138e+01
1.150000000000000133e+00,1.287980606408953754e+01,-6.786012682193645063e-01,3.446526724823807086e+01,-1.377280059155008729e+01
1.159999999999999920e+00,1.287399605809712000e+01,-6.684930788007414915e-01,3.474940237389009923e+01,-1.290724843821718082e+01
1.169999999999999929e+00,1.286825267705938991e+01,-6.584471322879378308e-01,3.497176063817487801e+01,-1.204417323723282607e+01
1.179999999999999938e+00,1.286257380420549445e+01,-6.485553334484185362e-01,3.513402824504494504e+01,-1.118865036071717611e+01
1.189999999999999947e+00,1.285697059723790581e+01,-6.389045043736903962e-01,3.523831114953402022e+01,-1.034547497277497285e+01
1.199999999999999956e+00,1.285146638260738960e+01,-6.295749114593917062e-01,3.528709654673836127e+01,-9.519128623560943581e+00
1.209999999999999964e+00,1.284609540088434443e+01,-6.206389686375203274e-01,3.528321203841739617e+01,-8.713750805586812476e+00
1.219999999999999973e+00,1.284090142774706678e+01,-6.121601294942269345e-01,3.522978309718400425e+01,-7.933115562876114524e+00
1.229999999999999982e+00,1.283593629578401973e+01,-6.041919780080152735e-01,3.513018943623126233e+01,-7.180613168015498537e+00
1.239999999999999991e+00,1.283125834272671995e+01,-5.967775247618987144e-01,3.498802087156309426e+01,-6.459236810959449571e+00
1.250000000000000000e+00,1.282693081189757756e+01,-5.899487126281282023e-01,3.480703323466426014e+01,-5.771574177648611581e+00
1.260000000000000009e+00,1.282302023058112717e+01,-5.837261331019023558e-01,3.459110485748197306e+01,-5.119803736965491403e+00
1.270000000000000018e+00,1.281959479170786764e+01,-5.781189516816869212e-01,3.434419410960129682e+01,-4.505695501974487982e+00
1.280000000000000027e+00,1.281672276367775076e+01,-5.731250379664587502e-01,3.407029842074786075e+01,-3.930615986291044806e+00
1.290000000000000036e+00,1.281447095234450906e+01,-5.687312934785760943e-01,3.377341517143983651e+01,-3.395537039134032042e+00
1.300000000000000044e+00,1.281290323812802967e+01,-5.649141676396580714e-01,3.345750478194242561e+01,-2.901048213290112088e+00
1.310000000000000053e+00,1.281207920991926485e+01,-5.616403498446921327e-01,3.312645627583175667e+01,-2.447372298833670357e+00
1.320000000000000062e+00,1.281205291588803519e+01,-5.588676232192791860e-01,3.278405554058788596e+01,-2.034383641810887600e+00
1.330000000000000071e+00,1.281287174950013963e+01,-5.565458634313079633e-01,3.243395645476915945e+01,-1.661628860861126933e+00
1.340000000000000080e+00,1.281457548700001858e+01,-5.546181638905075539e-01,3.207965500044851836e+01,-1.328349575424282225e+00
1.350000000000000089e+00,1.281719549032714234e+01,-5.530220668381096161e-01,3.172446643157593016e+01,-1.033506766154546952e+00
1.360000000000000098e+00,1.282075408692138296e+01,-5.516908782366370945e-01,3.137150552450797392e+01,-7.758064007138264495e-01
1.370000000000000107e+00,1.282526413515295083e+01,-5.505550430505974369e-01,3.102366989671626385e+01,-5.537259754535704959e-01
1.380000000000000115e+00,1.283072878121167193e+01,-5.495435564951094420e-01,3.068362634410553369e+01,-3.655416447581005257e-01
1.390000000000000124e+00,1.283714141023810384e+01,-5.485853861532975495e-01,3.035380011674694956e+01,-2.093556341276751886e-01
1.400000000000000133e+00,1.284448579131336032e+01,-5.476108795530911788e-01,3.003636702731777319e+01,-8.312365952786718304e-02
1.409999999999999920e+00,1.285273641268834055e+01,-5.465531318746982281e-01,2.973324826614564032e+01,1.531789675859635338e-02
1.419999999999999929e+00,1.286185900037521890e+01,-5.453492889511052377e-01,2.944610778135582763e+01,8.822527541664544615e-02
1.429999999999999938e+00,1.287181120999806083e+01,-5.439417616380427534e-01,2.917635207195262836e+01,1.379212884065448008e-01
1.439999999999999947e+00,1.288254347866303817e+01,-5.422793289726061117e-01,2.892513223535814504e+01,1.667700935107269966e-01
1.449999999999999956e+00,1.289400002062173378e+01,-5.403181093080939856e-01,2.869334810850750728e+01,1.771529373658185802e-01
1.459999999999999964e+00,1.290611994772516979e+01,-5.380223807940520686e-01,2.848165434250509875e+01,1.714449864658949829e-01
1.469999999999999973e+00,1.291883849316282884e+01,-5.353652351436511969e-01,2.829046825445875513e+01,1.519933454670336082e-01
1.479999999999999982e+00,1.293208831480932908e+01,-5.323290515635160647e-01,2.811997930577523519e+01,1.210963448402982007e-01
1.489999999999999991e+00,1.294580085271787695e+01,-5.289057809723526349e-01,2.797016006323815063e+01,8.098416565344591922e-02
1.500000000000000000e+00,1.295990771395506158e+01,-5.250970341539691333e-01,2.784077850692743183e+01,3.380085802598444683e-02
1.510000000000000009e+00,1.297434205711034672e+01,-5.209139712178023629e-01,2.773141155682709069e+01,-1.841219850928444909e-02
1.520000000000000018e+00,1.298903994847103505e+01,-5.163769936084828815e-01,2.764145969719939444e+01,-7.373135011518626436e-02
1.530000000000000027e+00,1.300394166205705027e+01,-5.115152438420836889e-01,2.757016258394031993e+01,-1.303641998436647631e-01
1.540000000000000036e+00,1.301899289647359481e+01,-5.063659220710802211e-01,2.751661552471179562e+01,-1.866615768112364349e-01
1.550000000000000044e+00,1.303414588286808318e+01,-5.009734324108806591e-01,2.747978672430460634e+01,-2.411279050784942424e-01
1.560000000000000053e+00,1.304936036016171030e+01,-4.953883756142500872e-01,2.745853518816692329e+01,-2.924299328752852922e-01
1.570000000000000062e+00,1.306460439614307845e+01,-4.896664080724609791e-01,2.745162917518897316e+01,-3.394037814161216526e-01
1.580000000000000071e+00,1.307985503592725429e+01,-4.838669901731131873e-01,2.745776508664285487e+01,-3.810602714465711194e-01
1.590000000000000080e+00,1.309509876265091677e+01,-4.780520496779169792e-01,2.747558667173407798e+01,-4.165884854503124624e-01
1.600000000000000089e+00,1.311033175903255632e+01,-4.722845879295930471e-01,2.750370442174094876e+01,-4.453575247076285715e-01
1.610000000000000098e+00,1.312555996250583590e+01,-4.666272582948103320e-01,2.754071501452978765e+01,-4.669164236567704962e-01
1.620000000000000107e+00,1.314079891095395425e+01,-4.611409472490952122e-01,2.758522065976779913e+01,-4.809921897347911313e-01
1.630000000000000115e+00,1.315607338054259223e+01,-4.558833888715846938e-01,2.763584818293238854e+01,-4.874859454418392080e-01
1.640000000000000124e+00,1.317141682167629213e+01,-4.509078432173416195e-01,2.769126767383572840e+01,-4.864671610620038278e-01
1.650000000000000133e+00,1.318687060358533891e+01,-4.462618680625296541e-01,2.775021051349942525e+01,-4.781659814497573047e-01
1.660000000000000142e+00,1.320248308238821799e+01,-4.419862118776310966e-01,2.781148658251976613e+01,-4.629636685969670262e-01
1.669999999999999929e+00,1.321830851156586739e+01,-4.381138535970657832e-01,2.787400044526923892e+01,-4.413812032431554400e-01
1.679999999999999938e+00,1.323440581753069267e+01,-4.346692118556160223e-01,2.793676629808472711e+01,-4.140661133625194168e-01
1.689999999999999947e+00,1.325083726628146508e+01,-4.316675429055037982e-01,2.799892146667223258e+01,-3.817776246019616293e-01
1.699999999999999956e+00,1.326766704992162893e+01,-4.291145424773512018e-01,2.805973823893034336e+01,-3.453702571765833174e-01
1.709999999999999964e+00,1.328495982400465891e+01,-4.270061624845218340e-01,2.811863382480700579e+01,-3.057760247541442267e-01
1.719999999999999973e+00,1.330277922819614744e+01,-4.253286487829130991e-01,2.817517824510437308e+01,-2.639854227724741098e-01
1.729999999999999982e+00,1.332118642355661287e+01,-4.240588012894552783e-01,2.822909996667373278e+01,-2.210274256366621393e-01
1.739999999999999991e+00,1.334023867981884770e+01,-4.231644527397900313e-01,2.828028912239740222e+01,-1.779487434664687451e-01
1.750000000000000000e+00,1.335998804534260920e+01,-4.226051573436424014e-01,2.832879818080381185e+01,-1.357926185862494417e-01
1.760000000000000009e+00,1.338048013097705535e+01,-4.223330756910507189e-01,2.837483996200789704e+01,-9.557746881987656817e-02
1.770000000000000018e+00,1.340175303686790365e+01,-4.222940375906559241e-01,2.841878293366293562e+01,-5.827570791808359130e-02
1.780000000000000027e+00,1.342383644834687040e+01,-4.224287601958815475e-01,2.846114376233569132e+01,-2.479309217426728384e-02
1.790000000000000036e+00,1.344675092349175216e+01,-4.226741949035626167e-01,2.850257714159968003e+01,4.051044403306810864e-03
1.800000000000000044e+00,1.347050739081559456e+01,-4.229649731919117861e-01,2.854386296745320806e+01,2.754229690538437247e-02
1.810000000000000053e+00,1.349510687092046268e+01,-4.232349188880715762e-01,2.858589098353860436e+01,4.508806869968044057e-02
1.820000000000000062e+00,1.352054043093437130e+01,-4.234185923947774155e-01,2.862964307206571490e+01,5.623246068931124497e-02
1.830000000000000071e+00,1.354678937525000926e+01,-4.234528312197310962e-01,2.867617342021754112e+01,6.066882363920231280e-02
1.840000000000000080e+00,1.357382567062164824e+01,-4.232782507813545592e-01,2.872658684493994130e+01,5.824965002519405521e-02
1.850000000000000089e+00,1.360161259817776624e+01,-4.228406699339328778e-01,2.878201561013218424e+01,4.899351360435831582e-02
1.860000000000000098e+00,1.363010561950098776e+01,-4.220924269666432860e-01,2.884359511806466614e+01,3.308880481261591150e-02
1.870000000000000107e+00,1.365925343874425835e+01,-4.209935539675596639e-01,2.891243890005587147e+01,1.089405785139547535e-02
1.880000000000000115e+00,1.368899923791863138e+01,-4.195127803688694645e-01,2.898961336876872252e+01,-1.706527959141725809e-02
1.890000000000000124e+00,1.371928205812467816e+01,-4.176283401456792332e-01,2.907611282472527137e+01,-5.010372135239644920e-02
1.900000000000000133e+00,1.375003829571807756e+01,-4.153285614537158832e-01,2.917283523166006276e+01,-8.738628252787278283e-02
1.910000000000000142e+00,1.378120327929910438e+01,-4.126122223677067269e-01,2.928055928813850883e+01,-1.279426319720261829e-01
1.919999999999999929e+00,1.381271289108079259e+01,-4.094886617151652919e-01,2.939992332560350974e+01,-1.706847303333866028e-01
1.929999999999999938e+00,1.384450519468914997e+01,-4.059776396694747547e-01,2.953140655500840950e+01,-2.144277492546456942e-01
1.939999999999999947e+00,1.387652203082944347e+01,-4.021089486405697300e-01,2.967531316497825600e+01,-2.579139898628986516e-01
1.949999999999999956e+00,1.390871054254325401e+01,-3.979217809441902842e-01,2.983175974376423412e+01,-2.998394424668792690e-01
1.959999999999999964e+00,1.394102459298997054e+01,-3.934638655997757528e-01,3.000066645511226682e+01,-3.388825561481822457e-01
1.969999999999999973e+00,1.397342604079529949e+01,-3.887903922606445462e-01,3.018175234479644686e+01,-3.737347184046747040e-01
1.979999999999999982e+00,1.400588584098457900e+01,-3.839627455793284128e-01,3.037453509047224642e+01,-4.031318828811753519e-01
1.989999999999999991e+00,1.403838494329772857e+01,-3.790470781230710351e-01,3.057833543343850380e+01,-4.258867291628937179e-01
2.000000000000000000e+00,1.407091496418868459e+01,-3.741127541565321679e-01,3.079228644787394842e+01,-4.409206941755532960e-01
2.010000000000000231e+00,1.410347861394556723e+01,-3.692307000911287385e-01,3.101534771238266686e+01,-4.472951813726921411e-01
2.020000000000000018e+00,1.413608986601446738e+01,-3.644717000685189778e-01,3.124632435172245337e+01,-4.442412328687052048e-01
2.030000000000000249e+00,1.416877386163992902e+01,-3.599046769240533128e-01,3.148389081508261356e+01,-4.311869420704753653e-01
2.040000000000000036e+00,1.420156654920899442e+01,-3.555949996091458121e-01,3.172661915307940106e+01,-4.077818910150226017e-01
2.049999999999999822e+00,1.423451406405462549e+01,-3.516028580061417719e-01,3.197301145074970918e+01,-3.739179181199070445e-01
2.060000000000000053e+00,1.426767186078573424e+01,-3.479817449360312898e-01,3.222153597035757855e+01,-3.297455586992179000e-01
2.069999999999999840e+00,1.430110361631074944e+01,-3.447770830517250529e-01,3.247066645795786144e+01,-2.756855523938167574e-01
2.080000000000000071e+00,1.433487992746012551e+01,-3.420250312662713732e-01,3.271892397359010118e+01,-2.124348782977679428e-01
2.089999999999999858e+00,1.436907683234525734e+01,-3.397515014471901851e-01,3.296492051888195363e+01,-1.409668594053795909e-01
2.100000000000000089e+00,1.440377418918403229e+01,-3.379714113991040825e-01,3.320740365984121922e+01,-6.252497210416582685e-02
2.109999999999999876e+00,1.443905395015680959e+01,-3.366881947606907843e-01,3.344530127870535097e+01,2.138989745964043482e-02
2.120000000000000107e+00,1.447499837082771990e+01,-3.358935824813288895e-01,3.367776553874220724e+01,1.090388917752082298e-01
2.129999999999999893e+00,1.451168819769151952e+01,-3.355676641551800232e-01,3.390421511149084921e+01,1.984713316058963894e-01
2.140000000000000124e+00,1.454920087742536339e+01,-3.356792308259282653e-01,3.412437469849041349e+01,2.875574616922470517e-01
2.149999999999999911e+00,1.458760883139886566e+01,-3.361863940929951111e-01,3.433831088018143873e+01,3.740275414567547640e-01
2.160000000000000142e+00,1.462697783791392858e+01,-3.370374696133709991e-01,3.454646334417118680e+01,4.555168920338826810e-01
2.169999999999999929e+00,1.466736556252011781e+01,-3.381721065671962623e-01,3.474967058388860863e+01,5.296163742181915213e-01
2.180000000000000160e+00,1.470882027362224598e+01,-3.395226385020103654e-01,3.494918921690331359e+01,5.939276387823210213e-01
2.189999999999999947e+00,1.475137977652732779e+01,-3.410156253442621632e-01,3.514670614955509365e+01,6.461223638066591057e-01
2.200000000000000178e+00,1.479507059415742454e+01,-3.425735514120689662e-01,3.534434291036195219e+01,6.840045759066163411e-01
2.209999999999999964e+00,1.483990741699347815e+01,-3.441166401082405013e-01,3.554465158787607493e+01,7.055750461958050224e-01
2.220000000000000195e+00,1.488589283854157941e+01,-3.455647427294737950e-01,3.575060193780009143e+01,7.090966600083035143e-01
2.229999999999999982e+00,1.493301738587602756e+01,-3.468392565854615528e-01,3.596555936744718451e+01,6.931595841654931700e-01
2.240000000000000213e+00,1.498125984777094288e+01,-3.478650264472922804e-01,3.619325366088395413e+01,6.567449990237201884e-01
2.250000000000000000e+00,1.503058789575453780e+01,-3.485721832788571950e-01,3.643773847287197754e+01,5.992861265070122956e-01
2.260000000000000231e+00,1.508095898628202569e+01,-3.488978752615090606e-01,3.670334179129554997e+01,5.207252713147195733e-01
2.270000000000000018e+00,1.513232152529986507e+01,-3.487878482882018627e-01,3.699460774316670353e+01,4.215656016316803312e-01
2.280000000000000249e+00,1.518461626993953040e+01,-3.481978363363866791e-01,3.731623029540178749e+01,3.029164286900548619e-01
2.290000000000000036e+00,1.523777793609659525e+01,-3.470947263621383394e-01,3.767297957510272255e+01,1.665308017422373887e-01
2.300000000000000266e+00,1.529173697537569510e+01,-3.454574674965185666e-01,3.806962170173250115e+01,1.483431625998150871e-02
2.310000000000000053e+00,1.534642148044979315e+01,-3.432777002522729992e-01,3.851083318201808225e+01,-1.490558621248070648e-01
2.319999999999999840e+00,1.540175917441311348e+01,-3.405600880262503738e-01,3.900111106438556874e+01,-3.213226283397745964e-01
2.330000000000000071e+00,1.545767943729426186e+01,-3.373223402541254967e-01,3.954468018008853392e+01,-4.974519457055809335e-01
2.339999999999999858e+00,1.551411532161204576e+01,-3.335949239691022861e-01,4.014539890999008520e+01,-6.722477864775321388e-01
2.350000000000000089e+00,1.557100550874279854e+01,-3.294204680552919595e-01,4.080666500649272166e+01,-8.398593772896918441e-01
2.359999999999999876e+00,1.562829615893845947e+01,-3.248528719832708966e-01,4.153132306699690446e+01,-9.938209245067716191e-01
2.370000000000000107e+00,1.568594261007539714e+01,-3.199561380835330149e-01,4.232157529647854943e+01,-1.127103786604763735e+00
2.379999999999999893e+00,1.574391088357767821e+01,-3.148029532701218103e-01,4.317889721068412712e+01,-1.232180845504093014e+00
2.390000000000000124e+00,1.580217896037413361e+01,-3.094730523967694213e-01,4.410395991689785689e+01,-1.301102609893758366e+00
2.399999999999999911e+00,1.586073779511223059e+01,-3.040514009499538095e-01,4.509656056554382531e+01,-1.325584364805922233e+00
2.410000000000000142e+00,1.591959204304091635e+01,-2.986262394125339670e-01,4.615556249289483048e+01,-1.297103466936985638e+00
2.419999999999999929e+00,1.597876048083722544e+01,-2.932870352447160545e-01,4.727884647321456413e+01,-1.207005678408458182e+00
2.430000000000000160e+00,1.603827611002463982e+01,-2.881223909269186589e-01,4.846327436867535710e+01,-1.046619236735036873e+00
2.439999999999999947e+00,1.609818593933008657e+01,-2.832179578196122316e-01,4.970466630877567837e+01,-8.073751795271514320e-01
2.450000000000000178e+00,1.615855045016216707e+01,-2.786544056765095645e-01,5.099779234970233688e+01,-4.809322825322762673e-01
2.459999999999999964e+00,1.621944275716649031e+01,-2.745054964881220028e-01,5.233637936056157258e+01,-5.930483239748058494e-02
2.470000000000000195e+00,1.628094748332875952e+01,-2.708363089524400968e-01,5.371313366056863714e+01,4.650086559216419779e-01
2.479999999999999982e+00,1.634315937615905057e+01,-2.677016563213806544e-01,5.511977969244853170e+01,1.098897750185084510e+00
2.490000000000000213e+00,1.640618169791824243e+01,-2.651447357367432422e-01,5.654711476617425348e+01,1.848515465713248318e+00
2.500000000000000000e+00,1.647012442847123737e+01,-2.631960415603174508e-01,5.798507964774955070e+01,2.719158729291682342e+00
2.510000000000000231e+00,1.653510232402229008e+01,-2.618725687564443239e-01,5.942284450430128828e+01,3.715155973545198886e+00
2.520000000000000018e+00,1.660123287857840069e+01,-2.611773252633538545e-01,6.084890945369703275e+01,4.839763845019381172e+00
2.530000000000000249e+00,1.666863423739870953e+01,-2.610991646717727432e-01,6.225121870879182495e+01,6.095074926625784428e+00
2.540000000000000036e+00,1.673742311285113971e+01,-2.616129426114597312e-01,6.361728705776234705e+01,7.481938258644897033e+00
2.550000000000000266e+00,1.680771275297541933e+01,-2.626799922327265890e-01,6.493433718731192528e+01,8.999894293285652935e+00
2.560000000000000053e+00,1.687961101163963207e+01,-2.642489062717080506e-01,6.618944613914476349e+01,1.064712573759994463e+01
2.569999999999999840e+00,1.695321856650707559e+01,-2.662566056131441816e-01,6.736969899614796020e+01,1.242042553067742183e+01
2.580000000000000071e+00,1.702862732716501526e+01,-2.686296672162978849e-01,6.846234772698100812e+01,1.431518296635112009e+01
2.589999999999999858e+00,1.710591907080517871e+01,-2.712858779391189579e-01,6.945497297970250372e+01,1.632538871551825110e+01
2.600000000000000089e+00,1.718516433691473111e+01,-2.741359753565535962e-01,7.033564650965061560e+01,1.844365922644914946e+01
2.609999999999999876e+00,1.726642160569273088e+01,-2.770855322731833881e-01,7.109309185651987661e+01,2.066128069134907363e+01
2.620000000000000107e+00,1.734973677753039922e+01,-2.800369384031850539e-01,7.171684085238180728e+01,2.296827246753095864e+01
2.629999999999999893e+00,1.743514296308335076e+01,-2.828914307266313100e-01,7.219738354759130061e+01,2.535346953664694425e+01
2.640000000000000124e+00,1.752266058543652960e+01,-2.855511233922329861e-01,7.252630918581137109e+01,2.780462328053424415e+01
2.649999999999999911e+00,1.761229778783850364e+01,-2.879209887473238028e-01,7.269643594279182253e+01,3.030851955240694551e+01
2.660000000000000142e+00,1.770405113269239550e+01,-2.899107431252213596e-01,7.270192726542963157e+01,3.285111273249376751e+01
2.669999999999999929e+00,1.779790657015547239e+01,-2.914365943572734818e-01,7.253839280670271705e+01,3.541767418274066870e+01
2.680000000000000160e+00,1.789384064803722296e+01,-2.924228125159220038e-01,7.220297214634950933e+01,3.799295326072971335e+01
2.689999999999999947e+00,1.799182192889434972e+01,-2.928030910122292885e-01,7.169439971406711720e+01,4.056134882303175715e+01
2.700000000000000178e+00,1.809181257547930244e+01,-2.925216717113783282e-01,7.101304958833142678e+01,4.310708894706639427e+01
2.709999999999999964e+00,1.819377006216057779e+01,-2.915342150060405424e-01,7.016095912597172912e+01,4.561441643193830942e+01
2.720000000000000195e+00,1.829764896771606075e+01,-2.898084035899139432e-01,6.914183068112201624e+01,4.806777750598427446e+01
2.729999999999999982e+00,1.840340280409311191e+01,-2.873242767699852873e-01,6.796101099248488708e+01,5.045201107460667345e+01
2.740000000000000213e+00,1.851098583637390860e+01,-2.840743003011339529e-01,6.662544814996704190e+01,5.275253578853111947e+01
2.750000000000000000e+00,1.862035485128867407e+01,-2.800631846663816926e-01,6.514362639042717262e+01,5.495553220135094108e+01
2.760000000000000231e+00,1.873147083514230715e+01,-2.753074722062390234e-01,6.352547931206177623e+01,5.704811731690281107e+01
2.770000000000000018e+00,1.884430052688065871e+01,-2.698349202720102258e-01,6.178228243232364036e+01,5.901850890169065877e+01
2.780000000000000249e+00,1.895881781809708500e+01,-2.636837134053942044e-01,5.992652633968850040e+01,6.085617705460567350e+01
2.790000000000000036e+00,1.907500497890286795e+01,-2.569015422150140449e-01,5.797177199965597083e+01,6.255198068416778767e+01
2.800000000000000266e+00,1.919285369655485951e+01,-2.495445899407537083e-01,5.593249006484720809e+01,6.409828674039212615e+01
2.810000000000000053e+00,1.931236592231585192e+01,-2.416764695148888031e-01,5.382388630304114940e+01,6.548907028137772102e+01
2.819999999999999840e+00,1.943355453095441021e+01,-2.333671541275170180e-01,5.166171549088700488e+01,6.671999372046970223e+01
2.830000000000000071e+00,1.955644380628757162e+01,-2.246919428112149619e-01,4.946208632077706824e+01,6.778846389437386222e+01
2.839999999999999858e+00,1.968106977493333787e+01,-2.157304993505215207e-01,4.724126003036460730e+01,6.869366591144685685e+01
2.850000000000000089e+00,1.980748041866495868e+01,-2.065659979209271691e-01,4.501544558551810127e+01,6.943657307760796016e+01
2.859999999999999876e+00,1.993573580314130922e+01,-1.972844023465548657e-01,4.280059432579275835e+01,7.001993254964227731e+01
2.870000000000000107e+00,2.006590816703382529e+01,-1.879738978640158042e-01,4.061219701514013991e+01,7.044822672653205586e+01
2.879999999999999893e+00,2.019808202040376699e+01,-1.787244849718427897e-01,3.846508622869804839e+01,7.072761075311106538e+01
2.890000000000000124e+00,2.033235430435622604e+01,-1.696277345576413242e-01,3.637324694893083432e+01,7.086582687096746724e+01
2.899999999999999911e+00,2.046883466529384066e+01,-1.607766923010662818e-01,3.434963814176814623e+01,7.087209670330111067e+01
2.910000000000000142e+00,2.060764589634398192e+01,-1.522659086608795509e-01,3.240602793704636042e+01,7.075699289766606626e+01
2.919999999999999929e+00,2.074892459561328550e+01,-1.441915589124652397e-01,3.055284484961368818e+01,7.053229186770890635e+01
2.930000000000000160e+00,2.089282208576783617e+01,-1.366516060774876917e-01,2.879904725067218152e+01,7.021080966694495373e+01
2.939999999999999947e+00,2.103950563203694912e+01,-1.297459485653081890e-01,2.715201303677098466e+01,6.980622328950680355e+01
2.950000000000000178e+00,2.118915998614894036e+01,-1.235764843191710510e-01,2.561745115034703701e+01,6.933287992032006741e+01
2.959999999999999964e+00,2.134198927204872120e+01,-1.182470146193159710e-01,2.419933628542859338e+01,6.880559684653812269e+01
2.970000000000000195e+00,2.149821921570594085e+01,-1.138629038167849189e-01,2.289986777007665353e+01,6.823945489013811994e+01
2.979999999999999982e+00,2.165809970614655811e+01,-1.105304065094526861e-01,2.171945325876204080e+01,6.764958832585757875e+01
2.990000000000000213e+00,2.182190765834360491e+01,-1.083555713448589586e-01,2.065671749882555730e+01,6.705097430735703767e+01
3.000000000000000000e+00,2.198995013114935659e+01,-1.074426310176866545e-01,1.970853606132599722e+01,6.645822483660137436e+01
3.010000000000000231e+00,2.216256763546142494e+01,-1.078917913453146527e-01,1.887009355389538712e+01,6.588538427669078601e+01
3.020000000000000018e+00,2.234013754974834143e+01,-1.097963387110702793e-01,1.813496546764084272e+01,6.534573532725305256e+01
3.030000000000000249e+00,2.252307754241233084e+01,-1.132389947517542933e-01,1.749522245748607929e+01,6.485161625528438378e+01
3.040000000000000036e+00,2.271184888375363897e+01,-1.182874599465567333e-01,1.694155552125917907e+01,6.441425200501382164e+01
3.050000000000000266e+00,2.290695951505369976e+01,-1.249891036712720699e-01,1.646342023261441057e+01,6.404360160066659091e+01
3.060000000000000053e+00,2.310896672904086202e+01,-1.333647771636028712e-01,1.604919790145522995e+01,6.374822400929439681e+01
3.070000000000000284e+00,2.331847930525980672e+01,-1.434017474664492087e-01,1.568637128733736930e+01,6.353516435109035143e+01
3.080000000000000071e+00,2.353615893612115784e+01,-1.550457744558195738e-01,1.536171228027588853e+01,6.340986203633465124e+01
3.089999999999999858e+00,2.376272077511353942e+01,-1.681923791178301097e-01,1.506147879272930901e+01,6.337608207627817336e+01
3.100000000000000089e+00,2.399893293820998608e+01,-1.826773788364240703e-01,1.477161797890045847e+01,6.343587046522187478e+01
3.109999999999999876e+00,2.424561479322845514e+01,-1.982667940437213006e-01,1.447797281476842457e+01,6.358953416840019202e+01
3.120000000000000107e+00,2.450363388006682897e+01,-2.146462595593835454e-01,1.416648903560843742e+01,6.383564588085695135e+01
3.129999999999999893e+00,2.477390131749266544e+01,-2.314101026466778011e-01,1.382341943756123825e+01,6.417107335220026698e+01
3.140000000000000124e+00,2.505736556960416905e+01,-2.480502775443896302e-01,1.343552260571451740e+01,6.459103270684362030e+01
3.149999999999999911e+00,2.535500446715649403e+01,-2.639453722762366006e-01,1.299025323204131865e+01,6.508916483486353854e+01
3.160000000000000142e+00,2.566781540553379060e+01,-2.783499271625758942e-01,1.247594133055061327e+01,6.565763359051116765e+01
3.169999999999999929e+00,2.599680367199101738e+01,-2.903843249417782379e-01,1.188195784160422441e+01,6.628724421898733965e+01
3.180000000000000160e+00,2.634296888953290150e+01,-2.990255290503493479e-01,1.119886433934173731e+01,6.696758014222635325e+01
3.189999999999999947e+00,2.670728960296994003e+01,-3.030989587529038798e-01,1.041854481175101554e+01,6.768715597556033003e+01
3.200000000000000178e+00,2.709070607372261108e+01,-3.012717968523067613e-01,9.534317767807310773e+00,6.843358442315815182e+01
3.209999999999999964e+00,2.749410139315678592e+01,-2.920480271172559150e-01,8.541027235525323391e+00,6.919375451433194257e+01
3.220000000000000195e+00,2.791828106887134453e+01,-2.737654938967646334e-01,7.435111543591660599e+00,6.995401849784401804e+01
3.229999999999999982e+00,2.836395128357860074e+01,-2.445952653101179097e-01,6.214649122070912135e+00,7.070038460916792644e+01
3.240000000000000213e+00,2.883169607111995703e+01,-2.025435636816240448e-01,4.879380908913222292e+00,7.141871286751280934e+01
3.250000000000000000e+00,2.932195369779216776e+01,-1.454565024346211599e-01,3.430709302959991991e+00,7.209491104580652632e+01
3.260000000000000231e+00,2.983499257854322195e+01,-7.102783750409755181e-02,1.871673955170310322e+00,7.271512798752836204e+01
3.270000000000000018e+00,3.037088709573841427e+01,2.319009635060877150e-02,2.069050323135001035e-01,7.326594151833324986e+01
3.280000000000000249e+00,3.092949372211512582e+01,1.397721378316189311e-01,-1.557445083995347979e+00,7.373453831616048149e+01
3.290000000000000036e+00,3.151042787828321678e+01,2.814026631013568092e-01,-3.413790390371560513e+00,7.410888325864878823e+01
3.300000000000000266e+00,3.211304197778586911e+01,4.508545393530816181e-01,-5.353218588344866191e+00,7.437787595824714515e+01
3.310000000000000053e+00,3.273640512847919126e+01,6.509647049379674311e-01,-7.365615328156891906e+00,7.453149241990062990e+01
3.320000000000000284e+00,3.337928496708158121e+01,8.846064756692361142e-01,-9.439803326951059503e+00,7.456091000960005033e+01
3.330000000000000071e+00,3.404013210355041252e+01,1.154658742075876265e+00,-1.156369412735107005e+01,7.445861419996811037e+01
3.339999999999999858e+00,3.471706764297495340e+01,1.463972288955766254e+00,-1.372445010870085547e+01,7.421848585663552456e+01
3.350000000000000089e+00,3.540787423456411886e+01,1.815333535397810394e+00,-1.590865424898682789e+01,7.383586814138141108e+01
3.359999999999999876e+00,3.610999106987082996e+01,2.211426059261250465e+00,-1.810248506196362683e+01,7.330761242965608915e+01
3.370000000000000107e+00,3.682051321559993085e+01,2.654790333625901333e+00,-2.029189410182021547e+01,7.263210296585945969e+01
3.379999999999999893e+00,3.753619562034728574e+01,3.147782162645414772e+00,-2.246278343672898714e+01,7.180926030431473350e+01
3.390000000000000124e+00,3.825346207975439938e+01,3.692530359241403826e+00,-2.460118054203871552e+01,7.084052390204963956e+01
3.399999999999999911e+00,3.896841938134998884e+01,4.290894255883452857e+00,-2.669340815222117058e+01,6.972881453625505799e+01
3.410000000000000142e+00,3.967687677949903247e+01,4.944421681088485343e+00,-2.872624673591347744e+01,6.847847750986966275e+01
3.419999999999999929e+00,4.037437087326255636e+01,5.654308067091449175e+00,-3.068708741782764804e+01,6.709520787873989889e+01
3.430000000000000160e+00,4.105619587664788384e+01,6.421357377355029428e+00,-3.256407336177570500e+01,6.558595917920158058e+01
3.439999999999999947e+00,4.171743918288963471e+01,7.245945555284828643e+00,-3.434622784691189423e+01,6.395883735221862310e+01
3.450000000000000178e+00,4.235302203340068417e+01,8.127987196946172332e+00,-3.602356751050422190e+01,6.222298174637347046e+01
3.459999999999999964e+00,4.295774500931719331e+01,9.066906140154051386e+00,-3.758719949074470890e+01,6.038843523461524398e+01
3.470000000000000195e+00,4.352633797070030397e+01,1.006161063964212410e+01,-3.902940147770819834e+01,5.846600559689020571e+01
3.479999999999999982e+00,4.405351397706343874e+01,1.111047376291827149e+01,-4.034368396479843000e+01,5.646712040141496658e+01
3.490000000000000213e+00,4.453402663464566302e+01,1.221131959392363697e+01,-4.152483428206801364e+01,5.440367766081162415e+01
3.500000000000000000e+00,4.496273023242504507e+01,1.336141577198050889e+01,-4.256894228183144691e+01,5.228789454568217820e+01
3.510000000000000231e+00,4.533464195192697588e+01,1.455747282223465255e+01,-4.347340783128606745e+01,5.013215640812006768e+01
3.520000000000000018e+00,4.564500536704551337e+01,1.579565065157763470e+01,-4.423693054185493878e+01,4.794886830243421372e+01
3.530000000000000249e+00,4.588935439089929247e+01,1.707157249182687053e+01,-4.485948242636284533e+01,4.575031109180594058e+01
3.540000000000000036e+00,4.606357677860452071e+01,1.838034647087597406e+01,-4.534226441894357862e+01,4.354850410012980433e+01
3.550000000000000266e+00,4.616397625905768365e+01,1.971659488399027182e+01,-4.568764791515692281e+01,4.135507611067264833e+01
3.560000000000000053e+00,4.618733234648472319e+01,2.107449112291852344e+01,-4.589910268796126758e+01,3.918114633074612385e+01
3.570000000000000284e+00,4.613095687455620464e+01,2.244780410174422158e+01,-4.598111270625709324e+01,3.703721673787801194e+01
3.580000000000000071e+00,4.599274630298398847e+01,2.382994989722969592e+01,-4.593908152448877047e+01,3.493307700190187859e+01
3.589999999999999858e+00,4.577122886917042877e+01,2.521405019976367612e+01,-4.577922902263242833e+01,3.287772294304851073e+01
3.600000000000000089e+00,4.546560569587942524e+01,2.659299705092011479e+01,-4.550848135472070766e+01,3.087928924275481535e+01
3.609999999999999876e+00,4.507578501998396092e+01,2.795952322714431304e+01,-4.513435601035381239e+01,2.894499687578154123e+01
3.620000000000000107e+00,4.460240877678491955e+01,2.930627751825677407e+01,-4.466484390747117317e+01,2.708111548364524168e+01
3.629999999999999893e+00,4.404687085858432738e+01,3.062590404635695407e+01,-4.410829041662284311e+01,2.529294066448246170e+01
3.640000000000000124e+00,4.341132646425162278e+01,3.191112467728365232e+01,-4.347327716821803989e+01,2.358478591730856166e+01
3.649999999999999911e+00,4.269869206730242439e+01,3.315482349491302472e+01,-4.276850641638496597e+01,2.195998875300220377e+01
3.660000000000000142e+00,4.191263565211103526e+01,3.435013223999087728e+01,-4.200268962824346630e+01,2.042093027372919778e+01
3.669999999999999929e+00,4.105755699967824768e+01,3.549051556143489705e+01,-4.118444183809399561e+01,1.896906733010429136e+01
3.680000000000000160e+00,4.013855794401438004e+01,3.656985489048594218e+01,-4.032218315512115225e+01,1.760497619390465118e+01
3.689999999999999947e+00,3.916140266565523120e+01,3.758252972781949808e+01,-3.942404864388748109e+01,1.632840653597268599e+01
3.700000000000000178e+00,3.813246823790640150e+01,3.852349513162544525e+01,-3.849780761255741623e+01,1.513834437592211302e+01
3.709999999999999964e+00,3.705868579180479117e+01,3.938835421128572278e+01,-3.755079314803565183e+01,1.403308257379765323e+01
3.720000000000000195e+00,3.594747281509550163e+01,4.017342446690314972e+01,-3.658984253371994555e+01,1.301029736482107424e+01
3.729999999999999982e+00,3.480665724631198543e+01,4.087579686951794145e+01,-3.562124897809457025e+01,1.206712939717998445e+01
3.740000000000000213e+00,3.364439416486375478e+01,4.149338665003896409e+01,-3.465072487462555983e+01,1.120026771936862886e+01
3.750000000000000000e+00,3.246907600948343031e+01,4.202497485602883387e+01,-3.368337660898464492e+01,1.040603517729385707e+01
3.760000000000000231e+00,3.128923737812540651e+01,4.247023984353251791e+01,-3.272369073197757672e+01,9.680473721154944755e+00
3.770000000000000018e+00,3.011345557024429809e+01,4.282977799482098646e+01,-3.177553112893522069e+01,9.019428186519977686e+00
3.780000000000000249e+00,2.895024812526714442e+01,4.310511309065360308e+01,-3.084214664172256448e+01,8.418627201176292374e+00
3.790000000000000036e+00,2.780796868717102299e+01,4.329869391558185043e+01,-2.992618844060871552e+01,7.873759977005704513e+00
3.800000000000000266e+00,2.669470258277374342e+01,4.341387983482926671e+01,-2.902973630232886748e+01,7.380547871793400105e+00
3.810000000000000053e+00,2.561816353932275803e+01,4.345491424906838773e+01,-2.815433282971518736e+01,6.934809746755143500e+00
3.820000000000000284e+00,2.458559298416229666e+01,4.342688600649513830e+01,-2.730102454877956930e+01,6.532520298674866055e+00
3.830000000000000071e+00,2.360366336497716944e+01,4.333567902733994259e+01,-2.647040874222879836e+01,6.169860707790403964e+00
3.839999999999999858e+00,2.267838690295872439e+01,4.318791057163650038e+01,-2.566268482472794688e+01,5.843261110755038956e+00
3.850000000000000089e+00,2.181503114319103531e+01,4.299085875391684652e+01,-2.487770903505047571e+01,5.549434578939776763e+00
3.859999999999999876e+00,2.101804259694534949e+01,4.275238007573759091e+01,-2.411505121336093538e+01,5.285402452864259359e+00
3.870000000000000107e+00,2.029097968007947372e+01,4.248081790582868678e+01,-2.337405244766181411e+01,5.048511050587209503e+00
3.879999999999999893e+00,1.963645604141626322e+01,4.218490298554497286e+01,-2.265388241090458266e+01,4.836439928537746624e+00
3.890000000000000124e+00,1.905609524619474726e+01,4.187364717167705663e+01,-2.195359526804579531e+01,4.647202024807712384e+00
3.899999999999999911e+00,1.855049763415868114e+01,4.155623174720592061e+01,-2.127218310873538343e+01,4.479136154879223675e+00
3.910000000000000142e+00,1.811922001157271112e+01,4.124189173115149742e+01,-2.060862595436996614e+01,4.330892455936128371e+00
3.919999999999999929e+00,1.776076866371073848e+01,4.093979769941482516e+01,-1.996193749570172571e+01,4.201411486423321406e+00
3.930000000000000160e+00,1.747260599164952311e+01,4.065893668788199022e+01,-1.933120583663098557e+01,4.089897780829727658e+00
3.939999999999999947e+00,1.725117088723794723e+01,4.040799378581753132e+01,-1.871562864865849463e+01,3.995788734599504011e+00
3.950000000000000178e+00,1.709191276574591711e+01,4.019523604082872481e+01,-1.811454227603993772e+01,3.918719749803367680e+00
3.959999999999999964e+00,1.698933897990674780e+01,4.002840028592176225e+01,-1.752744447126312011e+01,3.858486608293990816e+00
3.970000000000000195e+00,1.693707514487116583e+01,3.991458646425147094e+01,-1.695401058132185668e+01,3.815006055458540324e+00
3.979999999999999982e+00,1.692793771403244918e+01,3.986015796834687563e+01,-1.639410314473281360e+01,3.788275574668173995e+00
3.990000000000000213e+00,1.695401796375482206e+01,3.987065042850933594e+01,-1.584777499476059148e+01,3.778333310757018282e+00
4.000000000000000000e+00,1.700677637364723083e+01,3.995069028075369744e+01,-1.531526609346478551e+01,3.785219061319447853e+00
4.009999999999999787e+00,1.707714623093789186e+01,4.010392431948587699e+01,-1.479699444172138101e+01,3.808937198571177074e+00
4.020000000000000462e+00,1.715564514529786777e+01,4.033296129581781742e+01,-1.429354152029257641e+01,3.849422313526457362e+00
4.030000000000000249e+00,1.723249303648169928e+01,4.063932646108010260e+01,-1.380563281455800428e+01,3.906508290081270651e+00
4.040000000000000036e+00,1.729773505347040086e+01,4.102342977905188093e+01,-1.333411405919938630e+01,3.979901421238911219e+00
4.049999999999999822e+00,1.734136780218162599e+01,4.148454834229811894e+01,-1.287992390776624418e+01,4.069158075300160604e+00
4.060000000000000497e+00,1.735346720067385817e+01,4.202082333060528185e+01,-1.244406378477304109e+01,4.173667308606124671e+00
4.070000000000000284e+00,1.732431624717201046e+01,4.262927164582885808e+01,-1.202756571423720011e+01,4.292638705674183264e+00
4.080000000000000071e+00,1.724453097784711630e+01,4.330581215061702949e+01,-1.163145893813805110e+01,4.425095609634861482e+00
4.089999999999999858e+00,1.710518290836242628e+01,4.404530623162957426e+01,-1.125673614124777622e+01,4.569873788064123588e+00
4.099999999999999645e+00,1.689791629561025843e+01,4.484161220423254690e+01,-1.090432008555239385e+01,4.725625463855808839e+00
4.110000000000000320e+00,1.661505862326527705e+01,4.568765287835842770e+01,-1.057503142873993696e+01,4.890828529826980464e+00
4.120000000000000107e+00,1.624972280582212392e+01,4.657549541736644017e+01,-1.026955845793841426e+01,5.063800661294936667e+00
4.129999999999999893e+00,1.579589971934044534e+01,4.749644244623107880e+01,-9.988429413252937650e+00,5.242717944729140100e+00
4.139999999999999680e+00,1.524853980149255506e+01,4.844113320497391584e+01,-9.731988007103065996e+00,5.425637554384331374e+00
4.150000000000000355e+00,1.460362261666214145e+01,4.939965340044858522e+01,-9.500372666509202091e+00,5.610523933956126363e+00
4.160000000000000142e+00,1.385821345144598915e+01,5.036165228659706372e+01,-9.293499938089828660e+00,5.795277877907673236e+00
4.169999999999999929e+00,1.301050618934915093e+01,5.131646540206133977e+01,-9.111052401480563390e+00,5.977767858081754149e+00
4.179999999999999716e+00,1.205985190792088169e+01,5.225324131609346523e+01,-8.952471338134982304e+00,6.155862906141098989e+00
4.190000000000000391e+00,1.100677284403707823e+01,5.316107068028129135e+01,-8.816954301003402605e+00,6.327466341608551481e+00
4.200000000000000178e+00,9.852961580364643979e+00,5.402911585548095985e+01,-8.703457628409282165e+00,6.490549628862540388e+00
4.209999999999999964e+00,8.601265515033876596e+00,5.484673938092484491e+01,-8.610703844511341742e+00,6.643185654171634091e+00
4.219999999999999751e+00,7.255656883965285964e+00,5.560362957573247655e+01,-8.537193790941751459e+00,6.783580735253122995e+00
4.230000000000000426e+00,5.821188807931489961e+00,5.628992161157412255e+01,-8.481223241330441809e+00,6.910104710203314404e+00
4.240000000000000213e+00,4.303938031186532953e+00,5.689631246817329924e+01,-8.440903664113569960e+00,7.021318499028943450e+00
4.250000000000000000e+00,2.710935202349919138e+00,5.741416827948069823e+01,-8.414186720767581562e+00,7.115998588275511239e+00
4.259999999999999787e+00,1.050083718421621404e+00,5.783562269610052908e+01,-8.398892017713597724e+00,7.193157956080075799e+00
4.270000000000000462e+00,-6.699316932684011849e-01,5.815366502697875006e+01,-8.392737571698233978e+00,7.252063029915427173e+00
4.280000000000000249e+00,-2.439745344991839371e+00,5.836221707822743809e+01,-8.393372401357209966e+00,7.292246350759778117e+00
4.290000000000000036e+00,-4.249418485407289836e+00,5.845619777674516371e+01,-8.398410622557047844e+00,7.313514703760043645e+00
4.299999999999999822e+00,-6.088553205508716815e+00,5.843157484826667769e+01,-8.405466402400497472e+00,7.315952564943301262e+00
4.310000000000000497e+00,-7.946410766864323350e+00,5.828540301071537044e+01,-8.412189116650568010e+00,7.299920804437329380e+00
4.320000000000000284e+00,-9.812032720430542199e+00,5.801584834118658307e+01,-8.416298057714181269e+00,7.266050677266466806e+00
4.330000000000000071e+00,-1.167436316425971299e+01,5.762219867543010565e+01,-8.415616054943084734e+00,7.215233221417121534e+00
4.339999999999999858e+00,-1.352237049337876940e+01,5.710486009916794359e+01,-8.408101395349426355e+00,7.148604267916002897e+00
4.350000000000000533e+00,-1.534516702471740146e+01,5.646533978784638208e+01,-8.391877470187433019e+00,7.067525347629852739e+00
4.360000000000000320e+00,-1.713212493348110854e+01,5.570621564242213708e+01,-8.365259620325955936e+00,6.973560853002792825e+00
4.370000000000000107e+00,-1.887298701370120924e+01,5.483109335059860712e+01,-8.326778709869129713e+00,6.868451878766775209e+00
4.379999999999999893e+00,-2.055797087340934937e+01,5.384455167280335530e+01,-8.275201021873375140e+00,6.754087222728976769e+00
4.389999999999999680e+00,-2.217786529218104974e+01,5.275207690760635160e+01,-8.209544140939092571e+00,6.632472075175606996e+00
4.400000000000000355e+00,-2.372411760358444965e+01,5.155998762994750706e+01,-8.129088563517752775e+00,6.505694962546638038e+00
4.410000000000000142e+00,-2.518891111501551450e+01,5.027535091549795254e+01,-8.033384856497326254e+00,6.375893537341000616e+00
4.419999999999999929e+00,-2.656523173990887443e+01,4.890589136408357973e+01,-7.922256266506384037e+00,6.245219821424871753e+00
4.429999999999999716e+00,-2.784692318965534952e+01,4.745989431304821693e+01,-7.795796764896289588e+00,6.115805513957682571e+00
4.440000000000000391e+00,-2.902873025184333855e+01,4.594610468681140247e+01,-7.654364595028539497e+00,5.989727968144094916e+00
4.450000000000000178e+00,-3.010632986471885175e+01,4.437362296114108062e+01,-7.498571467865000173e+00,5.868977423284112760e+00
4.459999999999999964e+00,-3.107634988205606419e+01,4.275179972964485131e+01,-7.329267627554481024e+00,5.755426050627391987e+00
4.469999999999999751e+00,-3.193637560496457439e+01,4.109013034594710234e+01,-7.147523079450243344e+00,5.650799334017662545e+00
4.480000000000000426e+00,-3.268494433467521532e+01,3.939815107852565745e+01,-6.954605337607814519e+00,5.556650260063060287e+00
4.490000000000000213e+00,-3.332152837024720071e+01,3.768533815724570246e+01,-6.751954106266987665e+00,5.474336738556973891e+00
4.500000000000000000e+00,-3.384650703484738443e+01,3.596101101252590126e+01,-6.541153359224547437e+00,5.405002613180390547e+00
4.509999999999999787e+00,-3.426112846136675927e+01,3.423424091144743642e+01,-6.323901321625190697e+00,5.349562556319407136e+00
4.520000000000000462e+00,-3.456746200051497198e+01,3.251376608187280226e+01,-6.101978889974770226e+00,5.308691071379153748e+00
4.530000000000000249e+00,-3.476834223031071502e+01,3.080791428792829478e+01,-5.877217047723498844e+00,5.282815752565477752e+00
4.540000000000000036e+00,-3.486730564350035166e+01,2.912453368039231449e+01,-5.651463845365496397e+00,5.272114877062809235e+00
4.549999999999999822e+00,-3.486852116766471710e+01,2.747093259614422678e+01,-5.426551515621085287e+00,5.276519329184616858e+00
4.560000000000000497e+00,-3.477671573073473610e+01,2.585382882449374264e+01,-5.204264286042992183e+00,5.295718781716030499e+00
4.570000000000000284e+00,-3.459709612179995020e+01,2.427930869766721145e+01,-4.986307433626141261e+00,5.329171987567550062e+00
4.580000000000000071e+00,-3.433526841330099444e+01,2.275279620068673836e+01,-4.774278099159481314e+00,5.376120966210514496e+00
4.589999999999999858e+00,-3.399715620613546463e+01,2.127903213506520785e+01,-4.569638343746840192e+00,5.435608805284095624e+00
4.600000000000000533e+00,-3.358891893441910526e+01,1.986206321379407314e+01,-4.373690886880639006e+00,5.506500739263698208e+00
4.610000000000000320e+00,-3.311687142250460880e+01,1.850524081453884762e+01,-4.187557915531832542e+00,5.587508115061866398e+00
4.620000000000000107e+00,-3.258740582455408230e+01,1.721122897615600777e+01,-4.012163297877989088e+00,5.677214809667272100e+00
4.629999999999999893e+00,-3.200691699796771417e+01,1.598202109277500682e+01,-3.848218474564148117e+00,5.774105628049553296e+00
4.639999999999999680e+00,-3.138173226801186644e+01,1.481896464167749627e+01,-3.696212235873453267e+00,5.876596181058469703e+00
4.650000000000000355e+00,-3.071804643403119783e+01,1.372279317775980800e+01,-3.556404526019335322e+00,5.983063723264293365e+00
4.660000000000000142e+00,-3.002186274979463221e+01,1.269366473985062171e+01,-3.428824347114514559e+00,6.091878419811309620e+00
4.669999999999999929e+00,-2.929894048410658058e+01,1.173120574368736513e+01,-3.313271766390687212e+00,6.201434509424306185e+00
4.679999999999999716e+00,-2.855474953518999826e+01,1.083455938369582938e+01,-3.209323962080035564e+00,6.310180837605911641e+00
4.690000000000000391e+00,-2.779443243595146384e+01,1.000243753130728308e+01,-3.116345177134427047e+00,6.416650249536613337e+00
4.700000000000000178e+00,-2.702277394953518552e+01,9.233175101524448536e+00,-3.033500386708946728e+00,6.519487355845568821e+00
4.709999999999999964e+00,-2.624417831796808187e+01,8.524785861581317903e+00,-2.959772426056316075e+00,6.617474215742782384e+00
4.719999999999999751e+00,-2.546265409355956777e+01,7.875018675336608709e+00,-2.893982271073660684e+00,6.709553520357358636e+00
4.730000000000000426e+00,-2.468180635526820410e+01,7.281413213657757844e+00,-2.834812115016149825e+00,6.794848903778191840e+00
4.740000000000000213e+00,-2.390483599257802894e+01,6.741354213405316820e+00,-2.780830842542583614e+00,6.872682059419624068e+00
4.750000000000000000e+00,-2.313454562943961790e+01,6.252123434360252752e+00,-2.730521466867377622e+00,6.942586394039409470e+00
4.759999999999999787e+00,-2.237335166221179250e+01,5.810948542973775943e+00,-2.682310067819625665e+00,7.004317010068549898e+00
4.770000000000000462e+00,-2.162330179972693500e+01,5.415048242385569033e+00,-2.634595748383297131e+00,7.057856867880945906e+00
4.780000000000000249e+00,-2.088609742179394146e+01,5.061673067836210294e+00,-2.585781115014382792e+00,7.103419042220043167e+00
4.790000000000000036e+00,-2.016312001553293598e+01,4.748141373334713755e+00,-2.534302782769494389e+00,7.141445050189805244e+00
4.799999999999999822e+00,-1.945546090753892443e+01,4.471870147119715533e+00,-2.478661409978761831e+00,7.172599290996738652e+00
4.810000000000000497e+00,-1.876395348430357046e+01,4.230400407897601411e+00,-2.417450778669253175e+00,7.197759699014580903e+00
4.820000000000000284e+00,-1.808920708361931062e+01,4.021417048894016411e+00,-2.349385455892011532e+00,7.218004770788099655e+00
4.830000000000000071e+00,-1.743164174558331680e+01,3.842763110288445638e+00,-2.273326597111390512e+00,7.234597182409119753e+00
4.839999999999999858e+00,-1.679152303277244229e+01,3.692448570567847810e+00,-2.188305485363830183e+00,7.248964265463469836e+00
4.850000000000000533e+00,-1.616899616436176856e+01,3.568653851795811516e+00,-2.093544438374292938e+00,7.262675656719513206e+00
4.860000000000000320e+00,-1.556411875737756034e+01,3.469728330964097385e+00,-1.988474759544309745e+00,7.277418478252040579e+00
4.870000000000000107e+00,-1.497689152862774797e+01,3.394184237853743902e+00,-1.872751456935854542e+00,7.294970440212324547e+00
4.879999999999999893e+00,-1.440728638170071996e+01,3.340686397775910255e+00,-1.746264506259374016e+00,7.317171287510899624e+00
4.889999999999999680e+00,-1.385527138313629436e+01,3.308038343995922226e+00,-1.609146488575710521e+00,7.345893033927931803e+00
4.900000000000000355e+00,-1.332083221871429579e+01,3.295165378621190300e+00,-1.461776490059918832e+00,7.383009442371085918e+00
4.910000000000000142e+00,-1.280398981294213101e+01,3.301095201559895109e+00,-1.304780208855377044e+00,7.430365218038986086e+00
4.919999999999999929e+00,-1.230481389035002238e+01,3.324936754397961547e+00,-1.139026271873230023e+00,7.489745382108189631e+00
4.929999999999999716e+00,-1.182343235422094452e+01,3.365857939527800546e+00,-9.656188214876468834e-01,7.562845287340027589e+00
4.940000000000000391e+00,-1.136003645498032100e+01,3.423062874683821200e+00,-7.858864875866375943e-01,7.651241723904479208e+00
4.950000000000000178e+00,-1.091488181480667841e+01,3.495769329543830128e+00,-6.013679135492830952e-01,7.756365544044289351e+00
4.959999999999999964e+00,-1.048828546533248840e+01,3.583186964829742749e+00,-4.137940546715761503e-01,7.879476208351403166e+00
4.969999999999999751e+00,-1.008061913993093839e+01,3.684496956202218065e+00,-2.250675136529580733e-01,8.021638624881243018e+00
4.980000000000000426e+00,-9.692299139523148810e+00,3.798833536214707873e+00,-3.723921935471263822e-02,8.183702615649387724e+00
4.990000000000000213e+00,-9.323773159753017126e+00,3.925267928880028290e+00,1.475172084013329776e-01,8.366285303863325140e+00
5.000000000000000000e+00,-8.975504526608565570e+00,4.062795084373368226e+00,3.269330341780433136e-01,8.569756670225180173e+00
5.009999999999999787e+00,-8.647954336185657453e+00,4.210323547541882760e+00,4.986735234312852372e-01,8.794228478521192827e+00
5.020000000000000462e+00,-8.341562031561082335e+00,4.366668714809431862e+00,6.603681822039593197e-01,9.039546720256348422e+00
5.030000000000000249e+00,-8.056724975185270310e+00,4.530549651412449030e+00,8.096416893813858096e-01,9.305287676073437098e+00
5.040000000000000036e+00,-7.793777588559883895e+00,4.700589556377539502e+00,9.441450846771214378e-01,9.590757638909249039e+00
5.049999999999999822e+00,-7.552970632213050095e+00,4.875319877948778746e+00,1.061586775742280331e+00,9.894996291072338579e+00
5.060000000000000497e+00,-7.334451188337244076e+00,5.053187998961149674e+00,1.159762934342866147e+00,1.021678367545015220e+01
5.070000000000000284e+00,-7.138243886343445865e+00,5.232568331543674844e+00,1.236586864234471062e+00,1.055465065061898500e+01
5.080000000000000071e+00,-6.964233878657068999e+00,5.411776585039247855e+00,1.290116941900044001e+00,1.090689267144721164e+01
5.089999999999999858e+00,-6.812152031173830835e+00,5.589086901548905750e+00,1.318582755342501356e+00,1.127158669151989123e+01
5.100000000000000533e+00,-6.681562740920535148e+00,5.762751491310114993e+00,1.320409095203864069e+00,1.164661094198465285e+01
5.110000000000000320e+00,-6.571854733796404169e+00,5.931022346297248227e+00,1.294237486112864266e+00,1.202966730377116988e+01
5.120000000000000107e+00,-6.482235129096753035e+00,6.092174565913325068e+00,1.238944983784163290e+00,1.241830595705607543e+01
5.129999999999999893e+00,-6.411726986242684667e+00,6.244530794147578945e+00,1.153660004394784888e+00,1.280995196373202560e+01
5.139999999999999680e+00,-6.359170474225548375e+00,6.386486243631523507e+00,1.037774996500089530e+00,1.320193341582547397e+01
5.150000000000000355e+00,-6.323227727239617124e+00,6.516533768949049232e+00,8.909558115452733684e-01,1.359151076553388648e+01
5.160000000000000142e+00,-6.302391372351165977e+00,6.633288449445584156e+00,7.131476761857371560e-01,1.397590694097651465e+01
5.169999999999999929e+00,-6.294996638352702512e+00,6.735511150532349056e+00,5.045777174462156012e-01,1.435233784595241424e+01
5.179999999999999716e+00,-6.299236880653905857e+00,6.822130551778803564e+00,2.657540395267690148e-01,1.471804284195458301e+01
5.190000000000000391e+00,-6.313182286571612956e+00,6.892263159425521479e+00,-2.538601885925917401e-03,1.507031481631189784e+01
5.200000000000000178e+00,-6.334801460013376406e+00,6.945230859639675458e+00,-2.992464362845632664e-01,1.540652945143904162e+01
5.209999999999999964e+00,-6.361985525498795369e+00,6.980575616021061691e+00,-6.230574908332102702e-01,1.572417332651775368e+01
5.219999999999999751e+00,-6.392574339789498516e+00,6.998070969545224784e+00,-9.724154025161590997e-01,1.602087050418256453e+01
5.230000000000000426e+00,-6.424384356007059260e+00,6.997730060172326461e+00,-1.345536015920522743e+00,1.629440728055506682e+01
5.240000000000000213e+00,-6.455237650744648725e+00,6.979809955522968679e+00,-1.740426518421903435e+00,1.654275480680368560e+01
5.250000000000000000e+00,-6.482991599879398770e+00,6.944812142014098022e+00,-2.154906834415192929e+00,1.676408932380930494e+01
5.259999999999999787e+00,-6.505568673937832891e+00,6.893479106295696823e+00,-2.586632974537624197e+00,1.695680978793671656e+01
5.270000000000000462e+00,-6.520985819135296069e+00,6.826787008339920249e+00,-3.033122014863299576e+00,1.711955270477537994e+01
5.280000000000000249e+00,-6.527382895589635581e+00,6.745934520718313898e+00,-3.491778365018372909e+00,1.725120402841219658e+01
5.290000000000000036e+00,-6.523049659499942088e+00,6.652327980091701676e+00,-3.959920973212477158e+00,1.735090802571303215e+01
5.299999999999999822e+00,-6.506450800901497189e+00,6.547563065415740624e+00,-4.434811110364416997e+00,1.741807304759259267e+01
5.310000000000000497e+00,-6.476248582406923582e+00,6.433403281587960265e+00,-4.913680374808211404e+00,1.745237419171872872e+01
5.320000000000000284e+00,-6.431322666409891475e+00,6.311755586082443692e+00,-5.393758563399243755e+00,1.745375288291340965e+01
5.330000000000000071e+00,-6.370786767709399889e+00,6.184643548500219801e+00,-5.872301064047387165e+00,1.742241343808893461e+01
5.339999999999999858e+00,-6.294001824431409986e+00,6.054178478006614128e+00,-6.346615438541384435e+00,1.735881672132946818e+01
5.350000000000000533e+00,-6.200585441398085429e+00,5.922528990572972774e+00,-6.814086882708697779e+00,1.726367103117196677e+01
5.360000000000000320e+00,-6.090417425556579722e+00,5.791889516191574216e+00,-7.272202273118095306e+00,1.713792039577418080e+01
5.370000000000000107e+00,-5.963641301502113024e+00,5.664448265356345047e+00,-7.718572535269915491e+00,1.698273048205332003e+01
5.379999999999999893e+00,-5.820661765248750008e+00,5.542355183835749877e+00,-8.150953097081480081e+00,1.679947235166219244e+01
5.389999999999999680e+00,-5.662138104936310867e+00,5.427690425020030851e+00,-8.567262222968960117e+00,1.658970431953013147e+01
5.400000000000000355e+00,-5.488973686843356070e+00,5.322433859986343663e+00,-8.965597057431686778e+00,1.635515218938720139e+01
5.410000000000000142e+00,-5.302301672664590626e+00,5.228436127143125667e+00,-9.344247242221051408e+00,1.609768815503165129e+01
5.419999999999999929e+00,-5.103467198322948484e+00,5.147391696302375586e+00,-9.701706007364940376e+00,1.581930866598544227e+01
5.429999999999999716e+00,-4.894006304509417760e+00,5.080814386847036346e+00,-1.003667867296595340e+01,1.552211156156909055e+01
5.440000000000000391e+00,-4.675621963660467451e+00,5.030015737012455190e+00,-1.034808853524133809e+01,1.520827277834479396e+01
5.450000000000000178e+00,-4.450157596284641137e+00,4.996086572010121962e+00,-1.063508014618409625e+01,1.488002293242474394e+01
5.459999999999999964e+00,-4.219568510650185011e+00,4.979882063719532681e+00,-1.089702003098211947e+01,1.453962407047633043e+01
5.469999999999999751e+00,-3.985891733199236953e+00,4.982010514981674021e+00,-1.113349492043964339e+01,1.418934687160907515e+01
5.480000000000000426e+00,-3.751214722151729575e+00,5.002826038232345063e+00,-1.134430760665743065e+01,1.383144856696760705e+01
5.490000000000000213e+00,-3.517643473257309417e+00,5.042425232454919914e+00,-1.152947055872536808e+01,1.346815182512232489e+01
5.500000000000000000e+00,-3.287270534345483775e+00,5.100647895374945229e+00,-1.168919746080811528e+01,1.310162482961209385e+01
5.509999999999999787e+00,-3.062143444174762585e+00,5.177081740635482987e+00,-1.182389285744784679e+01,1.273396275066852645e+01
5.520000000000000462e+00,-2.844234101204965004e+00,5.271071023541907152e+00,-1.193414010991731544e+01,1.236717078668299408e+01
5.530000000000000249e+00,-2.635409549576062105e+00,5.381728914971188438e+00,-1.202068788284044842e+01,1.200314892283200230e+01
5.540000000000000036e+00,-2.437404643181039443e+00,5.507953402276915433e+00,-1.208443539192508176e+01,1.164367852493717237e+01
5.549999999999999822e+00,-2.251797014809372222e+00,5.648446439486115800e+00,-1.212641665145757663e+01,1.129041085659409838e+01
5.560000000000000497e+00,-2.079984736572179305e+00,5.801736017694044456e+00,-1.214778396418843620e+01,1.094485757734368470e+01
5.570000000000000284e+00,-1.923167010974402569e+00,5.966200781127513508e+00,-1.214979089644768706e+01,1.060838324966653268e+01
5.580000000000000071e+00,-1.782328179933315049e+00,6.140096775568177456e+00,-1.213377497788732384e+01,1.028219985331250719e+01
5.589999999999999858e+00,-1.658225282698860603e+00,6.321585884276633927e+00,-1.210114035832818047e+01,9.967363277376112052e+00
5.600000000000000533e+00,-1.551379334008061051e+00,6.508765482681332593e+00,-1.205334064401559679e+01,9.664771734001458725e+00
5.610000000000000320e+00,-1.462070431943054860e+00,6.699698827198927731e+00,-1.199186212243539273e+01,9.375166013017890876e+00
5.620000000000000107e+00,-1.390336741923007491e+00,6.892445685801582123e+00,-1.191820756902338552e+01,9.099131474500074646e+00
5.629999999999999893e+00,-1.335977340110500400e+00,7.085092718367727471e+00,-1.183388081096835442e+01,8.837101656495532254e+00
5.639999999999999680e+00,-1.298558837303910973e+00,7.275783123336956315e+00,-1.174037220323870123e+01,8.589363358196992593e+00
5.650000000000000355e+00,-1.277425644140033789e+00,7.462745083487540398e+00,-1.163914515035813224e+01,8.356063044838814236e+00
5.660000000000000142e+00,-1.271713681115366867e+00,7.644318567398959985e+00,-1.153162378473067839e+01,8.137214409683142691e+00
5.669999999999999929e+00,-1.280367283457882976e+00,7.818980073857170865e+00,-1.141918188889197694e+01,7.932706920701311226e+00
5.679999999999999716e+00,-1.302159002071433314e+00,7.985364943509490665e+00,-1.130313312536398129e+01,7.742315174958661395e+00
5.690000000000000391e+00,-1.335711958370193297e+00,8.142286904785171586e+00,-1.118472261422673242e+01,7.565708882227967891e+00
5.700000000000000178e+00,-1.379524373456423536e+00,8.288754568686316659e+00,-1.106511987549358444e+01,7.402463300894945419e+00
5.709999999999999964e+00,-1.431995861297180817e+00,8.423984638679602455e+00,-1.094541313125959014e+01,7.252069953624282306e+00
5.719999999999999751e+00,-1.491455051733086457e+00,8.547411656680516501e+00,-1.082660494173864407e+01,7.113947457337387092e+00
5.730000000000000426e+00,-1.556188092591880956e+00,8.658694163086718021e+00,-1.070960913002599568e+01,6.987452311573138175e+00
5.740000000000000213e+00,-1.624467571044871050e+00,8.757717207028033357e+00,-1.059524893299713710e+01,6.871889500990012500e+00
5.750000000000000000e+00,-1.694581392673667253e+00,8.844591201498383626e+00,-1.048425630041669443e+01,6.766522781318822233e+00
5.759999999999999787e+00,-1.764861162424587793e+00,8.919647175872045253e+00,-1.037727225126989161e+01,6.670584533162023710e+00
5.770000000000000462e+00,-1.833709624516205672e+00,8.983428534561953782e+00,-1.027484818568492386e+01,6.583285084313318158e+00
5.780000000000000249e+00,-1.899626738115827607e+00,9.036679484371214599e+00,-1.017744804267972292e+01,6.503821418385009601e+00
5.790000000000000036e+00,-1.961233991792433962e+00,9.080330343598388865e+00,-1.008545118838035570e+01,6.431385205119195092e+00
5.799999999999999822e+00,-2.017296591867967059e+00,9.115479992423894728e+00,-9.999155916314284909e+00,6.365170105466928518e+00
5.810000000000000497e+00,-2.066743197222436823e+00,9.143375765853518189e+00,-9.918783440822293684e+00,6.304378321998340695e+00
5.820000000000000284e+00,-2.108682915181234296e+00,9.165391126934331112e+00,-9.844482266455399255e+00,6.248226382125402267e+00
5.830000000000000071e+00,-2.142419319084519991e+00,9.183001488595490258e+00,-9.776332820283609948e+00,6.195950157667945213e+00
5.839999999999999858e+00,-2.167461297217767591e+00,9.197758576908737993e+00,-9.714352240156493679e+00,6.146809139189836735e+00
5.850000000000000533e+00,-2.183530594145189685e+00,9.211263746526288543e+00,-9.658499219902653365e+00,6.100089997025419208e+00
5.860000000000000320e+00,-2.190565958285699555e+00,9.225140670358713990e+00,-9.608678821988860363e+00,6.055109472792383762e+00
5.870000000000000107e+00,-2.188723862952303367e+00,9.241007830135298917e+00,-9.564747179007049738e+00,6.011216655270770204e+00
5.879999999999999893e+00,-2.178375821192021888e+00,9.260451232383426046e+00,-9.526516017229306854e+00,5.967794702686091135e+00
5.889999999999999680e+00,-2.160102366788846151e+00,9.284997765717367457e+00,-9.493756948065279033e+00,5.924262079578157980e+00
5.900000000000000355e+00,-2.134683823932157498e+00,9.316089600384778180e+00,-9.466205486266238367e+00,5.880073380520486559e+00
5.910000000000000142e+00,-2.103088035559120161e+00,9.355060010122622671e+00,-9.443564766839438462e+00,5.834719814978354790e+00
5.919999999999999929e+00,-2.066455264557661931e+00,9.403110969948608400e+00,-9.425508945564768482e+00,5.787729427597468224e+00
5.929999999999999716e+00,-2.026080522239850801e+00,9.461292852066293335e+00,-9.411686280458461340e+00,5.738667126285096565e+00
5.940000000000000391e+00,-1.983393614209524536e+00,9.530486506164912441e+00,-9.401721903236031963e+00,5.687134586702597083e+00
5.950000000000000178e+00,-1.939937224480563938e+00,9.611387970682185866e+00,-9.395220300544702141e+00,5.632770096391025660e+00
5.959999999999999964e+00,-1.897343384067866179e+00,9.704496018748615782e+00,-9.391767534248483429e+00,5.575248394889334769e+00
5.969999999999999751e+00,-1.857308689976865157e+00,9.810102697260314031e+00,-9.390933238170697805e+00,5.514280558093230589e+00
5.980000000000000426e+00,-1.821568654358958206e+00,9.928286970572788306e+00,-9.392272435281052267e+00,5.449613965980505625e+00
5.990000000000000213e+00,-1.791871571472981373e+00,1.005891153241908142e+01,-9.395327224243944286e+00,5.381032382949748616e+00
6.000000000000000000e+00,-1.769952291985114279e+00,1.020162280158294266e+01,-9.399628387449775246e+00,5.308356169648662970e+00
6.009999999999999787e+00,-1.757506290132638149e+00,1.035585406933571306e+01,-9.404696974097499051e+00,5.231442634577167183e+00
6.020000000000000462e+00,-1.756164399539349663e+00,1.052083172039090719e+01,-9.410045911592254342e+00,5.150186523206509825e+00
6.030000000000000249e+00,-1.767468578258405643e+00,1.069558440481949546e+01,-9.415181696511837117e+00,5.064520632124250632e+00
6.040000000000000036e+00,-1.792849043263347930e+00,1.087895499664008625e+01,-9.419606212763467212e+00,4.974416526045318143e+00
6.049999999999999822e+00,-1.833603089516512519e+00,1.106961513623344118e+01,-9.422818719416456545e+00,4.879885326656947520e+00
6.060000000000000497e+00,-1.890875879384380731e+00,1.126608211885331379e+01,-9.424318044206312805e+00,4.780978534402170688e+00
6.070000000000000284e+00,-1.965643455066651502e+00,1.146673786077262491e+01,-9.423605011040985246e+00,4.677788837639349495e+00
6.080000000000000071e+00,-2.058698190430503949e+00,1.166984964839719474e+01,-9.420185121202171885e+00,4.570450858301158270e+00
6.089999999999999858e+00,-2.170636859800831875e+00,1.187359235430620963e+01,-9.413571498546481564e+00,4.459141779340731304e+00
6.100000000000000533e+00,-2.301851460485005330e+00,1.207607178786747504e+01,-9.403288099108277009e+00,4.344081796984228028e+00
6.110000000000000320e+00,-2.452522883755444916e+00,1.227534883696851864e+01,-9.388873175335126220e+00,4.225534340163716429e+00
6.120000000000000107e+00,-2.622617486332114556e+00,1.246946405156955606e+01,-9.369882974995887182e+00,4.103806000496957651e+00
6.129999999999999893e+00,-2.811886571748499097e+00,1.265646231919955333e+01,-9.345895644839911753e+00,3.979246118794295572e+00
6.140000000000000568e+00,-3.019868748987950546e+00,1.283441728708893770e+01,-9.316515299593913113e+00,3.852245978249581260e+00
6.150000000000000355e+00,-3.245895095054621926e+00,1.300145519518869897e+01,-9.281376208090561519e+00,3.723237560123398016e+00
6.160000000000000142e+00,-3.489097009276339811e+00,1.315577779862150365e+01,-9.240147040442559856e+00,3.592691824730326999e+00
6.169999999999999929e+00,-3.748416610665506354e+00,1.329568407683669307e+01,-9.192535113400106539e+00,3.461116488746650344e+00
6.179999999999999716e+00,-4.022619496084807622e+00,1.341959044952960944e+01,-9.138290565524483711e+00,3.329053279082598849e+00
6.190000000000000391e+00,-4.310309646712142673e+00,1.352604924581030232e+01,-9.077210389716734440e+00,3.197074653616912787e+00
6.200000000000000178e+00,-4.609946243758201945e+00,1.361376520270228951e+01,-9.009142248064804903e+00,3.065779989753198098e+00
6.209999999999999964e+00,-4.919862131873892430e+00,1.368160980131110982e+01,-8.933987992991360372e+00,2.935791252798931605e+00
6.219999999999999751e+00,-5.238283650442288497e+00,1.372863328338955924e+01,-8.851706819340048327e+00,2.807748167352793089e+00
6.230000000000000426e+00,-5.563351539163924109e+00,1.375407422698843085e+01,-8.762317974335092075e+00,2.682302925972210872e+00
6.240000000000000213e+00,-5.893142615118065919e+00,1.375736659684905838e+01,-8.665902956262199197e+00,2.560114480146201466e+00
6.250000000000000000e+00,-6.225691913861590265e+00,1.373814422259917301e+01,-8.562607138184233690e+00,2.441842468784431563e+00
6.259999999999999787e+00,-6.559014987072226077e+00,1.369624269509163383e+01,-8.452640759931346892e+00,2.328140848836355303e+00
6.270000000000000462e+00,-6.891130053661452592e+00,1.363169870782769877e+01,-8.336279239865675095e+00,2.219651301069001104e+00
6.280000000000000249e+00,-7.220079710006283236e+00,1.354474690580439145e+01,-8.213862767366851614e+00,2.116996491276926573e+00
6.290000000000000036e+00,-7.543951917755112646e+00,1.343581433782178891e+01,-8.085795147438840758e+00,2.020773273114243374e+00
6.299999999999999822e+00,-7.860900004267948660e+00,1.330551263981917032e+01,-7.952541880107304451e+00,1.931545923194351477e+00
6.310000000000000497e+00,-8.169161430828118853e+00,1.315462810575966124e+01,-7.814627469145753125e+00,1.849839501994312130e+00
6.320000000000000284e+00,-8.467075106926989392e+00,1.298410982858085205e+01,-7.672631966917052182e+00,1.776133435357978962e+00
6.330000000000000071e+00,-8.753097054769250818e+00,1.279505611645432595e+01,-7.527186774510838063e+00,1.710855410973526780e+00
6.339999999999999858e+00,-9.025814256219938159e+00,1.258869940878939886e+01,-7.378969728665582650e+00,1.654375682102601663e+00
6.350000000000000533e+00,-9.283956544252520260e+00,1.236638993187078128e+01,-7.228699518953618508e+00,1.607001867084413504e+00
6.360000000000000320e+00,-9.526406432071448549e+00,1.212957834559366077e+01,-7.077129490153755143e+00,1.568974327788125622e+00
6.370000000000000107e+00,-9.752206804978742483e+00,1.187979764037360475e+01,-6.925040895425788712e+00,1.540462203329301838e+00
6.379999999999999893e+00,-9.960566432238881163e+00,1.161864454694060989e+01,-6.773235675635044473e+00,1.521560167117881557e+00
6.390000000000000568e+00,-1.015086328818124528e+01,1.134776072141933057e+01,-6.622528848772762267e+00,1.512285965809752941e+00
6.400000000000000355e+00,-1.032264570308950802e+01,1.106881396395053940e+01,-6.473740600723168370e+00,1.512578788157325382e+00
6.410000000000000142e+00,-1.047563139461191284e+01,1.078347972127584242e+01,-6.327688174505634144e+00,1.522298500281953570e+00
6.419999999999999929e+00,-1.060970445905594417e+01,1.049342311240047643e+01,-6.185177659467759881e+00,1.541225771723961024e+00
6.429999999999999716e+00,-1.072491042861725319e+01,1.020028170191812755e+01,-6.046995784642735572e+00,1.569063103976838125e+00
6.440000000000000391e+00,-1.082144952497748847e+01,9.905649228132084261e+00,-5.913901821568556372e+00,1.605436760301071963e+00
6.450000000000000178e+00,-1.089966826148069856e+01,9.611060473072225108e+00,-5.786619701280391936e+00,1.649899582662981645e+00
6.459999999999999964e+00,-1.096004956499850103e+01,9.317977439255791694e+00,-5.665830447944882664e+00,1.701934668877129297e+00
6.469999999999999751e+00,-1.100320160440504935e+01,9.027776973970654595e+00,-5.552165027753494186e+00,1.760959870663015625e+00
6.480000000000000426e+00,-1.102984552514475602e+01,8.741739956379161569e+00,-5.446197706300990760e+00,1.826333061566110638e+00
6.490000000000000213e+00,-1.104080229857832229e+01,8.461042136281259118e+00,-5.348440000847994646e+00,1.897358112732191238e+00
6.500000000000000000e+00,-1.103697890058425735e+01,8.186746686363315817e+00,-5.259335305725304721e+00,1.973291504541052399e+00
6.509999999999999787e+00,-1.101935403627333621e+01,7.919798502626576031e+00,-5.179254259829563445e+00,2.053349493257428993e+00
6.520000000000000462e+00,-1.098896362669586679e+01,7.661020260856099995e+00,-5.108490914849427078e+00,2.136715744279327200e+00
6.530000000000000249e+00,-1.094688626919124985e+01,7.411110210865907710e+00,-5.047259751727817267e+00,2.222549337367719868e+00
6.540000000000000036e+00,-1.089422887569824461e+01,7.170641665224370520e+00,-4.995693581101616765e+00,2.309993044511408300e+00
6.549999999999999822e+00,-1.083211268311144693e+01,6.940064115587845528e+00,-4.953842351263563870e+00,2.398181777874985432e+00
6.560000000000000497e+00,-1.076165981687316275e+01,6.719705887976236802e+00,-4.921672874765503636e+00,2.486251103626820669e+00
6.570000000000000284e+00,-1.068398057370524157e+01,6.509778228609288675e+00,-4.899069472331142094e+00,2.573345717350237205e+00
6.580000000000000071e+00,-1.060016157202071163e+01,6.310380694536696033e+00,-4.885835520469171023e+00,2.658627778181016144e+00
6.589999999999999858e+00,-1.051125489944084634e+01,6.121507708451600749e+00,-4.881695877266645667e+00,2.741285001738131388e+00
6.600000000000000533e+00,-1.041826836633437203e+01,5.943056124940141238e+00,-4.886300149480062416e+00,2.820538416247733160e+00
6.610000000000000320e+00,-1.032215695275710488e+01,5.774833646107164320e+00,-4.899226753395152123e+00,2.895649691906982959e+00
6.620000000000000107e+00,-1.022381551397796962e+01,5.616567918100004775e+00,-4.919987712148739867e+00,2.965927960377613637e+00
6.629999999999999893e+00,-1.012407278730763771e+01,5.467916136550911688e+00,-4.948034123430377740e+00,3.030736049204617366e+00
6.640000000000000568e+00,-1.002368672056963561e+01,5.328474988344671814e+00,-4.982762223819897862e+00,3.089496064777558004e+00
6.650000000000000355e+00,-9.923341120634422197e+00,5.197790759323397403e+00,-5.023519969561728971e+00,3.141694267027775656e+00
6.660000000000000142e+00,-9.823643599318240049e+00,5.075369442443172119e+00,-5.069614048394890382e+00,3.186885189220410197e+00
6.669999999999999929e+00,-9.725124773956697055e+00,4.960686688343156625e+00,-5.120317233193862450e+00,3.224694966780948135e+00
6.679999999999999716e+00,-9.628238661394483699e+00,4.853197450076923936e+00,-5.174875985651561372e+00,3.254823849920037926e+00
6.690000000000000391e+00,-9.533364187256022859e+00,4.752345185659136995e+00,-5.232518217049426212e+00,3.277047885715111963e+00
6.700000000000000178e+00,-9.440807717410077515e+00,4.657570495837647151e+00,-5.292461113287054708e+00,3.291219766105744071e+00
6.709999999999999964e+00,-9.350806505708808558e+00,4.568319089825094714e+00,-5.353918932741014380e+00,3.297268848802893171e+00
6.719999999999999751e+00,-9.263532941525314257e+00,4.484048988312364870e+00,-5.416110688124165407e+00,3.295200368249957990e+00
6.730000000000000426e+00,-9.179099472445065189e+00,4.404236890617644562e+00,-5.478267627242975557e+00,3.285093863370204037e+00
6.740000000000000213e+00,-9.097564071756561788e+00,4.328383650973524510e+00,-5.539640432303831297e+00,3.267100857767060607e+00
6.750000000000000000e+00,-9.018936117162104082e+00,4.256018827389586257e+00,-5.599506063091005181e+00,3.241441836205506632e+00
6.759999999999999787e+00,-8.943182546373444453e+00,4.186704284922123875e+00,-5.657174175809626782e+00,3.208402568504284957e+00
6.770000000000000462e+00,-8.870234156911722678e+00,4.120036853216503481e+00,-5.711993056529768964e+00,3.168329838339110083e+00
6.780000000000000249e+00,-8.799991921397094075e+00,4.055650055556567324e+00,-5.763355015850261331e+00,3.121626639843304130e+00
6.790000000000000036e+00,-8.732333195755398236e+00,3.993214943071424106e+00,-5.810701199489407998e+00,3.068746909259794098e+00
6.799999999999999822e+00,-8.667117705915023507e+00,3.932440082950472426e+00,-5.853525777870088653e+00,3.010189862231166913e+00
6.810000000000000497e+00,-8.604193208515424018e+00,3.873070763264989669e+00,-5.891379486267070753e+00,2.946494009613106702e+00
6.820000000000000284e+00,-8.543400732669436337e+00,3.814887489084263006e+00,-5.923872495599431076e+00,2.878230925978625621e+00
6.830000000000000071e+00,-8.484579322663766021e+00,3.757703854834179236e+00,-5.950676602359232348e+00,2.805998845279151777e+00
6.839999999999999858e+00,-8.427570215375283169e+00,3.701363886140792925e+00,-5.971526734359927424e+00,2.730416157489327755e+00
6.850000000000000533e+00,-8.372220400843069399e+00,3.645738950633489406e+00,-5.986221776861957444e+00,2.652114878544280074e+00
6.860000000000000320e+00,-8.318385529578163684e+00,3.590724341293269894e+00,-5.994624731099791326e+00,2.571734163549234786e+00
6.870000000000000107e+00,-8.265932145521142971e+00,3.536235637902340745e+00,-5.996662224216460224e+00,2.489913930178501822e+00
6.879999999999999893e+00,-8.214739238784678932e+00,3.482204952001490383e+00,-5.992323396043608419e+00,2.407288655466874872e+00
6.890000000000000568e+00,-8.164699127160858438e+00,3.428577158549334758e+00,-5.981658193995451178e+00,2.324481404918462779e+00
6.900000000000000355e+00,-8.115717689564812432e+00,3.375306213296693336e+00,-5.964775112534993262e+00,2.242098148106073108e+00
6.910000000000000142e+00,-8.067713987874274295e+00,3.322351648867142071e+00,-5.941838418194021365e+00,2.160722409796664856e+00
6.919999999999999929e+00,-8.020619325782108788e+00,3.269675334832255587e+00,-5.913064904970811497e+00,2.080910300207297503e+00
6.929999999999999716e+00,-7.974375804099244291e+00,3.217238577870720651e+00,-5.878720228087914279e+00,2.003185962352802996e+00
6.940000000000000391e+00,-7.928934441255922394e+00,3.164999627618136913e+00,-5.839114866574876217e+00,1.928037468677719968e+00
6.950000000000000178e+00,-7.884252935404301610e+00,3.112911642276638524e+00,-5.794599766963401066e+00,1.855913193343875500e+00
6.959999999999999964e+00,-7.840293150415801549e+00,3.060921155706772367e+00,-5.745561721570173752e+00,1.787218680743826615e+00
6.969999999999999751e+00,-7.797018412116193176e+00,3.008967074823837962e+00,-5.692418535426898352e+00,1.722314025091752132e+00
6.980000000000000426e+00,-7.754390703270599872e+00,2.956980222928115243e+00,-5.635614035933760313e+00,1.661511770363749196e+00
6.990000000000000213e+00,-7.712367846115840919e+00,2.904883431375096858e+00,-5.575612978803509812e+00,1.605075334467199966e+00
7.000000000000000000e+00,-7.670900759669683211e+00,2.852592168995880861e+00,-5.512895902870154075e+00,1.553217956354869145e+00
7.009999999999999787e+00,-7.629930875691764314e+00,2.800015686157689476e+00,-5.447953984905126390e+00,1.506102159896811621e+00
7.020000000000000462e+00,-7.589387792127592292e+00,2.747058638547180909e+00,-5.381283943758460531e+00,1.463839723709000396e+00
7.030000000000000249e+00,-7.549187236262621781e+00,2.693623144880802567e+00,-5.313383040967749160e+00,1.426492141830406846e+00
7.040000000000000036e+00,-7.509229401804763171e+00,2.639611222996722351e+00,-5.244744222495984154e+00,1.394071556155447089e+00
7.049999999999999822e+00,-7.469397714879960404e+00,2.584927540332942808e+00,-5.175851443511543692e+00,1.366542137873971718e+00
7.060000000000000497e+00,-7.429558073666466811e+00,2.529482407791164178e+00,-5.107175215146020797e+00,1.343821891850814021e+00
7.070000000000000284e+00,-7.389558595326667145e+00,2.473194940543082865e+00,-5.039168408994489035e+00,1.325784854893113929e+00
7.080000000000000071e+00,-7.349229892247734597e+00,2.415996305537782884e+00,-4.972262351788112156e+00,1.312263656203747297e+00
7.089999999999999858e+00,-7.308385887611867915e+00,2.357832973368458429e+00,-4.906863239199033444e+00,1.303052406000369867e+00
7.100000000000000533e+00,-7.266825168220783837e+00,2.298669891772699980e+00,-4.843348894157307072e+00,1.297909876287440145e+00
7.110000000000000320e+00,-7.224332860536794243e+00,2.238493499358639394e+00,-4.782065891391076740e+00,1.296562936098403895e+00
7.120000000000000107e+00,-7.180683004305368655e+00,2.177314501123807755e+00,-4.723327066163898635e+00,1.298710202172849826e+00
7.129999999999999893e+00,-7.135641387113425438e+00,2.115170331887114674e+00,-4.667409421394844493e+00,1.304025864995276063e+00
7.140000000000000568e+00,-7.088968793021695802e+00,2.052127239781395662e+00,-4.614552443524491565e+00,1.312163649395609255e+00
7.150000000000000355e+00,-7.040424609178616677e+00,1.988281929322246233e+00,-4.564956833648539103e+00,1.322760868495691966e+00
7.160000000000000142e+00,-6.989770726244581844e+00,1.923762712120949514e+00,-4.518783656596418119e+00,1.335442529680672230e+00
7.169999999999999929e+00,-6.936775661676303883e+00,1.858730122870785983e+00,-4.476153906801844329e+00,1.349825451480702432e+00
7.179999999999999716e+00,-6.881218829557463224e+00,1.793376968610973288e+00,-4.437148486012213233e+00,1.365522350768937576e+00
7.190000000000000391e+00,-6.822894876804977748e+00,1.727927790255902929e+00,-4.401808584133970470e+00,1.382145860519075287e+00
7.200000000000000178e+00,-6.761618003290963408e+00,1.662637726753420253e+00,-4.370136450832654340e+00,1.399312439522362617e+00
7.209999999999999964e+00,-6.697226182728158506e+00,1.597790783784092339e+00,-4.342096541922640718e+00,1.416646136942283141e+00
7.219999999999999751e+00,-6.629585202071193173e+00,1.533697520412998783e+00,-4.317617021118328680e+00,1.433782176385960616e+00
7.230000000000000426e+00,-6.558592439657944695e+00,1.470692178339448208e+00,-4.296591594405096970e+00,1.450370326293718870e+00
7.240000000000000213e+00,-6.484180306293890084e+00,1.409129289148124187e+00,-4.278881651154575749e+00,1.466078025888726710e+00
7.250000000000000000e+00,-6.406319278881655421e+00,1.349379805049543135e+00,-4.264318683188583314e+00,1.480593238680125046e+00
7.259999999999999787e+00,-6.325020462905119878e+00,1.291826807824891787e+00,-4.252706950323153379e+00,1.493627008564847314e+00
7.270000000000000462e+00,-6.240337627956417776e+00,1.236860858895289628e+00,-4.243826358535204513e+00,1.504915696909886913e+00
7.280000000000000249e+00,-6.152368669390157585e+00,1.184875060474385178e+00,-4.237435514824540839e+00,1.514222882597619613e+00
7.290000000000000036e+00,-6.061256458927352320e+00,1.136259903515031366e+00,-4.233274921129364543e+00,1.521340910856064932e+00
7.299999999999999822e+00,-5.967189057427996879e+00,1.091397982531292499e+00,-4.231070268328436690e+00,1.526092080741997981e+00
7.310000000000000497e+00,-5.870399273907215054e+00,1.050658660296907243e+00,-4.230535790458994860e+00,1.528329465360485750e+00
7.320000000000000284e+00,-5.771163565984036126e+00,1.014392766850568783e+00,-4.231377638825531307e+00,1.527937363246790303e+00
7.330000000000000071e+00,-5.669800288119605014e+00,9.829274171643840319e-01,-4.233297235694770677e+00,1.524831383757358827e+00
7.339999999999999858e+00,-5.566667305020279954e+00,9.565610302701095247e-01,-4.235994567784922893e+00,1.518958173762859909e+00
7.350000000000000533e+00,-5.462158998251135600e+00,9.355586296301595661e-01,-4.239171380776054043e+00,1.510294797350612672e+00
7.360000000000000320e+00,-5.356702704241429025e+00,9.201475001564183298e-01,-4.242534237597893387e+00,1.498847784565482177e+00
7.370000000000000107e+00,-5.250754631286690177e+00,9.105132716118543579e-01,-4.245797405289580162e+00,1.484651869384327139e+00
7.379999999999999893e+00,-5.144795311703058260e+00,9.067964912928285770e-01,-4.248685537761798692e+00,1.467768441064886131e+00
7.390000000000000568e+00,-5.039324652825643014e+00,9.090897410191328687e-01,-4.250936124805607896e+00,1.448283736670823441e+00
7.400000000000000355e+00,-4.934856656941899899e+00,9.174353447051704080e-01,-4.252301681155487678e+00,1.426306805887338047e+00
7.410000000000000142e+00,-4.831913885414372167e+00,9.318237033154056492e-01,-4.252551653288259459e+00,1.401967282145220706e+00
7.419999999999999929e+00,-4.731021746098999614e+00,9.521922839957878137e-01,-4.251474025878105856e+00,1.375412996508757368e+00
7.429999999999999716e+00,-4.632702685655507580e+00,9.784252798034209775e-01,-4.248876614375152627e+00,1.346807472702842290e+00
7.440000000000000391e+00,-4.537470369450354646e+00,1.010353945915933860e+00,-4.244588034967504697e+00,1.316327343012488216e+00
7.450000000000000178e+00,-4.445823931470019197e+00,1.047757607676147451e+00,-4.238458348154123811e+00,1.284159725546278219e+00
7.459999999999999964e+00,-4.358242375020774162e+00,1.090365325499803140e+00,-4.230359377221460271e+00,1.250499603487323252e+00
7.469999999999999751e+00,-4.275179202037872273e+00,1.137858191720791279e+00,-4.220184707999637297e+00,1.215547246442456819e+00
7.480000000000000426e+00,-4.197057344636432319e+00,1.189872225035387698e+00,-4.207849381288881752e+00,1.179505712837065845e+00
7.490000000000000213e+00,-4.124264467200937645e+00,1.246001819488498530e+00,-4.193289294208092599e+00,1.142578470493408327e+00
7.500000000000000000e+00,-4.057148700942422970e+00,1.305803697058426582e+00,-4.176460331337570331e+00,1.104967170092029383e+00
7.509999999999999787e+00,-3.996014865580631792e+00,1.368801305963014858e+00,-4.157337250822608965e+00,1.066869603177760695e+00
7.520000000000000462e+00,-3.941121224774864373e+00,1.434489600929689468e+00,-4.135912354491505738e+00,1.028477872775245716e+00
7.530000000000000249e+00,-3.892676813284493775e+00,1.502340136925381708e+00,-4.112193974444632971e+00,9.899768005764822965e-01
7.540000000000000036e+00,-3.850839364748979143e+00,1.571806404286692604e+00,-4.086204811420166116e+00,9.515425901186755908e-01
7.549999999999999822e+00,-3.815713859602107405e+00,1.642329330862069448e+00,-4.057980162475964825e+00,9.133417604584593841e-01
7.560000000000000497e+00,-3.787351703143040815e+00,1.713342875687781763e+00,-4.027566077094481223e+00,8.755303596513470676e-01
7.570000000000000284e+00,-3.765750534341152367e+00,1.784279638859394668e+00,-3.995017481678337923e+00,8.382534619533039688e-01
7.580000000000000071e+00,-3.750854656713194402e+00,1.854576413597286422e+00,-3.960396312530981788e+00,8.016449471713977815e-01
7.589999999999999858e+00,-3.742556073731557298e+00,1.923679608986716527e+00,-3.923769696795620376e+00,7.658275551032714956e-01
7.600000000000000533e+00,-3.740696102842880677e+00,1.991050475429462008e+00,-3.885208219455768663e+00,7.309132026228588597e-01
7.610000000000000320e+00,-3.745067534426863354e+00,2.056170069384344767e+00,-3.844784312397638182e+00,6.970035457970034098e-01
7.620000000000000107e+00,-3.755417295019364943e+00,2.118543899395821661e+00,-3.802570798726093493e+00,6.641907645546718530e-01
7.629999999999999893e+00,-3.771449567960305949e+00,2.177706201595268620e+00,-3.758639622056228369e+00,6.325585429754865263e-01
7.640000000000000568e+00,-3.792829319385242925e+00,2.233223799681421706e+00,-3.713060786428169280e+00,6.021832143091102596e-01
7.650000000000000355e+00,-3.819186173220965763e+00,2.284699511709805009e+00,-3.665901527884022570e+00,5.731350364649342444e-01
7.660000000000000142e+00,-3.850118575611986671e+00,2.331775073705570911e+00,-3.617225733684590772e+00,5.454795609968545733e-01
7.669999999999999929e+00,-3.885198187018183091e+00,2.374133558017830214e+00,-3.567093619722139231e+00,5.192790566129531493e-01
7.679999999999999716e+00,-3.923974439086626020e+00,2.411501272314676037e+00,-3.515561671005487554e+00,4.945939470138714933e-01
7.690000000000000391e+00,-3.965979193296283789e+00,2.443649133037563814e+00,-3.462682844262987558e+00,4.714842224420011108e-01
7.700000000000000178e+00,-4.010731439268439225e+00,2.470393514859647865e+00,-3.408507025840629368e+00,4.500107847255197524e-01
7.709999999999999964e+00,-4.057741972476308412e+00,2.491596585098956318e+00,-3.353081732282960914e+00,4.302366868310834591e-01
7.719999999999999751e+00,-4.106517993807925038e+00,2.507166139010023720e+00,-3.296453035389634856e+00,4.122282299836692587e-01
7.730000000000000426e+00,-4.156567576956624599e+00,2.517054958313961421e+00,-3.238666688254042469e+00,3.960558842423041459e-01
7.740000000000000213e+00,-4.207403953840677779e+00,2.521259721136959175e+00,-3.179769423924255989e+00,3.817950019916135918e-01
7.750000000000000000e+00,-4.258549573086609641e+00,2.519819496637210943e+00,-3.119810393982139551e+00,3.695262980596659141e-01
7.759999999999999787e+00,-4.309539891940712408e+00,2.512813861950852878e+00,-3.058842710610160331e+00,3.593360750277317939e-01
7.770000000000000462e+00,-4.359926867686295893e+00,2.500360682636289411e+00,-2.996925052689922264e+00,3.513161776682101611e-01
7.780000000000000249e+00,-4.409282120624244961e+00,2.482613600517283192e+00,-2.934123294223776490e+00,3.455636662331397768e-01
7.790000000000000036e+00,-4.457199746805188489e+00,2.459759274708286370e+00,-2.870512111947010503e+00,3.421802044067155379e-01
7.799999999999999822e+00,-4.503298764868494786e+00,2.432014422657733377e+00,-2.806176528444557228e+00,3.412711640136358304e-01
7.810000000000000497e+00,-4.547225187436674254e+00,2.399622708286802020e+00,-2.741213347426726621e+00,3.429444549168775835e-01
7.820000000000000284e+00,-4.588653713429240000e+00,2.362851523769567752e+00,-2.675732439060214851e+00,3.473090948174187842e-01
7.830000000000000071e+00,-4.627289043302660332e+00,2.321988710242675502e+00,-2.609857835380982927e+00,3.544735397572391089e-01
7.839999999999999858e+00,-4.662866824505116803e+00,2.277339260810534505e+00,-2.543728598807179608e+00,3.645438019003814922e-01
7.850000000000000533e+00,-4.695154239282537389e+00,2.229222046694107284e+00,-2.477499430573984363e+00,3.776213865045658924e-01
7.860000000000000320e+00,-4.723950251321072713e+00,2.177966604336616374e+00,-2.411340990465285827e+00,3.938010847839938378e-01
7.870000000000000107e+00,-4.749085531510903735e+00,2.123910017811870610e+00,-2.345439904439960088e+00,4.131686634987999374e-01
7.879999999999999893e+00,-4.770422086328578892e+00,2.067393927068703618e+00,-2.279998442547813919e+00,4.357984954953025847e-01
7.890000000000000568e+00,-4.787852614937123441e+00,2.008761688478816865e+00,-2.215233855796264972e+00,4.617511779852758180e-01
7.900000000000000355e+00,-4.801299623082297963e+00,1.948355709926107959e+00,-2.151377367244966088e+00,4.910711870284500957e-01
7.910000000000000142e+00,-4.810714323222945232e+00,1.886514978372386242e+00,-2.088672819446200535e+00,5.237846174239007002e-01
7.919999999999999929e+00,-4.816075351086771761e+00,1.823572793543273507e+00,-2.027374987281504559e+00,5.598970569943908515e-01
7.930000000000000604e+00,-4.817387329016032282e+00,1.759854717179788475e+00,-1.967747572134110001e+00,5.993916430536082585e-01
7.940000000000000391e+00,-4.814679306096292244e+00,1.695676743270126297e+00,-1.910060900045608356e+00,6.422273466888203108e-01
7.950000000000000178e+00,-4.808003104190759380e+00,1.631343690879152764e+00,-1.854589352899918442e+00,6.883375273997787147e-01
7.959999999999999964e+00,-4.797431597685070770e+00,1.567147817688040234e+00,-1.801608567627458690e+00,7.376287966560541864e-01
7.969999999999999751e+00,-4.783056953042366111e+00,1.503367649191988509e+00,-1.751392443805721566e+00,7.899802241349240806e-01
7.980000000000000426e+00,-4.764988852238346340e+00,1.440267015717488608e+00,-1.704210004735751571e+00,8.452429148635108858e-01
7.990000000000000213e+00,-4.743352721858647314e+00,1.378094287041361499e+00,-1.660322160997471208e+00,9.032399793090712947e-01
8.000000000000000000e+00,-4.718287987162850250e+00,1.317081792437516441e+00,-1.619978428543626059e+00,9.637669117527921658e-01
