# energy_eV,HSE_Re,HSE_Im,TDCDFT_Re,TDCDFT_Im
1.000000000000000021e-02,2.603358814472534846e+02,-2.641287461292486114e+03,4.783908825090944106e+02,-4.843155481984881590e+03
2.000000000000000042e-02,2.572509033861755370e+02,-1.294021243997119200e+03,4.726468614769427745e+02,-2.371855370679057160e+03
2.999999999999999889e-02,2.521922180098893875e+02,-8.337573701406255395e+02,4.632260932019008806e+02,-1.527207083890505146e+03
4.000000000000000083e-02,2.452810794775462284e+02,-5.959594842984361094e+02,4.503517703728461470e+02,-1.090547714215562110e+03
5.000000000000000278e-02,2.366810654507287950e+02,-4.479122159063374511e+02,4.343252073226653351e+02,-8.185013949351400697e+02
5.999999999999999778e-02,2.265922356790318588e+02,-3.455082029610570089e+02,4.155152767364260740e+02,-6.301874017262410916e+02
7.000000000000000666e-02,2.152440828774825263e+02,-2.699272651540380821e+02,3.943456404401393343e+02,-4.910983549269080299e+02
8.000000000000000167e-02,2.028875884390637907e+02,-2.118034752606791642e+02,3.712803263824228566e+02,-3.840646581903526453e+02
8.999999999999999667e-02,1.897867302619339966e+02,-1.659464342548338607e+02,3.468082672389567165e+02,-2.995738410801515101e+02
1.000000000000000056e-01,1.762098070636192517e+02,-1.292300394958207903e+02,3.214274490404441735e+02,-2.318986006104841806e+02
1.100000000000000006e-01,1.624209424193630582e+02,-9.963414842373607883e+01,2.956293196884511190e+02,-1.773390621569325845e+02
1.199999999999999956e-01,1.486721128306193975e+02,-7.576751152578789572e+01,2.698840777202915433e+02,-1.333476103358000842e+02
1.300000000000000044e-01,1.351960088080411992e+02,-5.661352413595966482e+01,2.446274033962322392e+02,-9.806235134660241215e+01
1.400000000000000133e-01,1.221999885213562180e+02,-4.138787514887477670e+01,2.202491107804176238e+02,-7.004581647530177690e+01
1.499999999999999944e-01,1.098613230302925956e+02,-2.945616003787575110e+01,1.970840958931908062e+02,-4.813369373917556260e+01
1.600000000000000033e-01,9.832386400330014453e+01,-2.028532304338850523e+01,1.754058380957492886e+02,-3.134568052773276037e+01
1.700000000000000122e-01,8.769619300549187813e+01,-1.341493377538897391e+01,1.554225860912706310e+02,-1.883280876342309185e+01
1.799999999999999933e-01,7.805123982713368491e+01,-8.440383295630160987e+00,1.372762329689354033e+02,-9.846736931785930125e+00
1.900000000000000022e-01,6.942728971290190998e+01,-5.003301694508264674e+00,1.210437630942462590e+02,-3.722394910536065638e+00
2.000000000000000111e-01,6.183023915893963363e+01,-2.786290914746782033e+00,1.067410433539696015e+02,1.313550750512109122e-01
2.099999999999999922e-01,5.523691003668965038e+01,-1.510116105692018040e+00,9.432863745129210997e+01,2.236461632663496069e+00
2.200000000000000011e-01,4.959919434787403958e+01,-9.321458713051450351e-01,8.371924867510074364e+01,3.048072629183970594e+00
2.300000000000000100e-01,4.484877828350569473e+01,-8.452518947505898161e-01,7.478634661605315159e+01,2.956045618347382664e+00
2.399999999999999911e-01,4.090218497519175855e+01,-1.076664973608408626e+00,6.737350806945759985e+01,2.286535663007562391e+00
2.500000000000000000e-01,3.766588007308764929e+01,-1.486488317111200663e+00,6.130400185024751636e+01,1.304243943199571598e+00
2.600000000000000089e-01,3.504120196298029555e+01,-1.965718185808869922e+00,5.639017011363309706e+01,2.156360484425896840e-01
2.700000000000000178e-01,3.292890726667200596e+01,-2.433732423042427317e+00,5.244220249636668285e+01,-8.267671998299792602e-01
2.800000000000000266e-01,3.123315993705135085e+01,-2.835288251205346111e+00,4.927596044493532901e+01,-1.719077714919485578e+00
2.899999999999999800e-01,2.986483607120872819e+01,-3.137127397535167450e+00,4.671958321184578722e+01,-2.399870247188567784e+00
2.999999999999999889e-01,2.874406364015564108e+01,-3.324322846755171756e+00,4.461868944934285253e+01,-2.843394053937170263e+00
3.099999999999999978e-01,2.780196378449080896e+01,-3.396520119502766555e+00,4.284007420933516386e+01,-3.052450215779072717e+00
3.200000000000000067e-01,2.698160543338219242e+01,-3.364229477977422444e+00,4.127388568038934125e+01,-3.051235751917965366e+00
3.300000000000000155e-01,2.623822537581833814e+01,-3.245316374410320392e+00,3.983434474463280850e+01,-2.878448972980250264e+00
3.400000000000000244e-01,2.553879960549699035e+01,-3.061818379011493452e+00,3.845913960725062708e+01,-2.580923972237756825e+00
3.500000000000000333e-01,2.486107737272918072e+01,-2.837190430957262866e+00,3.710768430407859597e+01,-2.208019994695654908e+00
3.599999999999999867e-01,2.419220609944204980e+01,-2.594049246838128209e+00,3.575847169116650548e+01,-1.806938016144149284e+00
3.699999999999999956e-01,2.352708294016613166e+01,-2.352454714109247558e+00,3.440577738503401406e+01,-1.419076633413867361e+00
3.800000000000000044e-01,2.286656766927731610e+01,-2.128733519673428276e+00,3.305598083468510850e+01,-1.077476613066280287e+00
3.900000000000000133e-01,2.221568261803776423e+01,-1.934820244537357681e+00,3.172376395408767635e+01,-8.053421709545085516e-01
4.000000000000000222e-01,2.158190986532715527e+01,-1.778065433683495122e+00,3.042842802005305458e+01,-6.155707997613882876e-01
4.100000000000000311e-01,2.097367539665621550e+01,-1.661440008968760873e+00,2.919053800425077938e+01,-5.111751659526244662e-01
4.199999999999999845e-01,2.039908625679332488e+01,-1.584051622271724247e+00,2.802906281693068635e+01,-4.864424997540102158e-01
4.299999999999999933e-01,1.986496164969007339e+01,-1.541881438853872410e+00,2.695913306688920841e+01,-5.286504775751896812e-01
4.400000000000000022e-01,1.937617422839105430e+01,-1.528649218087998696e+00,2.599048798935536198e+01,-6.201445421419178317e-01
4.500000000000000111e-01,1.893529502715696111e+01,-1.536719824117484867e+00,2.512663321210676060e+01,-7.405798632662931036e-01
4.600000000000000200e-01,1.854251590667121263e+01,-1.557974516079143612e+00,2.436468385784317192e+01,-8.691409614056005983e-01
4.700000000000000289e-01,1.819580796486888730e+01,-1.584584352693212628e+00,2.369582560265042659e+01,-9.865720485961763098e-01
4.799999999999999822e-01,1.789126369422466212e+01,-1.609639471136227407e+00,2.310629174962313215e+01,-1.076879558535349446e+00
4.899999999999999911e-01,1.762356494691498909e+01,-1.627605496295100762e+00,2.257872861896634475e+01,-1.128602964556709498e+00
5.000000000000000000e-01,1.738651784880266860e+01,-1.634595592379240347e+00,2.209380550693184020e+01,-1.135588440518741082e+00
5.100000000000000089e-01,1.717359921170510262e+01,-1.628462516717831710e+00,2.163191944283113344e+01,-1.097239759670457060e+00
5.200000000000000178e-01,1.697846600527711303e+01,-1.608728520352014524e+00,2.117484872615745672e+01,-1.018259672719550535e+00
5.300000000000000266e-01,1.679538915777206043e+01,-1.576381367715217641e+00,2.070722198598990360e+01,-9.079306684395780369e-01
5.400000000000000355e-01,1.661958435073219675e+01,-1.533571711066062049e+00,2.021769005559329813e+01,-7.790145972410148500e-01
5.500000000000000444e-01,1.644742452842137936e+01,-1.483250437158567525e+00,1.969971471866037405e+01,-6.463745991895104570e-01
5.600000000000000533e-01,1.627653058687584675e+01,-1.428784558671350347e+00,1.915191951966555450e+01,-5.254390199072029866e-01
5.700000000000000622e-01,1.610574728978673420e+01,-1.373587141792568467e+00,1.857798134123245148e+01,-4.306348800977647384e-01
5.799999999999999600e-01,1.593502020173838929e+01,-1.320791220239447172e+00,1.798607528650587994e+01,-3.739178206792485581e-01
5.899999999999999689e-01,1.576519586310609533e+01,-1.272990346925365834e+00,1.738791756591663074e+01,-3.635165732006259698e-01
5.999999999999999778e-01,1.559777130738981299e+01,-1.232060141484559779e+00,1.679747972485373353e+01,-4.029936355622812938e-01
6.099999999999999867e-01,1.543462031388681055e+01,-1.199066667795975372e+00,1.622947104517335148e+01,-4.907010829170470045e-01
6.199999999999999956e-01,1.527772267173292065e+01,-1.174259424601169499e+00,1.569770300060753243e+01,-6.196827521770550407e-01
6.300000000000000044e-01,1.512891955116892539e+01,-1.157139751259280702e+00,1.521345930218043208e+01,-7.780430913841359652e-01
6.400000000000000133e-01,1.498971330822228509e+01,-1.146589993398315910e+00,1.478399680185805920e+01,-9.497706087593236202e-01
6.500000000000000222e-01,1.486112424329795445e+01,-1.141045128181712220e+00,1.441129623117876157e+01,-1.115972005679518153e+00
6.600000000000000311e-01,1.474361057509946882e+01,-1.138686831771559049e+00,1.409116777513712115e+01,-1.256443621589919513e+00
6.700000000000000400e-01,1.463705174220574357e+01,-1.137640131669629628e+00,1.381279558251292272e+01,-1.351481523505476234e+00
6.800000000000000488e-01,1.454078960665545495e+01,-1.136154625856994560e+00,1.355877864416873457e+01,-1.383811991701308752e+00
6.900000000000000577e-01,1.445371761150863676e+01,-1.132755452376979388e+00,1.330569451902125877e+01,-1.340511543281919904e+00
7.000000000000000666e-01,1.437440472137277325e+01,-1.126353357833905111e+00,1.302517890735551198e+01,-1.214780885161498070e+00
7.099999999999999645e-01,1.430123920199154774e+01,-1.116307898543966726e+00,1.268547999587468489e+01,-1.007440761949190078e+00
7.199999999999999734e-01,1.423257698896016521e+01,-1.102442567510811822e+00,1.225341384155488456e+01,-7.280295656612969513e-01
7.299999999999999822e-01,1.416688044926244672e+01,-1.085015060910343720e+00,1.169661780822849195e+01,-3.954023309210835113e-01
7.399999999999999911e-01,1.410283554066393563e+01,-1.064649630589638241e+00,1.098597506950676461e+01,-3.775741373726091560e-02
7.500000000000000000e-01,1.403943843246331014e+01,-1.042241253256543487e+00,1.009806604685216769e+01,3.079506232668033361e-01
7.600000000000000089e-01,1.397604622801558705e+01,-1.018843023915460444e+00,9.017493618892125085e+00,5.972173569856010777e-01
7.700000000000000178e-01,1.391239017009203316e+01,-9.955486993667125306e-01,7.738928842248953721e+00,7.797816844496985311e-01
7.800000000000000266e-01,1.384855327477578513e+01,-9.733817290431246994e-01,6.268733093089187136e+00,8.019360078073213272e-01
7.900000000000000355e-01,1.378491743080367193e+01,-9.532005576584358097e-01,4.626030763579471738e+00,6.092488147284906841e-01
8.000000000000000444e-01,1.372208738585746879e+01,-9.356276813930171077e-01,2.843133173418671777e+00,1.495650990861195073e-01
8.100000000000000533e-01,1.366080056522223707e+01,-9.210071491180060743e-01,9.652479046243650496e-01,-6.238730765525734023e-01
8.200000000000000622e-01,1.360183226377152899e+01,-9.093922072017428526e-01,-9.505534097510688341e-01,-1.749358280275101540e+00
8.300000000000000711e-01,1.354590543756708598e+01,-9.005618718167296421e-01,-2.837093844632871953e+00,-3.253879155252150657e+00
8.399999999999999689e-01,1.349361319276426485e+01,-8.940626299367977481e-01,-4.619518775012092959e+00,-5.150683897218038432e+00
8.499999999999999778e-01,1.344536028763576141e+01,-8.892694255764251876e-01,-6.218293648704174892e+00,-7.437402532805079680e+00
8.599999999999999867e-01,1.340132773504309682e+01,-8.854587255870262075e-01,-7.552636635139903021e+00,-1.009485949665514504e+01
8.699999999999999956e-01,1.336146214929221898e+01,-8.818858536220629540e-01,-8.544220809425832286e+00,-1.308667417366395824e+01
8.800000000000000044e-01,1.332548905793064620e+01,-8.778589339084500454e-01,-9.120959113686330610e+00,-1.635970642830456967e+01
8.900000000000000133e-01,1.329294721315405958e+01,-8.728026329834815966e-01,-9.220674077930794965e+00,-1.984535890542109371e+01
9.000000000000000222e-01,1.326323917123438001e+01,-8.663063049295200990e-01,-8.794454142924411855e+00,-2.346170062300279113e+01
9.100000000000000311e-01,1.323569219482343939e+01,-8.581529681619717298e-01,-7.809509715758661486e+00,-2.711632985057792311e+01
9.200000000000000400e-01,1.320962294743714871e+01,-8.483275779476546763e-01,-6.251364419632096769e+00,-3.070985126830308687e+01
9.300000000000000488e-01,1.318439950627646517e+01,-8.370051095879301739e-01,-4.125249299128935121e+00,-3.413980557507626656e+01
9.400000000000000577e-01,1.315949487458130740e+01,-8.245208442399070137e-01,-1.456608299358597591e+00,-3.730486138328969759e+01
9.500000000000000666e-01,1.313452733241882520e+01,-8.113267910030608210e-01,1.709330104571515019e+00,-4.010906125279195322e+01
9.599999999999999645e-01,1.310928448971697691e+01,-7.979392630531275676e-01,5.308910361353387231e+00,-4.246590732396559531e+01
9.699999999999999734e-01,1.308372963633189556e+01,-7.848831783965900533e-01,9.262281312576000403e+00,-4.430207776174893297e+01
9.799999999999999822e-01,1.305799074994352260e+01,-7.726386556468183286e-01,1.347639888494387428e+01,-4.556058292879568228e+01
9.899999999999999911e-01,1.303233415848692012e+01,-7.615949519351330466e-01,1.784865493413361648e+01,-4.620319893458211880e+01
1.000000000000000000e+00,1.300712621497870991e+01,-7.520158196679286311e-01,2.227095289488466889e+01,-4.621205433343452285e+01
1.010000000000000009e+00,1.298278731674579589e+01,-7.440190543263416334e-01,2.663402670867603916e+01,-4.559029104719532199e+01
1.020000000000000018e+00,1.295974311696028458e+01,-7.375715049061210005e-01,3.083178687908070614e+01,-4.436177038758636115e+01
1.030000000000000027e+00,1.293837780826076411e+01,-7.324992712983943166e-01,3.476547720356990823e+01,-4.256984637965529572e+01
1.040000000000000036e+00,1.291899392605979635e+01,-7.285113656058549436e-01,3.834743774103976932e+01,-4.027527837208350547e+01
1.050000000000000044e+00,1.290178228472533384e+01,-7.252338978667638436e-01,4.150429312068620646e+01,-3.755340019264889406e+01
1.060000000000000053e+00,1.288680451942413541e+01,-7.222509646039667608e-01,4.417941888597544420e+01,-3.449070118945524399e+01
1.070000000000000062e+00,1.287398938045031827e+01,-7.191479392915416380e-01,4.633458008316163301e+01,-3.118100317756302786e+01
1.080000000000000071e+00,1.286314254793261114e+01,-7.155528152947805420e-01,4.795068315281615412e+01,-2.772143498086622060e+01
1.090000000000000080e+00,1.285396843506369891e+01,-7.111716209756815399e-01,4.902763146280332052e+01,-2.420841202372923817e+01
1.100000000000000089e+00,1.284610134699301121e+01,-7.058146619717401427e-01,4.958332351405052663e+01,-2.073382215091731240e+01
1.110000000000000098e+00,1.283914255673705185e+01,-6.994113634584803174e-01,4.965187802165563369e+01,-1.738160116523183163e+01
1.120000000000000107e+00,1.283269941419100668e+01,-6.920126784866816871e-01,4.928120906395161427e+01,-1.422485380917307296e+01
1.130000000000000115e+00,1.282642254877225518e+01,-6.837812776293079597e-01,4.853010508815964386e+01,-1.132364003190565427e+01
1.140000000000000124e+00,1.282003755201148110e+01,-6.749709194621694719e-01,4.746498613535723621e+01,-8.723504801048424184e+00
1.150000000000000133e+00,1.281336818957876034e+01,-6.658974102543180340e-01,4.615652325355831920e+01,-6.454785168819878294e+00
1.159999999999999920e+00,1.280634911848375523e+01,-6.569043041738806821e-01,4.467630248954174732e+01,-4.532683627442691154e+00
1.169999999999999929e+00,1.279902717770807641e+01,-6.483269097494263056e-01,4.309370359841070552e+01,-2.958054755511488665e+00
1.179999999999999938e+00,1.279155146969466550e+01,-6.404582246275138946e-01,4.147314186915560441e+01,-1.718815270484205904e+00
1.189999999999999947e+00,1.278415354412779337e+01,-6.335201239658017069e-01,3.987179199409531805e+01,-7.918579457552812340e-01
1.199999999999999956e+00,1.277711993083182129e+01,-6.276425165732776312e-01,3.833787790784725047e+01,-1.453289572783267036e-01
1.209999999999999964e+00,1.277075995978657197e+01,-6.228523244838973794e-01,3.690957446028772182e+01,2.588830080691678082e-01
1.219999999999999973e+00,1.276537219304694482e+01,-6.190731251542281877e-01,3.561452823751185548e+01,4.625988994975296920e-01
1.229999999999999982e+00,1.276121284611251916e+01,-6.161352228993275393e-01,3.446996829207102309e+01,5.088876298342667193e-01
1.239999999999999991e+00,1.275846929797807583e+01,-6.137948924582942167e-01,3.348334522509116340e+01,4.398190259478692021e-01
1.250000000000000000e+00,1.275724121426325652e+01,-6.117606605868157743e-01,3.265341081968022507e+01,2.945365317584872078e-01
1.260000000000000009e+00,1.275753099869102947e+01,-6.097238430037882351e-01,3.197163159293676316e+01,1.077265912947817650e-01
1.270000000000000018e+00,1.275924432817376442e+01,-6.073901919552017192e-01,3.142381897247320666e+01,-9.146928580637454786e-02
1.280000000000000027e+00,1.276220051214262696e+01,-6.045094634959102819e-01,3.099185647035379887e+01,-2.800851921331653505e-01
1.290000000000000036e+00,1.276615144723775153e+01,-6.008999817623257300e-01,3.065540979747413886e+01,-4.415194190810463049e-01
1.300000000000000044e+00,1.277080710765010529e+01,-5.964658281728724143e-01,3.039351838718421561e+01,-5.653224319959540001e-01
1.310000000000000053e+00,1.277586489787917046e+01,-5.912050580664717225e-01,3.018598490492972886e+01,-6.466468832163997371e-01
1.320000000000000062e+00,1.278103985477967441e+01,-5.852082664816575797e-01,3.001450133468615178e+01,-6.854374236886763283e-01
1.330000000000000071e+00,1.278609264849896832e+01,-5.786477964948788522e-01,2.986347431374549544e+01,-6.854465108485443547e-01
1.340000000000000080e+00,1.279085259647717798e+01,-5.717588119040681871e-01,2.972053667747785255e+01,-6.531641445245938149e-01
1.350000000000000089e+00,1.279523344101690796e+01,-5.648142506867231960e-01,2.957675493776404352e+01,-5.967449433067688602e-01
1.360000000000000098e+00,1.279924039290217408e+01,-5.580962603453455406e-01,2.942656215774627171e+01,-5.250060741730633307e-01
1.370000000000000107e+00,1.280296783469248112e+01,-5.518670360832391708e-01,2.926746124489342193e+01,-4.465554711200473426e-01
1.380000000000000115e+00,1.280658801844065309e+01,-5.463420092587769616e-01,2.909955431116300772e+01,-3.690929433330053522e-01
1.390000000000000124e+00,1.281033199051076643e+01,-5.416680672020592890e-01,2.892495912349368226e+01,-2.989086918669308646e-01
1.400000000000000133e+00,1.281446474282679837e+01,-5.379089553225906428e-01,2.874717389730853156e+01,-2.405859067908629467e-01
1.409999999999999920e+00,1.281925715079076866e+01,-5.350392731370435806e-01,2.857044726513745658e+01,-1.968978408633842714e-01
1.419999999999999929e+00,1.282495755954134786e+01,-5.329476021167431909e-01,2.839920199662452305e+01,-1.688761486298884229e-01
1.429999999999999938e+00,1.283176589428909864e+01,-5.314483824672863177e-01,2.823755000039156471e+01,-1.560171305521507457e-01
1.439999999999999947e+00,1.283981289767402778e+01,-5.303012795478860841e-01,2.808892347627322295e+01,-1.565862714523214572e-01
1.449999999999999956e+00,1.284914656616200368e+01,-5.292360351754485936e-01,2.795583400484142089e+01,-1.679791955517638546e-01
1.459999999999999964e+00,1.285972712241675353e+01,-5.279802577791411489e-01,2.783975897867168214e+01,-1.870986259740744506e-01
1.469999999999999973e+00,1.287143099523099110e+01,-5.262873210828404869e-01,2.774114405049164844e+01,-2.107115970299927310e-01
1.479999999999999982e+00,1.288406336944031061e+01,-5.239615409608568974e-01,2.765950191944174463e+01,-2.357582671939730812e-01
1.489999999999999991e+00,1.289737800581914939e+01,-5.208780834471906651e-01,2.759358224617163557e+01,-2.595923284736749714e-01
1.500000000000000000e+00,1.291110230098463951e+01,-5.169955946813156178e-01,2.754158493839097233e+01,-2.801422662295884880e-01
1.510000000000000009e+00,1.292496503228427329e+01,-5.123602818073603737e-01,2.750138935948061558e+01,-2.959916943477954865e-01
1.520000000000000018e+00,1.293872396461577701e+01,-5.071010386727052843e-01,2.747077481784548070e+01,-3.063848920213154692e-01
1.530000000000000027e+00,1.295219051172031222e+01,-5.014161152347280659e-01,2.744761243711964127e+01,-3.111698949650812951e-01
1.540000000000000036e+00,1.296524894215813362e+01,-4.955526845077981024e-01,2.743001450696974430e+01,-3.106956573039382219e-01
1.550000000000000044e+00,1.297786817035585116e+01,-4.897813801972761838e-01,2.741643394124106337e+01,-3.056817466275205675e-01
1.560000000000000053e+00,1.299010492109349002e+01,-4.843683897677809602e-01,2.740571281803726933e+01,-2.970788386255944769e-01
1.570000000000000062e+00,1.300209792707968148e+01,-4.795479399984193258e-01,2.739708452741515643e+01,-2.859362163482358499e-01
1.580000000000000071e+00,1.301405372687050921e+01,-4.754979791985400883e-01,2.739013833049550328e+01,-2.732889878028449404e-01
1.590000000000000080e+00,1.302622548346636222e+01,-4.723215446498172376e-01,2.738475783932056018e+01,-2.600733518224803142e-01
1.600000000000000089e+00,1.303888695671682818e+01,-4.700357361686632318e-01,2.738104595225520299e+01,-2.470735434410756270e-01
1.610000000000000098e+00,1.305230426307446656e+01,-4.685694529042123690e-01,2.737924820536733961e+01,-2.348996319889693762e-01
1.620000000000000107e+00,1.306670829303772230e+01,-4.677701664098083412e-01,2.737968457106244813e+01,-2.239916057747891875e-01
1.630000000000000115e+00,1.308227060467348579e+01,-4.674190868820679023e-01,2.738269682298390251e+01,-2.146425126764627267e-01
1.640000000000000124e+00,1.309908527451896632e+01,-4.672532231927284951e-01,2.738861514046499934e+01,-2.070320414125922936e-01
1.650000000000000133e+00,1.311715859710495735e+01,-4.669921274638035857e-01,2.739774412024602412e+01,-2.012618662253475021e-01
1.660000000000000142e+00,1.313640773905381920e+01,-4.663666238876646997e-01,2.741036524193825485e+01,-1.973852240038153905e-01
1.669999999999999929e+00,1.315666855090390364e+01,-4.651466002838450242e-01,2.742675046406863615e+01,-1.954252988872488273e-01
1.679999999999999938e+00,1.317771180959972099e+01,-4.631650138518101367e-01,2.744718026288888169e+01,-1.953797075685300699e-01
1.689999999999999947e+00,1.319926630054655625e+01,-4.603356247263624135e-01,2.747195918310660190e+01,-1.972113069801602336e-01
1.699999999999999956e+00,1.322104643799863055e+01,-4.566625881925875929e-01,2.750142282108013703e+01,-2.008282772035600849e-01
1.709999999999999964e+00,1.324278163939279196e+01,-4.522408487445903624e-01,2.753593194471363859e+01,-2.060586004296283968e-01
1.719999999999999973e+00,1.326424446398751478e+01,-4.472472063714095225e-01,2.757585189690564675e+01,-2.126253787146970831e-01
1.729999999999999982e+00,1.328527462229472711e+01,-4.419228749687860724e-01,2.762151818151804505e+01,-2.201297400083442046e-01
1.739999999999999991e+00,1.330579635368332170e+01,-4.365492288492471840e-01,2.767319180988997118e+01,-2.280473355223118503e-01
1.750000000000000000e+00,1.332582731881156946e+01,-4.314191465652039703e-01,2.773101022199114141e+01,-2.357427274925129879e-01
1.760000000000000009e+00,1.334547799839683968e+01,-4.268068376908828454e-01,2.779494107573507833e+01,-2.425035210661655727e-01
1.770000000000000018e+00,1.336494154699413883e+01,-4.229392268651036013e-01,2.786474670021030065e+01,-2.475932183480597792e-01
1.780000000000000027e+00,1.338447502434818759e+01,-4.199718477292339047e-01,2.793996643233345267e+01,-2.503188354580038189e-01
1.790000000000000036e+00,1.340437381905105596e+01,-4.179717758879800127e-01,2.801992243228210455e+01,-2.501067085534800505e-01
1.800000000000000044e+00,1.342494179821740907e+01,-4.169094437381947738e-01,2.810375206137517523e+01,-2.465779759435942908e-01
1.810000000000000053e+00,1.344646018750642646e+01,-4.166602970685666651e-01,2.819046678024484365e+01,-2.396142427066609848e-01
1.820000000000000062e+00,1.346915835697311081e+01,-4.170162606117917004e-01,2.827903414213970734e+01,-2.294040877825316849e-01
1.830000000000000071e+00,1.349318953837750357e+01,-4.177059764172976752e-01,2.836847621732573899e+01,-2.164624088236493660e-01
1.840000000000000080e+00,1.351861403932417183e+01,-4.184218666838621092e-01,2.845797509071544340e+01,-2.016170270669093989e-01
1.850000000000000089e+00,1.354539179110552105e+01,-4.188513455020856924e-01,2.854697428098742407e+01,-1.859602716009188250e-01
1.860000000000000098e+00,1.357338514031731336e+01,-4.187090384529688625e-01,2.863526430298696113e+01,-1.707670973807106363e-01
1.870000000000000107e+00,1.360237176029032646e+01,-4.177667165274880356e-01,2.872304128306609527e+01,-1.573852544826958022e-01
1.880000000000000115e+00,1.363206652051903767e+01,-4.158778318242952743e-01,2.881092954491680302e+01,-1.471066728798995638e-01
1.890000000000000124e+00,1.366215021600238977e+01,-4.129940439520482509e-01,2.889996226967975090e+01,-1.410321257205346401e-01
1.900000000000000133e+00,1.369230232062304076e+01,-4.091719023270919964e-01,2.899151841913839434e+01,-1.399430134608154463e-01
1.910000000000000142e+00,1.372223446777422318e+01,-4.045688263139888829e-01,2.908721870177737756e+01,-1.441945032452138231e-01
1.919999999999999929e+00,1.375172122906787031e+01,-3.994286065010321241e-01,2.918878798963451970e+01,-1.536431311925734178e-01
1.929999999999999938e+00,1.378062497738404346e+01,-3.940577281450030611e-01,2.929789576123960515e+01,-1.676193548779159326e-01
1.939999999999999947e+00,1.380891216807182431e+01,-3.887947821987062791e-01,2.941598937683281179e+01,-1.849516154102898158e-01
1.949999999999999956e+00,1.383665920212688683e+01,-3.839759800993797212e-01,2.954413688418792105e+01,-2.040435679552663195e-01
1.959999999999999964e+00,1.386404706840273526e+01,-3.799002452103327765e-01,2.968289632327445204e+01,-2.230007218371062028e-01
1.969999999999999973e+00,1.389134509698882880e+01,-3.767974643705652715e-01,2.983222701609295768e+01,-2.397973309998733815e-01
1.979999999999999982e+00,1.391888527915191887e+01,-3.748032294608086845e-01,2.999145513929286366e+01,-2.524695547541024876e-01
1.989999999999999991e+00,1.394702960600465502e+01,-3.739427999082376997e-01,3.015930120494904543e+01,-2.593172008539121332e-01
2.000000000000000000e+00,1.397613364423025573e+01,-3.741261267549447211e-01,3.033397130668450004e+01,-2.590942170788002596e-01
2.010000000000000231e+00,1.400651001997070999e+01,-3.751546821239740703e-01,3.051330764472990964e+01,-2.511678286386688219e-01
2.020000000000000018e+00,1.403839556874095251e+01,-3.767396421717030264e-01,3.069498753217971299e+01,-2.356279695319120349e-01
2.030000000000000249e+00,1.407192561342933246e+01,-3.785297967536161989e-01,3.087675444390413659e+01,-2.133323739393344354e-01
2.040000000000000036e+00,1.410711817608743956e+01,-3.801465253033963210e-01,3.105666030613206274e+01,-1.858781266330448989e-01
2.049999999999999822e+00,1.414386997143023450e+01,-3.812223943179326446e-01,3.123329565234546834e+01,-1.554971823116242935e-01
2.060000000000000053e+00,1.418196486182796079e+01,-3.814394828230166512e-01,3.140598385511032120e+01,-1.248807648510639329e-01
2.069999999999999840e+00,1.422109418954905813e+01,-3.805634815501496848e-01,3.157491755737400041e+01,-9.694495977302455825e-02
2.080000000000000071e+00,1.426088716890142116e+01,-3.784699542642011028e-01,3.174121962570709243e+01,-7.455648885116934743e-02
2.089999999999999858e+00,1.430094844525390840e+01,-3.751598700366530204e-01,3.190691716181438764e+01,-6.024290637711189611e-02
2.100000000000000089e+00,1.434089912313733706e+01,-3.707625485429655865e-01,3.207482485644671755e+01,-5.591468236969893840e-02
2.109999999999999876e+00,1.438041712025631647e+01,-3.655254086061479057e-01,3.224834259513482948e+01,-6.262740032567175319e-02
2.120000000000000107e+00,1.441927267234859400e+01,-3.597912509585257657e-01,3.243118094952351527e+01,-8.041036885905859799e-02
2.129999999999999893e+00,1.445735520869180313e+01,-3.539651049358630841e-01,3.262703617876476159e+01,-1.081833447985847824e-01
2.140000000000000124e+00,1.449468860985706264e+01,-3.484737919389723215e-01,3.283924281128038558e+01,-1.437760624127136511e-01
2.149999999999999911e+00,1.453143297709150872e+01,-3.437221869636571947e-01,3.307043606613619602e+01,-1.840563750526667264e-01
2.160000000000000142e+00,1.456787238057562384e+01,-3.400506012948647516e-01,3.332225776420420971e+01,-2.251627651546187492e-01
2.169999999999999929e+00,1.460438948076749455e+01,-3.376977095995724043e-01,3.359513766168822002e+01,-2.628266413044447192e-01
2.180000000000000160e+00,1.464142928971523183e+01,-3.367729916980148341e-01,3.388817727361657717e+01,-2.927601706299216011e-01
2.189999999999999947e+00,1.467945551600014475e+01,-3.372417876303780426e-01,3.419915549366843521e+01,-3.110773397549729258e-01
2.200000000000000178e+00,1.471890379250873515e+01,-3.389248521761026867e-01,3.452466519293972169e+01,-3.147103542060356030e-01
2.209999999999999964e+00,1.476013652453168845e+01,-3.415128563937225303e-01,3.486037827707615122e+01,-3.017810553004104945e-01
2.220000000000000195e+00,1.480340406066017955e+01,-3.445947597982678690e-01,3.520142437370402178e+01,-2.718881891510138149e-01
2.229999999999999982e+00,1.484881637116258801e+01,-3.476975207634494525e-01,3.554285649998644914e+01,-2.262762389128548934e-01
2.240000000000000213e+00,1.489632845742409373e+01,-3.503333752090426190e-01,3.588016683637678739e+01,-1.678599350374684329e-01
2.250000000000000000e+00,1.494574139729364326e+01,-3.520500271400910930e-01,3.620980814550826210e+01,-1.010899662454677189e-01
2.260000000000000231e+00,1.499671937929428367e+01,-3.524786596689149509e-01,3.652967229209988886e+01,-3.165900219810934696e-02
2.270000000000000018e+00,1.504882144537796407e+01,-3.513747491973627790e-01,3.683947735147710745e+01,3.393816195103093597e-02
2.280000000000000249e+00,1.510154511165999125e+01,-3.486472557340239420e-01,3.714101922692250923e+01,8.896195385171905279e-02
2.290000000000000036e+00,1.515437773010283529e+01,-3.443728238072690795e-01,3.743825244801130481e+01,1.270613315091272399e-01
2.300000000000000266e+00,1.520685053210602611e+01,-3.387930667648715866e-01,3.773717743038938011e+01,1.429310566154365081e-01
2.310000000000000053e+00,1.525858986313343735e+01,-3.322946869217165977e-01,3.804552711593096603e+01,1.329342789209396192e-01
2.319999999999999840e+00,1.530936023490704123e+01,-3.253739408880073070e-01,3.837226344125034672e+01,9.562976994766149430e-02
2.330000000000000071e+00,1.535909449326231879e+01,-3.185886164910493035e-01,3.872691212765744240e+01,3.214630619310331061e-02
2.339999999999999858e+00,1.540790757421287438e+01,-3.125020727113462238e-01,3.911878133949377911e+01,-5.364485647009518965e-02
2.350000000000000089e+00,1.545609189406770589e+01,-3.076248570274318639e-01,3.955612429807472097e+01,-1.551950788854576935e-01
2.359999999999999876e+00,1.550409424370467448e+01,-3.043598437578682869e-01,4.004531655279844671e+01,-2.635990731564731293e-01
2.370000000000000107e+00,1.555247595421682938e+01,-3.029566713973671499e-01,4.059012411867245618e+01,-3.681687061908331948e-01
2.379999999999999893e+00,1.560185987987765799e+01,-3.034804940919000327e-01,4.119113825039165988e+01,-4.572350990177414531e-01
2.390000000000000124e+00,1.565286921930628772e+01,-3.057987604604632814e-01,4.184544582413365532e+01,-5.191321787566063328e-01
2.399999999999999911e+00,1.570606420624392463e+01,-3.095880068437250054e-01,4.254659121000658928e+01,-5.432947037984914296e-01
2.410000000000000142e+00,1.576188312875527053e+01,-3.143606635699689456e-01,4.328486671577047673e+01,-5.213873421764486649e-01
2.419999999999999929e+00,1.582059391650144065e+01,-3.195098158943741051e-01,4.404794522805207890e+01,-4.483702225657224538e-01
2.430000000000000160e+00,1.588226167011569068e+01,-3.243679433344384133e-01,4.482184206327226406e+01,-3.234017706007260018e-01
2.439999999999999947e+00,1.594673606045044423e+01,-3.282740826154431635e-01,4.559216509774396542e+01,-1.504824386975739114e-01
2.450000000000000178e+00,1.601366062562201975e+01,-3.306427932378102619e-01,4.634558502214876086e+01,6.124652860323630960e-02
2.459999999999999964e+00,1.608250381793149586e+01,-3.310278776758655006e-01,4.707143317987468834e+01,2.976171079570049116e-01
2.470000000000000195e+00,1.615260941276644502e+01,-3.291740868895224881e-01,4.776331493918296900e+01,5.400043541493133592e-01
2.479999999999999982e+00,1.622326181344391216e+01,-3.250510233849882580e-01,4.842061371572914652e+01,7.663650609772052480e-01
2.490000000000000213e+00,1.629376008732515757e+01,-3.188650642648612754e-01,4.904975602254968692e+01,9.527245497001232133e-01
2.500000000000000000e+00,1.636349343653377630e+01,-3.110472248333125966e-01,4.966511219335198035e+01,1.075055926643557758e+00
2.510000000000000231e+00,1.643201037777130580e+01,-3.022172739548093512e-01,5.028942102209040144e+01,1.111462233949670475e+00
2.520000000000000018e+00,1.649907425035060271e+01,-2.931268631485784981e-01,5.095364916309959824e+01,1.044541535319668535e+00
2.530000000000000249e+00,1.656469878418604935e+01,-2.845866951345102924e-01,5.169622676611041356e+01,8.637904918981298419e-01
2.540000000000000036e+00,1.662915925656778882e+01,-2.773845965862255514e-01,5.256163789205253067e+01,5.678854707349227926e-01
2.550000000000000266e+00,1.669297709201437385e+01,-2.722025704490451670e-01,5.359838565310148084e+01,1.666733297832646288e-01
2.560000000000000053e+00,1.675687839767267917e+01,-2.695413373457477002e-01,5.485639522319091554e+01,-3.172921904959464801e-01
2.569999999999999840e+00,1.682172962180764841e+01,-2.696604581361413122e-01,5.638396010235075551e+01,-8.478176644568231612e-01
2.580000000000000071e+00,1.688845600318985163e+01,-2.725408686577021622e-01,5.822437544603219806e+01,-1.374864317602868535e+00
2.589999999999999858e+00,1.695795048377866010e+01,-2.778746467788010266e-01,6.041243416010659217e+01,-1.835157680846232875e+00
2.600000000000000089e+00,1.703098206269842052e+01,-2.850842445133861536e-01,6.297098438496743711e+01,-2.153657376566583181e+00
2.609999999999999876e+00,1.710811301433169973e+01,-2.933704928342633633e-01,6.590775899104306745e+01,-2.245882821331323775e+00
2.620000000000000107e+00,1.718963389593458402e+01,-3.017857067505795299e-01,6.921268744220155611e+01,-2.021038734569477135e+00
2.629999999999999893e+00,1.727552384082428105e+01,-3.093254833279873717e-01,7.285588723660885080e+01,-1.385832680565935782e+00
2.640000000000000124e+00,1.736544137675884159e+01,-3.150305836937067339e-01,7.678650627889899738e+01,-2.488286570985726864e-01
2.649999999999999911e+00,1.745874811844023000e+01,-3.180888682267332124e-01,8.093254994873609576e+01,1.474860894817489276e+00
2.660000000000000142e+00,1.755456442325614574e+01,-3.179267905972962271e-01,8.520177905212077007e+01,3.858774509269145003e+00
2.669999999999999929e+00,1.765185278434926630e+01,-3.142805407529202788e-01,8.948370969770633110e+01,6.960442833677934260e+00
2.680000000000000160e+00,1.774952169819001568e+01,-3.072385473473027151e-01,9.365268640646743847e+01,1.081712871003454879e+01
2.689999999999999947e+00,1.784654030518833068e+01,-2.972495895778052288e-01,9.757193879746643006e+01,1.544221587261277762e+01
2.700000000000000178e+00,1.794205253586421023e+01,-2.850940122495647100e-01,1.010984735406522788e+02,2.082247377684061718e+01
2.709999999999999964e+00,1.803547900074173782e+01,-2.718191907828421683e-01,1.040886004509310681e+02,2.691639004942976854e+01
2.720000000000000195e+00,1.812659553987679928e+01,-2.586441047653871839e-01,1.064038478995440471e+02,3.365371375222641603e+01
2.729999999999999982e+00,1.821557918508780816e+01,-2.468412772508703501e-01,1.079169909805099508e+02,4.093629444876484769e+01
2.740000000000000213e+00,1.830301515482249997e+01,-2.376070640018386748e-01,1.085178983102168502e+02,4.864023697203499097e+01
2.750000000000000000e+00,1.838986215893278953e+01,-2.319330243246595924e-01,1.081189014061260423e+02,5.661932332027735271e+01
2.760000000000000231e+00,1.847737740845172993e+01,-2.304916485367562162e-01,1.066594048617729129e+02,6.470958505066501232e+01
2.770000000000000018e+00,1.856700691159262107e+01,-2.335489416943675456e-01,1.041094856591244735e+02,7.273484576687849312e+01
2.780000000000000249e+00,1.866025047334173337e+01,-2.409142806718586327e-01,1.004722746594291323e+02,8.051299752087946615e+01
2.790000000000000036e+00,1.875851389816187265e+01,-2.519347150726329865e-01,9.578497044318724818e+01,8.786273051232022624e+01
2.800000000000000266e+00,1.886296287452819342e+01,-2.655367383819814409e-01,9.011840231924809075e+01,9.461040513501396276e+01
2.810000000000000053e+00,1.897439363981187199e+01,-2.803138840433699319e-01,8.357513197429891250e+01,1.005967412033763395e+02
2.819999999999999840e+00,1.909313465044529323e+01,-2.946537431925718709e-01,7.628615795302154368e+01,1.056830022269355425e+02
2.830000000000000071e+00,1.921899112333626292e+01,-3.068936295697791694e-01,6.840635981588519599e+01,1.097563730588573350e+02
2.839999999999999858e+00,1.935124062651890497e+01,-3.154905918941923182e-01,6.010888532492833747e+01,1.127342663052615848e+02
2.850000000000000089e+00,1.948868317696237185e+01,-3.191891941617181483e-01,5.157874054329601421e+01,1.145673447645574043e+02
2.859999999999999876e+00,1.962974396675943822e+01,-3.171697469778109735e-01,4.300588598834502818e+01,1.152411112128821884e+02
2.870000000000000107e+00,1.977262138482428711e+01,-3.091606381833847950e-01,3.457816933870125098e+01,1.147759896676725475e+02
2.879999999999999893e+00,1.991546796801243957e+01,-2.955010786108880350e-01,2.647443491497120505e+01,1.132258998960059273e+02
2.890000000000000124e+00,2.005658782969852183e+01,-2.771447801006108325e-01,1.885814146382149303e+01,1.106754051006926431e+02
2.899999999999999911e+00,2.019463143757471713e+01,-2.556004879751729297e-01,1.187179294893545567e+01,1.072355870334953352e+02
2.910000000000000142e+00,2.032876769499441139e+01,-2.328114313952508729e-01,5.632443405422486116e+00,1.030388690267675429e+02
2.919999999999999929e+00,2.045881431728502520e+01,-2.109820652946338970e-01,2.284787461138455544e-01,9.823306178212590112e+01
2.930000000000000160e+00,2.058531050056982892e+01,-1.923663402301355185e-01,-4.282191115228859424e+00,9.297494602013748022e+01
2.939999999999999947e+00,2.070952067734971891e+01,-1.790365426258231918e-01,-7.872473474528936421e+00,8.742372791967454759e+01
2.950000000000000178e+00,2.083336437548496889e+01,-1.726549563251798258e-01,-1.054499119507291027e+01,8.173470628039329711e+01
2.959999999999999964e+00,2.095927431861193568e+01,-1.742717900743408765e-01,-1.232964075230573719e+01,7.605347422386498124e+01
2.970000000000000195e+00,2.108999227975078483e+01,-1.841717494776325403e-01,-1.327998524294515903e+01,7.051094381666699462e+01
2.979999999999999982e+00,2.122831911483626754e+01,-2.017882668507060551e-01,-1.346872012575946087e+01,6.521943114257032903e+01
2.990000000000000213e+00,2.137684114866225471e+01,-2.256989208644822054e-01,-1.298249800022918699e+01,6.026997494859234195e+01
3.000000000000000000e+00,2.153765902100992236e+01,-2.537083800922782517e-01,-1.191643039402729798e+01,5.573098775179411746e+01
3.010000000000000231e+00,2.171214671947345565e+01,-2.830168829060213387e-01,-1.036859736583728697e+01,5.164825855618607875e+01
3.020000000000000018e+00,2.190076751377250730e+01,-3.104635600049061028e-01,-8.434888881647239600e+00,4.804624580420463786e+01
3.030000000000000249e+00,2.210296978432033654e+01,-3.328256398128022209e-01,-6.204475704463689567e+00,4.493052268669191562e+01
3.040000000000000036e+00,2.231717948204417823e+01,-3.471475873280182589e-01,-3.756163432200173347e+00,4.229116908228409955e+01
3.050000000000000266e+00,2.254089759915439117e+01,-3.510692826495500629e-01,-1.155823906655168543e+00,4.010684934332387996e+01
3.060000000000000053e+00,2.277090123478176054e+01,-3.431200704175517702e-01,1.544972963431071378e+00,3.834927631166986117e+01
3.070000000000000284e+00,2.300353645094872590e+01,-3.229463165506409328e-01,4.309082574229911700e+00,3.698774180361440500e+01
3.080000000000000071e+00,2.323508109358552787e+01,-2.914441387094928726e-01,7.112701124184440005e+00,3.599339370068781818e+01
3.089999999999999858e+00,2.346214709214060434e+01,-2.507760796272945902e-01,9.943189137383006582e+00,3.534295985635188231e+01
3.100000000000000089e+00,2.368208538203163371e+01,-2.042602133230991823e-01,1.279599059788702320e+01,3.502165816596814807e+01
3.109999999999999876e+00,2.389335329811589403e+01,-1.561317790020710639e-01,1.567089513994989503e+01,3.502508804144002852e+01
3.120000000000000107e+00,2.409580461200304313e+01,-1.111899619508220638e-01,1.856793491879685476e+01,3.535996780414880902e+01
3.129999999999999893e+00,2.429086657832377938e+01,-7.435476497791169981e-02,2.148323336470337352e+01,3.604366090530158573e+01
3.140000000000000124e+00,2.448157631815966440e+01,-5.016985531797319570e-02,2.440512820970751662e+01,3.710251652339034223e+01
3.149999999999999911e+00,2.467246014659349740e+01,-4.229568997211868853e-02,2.731087544266340927e+01,3.856913176979771407e+01
3.160000000000000142e+00,2.486925324956225936e+01,-5.304212654244534753e-02,3.016420497895944663e+01,4.047871824842301436e+01
3.169999999999999929e+00,2.507847234492388466e+01,-8.299037677238302324e-02,3.291394489326224004e+01,4.286482018245554571e+01
3.180000000000000160e+00,2.530686932298933911e+01,-1.307501516385489448e-01,3.549386229458303177e+01,4.575468050023203403e+01
3.189999999999999947e+00,2.556080794193195871e+01,-1.928891706904616588e-01,3.782378954121659831e+01,4.916458184026237888e+01
3.200000000000000178e+00,2.584561705229766559e+01,-2.640592788262112744e-01,3.981201944305892937e+01,5.309549921365969283e+01
3.209999999999999964e+00,2.616498127707139787e+01,-3.373270613566074494e-01,4.135886774491157070e+01,5.752938916816381010e+01
3.220000000000000195e+00,2.652043257250567621e+01,-4.046982746757786242e-01,4.236122097376117779e+01,6.242640721994992248e+01
3.229999999999999982e+00,2.691100299901876625e+01,-4.578061071848656960e-01,4.271781784764456091e+01,6.772329290188363871e+01
3.240000000000000213e+00,2.733309014765858436e+01,-4.887149244419528027e-01,4.233495746494973133e+01,7.333309311847315826e+01
3.250000000000000000e+00,2.778057229878231738e+01,-4.907754499098143652e-01,4.113229110055397797e+01,7.914631376659269790e+01
3.260000000000000231e+00,2.824519134292113165e+01,-4.594559025707704580e-01,3.904833916082072420e+01,8.503350175830159685e+01
3.270000000000000018e+00,2.871719904583554595e+01,-3.930678207545709180e-01,3.604538190243287232e+01,9.084917014958882930e+01
3.280000000000000249e+00,2.918623805888777412e+01,-2.933061297442929871e-01,3.211340169681704282e+01,9.643689367078097519e+01
3.290000000000000036e+00,2.964240510624783553e+01,-1.655309467241502241e-01,2.727280430722902693e+01,1.016353259950116978e+02
3.300000000000000266e+00,3.007742209545482126e+01,-1.873357831572141849e-02,2.157571390559531110e+01,1.062848284338043356e+02
3.310000000000000053e+00,3.048582353322586158e+01,1.348495303568019998e-01,1.510571731902165737e+01,1.102343563974791749e+02
3.320000000000000284e+00,3.086605740855279834e+01,2.804847588068508091e-01,7.976022307651920329e+00,1.133482277453511529e+02
3.330000000000000071e+00,3.122139307641281647e+01,4.020313855308476070e-01,3.260870165484348604e-01,1.155123975880827771e+02
3.339999999999999858e+00,3.156053456096982046e+01,4.833232104612932845e-01,-7.683132616677188054e+00,1.166398872700517302e+02
3.350000000000000089e+00,3.189785138626253058e+01,5.097617425641427502e-01,-1.587508935171794988e+01,1.166750597882966787e+02
3.359999999999999876e+00,3.225316112572551930e+01,4.700153972240286304e-01,-2.406440884755743426e+01,1.155964970750939216e+02
3.370000000000000107e+00,3.265102722006248115e+01,3.576997940324664893e-01,-3.206416488424526534e+01,1.134183124810779617e+02
3.379999999999999893e+00,3.311957046230099166e+01,1.729031459555128158e-01,-3.969328902295553263e+01,1.101898196156240459e+02
3.390000000000000124e+00,3.368883054352973261e+01,-7.658059797470946617e-02,-4.678373062121836057e+01,1.059935709896201530e+02
3.399999999999999911e+00,3.438875243813168936e+01,-3.744389086816499179e-01,-5.318699834891221201e+01,1.009418709646933507e+02
3.410000000000000142e+00,3.524690821396404061e+01,-6.955562207322706358e-01,-5.877975121043124318e+01,9.517195175882176272e+01
3.419999999999999929e+00,3.628609511883863803e+01,-1.006336080157542279e+00,-6.346816310837640174e+01,8.884007358416330646e+01
3.430000000000000160e+00,3.752197279811970532e+01,-1.265669919368361818e+00,-6.719085653232485811e+01,8.211486609710561879e+01
3.439999999999999947e+00,3.896091398406533557e+01,-1.426548298289227246e+00,-6.992028342843430266e+01,7.517026499928196870e+01
3.450000000000000178e+00,4.059824237811642433e+01,-1.438263210453992746e+00,-7.166251947515948473e+01,6.817841289450313980e+01
3.459999999999999964e+00,4.241701796170369931e+01,-1.249103099414038187e+00,-7.245552634690515958e+01,6.130288682143771695e+01
3.470000000000000195e+00,4.438750378753705661e+01,-8.093990830404748094e-01,-7.236601966162486121e+01,5.469258709224884285e+01
3.479999999999999982e+00,4.646741055482966942e+01,-7.474497561824711145e-02,-7.148515318612227532e+01,4.847657534886837993e+01
3.490000000000000213e+00,4.860296801962238789e+01,9.908118845448006251e-01,-6.992328827600739771e+01,4.276008743996702322e+01
3.500000000000000000e+00,5.073081841493905841e+01,2.411824764695442269e+00,-6.780415823854056612e+01,3.762187308403851915e+01
3.510000000000000231e+00,5.278067007647673137e+01,4.198960674263740422e+00,-6.525875832109849739e+01,3.311293420090280648e+01
3.520000000000000018e+00,5.467859331852156402e+01,6.347169668574106360e+00,-6.241929265959741713e+01,2.925665243504572288e+01
3.530000000000000249e+00,5.635078934811230766e+01,8.834675793000881683e+00,-5.941349041722320834e+01,2.605021886575890022e+01
3.540000000000000036e+00,5.772762055051538965e+01,1.162291013075938828e+01,-5.635956640881687463e+01,2.346720990588662659e+01
3.550000000000000266e+00,5.874766028012856367e+01,1.465745058886619212e+01,-5.336204974138361479e+01,2.146109693294728160e+01
3.560000000000000053e+00,5.936150507738923210e+01,1.786996980546800984e+01,-5.050864127254543945e+01,1.996943632064451890e+01
3.570000000000000284e+00,5.953509378093050231e+01,2.118112596261762093e+01,-4.786819144152394756e+01,1.891846316285468532e+01
3.580000000000000071e+00,5.925229697358120973e+01,2.450426582603278192e+01,-4.548981896768071920e+01,1.822780680021515209e+01
3.589999999999999858e+00,5.851657604205761487e+01,2.774974959263024488e+01,-4.340312267932767298e+01,1.781505873512252336e+01
3.600000000000000089e+00,5.735156208371973463e+01,3.082965746753914971e+01,-4.161937758966102763e+01,1.759995196640958071e+01
3.609999999999999876e+00,5.580046807375966011e+01,3.366260212949032393e+01,-4.013355587823145498e+01,1.750795250757350274e+01
3.620000000000000107e+00,5.392431926968191647e+01,3.617835235636385960e+01,-3.892697638491380019e+01,1.747311541650349653e+01
3.629999999999999893e+00,5.179906221988009207e+01,3.832197297784200174e+01,-3.797036426305828627e+01,1.744011510045450564e+01
3.640000000000000124e+00,4.951168698964588799e+01,4.005720566639021740e+01,-3.722709614260103450e+01,1.736541879943796118e+01
3.649999999999999911e+00,4.715556527706733192e+01,4.136885321628368928e+01,-3.665641499053543839e+01,1.721762891813400032e+01
3.660000000000000142e+00,4.482526419710438859e+01,4.226398492711724231e+01,-3.621642127305115366e+01,1.697707056987987784e+01
3.669999999999999929e+00,4.261113751758493606e+01,4.277184933049144888e+01,-3.586668060307057715e+01,1.663474223627138926e+01
3.680000000000000160e+00,4.059401981140624116e+01,4.294245858969406271e+01,-3.557032972709084362e+01,1.619077756530157330e+01
3.689999999999999947e+00,3.884035228775437076e+01,4.284389152983699489e+01,-3.529560899140584951e+01,1.565258370096710649e+01
3.700000000000000178e+00,3.739805125850347878e+01,4.255844406841546146e+01,-3.501679672269607124e+01,1.503282581950800711e+01
3.709999999999999964e+00,3.629339197065969103e+01,4.217783140409449061e+01,-3.471456579147546506e+01,1.434741937112052490e+01
3.720000000000000195e+00,3.552912396557285746e+01,4.179771058874818124e+01,-3.437582191436619183e+01,1.361367239452519051e+01
3.729999999999999982e+00,3.508396255186077184e+01,4.151184062684629339e+01,-3.399311450316984917e+01,1.284869240824961700e+01
3.740000000000000213e+00,3.491351880001913344e+01,4.140622657089660663e+01,-3.356373234725532484e+01,1.206813852758107508e+01
3.750000000000000000e+00,3.495264285187351305e+01,4.155360199480302441e+01,-3.308860722758586093e+01,1.128536263562359565e+01
3.760000000000000231e+00,3.511906788461294582e+01,4.200858990605243548e+01,-3.257114868231955285e+01,1.051094671725611640e+01
3.770000000000000018e+00,3.531816042657973043e+01,4.280384624410690009e+01,-3.201612337950359688e+01,9.752609716182641719e+00
3.780000000000000249e+00,3.544851220975711925e+01,4.394743468078754489e+01,-3.142867442966688429e+01,9.015428959551950783e+00
3.790000000000000036e+00,3.540805398987930630e+01,4.542160986599466810e+01,-3.081355158581879294e+01,8.302300193988621402e+00
3.800000000000000266e+00,3.510033638999331629e+01,4.718310300792303025e+01,-3.017459510098218445e+01,7.614547774787673085e+00
3.810000000000000053e+00,3.444060919342835803e+01,4.916491398604247820e+01,-2.951448667478036114e+01,6.952592971939397515e+00
3.820000000000000284e+00,3.336133957794747573e+01,5.127952374814027792e+01,-2.883475299373289147e+01,6.316593372845908050e+00
3.830000000000000071e+00,3.181684101467454795e+01,5.342335527545768770e+01,-2.813598316530306320e+01,5.706978949870203266e+00
3.839999999999999858e+00,2.978673598046938764e+01,5.548223631984875936e+01,-2.741820273588625412e+01,5.124828921830841821e+00
3.850000000000000089e+00,2.727804397065790809e+01,5.733755714295768513e+01,-2.668133526899815067e+01,4.572056052765674394e+00
3.859999999999999876e+00,2.432576718733709953e+01,5.887277533877180247e+01,-2.592567828954133091e+01,4.051389244072087337e+00
3.870000000000000107e+00,2.099193456769129540e+01,5.997989997535933071e+01,-2.515232374118225422e+01,3.566168894607165019e+00
3.879999999999999893e+00,1.736315491997433114e+01,6.056558983044894973e+01,-2.436346327511530774e+01,3.119990389308064493e+00
3.890000000000000124e+00,1.354681620231599837e+01,6.055652504494761246e+01,-2.356253444114331330e+01,2.716247420284399361e+00
3.899999999999999911e+00,9.666145074241025981e+00,5.990375629041236039e+01,-2.275418349618061953e+01,2.357637303763891801e+00
3.910000000000000142e+00,5.854404097968312293e+00,5.858579747499932466e+01,-2.194404210808339073e+01,2.045694256444994252e+00
3.919999999999999929e+00,2.248549653761361622e+00,5.661030297530716382e+01,-2.113833663486567715e+01,1.780413574088691719e+00
3.930000000000000160e+00,-1.017300759113512587e+00,5.401425349013366883e+01,-2.034336789540380863e+01,1.560020260915808699e+00
3.939999999999999947e+00,-3.818238818709176918e+00,5.086266054853458485e+01,-1.956491465495995996e+01,1.380920891862012834e+00
3.950000000000000178e+00,-6.044436964967005110e+00,4.724588308166126183e+01,-1.880762405150418104e+01,1.237858806607042839e+00
3.959999999999999964e+00,-7.606221170176553414e+00,4.327572518753775199e+01,-1.807445600651957207e+01,1.124271909688706828e+00
3.970000000000000195e+00,-8.438097730480929926e+00,3.908054780173003451e+01,-1.736624597629939259e+01,1.032831321403165914e+00
3.979999999999999982e+00,-8.501552814440429984e+00,3.479967485728930399e+01,-1.668144146282353191e+01,9.561198193473030571e-01
3.990000000000000213e+00,-7.786517877914027608e+00,3.057740421121315677e+01,-1.601605331812879740e+01,8.873931895058584374e-01
4.000000000000000000e+00,-6.311472003986042800e+00,2.655694391514397878e+01,-1.536384431228566427e+01,8.213567106928147954e-01
4.009999999999999787e+00,-4.122228788353292650e+00,2.287458538824340337e+01,-1.471675631721002908e+01,7.548840342013313220e-01
4.020000000000000462e+00,-1.289525865070229926e+00,1.965439802775759759e+01,-1.406555562502548540e+01,6.876071847365812229e-01
4.030000000000000249e+00,2.094404575575307792e+00,1.700368720046327908e+01,-1.340065526647453353e+01,6.223142420586464940e-01
4.040000000000000036e+00,5.920059191385432129e+00,1.500940274251029116e+01,-1.271305551664635836e+01,5.651048680797384760e-01
4.049999999999999822e+00,1.006542480740736778e+01,1.373562205890987364e+01,-1.199533061732836359e+01,5.252721382437852693e-01
4.060000000000000497e+00,1.440100769128852853e+01,1.322216502223801982e+01,-1.124258227772199881e+01,5.149006427224641635e-01
4.070000000000000284e+00,1.879486383973570440e+01,1.348433154222773922e+01,-1.045327943945911819e+01,5.481937970723621545e-01
4.080000000000000071e+00,2.311738218835505521e+01,1.451369108625104332e+01,-9.629909286024055604e+00,6.405658733996903997e-01
4.089999999999999858e+00,2.724560524606645373e+01,1.627980022857081011e+01,-8.779376184361055380e+00,8.075545893143779574e-01
4.099999999999999645e+00,3.106691506003839365e+01,1.873268240231427484e+01,-7.913102308131540141e+00,1.063626506813197370e+00
4.110000000000000320e+00,3.448196315460221228e+01,2.180587542165787340e+01,-7.046804816876132804e+00,1.420958639534508849e+00
4.120000000000000107e+00,3.740677737378263146e+01,2.541983802834128525e+01,-6.199948036092946424e+00,1.888284603124356753e+00
4.129999999999999893e+00,3.977403258229246319e+01,2.948550666838116996e+01,-5.394893286641394781e+00,2.469891916502007678e+00
4.139999999999999680e+00,4.153352237472274311e+01,3.390780692314363165e+01,-4.655791982449007271e+00,3.164848739665872213e+00
4.150000000000000355e+00,4.265191221477898864e+01,3.858894865377560279e+01,-4.007287582240940615e+00,3.966523997361923737e+00
4.160000000000000142e+00,4.311188835231452288e+01,4.343136744196013410e+01,-3.473107404999410619e+00,4.862445532946444438e+00
4.169999999999999929e+00,4.291083982691117882e+01,4.834021433273973400e+01,-3.074635011041392474e+00,5.834518088936782476e+00
4.179999999999999716e+00,4.205922212035395091e+01,5.322533799051775816e+01,-2.829557061168151755e+00,6.859598213365051933e+00
4.190000000000000391e+00,4.057875070570895559e+01,5.800274496772143351e+01,-2.750675038831840613e+00,7.910398472822435245e+00
4.200000000000000178e+00,3.850056181992240312e+01,6.259556190304143541e+01,-2.844962207082598393e+00,8.956670437073130486e+00
4.209999999999999964e+00,3.586345792963620482e+01,6.693455560481044131e+01,-3.112930410549604510e+00,9.966596465084530010e+00
4.219999999999999751e+00,3.271232878234958719e+01,7.095829123108792658e+01,-3.548350984477879777e+00,1.090830577688453751e+01
4.230000000000000426e+00,2.909680820638439513e+01,7.461302395754566419e+01,-4.138350591509776244e+00,1.175142167487987521e+01
4.240000000000000213e+00,2.507019465627782040e+01,7.785242519182010312e+01,-4.863877981925869953e+00,1.246854467006656009e+01
4.250000000000000000e+00,2.068863254202925006e+01,8.063724086200680574e+01,-5.700513258943936457e+00,1.303658077526353942e+01
4.259999999999999787e+00,1.601052401759429245e+01,8.293496757445339540e+01,-6.619568971751379927e+00,1.343783496454311965e+01
4.270000000000000462e+00,1.109611909684605813e+01,8.471961407061523630e+01,-7.589413820176618586e+00,1.366080592958401496e+01
4.280000000000000249e+00,6.007217123664594816e+00,8.597159240490077536e+01,-8.576936208288017838e+00,1.370063857141630237e+01
4.290000000000000036e+00,8.069055276775617402e-01,8.667775785380885623e+01,-9.549057219175173472e+00,1.355921364556024500e+01
4.299999999999999822e+00,-4.440737426408822408e+00,8.683159105421370327e+01,-1.047420124719722168e+01,1.324487795540814794e+01
4.310000000000000497e+00,-9.671041046709273559e+00,8.643349244289366595e+01,-1.132363749735765701e+01,1.277184174488037449e+01
4.320000000000000284e+00,-1.481929249191387399e+01,8.549113963999963062e+01,-1.207261636725697507e+01,1.215929084280935690e+01
4.330000000000000071e+00,-1.982147041616401850e+01,8.401984448444147802e+01,-1.270124047506121379e+01,1.143027822657039394e+01
4.339999999999999858e+00,-2.461517131840121309e+01,8.204283897995269115e+01,-1.319502955716314929e+01,1.061047187327598884e+01
4.350000000000000533e+00,-2.914071481901551408e+01,7.959141887720203101e+01,-1.354516015940384577e+01,9.726842305673400801e+00
4.360000000000000320e+00,-3.334239200379010981e+01,7.670487986151199777e+01,-1.374838338432704177e+01,8.806373796018220901e+00
4.370000000000000107e+00,-3.716980175386468943e+01,7.343019366628843159e+01,-1.380664532344902362e+01,7.874877885060311833e+00
4.379999999999999893e+00,-4.057920515998398514e+01,6.982138875930732524e+01,-1.372645369670071780e+01,6.955977247691834897e+00
4.389999999999999680e+00,-4.353481884220288833e+01,6.593862106995750594e+01,-1.351804935652404005e+01,6.070312907528677471e+00
4.400000000000000355e+00,-4.600996493721066116e+01,6.184694283296754236e+01,-1.319445171285785001e+01,5.235009582591324317e+00
4.410000000000000142e+00,-4.798799884882833311e+01,5.761480022488692043e+01,-1.277045218890772738e+01,4.463413947360432843e+00
4.419999999999999929e+00,-4.946294526357159071e+01,5.331231132435809172e+01,-1.226162932352248980e+01,3.765100329583885408e+00
4.429999999999999716e+00,-5.043978764304142004e+01,4.900939347961343628e+01,-1.168345330241587554e+01,3.146119310105365496e+00
4.440000000000000391e+00,-5.093437527438386070e+01,4.477382215296692891e+01,-1.105053712112766995e+01,2.609448219014190773e+00
4.450000000000000178e+00,-5.097293357116399903e+01,4.066931084397615592e+01,-1.037607718379243060e+01,2.155589755012411679e+00
4.459999999999999964e+00,-5.059118609392874077e+01,3.675370330823604093e+01,-9.671509106153594715e+00,1.783256727966422206e+00
4.469999999999999751e+00,-4.983311909164143572e+01,3.307736496823179806e+01,-8.946386164881941383e+00,1.490077712031486312e+00
4.480000000000000426e+00,-4.874943972583280782e+01,2.968185056272183076e+01,-8.208469624770243556e+00,1.273260291145267065e+00
4.490000000000000213e+00,-4.739579619474339722e+01,2.659891048619226694e+01,-7.464003443384918057e+00,1.130155292981901649e+00
4.500000000000000000e+00,-4.583084067144963569e+01,2.384988001852223505e+01,-6.718131818848776859e+00,1.058676304896749132e+00
4.509999999999999787e+00,-4.411422359800604198e+01,2.144547503751645223e+01,-5.975407701134150429e+00,1.057542914576652393e+00
4.520000000000000462e+00,-4.230461010513347730e+01,1.938599625217702282e+01,-5.240334424686142079e+00,1.126332368093059255e+00
4.530000000000000249e+00,-4.045780620499611047e+01,1.766192290378470986e+01,-4.517881393974038318e+00,1.265341407681000119e+00
4.540000000000000036e+00,-3.862507434363656245e+01,1.625485756851280073e+01,-3.813918258464744859e+00,1.475276626173651406e+00
4.549999999999999822e+00,-3.685170562101041014e+01,1.513876728743385947e+01,-3.135519893655493107e+00,1.756806503318596002e+00
4.560000000000000497e+00,-3.517590045384834951e+01,1.428145362110886119e+01,-2.491106087094798749e+00,2.110020273320926787e+00
4.570000000000000284e+00,-3.362799179347305056e+01,1.364617594977781678e+01,-1.890394178083431687e+00,2.533847045344782778e+00
4.580000000000000071e+00,-3.223002641209463093e+01,1.319334866807273343e+01,-1.344158893956352685e+00,3.025492580641879314e+00
4.589999999999999858e+00,-3.099570141490299946e+01,1.288223378883109227e+01,-8.638100383933799975e-01,3.579950567984016896e+00
4.600000000000000533e+00,-2.993063610123350671e+01,1.267255551657348711e+01,-4.608142796402494579e-01,4.189640217123445254e+00
4.610000000000000320e+00,-2.903294449968114321e+01,1.252597197539572349e+01,-1.460008977481537240e-01,4.844212917246544237e+00
4.620000000000000107e+00,-2.829406203558627197e+01,1.240735069267878643e+01,7.119802153689303026e-02,5.530558282886914867e+00
4.629999999999999893e+00,-2.769977130302185842e+01,1.228580774979949020e+01,1.835155855792495183e-01,6.233025067291718457e+00
4.639999999999999680e+00,-2.723136699745604616e+01,1.213548477394278713e+01,1.865663008673282830e-01,6.933856260511810810e+00
4.650000000000000355e+00,-2.686689866206952360e+01,1.193605225042961315e+01,7.945230623136301240e-02,7.613821387241142880e+00
4.660000000000000142e+00,-2.658243173300568785e+01,1.167294116281309435e+01,-1.347924472655108730e-01,8.253013756318861027e+00
4.669999999999999929e+00,-2.635327198206207910e+01,1.133731703845099581e+01,-4.489621968991122092e-01,8.831767283120210976e+00
4.679999999999999716e+00,-2.615510526961736915e+01,1.092582058397699818e+01,-8.516725771939610556e-01,9.331637440206105083e+00
4.690000000000000391e+00,-2.596501288743586144e+01,1.044010692193968026e+01,-1.327600742207263096e+00,9.736384599324452438e+00
4.700000000000000178e+00,-2.576233202953784485e+01,9.886220860743572203e+00,-1.857969628699332354e+00,1.003289594832889087e+01
4.709999999999999964e+00,-2.552934045746895109e+01,9.273848693205135163e+00,-2.421257094591553027e+00,1.021198444319559862e+01
4.719999999999999751e+00,-2.525175368284948973e+01,8.615487918945277102e+00,-2.994095287980065301e+00,1.026900973041110632e+01
4.730000000000000426e+00,-2.491903154497877182e+01,7.925575325612319588e+00,-3.552312379472391868e+00,1.020427620552333003e+01
4.740000000000000213e+00,-2.452449861237750284e+01,7.219611413133481648e+00,-4.072058610637217413e+00,1.002317666602685264e+01
4.750000000000000000e+00,-2.406528921325084980e+01,6.513315596899084348e+00,-4.530952145432470601e+00,9.736065478238154824e+00
4.759999999999999787e+00,-2.354213305088020647e+01,5.821842357126360668e+00,-4.909177874995489965e+00,9.357861780237803018e+00
4.770000000000000462e+00,-2.295900133653270103e+01,5.159083841311985275e+00,-5.190474254954686728e+00,8.907399894303985377e+00
4.780000000000000249e+00,-2.232263629785171233e+01,4.537079631985681871e+00,-5.362949300657715135e+00,8.406559740992204155e+00
4.790000000000000036e+00,-2.164198895841183656e+01,3.965549636961851032e+00,-5.419676613247305319e+00,7.879223633911795588e+00
4.799999999999999822e+00,-2.092759140545931373e+01,3.451561434345458146e+00,-5.359035106669902682e+00,7.350116537104505632e+00
4.810000000000000497e+00,-2.019089051731866746e+01,2.999338926561901264e+00,-5.184771113165544953e+00,6.843594033755171502e+00
4.820000000000000284e+00,-1.944357041417362453e+01,2.610214789047849315e+00,-4.905777794780795453e+00,6.382445472563571975e+00
4.830000000000000071e+00,-1.869689077120098020e+01,2.282724872937728744e+00,-4.535603250944135745e+00,5.986778873721664951e+00
4.839999999999999858e+00,-1.796106757276306709e+01,2.012838368650078813e+00,-4.091714363434885371e+00,5.673049301559403901e+00
4.850000000000000533e+00,-1.724472181385795011e+01,1.794313116220500381e+00,-3.594557309011983115e+00,5.453283907493878147e+00
4.860000000000000320e+00,-1.655441995073943673e+01,1.619160965528539942e+00,-3.066466977540860839e+00,5.334545297456194213e+00
4.870000000000000107e+00,-1.589432742693090361e+01,1.478203618374791750e+00,-2.530485621866997992e+00,5.318661041997194694e+00
4.879999999999999893e+00,-1.526599322197652597e+01,1.361695071772694554e+00,-2.009155514053201586e+00,5.402231907534287281e+00
4.889999999999999680e+00,-1.466827899380232481e+01,1.259982846368508325e+00,-1.523351007235100418e+00,5.576915689497422335e+00
4.900000000000000355e+00,-1.409744098255725220e+01,1.164176902753138343e+00,-1.091212260910555454e+00,5.829968319082883710e+00
4.910000000000000142e+00,-1.354736647379169590e+01,1.066792835012047025e+00,-7.272362671603742612e-01,6.145010082231009640e+00
4.919999999999999929e+00,-1.300995944491172196e+01,9.623349049686137358e-01,-4.415712065154193677e-01,6.502973106232252221e+00
4.929999999999999716e+00,-1.247566231273653869e+01,8.477850336494210381e-01,-2.395482200493872504e-01,6.883177351950688028e+00
4.940000000000000391e+00,-1.193409283552930233e+01,7.229662254277406941e-01,-1.214711808188526643e-01,7.264476623385990095e+00
4.950000000000000178e+00,-1.137476765799884504e+01,5.907531934441603294e-01,-8.267081863128789010e-02,7.626413787125241761e+00
4.959999999999999964e+00,-1.078787723565835499e+01,4.571091839023876391e-01,-1.138154413423397848e-01,7.950325484334189952e+00
4.969999999999999751e+00,-1.016507146642814696e+01,3.309360174625981532e-01,-2.014573027152324336e-01,8.220340915398924864e+00
4.980000000000000426e+00,-9.500211797619948939e+00,2.237338805342065362e-01,-3.287820979994711124e-01,8.424226398696449181e+00
4.990000000000000213e+00,-8.790044299234111236e+00,1.490779622999141019e-01,-4.765196985434074772e-01,8.554036818461332459e+00
5.000000000000000000e+00,-8.034749518456521855e+00,1.219300707101556303e-01,-6.239674800311281189e-01,8.606546143383692282e+00
5.009999999999999787e+00,-7.238329020846137496e+00,1.578142020291622982e-01,-7.500736920927075779e-01,8.583441217233556131e+00
5.020000000000000462e+00,-6.408795364886994861e+00,2.718949601810646821e-01,-8.345273154322769837e-01,8.491275281345139092e+00
5.030000000000000249e+00,-5.558141635104675515e+00,4.780059986150749785e-01,-8.588026382380646861e-01,8.341189503549086837e+00
5.040000000000000036e+00,-4.702078163560434731e+00,7.876816166947560038e-01,-8.071110840950892484e-01,8.148421548379850776e+00
5.049999999999999822e+00,-3.859537106095809911e+00,1.209247721556498734e+00,-6.672192400817054114e-01,7.931629423341249208e+00
5.060000000000000497e+00,-3.051959361849255536e+00,1.747028161180402606e+00,-4.311000753527094442e-01,7.712066098666703340e+00
5.070000000000000284e+00,-2.302392078427374145e+00,2.400718742037343478e+00,-9.539346251782387931e-02,7.512645488519043901e+00
5.080000000000000071e+00,-1.634437765173896828e+00,3.164974091245363663e+00,3.383382433701297431e-01,7.356943210103205288e+00
5.089999999999999858e+00,-1.071106949255391960e+00,4.029242176409748133e+00,8.635641886547579249e-01,7.268176151631435822e+00
5.100000000000000533e+00,-6.336345371733309584e-01,4.977868260268785150e+00,1.468944065664472776e+00,7.268203450044217639e+00
5.110000000000000320e+00,-3.403249121253595355e-01,5.990475058720912571e+00,2.138679500779277376e+00,7.376588272948715108e+00
5.120000000000000107e+00,-2.054918266228689117e-01,7.042609778684257194e+00,2.853038068963366758e+00,7.609755155106099345e+00
5.129999999999999893e+00,-2.385561021759774469e-01,8.106632541966192207e+00,3.589024635615554182e+00,7.980271937119614911e+00
5.139999999999999680e+00,-4.433570549132830330e-01,9.152805508220222208e+00,4.321170657958397499e+00,8.496278982264890089e+00
5.150000000000000355e+00,-8.177227372558357743e-01,1.015052882607426454e+01,5.022409520257608229e+00,9.161081679022819557e+00
5.160000000000000142e+00,-1.353330098162911277e+00,1.106965930078041005e+01,5.665004842678677655e+00,9.972915603919556560e+00
5.169999999999999929e+00,-2.035869831435405786e+00,1.188184113561476529e+01,6.221498839982093187e+00,1.092488739642733364e+01
5.179999999999999716e+00,-2.845513003614755121e+00,1.256177582102080059e+01,6.665649017611904981e+00,1.200508859180545151e+01
5.190000000000000391e+00,-3.757658653075324651e+00,1.308836047483691978e+01,6.973323562557877331e+00,1.319687450465766965e+01
5.200000000000000178e+00,-4.743924599657294294e+00,1.344563064286414367e+01,7.123328498962799848e+00,1.447929582373172686e+01
5.209999999999999964e+00,-5.773328834794140718e+00,1.362345440882938696e+01,7.098142837178897047e+00,1.582766687663241001e+01
5.219999999999999751e+00,-6.813597095191388675e+00,1.361793900321439565e+01,6.884541386001358454e+00,1.721425151620188032e+01
5.230000000000000426e+00,-7.832524388090531531e+00,1.343152805515908454e+01,6.474088498285319737e+00,1.860904520412950092e+01
5.240000000000000213e+00,-8.799314909290121278e+00,1.307278611818128233e+01,5.863489700653045311e+00,1.998063004592392389e+01
5.250000000000000000e+00,-9.685826253746370185e+00,1.255588591229022022e+01,5.054791879273587973e+00,2.129707819315984807e+01
5.259999999999999787e+00,-1.046765001577227849e+01,1.189983161447716853e+01,4.055426448568325348e+00,2.252687812003472700e+01
5.270000000000000462e+00,-1.112497143801837218e+01,1.112746729492882736e+01,2.878093731236498698e+00,2.363985777513153863e+01
5.280000000000000249e+00,-1.164316501643009438e+01,1.026433216774548463e+01,1.540490645541007453e+00,2.460807851099762900e+01
5.290000000000000036e+00,-1.201309996115141310e+01,9.337432841882243650e+00,6.488774044763812032e-02,2.540667403997798957e+01
5.299999999999999822e+00,-1.223114801094818027e+01,8.374006632901483727e+00,-1.522434369443409263e+00,2.601460951634458496e+01
5.310000000000000497e+00,-1.229890504075952862e+01,7.400348959288688633e+00,-3.191875081674221626e+00,2.641533727912190699e+01
5.320000000000000284e+00,-1.222265589571751931e+01,6.440771969475300729e+00,-4.911312330088077438e+00,2.659732788602306286e+01
5.330000000000000071e+00,-1.201262769693294885e+01,5.516751237079579262e+00,-6.646987688059429189e+00,2.655445789228325992e+01
5.339999999999999858e+00,-1.168208940862950485e+01,4.646303344684347358e+00,-8.364452717763784406e+00,2.628623941601764358e+01
5.350000000000000533e+00,-1.124636387314945907e+01,3.843620436776919558e+00,-1.002954828704645784e+01,2.579788087882258907e+01
5.360000000000000320e+00,-1.072182223952033020e+01,3.118969541423461944e+00,-1.160938634959421201e+01,2.510017335841948238e+01
5.370000000000000107e+00,-1.012492949418351529e+01,2.478845930726849556e+00,-1.307330237465988709e+01,2.420920262169548209e+01
5.379999999999999893e+00,-9.471403761617255057e+00,1.926352324683937356e+00,-1.439374639545454926e+01,2.314589294386144758e+01
5.389999999999999680e+00,-8.775541635129707529e+00,1.461760579758711209e+00,-1.554708165675214460e+01,2.193539502974742916e+01
5.400000000000000355e+00,-8.049747794693312031e+00,1.083200716355586124e+00,-1.651426216177619111e+01,2.060633645904864508e+01
5.410000000000000142e+00,-7.304290599225087277e+00,7.874145602759347051e-01,-1.728136405507811446e+01,1.918995877236191916e+01
5.419999999999999929e+00,-6.547287421004884145e+00,5.705084307938884658e-01,-1.783995066137353191e+01,1.771917028381526649e+01
5.429999999999999716e+00,-5.784905534453229414e+00,4.286413881483868704e-01,-1.818725697705959377e+01,1.622754764687823226e+01
5.440000000000000391e+00,-5.021747698580979247e+00,3.585923845669707899e-01,-1.832618624897692428e+01,1.474832184661819845e+01
5.450000000000000178e+00,-4.261377408597116556e+00,3.581607276849264609e-01,-1.826511867211360141e+01,1.331338543625340165e+01
5.459999999999999964e+00,-3.506928182748479728e+00,4.263687357296584435e-01,-1.801753983918688462e+01,1.195235734699592278e+01
5.469999999999999751e+00,-2.761734982989722642e+00,5.634522615032021564e-01,-1.760150399281118894e+01,1.069173943717307296e+01
5.480000000000000426e+00,-2.029924413968500208e+00,7.706426349618424876e-01,-1.703895396994600020e+01,9.554195167159944546e+00
5.490000000000000213e+00,-1.316903823918841088e+00,1.049761186957121506e+00,-1.635492561180109661e+01,8.557975547884794310e+00
5.500000000000000000e+00,-6.296976014440887059e-01,1.402663548094698287e+00,-1.557666900839522128e+01,7.716511062612939398e+00
5.509999999999999787e+00,2.290876382172957193e-02,1.830584155210706498e+00,-1.473272199214358480e+01,7.038180933958106955e+00
5.520000000000000462e+00,6.304408033196311489e-01,2.333440830652740772e+00,-1.385197261403474478e+01,6.526263290019334917e+00
5.530000000000000249e+00,1.181029757885611264e+00,2.909164186376926420e+00,-1.296274685602091559e+01,6.179061899892469789e+00
5.540000000000000036e+00,1.661917868449568569e+00,3.553116533904883578e+00,-1.209195558988181318e+01,5.990197631875050277e+00
5.549999999999999822e+00,2.060144535039953873e+00,4.257659900155186250e+00,-1.126433092964281180e+01,5.949046048624280658e+00
5.560000000000000497e+00,2.363367747260284091e+00,5.011922971268691462e+00,-1.050177688451243974e+01,6.041296954643324391e+00
5.570000000000000284e+00,2.560762437653820278e+00,5.801802969930456300e+00,-9.822852928562360475e+00,6.249607541685151091e+00
5.580000000000000071e+00,2.643928757881298441e+00,6.610221574177153947e+00,-9.242402149731418604e+00,6.554318233031542817e+00
5.589999999999999858e+00,2.607739428970709206e+00,7.417635197809609338e+00,-8.771328446876569984e+00,6.934199498417441987e+00
5.600000000000000533e+00,2.451056634850267812e+00,8.202780613824520728e+00,-8.416520238077797700e+00,7.367198776810866434e+00
5.610000000000000320e+00,2.177255409805547437e+00,8.943618406584727509e+00,-8.180911731205691595e+00,7.831159075096948641e+00
5.620000000000000107e+00,1.794501743177603803e+00,9.618420435151238124e+00,-8.063667342639559976e+00,8.304484579831713731e+00
5.629999999999999893e+00,1.315748971189321548e+00,1.020693458832461253e+01,-8.060470610750561704e+00,8.766733419201232280e+00
5.639999999999999680e+00,7.584344321719578286e-01,1.069155159389382348e+01,-8.163896123056137100e+00,9.199123178727131034e+00
5.650000000000000355e+00,1.438785862592376619e-01,1.105839519560494111e+01,-8.363841641427560702e+00,9.584940512923532552e+00
5.660000000000000142e+00,-5.035905394437525384e-01,1.129825896972074339e+01,-8.647997742682258959e+00,9.909851811256261911e+00
5.669999999999999929e+00,-1.157745053680551361e+00,1.140732038431702122e+01,-9.002333764120077575e+00,1.016211700374889482e+01
5.679999999999999716e+00,-1.791737231131235841e+00,1.138757500175788628e+01,-9.411581436806358170e+00,1.033271291718985729e+01
5.690000000000000391e+00,-2.379478355123022748e+00,1.124695023474786737e+01,-9.859701014401103691e+00,1.041537588099530787e+01
5.700000000000000178e+00,-2.897033760258918900e+00,1.099907773911072617e+01,-1.033031862594104666e+01,1.040657538790149417e+01
5.709999999999999964e+00,-3.323947653147802050e+00,1.066272508601890223e+01,-1.080712764153696881e+01,1.030543149425731819e+01
5.719999999999999751e+00,-3.644413111206270983e+00,1.026090938656546214e+01,-1.127425069361885157e+01,1.011358835351986762e+01
5.730000000000000426e+00,-3.848210078485997165e+00,9.819736581250367635e+00,-1.171656233239354350e+01,9.835054963256762761e+00
5.740000000000000213e+00,-3.931346785200880767e+00,9.367028748570412233e+00,-1.211997486182231754e+01,9.476022097407817313e+00
5.750000000000000000e+00,-3.896357057182311401e+00,8.930816770992754172e+00,-1.247169152977436113e+01,9.044661776304190326e+00
5.759999999999999787e+00,-3.752226397209404318e+00,8.537785996256760157e+00,-1.276043185229767651e+01,8.550912814310086318e+00
5.770000000000000462e+00,-3.513942227198793233e+00,8.211767421501205533e+00,-1.297663345236451349e+01,8.006253301830106750e+00
5.780000000000000249e+00,-3.201686849248962297e+00,7.972366031051763891e+00,-1.311263349618477214e+01,7.423458625931615096e+00
5.790000000000000036e+00,-2.839714034633436857e+00,7.833811234220109831e+00,-1.316283080599492017e+01,6.816342065931906724e+00
5.799999999999999822e+00,-2.454970249518184211e+00,7.804102250162949339e+00,-1.312382727332642496e+01,6.199474302502125944e+00
5.810000000000000497e+00,-2.075538080690219278e+00,7.884504495693131609e+00,-1.299454459048798149e+01,5.587878452469809964e+00
5.820000000000000284e+00,-1.728991363650524082e+00,8.069432574480693177e+00,-1.277630987702929311e+01,4.996698494962202197e+00
5.830000000000000071e+00,-1.440758060849596678e+00,8.346732603570769626e+00,-1.247290180909095092e+01,4.440841102056177547e+00
5.839999999999999858e+00,-1.232587652672926914e+00,8.698352760768129244e+00,-1.209054763322319026e+01,3.934593755209360832e+00
5.850000000000000533e+00,-1.121214619004163193e+00,9.101367572234433823e+00,-1.163786117290699273e+01,3.491225369820117663e+00
5.860000000000000320e+00,-1.117298806526726640e+00,9.529300030068521110e+00,-1.112571274709493885e+01,3.122579162244197626e+00
5.870000000000000107e+00,-1.224707747757546095e+00,9.953667458013820024e+00,-1.056702385529859001e+01,2.838670844172967556e+00
5.879999999999999893e+00,-1.440186280022892173e+00,1.034566324708195495e+01,-9.976482485445526294e+00,2.647308082849141986e+00
5.889999999999999680e+00,-1.753436308266958843e+00,1.067787800425942457e+01,-9.370178815989408605e+00,2.553749210725416052e+00
5.900000000000000355e+00,-2.147605633931713776e+00,1.092596081341847025e+01,-8.765165674008645880e+00,2.560420143608110433e+00
5.910000000000000142e+00,-2.600160882698185905e+00,1.107012435974029785e+01,-8.178953068492889500e+00,2.666708183432520141e+00
5.919999999999999929e+00,-3.084097145727117351e+00,1.109640641696496566e+01,-7.628951087758286675e+00,2.868849741747052207e+00
5.929999999999999716e+00,-3.569417341823238665e+00,1.099761409400718826e+01,-7.131880055951976161e+00,3.159926024274382517e+00
5.940000000000000391e+00,-4.024798670284211788e+00,1.077389542846720261e+01,-6.703170716880015867e+00,3.529976470595586946e+00
5.950000000000000178e+00,-4.419352764438572834e+00,1.043290429101081784e+01,-6.356380019963902228e+00,3.966234449989164190e+00
5.959999999999999964e+00,-4.724380879458534466e+00,9.989547836229109024e+00,-6.102649549985355470e+00,4.453483665507321554e+00
5.969999999999999751e+00,-4.915025924297482973e+00,9.465329511269585439e+00,-5.950233579206349432e+00,4.974527272436346514e+00
5.980000000000000426e+00,-4.971729297864879271e+00,8.887323507247725018e+00,-5.904122036202528179e+00,5.510755277570122068e+00
5.990000000000000213e+00,-4.881411896755944113e+00,8.286837174884791324e+00,-5.965780397295921134e+00,6.042789772185561681e+00
6.000000000000000000e+00,-4.638314600774782193e+00,7.697835140117648578e+00,-6.133023740663753109e+00,6.551182371860901910e+00
6.009999999999999787e+00,-4.244453028258652338e+00,7.155211682435540510e+00,-6.400036190654875057e+00,7.017134256933808878e+00
6.020000000000000462e+00,-3.709663204791830537e+00,6.693005687514556712e+00,-6.757540041482032578e+00,7.423206727974141828e+00
6.030000000000000249e+00,-3.051237703341678653e+00,6.342654776667512095e+00,-7.193111376583111394e+00,7.753989421752654820e+00
6.040000000000000036e+00,-2.293174446526824450e+00,6.131381997552288077e+00,-7.691631429282397292e+00,7.996694380700957616e+00
6.049999999999999822e+00,-1.465081407573405770e+00,6.080800008015554425e+00,-8.235855715755509010e+00,8.141647025038441399e+00
6.060000000000000497e+00,-6.007987172463686854e-01,6.205804575585329275e+00,-8.807076553934576779e+00,8.182649619035665012e+00
6.070000000000000284e+00,2.631858232096730976e-01,6.513812289484656404e+00,-9.385849361467625940e+00,8.117198820419226024e+00
6.080000000000000071e+00,1.089441869723433598e+00,7.004377688129310719e+00,-9.952749433683864666e+00,7.946546029287861579e+00
6.089999999999999858e+00,1.841331415882695222e+00,7.669203731708955196e+00,-1.048912398017204772e+01,7.675597110255770517e+00
6.100000000000000533e+00,2.484682798430166706e+00,8.492537952568316229e+00,-1.097780418133479330e+01,7.312656199635224397e+00
6.110000000000000320e+00,2.989318521401283846e+00,9.451925942601967279e+00,-1.140374393404924014e+01,6.869026258021142972e+00
6.120000000000000107e+00,3.330361549529368137e+00,1.051927525075554648e+01,-1.175455569126082267e+01,6.358486325955833074e+00
6.129999999999999893e+00,3.489258626943527730e+00,1.166216727880481585e+01,-1.202091915576057879e+01,5.796671662416851944e+00
6.140000000000000568e+00,3.454476129828834452e+00,1.284534318686162813e+01,-1.219684525733223879e+01,5.200387732868729351e+00
6.150000000000000355e+00,3.221842905167719540e+00,1.403228270873659511e+01,-1.227978543991860327e+01,4.586892092242459640e+00
6.160000000000000142e+00,2.794534337007538838e+00,1.518679241190553597e+01,-1.227058437191134033e+01,3.973179408290746117e+00
6.169999999999999929e+00,2.182711353938081800e+00,1.627452231161901253e+01,-1.217328230149871438e+01,3.375304135257493954e+00
6.179999999999999716e+00,1.402846135438482467e+00,1.726433657949689149e+01,-1.199478094547304075e+01,2.807772735456480984e+00
6.190000000000000391e+00,4.767818960718813726e-01,1.812947483559585393e+01,-1.174439358969408964e+01,2.283033027164319773e+00
6.200000000000000178e+00,-5.694134961755916713e-01,1.884845442653760728e+01,-1.143330561496179776e+01,1.811082480808524409e+00
6.209999999999999964e+00,-1.706731781689886596e+00,1.940568025431534949e+01,-1.107397564498623765e+01,1.399210443400310755e+00
6.219999999999999751e+00,-2.904573840311620803e+00,1.979174611055662325e+01,-1.067950974142913445e+01,1.051881754583469109e+00
6.230000000000000426e+00,-4.132091854759702976e+00,2.000342902973653381e+01,-1.026304144987997091e+01,7.707614711307656519e-01
6.240000000000000213e+00,-5.359455577488414058e+00,2.004339486845125506e+01,-9.837149046730509383e+00,5.548728907428301937e-01
6.250000000000000000e+00,-6.558982007765131961e+00,1.991964820055176943e+01,-9.413338175263998409e+00,4.008741895204574468e-01
6.259999999999999787e+00,-7.706078733192267549e+00,1.964477188645266992e+01,-9.001613413796921037e+00,3.034331421850863797e-01
6.270000000000000462e+00,-8.779964468090721397e+00,1.923501071314066024e+01,-8.610156496641018009e+00,2.556748921665813468e-01
6.280000000000000249e+00,-9.764145037186832354e+00,1.870925891197153845e+01,-8.245122280215728239e+00,2.496748051638550958e-01
6.290000000000000036e+00,-1.064663826073366160e+01,1.808801298296555515e+01,-7.910556521179705314e+00,2.769672009438537974e-01
6.299999999999999822e+00,-1.141995595738182168e+01,1.739234916376877393e+01,-7.608432533686864119e+00,3.290412358974661999e-01
6.310000000000000497e+00,-1.208086471973122933e+01,1.664297938069412552e+01,-7.338797228890664215e+00,3.977973219288863937e-01
6.320000000000000284e+00,-1.262995847780299208e+01,1.585943110877940754e+01,-7.100011284435172598e+00,4.759410385644320951e-01
6.330000000000000071e+00,-1.307108455163970540e+01,1.505938590820528411e+01,-6.889063558640624585e+00,5.572962650849190291e-01
6.339999999999999858e+00,-1.341067050227542445e+01,1.425819926910602398e+01,-6.701936590530935156e+00,6.370249037272619486e-01
6.350000000000000533e+00,-1.365700142790537619e+01,1.346861161882524804e+01,-6.533998260764262156e+00,7.117467161402472042e-01
6.360000000000000320e+00,-1.381949644224398988e+01,1.270064776248792349e+01,-6.380394482179866600e+00,7.795590663658736874e-01
6.370000000000000107e+00,-1.390802914383884747e+01,1.196169042742963740e+01,-6.236419098015675289e+00,8.399623724016171966e-01
6.379999999999999893e+00,-1.393233035104832318e+01,1.125670365427507669e+01,-6.097839855920454966e+00,8.937024606407057981e-01
6.390000000000000568e+00,-1.390150279977457970e+01,1.058857407276770601e+01,-5.961163181683597934e+00,9.425454879164103517e-01
6.400000000000000355e+00,-1.382366754946619203e+01,9.958532999530190111e+00,-5.823825218633176704e+00,9.890044055722876370e-01
6.410000000000000142e+00,-1.370575124618185825e+01,9.366619990377909488e+00,-5.684301902019408104e+00,1.036037929173569738e+00
6.419999999999999929e+00,-1.355341288726766891e+01,8.812148970800949499e+00,-5.542136353535237703e+00,1.086743573092693982e+00
6.429999999999999716e+00,-1.337109901758652342e+01,8.294141168262298081e+00,-5.397887258883790729e+00,1.144065526834648017e+00
6.440000000000000391e+00,-1.316220797398496956e+01,7.811694426708959860e+00,-5.253006800571808022e+00,1.210536090259372255e+00
6.450000000000000178e+00,-1.292933737146737272e+01,7.364265609341530627e+00,-5.109660868547067025e+00,1.288066224720137098e+00
6.459999999999999964e+00,-1.267458482895717431e+01,6.951851105367156336e+00,-4.970507429530990784e+00,1.377796756440392345e+00
6.469999999999999751e+00,-1.239987013427047025e+01,6.575059311948956875e+00,-4.838450938390209899e+00,1.480017173172495148e+00
6.480000000000000426e+00,-1.210724764408924337e+01,6.235077718056925455e+00,-4.716391436082482791e+00,1.594154098134550557e+00
6.490000000000000213e+00,-1.179918053705750047e+01,5.933545263766601074e+00,-4.606986494077228933e+00,1.718826725646208864e+00
6.500000000000000000e+00,-1.147875327147853142e+01,5.672347455732928978e+00,-4.512442509057449591e+00,1.851962066214376312e+00
6.509999999999999787e+00,-1.114980480938733365e+01,5.453356867438610145e+00,-4.434349170431132414e+00,1.990959047868988696e+00
6.520000000000000462e+00,-1.081697233823956417e+01,5.278144857767110842e+00,-4.373567423553569533e+00,2.132887579283232693e+00
6.530000000000000249e+00,-1.048564278846751208e+01,5.147691470170507877e+00,-4.330177186176166870e+00,2.274706761038376879e+00
6.540000000000000036e+00,-1.016181684566718779e+01,5.062119547318459922e+00,-4.303486725547213787e+00,2.413485626680319740e+00
6.549999999999999822e+00,-9.851896863826125283e+00,5.020476278351411636e+00,-4.292101259717997053e+00,2.546610123462901942e+00
6.560000000000000497e+00,-9.562415647974475519e+00,5.020580981133207388e+00,-4.294044291043729977e+00,2.671961449448764014e+00
6.570000000000000284e+00,-9.299727141004531461e+00,5.058952304953504786e+00,-4.306921668245601964e+00,2.788053227079608121e+00
6.580000000000000071e+00,-9.069682393855611480e+00,5.130821683411485701e+00,-4.328115619428519523e+00,2.894118133764408185e+00
6.589999999999999858e+00,-8.877314729230533885e+00,5.230233268520980694e+00,-4.354994161529481822e+00,2.990138302982314755e+00
6.600000000000000533e+00,-8.726556770527464479e+00,5.350224226288591289e+00,-4.385120468283757234e+00,3.076817801032365463e+00
6.610000000000000320e+00,-8.620009170349652194e+00,5.483073621612589932e+00,-4.416446998103054966e+00,3.155499508615540183e+00
6.620000000000000107e+00,-8.558776716080634728e+00,5.620603545289328373e+00,-4.447480407087160081e+00,3.228032531403240757e+00
6.629999999999999893e+00,-8.542382376345070583e+00,5.754512920996698533e+00,-4.477405399467120795e+00,3.296599589323121915e+00
6.640000000000000568e+00,-8.568764197631406176e+00,5.876722745419902694e+00,-4.506158541829823783e+00,3.363516486008436779e+00
6.650000000000000355e+00,-8.634354200960061121e+00,5.979711409986697923e+00,-4.534446488587090762e+00,3.431017581019763618e+00
6.660000000000000142e+00,-8.734232987188542907e+00,6.056820159195171804e+00,-4.563706804534477079e+00,3.501042077775101902e+00
6.669999999999999929e+00,-8.862349015385705187e+00,6.102511481350825662e+00,-4.596013381609244774e+00,3.575035860527446818e+00
6.679999999999999716e+00,-9.011787780523455638e+00,6.112567035826861783e+00,-4.633932087863189331e+00,3.653782587145694816e+00
6.690000000000000391e+00,-9.175073603300951675e+00,6.084216264063957880e+00,-4.680335530341897865e+00,3.737275852737139026e+00
6.700000000000000178e+00,-9.344485572708746801e+00,6.016191739072826117e+00,-4.738188463249676019e+00,3.824641616355468177e+00
6.709999999999999964e+00,-9.512369361203409923e+00,5.908712201898479677e+00,-4.810317273282241679e+00,3.914116905652828660e+00
6.719999999999999751e+00,-9.671428071432748297e+00,5.763398756189228145e+00,-4.899178020199927985e+00,4.003087289130657034e+00
6.730000000000000426e+00,-9.814977790717824391e+00,5.583133533859172992e+00,-5.006637652653996184e+00,4.088181956034744324e+00
6.740000000000000213e+00,-9.937156871733405339e+00,5.371873064734645098e+00,-5.133782263748209118e+00,4.165421695714476513e+00
6.750000000000000000e+00,-1.003308182326196984e+01,5.134430423789188680e+00,-5.280764659276100836e+00,4.230411835639482199e+00
6.759999999999999787e+00,-1.009894675900731187e+01,4.876240925658898995e+00,-5.446701194804305146e+00,4.278569470096462268e+00
6.770000000000000462e+00,-1.013206729439708198e+01,4.603125714380747802e+00,-5.629624947666473034e+00,4.305372244521399772e+00
6.780000000000000249e+00,-1.013087330882938275e+01,4.321066168917574224e+00,-5.826499009020371211e+00,4.306614664566848383e+00
6.790000000000000036e+00,-1.009485786184545830e+01,4.035999796394593275e+00,-6.033290210607620274e+00,4.278657436572753880e+00
6.799999999999999822e+00,-1.002449159090482134e+01,3.753645453270133103e+00,-6.245100147918974720e+00,4.218655728218347889e+00
6.810000000000000497e+00,-9.921113027774641324e+00,3.479362590112034415e+00,-6.456347126691775351e+00,4.124753425799768003e+00
6.820000000000000284e+00,-9.786805433172606428e+00,3.218046037121156111e+00,-6.660989825317134461e+00,3.996232372702594127e+00
6.830000000000000071e+00,-9.624270026747572260e+00,2.974054899556188403e+00,-6.852781185610201220e+00,3.833608077611311948e+00
6.839999999999999858e+00,-9.436704012637019190e+00,2.751171644119380311e+00,-7.025539435787184317e+00,3.638666325409899649e+00
6.850000000000000533e+00,-9.227689755737710442e+00,2.552585606310767474e+00,-7.173422287627081673e+00,3.414438332563093592e+00
6.860000000000000320e+00,-9.001099073557000452e+00,2.380894047654431134e+00,-7.291190265039539042e+00,3.165115376385576607e+00
6.870000000000000107e+00,-8.761014112899450978e+00,2.238113582942752977e+00,-7.374445799060509898e+00,2.895907009819318034e+00
6.879999999999999893e+00,-8.511663915418109738e+00,2.125695252910996036e+00,-7.419836107772832534e+00,2.612849877911432639e+00
6.890000000000000568e+00,-8.257373753248893777e+00,2.044537643612318156e+00,-7.425209874524098197e+00,2.322576628156799661e+00
6.900000000000000355e+00,-8.002522807031752450e+00,1.994994102425824645e+00,-7.389720219282487790e+00,2.032056332212476502e+00
6.910000000000000142e+00,-7.751504881719878171e+00,1.976872084766064352e+00,-7.313869278987077394e+00,1.748319123722979596e+00
6.919999999999999929e+00,-7.508686667571929263e+00,1.989424775810567647e+00,-7.199492713171073532e+00,1.478178356576234975e+00
6.929999999999999716e+00,-7.278358547728728922e+00,2.031337155179730125e+00,-7.049685467154004570e+00,1.227963489255478935e+00
6.940000000000000391e+00,-7.064674062067155091e+00,2.100710411628496033e+00,-6.868672998368878346e+00,1.003276131298996621e+00
6.950000000000000178e+00,-6.871575738813391787e+00,2.195049902793689167e+00,-6.661634757382364214e+00,8.087803089995296846e-01
6.959999999999999964e+00,-6.702706938819410709e+00,2.311262569644557452e+00,-6.434488890294180585e+00,6.480361107560220768e-01
6.969999999999999751e+00,-6.561311434437434364e+00,2.445669787729058520e+00,-6.193648796406394652e+00,5.233835726064847149e-01
6.980000000000000426e+00,-6.450124467997272681e+00,2.594041056618903163e+00,-5.945763267633647153e+00,4.358810921864952337e-01
6.990000000000000213e+00,-6.371260813727964489e+00,2.751652741402409230e+00,-5.697452419722560002e+00,3.852999538713203220e-01
7.000000000000000000e+00,-6.326106734311353286e+00,2.913374383936940593e+00,-5.455051498090985440e+00,3.701738491542001519e-01
7.009999999999999787e+00,-6.315223548214787819e+00,3.073783037824470821e+00,-5.224373932042727375e+00,3.878997179224862313e-01
7.020000000000000462e+00,-6.338270721977530719e+00,3.227303820889103392e+00,-5.010503777167058637e+00,4.348839388386364080e-01
7.030000000000000249e+00,-6.393955940463848187e+00,3.368372609118036376e+00,-4.817626007342413530e+00,5.067259628155602602e-01
7.040000000000000036e+00,-6.480018509351605616e+00,3.491614703664802644e+00,-4.648901093674919771e+00,5.984299924290833461e-01
7.049999999999999822e+00,-6.593250780498024710e+00,3.592031560019433467e+00,-4.506388049129371076e+00,7.046343166264426028e-01
7.060000000000000497e+00,-6.729560179391256725e+00,3.665186420281333124e+00,-4.391017742136184232e+00,8.198474422695947172e-01
7.070000000000000284e+00,-6.884072006120629972e+00,3.707379041386024365e+00,-4.302615908030889891e+00,9.386802233200841616e-01
7.080000000000000071e+00,-7.051270650685099284e+00,3.715799723857163617e+00,-4.239973026407576562e+00,1.056063750981988791e+00
7.089999999999999858e+00,-7.225174391909540361e+00,3.688653527257203191e+00,-4.200956187546481146e+00,1.167443787167467661e+00
7.100000000000000533e+00,-7.399536713221332107e+00,3.625246870763527696e+00,-4.182656329492686176e+00,1.268943933025507453e+00
7.110000000000000320e+00,-7.568065226148510405e+00,3.526030575691848856e+00,-4.181562858517036574e+00,1.357491442319950670e+00
7.120000000000000107e+00,-7.724647972251704076e+00,3.392595688816590460e+00,-4.193756718540726958e+00,1.430901523590093927e+00
7.129999999999999893e+00,-7.863576166927638056e+00,3.227620980304077847e+00,-4.215112476863194679e+00,1.487918026590344445e+00
7.140000000000000568e+00,-7.979752401379190729e+00,3.034773670594710815e+00,-4.241499949406791536e+00,1.528210477499274633e+00
7.150000000000000355e+00,-8.068873933887172001e+00,2.818567534800692886e+00,-4.268976282615711604e+00,1.552329417167101377e+00
7.160000000000000142e+00,-8.127581936096904158e+00,2.584184896839298862e+00,-4.293960205430881416e+00,1.561623818208889292e+00
7.169999999999999929e+00,-8.153569332365901090e+00,2.337271012822411009e+00,-4.313381310527732104e+00,1.558125932388206625e+00
7.179999999999999716e+00,-8.145642065532042508e+00,2.083710836015240542e+00,-4.324798652289434386e+00,1.544410186286045539e+00
7.190000000000000391e+00,-8.103731102019100518e+00,1.829399070208828526e+00,-4.326484582352831509e+00,1.523433654325939024e+00
7.200000000000000178e+00,-8.028855100325234417e+00,1.580014709333759315e+00,-4.317471498037859234e+00,1.498366165759911439e+00
7.209999999999999964e+00,-7.923036253411396501e+00,1.340810923012800249e+00,-4.297560968160842876e+00,1.472418237094502924e+00
7.219999999999999751e+00,-7.789174227563181674e+00,1.116430213244437031e+00,-4.267296439920730045e+00,1.448674773254271742e+00
7.230000000000000426e+00,-7.630885223641309167e+00,9.107533037187134362e-01,-4.227902340596655151e+00,1.429941876778383580e+00
7.240000000000000213e+00,-7.452314869851836221e+00,7.267883262477661255e-01,-4.181193798693451313e+00,1.418613187526676533e+00
7.250000000000000000e+00,-7.257934835228239123e+00,5.666046557589922150e-01,-4.129462363061520591e+00,1.416561001938009046e+00
7.259999999999999787e+00,-7.052333678647240589e+00,4.313133469943709608e-01,-4.075343952082736365e+00,1.425056057111324215e+00
7.270000000000000462e+00,-6.840012501085189101e+00,3.210936784090290264e-01,-4.021675791102427233e+00,1.444718383667044304e+00
7.280000000000000249e+00,-6.625195462799044144e+00,2.352629449316024357e-01,-3.971349284709559946e+00,1.475500108026805757e+00
7.290000000000000036e+00,-6.411664205571205422e+00,1.723844844792367936e-01,-3.927165627925790936e+00,1.516699593849641481e+00
7.299999999999999822e+00,-6.202623752011678704e+00,1.304070806917331793e-01,-3.891700509531275110e+00,1.567004923502850700e+00
7.310000000000000497e+00,-6.000605628520109036e+00,1.068274428844031010e-01,-3.867183538537421583e+00,1.624563495076718267e+00
7.320000000000000284e+00,-5.807411879969605728e+00,9.886648646472366575e-02,-3.855397079925341863e+00,1.687073499004021926e+00
7.330000000000000071e+00,-5.624101425328090542e+00,1.036496601107345789e-01,-3.857598075708424723e+00,1.751892278040058981e+00
7.339999999999999858e+00,-5.451017959978007532e+00,1.183816009260144769e-01,-3.874465215052762090e+00,1.816156087804963404e+00
7.350000000000000533e+00,-5.287856455424959634e+00,1.405059314039590612e-01,-3.906072567305917786e+00,1.876905569729933054e+00
7.360000000000000320e+00,-5.133763345705760095e+00,1.678420048184791624e-01,-3.951889567275167714e+00,1.931211316672177380e+00
7.370000000000000107e+00,-4.987463815389113542e+00,1.986918003703940783e-01,-4.010806100768085969e+00,1.976294232571040865e+00
7.379999999999999893e+00,-4.847408294303662935e+00,2.319118904024213557e-01,-4.081180430026526196e+00,2.009635928426003471e+00
7.390000000000000568e+00,-4.711929378337779362e+00,2.669473599179391643e-01,-4.160906862652168137e+00,2.029075115446854927e+00
7.400000000000000355e+00,-4.579399972737127733e+00,3.038266545255419726e-01,-4.247499431389292646e+00,2.032886804029489625e+00
7.410000000000000142e+00,-4.448383511504663268e+00,3.431184624004290917e-01,-4.338187430423845470e+00,2.019842042734387277e+00
7.419999999999999929e+00,-4.317767638788462037e+00,3.858537934406026659e-01,-4.430018448735043357e+00,1.989246883313386949e+00
7.429999999999999716e+00,-4.186873718505895958e+00,4.334183023076565999e-01,-4.519964542751391257e+00,1.940960187828491668e+00
7.440000000000000391e+00,-4.055535918782516625e+00,4.874215168535158127e-01,-4.605027379137408339e+00,1.875390759604695923e+00
7.450000000000000178e+00,-3.924145330558849842e+00,5.495508966443438670e-01,-4.682338525899866433e+00,1.793475046573323350e+00
7.459999999999999964e+00,-3.793656540483847373e+00,6.214194906165789734e-01,-4.749251542515093405e+00,1.696637308134973043e+00
7.469999999999999751e+00,-3.665556188835094709e+00,7.044163401693831483e-01,-4.803423080952224922e+00,1.586734639492927146e+00
7.480000000000000426e+00,-3.541795195899129389e+00,7.995686580776295571e-01,-4.842880822633231830e+00,1.465989604697854665e+00
7.490000000000000213e+00,-3.424688422303593605e+00,9.074242025585705917e-01,-4.866076707131549384e+00,1.336913444519473693e+00
7.500000000000000000e+00,-3.316787427894562157e+00,1.027961183080050134e+00,-4.871924526665006638e+00,1.202222908323827832e+00
7.509999999999999787e+00,-3.220733603662039535e+00,1.160531528913381738e+00,-4.859821541859627558e+00,1.064753726622880814e+00
7.520000000000000462e+00,-3.139100177619988052e+00,1.303841496010978540e+00,-4.829654301137797034e+00,9.273736126508775879e-01
7.530000000000000249e+00,-3.074232361706619621e+00,1.455971477018016547e+00,-4.781789307495385444e+00,7.928974783721765007e-01
7.540000000000000036e+00,-3.028095158655117025e+00,1.614434625022276082e+00,-4.717049567791843145e+00,6.640072932947007622e-01
7.549999999999999822e+00,-3.002138058275485299e+00,1.776271627975769318e+00,-4.636678381731816678e+00,5.431787216266263929e-01
7.560000000000000497e+00,-2.997185024435909284e+00,1.938176807125914225e+00,-4.542291985150697542e+00,4.326163594603275042e-01
7.570000000000000284e+00,-3.013356841202281977e+00,2.096648787106525802e+00,-4.435822862006772560e+00,3.341990694432190878e-01
7.580000000000000071e+00,-3.050031113811058070e+00,2.248157416000845288e+00,-4.319455689231428863e+00,2.494365822417719258e-01
7.589999999999999858e+00,-3.105843100460592865e+00,2.389317502156193207e+00,-4.195557984981727273e+00,1.794382047483315812e-01
7.600000000000000533e+00,-3.178728201314271473e+00,2.517059358276650727e+00,-4.066607598430773685e+00,1.248941443945361107e-01
7.610000000000000320e+00,-3.266004486389037176e+00,2.628786149959996710e+00,-3.935119209678920704e+00,8.606962565527753739e-02
7.620000000000000107e+00,-3.364491249022887764e+00,2.722508648892076444e+00,-3.803572000190384550e+00,6.281163740893203062e-02
7.629999999999999893e+00,-3.470657372571324117e+00,2.796949167530545566e+00,-3.674340603063024346e+00,5.456780830645220626e-02
7.640000000000000568e+00,-3.580791433126137235e+00,2.851608143186190159e+00,-3.549631342164261127e+00,6.041656446406612480e-02
7.650000000000000355e+00,-3.691184051500264296e+00,2.886788952049145873e+00,-3.431425612759062105e+00,7.910738600211321414e-02
7.660000000000000142e+00,-3.798312149040979691e+00,2.903578946107383540e+00,-3.321432037626425249e+00,1.091096565435695082e-01
7.669999999999999929e+00,-3.899014516989301349e+00,2.903787274399702412e+00,-3.221048748235260106e+00,1.486683068447195444e-01
7.679999999999999716e+00,-3.990648503393247282e+00,2.889842617889779586e+00,-3.131336790826658500e+00,1.958642072719571914e-01
7.690000000000000391e+00,-4.071218639960490826e+00,2.864656374605382361e+00,-3.053005248044753372e+00,2.486770824381913658e-01
7.700000000000000178e+00,-4.139469618330002376e+00,2.831458926146678490e+00,-2.986408209979772188e+00,3.050486233028603666e-01
7.709999999999999964e+00,-4.194938088155667266e+00,2.793618263540789570e+00,-2.931553242281021987e+00,3.629434734350555636e-01
7.719999999999999751e+00,-4.237960163180390261e+00,2.754451342086462695e+00,-2.888120507201268339e+00,4.204058785044663127e-01
7.730000000000000426e+00,-4.269634136966788063e+00,2.717038998409325501e+00,-2.855491224315097831e+00,4.756100165508668209e-01
7.740000000000000213e+00,-4.291740563417253185e+00,2.684055065701615561e+00,-2.832783742011916850e+00,5.269023683571739669e-01
7.750000000000000000e+00,-4.306624381252817102e+00,2.657619475162910305e+00,-2.818895159600079303e+00,5.728349305396448488e-01
7.759999999999999787e+00,-4.317045996409376585e+00,2.639183685687949144e+00,-2.812546221248133360e+00,6.121885978472738632e-01
7.770000000000000462e+00,-4.326010040516695021e+00,2.629454831890447597e+00,-2.812327119859464819e+00,6.439866162118401682e-01
7.780000000000000249e+00,-4.336581784093694658e+00,2.628362647908623728e+00,-2.816741916090346631e+00,6.674985979235232847e-01
7.790000000000000036e+00,-4.351701822624056248e+00,2.635070661236229128e+00,-2.824249499611022340e+00,6.822361539026788879e-01
7.799999999999999822e+00,-4.374009636303465065e+00,2.648030521779478619e+00,-2.833299389227213361e+00,6.879416927391884817e-01
7.810000000000000497e+00,-4.405685957612101689e+00,2.665075804458587161e+00,-2.842361166246552884e+00,6.845723211167008548e-01
7.820000000000000284e+00,-4.448322615479277431e+00,2.683549358720073830e+00,-2.849946930363715936e+00,6.722810199696583888e-01
7.830000000000000071e+00,-4.502826750296256897e+00,2.700456415910940766e+00,-2.854626818030653990e+00,6.513973386201588056e-01
7.839999999999999858e+00,-4.569364132593836558e+00,2.712634317548320961e+00,-2.855038280835742182e+00,6.224097304171328782e-01
7.850000000000000533e+00,-4.647343915786386503e+00,2.716928970020727974e+00,-2.849890432726313261e+00,5.859513472884178009e-01
7.860000000000000320e+00,-4.735444669277123708e+00,2.710367999335770328e+00,-2.837965286761133576e+00,5.427906315620874000e-01
7.870000000000000107e+00,-4.831679133774396284e+00,2.690321065813797485e+00,-2.818118065564495733e+00,4.938274210594921776e-01
7.879999999999999893e+00,-4.933492968068276419e+00,2.654638854547917592e+00,-2.789278944529858695e+00,4.400945613386540445e-01
7.890000000000000568e+00,-5.037890948372804267e+00,2.601763797505876497e+00,-2.750458545474118832e+00,3.827642519379003683e-01
7.900000000000000355e+00,-5.141582741904885623e+00,2.530807491757549599e+00,-2.700759229069598533e+00,3.231576040418967510e-01
7.910000000000000142e+00,-5.241139574992804029e+00,2.441591918695707353e+00,-2.639393743080040711e+00,2.627552207391622985e-01
7.919999999999999929e+00,-5.333152883262473942e+00,2.334653793518773224e+00,-2.565712094960937772e+00,2.032060914655701711e-01
7.930000000000000604e+00,-5.414386358200526494e+00,2.211213534668940994e+00,-2.479236674451696043e+00,1.463317754619236633e-01
7.940000000000000391e+00,-5.481913643775619960e+00,2.073112301605913643e+00,-2.379704712788358822e+00,9.412277882789467365e-02
7.950000000000000178e+00,-5.533235208899990987e+00,1.922722188116729569e+00,-2.267116200556255734e+00,4.872423297531942865e-02
7.959999999999999964e+00,-5.566369520336293952e+00,1.762835886470482505e+00,-2.141784473647409648e+00,1.240846588471337247e-02
7.969999999999999751e+00,-5.579915442761351763e+00,1.596542896943114798e+00,-2.004385895454207756e+00,-1.246719341774809794e-02
7.980000000000000426e+00,-5.573084666823198141e+00,1.427099624804404332e+00,-1.856004487818200044e+00,-2.351805938557818831e-02
7.990000000000000213e+00,-5.545704782902975971e+00,1.257800495474081570e+00,-1.698167057056512164e+00,-1.840471763124940097e-02
8.000000000000000000e+00,-5.498195259920199973e+00,1.091856573738037239e+00,-1.532864371860201302e+00,5.081073896145543375e-03
