'C' 0.0000000000 0.0000000000 0.0000000000 1
'C' 1.6800000000 1.6800000000 1.6800000000 1
'C' 3.3600000000 0.0000000000 3.3600000000 1
'C' 0.0000000000 3.3600000000 3.3600000000 1
'C' 3.3600000000 3.3600000000 0.0000000000 1
'C' 5.0400000000 1.6800000000 5.0400000000 1
'C' 1.6800000000 5.0400000000 5.0400000000 1
'C' 5.0400000000 5.0400000000 1.6800000000 1
'C' 6.7200000000 0.0000000000 0.0000000000 1
'C' 8.4000000000 1.6800000000 1.6800000000 1
'C' 10.0800000000 0.0000000000 3.3600000000 1
'C' 6.7200000000 3.3600000000 3.3600000000 1
'C' 10.0800000000 3.3600000000 0.0000000000 1
'C' 11.7600000000 1.6800000000 5.0400000000 1
'C' 8.4000000000 5.0400000000 5.0400000000 1
'C' 11.7600000000 5.0400000000 1.6800000000 1
'C' 13.4400000000 0.0000000000 0.0000000000 1
'C' 15.1200000000 1.6800000000 1.6800000000 1
'C' 16.8000000000 0.0000000000 3.3600000000 1
'C' 13.4400000000 3.3600000000 3.3600000000 1
'C' 16.8000000000 3.3600000000 0.0000000000 1
'C' 18.4800000000 1.6800000000 5.0400000000 1
'C' 15.1200000000 5.0400000000 5.0400000000 1
'C' 18.4800000000 5.0400000000 1.6800000000 1
'C' 20.1600000000 0.0000000000 0.0000000000 1
'C' 21.8400000000 1.6800000000 1.6800000000 1
'C' 23.5200000000 0.0000000000 3.3600000000 1
'C' 20.1600000000 3.3600000000 3.3600000000 1
'C' 23.5200000000 3.3600000000 0.0000000000 1
'C' 25.2000000000 1.6800000000 5.0400000000 1
'C' 21.8400000000 5.0400000000 5.0400000000 1
'C' 25.2000000000 5.0400000000 1.6800000000 1
'C' 26.8800000000 0.0000000000 0.0000000000 1
'C' 28.5600000000 1.6800000000 1.6800000000 1
'C' 30.2400000000 0.0000000000 3.3600000000 1
'C' 26.8800000000 3.3600000000 3.3600000000 1
'C' 30.2400000000 3.3600000000 0.0000000000 1
'C' 31.9200000000 1.6800000000 5.0400000000 1
'C' 28.5600000000 5.0400000000 5.0400000000 1
'C' 31.9200000000 5.0400000000 1.6800000000 1
'C' 33.6000000000 0.0000000000 0.0000000000 1
'C' 35.2800000000 1.6800000000 1.6800000000 1
'C' 36.9600000000 0.0000000000 3.3600000000 1
'C' 33.6000000000 3.3600000000 3.3600000000 1
'C' 36.9600000000 3.3600000000 0.0000000000 1
'C' 38.6400000000 1.6800000000 5.0400000000 1
'C' 35.2800000000 5.0400000000 5.0400000000 1
'C' 38.6400000000 5.0400000000 1.6800000000 1
'C' 40.3200000000 0.0000000000 0.0000000000 1
'C' 42.0000000000 1.6800000000 1.6800000000 1
'C' 43.6800000000 0.0000000000 3.3600000000 1
'C' 40.3200000000 3.3600000000 3.3600000000 1
'C' 43.6800000000 3.3600000000 0.0000000000 1
'C' 45.3600000000 1.6800000000 5.0400000000 1
'C' 42.0000000000 5.0400000000 5.0400000000 1
'C' 45.3600000000 5.0400000000 1.6800000000 1
'C' 47.0400000000 0.0000000000 0.0000000000 1
'C' 48.7200000000 1.6800000000 1.6800000000 1
'C' 50.4000000000 0.0000000000 3.3600000000 1
'C' 47.0400000000 3.3600000000 3.3600000000 1
'C' 50.4000000000 3.3600000000 0.0000000000 1
'C' 52.0800000000 1.6800000000 5.0400000000 1
'C' 48.7200000000 5.0400000000 5.0400000000 1
'C' 52.0800000000 5.0400000000 1.6800000000 1
'C' 0.0000000000 6.7200000000 0.0000000000 1
'C' 1.6800000000 8.4000000000 1.6800000000 1
'C' 3.3600000000 6.7200000000 3.3600000000 1
'C' 0.0000000000 10.0800000000 3.3600000000 1
'C' 3.3600000000 10.0800000000 0.0000000000 1
'C' 5.0400000000 8.4000000000 5.0400000000 1
'C' 1.6800000000 11.7600000000 5.0400000000 1
'C' 5.0400000000 11.7600000000 1.6800000000 1
'C' 6.7200000000 6.7200000000 0.0000000000 1
'C' 8.4000000000 8.4000000000 1.6800000000 1
'C' 10.0800000000 6.7200000000 3.3600000000 1
'C' 6.7200000000 10.0800000000 3.3600000000 1
'C' 10.0800000000 10.0800000000 0.0000000000 1
'C' 11.7600000000 8.4000000000 5.0400000000 1
'C' 8.4000000000 11.7600000000 5.0400000000 1
'C' 11.7600000000 11.7600000000 1.6800000000 1
'C' 13.4400000000 6.7200000000 0.0000000000 1
'C' 15.1200000000 8.4000000000 1.6800000000 1
'C' 16.8000000000 6.7200000000 3.3600000000 1
'C' 13.4400000000 10.0800000000 3.3600000000 1
'C' 16.8000000000 10.0800000000 0.0000000000 1
'C' 18.4800000000 8.4000000000 5.0400000000 1
'C' 15.1200000000 11.7600000000 5.0400000000 1
'C' 18.4800000000 11.7600000000 1.6800000000 1
'C' 20.1600000000 6.7200000000 0.0000000000 1
'C' 21.8400000000 8.4000000000 1.6800000000 1
'C' 23.5200000000 6.7200000000 3.3600000000 1
'C' 20.1600000000 10.0800000000 3.3600000000 1
'C' 23.5200000000 10.0800000000 0.0000000000 1
'C' 25.2000000000 8.4000000000 5.0400000000 1
'C' 21.8400000000 11.7600000000 5.0400000000 1
'C' 25.2000000000 11.7600000000 1.6800000000 1
'C' 26.8800000000 6.7200000000 0.0000000000 1
'C' 28.5600000000 8.4000000000 1.6800000000 1
'C' 30.2400000000 6.7200000000 3.3600000000 1
'C' 26.8800000000 10.0800000000 3.3600000000 1
'C' 30.2400000000 10.0800000000 0.0000000000 1
'C' 31.9200000000 8.4000000000 5.0400000000 1
'C' 28.5600000000 11.7600000000 5.0400000000 1
'C' 31.9200000000 11.7600000000 1.6800000000 1
'C' 33.6000000000 6.7200000000 0.0000000000 1
'C' 35.2800000000 8.4000000000 1.6800000000 1
'C' 36.9600000000 6.7200000000 3.3600000000 1
'C' 33.6000000000 10.0800000000 3.3600000000 1
'C' 36.9600000000 10.0800000000 0.0000000000 1
'C' 38.6400000000 8.4000000000 5.0400000000 1
'C' 35.2800000000 11.7600000000 5.0400000000 1
'C' 38.6400000000 11.7600000000 1.6800000000 1
'C' 40.3200000000 6.7200000000 0.0000000000 1
'C' 42.0000000000 8.4000000000 1.6800000000 1
'C' 43.6800000000 6.7200000000 3.3600000000 1
'C' 40.3200000000 10.0800000000 3.3600000000 1
'C' 43.6800000000 10.0800000000 0.0000000000 1
'C' 45.3600000000 8.4000000000 5.0400000000 1
'C' 42.0000000000 11.7600000000 5.0400000000 1
'C' 45.3600000000 11.7600000000 1.6800000000 1
'C' 47.0400000000 6.7200000000 0.0000000000 1
'C' 48.7200000000 8.4000000000 1.6800000000 1
'C' 50.4000000000 6.7200000000 3.3600000000 1
'C' 47.0400000000 10.0800000000 3.3600000000 1
'C' 50.4000000000 10.0800000000 0.0000000000 1
'C' 52.0800000000 8.4000000000 5.0400000000 1
'C' 48.7200000000 11.7600000000 5.0400000000 1
'C' 52.0800000000 11.7600000000 1.6800000000 1
'C' 0.0000000000 13.4400000000 0.0000000000 1
'C' 1.6800000000 15.1200000000 1.6800000000 1
'C' 3.3600000000 13.4400000000 3.3600000000 1
'C' 0.0000000000 16.8000000000 3.3600000000 1
'C' 3.3600000000 16.8000000000 0.0000000000 1
'C' 5.0400000000 15.1200000000 5.0400000000 1
'C' 1.6800000000 18.4800000000 5.0400000000 1
'C' 5.0400000000 18.4800000000 1.6800000000 1
'C' 6.7200000000 13.4400000000 0.0000000000 1
'C' 8.4000000000 15.1200000000 1.6800000000 1
'C' 10.0800000000 13.4400000000 3.3600000000 1
'C' 6.7200000000 16.8000000000 3.3600000000 1
'C' 10.0800000000 16.8000000000 0.0000000000 1
'C' 11.7600000000 15.1200000000 5.0400000000 1
'C' 8.4000000000 18.4800000000 5.0400000000 1
'C' 11.7600000000 18.4800000000 1.6800000000 1
'C' 13.4400000000 13.4400000000 0.0000000000 1
'C' 15.1200000000 15.1200000000 1.6800000000 1
'C' 16.8000000000 13.4400000000 3.3600000000 1
'C' 13.4400000000 16.8000000000 3.3600000000 1
'C' 16.8000000000 16.8000000000 0.0000000000 1
'C' 18.4800000000 15.1200000000 5.0400000000 1
'C' 15.1200000000 18.4800000000 5.0400000000 1
'C' 18.4800000000 18.4800000000 1.6800000000 1
'C' 20.1600000000 13.4400000000 0.0000000000 1
'C' 21.8400000000 15.1200000000 1.6800000000 1
'C' 23.5200000000 13.4400000000 3.3600000000 1
'C' 20.1600000000 16.8000000000 3.3600000000 1
'C' 23.5200000000 16.8000000000 0.0000000000 1
'C' 25.2000000000 15.1200000000 5.0400000000 1
'C' 21.8400000000 18.4800000000 5.0400000000 1
'C' 25.2000000000 18.4800000000 1.6800000000 1
'C' 26.8800000000 13.4400000000 0.0000000000 1
'C' 28.5600000000 15.1200000000 1.6800000000 1
'C' 30.2400000000 13.4400000000 3.3600000000 1
'C' 26.8800000000 16.8000000000 3.3600000000 1
'C' 30.2400000000 16.8000000000 0.0000000000 1
'C' 31.9200000000 15.1200000000 5.0400000000 1
'C' 28.5600000000 18.4800000000 5.0400000000 1
'C' 31.9200000000 18.4800000000 1.6800000000 1
'C' 33.6000000000 13.4400000000 0.0000000000 1
'C' 35.2800000000 15.1200000000 1.6800000000 1
'C' 36.9600000000 13.4400000000 3.3600000000 1
'C' 33.6000000000 16.8000000000 3.3600000000 1
'C' 36.9600000000 16.8000000000 0.0000000000 1
'C' 38.6400000000 15.1200000000 5.0400000000 1
'C' 35.2800000000 18.4800000000 5.0400000000 1
'C' 38.6400000000 18.4800000000 1.6800000000 1
'C' 40.3200000000 13.4400000000 0.0000000000 1
'C' 42.0000000000 15.1200000000 1.6800000000 1
'C' 43.6800000000 13.4400000000 3.3600000000 1
'C' 40.3200000000 16.8000000000 3.3600000000 1
'C' 43.6800000000 16.8000000000 0.0000000000 1
'C' 45.3600000000 15.1200000000 5.0400000000 1
'C' 42.0000000000 18.4800000000 5.0400000000 1
'C' 45.3600000000 18.4800000000 1.6800000000 1
'C' 47.0400000000 13.4400000000 0.0000000000 1
'C' 48.7200000000 15.1200000000 1.6800000000 1
'C' 50.4000000000 13.4400000000 3.3600000000 1
'C' 47.0400000000 16.8000000000 3.3600000000 1
'C' 50.4000000000 16.8000000000 0.0000000000 1
'C' 52.0800000000 15.1200000000 5.0400000000 1
'C' 48.7200000000 18.4800000000 5.0400000000 1
'C' 52.0800000000 18.4800000000 1.6800000000 1
'C' 0.0000000000 20.1600000000 0.0000000000 1
'C' 1.6800000000 21.8400000000 1.6800000000 1
'C' 3.3600000000 20.1600000000 3.3600000000 1
'C' 0.0000000000 23.5200000000 3.3600000000 1
'C' 3.3600000000 23.5200000000 0.0000000000 1
'C' 5.0400000000 21.8400000000 5.0400000000 1
'C' 1.6800000000 25.2000000000 5.0400000000 1
'C' 5.0400000000 25.2000000000 1.6800000000 1
'C' 6.7200000000 20.1600000000 0.0000000000 1
'C' 8.4000000000 21.8400000000 1.6800000000 1
'C' 10.0800000000 20.1600000000 3.3600000000 1
'C' 6.7200000000 23.5200000000 3.3600000000 1
'C' 10.0800000000 23.5200000000 0.0000000000 1
'C' 11.7600000000 21.8400000000 5.0400000000 1
'C' 8.4000000000 25.2000000000 5.0400000000 1
'C' 11.7600000000 25.2000000000 1.6800000000 1
'C' 13.4400000000 20.1600000000 0.0000000000 1
'C' 15.1200000000 21.8400000000 1.6800000000 1
'C' 16.8000000000 20.1600000000 3.3600000000 1
'C' 13.4400000000 23.5200000000 3.3600000000 1
'C' 16.8000000000 23.5200000000 0.0000000000 1
'C' 18.4800000000 21.8400000000 5.0400000000 1
'C' 15.1200000000 25.2000000000 5.0400000000 1
'C' 18.4800000000 25.2000000000 1.6800000000 1
'C' 20.1600000000 20.1600000000 0.0000000000 1
'C' 21.8400000000 21.8400000000 1.6800000000 1
'C' 23.5200000000 20.1600000000 3.3600000000 1
'C' 20.1600000000 23.5200000000 3.3600000000 1
'C' 23.5200000000 23.5200000000 0.0000000000 1
'C' 25.2000000000 21.8400000000 5.0400000000 1
'C' 21.8400000000 25.2000000000 5.0400000000 1
'C' 25.2000000000 25.2000000000 1.6800000000 1
'C' 26.8800000000 20.1600000000 0.0000000000 1
'C' 28.5600000000 21.8400000000 1.6800000000 1
'C' 30.2400000000 20.1600000000 3.3600000000 1
'C' 26.8800000000 23.5200000000 3.3600000000 1
'C' 30.2400000000 23.5200000000 0.0000000000 1
'C' 31.9200000000 21.8400000000 5.0400000000 1
'C' 28.5600000000 25.2000000000 5.0400000000 1
'C' 31.9200000000 25.2000000000 1.6800000000 1
'C' 33.6000000000 20.1600000000 0.0000000000 1
'C' 35.2800000000 21.8400000000 1.6800000000 1
'C' 36.9600000000 20.1600000000 3.3600000000 1
'C' 33.6000000000 23.5200000000 3.3600000000 1
'C' 36.9600000000 23.5200000000 0.0000000000 1
'C' 38.6400000000 21.8400000000 5.0400000000 1
'C' 35.2800000000 25.2000000000 5.0400000000 1
'C' 38.6400000000 25.2000000000 1.6800000000 1
'C' 40.3200000000 20.1600000000 0.0000000000 1
'C' 42.0000000000 21.8400000000 1.6800000000 1
'C' 43.6800000000 20.1600000000 3.3600000000 1
'C' 40.3200000000 23.5200000000 3.3600000000 1
'C' 43.6800000000 23.5200000000 0.0000000000 1
'C' 45.3600000000 21.8400000000 5.0400000000 1
'C' 42.0000000000 25.2000000000 5.0400000000 1
'C' 45.3600000000 25.2000000000 1.6800000000 1
'C' 47.0400000000 20.1600000000 0.0000000000 1
'C' 48.7200000000 21.8400000000 1.6800000000 1
'C' 50.4000000000 20.1600000000 3.3600000000 1
'C' 47.0400000000 23.5200000000 3.3600000000 1
'C' 50.4000000000 23.5200000000 0.0000000000 1
'C' 52.0800000000 21.8400000000 5.0400000000 1
'C' 48.7200000000 25.2000000000 5.0400000000 1
'C' 52.0800000000 25.2000000000 1.6800000000 1
'C' 0.0000000000 26.8800000000 0.0000000000 1
'C' 1.6800000000 28.5600000000 1.6800000000 1
'C' 3.3600000000 26.8800000000 3.3600000000 1
'C' 0.0000000000 30.2400000000 3.3600000000 1
'C' 3.3600000000 30.2400000000 0.0000000000 1
'C' 5.0400000000 28.5600000000 5.0400000000 1
'C' 1.6800000000 31.9200000000 5.0400000000 1
'C' 5.0400000000 31.9200000000 1.6800000000 1
'C' 6.7200000000 26.8800000000 0.0000000000 1
'C' 8.4000000000 28.5600000000 1.6800000000 1
'C' 10.0800000000 26.8800000000 3.3600000000 1
'C' 6.7200000000 30.2400000000 3.3600000000 1
'C' 10.0800000000 30.2400000000 0.0000000000 1
'C' 11.7600000000 28.5600000000 5.0400000000 1
'C' 8.4000000000 31.9200000000 5.0400000000 1
'C' 11.7600000000 31.9200000000 1.6800000000 1
'C' 13.4400000000 26.8800000000 0.0000000000 1
'C' 15.1200000000 28.5600000000 1.6800000000 1
'C' 16.8000000000 26.8800000000 3.3600000000 1
'C' 13.4400000000 30.2400000000 3.3600000000 1
'C' 16.8000000000 30.2400000000 0.0000000000 1
'C' 18.4800000000 28.5600000000 5.0400000000 1
'C' 15.1200000000 31.9200000000 5.0400000000 1
'C' 18.4800000000 31.9200000000 1.6800000000 1
'C' 20.1600000000 26.8800000000 0.0000000000 1
'C' 21.8400000000 28.5600000000 1.6800000000 1
'C' 23.5200000000 26.8800000000 3.3600000000 1
'C' 20.1600000000 30.2400000000 3.3600000000 1
'C' 23.5200000000 30.2400000000 0.0000000000 1
'C' 25.2000000000 28.5600000000 5.0400000000 1
'C' 21.8400000000 31.9200000000 5.0400000000 1
'C' 25.2000000000 31.9200000000 1.6800000000 1
'C' 26.8800000000 26.8800000000 0.0000000000 1
'C' 28.5600000000 28.5600000000 1.6800000000 1
'C' 30.2400000000 26.8800000000 3.3600000000 1
'C' 26.8800000000 30.2400000000 3.3600000000 1
'C' 30.2400000000 30.2400000000 0.0000000000 1
'C' 31.9200000000 28.5600000000 5.0400000000 1
'C' 28.5600000000 31.9200000000 5.0400000000 1
'C' 31.9200000000 31.9200000000 1.6800000000 1
'C' 33.6000000000 26.8800000000 0.0000000000 1
'C' 35.2800000000 28.5600000000 1.6800000000 1
'C' 36.9600000000 26.8800000000 3.3600000000 1
'C' 33.6000000000 30.2400000000 3.3600000000 1
'C' 36.9600000000 30.2400000000 0.0000000000 1
'C' 38.6400000000 28.5600000000 5.0400000000 1
'C' 35.2800000000 31.9200000000 5.0400000000 1
'C' 38.6400000000 31.9200000000 1.6800000000 1
'C' 40.3200000000 26.8800000000 0.0000000000 1
'C' 42.0000000000 28.5600000000 1.6800000000 1
'C' 43.6800000000 26.8800000000 3.3600000000 1
'C' 40.3200000000 30.2400000000 3.3600000000 1
'C' 43.6800000000 30.2400000000 0.0000000000 1
'C' 45.3600000000 28.5600000000 5.0400000000 1
'C' 42.0000000000 31.9200000000 5.0400000000 1
'C' 45.3600000000 31.9200000000 1.6800000000 1
'C' 47.0400000000 26.8800000000 0.0000000000 1
'C' 48.7200000000 28.5600000000 1.6800000000 1
'C' 50.4000000000 26.8800000000 3.3600000000 1
'C' 47.0400000000 30.2400000000 3.3600000000 1
'C' 50.4000000000 30.2400000000 0.0000000000 1
'C' 52.0800000000 28.5600000000 5.0400000000 1
'C' 48.7200000000 31.9200000000 5.0400000000 1
'C' 52.0800000000 31.9200000000 1.6800000000 1
'C' 0.0000000000 33.6000000000 0.0000000000 1
'C' 1.6800000000 35.2800000000 1.6800000000 1
'C' 3.3600000000 33.6000000000 3.3600000000 1
'C' 0.0000000000 36.9600000000 3.3600000000 1
'C' 3.3600000000 36.9600000000 0.0000000000 1
'C' 5.0400000000 35.2800000000 5.0400000000 1
'C' 1.6800000000 38.6400000000 5.0400000000 1
'C' 5.0400000000 38.6400000000 1.6800000000 1
'C' 6.7200000000 33.6000000000 0.0000000000 1
'C' 8.4000000000 35.2800000000 1.6800000000 1
'C' 10.0800000000 33.6000000000 3.3600000000 1
'C' 6.7200000000 36.9600000000 3.3600000000 1
'C' 10.0800000000 36.9600000000 0.0000000000 1
'C' 11.7600000000 35.2800000000 5.0400000000 1
'C' 8.4000000000 38.6400000000 5.0400000000 1
'C' 11.7600000000 38.6400000000 1.6800000000 1
'C' 13.4400000000 33.6000000000 0.0000000000 1
'C' 15.1200000000 35.2800000000 1.6800000000 1
'C' 16.8000000000 33.6000000000 3.3600000000 1
'C' 13.4400000000 36.9600000000 3.3600000000 1
'C' 16.8000000000 36.9600000000 0.0000000000 1
'C' 18.4800000000 35.2800000000 5.0400000000 1
'C' 15.1200000000 38.6400000000 5.0400000000 1
'C' 18.4800000000 38.6400000000 1.6800000000 1
'C' 20.1600000000 33.6000000000 0.0000000000 1
'C' 21.8400000000 35.2800000000 1.6800000000 1
'C' 23.5200000000 33.6000000000 3.3600000000 1
'C' 20.1600000000 36.9600000000 3.3600000000 1
'C' 23.5200000000 36.9600000000 0.0000000000 1
'C' 25.2000000000 35.2800000000 5.0400000000 1
'C' 21.8400000000 38.6400000000 5.0400000000 1
'C' 25.2000000000 38.6400000000 1.6800000000 1
'C' 26.8800000000 33.6000000000 0.0000000000 1
'C' 28.5600000000 35.2800000000 1.6800000000 1
'C' 30.2400000000 33.6000000000 3.3600000000 1
'C' 26.8800000000 36.9600000000 3.3600000000 1
'C' 30.2400000000 36.9600000000 0.0000000000 1
'C' 31.9200000000 35.2800000000 5.0400000000 1
'C' 28.5600000000 38.6400000000 5.0400000000 1
'C' 31.9200000000 38.6400000000 1.6800000000 1
'C' 33.6000000000 33.6000000000 0.0000000000 1
'C' 35.2800000000 35.2800000000 1.6800000000 1
'C' 36.9600000000 33.6000000000 3.3600000000 1
'C' 33.6000000000 36.9600000000 3.3600000000 1
'C' 36.9600000000 36.9600000000 0.0000000000 1
'C' 38.6400000000 35.2800000000 5.0400000000 1
'C' 35.2800000000 38.6400000000 5.0400000000 1
'C' 38.6400000000 38.6400000000 1.6800000000 1
'C' 40.3200000000 33.6000000000 0.0000000000 1
'C' 42.0000000000 35.2800000000 1.6800000000 1
'C' 43.6800000000 33.6000000000 3.3600000000 1
'C' 40.3200000000 36.9600000000 3.3600000000 1
'C' 43.6800000000 36.9600000000 0.0000000000 1
'C' 45.3600000000 35.2800000000 5.0400000000 1
'C' 42.0000000000 38.6400000000 5.0400000000 1
'C' 45.3600000000 38.6400000000 1.6800000000 1
'C' 47.0400000000 33.6000000000 0.0000000000 1
'C' 48.7200000000 35.2800000000 1.6800000000 1
'C' 50.4000000000 33.6000000000 3.3600000000 1
'C' 47.0400000000 36.9600000000 3.3600000000 1
'C' 50.4000000000 36.9600000000 0.0000000000 1
'C' 52.0800000000 35.2800000000 5.0400000000 1
'C' 48.7200000000 38.6400000000 5.0400000000 1
'C' 52.0800000000 38.6400000000 1.6800000000 1
'C' 0.0000000000 40.3200000000 0.0000000000 1
'C' 1.6800000000 42.0000000000 1.6800000000 1
'C' 3.3600000000 40.3200000000 3.3600000000 1
'C' 0.0000000000 43.6800000000 3.3600000000 1
'C' 3.3600000000 43.6800000000 0.0000000000 1
'C' 5.0400000000 42.0000000000 5.0400000000 1
'C' 1.6800000000 45.3600000000 5.0400000000 1
'C' 5.0400000000 45.3600000000 1.6800000000 1
'C' 6.7200000000 40.3200000000 0.0000000000 1
'C' 8.4000000000 42.0000000000 1.6800000000 1
'C' 10.0800000000 40.3200000000 3.3600000000 1
'C' 6.7200000000 43.6800000000 3.3600000000 1
'C' 10.0800000000 43.6800000000 0.0000000000 1
'C' 11.7600000000 42.0000000000 5.0400000000 1
'C' 8.4000000000 45.3600000000 5.0400000000 1
'C' 11.7600000000 45.3600000000 1.6800000000 1
'C' 13.4400000000 40.3200000000 0.0000000000 1
'C' 15.1200000000 42.0000000000 1.6800000000 1
'C' 16.8000000000 40.3200000000 3.3600000000 1
'C' 13.4400000000 43.6800000000 3.3600000000 1
'C' 16.8000000000 43.6800000000 0.0000000000 1
'C' 18.4800000000 42.0000000000 5.0400000000 1
'C' 15.1200000000 45.3600000000 5.0400000000 1
'C' 18.4800000000 45.3600000000 1.6800000000 1
'C' 20.1600000000 40.3200000000 0.0000000000 1
'C' 21.8400000000 42.0000000000 1.6800000000 1
'C' 23.5200000000 40.3200000000 3.3600000000 1
'C' 20.1600000000 43.6800000000 3.3600000000 1
'C' 23.5200000000 43.6800000000 0.0000000000 1
'C' 25.2000000000 42.0000000000 5.0400000000 1
'C' 21.8400000000 45.3600000000 5.0400000000 1
'C' 25.2000000000 45.3600000000 1.6800000000 1
'C' 26.8800000000 40.3200000000 0.0000000000 1
'C' 28.5600000000 42.0000000000 1.6800000000 1
'C' 30.2400000000 40.3200000000 3.3600000000 1
'C' 26.8800000000 43.6800000000 3.3600000000 1
'C' 30.2400000000 43.6800000000 0.0000000000 1
'C' 31.9200000000 42.0000000000 5.0400000000 1
'C' 28.5600000000 45.3600000000 5.0400000000 1
'C' 31.9200000000 45.3600000000 1.6800000000 1
'C' 33.6000000000 40.3200000000 0.0000000000 1
'C' 35.2800000000 42.0000000000 1.6800000000 1
'C' 36.9600000000 40.3200000000 3.3600000000 1
'C' 33.6000000000 43.6800000000 3.3600000000 1
'C' 36.9600000000 43.6800000000 0.0000000000 1
'C' 38.6400000000 42.0000000000 5.0400000000 1
'C' 35.2800000000 45.3600000000 5.0400000000 1
'C' 38.6400000000 45.3600000000 1.6800000000 1
'C' 40.3200000000 40.3200000000 0.0000000000 1
'C' 42.0000000000 42.0000000000 1.6800000000 1
'C' 43.6800000000 40.3200000000 3.3600000000 1
'C' 40.3200000000 43.6800000000 3.3600000000 1
'C' 43.6800000000 43.6800000000 0.0000000000 1
'C' 45.3600000000 42.0000000000 5.0400000000 1
'C' 42.0000000000 45.3600000000 5.0400000000 1
'C' 45.3600000000 45.3600000000 1.6800000000 1
'C' 47.0400000000 40.3200000000 0.0000000000 1
'C' 48.7200000000 42.0000000000 1.6800000000 1
'C' 50.4000000000 40.3200000000 3.3600000000 1
'C' 47.0400000000 43.6800000000 3.3600000000 1
'C' 50.4000000000 43.6800000000 0.0000000000 1
'C' 52.0800000000 42.0000000000 5.0400000000 1
'C' 48.7200000000 45.3600000000 5.0400000000 1
'C' 52.0800000000 45.3600000000 1.6800000000 1
'C' 0.0000000000 47.0400000000 0.0000000000 1
'C' 1.6800000000 48.7200000000 1.6800000000 1
'C' 3.3600000000 47.0400000000 3.3600000000 1
'C' 0.0000000000 50.4000000000 3.3600000000 1
'C' 3.3600000000 50.4000000000 0.0000000000 1
'C' 5.0400000000 48.7200000000 5.0400000000 1
'C' 1.6800000000 52.0800000000 5.0400000000 1
'C' 5.0400000000 52.0800000000 1.6800000000 1
'C' 6.7200000000 47.0400000000 0.0000000000 1
'C' 8.4000000000 48.7200000000 1.6800000000 1
'C' 10.0800000000 47.0400000000 3.3600000000 1
'C' 6.7200000000 50.4000000000 3.3600000000 1
'C' 10.0800000000 50.4000000000 0.0000000000 1
'C' 11.7600000000 48.7200000000 5.0400000000 1
'C' 8.4000000000 52.0800000000 5.0400000000 1
'C' 11.7600000000 52.0800000000 1.6800000000 1
'C' 13.4400000000 47.0400000000 0.0000000000 1
'C' 15.1200000000 48.7200000000 1.6800000000 1
'C' 16.8000000000 47.0400000000 3.3600000000 1
'C' 13.4400000000 50.4000000000 3.3600000000 1
'C' 16.8000000000 50.4000000000 0.0000000000 1
'C' 18.4800000000 48.7200000000 5.0400000000 1
'C' 15.1200000000 52.0800000000 5.0400000000 1
'C' 18.4800000000 52.0800000000 1.6800000000 1
'C' 20.1600000000 47.0400000000 0.0000000000 1
'C' 21.8400000000 48.7200000000 1.6800000000 1
'C' 23.5200000000 47.0400000000 3.3600000000 1
'C' 20.1600000000 50.4000000000 3.3600000000 1
'C' 23.5200000000 50.4000000000 0.0000000000 1
'C' 25.2000000000 48.7200000000 5.0400000000 1
'C' 21.8400000000 52.0800000000 5.0400000000 1
'C' 25.2000000000 52.0800000000 1.6800000000 1
'C' 26.8800000000 47.0400000000 0.0000000000 1
'C' 28.5600000000 48.7200000000 1.6800000000 1
'C' 30.2400000000 47.0400000000 3.3600000000 1
'C' 26.8800000000 50.4000000000 3.3600000000 1
'C' 30.2400000000 50.4000000000 0.0000000000 1
'C' 31.9200000000 48.7200000000 5.0400000000 1
'C' 28.5600000000 52.0800000000 5.0400000000 1
'C' 31.9200000000 52.0800000000 1.6800000000 1
'C' 33.6000000000 47.0400000000 0.0000000000 1
'C' 35.2800000000 48.7200000000 1.6800000000 1
'C' 36.9600000000 47.0400000000 3.3600000000 1
'C' 33.6000000000 50.4000000000 3.3600000000 1
'C' 36.9600000000 50.4000000000 0.0000000000 1
'C' 38.6400000000 48.7200000000 5.0400000000 1
'C' 35.2800000000 52.0800000000 5.0400000000 1
'C' 38.6400000000 52.0800000000 1.6800000000 1
'C' 40.3200000000 47.0400000000 0.0000000000 1
'C' 42.0000000000 48.7200000000 1.6800000000 1
'C' 43.6800000000 47.0400000000 3.3600000000 1
'C' 40.3200000000 50.4000000000 3.3600000000 1
'C' 43.6800000000 50.4000000000 0.0000000000 1
'C' 45.3600000000 48.7200000000 5.0400000000 1
'C' 42.0000000000 52.0800000000 5.0400000000 1
'C' 45.3600000000 52.0800000000 1.6800000000 1
'C' 47.0400000000 47.0400000000 0.0000000000 1
'C' 48.7200000000 48.7200000000 1.6800000000 1
'C' 50.4000000000 47.0400000000 3.3600000000 1
'C' 47.0400000000 50.4000000000 3.3600000000 1
'C' 50.4000000000 50.4000000000 0.0000000000 1
'C' 52.0800000000 48.7200000000 5.0400000000 1
'C' 48.7200000000 52.0800000000 5.0400000000 1
'C' 52.0800000000 52.0800000000 1.6800000000 1
'C' 0.0000000000 0.0000000000 6.7200000000 1
'C' 1.6800000000 1.6800000000 8.4000000000 1
'C' 3.3600000000 0.0000000000 10.0800000000 1
'C' 0.0000000000 3.3600000000 10.0800000000 1
'C' 3.3600000000 3.3600000000 6.7200000000 1
'C' 5.0400000000 1.6800000000 11.7600000000 1
'C' 1.6800000000 5.0400000000 11.7600000000 1
'C' 5.0400000000 5.0400000000 8.4000000000 1
'C' 6.7200000000 0.0000000000 6.7200000000 1
'C' 8.4000000000 1.6800000000 8.4000000000 1
'C' 10.0800000000 0.0000000000 10.0800000000 1
'C' 6.7200000000 3.3600000000 10.0800000000 1
'C' 10.0800000000 3.3600000000 6.7200000000 1
'C' 11.7600000000 1.6800000000 11.7600000000 1
'C' 8.4000000000 5.0400000000 11.7600000000 1
'C' 11.7600000000 5.0400000000 8.4000000000 1
'C' 13.4400000000 0.0000000000 6.7200000000 1
'C' 15.1200000000 1.6800000000 8.4000000000 1
'C' 16.8000000000 0.0000000000 10.0800000000 1
'C' 13.4400000000 3.3600000000 10.0800000000 1
'C' 16.8000000000 3.3600000000 6.7200000000 1
'C' 18.4800000000 1.6800000000 11.7600000000 1
'C' 15.1200000000 5.0400000000 11.7600000000 1
'C' 18.4800000000 5.0400000000 8.4000000000 1
'C' 20.1600000000 0.0000000000 6.7200000000 1
'C' 21.8400000000 1.6800000000 8.4000000000 1
'C' 23.5200000000 0.0000000000 10.0800000000 1
'C' 20.1600000000 3.3600000000 10.0800000000 1
'C' 23.5200000000 3.3600000000 6.7200000000 1
'C' 25.2000000000 1.6800000000 11.7600000000 1
'C' 21.8400000000 5.0400000000 11.7600000000 1
'C' 25.2000000000 5.0400000000 8.4000000000 1
'C' 26.8800000000 0.0000000000 6.7200000000 1
'C' 28.5600000000 1.6800000000 8.4000000000 1
'C' 30.2400000000 0.0000000000 10.0800000000 1
'C' 26.8800000000 3.3600000000 10.0800000000 1
'C' 30.2400000000 3.3600000000 6.7200000000 1
'C' 31.9200000000 1.6800000000 11.7600000000 1
'C' 28.5600000000 5.0400000000 11.7600000000 1
'C' 31.9200000000 5.0400000000 8.4000000000 1
'C' 33.6000000000 0.0000000000 6.7200000000 1
'C' 35.2800000000 1.6800000000 8.4000000000 1
'C' 36.9600000000 0.0000000000 10.0800000000 1
'C' 33.6000000000 3.3600000000 10.0800000000 1
'C' 36.9600000000 3.3600000000 6.7200000000 1
'C' 38.6400000000 1.6800000000 11.7600000000 1
'C' 35.2800000000 5.0400000000 11.7600000000 1
'C' 38.6400000000 5.0400000000 8.4000000000 1
'C' 40.3200000000 0.0000000000 6.7200000000 1
'C' 42.0000000000 1.6800000000 8.4000000000 1
'C' 43.6800000000 0.0000000000 10.0800000000 1
'C' 40.3200000000 3.3600000000 10.0800000000 1
'C' 43.6800000000 3.3600000000 6.7200000000 1
'C' 45.3600000000 1.6800000000 11.7600000000 1
'C' 42.0000000000 5.0400000000 11.7600000000 1
'C' 45.3600000000 5.0400000000 8.4000000000 1
'C' 47.0400000000 0.0000000000 6.7200000000 1
'C' 48.7200000000 1.6800000000 8.4000000000 1
'C' 50.4000000000 0.0000000000 10.0800000000 1
'C' 47.0400000000 3.3600000000 10.0800000000 1
'C' 50.4000000000 3.3600000000 6.7200000000 1
'C' 52.0800000000 1.6800000000 11.7600000000 1
'C' 48.7200000000 5.0400000000 11.7600000000 1
'C' 52.0800000000 5.0400000000 8.4000000000 1
'C' 0.0000000000 6.7200000000 6.7200000000 1
'C' 1.6800000000 8.4000000000 8.4000000000 1
'C' 3.3600000000 6.7200000000 10.0800000000 1
'C' 0.0000000000 10.0800000000 10.0800000000 1
'C' 3.3600000000 10.0800000000 6.7200000000 1
'C' 5.0400000000 8.4000000000 11.7600000000 1
'C' 1.6800000000 11.7600000000 11.7600000000 1
'C' 5.0400000000 11.7600000000 8.4000000000 1
'C' 6.7200000000 6.7200000000 6.7200000000 1
'C' 8.4000000000 8.4000000000 8.4000000000 1
'C' 10.0800000000 6.7200000000 10.0800000000 1
'C' 6.7200000000 10.0800000000 10.0800000000 1
'C' 10.0800000000 10.0800000000 6.7200000000 1
'C' 11.7600000000 8.4000000000 11.7600000000 1
'C' 8.4000000000 11.7600000000 11.7600000000 1
'C' 11.7600000000 11.7600000000 8.4000000000 1
'C' 13.4400000000 6.7200000000 6.7200000000 1
'C' 15.1200000000 8.4000000000 8.4000000000 1
'C' 16.8000000000 6.7200000000 10.0800000000 1
'C' 13.4400000000 10.0800000000 10.0800000000 1
'C' 16.8000000000 10.0800000000 6.7200000000 1
'C' 18.4800000000 8.4000000000 11.7600000000 1
'C' 15.1200000000 11.7600000000 11.7600000000 1
'C' 18.4800000000 11.7600000000 8.4000000000 1
'C' 20.1600000000 6.7200000000 6.7200000000 1
'C' 21.8400000000 8.4000000000 8.4000000000 1
'C' 23.5200000000 6.7200000000 10.0800000000 1
'C' 20.1600000000 10.0800000000 10.0800000000 1
'C' 23.5200000000 10.0800000000 6.7200000000 1
'C' 25.2000000000 8.4000000000 11.7600000000 1
'C' 21.8400000000 11.7600000000 11.7600000000 1
'C' 25.2000000000 11.7600000000 8.4000000000 1
'C' 26.8800000000 6.7200000000 6.7200000000 1
'C' 28.5600000000 8.4000000000 8.4000000000 1
'C' 30.2400000000 6.7200000000 10.0800000000 1
'C' 26.8800000000 10.0800000000 10.0800000000 1
'C' 30.2400000000 10.0800000000 6.7200000000 1
'C' 31.9200000000 8.4000000000 11.7600000000 1
'C' 28.5600000000 11.7600000000 11.7600000000 1
'C' 31.9200000000 11.7600000000 8.4000000000 1
'C' 33.6000000000 6.7200000000 6.7200000000 1
'C' 35.2800000000 8.4000000000 8.4000000000 1
'C' 36.9600000000 6.7200000000 10.0800000000 1
'C' 33.6000000000 10.0800000000 10.0800000000 1
'C' 36.9600000000 10.0800000000 6.7200000000 1
'C' 38.6400000000 8.4000000000 11.7600000000 1
'C' 35.2800000000 11.7600000000 11.7600000000 1
'C' 38.6400000000 11.7600000000 8.4000000000 1
'C' 40.3200000000 6.7200000000 6.7200000000 1
'C' 42.0000000000 8.4000000000 8.4000000000 1
'C' 43.6800000000 6.7200000000 10.0800000000 1
'C' 40.3200000000 10.0800000000 10.0800000000 1
'C' 43.6800000000 10.0800000000 6.7200000000 1
'C' 45.3600000000 8.4000000000 11.7600000000 1
'C' 42.0000000000 11.7600000000 11.7600000000 1
'C' 45.3600000000 11.7600000000 8.4000000000 1
'C' 47.0400000000 6.7200000000 6.7200000000 1
'C' 48.7200000000 8.4000000000 8.4000000000 1
'C' 50.4000000000 6.7200000000 10.0800000000 1
'C' 47.0400000000 10.0800000000 10.0800000000 1
'C' 50.4000000000 10.0800000000 6.7200000000 1
'C' 52.0800000000 8.4000000000 11.7600000000 1
'C' 48.7200000000 11.7600000000 11.7600000000 1
'C' 52.0800000000 11.7600000000 8.4000000000 1
'C' 0.0000000000 13.4400000000 6.7200000000 1
'C' 1.6800000000 15.1200000000 8.4000000000 1
'C' 3.3600000000 13.4400000000 10.0800000000 1
'C' 0.0000000000 16.8000000000 10.0800000000 1
'C' 3.3600000000 16.8000000000 6.7200000000 1
'C' 5.0400000000 15.1200000000 11.7600000000 1
'C' 1.6800000000 18.4800000000 11.7600000000 1
'C' 5.0400000000 18.4800000000 8.4000000000 1
'C' 6.7200000000 13.4400000000 6.7200000000 1
'C' 8.4000000000 15.1200000000 8.4000000000 1
'C' 10.0800000000 13.4400000000 10.0800000000 1
'C' 6.7200000000 16.8000000000 10.0800000000 1
'C' 10.0800000000 16.8000000000 6.7200000000 1
'C' 11.7600000000 15.1200000000 11.7600000000 1
'C' 8.4000000000 18.4800000000 11.7600000000 1
'C' 11.7600000000 18.4800000000 8.4000000000 1
'C' 13.4400000000 13.4400000000 6.7200000000 1
'C' 15.1200000000 15.1200000000 8.4000000000 1
'C' 16.8000000000 13.4400000000 10.0800000000 1
'C' 13.4400000000 16.8000000000 10.0800000000 1
'C' 16.8000000000 16.8000000000 6.7200000000 1
'C' 18.4800000000 15.1200000000 11.7600000000 1
'C' 15.1200000000 18.4800000000 11.7600000000 1
'C' 18.4800000000 18.4800000000 8.4000000000 1
'C' 20.1600000000 13.4400000000 6.7200000000 1
'C' 21.8400000000 15.1200000000 8.4000000000 1
'C' 23.5200000000 13.4400000000 10.0800000000 1
'C' 20.1600000000 16.8000000000 10.0800000000 1
'C' 23.5200000000 16.8000000000 6.7200000000 1
'C' 25.2000000000 15.1200000000 11.7600000000 1
'C' 21.8400000000 18.4800000000 11.7600000000 1
'C' 25.2000000000 18.4800000000 8.4000000000 1
'C' 26.8800000000 13.4400000000 6.7200000000 1
'C' 28.5600000000 15.1200000000 8.4000000000 1
'C' 30.2400000000 13.4400000000 10.0800000000 1
'C' 26.8800000000 16.8000000000 10.0800000000 1
'C' 30.2400000000 16.8000000000 6.7200000000 1
'C' 31.9200000000 15.1200000000 11.7600000000 1
'C' 28.5600000000 18.4800000000 11.7600000000 1
'C' 31.9200000000 18.4800000000 8.4000000000 1
'C' 33.6000000000 13.4400000000 6.7200000000 1
'C' 35.2800000000 15.1200000000 8.4000000000 1
'C' 36.9600000000 13.4400000000 10.0800000000 1
'C' 33.6000000000 16.8000000000 10.0800000000 1
'C' 36.9600000000 16.8000000000 6.7200000000 1
'C' 38.6400000000 15.1200000000 11.7600000000 1
'C' 35.2800000000 18.4800000000 11.7600000000 1
'C' 38.6400000000 18.4800000000 8.4000000000 1
'C' 40.3200000000 13.4400000000 6.7200000000 1
'C' 42.0000000000 15.1200000000 8.4000000000 1
'C' 43.6800000000 13.4400000000 10.0800000000 1
'C' 40.3200000000 16.8000000000 10.0800000000 1
'C' 43.6800000000 16.8000000000 6.7200000000 1
'C' 45.3600000000 15.1200000000 11.7600000000 1
'C' 42.0000000000 18.4800000000 11.7600000000 1
'C' 45.3600000000 18.4800000000 8.4000000000 1
'C' 47.0400000000 13.4400000000 6.7200000000 1
'C' 48.7200000000 15.1200000000 8.4000000000 1
'C' 50.4000000000 13.4400000000 10.0800000000 1
'C' 47.0400000000 16.8000000000 10.0800000000 1
'C' 50.4000000000 16.8000000000 6.7200000000 1
'C' 52.0800000000 15.1200000000 11.7600000000 1
'C' 48.7200000000 18.4800000000 11.7600000000 1
'C' 52.0800000000 18.4800000000 8.4000000000 1
'C' 0.0000000000 20.1600000000 6.7200000000 1
'C' 1.6800000000 21.8400000000 8.4000000000 1
'C' 3.3600000000 20.1600000000 10.0800000000 1
'C' 0.0000000000 23.5200000000 10.0800000000 1
'C' 3.3600000000 23.5200000000 6.7200000000 1
'C' 5.0400000000 21.8400000000 11.7600000000 1
'C' 1.6800000000 25.2000000000 11.7600000000 1
'C' 5.0400000000 25.2000000000 8.4000000000 1
'C' 6.7200000000 20.1600000000 6.7200000000 1
'C' 8.4000000000 21.8400000000 8.4000000000 1
'C' 10.0800000000 20.1600000000 10.0800000000 1
'C' 6.7200000000 23.5200000000 10.0800000000 1
'C' 10.0800000000 23.5200000000 6.7200000000 1
'C' 11.7600000000 21.8400000000 11.7600000000 1
'C' 8.4000000000 25.2000000000 11.7600000000 1
'C' 11.7600000000 25.2000000000 8.4000000000 1
'C' 13.4400000000 20.1600000000 6.7200000000 1
'C' 15.1200000000 21.8400000000 8.4000000000 1
'C' 16.8000000000 20.1600000000 10.0800000000 1
'C' 13.4400000000 23.5200000000 10.0800000000 1
'C' 16.8000000000 23.5200000000 6.7200000000 1
'C' 18.4800000000 21.8400000000 11.7600000000 1
'C' 15.1200000000 25.2000000000 11.7600000000 1
'C' 18.4800000000 25.2000000000 8.4000000000 1
'C' 20.1600000000 20.1600000000 6.7200000000 1
'C' 21.8400000000 21.8400000000 8.4000000000 1
'C' 23.5200000000 20.1600000000 10.0800000000 1
'C' 20.1600000000 23.5200000000 10.0800000000 1
'C' 23.5200000000 23.5200000000 6.7200000000 1
'C' 25.2000000000 21.8400000000 11.7600000000 1
'C' 21.8400000000 25.2000000000 11.7600000000 1
'C' 25.2000000000 25.2000000000 8.4000000000 1
'C' 26.8800000000 20.1600000000 6.7200000000 1
'C' 28.5600000000 21.8400000000 8.4000000000 1
'C' 30.2400000000 20.1600000000 10.0800000000 1
'C' 26.8800000000 23.5200000000 10.0800000000 1
'C' 30.2400000000 23.5200000000 6.7200000000 1
'C' 31.9200000000 21.8400000000 11.7600000000 1
'C' 28.5600000000 25.2000000000 11.7600000000 1
'C' 31.9200000000 25.2000000000 8.4000000000 1
'C' 33.6000000000 20.1600000000 6.7200000000 1
'C' 35.2800000000 21.8400000000 8.4000000000 1
'C' 36.9600000000 20.1600000000 10.0800000000 1
'C' 33.6000000000 23.5200000000 10.0800000000 1
'C' 36.9600000000 23.5200000000 6.7200000000 1
'C' 38.6400000000 21.8400000000 11.7600000000 1
'C' 35.2800000000 25.2000000000 11.7600000000 1
'C' 38.6400000000 25.2000000000 8.4000000000 1
'C' 40.3200000000 20.1600000000 6.7200000000 1
'C' 42.0000000000 21.8400000000 8.4000000000 1
'C' 43.6800000000 20.1600000000 10.0800000000 1
'C' 40.3200000000 23.5200000000 10.0800000000 1
'C' 43.6800000000 23.5200000000 6.7200000000 1
'C' 45.3600000000 21.8400000000 11.7600000000 1
'C' 42.0000000000 25.2000000000 11.7600000000 1
'C' 45.3600000000 25.2000000000 8.4000000000 1
'C' 47.0400000000 20.1600000000 6.7200000000 1
'C' 48.7200000000 21.8400000000 8.4000000000 1
'C' 50.4000000000 20.1600000000 10.0800000000 1
'C' 47.0400000000 23.5200000000 10.0800000000 1
'C' 50.4000000000 23.5200000000 6.7200000000 1
'C' 52.0800000000 21.8400000000 11.7600000000 1
'C' 48.7200000000 25.2000000000 11.7600000000 1
'C' 52.0800000000 25.2000000000 8.4000000000 1
'C' 0.0000000000 26.8800000000 6.7200000000 1
'C' 1.6800000000 28.5600000000 8.4000000000 1
'C' 3.3600000000 26.8800000000 10.0800000000 1
'C' 0.0000000000 30.2400000000 10.0800000000 1
'C' 3.3600000000 30.2400000000 6.7200000000 1
'C' 5.0400000000 28.5600000000 11.7600000000 1
'C' 1.6800000000 31.9200000000 11.7600000000 1
'C' 5.0400000000 31.9200000000 8.4000000000 1
'C' 6.7200000000 26.8800000000 6.7200000000 1
'C' 8.4000000000 28.5600000000 8.4000000000 1
'C' 10.0800000000 26.8800000000 10.0800000000 1
'C' 6.7200000000 30.2400000000 10.0800000000 1
'C' 10.0800000000 30.2400000000 6.7200000000 1
'C' 11.7600000000 28.5600000000 11.7600000000 1
'C' 8.4000000000 31.9200000000 11.7600000000 1
'C' 11.7600000000 31.9200000000 8.4000000000 1
'C' 13.4400000000 26.8800000000 6.7200000000 1
'C' 15.1200000000 28.5600000000 8.4000000000 1
'C' 16.8000000000 26.8800000000 10.0800000000 1
'C' 13.4400000000 30.2400000000 10.0800000000 1
'C' 16.8000000000 30.2400000000 6.7200000000 1
'C' 18.4800000000 28.5600000000 11.7600000000 1
'C' 15.1200000000 31.9200000000 11.7600000000 1
'C' 18.4800000000 31.9200000000 8.4000000000 1
'C' 20.1600000000 26.8800000000 6.7200000000 1
'C' 21.8400000000 28.5600000000 8.4000000000 1
'C' 23.5200000000 26.8800000000 10.0800000000 1
'C' 20.1600000000 30.2400000000 10.0800000000 1
'C' 23.5200000000 30.2400000000 6.7200000000 1
'C' 25.2000000000 28.5600000000 11.7600000000 1
'C' 21.8400000000 31.9200000000 11.7600000000 1
'C' 25.2000000000 31.9200000000 8.4000000000 1
'C' 26.8800000000 26.8800000000 6.7200000000 1
'C' 28.5600000000 28.5600000000 8.4000000000 1
'C' 30.2400000000 26.8800000000 10.0800000000 1
'C' 26.8800000000 30.2400000000 10.0800000000 1
'C' 30.2400000000 30.2400000000 6.7200000000 1
'C' 31.9200000000 28.5600000000 11.7600000000 1
'C' 28.5600000000 31.9200000000 11.7600000000 1
'C' 31.9200000000 31.9200000000 8.4000000000 1
'C' 33.6000000000 26.8800000000 6.7200000000 1
'C' 35.2800000000 28.5600000000 8.4000000000 1
'C' 36.9600000000 26.8800000000 10.0800000000 1
'C' 33.6000000000 30.2400000000 10.0800000000 1
'C' 36.9600000000 30.2400000000 6.7200000000 1
'C' 38.6400000000 28.5600000000 11.7600000000 1
'C' 35.2800000000 31.9200000000 11.7600000000 1
'C' 38.6400000000 31.9200000000 8.4000000000 1
'C' 40.3200000000 26.8800000000 6.7200000000 1
'C' 42.0000000000 28.5600000000 8.4000000000 1
'C' 43.6800000000 26.8800000000 10.0800000000 1
'C' 40.3200000000 30.2400000000 10.0800000000 1
'C' 43.6800000000 30.2400000000 6.7200000000 1
'C' 45.3600000000 28.5600000000 11.7600000000 1
'C' 42.0000000000 31.9200000000 11.7600000000 1
'C' 45.3600000000 31.9200000000 8.4000000000 1
'C' 47.0400000000 26.8800000000 6.7200000000 1
'C' 48.7200000000 28.5600000000 8.4000000000 1
'C' 50.4000000000 26.8800000000 10.0800000000 1
'C' 47.0400000000 30.2400000000 10.0800000000 1
'C' 50.4000000000 30.2400000000 6.7200000000 1
'C' 52.0800000000 28.5600000000 11.7600000000 1
'C' 48.7200000000 31.9200000000 11.7600000000 1
'C' 52.0800000000 31.9200000000 8.4000000000 1
'C' 0.0000000000 33.6000000000 6.7200000000 1
'C' 1.6800000000 35.2800000000 8.4000000000 1
'C' 3.3600000000 33.6000000000 10.0800000000 1
'C' 0.0000000000 36.9600000000 10.0800000000 1
'C' 3.3600000000 36.9600000000 6.7200000000 1
'C' 5.0400000000 35.2800000000 11.7600000000 1
'C' 1.6800000000 38.6400000000 11.7600000000 1
'C' 5.0400000000 38.6400000000 8.4000000000 1
'C' 6.7200000000 33.6000000000 6.7200000000 1
'C' 8.4000000000 35.2800000000 8.4000000000 1
'C' 10.0800000000 33.6000000000 10.0800000000 1
'C' 6.7200000000 36.9600000000 10.0800000000 1
'C' 10.0800000000 36.9600000000 6.7200000000 1
'C' 11.7600000000 35.2800000000 11.7600000000 1
'C' 8.4000000000 38.6400000000 11.7600000000 1
'C' 11.7600000000 38.6400000000 8.4000000000 1
'C' 13.4400000000 33.6000000000 6.7200000000 1
'C' 15.1200000000 35.2800000000 8.4000000000 1
'C' 16.8000000000 33.6000000000 10.0800000000 1
'C' 13.4400000000 36.9600000000 10.0800000000 1
'C' 16.8000000000 36.9600000000 6.7200000000 1
'C' 18.4800000000 35.2800000000 11.7600000000 1
'C' 15.1200000000 38.6400000000 11.7600000000 1
'C' 18.4800000000 38.6400000000 8.4000000000 1
'C' 20.1600000000 33.6000000000 6.7200000000 1
'C' 21.8400000000 35.2800000000 8.4000000000 1
'C' 23.5200000000 33.6000000000 10.0800000000 1
'C' 20.1600000000 36.9600000000 10.0800000000 1
'C' 23.5200000000 36.9600000000 6.7200000000 1
'C' 25.2000000000 35.2800000000 11.7600000000 1
'C' 21.8400000000 38.6400000000 11.7600000000 1
'C' 25.2000000000 38.6400000000 8.4000000000 1
'C' 26.8800000000 33.6000000000 6.7200000000 1
'C' 28.5600000000 35.2800000000 8.4000000000 1
'C' 30.2400000000 33.6000000000 10.0800000000 1
'C' 26.8800000000 36.9600000000 10.0800000000 1
'C' 30.2400000000 36.9600000000 6.7200000000 1
'C' 31.9200000000 35.2800000000 11.7600000000 1
'C' 28.5600000000 38.6400000000 11.7600000000 1
'C' 31.9200000000 38.6400000000 8.4000000000 1
'C' 33.6000000000 33.6000000000 6.7200000000 1
'C' 35.2800000000 35.2800000000 8.4000000000 1
'C' 36.9600000000 33.6000000000 10.0800000000 1
'C' 33.6000000000 36.9600000000 10.0800000000 1
'C' 36.9600000000 36.9600000000 6.7200000000 1
'C' 38.6400000000 35.2800000000 11.7600000000 1
'C' 35.2800000000 38.6400000000 11.7600000000 1
'C' 38.6400000000 38.6400000000 8.4000000000 1
'C' 40.3200000000 33.6000000000 6.7200000000 1
'C' 42.0000000000 35.2800000000 8.4000000000 1
'C' 43.6800000000 33.6000000000 10.0800000000 1
'C' 40.3200000000 36.9600000000 10.0800000000 1
'C' 43.6800000000 36.9600000000 6.7200000000 1
'C' 45.3600000000 35.2800000000 11.7600000000 1
'C' 42.0000000000 38.6400000000 11.7600000000 1
'C' 45.3600000000 38.6400000000 8.4000000000 1
'C' 47.0400000000 33.6000000000 6.7200000000 1
'C' 48.7200000000 35.2800000000 8.4000000000 1
'C' 50.4000000000 33.6000000000 10.0800000000 1
'C' 47.0400000000 36.9600000000 10.0800000000 1
'C' 50.4000000000 36.9600000000 6.7200000000 1
'C' 52.0800000000 35.2800000000 11.7600000000 1
'C' 48.7200000000 38.6400000000 11.7600000000 1
'C' 52.0800000000 38.6400000000 8.4000000000 1
'C' 0.0000000000 40.3200000000 6.7200000000 1
'C' 1.6800000000 42.0000000000 8.4000000000 1
'C' 3.3600000000 40.3200000000 10.0800000000 1
'C' 0.0000000000 43.6800000000 10.0800000000 1
'C' 3.3600000000 43.6800000000 6.7200000000 1
'C' 5.0400000000 42.0000000000 11.7600000000 1
'C' 1.6800000000 45.3600000000 11.7600000000 1
'C' 5.0400000000 45.3600000000 8.4000000000 1
'C' 6.7200000000 40.3200000000 6.7200000000 1
'C' 8.4000000000 42.0000000000 8.4000000000 1
'C' 10.0800000000 40.3200000000 10.0800000000 1
'C' 6.7200000000 43.6800000000 10.0800000000 1
'C' 10.0800000000 43.6800000000 6.7200000000 1
'C' 11.7600000000 42.0000000000 11.7600000000 1
'C' 8.4000000000 45.3600000000 11.7600000000 1
'C' 11.7600000000 45.3600000000 8.4000000000 1
'C' 13.4400000000 40.3200000000 6.7200000000 1
'C' 15.1200000000 42.0000000000 8.4000000000 1
'C' 16.8000000000 40.3200000000 10.0800000000 1
'C' 13.4400000000 43.6800000000 10.0800000000 1
'C' 16.8000000000 43.6800000000 6.7200000000 1
'C' 18.4800000000 42.0000000000 11.7600000000 1
'C' 15.1200000000 45.3600000000 11.7600000000 1
'C' 18.4800000000 45.3600000000 8.4000000000 1
'C' 20.1600000000 40.3200000000 6.7200000000 1
'C' 21.8400000000 42.0000000000 8.4000000000 1
'C' 23.5200000000 40.3200000000 10.0800000000 1
'C' 20.1600000000 43.6800000000 10.0800000000 1
'C' 23.5200000000 43.6800000000 6.7200000000 1
'C' 25.2000000000 42.0000000000 11.7600000000 1
'C' 21.8400000000 45.3600000000 11.7600000000 1
'C' 25.2000000000 45.3600000000 8.4000000000 1
'C' 26.8800000000 40.3200000000 6.7200000000 1
'C' 28.5600000000 42.0000000000 8.4000000000 1
'C' 30.2400000000 40.3200000000 10.0800000000 1
'C' 26.8800000000 43.6800000000 10.0800000000 1
'C' 30.2400000000 43.6800000000 6.7200000000 1
'C' 31.9200000000 42.0000000000 11.7600000000 1
'C' 28.5600000000 45.3600000000 11.7600000000 1
'C' 31.9200000000 45.3600000000 8.4000000000 1
'C' 33.6000000000 40.3200000000 6.7200000000 1
'C' 35.2800000000 42.0000000000 8.4000000000 1
'C' 36.9600000000 40.3200000000 10.0800000000 1
'C' 33.6000000000 43.6800000000 10.0800000000 1
'C' 36.9600000000 43.6800000000 6.7200000000 1
'C' 38.6400000000 42.0000000000 11.7600000000 1
'C' 35.2800000000 45.3600000000 11.7600000000 1
'C' 38.6400000000 45.3600000000 8.4000000000 1
'C' 40.3200000000 40.3200000000 6.7200000000 1
'C' 42.0000000000 42.0000000000 8.4000000000 1
'C' 43.6800000000 40.3200000000 10.0800000000 1
'C' 40.3200000000 43.6800000000 10.0800000000 1
'C' 43.6800000000 43.6800000000 6.7200000000 1
'C' 45.3600000000 42.0000000000 11.7600000000 1
'C' 42.0000000000 45.3600000000 11.7600000000 1
'C' 45.3600000000 45.3600000000 8.4000000000 1
'C' 47.0400000000 40.3200000000 6.7200000000 1
'C' 48.7200000000 42.0000000000 8.4000000000 1
'C' 50.4000000000 40.3200000000 10.0800000000 1
'C' 47.0400000000 43.6800000000 10.0800000000 1
'C' 50.4000000000 43.6800000000 6.7200000000 1
'C' 52.0800000000 42.0000000000 11.7600000000 1
'C' 48.7200000000 45.3600000000 11.7600000000 1
'C' 52.0800000000 45.3600000000 8.4000000000 1
'C' 0.0000000000 47.0400000000 6.7200000000 1
'C' 1.6800000000 48.7200000000 8.4000000000 1
'C' 3.3600000000 47.0400000000 10.0800000000 1
'C' 0.0000000000 50.4000000000 10.0800000000 1
'C' 3.3600000000 50.4000000000 6.7200000000 1
'C' 5.0400000000 48.7200000000 11.7600000000 1
'C' 1.6800000000 52.0800000000 11.7600000000 1
'C' 5.0400000000 52.0800000000 8.4000000000 1
'C' 6.7200000000 47.0400000000 6.7200000000 1
'C' 8.4000000000 48.7200000000 8.4000000000 1
'C' 10.0800000000 47.0400000000 10.0800000000 1
'C' 6.7200000000 50.4000000000 10.0800000000 1
'C' 10.0800000000 50.4000000000 6.7200000000 1
'C' 11.7600000000 48.7200000000 11.7600000000 1
'C' 8.4000000000 52.0800000000 11.7600000000 1
'C' 11.7600000000 52.0800000000 8.4000000000 1
'C' 13.4400000000 47.0400000000 6.7200000000 1
'C' 15.1200000000 48.7200000000 8.4000000000 1
'C' 16.8000000000 47.0400000000 10.0800000000 1
'C' 13.4400000000 50.4000000000 10.0800000000 1
'C' 16.8000000000 50.4000000000 6.7200000000 1
'C' 18.4800000000 48.7200000000 11.7600000000 1
'C' 15.1200000000 52.0800000000 11.7600000000 1
'C' 18.4800000000 52.0800000000 8.4000000000 1
'C' 20.1600000000 47.0400000000 6.7200000000 1
'C' 21.8400000000 48.7200000000 8.4000000000 1
'C' 23.5200000000 47.0400000000 10.0800000000 1
'C' 20.1600000000 50.4000000000 10.0800000000 1
'C' 23.5200000000 50.4000000000 6.7200000000 1
'C' 25.2000000000 48.7200000000 11.7600000000 1
'C' 21.8400000000 52.0800000000 11.7600000000 1
'C' 25.2000000000 52.0800000000 8.4000000000 1
'C' 26.8800000000 47.0400000000 6.7200000000 1
'C' 28.5600000000 48.7200000000 8.4000000000 1
'C' 30.2400000000 47.0400000000 10.0800000000 1
'C' 26.8800000000 50.4000000000 10.0800000000 1
'C' 30.2400000000 50.4000000000 6.7200000000 1
'C' 31.9200000000 48.7200000000 11.7600000000 1
'C' 28.5600000000 52.0800000000 11.7600000000 1
'C' 31.9200000000 52.0800000000 8.4000000000 1
'C' 33.6000000000 47.0400000000 6.7200000000 1
'C' 35.2800000000 48.7200000000 8.4000000000 1
'C' 36.9600000000 47.0400000000 10.0800000000 1
'C' 33.6000000000 50.4000000000 10.0800000000 1
'C' 36.9600000000 50.4000000000 6.7200000000 1
'C' 38.6400000000 48.7200000000 11.7600000000 1
'C' 35.2800000000 52.0800000000 11.7600000000 1
'C' 38.6400000000 52.0800000000 8.4000000000 1
'C' 40.3200000000 47.0400000000 6.7200000000 1
'C' 42.0000000000 48.7200000000 8.4000000000 1
'C' 43.6800000000 47.0400000000 10.0800000000 1
'C' 40.3200000000 50.4000000000 10.0800000000 1
'C' 43.6800000000 50.4000000000 6.7200000000 1
'C' 45.3600000000 48.7200000000 11.7600000000 1
'C' 42.0000000000 52.0800000000 11.7600000000 1
'C' 45.3600000000 52.0800000000 8.4000000000 1
'C' 47.0400000000 47.0400000000 6.7200000000 1
'C' 48.7200000000 48.7200000000 8.4000000000 1
'C' 50.4000000000 47.0400000000 10.0800000000 1
'C' 47.0400000000 50.4000000000 10.0800000000 1
'C' 50.4000000000 50.4000000000 6.7200000000 1
'C' 52.0800000000 48.7200000000 11.7600000000 1
'C' 48.7200000000 52.0800000000 11.7600000000 1
'C' 52.0800000000 52.0800000000 8.4000000000 1
'C' 0.0000000000 0.0000000000 13.4400000000 1
'C' 1.6800000000 1.6800000000 15.1200000000 1
'C' 3.3600000000 0.0000000000 16.8000000000 1
'C' 0.0000000000 3.3600000000 16.8000000000 1
'C' 3.3600000000 3.3600000000 13.4400000000 1
'C' 5.0400000000 1.6800000000 18.4800000000 1
'C' 1.6800000000 5.0400000000 18.4800000000 1
'C' 5.0400000000 5.0400000000 15.1200000000 1
'C' 6.7200000000 0.0000000000 13.4400000000 1
'C' 8.4000000000 1.6800000000 15.1200000000 1
'C' 10.0800000000 0.0000000000 16.8000000000 1
'C' 6.7200000000 3.3600000000 16.8000000000 1
'C' 10.0800000000 3.3600000000 13.4400000000 1
'C' 11.7600000000 1.6800000000 18.4800000000 1
'C' 8.4000000000 5.0400000000 18.4800000000 1
'C' 11.7600000000 5.0400000000 15.1200000000 1
'C' 13.4400000000 0.0000000000 13.4400000000 1
'C' 15.1200000000 1.6800000000 15.1200000000 1
'C' 16.8000000000 0.0000000000 16.8000000000 1
'C' 13.4400000000 3.3600000000 16.8000000000 1
'C' 16.8000000000 3.3600000000 13.4400000000 1
'C' 18.4800000000 1.6800000000 18.4800000000 1
'C' 15.1200000000 5.0400000000 18.4800000000 1
'C' 18.4800000000 5.0400000000 15.1200000000 1
'C' 20.1600000000 0.0000000000 13.4400000000 1
'C' 21.8400000000 1.6800000000 15.1200000000 1
'C' 23.5200000000 0.0000000000 16.8000000000 1
'C' 20.1600000000 3.3600000000 16.8000000000 1
'C' 23.5200000000 3.3600000000 13.4400000000 1
'C' 25.2000000000 1.6800000000 18.4800000000 1
'C' 21.8400000000 5.0400000000 18.4800000000 1
'C' 25.2000000000 5.0400000000 15.1200000000 1
'C' 26.8800000000 0.0000000000 13.4400000000 1
'C' 28.5600000000 1.6800000000 15.1200000000 1
'C' 30.2400000000 0.0000000000 16.8000000000 1
'C' 26.8800000000 3.3600000000 16.8000000000 1
'C' 30.2400000000 3.3600000000 13.4400000000 1
'C' 31.9200000000 1.6800000000 18.4800000000 1
'C' 28.5600000000 5.0400000000 18.4800000000 1
'C' 31.9200000000 5.0400000000 15.1200000000 1
'C' 33.6000000000 0.0000000000 13.4400000000 1
'C' 35.2800000000 1.6800000000 15.1200000000 1
'C' 36.9600000000 0.0000000000 16.8000000000 1
'C' 33.6000000000 3.3600000000 16.8000000000 1
'C' 36.9600000000 3.3600000000 13.4400000000 1
'C' 38.6400000000 1.6800000000 18.4800000000 1
'C' 35.2800000000 5.0400000000 18.4800000000 1
'C' 38.6400000000 5.0400000000 15.1200000000 1
'C' 40.3200000000 0.0000000000 13.4400000000 1
'C' 42.0000000000 1.6800000000 15.1200000000 1
'C' 43.6800000000 0.0000000000 16.8000000000 1
'C' 40.3200000000 3.3600000000 16.8000000000 1
'C' 43.6800000000 3.3600000000 13.4400000000 1
'C' 45.3600000000 1.6800000000 18.4800000000 1
'C' 42.0000000000 5.0400000000 18.4800000000 1
'C' 45.3600000000 5.0400000000 15.1200000000 1
'C' 47.0400000000 0.0000000000 13.4400000000 1
'C' 48.7200000000 1.6800000000 15.1200000000 1
'C' 50.4000000000 0.0000000000 16.8000000000 1
'C' 47.0400000000 3.3600000000 16.8000000000 1
'C' 50.4000000000 3.3600000000 13.4400000000 1
'C' 52.0800000000 1.6800000000 18.4800000000 1
'C' 48.7200000000 5.0400000000 18.4800000000 1
'C' 52.0800000000 5.0400000000 15.1200000000 1
'C' 0.0000000000 6.7200000000 13.4400000000 1
'C' 1.6800000000 8.4000000000 15.1200000000 1
'C' 3.3600000000 6.7200000000 16.8000000000 1
'C' 0.0000000000 10.0800000000 16.8000000000 1
'C' 3.3600000000 10.0800000000 13.4400000000 1
'C' 5.0400000000 8.4000000000 18.4800000000 1
'C' 1.6800000000 11.7600000000 18.4800000000 1
'C' 5.0400000000 11.7600000000 15.1200000000 1
'C' 6.7200000000 6.7200000000 13.4400000000 1
'C' 8.4000000000 8.4000000000 15.1200000000 1
'C' 10.0800000000 6.7200000000 16.8000000000 1
'C' 6.7200000000 10.0800000000 16.8000000000 1
'C' 10.0800000000 10.0800000000 13.4400000000 1
'C' 11.7600000000 8.4000000000 18.4800000000 1
'C' 8.4000000000 11.7600000000 18.4800000000 1
'C' 11.7600000000 11.7600000000 15.1200000000 1
'C' 13.4400000000 6.7200000000 13.4400000000 1
'C' 15.1200000000 8.4000000000 15.1200000000 1
'C' 16.8000000000 6.7200000000 16.8000000000 1
'C' 13.4400000000 10.0800000000 16.8000000000 1
'C' 16.8000000000 10.0800000000 13.4400000000 1
'C' 18.4800000000 8.4000000000 18.4800000000 1
'C' 15.1200000000 11.7600000000 18.4800000000 1
'C' 18.4800000000 11.7600000000 15.1200000000 1
'C' 20.1600000000 6.7200000000 13.4400000000 1
'C' 21.8400000000 8.4000000000 15.1200000000 1
'C' 23.5200000000 6.7200000000 16.8000000000 1
'C' 20.1600000000 10.0800000000 16.8000000000 1
'C' 23.5200000000 10.0800000000 13.4400000000 1
'C' 25.2000000000 8.4000000000 18.4800000000 1
'C' 21.8400000000 11.7600000000 18.4800000000 1
'C' 25.2000000000 11.7600000000 15.1200000000 1
'C' 26.8800000000 6.7200000000 13.4400000000 1
'C' 28.5600000000 8.4000000000 15.1200000000 1
'C' 30.2400000000 6.7200000000 16.8000000000 1
'C' 26.8800000000 10.0800000000 16.8000000000 1
'C' 30.2400000000 10.0800000000 13.4400000000 1
'C' 31.9200000000 8.4000000000 18.4800000000 1
'C' 28.5600000000 11.7600000000 18.4800000000 1
'C' 31.9200000000 11.7600000000 15.1200000000 1
'C' 33.6000000000 6.7200000000 13.4400000000 1
'C' 35.2800000000 8.4000000000 15.1200000000 1
'C' 36.9600000000 6.7200000000 16.8000000000 1
'C' 33.6000000000 10.0800000000 16.8000000000 1
'C' 36.9600000000 10.0800000000 13.4400000000 1
'C' 38.6400000000 8.4000000000 18.4800000000 1
'C' 35.2800000000 11.7600000000 18.4800000000 1
'C' 38.6400000000 11.7600000000 15.1200000000 1
'C' 40.3200000000 6.7200000000 13.4400000000 1
'C' 42.0000000000 8.4000000000 15.1200000000 1
'C' 43.6800000000 6.7200000000 16.8000000000 1
'C' 40.3200000000 10.0800000000 16.8000000000 1
'C' 43.6800000000 10.0800000000 13.4400000000 1
'C' 45.3600000000 8.4000000000 18.4800000000 1
'C' 42.0000000000 11.7600000000 18.4800000000 1
'C' 45.3600000000 11.7600000000 15.1200000000 1
'C' 47.0400000000 6.7200000000 13.4400000000 1
'C' 48.7200000000 8.4000000000 15.1200000000 1
'C' 50.4000000000 6.7200000000 16.8000000000 1
'C' 47.0400000000 10.0800000000 16.8000000000 1
'C' 50.4000000000 10.0800000000 13.4400000000 1
'C' 52.0800000000 8.4000000000 18.4800000000 1
'C' 48.7200000000 11.7600000000 18.4800000000 1
'C' 52.0800000000 11.7600000000 15.1200000000 1
'C' 0.0000000000 13.4400000000 13.4400000000 1
'C' 1.6800000000 15.1200000000 15.1200000000 1
'C' 3.3600000000 13.4400000000 16.8000000000 1
'C' 0.0000000000 16.8000000000 16.8000000000 1
'C' 3.3600000000 16.8000000000 13.4400000000 1
'C' 5.0400000000 15.1200000000 18.4800000000 1
'C' 1.6800000000 18.4800000000 18.4800000000 1
'C' 5.0400000000 18.4800000000 15.1200000000 1
'C' 6.7200000000 13.4400000000 13.4400000000 1
'C' 8.4000000000 15.1200000000 15.1200000000 1
'C' 10.0800000000 13.4400000000 16.8000000000 1
'C' 6.7200000000 16.8000000000 16.8000000000 1
'C' 10.0800000000 16.8000000000 13.4400000000 1
'C' 11.7600000000 15.1200000000 18.4800000000 1
'C' 8.4000000000 18.4800000000 18.4800000000 1
'C' 11.7600000000 18.4800000000 15.1200000000 1
'C' 13.4400000000 13.4400000000 13.4400000000 1
'C' 15.1200000000 15.1200000000 15.1200000000 1
'C' 16.8000000000 13.4400000000 16.8000000000 1
'C' 13.4400000000 16.8000000000 16.8000000000 1
'C' 16.8000000000 16.8000000000 13.4400000000 1
'C' 18.4800000000 15.1200000000 18.4800000000 1
'C' 15.1200000000 18.4800000000 18.4800000000 1
'C' 18.4800000000 18.4800000000 15.1200000000 1
'C' 20.1600000000 13.4400000000 13.4400000000 1
'C' 21.8400000000 15.1200000000 15.1200000000 1
'C' 23.5200000000 13.4400000000 16.8000000000 1
'C' 20.1600000000 16.8000000000 16.8000000000 1
'C' 23.5200000000 16.8000000000 13.4400000000 1
'C' 25.2000000000 15.1200000000 18.4800000000 1
'C' 21.8400000000 18.4800000000 18.4800000000 1
'C' 25.2000000000 18.4800000000 15.1200000000 1
'C' 26.8800000000 13.4400000000 13.4400000000 1
'C' 28.5600000000 15.1200000000 15.1200000000 1
'C' 30.2400000000 13.4400000000 16.8000000000 1
'C' 26.8800000000 16.8000000000 16.8000000000 1
'C' 30.2400000000 16.8000000000 13.4400000000 1
'C' 31.9200000000 15.1200000000 18.4800000000 1
'C' 28.5600000000 18.4800000000 18.4800000000 1
'C' 31.9200000000 18.4800000000 15.1200000000 1
'C' 33.6000000000 13.4400000000 13.4400000000 1
'C' 35.2800000000 15.1200000000 15.1200000000 1
'C' 36.9600000000 13.4400000000 16.8000000000 1
'C' 33.6000000000 16.8000000000 16.8000000000 1
'C' 36.9600000000 16.8000000000 13.4400000000 1
'C' 38.6400000000 15.1200000000 18.4800000000 1
'C' 35.2800000000 18.4800000000 18.4800000000 1
'C' 38.6400000000 18.4800000000 15.1200000000 1
'C' 40.3200000000 13.4400000000 13.4400000000 1
'C' 42.0000000000 15.1200000000 15.1200000000 1
'C' 43.6800000000 13.4400000000 16.8000000000 1
'C' 40.3200000000 16.8000000000 16.8000000000 1
'C' 43.6800000000 16.8000000000 13.4400000000 1
'C' 45.3600000000 15.1200000000 18.4800000000 1
'C' 42.0000000000 18.4800000000 18.4800000000 1
'C' 45.3600000000 18.4800000000 15.1200000000 1
'C' 47.0400000000 13.4400000000 13.4400000000 1
'C' 48.7200000000 15.1200000000 15.1200000000 1
'C' 50.4000000000 13.4400000000 16.8000000000 1
'C' 47.0400000000 16.8000000000 16.8000000000 1
'C' 50.4000000000 16.8000000000 13.4400000000 1
'C' 52.0800000000 15.1200000000 18.4800000000 1
'C' 48.7200000000 18.4800000000 18.4800000000 1
'C' 52.0800000000 18.4800000000 15.1200000000 1
'C' 0.0000000000 20.1600000000 13.4400000000 1
'C' 1.6800000000 21.8400000000 15.1200000000 1
'C' 3.3600000000 20.1600000000 16.8000000000 1
'C' 0.0000000000 23.5200000000 16.8000000000 1
'C' 3.3600000000 23.5200000000 13.4400000000 1
'C' 5.0400000000 21.8400000000 18.4800000000 1
'C' 1.6800000000 25.2000000000 18.4800000000 1
'C' 5.0400000000 25.2000000000 15.1200000000 1
'C' 6.7200000000 20.1600000000 13.4400000000 1
'C' 8.4000000000 21.8400000000 15.1200000000 1
'C' 10.0800000000 20.1600000000 16.8000000000 1
'C' 6.7200000000 23.5200000000 16.8000000000 1
'C' 10.0800000000 23.5200000000 13.4400000000 1
'C' 11.7600000000 21.8400000000 18.4800000000 1
'C' 8.4000000000 25.2000000000 18.4800000000 1
'C' 11.7600000000 25.2000000000 15.1200000000 1
'C' 13.4400000000 20.1600000000 13.4400000000 1
'C' 15.1200000000 21.8400000000 15.1200000000 1
'C' 16.8000000000 20.1600000000 16.8000000000 1
'C' 13.4400000000 23.5200000000 16.8000000000 1
'C' 16.8000000000 23.5200000000 13.4400000000 1
'C' 18.4800000000 21.8400000000 18.4800000000 1
'C' 15.1200000000 25.2000000000 18.4800000000 1
'C' 18.4800000000 25.2000000000 15.1200000000 1
'C' 20.1600000000 20.1600000000 13.4400000000 1
'C' 21.8400000000 21.8400000000 15.1200000000 1
'C' 23.5200000000 20.1600000000 16.8000000000 1
'C' 20.1600000000 23.5200000000 16.8000000000 1
'C' 23.5200000000 23.5200000000 13.4400000000 1
'C' 25.2000000000 21.8400000000 18.4800000000 1
'C' 21.8400000000 25.2000000000 18.4800000000 1
'C' 25.2000000000 25.2000000000 15.1200000000 1
'C' 26.8800000000 20.1600000000 13.4400000000 1
'C' 28.5600000000 21.8400000000 15.1200000000 1
'C' 30.2400000000 20.1600000000 16.8000000000 1
'C' 26.8800000000 23.5200000000 16.8000000000 1
'C' 30.2400000000 23.5200000000 13.4400000000 1
'C' 31.9200000000 21.8400000000 18.4800000000 1
'C' 28.5600000000 25.2000000000 18.4800000000 1
'C' 31.9200000000 25.2000000000 15.1200000000 1
'C' 33.6000000000 20.1600000000 13.4400000000 1
'C' 35.2800000000 21.8400000000 15.1200000000 1
'C' 36.9600000000 20.1600000000 16.8000000000 1
'C' 33.6000000000 23.5200000000 16.8000000000 1
'C' 36.9600000000 23.5200000000 13.4400000000 1
'C' 38.6400000000 21.8400000000 18.4800000000 1
'C' 35.2800000000 25.2000000000 18.4800000000 1
'C' 38.6400000000 25.2000000000 15.1200000000 1
'C' 40.3200000000 20.1600000000 13.4400000000 1
'C' 42.0000000000 21.8400000000 15.1200000000 1
'C' 43.6800000000 20.1600000000 16.8000000000 1
'C' 40.3200000000 23.5200000000 16.8000000000 1
'C' 43.6800000000 23.5200000000 13.4400000000 1
'C' 45.3600000000 21.8400000000 18.4800000000 1
'C' 42.0000000000 25.2000000000 18.4800000000 1
'C' 45.3600000000 25.2000000000 15.1200000000 1
'C' 47.0400000000 20.1600000000 13.4400000000 1
'C' 48.7200000000 21.8400000000 15.1200000000 1
'C' 50.4000000000 20.1600000000 16.8000000000 1
'C' 47.0400000000 23.5200000000 16.8000000000 1
'C' 50.4000000000 23.5200000000 13.4400000000 1
'C' 52.0800000000 21.8400000000 18.4800000000 1
'C' 48.7200000000 25.2000000000 18.4800000000 1
'C' 52.0800000000 25.2000000000 15.1200000000 1
'C' 0.0000000000 26.8800000000 13.4400000000 1
'C' 1.6800000000 28.5600000000 15.1200000000 1
'C' 3.3600000000 26.8800000000 16.8000000000 1
'C' 0.0000000000 30.2400000000 16.8000000000 1
'C' 3.3600000000 30.2400000000 13.4400000000 1
'C' 5.0400000000 28.5600000000 18.4800000000 1
'C' 1.6800000000 31.9200000000 18.4800000000 1
'C' 5.0400000000 31.9200000000 15.1200000000 1
'C' 6.7200000000 26.8800000000 13.4400000000 1
'C' 8.4000000000 28.5600000000 15.1200000000 1
'C' 10.0800000000 26.8800000000 16.8000000000 1
'C' 6.7200000000 30.2400000000 16.8000000000 1
'C' 10.0800000000 30.2400000000 13.4400000000 1
'C' 11.7600000000 28.5600000000 18.4800000000 1
'C' 8.4000000000 31.9200000000 18.4800000000 1
'C' 11.7600000000 31.9200000000 15.1200000000 1
'C' 13.4400000000 26.8800000000 13.4400000000 1
'C' 15.1200000000 28.5600000000 15.1200000000 1
'C' 16.8000000000 26.8800000000 16.8000000000 1
'C' 13.4400000000 30.2400000000 16.8000000000 1
'C' 16.8000000000 30.2400000000 13.4400000000 1
'C' 18.4800000000 28.5600000000 18.4800000000 1
'C' 15.1200000000 31.9200000000 18.4800000000 1
'C' 18.4800000000 31.9200000000 15.1200000000 1
'C' 20.1600000000 26.8800000000 13.4400000000 1
'C' 21.8400000000 28.5600000000 15.1200000000 1
'C' 23.5200000000 26.8800000000 16.8000000000 1
'C' 20.1600000000 30.2400000000 16.8000000000 1
'C' 23.5200000000 30.2400000000 13.4400000000 1
'C' 25.2000000000 28.5600000000 18.4800000000 1
'C' 21.8400000000 31.9200000000 18.4800000000 1
'C' 25.2000000000 31.9200000000 15.1200000000 1
'C' 26.8800000000 26.8800000000 13.4400000000 1
'C' 28.5600000000 28.5600000000 15.1200000000 1
'C' 30.2400000000 26.8800000000 16.8000000000 1
'C' 26.8800000000 30.2400000000 16.8000000000 1
'C' 30.2400000000 30.2400000000 13.4400000000 1
'C' 31.9200000000 28.5600000000 18.4800000000 1
'C' 28.5600000000 31.9200000000 18.4800000000 1
'C' 31.9200000000 31.9200000000 15.1200000000 1
'C' 33.6000000000 26.8800000000 13.4400000000 1
'C' 35.2800000000 28.5600000000 15.1200000000 1
'C' 36.9600000000 26.8800000000 16.8000000000 1
'C' 33.6000000000 30.2400000000 16.8000000000 1
'C' 36.9600000000 30.2400000000 13.4400000000 1
'C' 38.6400000000 28.5600000000 18.4800000000 1
'C' 35.2800000000 31.9200000000 18.4800000000 1
'C' 38.6400000000 31.9200000000 15.1200000000 1
'C' 40.3200000000 26.8800000000 13.4400000000 1
'C' 42.0000000000 28.5600000000 15.1200000000 1
'C' 43.6800000000 26.8800000000 16.8000000000 1
'C' 40.3200000000 30.2400000000 16.8000000000 1
'C' 43.6800000000 30.2400000000 13.4400000000 1
'C' 45.3600000000 28.5600000000 18.4800000000 1
'C' 42.0000000000 31.9200000000 18.4800000000 1
'C' 45.3600000000 31.9200000000 15.1200000000 1
'C' 47.0400000000 26.8800000000 13.4400000000 1
'C' 48.7200000000 28.5600000000 15.1200000000 1
'C' 50.4000000000 26.8800000000 16.8000000000 1
'C' 47.0400000000 30.2400000000 16.8000000000 1
'C' 50.4000000000 30.2400000000 13.4400000000 1
'C' 52.0800000000 28.5600000000 18.4800000000 1
'C' 48.7200000000 31.9200000000 18.4800000000 1
'C' 52.0800000000 31.9200000000 15.1200000000 1
'C' 0.0000000000 33.6000000000 13.4400000000 1
'C' 1.6800000000 35.2800000000 15.1200000000 1
'C' 3.3600000000 33.6000000000 16.8000000000 1
'C' 0.0000000000 36.9600000000 16.8000000000 1
'C' 3.3600000000 36.9600000000 13.4400000000 1
'C' 5.0400000000 35.2800000000 18.4800000000 1
'C' 1.6800000000 38.6400000000 18.4800000000 1
'C' 5.0400000000 38.6400000000 15.1200000000 1
'C' 6.7200000000 33.6000000000 13.4400000000 1
'C' 8.4000000000 35.2800000000 15.1200000000 1
'C' 10.0800000000 33.6000000000 16.8000000000 1
'C' 6.7200000000 36.9600000000 16.8000000000 1
'C' 10.0800000000 36.9600000000 13.4400000000 1
'C' 11.7600000000 35.2800000000 18.4800000000 1
'C' 8.4000000000 38.6400000000 18.4800000000 1
'C' 11.7600000000 38.6400000000 15.1200000000 1
'C' 13.4400000000 33.6000000000 13.4400000000 1
'C' 15.1200000000 35.2800000000 15.1200000000 1
'C' 16.8000000000 33.6000000000 16.8000000000 1
'C' 13.4400000000 36.9600000000 16.8000000000 1
'C' 16.8000000000 36.9600000000 13.4400000000 1
'C' 18.4800000000 35.2800000000 18.4800000000 1
'C' 15.1200000000 38.6400000000 18.4800000000 1
'C' 18.4800000000 38.6400000000 15.1200000000 1
'C' 20.1600000000 33.6000000000 13.4400000000 1
'C' 21.8400000000 35.2800000000 15.1200000000 1
'C' 23.5200000000 33.6000000000 16.8000000000 1
'C' 20.1600000000 36.9600000000 16.8000000000 1
'C' 23.5200000000 36.9600000000 13.4400000000 1
'C' 25.2000000000 35.2800000000 18.4800000000 1
'C' 21.8400000000 38.6400000000 18.4800000000 1
'C' 25.2000000000 38.6400000000 15.1200000000 1
'C' 26.8800000000 33.6000000000 13.4400000000 1
'C' 28.5600000000 35.2800000000 15.1200000000 1
'C' 30.2400000000 33.6000000000 16.8000000000 1
'C' 26.8800000000 36.9600000000 16.8000000000 1
'C' 30.2400000000 36.9600000000 13.4400000000 1
'C' 31.9200000000 35.2800000000 18.4800000000 1
'C' 28.5600000000 38.6400000000 18.4800000000 1
'C' 31.9200000000 38.6400000000 15.1200000000 1
'C' 33.6000000000 33.6000000000 13.4400000000 1
'C' 35.2800000000 35.2800000000 15.1200000000 1
'C' 36.9600000000 33.6000000000 16.8000000000 1
'C' 33.6000000000 36.9600000000 16.8000000000 1
'C' 36.9600000000 36.9600000000 13.4400000000 1
'C' 38.6400000000 35.2800000000 18.4800000000 1
'C' 35.2800000000 38.6400000000 18.4800000000 1
'C' 38.6400000000 38.6400000000 15.1200000000 1
'C' 40.3200000000 33.6000000000 13.4400000000 1
'C' 42.0000000000 35.2800000000 15.1200000000 1
'C' 43.6800000000 33.6000000000 16.8000000000 1
'C' 40.3200000000 36.9600000000 16.8000000000 1
'C' 43.6800000000 36.9600000000 13.4400000000 1
'C' 45.3600000000 35.2800000000 18.4800000000 1
'C' 42.0000000000 38.6400000000 18.4800000000 1
'C' 45.3600000000 38.6400000000 15.1200000000 1
'C' 47.0400000000 33.6000000000 13.4400000000 1
'C' 48.7200000000 35.2800000000 15.1200000000 1
'C' 50.4000000000 33.6000000000 16.8000000000 1
'C' 47.0400000000 36.9600000000 16.8000000000 1
'C' 50.4000000000 36.9600000000 13.4400000000 1
'C' 52.0800000000 35.2800000000 18.4800000000 1
'C' 48.7200000000 38.6400000000 18.4800000000 1
'C' 52.0800000000 38.6400000000 15.1200000000 1
'C' 0.0000000000 40.3200000000 13.4400000000 1
'C' 1.6800000000 42.0000000000 15.1200000000 1
'C' 3.3600000000 40.3200000000 16.8000000000 1
'C' 0.0000000000 43.6800000000 16.8000000000 1
'C' 3.3600000000 43.6800000000 13.4400000000 1
'C' 5.0400000000 42.0000000000 18.4800000000 1
'C' 1.6800000000 45.3600000000 18.4800000000 1
'C' 5.0400000000 45.3600000000 15.1200000000 1
'C' 6.7200000000 40.3200000000 13.4400000000 1
'C' 8.4000000000 42.0000000000 15.1200000000 1
'C' 10.0800000000 40.3200000000 16.8000000000 1
'C' 6.7200000000 43.6800000000 16.8000000000 1
'C' 10.0800000000 43.6800000000 13.4400000000 1
'C' 11.7600000000 42.0000000000 18.4800000000 1
'C' 8.4000000000 45.3600000000 18.4800000000 1
'C' 11.7600000000 45.3600000000 15.1200000000 1
'C' 13.4400000000 40.3200000000 13.4400000000 1
'C' 15.1200000000 42.0000000000 15.1200000000 1
'C' 16.8000000000 40.3200000000 16.8000000000 1
'C' 13.4400000000 43.6800000000 16.8000000000 1
'C' 16.8000000000 43.6800000000 13.4400000000 1
'C' 18.4800000000 42.0000000000 18.4800000000 1
'C' 15.1200000000 45.3600000000 18.4800000000 1
'C' 18.4800000000 45.3600000000 15.1200000000 1
'C' 20.1600000000 40.3200000000 13.4400000000 1
'C' 21.8400000000 42.0000000000 15.1200000000 1
'C' 23.5200000000 40.3200000000 16.8000000000 1
'C' 20.1600000000 43.6800000000 16.8000000000 1
'C' 23.5200000000 43.6800000000 13.4400000000 1
'C' 25.2000000000 42.0000000000 18.4800000000 1
'C' 21.8400000000 45.3600000000 18.4800000000 1
'C' 25.2000000000 45.3600000000 15.1200000000 1
'C' 26.8800000000 40.3200000000 13.4400000000 1
'C' 28.5600000000 42.0000000000 15.1200000000 1
'C' 30.2400000000 40.3200000000 16.8000000000 1
'C' 26.8800000000 43.6800000000 16.8000000000 1
'C' 30.2400000000 43.6800000000 13.4400000000 1
'C' 31.9200000000 42.0000000000 18.4800000000 1
'C' 28.5600000000 45.3600000000 18.4800000000 1
'C' 31.9200000000 45.3600000000 15.1200000000 1
'C' 33.6000000000 40.3200000000 13.4400000000 1
'C' 35.2800000000 42.0000000000 15.1200000000 1
'C' 36.9600000000 40.3200000000 16.8000000000 1
'C' 33.6000000000 43.6800000000 16.8000000000 1
'C' 36.9600000000 43.6800000000 13.4400000000 1
'C' 38.6400000000 42.0000000000 18.4800000000 1
'C' 35.2800000000 45.3600000000 18.4800000000 1
'C' 38.6400000000 45.3600000000 15.1200000000 1
'C' 40.3200000000 40.3200000000 13.4400000000 1
'C' 42.0000000000 42.0000000000 15.1200000000 1
'C' 43.6800000000 40.3200000000 16.8000000000 1
'C' 40.3200000000 43.6800000000 16.8000000000 1
'C' 43.6800000000 43.6800000000 13.4400000000 1
'C' 45.3600000000 42.0000000000 18.4800000000 1
'C' 42.0000000000 45.3600000000 18.4800000000 1
'C' 45.3600000000 45.3600000000 15.1200000000 1
'C' 47.0400000000 40.3200000000 13.4400000000 1
'C' 48.7200000000 42.0000000000 15.1200000000 1
'C' 50.4000000000 40.3200000000 16.8000000000 1
'C' 47.0400000000 43.6800000000 16.8000000000 1
'C' 50.4000000000 43.6800000000 13.4400000000 1
'C' 52.0800000000 42.0000000000 18.4800000000 1
'C' 48.7200000000 45.3600000000 18.4800000000 1
'C' 52.0800000000 45.3600000000 15.1200000000 1
'C' 0.0000000000 47.0400000000 13.4400000000 1
'C' 1.6800000000 48.7200000000 15.1200000000 1
'C' 3.3600000000 47.0400000000 16.8000000000 1
'C' 0.0000000000 50.4000000000 16.8000000000 1
'C' 3.3600000000 50.4000000000 13.4400000000 1
'C' 5.0400000000 48.7200000000 18.4800000000 1
'C' 1.6800000000 52.0800000000 18.4800000000 1
'C' 5.0400000000 52.0800000000 15.1200000000 1
'C' 6.7200000000 47.0400000000 13.4400000000 1
'C' 8.4000000000 48.7200000000 15.1200000000 1
'C' 10.0800000000 47.0400000000 16.8000000000 1
'C' 6.7200000000 50.4000000000 16.8000000000 1
'C' 10.0800000000 50.4000000000 13.4400000000 1
'C' 11.7600000000 48.7200000000 18.4800000000 1
'C' 8.4000000000 52.0800000000 18.4800000000 1
'C' 11.7600000000 52.0800000000 15.1200000000 1
'C' 13.4400000000 47.0400000000 13.4400000000 1
'C' 15.1200000000 48.7200000000 15.1200000000 1
'C' 16.8000000000 47.0400000000 16.8000000000 1
'C' 13.4400000000 50.4000000000 16.8000000000 1
'C' 16.8000000000 50.4000000000 13.4400000000 1
'C' 18.4800000000 48.7200000000 18.4800000000 1
'C' 15.1200000000 52.0800000000 18.4800000000 1
'C' 18.4800000000 52.0800000000 15.1200000000 1
'C' 20.1600000000 47.0400000000 13.4400000000 1
'C' 21.8400000000 48.7200000000 15.1200000000 1
'C' 23.5200000000 47.0400000000 16.8000000000 1
'C' 20.1600000000 50.4000000000 16.8000000000 1
'C' 23.5200000000 50.4000000000 13.4400000000 1
'C' 25.2000000000 48.7200000000 18.4800000000 1
'C' 21.8400000000 52.0800000000 18.4800000000 1
'C' 25.2000000000 52.0800000000 15.1200000000 1
'C' 26.8800000000 47.0400000000 13.4400000000 1
'C' 28.5600000000 48.7200000000 15.1200000000 1
'C' 30.2400000000 47.0400000000 16.8000000000 1
'C' 26.8800000000 50.4000000000 16.8000000000 1
'C' 30.2400000000 50.4000000000 13.4400000000 1
'C' 31.9200000000 48.7200000000 18.4800000000 1
'C' 28.5600000000 52.0800000000 18.4800000000 1
'C' 31.9200000000 52.0800000000 15.1200000000 1
'C' 33.6000000000 47.0400000000 13.4400000000 1
'C' 35.2800000000 48.7200000000 15.1200000000 1
'C' 36.9600000000 47.0400000000 16.8000000000 1
'C' 33.6000000000 50.4000000000 16.8000000000 1
'C' 36.9600000000 50.4000000000 13.4400000000 1
'C' 38.6400000000 48.7200000000 18.4800000000 1
'C' 35.2800000000 52.0800000000 18.4800000000 1
'C' 38.6400000000 52.0800000000 15.1200000000 1
'C' 40.3200000000 47.0400000000 13.4400000000 1
'C' 42.0000000000 48.7200000000 15.1200000000 1
'C' 43.6800000000 47.0400000000 16.8000000000 1
'C' 40.3200000000 50.4000000000 16.8000000000 1
'C' 43.6800000000 50.4000000000 13.4400000000 1
'C' 45.3600000000 48.7200000000 18.4800000000 1
'C' 42.0000000000 52.0800000000 18.4800000000 1
'C' 45.3600000000 52.0800000000 15.1200000000 1
'C' 47.0400000000 47.0400000000 13.4400000000 1
'C' 48.7200000000 48.7200000000 15.1200000000 1
'C' 50.4000000000 47.0400000000 16.8000000000 1
'C' 47.0400000000 50.4000000000 16.8000000000 1
'C' 50.4000000000 50.4000000000 13.4400000000 1
'C' 52.0800000000 48.7200000000 18.4800000000 1
'C' 48.7200000000 52.0800000000 18.4800000000 1
'C' 52.0800000000 52.0800000000 15.1200000000 1
'C' 0.0000000000 0.0000000000 20.1600000000 1
'C' 1.6800000000 1.6800000000 21.8400000000 1
'C' 3.3600000000 0.0000000000 23.5200000000 1
'C' 0.0000000000 3.3600000000 23.5200000000 1
'C' 3.3600000000 3.3600000000 20.1600000000 1
'C' 5.0400000000 1.6800000000 25.2000000000 1
'C' 1.6800000000 5.0400000000 25.2000000000 1
'C' 5.0400000000 5.0400000000 21.8400000000 1
'C' 6.7200000000 0.0000000000 20.1600000000 1
'C' 8.4000000000 1.6800000000 21.8400000000 1
'C' 10.0800000000 0.0000000000 23.5200000000 1
'C' 6.7200000000 3.3600000000 23.5200000000 1
'C' 10.0800000000 3.3600000000 20.1600000000 1
'C' 11.7600000000 1.6800000000 25.2000000000 1
'C' 8.4000000000 5.0400000000 25.2000000000 1
'C' 11.7600000000 5.0400000000 21.8400000000 1
'C' 13.4400000000 0.0000000000 20.1600000000 1
'C' 15.1200000000 1.6800000000 21.8400000000 1
'C' 16.8000000000 0.0000000000 23.5200000000 1
'C' 13.4400000000 3.3600000000 23.5200000000 1
'C' 16.8000000000 3.3600000000 20.1600000000 1
'C' 18.4800000000 1.6800000000 25.2000000000 1
'C' 15.1200000000 5.0400000000 25.2000000000 1
'C' 18.4800000000 5.0400000000 21.8400000000 1
'C' 20.1600000000 0.0000000000 20.1600000000 1
'C' 21.8400000000 1.6800000000 21.8400000000 1
'C' 23.5200000000 0.0000000000 23.5200000000 1
'C' 20.1600000000 3.3600000000 23.5200000000 1
'C' 23.5200000000 3.3600000000 20.1600000000 1
'C' 25.2000000000 1.6800000000 25.2000000000 1
'C' 21.8400000000 5.0400000000 25.2000000000 1
'C' 25.2000000000 5.0400000000 21.8400000000 1
'C' 26.8800000000 0.0000000000 20.1600000000 1
'C' 28.5600000000 1.6800000000 21.8400000000 1
'C' 30.2400000000 0.0000000000 23.5200000000 1
'C' 26.8800000000 3.3600000000 23.5200000000 1
'C' 30.2400000000 3.3600000000 20.1600000000 1
'C' 31.9200000000 1.6800000000 25.2000000000 1
'C' 28.5600000000 5.0400000000 25.2000000000 1
'C' 31.9200000000 5.0400000000 21.8400000000 1
'C' 33.6000000000 0.0000000000 20.1600000000 1
'C' 35.2800000000 1.6800000000 21.8400000000 1
'C' 36.9600000000 0.0000000000 23.5200000000 1
'C' 33.6000000000 3.3600000000 23.5200000000 1
'C' 36.9600000000 3.3600000000 20.1600000000 1
'C' 38.6400000000 1.6800000000 25.2000000000 1
'C' 35.2800000000 5.0400000000 25.2000000000 1
'C' 38.6400000000 5.0400000000 21.8400000000 1
'C' 40.3200000000 0.0000000000 20.1600000000 1
'C' 42.0000000000 1.6800000000 21.8400000000 1
'C' 43.6800000000 0.0000000000 23.5200000000 1
'C' 40.3200000000 3.3600000000 23.5200000000 1
'C' 43.6800000000 3.3600000000 20.1600000000 1
'C' 45.3600000000 1.6800000000 25.2000000000 1
'C' 42.0000000000 5.0400000000 25.2000000000 1
'C' 45.3600000000 5.0400000000 21.8400000000 1
'C' 47.0400000000 0.0000000000 20.1600000000 1
'C' 48.7200000000 1.6800000000 21.8400000000 1
'C' 50.4000000000 0.0000000000 23.5200000000 1
'C' 47.0400000000 3.3600000000 23.5200000000 1
'C' 50.4000000000 3.3600000000 20.1600000000 1
'C' 52.0800000000 1.6800000000 25.2000000000 1
'C' 48.7200000000 5.0400000000 25.2000000000 1
'C' 52.0800000000 5.0400000000 21.8400000000 1
'C' 0.0000000000 6.7200000000 20.1600000000 1
'C' 1.6800000000 8.4000000000 21.8400000000 1
'C' 3.3600000000 6.7200000000 23.5200000000 1
'C' 0.0000000000 10.0800000000 23.5200000000 1
'C' 3.3600000000 10.0800000000 20.1600000000 1
'C' 5.0400000000 8.4000000000 25.2000000000 1
'C' 1.6800000000 11.7600000000 25.2000000000 1
'C' 5.0400000000 11.7600000000 21.8400000000 1
'C' 6.7200000000 6.7200000000 20.1600000000 1
'C' 8.4000000000 8.4000000000 21.8400000000 1
'C' 10.0800000000 6.7200000000 23.5200000000 1
'C' 6.7200000000 10.0800000000 23.5200000000 1
'C' 10.0800000000 10.0800000000 20.1600000000 1
'C' 11.7600000000 8.4000000000 25.2000000000 1
'C' 8.4000000000 11.7600000000 25.2000000000 1
'C' 11.7600000000 11.7600000000 21.8400000000 1
'C' 13.4400000000 6.7200000000 20.1600000000 1
'C' 15.1200000000 8.4000000000 21.8400000000 1
'C' 16.8000000000 6.7200000000 23.5200000000 1
'C' 13.4400000000 10.0800000000 23.5200000000 1
'C' 16.8000000000 10.0800000000 20.1600000000 1
'C' 18.4800000000 8.4000000000 25.2000000000 1
'C' 15.1200000000 11.7600000000 25.2000000000 1
'C' 18.4800000000 11.7600000000 21.8400000000 1
'C' 20.1600000000 6.7200000000 20.1600000000 1
'C' 21.8400000000 8.4000000000 21.8400000000 1
'C' 23.5200000000 6.7200000000 23.5200000000 1
'C' 20.1600000000 10.0800000000 23.5200000000 1
'C' 23.5200000000 10.0800000000 20.1600000000 1
'C' 25.2000000000 8.4000000000 25.2000000000 1
'C' 21.8400000000 11.7600000000 25.2000000000 1
'C' 25.2000000000 11.7600000000 21.8400000000 1
'C' 26.8800000000 6.7200000000 20.1600000000 1
'C' 28.5600000000 8.4000000000 21.8400000000 1
'C' 30.2400000000 6.7200000000 23.5200000000 1
'C' 26.8800000000 10.0800000000 23.5200000000 1
'C' 30.2400000000 10.0800000000 20.1600000000 1
'C' 31.9200000000 8.4000000000 25.2000000000 1
'C' 28.5600000000 11.7600000000 25.2000000000 1
'C' 31.9200000000 11.7600000000 21.8400000000 1
'C' 33.6000000000 6.7200000000 20.1600000000 1
'C' 35.2800000000 8.4000000000 21.8400000000 1
'C' 36.9600000000 6.7200000000 23.5200000000 1
'C' 33.6000000000 10.0800000000 23.5200000000 1
'C' 36.9600000000 10.0800000000 20.1600000000 1
'C' 38.6400000000 8.4000000000 25.2000000000 1
'C' 35.2800000000 11.7600000000 25.2000000000 1
'C' 38.6400000000 11.7600000000 21.8400000000 1
'C' 40.3200000000 6.7200000000 20.1600000000 1
'C' 42.0000000000 8.4000000000 21.8400000000 1
'C' 43.6800000000 6.7200000000 23.5200000000 1
'C' 40.3200000000 10.0800000000 23.5200000000 1
'C' 43.6800000000 10.0800000000 20.1600000000 1
'C' 45.3600000000 8.4000000000 25.2000000000 1
'C' 42.0000000000 11.7600000000 25.2000000000 1
'C' 45.3600000000 11.7600000000 21.8400000000 1
'C' 47.0400000000 6.7200000000 20.1600000000 1
'C' 48.7200000000 8.4000000000 21.8400000000 1
'C' 50.4000000000 6.7200000000 23.5200000000 1
'C' 47.0400000000 10.0800000000 23.5200000000 1
'C' 50.4000000000 10.0800000000 20.1600000000 1
'C' 52.0800000000 8.4000000000 25.2000000000 1
'C' 48.7200000000 11.7600000000 25.2000000000 1
'C' 52.0800000000 11.7600000000 21.8400000000 1
'C' 0.0000000000 13.4400000000 20.1600000000 1
'C' 1.6800000000 15.1200000000 21.8400000000 1
'C' 3.3600000000 13.4400000000 23.5200000000 1
'C' 0.0000000000 16.8000000000 23.5200000000 1
'C' 3.3600000000 16.8000000000 20.1600000000 1
'C' 5.0400000000 15.1200000000 25.2000000000 1
'C' 1.6800000000 18.4800000000 25.2000000000 1
'C' 5.0400000000 18.4800000000 21.8400000000 1
'C' 6.7200000000 13.4400000000 20.1600000000 1
'C' 8.4000000000 15.1200000000 21.8400000000 1
'C' 10.0800000000 13.4400000000 23.5200000000 1
'C' 6.7200000000 16.8000000000 23.5200000000 1
'C' 10.0800000000 16.8000000000 20.1600000000 1
'C' 11.7600000000 15.1200000000 25.2000000000 1
'C' 8.4000000000 18.4800000000 25.2000000000 1
'C' 11.7600000000 18.4800000000 21.8400000000 1
'C' 13.4400000000 13.4400000000 20.1600000000 1
'C' 15.1200000000 15.1200000000 21.8400000000 1
'C' 16.8000000000 13.4400000000 23.5200000000 1
'C' 13.4400000000 16.8000000000 23.5200000000 1
'C' 16.8000000000 16.8000000000 20.1600000000 1
'C' 18.4800000000 15.1200000000 25.2000000000 1
'C' 15.1200000000 18.4800000000 25.2000000000 1
'C' 18.4800000000 18.4800000000 21.8400000000 1
'C' 20.1600000000 13.4400000000 20.1600000000 1
'C' 21.8400000000 15.1200000000 21.8400000000 1
'C' 23.5200000000 13.4400000000 23.5200000000 1
'C' 20.1600000000 16.8000000000 23.5200000000 1
'C' 23.5200000000 16.8000000000 20.1600000000 1
'C' 25.2000000000 15.1200000000 25.2000000000 1
'C' 21.8400000000 18.4800000000 25.2000000000 1
'C' 25.2000000000 18.4800000000 21.8400000000 1
'C' 26.8800000000 13.4400000000 20.1600000000 1
'C' 28.5600000000 15.1200000000 21.8400000000 1
'C' 30.2400000000 13.4400000000 23.5200000000 1
'C' 26.8800000000 16.8000000000 23.5200000000 1
'C' 30.2400000000 16.8000000000 20.1600000000 1
'C' 31.9200000000 15.1200000000 25.2000000000 1
'C' 28.5600000000 18.4800000000 25.2000000000 1
'C' 31.9200000000 18.4800000000 21.8400000000 1
'C' 33.6000000000 13.4400000000 20.1600000000 1
'C' 35.2800000000 15.1200000000 21.8400000000 1
'C' 36.9600000000 13.4400000000 23.5200000000 1
'C' 33.6000000000 16.8000000000 23.5200000000 1
'C' 36.9600000000 16.8000000000 20.1600000000 1
'C' 38.6400000000 15.1200000000 25.2000000000 1
'C' 35.2800000000 18.4800000000 25.2000000000 1
'C' 38.6400000000 18.4800000000 21.8400000000 1
'C' 40.3200000000 13.4400000000 20.1600000000 1
'C' 42.0000000000 15.1200000000 21.8400000000 1
'C' 43.6800000000 13.4400000000 23.5200000000 1
'C' 40.3200000000 16.8000000000 23.5200000000 1
'C' 43.6800000000 16.8000000000 20.1600000000 1
'C' 45.3600000000 15.1200000000 25.2000000000 1
'C' 42.0000000000 18.4800000000 25.2000000000 1
'C' 45.3600000000 18.4800000000 21.8400000000 1
'C' 47.0400000000 13.4400000000 20.1600000000 1
'C' 48.7200000000 15.1200000000 21.8400000000 1
'C' 50.4000000000 13.4400000000 23.5200000000 1
'C' 47.0400000000 16.8000000000 23.5200000000 1
'C' 50.4000000000 16.8000000000 20.1600000000 1
'C' 52.0800000000 15.1200000000 25.2000000000 1
'C' 48.7200000000 18.4800000000 25.2000000000 1
'C' 52.0800000000 18.4800000000 21.8400000000 1
'C' 0.0000000000 20.1600000000 20.1600000000 1
'C' 1.6800000000 21.8400000000 21.8400000000 1
'C' 3.3600000000 20.1600000000 23.5200000000 1
'C' 0.0000000000 23.5200000000 23.5200000000 1
'C' 3.3600000000 23.5200000000 20.1600000000 1
'C' 5.0400000000 21.8400000000 25.2000000000 1
'C' 1.6800000000 25.2000000000 25.2000000000 1
'C' 5.0400000000 25.2000000000 21.8400000000 1
'C' 6.7200000000 20.1600000000 20.1600000000 1
'C' 8.4000000000 21.8400000000 21.8400000000 1
'C' 10.0800000000 20.1600000000 23.5200000000 1
'C' 6.7200000000 23.5200000000 23.5200000000 1
'C' 10.0800000000 23.5200000000 20.1600000000 1
'C' 11.7600000000 21.8400000000 25.2000000000 1
'C' 8.4000000000 25.2000000000 25.2000000000 1
'C' 11.7600000000 25.2000000000 21.8400000000 1
'C' 13.4400000000 20.1600000000 20.1600000000 1
'C' 15.1200000000 21.8400000000 21.8400000000 1
'C' 16.8000000000 20.1600000000 23.5200000000 1
'C' 13.4400000000 23.5200000000 23.5200000000 1
'C' 16.8000000000 23.5200000000 20.1600000000 1
'C' 18.4800000000 21.8400000000 25.2000000000 1
'C' 15.1200000000 25.2000000000 25.2000000000 1
'C' 18.4800000000 25.2000000000 21.8400000000 1
'C' 20.1600000000 20.1600000000 20.1600000000 1
'C' 21.8400000000 21.8400000000 21.8400000000 1
'C' 23.5200000000 20.1600000000 23.5200000000 1
'C' 20.1600000000 23.5200000000 23.5200000000 1
'C' 23.5200000000 23.5200000000 20.1600000000 1
'C' 25.2000000000 21.8400000000 25.2000000000 1
'C' 21.8400000000 25.2000000000 25.2000000000 1
'C' 25.2000000000 25.2000000000 21.8400000000 1
'C' 26.8800000000 20.1600000000 20.1600000000 1
'C' 28.5600000000 21.8400000000 21.8400000000 1
'C' 30.2400000000 20.1600000000 23.5200000000 1
'C' 26.8800000000 23.5200000000 23.5200000000 1
'C' 30.2400000000 23.5200000000 20.1600000000 1
'C' 31.9200000000 21.8400000000 25.2000000000 1
'C' 28.5600000000 25.2000000000 25.2000000000 1
'C' 31.9200000000 25.2000000000 21.8400000000 1
'C' 33.6000000000 20.1600000000 20.1600000000 1
'C' 35.2800000000 21.8400000000 21.8400000000 1
'C' 36.9600000000 20.1600000000 23.5200000000 1
'C' 33.6000000000 23.5200000000 23.5200000000 1
'C' 36.9600000000 23.5200000000 20.1600000000 1
'C' 38.6400000000 21.8400000000 25.2000000000 1
'C' 35.2800000000 25.2000000000 25.2000000000 1
'C' 38.6400000000 25.2000000000 21.8400000000 1
'C' 40.3200000000 20.1600000000 20.1600000000 1
'C' 42.0000000000 21.8400000000 21.8400000000 1
'C' 43.6800000000 20.1600000000 23.5200000000 1
'C' 40.3200000000 23.5200000000 23.5200000000 1
'C' 43.6800000000 23.5200000000 20.1600000000 1
'C' 45.3600000000 21.8400000000 25.2000000000 1
'C' 42.0000000000 25.2000000000 25.2000000000 1
'C' 45.3600000000 25.2000000000 21.8400000000 1
'C' 47.0400000000 20.1600000000 20.1600000000 1
'C' 48.7200000000 21.8400000000 21.8400000000 1
'C' 50.4000000000 20.1600000000 23.5200000000 1
'C' 47.0400000000 23.5200000000 23.5200000000 1
'C' 50.4000000000 23.5200000000 20.1600000000 1
'C' 52.0800000000 21.8400000000 25.2000000000 1
'C' 48.7200000000 25.2000000000 25.2000000000 1
'C' 52.0800000000 25.2000000000 21.8400000000 1
'C' 0.0000000000 26.8800000000 20.1600000000 1
'C' 1.6800000000 28.5600000000 21.8400000000 1
'C' 3.3600000000 26.8800000000 23.5200000000 1
'C' 0.0000000000 30.2400000000 23.5200000000 1
'C' 3.3600000000 30.2400000000 20.1600000000 1
'C' 5.0400000000 28.5600000000 25.2000000000 1
'C' 1.6800000000 31.9200000000 25.2000000000 1
'C' 5.0400000000 31.9200000000 21.8400000000 1
'C' 6.7200000000 26.8800000000 20.1600000000 1
'C' 8.4000000000 28.5600000000 21.8400000000 1
'C' 10.0800000000 26.8800000000 23.5200000000 1
'C' 6.7200000000 30.2400000000 23.5200000000 1
'C' 10.0800000000 30.2400000000 20.1600000000 1
'C' 11.7600000000 28.5600000000 25.2000000000 1
'C' 8.4000000000 31.9200000000 25.2000000000 1
'C' 11.7600000000 31.9200000000 21.8400000000 1
'C' 13.4400000000 26.8800000000 20.1600000000 1
'C' 15.1200000000 28.5600000000 21.8400000000 1
'C' 16.8000000000 26.8800000000 23.5200000000 1
'C' 13.4400000000 30.2400000000 23.5200000000 1
'C' 16.8000000000 30.2400000000 20.1600000000 1
'C' 18.4800000000 28.5600000000 25.2000000000 1
'C' 15.1200000000 31.9200000000 25.2000000000 1
'C' 18.4800000000 31.9200000000 21.8400000000 1
'C' 20.1600000000 26.8800000000 20.1600000000 1
'C' 21.8400000000 28.5600000000 21.8400000000 1
'C' 23.5200000000 26.8800000000 23.5200000000 1
'C' 20.1600000000 30.2400000000 23.5200000000 1
'C' 23.5200000000 30.2400000000 20.1600000000 1
'C' 25.2000000000 28.5600000000 25.2000000000 1
'C' 21.8400000000 31.9200000000 25.2000000000 1
'C' 25.2000000000 31.9200000000 21.8400000000 1
'C' 26.8800000000 26.8800000000 20.1600000000 1
'C' 28.5600000000 28.5600000000 21.8400000000 1
'C' 30.2400000000 26.8800000000 23.5200000000 1
'C' 26.8800000000 30.2400000000 23.5200000000 1
'C' 30.2400000000 30.2400000000 20.1600000000 1
'C' 31.9200000000 28.5600000000 25.2000000000 1
'C' 28.5600000000 31.9200000000 25.2000000000 1
'C' 31.9200000000 31.9200000000 21.8400000000 1
'C' 33.6000000000 26.8800000000 20.1600000000 1
'C' 35.2800000000 28.5600000000 21.8400000000 1
'C' 36.9600000000 26.8800000000 23.5200000000 1
'C' 33.6000000000 30.2400000000 23.5200000000 1
'C' 36.9600000000 30.2400000000 20.1600000000 1
'C' 38.6400000000 28.5600000000 25.2000000000 1
'C' 35.2800000000 31.9200000000 25.2000000000 1
'C' 38.6400000000 31.9200000000 21.8400000000 1
'C' 40.3200000000 26.8800000000 20.1600000000 1
'C' 42.0000000000 28.5600000000 21.8400000000 1
'C' 43.6800000000 26.8800000000 23.5200000000 1
'C' 40.3200000000 30.2400000000 23.5200000000 1
'C' 43.6800000000 30.2400000000 20.1600000000 1
'C' 45.3600000000 28.5600000000 25.2000000000 1
'C' 42.0000000000 31.9200000000 25.2000000000 1
'C' 45.3600000000 31.9200000000 21.8400000000 1
'C' 47.0400000000 26.8800000000 20.1600000000 1
'C' 48.7200000000 28.5600000000 21.8400000000 1
'C' 50.4000000000 26.8800000000 23.5200000000 1
'C' 47.0400000000 30.2400000000 23.5200000000 1
'C' 50.4000000000 30.2400000000 20.1600000000 1
'C' 52.0800000000 28.5600000000 25.2000000000 1
'C' 48.7200000000 31.9200000000 25.2000000000 1
'C' 52.0800000000 31.9200000000 21.8400000000 1
'C' 0.0000000000 33.6000000000 20.1600000000 1
'C' 1.6800000000 35.2800000000 21.8400000000 1
'C' 3.3600000000 33.6000000000 23.5200000000 1
'C' 0.0000000000 36.9600000000 23.5200000000 1
'C' 3.3600000000 36.9600000000 20.1600000000 1
'C' 5.0400000000 35.2800000000 25.2000000000 1
'C' 1.6800000000 38.6400000000 25.2000000000 1
'C' 5.0400000000 38.6400000000 21.8400000000 1
'C' 6.7200000000 33.6000000000 20.1600000000 1
'C' 8.4000000000 35.2800000000 21.8400000000 1
'C' 10.0800000000 33.6000000000 23.5200000000 1
'C' 6.7200000000 36.9600000000 23.5200000000 1
'C' 10.0800000000 36.9600000000 20.1600000000 1
'C' 11.7600000000 35.2800000000 25.2000000000 1
'C' 8.4000000000 38.6400000000 25.2000000000 1
'C' 11.7600000000 38.6400000000 21.8400000000 1
'C' 13.4400000000 33.6000000000 20.1600000000 1
'C' 15.1200000000 35.2800000000 21.8400000000 1
'C' 16.8000000000 33.6000000000 23.5200000000 1
'C' 13.4400000000 36.9600000000 23.5200000000 1
'C' 16.8000000000 36.9600000000 20.1600000000 1
'C' 18.4800000000 35.2800000000 25.2000000000 1
'C' 15.1200000000 38.6400000000 25.2000000000 1
'C' 18.4800000000 38.6400000000 21.8400000000 1
'C' 20.1600000000 33.6000000000 20.1600000000 1
'C' 21.8400000000 35.2800000000 21.8400000000 1
'C' 23.5200000000 33.6000000000 23.5200000000 1
'C' 20.1600000000 36.9600000000 23.5200000000 1
'C' 23.5200000000 36.9600000000 20.1600000000 1
'C' 25.2000000000 35.2800000000 25.2000000000 1
'C' 21.8400000000 38.6400000000 25.2000000000 1
'C' 25.2000000000 38.6400000000 21.8400000000 1
'C' 26.8800000000 33.6000000000 20.1600000000 1
'C' 28.5600000000 35.2800000000 21.8400000000 1
'C' 30.2400000000 33.6000000000 23.5200000000 1
'C' 26.8800000000 36.9600000000 23.5200000000 1
'C' 30.2400000000 36.9600000000 20.1600000000 1
'C' 31.9200000000 35.2800000000 25.2000000000 1
'C' 28.5600000000 38.6400000000 25.2000000000 1
'C' 31.9200000000 38.6400000000 21.8400000000 1
'C' 33.6000000000 33.6000000000 20.1600000000 1
'C' 35.2800000000 35.2800000000 21.8400000000 1
'C' 36.9600000000 33.6000000000 23.5200000000 1
'C' 33.6000000000 36.9600000000 23.5200000000 1
'C' 36.9600000000 36.9600000000 20.1600000000 1
'C' 38.6400000000 35.2800000000 25.2000000000 1
'C' 35.2800000000 38.6400000000 25.2000000000 1
'C' 38.6400000000 38.6400000000 21.8400000000 1
'C' 40.3200000000 33.6000000000 20.1600000000 1
'C' 42.0000000000 35.2800000000 21.8400000000 1
'C' 43.6800000000 33.6000000000 23.5200000000 1
'C' 40.3200000000 36.9600000000 23.5200000000 1
'C' 43.6800000000 36.9600000000 20.1600000000 1
'C' 45.3600000000 35.2800000000 25.2000000000 1
'C' 42.0000000000 38.6400000000 25.2000000000 1
'C' 45.3600000000 38.6400000000 21.8400000000 1
'C' 47.0400000000 33.6000000000 20.1600000000 1
'C' 48.7200000000 35.2800000000 21.8400000000 1
'C' 50.4000000000 33.6000000000 23.5200000000 1
'C' 47.0400000000 36.9600000000 23.5200000000 1
'C' 50.4000000000 36.9600000000 20.1600000000 1
'C' 52.0800000000 35.2800000000 25.2000000000 1
'C' 48.7200000000 38.6400000000 25.2000000000 1
'C' 52.0800000000 38.6400000000 21.8400000000 1
'C' 0.0000000000 40.3200000000 20.1600000000 1
'C' 1.6800000000 42.0000000000 21.8400000000 1
'C' 3.3600000000 40.3200000000 23.5200000000 1
'C' 0.0000000000 43.6800000000 23.5200000000 1
'C' 3.3600000000 43.6800000000 20.1600000000 1
'C' 5.0400000000 42.0000000000 25.2000000000 1
'C' 1.6800000000 45.3600000000 25.2000000000 1
'C' 5.0400000000 45.3600000000 21.8400000000 1
'C' 6.7200000000 40.3200000000 20.1600000000 1
'C' 8.4000000000 42.0000000000 21.8400000000 1
'C' 10.0800000000 40.3200000000 23.5200000000 1
'C' 6.7200000000 43.6800000000 23.5200000000 1
'C' 10.0800000000 43.6800000000 20.1600000000 1
'C' 11.7600000000 42.0000000000 25.2000000000 1
'C' 8.4000000000 45.3600000000 25.2000000000 1
'C' 11.7600000000 45.3600000000 21.8400000000 1
'C' 13.4400000000 40.3200000000 20.1600000000 1
'C' 15.1200000000 42.0000000000 21.8400000000 1
'C' 16.8000000000 40.3200000000 23.5200000000 1
'C' 13.4400000000 43.6800000000 23.5200000000 1
'C' 16.8000000000 43.6800000000 20.1600000000 1
'C' 18.4800000000 42.0000000000 25.2000000000 1
'C' 15.1200000000 45.3600000000 25.2000000000 1
'C' 18.4800000000 45.3600000000 21.8400000000 1
'C' 20.1600000000 40.3200000000 20.1600000000 1
'C' 21.8400000000 42.0000000000 21.8400000000 1
'C' 23.5200000000 40.3200000000 23.5200000000 1
'C' 20.1600000000 43.6800000000 23.5200000000 1
'C' 23.5200000000 43.6800000000 20.1600000000 1
'C' 25.2000000000 42.0000000000 25.2000000000 1
'C' 21.8400000000 45.3600000000 25.2000000000 1
'C' 25.2000000000 45.3600000000 21.8400000000 1
'C' 26.8800000000 40.3200000000 20.1600000000 1
'C' 28.5600000000 42.0000000000 21.8400000000 1
'C' 30.2400000000 40.3200000000 23.5200000000 1
'C' 26.8800000000 43.6800000000 23.5200000000 1
'C' 30.2400000000 43.6800000000 20.1600000000 1
'C' 31.9200000000 42.0000000000 25.2000000000 1
'C' 28.5600000000 45.3600000000 25.2000000000 1
'C' 31.9200000000 45.3600000000 21.8400000000 1
'C' 33.6000000000 40.3200000000 20.1600000000 1
'C' 35.2800000000 42.0000000000 21.8400000000 1
'C' 36.9600000000 40.3200000000 23.5200000000 1
'C' 33.6000000000 43.6800000000 23.5200000000 1
'C' 36.9600000000 43.6800000000 20.1600000000 1
'C' 38.6400000000 42.0000000000 25.2000000000 1
'C' 35.2800000000 45.3600000000 25.2000000000 1
'C' 38.6400000000 45.3600000000 21.8400000000 1
'C' 40.3200000000 40.3200000000 20.1600000000 1
'C' 42.0000000000 42.0000000000 21.8400000000 1
'C' 43.6800000000 40.3200000000 23.5200000000 1
'C' 40.3200000000 43.6800000000 23.5200000000 1
'C' 43.6800000000 43.6800000000 20.1600000000 1
'C' 45.3600000000 42.0000000000 25.2000000000 1
'C' 42.0000000000 45.3600000000 25.2000000000 1
'C' 45.3600000000 45.3600000000 21.8400000000 1
'C' 47.0400000000 40.3200000000 20.1600000000 1
'C' 48.7200000000 42.0000000000 21.8400000000 1
'C' 50.4000000000 40.3200000000 23.5200000000 1
'C' 47.0400000000 43.6800000000 23.5200000000 1
'C' 50.4000000000 43.6800000000 20.1600000000 1
'C' 52.0800000000 42.0000000000 25.2000000000 1
'C' 48.7200000000 45.3600000000 25.2000000000 1
'C' 52.0800000000 45.3600000000 21.8400000000 1
'C' 0.0000000000 47.0400000000 20.1600000000 1
'C' 1.6800000000 48.7200000000 21.8400000000 1
'C' 3.3600000000 47.0400000000 23.5200000000 1
'C' 0.0000000000 50.4000000000 23.5200000000 1
'C' 3.3600000000 50.4000000000 20.1600000000 1
'C' 5.0400000000 48.7200000000 25.2000000000 1
'C' 1.6800000000 52.0800000000 25.2000000000 1
'C' 5.0400000000 52.0800000000 21.8400000000 1
'C' 6.7200000000 47.0400000000 20.1600000000 1
'C' 8.4000000000 48.7200000000 21.8400000000 1
'C' 10.0800000000 47.0400000000 23.5200000000 1
'C' 6.7200000000 50.4000000000 23.5200000000 1
'C' 10.0800000000 50.4000000000 20.1600000000 1
'C' 11.7600000000 48.7200000000 25.2000000000 1
'C' 8.4000000000 52.0800000000 25.2000000000 1
'C' 11.7600000000 52.0800000000 21.8400000000 1
'C' 13.4400000000 47.0400000000 20.1600000000 1
'C' 15.1200000000 48.7200000000 21.8400000000 1
'C' 16.8000000000 47.0400000000 23.5200000000 1
'C' 13.4400000000 50.4000000000 23.5200000000 1
'C' 16.8000000000 50.4000000000 20.1600000000 1
'C' 18.4800000000 48.7200000000 25.2000000000 1
'C' 15.1200000000 52.0800000000 25.2000000000 1
'C' 18.4800000000 52.0800000000 21.8400000000 1
'C' 20.1600000000 47.0400000000 20.1600000000 1
'C' 21.8400000000 48.7200000000 21.8400000000 1
'C' 23.5200000000 47.0400000000 23.5200000000 1
'C' 20.1600000000 50.4000000000 23.5200000000 1
'C' 23.5200000000 50.4000000000 20.1600000000 1
'C' 25.2000000000 48.7200000000 25.2000000000 1
'C' 21.8400000000 52.0800000000 25.2000000000 1
'C' 25.2000000000 52.0800000000 21.8400000000 1
'C' 26.8800000000 47.0400000000 20.1600000000 1
'C' 28.5600000000 48.7200000000 21.8400000000 1
'C' 30.2400000000 47.0400000000 23.5200000000 1
'C' 26.8800000000 50.4000000000 23.5200000000 1
'C' 30.2400000000 50.4000000000 20.1600000000 1
'C' 31.9200000000 48.7200000000 25.2000000000 1
'C' 28.5600000000 52.0800000000 25.2000000000 1
'C' 31.9200000000 52.0800000000 21.8400000000 1
'C' 33.6000000000 47.0400000000 20.1600000000 1
'C' 35.2800000000 48.7200000000 21.8400000000 1
'C' 36.9600000000 47.0400000000 23.5200000000 1
'C' 33.6000000000 50.4000000000 23.5200000000 1
'C' 36.9600000000 50.4000000000 20.1600000000 1
'C' 38.6400000000 48.7200000000 25.2000000000 1
'C' 35.2800000000 52.0800000000 25.2000000000 1
'C' 38.6400000000 52.0800000000 21.8400000000 1
'C' 40.3200000000 47.0400000000 20.1600000000 1
'C' 42.0000000000 48.7200000000 21.8400000000 1
'C' 43.6800000000 47.0400000000 23.5200000000 1
'C' 40.3200000000 50.4000000000 23.5200000000 1
'C' 43.6800000000 50.4000000000 20.1600000000 1
'C' 45.3600000000 48.7200000000 25.2000000000 1
'C' 42.0000000000 52.0800000000 25.2000000000 1
'C' 45.3600000000 52.0800000000 21.8400000000 1
'C' 47.0400000000 47.0400000000 20.1600000000 1
'C' 48.7200000000 48.7200000000 21.8400000000 1
'C' 50.4000000000 47.0400000000 23.5200000000 1
'C' 47.0400000000 50.4000000000 23.5200000000 1
'C' 50.4000000000 50.4000000000 20.1600000000 1
'C' 52.0800000000 48.7200000000 25.2000000000 1
'C' 48.7200000000 52.0800000000 25.2000000000 1
'C' 52.0800000000 52.0800000000 21.8400000000 1
'C' 0.0000000000 0.0000000000 26.8800000000 1
'C' 1.6800000000 1.6800000000 28.5600000000 1
'C' 3.3600000000 0.0000000000 30.2400000000 1
'C' 0.0000000000 3.3600000000 30.2400000000 1
'C' 3.3600000000 3.3600000000 26.8800000000 1
'C' 5.0400000000 1.6800000000 31.9200000000 1
'C' 1.6800000000 5.0400000000 31.9200000000 1
'C' 5.0400000000 5.0400000000 28.5600000000 1
'C' 6.7200000000 0.0000000000 26.8800000000 1
'C' 8.4000000000 1.6800000000 28.5600000000 1
'C' 10.0800000000 0.0000000000 30.2400000000 1
'C' 6.7200000000 3.3600000000 30.2400000000 1
'C' 10.0800000000 3.3600000000 26.8800000000 1
'C' 11.7600000000 1.6800000000 31.9200000000 1
'C' 8.4000000000 5.0400000000 31.9200000000 1
'C' 11.7600000000 5.0400000000 28.5600000000 1
'C' 13.4400000000 0.0000000000 26.8800000000 1
'C' 15.1200000000 1.6800000000 28.5600000000 1
'C' 16.8000000000 0.0000000000 30.2400000000 1
'C' 13.4400000000 3.3600000000 30.2400000000 1
'C' 16.8000000000 3.3600000000 26.8800000000 1
'C' 18.4800000000 1.6800000000 31.9200000000 1
'C' 15.1200000000 5.0400000000 31.9200000000 1
'C' 18.4800000000 5.0400000000 28.5600000000 1
'C' 20.1600000000 0.0000000000 26.8800000000 1
'C' 21.8400000000 1.6800000000 28.5600000000 1
'C' 23.5200000000 0.0000000000 30.2400000000 1
'C' 20.1600000000 3.3600000000 30.2400000000 1
'C' 23.5200000000 3.3600000000 26.8800000000 1
'C' 25.2000000000 1.6800000000 31.9200000000 1
'C' 21.8400000000 5.0400000000 31.9200000000 1
'C' 25.2000000000 5.0400000000 28.5600000000 1
'C' 26.8800000000 0.0000000000 26.8800000000 1
'C' 28.5600000000 1.6800000000 28.5600000000 1
'C' 30.2400000000 0.0000000000 30.2400000000 1
'C' 26.8800000000 3.3600000000 30.2400000000 1
'C' 30.2400000000 3.3600000000 26.8800000000 1
'C' 31.9200000000 1.6800000000 31.9200000000 1
'C' 28.5600000000 5.0400000000 31.9200000000 1
'C' 31.9200000000 5.0400000000 28.5600000000 1
'C' 33.6000000000 0.0000000000 26.8800000000 1
'C' 35.2800000000 1.6800000000 28.5600000000 1
'C' 36.9600000000 0.0000000000 30.2400000000 1
'C' 33.6000000000 3.3600000000 30.2400000000 1
'C' 36.9600000000 3.3600000000 26.8800000000 1
'C' 38.6400000000 1.6800000000 31.9200000000 1
'C' 35.2800000000 5.0400000000 31.9200000000 1
'C' 38.6400000000 5.0400000000 28.5600000000 1
'C' 40.3200000000 0.0000000000 26.8800000000 1
'C' 42.0000000000 1.6800000000 28.5600000000 1
'C' 43.6800000000 0.0000000000 30.2400000000 1
'C' 40.3200000000 3.3600000000 30.2400000000 1
'C' 43.6800000000 3.3600000000 26.8800000000 1
'C' 45.3600000000 1.6800000000 31.9200000000 1
'C' 42.0000000000 5.0400000000 31.9200000000 1
'C' 45.3600000000 5.0400000000 28.5600000000 1
'C' 47.0400000000 0.0000000000 26.8800000000 1
'C' 48.7200000000 1.6800000000 28.5600000000 1
'C' 50.4000000000 0.0000000000 30.2400000000 1
'C' 47.0400000000 3.3600000000 30.2400000000 1
'C' 50.4000000000 3.3600000000 26.8800000000 1
'C' 52.0800000000 1.6800000000 31.9200000000 1
'C' 48.7200000000 5.0400000000 31.9200000000 1
'C' 52.0800000000 5.0400000000 28.5600000000 1
'C' 0.0000000000 6.7200000000 26.8800000000 1
'C' 1.6800000000 8.4000000000 28.5600000000 1
'C' 3.3600000000 6.7200000000 30.2400000000 1
'C' 0.0000000000 10.0800000000 30.2400000000 1
'C' 3.3600000000 10.0800000000 26.8800000000 1
'C' 5.0400000000 8.4000000000 31.9200000000 1
'C' 1.6800000000 11.7600000000 31.9200000000 1
'C' 5.0400000000 11.7600000000 28.5600000000 1
'C' 6.7200000000 6.7200000000 26.8800000000 1
'C' 8.4000000000 8.4000000000 28.5600000000 1
'C' 10.0800000000 6.7200000000 30.2400000000 1
'C' 6.7200000000 10.0800000000 30.2400000000 1
'C' 10.0800000000 10.0800000000 26.8800000000 1
'C' 11.7600000000 8.4000000000 31.9200000000 1
'C' 8.4000000000 11.7600000000 31.9200000000 1
'C' 11.7600000000 11.7600000000 28.5600000000 1
'C' 13.4400000000 6.7200000000 26.8800000000 1
'C' 15.1200000000 8.4000000000 28.5600000000 1
'C' 16.8000000000 6.7200000000 30.2400000000 1
'C' 13.4400000000 10.0800000000 30.2400000000 1
'C' 16.8000000000 10.0800000000 26.8800000000 1
'C' 18.4800000000 8.4000000000 31.9200000000 1
'C' 15.1200000000 11.7600000000 31.9200000000 1
'C' 18.4800000000 11.7600000000 28.5600000000 1
'C' 20.1600000000 6.7200000000 26.8800000000 1
'C' 21.8400000000 8.4000000000 28.5600000000 1
'C' 23.5200000000 6.7200000000 30.2400000000 1
'C' 20.1600000000 10.0800000000 30.2400000000 1
'C' 23.5200000000 10.0800000000 26.8800000000 1
'C' 25.2000000000 8.4000000000 31.9200000000 1
'C' 21.8400000000 11.7600000000 31.9200000000 1
'C' 25.2000000000 11.7600000000 28.5600000000 1
'C' 26.8800000000 6.7200000000 26.8800000000 1
'C' 28.5600000000 8.4000000000 28.5600000000 1
'C' 30.2400000000 6.7200000000 30.2400000000 1
'C' 26.8800000000 10.0800000000 30.2400000000 1
'C' 30.2400000000 10.0800000000 26.8800000000 1
'C' 31.9200000000 8.4000000000 31.9200000000 1
'C' 28.5600000000 11.7600000000 31.9200000000 1
'C' 31.9200000000 11.7600000000 28.5600000000 1
'C' 33.6000000000 6.7200000000 26.8800000000 1
'C' 35.2800000000 8.4000000000 28.5600000000 1
'C' 36.9600000000 6.7200000000 30.2400000000 1
'C' 33.6000000000 10.0800000000 30.2400000000 1
'C' 36.9600000000 10.0800000000 26.8800000000 1
'C' 38.6400000000 8.4000000000 31.9200000000 1
'C' 35.2800000000 11.7600000000 31.9200000000 1
'C' 38.6400000000 11.7600000000 28.5600000000 1
'C' 40.3200000000 6.7200000000 26.8800000000 1
'C' 42.0000000000 8.4000000000 28.5600000000 1
'C' 43.6800000000 6.7200000000 30.2400000000 1
'C' 40.3200000000 10.0800000000 30.2400000000 1
'C' 43.6800000000 10.0800000000 26.8800000000 1
'C' 45.3600000000 8.4000000000 31.9200000000 1
'C' 42.0000000000 11.7600000000 31.9200000000 1
'C' 45.3600000000 11.7600000000 28.5600000000 1
'C' 47.0400000000 6.7200000000 26.8800000000 1
'C' 48.7200000000 8.4000000000 28.5600000000 1
'C' 50.4000000000 6.7200000000 30.2400000000 1
'C' 47.0400000000 10.0800000000 30.2400000000 1
'C' 50.4000000000 10.0800000000 26.8800000000 1
'C' 52.0800000000 8.4000000000 31.9200000000 1
'C' 48.7200000000 11.7600000000 31.9200000000 1
'C' 52.0800000000 11.7600000000 28.5600000000 1
'C' 0.0000000000 13.4400000000 26.8800000000 1
'C' 1.6800000000 15.1200000000 28.5600000000 1
'C' 3.3600000000 13.4400000000 30.2400000000 1
'C' 0.0000000000 16.8000000000 30.2400000000 1
'C' 3.3600000000 16.8000000000 26.8800000000 1
'C' 5.0400000000 15.1200000000 31.9200000000 1
'C' 1.6800000000 18.4800000000 31.9200000000 1
'C' 5.0400000000 18.4800000000 28.5600000000 1
'C' 6.7200000000 13.4400000000 26.8800000000 1
'C' 8.4000000000 15.1200000000 28.5600000000 1
'C' 10.0800000000 13.4400000000 30.2400000000 1
'C' 6.7200000000 16.8000000000 30.2400000000 1
'C' 10.0800000000 16.8000000000 26.8800000000 1
'C' 11.7600000000 15.1200000000 31.9200000000 1
'C' 8.4000000000 18.4800000000 31.9200000000 1
'C' 11.7600000000 18.4800000000 28.5600000000 1
'C' 13.4400000000 13.4400000000 26.8800000000 1
'C' 15.1200000000 15.1200000000 28.5600000000 1
'C' 16.8000000000 13.4400000000 30.2400000000 1
'C' 13.4400000000 16.8000000000 30.2400000000 1
'C' 16.8000000000 16.8000000000 26.8800000000 1
'C' 18.4800000000 15.1200000000 31.9200000000 1
'C' 15.1200000000 18.4800000000 31.9200000000 1
'C' 18.4800000000 18.4800000000 28.5600000000 1
'C' 20.1600000000 13.4400000000 26.8800000000 1
'C' 21.8400000000 15.1200000000 28.5600000000 1
'C' 23.5200000000 13.4400000000 30.2400000000 1
'C' 20.1600000000 16.8000000000 30.2400000000 1
'C' 23.5200000000 16.8000000000 26.8800000000 1
'C' 25.2000000000 15.1200000000 31.9200000000 1
'C' 21.8400000000 18.4800000000 31.9200000000 1
'C' 25.2000000000 18.4800000000 28.5600000000 1
'C' 26.8800000000 13.4400000000 26.8800000000 1
'C' 28.5600000000 15.1200000000 28.5600000000 1
'C' 30.2400000000 13.4400000000 30.2400000000 1
'C' 26.8800000000 16.8000000000 30.2400000000 1
'C' 30.2400000000 16.8000000000 26.8800000000 1
'C' 31.9200000000 15.1200000000 31.9200000000 1
'C' 28.5600000000 18.4800000000 31.9200000000 1
'C' 31.9200000000 18.4800000000 28.5600000000 1
'C' 33.6000000000 13.4400000000 26.8800000000 1
'C' 35.2800000000 15.1200000000 28.5600000000 1
'C' 36.9600000000 13.4400000000 30.2400000000 1
'C' 33.6000000000 16.8000000000 30.2400000000 1
'C' 36.9600000000 16.8000000000 26.8800000000 1
'C' 38.6400000000 15.1200000000 31.9200000000 1
'C' 35.2800000000 18.4800000000 31.9200000000 1
'C' 38.6400000000 18.4800000000 28.5600000000 1
'C' 40.3200000000 13.4400000000 26.8800000000 1
'C' 42.0000000000 15.1200000000 28.5600000000 1
'C' 43.6800000000 13.4400000000 30.2400000000 1
'C' 40.3200000000 16.8000000000 30.2400000000 1
'C' 43.6800000000 16.8000000000 26.8800000000 1
'C' 45.3600000000 15.1200000000 31.9200000000 1
'C' 42.0000000000 18.4800000000 31.9200000000 1
'C' 45.3600000000 18.4800000000 28.5600000000 1
'C' 47.0400000000 13.4400000000 26.8800000000 1
'C' 48.7200000000 15.1200000000 28.5600000000 1
'C' 50.4000000000 13.4400000000 30.2400000000 1
'C' 47.0400000000 16.8000000000 30.2400000000 1
'C' 50.4000000000 16.8000000000 26.8800000000 1
'C' 52.0800000000 15.1200000000 31.9200000000 1
'C' 48.7200000000 18.4800000000 31.9200000000 1
'C' 52.0800000000 18.4800000000 28.5600000000 1
'C' 0.0000000000 20.1600000000 26.8800000000 1
'C' 1.6800000000 21.8400000000 28.5600000000 1
'C' 3.3600000000 20.1600000000 30.2400000000 1
'C' 0.0000000000 23.5200000000 30.2400000000 1
'C' 3.3600000000 23.5200000000 26.8800000000 1
'C' 5.0400000000 21.8400000000 31.9200000000 1
'C' 1.6800000000 25.2000000000 31.9200000000 1
'C' 5.0400000000 25.2000000000 28.5600000000 1
'C' 6.7200000000 20.1600000000 26.8800000000 1
'C' 8.4000000000 21.8400000000 28.5600000000 1
'C' 10.0800000000 20.1600000000 30.2400000000 1
'C' 6.7200000000 23.5200000000 30.2400000000 1
'C' 10.0800000000 23.5200000000 26.8800000000 1
'C' 11.7600000000 21.8400000000 31.9200000000 1
'C' 8.4000000000 25.2000000000 31.9200000000 1
'C' 11.7600000000 25.2000000000 28.5600000000 1
'C' 13.4400000000 20.1600000000 26.8800000000 1
'C' 15.1200000000 21.8400000000 28.5600000000 1
'C' 16.8000000000 20.1600000000 30.2400000000 1
'C' 13.4400000000 23.5200000000 30.2400000000 1
'C' 16.8000000000 23.5200000000 26.8800000000 1
'C' 18.4800000000 21.8400000000 31.9200000000 1
'C' 15.1200000000 25.2000000000 31.9200000000 1
'C' 18.4800000000 25.2000000000 28.5600000000 1
'C' 20.1600000000 20.1600000000 26.8800000000 1
'C' 21.8400000000 21.8400000000 28.5600000000 1
'C' 23.5200000000 20.1600000000 30.2400000000 1
'C' 20.1600000000 23.5200000000 30.2400000000 1
'C' 23.5200000000 23.5200000000 26.8800000000 1
'C' 25.2000000000 21.8400000000 31.9200000000 1
'C' 21.8400000000 25.2000000000 31.9200000000 1
'C' 25.2000000000 25.2000000000 28.5600000000 1
'C' 26.8800000000 20.1600000000 26.8800000000 1
'C' 28.5600000000 21.8400000000 28.5600000000 1
'C' 30.2400000000 20.1600000000 30.2400000000 1
'C' 26.8800000000 23.5200000000 30.2400000000 1
'C' 30.2400000000 23.5200000000 26.8800000000 1
'C' 31.9200000000 21.8400000000 31.9200000000 1
'C' 28.5600000000 25.2000000000 31.9200000000 1
'C' 31.9200000000 25.2000000000 28.5600000000 1
'C' 33.6000000000 20.1600000000 26.8800000000 1
'C' 35.2800000000 21.8400000000 28.5600000000 1
'C' 36.9600000000 20.1600000000 30.2400000000 1
'C' 33.6000000000 23.5200000000 30.2400000000 1
'C' 36.9600000000 23.5200000000 26.8800000000 1
'C' 38.6400000000 21.8400000000 31.9200000000 1
'C' 35.2800000000 25.2000000000 31.9200000000 1
'C' 38.6400000000 25.2000000000 28.5600000000 1
'C' 40.3200000000 20.1600000000 26.8800000000 1
'C' 42.0000000000 21.8400000000 28.5600000000 1
'C' 43.6800000000 20.1600000000 30.2400000000 1
'C' 40.3200000000 23.5200000000 30.2400000000 1
'C' 43.6800000000 23.5200000000 26.8800000000 1
'C' 45.3600000000 21.8400000000 31.9200000000 1
'C' 42.0000000000 25.2000000000 31.9200000000 1
'C' 45.3600000000 25.2000000000 28.5600000000 1
'C' 47.0400000000 20.1600000000 26.8800000000 1
'C' 48.7200000000 21.8400000000 28.5600000000 1
'C' 50.4000000000 20.1600000000 30.2400000000 1
'C' 47.0400000000 23.5200000000 30.2400000000 1
'C' 50.4000000000 23.5200000000 26.8800000000 1
'C' 52.0800000000 21.8400000000 31.9200000000 1
'C' 48.7200000000 25.2000000000 31.9200000000 1
'C' 52.0800000000 25.2000000000 28.5600000000 1
'C' 0.0000000000 26.8800000000 26.8800000000 1
'C' 1.6800000000 28.5600000000 28.5600000000 1
'C' 3.3600000000 26.8800000000 30.2400000000 1
'C' 0.0000000000 30.2400000000 30.2400000000 1
'C' 3.3600000000 30.2400000000 26.8800000000 1
'C' 5.0400000000 28.5600000000 31.9200000000 1
'C' 1.6800000000 31.9200000000 31.9200000000 1
'C' 5.0400000000 31.9200000000 28.5600000000 1
'C' 6.7200000000 26.8800000000 26.8800000000 1
'C' 8.4000000000 28.5600000000 28.5600000000 1
'C' 10.0800000000 26.8800000000 30.2400000000 1
'C' 6.7200000000 30.2400000000 30.2400000000 1
'C' 10.0800000000 30.2400000000 26.8800000000 1
'C' 11.7600000000 28.5600000000 31.9200000000 1
'C' 8.4000000000 31.9200000000 31.9200000000 1
'C' 11.7600000000 31.9200000000 28.5600000000 1
'C' 13.4400000000 26.8800000000 26.8800000000 1
'C' 15.1200000000 28.5600000000 28.5600000000 1
'C' 16.8000000000 26.8800000000 30.2400000000 1
'C' 13.4400000000 30.2400000000 30.2400000000 1
'C' 16.8000000000 30.2400000000 26.8800000000 1
'C' 18.4800000000 28.5600000000 31.9200000000 1
'C' 15.1200000000 31.9200000000 31.9200000000 1
'C' 18.4800000000 31.9200000000 28.5600000000 1
'C' 20.1600000000 26.8800000000 26.8800000000 1
'C' 21.8400000000 28.5600000000 28.5600000000 1
'C' 23.5200000000 26.8800000000 30.2400000000 1
'C' 20.1600000000 30.2400000000 30.2400000000 1
'C' 23.5200000000 30.2400000000 26.8800000000 1
'C' 25.2000000000 28.5600000000 31.9200000000 1
'C' 21.8400000000 31.9200000000 31.9200000000 1
'C' 25.2000000000 31.9200000000 28.5600000000 1
'C' 26.8800000000 26.8800000000 26.8800000000 1
'C' 28.5600000000 28.5600000000 28.5600000000 1
'C' 30.2400000000 26.8800000000 30.2400000000 1
'C' 26.8800000000 30.2400000000 30.2400000000 1
'C' 30.2400000000 30.2400000000 26.8800000000 1
'C' 31.9200000000 28.5600000000 31.9200000000 1
'C' 28.5600000000 31.9200000000 31.9200000000 1
'C' 31.9200000000 31.9200000000 28.5600000000 1
'C' 33.6000000000 26.8800000000 26.8800000000 1
'C' 35.2800000000 28.5600000000 28.5600000000 1
'C' 36.9600000000 26.8800000000 30.2400000000 1
'C' 33.6000000000 30.2400000000 30.2400000000 1
'C' 36.9600000000 30.2400000000 26.8800000000 1
'C' 38.6400000000 28.5600000000 31.9200000000 1
'C' 35.2800000000 31.9200000000 31.9200000000 1
'C' 38.6400000000 31.9200000000 28.5600000000 1
'C' 40.3200000000 26.8800000000 26.8800000000 1
'C' 42.0000000000 28.5600000000 28.5600000000 1
'C' 43.6800000000 26.8800000000 30.2400000000 1
'C' 40.3200000000 30.2400000000 30.2400000000 1
'C' 43.6800000000 30.2400000000 26.8800000000 1
'C' 45.3600000000 28.5600000000 31.9200000000 1
'C' 42.0000000000 31.9200000000 31.9200000000 1
'C' 45.3600000000 31.9200000000 28.5600000000 1
'C' 47.0400000000 26.8800000000 26.8800000000 1
'C' 48.7200000000 28.5600000000 28.5600000000 1
'C' 50.4000000000 26.8800000000 30.2400000000 1
'C' 47.0400000000 30.2400000000 30.2400000000 1
'C' 50.4000000000 30.2400000000 26.8800000000 1
'C' 52.0800000000 28.5600000000 31.9200000000 1
'C' 48.7200000000 31.9200000000 31.9200000000 1
'C' 52.0800000000 31.9200000000 28.5600000000 1
'C' 0.0000000000 33.6000000000 26.8800000000 1
'C' 1.6800000000 35.2800000000 28.5600000000 1
'C' 3.3600000000 33.6000000000 30.2400000000 1
'C' 0.0000000000 36.9600000000 30.2400000000 1
'C' 3.3600000000 36.9600000000 26.8800000000 1
'C' 5.0400000000 35.2800000000 31.9200000000 1
'C' 1.6800000000 38.6400000000 31.9200000000 1
'C' 5.0400000000 38.6400000000 28.5600000000 1
'C' 6.7200000000 33.6000000000 26.8800000000 1
'C' 8.4000000000 35.2800000000 28.5600000000 1
'C' 10.0800000000 33.6000000000 30.2400000000 1
'C' 6.7200000000 36.9600000000 30.2400000000 1
'C' 10.0800000000 36.9600000000 26.8800000000 1
'C' 11.7600000000 35.2800000000 31.9200000000 1
'C' 8.4000000000 38.6400000000 31.9200000000 1
'C' 11.7600000000 38.6400000000 28.5600000000 1
'C' 13.4400000000 33.6000000000 26.8800000000 1
'C' 15.1200000000 35.2800000000 28.5600000000 1
'C' 16.8000000000 33.6000000000 30.2400000000 1
'C' 13.4400000000 36.9600000000 30.2400000000 1
'C' 16.8000000000 36.9600000000 26.8800000000 1
'C' 18.4800000000 35.2800000000 31.9200000000 1
'C' 15.1200000000 38.6400000000 31.9200000000 1
'C' 18.4800000000 38.6400000000 28.5600000000 1
'C' 20.1600000000 33.6000000000 26.8800000000 1
'C' 21.8400000000 35.2800000000 28.5600000000 1
'C' 23.5200000000 33.6000000000 30.2400000000 1
'C' 20.1600000000 36.9600000000 30.2400000000 1
'C' 23.5200000000 36.9600000000 26.8800000000 1
'C' 25.2000000000 35.2800000000 31.9200000000 1
'C' 21.8400000000 38.6400000000 31.9200000000 1
'C' 25.2000000000 38.6400000000 28.5600000000 1
'C' 26.8800000000 33.6000000000 26.8800000000 1
'C' 28.5600000000 35.2800000000 28.5600000000 1
'C' 30.2400000000 33.6000000000 30.2400000000 1
'C' 26.8800000000 36.9600000000 30.2400000000 1
'C' 30.2400000000 36.9600000000 26.8800000000 1
'C' 31.9200000000 35.2800000000 31.9200000000 1
'C' 28.5600000000 38.6400000000 31.9200000000 1
'C' 31.9200000000 38.6400000000 28.5600000000 1
'C' 33.6000000000 33.6000000000 26.8800000000 1
'C' 35.2800000000 35.2800000000 28.5600000000 1
'C' 36.9600000000 33.6000000000 30.2400000000 1
'C' 33.6000000000 36.9600000000 30.2400000000 1
'C' 36.9600000000 36.9600000000 26.8800000000 1
'C' 38.6400000000 35.2800000000 31.9200000000 1
'C' 35.2800000000 38.6400000000 31.9200000000 1
'C' 38.6400000000 38.6400000000 28.5600000000 1
'C' 40.3200000000 33.6000000000 26.8800000000 1
'C' 42.0000000000 35.2800000000 28.5600000000 1
'C' 43.6800000000 33.6000000000 30.2400000000 1
'C' 40.3200000000 36.9600000000 30.2400000000 1
'C' 43.6800000000 36.9600000000 26.8800000000 1
'C' 45.3600000000 35.2800000000 31.9200000000 1
'C' 42.0000000000 38.6400000000 31.9200000000 1
'C' 45.3600000000 38.6400000000 28.5600000000 1
'C' 47.0400000000 33.6000000000 26.8800000000 1
'C' 48.7200000000 35.2800000000 28.5600000000 1
'C' 50.4000000000 33.6000000000 30.2400000000 1
'C' 47.0400000000 36.9600000000 30.2400000000 1
'C' 50.4000000000 36.9600000000 26.8800000000 1
'C' 52.0800000000 35.2800000000 31.9200000000 1
'C' 48.7200000000 38.6400000000 31.9200000000 1
'C' 52.0800000000 38.6400000000 28.5600000000 1
'C' 0.0000000000 40.3200000000 26.8800000000 1
'C' 1.6800000000 42.0000000000 28.5600000000 1
'C' 3.3600000000 40.3200000000 30.2400000000 1
'C' 0.0000000000 43.6800000000 30.2400000000 1
'C' 3.3600000000 43.6800000000 26.8800000000 1
'C' 5.0400000000 42.0000000000 31.9200000000 1
'C' 1.6800000000 45.3600000000 31.9200000000 1
'C' 5.0400000000 45.3600000000 28.5600000000 1
'C' 6.7200000000 40.3200000000 26.8800000000 1
'C' 8.4000000000 42.0000000000 28.5600000000 1
'C' 10.0800000000 40.3200000000 30.2400000000 1
'C' 6.7200000000 43.6800000000 30.2400000000 1
'C' 10.0800000000 43.6800000000 26.8800000000 1
'C' 11.7600000000 42.0000000000 31.9200000000 1
'C' 8.4000000000 45.3600000000 31.9200000000 1
'C' 11.7600000000 45.3600000000 28.5600000000 1
'C' 13.4400000000 40.3200000000 26.8800000000 1
'C' 15.1200000000 42.0000000000 28.5600000000 1
'C' 16.8000000000 40.3200000000 30.2400000000 1
'C' 13.4400000000 43.6800000000 30.2400000000 1
'C' 16.8000000000 43.6800000000 26.8800000000 1
'C' 18.4800000000 42.0000000000 31.9200000000 1
'C' 15.1200000000 45.3600000000 31.9200000000 1
'C' 18.4800000000 45.3600000000 28.5600000000 1
'C' 20.1600000000 40.3200000000 26.8800000000 1
'C' 21.8400000000 42.0000000000 28.5600000000 1
'C' 23.5200000000 40.3200000000 30.2400000000 1
'C' 20.1600000000 43.6800000000 30.2400000000 1
'C' 23.5200000000 43.6800000000 26.8800000000 1
'C' 25.2000000000 42.0000000000 31.9200000000 1
'C' 21.8400000000 45.3600000000 31.9200000000 1
'C' 25.2000000000 45.3600000000 28.5600000000 1
'C' 26.8800000000 40.3200000000 26.8800000000 1
'C' 28.5600000000 42.0000000000 28.5600000000 1
'C' 30.2400000000 40.3200000000 30.2400000000 1
'C' 26.8800000000 43.6800000000 30.2400000000 1
'C' 30.2400000000 43.6800000000 26.8800000000 1
'C' 31.9200000000 42.0000000000 31.9200000000 1
'C' 28.5600000000 45.3600000000 31.9200000000 1
'C' 31.9200000000 45.3600000000 28.5600000000 1
'C' 33.6000000000 40.3200000000 26.8800000000 1
'C' 35.2800000000 42.0000000000 28.5600000000 1
'C' 36.9600000000 40.3200000000 30.2400000000 1
'C' 33.6000000000 43.6800000000 30.2400000000 1
'C' 36.9600000000 43.6800000000 26.8800000000 1
'C' 38.6400000000 42.0000000000 31.9200000000 1
'C' 35.2800000000 45.3600000000 31.9200000000 1
'C' 38.6400000000 45.3600000000 28.5600000000 1
'C' 40.3200000000 40.3200000000 26.8800000000 1
'C' 42.0000000000 42.0000000000 28.5600000000 1
'C' 43.6800000000 40.3200000000 30.2400000000 1
'C' 40.3200000000 43.6800000000 30.2400000000 1
'C' 43.6800000000 43.6800000000 26.8800000000 1
'C' 45.3600000000 42.0000000000 31.9200000000 1
'C' 42.0000000000 45.3600000000 31.9200000000 1
'C' 45.3600000000 45.3600000000 28.5600000000 1
'C' 47.0400000000 40.3200000000 26.8800000000 1
'C' 48.7200000000 42.0000000000 28.5600000000 1
'C' 50.4000000000 40.3200000000 30.2400000000 1
'C' 47.0400000000 43.6800000000 30.2400000000 1
'C' 50.4000000000 43.6800000000 26.8800000000 1
'C' 52.0800000000 42.0000000000 31.9200000000 1
'C' 48.7200000000 45.3600000000 31.9200000000 1
'C' 52.0800000000 45.3600000000 28.5600000000 1
'C' 0.0000000000 47.0400000000 26.8800000000 1
'C' 1.6800000000 48.7200000000 28.5600000000 1
'C' 3.3600000000 47.0400000000 30.2400000000 1
'C' 0.0000000000 50.4000000000 30.2400000000 1
'C' 3.3600000000 50.4000000000 26.8800000000 1
'C' 5.0400000000 48.7200000000 31.9200000000 1
'C' 1.6800000000 52.0800000000 31.9200000000 1
'C' 5.0400000000 52.0800000000 28.5600000000 1
'C' 6.7200000000 47.0400000000 26.8800000000 1
'C' 8.4000000000 48.7200000000 28.5600000000 1
'C' 10.0800000000 47.0400000000 30.2400000000 1
'C' 6.7200000000 50.4000000000 30.2400000000 1
'C' 10.0800000000 50.4000000000 26.8800000000 1
'C' 11.7600000000 48.7200000000 31.9200000000 1
'C' 8.4000000000 52.0800000000 31.9200000000 1
'C' 11.7600000000 52.0800000000 28.5600000000 1
'C' 13.4400000000 47.0400000000 26.8800000000 1
'C' 15.1200000000 48.7200000000 28.5600000000 1
'C' 16.8000000000 47.0400000000 30.2400000000 1
'C' 13.4400000000 50.4000000000 30.2400000000 1
'C' 16.8000000000 50.4000000000 26.8800000000 1
'C' 18.4800000000 48.7200000000 31.9200000000 1
'C' 15.1200000000 52.0800000000 31.9200000000 1
'C' 18.4800000000 52.0800000000 28.5600000000 1
'C' 20.1600000000 47.0400000000 26.8800000000 1
'C' 21.8400000000 48.7200000000 28.5600000000 1
'C' 23.5200000000 47.0400000000 30.2400000000 1
'C' 20.1600000000 50.4000000000 30.2400000000 1
'C' 23.5200000000 50.4000000000 26.8800000000 1
'C' 25.2000000000 48.7200000000 31.9200000000 1
'C' 21.8400000000 52.0800000000 31.9200000000 1
'C' 25.2000000000 52.0800000000 28.5600000000 1
'C' 26.8800000000 47.0400000000 26.8800000000 1
'C' 28.5600000000 48.7200000000 28.5600000000 1
'C' 30.2400000000 47.0400000000 30.2400000000 1
'C' 26.8800000000 50.4000000000 30.2400000000 1
'C' 30.2400000000 50.4000000000 26.8800000000 1
'C' 31.9200000000 48.7200000000 31.9200000000 1
'C' 28.5600000000 52.0800000000 31.9200000000 1
'C' 31.9200000000 52.0800000000 28.5600000000 1
'C' 33.6000000000 47.0400000000 26.8800000000 1
'C' 35.2800000000 48.7200000000 28.5600000000 1
'C' 36.9600000000 47.0400000000 30.2400000000 1
'C' 33.6000000000 50.4000000000 30.2400000000 1
'C' 36.9600000000 50.4000000000 26.8800000000 1
'C' 38.6400000000 48.7200000000 31.9200000000 1
'C' 35.2800000000 52.0800000000 31.9200000000 1
'C' 38.6400000000 52.0800000000 28.5600000000 1
'C' 40.3200000000 47.0400000000 26.8800000000 1
'C' 42.0000000000 48.7200000000 28.5600000000 1
'C' 43.6800000000 47.0400000000 30.2400000000 1
'C' 40.3200000000 50.4000000000 30.2400000000 1
'C' 43.6800000000 50.4000000000 26.8800000000 1
'C' 45.3600000000 48.7200000000 31.9200000000 1
'C' 42.0000000000 52.0800000000 31.9200000000 1
'C' 45.3600000000 52.0800000000 28.5600000000 1
'C' 47.0400000000 47.0400000000 26.8800000000 1
'C' 48.7200000000 48.7200000000 28.5600000000 1
'C' 50.4000000000 47.0400000000 30.2400000000 1
'C' 47.0400000000 50.4000000000 30.2400000000 1
'C' 50.4000000000 50.4000000000 26.8800000000 1
'C' 52.0800000000 48.7200000000 31.9200000000 1
'C' 48.7200000000 52.0800000000 31.9200000000 1
'C' 52.0800000000 52.0800000000 28.5600000000 1
'C' 0.0000000000 0.0000000000 33.6000000000 1
'C' 1.6800000000 1.6800000000 35.2800000000 1
'C' 3.3600000000 0.0000000000 36.9600000000 1
'C' 0.0000000000 3.3600000000 36.9600000000 1
'C' 3.3600000000 3.3600000000 33.6000000000 1
'C' 5.0400000000 1.6800000000 38.6400000000 1
'C' 1.6800000000 5.0400000000 38.6400000000 1
'C' 5.0400000000 5.0400000000 35.2800000000 1
'C' 6.7200000000 0.0000000000 33.6000000000 1
'C' 8.4000000000 1.6800000000 35.2800000000 1
'C' 10.0800000000 0.0000000000 36.9600000000 1
'C' 6.7200000000 3.3600000000 36.9600000000 1
'C' 10.0800000000 3.3600000000 33.6000000000 1
'C' 11.7600000000 1.6800000000 38.6400000000 1
'C' 8.4000000000 5.0400000000 38.6400000000 1
'C' 11.7600000000 5.0400000000 35.2800000000 1
'C' 13.4400000000 0.0000000000 33.6000000000 1
'C' 15.1200000000 1.6800000000 35.2800000000 1
'C' 16.8000000000 0.0000000000 36.9600000000 1
'C' 13.4400000000 3.3600000000 36.9600000000 1
'C' 16.8000000000 3.3600000000 33.6000000000 1
'C' 18.4800000000 1.6800000000 38.6400000000 1
'C' 15.1200000000 5.0400000000 38.6400000000 1
'C' 18.4800000000 5.0400000000 35.2800000000 1
'C' 20.1600000000 0.0000000000 33.6000000000 1
'C' 21.8400000000 1.6800000000 35.2800000000 1
'C' 23.5200000000 0.0000000000 36.9600000000 1
'C' 20.1600000000 3.3600000000 36.9600000000 1
'C' 23.5200000000 3.3600000000 33.6000000000 1
'C' 25.2000000000 1.6800000000 38.6400000000 1
'C' 21.8400000000 5.0400000000 38.6400000000 1
'C' 25.2000000000 5.0400000000 35.2800000000 1
'C' 26.8800000000 0.0000000000 33.6000000000 1
'C' 28.5600000000 1.6800000000 35.2800000000 1
'C' 30.2400000000 0.0000000000 36.9600000000 1
'C' 26.8800000000 3.3600000000 36.9600000000 1
'C' 30.2400000000 3.3600000000 33.6000000000 1
'C' 31.9200000000 1.6800000000 38.6400000000 1
'C' 28.5600000000 5.0400000000 38.6400000000 1
'C' 31.9200000000 5.0400000000 35.2800000000 1
'C' 33.6000000000 0.0000000000 33.6000000000 1
'C' 35.2800000000 1.6800000000 35.2800000000 1
'C' 36.9600000000 0.0000000000 36.9600000000 1
'C' 33.6000000000 3.3600000000 36.9600000000 1
'C' 36.9600000000 3.3600000000 33.6000000000 1
'C' 38.6400000000 1.6800000000 38.6400000000 1
'C' 35.2800000000 5.0400000000 38.6400000000 1
'C' 38.6400000000 5.0400000000 35.2800000000 1
'C' 40.3200000000 0.0000000000 33.6000000000 1
'C' 42.0000000000 1.6800000000 35.2800000000 1
'C' 43.6800000000 0.0000000000 36.9600000000 1
'C' 40.3200000000 3.3600000000 36.9600000000 1
'C' 43.6800000000 3.3600000000 33.6000000000 1
'C' 45.3600000000 1.6800000000 38.6400000000 1
'C' 42.0000000000 5.0400000000 38.6400000000 1
'C' 45.3600000000 5.0400000000 35.2800000000 1
'C' 47.0400000000 0.0000000000 33.6000000000 1
'C' 48.7200000000 1.6800000000 35.2800000000 1
'C' 50.4000000000 0.0000000000 36.9600000000 1
'C' 47.0400000000 3.3600000000 36.9600000000 1
'C' 50.4000000000 3.3600000000 33.6000000000 1
'C' 52.0800000000 1.6800000000 38.6400000000 1
'C' 48.7200000000 5.0400000000 38.6400000000 1
'C' 52.0800000000 5.0400000000 35.2800000000 1
'C' 0.0000000000 6.7200000000 33.6000000000 1
'C' 1.6800000000 8.4000000000 35.2800000000 1
'C' 3.3600000000 6.7200000000 36.9600000000 1
'C' 0.0000000000 10.0800000000 36.9600000000 1
'C' 3.3600000000 10.0800000000 33.6000000000 1
'C' 5.0400000000 8.4000000000 38.6400000000 1
'C' 1.6800000000 11.7600000000 38.6400000000 1
'C' 5.0400000000 11.7600000000 35.2800000000 1
'C' 6.7200000000 6.7200000000 33.6000000000 1
'C' 8.4000000000 8.4000000000 35.2800000000 1
'C' 10.0800000000 6.7200000000 36.9600000000 1
'C' 6.7200000000 10.0800000000 36.9600000000 1
'C' 10.0800000000 10.0800000000 33.6000000000 1
'C' 11.7600000000 8.4000000000 38.6400000000 1
'C' 8.4000000000 11.7600000000 38.6400000000 1
'C' 11.7600000000 11.7600000000 35.2800000000 1
'C' 13.4400000000 6.7200000000 33.6000000000 1
'C' 15.1200000000 8.4000000000 35.2800000000 1
'C' 16.8000000000 6.7200000000 36.9600000000 1
'C' 13.4400000000 10.0800000000 36.9600000000 1
'C' 16.8000000000 10.0800000000 33.6000000000 1
'C' 18.4800000000 8.4000000000 38.6400000000 1
'C' 15.1200000000 11.7600000000 38.6400000000 1
'C' 18.4800000000 11.7600000000 35.2800000000 1
'C' 20.1600000000 6.7200000000 33.6000000000 1
'C' 21.8400000000 8.4000000000 35.2800000000 1
'C' 23.5200000000 6.7200000000 36.9600000000 1
'C' 20.1600000000 10.0800000000 36.9600000000 1
'C' 23.5200000000 10.0800000000 33.6000000000 1
'C' 25.2000000000 8.4000000000 38.6400000000 1
'C' 21.8400000000 11.7600000000 38.6400000000 1
'C' 25.2000000000 11.7600000000 35.2800000000 1
'C' 26.8800000000 6.7200000000 33.6000000000 1
'C' 28.5600000000 8.4000000000 35.2800000000 1
'C' 30.2400000000 6.7200000000 36.9600000000 1
'C' 26.8800000000 10.0800000000 36.9600000000 1
'C' 30.2400000000 10.0800000000 33.6000000000 1
'C' 31.9200000000 8.4000000000 38.6400000000 1
'C' 28.5600000000 11.7600000000 38.6400000000 1
'C' 31.9200000000 11.7600000000 35.2800000000 1
'C' 33.6000000000 6.7200000000 33.6000000000 1
'C' 35.2800000000 8.4000000000 35.2800000000 1
'C' 36.9600000000 6.7200000000 36.9600000000 1
'C' 33.6000000000 10.0800000000 36.9600000000 1
'C' 36.9600000000 10.0800000000 33.6000000000 1
'C' 38.6400000000 8.4000000000 38.6400000000 1
'C' 35.2800000000 11.7600000000 38.6400000000 1
'C' 38.6400000000 11.7600000000 35.2800000000 1
'C' 40.3200000000 6.7200000000 33.6000000000 1
'C' 42.0000000000 8.4000000000 35.2800000000 1
'C' 43.6800000000 6.7200000000 36.9600000000 1
'C' 40.3200000000 10.0800000000 36.9600000000 1
'C' 43.6800000000 10.0800000000 33.6000000000 1
'C' 45.3600000000 8.4000000000 38.6400000000 1
'C' 42.0000000000 11.7600000000 38.6400000000 1
'C' 45.3600000000 11.7600000000 35.2800000000 1
'C' 47.0400000000 6.7200000000 33.6000000000 1
'C' 48.7200000000 8.4000000000 35.2800000000 1
'C' 50.4000000000 6.7200000000 36.9600000000 1
'C' 47.0400000000 10.0800000000 36.9600000000 1
'C' 50.4000000000 10.0800000000 33.6000000000 1
'C' 52.0800000000 8.4000000000 38.6400000000 1
'C' 48.7200000000 11.7600000000 38.6400000000 1
'C' 52.0800000000 11.7600000000 35.2800000000 1
'C' 0.0000000000 13.4400000000 33.6000000000 1
'C' 1.6800000000 15.1200000000 35.2800000000 1
'C' 3.3600000000 13.4400000000 36.9600000000 1
'C' 0.0000000000 16.8000000000 36.9600000000 1
'C' 3.3600000000 16.8000000000 33.6000000000 1
'C' 5.0400000000 15.1200000000 38.6400000000 1
'C' 1.6800000000 18.4800000000 38.6400000000 1
'C' 5.0400000000 18.4800000000 35.2800000000 1
'C' 6.7200000000 13.4400000000 33.6000000000 1
'C' 8.4000000000 15.1200000000 35.2800000000 1
'C' 10.0800000000 13.4400000000 36.9600000000 1
'C' 6.7200000000 16.8000000000 36.9600000000 1
'C' 10.0800000000 16.8000000000 33.6000000000 1
'C' 11.7600000000 15.1200000000 38.6400000000 1
'C' 8.4000000000 18.4800000000 38.6400000000 1
'C' 11.7600000000 18.4800000000 35.2800000000 1
'C' 13.4400000000 13.4400000000 33.6000000000 1
'C' 15.1200000000 15.1200000000 35.2800000000 1
'C' 16.8000000000 13.4400000000 36.9600000000 1
'C' 13.4400000000 16.8000000000 36.9600000000 1
'C' 16.8000000000 16.8000000000 33.6000000000 1
'C' 18.4800000000 15.1200000000 38.6400000000 1
'C' 15.1200000000 18.4800000000 38.6400000000 1
'C' 18.4800000000 18.4800000000 35.2800000000 1
'C' 20.1600000000 13.4400000000 33.6000000000 1
'C' 21.8400000000 15.1200000000 35.2800000000 1
'C' 23.5200000000 13.4400000000 36.9600000000 1
'C' 20.1600000000 16.8000000000 36.9600000000 1
'C' 23.5200000000 16.8000000000 33.6000000000 1
'C' 25.2000000000 15.1200000000 38.6400000000 1
'C' 21.8400000000 18.4800000000 38.6400000000 1
'C' 25.2000000000 18.4800000000 35.2800000000 1
'C' 26.8800000000 13.4400000000 33.6000000000 1
'C' 28.5600000000 15.1200000000 35.2800000000 1
'C' 30.2400000000 13.4400000000 36.9600000000 1
'C' 26.8800000000 16.8000000000 36.9600000000 1
'C' 30.2400000000 16.8000000000 33.6000000000 1
'C' 31.9200000000 15.1200000000 38.6400000000 1
'C' 28.5600000000 18.4800000000 38.6400000000 1
'C' 31.9200000000 18.4800000000 35.2800000000 1
'C' 33.6000000000 13.4400000000 33.6000000000 1
'C' 35.2800000000 15.1200000000 35.2800000000 1
'C' 36.9600000000 13.4400000000 36.9600000000 1
'C' 33.6000000000 16.8000000000 36.9600000000 1
'C' 36.9600000000 16.8000000000 33.6000000000 1
'C' 38.6400000000 15.1200000000 38.6400000000 1
'C' 35.2800000000 18.4800000000 38.6400000000 1
'C' 38.6400000000 18.4800000000 35.2800000000 1
'C' 40.3200000000 13.4400000000 33.6000000000 1
'C' 42.0000000000 15.1200000000 35.2800000000 1
'C' 43.6800000000 13.4400000000 36.9600000000 1
'C' 40.3200000000 16.8000000000 36.9600000000 1
'C' 43.6800000000 16.8000000000 33.6000000000 1
'C' 45.3600000000 15.1200000000 38.6400000000 1
'C' 42.0000000000 18.4800000000 38.6400000000 1
'C' 45.3600000000 18.4800000000 35.2800000000 1
'C' 47.0400000000 13.4400000000 33.6000000000 1
'C' 48.7200000000 15.1200000000 35.2800000000 1
'C' 50.4000000000 13.4400000000 36.9600000000 1
'C' 47.0400000000 16.8000000000 36.9600000000 1
'C' 50.4000000000 16.8000000000 33.6000000000 1
'C' 52.0800000000 15.1200000000 38.6400000000 1
'C' 48.7200000000 18.4800000000 38.6400000000 1
'C' 52.0800000000 18.4800000000 35.2800000000 1
'C' 0.0000000000 20.1600000000 33.6000000000 1
'C' 1.6800000000 21.8400000000 35.2800000000 1
'C' 3.3600000000 20.1600000000 36.9600000000 1
'C' 0.0000000000 23.5200000000 36.9600000000 1
'C' 3.3600000000 23.5200000000 33.6000000000 1
'C' 5.0400000000 21.8400000000 38.6400000000 1
'C' 1.6800000000 25.2000000000 38.6400000000 1
'C' 5.0400000000 25.2000000000 35.2800000000 1
'C' 6.7200000000 20.1600000000 33.6000000000 1
'C' 8.4000000000 21.8400000000 35.2800000000 1
'C' 10.0800000000 20.1600000000 36.9600000000 1
'C' 6.7200000000 23.5200000000 36.9600000000 1
'C' 10.0800000000 23.5200000000 33.6000000000 1
'C' 11.7600000000 21.8400000000 38.6400000000 1
'C' 8.4000000000 25.2000000000 38.6400000000 1
'C' 11.7600000000 25.2000000000 35.2800000000 1
'C' 13.4400000000 20.1600000000 33.6000000000 1
'C' 15.1200000000 21.8400000000 35.2800000000 1
'C' 16.8000000000 20.1600000000 36.9600000000 1
'C' 13.4400000000 23.5200000000 36.9600000000 1
'C' 16.8000000000 23.5200000000 33.6000000000 1
'C' 18.4800000000 21.8400000000 38.6400000000 1
'C' 15.1200000000 25.2000000000 38.6400000000 1
'C' 18.4800000000 25.2000000000 35.2800000000 1
'C' 20.1600000000 20.1600000000 33.6000000000 1
'C' 21.8400000000 21.8400000000 35.2800000000 1
'C' 23.5200000000 20.1600000000 36.9600000000 1
'C' 20.1600000000 23.5200000000 36.9600000000 1
'C' 23.5200000000 23.5200000000 33.6000000000 1
'C' 25.2000000000 21.8400000000 38.6400000000 1
'C' 21.8400000000 25.2000000000 38.6400000000 1
'C' 25.2000000000 25.2000000000 35.2800000000 1
'C' 26.8800000000 20.1600000000 33.6000000000 1
'C' 28.5600000000 21.8400000000 35.2800000000 1
'C' 30.2400000000 20.1600000000 36.9600000000 1
'C' 26.8800000000 23.5200000000 36.9600000000 1
'C' 30.2400000000 23.5200000000 33.6000000000 1
'C' 31.9200000000 21.8400000000 38.6400000000 1
'C' 28.5600000000 25.2000000000 38.6400000000 1
'C' 31.9200000000 25.2000000000 35.2800000000 1
'C' 33.6000000000 20.1600000000 33.6000000000 1
'C' 35.2800000000 21.8400000000 35.2800000000 1
'C' 36.9600000000 20.1600000000 36.9600000000 1
'C' 33.6000000000 23.5200000000 36.9600000000 1
'C' 36.9600000000 23.5200000000 33.6000000000 1
'C' 38.6400000000 21.8400000000 38.6400000000 1
'C' 35.2800000000 25.2000000000 38.6400000000 1
'C' 38.6400000000 25.2000000000 35.2800000000 1
'C' 40.3200000000 20.1600000000 33.6000000000 1
'C' 42.0000000000 21.8400000000 35.2800000000 1
'C' 43.6800000000 20.1600000000 36.9600000000 1
'C' 40.3200000000 23.5200000000 36.9600000000 1
'C' 43.6800000000 23.5200000000 33.6000000000 1
'C' 45.3600000000 21.8400000000 38.6400000000 1
'C' 42.0000000000 25.2000000000 38.6400000000 1
'C' 45.3600000000 25.2000000000 35.2800000000 1
'C' 47.0400000000 20.1600000000 33.6000000000 1
'C' 48.7200000000 21.8400000000 35.2800000000 1
'C' 50.4000000000 20.1600000000 36.9600000000 1
'C' 47.0400000000 23.5200000000 36.9600000000 1
'C' 50.4000000000 23.5200000000 33.6000000000 1
'C' 52.0800000000 21.8400000000 38.6400000000 1
'C' 48.7200000000 25.2000000000 38.6400000000 1
'C' 52.0800000000 25.2000000000 35.2800000000 1
'C' 0.0000000000 26.8800000000 33.6000000000 1
'C' 1.6800000000 28.5600000000 35.2800000000 1
'C' 3.3600000000 26.8800000000 36.9600000000 1
'C' 0.0000000000 30.2400000000 36.9600000000 1
'C' 3.3600000000 30.2400000000 33.6000000000 1
'C' 5.0400000000 28.5600000000 38.6400000000 1
'C' 1.6800000000 31.9200000000 38.6400000000 1
'C' 5.0400000000 31.9200000000 35.2800000000 1
'C' 6.7200000000 26.8800000000 33.6000000000 1
'C' 8.4000000000 28.5600000000 35.2800000000 1
'C' 10.0800000000 26.8800000000 36.9600000000 1
'C' 6.7200000000 30.2400000000 36.9600000000 1
'C' 10.0800000000 30.2400000000 33.6000000000 1
'C' 11.7600000000 28.5600000000 38.6400000000 1
'C' 8.4000000000 31.9200000000 38.6400000000 1
'C' 11.7600000000 31.9200000000 35.2800000000 1
'C' 13.4400000000 26.8800000000 33.6000000000 1
'C' 15.1200000000 28.5600000000 35.2800000000 1
'C' 16.8000000000 26.8800000000 36.9600000000 1
'C' 13.4400000000 30.2400000000 36.9600000000 1
'C' 16.8000000000 30.2400000000 33.6000000000 1
'C' 18.4800000000 28.5600000000 38.6400000000 1
'C' 15.1200000000 31.9200000000 38.6400000000 1
'C' 18.4800000000 31.9200000000 35.2800000000 1
'C' 20.1600000000 26.8800000000 33.6000000000 1
'C' 21.8400000000 28.5600000000 35.2800000000 1
'C' 23.5200000000 26.8800000000 36.9600000000 1
'C' 20.1600000000 30.2400000000 36.9600000000 1
'C' 23.5200000000 30.2400000000 33.6000000000 1
'C' 25.2000000000 28.5600000000 38.6400000000 1
'C' 21.8400000000 31.9200000000 38.6400000000 1
'C' 25.2000000000 31.9200000000 35.2800000000 1
'C' 26.8800000000 26.8800000000 33.6000000000 1
'C' 28.5600000000 28.5600000000 35.2800000000 1
'C' 30.2400000000 26.8800000000 36.9600000000 1
'C' 26.8800000000 30.2400000000 36.9600000000 1
'C' 30.2400000000 30.2400000000 33.6000000000 1
'C' 31.9200000000 28.5600000000 38.6400000000 1
'C' 28.5600000000 31.9200000000 38.6400000000 1
'C' 31.9200000000 31.9200000000 35.2800000000 1
'C' 33.6000000000 26.8800000000 33.6000000000 1
'C' 35.2800000000 28.5600000000 35.2800000000 1
'C' 36.9600000000 26.8800000000 36.9600000000 1
'C' 33.6000000000 30.2400000000 36.9600000000 1
'C' 36.9600000000 30.2400000000 33.6000000000 1
'C' 38.6400000000 28.5600000000 38.6400000000 1
'C' 35.2800000000 31.9200000000 38.6400000000 1
'C' 38.6400000000 31.9200000000 35.2800000000 1
'C' 40.3200000000 26.8800000000 33.6000000000 1
'C' 42.0000000000 28.5600000000 35.2800000000 1
'C' 43.6800000000 26.8800000000 36.9600000000 1
'C' 40.3200000000 30.2400000000 36.9600000000 1
'C' 43.6800000000 30.2400000000 33.6000000000 1
'C' 45.3600000000 28.5600000000 38.6400000000 1
'C' 42.0000000000 31.9200000000 38.6400000000 1
'C' 45.3600000000 31.9200000000 35.2800000000 1
'C' 47.0400000000 26.8800000000 33.6000000000 1
'C' 48.7200000000 28.5600000000 35.2800000000 1
'C' 50.4000000000 26.8800000000 36.9600000000 1
'C' 47.0400000000 30.2400000000 36.9600000000 1
'C' 50.4000000000 30.2400000000 33.6000000000 1
'C' 52.0800000000 28.5600000000 38.6400000000 1
'C' 48.7200000000 31.9200000000 38.6400000000 1
'C' 52.0800000000 31.9200000000 35.2800000000 1
'C' 0.0000000000 33.6000000000 33.6000000000 1
'C' 1.6800000000 35.2800000000 35.2800000000 1
'C' 3.3600000000 33.6000000000 36.9600000000 1
'C' 0.0000000000 36.9600000000 36.9600000000 1
'C' 3.3600000000 36.9600000000 33.6000000000 1
'C' 5.0400000000 35.2800000000 38.6400000000 1
'C' 1.6800000000 38.6400000000 38.6400000000 1
'C' 5.0400000000 38.6400000000 35.2800000000 1
'C' 6.7200000000 33.6000000000 33.6000000000 1
'C' 8.4000000000 35.2800000000 35.2800000000 1
'C' 10.0800000000 33.6000000000 36.9600000000 1
'C' 6.7200000000 36.9600000000 36.9600000000 1
'C' 10.0800000000 36.9600000000 33.6000000000 1
'C' 11.7600000000 35.2800000000 38.6400000000 1
'C' 8.4000000000 38.6400000000 38.6400000000 1
'C' 11.7600000000 38.6400000000 35.2800000000 1
'C' 13.4400000000 33.6000000000 33.6000000000 1
'C' 15.1200000000 35.2800000000 35.2800000000 1
'C' 16.8000000000 33.6000000000 36.9600000000 1
'C' 13.4400000000 36.9600000000 36.9600000000 1
'C' 16.8000000000 36.9600000000 33.6000000000 1
'C' 18.4800000000 35.2800000000 38.6400000000 1
'C' 15.1200000000 38.6400000000 38.6400000000 1
'C' 18.4800000000 38.6400000000 35.2800000000 1
'C' 20.1600000000 33.6000000000 33.6000000000 1
'C' 21.8400000000 35.2800000000 35.2800000000 1
'C' 23.5200000000 33.6000000000 36.9600000000 1
'C' 20.1600000000 36.9600000000 36.9600000000 1
'C' 23.5200000000 36.9600000000 33.6000000000 1
'C' 25.2000000000 35.2800000000 38.6400000000 1
'C' 21.8400000000 38.6400000000 38.6400000000 1
'C' 25.2000000000 38.6400000000 35.2800000000 1
'C' 26.8800000000 33.6000000000 33.6000000000 1
'C' 28.5600000000 35.2800000000 35.2800000000 1
'C' 30.2400000000 33.6000000000 36.9600000000 1
'C' 26.8800000000 36.9600000000 36.9600000000 1
'C' 30.2400000000 36.9600000000 33.6000000000 1
'C' 31.9200000000 35.2800000000 38.6400000000 1
'C' 28.5600000000 38.6400000000 38.6400000000 1
'C' 31.9200000000 38.6400000000 35.2800000000 1
'C' 33.6000000000 33.6000000000 33.6000000000 1
'C' 35.2800000000 35.2800000000 35.2800000000 1
'C' 36.9600000000 33.6000000000 36.9600000000 1
'C' 33.6000000000 36.9600000000 36.9600000000 1
'C' 36.9600000000 36.9600000000 33.6000000000 1
'C' 38.6400000000 35.2800000000 38.6400000000 1
'C' 35.2800000000 38.6400000000 38.6400000000 1
'C' 38.6400000000 38.6400000000 35.2800000000 1
'C' 40.3200000000 33.6000000000 33.6000000000 1
'C' 42.0000000000 35.2800000000 35.2800000000 1
'C' 43.6800000000 33.6000000000 36.9600000000 1
'C' 40.3200000000 36.9600000000 36.9600000000 1
'C' 43.6800000000 36.9600000000 33.6000000000 1
'C' 45.3600000000 35.2800000000 38.6400000000 1
'C' 42.0000000000 38.6400000000 38.6400000000 1
'C' 45.3600000000 38.6400000000 35.2800000000 1
'C' 47.0400000000 33.6000000000 33.6000000000 1
'C' 48.7200000000 35.2800000000 35.2800000000 1
'C' 50.4000000000 33.6000000000 36.9600000000 1
'C' 47.0400000000 36.9600000000 36.9600000000 1
'C' 50.4000000000 36.9600000000 33.6000000000 1
'C' 52.0800000000 35.2800000000 38.6400000000 1
'C' 48.7200000000 38.6400000000 38.6400000000 1
'C' 52.0800000000 38.6400000000 35.2800000000 1
'C' 0.0000000000 40.3200000000 33.6000000000 1
'C' 1.6800000000 42.0000000000 35.2800000000 1
'C' 3.3600000000 40.3200000000 36.9600000000 1
'C' 0.0000000000 43.6800000000 36.9600000000 1
'C' 3.3600000000 43.6800000000 33.6000000000 1
'C' 5.0400000000 42.0000000000 38.6400000000 1
'C' 1.6800000000 45.3600000000 38.6400000000 1
'C' 5.0400000000 45.3600000000 35.2800000000 1
'C' 6.7200000000 40.3200000000 33.6000000000 1
'C' 8.4000000000 42.0000000000 35.2800000000 1
'C' 10.0800000000 40.3200000000 36.9600000000 1
'C' 6.7200000000 43.6800000000 36.9600000000 1
'C' 10.0800000000 43.6800000000 33.6000000000 1
'C' 11.7600000000 42.0000000000 38.6400000000 1
'C' 8.4000000000 45.3600000000 38.6400000000 1
'C' 11.7600000000 45.3600000000 35.2800000000 1
'C' 13.4400000000 40.3200000000 33.6000000000 1
'C' 15.1200000000 42.0000000000 35.2800000000 1
'C' 16.8000000000 40.3200000000 36.9600000000 1
'C' 13.4400000000 43.6800000000 36.9600000000 1
'C' 16.8000000000 43.6800000000 33.6000000000 1
'C' 18.4800000000 42.0000000000 38.6400000000 1
'C' 15.1200000000 45.3600000000 38.6400000000 1
'C' 18.4800000000 45.3600000000 35.2800000000 1
'C' 20.1600000000 40.3200000000 33.6000000000 1
'C' 21.8400000000 42.0000000000 35.2800000000 1
'C' 23.5200000000 40.3200000000 36.9600000000 1
'C' 20.1600000000 43.6800000000 36.9600000000 1
'C' 23.5200000000 43.6800000000 33.6000000000 1
'C' 25.2000000000 42.0000000000 38.6400000000 1
'C' 21.8400000000 45.3600000000 38.6400000000 1
'C' 25.2000000000 45.3600000000 35.2800000000 1
'C' 26.8800000000 40.3200000000 33.6000000000 1
'C' 28.5600000000 42.0000000000 35.2800000000 1
'C' 30.2400000000 40.3200000000 36.9600000000 1
'C' 26.8800000000 43.6800000000 36.9600000000 1
'C' 30.2400000000 43.6800000000 33.6000000000 1
'C' 31.9200000000 42.0000000000 38.6400000000 1
'C' 28.5600000000 45.3600000000 38.6400000000 1
'C' 31.9200000000 45.3600000000 35.2800000000 1
'C' 33.6000000000 40.3200000000 33.6000000000 1
'C' 35.2800000000 42.0000000000 35.2800000000 1
'C' 36.9600000000 40.3200000000 36.9600000000 1
'C' 33.6000000000 43.6800000000 36.9600000000 1
'C' 36.9600000000 43.6800000000 33.6000000000 1
'C' 38.6400000000 42.0000000000 38.6400000000 1
'C' 35.2800000000 45.3600000000 38.6400000000 1
'C' 38.6400000000 45.3600000000 35.2800000000 1
'C' 40.3200000000 40.3200000000 33.6000000000 1
'C' 42.0000000000 42.0000000000 35.2800000000 1
'C' 43.6800000000 40.3200000000 36.9600000000 1
'C' 40.3200000000 43.6800000000 36.9600000000 1
'C' 43.6800000000 43.6800000000 33.6000000000 1
'C' 45.3600000000 42.0000000000 38.6400000000 1
'C' 42.0000000000 45.3600000000 38.6400000000 1
'C' 45.3600000000 45.3600000000 35.2800000000 1
'C' 47.0400000000 40.3200000000 33.6000000000 1
'C' 48.7200000000 42.0000000000 35.2800000000 1
'C' 50.4000000000 40.3200000000 36.9600000000 1
'C' 47.0400000000 43.6800000000 36.9600000000 1
'C' 50.4000000000 43.6800000000 33.6000000000 1
'C' 52.0800000000 42.0000000000 38.6400000000 1
'C' 48.7200000000 45.3600000000 38.6400000000 1
'C' 52.0800000000 45.3600000000 35.2800000000 1
'C' 0.0000000000 47.0400000000 33.6000000000 1
'C' 1.6800000000 48.7200000000 35.2800000000 1
'C' 3.3600000000 47.0400000000 36.9600000000 1
'C' 0.0000000000 50.4000000000 36.9600000000 1
'C' 3.3600000000 50.4000000000 33.6000000000 1
'C' 5.0400000000 48.7200000000 38.6400000000 1
'C' 1.6800000000 52.0800000000 38.6400000000 1
'C' 5.0400000000 52.0800000000 35.2800000000 1
'C' 6.7200000000 47.0400000000 33.6000000000 1
'C' 8.4000000000 48.7200000000 35.2800000000 1
'C' 10.0800000000 47.0400000000 36.9600000000 1
'C' 6.7200000000 50.4000000000 36.9600000000 1
'C' 10.0800000000 50.4000000000 33.6000000000 1
'C' 11.7600000000 48.7200000000 38.6400000000 1
'C' 8.4000000000 52.0800000000 38.6400000000 1
'C' 11.7600000000 52.0800000000 35.2800000000 1
'C' 13.4400000000 47.0400000000 33.6000000000 1
'C' 15.1200000000 48.7200000000 35.2800000000 1
'C' 16.8000000000 47.0400000000 36.9600000000 1
'C' 13.4400000000 50.4000000000 36.9600000000 1
'C' 16.8000000000 50.4000000000 33.6000000000 1
'C' 18.4800000000 48.7200000000 38.6400000000 1
'C' 15.1200000000 52.0800000000 38.6400000000 1
'C' 18.4800000000 52.0800000000 35.2800000000 1
'C' 20.1600000000 47.0400000000 33.6000000000 1
'C' 21.8400000000 48.7200000000 35.2800000000 1
'C' 23.5200000000 47.0400000000 36.9600000000 1
'C' 20.1600000000 50.4000000000 36.9600000000 1
'C' 23.5200000000 50.4000000000 33.6000000000 1
'C' 25.2000000000 48.7200000000 38.6400000000 1
'C' 21.8400000000 52.0800000000 38.6400000000 1
'C' 25.2000000000 52.0800000000 35.2800000000 1
'C' 26.8800000000 47.0400000000 33.6000000000 1
'C' 28.5600000000 48.7200000000 35.2800000000 1
'C' 30.2400000000 47.0400000000 36.9600000000 1
'C' 26.8800000000 50.4000000000 36.9600000000 1
'C' 30.2400000000 50.4000000000 33.6000000000 1
'C' 31.9200000000 48.7200000000 38.6400000000 1
'C' 28.5600000000 52.0800000000 38.6400000000 1
'C' 31.9200000000 52.0800000000 35.2800000000 1
'C' 33.6000000000 47.0400000000 33.6000000000 1
'C' 35.2800000000 48.7200000000 35.2800000000 1
'C' 36.9600000000 47.0400000000 36.9600000000 1
'C' 33.6000000000 50.4000000000 36.9600000000 1
'C' 36.9600000000 50.4000000000 33.6000000000 1
'C' 38.6400000000 48.7200000000 38.6400000000 1
'C' 35.2800000000 52.0800000000 38.6400000000 1
'C' 38.6400000000 52.0800000000 35.2800000000 1
'C' 40.3200000000 47.0400000000 33.6000000000 1
'C' 42.0000000000 48.7200000000 35.2800000000 1
'C' 43.6800000000 47.0400000000 36.9600000000 1
'C' 40.3200000000 50.4000000000 36.9600000000 1
'C' 43.6800000000 50.4000000000 33.6000000000 1
'C' 45.3600000000 48.7200000000 38.6400000000 1
'C' 42.0000000000 52.0800000000 38.6400000000 1
'C' 45.3600000000 52.0800000000 35.2800000000 1
'C' 47.0400000000 47.0400000000 33.6000000000 1
'C' 48.7200000000 48.7200000000 35.2800000000 1
'C' 50.4000000000 47.0400000000 36.9600000000 1
'C' 47.0400000000 50.4000000000 36.9600000000 1
'C' 50.4000000000 50.4000000000 33.6000000000 1
'C' 52.0800000000 48.7200000000 38.6400000000 1
'C' 48.7200000000 52.0800000000 38.6400000000 1
'C' 52.0800000000 52.0800000000 35.2800000000 1
'C' 0.0000000000 0.0000000000 40.3200000000 1
'C' 1.6800000000 1.6800000000 42.0000000000 1
'C' 3.3600000000 0.0000000000 43.6800000000 1
'C' 0.0000000000 3.3600000000 43.6800000000 1
'C' 3.3600000000 3.3600000000 40.3200000000 1
'C' 5.0400000000 1.6800000000 45.3600000000 1
'C' 1.6800000000 5.0400000000 45.3600000000 1
'C' 5.0400000000 5.0400000000 42.0000000000 1
'C' 6.7200000000 0.0000000000 40.3200000000 1
'C' 8.4000000000 1.6800000000 42.0000000000 1
'C' 10.0800000000 0.0000000000 43.6800000000 1
'C' 6.7200000000 3.3600000000 43.6800000000 1
'C' 10.0800000000 3.3600000000 40.3200000000 1
'C' 11.7600000000 1.6800000000 45.3600000000 1
'C' 8.4000000000 5.0400000000 45.3600000000 1
'C' 11.7600000000 5.0400000000 42.0000000000 1
'C' 13.4400000000 0.0000000000 40.3200000000 1
'C' 15.1200000000 1.6800000000 42.0000000000 1
'C' 16.8000000000 0.0000000000 43.6800000000 1
'C' 13.4400000000 3.3600000000 43.6800000000 1
'C' 16.8000000000 3.3600000000 40.3200000000 1
'C' 18.4800000000 1.6800000000 45.3600000000 1
'C' 15.1200000000 5.0400000000 45.3600000000 1
'C' 18.4800000000 5.0400000000 42.0000000000 1
'C' 20.1600000000 0.0000000000 40.3200000000 1
'C' 21.8400000000 1.6800000000 42.0000000000 1
'C' 23.5200000000 0.0000000000 43.6800000000 1
'C' 20.1600000000 3.3600000000 43.6800000000 1
'C' 23.5200000000 3.3600000000 40.3200000000 1
'C' 25.2000000000 1.6800000000 45.3600000000 1
'C' 21.8400000000 5.0400000000 45.3600000000 1
'C' 25.2000000000 5.0400000000 42.0000000000 1
'C' 26.8800000000 0.0000000000 40.3200000000 1
'C' 28.5600000000 1.6800000000 42.0000000000 1
'C' 30.2400000000 0.0000000000 43.6800000000 1
'C' 26.8800000000 3.3600000000 43.6800000000 1
'C' 30.2400000000 3.3600000000 40.3200000000 1
'C' 31.9200000000 1.6800000000 45.3600000000 1
'C' 28.5600000000 5.0400000000 45.3600000000 1
'C' 31.9200000000 5.0400000000 42.0000000000 1
'C' 33.6000000000 0.0000000000 40.3200000000 1
'C' 35.2800000000 1.6800000000 42.0000000000 1
'C' 36.9600000000 0.0000000000 43.6800000000 1
'C' 33.6000000000 3.3600000000 43.6800000000 1
'C' 36.9600000000 3.3600000000 40.3200000000 1
'C' 38.6400000000 1.6800000000 45.3600000000 1
'C' 35.2800000000 5.0400000000 45.3600000000 1
'C' 38.6400000000 5.0400000000 42.0000000000 1
'C' 40.3200000000 0.0000000000 40.3200000000 1
'C' 42.0000000000 1.6800000000 42.0000000000 1
'C' 43.6800000000 0.0000000000 43.6800000000 1
'C' 40.3200000000 3.3600000000 43.6800000000 1
'C' 43.6800000000 3.3600000000 40.3200000000 1
'C' 45.3600000000 1.6800000000 45.3600000000 1
'C' 42.0000000000 5.0400000000 45.3600000000 1
'C' 45.3600000000 5.0400000000 42.0000000000 1
'C' 47.0400000000 0.0000000000 40.3200000000 1
'C' 48.7200000000 1.6800000000 42.0000000000 1
'C' 50.4000000000 0.0000000000 43.6800000000 1
'C' 47.0400000000 3.3600000000 43.6800000000 1
'C' 50.4000000000 3.3600000000 40.3200000000 1
'C' 52.0800000000 1.6800000000 45.3600000000 1
'C' 48.7200000000 5.0400000000 45.3600000000 1
'C' 52.0800000000 5.0400000000 42.0000000000 1
'C' 0.0000000000 6.7200000000 40.3200000000 1
'C' 1.6800000000 8.4000000000 42.0000000000 1
'C' 3.3600000000 6.7200000000 43.6800000000 1
'C' 0.0000000000 10.0800000000 43.6800000000 1
'C' 3.3600000000 10.0800000000 40.3200000000 1
'C' 5.0400000000 8.4000000000 45.3600000000 1
'C' 1.6800000000 11.7600000000 45.3600000000 1
'C' 5.0400000000 11.7600000000 42.0000000000 1
'C' 6.7200000000 6.7200000000 40.3200000000 1
'C' 8.4000000000 8.4000000000 42.0000000000 1
'C' 10.0800000000 6.7200000000 43.6800000000 1
'C' 6.7200000000 10.0800000000 43.6800000000 1
'C' 10.0800000000 10.0800000000 40.3200000000 1
'C' 11.7600000000 8.4000000000 45.3600000000 1
'C' 8.4000000000 11.7600000000 45.3600000000 1
'C' 11.7600000000 11.7600000000 42.0000000000 1
'C' 13.4400000000 6.7200000000 40.3200000000 1
'C' 15.1200000000 8.4000000000 42.0000000000 1
'C' 16.8000000000 6.7200000000 43.6800000000 1
'C' 13.4400000000 10.0800000000 43.6800000000 1
'C' 16.8000000000 10.0800000000 40.3200000000 1
'C' 18.4800000000 8.4000000000 45.3600000000 1
'C' 15.1200000000 11.7600000000 45.3600000000 1
'C' 18.4800000000 11.7600000000 42.0000000000 1
'C' 20.1600000000 6.7200000000 40.3200000000 1
'C' 21.8400000000 8.4000000000 42.0000000000 1
'C' 23.5200000000 6.7200000000 43.6800000000 1
'C' 20.1600000000 10.0800000000 43.6800000000 1
'C' 23.5200000000 10.0800000000 40.3200000000 1
'C' 25.2000000000 8.4000000000 45.3600000000 1
'C' 21.8400000000 11.7600000000 45.3600000000 1
'C' 25.2000000000 11.7600000000 42.0000000000 1
'C' 26.8800000000 6.7200000000 40.3200000000 1
'C' 28.5600000000 8.4000000000 42.0000000000 1
'C' 30.2400000000 6.7200000000 43.6800000000 1
'C' 26.8800000000 10.0800000000 43.6800000000 1
'C' 30.2400000000 10.0800000000 40.3200000000 1
'C' 31.9200000000 8.4000000000 45.3600000000 1
'C' 28.5600000000 11.7600000000 45.3600000000 1
'C' 31.9200000000 11.7600000000 42.0000000000 1
'C' 33.6000000000 6.7200000000 40.3200000000 1
'C' 35.2800000000 8.4000000000 42.0000000000 1
'C' 36.9600000000 6.7200000000 43.6800000000 1
'C' 33.6000000000 10.0800000000 43.6800000000 1
'C' 36.9600000000 10.0800000000 40.3200000000 1
'C' 38.6400000000 8.4000000000 45.3600000000 1
'C' 35.2800000000 11.7600000000 45.3600000000 1
'C' 38.6400000000 11.7600000000 42.0000000000 1
'C' 40.3200000000 6.7200000000 40.3200000000 1
'C' 42.0000000000 8.4000000000 42.0000000000 1
'C' 43.6800000000 6.7200000000 43.6800000000 1
'C' 40.3200000000 10.0800000000 43.6800000000 1
'C' 43.6800000000 10.0800000000 40.3200000000 1
'C' 45.3600000000 8.4000000000 45.3600000000 1
'C' 42.0000000000 11.7600000000 45.3600000000 1
'C' 45.3600000000 11.7600000000 42.0000000000 1
'C' 47.0400000000 6.7200000000 40.3200000000 1
'C' 48.7200000000 8.4000000000 42.0000000000 1
'C' 50.4000000000 6.7200000000 43.6800000000 1
'C' 47.0400000000 10.0800000000 43.6800000000 1
'C' 50.4000000000 10.0800000000 40.3200000000 1
'C' 52.0800000000 8.4000000000 45.3600000000 1
'C' 48.7200000000 11.7600000000 45.3600000000 1
'C' 52.0800000000 11.7600000000 42.0000000000 1
'C' 0.0000000000 13.4400000000 40.3200000000 1
'C' 1.6800000000 15.1200000000 42.0000000000 1
'C' 3.3600000000 13.4400000000 43.6800000000 1
'C' 0.0000000000 16.8000000000 43.6800000000 1
'C' 3.3600000000 16.8000000000 40.3200000000 1
'C' 5.0400000000 15.1200000000 45.3600000000 1
'C' 1.6800000000 18.4800000000 45.3600000000 1
'C' 5.0400000000 18.4800000000 42.0000000000 1
'C' 6.7200000000 13.4400000000 40.3200000000 1
'C' 8.4000000000 15.1200000000 42.0000000000 1
'C' 10.0800000000 13.4400000000 43.6800000000 1
'C' 6.7200000000 16.8000000000 43.6800000000 1
'C' 10.0800000000 16.8000000000 40.3200000000 1
'C' 11.7600000000 15.1200000000 45.3600000000 1
'C' 8.4000000000 18.4800000000 45.3600000000 1
'C' 11.7600000000 18.4800000000 42.0000000000 1
'C' 13.4400000000 13.4400000000 40.3200000000 1
'C' 15.1200000000 15.1200000000 42.0000000000 1
'C' 16.8000000000 13.4400000000 43.6800000000 1
'C' 13.4400000000 16.8000000000 43.6800000000 1
'C' 16.8000000000 16.8000000000 40.3200000000 1
'C' 18.4800000000 15.1200000000 45.3600000000 1
'C' 15.1200000000 18.4800000000 45.3600000000 1
'C' 18.4800000000 18.4800000000 42.0000000000 1
'C' 20.1600000000 13.4400000000 40.3200000000 1
'C' 21.8400000000 15.1200000000 42.0000000000 1
'C' 23.5200000000 13.4400000000 43.6800000000 1
'C' 20.1600000000 16.8000000000 43.6800000000 1
'C' 23.5200000000 16.8000000000 40.3200000000 1
'C' 25.2000000000 15.1200000000 45.3600000000 1
'C' 21.8400000000 18.4800000000 45.3600000000 1
'C' 25.2000000000 18.4800000000 42.0000000000 1
'C' 26.8800000000 13.4400000000 40.3200000000 1
'C' 28.5600000000 15.1200000000 42.0000000000 1
'C' 30.2400000000 13.4400000000 43.6800000000 1
'C' 26.8800000000 16.8000000000 43.6800000000 1
'C' 30.2400000000 16.8000000000 40.3200000000 1
'C' 31.9200000000 15.1200000000 45.3600000000 1
'C' 28.5600000000 18.4800000000 45.3600000000 1
'C' 31.9200000000 18.4800000000 42.0000000000 1
'C' 33.6000000000 13.4400000000 40.3200000000 1
'C' 35.2800000000 15.1200000000 42.0000000000 1
'C' 36.9600000000 13.4400000000 43.6800000000 1
'C' 33.6000000000 16.8000000000 43.6800000000 1
'C' 36.9600000000 16.8000000000 40.3200000000 1
'C' 38.6400000000 15.1200000000 45.3600000000 1
'C' 35.2800000000 18.4800000000 45.3600000000 1
'C' 38.6400000000 18.4800000000 42.0000000000 1
'C' 40.3200000000 13.4400000000 40.3200000000 1
'C' 42.0000000000 15.1200000000 42.0000000000 1
'C' 43.6800000000 13.4400000000 43.6800000000 1
'C' 40.3200000000 16.8000000000 43.6800000000 1
'C' 43.6800000000 16.8000000000 40.3200000000 1
'C' 45.3600000000 15.1200000000 45.3600000000 1
'C' 42.0000000000 18.4800000000 45.3600000000 1
'C' 45.3600000000 18.4800000000 42.0000000000 1
'C' 47.0400000000 13.4400000000 40.3200000000 1
'C' 48.7200000000 15.1200000000 42.0000000000 1
'C' 50.4000000000 13.4400000000 43.6800000000 1
'C' 47.0400000000 16.8000000000 43.6800000000 1
'C' 50.4000000000 16.8000000000 40.3200000000 1
'C' 52.0800000000 15.1200000000 45.3600000000 1
'C' 48.7200000000 18.4800000000 45.3600000000 1
'C' 52.0800000000 18.4800000000 42.0000000000 1
'C' 0.0000000000 20.1600000000 40.3200000000 1
'C' 1.6800000000 21.8400000000 42.0000000000 1
'C' 3.3600000000 20.1600000000 43.6800000000 1
'C' 0.0000000000 23.5200000000 43.6800000000 1
'C' 3.3600000000 23.5200000000 40.3200000000 1
'C' 5.0400000000 21.8400000000 45.3600000000 1
'C' 1.6800000000 25.2000000000 45.3600000000 1
'C' 5.0400000000 25.2000000000 42.0000000000 1
'C' 6.7200000000 20.1600000000 40.3200000000 1
'C' 8.4000000000 21.8400000000 42.0000000000 1
'C' 10.0800000000 20.1600000000 43.6800000000 1
'C' 6.7200000000 23.5200000000 43.6800000000 1
'C' 10.0800000000 23.5200000000 40.3200000000 1
'C' 11.7600000000 21.8400000000 45.3600000000 1
'C' 8.4000000000 25.2000000000 45.3600000000 1
'C' 11.7600000000 25.2000000000 42.0000000000 1
'C' 13.4400000000 20.1600000000 40.3200000000 1
'C' 15.1200000000 21.8400000000 42.0000000000 1
'C' 16.8000000000 20.1600000000 43.6800000000 1
'C' 13.4400000000 23.5200000000 43.6800000000 1
'C' 16.8000000000 23.5200000000 40.3200000000 1
'C' 18.4800000000 21.8400000000 45.3600000000 1
'C' 15.1200000000 25.2000000000 45.3600000000 1
'C' 18.4800000000 25.2000000000 42.0000000000 1
'C' 20.1600000000 20.1600000000 40.3200000000 1
'C' 21.8400000000 21.8400000000 42.0000000000 1
'C' 23.5200000000 20.1600000000 43.6800000000 1
'C' 20.1600000000 23.5200000000 43.6800000000 1
'C' 23.5200000000 23.5200000000 40.3200000000 1
'C' 25.2000000000 21.8400000000 45.3600000000 1
'C' 21.8400000000 25.2000000000 45.3600000000 1
'C' 25.2000000000 25.2000000000 42.0000000000 1
'C' 26.8800000000 20.1600000000 40.3200000000 1
'C' 28.5600000000 21.8400000000 42.0000000000 1
'C' 30.2400000000 20.1600000000 43.6800000000 1
'C' 26.8800000000 23.5200000000 43.6800000000 1
'C' 30.2400000000 23.5200000000 40.3200000000 1
'C' 31.9200000000 21.8400000000 45.3600000000 1
'C' 28.5600000000 25.2000000000 45.3600000000 1
'C' 31.9200000000 25.2000000000 42.0000000000 1
'C' 33.6000000000 20.1600000000 40.3200000000 1
'C' 35.2800000000 21.8400000000 42.0000000000 1
'C' 36.9600000000 20.1600000000 43.6800000000 1
'C' 33.6000000000 23.5200000000 43.6800000000 1
'C' 36.9600000000 23.5200000000 40.3200000000 1
'C' 38.6400000000 21.8400000000 45.3600000000 1
'C' 35.2800000000 25.2000000000 45.3600000000 1
'C' 38.6400000000 25.2000000000 42.0000000000 1
'C' 40.3200000000 20.1600000000 40.3200000000 1
'C' 42.0000000000 21.8400000000 42.0000000000 1
'C' 43.6800000000 20.1600000000 43.6800000000 1
'C' 40.3200000000 23.5200000000 43.6800000000 1
'C' 43.6800000000 23.5200000000 40.3200000000 1
'C' 45.3600000000 21.8400000000 45.3600000000 1
'C' 42.0000000000 25.2000000000 45.3600000000 1
'C' 45.3600000000 25.2000000000 42.0000000000 1
'C' 47.0400000000 20.1600000000 40.3200000000 1
'C' 48.7200000000 21.8400000000 42.0000000000 1
'C' 50.4000000000 20.1600000000 43.6800000000 1
'C' 47.0400000000 23.5200000000 43.6800000000 1
'C' 50.4000000000 23.5200000000 40.3200000000 1
'C' 52.0800000000 21.8400000000 45.3600000000 1
'C' 48.7200000000 25.2000000000 45.3600000000 1
'C' 52.0800000000 25.2000000000 42.0000000000 1
'C' 0.0000000000 26.8800000000 40.3200000000 1
'C' 1.6800000000 28.5600000000 42.0000000000 1
'C' 3.3600000000 26.8800000000 43.6800000000 1
'C' 0.0000000000 30.2400000000 43.6800000000 1
'C' 3.3600000000 30.2400000000 40.3200000000 1
'C' 5.0400000000 28.5600000000 45.3600000000 1
'C' 1.6800000000 31.9200000000 45.3600000000 1
'C' 5.0400000000 31.9200000000 42.0000000000 1
'C' 6.7200000000 26.8800000000 40.3200000000 1
'C' 8.4000000000 28.5600000000 42.0000000000 1
'C' 10.0800000000 26.8800000000 43.6800000000 1
'C' 6.7200000000 30.2400000000 43.6800000000 1
'C' 10.0800000000 30.2400000000 40.3200000000 1
'C' 11.7600000000 28.5600000000 45.3600000000 1
'C' 8.4000000000 31.9200000000 45.3600000000 1
'C' 11.7600000000 31.9200000000 42.0000000000 1
'C' 13.4400000000 26.8800000000 40.3200000000 1
'C' 15.1200000000 28.5600000000 42.0000000000 1
'C' 16.8000000000 26.8800000000 43.6800000000 1
'C' 13.4400000000 30.2400000000 43.6800000000 1
'C' 16.8000000000 30.2400000000 40.3200000000 1
'C' 18.4800000000 28.5600000000 45.3600000000 1
'C' 15.1200000000 31.9200000000 45.3600000000 1
'C' 18.4800000000 31.9200000000 42.0000000000 1
'C' 20.1600000000 26.8800000000 40.3200000000 1
'C' 21.8400000000 28.5600000000 42.0000000000 1
'C' 23.5200000000 26.8800000000 43.6800000000 1
'C' 20.1600000000 30.2400000000 43.6800000000 1
'C' 23.5200000000 30.2400000000 40.3200000000 1
'C' 25.2000000000 28.5600000000 45.3600000000 1
'C' 21.8400000000 31.9200000000 45.3600000000 1
'C' 25.2000000000 31.9200000000 42.0000000000 1
'C' 26.8800000000 26.8800000000 40.3200000000 1
'C' 28.5600000000 28.5600000000 42.0000000000 1
'C' 30.2400000000 26.8800000000 43.6800000000 1
'C' 26.8800000000 30.2400000000 43.6800000000 1
'C' 30.2400000000 30.2400000000 40.3200000000 1
'C' 31.9200000000 28.5600000000 45.3600000000 1
'C' 28.5600000000 31.9200000000 45.3600000000 1
'C' 31.9200000000 31.9200000000 42.0000000000 1
'C' 33.6000000000 26.8800000000 40.3200000000 1
'C' 35.2800000000 28.5600000000 42.0000000000 1
'C' 36.9600000000 26.8800000000 43.6800000000 1
'C' 33.6000000000 30.2400000000 43.6800000000 1
'C' 36.9600000000 30.2400000000 40.3200000000 1
'C' 38.6400000000 28.5600000000 45.3600000000 1
'C' 35.2800000000 31.9200000000 45.3600000000 1
'C' 38.6400000000 31.9200000000 42.0000000000 1
'C' 40.3200000000 26.8800000000 40.3200000000 1
'C' 42.0000000000 28.5600000000 42.0000000000 1
'C' 43.6800000000 26.8800000000 43.6800000000 1
'C' 40.3200000000 30.2400000000 43.6800000000 1
'C' 43.6800000000 30.2400000000 40.3200000000 1
'C' 45.3600000000 28.5600000000 45.3600000000 1
'C' 42.0000000000 31.9200000000 45.3600000000 1
'C' 45.3600000000 31.9200000000 42.0000000000 1
'C' 47.0400000000 26.8800000000 40.3200000000 1
'C' 48.7200000000 28.5600000000 42.0000000000 1
'C' 50.4000000000 26.8800000000 43.6800000000 1
'C' 47.0400000000 30.2400000000 43.6800000000 1
'C' 50.4000000000 30.2400000000 40.3200000000 1
'C' 52.0800000000 28.5600000000 45.3600000000 1
'C' 48.7200000000 31.9200000000 45.3600000000 1
'C' 52.0800000000 31.9200000000 42.0000000000 1
'C' 0.0000000000 33.6000000000 40.3200000000 1
'C' 1.6800000000 35.2800000000 42.0000000000 1
'C' 3.3600000000 33.6000000000 43.6800000000 1
'C' 0.0000000000 36.9600000000 43.6800000000 1
'C' 3.3600000000 36.9600000000 40.3200000000 1
'C' 5.0400000000 35.2800000000 45.3600000000 1
'C' 1.6800000000 38.6400000000 45.3600000000 1
'C' 5.0400000000 38.6400000000 42.0000000000 1
'C' 6.7200000000 33.6000000000 40.3200000000 1
'C' 8.4000000000 35.2800000000 42.0000000000 1
'C' 10.0800000000 33.6000000000 43.6800000000 1
'C' 6.7200000000 36.9600000000 43.6800000000 1
'C' 10.0800000000 36.9600000000 40.3200000000 1
'C' 11.7600000000 35.2800000000 45.3600000000 1
'C' 8.4000000000 38.6400000000 45.3600000000 1
'C' 11.7600000000 38.6400000000 42.0000000000 1
'C' 13.4400000000 33.6000000000 40.3200000000 1
'C' 15.1200000000 35.2800000000 42.0000000000 1
'C' 16.8000000000 33.6000000000 43.6800000000 1
'C' 13.4400000000 36.9600000000 43.6800000000 1
'C' 16.8000000000 36.9600000000 40.3200000000 1
'C' 18.4800000000 35.2800000000 45.3600000000 1
'C' 15.1200000000 38.6400000000 45.3600000000 1
'C' 18.4800000000 38.6400000000 42.0000000000 1
'C' 20.1600000000 33.6000000000 40.3200000000 1
'C' 21.8400000000 35.2800000000 42.0000000000 1
'C' 23.5200000000 33.6000000000 43.6800000000 1
'C' 20.1600000000 36.9600000000 43.6800000000 1
'C' 23.5200000000 36.9600000000 40.3200000000 1
'C' 25.2000000000 35.2800000000 45.3600000000 1
'C' 21.8400000000 38.6400000000 45.3600000000 1
'C' 25.2000000000 38.6400000000 42.0000000000 1
'C' 26.8800000000 33.6000000000 40.3200000000 1
'C' 28.5600000000 35.2800000000 42.0000000000 1
'C' 30.2400000000 33.6000000000 43.6800000000 1
'C' 26.8800000000 36.9600000000 43.6800000000 1
'C' 30.2400000000 36.9600000000 40.3200000000 1
'C' 31.9200000000 35.2800000000 45.3600000000 1
'C' 28.5600000000 38.6400000000 45.3600000000 1
'C' 31.9200000000 38.6400000000 42.0000000000 1
'C' 33.6000000000 33.6000000000 40.3200000000 1
'C' 35.2800000000 35.2800000000 42.0000000000 1
'C' 36.9600000000 33.6000000000 43.6800000000 1
'C' 33.6000000000 36.9600000000 43.6800000000 1
'C' 36.9600000000 36.9600000000 40.3200000000 1
'C' 38.6400000000 35.2800000000 45.3600000000 1
'C' 35.2800000000 38.6400000000 45.3600000000 1
'C' 38.6400000000 38.6400000000 42.0000000000 1
'C' 40.3200000000 33.6000000000 40.3200000000 1
'C' 42.0000000000 35.2800000000 42.0000000000 1
'C' 43.6800000000 33.6000000000 43.6800000000 1
'C' 40.3200000000 36.9600000000 43.6800000000 1
'C' 43.6800000000 36.9600000000 40.3200000000 1
'C' 45.3600000000 35.2800000000 45.3600000000 1
'C' 42.0000000000 38.6400000000 45.3600000000 1
'C' 45.3600000000 38.6400000000 42.0000000000 1
'C' 47.0400000000 33.6000000000 40.3200000000 1
'C' 48.7200000000 35.2800000000 42.0000000000 1
'C' 50.4000000000 33.6000000000 43.6800000000 1
'C' 47.0400000000 36.9600000000 43.6800000000 1
'C' 50.4000000000 36.9600000000 40.3200000000 1
'C' 52.0800000000 35.2800000000 45.3600000000 1
'C' 48.7200000000 38.6400000000 45.3600000000 1
'C' 52.0800000000 38.6400000000 42.0000000000 1
'C' 0.0000000000 40.3200000000 40.3200000000 1
'C' 1.6800000000 42.0000000000 42.0000000000 1
'C' 3.3600000000 40.3200000000 43.6800000000 1
'C' 0.0000000000 43.6800000000 43.6800000000 1
'C' 3.3600000000 43.6800000000 40.3200000000 1
'C' 5.0400000000 42.0000000000 45.3600000000 1
'C' 1.6800000000 45.3600000000 45.3600000000 1
'C' 5.0400000000 45.3600000000 42.0000000000 1
'C' 6.7200000000 40.3200000000 40.3200000000 1
'C' 8.4000000000 42.0000000000 42.0000000000 1
'C' 10.0800000000 40.3200000000 43.6800000000 1
'C' 6.7200000000 43.6800000000 43.6800000000 1
'C' 10.0800000000 43.6800000000 40.3200000000 1
'C' 11.7600000000 42.0000000000 45.3600000000 1
'C' 8.4000000000 45.3600000000 45.3600000000 1
'C' 11.7600000000 45.3600000000 42.0000000000 1
'C' 13.4400000000 40.3200000000 40.3200000000 1
'C' 15.1200000000 42.0000000000 42.0000000000 1
'C' 16.8000000000 40.3200000000 43.6800000000 1
'C' 13.4400000000 43.6800000000 43.6800000000 1
'C' 16.8000000000 43.6800000000 40.3200000000 1
'C' 18.4800000000 42.0000000000 45.3600000000 1
'C' 15.1200000000 45.3600000000 45.3600000000 1
'C' 18.4800000000 45.3600000000 42.0000000000 1
'C' 20.1600000000 40.3200000000 40.3200000000 1
'C' 21.8400000000 42.0000000000 42.0000000000 1
'C' 23.5200000000 40.3200000000 43.6800000000 1
'C' 20.1600000000 43.6800000000 43.6800000000 1
'C' 23.5200000000 43.6800000000 40.3200000000 1
'C' 25.2000000000 42.0000000000 45.3600000000 1
'C' 21.8400000000 45.3600000000 45.3600000000 1
'C' 25.2000000000 45.3600000000 42.0000000000 1
'C' 26.8800000000 40.3200000000 40.3200000000 1
'C' 28.5600000000 42.0000000000 42.0000000000 1
'C' 30.2400000000 40.3200000000 43.6800000000 1
'C' 26.8800000000 43.6800000000 43.6800000000 1
'C' 30.2400000000 43.6800000000 40.3200000000 1
'C' 31.9200000000 42.0000000000 45.3600000000 1
'C' 28.5600000000 45.3600000000 45.3600000000 1
'C' 31.9200000000 45.3600000000 42.0000000000 1
'C' 33.6000000000 40.3200000000 40.3200000000 1
'C' 35.2800000000 42.0000000000 42.0000000000 1
'C' 36.9600000000 40.3200000000 43.6800000000 1
'C' 33.6000000000 43.6800000000 43.6800000000 1
'C' 36.9600000000 43.6800000000 40.3200000000 1
'C' 38.6400000000 42.0000000000 45.3600000000 1
'C' 35.2800000000 45.3600000000 45.3600000000 1
'C' 38.6400000000 45.3600000000 42.0000000000 1
'C' 40.3200000000 40.3200000000 40.3200000000 1
'C' 42.0000000000 42.0000000000 42.0000000000 1
'C' 43.6800000000 40.3200000000 43.6800000000 1
'C' 40.3200000000 43.6800000000 43.6800000000 1
'C' 43.6800000000 43.6800000000 40.3200000000 1
'C' 45.3600000000 42.0000000000 45.3600000000 1
'C' 42.0000000000 45.3600000000 45.3600000000 1
'C' 45.3600000000 45.3600000000 42.0000000000 1
'C' 47.0400000000 40.3200000000 40.3200000000 1
'C' 48.7200000000 42.0000000000 42.0000000000 1
'C' 50.4000000000 40.3200000000 43.6800000000 1
'C' 47.0400000000 43.6800000000 43.6800000000 1
'C' 50.4000000000 43.6800000000 40.3200000000 1
'C' 52.0800000000 42.0000000000 45.3600000000 1
'C' 48.7200000000 45.3600000000 45.3600000000 1
'C' 52.0800000000 45.3600000000 42.0000000000 1
'C' 0.0000000000 47.0400000000 40.3200000000 1
'C' 1.6800000000 48.7200000000 42.0000000000 1
'C' 3.3600000000 47.0400000000 43.6800000000 1
'C' 0.0000000000 50.4000000000 43.6800000000 1
'C' 3.3600000000 50.4000000000 40.3200000000 1
'C' 5.0400000000 48.7200000000 45.3600000000 1
'C' 1.6800000000 52.0800000000 45.3600000000 1
'C' 5.0400000000 52.0800000000 42.0000000000 1
'C' 6.7200000000 47.0400000000 40.3200000000 1
'C' 8.4000000000 48.7200000000 42.0000000000 1
'C' 10.0800000000 47.0400000000 43.6800000000 1
'C' 6.7200000000 50.4000000000 43.6800000000 1
'C' 10.0800000000 50.4000000000 40.3200000000 1
'C' 11.7600000000 48.7200000000 45.3600000000 1
'C' 8.4000000000 52.0800000000 45.3600000000 1
'C' 11.7600000000 52.0800000000 42.0000000000 1
'C' 13.4400000000 47.0400000000 40.3200000000 1
'C' 15.1200000000 48.7200000000 42.0000000000 1
'C' 16.8000000000 47.0400000000 43.6800000000 1
'C' 13.4400000000 50.4000000000 43.6800000000 1
'C' 16.8000000000 50.4000000000 40.3200000000 1
'C' 18.4800000000 48.7200000000 45.3600000000 1
'C' 15.1200000000 52.0800000000 45.3600000000 1
'C' 18.4800000000 52.0800000000 42.0000000000 1
'C' 20.1600000000 47.0400000000 40.3200000000 1
'C' 21.8400000000 48.7200000000 42.0000000000 1
'C' 23.5200000000 47.0400000000 43.6800000000 1
'C' 20.1600000000 50.4000000000 43.6800000000 1
'C' 23.5200000000 50.4000000000 40.3200000000 1
'C' 25.2000000000 48.7200000000 45.3600000000 1
'C' 21.8400000000 52.0800000000 45.3600000000 1
'C' 25.2000000000 52.0800000000 42.0000000000 1
'C' 26.8800000000 47.0400000000 40.3200000000 1
'C' 28.5600000000 48.7200000000 42.0000000000 1
'C' 30.2400000000 47.0400000000 43.6800000000 1
'C' 26.8800000000 50.4000000000 43.6800000000 1
'C' 30.2400000000 50.4000000000 40.3200000000 1
'C' 31.9200000000 48.7200000000 45.3600000000 1
'C' 28.5600000000 52.0800000000 45.3600000000 1
'C' 31.9200000000 52.0800000000 42.0000000000 1
'C' 33.6000000000 47.0400000000 40.3200000000 1
'C' 35.2800000000 48.7200000000 42.0000000000 1
'C' 36.9600000000 47.0400000000 43.6800000000 1
'C' 33.6000000000 50.4000000000 43.6800000000 1
'C' 36.9600000000 50.4000000000 40.3200000000 1
'C' 38.6400000000 48.7200000000 45.3600000000 1
'C' 35.2800000000 52.0800000000 45.3600000000 1
'C' 38.6400000000 52.0800000000 42.0000000000 1
'C' 40.3200000000 47.0400000000 40.3200000000 1
'C' 42.0000000000 48.7200000000 42.0000000000 1
'C' 43.6800000000 47.0400000000 43.6800000000 1
'C' 40.3200000000 50.4000000000 43.6800000000 1
'C' 43.6800000000 50.4000000000 40.3200000000 1
'C' 45.3600000000 48.7200000000 45.3600000000 1
'C' 42.0000000000 52.0800000000 45.3600000000 1
'C' 45.3600000000 52.0800000000 42.0000000000 1
'C' 47.0400000000 47.0400000000 40.3200000000 1
'C' 48.7200000000 48.7200000000 42.0000000000 1
'C' 50.4000000000 47.0400000000 43.6800000000 1
'C' 47.0400000000 50.4000000000 43.6800000000 1
'C' 50.4000000000 50.4000000000 40.3200000000 1
'C' 52.0800000000 48.7200000000 45.3600000000 1
'C' 48.7200000000 52.0800000000 45.3600000000 1
'C' 52.0800000000 52.0800000000 42.0000000000 1
'C' 0.0000000000 0.0000000000 47.0400000000 1
'C' 1.6800000000 1.6800000000 48.7200000000 1
'C' 3.3600000000 0.0000000000 50.4000000000 1
'C' 0.0000000000 3.3600000000 50.4000000000 1
'C' 3.3600000000 3.3600000000 47.0400000000 1
'C' 5.0400000000 1.6800000000 52.0800000000 1
'C' 1.6800000000 5.0400000000 52.0800000000 1
'C' 5.0400000000 5.0400000000 48.7200000000 1
'C' 6.7200000000 0.0000000000 47.0400000000 1
'C' 8.4000000000 1.6800000000 48.7200000000 1
'C' 10.0800000000 0.0000000000 50.4000000000 1
'C' 6.7200000000 3.3600000000 50.4000000000 1
'C' 10.0800000000 3.3600000000 47.0400000000 1
'C' 11.7600000000 1.6800000000 52.0800000000 1
'C' 8.4000000000 5.0400000000 52.0800000000 1
'C' 11.7600000000 5.0400000000 48.7200000000 1
'C' 13.4400000000 0.0000000000 47.0400000000 1
'C' 15.1200000000 1.6800000000 48.7200000000 1
'C' 16.8000000000 0.0000000000 50.4000000000 1
'C' 13.4400000000 3.3600000000 50.4000000000 1
'C' 16.8000000000 3.3600000000 47.0400000000 1
'C' 18.4800000000 1.6800000000 52.0800000000 1
'C' 15.1200000000 5.0400000000 52.0800000000 1
'C' 18.4800000000 5.0400000000 48.7200000000 1
'C' 20.1600000000 0.0000000000 47.0400000000 1
'C' 21.8400000000 1.6800000000 48.7200000000 1
'C' 23.5200000000 0.0000000000 50.4000000000 1
'C' 20.1600000000 3.3600000000 50.4000000000 1
'C' 23.5200000000 3.3600000000 47.0400000000 1
'C' 25.2000000000 1.6800000000 52.0800000000 1
'C' 21.8400000000 5.0400000000 52.0800000000 1
'C' 25.2000000000 5.0400000000 48.7200000000 1
'C' 26.8800000000 0.0000000000 47.0400000000 1
'C' 28.5600000000 1.6800000000 48.7200000000 1
'C' 30.2400000000 0.0000000000 50.4000000000 1
'C' 26.8800000000 3.3600000000 50.4000000000 1
'C' 30.2400000000 3.3600000000 47.0400000000 1
'C' 31.9200000000 1.6800000000 52.0800000000 1
'C' 28.5600000000 5.0400000000 52.0800000000 1
'C' 31.9200000000 5.0400000000 48.7200000000 1
'C' 33.6000000000 0.0000000000 47.0400000000 1
'C' 35.2800000000 1.6800000000 48.7200000000 1
'C' 36.9600000000 0.0000000000 50.4000000000 1
'C' 33.6000000000 3.3600000000 50.4000000000 1
'C' 36.9600000000 3.3600000000 47.0400000000 1
'C' 38.6400000000 1.6800000000 52.0800000000 1
'C' 35.2800000000 5.0400000000 52.0800000000 1
'C' 38.6400000000 5.0400000000 48.7200000000 1
'C' 40.3200000000 0.0000000000 47.0400000000 1
'C' 42.0000000000 1.6800000000 48.7200000000 1
'C' 43.6800000000 0.0000000000 50.4000000000 1
'C' 40.3200000000 3.3600000000 50.4000000000 1
'C' 43.6800000000 3.3600000000 47.0400000000 1
'C' 45.3600000000 1.6800000000 52.0800000000 1
'C' 42.0000000000 5.0400000000 52.0800000000 1
'C' 45.3600000000 5.0400000000 48.7200000000 1
'C' 47.0400000000 0.0000000000 47.0400000000 1
'C' 48.7200000000 1.6800000000 48.7200000000 1
'C' 50.4000000000 0.0000000000 50.4000000000 1
'C' 47.0400000000 3.3600000000 50.4000000000 1
'C' 50.4000000000 3.3600000000 47.0400000000 1
'C' 52.0800000000 1.6800000000 52.0800000000 1
'C' 48.7200000000 5.0400000000 52.0800000000 1
'C' 52.0800000000 5.0400000000 48.7200000000 1
'C' 0.0000000000 6.7200000000 47.0400000000 1
'C' 1.6800000000 8.4000000000 48.7200000000 1
'C' 3.3600000000 6.7200000000 50.4000000000 1
'C' 0.0000000000 10.0800000000 50.4000000000 1
'C' 3.3600000000 10.0800000000 47.0400000000 1
'C' 5.0400000000 8.4000000000 52.0800000000 1
'C' 1.6800000000 11.7600000000 52.0800000000 1
'C' 5.0400000000 11.7600000000 48.7200000000 1
'C' 6.7200000000 6.7200000000 47.0400000000 1
'C' 8.4000000000 8.4000000000 48.7200000000 1
'C' 10.0800000000 6.7200000000 50.4000000000 1
'C' 6.7200000000 10.0800000000 50.4000000000 1
'C' 10.0800000000 10.0800000000 47.0400000000 1
'C' 11.7600000000 8.4000000000 52.0800000000 1
'C' 8.4000000000 11.7600000000 52.0800000000 1
'C' 11.7600000000 11.7600000000 48.7200000000 1
'C' 13.4400000000 6.7200000000 47.0400000000 1
'C' 15.1200000000 8.4000000000 48.7200000000 1
'C' 16.8000000000 6.7200000000 50.4000000000 1
'C' 13.4400000000 10.0800000000 50.4000000000 1
'C' 16.8000000000 10.0800000000 47.0400000000 1
'C' 18.4800000000 8.4000000000 52.0800000000 1
'C' 15.1200000000 11.7600000000 52.0800000000 1
'C' 18.4800000000 11.7600000000 48.7200000000 1
'C' 20.1600000000 6.7200000000 47.0400000000 1
'C' 21.8400000000 8.4000000000 48.7200000000 1
'C' 23.5200000000 6.7200000000 50.4000000000 1
'C' 20.1600000000 10.0800000000 50.4000000000 1
'C' 23.5200000000 10.0800000000 47.0400000000 1
'C' 25.2000000000 8.4000000000 52.0800000000 1
'C' 21.8400000000 11.7600000000 52.0800000000 1
'C' 25.2000000000 11.7600000000 48.7200000000 1
'C' 26.8800000000 6.7200000000 47.0400000000 1
'C' 28.5600000000 8.4000000000 48.7200000000 1
'C' 30.2400000000 6.7200000000 50.4000000000 1
'C' 26.8800000000 10.0800000000 50.4000000000 1
'C' 30.2400000000 10.0800000000 47.0400000000 1
'C' 31.9200000000 8.4000000000 52.0800000000 1
'C' 28.5600000000 11.7600000000 52.0800000000 1
'C' 31.9200000000 11.7600000000 48.7200000000 1
'C' 33.6000000000 6.7200000000 47.0400000000 1
'C' 35.2800000000 8.4000000000 48.7200000000 1
'C' 36.9600000000 6.7200000000 50.4000000000 1
'C' 33.6000000000 10.0800000000 50.4000000000 1
'C' 36.9600000000 10.0800000000 47.0400000000 1
'C' 38.6400000000 8.4000000000 52.0800000000 1
'C' 35.2800000000 11.7600000000 52.0800000000 1
'C' 38.6400000000 11.7600000000 48.7200000000 1
'C' 40.3200000000 6.7200000000 47.0400000000 1
'C' 42.0000000000 8.4000000000 48.7200000000 1
'C' 43.6800000000 6.7200000000 50.4000000000 1
'C' 40.3200000000 10.0800000000 50.4000000000 1
'C' 43.6800000000 10.0800000000 47.0400000000 1
'C' 45.3600000000 8.4000000000 52.0800000000 1
'C' 42.0000000000 11.7600000000 52.0800000000 1
'C' 45.3600000000 11.7600000000 48.7200000000 1
'C' 47.0400000000 6.7200000000 47.0400000000 1
'C' 48.7200000000 8.4000000000 48.7200000000 1
'C' 50.4000000000 6.7200000000 50.4000000000 1
'C' 47.0400000000 10.0800000000 50.4000000000 1
'C' 50.4000000000 10.0800000000 47.0400000000 1
'C' 52.0800000000 8.4000000000 52.0800000000 1
'C' 48.7200000000 11.7600000000 52.0800000000 1
'C' 52.0800000000 11.7600000000 48.7200000000 1
'C' 0.0000000000 13.4400000000 47.0400000000 1
'C' 1.6800000000 15.1200000000 48.7200000000 1
'C' 3.3600000000 13.4400000000 50.4000000000 1
'C' 0.0000000000 16.8000000000 50.4000000000 1
'C' 3.3600000000 16.8000000000 47.0400000000 1
'C' 5.0400000000 15.1200000000 52.0800000000 1
'C' 1.6800000000 18.4800000000 52.0800000000 1
'C' 5.0400000000 18.4800000000 48.7200000000 1
'C' 6.7200000000 13.4400000000 47.0400000000 1
'C' 8.4000000000 15.1200000000 48.7200000000 1
'C' 10.0800000000 13.4400000000 50.4000000000 1
'C' 6.7200000000 16.8000000000 50.4000000000 1
'C' 10.0800000000 16.8000000000 47.0400000000 1
'C' 11.7600000000 15.1200000000 52.0800000000 1
'C' 8.4000000000 18.4800000000 52.0800000000 1
'C' 11.7600000000 18.4800000000 48.7200000000 1
'C' 13.4400000000 13.4400000000 47.0400000000 1
'C' 15.1200000000 15.1200000000 48.7200000000 1
'C' 16.8000000000 13.4400000000 50.4000000000 1
'C' 13.4400000000 16.8000000000 50.4000000000 1
'C' 16.8000000000 16.8000000000 47.0400000000 1
'C' 18.4800000000 15.1200000000 52.0800000000 1
'C' 15.1200000000 18.4800000000 52.0800000000 1
'C' 18.4800000000 18.4800000000 48.7200000000 1
'C' 20.1600000000 13.4400000000 47.0400000000 1
'C' 21.8400000000 15.1200000000 48.7200000000 1
'C' 23.5200000000 13.4400000000 50.4000000000 1
'C' 20.1600000000 16.8000000000 50.4000000000 1
'C' 23.5200000000 16.8000000000 47.0400000000 1
'C' 25.2000000000 15.1200000000 52.0800000000 1
'C' 21.8400000000 18.4800000000 52.0800000000 1
'C' 25.2000000000 18.4800000000 48.7200000000 1
'C' 26.8800000000 13.4400000000 47.0400000000 1
'C' 28.5600000000 15.1200000000 48.7200000000 1
'C' 30.2400000000 13.4400000000 50.4000000000 1
'C' 26.8800000000 16.8000000000 50.4000000000 1
'C' 30.2400000000 16.8000000000 47.0400000000 1
'C' 31.9200000000 15.1200000000 52.0800000000 1
'C' 28.5600000000 18.4800000000 52.0800000000 1
'C' 31.9200000000 18.4800000000 48.7200000000 1
'C' 33.6000000000 13.4400000000 47.0400000000 1
'C' 35.2800000000 15.1200000000 48.7200000000 1
'C' 36.9600000000 13.4400000000 50.4000000000 1
'C' 33.6000000000 16.8000000000 50.4000000000 1
'C' 36.9600000000 16.8000000000 47.0400000000 1
'C' 38.6400000000 15.1200000000 52.0800000000 1
'C' 35.2800000000 18.4800000000 52.0800000000 1
'C' 38.6400000000 18.4800000000 48.7200000000 1
'C' 40.3200000000 13.4400000000 47.0400000000 1
'C' 42.0000000000 15.1200000000 48.7200000000 1
'C' 43.6800000000 13.4400000000 50.4000000000 1
'C' 40.3200000000 16.8000000000 50.4000000000 1
'C' 43.6800000000 16.8000000000 47.0400000000 1
'C' 45.3600000000 15.1200000000 52.0800000000 1
'C' 42.0000000000 18.4800000000 52.0800000000 1
'C' 45.3600000000 18.4800000000 48.7200000000 1
'C' 47.0400000000 13.4400000000 47.0400000000 1
'C' 48.7200000000 15.1200000000 48.7200000000 1
'C' 50.4000000000 13.4400000000 50.4000000000 1
'C' 47.0400000000 16.8000000000 50.4000000000 1
'C' 50.4000000000 16.8000000000 47.0400000000 1
'C' 52.0800000000 15.1200000000 52.0800000000 1
'C' 48.7200000000 18.4800000000 52.0800000000 1
'C' 52.0800000000 18.4800000000 48.7200000000 1
'C' 0.0000000000 20.1600000000 47.0400000000 1
'C' 1.6800000000 21.8400000000 48.7200000000 1
'C' 3.3600000000 20.1600000000 50.4000000000 1
'C' 0.0000000000 23.5200000000 50.4000000000 1
'C' 3.3600000000 23.5200000000 47.0400000000 1
'C' 5.0400000000 21.8400000000 52.0800000000 1
'C' 1.6800000000 25.2000000000 52.0800000000 1
'C' 5.0400000000 25.2000000000 48.7200000000 1
'C' 6.7200000000 20.1600000000 47.0400000000 1
'C' 8.4000000000 21.8400000000 48.7200000000 1
'C' 10.0800000000 20.1600000000 50.4000000000 1
'C' 6.7200000000 23.5200000000 50.4000000000 1
'C' 10.0800000000 23.5200000000 47.0400000000 1
'C' 11.7600000000 21.8400000000 52.0800000000 1
'C' 8.4000000000 25.2000000000 52.0800000000 1
'C' 11.7600000000 25.2000000000 48.7200000000 1
'C' 13.4400000000 20.1600000000 47.0400000000 1
'C' 15.1200000000 21.8400000000 48.7200000000 1
'C' 16.8000000000 20.1600000000 50.4000000000 1
'C' 13.4400000000 23.5200000000 50.4000000000 1
'C' 16.8000000000 23.5200000000 47.0400000000 1
'C' 18.4800000000 21.8400000000 52.0800000000 1
'C' 15.1200000000 25.2000000000 52.0800000000 1
'C' 18.4800000000 25.2000000000 48.7200000000 1
'C' 20.1600000000 20.1600000000 47.0400000000 1
'C' 21.8400000000 21.8400000000 48.7200000000 1
'C' 23.5200000000 20.1600000000 50.4000000000 1
'C' 20.1600000000 23.5200000000 50.4000000000 1
'C' 23.5200000000 23.5200000000 47.0400000000 1
'C' 25.2000000000 21.8400000000 52.0800000000 1
'C' 21.8400000000 25.2000000000 52.0800000000 1
'C' 25.2000000000 25.2000000000 48.7200000000 1
'C' 26.8800000000 20.1600000000 47.0400000000 1
'C' 28.5600000000 21.8400000000 48.7200000000 1
'C' 30.2400000000 20.1600000000 50.4000000000 1
'C' 26.8800000000 23.5200000000 50.4000000000 1
'C' 30.2400000000 23.5200000000 47.0400000000 1
'C' 31.9200000000 21.8400000000 52.0800000000 1
'C' 28.5600000000 25.2000000000 52.0800000000 1
'C' 31.9200000000 25.2000000000 48.7200000000 1
'C' 33.6000000000 20.1600000000 47.0400000000 1
'C' 35.2800000000 21.8400000000 48.7200000000 1
'C' 36.9600000000 20.1600000000 50.4000000000 1
'C' 33.6000000000 23.5200000000 50.4000000000 1
'C' 36.9600000000 23.5200000000 47.0400000000 1
'C' 38.6400000000 21.8400000000 52.0800000000 1
'C' 35.2800000000 25.2000000000 52.0800000000 1
'C' 38.6400000000 25.2000000000 48.7200000000 1
'C' 40.3200000000 20.1600000000 47.0400000000 1
'C' 42.0000000000 21.8400000000 48.7200000000 1
'C' 43.6800000000 20.1600000000 50.4000000000 1
'C' 40.3200000000 23.5200000000 50.4000000000 1
'C' 43.6800000000 23.5200000000 47.0400000000 1
'C' 45.3600000000 21.8400000000 52.0800000000 1
'C' 42.0000000000 25.2000000000 52.0800000000 1
'C' 45.3600000000 25.2000000000 48.7200000000 1
'C' 47.0400000000 20.1600000000 47.0400000000 1
'C' 48.7200000000 21.8400000000 48.7200000000 1
'C' 50.4000000000 20.1600000000 50.4000000000 1
'C' 47.0400000000 23.5200000000 50.4000000000 1
'C' 50.4000000000 23.5200000000 47.0400000000 1
'C' 52.0800000000 21.8400000000 52.0800000000 1
'C' 48.7200000000 25.2000000000 52.0800000000 1
'C' 52.0800000000 25.2000000000 48.7200000000 1
'C' 0.0000000000 26.8800000000 47.0400000000 1
'C' 1.6800000000 28.5600000000 48.7200000000 1
'C' 3.3600000000 26.8800000000 50.4000000000 1
'C' 0.0000000000 30.2400000000 50.4000000000 1
'C' 3.3600000000 30.2400000000 47.0400000000 1
'C' 5.0400000000 28.5600000000 52.0800000000 1
'C' 1.6800000000 31.9200000000 52.0800000000 1
'C' 5.0400000000 31.9200000000 48.7200000000 1
'C' 6.7200000000 26.8800000000 47.0400000000 1
'C' 8.4000000000 28.5600000000 48.7200000000 1
'C' 10.0800000000 26.8800000000 50.4000000000 1
'C' 6.7200000000 30.2400000000 50.4000000000 1
'C' 10.0800000000 30.2400000000 47.0400000000 1
'C' 11.7600000000 28.5600000000 52.0800000000 1
'C' 8.4000000000 31.9200000000 52.0800000000 1
'C' 11.7600000000 31.9200000000 48.7200000000 1
'C' 13.4400000000 26.8800000000 47.0400000000 1
'C' 15.1200000000 28.5600000000 48.7200000000 1
'C' 16.8000000000 26.8800000000 50.4000000000 1
'C' 13.4400000000 30.2400000000 50.4000000000 1
'C' 16.8000000000 30.2400000000 47.0400000000 1
'C' 18.4800000000 28.5600000000 52.0800000000 1
'C' 15.1200000000 31.9200000000 52.0800000000 1
'C' 18.4800000000 31.9200000000 48.7200000000 1
'C' 20.1600000000 26.8800000000 47.0400000000 1
'C' 21.8400000000 28.5600000000 48.7200000000 1
'C' 23.5200000000 26.8800000000 50.4000000000 1
'C' 20.1600000000 30.2400000000 50.4000000000 1
'C' 23.5200000000 30.2400000000 47.0400000000 1
'C' 25.2000000000 28.5600000000 52.0800000000 1
'C' 21.8400000000 31.9200000000 52.0800000000 1
'C' 25.2000000000 31.9200000000 48.7200000000 1
'C' 26.8800000000 26.8800000000 47.0400000000 1
'C' 28.5600000000 28.5600000000 48.7200000000 1
'C' 30.2400000000 26.8800000000 50.4000000000 1
'C' 26.8800000000 30.2400000000 50.4000000000 1
'C' 30.2400000000 30.2400000000 47.0400000000 1
'C' 31.9200000000 28.5600000000 52.0800000000 1
'C' 28.5600000000 31.9200000000 52.0800000000 1
'C' 31.9200000000 31.9200000000 48.7200000000 1
'C' 33.6000000000 26.8800000000 47.0400000000 1
'C' 35.2800000000 28.5600000000 48.7200000000 1
'C' 36.9600000000 26.8800000000 50.4000000000 1
'C' 33.6000000000 30.2400000000 50.4000000000 1
'C' 36.9600000000 30.2400000000 47.0400000000 1
'C' 38.6400000000 28.5600000000 52.0800000000 1
'C' 35.2800000000 31.9200000000 52.0800000000 1
'C' 38.6400000000 31.9200000000 48.7200000000 1
'C' 40.3200000000 26.8800000000 47.0400000000 1
'C' 42.0000000000 28.5600000000 48.7200000000 1
'C' 43.6800000000 26.8800000000 50.4000000000 1
'C' 40.3200000000 30.2400000000 50.4000000000 1
'C' 43.6800000000 30.2400000000 47.0400000000 1
'C' 45.3600000000 28.5600000000 52.0800000000 1
'C' 42.0000000000 31.9200000000 52.0800000000 1
'C' 45.3600000000 31.9200000000 48.7200000000 1
'C' 47.0400000000 26.8800000000 47.0400000000 1
'C' 48.7200000000 28.5600000000 48.7200000000 1
'C' 50.4000000000 26.8800000000 50.4000000000 1
'C' 47.0400000000 30.2400000000 50.4000000000 1
'C' 50.4000000000 30.2400000000 47.0400000000 1
'C' 52.0800000000 28.5600000000 52.0800000000 1
'C' 48.7200000000 31.9200000000 52.0800000000 1
'C' 52.0800000000 31.9200000000 48.7200000000 1
'C' 0.0000000000 33.6000000000 47.0400000000 1
'C' 1.6800000000 35.2800000000 48.7200000000 1
'C' 3.3600000000 33.6000000000 50.4000000000 1
'C' 0.0000000000 36.9600000000 50.4000000000 1
'C' 3.3600000000 36.9600000000 47.0400000000 1
'C' 5.0400000000 35.2800000000 52.0800000000 1
'C' 1.6800000000 38.6400000000 52.0800000000 1
'C' 5.0400000000 38.6400000000 48.7200000000 1
'C' 6.7200000000 33.6000000000 47.0400000000 1
'C' 8.4000000000 35.2800000000 48.7200000000 1
'C' 10.0800000000 33.6000000000 50.4000000000 1
'C' 6.7200000000 36.9600000000 50.4000000000 1
'C' 10.0800000000 36.9600000000 47.0400000000 1
'C' 11.7600000000 35.2800000000 52.0800000000 1
'C' 8.4000000000 38.6400000000 52.0800000000 1
'C' 11.7600000000 38.6400000000 48.7200000000 1
'C' 13.4400000000 33.6000000000 47.0400000000 1
'C' 15.1200000000 35.2800000000 48.7200000000 1
'C' 16.8000000000 33.6000000000 50.4000000000 1
'C' 13.4400000000 36.9600000000 50.4000000000 1
'C' 16.8000000000 36.9600000000 47.0400000000 1
'C' 18.4800000000 35.2800000000 52.0800000000 1
'C' 15.1200000000 38.6400000000 52.0800000000 1
'C' 18.4800000000 38.6400000000 48.7200000000 1
'C' 20.1600000000 33.6000000000 47.0400000000 1
'C' 21.8400000000 35.2800000000 48.7200000000 1
'C' 23.5200000000 33.6000000000 50.4000000000 1
'C' 20.1600000000 36.9600000000 50.4000000000 1
'C' 23.5200000000 36.9600000000 47.0400000000 1
'C' 25.2000000000 35.2800000000 52.0800000000 1
'C' 21.8400000000 38.6400000000 52.0800000000 1
'C' 25.2000000000 38.6400000000 48.7200000000 1
'C' 26.8800000000 33.6000000000 47.0400000000 1
'C' 28.5600000000 35.2800000000 48.7200000000 1
'C' 30.2400000000 33.6000000000 50.4000000000 1
'C' 26.8800000000 36.9600000000 50.4000000000 1
'C' 30.2400000000 36.9600000000 47.0400000000 1
'C' 31.9200000000 35.2800000000 52.0800000000 1
'C' 28.5600000000 38.6400000000 52.0800000000 1
'C' 31.9200000000 38.6400000000 48.7200000000 1
'C' 33.6000000000 33.6000000000 47.0400000000 1
'C' 35.2800000000 35.2800000000 48.7200000000 1
'C' 36.9600000000 33.6000000000 50.4000000000 1
'C' 33.6000000000 36.9600000000 50.4000000000 1
'C' 36.9600000000 36.9600000000 47.0400000000 1
'C' 38.6400000000 35.2800000000 52.0800000000 1
'C' 35.2800000000 38.6400000000 52.0800000000 1
'C' 38.6400000000 38.6400000000 48.7200000000 1
'C' 40.3200000000 33.6000000000 47.0400000000 1
'C' 42.0000000000 35.2800000000 48.7200000000 1
'C' 43.6800000000 33.6000000000 50.4000000000 1
'C' 40.3200000000 36.9600000000 50.4000000000 1
'C' 43.6800000000 36.9600000000 47.0400000000 1
'C' 45.3600000000 35.2800000000 52.0800000000 1
'C' 42.0000000000 38.6400000000 52.0800000000 1
'C' 45.3600000000 38.6400000000 48.7200000000 1
'C' 47.0400000000 33.6000000000 47.0400000000 1
'C' 48.7200000000 35.2800000000 48.7200000000 1
'C' 50.4000000000 33.6000000000 50.4000000000 1
'C' 47.0400000000 36.9600000000 50.4000000000 1
'C' 50.4000000000 36.9600000000 47.0400000000 1
'C' 52.0800000000 35.2800000000 52.0800000000 1
'C' 48.7200000000 38.6400000000 52.0800000000 1
'C' 52.0800000000 38.6400000000 48.7200000000 1
'C' 0.0000000000 40.3200000000 47.0400000000 1
'C' 1.6800000000 42.0000000000 48.7200000000 1
'C' 3.3600000000 40.3200000000 50.4000000000 1
'C' 0.0000000000 43.6800000000 50.4000000000 1
'C' 3.3600000000 43.6800000000 47.0400000000 1
'C' 5.0400000000 42.0000000000 52.0800000000 1
'C' 1.6800000000 45.3600000000 52.0800000000 1
'C' 5.0400000000 45.3600000000 48.7200000000 1
'C' 6.7200000000 40.3200000000 47.0400000000 1
'C' 8.4000000000 42.0000000000 48.7200000000 1
'C' 10.0800000000 40.3200000000 50.4000000000 1
'C' 6.7200000000 43.6800000000 50.4000000000 1
'C' 10.0800000000 43.6800000000 47.0400000000 1
'C' 11.7600000000 42.0000000000 52.0800000000 1
'C' 8.4000000000 45.3600000000 52.0800000000 1
'C' 11.7600000000 45.3600000000 48.7200000000 1
'C' 13.4400000000 40.3200000000 47.0400000000 1
'C' 15.1200000000 42.0000000000 48.7200000000 1
'C' 16.8000000000 40.3200000000 50.4000000000 1
'C' 13.4400000000 43.6800000000 50.4000000000 1
'C' 16.8000000000 43.6800000000 47.0400000000 1
'C' 18.4800000000 42.0000000000 52.0800000000 1
'C' 15.1200000000 45.3600000000 52.0800000000 1
'C' 18.4800000000 45.3600000000 48.7200000000 1
'C' 20.1600000000 40.3200000000 47.0400000000 1
'C' 21.8400000000 42.0000000000 48.7200000000 1
'C' 23.5200000000 40.3200000000 50.4000000000 1
'C' 20.1600000000 43.6800000000 50.4000000000 1
'C' 23.5200000000 43.6800000000 47.0400000000 1
'C' 25.2000000000 42.0000000000 52.0800000000 1
'C' 21.8400000000 45.3600000000 52.0800000000 1
'C' 25.2000000000 45.3600000000 48.7200000000 1
'C' 26.8800000000 40.3200000000 47.0400000000 1
'C' 28.5600000000 42.0000000000 48.7200000000 1
'C' 30.2400000000 40.3200000000 50.4000000000 1
'C' 26.8800000000 43.6800000000 50.4000000000 1
'C' 30.2400000000 43.6800000000 47.0400000000 1
'C' 31.9200000000 42.0000000000 52.0800000000 1
'C' 28.5600000000 45.3600000000 52.0800000000 1
'C' 31.9200000000 45.3600000000 48.7200000000 1
'C' 33.6000000000 40.3200000000 47.0400000000 1
'C' 35.2800000000 42.0000000000 48.7200000000 1
'C' 36.9600000000 40.3200000000 50.4000000000 1
'C' 33.6000000000 43.6800000000 50.4000000000 1
'C' 36.9600000000 43.6800000000 47.0400000000 1
'C' 38.6400000000 42.0000000000 52.0800000000 1
'C' 35.2800000000 45.3600000000 52.0800000000 1
'C' 38.6400000000 45.3600000000 48.7200000000 1
'C' 40.3200000000 40.3200000000 47.0400000000 1
'C' 42.0000000000 42.0000000000 48.7200000000 1
'C' 43.6800000000 40.3200000000 50.4000000000 1
'C' 40.3200000000 43.6800000000 50.4000000000 1
'C' 43.6800000000 43.6800000000 47.0400000000 1
'C' 45.3600000000 42.0000000000 52.0800000000 1
'C' 42.0000000000 45.3600000000 52.0800000000 1
'C' 45.3600000000 45.3600000000 48.7200000000 1
'C' 47.0400000000 40.3200000000 47.0400000000 1
'C' 48.7200000000 42.0000000000 48.7200000000 1
'C' 50.4000000000 40.3200000000 50.4000000000 1
'C' 47.0400000000 43.6800000000 50.4000000000 1
'C' 50.4000000000 43.6800000000 47.0400000000 1
'C' 52.0800000000 42.0000000000 52.0800000000 1
'C' 48.7200000000 45.3600000000 52.0800000000 1
'C' 52.0800000000 45.3600000000 48.7200000000 1
'C' 0.0000000000 47.0400000000 47.0400000000 1
'C' 1.6800000000 48.7200000000 48.7200000000 1
'C' 3.3600000000 47.0400000000 50.4000000000 1
'C' 0.0000000000 50.4000000000 50.4000000000 1
'C' 3.3600000000 50.4000000000 47.0400000000 1
'C' 5.0400000000 48.7200000000 52.0800000000 1
'C' 1.6800000000 52.0800000000 52.0800000000 1
'C' 5.0400000000 52.0800000000 48.7200000000 1
'C' 6.7200000000 47.0400000000 47.0400000000 1
'C' 8.4000000000 48.7200000000 48.7200000000 1
'C' 10.0800000000 47.0400000000 50.4000000000 1
'C' 6.7200000000 50.4000000000 50.4000000000 1
'C' 10.0800000000 50.4000000000 47.0400000000 1
'C' 11.7600000000 48.7200000000 52.0800000000 1
'C' 8.4000000000 52.0800000000 52.0800000000 1
'C' 11.7600000000 52.0800000000 48.7200000000 1
'C' 13.4400000000 47.0400000000 47.0400000000 1
'C' 15.1200000000 48.7200000000 48.7200000000 1
'C' 16.8000000000 47.0400000000 50.4000000000 1
'C' 13.4400000000 50.4000000000 50.4000000000 1
'C' 16.8000000000 50.4000000000 47.0400000000 1
'C' 18.4800000000 48.7200000000 52.0800000000 1
'C' 15.1200000000 52.0800000000 52.0800000000 1
'C' 18.4800000000 52.0800000000 48.7200000000 1
'C' 20.1600000000 47.0400000000 47.0400000000 1
'C' 21.8400000000 48.7200000000 48.7200000000 1
'C' 23.5200000000 47.0400000000 50.4000000000 1
'C' 20.1600000000 50.4000000000 50.4000000000 1
'C' 23.5200000000 50.4000000000 47.0400000000 1
'C' 25.2000000000 48.7200000000 52.0800000000 1
'C' 21.8400000000 52.0800000000 52.0800000000 1
'C' 25.2000000000 52.0800000000 48.7200000000 1
'C' 26.8800000000 47.0400000000 47.0400000000 1
'C' 28.5600000000 48.7200000000 48.7200000000 1
'C' 30.2400000000 47.0400000000 50.4000000000 1
'C' 26.8800000000 50.4000000000 50.4000000000 1
'C' 30.2400000000 50.4000000000 47.0400000000 1
'C' 31.9200000000 48.7200000000 52.0800000000 1
'C' 28.5600000000 52.0800000000 52.0800000000 1
'C' 31.9200000000 52.0800000000 48.7200000000 1
'C' 33.6000000000 47.0400000000 47.0400000000 1
'C' 35.2800000000 48.7200000000 48.7200000000 1
'C' 36.9600000000 47.0400000000 50.4000000000 1
'C' 33.6000000000 50.4000000000 50.4000000000 1
'C' 36.9600000000 50.4000000000 47.0400000000 1
'C' 38.6400000000 48.7200000000 52.0800000000 1
'C' 35.2800000000 52.0800000000 52.0800000000 1
'C' 38.6400000000 52.0800000000 48.7200000000 1
'C' 40.3200000000 47.0400000000 47.0400000000 1
'C' 42.0000000000 48.7200000000 48.7200000000 1
'C' 43.6800000000 47.0400000000 50.4000000000 1
'C' 40.3200000000 50.4000000000 50.4000000000 1
'C' 43.6800000000 50.4000000000 47.0400000000 1
'C' 45.3600000000 48.7200000000 52.0800000000 1
'C' 42.0000000000 52.0800000000 52.0800000000 1
'C' 45.3600000000 52.0800000000 48.7200000000 1
'C' 47.0400000000 47.0400000000 47.0400000000 1
'C' 48.7200000000 48.7200000000 48.7200000000 1
'C' 50.4000000000 47.0400000000 50.4000000000 1
'C' 47.0400000000 50.4000000000 50.4000000000 1
'C' 50.4000000000 50.4000000000 47.0400000000 1
'C' 52.0800000000 48.7200000000 52.0800000000 1
'C' 48.7200000000 52.0800000000 52.0800000000 1
'C' 52.0800000000 52.0800000000 48.7200000000 1
