# Real time calculation:
# Ac_ext: External vector potential field
# E_ext: External electric field
# Ac_tot: Total vector potential field
# E_tot: Total electric field
# Jm: Matter current density (electrons)
# 1:Time[a.u.] 2:Ac_ext_x[a.u.] 3:Ac_ext_y[a.u.] 4:Ac_ext_z[a.u.] 5:E_ext_x[a.u.] 6:E_ext_y[a.u.] 7:E_ext_z[a.u.] 8:Ac_tot_x[a.u.] 9:Ac_tot_y[a.u.] 10:Ac_tot_z[a.u.] 11:E_tot_x[a.u.] 12:E_tot_y[a.u.] 13:E_tot_z[a.u.]  14:Jm_x[a.u.] 15:Jm_y[a.u.] 16:Jm_z[a.u.]
      0.08000000 -0.000000000000000E+000 -0.000000000000000E+000 -0.000000000000000E+000  0.000000000000000E+000  0.000000000000000E+000  0.000000000000000E+000 -0.000000000000000E+000 -0.000000000000000E+000 -0.000000000000000E+000  0.000000000000000E+000  0.000000000000000E+000  0.000000000000000E+000   0.633725918351339E-012  0.624516380590513E-013  0.132235960784129E-012
      0.16000000 -0.000000000000000E+000 -0.000000000000000E+000 -0.000000000000000E+000 -0.000000000000000E+000 -0.000000000000000E+000 -0.000000000000000E+000  0.000000000000000E+000  0.000000000000000E+000  0.000000000000000E+000 -0.000000000000000E+000 -0.000000000000000E+000 -0.000000000000000E+000   0.562067905038771E-012  0.457460785671325E-014  0.151958797951267E-012
      0.24000000 -0.000000000000000E+000 -0.000000000000000E+000 -0.000000000000000E+000 -0.000000000000000E+000 -0.000000000000000E+000 -0.000000000000000E+000  0.000000000000000E+000  0.000000000000000E+000  0.000000000000000E+000 -0.000000000000000E+000 -0.000000000000000E+000 -0.000000000000000E+000   0.496481444973831E-012 -0.494792441450161E-013  0.168135359391948E-012
      0.32000000 -0.000000000000000E+000 -0.000000000000000E+000 -0.000000000000000E+000 -0.000000000000000E+000 -0.000000000000000E+000 -0.000000000000000E+000  0.000000000000000E+000  0.000000000000000E+000  0.000000000000000E+000 -0.000000000000000E+000 -0.000000000000000E+000 -0.000000000000000E+000   0.438414219860249E-012 -0.966003503216853E-013  0.180928926957241E-012
      0.40000000 -0.000000000000000E+000 -0.000000000000000E+000 -0.000000000000000E+000 -0.000000000000000E+000 -0.000000000000000E+000 -0.000000000000000E+000  0.000000000000000E+000  0.000000000000000E+000  0.000000000000000E+000 -0.000000000000000E+000 -0.000000000000000E+000 -0.000000000000000E+000   0.388571401567271E-012 -0.134681067828964E-012  0.191197301328197E-012
      0.48000000 -0.000000000000000E+000 -0.000000000000000E+000 -0.000000000000000E+000 -0.000000000000000E+000 -0.000000000000000E+000 -0.000000000000000E+000  0.000000000000000E+000  0.000000000000000E+000  0.000000000000000E+000 -0.000000000000000E+000 -0.000000000000000E+000 -0.000000000000000E+000   0.347563331418018E-012 -0.163178721355014E-012  0.199387111558646E-012
      0.56000000 -0.000000000000000E+000 -0.000000000000000E+000 -0.000000000000000E+000 -0.000000000000000E+000 -0.000000000000000E+000 -0.000000000000000E+000  0.000000000000000E+000  0.000000000000000E+000  0.000000000000000E+000 -0.000000000000000E+000 -0.000000000000000E+000 -0.000000000000000E+000   0.316263237888900E-012 -0.182641732734161E-012  0.204923229555610E-012
      0.64000000 -0.000000000000000E+000 -0.000000000000000E+000 -0.000000000000000E+000 -0.000000000000000E+000 -0.000000000000000E+000 -0.000000000000000E+000  0.000000000000000E+000  0.000000000000000E+000  0.000000000000000E+000 -0.000000000000000E+000 -0.000000000000000E+000 -0.000000000000000E+000   0.295597594323851E-012 -0.193625183863935E-012  0.206546434807019E-012
      0.72000000 -0.000000000000000E+000 -0.000000000000000E+000 -0.000000000000000E+000 -0.000000000000000E+000 -0.000000000000000E+000 -0.000000000000000E+000  0.000000000000000E+000  0.000000000000000E+000  0.000000000000000E+000 -0.000000000000000E+000 -0.000000000000000E+000 -0.000000000000000E+000   0.286038269099773E-012 -0.195956431861595E-012  0.203211984076122E-012
      0.80000000 -0.000000000000000E+000 -0.000000000000000E+000 -0.000000000000000E+000 -0.000000000000000E+000 -0.000000000000000E+000 -0.000000000000000E+000  0.000000000000000E+000  0.000000000000000E+000  0.000000000000000E+000 -0.000000000000000E+000 -0.000000000000000E+000 -0.000000000000000E+000   0.287347524789185E-012 -0.188896017466134E-012  0.194750764913501E-012
      0.88000000 -0.000000000000000E+000 -0.000000000000000E+000 -0.000000000000000E+000 -0.000000000000000E+000 -0.000000000000000E+000 -0.000000000000000E+000  0.000000000000000E+000  0.000000000000000E+000  0.000000000000000E+000 -0.000000000000000E+000 -0.000000000000000E+000 -0.000000000000000E+000   0.298865149027788E-012 -0.171921310055323E-012  0.181786454579968E-012
      0.96000000 -0.000000000000000E+000 -0.000000000000000E+000 -0.000000000000000E+000 -0.000000000000000E+000 -0.000000000000000E+000 -0.000000000000000E+000  0.000000000000000E+000  0.000000000000000E+000  0.000000000000000E+000 -0.000000000000000E+000 -0.000000000000000E+000 -0.000000000000000E+000   0.320109341946002E-012 -0.145361494992383E-012  0.165084253856030E-012
      1.04000000 -0.000000000000000E+000 -0.000000000000000E+000 -0.000000000000000E+000 -0.000000000000000E+000 -0.000000000000000E+000 -0.000000000000000E+000  0.000000000000000E+000  0.000000000000000E+000  0.000000000000000E+000 -0.000000000000000E+000 -0.000000000000000E+000 -0.000000000000000E+000   0.351078512878696E-012 -0.110328059953501E-012  0.144942103506466E-012
      1.12000000 -0.000000000000000E+000 -0.000000000000000E+000 -0.000000000000000E+000 -0.000000000000000E+000 -0.000000000000000E+000 -0.000000000000000E+000  0.000000000000000E+000  0.000000000000000E+000  0.000000000000000E+000 -0.000000000000000E+000 -0.000000000000000E+000 -0.000000000000000E+000   0.391883553622515E-012 -0.681364651757989E-013  0.121186931736147E-012
      1.20000000 -0.000000000000000E+000 -0.000000000000000E+000 -0.000000000000000E+000 -0.000000000000000E+000 -0.000000000000000E+000 -0.000000000000000E+000  0.000000000000000E+000  0.000000000000000E+000  0.000000000000000E+000 -0.000000000000000E+000 -0.000000000000000E+000 -0.000000000000000E+000   0.441938620803984E-012 -0.198549185909641E-013  0.936699920303549E-013
      1.28000000 -0.000000000000000E+000 -0.000000000000000E+000 -0.000000000000000E+000 -0.000000000000000E+000 -0.000000000000000E+000 -0.000000000000000E+000  0.000000000000000E+000  0.000000000000000E+000  0.000000000000000E+000 -0.000000000000000E+000 -0.000000000000000E+000 -0.000000000000000E+000   0.499358250956050E-012  0.335791055696098E-013  0.628270362850109E-013
      1.36000000 -0.000000000000000E+000 -0.000000000000000E+000 -0.000000000000000E+000 -0.000000000000000E+000 -0.000000000000000E+000 -0.000000000000000E+000  0.000000000000000E+000  0.000000000000000E+000  0.000000000000000E+000 -0.000000000000000E+000 -0.000000000000000E+000 -0.000000000000000E+000   0.561093397272060E-012  0.908102205708806E-013  0.297925355055496E-013
      1.44000000 -0.000000000000000E+000 -0.000000000000000E+000 -0.000000000000000E+000 -0.000000000000000E+000 -0.000000000000000E+000 -0.000000000000000E+000  0.000000000000000E+000  0.000000000000000E+000  0.000000000000000E+000 -0.000000000000000E+000 -0.000000000000000E+000 -0.000000000000000E+000   0.623701452576201E-012  0.149705715659815E-012 -0.394295618853225E-014
      1.52000000 -0.000000000000000E+000 -0.000000000000000E+000 -0.000000000000000E+000 -0.000000000000000E+000 -0.000000000000000E+000 -0.000000000000000E+000  0.000000000000000E+000  0.000000000000000E+000  0.000000000000000E+000 -0.000000000000000E+000 -0.000000000000000E+000 -0.000000000000000E+000   0.684208524597273E-012  0.207560290328547E-012 -0.370292727968203E-013
      1.60000000 -0.000000000000000E+000 -0.000000000000000E+000 -0.000000000000000E+000 -0.000000000000000E+000 -0.000000000000000E+000 -0.000000000000000E+000  0.000000000000000E+000  0.000000000000000E+000  0.000000000000000E+000 -0.000000000000000E+000 -0.000000000000000E+000 -0.000000000000000E+000   0.740439724858978E-012  0.261735905010510E-012 -0.685523445494009E-013
      1.68000000 -0.000000000000000E+000 -0.000000000000000E+000 -0.000000000000000E+000 -0.000000000000000E+000 -0.000000000000000E+000 -0.000000000000000E+000  0.000000000000000E+000  0.000000000000000E+000  0.000000000000000E+000 -0.000000000000000E+000 -0.000000000000000E+000 -0.000000000000000E+000   0.790752038330769E-012  0.310195187467597E-012 -0.980225316907070E-013
      1.76000000 -0.000000000000000E+000 -0.000000000000000E+000 -0.000000000000000E+000 -0.000000000000000E+000 -0.000000000000000E+000 -0.000000000000000E+000  0.000000000000000E+000  0.000000000000000E+000  0.000000000000000E+000 -0.000000000000000E+000 -0.000000000000000E+000 -0.000000000000000E+000   0.833584964041741E-012  0.351544256517214E-012 -0.125213337359670E-012
      1.84000000 -0.000000000000000E+000 -0.000000000000000E+000 -0.000000000000000E+000 -0.000000000000000E+000 -0.000000000000000E+000 -0.000000000000000E+000  0.000000000000000E+000  0.000000000000000E+000  0.000000000000000E+000 -0.000000000000000E+000 -0.000000000000000E+000 -0.000000000000000E+000   0.867319847628910E-012  0.384734182697556E-012 -0.150053606773157E-012
      1.92000000 -0.000000000000000E+000 -0.000000000000000E+000 -0.000000000000000E+000 -0.000000000000000E+000 -0.000000000000000E+000 -0.000000000000000E+000  0.000000000000000E+000  0.000000000000000E+000  0.000000000000000E+000 -0.000000000000000E+000 -0.000000000000000E+000 -0.000000000000000E+000   0.890594433233747E-012  0.408821886803358E-012 -0.172544309689778E-012
      2.00000000 -0.000000000000000E+000 -0.000000000000000E+000 -0.000000000000000E+000 -0.000000000000000E+000 -0.000000000000000E+000 -0.000000000000000E+000  0.000000000000000E+000  0.000000000000000E+000  0.000000000000000E+000 -0.000000000000000E+000 -0.000000000000000E+000 -0.000000000000000E+000   0.902730532570517E-012  0.423110381185937E-012 -0.192640689641518E-012
      2.08000000 -0.000000000000000E+000 -0.000000000000000E+000 -0.000000000000000E+000 -0.000000000000000E+000 -0.000000000000000E+000 -0.000000000000000E+000  0.000000000000000E+000  0.000000000000000E+000  0.000000000000000E+000 -0.000000000000000E+000 -0.000000000000000E+000 -0.000000000000000E+000   0.903830378123932E-012  0.427464756711773E-012 -0.210060172421610E-012
      2.16000000 -0.000000000000000E+000 -0.000000000000000E+000 -0.000000000000000E+000 -0.000000000000000E+000 -0.000000000000000E+000 -0.000000000000000E+000  0.000000000000000E+000  0.000000000000000E+000  0.000000000000000E+000 -0.000000000000000E+000 -0.000000000000000E+000 -0.000000000000000E+000   0.894420593241302E-012  0.422395560670272E-012 -0.224190470915396E-012
      2.24000000 -0.000000000000000E+000 -0.000000000000000E+000 -0.000000000000000E+000 -0.000000000000000E+000 -0.000000000000000E+000 -0.000000000000000E+000  0.000000000000000E+000  0.000000000000000E+000  0.000000000000000E+000 -0.000000000000000E+000 -0.000000000000000E+000 -0.000000000000000E+000   0.874910906205712E-012  0.408699910294362E-012 -0.234253636935719E-012
      2.32000000 -0.000000000000000E+000 -0.000000000000000E+000 -0.000000000000000E+000 -0.000000000000000E+000 -0.000000000000000E+000 -0.000000000000000E+000  0.000000000000000E+000  0.000000000000000E+000  0.000000000000000E+000 -0.000000000000000E+000 -0.000000000000000E+000 -0.000000000000000E+000   0.845329572028499E-012  0.386940144357922E-012 -0.239684042209193E-012
      2.40000000 -0.000000000000000E+000 -0.000000000000000E+000 -0.000000000000000E+000 -0.000000000000000E+000 -0.000000000000000E+000 -0.000000000000000E+000  0.000000000000000E+000  0.000000000000000E+000  0.000000000000000E+000 -0.000000000000000E+000 -0.000000000000000E+000 -0.000000000000000E+000   0.805512032662289E-012  0.357245686985564E-012 -0.240438135940775E-012
      2.48000000 -0.000000000000000E+000 -0.000000000000000E+000 -0.000000000000000E+000 -0.000000000000000E+000 -0.000000000000000E+000 -0.000000000000000E+000  0.000000000000000E+000  0.000000000000000E+000  0.000000000000000E+000 -0.000000000000000E+000 -0.000000000000000E+000 -0.000000000000000E+000   0.755560295469258E-012  0.319673232162974E-012 -0.236989675328095E-012
      2.56000000 -0.000000000000000E+000 -0.000000000000000E+000 -0.000000000000000E+000 -0.000000000000000E+000 -0.000000000000000E+000 -0.000000000000000E+000  0.000000000000000E+000  0.000000000000000E+000  0.000000000000000E+000 -0.000000000000000E+000 -0.000000000000000E+000 -0.000000000000000E+000   0.696213917338804E-012  0.274823946403359E-012 -0.229990949526521E-012
      2.64000000 -0.000000000000000E+000 -0.000000000000000E+000 -0.000000000000000E+000 -0.000000000000000E+000 -0.000000000000000E+000 -0.000000000000000E+000  0.000000000000000E+000  0.000000000000000E+000  0.000000000000000E+000 -0.000000000000000E+000 -0.000000000000000E+000 -0.000000000000000E+000   0.628908754641795E-012  0.224157412035126E-012 -0.219937520244042E-012
      2.72000000 -0.000000000000000E+000 -0.000000000000000E+000 -0.000000000000000E+000 -0.000000000000000E+000 -0.000000000000000E+000 -0.000000000000000E+000  0.000000000000000E+000  0.000000000000000E+000  0.000000000000000E+000 -0.000000000000000E+000 -0.000000000000000E+000 -0.000000000000000E+000   0.555606129861175E-012  0.169703055499908E-012 -0.207150087456041E-012
      2.80000000 -0.000000000000000E+000 -0.000000000000000E+000 -0.000000000000000E+000 -0.000000000000000E+000 -0.000000000000000E+000 -0.000000000000000E+000  0.000000000000000E+000  0.000000000000000E+000  0.000000000000000E+000 -0.000000000000000E+000 -0.000000000000000E+000 -0.000000000000000E+000   0.478573181517811E-012  0.113461405988793E-012 -0.192116381517595E-012
      2.88000000 -0.000000000000000E+000 -0.000000000000000E+000 -0.000000000000000E+000 -0.000000000000000E+000 -0.000000000000000E+000 -0.000000000000000E+000  0.000000000000000E+000  0.000000000000000E+000  0.000000000000000E+000 -0.000000000000000E+000 -0.000000000000000E+000 -0.000000000000000E+000   0.400246907727788E-012  0.570187112626082E-013 -0.175822468242324E-012
      2.96000000 -0.000000000000000E+000 -0.000000000000000E+000 -0.000000000000000E+000 -0.000000000000000E+000 -0.000000000000000E+000 -0.000000000000000E+000  0.000000000000000E+000  0.000000000000000E+000  0.000000000000000E+000 -0.000000000000000E+000 -0.000000000000000E+000 -0.000000000000000E+000   0.323115750996387E-012  0.171113831413437E-014 -0.159693258327635E-012
      3.04000000 -0.000000000000000E+000 -0.000000000000000E+000 -0.000000000000000E+000 -0.000000000000000E+000 -0.000000000000000E+000 -0.000000000000000E+000  0.000000000000000E+000  0.000000000000000E+000  0.000000000000000E+000 -0.000000000000000E+000 -0.000000000000000E+000 -0.000000000000000E+000   0.249479935578826E-012 -0.509511507400643E-013 -0.145062010243397E-012
      3.12000000 -0.000000000000000E+000 -0.000000000000000E+000 -0.000000000000000E+000 -0.000000000000000E+000 -0.000000000000000E+000 -0.000000000000000E+000  0.000000000000000E+000  0.000000000000000E+000  0.000000000000000E+000 -0.000000000000000E+000 -0.000000000000000E+000 -0.000000000000000E+000   0.181177879100943E-012 -0.990954536430896E-013 -0.132559077124912E-012
      3.20000000 -0.000000000000000E+000 -0.000000000000000E+000 -0.000000000000000E+000 -0.000000000000000E+000 -0.000000000000000E+000 -0.000000000000000E+000  0.000000000000000E+000  0.000000000000000E+000  0.000000000000000E+000 -0.000000000000000E+000 -0.000000000000000E+000 -0.000000000000000E+000   0.119419654838969E-012 -0.140896634998634E-012 -0.121953313092350E-012
      3.28000000 -0.000000000000000E+000 -0.000000000000000E+000 -0.000000000000000E+000 -0.000000000000000E+000 -0.000000000000000E+000 -0.000000000000000E+000  0.000000000000000E+000  0.000000000000000E+000  0.000000000000000E+000 -0.000000000000000E+000 -0.000000000000000E+000 -0.000000000000000E+000   0.648730003233904E-013 -0.175255497515832E-012 -0.112609901711468E-012
      3.36000000 -0.000000000000000E+000 -0.000000000000000E+000 -0.000000000000000E+000 -0.000000000000000E+000 -0.000000000000000E+000 -0.000000000000000E+000  0.000000000000000E+000  0.000000000000000E+000  0.000000000000000E+000 -0.000000000000000E+000 -0.000000000000000E+000 -0.000000000000000E+000   0.179366140879675E-013 -0.202162593577419E-012 -0.104220867324043E-012
      3.44000000 -0.000000000000000E+000 -0.000000000000000E+000 -0.000000000000000E+000 -0.000000000000000E+000 -0.000000000000000E+000 -0.000000000000000E+000  0.000000000000000E+000  0.000000000000000E+000  0.000000000000000E+000 -0.000000000000000E+000 -0.000000000000000E+000 -0.000000000000000E+000  -0.210547371216453E-013 -0.222378089952979E-012 -0.972567857974439E-013
      3.52000000 -0.000000000000000E+000 -0.000000000000000E+000 -0.000000000000000E+000 -0.000000000000000E+000 -0.000000000000000E+000 -0.000000000000000E+000  0.000000000000000E+000  0.000000000000000E+000  0.000000000000000E+000 -0.000000000000000E+000 -0.000000000000000E+000 -0.000000000000000E+000  -0.518553715873263E-013 -0.236649022017173E-012 -0.927603062520036E-013
      3.60000000 -0.000000000000000E+000 -0.000000000000000E+000 -0.000000000000000E+000 -0.000000000000000E+000 -0.000000000000000E+000 -0.000000000000000E+000  0.000000000000000E+000  0.000000000000000E+000  0.000000000000000E+000 -0.000000000000000E+000 -0.000000000000000E+000 -0.000000000000000E+000  -0.745041795406137E-013 -0.245134701734502E-012 -0.917214448120368E-013
      3.68000000 -0.000000000000000E+000 -0.000000000000000E+000 -0.000000000000000E+000 -0.000000000000000E+000 -0.000000000000000E+000 -0.000000000000000E+000  0.000000000000000E+000  0.000000000000000E+000  0.000000000000000E+000 -0.000000000000000E+000 -0.000000000000000E+000 -0.000000000000000E+000  -0.894143112776964E-013 -0.247481188796031E-012 -0.945365637062047E-013
      3.76000000 -0.000000000000000E+000 -0.000000000000000E+000 -0.000000000000000E+000 -0.000000000000000E+000 -0.000000000000000E+000 -0.000000000000000E+000  0.000000000000000E+000  0.000000000000000E+000  0.000000000000000E+000 -0.000000000000000E+000 -0.000000000000000E+000 -0.000000000000000E+000  -0.971924025094072E-013 -0.243438907139863E-012 -0.100985032811861E-012
      3.84000000 -0.000000000000000E+000 -0.000000000000000E+000 -0.000000000000000E+000 -0.000000000000000E+000 -0.000000000000000E+000 -0.000000000000000E+000  0.000000000000000E+000  0.000000000000000E+000  0.000000000000000E+000 -0.000000000000000E+000 -0.000000000000000E+000 -0.000000000000000E+000  -0.982901895845303E-013 -0.233411891481838E-012 -0.110631639322497E-012
      3.92000000 -0.000000000000000E+000 -0.000000000000000E+000 -0.000000000000000E+000 -0.000000000000000E+000 -0.000000000000000E+000 -0.000000000000000E+000  0.000000000000000E+000  0.000000000000000E+000  0.000000000000000E+000 -0.000000000000000E+000 -0.000000000000000E+000 -0.000000000000000E+000  -0.928526529210723E-013 -0.218461316995939E-012 -0.123231242115241E-012
      4.00000000 -0.000000000000000E+000 -0.000000000000000E+000 -0.000000000000000E+000 -0.000000000000000E+000 -0.000000000000000E+000 -0.000000000000000E+000  0.000000000000000E+000  0.000000000000000E+000  0.000000000000000E+000 -0.000000000000000E+000 -0.000000000000000E+000 -0.000000000000000E+000  -0.809923286889736E-013 -0.199841497928435E-012 -0.138751304082119E-012
      4.08000000 -0.000000000000000E+000 -0.000000000000000E+000 -0.000000000000000E+000 -0.000000000000000E+000 -0.000000000000000E+000 -0.000000000000000E+000  0.000000000000000E+000  0.000000000000000E+000  0.000000000000000E+000 -0.000000000000000E+000 -0.000000000000000E+000 -0.000000000000000E+000  -0.633604057791742E-013 -0.178534193150009E-012 -0.157027249356693E-012
      4.16000000 -0.000000000000000E+000 -0.000000000000000E+000 -0.000000000000000E+000 -0.000000000000000E+000 -0.000000000000000E+000 -0.000000000000000E+000  0.000000000000000E+000  0.000000000000000E+000  0.000000000000000E+000 -0.000000000000000E+000 -0.000000000000000E+000 -0.000000000000000E+000  -0.415562598338071E-013 -0.155272539165806E-012 -0.177418602571712E-012
      4.24000000 -0.000000000000000E+000 -0.000000000000000E+000 -0.000000000000000E+000 -0.000000000000000E+000 -0.000000000000000E+000 -0.000000000000000E+000  0.000000000000000E+000  0.000000000000000E+000  0.000000000000000E+000 -0.000000000000000E+000 -0.000000000000000E+000 -0.000000000000000E+000  -0.179802306378648E-013 -0.130969208831552E-012 -0.198826372233946E-012
      4.32000000 -0.000000000000000E+000 -0.000000000000000E+000 -0.000000000000000E+000 -0.000000000000000E+000 -0.000000000000000E+000 -0.000000000000000E+000  0.000000000000000E+000  0.000000000000000E+000  0.000000000000000E+000 -0.000000000000000E+000 -0.000000000000000E+000 -0.000000000000000E+000   0.482401902952999E-014 -0.107095042610157E-012 -0.220078574946682E-012
      4.40000000 -0.000000000000000E+000 -0.000000000000000E+000 -0.000000000000000E+000 -0.000000000000000E+000 -0.000000000000000E+000 -0.000000000000000E+000  0.000000000000000E+000  0.000000000000000E+000  0.000000000000000E+000 -0.000000000000000E+000 -0.000000000000000E+000 -0.000000000000000E+000   0.249137597488000E-013 -0.855349520796530E-013 -0.240397329783453E-012
      4.48000000 -0.000000000000000E+000 -0.000000000000000E+000 -0.000000000000000E+000 -0.000000000000000E+000 -0.000000000000000E+000 -0.000000000000000E+000  0.000000000000000E+000  0.000000000000000E+000  0.000000000000000E+000 -0.000000000000000E+000 -0.000000000000000E+000 -0.000000000000000E+000   0.412297387970359E-013 -0.679877141435702E-013 -0.259554192334844E-012
      4.56000000 -0.000000000000000E+000 -0.000000000000000E+000 -0.000000000000000E+000 -0.000000000000000E+000 -0.000000000000000E+000 -0.000000000000000E+000  0.000000000000000E+000  0.000000000000000E+000  0.000000000000000E+000 -0.000000000000000E+000 -0.000000000000000E+000 -0.000000000000000E+000   0.533049413588668E-013 -0.553484707108400E-013 -0.277660308381898E-012
      4.64000000 -0.000000000000000E+000 -0.000000000000000E+000 -0.000000000000000E+000 -0.000000000000000E+000 -0.000000000000000E+000 -0.000000000000000E+000  0.000000000000000E+000  0.000000000000000E+000  0.000000000000000E+000 -0.000000000000000E+000 -0.000000000000000E+000 -0.000000000000000E+000   0.607014185231352E-013 -0.476269753344784E-013 -0.294815201660704E-012
      4.72000000 -0.000000000000000E+000 -0.000000000000000E+000 -0.000000000000000E+000 -0.000000000000000E+000 -0.000000000000000E+000 -0.000000000000000E+000  0.000000000000000E+000  0.000000000000000E+000  0.000000000000000E+000 -0.000000000000000E+000 -0.000000000000000E+000 -0.000000000000000E+000   0.627331541648099E-013 -0.443704328117739E-013 -0.310899736422541E-012
      4.80000000 -0.000000000000000E+000 -0.000000000000000E+000 -0.000000000000000E+000 -0.000000000000000E+000 -0.000000000000000E+000 -0.000000000000000E+000  0.000000000000000E+000  0.000000000000000E+000  0.000000000000000E+000 -0.000000000000000E+000 -0.000000000000000E+000 -0.000000000000000E+000   0.586916916836165E-013 -0.452403080416043E-013 -0.325616682657387E-012
      4.88000000 -0.000000000000000E+000 -0.000000000000000E+000 -0.000000000000000E+000 -0.000000000000000E+000 -0.000000000000000E+000 -0.000000000000000E+000  0.000000000000000E+000  0.000000000000000E+000  0.000000000000000E+000 -0.000000000000000E+000 -0.000000000000000E+000 -0.000000000000000E+000   0.483153739435891E-013 -0.502241854032583E-013 -0.338631785854918E-012
      4.96000000 -0.000000000000000E+000 -0.000000000000000E+000 -0.000000000000000E+000 -0.000000000000000E+000 -0.000000000000000E+000 -0.000000000000000E+000  0.000000000000000E+000  0.000000000000000E+000  0.000000000000000E+000 -0.000000000000000E+000 -0.000000000000000E+000 -0.000000000000000E+000   0.320454411122023E-013 -0.593942265824419E-013 -0.349632557867316E-012
      5.04000000 -0.000000000000000E+000 -0.000000000000000E+000 -0.000000000000000E+000 -0.000000000000000E+000 -0.000000000000000E+000 -0.000000000000000E+000  0.000000000000000E+000  0.000000000000000E+000  0.000000000000000E+000 -0.000000000000000E+000 -0.000000000000000E+000 -0.000000000000000E+000   0.107917303043607E-013 -0.725498014729731E-013 -0.358270088381001E-012
      5.12000000 -0.000000000000000E+000 -0.000000000000000E+000 -0.000000000000000E+000 -0.000000000000000E+000 -0.000000000000000E+000 -0.000000000000000E+000  0.000000000000000E+000  0.000000000000000E+000  0.000000000000000E+000 -0.000000000000000E+000 -0.000000000000000E+000 -0.000000000000000E+000  -0.146540645166233E-013 -0.891321080086165E-013 -0.364133884398999E-012
      5.20000000 -0.000000000000000E+000 -0.000000000000000E+000 -0.000000000000000E+000 -0.000000000000000E+000 -0.000000000000000E+000 -0.000000000000000E+000  0.000000000000000E+000  0.000000000000000E+000  0.000000000000000E+000 -0.000000000000000E+000 -0.000000000000000E+000 -0.000000000000000E+000  -0.440309093800601E-013 -0.108485497513107E-012 -0.366887401535843E-012
      5.28000000 -0.000000000000000E+000 -0.000000000000000E+000 -0.000000000000000E+000 -0.000000000000000E+000 -0.000000000000000E+000 -0.000000000000000E+000  0.000000000000000E+000  0.000000000000000E+000  0.000000000000000E+000 -0.000000000000000E+000 -0.000000000000000E+000 -0.000000000000000E+000  -0.775193829262592E-013 -0.130165219212490E-012 -0.366488842793891E-012
      5.36000000 -0.000000000000000E+000 -0.000000000000000E+000 -0.000000000000000E+000 -0.000000000000000E+000 -0.000000000000000E+000 -0.000000000000000E+000  0.000000000000000E+000  0.000000000000000E+000  0.000000000000000E+000 -0.000000000000000E+000 -0.000000000000000E+000 -0.000000000000000E+000  -0.115236861083192E-012 -0.153957717152324E-012 -0.363331858892485E-012
      5.44000000 -0.000000000000000E+000 -0.000000000000000E+000 -0.000000000000000E+000 -0.000000000000000E+000 -0.000000000000000E+000 -0.000000000000000E+000  0.000000000000000E+000  0.000000000000000E+000  0.000000000000000E+000 -0.000000000000000E+000 -0.000000000000000E+000 -0.000000000000000E+000  -0.156717851937983E-012 -0.179551001867593E-012 -0.358140527225280E-012
      5.52000000 -0.000000000000000E+000 -0.000000000000000E+000 -0.000000000000000E+000 -0.000000000000000E+000 -0.000000000000000E+000 -0.000000000000000E+000  0.000000000000000E+000  0.000000000000000E+000  0.000000000000000E+000 -0.000000000000000E+000 -0.000000000000000E+000 -0.000000000000000E+000  -0.200742994215793E-012 -0.206190149910886E-012 -0.351676142433288E-012
      5.60000000 -0.000000000000000E+000 -0.000000000000000E+000 -0.000000000000000E+000 -0.000000000000000E+000 -0.000000000000000E+000 -0.000000000000000E+000  0.000000000000000E+000  0.000000000000000E+000  0.000000000000000E+000 -0.000000000000000E+000 -0.000000000000000E+000 -0.000000000000000E+000  -0.245672624877790E-012 -0.232644936903930E-012 -0.344512604850915E-012
      5.68000000 -0.000000000000000E+000 -0.000000000000000E+000 -0.000000000000000E+000 -0.000000000000000E+000 -0.000000000000000E+000 -0.000000000000000E+000  0.000000000000000E+000  0.000000000000000E+000  0.000000000000000E+000 -0.000000000000000E+000 -0.000000000000000E+000 -0.000000000000000E+000  -0.289915601944033E-012 -0.257567897814778E-012 -0.337030594927064E-012
      5.76000000 -0.000000000000000E+000 -0.000000000000000E+000 -0.000000000000000E+000 -0.000000000000000E+000 -0.000000000000000E+000 -0.000000000000000E+000  0.000000000000000E+000  0.000000000000000E+000  0.000000000000000E+000 -0.000000000000000E+000 -0.000000000000000E+000 -0.000000000000000E+000  -0.332255714851275E-012 -0.279929423062002E-012 -0.329582258515688E-012
      5.84000000 -0.000000000000000E+000 -0.000000000000000E+000 -0.000000000000000E+000 -0.000000000000000E+000 -0.000000000000000E+000 -0.000000000000000E+000  0.000000000000000E+000  0.000000000000000E+000  0.000000000000000E+000 -0.000000000000000E+000 -0.000000000000000E+000 -0.000000000000000E+000  -0.371856835166194E-012 -0.299177136485020E-012 -0.322618388810068E-012
      5.92000000 -0.000000000000000E+000 -0.000000000000000E+000 -0.000000000000000E+000 -0.000000000000000E+000 -0.000000000000000E+000 -0.000000000000000E+000  0.000000000000000E+000  0.000000000000000E+000  0.000000000000000E+000 -0.000000000000000E+000 -0.000000000000000E+000 -0.000000000000000E+000  -0.408086808271267E-012 -0.315073293378143E-012 -0.316586379828900E-012
      6.00000000 -0.000000000000000E+000 -0.000000000000000E+000 -0.000000000000000E+000 -0.000000000000000E+000 -0.000000000000000E+000 -0.000000000000000E+000  0.000000000000000E+000  0.000000000000000E+000  0.000000000000000E+000 -0.000000000000000E+000 -0.000000000000000E+000 -0.000000000000000E+000  -0.440389839506425E-012 -0.327451189375250E-012 -0.311709643476515E-012
      6.08000000 -0.000000000000000E+000 -0.000000000000000E+000 -0.000000000000000E+000 -0.000000000000000E+000 -0.000000000000000E+000 -0.000000000000000E+000  0.000000000000000E+000  0.000000000000000E+000  0.000000000000000E+000 -0.000000000000000E+000 -0.000000000000000E+000 -0.000000000000000E+000  -0.468330017608064E-012 -0.336158573629462E-012 -0.307869948509894E-012
      6.16000000 -0.000000000000000E+000 -0.000000000000000E+000 -0.000000000000000E+000 -0.000000000000000E+000 -0.000000000000000E+000 -0.000000000000000E+000  0.000000000000000E+000  0.000000000000000E+000  0.000000000000000E+000 -0.000000000000000E+000 -0.000000000000000E+000 -0.000000000000000E+000  -0.491688469764561E-012 -0.341249285562687E-012 -0.304768542016518E-012
      6.24000000 -0.000000000000000E+000 -0.000000000000000E+000 -0.000000000000000E+000 -0.000000000000000E+000 -0.000000000000000E+000 -0.000000000000000E+000  0.000000000000000E+000  0.000000000000000E+000  0.000000000000000E+000 -0.000000000000000E+000 -0.000000000000000E+000 -0.000000000000000E+000  -0.510529319256209E-012 -0.343148599963465E-012 -0.302287540099619E-012
      6.32000000 -0.000000000000000E+000 -0.000000000000000E+000 -0.000000000000000E+000 -0.000000000000000E+000 -0.000000000000000E+000 -0.000000000000000E+000  0.000000000000000E+000  0.000000000000000E+000  0.000000000000000E+000 -0.000000000000000E+000 -0.000000000000000E+000 -0.000000000000000E+000  -0.525141186222723E-012 -0.342544968396152E-012 -0.300743483614583E-012
      6.40000000 -0.000000000000000E+000 -0.000000000000000E+000 -0.000000000000000E+000 -0.000000000000000E+000 -0.000000000000000E+000 -0.000000000000000E+000  0.000000000000000E+000  0.000000000000000E+000  0.000000000000000E+000 -0.000000000000000E+000 -0.000000000000000E+000 -0.000000000000000E+000  -0.535927890296318E-012 -0.340040271140385E-012 -0.300810379892516E-012
      6.48000000 -0.000000000000000E+000 -0.000000000000000E+000 -0.000000000000000E+000 -0.000000000000000E+000 -0.000000000000000E+000 -0.000000000000000E+000  0.000000000000000E+000  0.000000000000000E+000  0.000000000000000E+000 -0.000000000000000E+000 -0.000000000000000E+000 -0.000000000000000E+000  -0.543344988885518E-012 -0.335870507637523E-012 -0.303148382570100E-012
      6.56000000 -0.000000000000000E+000 -0.000000000000000E+000 -0.000000000000000E+000 -0.000000000000000E+000 -0.000000000000000E+000 -0.000000000000000E+000  0.000000000000000E+000  0.000000000000000E+000  0.000000000000000E+000 -0.000000000000000E+000 -0.000000000000000E+000 -0.000000000000000E+000  -0.547852805872842E-012 -0.329975341283750E-012 -0.308018245281490E-012
      6.64000000 -0.000000000000000E+000 -0.000000000000000E+000 -0.000000000000000E+000 -0.000000000000000E+000 -0.000000000000000E+000 -0.000000000000000E+000  0.000000000000000E+000  0.000000000000000E+000  0.000000000000000E+000 -0.000000000000000E+000 -0.000000000000000E+000 -0.000000000000000E+000  -0.549885380767310E-012 -0.322377935355756E-012 -0.315197359235075E-012
      6.72000000 -0.000000000000000E+000 -0.000000000000000E+000 -0.000000000000000E+000 -0.000000000000000E+000 -0.000000000000000E+000 -0.000000000000000E+000  0.000000000000000E+000  0.000000000000000E+000  0.000000000000000E+000 -0.000000000000000E+000 -0.000000000000000E+000 -0.000000000000000E+000  -0.549794235504676E-012 -0.313562724936737E-012 -0.324187413065690E-012
      6.80000000 -0.000000000000000E+000 -0.000000000000000E+000 -0.000000000000000E+000 -0.000000000000000E+000 -0.000000000000000E+000 -0.000000000000000E+000  0.000000000000000E+000  0.000000000000000E+000  0.000000000000000E+000 -0.000000000000000E+000 -0.000000000000000E+000 -0.000000000000000E+000  -0.547846288111171E-012 -0.304455910312300E-012 -0.334519790501004E-012
      6.88000000 -0.000000000000000E+000 -0.000000000000000E+000 -0.000000000000000E+000 -0.000000000000000E+000 -0.000000000000000E+000 -0.000000000000000E+000  0.000000000000000E+000  0.000000000000000E+000  0.000000000000000E+000 -0.000000000000000E+000 -0.000000000000000E+000 -0.000000000000000E+000  -0.544356853691389E-012 -0.296053703621397E-012 -0.345861752905956E-012
      6.96000000 -0.000000000000000E+000 -0.000000000000000E+000 -0.000000000000000E+000 -0.000000000000000E+000 -0.000000000000000E+000 -0.000000000000000E+000  0.000000000000000E+000  0.000000000000000E+000  0.000000000000000E+000 -0.000000000000000E+000 -0.000000000000000E+000 -0.000000000000000E+000  -0.539899526643985E-012 -0.289011470694034E-012 -0.357899493020082E-012
      7.04000000 -0.000000000000000E+000 -0.000000000000000E+000 -0.000000000000000E+000 -0.000000000000000E+000 -0.000000000000000E+000 -0.000000000000000E+000  0.000000000000000E+000  0.000000000000000E+000  0.000000000000000E+000 -0.000000000000000E+000 -0.000000000000000E+000 -0.000000000000000E+000  -0.535423786982602E-012 -0.283589635888150E-012 -0.370162263310671E-012
      7.12000000 -0.000000000000000E+000 -0.000000000000000E+000 -0.000000000000000E+000 -0.000000000000000E+000 -0.000000000000000E+000 -0.000000000000000E+000  0.000000000000000E+000  0.000000000000000E+000  0.000000000000000E+000 -0.000000000000000E+000 -0.000000000000000E+000 -0.000000000000000E+000  -0.532117984788276E-012 -0.279927909947443E-012 -0.382026385513019E-012
      7.20000000 -0.000000000000000E+000 -0.000000000000000E+000 -0.000000000000000E+000 -0.000000000000000E+000 -0.000000000000000E+000 -0.000000000000000E+000  0.000000000000000E+000  0.000000000000000E+000  0.000000000000000E+000 -0.000000000000000E+000 -0.000000000000000E+000 -0.000000000000000E+000  -0.531029660137808E-012 -0.278410477903950E-012 -0.392931335135078E-012
      7.28000000 -0.000000000000000E+000 -0.000000000000000E+000 -0.000000000000000E+000 -0.000000000000000E+000 -0.000000000000000E+000 -0.000000000000000E+000  0.000000000000000E+000  0.000000000000000E+000  0.000000000000000E+000 -0.000000000000000E+000 -0.000000000000000E+000 -0.000000000000000E+000  -0.532690013619071E-012 -0.279638744193023E-012 -0.402642250896797E-012
      7.36000000 -0.000000000000000E+000 -0.000000000000000E+000 -0.000000000000000E+000 -0.000000000000000E+000 -0.000000000000000E+000 -0.000000000000000E+000  0.000000000000000E+000  0.000000000000000E+000  0.000000000000000E+000 -0.000000000000000E+000 -0.000000000000000E+000 -0.000000000000000E+000  -0.537052105301340E-012 -0.284066608046390E-012 -0.411284178452626E-012
      7.44000000 -0.000000000000000E+000 -0.000000000000000E+000 -0.000000000000000E+000 -0.000000000000000E+000 -0.000000000000000E+000 -0.000000000000000E+000  0.000000000000000E+000  0.000000000000000E+000  0.000000000000000E+000 -0.000000000000000E+000 -0.000000000000000E+000 -0.000000000000000E+000  -0.543770909677851E-012 -0.291571804838368E-012 -0.419134110375928E-012
      7.52000000 -0.000000000000000E+000 -0.000000000000000E+000 -0.000000000000000E+000 -0.000000000000000E+000 -0.000000000000000E+000 -0.000000000000000E+000  0.000000000000000E+000  0.000000000000000E+000  0.000000000000000E+000 -0.000000000000000E+000 -0.000000000000000E+000 -0.000000000000000E+000  -0.552642314897806E-012 -0.301419678423962E-012 -0.426313315683584E-012
      7.60000000 -0.000000000000000E+000 -0.000000000000000E+000 -0.000000000000000E+000 -0.000000000000000E+000 -0.000000000000000E+000 -0.000000000000000E+000  0.000000000000000E+000  0.000000000000000E+000  0.000000000000000E+000 -0.000000000000000E+000 -0.000000000000000E+000 -0.000000000000000E+000  -0.563794332109374E-012 -0.312665885950238E-012 -0.432638092379723E-012
      7.68000000 -0.000000000000000E+000 -0.000000000000000E+000 -0.000000000000000E+000 -0.000000000000000E+000 -0.000000000000000E+000 -0.000000000000000E+000  0.000000000000000E+000  0.000000000000000E+000  0.000000000000000E+000 -0.000000000000000E+000 -0.000000000000000E+000 -0.000000000000000E+000  -0.577497433865492E-012 -0.324707076688362E-012 -0.437721969572726E-012
      7.76000000 -0.000000000000000E+000 -0.000000000000000E+000 -0.000000000000000E+000 -0.000000000000000E+000 -0.000000000000000E+000 -0.000000000000000E+000  0.000000000000000E+000  0.000000000000000E+000  0.000000000000000E+000 -0.000000000000000E+000 -0.000000000000000E+000 -0.000000000000000E+000  -0.593736247082856E-012 -0.337492186974764E-012 -0.441205479028413E-012
      7.84000000 -0.000000000000000E+000 -0.000000000000000E+000 -0.000000000000000E+000 -0.000000000000000E+000 -0.000000000000000E+000 -0.000000000000000E+000  0.000000000000000E+000  0.000000000000000E+000  0.000000000000000E+000 -0.000000000000000E+000 -0.000000000000000E+000 -0.000000000000000E+000  -0.611954665644243E-012 -0.351231302062072E-012 -0.442886251399618E-012
      7.92000000 -0.000000000000000E+000 -0.000000000000000E+000 -0.000000000000000E+000 -0.000000000000000E+000 -0.000000000000000E+000 -0.000000000000000E+000  0.000000000000000E+000  0.000000000000000E+000  0.000000000000000E+000 -0.000000000000000E+000 -0.000000000000000E+000 -0.000000000000000E+000  -0.631203447207179E-012 -0.365874168677646E-012 -0.442699025746684E-012
      8.00000000 -0.000000000000000E+000 -0.000000000000000E+000 -0.000000000000000E+000 -0.000000000000000E+000 -0.000000000000000E+000 -0.000000000000000E+000  0.000000000000000E+000  0.000000000000000E+000  0.000000000000000E+000 -0.000000000000000E+000 -0.000000000000000E+000 -0.000000000000000E+000  -0.650602338568678E-012 -0.380813938285783E-012 -0.440617138727295E-012
      8.08000000 -0.000000000000000E+000 -0.000000000000000E+000 -0.000000000000000E+000 -0.000000000000000E+000 -0.000000000000000E+000 -0.000000000000000E+000  0.000000000000000E+000  0.000000000000000E+000  0.000000000000000E+000 -0.000000000000000E+000 -0.000000000000000E+000 -0.000000000000000E+000  -0.669719501501492E-012 -0.395057442293767E-012 -0.436641204722683E-012
      8.16000000 -0.000000000000000E+000 -0.000000000000000E+000 -0.000000000000000E+000 -0.000000000000000E+000 -0.000000000000000E+000 -0.000000000000000E+000  0.000000000000000E+000  0.000000000000000E+000  0.000000000000000E+000 -0.000000000000000E+000 -0.000000000000000E+000 -0.000000000000000E+000  -0.688551987578048E-012 -0.407672209862454E-012 -0.430926720409982E-012
      8.24000000 -0.000000000000000E+000 -0.000000000000000E+000 -0.000000000000000E+000 -0.000000000000000E+000 -0.000000000000000E+000 -0.000000000000000E+000  0.000000000000000E+000  0.000000000000000E+000  0.000000000000000E+000 -0.000000000000000E+000 -0.000000000000000E+000 -0.000000000000000E+000  -0.707110897572950E-012 -0.418114285217161E-012 -0.423897901974776E-012
      8.32000000 -0.000000000000000E+000 -0.000000000000000E+000 -0.000000000000000E+000 -0.000000000000000E+000 -0.000000000000000E+000 -0.000000000000000E+000  0.000000000000000E+000  0.000000000000000E+000  0.000000000000000E+000 -0.000000000000000E+000 -0.000000000000000E+000 -0.000000000000000E+000  -0.724981733717447E-012 -0.426181268392048E-012 -0.416217340500853E-012
      8.40000000 -0.000000000000000E+000 -0.000000000000000E+000 -0.000000000000000E+000 -0.000000000000000E+000 -0.000000000000000E+000 -0.000000000000000E+000  0.000000000000000E+000  0.000000000000000E+000  0.000000000000000E+000 -0.000000000000000E+000 -0.000000000000000E+000 -0.000000000000000E+000  -0.741234647837372E-012 -0.431709375590599E-012 -0.408569920477226E-012
      8.48000000 -0.000000000000000E+000 -0.000000000000000E+000 -0.000000000000000E+000 -0.000000000000000E+000 -0.000000000000000E+000 -0.000000000000000E+000  0.000000000000000E+000  0.000000000000000E+000  0.000000000000000E+000 -0.000000000000000E+000 -0.000000000000000E+000 -0.000000000000000E+000  -0.754764158535793E-012 -0.434338107331708E-012 -0.401400758094138E-012
      8.56000000 -0.000000000000000E+000 -0.000000000000000E+000 -0.000000000000000E+000 -0.000000000000000E+000 -0.000000000000000E+000 -0.000000000000000E+000  0.000000000000000E+000  0.000000000000000E+000  0.000000000000000E+000 -0.000000000000000E+000 -0.000000000000000E+000 -0.000000000000000E+000  -0.764793842786804E-012 -0.433584545160358E-012 -0.394833531706631E-012
      8.64000000 -0.000000000000000E+000 -0.000000000000000E+000 -0.000000000000000E+000 -0.000000000000000E+000 -0.000000000000000E+000 -0.000000000000000E+000  0.000000000000000E+000  0.000000000000000E+000  0.000000000000000E+000 -0.000000000000000E+000 -0.000000000000000E+000 -0.000000000000000E+000  -0.771158891068360E-012 -0.429147993133193E-012 -0.388794318804361E-012
      8.72000000 -0.000000000000000E+000 -0.000000000000000E+000 -0.000000000000000E+000 -0.000000000000000E+000 -0.000000000000000E+000 -0.000000000000000E+000  0.000000000000000E+000  0.000000000000000E+000  0.000000000000000E+000 -0.000000000000000E+000 -0.000000000000000E+000 -0.000000000000000E+000  -0.774155764661027E-012 -0.421143590258285E-012 -0.383229501574335E-012
      8.80000000 -0.000000000000000E+000 -0.000000000000000E+000 -0.000000000000000E+000 -0.000000000000000E+000 -0.000000000000000E+000 -0.000000000000000E+000  0.000000000000000E+000  0.000000000000000E+000  0.000000000000000E+000 -0.000000000000000E+000 -0.000000000000000E+000 -0.000000000000000E+000  -0.774144979108165E-012 -0.410045606219569E-012 -0.378236656204295E-012
      8.88000000 -0.000000000000000E+000 -0.000000000000000E+000 -0.000000000000000E+000 -0.000000000000000E+000 -0.000000000000000E+000 -0.000000000000000E+000  0.000000000000000E+000  0.000000000000000E+000  0.000000000000000E+000 -0.000000000000000E+000 -0.000000000000000E+000 -0.000000000000000E+000  -0.771247536893624E-012 -0.396426347172702E-012 -0.373998562114376E-012
      8.96000000 -0.000000000000000E+000 -0.000000000000000E+000 -0.000000000000000E+000 -0.000000000000000E+000 -0.000000000000000E+000 -0.000000000000000E+000  0.000000000000000E+000  0.000000000000000E+000  0.000000000000000E+000 -0.000000000000000E+000 -0.000000000000000E+000 -0.000000000000000E+000  -0.765344706334772E-012 -0.380689599872471E-012 -0.370663549204574E-012
      9.04000000 -0.000000000000000E+000 -0.000000000000000E+000 -0.000000000000000E+000 -0.000000000000000E+000 -0.000000000000000E+000 -0.000000000000000E+000  0.000000000000000E+000  0.000000000000000E+000  0.000000000000000E+000 -0.000000000000000E+000 -0.000000000000000E+000 -0.000000000000000E+000  -0.756333671435310E-012 -0.363065174772835E-012 -0.368294766228092E-012
      9.12000000 -0.000000000000000E+000 -0.000000000000000E+000 -0.000000000000000E+000 -0.000000000000000E+000 -0.000000000000000E+000 -0.000000000000000E+000  0.000000000000000E+000  0.000000000000000E+000  0.000000000000000E+000 -0.000000000000000E+000 -0.000000000000000E+000 -0.000000000000000E+000  -0.744377493943228E-012 -0.343741064248401E-012 -0.366980958144419E-012
      9.20000000 -0.000000000000000E+000 -0.000000000000000E+000 -0.000000000000000E+000 -0.000000000000000E+000 -0.000000000000000E+000 -0.000000000000000E+000  0.000000000000000E+000  0.000000000000000E+000  0.000000000000000E+000 -0.000000000000000E+000 -0.000000000000000E+000 -0.000000000000000E+000  -0.729940457337727E-012 -0.323030229530578E-012 -0.366953278864512E-012
      9.28000000 -0.000000000000000E+000 -0.000000000000000E+000 -0.000000000000000E+000 -0.000000000000000E+000 -0.000000000000000E+000 -0.000000000000000E+000  0.000000000000000E+000  0.000000000000000E+000  0.000000000000000E+000 -0.000000000000000E+000 -0.000000000000000E+000 -0.000000000000000E+000  -0.713626019011051E-012 -0.301365747397008E-012 -0.368578107407507E-012
      9.36000000 -0.000000000000000E+000 -0.000000000000000E+000 -0.000000000000000E+000 -0.000000000000000E+000 -0.000000000000000E+000 -0.000000000000000E+000  0.000000000000000E+000  0.000000000000000E+000  0.000000000000000E+000 -0.000000000000000E+000 -0.000000000000000E+000 -0.000000000000000E+000  -0.695967575060470E-012 -0.279223541943833E-012 -0.372177068332310E-012
      9.44000000 -0.000000000000000E+000 -0.000000000000000E+000 -0.000000000000000E+000 -0.000000000000000E+000 -0.000000000000000E+000 -0.000000000000000E+000  0.000000000000000E+000  0.000000000000000E+000  0.000000000000000E+000 -0.000000000000000E+000 -0.000000000000000E+000 -0.000000000000000E+000  -0.677350762144267E-012 -0.257078416172028E-012 -0.377775908428843E-012
      9.52000000 -0.000000000000000E+000 -0.000000000000000E+000 -0.000000000000000E+000 -0.000000000000000E+000 -0.000000000000000E+000 -0.000000000000000E+000  0.000000000000000E+000  0.000000000000000E+000  0.000000000000000E+000 -0.000000000000000E+000 -0.000000000000000E+000 -0.000000000000000E+000  -0.658113626719667E-012 -0.235493617627709E-012 -0.385017038746694E-012
      9.60000000 -0.000000000000000E+000 -0.000000000000000E+000 -0.000000000000000E+000 -0.000000000000000E+000 -0.000000000000000E+000 -0.000000000000000E+000  0.000000000000000E+000  0.000000000000000E+000  0.000000000000000E+000 -0.000000000000000E+000 -0.000000000000000E+000 -0.000000000000000E+000  -0.638658329238199E-012 -0.215194000214146E-012 -0.393295257633182E-012
      9.68000000 -0.000000000000000E+000 -0.000000000000000E+000 -0.000000000000000E+000 -0.000000000000000E+000 -0.000000000000000E+000 -0.000000000000000E+000  0.000000000000000E+000  0.000000000000000E+000  0.000000000000000E+000 -0.000000000000000E+000 -0.000000000000000E+000 -0.000000000000000E+000  -0.619528074062207E-012 -0.196996711046486E-012 -0.401995628705563E-012
      9.76000000 -0.000000000000000E+000 -0.000000000000000E+000 -0.000000000000000E+000 -0.000000000000000E+000 -0.000000000000000E+000 -0.000000000000000E+000  0.000000000000000E+000  0.000000000000000E+000  0.000000000000000E+000 -0.000000000000000E+000 -0.000000000000000E+000 -0.000000000000000E+000  -0.601342934735142E-012 -0.181563515006306E-012 -0.410701531216805E-012
      9.84000000 -0.000000000000000E+000 -0.000000000000000E+000 -0.000000000000000E+000 -0.000000000000000E+000 -0.000000000000000E+000 -0.000000000000000E+000  0.000000000000000E+000  0.000000000000000E+000  0.000000000000000E+000 -0.000000000000000E+000 -0.000000000000000E+000 -0.000000000000000E+000  -0.584726591780464E-012 -0.169144014005693E-012 -0.419181471940829E-012
      9.92000000 -0.000000000000000E+000 -0.000000000000000E+000 -0.000000000000000E+000 -0.000000000000000E+000 -0.000000000000000E+000 -0.000000000000000E+000  0.000000000000000E+000  0.000000000000000E+000  0.000000000000000E+000 -0.000000000000000E+000 -0.000000000000000E+000 -0.000000000000000E+000  -0.570206030699128E-012 -0.159568733441589E-012 -0.427282776137821E-012
     10.00000000 -0.000000000000000E+000 -0.000000000000000E+000 -0.000000000000000E+000 -0.000000000000000E+000 -0.000000000000000E+000 -0.000000000000000E+000  0.000000000000000E+000  0.000000000000000E+000  0.000000000000000E+000 -0.000000000000000E+000 -0.000000000000000E+000 -0.000000000000000E+000  -0.558137260066297E-012 -0.152504080367773E-012 -0.434840595886910E-012
     10.08000000 -0.000000000000000E+000 -0.000000000000000E+000 -0.000000000000000E+000 -0.000000000000000E+000 -0.000000000000000E+000 -0.000000000000000E+000  0.000000000000000E+000  0.000000000000000E+000  0.000000000000000E+000 -0.000000000000000E+000 -0.000000000000000E+000 -0.000000000000000E+000  -0.548638786191095E-012 -0.147766546539317E-012 -0.441705053288331E-012
     10.16000000 -0.000000000000000E+000 -0.000000000000000E+000 -0.000000000000000E+000 -0.000000000000000E+000 -0.000000000000000E+000 -0.000000000000000E+000  0.000000000000000E+000  0.000000000000000E+000  0.000000000000000E+000 -0.000000000000000E+000 -0.000000000000000E+000 -0.000000000000000E+000  -0.541543612575151E-012 -0.145426255492425E-012 -0.447822657019344E-012
     10.24000000 -0.000000000000000E+000 -0.000000000000000E+000 -0.000000000000000E+000 -0.000000000000000E+000 -0.000000000000000E+000 -0.000000000000000E+000  0.000000000000000E+000  0.000000000000000E+000  0.000000000000000E+000 -0.000000000000000E+000 -0.000000000000000E+000 -0.000000000000000E+000  -0.536468943571433E-012 -0.145589272567267E-012 -0.453250304604514E-012
     10.32000000 -0.000000000000000E+000 -0.000000000000000E+000 -0.000000000000000E+000 -0.000000000000000E+000 -0.000000000000000E+000 -0.000000000000000E+000  0.000000000000000E+000  0.000000000000000E+000  0.000000000000000E+000 -0.000000000000000E+000 -0.000000000000000E+000 -0.000000000000000E+000  -0.532987302105739E-012 -0.148090794516116E-012 -0.458032689266730E-012
     10.40000000 -0.000000000000000E+000 -0.000000000000000E+000 -0.000000000000000E+000 -0.000000000000000E+000 -0.000000000000000E+000 -0.000000000000000E+000  0.000000000000000E+000  0.000000000000000E+000  0.000000000000000E+000 -0.000000000000000E+000 -0.000000000000000E+000 -0.000000000000000E+000  -0.530837747569233E-012 -0.152390405534579E-012 -0.462045362666626E-012
     10.48000000 -0.000000000000000E+000 -0.000000000000000E+000 -0.000000000000000E+000 -0.000000000000000E+000 -0.000000000000000E+000 -0.000000000000000E+000  0.000000000000000E+000  0.000000000000000E+000  0.000000000000000E+000 -0.000000000000000E+000 -0.000000000000000E+000 -0.000000000000000E+000  -0.530023002765010E-012 -0.157811318517643E-012 -0.464922766967821E-012
     10.56000000 -0.000000000000000E+000 -0.000000000000000E+000 -0.000000000000000E+000 -0.000000000000000E+000 -0.000000000000000E+000 -0.000000000000000E+000  0.000000000000000E+000  0.000000000000000E+000  0.000000000000000E+000 -0.000000000000000E+000 -0.000000000000000E+000 -0.000000000000000E+000  -0.530675067550760E-012 -0.163915232941365E-012 -0.466184272335580E-012
     10.64000000 -0.000000000000000E+000 -0.000000000000000E+000 -0.000000000000000E+000 -0.000000000000000E+000 -0.000000000000000E+000 -0.000000000000000E+000  0.000000000000000E+000  0.000000000000000E+000  0.000000000000000E+000 -0.000000000000000E+000 -0.000000000000000E+000 -0.000000000000000E+000  -0.532803354658540E-012 -0.170649424204680E-012 -0.465430153506726E-012
     10.72000000 -0.000000000000000E+000 -0.000000000000000E+000 -0.000000000000000E+000 -0.000000000000000E+000 -0.000000000000000E+000 -0.000000000000000E+000  0.000000000000000E+000  0.000000000000000E+000  0.000000000000000E+000 -0.000000000000000E+000 -0.000000000000000E+000 -0.000000000000000E+000  -0.536097330265141E-012 -0.178117743315403E-012 -0.462516498705116E-012
     10.80000000 -0.000000000000000E+000 -0.000000000000000E+000 -0.000000000000000E+000 -0.000000000000000E+000 -0.000000000000000E+000 -0.000000000000000E+000  0.000000000000000E+000  0.000000000000000E+000  0.000000000000000E+000 -0.000000000000000E+000 -0.000000000000000E+000 -0.000000000000000E+000  -0.539962995136438E-012 -0.186132527175140E-012 -0.457551224194765E-012
     10.88000000 -0.000000000000000E+000 -0.000000000000000E+000 -0.000000000000000E+000 -0.000000000000000E+000 -0.000000000000000E+000 -0.000000000000000E+000  0.000000000000000E+000  0.000000000000000E+000  0.000000000000000E+000 -0.000000000000000E+000 -0.000000000000000E+000 -0.000000000000000E+000  -0.543769237446584E-012 -0.193960951237845E-012 -0.450796614543453E-012
     10.96000000 -0.000000000000000E+000 -0.000000000000000E+000 -0.000000000000000E+000 -0.000000000000000E+000 -0.000000000000000E+000 -0.000000000000000E+000  0.000000000000000E+000  0.000000000000000E+000  0.000000000000000E+000 -0.000000000000000E+000 -0.000000000000000E+000 -0.000000000000000E+000  -0.547076213440345E-012 -0.200492802768774E-012 -0.442579812698364E-012
     11.04000000 -0.000000000000000E+000 -0.000000000000000E+000 -0.000000000000000E+000 -0.000000000000000E+000 -0.000000000000000E+000 -0.000000000000000E+000  0.000000000000000E+000  0.000000000000000E+000  0.000000000000000E+000 -0.000000000000000E+000 -0.000000000000000E+000 -0.000000000000000E+000  -0.549659660415853E-012 -0.204732197148382E-012 -0.433275313132675E-012
     11.12000000 -0.000000000000000E+000 -0.000000000000000E+000 -0.000000000000000E+000 -0.000000000000000E+000 -0.000000000000000E+000 -0.000000000000000E+000  0.000000000000000E+000  0.000000000000000E+000  0.000000000000000E+000 -0.000000000000000E+000 -0.000000000000000E+000 -0.000000000000000E+000  -0.551282163194605E-012 -0.206224517864890E-012 -0.423347543885877E-012
     11.20000000 -0.000000000000000E+000 -0.000000000000000E+000 -0.000000000000000E+000 -0.000000000000000E+000 -0.000000000000000E+000 -0.000000000000000E+000  0.000000000000000E+000  0.000000000000000E+000  0.000000000000000E+000 -0.000000000000000E+000 -0.000000000000000E+000 -0.000000000000000E+000  -0.551458697660421E-012 -0.205102339754505E-012 -0.413310963908271E-012
     11.28000000 -0.000000000000000E+000 -0.000000000000000E+000 -0.000000000000000E+000 -0.000000000000000E+000 -0.000000000000000E+000 -0.000000000000000E+000  0.000000000000000E+000  0.000000000000000E+000  0.000000000000000E+000 -0.000000000000000E+000 -0.000000000000000E+000 -0.000000000000000E+000  -0.549442218399733E-012 -0.201735225174406E-012 -0.403604771453239E-012
     11.36000000 -0.000000000000000E+000 -0.000000000000000E+000 -0.000000000000000E+000 -0.000000000000000E+000 -0.000000000000000E+000 -0.000000000000000E+000  0.000000000000000E+000  0.000000000000000E+000  0.000000000000000E+000 -0.000000000000000E+000 -0.000000000000000E+000 -0.000000000000000E+000  -0.544509731468137E-012 -0.196316252963425E-012 -0.394428488833354E-012
     11.44000000 -0.000000000000000E+000 -0.000000000000000E+000 -0.000000000000000E+000 -0.000000000000000E+000 -0.000000000000000E+000 -0.000000000000000E+000  0.000000000000000E+000  0.000000000000000E+000  0.000000000000000E+000 -0.000000000000000E+000 -0.000000000000000E+000 -0.000000000000000E+000  -0.536337014237078E-012 -0.188709357254750E-012 -0.385701476504257E-012
     11.52000000 -0.000000000000000E+000 -0.000000000000000E+000 -0.000000000000000E+000 -0.000000000000000E+000 -0.000000000000000E+000 -0.000000000000000E+000  0.000000000000000E+000  0.000000000000000E+000  0.000000000000000E+000 -0.000000000000000E+000 -0.000000000000000E+000 -0.000000000000000E+000  -0.525165755699593E-012 -0.178646778008658E-012 -0.377200041472164E-012
     11.60000000 -0.000000000000000E+000 -0.000000000000000E+000 -0.000000000000000E+000 -0.000000000000000E+000 -0.000000000000000E+000 -0.000000000000000E+000  0.000000000000000E+000  0.000000000000000E+000  0.000000000000000E+000 -0.000000000000000E+000 -0.000000000000000E+000 -0.000000000000000E+000  -0.511603257648128E-012 -0.166035584542550E-012 -0.368774764615451E-012
     11.68000000 -0.000000000000000E+000 -0.000000000000000E+000 -0.000000000000000E+000 -0.000000000000000E+000 -0.000000000000000E+000 -0.000000000000000E+000  0.000000000000000E+000  0.000000000000000E+000  0.000000000000000E+000 -0.000000000000000E+000 -0.000000000000000E+000 -0.000000000000000E+000  -0.496225512776698E-012 -0.151105663857065E-012 -0.360516557290173E-012
     11.76000000 -0.000000000000000E+000 -0.000000000000000E+000 -0.000000000000000E+000 -0.000000000000000E+000 -0.000000000000000E+000 -0.000000000000000E+000  0.000000000000000E+000  0.000000000000000E+000  0.000000000000000E+000 -0.000000000000000E+000 -0.000000000000000E+000 -0.000000000000000E+000  -0.479249020196893E-012 -0.134278305042895E-012 -0.352743144942976E-012
     11.84000000 -0.000000000000000E+000 -0.000000000000000E+000 -0.000000000000000E+000 -0.000000000000000E+000 -0.000000000000000E+000 -0.000000000000000E+000  0.000000000000000E+000  0.000000000000000E+000  0.000000000000000E+000 -0.000000000000000E+000 -0.000000000000000E+000 -0.000000000000000E+000  -0.460543625955416E-012 -0.115916157664481E-012 -0.345840058823597E-012
     11.92000000 -0.000000000000000E+000 -0.000000000000000E+000 -0.000000000000000E+000 -0.000000000000000E+000 -0.000000000000000E+000 -0.000000000000000E+000  0.000000000000000E+000  0.000000000000000E+000  0.000000000000000E+000 -0.000000000000000E+000 -0.000000000000000E+000 -0.000000000000000E+000  -0.439888033346062E-012 -0.961916239217217E-013 -0.340134478019292E-012
     12.00000000 -0.000000000000000E+000 -0.000000000000000E+000 -0.000000000000000E+000 -0.000000000000000E+000 -0.000000000000000E+000 -0.000000000000000E+000  0.000000000000000E+000  0.000000000000000E+000  0.000000000000000E+000 -0.000000000000000E+000 -0.000000000000000E+000 -0.000000000000000E+000  -0.417270090018509E-012 -0.751551084238105E-013 -0.335852054114991E-012
     12.08000000 -0.000000000000000E+000 -0.000000000000000E+000 -0.000000000000000E+000 -0.000000000000000E+000 -0.000000000000000E+000 -0.000000000000000E+000  0.000000000000000E+000  0.000000000000000E+000  0.000000000000000E+000 -0.000000000000000E+000 -0.000000000000000E+000 -0.000000000000000E+000  -0.392955797697567E-012 -0.529598922606642E-013 -0.333183513331198E-012
     12.16000000 -0.000000000000000E+000 -0.000000000000000E+000 -0.000000000000000E+000 -0.000000000000000E+000 -0.000000000000000E+000 -0.000000000000000E+000  0.000000000000000E+000  0.000000000000000E+000  0.000000000000000E+000 -0.000000000000000E+000 -0.000000000000000E+000 -0.000000000000000E+000  -0.367337058826572E-012 -0.299741815328587E-013 -0.332299303292227E-012
     12.24000000 -0.000000000000000E+000 -0.000000000000000E+000 -0.000000000000000E+000 -0.000000000000000E+000 -0.000000000000000E+000 -0.000000000000000E+000  0.000000000000000E+000  0.000000000000000E+000  0.000000000000000E+000 -0.000000000000000E+000 -0.000000000000000E+000 -0.000000000000000E+000  -0.340721997137653E-012 -0.676617547837578E-014 -0.333286805673727E-012
     12.32000000 -0.000000000000000E+000 -0.000000000000000E+000 -0.000000000000000E+000 -0.000000000000000E+000 -0.000000000000000E+000 -0.000000000000000E+000  0.000000000000000E+000  0.000000000000000E+000  0.000000000000000E+000 -0.000000000000000E+000 -0.000000000000000E+000 -0.000000000000000E+000  -0.313275342343528E-012  0.160533960738871E-013 -0.335994355650130E-012
     12.40000000 -0.000000000000000E+000 -0.000000000000000E+000 -0.000000000000000E+000 -0.000000000000000E+000 -0.000000000000000E+000 -0.000000000000000E+000  0.000000000000000E+000  0.000000000000000E+000  0.000000000000000E+000 -0.000000000000000E+000 -0.000000000000000E+000 -0.000000000000000E+000  -0.285165710469565E-012  0.379654018144076E-013 -0.339977006688757E-012
     12.48000000 -0.000000000000000E+000 -0.000000000000000E+000 -0.000000000000000E+000 -0.000000000000000E+000 -0.000000000000000E+000 -0.000000000000000E+000  0.000000000000000E+000  0.000000000000000E+000  0.000000000000000E+000 -0.000000000000000E+000 -0.000000000000000E+000 -0.000000000000000E+000  -0.256745643404675E-012  0.586024550685574E-013 -0.344587310396163E-012
     12.56000000 -0.000000000000000E+000 -0.000000000000000E+000 -0.000000000000000E+000 -0.000000000000000E+000 -0.000000000000000E+000 -0.000000000000000E+000  0.000000000000000E+000  0.000000000000000E+000  0.000000000000000E+000 -0.000000000000000E+000 -0.000000000000000E+000 -0.000000000000000E+000  -0.228625771090609E-012  0.777582652913120E-013 -0.349209822420809E-012
     12.64000000 -0.000000000000000E+000 -0.000000000000000E+000 -0.000000000000000E+000 -0.000000000000000E+000 -0.000000000000000E+000 -0.000000000000000E+000  0.000000000000000E+000  0.000000000000000E+000  0.000000000000000E+000 -0.000000000000000E+000 -0.000000000000000E+000 -0.000000000000000E+000  -0.201506620895365E-012  0.953962720309408E-013 -0.353461609582610E-012
     12.72000000 -0.000000000000000E+000 -0.000000000000000E+000 -0.000000000000000E+000 -0.000000000000000E+000 -0.000000000000000E+000 -0.000000000000000E+000  0.000000000000000E+000  0.000000000000000E+000  0.000000000000000E+000 -0.000000000000000E+000 -0.000000000000000E+000 -0.000000000000000E+000  -0.175957958126730E-012  0.111639632623111E-012 -0.357255793155259E-012
     12.80000000 -0.000000000000000E+000 -0.000000000000000E+000 -0.000000000000000E+000 -0.000000000000000E+000 -0.000000000000000E+000 -0.000000000000000E+000  0.000000000000000E+000  0.000000000000000E+000  0.000000000000000E+000 -0.000000000000000E+000 -0.000000000000000E+000 -0.000000000000000E+000  -0.152244098976693E-012  0.126687572981607E-012 -0.360698200305809E-012
     12.88000000 -0.000000000000000E+000 -0.000000000000000E+000 -0.000000000000000E+000 -0.000000000000000E+000 -0.000000000000000E+000 -0.000000000000000E+000  0.000000000000000E+000  0.000000000000000E+000  0.000000000000000E+000 -0.000000000000000E+000 -0.000000000000000E+000 -0.000000000000000E+000  -0.130316020942856E-012  0.140658166487605E-012 -0.363922813325507E-012
     12.96000000 -0.000000000000000E+000 -0.000000000000000E+000 -0.000000000000000E+000 -0.000000000000000E+000 -0.000000000000000E+000 -0.000000000000000E+000  0.000000000000000E+000  0.000000000000000E+000  0.000000000000000E+000 -0.000000000000000E+000 -0.000000000000000E+000 -0.000000000000000E+000  -0.109954825865350E-012  0.153438288691095E-012 -0.366979384043487E-012
     13.04000000 -0.000000000000000E+000 -0.000000000000000E+000 -0.000000000000000E+000 -0.000000000000000E+000 -0.000000000000000E+000 -0.000000000000000E+000  0.000000000000000E+000  0.000000000000000E+000  0.000000000000000E+000 -0.000000000000000E+000 -0.000000000000000E+000 -0.000000000000000E+000  -0.909044676054238E-013  0.164706539151818E-012 -0.369847607762398E-012
     13.12000000 -0.000000000000000E+000 -0.000000000000000E+000 -0.000000000000000E+000 -0.000000000000000E+000 -0.000000000000000E+000 -0.000000000000000E+000  0.000000000000000E+000  0.000000000000000E+000  0.000000000000000E+000 -0.000000000000000E+000 -0.000000000000000E+000 -0.000000000000000E+000  -0.729633829403039E-013  0.174144905561301E-012 -0.372454642158502E-012
     13.20000000 -0.000000000000000E+000 -0.000000000000000E+000 -0.000000000000000E+000 -0.000000000000000E+000 -0.000000000000000E+000 -0.000000000000000E+000  0.000000000000000E+000  0.000000000000000E+000  0.000000000000000E+000 -0.000000000000000E+000 -0.000000000000000E+000 -0.000000000000000E+000  -0.560208507347977E-013  0.181703127117722E-012 -0.374701593939197E-012
     13.28000000 -0.000000000000000E+000 -0.000000000000000E+000 -0.000000000000000E+000 -0.000000000000000E+000 -0.000000000000000E+000 -0.000000000000000E+000  0.000000000000000E+000  0.000000000000000E+000  0.000000000000000E+000 -0.000000000000000E+000 -0.000000000000000E+000 -0.000000000000000E+000  -0.400741331274468E-013  0.187706414529256E-012 -0.376404943816753E-012
     13.36000000 -0.000000000000000E+000 -0.000000000000000E+000 -0.000000000000000E+000 -0.000000000000000E+000 -0.000000000000000E+000 -0.000000000000000E+000  0.000000000000000E+000  0.000000000000000E+000  0.000000000000000E+000 -0.000000000000000E+000 -0.000000000000000E+000 -0.000000000000000E+000  -0.252147041551550E-013  0.192685745519994E-012 -0.377271931103436E-012
     13.44000000 -0.000000000000000E+000 -0.000000000000000E+000 -0.000000000000000E+000 -0.000000000000000E+000 -0.000000000000000E+000 -0.000000000000000E+000  0.000000000000000E+000  0.000000000000000E+000  0.000000000000000E+000 -0.000000000000000E+000 -0.000000000000000E+000 -0.000000000000000E+000  -0.115881731735777E-013  0.197080020438696E-012 -0.376955218582707E-012
     13.52000000 -0.000000000000000E+000 -0.000000000000000E+000 -0.000000000000000E+000 -0.000000000000000E+000 -0.000000000000000E+000 -0.000000000000000E+000  0.000000000000000E+000  0.000000000000000E+000  0.000000000000000E+000 -0.000000000000000E+000 -0.000000000000000E+000 -0.000000000000000E+000   0.706470653100607E-015  0.201049415097983E-012 -0.375172616538015E-012
     13.60000000 -0.000000000000000E+000 -0.000000000000000E+000 -0.000000000000000E+000 -0.000000000000000E+000 -0.000000000000000E+000 -0.000000000000000E+000  0.000000000000000E+000  0.000000000000000E+000  0.000000000000000E+000 -0.000000000000000E+000 -0.000000000000000E+000 -0.000000000000000E+000   0.117181793039405E-013  0.204570073787414E-012 -0.371834111091771E-012
     13.68000000 -0.000000000000000E+000 -0.000000000000000E+000 -0.000000000000000E+000 -0.000000000000000E+000 -0.000000000000000E+000 -0.000000000000000E+000  0.000000000000000E+000  0.000000000000000E+000  0.000000000000000E+000 -0.000000000000000E+000 -0.000000000000000E+000 -0.000000000000000E+000   0.216644060888337E-013  0.207717222820641E-012 -0.367085163023777E-012
     13.76000000 -0.000000000000000E+000 -0.000000000000000E+000 -0.000000000000000E+000 -0.000000000000000E+000 -0.000000000000000E+000 -0.000000000000000E+000  0.000000000000000E+000  0.000000000000000E+000  0.000000000000000E+000 -0.000000000000000E+000 -0.000000000000000E+000 -0.000000000000000E+000   0.308688014185216E-013  0.210859288903268E-012 -0.361250607336036E-012
     13.84000000 -0.000000000000000E+000 -0.000000000000000E+000 -0.000000000000000E+000 -0.000000000000000E+000 -0.000000000000000E+000 -0.000000000000000E+000  0.000000000000000E+000  0.000000000000000E+000  0.000000000000000E+000 -0.000000000000000E+000 -0.000000000000000E+000 -0.000000000000000E+000   0.396380313755462E-013  0.214550010726798E-012 -0.354737104170067E-012
     13.92000000 -0.000000000000000E+000 -0.000000000000000E+000 -0.000000000000000E+000 -0.000000000000000E+000 -0.000000000000000E+000 -0.000000000000000E+000  0.000000000000000E+000  0.000000000000000E+000  0.000000000000000E+000 -0.000000000000000E+000 -0.000000000000000E+000 -0.000000000000000E+000   0.482279501045234E-013  0.219176242167231E-012 -0.347953002211882E-012
     14.00000000 -0.000000000000000E+000 -0.000000000000000E+000 -0.000000000000000E+000 -0.000000000000000E+000 -0.000000000000000E+000 -0.000000000000000E+000  0.000000000000000E+000  0.000000000000000E+000  0.000000000000000E+000 -0.000000000000000E+000 -0.000000000000000E+000 -0.000000000000000E+000   0.568782179859539E-013  0.224658396510787E-012 -0.341264787896944E-012
     14.08000000 -0.000000000000000E+000 -0.000000000000000E+000 -0.000000000000000E+000 -0.000000000000000E+000 -0.000000000000000E+000 -0.000000000000000E+000  0.000000000000000E+000  0.000000000000000E+000  0.000000000000000E+000 -0.000000000000000E+000 -0.000000000000000E+000 -0.000000000000000E+000   0.658953477580447E-013  0.230483527168808E-012 -0.334964465983140E-012
     14.16000000 -0.000000000000000E+000 -0.000000000000000E+000 -0.000000000000000E+000 -0.000000000000000E+000 -0.000000000000000E+000 -0.000000000000000E+000  0.000000000000000E+000  0.000000000000000E+000  0.000000000000000E+000 -0.000000000000000E+000 -0.000000000000000E+000 -0.000000000000000E+000   0.756486603422167E-013  0.236082219944352E-012 -0.329223334390377E-012
     14.24000000 -0.000000000000000E+000 -0.000000000000000E+000 -0.000000000000000E+000 -0.000000000000000E+000 -0.000000000000000E+000 -0.000000000000000E+000  0.000000000000000E+000  0.000000000000000E+000  0.000000000000000E+000 -0.000000000000000E+000 -0.000000000000000E+000 -0.000000000000000E+000   0.864294296637808E-013  0.241267365133882E-012 -0.324045904604362E-012
     14.32000000  0.000000000000000E+000  0.000000000000000E+000  0.000000000000000E+000 -0.000000000000000E+000 -0.000000000000000E+000 -0.000000000000000E+000  0.000000000000000E+000  0.000000000000000E+000  0.000000000000000E+000 -0.000000000000000E+000 -0.000000000000000E+000 -0.000000000000000E+000   0.982723351338931E-013  0.246404080618593E-012 -0.319294505034789E-012
     14.40000000  0.000000000000000E+000  0.000000000000000E+000  0.000000000000000E+000 -0.000000000000000E+000 -0.000000000000000E+000 -0.000000000000000E+000  0.000000000000000E+000  0.000000000000000E+000  0.000000000000000E+000 -0.000000000000000E+000 -0.000000000000000E+000 -0.000000000000000E+000   0.110922729535773E-012  0.252168723336245E-012 -0.314777454760908E-012
     14.48000000  0.000000000000000E+000  0.000000000000000E+000  0.000000000000000E+000 -0.000000000000000E+000 -0.000000000000000E+000 -0.000000000000000E+000  0.000000000000000E+000  0.000000000000000E+000  0.000000000000000E+000 -0.000000000000000E+000 -0.000000000000000E+000 -0.000000000000000E+000   0.123979925627787E-012  0.259099795173228E-012 -0.310385024491735E-012
     14.56000000  0.000000000000000E+000  0.000000000000000E+000  0.000000000000000E+000 -0.000000000000000E+000 -0.000000000000000E+000 -0.000000000000000E+000  0.000000000000000E+000  0.000000000000000E+000  0.000000000000000E+000 -0.000000000000000E+000 -0.000000000000000E+000 -0.000000000000000E+000   0.137190658299953E-012  0.267283529103029E-012 -0.306174400872416E-012
     14.64000000  0.000000000000000E+000  0.000000000000000E+000  0.000000000000000E+000 -0.000000000000000E+000 -0.000000000000000E+000 -0.000000000000000E+000  0.000000000000000E+000  0.000000000000000E+000  0.000000000000000E+000 -0.000000000000000E+000 -0.000000000000000E+000 -0.000000000000000E+000   0.150628381998482E-012  0.276372403946103E-012 -0.302335432722807E-012
     14.72000000  0.000000000000000E+000  0.000000000000000E+000  0.000000000000000E+000 -0.000000000000000E+000 -0.000000000000000E+000 -0.000000000000000E+000  0.000000000000000E+000  0.000000000000000E+000  0.000000000000000E+000 -0.000000000000000E+000 -0.000000000000000E+000 -0.000000000000000E+000   0.164661272205280E-012  0.285885872437739E-012 -0.299086821691134E-012
     14.80000000  0.000000000000000E+000  0.000000000000000E+000  0.000000000000000E+000 -0.000000000000000E+000 -0.000000000000000E+000 -0.000000000000000E+000  0.000000000000000E+000  0.000000000000000E+000  0.000000000000000E+000 -0.000000000000000E+000 -0.000000000000000E+000 -0.000000000000000E+000   0.179697243172570E-012  0.295491602267718E-012 -0.296579098206248E-012
     14.88000000  0.000000000000000E+000  0.000000000000000E+000  0.000000000000000E+000 -0.000000000000000E+000 -0.000000000000000E+000 -0.000000000000000E+000  0.000000000000000E+000  0.000000000000000E+000  0.000000000000000E+000 -0.000000000000000E+000 -0.000000000000000E+000 -0.000000000000000E+000   0.195918575135739E-012  0.305078094285398E-012 -0.294873201457477E-012
     14.96000000  0.000000000000000E+000  0.000000000000000E+000  0.000000000000000E+000 -0.000000000000000E+000 -0.000000000000000E+000 -0.000000000000000E+000  0.000000000000000E+000  0.000000000000000E+000  0.000000000000000E+000 -0.000000000000000E+000 -0.000000000000000E+000 -0.000000000000000E+000   0.213201517961542E-012  0.314595231245358E-012 -0.293991876600955E-012
     15.04000000  0.000000000000000E+000  0.000000000000000E+000  0.000000000000000E+000 -0.000000000000000E+000 -0.000000000000000E+000 -0.000000000000000E+000  0.000000000000000E+000  0.000000000000000E+000  0.000000000000000E+000 -0.000000000000000E+000 -0.000000000000000E+000 -0.000000000000000E+000   0.231249072785837E-012  0.323882580589877E-012 -0.293966137842158E-012
     15.12000000  0.000000000000000E+000  0.000000000000000E+000  0.000000000000000E+000 -0.000000000000000E+000 -0.000000000000000E+000 -0.000000000000000E+000  0.000000000000000E+000  0.000000000000000E+000  0.000000000000000E+000 -0.000000000000000E+000 -0.000000000000000E+000 -0.000000000000000E+000   0.249792056553548E-012  0.332635112076637E-012 -0.294795463157819E-012
     15.20000000  0.000000000000000E+000  0.000000000000000E+000  0.000000000000000E+000 -0.000000000000000E+000 -0.000000000000000E+000 -0.000000000000000E+000  0.000000000000000E+000  0.000000000000000E+000  0.000000000000000E+000 -0.000000000000000E+000 -0.000000000000000E+000 -0.000000000000000E+000   0.268675957404516E-012  0.340566426172592E-012 -0.296355609002317E-012
     15.28000000  0.000000000000000E+000  0.000000000000000E+000  0.000000000000000E+000 -0.000000000000000E+000 -0.000000000000000E+000 -0.000000000000000E+000  0.000000000000000E+000  0.000000000000000E+000  0.000000000000000E+000 -0.000000000000000E+000 -0.000000000000000E+000 -0.000000000000000E+000   0.287782947910837E-012  0.347602782824569E-012 -0.298349580276098E-012
     15.36000000  0.000000000000000E+000  0.000000000000000E+000  0.000000000000000E+000 -0.000000000000000E+000 -0.000000000000000E+000 -0.000000000000000E+000  0.000000000000000E+000  0.000000000000000E+000  0.000000000000000E+000 -0.000000000000000E+000 -0.000000000000000E+000 -0.000000000000000E+000   0.306892011451866E-012  0.353968739627390E-012 -0.300353561346048E-012
     15.44000000  0.000000000000000E+000  0.000000000000000E+000  0.000000000000000E+000 -0.000000000000000E+000 -0.000000000000000E+000 -0.000000000000000E+000  0.000000000000000E+000  0.000000000000000E+000  0.000000000000000E+000 -0.000000000000000E+000 -0.000000000000000E+000 -0.000000000000000E+000   0.325636181481319E-012  0.360083315623448E-012 -0.301977565694615E-012
     15.52000000  0.000000000000000E+000  0.000000000000000E+000  0.000000000000000E+000 -0.000000000000000E+000 -0.000000000000000E+000 -0.000000000000000E+000  0.000000000000000E+000  0.000000000000000E+000  0.000000000000000E+000 -0.000000000000000E+000 -0.000000000000000E+000 -0.000000000000000E+000   0.343637121886514E-012  0.366357414401095E-012 -0.303000043635086E-012
     15.60000000  0.000000000000000E+000  0.000000000000000E+000  0.000000000000000E+000 -0.000000000000000E+000 -0.000000000000000E+000 -0.000000000000000E+000  0.000000000000000E+000  0.000000000000000E+000  0.000000000000000E+000 -0.000000000000000E+000 -0.000000000000000E+000 -0.000000000000000E+000   0.360709324671850E-012  0.372988811502741E-012 -0.303417415292512E-012
     15.68000000  0.000000000000000E+000  0.000000000000000E+000  0.000000000000000E+000 -0.000000000000000E+000 -0.000000000000000E+000 -0.000000000000000E+000  0.000000000000000E+000  0.000000000000000E+000  0.000000000000000E+000 -0.000000000000000E+000 -0.000000000000000E+000 -0.000000000000000E+000   0.376961256735501E-012  0.379896342349081E-012 -0.303347101769953E-012
     15.76000000  0.000000000000000E+000  0.000000000000000E+000  0.000000000000000E+000 -0.000000000000000E+000 -0.000000000000000E+000 -0.000000000000000E+000  0.000000000000000E+000  0.000000000000000E+000  0.000000000000000E+000 -0.000000000000000E+000 -0.000000000000000E+000 -0.000000000000000E+000   0.392711963138702E-012  0.386729842013887E-012 -0.302895824701256E-012
     15.84000000  0.000000000000000E+000  0.000000000000000E+000  0.000000000000000E+000 -0.000000000000000E+000 -0.000000000000000E+000 -0.000000000000000E+000  0.000000000000000E+000  0.000000000000000E+000  0.000000000000000E+000 -0.000000000000000E+000 -0.000000000000000E+000 -0.000000000000000E+000   0.408257132166028E-012  0.393013215739564E-012 -0.302069635540768E-012
     15.92000000  0.000000000000000E+000  0.000000000000000E+000  0.000000000000000E+000 -0.000000000000000E+000 -0.000000000000000E+000 -0.000000000000000E+000  0.000000000000000E+000  0.000000000000000E+000  0.000000000000000E+000 -0.000000000000000E+000 -0.000000000000000E+000 -0.000000000000000E+000   0.423663958251008E-012  0.398290946022252E-012 -0.300809800647467E-012
     16.00000000  0.000000000000000E+000  0.000000000000000E+000  0.000000000000000E+000 -0.000000000000000E+000 -0.000000000000000E+000 -0.000000000000000E+000  0.000000000000000E+000  0.000000000000000E+000  0.000000000000000E+000 -0.000000000000000E+000 -0.000000000000000E+000 -0.000000000000000E+000   0.438722308456197E-012  0.402315288649975E-012 -0.299081280213364E-012
     16.08000000  0.000000000000000E+000  0.000000000000000E+000  0.000000000000000E+000 -0.000000000000000E+000 -0.000000000000000E+000 -0.000000000000000E+000  0.000000000000000E+000  0.000000000000000E+000  0.000000000000000E+000 -0.000000000000000E+000 -0.000000000000000E+000 -0.000000000000000E+000   0.453036446729882E-012  0.405142721269927E-012 -0.296924677609818E-012
     16.16000000  0.000000000000000E+000  0.000000000000000E+000  0.000000000000000E+000 -0.000000000000000E+000 -0.000000000000000E+000 -0.000000000000000E+000  0.000000000000000E+000  0.000000000000000E+000  0.000000000000000E+000 -0.000000000000000E+000 -0.000000000000000E+000 -0.000000000000000E+000   0.466178347622458E-012  0.407121659528447E-012 -0.294439403133248E-012
     16.24000000  0.000000000000000E+000  0.000000000000000E+000  0.000000000000000E+000 -0.000000000000000E+000 -0.000000000000000E+000 -0.000000000000000E+000  0.000000000000000E+000  0.000000000000000E+000  0.000000000000000E+000 -0.000000000000000E+000 -0.000000000000000E+000 -0.000000000000000E+000   0.477818415430298E-012  0.408718850703981E-012 -0.291711639813564E-012
     16.32000000  0.000000000000000E+000  0.000000000000000E+000  0.000000000000000E+000 -0.000000000000000E+000 -0.000000000000000E+000 -0.000000000000000E+000  0.000000000000000E+000  0.000000000000000E+000  0.000000000000000E+000 -0.000000000000000E+000 -0.000000000000000E+000 -0.000000000000000E+000   0.487769018677572E-012  0.410299384568776E-012 -0.288763289538543E-012
     16.40000000  0.000000000000000E+000  0.000000000000000E+000  0.000000000000000E+000 -0.000000000000000E+000 -0.000000000000000E+000 -0.000000000000000E+000  0.000000000000000E+000  0.000000000000000E+000  0.000000000000000E+000 -0.000000000000000E+000 -0.000000000000000E+000 -0.000000000000000E+000   0.495998773225004E-012  0.412008284206202E-012 -0.285579671407657E-012
     16.48000000  0.000000000000000E+000  0.000000000000000E+000  0.000000000000000E+000 -0.000000000000000E+000 -0.000000000000000E+000 -0.000000000000000E+000  0.000000000000000E+000  0.000000000000000E+000  0.000000000000000E+000 -0.000000000000000E+000 -0.000000000000000E+000 -0.000000000000000E+000   0.502642656219724E-012  0.413811717238051E-012 -0.282175728336957E-012
     16.56000000  0.000000000000000E+000  0.000000000000000E+000  0.000000000000000E+000 -0.000000000000000E+000 -0.000000000000000E+000 -0.000000000000000E+000  0.000000000000000E+000  0.000000000000000E+000  0.000000000000000E+000 -0.000000000000000E+000 -0.000000000000000E+000 -0.000000000000000E+000   0.507990407390773E-012  0.415653887659049E-012 -0.278646007775341E-012
     16.64000000  0.000000000000000E+000  0.000000000000000E+000  0.000000000000000E+000 -0.000000000000000E+000 -0.000000000000000E+000 -0.000000000000000E+000  0.000000000000000E+000  0.000000000000000E+000  0.000000000000000E+000 -0.000000000000000E+000 -0.000000000000000E+000 -0.000000000000000E+000   0.512435443299938E-012  0.417555725590578E-012 -0.275170705127765E-012
     16.72000000  0.000000000000000E+000  0.000000000000000E+000  0.000000000000000E+000 -0.000000000000000E+000 -0.000000000000000E+000 -0.000000000000000E+000  0.000000000000000E+000  0.000000000000000E+000  0.000000000000000E+000 -0.000000000000000E+000 -0.000000000000000E+000 -0.000000000000000E+000   0.516375200590116E-012  0.419562553193176E-012 -0.271949691056945E-012
     16.80000000  0.000000000000000E+000  0.000000000000000E+000  0.000000000000000E+000 -0.000000000000000E+000 -0.000000000000000E+000 -0.000000000000000E+000  0.000000000000000E+000  0.000000000000000E+000  0.000000000000000E+000 -0.000000000000000E+000 -0.000000000000000E+000 -0.000000000000000E+000   0.520099592161529E-012  0.421555034190916E-012 -0.269155391856162E-012
     16.88000000  0.000000000000000E+000  0.000000000000000E+000  0.000000000000000E+000 -0.000000000000000E+000 -0.000000000000000E+000 -0.000000000000000E+000  0.000000000000000E+000  0.000000000000000E+000  0.000000000000000E+000 -0.000000000000000E+000 -0.000000000000000E+000 -0.000000000000000E+000   0.523749178049578E-012  0.423122399265851E-012 -0.266917765218041E-012
     16.96000000  0.000000000000000E+000  0.000000000000000E+000  0.000000000000000E+000 -0.000000000000000E+000 -0.000000000000000E+000 -0.000000000000000E+000  0.000000000000000E+000  0.000000000000000E+000  0.000000000000000E+000 -0.000000000000000E+000 -0.000000000000000E+000 -0.000000000000000E+000   0.527317824229887E-012  0.423683118261761E-012 -0.265335118162901E-012
     17.04000000  0.000000000000000E+000  0.000000000000000E+000  0.000000000000000E+000 -0.000000000000000E+000 -0.000000000000000E+000 -0.000000000000000E+000  0.000000000000000E+000  0.000000000000000E+000  0.000000000000000E+000 -0.000000000000000E+000 -0.000000000000000E+000 -0.000000000000000E+000   0.530721151162546E-012  0.422810254448720E-012 -0.264507297679700E-012
     17.12000000  0.000000000000000E+000  0.000000000000000E+000  0.000000000000000E+000 -0.000000000000000E+000 -0.000000000000000E+000 -0.000000000000000E+000  0.000000000000000E+000  0.000000000000000E+000  0.000000000000000E+000 -0.000000000000000E+000 -0.000000000000000E+000 -0.000000000000000E+000   0.533797083924323E-012  0.420544400406261E-012 -0.264518533226657E-012
     17.20000000  0.000000000000000E+000  0.000000000000000E+000  0.000000000000000E+000 -0.000000000000000E+000 -0.000000000000000E+000 -0.000000000000000E+000  0.000000000000000E+000  0.000000000000000E+000  0.000000000000000E+000 -0.000000000000000E+000 -0.000000000000000E+000 -0.000000000000000E+000   0.536336383291647E-012  0.417448285421821E-012 -0.265421867387282E-012
     17.28000000  0.000000000000000E+000  0.000000000000000E+000  0.000000000000000E+000 -0.000000000000000E+000 -0.000000000000000E+000 -0.000000000000000E+000  0.000000000000000E+000  0.000000000000000E+000  0.000000000000000E+000 -0.000000000000000E+000 -0.000000000000000E+000 -0.000000000000000E+000   0.538118147338410E-012  0.414314727314576E-012 -0.267229397046923E-012
     17.36000000  0.000000000000000E+000  0.000000000000000E+000  0.000000000000000E+000 -0.000000000000000E+000 -0.000000000000000E+000 -0.000000000000000E+000  0.000000000000000E+000  0.000000000000000E+000  0.000000000000000E+000 -0.000000000000000E+000 -0.000000000000000E+000 -0.000000000000000E+000   0.539039900889275E-012  0.411733400556650E-012 -0.269916363244303E-012
     17.44000000  0.000000000000000E+000  0.000000000000000E+000  0.000000000000000E+000 -0.000000000000000E+000 -0.000000000000000E+000 -0.000000000000000E+000  0.000000000000000E+000  0.000000000000000E+000  0.000000000000000E+000 -0.000000000000000E+000 -0.000000000000000E+000 -0.000000000000000E+000   0.539255106738414E-012  0.409808150132513E-012 -0.273426991808774E-012
     17.52000000  0.000000000000000E+000  0.000000000000000E+000  0.000000000000000E+000 -0.000000000000000E+000 -0.000000000000000E+000 -0.000000000000000E+000  0.000000000000000E+000  0.000000000000000E+000  0.000000000000000E+000 -0.000000000000000E+000 -0.000000000000000E+000 -0.000000000000000E+000   0.539248994046721E-012  0.408201456125716E-012 -0.277677540169204E-012
     17.60000000  0.000000000000000E+000  0.000000000000000E+000  0.000000000000000E+000 -0.000000000000000E+000 -0.000000000000000E+000 -0.000000000000000E+000  0.000000000000000E+000  0.000000000000000E+000  0.000000000000000E+000 -0.000000000000000E+000 -0.000000000000000E+000 -0.000000000000000E+000   0.539716019904892E-012  0.406453488819035E-012 -0.282529133070097E-012
     17.68000000  0.000000000000000E+000  0.000000000000000E+000  0.000000000000000E+000 -0.000000000000000E+000 -0.000000000000000E+000 -0.000000000000000E+000  0.000000000000000E+000  0.000000000000000E+000  0.000000000000000E+000 -0.000000000000000E+000 -0.000000000000000E+000 -0.000000000000000E+000   0.541301691432342E-012  0.404265511362206E-012 -0.287776261997440E-012
     17.76000000  0.000000000000000E+000  0.000000000000000E+000  0.000000000000000E+000 -0.000000000000000E+000 -0.000000000000000E+000 -0.000000000000000E+000  0.000000000000000E+000  0.000000000000000E+000  0.000000000000000E+000 -0.000000000000000E+000 -0.000000000000000E+000 -0.000000000000000E+000   0.544345004265146E-012  0.401587693371629E-012 -0.293172913447168E-012
     17.84000000  0.000000000000000E+000  0.000000000000000E+000  0.000000000000000E+000 -0.000000000000000E+000 -0.000000000000000E+000 -0.000000000000000E+000  0.000000000000000E+000  0.000000000000000E+000  0.000000000000000E+000 -0.000000000000000E+000 -0.000000000000000E+000 -0.000000000000000E+000   0.548775043048149E-012  0.398434514718680E-012 -0.298487815049199E-012
     17.92000000  0.000000000000000E+000  0.000000000000000E+000  0.000000000000000E+000 -0.000000000000000E+000 -0.000000000000000E+000 -0.000000000000000E+000  0.000000000000000E+000  0.000000000000000E+000  0.000000000000000E+000 -0.000000000000000E+000 -0.000000000000000E+000 -0.000000000000000E+000   0.554212365129927E-012  0.394700810804301E-012 -0.303565210118658E-012
     18.00000000  0.000000000000000E+000  0.000000000000000E+000  0.000000000000000E+000 -0.000000000000000E+000 -0.000000000000000E+000 -0.000000000000000E+000  0.000000000000000E+000  0.000000000000000E+000  0.000000000000000E+000 -0.000000000000000E+000 -0.000000000000000E+000 -0.000000000000000E+000   0.560188420745922E-012  0.390135832771050E-012 -0.308326682729526E-012
     18.08000000  0.000000000000000E+000  0.000000000000000E+000  0.000000000000000E+000 -0.000000000000000E+000 -0.000000000000000E+000 -0.000000000000000E+000  0.000000000000000E+000  0.000000000000000E+000  0.000000000000000E+000 -0.000000000000000E+000 -0.000000000000000E+000 -0.000000000000000E+000   0.566303941905263E-012  0.384532501266628E-012 -0.312745314551200E-012
     18.16000000  0.000000000000000E+000  0.000000000000000E+000  0.000000000000000E+000 -0.000000000000000E+000 -0.000000000000000E+000 -0.000000000000000E+000  0.000000000000000E+000  0.000000000000000E+000  0.000000000000000E+000 -0.000000000000000E+000 -0.000000000000000E+000 -0.000000000000000E+000   0.572254416624305E-012  0.377967138602579E-012 -0.316785073931481E-012
     18.24000000  0.000000000000000E+000  0.000000000000000E+000  0.000000000000000E+000 -0.000000000000000E+000 -0.000000000000000E+000 -0.000000000000000E+000  0.000000000000000E+000  0.000000000000000E+000  0.000000000000000E+000 -0.000000000000000E+000 -0.000000000000000E+000 -0.000000000000000E+000   0.577761728724799E-012  0.370882071407302E-012 -0.320389003112349E-012
     18.32000000  0.000000000000000E+000  0.000000000000000E+000  0.000000000000000E+000 -0.000000000000000E+000 -0.000000000000000E+000 -0.000000000000000E+000  0.000000000000000E+000  0.000000000000000E+000  0.000000000000000E+000 -0.000000000000000E+000 -0.000000000000000E+000 -0.000000000000000E+000   0.582548630645094E-012  0.363902936034705E-012 -0.323481006159661E-012
     18.40000000  0.000000000000000E+000  0.000000000000000E+000  0.000000000000000E+000 -0.000000000000000E+000 -0.000000000000000E+000 -0.000000000000000E+000  0.000000000000000E+000  0.000000000000000E+000  0.000000000000000E+000 -0.000000000000000E+000 -0.000000000000000E+000 -0.000000000000000E+000   0.586414442586408E-012  0.357515312254580E-012 -0.325997389207455E-012
     18.48000000  0.000000000000000E+000  0.000000000000000E+000  0.000000000000000E+000 -0.000000000000000E+000 -0.000000000000000E+000 -0.000000000000000E+000  0.000000000000000E+000  0.000000000000000E+000  0.000000000000000E+000 -0.000000000000000E+000 -0.000000000000000E+000 -0.000000000000000E+000   0.589376168201841E-012  0.351815124854137E-012 -0.327875442202853E-012
     18.56000000  0.000000000000000E+000  0.000000000000000E+000  0.000000000000000E+000 -0.000000000000000E+000 -0.000000000000000E+000 -0.000000000000000E+000  0.000000000000000E+000  0.000000000000000E+000  0.000000000000000E+000 -0.000000000000000E+000 -0.000000000000000E+000 -0.000000000000000E+000   0.591715508062105E-012  0.346476017936659E-012 -0.329020972070447E-012
     18.64000000  0.000000000000000E+000  0.000000000000000E+000  0.000000000000000E+000 -0.000000000000000E+000 -0.000000000000000E+000 -0.000000000000000E+000  0.000000000000000E+000  0.000000000000000E+000  0.000000000000000E+000 -0.000000000000000E+000 -0.000000000000000E+000 -0.000000000000000E+000   0.593867849399750E-012  0.340924492222155E-012 -0.329280420646431E-012
     18.72000000  0.000000000000000E+000  0.000000000000000E+000  0.000000000000000E+000 -0.000000000000000E+000 -0.000000000000000E+000 -0.000000000000000E+000  0.000000000000000E+000  0.000000000000000E+000  0.000000000000000E+000 -0.000000000000000E+000 -0.000000000000000E+000 -0.000000000000000E+000   0.596154512845713E-012  0.334589670844639E-012 -0.328462015655985E-012
     18.80000000  0.000000000000000E+000  0.000000000000000E+000  0.000000000000000E+000 -0.000000000000000E+000 -0.000000000000000E+000 -0.000000000000000E+000  0.000000000000000E+000  0.000000000000000E+000  0.000000000000000E+000 -0.000000000000000E+000 -0.000000000000000E+000 -0.000000000000000E+000   0.598563938596272E-012  0.327078457232549E-012 -0.326406550041206E-012
     18.88000000  0.000000000000000E+000  0.000000000000000E+000  0.000000000000000E+000 -0.000000000000000E+000 -0.000000000000000E+000 -0.000000000000000E+000  0.000000000000000E+000  0.000000000000000E+000  0.000000000000000E+000 -0.000000000000000E+000 -0.000000000000000E+000 -0.000000000000000E+000   0.600687553595802E-012  0.318236970973101E-012 -0.323079360453191E-012
     18.96000000  0.000000000000000E+000  0.000000000000000E+000  0.000000000000000E+000 -0.000000000000000E+000 -0.000000000000000E+000 -0.000000000000000E+000  0.000000000000000E+000  0.000000000000000E+000  0.000000000000000E+000 -0.000000000000000E+000 -0.000000000000000E+000 -0.000000000000000E+000   0.601840923349383E-012  0.308100780171870E-012 -0.318615626825033E-012
     19.04000000  0.000000000000000E+000  0.000000000000000E+000  0.000000000000000E+000 -0.000000000000000E+000 -0.000000000000000E+000 -0.000000000000000E+000  0.000000000000000E+000  0.000000000000000E+000  0.000000000000000E+000 -0.000000000000000E+000 -0.000000000000000E+000 -0.000000000000000E+000   0.601310173257551E-012  0.296825874918369E-012 -0.313290593956034E-012
     19.12000000  0.000000000000000E+000  0.000000000000000E+000  0.000000000000000E+000 -0.000000000000000E+000 -0.000000000000000E+000 -0.000000000000000E+000  0.000000000000000E+000  0.000000000000000E+000  0.000000000000000E+000 -0.000000000000000E+000 -0.000000000000000E+000 -0.000000000000000E+000   0.598542162445833E-012  0.284629985345404E-012 -0.307455010284011E-012
     19.20000000  0.000000000000000E+000  0.000000000000000E+000  0.000000000000000E+000 -0.000000000000000E+000 -0.000000000000000E+000 -0.000000000000000E+000  0.000000000000000E+000  0.000000000000000E+000  0.000000000000000E+000 -0.000000000000000E+000 -0.000000000000000E+000 -0.000000000000000E+000   0.593237217684724E-012  0.271762665429274E-012 -0.301459444550311E-012
     19.28000000  0.000000000000000E+000  0.000000000000000E+000  0.000000000000000E+000 -0.000000000000000E+000 -0.000000000000000E+000 -0.000000000000000E+000  0.000000000000000E+000  0.000000000000000E+000  0.000000000000000E+000 -0.000000000000000E+000 -0.000000000000000E+000 -0.000000000000000E+000   0.585343521890536E-012  0.258489694532953E-012 -0.295614939299856E-012
     19.36000000  0.000000000000000E+000  0.000000000000000E+000  0.000000000000000E+000 -0.000000000000000E+000 -0.000000000000000E+000 -0.000000000000000E+000  0.000000000000000E+000  0.000000000000000E+000  0.000000000000000E+000 -0.000000000000000E+000 -0.000000000000000E+000 -0.000000000000000E+000   0.575021574881677E-012  0.245064654243032E-012 -0.290180139995911E-012
     19.44000000  0.000000000000000E+000  0.000000000000000E+000  0.000000000000000E+000 -0.000000000000000E+000 -0.000000000000000E+000 -0.000000000000000E+000  0.000000000000000E+000  0.000000000000000E+000  0.000000000000000E+000 -0.000000000000000E+000 -0.000000000000000E+000 -0.000000000000000E+000   0.562624975142231E-012  0.231703862217822E-012 -0.285346287855011E-012
     19.52000000  0.000000000000000E+000  0.000000000000000E+000  0.000000000000000E+000 -0.000000000000000E+000 -0.000000000000000E+000 -0.000000000000000E+000  0.000000000000000E+000  0.000000000000000E+000  0.000000000000000E+000 -0.000000000000000E+000 -0.000000000000000E+000 -0.000000000000000E+000   0.548643251999765E-012  0.218522309642460E-012 -0.281203295361764E-012
     19.60000000  0.000000000000000E+000  0.000000000000000E+000  0.000000000000000E+000 -0.000000000000000E+000 -0.000000000000000E+000 -0.000000000000000E+000  0.000000000000000E+000  0.000000000000000E+000  0.000000000000000E+000 -0.000000000000000E+000 -0.000000000000000E+000 -0.000000000000000E+000   0.533629373910494E-012  0.205462504688968E-012 -0.277728763702400E-012
     19.68000000  0.000000000000000E+000  0.000000000000000E+000  0.000000000000000E+000 -0.000000000000000E+000 -0.000000000000000E+000 -0.000000000000000E+000  0.000000000000000E+000  0.000000000000000E+000  0.000000000000000E+000 -0.000000000000000E+000 -0.000000000000000E+000 -0.000000000000000E+000   0.518080610451799E-012  0.192249545888731E-012 -0.274805536801054E-012
     19.76000000  0.000000000000000E+000  0.000000000000000E+000  0.000000000000000E+000 -0.000000000000000E+000 -0.000000000000000E+000 -0.000000000000000E+000  0.000000000000000E+000  0.000000000000000E+000  0.000000000000000E+000 -0.000000000000000E+000 -0.000000000000000E+000 -0.000000000000000E+000   0.502346519195918E-012  0.178460828803004E-012 -0.272305382653556E-012
     19.84000000  0.000000000000000E+000  0.000000000000000E+000  0.000000000000000E+000 -0.000000000000000E+000 -0.000000000000000E+000 -0.000000000000000E+000  0.000000000000000E+000  0.000000000000000E+000  0.000000000000000E+000 -0.000000000000000E+000 -0.000000000000000E+000 -0.000000000000000E+000   0.486579444351585E-012  0.163695760806873E-012 -0.270188712822249E-012
     19.92000000  0.000000000000000E+000  0.000000000000000E+000  0.000000000000000E+000 -0.000000000000000E+000 -0.000000000000000E+000 -0.000000000000000E+000  0.000000000000000E+000  0.000000000000000E+000  0.000000000000000E+000 -0.000000000000000E+000 -0.000000000000000E+000 -0.000000000000000E+000   0.470754998146181E-012  0.147818500905088E-012 -0.268558545587445E-012
     20.00000000  0.000000000000000E+000  0.000000000000000E+000  0.000000000000000E+000 -0.000000000000000E+000 -0.000000000000000E+000 -0.000000000000000E+000  0.000000000000000E+000  0.000000000000000E+000  0.000000000000000E+000 -0.000000000000000E+000 -0.000000000000000E+000 -0.000000000000000E+000   0.454732405711656E-012  0.131104229898907E-012 -0.267657519372001E-012
     20.08000000  0.000000000000000E+000  0.000000000000000E+000  0.000000000000000E+000 -0.000000000000000E+000 -0.000000000000000E+000 -0.000000000000000E+000  0.000000000000000E+000  0.000000000000000E+000  0.000000000000000E+000 -0.000000000000000E+000 -0.000000000000000E+000 -0.000000000000000E+000   0.438322612556828E-012  0.114208762357569E-012 -0.267785675080461E-012
     20.16000000  0.000000000000000E+000  0.000000000000000E+000  0.000000000000000E+000 -0.000000000000000E+000 -0.000000000000000E+000 -0.000000000000000E+000  0.000000000000000E+000  0.000000000000000E+000  0.000000000000000E+000 -0.000000000000000E+000 -0.000000000000000E+000 -0.000000000000000E+000   0.421380521812345E-012  0.979147569753074E-013 -0.269223310095032E-012
     20.24000000  0.000000000000000E+000  0.000000000000000E+000  0.000000000000000E+000 -0.000000000000000E+000 -0.000000000000000E+000 -0.000000000000000E+000  0.000000000000000E+000  0.000000000000000E+000  0.000000000000000E+000 -0.000000000000000E+000 -0.000000000000000E+000 -0.000000000000000E+000   0.403904110136098E-012  0.828448248808002E-013 -0.272176985007389E-012
     20.32000000  0.000000000000000E+000  0.000000000000000E+000  0.000000000000000E+000 -0.000000000000000E+000 -0.000000000000000E+000 -0.000000000000000E+000  0.000000000000000E+000  0.000000000000000E+000  0.000000000000000E+000 -0.000000000000000E+000 -0.000000000000000E+000 -0.000000000000000E+000   0.386155339846887E-012  0.692899654351970E-013 -0.276738401235725E-012
     20.40000000  0.000000000000000E+000  0.000000000000000E+000  0.000000000000000E+000 -0.000000000000000E+000 -0.000000000000000E+000 -0.000000000000000E+000  0.000000000000000E+000  0.000000000000000E+000  0.000000000000000E+000 -0.000000000000000E+000 -0.000000000000000E+000 -0.000000000000000E+000   0.368687763665427E-012  0.572478794773628E-013 -0.282889529903358E-012
     20.48000000  0.000000000000000E+000  0.000000000000000E+000  0.000000000000000E+000 -0.000000000000000E+000 -0.000000000000000E+000 -0.000000000000000E+000  0.000000000000000E+000  0.000000000000000E+000  0.000000000000000E+000 -0.000000000000000E+000 -0.000000000000000E+000 -0.000000000000000E+000   0.352270951054450E-012  0.465960320839890E-013 -0.290475234729989E-012
     20.56000000  0.000000000000000E+000  0.000000000000000E+000  0.000000000000000E+000 -0.000000000000000E+000 -0.000000000000000E+000 -0.000000000000000E+000  0.000000000000000E+000  0.000000000000000E+000  0.000000000000000E+000 -0.000000000000000E+000 -0.000000000000000E+000 -0.000000000000000E+000   0.337669686430709E-012  0.372250912539165E-013 -0.299185651738611E-012
     20.64000000  0.000000000000000E+000  0.000000000000000E+000  0.000000000000000E+000 -0.000000000000000E+000 -0.000000000000000E+000 -0.000000000000000E+000  0.000000000000000E+000  0.000000000000000E+000  0.000000000000000E+000 -0.000000000000000E+000 -0.000000000000000E+000 -0.000000000000000E+000   0.325413698176070E-012  0.290195530647306E-013 -0.308587778690478E-012
     20.72000000  0.000000000000000E+000  0.000000000000000E+000  0.000000000000000E+000 -0.000000000000000E+000 -0.000000000000000E+000 -0.000000000000000E+000  0.000000000000000E+000  0.000000000000000E+000  0.000000000000000E+000 -0.000000000000000E+000 -0.000000000000000E+000 -0.000000000000000E+000   0.315649858540943E-012  0.217306448182271E-013 -0.318186736523415E-012
     20.80000000  0.000000000000000E+000  0.000000000000000E+000  0.000000000000000E+000 -0.000000000000000E+000 -0.000000000000000E+000 -0.000000000000000E+000  0.000000000000000E+000  0.000000000000000E+000  0.000000000000000E+000 -0.000000000000000E+000 -0.000000000000000E+000 -0.000000000000000E+000   0.308178651738046E-012  0.149089082450478E-013 -0.327549851271001E-012
     20.88000000  0.000000000000000E+000  0.000000000000000E+000  0.000000000000000E+000 -0.000000000000000E+000 -0.000000000000000E+000 -0.000000000000000E+000  0.000000000000000E+000  0.000000000000000E+000  0.000000000000000E+000 -0.000000000000000E+000 -0.000000000000000E+000 -0.000000000000000E+000   0.302597396547443E-012  0.801342308562145E-014 -0.336406406685783E-012
     20.96000000  0.000000000000000E+000  0.000000000000000E+000  0.000000000000000E+000 -0.000000000000000E+000 -0.000000000000000E+000 -0.000000000000000E+000  0.000000000000000E+000  0.000000000000000E+000  0.000000000000000E+000 -0.000000000000000E+000 -0.000000000000000E+000 -0.000000000000000E+000   0.298456861579120E-012  0.680701275631517E-015 -0.344691972045880E-012
     21.04000000  0.000000000000000E+000  0.000000000000000E+000  0.000000000000000E+000 -0.000000000000000E+000 -0.000000000000000E+000 -0.000000000000000E+000  0.000000000000000E+000  0.000000000000000E+000  0.000000000000000E+000 -0.000000000000000E+000 -0.000000000000000E+000 -0.000000000000000E+000   0.295311644784903E-012 -0.704724033517460E-014 -0.352519511178756E-012
     21.12000000  0.000000000000000E+000  0.000000000000000E+000  0.000000000000000E+000 -0.000000000000000E+000 -0.000000000000000E+000 -0.000000000000000E+000  0.000000000000000E+000  0.000000000000000E+000  0.000000000000000E+000 -0.000000000000000E+000 -0.000000000000000E+000 -0.000000000000000E+000   0.292717693847932E-012 -0.147234908505984E-013 -0.360085370086175E-012
     21.20000000  0.000000000000000E+000  0.000000000000000E+000  0.000000000000000E+000 -0.000000000000000E+000 -0.000000000000000E+000 -0.000000000000000E+000  0.000000000000000E+000  0.000000000000000E+000  0.000000000000000E+000 -0.000000000000000E+000 -0.000000000000000E+000 -0.000000000000000E+000   0.290214922556857E-012 -0.217466448313985E-013 -0.367563924617546E-012
     21.28000000  0.000000000000000E+000  0.000000000000000E+000  0.000000000000000E+000 -0.000000000000000E+000 -0.000000000000000E+000 -0.000000000000000E+000  0.000000000000000E+000  0.000000000000000E+000  0.000000000000000E+000 -0.000000000000000E+000 -0.000000000000000E+000 -0.000000000000000E+000   0.287394859500004E-012 -0.277331386540039E-013 -0.375031143212870E-012
     21.36000000  0.000000000000000E+000  0.000000000000000E+000  0.000000000000000E+000 -0.000000000000000E+000 -0.000000000000000E+000 -0.000000000000000E+000  0.000000000000000E+000  0.000000000000000E+000  0.000000000000000E+000 -0.000000000000000E+000 -0.000000000000000E+000 -0.000000000000000E+000   0.284037568996258E-012 -0.327469954605907E-013 -0.382419180917311E-012
     21.44000000  0.000000000000000E+000  0.000000000000000E+000  0.000000000000000E+000 -0.000000000000000E+000 -0.000000000000000E+000 -0.000000000000000E+000  0.000000000000000E+000  0.000000000000000E+000  0.000000000000000E+000 -0.000000000000000E+000 -0.000000000000000E+000 -0.000000000000000E+000   0.280173043290160E-012 -0.372727740639061E-013 -0.389512423047162E-012
     21.52000000  0.000000000000000E+000  0.000000000000000E+000  0.000000000000000E+000 -0.000000000000000E+000 -0.000000000000000E+000 -0.000000000000000E+000  0.000000000000000E+000  0.000000000000000E+000  0.000000000000000E+000 -0.000000000000000E+000 -0.000000000000000E+000 -0.000000000000000E+000   0.276029634684135E-012 -0.420020006951611E-013 -0.395975762788726E-012
     21.60000000  0.000000000000000E+000  0.000000000000000E+000  0.000000000000000E+000 -0.000000000000000E+000 -0.000000000000000E+000 -0.000000000000000E+000  0.000000000000000E+000  0.000000000000000E+000  0.000000000000000E+000 -0.000000000000000E+000 -0.000000000000000E+000 -0.000000000000000E+000   0.271814917448696E-012 -0.475860901207485E-013 -0.401420906184510E-012
     21.68000000  0.000000000000000E+000  0.000000000000000E+000  0.000000000000000E+000 -0.000000000000000E+000 -0.000000000000000E+000 -0.000000000000000E+000  0.000000000000000E+000  0.000000000000000E+000  0.000000000000000E+000 -0.000000000000000E+000 -0.000000000000000E+000 -0.000000000000000E+000   0.267496324610116E-012 -0.545223483090966E-013 -0.405478397289765E-012
     21.76000000  0.000000000000000E+000  0.000000000000000E+000  0.000000000000000E+000 -0.000000000000000E+000 -0.000000000000000E+000 -0.000000000000000E+000  0.000000000000000E+000  0.000000000000000E+000  0.000000000000000E+000 -0.000000000000000E+000 -0.000000000000000E+000 -0.000000000000000E+000   0.262690334206294E-012 -0.631875947447072E-013 -0.407871730418218E-012
     21.84000000  0.000000000000000E+000  0.000000000000000E+000  0.000000000000000E+000 -0.000000000000000E+000 -0.000000000000000E+000 -0.000000000000000E+000  0.000000000000000E+000  0.000000000000000E+000  0.000000000000000E+000 -0.000000000000000E+000 -0.000000000000000E+000 -0.000000000000000E+000   0.256731581402887E-012 -0.738955864934978E-013 -0.408488190707348E-012
     21.92000000  0.000000000000000E+000  0.000000000000000E+000  0.000000000000000E+000 -0.000000000000000E+000 -0.000000000000000E+000 -0.000000000000000E+000  0.000000000000000E+000  0.000000000000000E+000  0.000000000000000E+000 -0.000000000000000E+000 -0.000000000000000E+000 -0.000000000000000E+000   0.248877034844088E-012 -0.868732862219147E-013 -0.407406964067492E-012
     22.00000000  0.000000000000000E+000  0.000000000000000E+000  0.000000000000000E+000 -0.000000000000000E+000 -0.000000000000000E+000 -0.000000000000000E+000  0.000000000000000E+000  0.000000000000000E+000  0.000000000000000E+000 -0.000000000000000E+000 -0.000000000000000E+000 -0.000000000000000E+000   0.238490155920816E-012 -0.102142066767228E-012 -0.404897718684000E-012
     22.08000000  0.000000000000000E+000  0.000000000000000E+000  0.000000000000000E+000 -0.000000000000000E+000 -0.000000000000000E+000 -0.000000000000000E+000  0.000000000000000E+000  0.000000000000000E+000  0.000000000000000E+000 -0.000000000000000E+000 -0.000000000000000E+000 -0.000000000000000E+000   0.225162401192221E-012 -0.119403740156524E-012 -0.401381542618412E-012
     22.16000000 -0.000000000000000E+000 -0.000000000000000E+000  0.000000000000000E+000  0.000000000000000E+000  0.000000000000000E+000 -0.000000000000000E+000  0.000000000000000E+000  0.000000000000000E+000  0.000000000000000E+000 -0.000000000000000E+000 -0.000000000000000E+000 -0.000000000000000E+000   0.208722227538045E-012 -0.138051328854117E-012 -0.397342666662124E-012
     22.24000000 -0.000000000000000E+000 -0.000000000000000E+000  0.000000000000000E+000 -0.000000000000000E+000 -0.000000000000000E+000 -0.000000000000000E+000  0.000000000000000E+000  0.000000000000000E+000  0.000000000000000E+000 -0.000000000000000E+000 -0.000000000000000E+000 -0.000000000000000E+000   0.189209409617709E-012 -0.157344058501920E-012 -0.393237039992083E-012
     22.32000000 -0.000000000000000E+000 -0.000000000000000E+000  0.000000000000000E+000 -0.000000000000000E+000 -0.000000000000000E+000 -0.000000000000000E+000  0.000000000000000E+000  0.000000000000000E+000  0.000000000000000E+000 -0.000000000000000E+000 -0.000000000000000E+000 -0.000000000000000E+000   0.166861915502628E-012 -0.176659688156026E-012 -0.389371705651864E-012
     22.40000000 -0.000000000000000E+000 -0.000000000000000E+000  0.000000000000000E+000 -0.000000000000000E+000 -0.000000000000000E+000 -0.000000000000000E+000  0.000000000000000E+000  0.000000000000000E+000  0.000000000000000E+000 -0.000000000000000E+000 -0.000000000000000E+000 -0.000000000000000E+000   0.142099141196228E-012 -0.195711054071444E-012 -0.385832786437927E-012
     22.48000000 -0.000000000000000E+000 -0.000000000000000E+000  0.000000000000000E+000 -0.000000000000000E+000 -0.000000000000000E+000 -0.000000000000000E+000  0.000000000000000E+000  0.000000000000000E+000  0.000000000000000E+000 -0.000000000000000E+000 -0.000000000000000E+000 -0.000000000000000E+000   0.115478785237673E-012 -0.214601725664590E-012 -0.382498427061101E-012
     22.56000000 -0.000000000000000E+000 -0.000000000000000E+000  0.000000000000000E+000 -0.000000000000000E+000 -0.000000000000000E+000 -0.000000000000000E+000  0.000000000000000E+000  0.000000000000000E+000  0.000000000000000E+000 -0.000000000000000E+000 -0.000000000000000E+000 -0.000000000000000E+000   0.875979052147136E-013 -0.233708570857702E-012 -0.379112604221155E-012
     22.64000000 -0.000000000000000E+000 -0.000000000000000E+000  0.000000000000000E+000 -0.000000000000000E+000 -0.000000000000000E+000 -0.000000000000000E+000  0.000000000000000E+000  0.000000000000000E+000  0.000000000000000E+000 -0.000000000000000E+000 -0.000000000000000E+000 -0.000000000000000E+000   0.589773260008214E-013 -0.253480207914428E-012 -0.375433766709076E-012
     22.72000000 -0.000000000000000E+000 -0.000000000000000E+000  0.000000000000000E+000 -0.000000000000000E+000 -0.000000000000000E+000 -0.000000000000000E+000  0.000000000000000E+000  0.000000000000000E+000  0.000000000000000E+000 -0.000000000000000E+000 -0.000000000000000E+000 -0.000000000000000E+000   0.299808097225289E-013 -0.274207995839834E-012 -0.371355161770403E-012
     22.80000000 -0.000000000000000E+000 -0.000000000000000E+000  0.000000000000000E+000 -0.000000000000000E+000 -0.000000000000000E+000 -0.000000000000000E+000  0.000000000000000E+000  0.000000000000000E+000  0.000000000000000E+000 -0.000000000000000E+000 -0.000000000000000E+000 -0.000000000000000E+000   0.801432959910456E-015 -0.295892837382809E-012 -0.366967381523881E-012
     22.88000000 -0.000000000000000E+000 -0.000000000000000E+000  0.000000000000000E+000 -0.000000000000000E+000 -0.000000000000000E+000 -0.000000000000000E+000  0.000000000000000E+000  0.000000000000000E+000  0.000000000000000E+000 -0.000000000000000E+000 -0.000000000000000E+000 -0.000000000000000E+000  -0.284892983930586E-013 -0.318208065189486E-012 -0.362518630967412E-012
     22.96000000 -0.000000000000000E+000 -0.000000000000000E+000  0.000000000000000E+000 -0.000000000000000E+000 -0.000000000000000E+000 -0.000000000000000E+000  0.000000000000000E+000  0.000000000000000E+000  0.000000000000000E+000 -0.000000000000000E+000 -0.000000000000000E+000 -0.000000000000000E+000  -0.578553599623883E-013 -0.340570273082523E-012 -0.358359254974670E-012
     23.04000000 -0.000000000000000E+000 -0.000000000000000E+000  0.000000000000000E+000 -0.000000000000000E+000 -0.000000000000000E+000 -0.000000000000000E+000  0.000000000000000E+000  0.000000000000000E+000  0.000000000000000E+000 -0.000000000000000E+000 -0.000000000000000E+000 -0.000000000000000E+000  -0.872213735959275E-013 -0.362271068459688E-012 -0.354854628673892E-012
     23.12000000 -0.000000000000000E+000 -0.000000000000000E+000  0.000000000000000E+000 -0.000000000000000E+000 -0.000000000000000E+000 -0.000000000000000E+000  0.000000000000000E+000  0.000000000000000E+000  0.000000000000000E+000 -0.000000000000000E+000 -0.000000000000000E+000 -0.000000000000000E+000  -0.116409511816380E-012 -0.382602602576650E-012 -0.352355294705260E-012
     23.20000000 -0.000000000000000E+000 -0.000000000000000E+000  0.000000000000000E+000 -0.000000000000000E+000 -0.000000000000000E+000 -0.000000000000000E+000  0.000000000000000E+000  0.000000000000000E+000  0.000000000000000E+000 -0.000000000000000E+000 -0.000000000000000E+000 -0.000000000000000E+000  -0.145074761163669E-012 -0.400954017106474E-012 -0.351178089068085E-012
     23.28000000 -0.000000000000000E+000 -0.000000000000000E+000  0.000000000000000E+000 -0.000000000000000E+000 -0.000000000000000E+000 -0.000000000000000E+000  0.000000000000000E+000  0.000000000000000E+000  0.000000000000000E+000 -0.000000000000000E+000 -0.000000000000000E+000 -0.000000000000000E+000  -0.172696027470590E-012 -0.416860420463045E-012 -0.351558547657101E-012
     23.36000000 -0.000000000000000E+000 -0.000000000000000E+000  0.000000000000000E+000 -0.000000000000000E+000 -0.000000000000000E+000 -0.000000000000000E+000  0.000000000000000E+000  0.000000000000000E+000  0.000000000000000E+000 -0.000000000000000E+000 -0.000000000000000E+000 -0.000000000000000E+000  -0.198624160999595E-012 -0.430057011826041E-012 -0.353585335120527E-012
     23.44000000 -0.000000000000000E+000 -0.000000000000000E+000  0.000000000000000E+000 -0.000000000000000E+000 -0.000000000000000E+000 -0.000000000000000E+000  0.000000000000000E+000  0.000000000000000E+000  0.000000000000000E+000 -0.000000000000000E+000 -0.000000000000000E+000 -0.000000000000000E+000  -0.222205061074186E-012 -0.440538945916032E-012 -0.357129461516565E-012
     23.52000000 -0.000000000000000E+000 -0.000000000000000E+000  0.000000000000000E+000 -0.000000000000000E+000 -0.000000000000000E+000 -0.000000000000000E+000  0.000000000000000E+000  0.000000000000000E+000  0.000000000000000E+000 -0.000000000000000E+000 -0.000000000000000E+000 -0.000000000000000E+000  -0.242966476082111E-012 -0.448627790070141E-012 -0.361845528142006E-012
     23.60000000 -0.000000000000000E+000 -0.000000000000000E+000  0.000000000000000E+000 -0.000000000000000E+000 -0.000000000000000E+000 -0.000000000000000E+000  0.000000000000000E+000  0.000000000000000E+000  0.000000000000000E+000 -0.000000000000000E+000 -0.000000000000000E+000 -0.000000000000000E+000  -0.260735493344949E-012 -0.454971305142855E-012 -0.367269164179138E-012
     23.68000000 -0.000000000000000E+000 -0.000000000000000E+000  0.000000000000000E+000 -0.000000000000000E+000 -0.000000000000000E+000 -0.000000000000000E+000  0.000000000000000E+000  0.000000000000000E+000  0.000000000000000E+000 -0.000000000000000E+000 -0.000000000000000E+000 -0.000000000000000E+000  -0.275650618184397E-012 -0.460409881084367E-012 -0.372969359108763E-012
     23.76000000 -0.000000000000000E+000 -0.000000000000000E+000  0.000000000000000E+000 -0.000000000000000E+000 -0.000000000000000E+000 -0.000000000000000E+000  0.000000000000000E+000  0.000000000000000E+000  0.000000000000000E+000 -0.000000000000000E+000 -0.000000000000000E+000 -0.000000000000000E+000  -0.288066784259439E-012 -0.465689544108011E-012 -0.378707954873111E-012
     23.84000000 -0.000000000000000E+000 -0.000000000000000E+000  0.000000000000000E+000 -0.000000000000000E+000 -0.000000000000000E+000 -0.000000000000000E+000  0.000000000000000E+000  0.000000000000000E+000  0.000000000000000E+000 -0.000000000000000E+000 -0.000000000000000E+000 -0.000000000000000E+000  -0.298410249669749E-012 -0.471186866239182E-012 -0.384487865767467E-012
     23.92000000 -0.000000000000000E+000 -0.000000000000000E+000  0.000000000000000E+000 -0.000000000000000E+000 -0.000000000000000E+000 -0.000000000000000E+000  0.000000000000000E+000  0.000000000000000E+000  0.000000000000000E+000 -0.000000000000000E+000 -0.000000000000000E+000 -0.000000000000000E+000  -0.307072723107720E-012 -0.476753822509744E-012 -0.390499819016226E-012
     24.00000000 -0.000000000000000E+000 -0.000000000000000E+000  0.000000000000000E+000 -0.000000000000000E+000 -0.000000000000000E+000 -0.000000000000000E+000  0.000000000000000E+000  0.000000000000000E+000  0.000000000000000E+000 -0.000000000000000E+000 -0.000000000000000E+000 -0.000000000000000E+000  -0.314399331724071E-012 -0.481818778116082E-012 -0.396985203198073E-012
     24.08000000 -0.000000000000000E+000 -0.000000000000000E+000  0.000000000000000E+000 -0.000000000000000E+000 -0.000000000000000E+000 -0.000000000000000E+000  0.000000000000000E+000  0.000000000000000E+000  0.000000000000000E+000 -0.000000000000000E+000 -0.000000000000000E+000 -0.000000000000000E+000  -0.320708635449762E-012 -0.485686375477363E-012 -0.404099029106948E-012
     24.16000000 -0.000000000000000E+000 -0.000000000000000E+000  0.000000000000000E+000 -0.000000000000000E+000 -0.000000000000000E+000 -0.000000000000000E+000  0.000000000000000E+000  0.000000000000000E+000  0.000000000000000E+000 -0.000000000000000E+000 -0.000000000000000E+000 -0.000000000000000E+000  -0.326300103724440E-012 -0.487890527122435E-012 -0.411851295496217E-012
     24.24000000 -0.000000000000000E+000 -0.000000000000000E+000  0.000000000000000E+000 -0.000000000000000E+000 -0.000000000000000E+000 -0.000000000000000E+000  0.000000000000000E+000  0.000000000000000E+000  0.000000000000000E+000 -0.000000000000000E+000 -0.000000000000000E+000 -0.000000000000000E+000  -0.331435027012921E-012 -0.488380252459702E-012 -0.420128371954860E-012
     24.32000000 -0.000000000000000E+000 -0.000000000000000E+000  0.000000000000000E+000 -0.000000000000000E+000 -0.000000000000000E+000 -0.000000000000000E+000  0.000000000000000E+000  0.000000000000000E+000  0.000000000000000E+000 -0.000000000000000E+000 -0.000000000000000E+000 -0.000000000000000E+000  -0.336280693694856E-012 -0.487494348354837E-012 -0.428729596754131E-012
     24.40000000 -0.000000000000000E+000 -0.000000000000000E+000  0.000000000000000E+000 -0.000000000000000E+000 -0.000000000000000E+000 -0.000000000000000E+000  0.000000000000000E+000  0.000000000000000E+000  0.000000000000000E+000 -0.000000000000000E+000 -0.000000000000000E+000 -0.000000000000000E+000  -0.340950316813624E-012 -0.485798306050118E-012 -0.437403527347976E-012
     24.48000000 -0.000000000000000E+000 -0.000000000000000E+000  0.000000000000000E+000 -0.000000000000000E+000 -0.000000000000000E+000 -0.000000000000000E+000  0.000000000000000E+000  0.000000000000000E+000  0.000000000000000E+000 -0.000000000000000E+000 -0.000000000000000E+000 -0.000000000000000E+000  -0.345565808629203E-012 -0.483922796161344E-012 -0.445871551887011E-012
     24.56000000 -0.000000000000000E+000 -0.000000000000000E+000  0.000000000000000E+000 -0.000000000000000E+000 -0.000000000000000E+000 -0.000000000000000E+000  0.000000000000000E+000  0.000000000000000E+000  0.000000000000000E+000 -0.000000000000000E+000 -0.000000000000000E+000 -0.000000000000000E+000  -0.350384800173104E-012 -0.482498168059225E-012 -0.453822135919774E-012
     24.64000000 -0.000000000000000E+000 -0.000000000000000E+000  0.000000000000000E+000 -0.000000000000000E+000 -0.000000000000000E+000 -0.000000000000000E+000  0.000000000000000E+000  0.000000000000000E+000  0.000000000000000E+000 -0.000000000000000E+000 -0.000000000000000E+000 -0.000000000000000E+000  -0.355833716692837E-012 -0.482161959224292E-012 -0.460943265134949E-012
     24.72000000 -0.000000000000000E+000 -0.000000000000000E+000  0.000000000000000E+000 -0.000000000000000E+000 -0.000000000000000E+000 -0.000000000000000E+000  0.000000000000000E+000  0.000000000000000E+000  0.000000000000000E+000 -0.000000000000000E+000 -0.000000000000000E+000 -0.000000000000000E+000  -0.362462432150914E-012 -0.483511354487467E-012 -0.466988429102476E-012
     24.80000000 -0.000000000000000E+000 -0.000000000000000E+000  0.000000000000000E+000 -0.000000000000000E+000 -0.000000000000000E+000 -0.000000000000000E+000  0.000000000000000E+000  0.000000000000000E+000  0.000000000000000E+000 -0.000000000000000E+000 -0.000000000000000E+000 -0.000000000000000E+000  -0.370793370368039E-012 -0.486948097434584E-012 -0.471857472638891E-012
     24.88000000 -0.000000000000000E+000 -0.000000000000000E+000  0.000000000000000E+000 -0.000000000000000E+000 -0.000000000000000E+000 -0.000000000000000E+000  0.000000000000000E+000  0.000000000000000E+000  0.000000000000000E+000 -0.000000000000000E+000 -0.000000000000000E+000 -0.000000000000000E+000  -0.381183347047658E-012 -0.492457400501706E-012 -0.475635109077828E-012
     24.96000000 -0.000000000000000E+000 -0.000000000000000E+000  0.000000000000000E+000 -0.000000000000000E+000 -0.000000000000000E+000 -0.000000000000000E+000  0.000000000000000E+000  0.000000000000000E+000  0.000000000000000E+000 -0.000000000000000E+000 -0.000000000000000E+000 -0.000000000000000E+000  -0.393748620536197E-012 -0.499500147170238E-012 -0.478564488826504E-012
     25.04000000 -0.000000000000000E+000 -0.000000000000000E+000  0.000000000000000E+000 -0.000000000000000E+000 -0.000000000000000E+000 -0.000000000000000E+000  0.000000000000000E+000  0.000000000000000E+000  0.000000000000000E+000 -0.000000000000000E+000 -0.000000000000000E+000 -0.000000000000000E+000  -0.408380733472446E-012 -0.507117932836428E-012 -0.480950572858765E-012
     25.12000000 -0.000000000000000E+000 -0.000000000000000E+000  0.000000000000000E+000 -0.000000000000000E+000 -0.000000000000000E+000 -0.000000000000000E+000  0.000000000000000E+000  0.000000000000000E+000  0.000000000000000E+000 -0.000000000000000E+000 -0.000000000000000E+000 -0.000000000000000E+000  -0.424813945143227E-012 -0.514271310289971E-012 -0.483020352953894E-012
     25.20000000 -0.000000000000000E+000 -0.000000000000000E+000  0.000000000000000E+000 -0.000000000000000E+000 -0.000000000000000E+000 -0.000000000000000E+000  0.000000000000000E+000  0.000000000000000E+000  0.000000000000000E+000 -0.000000000000000E+000 -0.000000000000000E+000 -0.000000000000000E+000  -0.442710350137986E-012 -0.520234834335856E-012 -0.484843407786310E-012
     25.28000000 -0.000000000000000E+000 -0.000000000000000E+000  0.000000000000000E+000 -0.000000000000000E+000 -0.000000000000000E+000 -0.000000000000000E+000  0.000000000000000E+000  0.000000000000000E+000  0.000000000000000E+000 -0.000000000000000E+000 -0.000000000000000E+000 -0.000000000000000E+000  -0.461716619015401E-012 -0.524854981444514E-012 -0.486322825744048E-012
     25.36000000 -0.000000000000000E+000 -0.000000000000000E+000  0.000000000000000E+000 -0.000000000000000E+000 -0.000000000000000E+000 -0.000000000000000E+000  0.000000000000000E+000  0.000000000000000E+000  0.000000000000000E+000 -0.000000000000000E+000 -0.000000000000000E+000 -0.000000000000000E+000  -0.481512435537383E-012 -0.528532858233000E-012 -0.487268626497543E-012
     25.44000000 -0.000000000000000E+000 -0.000000000000000E+000  0.000000000000000E+000 -0.000000000000000E+000 -0.000000000000000E+000 -0.000000000000000E+000  0.000000000000000E+000  0.000000000000000E+000  0.000000000000000E+000 -0.000000000000000E+000 -0.000000000000000E+000 -0.000000000000000E+000  -0.501849816565921E-012 -0.531990661556345E-012 -0.487518969783061E-012
     25.52000000 -0.000000000000000E+000 -0.000000000000000E+000  0.000000000000000E+000 -0.000000000000000E+000 -0.000000000000000E+000 -0.000000000000000E+000  0.000000000000000E+000  0.000000000000000E+000  0.000000000000000E+000 -0.000000000000000E+000 -0.000000000000000E+000 -0.000000000000000E+000  -0.522556332796064E-012 -0.535950411082833E-012 -0.487029619148073E-012
     25.60000000 -0.000000000000000E+000 -0.000000000000000E+000  0.000000000000000E+000 -0.000000000000000E+000 -0.000000000000000E+000 -0.000000000000000E+000  0.000000000000000E+000  0.000000000000000E+000  0.000000000000000E+000 -0.000000000000000E+000 -0.000000000000000E+000 -0.000000000000000E+000  -0.543519414176552E-012 -0.540896991136835E-012 -0.485892530999061E-012
     25.68000000 -0.000000000000000E+000 -0.000000000000000E+000  0.000000000000000E+000 -0.000000000000000E+000 -0.000000000000000E+000 -0.000000000000000E+000  0.000000000000000E+000  0.000000000000000E+000  0.000000000000000E+000 -0.000000000000000E+000 -0.000000000000000E+000 -0.000000000000000E+000  -0.564617832599058E-012 -0.546969600226717E-012 -0.484274192610737E-012
     25.76000000 -0.000000000000000E+000 -0.000000000000000E+000  0.000000000000000E+000 -0.000000000000000E+000 -0.000000000000000E+000 -0.000000000000000E+000  0.000000000000000E+000  0.000000000000000E+000  0.000000000000000E+000 -0.000000000000000E+000 -0.000000000000000E+000 -0.000000000000000E+000  -0.585651709871683E-012 -0.553983214985209E-012 -0.482348185754807E-012
     25.84000000 -0.000000000000000E+000 -0.000000000000000E+000  0.000000000000000E+000 -0.000000000000000E+000 -0.000000000000000E+000 -0.000000000000000E+000  0.000000000000000E+000  0.000000000000000E+000  0.000000000000000E+000 -0.000000000000000E+000 -0.000000000000000E+000 -0.000000000000000E+000  -0.606305230199245E-012 -0.561490834667875E-012 -0.480252177002122E-012
     25.92000000 -0.000000000000000E+000 -0.000000000000000E+000  0.000000000000000E+000 -0.000000000000000E+000 -0.000000000000000E+000 -0.000000000000000E+000  0.000000000000000E+000  0.000000000000000E+000  0.000000000000000E+000 -0.000000000000000E+000 -0.000000000000000E+000 -0.000000000000000E+000  -0.626179904108267E-012 -0.568849013645264E-012 -0.478095552312977E-012
     26.00000000 -0.000000000000000E+000 -0.000000000000000E+000  0.000000000000000E+000 -0.000000000000000E+000 -0.000000000000000E+000 -0.000000000000000E+000  0.000000000000000E+000  0.000000000000000E+000  0.000000000000000E+000 -0.000000000000000E+000 -0.000000000000000E+000 -0.000000000000000E+000  -0.644847148738718E-012 -0.575298737363573E-012 -0.476008126827490E-012
     26.08000000 -0.000000000000000E+000 -0.000000000000000E+000  0.000000000000000E+000 -0.000000000000000E+000 -0.000000000000000E+000 -0.000000000000000E+000  0.000000000000000E+000  0.000000000000000E+000  0.000000000000000E+000 -0.000000000000000E+000 -0.000000000000000E+000 -0.000000000000000E+000  -0.661900557933479E-012 -0.580086861019094E-012 -0.474167065203993E-012
     26.16000000 -0.000000000000000E+000 -0.000000000000000E+000  0.000000000000000E+000 -0.000000000000000E+000 -0.000000000000000E+000 -0.000000000000000E+000  0.000000000000000E+000  0.000000000000000E+000  0.000000000000000E+000 -0.000000000000000E+000 -0.000000000000000E+000 -0.000000000000000E+000  -0.676995604366642E-012 -0.582643023996736E-012 -0.472755776302213E-012
     26.24000000 -0.000000000000000E+000 -0.000000000000000E+000  0.000000000000000E+000 -0.000000000000000E+000 -0.000000000000000E+000 -0.000000000000000E+000  0.000000000000000E+000  0.000000000000000E+000  0.000000000000000E+000 -0.000000000000000E+000 -0.000000000000000E+000 -0.000000000000000E+000  -0.689876446191257E-012 -0.582749982046888E-012 -0.471893826540069E-012
     26.32000000 -0.000000000000000E+000 -0.000000000000000E+000  0.000000000000000E+000 -0.000000000000000E+000 -0.000000000000000E+000 -0.000000000000000E+000  0.000000000000000E+000  0.000000000000000E+000  0.000000000000000E+000 -0.000000000000000E+000 -0.000000000000000E+000 -0.000000000000000E+000  -0.700420224227252E-012 -0.580670965402557E-012 -0.471563103717934E-012
     26.40000000 -0.000000000000000E+000 -0.000000000000000E+000  0.000000000000000E+000 -0.000000000000000E+000 -0.000000000000000E+000 -0.000000000000000E+000  0.000000000000000E+000  0.000000000000000E+000  0.000000000000000E+000 -0.000000000000000E+000 -0.000000000000000E+000 -0.000000000000000E+000  -0.708703193274507E-012 -0.577124349608058E-012 -0.471631463668800E-012
     26.48000000 -0.000000000000000E+000 -0.000000000000000E+000  0.000000000000000E+000 -0.000000000000000E+000 -0.000000000000000E+000 -0.000000000000000E+000  0.000000000000000E+000  0.000000000000000E+000  0.000000000000000E+000 -0.000000000000000E+000 -0.000000000000000E+000 -0.000000000000000E+000  -0.715025836451510E-012 -0.573101533647422E-012 -0.471941424019332E-012
     26.56000000 -0.000000000000000E+000 -0.000000000000000E+000  0.000000000000000E+000 -0.000000000000000E+000 -0.000000000000000E+000 -0.000000000000000E+000  0.000000000000000E+000  0.000000000000000E+000  0.000000000000000E+000 -0.000000000000000E+000 -0.000000000000000E+000 -0.000000000000000E+000  -0.719852082362030E-012 -0.569558350406885E-012 -0.472438482528654E-012
     26.64000000 -0.000000000000000E+000 -0.000000000000000E+000  0.000000000000000E+000 -0.000000000000000E+000 -0.000000000000000E+000 -0.000000000000000E+000  0.000000000000000E+000  0.000000000000000E+000  0.000000000000000E+000 -0.000000000000000E+000 -0.000000000000000E+000 -0.000000000000000E+000  -0.723677555708210E-012 -0.567091303326421E-012 -0.473222845578666E-012
     26.72000000 -0.000000000000000E+000 -0.000000000000000E+000  0.000000000000000E+000 -0.000000000000000E+000 -0.000000000000000E+000 -0.000000000000000E+000  0.000000000000000E+000  0.000000000000000E+000  0.000000000000000E+000 -0.000000000000000E+000 -0.000000000000000E+000 -0.000000000000000E+000  -0.726853749312970E-012 -0.565741781572992E-012 -0.474513814140462E-012
     26.80000000 -0.000000000000000E+000 -0.000000000000000E+000  0.000000000000000E+000 -0.000000000000000E+000 -0.000000000000000E+000 -0.000000000000000E+000  0.000000000000000E+000  0.000000000000000E+000  0.000000000000000E+000 -0.000000000000000E+000 -0.000000000000000E+000 -0.000000000000000E+000  -0.729494838198145E-012 -0.564994638029087E-012 -0.476513060860926E-012
     26.88000000 -0.000000000000000E+000 -0.000000000000000E+000  0.000000000000000E+000 -0.000000000000000E+000 -0.000000000000000E+000 -0.000000000000000E+000  0.000000000000000E+000  0.000000000000000E+000  0.000000000000000E+000 -0.000000000000000E+000 -0.000000000000000E+000 -0.000000000000000E+000  -0.731523892447224E-012 -0.564003588650064E-012 -0.479278557427884E-012
     26.96000000 -0.000000000000000E+000 -0.000000000000000E+000  0.000000000000000E+000 -0.000000000000000E+000 -0.000000000000000E+000 -0.000000000000000E+000  0.000000000000000E+000  0.000000000000000E+000  0.000000000000000E+000 -0.000000000000000E+000 -0.000000000000000E+000 -0.000000000000000E+000  -0.732813401602624E-012 -0.561919069428734E-012 -0.482695020022003E-012
     27.04000000 -0.000000000000000E+000 -0.000000000000000E+000  0.000000000000000E+000 -0.000000000000000E+000 -0.000000000000000E+000 -0.000000000000000E+000  0.000000000000000E+000  0.000000000000000E+000  0.000000000000000E+000 -0.000000000000000E+000 -0.000000000000000E+000 -0.000000000000000E+000  -0.733352896337117E-012 -0.558185029963822E-012 -0.486546785772811E-012
     27.12000000 -0.000000000000000E+000 -0.000000000000000E+000  0.000000000000000E+000 -0.000000000000000E+000 -0.000000000000000E+000 -0.000000000000000E+000  0.000000000000000E+000  0.000000000000000E+000  0.000000000000000E+000 -0.000000000000000E+000 -0.000000000000000E+000 -0.000000000000000E+000  -0.733335263746369E-012 -0.552678984773644E-012 -0.490636367254590E-012
     27.20000000 -0.000000000000000E+000 -0.000000000000000E+000  0.000000000000000E+000 -0.000000000000000E+000 -0.000000000000000E+000 -0.000000000000000E+000  0.000000000000000E+000  0.000000000000000E+000  0.000000000000000E+000 -0.000000000000000E+000 -0.000000000000000E+000 -0.000000000000000E+000  -0.733139893526559E-012 -0.545678897445037E-012 -0.494875870807334E-012
     27.28000000 -0.000000000000000E+000 -0.000000000000000E+000  0.000000000000000E+000 -0.000000000000000E+000 -0.000000000000000E+000 -0.000000000000000E+000  0.000000000000000E+000  0.000000000000000E+000  0.000000000000000E+000 -0.000000000000000E+000 -0.000000000000000E+000 -0.000000000000000E+000  -0.733231896864940E-012 -0.537709647315844E-012 -0.499290473010933E-012
     27.36000000 -0.000000000000000E+000 -0.000000000000000E+000  0.000000000000000E+000 -0.000000000000000E+000 -0.000000000000000E+000 -0.000000000000000E+000  0.000000000000000E+000  0.000000000000000E+000  0.000000000000000E+000 -0.000000000000000E+000 -0.000000000000000E+000 -0.000000000000000E+000  -0.734088872849618E-012 -0.529407493662508E-012 -0.503933131118170E-012
     27.44000000 -0.000000000000000E+000 -0.000000000000000E+000  0.000000000000000E+000 -0.000000000000000E+000 -0.000000000000000E+000 -0.000000000000000E+000  0.000000000000000E+000  0.000000000000000E+000  0.000000000000000E+000 -0.000000000000000E+000 -0.000000000000000E+000 -0.000000000000000E+000  -0.736136012946187E-012 -0.521410891521842E-012 -0.508808880645800E-012
     27.52000000 -0.000000000000000E+000 -0.000000000000000E+000  0.000000000000000E+000 -0.000000000000000E+000 -0.000000000000000E+000 -0.000000000000000E+000  0.000000000000000E+000  0.000000000000000E+000  0.000000000000000E+000 -0.000000000000000E+000 -0.000000000000000E+000 -0.000000000000000E+000  -0.739718861422038E-012 -0.514300255476304E-012 -0.513845107153322E-012
     27.60000000 -0.000000000000000E+000 -0.000000000000000E+000  0.000000000000000E+000 -0.000000000000000E+000 -0.000000000000000E+000 -0.000000000000000E+000  0.000000000000000E+000  0.000000000000000E+000  0.000000000000000E+000 -0.000000000000000E+000 -0.000000000000000E+000 -0.000000000000000E+000  -0.745057434520529E-012 -0.508477303763482E-012 -0.518960847843504E-012
     27.68000000 -0.000000000000000E+000 -0.000000000000000E+000  0.000000000000000E+000 -0.000000000000000E+000 -0.000000000000000E+000 -0.000000000000000E+000  0.000000000000000E+000  0.000000000000000E+000  0.000000000000000E+000 -0.000000000000000E+000 -0.000000000000000E+000 -0.000000000000000E+000  -0.752194798659346E-012 -0.504015444148661E-012 -0.524121576900499E-012
     27.76000000 -0.000000000000000E+000 -0.000000000000000E+000  0.000000000000000E+000 -0.000000000000000E+000 -0.000000000000000E+000 -0.000000000000000E+000  0.000000000000000E+000  0.000000000000000E+000  0.000000000000000E+000 -0.000000000000000E+000 -0.000000000000000E+000 -0.000000000000000E+000  -0.760933204397245E-012 -0.500530073981190E-012 -0.529378161476233E-012
     27.84000000 -0.000000000000000E+000 -0.000000000000000E+000  0.000000000000000E+000 -0.000000000000000E+000 -0.000000000000000E+000 -0.000000000000000E+000  0.000000000000000E+000  0.000000000000000E+000  0.000000000000000E+000 -0.000000000000000E+000 -0.000000000000000E+000 -0.000000000000000E+000  -0.770845453239749E-012 -0.497198532275150E-012 -0.534812423698547E-012
     27.92000000 -0.000000000000000E+000 -0.000000000000000E+000  0.000000000000000E+000 -0.000000000000000E+000 -0.000000000000000E+000 -0.000000000000000E+000  0.000000000000000E+000  0.000000000000000E+000  0.000000000000000E+000 -0.000000000000000E+000 -0.000000000000000E+000 -0.000000000000000E+000  -0.781353338160489E-012 -0.492978963987907E-012 -0.540443876194872E-012
     28.00000000 -0.000000000000000E+000 -0.000000000000000E+000  0.000000000000000E+000 -0.000000000000000E+000 -0.000000000000000E+000 -0.000000000000000E+000  0.000000000000000E+000  0.000000000000000E+000  0.000000000000000E+000 -0.000000000000000E+000 -0.000000000000000E+000 -0.000000000000000E+000  -0.791872866960811E-012 -0.486980089931745E-012 -0.546149769209247E-012
     28.08000000 -0.000000000000000E+000 -0.000000000000000E+000  0.000000000000000E+000 -0.000000000000000E+000 -0.000000000000000E+000 -0.000000000000000E+000  0.000000000000000E+000  0.000000000000000E+000  0.000000000000000E+000 -0.000000000000000E+000 -0.000000000000000E+000 -0.000000000000000E+000  -0.801959116197527E-012 -0.478800854186096E-012 -0.551691784061360E-012
     28.16000000 -0.000000000000000E+000 -0.000000000000000E+000  0.000000000000000E+000 -0.000000000000000E+000 -0.000000000000000E+000 -0.000000000000000E+000  0.000000000000000E+000  0.000000000000000E+000  0.000000000000000E+000 -0.000000000000000E+000 -0.000000000000000E+000 -0.000000000000000E+000  -0.811388247563644E-012 -0.468652963036421E-012 -0.556821256975170E-012
     28.24000000 -0.000000000000000E+000 -0.000000000000000E+000  0.000000000000000E+000 -0.000000000000000E+000 -0.000000000000000E+000 -0.000000000000000E+000  0.000000000000000E+000  0.000000000000000E+000  0.000000000000000E+000 -0.000000000000000E+000 -0.000000000000000E+000 -0.000000000000000E+000  -0.820154848832345E-012 -0.457232229579047E-012 -0.561397724539776E-012
     28.32000000 -0.000000000000000E+000 -0.000000000000000E+000  0.000000000000000E+000 -0.000000000000000E+000 -0.000000000000000E+000 -0.000000000000000E+000  0.000000000000000E+000  0.000000000000000E+000  0.000000000000000E+000 -0.000000000000000E+000 -0.000000000000000E+000 -0.000000000000000E+000  -0.828386658595423E-012 -0.445390844250731E-012 -0.565478506917813E-012
     28.40000000 -0.000000000000000E+000 -0.000000000000000E+000  0.000000000000000E+000 -0.000000000000000E+000 -0.000000000000000E+000 -0.000000000000000E+000  0.000000000000000E+000  0.000000000000000E+000  0.000000000000000E+000 -0.000000000000000E+000 -0.000000000000000E+000 -0.000000000000000E+000  -0.836215331121126E-012 -0.433814782267949E-012 -0.569267719222723E-012
     28.48000000 -0.000000000000000E+000 -0.000000000000000E+000  0.000000000000000E+000 -0.000000000000000E+000 -0.000000000000000E+000 -0.000000000000000E+000  0.000000000000000E+000  0.000000000000000E+000  0.000000000000000E+000 -0.000000000000000E+000 -0.000000000000000E+000 -0.000000000000000E+000  -0.843639095294932E-012 -0.422831030974796E-012 -0.573005706990547E-012
     28.56000000 -0.000000000000000E+000 -0.000000000000000E+000  0.000000000000000E+000 -0.000000000000000E+000 -0.000000000000000E+000 -0.000000000000000E+000  0.000000000000000E+000  0.000000000000000E+000  0.000000000000000E+000 -0.000000000000000E+000 -0.000000000000000E+000 -0.000000000000000E+000  -0.850427505701889E-012 -0.412402976964296E-012 -0.576834330044427E-012
     28.64000000 -0.000000000000000E+000 -0.000000000000000E+000  0.000000000000000E+000 -0.000000000000000E+000 -0.000000000000000E+000 -0.000000000000000E+000  0.000000000000000E+000  0.000000000000000E+000  0.000000000000000E+000 -0.000000000000000E+000 -0.000000000000000E+000 -0.000000000000000E+000  -0.856127510645161E-012 -0.402226058309234E-012 -0.580740198487533E-012
     28.72000000 -0.000000000000000E+000 -0.000000000000000E+000  0.000000000000000E+000 -0.000000000000000E+000 -0.000000000000000E+000 -0.000000000000000E+000  0.000000000000000E+000  0.000000000000000E+000  0.000000000000000E+000 -0.000000000000000E+000 -0.000000000000000E+000 -0.000000000000000E+000  -0.860133158063617E-012 -0.391846180521100E-012 -0.584600219233216E-012
     28.80000000 -0.000000000000000E+000 -0.000000000000000E+000  0.000000000000000E+000 -0.000000000000000E+000 -0.000000000000000E+000 -0.000000000000000E+000  0.000000000000000E+000  0.000000000000000E+000  0.000000000000000E+000 -0.000000000000000E+000 -0.000000000000000E+000 -0.000000000000000E+000  -0.861826346055533E-012 -0.380742360111663E-012 -0.588280642892917E-012
     28.88000000 -0.000000000000000E+000 -0.000000000000000E+000  0.000000000000000E+000 -0.000000000000000E+000 -0.000000000000000E+000 -0.000000000000000E+000  0.000000000000000E+000  0.000000000000000E+000  0.000000000000000E+000 -0.000000000000000E+000 -0.000000000000000E+000 -0.000000000000000E+000  -0.860726490714183E-012 -0.368396873477413E-012 -0.591735037504709E-012
     28.96000000 -0.000000000000000E+000 -0.000000000000000E+000  0.000000000000000E+000 -0.000000000000000E+000 -0.000000000000000E+000 -0.000000000000000E+000  0.000000000000000E+000  0.000000000000000E+000  0.000000000000000E+000 -0.000000000000000E+000 -0.000000000000000E+000 -0.000000000000000E+000  -0.856563690951525E-012 -0.354391968235302E-012 -0.594999808168207E-012
     29.04000000 -0.000000000000000E+000 -0.000000000000000E+000  0.000000000000000E+000 -0.000000000000000E+000 -0.000000000000000E+000 -0.000000000000000E+000  0.000000000000000E+000  0.000000000000000E+000  0.000000000000000E+000 -0.000000000000000E+000 -0.000000000000000E+000 -0.000000000000000E+000  -0.849318960931877E-012 -0.338557684902965E-012 -0.598143527659146E-012
     29.12000000 -0.000000000000000E+000 -0.000000000000000E+000  0.000000000000000E+000 -0.000000000000000E+000 -0.000000000000000E+000 -0.000000000000000E+000  0.000000000000000E+000  0.000000000000000E+000  0.000000000000000E+000 -0.000000000000000E+000 -0.000000000000000E+000 -0.000000000000000E+000  -0.839182563329121E-012 -0.321077135941344E-012 -0.601164753386303E-012
     29.20000000 -0.000000000000000E+000 -0.000000000000000E+000  0.000000000000000E+000 -0.000000000000000E+000 -0.000000000000000E+000 -0.000000000000000E+000  0.000000000000000E+000  0.000000000000000E+000  0.000000000000000E+000 -0.000000000000000E+000 -0.000000000000000E+000 -0.000000000000000E+000  -0.826532865627526E-012 -0.302522329099525E-012 -0.603978580272882E-012
     29.28000000 -0.000000000000000E+000 -0.000000000000000E+000  0.000000000000000E+000 -0.000000000000000E+000 -0.000000000000000E+000 -0.000000000000000E+000  0.000000000000000E+000  0.000000000000000E+000  0.000000000000000E+000 -0.000000000000000E+000 -0.000000000000000E+000 -0.000000000000000E+000  -0.811890793842572E-012 -0.283732288283159E-012 -0.606457283279618E-012
     29.36000000 -0.000000000000000E+000 -0.000000000000000E+000  0.000000000000000E+000 -0.000000000000000E+000 -0.000000000000000E+000 -0.000000000000000E+000  0.000000000000000E+000  0.000000000000000E+000  0.000000000000000E+000 -0.000000000000000E+000 -0.000000000000000E+000 -0.000000000000000E+000  -0.795894472981939E-012 -0.265558757448521E-012 -0.608548522546636E-012
     29.44000000 -0.000000000000000E+000 -0.000000000000000E+000  0.000000000000000E+000 -0.000000000000000E+000 -0.000000000000000E+000 -0.000000000000000E+000  0.000000000000000E+000  0.000000000000000E+000  0.000000000000000E+000 -0.000000000000000E+000 -0.000000000000000E+000 -0.000000000000000E+000  -0.779184804815538E-012 -0.248610133884004E-012 -0.610352304681545E-012
     29.52000000 -0.000000000000000E+000 -0.000000000000000E+000  0.000000000000000E+000 -0.000000000000000E+000 -0.000000000000000E+000 -0.000000000000000E+000  0.000000000000000E+000  0.000000000000000E+000  0.000000000000000E+000 -0.000000000000000E+000 -0.000000000000000E+000 -0.000000000000000E+000  -0.762279363618103E-012 -0.233068404939822E-012 -0.612084890873795E-012
     29.60000000 -0.000000000000000E+000 -0.000000000000000E+000  0.000000000000000E+000 -0.000000000000000E+000 -0.000000000000000E+000 -0.000000000000000E+000  0.000000000000000E+000  0.000000000000000E+000  0.000000000000000E+000 -0.000000000000000E+000 -0.000000000000000E+000 -0.000000000000000E+000  -0.745442029391028E-012 -0.218667389445666E-012 -0.613985153951474E-012
     29.68000000 -0.000000000000000E+000 -0.000000000000000E+000  0.000000000000000E+000 -0.000000000000000E+000 -0.000000000000000E+000 -0.000000000000000E+000  0.000000000000000E+000  0.000000000000000E+000  0.000000000000000E+000 -0.000000000000000E+000 -0.000000000000000E+000 -0.000000000000000E+000  -0.728660885698350E-012 -0.204851134377676E-012 -0.616155673494572E-012
     29.76000000 -0.000000000000000E+000 -0.000000000000000E+000  0.000000000000000E+000 -0.000000000000000E+000 -0.000000000000000E+000 -0.000000000000000E+000  0.000000000000000E+000  0.000000000000000E+000  0.000000000000000E+000 -0.000000000000000E+000 -0.000000000000000E+000 -0.000000000000000E+000  -0.711761379252947E-012 -0.191029277598462E-012 -0.618528260213677E-012
     29.84000000 -0.000000000000000E+000 -0.000000000000000E+000  0.000000000000000E+000 -0.000000000000000E+000 -0.000000000000000E+000 -0.000000000000000E+000  0.000000000000000E+000  0.000000000000000E+000  0.000000000000000E+000 -0.000000000000000E+000 -0.000000000000000E+000 -0.000000000000000E+000  -0.694607918275483E-012 -0.176804083556611E-012 -0.620917151124895E-012
     29.92000000 -0.000000000000000E+000 -0.000000000000000E+000  0.000000000000000E+000 -0.000000000000000E+000 -0.000000000000000E+000 -0.000000000000000E+000  0.000000000000000E+000  0.000000000000000E+000  0.000000000000000E+000 -0.000000000000000E+000 -0.000000000000000E+000 -0.000000000000000E+000  -0.677315977826512E-012 -0.162109706546016E-012 -0.623151892580568E-012
     30.00000000 -0.000000000000000E+000 -0.000000000000000E+000 -0.000000000000000E+000 -0.000000000000000E+000 -0.000000000000000E+000  0.000000000000000E+000  0.000000000000000E+000  0.000000000000000E+000  0.000000000000000E+000 -0.000000000000000E+000 -0.000000000000000E+000 -0.000000000000000E+000  -0.660320064475293E-012 -0.147210267752860E-012 -0.625203327573382E-012
     30.08000000 -0.000000000000000E+000 -0.000000000000000E+000 -0.000000000000000E+000 -0.000000000000000E+000 -0.000000000000000E+000 -0.000000000000000E+000  0.000000000000000E+000  0.000000000000000E+000  0.000000000000000E+000 -0.000000000000000E+000 -0.000000000000000E+000 -0.000000000000000E+000  -0.644303395499026E-012 -0.132575209902655E-012 -0.627188264832951E-012
     30.16000000 -0.000000000000000E+000 -0.000000000000000E+000 -0.000000000000000E+000 -0.000000000000000E+000 -0.000000000000000E+000 -0.000000000000000E+000  0.000000000000000E+000  0.000000000000000E+000  0.000000000000000E+000 -0.000000000000000E+000 -0.000000000000000E+000 -0.000000000000000E+000  -0.630006892576788E-012 -0.118705335264863E-012 -0.629270906778296E-012
     30.24000000 -0.000000000000000E+000 -0.000000000000000E+000 -0.000000000000000E+000 -0.000000000000000E+000 -0.000000000000000E+000 -0.000000000000000E+000  0.000000000000000E+000  0.000000000000000E+000  0.000000000000000E+000 -0.000000000000000E+000 -0.000000000000000E+000 -0.000000000000000E+000  -0.618059365110649E-012 -0.106023168468902E-012 -0.631535530050512E-012
     30.32000000 -0.000000000000000E+000 -0.000000000000000E+000 -0.000000000000000E+000 -0.000000000000000E+000 -0.000000000000000E+000 -0.000000000000000E+000  0.000000000000000E+000  0.000000000000000E+000  0.000000000000000E+000 -0.000000000000000E+000 -0.000000000000000E+000 -0.000000000000000E+000  -0.608864649547996E-012 -0.947967621886922E-013 -0.633914910099339E-012
     30.40000000 -0.000000000000000E+000 -0.000000000000000E+000 -0.000000000000000E+000 -0.000000000000000E+000 -0.000000000000000E+000 -0.000000000000000E+000  0.000000000000000E+000  0.000000000000000E+000  0.000000000000000E+000 -0.000000000000000E+000 -0.000000000000000E+000 -0.000000000000000E+000  -0.602591176194379E-012 -0.851162409807936E-013 -0.636252845516233E-012
     30.48000000 -0.000000000000000E+000 -0.000000000000000E+000 -0.000000000000000E+000 -0.000000000000000E+000 -0.000000000000000E+000 -0.000000000000000E+000  0.000000000000000E+000  0.000000000000000E+000  0.000000000000000E+000 -0.000000000000000E+000 -0.000000000000000E+000 -0.000000000000000E+000  -0.599197560651318E-012 -0.768897214717883E-013 -0.638427102545154E-012
     30.56000000 -0.000000000000000E+000 -0.000000000000000E+000 -0.000000000000000E+000 -0.000000000000000E+000 -0.000000000000000E+000 -0.000000000000000E+000  0.000000000000000E+000  0.000000000000000E+000  0.000000000000000E+000 -0.000000000000000E+000 -0.000000000000000E+000 -0.000000000000000E+000  -0.598445981666442E-012 -0.698198702508902E-013 -0.640454851736063E-012
     30.64000000 -0.000000000000000E+000 -0.000000000000000E+000 -0.000000000000000E+000 -0.000000000000000E+000 -0.000000000000000E+000 -0.000000000000000E+000  0.000000000000000E+000  0.000000000000000E+000  0.000000000000000E+000 -0.000000000000000E+000 -0.000000000000000E+000 -0.000000000000000E+000  -0.599910019764613E-012 -0.634122474581916E-013 -0.642509631693357E-012
     30.72000000 -0.000000000000000E+000 -0.000000000000000E+000 -0.000000000000000E+000 -0.000000000000000E+000 -0.000000000000000E+000 -0.000000000000000E+000  0.000000000000000E+000  0.000000000000000E+000  0.000000000000000E+000 -0.000000000000000E+000 -0.000000000000000E+000 -0.000000000000000E+000  -0.603000124705205E-012 -0.570561343075952E-013 -0.644813909660031E-012
     30.80000000 -0.000000000000000E+000 -0.000000000000000E+000 -0.000000000000000E+000 -0.000000000000000E+000 -0.000000000000000E+000 -0.000000000000000E+000  0.000000000000000E+000  0.000000000000000E+000  0.000000000000000E+000 -0.000000000000000E+000 -0.000000000000000E+000 -0.000000000000000E+000  -0.607048496465520E-012 -0.501892223929229E-013 -0.647513647357447E-012
     30.88000000 -0.000000000000000E+000 -0.000000000000000E+000 -0.000000000000000E+000 -0.000000000000000E+000 -0.000000000000000E+000 -0.000000000000000E+000  0.000000000000000E+000  0.000000000000000E+000  0.000000000000000E+000 -0.000000000000000E+000 -0.000000000000000E+000 -0.000000000000000E+000  -0.611432393160093E-012 -0.424833493157813E-013 -0.650598435440857E-012
     30.96000000 -0.000000000000000E+000 -0.000000000000000E+000 -0.000000000000000E+000 -0.000000000000000E+000 -0.000000000000000E+000 -0.000000000000000E+000  0.000000000000000E+000  0.000000000000000E+000  0.000000000000000E+000 -0.000000000000000E+000 -0.000000000000000E+000 -0.000000000000000E+000  -0.615711596582386E-012 -0.339608744872236E-013 -0.653943102769448E-012
     31.04000000 -0.000000000000000E+000 -0.000000000000000E+000 -0.000000000000000E+000 -0.000000000000000E+000 -0.000000000000000E+000 -0.000000000000000E+000  0.000000000000000E+000  0.000000000000000E+000  0.000000000000000E+000 -0.000000000000000E+000 -0.000000000000000E+000 -0.000000000000000E+000  -0.619681415887523E-012 -0.249463397731105E-013 -0.657415281308542E-012
     31.12000000 -0.000000000000000E+000 -0.000000000000000E+000 -0.000000000000000E+000 -0.000000000000000E+000 -0.000000000000000E+000 -0.000000000000000E+000  0.000000000000000E+000  0.000000000000000E+000  0.000000000000000E+000 -0.000000000000000E+000 -0.000000000000000E+000 -0.000000000000000E+000  -0.623324618535281E-012 -0.158754290557554E-013 -0.660965591672527E-012
     31.20000000 -0.000000000000000E+000 -0.000000000000000E+000 -0.000000000000000E+000 -0.000000000000000E+000 -0.000000000000000E+000 -0.000000000000000E+000  0.000000000000000E+000  0.000000000000000E+000  0.000000000000000E+000 -0.000000000000000E+000 -0.000000000000000E+000 -0.000000000000000E+000  -0.626679909037381E-012 -0.703812475482579E-014 -0.664644546639841E-012
     31.28000000 -0.000000000000000E+000 -0.000000000000000E+000 -0.000000000000000E+000 -0.000000000000000E+000 -0.000000000000000E+000 -0.000000000000000E+000  0.000000000000000E+000  0.000000000000000E+000  0.000000000000000E+000 -0.000000000000000E+000 -0.000000000000000E+000 -0.000000000000000E+000  -0.629672159210506E-012  0.160099516912792E-014 -0.668513743952244E-012
     31.36000000 -0.000000000000000E+000 -0.000000000000000E+000 -0.000000000000000E+000 -0.000000000000000E+000 -0.000000000000000E+000 -0.000000000000000E+000  0.000000000000000E+000  0.000000000000000E+000  0.000000000000000E+000 -0.000000000000000E+000 -0.000000000000000E+000 -0.000000000000000E+000  -0.632004870379153E-012  0.104080760796358E-013 -0.672553172048528E-012
     31.44000000 -0.000000000000000E+000 -0.000000000000000E+000 -0.000000000000000E+000 -0.000000000000000E+000 -0.000000000000000E+000 -0.000000000000000E+000  0.000000000000000E+000  0.000000000000000E+000  0.000000000000000E+000 -0.000000000000000E+000 -0.000000000000000E+000 -0.000000000000000E+000  -0.633132631377809E-012  0.199506907867578E-013 -0.676617459495179E-012
     31.52000000 -0.000000000000000E+000 -0.000000000000000E+000 -0.000000000000000E+000 -0.000000000000000E+000 -0.000000000000000E+000 -0.000000000000000E+000  0.000000000000000E+000  0.000000000000000E+000  0.000000000000000E+000 -0.000000000000000E+000 -0.000000000000000E+000 -0.000000000000000E+000  -0.632340569237509E-012  0.307914077044150E-013 -0.680517137946993E-012
     31.60000000 -0.000000000000000E+000 -0.000000000000000E+000 -0.000000000000000E+000 -0.000000000000000E+000 -0.000000000000000E+000 -0.000000000000000E+000  0.000000000000000E+000  0.000000000000000E+000  0.000000000000000E+000 -0.000000000000000E+000 -0.000000000000000E+000 -0.000000000000000E+000  -0.628894597521344E-012  0.433362811259667E-013 -0.684148841777405E-012
     31.68000000 -0.000000000000000E+000 -0.000000000000000E+000 -0.000000000000000E+000 -0.000000000000000E+000 -0.000000000000000E+000 -0.000000000000000E+000  0.000000000000000E+000  0.000000000000000E+000  0.000000000000000E+000 -0.000000000000000E+000 -0.000000000000000E+000 -0.000000000000000E+000  -0.622192897688968E-012  0.577780821976807E-013 -0.687602270646151E-012
     31.76000000 -0.000000000000000E+000 -0.000000000000000E+000 -0.000000000000000E+000 -0.000000000000000E+000 -0.000000000000000E+000 -0.000000000000000E+000  0.000000000000000E+000  0.000000000000000E+000  0.000000000000000E+000 -0.000000000000000E+000 -0.000000000000000E+000 -0.000000000000000E+000  -0.611867668960756E-012  0.741083094694667E-013 -0.691159601219202E-012
     31.84000000 -0.000000000000000E+000 -0.000000000000000E+000 -0.000000000000000E+000 -0.000000000000000E+000 -0.000000000000000E+000 -0.000000000000000E+000  0.000000000000000E+000  0.000000000000000E+000  0.000000000000000E+000 -0.000000000000000E+000 -0.000000000000000E+000 -0.000000000000000E+000  -0.597835119574919E-012  0.921544771675094E-013 -0.695172878961420E-012
     31.92000000 -0.000000000000000E+000 -0.000000000000000E+000 -0.000000000000000E+000 -0.000000000000000E+000 -0.000000000000000E+000 -0.000000000000000E+000  0.000000000000000E+000  0.000000000000000E+000  0.000000000000000E+000 -0.000000000000000E+000 -0.000000000000000E+000 -0.000000000000000E+000  -0.580236445531742E-012  0.111606702742822E-012 -0.699877615674159E-012
     32.00000000 -0.000000000000000E+000 -0.000000000000000E+000 -0.000000000000000E+000 -0.000000000000000E+000 -0.000000000000000E+000 -0.000000000000000E+000  0.000000000000000E+000  0.000000000000000E+000  0.000000000000000E+000 -0.000000000000000E+000 -0.000000000000000E+000 -0.000000000000000E+000  -0.559393505547683E-012  0.132048404098171E-012 -0.705277537800441E-012
     32.08000000 -0.000000000000000E+000 -0.000000000000000E+000 -0.000000000000000E+000 -0.000000000000000E+000 -0.000000000000000E+000 -0.000000000000000E+000  0.000000000000000E+000  0.000000000000000E+000  0.000000000000000E+000 -0.000000000000000E+000 -0.000000000000000E+000 -0.000000000000000E+000  -0.535740217660960E-012  0.153010802079929E-012 -0.711139069040567E-012
     32.16000000 -0.000000000000000E+000 -0.000000000000000E+000 -0.000000000000000E+000 -0.000000000000000E+000 -0.000000000000000E+000 -0.000000000000000E+000  0.000000000000000E+000  0.000000000000000E+000  0.000000000000000E+000 -0.000000000000000E+000 -0.000000000000000E+000 -0.000000000000000E+000  -0.509778174705120E-012  0.174096354134709E-012 -0.717117603765141E-012
     32.24000000 -0.000000000000000E+000 -0.000000000000000E+000 -0.000000000000000E+000 -0.000000000000000E+000 -0.000000000000000E+000 -0.000000000000000E+000  0.000000000000000E+000  0.000000000000000E+000  0.000000000000000E+000 -0.000000000000000E+000 -0.000000000000000E+000 -0.000000000000000E+000  -0.482049525451223E-012  0.195086738837963E-012 -0.722903446650828E-012
     32.32000000 -0.000000000000000E+000 -0.000000000000000E+000 -0.000000000000000E+000 -0.000000000000000E+000 -0.000000000000000E+000 -0.000000000000000E+000  0.000000000000000E+000  0.000000000000000E+000  0.000000000000000E+000 -0.000000000000000E+000 -0.000000000000000E+000 -0.000000000000000E+000  -0.453068608633633E-012  0.216012477986682E-012 -0.728333923200556E-012
     32.40000000 -0.000000000000000E+000 -0.000000000000000E+000 -0.000000000000000E+000 -0.000000000000000E+000 -0.000000000000000E+000 -0.000000000000000E+000  0.000000000000000E+000  0.000000000000000E+000  0.000000000000000E+000 -0.000000000000000E+000 -0.000000000000000E+000 -0.000000000000000E+000  -0.423259562636389E-012  0.237104356561917E-012 -0.733380393410826E-012
     32.48000000 -0.000000000000000E+000 -0.000000000000000E+000 -0.000000000000000E+000 -0.000000000000000E+000 -0.000000000000000E+000 -0.000000000000000E+000  0.000000000000000E+000  0.000000000000000E+000  0.000000000000000E+000 -0.000000000000000E+000 -0.000000000000000E+000 -0.000000000000000E+000  -0.392898591476551E-012  0.258654238776827E-012 -0.738082955695874E-012
     32.56000000 -0.000000000000000E+000 -0.000000000000000E+000 -0.000000000000000E+000 -0.000000000000000E+000 -0.000000000000000E+000 -0.000000000000000E+000  0.000000000000000E+000  0.000000000000000E+000  0.000000000000000E+000 -0.000000000000000E+000 -0.000000000000000E+000 -0.000000000000000E+000  -0.362128114395464E-012  0.280808331804100E-012 -0.742480054057733E-012
     32.64000000 -0.000000000000000E+000 -0.000000000000000E+000 -0.000000000000000E+000 -0.000000000000000E+000 -0.000000000000000E+000 -0.000000000000000E+000  0.000000000000000E+000  0.000000000000000E+000  0.000000000000000E+000 -0.000000000000000E+000 -0.000000000000000E+000 -0.000000000000000E+000  -0.331057250820391E-012  0.303420594364021E-012 -0.746601128600950E-012
     32.72000000 -0.000000000000000E+000 -0.000000000000000E+000 -0.000000000000000E+000 -0.000000000000000E+000 -0.000000000000000E+000 -0.000000000000000E+000  0.000000000000000E+000  0.000000000000000E+000  0.000000000000000E+000 -0.000000000000000E+000 -0.000000000000000E+000 -0.000000000000000E+000  -0.299922102840535E-012  0.326006875976464E-012 -0.750516703665173E-012
     32.80000000 -0.000000000000000E+000 -0.000000000000000E+000 -0.000000000000000E+000 -0.000000000000000E+000 -0.000000000000000E+000 -0.000000000000000E+000  0.000000000000000E+000  0.000000000000000E+000  0.000000000000000E+000 -0.000000000000000E+000 -0.000000000000000E+000 -0.000000000000000E+000  -0.269180644229817E-012  0.347817892049209E-012 -0.754399096119572E-012
     32.88000000 -0.000000000000000E+000 -0.000000000000000E+000 -0.000000000000000E+000 -0.000000000000000E+000 -0.000000000000000E+000 -0.000000000000000E+000  0.000000000000000E+000  0.000000000000000E+000  0.000000000000000E+000 -0.000000000000000E+000 -0.000000000000000E+000 -0.000000000000000E+000  -0.239530477520097E-012  0.368030212866878E-012 -0.758487533165725E-012
     32.96000000 -0.000000000000000E+000 -0.000000000000000E+000 -0.000000000000000E+000 -0.000000000000000E+000 -0.000000000000000E+000 -0.000000000000000E+000  0.000000000000000E+000  0.000000000000000E+000  0.000000000000000E+000 -0.000000000000000E+000 -0.000000000000000E+000 -0.000000000000000E+000  -0.211765094392316E-012  0.385942090832086E-012 -0.762974328175648E-012
     33.04000000 -0.000000000000000E+000 -0.000000000000000E+000 -0.000000000000000E+000 -0.000000000000000E+000 -0.000000000000000E+000 -0.000000000000000E+000  0.000000000000000E+000  0.000000000000000E+000  0.000000000000000E+000 -0.000000000000000E+000 -0.000000000000000E+000 -0.000000000000000E+000  -0.186597168792422E-012  0.401137900806600E-012 -0.767849889975680E-012
     33.12000000 -0.000000000000000E+000 -0.000000000000000E+000 -0.000000000000000E+000 -0.000000000000000E+000 -0.000000000000000E+000 -0.000000000000000E+000  0.000000000000000E+000  0.000000000000000E+000  0.000000000000000E+000 -0.000000000000000E+000 -0.000000000000000E+000 -0.000000000000000E+000  -0.164500953338205E-012  0.413546098246647E-012 -0.772823647364139E-012
     33.20000000 -0.000000000000000E+000 -0.000000000000000E+000 -0.000000000000000E+000 -0.000000000000000E+000 -0.000000000000000E+000 -0.000000000000000E+000  0.000000000000000E+000  0.000000000000000E+000  0.000000000000000E+000 -0.000000000000000E+000 -0.000000000000000E+000 -0.000000000000000E+000  -0.145675629019333E-012  0.423405651851895E-012 -0.777382352083153E-012
     33.28000000 -0.000000000000000E+000 -0.000000000000000E+000 -0.000000000000000E+000 -0.000000000000000E+000 -0.000000000000000E+000 -0.000000000000000E+000  0.000000000000000E+000  0.000000000000000E+000  0.000000000000000E+000 -0.000000000000000E+000 -0.000000000000000E+000 -0.000000000000000E+000  -0.130095558720963E-012  0.431143621579878E-012 -0.780989614181811E-012
     33.36000000 -0.000000000000000E+000 -0.000000000000000E+000 -0.000000000000000E+000 -0.000000000000000E+000 -0.000000000000000E+000 -0.000000000000000E+000  0.000000000000000E+000  0.000000000000000E+000  0.000000000000000E+000 -0.000000000000000E+000 -0.000000000000000E+000 -0.000000000000000E+000  -0.117605544172530E-012  0.437249037573415E-012 -0.783294759510223E-012
     33.44000000 -0.000000000000000E+000 -0.000000000000000E+000 -0.000000000000000E+000 -0.000000000000000E+000 -0.000000000000000E+000 -0.000000000000000E+000  0.000000000000000E+000  0.000000000000000E+000  0.000000000000000E+000 -0.000000000000000E+000 -0.000000000000000E+000 -0.000000000000000E+000  -0.107994742183777E-012  0.442144919631108E-012 -0.784276011666977E-012
     33.52000000 -0.000000000000000E+000 -0.000000000000000E+000 -0.000000000000000E+000 -0.000000000000000E+000 -0.000000000000000E+000 -0.000000000000000E+000  0.000000000000000E+000  0.000000000000000E+000  0.000000000000000E+000 -0.000000000000000E+000 -0.000000000000000E+000 -0.000000000000000E+000  -0.100998970582150E-012  0.446104602147878E-012 -0.784197972200049E-012
     33.60000000 -0.000000000000000E+000 -0.000000000000000E+000 -0.000000000000000E+000 -0.000000000000000E+000 -0.000000000000000E+000 -0.000000000000000E+000  0.000000000000000E+000  0.000000000000000E+000  0.000000000000000E+000 -0.000000000000000E+000 -0.000000000000000E+000 -0.000000000000000E+000  -0.962932462917379E-013  0.449209734582331E-012 -0.783470783748490E-012
     33.68000000 -0.000000000000000E+000 -0.000000000000000E+000 -0.000000000000000E+000 -0.000000000000000E+000 -0.000000000000000E+000 -0.000000000000000E+000  0.000000000000000E+000  0.000000000000000E+000  0.000000000000000E+000 -0.000000000000000E+000 -0.000000000000000E+000 -0.000000000000000E+000  -0.935002930576793E-013  0.451328994954107E-012 -0.782472243586540E-012
     33.76000000 -0.000000000000000E+000 -0.000000000000000E+000 -0.000000000000000E+000 -0.000000000000000E+000 -0.000000000000000E+000 -0.000000000000000E+000  0.000000000000000E+000  0.000000000000000E+000  0.000000000000000E+000 -0.000000000000000E+000 -0.000000000000000E+000 -0.000000000000000E+000  -0.922289430338047E-013  0.452160541629358E-012 -0.781453175863457E-012
     33.84000000 -0.000000000000000E+000 -0.000000000000000E+000 -0.000000000000000E+000 -0.000000000000000E+000 -0.000000000000000E+000 -0.000000000000000E+000  0.000000000000000E+000  0.000000000000000E+000  0.000000000000000E+000 -0.000000000000000E+000 -0.000000000000000E+000 -0.000000000000000E+000  -0.921422058561150E-013  0.451329620629111E-012 -0.780525924002130E-012
     33.92000000 -0.000000000000000E+000 -0.000000000000000E+000 -0.000000000000000E+000 -0.000000000000000E+000 -0.000000000000000E+000 -0.000000000000000E+000  0.000000000000000E+000  0.000000000000000E+000  0.000000000000000E+000 -0.000000000000000E+000 -0.000000000000000E+000 -0.000000000000000E+000  -0.929840609850775E-013  0.448555212020683E-012 -0.779736171061874E-012
     34.00000000 -0.000000000000000E+000 -0.000000000000000E+000 -0.000000000000000E+000 -0.000000000000000E+000 -0.000000000000000E+000 -0.000000000000000E+000  0.000000000000000E+000  0.000000000000000E+000  0.000000000000000E+000 -0.000000000000000E+000 -0.000000000000000E+000 -0.000000000000000E+000  -0.945320173352892E-013  0.443836402514330E-012 -0.779080641346680E-012
     34.08000000 -0.000000000000000E+000 -0.000000000000000E+000 -0.000000000000000E+000 -0.000000000000000E+000 -0.000000000000000E+000 -0.000000000000000E+000  0.000000000000000E+000  0.000000000000000E+000  0.000000000000000E+000 -0.000000000000000E+000 -0.000000000000000E+000 -0.000000000000000E+000  -0.965143489960256E-013  0.437576175501144E-012 -0.778496011426330E-012
     34.16000000 -0.000000000000000E+000 -0.000000000000000E+000 -0.000000000000000E+000 -0.000000000000000E+000 -0.000000000000000E+000 -0.000000000000000E+000  0.000000000000000E+000  0.000000000000000E+000  0.000000000000000E+000 -0.000000000000000E+000 -0.000000000000000E+000 -0.000000000000000E+000  -0.985260163566549E-013  0.430587873600735E-012 -0.777807235856187E-012
     34.24000000 -0.000000000000000E+000 -0.000000000000000E+000 -0.000000000000000E+000 -0.000000000000000E+000 -0.000000000000000E+000 -0.000000000000000E+000  0.000000000000000E+000  0.000000000000000E+000  0.000000000000000E+000 -0.000000000000000E+000 -0.000000000000000E+000 -0.000000000000000E+000  -0.999943656642973E-013  0.423927330283604E-012 -0.776727790118787E-012
     34.32000000 -0.000000000000000E+000 -0.000000000000000E+000 -0.000000000000000E+000 -0.000000000000000E+000 -0.000000000000000E+000 -0.000000000000000E+000  0.000000000000000E+000  0.000000000000000E+000  0.000000000000000E+000 -0.000000000000000E+000 -0.000000000000000E+000 -0.000000000000000E+000  -0.100248123684713E-012  0.418635981467934E-012 -0.774955755029714E-012
     34.40000000 -0.000000000000000E+000 -0.000000000000000E+000 -0.000000000000000E+000 -0.000000000000000E+000 -0.000000000000000E+000 -0.000000000000000E+000  0.000000000000000E+000  0.000000000000000E+000  0.000000000000000E+000 -0.000000000000000E+000 -0.000000000000000E+000 -0.000000000000000E+000  -0.986290840785949E-013  0.415482192951263E-012 -0.772341103109457E-012
     34.48000000 -0.000000000000000E+000 -0.000000000000000E+000 -0.000000000000000E+000 -0.000000000000000E+000 -0.000000000000000E+000 -0.000000000000000E+000  0.000000000000000E+000  0.000000000000000E+000  0.000000000000000E+000 -0.000000000000000E+000 -0.000000000000000E+000 -0.000000000000000E+000  -0.946246031813650E-013  0.414796439343702E-012 -0.769034132888068E-012
     34.56000000 -0.000000000000000E+000 -0.000000000000000E+000 -0.000000000000000E+000 -0.000000000000000E+000 -0.000000000000000E+000 -0.000000000000000E+000  0.000000000000000E+000  0.000000000000000E+000  0.000000000000000E+000 -0.000000000000000E+000 -0.000000000000000E+000 -0.000000000000000E+000  -0.879467254290837E-013  0.416473702865237E-012 -0.765510735835233E-012
     34.64000000 -0.000000000000000E+000 -0.000000000000000E+000 -0.000000000000000E+000 -0.000000000000000E+000 -0.000000000000000E+000 -0.000000000000000E+000  0.000000000000000E+000  0.000000000000000E+000  0.000000000000000E+000 -0.000000000000000E+000 -0.000000000000000E+000 -0.000000000000000E+000  -0.785409167073387E-013  0.420078264748346E-012 -0.762442611336880E-012
     34.72000000 -0.000000000000000E+000 -0.000000000000000E+000 -0.000000000000000E+000 -0.000000000000000E+000 -0.000000000000000E+000 -0.000000000000000E+000  0.000000000000000E+000  0.000000000000000E+000  0.000000000000000E+000 -0.000000000000000E+000 -0.000000000000000E+000 -0.000000000000000E+000  -0.665200035615132E-013  0.425028404097536E-012 -0.760466078651930E-012
     34.80000000 -0.000000000000000E+000 -0.000000000000000E+000 -0.000000000000000E+000 -0.000000000000000E+000 -0.000000000000000E+000 -0.000000000000000E+000  0.000000000000000E+000  0.000000000000000E+000  0.000000000000000E+000 -0.000000000000000E+000 -0.000000000000000E+000 -0.000000000000000E+000  -0.520733464185409E-013  0.430741332128369E-012 -0.759958283529428E-012
     34.88000000 -0.000000000000000E+000 -0.000000000000000E+000 -0.000000000000000E+000 -0.000000000000000E+000 -0.000000000000000E+000 -0.000000000000000E+000  0.000000000000000E+000  0.000000000000000E+000  0.000000000000000E+000 -0.000000000000000E+000 -0.000000000000000E+000 -0.000000000000000E+000  -0.353924374676827E-013  0.436776067928195E-012 -0.760936068247012E-012
     34.96000000 -0.000000000000000E+000 -0.000000000000000E+000 -0.000000000000000E+000 -0.000000000000000E+000 -0.000000000000000E+000 -0.000000000000000E+000  0.000000000000000E+000  0.000000000000000E+000  0.000000000000000E+000 -0.000000000000000E+000 -0.000000000000000E+000 -0.000000000000000E+000  -0.166445058590262E-013  0.442913602658173E-012 -0.763122826729315E-012
     35.04000000 -0.000000000000000E+000 -0.000000000000000E+000 -0.000000000000000E+000 -0.000000000000000E+000 -0.000000000000000E+000 -0.000000000000000E+000  0.000000000000000E+000  0.000000000000000E+000  0.000000000000000E+000 -0.000000000000000E+000 -0.000000000000000E+000 -0.000000000000000E+000   0.400902952689986E-014  0.449213884416341E-012 -0.766103591637621E-012
     35.12000000 -0.000000000000000E+000 -0.000000000000000E+000 -0.000000000000000E+000 -0.000000000000000E+000 -0.000000000000000E+000 -0.000000000000000E+000  0.000000000000000E+000  0.000000000000000E+000  0.000000000000000E+000 -0.000000000000000E+000 -0.000000000000000E+000 -0.000000000000000E+000   0.263702548617172E-013  0.455998662996993E-012 -0.769497043044520E-012
     35.20000000 -0.000000000000000E+000 -0.000000000000000E+000 -0.000000000000000E+000 -0.000000000000000E+000 -0.000000000000000E+000 -0.000000000000000E+000  0.000000000000000E+000  0.000000000000000E+000  0.000000000000000E+000 -0.000000000000000E+000 -0.000000000000000E+000 -0.000000000000000E+000   0.501797235772228E-013  0.463765167821876E-012 -0.773035522554243E-012
     35.28000000 -0.000000000000000E+000 -0.000000000000000E+000 -0.000000000000000E+000 -0.000000000000000E+000 -0.000000000000000E+000 -0.000000000000000E+000  0.000000000000000E+000  0.000000000000000E+000  0.000000000000000E+000 -0.000000000000000E+000 -0.000000000000000E+000 -0.000000000000000E+000   0.751155731923690E-013  0.473006908645979E-012 -0.776576847090778E-012
     35.36000000 -0.000000000000000E+000 -0.000000000000000E+000 -0.000000000000000E+000 -0.000000000000000E+000 -0.000000000000000E+000 -0.000000000000000E+000  0.000000000000000E+000  0.000000000000000E+000  0.000000000000000E+000 -0.000000000000000E+000 -0.000000000000000E+000 -0.000000000000000E+000   0.100820921746910E-012  0.483996921457651E-012 -0.780061193791476E-012
     35.44000000 -0.000000000000000E+000 -0.000000000000000E+000 -0.000000000000000E+000 -0.000000000000000E+000 -0.000000000000000E+000 -0.000000000000000E+000  0.000000000000000E+000  0.000000000000000E+000  0.000000000000000E+000 -0.000000000000000E+000 -0.000000000000000E+000 -0.000000000000000E+000   0.126919876849589E-012  0.496607934474370E-012 -0.783484688641352E-012
     35.52000000 -0.000000000000000E+000 -0.000000000000000E+000 -0.000000000000000E+000 -0.000000000000000E+000 -0.000000000000000E+000 -0.000000000000000E+000  0.000000000000000E+000  0.000000000000000E+000  0.000000000000000E+000 -0.000000000000000E+000 -0.000000000000000E+000 -0.000000000000000E+000   0.152990499892304E-012  0.510251726607062E-012 -0.786931304102557E-012
     35.60000000 -0.000000000000000E+000 -0.000000000000000E+000 -0.000000000000000E+000 -0.000000000000000E+000 -0.000000000000000E+000 -0.000000000000000E+000  0.000000000000000E+000  0.000000000000000E+000  0.000000000000000E+000 -0.000000000000000E+000 -0.000000000000000E+000 -0.000000000000000E+000   0.178534320142208E-012  0.523954628588891E-012 -0.790592478154242E-012
     35.68000000 -0.000000000000000E+000 -0.000000000000000E+000 -0.000000000000000E+000 -0.000000000000000E+000 -0.000000000000000E+000 -0.000000000000000E+000  0.000000000000000E+000  0.000000000000000E+000  0.000000000000000E+000 -0.000000000000000E+000 -0.000000000000000E+000 -0.000000000000000E+000   0.202965598128534E-012  0.536570656291630E-012 -0.794735544935415E-012
     35.76000000 -0.000000000000000E+000 -0.000000000000000E+000 -0.000000000000000E+000 -0.000000000000000E+000 -0.000000000000000E+000 -0.000000000000000E+000  0.000000000000000E+000  0.000000000000000E+000  0.000000000000000E+000 -0.000000000000000E+000 -0.000000000000000E+000 -0.000000000000000E+000   0.225674788864620E-012  0.547047458491338E-012 -0.799597929663488E-012
     35.84000000 -0.000000000000000E+000 -0.000000000000000E+000 -0.000000000000000E+000 -0.000000000000000E+000 -0.000000000000000E+000 -0.000000000000000E+000  0.000000000000000E+000  0.000000000000000E+000  0.000000000000000E+000 -0.000000000000000E+000 -0.000000000000000E+000 -0.000000000000000E+000   0.246110934687726E-012  0.554646260580601E-012 -0.805230813708237E-012
     35.92000000 -0.000000000000000E+000 -0.000000000000000E+000 -0.000000000000000E+000 -0.000000000000000E+000 -0.000000000000000E+000 -0.000000000000000E+000  0.000000000000000E+000  0.000000000000000E+000  0.000000000000000E+000 -0.000000000000000E+000 -0.000000000000000E+000 -0.000000000000000E+000   0.263919586567204E-012  0.559089618235153E-012 -0.811380069115450E-012
     36.00000000 -0.000000000000000E+000 -0.000000000000000E+000 -0.000000000000000E+000 -0.000000000000000E+000 -0.000000000000000E+000 -0.000000000000000E+000  0.000000000000000E+000  0.000000000000000E+000  0.000000000000000E+000 -0.000000000000000E+000 -0.000000000000000E+000 -0.000000000000000E+000   0.278982781298905E-012  0.560535629966370E-012 -0.817497643733627E-012
     36.08000000 -0.000000000000000E+000 -0.000000000000000E+000 -0.000000000000000E+000 -0.000000000000000E+000 -0.000000000000000E+000 -0.000000000000000E+000  0.000000000000000E+000  0.000000000000000E+000  0.000000000000000E+000 -0.000000000000000E+000 -0.000000000000000E+000 -0.000000000000000E+000   0.291382971454157E-012  0.559487851214507E-012 -0.822893762117287E-012
     36.16000000 -0.000000000000000E+000 -0.000000000000000E+000 -0.000000000000000E+000 -0.000000000000000E+000 -0.000000000000000E+000 -0.000000000000000E+000  0.000000000000000E+000  0.000000000000000E+000  0.000000000000000E+000 -0.000000000000000E+000 -0.000000000000000E+000 -0.000000000000000E+000   0.301293167088797E-012  0.556616007214037E-012 -0.826965208309950E-012
     36.24000000 -0.000000000000000E+000 -0.000000000000000E+000 -0.000000000000000E+000 -0.000000000000000E+000 -0.000000000000000E+000 -0.000000000000000E+000  0.000000000000000E+000  0.000000000000000E+000  0.000000000000000E+000 -0.000000000000000E+000 -0.000000000000000E+000 -0.000000000000000E+000   0.308861685554184E-012  0.552563349090549E-012 -0.829389191231485E-012
     36.32000000 -0.000000000000000E+000 -0.000000000000000E+000 -0.000000000000000E+000 -0.000000000000000E+000 -0.000000000000000E+000 -0.000000000000000E+000  0.000000000000000E+000  0.000000000000000E+000  0.000000000000000E+000 -0.000000000000000E+000 -0.000000000000000E+000 -0.000000000000000E+000   0.314159593291053E-012  0.547795790893042E-012 -0.830165454889712E-012
     36.40000000 -0.000000000000000E+000 -0.000000000000000E+000 -0.000000000000000E+000 -0.000000000000000E+000 -0.000000000000000E+000 -0.000000000000000E+000  0.000000000000000E+000  0.000000000000000E+000  0.000000000000000E+000 -0.000000000000000E+000 -0.000000000000000E+000 -0.000000000000000E+000   0.317206775119387E-012  0.542498641846721E-012 -0.829544193994296E-012
     36.48000000 -0.000000000000000E+000 -0.000000000000000E+000 -0.000000000000000E+000 -0.000000000000000E+000 -0.000000000000000E+000 -0.000000000000000E+000  0.000000000000000E+000  0.000000000000000E+000  0.000000000000000E+000 -0.000000000000000E+000 -0.000000000000000E+000 -0.000000000000000E+000   0.318056047496268E-012  0.536552631179540E-012 -0.827855230877234E-012
     36.56000000 -0.000000000000000E+000 -0.000000000000000E+000 -0.000000000000000E+000 -0.000000000000000E+000 -0.000000000000000E+000 -0.000000000000000E+000  0.000000000000000E+000  0.000000000000000E+000  0.000000000000000E+000 -0.000000000000000E+000 -0.000000000000000E+000 -0.000000000000000E+000   0.316859866564264E-012  0.529582470591593E-012 -0.825367373389377E-012
     36.64000000 -0.000000000000000E+000 -0.000000000000000E+000 -0.000000000000000E+000 -0.000000000000000E+000 -0.000000000000000E+000 -0.000000000000000E+000  0.000000000000000E+000  0.000000000000000E+000  0.000000000000000E+000 -0.000000000000000E+000 -0.000000000000000E+000 -0.000000000000000E+000   0.313890235809936E-012  0.521090353674837E-012 -0.822240578495128E-012
     36.72000000 -0.000000000000000E+000 -0.000000000000000E+000 -0.000000000000000E+000 -0.000000000000000E+000 -0.000000000000000E+000 -0.000000000000000E+000  0.000000000000000E+000  0.000000000000000E+000  0.000000000000000E+000 -0.000000000000000E+000 -0.000000000000000E+000 -0.000000000000000E+000   0.309509448165481E-012  0.510614472545031E-012 -0.818554822166964E-012
     36.80000000 -0.000000000000000E+000 -0.000000000000000E+000 -0.000000000000000E+000 -0.000000000000000E+000 -0.000000000000000E+000 -0.000000000000000E+000  0.000000000000000E+000  0.000000000000000E+000  0.000000000000000E+000 -0.000000000000000E+000 -0.000000000000000E+000 -0.000000000000000E+000   0.304130094257913E-012  0.497939571911407E-012 -0.814358928638827E-012
     36.88000000 -0.000000000000000E+000 -0.000000000000000E+000 -0.000000000000000E+000 -0.000000000000000E+000 -0.000000000000000E+000 -0.000000000000000E+000  0.000000000000000E+000  0.000000000000000E+000  0.000000000000000E+000 -0.000000000000000E+000 -0.000000000000000E+000 -0.000000000000000E+000   0.298191978439746E-012  0.483237339454517E-012 -0.809691277663733E-012
     36.96000000 -0.000000000000000E+000 -0.000000000000000E+000 -0.000000000000000E+000 -0.000000000000000E+000 -0.000000000000000E+000 -0.000000000000000E+000  0.000000000000000E+000  0.000000000000000E+000  0.000000000000000E+000 -0.000000000000000E+000 -0.000000000000000E+000 -0.000000000000000E+000   0.292167379930232E-012  0.467110507004453E-012 -0.804530276552304E-012
     37.04000000 -0.000000000000000E+000 -0.000000000000000E+000 -0.000000000000000E+000 -0.000000000000000E+000 -0.000000000000000E+000 -0.000000000000000E+000  0.000000000000000E+000  0.000000000000000E+000  0.000000000000000E+000 -0.000000000000000E+000 -0.000000000000000E+000 -0.000000000000000E+000   0.286576828458919E-012  0.450516647943300E-012 -0.798774703988938E-012
     37.12000000 -0.000000000000000E+000 -0.000000000000000E+000 -0.000000000000000E+000 -0.000000000000000E+000 -0.000000000000000E+000 -0.000000000000000E+000  0.000000000000000E+000  0.000000000000000E+000  0.000000000000000E+000 -0.000000000000000E+000 -0.000000000000000E+000 -0.000000000000000E+000   0.281955616974934E-012  0.434552208147938E-012 -0.792258467228047E-012
     37.20000000 -0.000000000000000E+000 -0.000000000000000E+000 -0.000000000000000E+000 -0.000000000000000E+000 -0.000000000000000E+000 -0.000000000000000E+000  0.000000000000000E+000  0.000000000000000E+000  0.000000000000000E+000 -0.000000000000000E+000 -0.000000000000000E+000 -0.000000000000000E+000   0.278801471826021E-012  0.420191455706126E-012 -0.784863226606395E-012
     37.28000000 -0.000000000000000E+000 -0.000000000000000E+000 -0.000000000000000E+000 -0.000000000000000E+000 -0.000000000000000E+000 -0.000000000000000E+000  0.000000000000000E+000  0.000000000000000E+000  0.000000000000000E+000 -0.000000000000000E+000 -0.000000000000000E+000 -0.000000000000000E+000   0.277492266331154E-012  0.408062204913079E-012 -0.776637003245205E-012
     37.36000000 -0.000000000000000E+000 -0.000000000000000E+000 -0.000000000000000E+000 -0.000000000000000E+000 -0.000000000000000E+000 -0.000000000000000E+000  0.000000000000000E+000  0.000000000000000E+000  0.000000000000000E+000 -0.000000000000000E+000 -0.000000000000000E+000 -0.000000000000000E+000   0.278223200048689E-012  0.398333648278512E-012 -0.767879430469317E-012
     37.44000000 -0.000000000000000E+000 -0.000000000000000E+000 -0.000000000000000E+000 -0.000000000000000E+000 -0.000000000000000E+000 -0.000000000000000E+000  0.000000000000000E+000  0.000000000000000E+000  0.000000000000000E+000 -0.000000000000000E+000 -0.000000000000000E+000 -0.000000000000000E+000   0.281015460848999E-012  0.390744965158552E-012 -0.759097999222288E-012
     37.52000000 -0.000000000000000E+000 -0.000000000000000E+000 -0.000000000000000E+000 -0.000000000000000E+000 -0.000000000000000E+000 -0.000000000000000E+000  0.000000000000000E+000  0.000000000000000E+000  0.000000000000000E+000 -0.000000000000000E+000 -0.000000000000000E+000 -0.000000000000000E+000   0.285750293959961E-012  0.384745615760049E-012 -0.750861951784746E-012
     37.60000000 -0.000000000000000E+000 -0.000000000000000E+000 -0.000000000000000E+000 -0.000000000000000E+000 -0.000000000000000E+000 -0.000000000000000E+000  0.000000000000000E+000  0.000000000000000E+000  0.000000000000000E+000 -0.000000000000000E+000 -0.000000000000000E+000 -0.000000000000000E+000   0.292261769266311E-012  0.379658569032501E-012 -0.743612331561550E-012
     37.68000000 -0.000000000000000E+000 -0.000000000000000E+000 -0.000000000000000E+000 -0.000000000000000E+000 -0.000000000000000E+000 -0.000000000000000E+000  0.000000000000000E+000  0.000000000000000E+000  0.000000000000000E+000 -0.000000000000000E+000 -0.000000000000000E+000 -0.000000000000000E+000   0.300405800816835E-012  0.374857909791306E-012 -0.737555380910961E-012
     37.76000000 -0.000000000000000E+000 -0.000000000000000E+000 -0.000000000000000E+000 -0.000000000000000E+000 -0.000000000000000E+000 -0.000000000000000E+000  0.000000000000000E+000  0.000000000000000E+000  0.000000000000000E+000 -0.000000000000000E+000 -0.000000000000000E+000 -0.000000000000000E+000   0.310088005549774E-012  0.369896172741516E-012 -0.732653477013701E-012
     37.84000000 -0.000000000000000E+000 -0.000000000000000E+000 -0.000000000000000E+000 -0.000000000000000E+000 -0.000000000000000E+000 -0.000000000000000E+000  0.000000000000000E+000  0.000000000000000E+000  0.000000000000000E+000 -0.000000000000000E+000 -0.000000000000000E+000 -0.000000000000000E+000   0.321240151259377E-012  0.364572762662158E-012 -0.728744259590551E-012
     37.92000000 -0.000000000000000E+000 -0.000000000000000E+000 -0.000000000000000E+000 -0.000000000000000E+000 -0.000000000000000E+000 -0.000000000000000E+000  0.000000000000000E+000  0.000000000000000E+000  0.000000000000000E+000 -0.000000000000000E+000 -0.000000000000000E+000 -0.000000000000000E+000   0.333757226690923E-012  0.358981489644259E-012 -0.725656449795531E-012
     38.00000000 -0.000000000000000E+000 -0.000000000000000E+000 -0.000000000000000E+000 -0.000000000000000E+000 -0.000000000000000E+000 -0.000000000000000E+000  0.000000000000000E+000  0.000000000000000E+000  0.000000000000000E+000 -0.000000000000000E+000 -0.000000000000000E+000 -0.000000000000000E+000   0.347450773664423E-012  0.353463834957764E-012 -0.723309223368353E-012
     38.08000000 -0.000000000000000E+000 -0.000000000000000E+000 -0.000000000000000E+000 -0.000000000000000E+000 -0.000000000000000E+000 -0.000000000000000E+000  0.000000000000000E+000  0.000000000000000E+000  0.000000000000000E+000 -0.000000000000000E+000 -0.000000000000000E+000 -0.000000000000000E+000   0.362009517736158E-012  0.348492092127369E-012 -0.721687852225619E-012
     38.16000000 -0.000000000000000E+000 -0.000000000000000E+000 -0.000000000000000E+000 -0.000000000000000E+000 -0.000000000000000E+000 -0.000000000000000E+000  0.000000000000000E+000  0.000000000000000E+000  0.000000000000000E+000 -0.000000000000000E+000 -0.000000000000000E+000 -0.000000000000000E+000   0.377022477014283E-012  0.344490446970960E-012 -0.720793758880733E-012
     38.24000000 -0.000000000000000E+000 -0.000000000000000E+000 -0.000000000000000E+000 -0.000000000000000E+000 -0.000000000000000E+000 -0.000000000000000E+000  0.000000000000000E+000  0.000000000000000E+000  0.000000000000000E+000 -0.000000000000000E+000 -0.000000000000000E+000 -0.000000000000000E+000   0.392014283307244E-012  0.341627149344698E-012 -0.720581253247144E-012
     38.32000000 -0.000000000000000E+000 -0.000000000000000E+000 -0.000000000000000E+000 -0.000000000000000E+000 -0.000000000000000E+000 -0.000000000000000E+000  0.000000000000000E+000  0.000000000000000E+000  0.000000000000000E+000 -0.000000000000000E+000 -0.000000000000000E+000 -0.000000000000000E+000   0.406487182911273E-012  0.339683901666443E-012 -0.720956542801914E-012
     38.40000000 -0.000000000000000E+000 -0.000000000000000E+000 -0.000000000000000E+000 -0.000000000000000E+000 -0.000000000000000E+000 -0.000000000000000E+000  0.000000000000000E+000  0.000000000000000E+000  0.000000000000000E+000 -0.000000000000000E+000 -0.000000000000000E+000 -0.000000000000000E+000   0.419941799081984E-012  0.338042546569499E-012 -0.721823596345396E-012
     38.48000000 -0.000000000000000E+000 -0.000000000000000E+000 -0.000000000000000E+000 -0.000000000000000E+000 -0.000000000000000E+000 -0.000000000000000E+000  0.000000000000000E+000  0.000000000000000E+000  0.000000000000000E+000 -0.000000000000000E+000 -0.000000000000000E+000 -0.000000000000000E+000   0.431885089124632E-012  0.335800845891132E-012 -0.723121760797167E-012
     38.56000000 -0.000000000000000E+000 -0.000000000000000E+000 -0.000000000000000E+000 -0.000000000000000E+000 -0.000000000000000E+000 -0.000000000000000E+000  0.000000000000000E+000  0.000000000000000E+000  0.000000000000000E+000 -0.000000000000000E+000 -0.000000000000000E+000 -0.000000000000000E+000   0.441839862283734E-012  0.332013904889384E-012 -0.724840149964303E-012
     38.64000000 -0.000000000000000E+000 -0.000000000000000E+000 -0.000000000000000E+000 -0.000000000000000E+000 -0.000000000000000E+000 -0.000000000000000E+000  0.000000000000000E+000  0.000000000000000E+000  0.000000000000000E+000 -0.000000000000000E+000 -0.000000000000000E+000 -0.000000000000000E+000   0.449374669339766E-012  0.325908574728520E-012 -0.726948732450516E-012
     38.72000000 -0.000000000000000E+000 -0.000000000000000E+000 -0.000000000000000E+000 -0.000000000000000E+000 -0.000000000000000E+000 -0.000000000000000E+000  0.000000000000000E+000  0.000000000000000E+000  0.000000000000000E+000 -0.000000000000000E+000 -0.000000000000000E+000 -0.000000000000000E+000   0.454152847448136E-012  0.317054270288109E-012 -0.729329107355226E-012
     38.80000000 -0.000000000000000E+000 -0.000000000000000E+000 -0.000000000000000E+000 -0.000000000000000E+000 -0.000000000000000E+000 -0.000000000000000E+000  0.000000000000000E+000  0.000000000000000E+000  0.000000000000000E+000 -0.000000000000000E+000 -0.000000000000000E+000 -0.000000000000000E+000   0.455997540646966E-012  0.305429453590829E-012 -0.731717290523360E-012
     38.88000000 -0.000000000000000E+000 -0.000000000000000E+000 -0.000000000000000E+000 -0.000000000000000E+000 -0.000000000000000E+000 -0.000000000000000E+000  0.000000000000000E+000  0.000000000000000E+000  0.000000000000000E+000 -0.000000000000000E+000 -0.000000000000000E+000 -0.000000000000000E+000   0.454898282118756E-012  0.291366216264056E-012 -0.733755200094072E-012
     38.96000000 -0.000000000000000E+000 -0.000000000000000E+000 -0.000000000000000E+000 -0.000000000000000E+000 -0.000000000000000E+000 -0.000000000000000E+000  0.000000000000000E+000  0.000000000000000E+000  0.000000000000000E+000 -0.000000000000000E+000 -0.000000000000000E+000 -0.000000000000000E+000   0.450974830526528E-012  0.275446022709159E-012 -0.735074661087405E-012
     39.04000000 -0.000000000000000E+000 -0.000000000000000E+000 -0.000000000000000E+000 -0.000000000000000E+000 -0.000000000000000E+000 -0.000000000000000E+000  0.000000000000000E+000  0.000000000000000E+000  0.000000000000000E+000 -0.000000000000000E+000 -0.000000000000000E+000 -0.000000000000000E+000   0.444410807554885E-012  0.258359700951226E-012 -0.735414104709792E-012
     39.12000000 -0.000000000000000E+000 -0.000000000000000E+000 -0.000000000000000E+000 -0.000000000000000E+000 -0.000000000000000E+000 -0.000000000000000E+000  0.000000000000000E+000  0.000000000000000E+000  0.000000000000000E+000 -0.000000000000000E+000 -0.000000000000000E+000 -0.000000000000000E+000   0.435385558062219E-012  0.240749262059615E-012 -0.734666568393572E-012
     39.20000000 -0.000000000000000E+000 -0.000000000000000E+000 -0.000000000000000E+000 -0.000000000000000E+000 -0.000000000000000E+000 -0.000000000000000E+000  0.000000000000000E+000  0.000000000000000E+000  0.000000000000000E+000 -0.000000000000000E+000 -0.000000000000000E+000 -0.000000000000000E+000   0.424061682759621E-012  0.223096490845540E-012 -0.732847534144212E-012
     39.28000000 -0.000000000000000E+000 -0.000000000000000E+000 -0.000000000000000E+000 -0.000000000000000E+000 -0.000000000000000E+000 -0.000000000000000E+000  0.000000000000000E+000  0.000000000000000E+000  0.000000000000000E+000 -0.000000000000000E+000 -0.000000000000000E+000 -0.000000000000000E+000   0.410595806195651E-012  0.205632919435856E-012 -0.729995557395635E-012
     39.36000000 -0.000000000000000E+000 -0.000000000000000E+000 -0.000000000000000E+000 -0.000000000000000E+000 -0.000000000000000E+000 -0.000000000000000E+000  0.000000000000000E+000  0.000000000000000E+000  0.000000000000000E+000 -0.000000000000000E+000 -0.000000000000000E+000 -0.000000000000000E+000   0.395215141256564E-012  0.188312757605891E-012 -0.726100189651347E-012
     39.44000000 -0.000000000000000E+000 -0.000000000000000E+000 -0.000000000000000E+000 -0.000000000000000E+000 -0.000000000000000E+000 -0.000000000000000E+000  0.000000000000000E+000  0.000000000000000E+000  0.000000000000000E+000 -0.000000000000000E+000 -0.000000000000000E+000 -0.000000000000000E+000   0.378227391797120E-012  0.170868771354756E-012 -0.721069597983450E-012
     39.52000000 -0.000000000000000E+000 -0.000000000000000E+000 -0.000000000000000E+000 -0.000000000000000E+000 -0.000000000000000E+000 -0.000000000000000E+000  0.000000000000000E+000  0.000000000000000E+000  0.000000000000000E+000 -0.000000000000000E+000 -0.000000000000000E+000 -0.000000000000000E+000   0.360026368908229E-012  0.152942729994779E-012 -0.714799849567019E-012
     39.60000000 -0.000000000000000E+000 -0.000000000000000E+000 -0.000000000000000E+000 -0.000000000000000E+000 -0.000000000000000E+000 -0.000000000000000E+000  0.000000000000000E+000  0.000000000000000E+000  0.000000000000000E+000 -0.000000000000000E+000 -0.000000000000000E+000 -0.000000000000000E+000   0.341058702647609E-012  0.134256587369100E-012 -0.707256380438352E-012
     39.68000000 -0.000000000000000E+000 -0.000000000000000E+000 -0.000000000000000E+000 -0.000000000000000E+000 -0.000000000000000E+000 -0.000000000000000E+000  0.000000000000000E+000  0.000000000000000E+000  0.000000000000000E+000 -0.000000000000000E+000 -0.000000000000000E+000 -0.000000000000000E+000   0.321784501312210E-012  0.114784138913543E-012 -0.698548471149200E-012
     39.76000000 -0.000000000000000E+000 -0.000000000000000E+000 -0.000000000000000E+000 -0.000000000000000E+000 -0.000000000000000E+000 -0.000000000000000E+000  0.000000000000000E+000  0.000000000000000E+000  0.000000000000000E+000 -0.000000000000000E+000 -0.000000000000000E+000 -0.000000000000000E+000   0.302674060683838E-012  0.948391823516088E-013 -0.688907792614331E-012
     39.84000000 -0.000000000000000E+000 -0.000000000000000E+000 -0.000000000000000E+000 -0.000000000000000E+000 -0.000000000000000E+000 -0.000000000000000E+000  0.000000000000000E+000  0.000000000000000E+000  0.000000000000000E+000 -0.000000000000000E+000 -0.000000000000000E+000 -0.000000000000000E+000   0.284205811072264E-012  0.750542527754696E-013 -0.678616996340113E-012
     39.92000000 -0.000000000000000E+000 -0.000000000000000E+000 -0.000000000000000E+000 -0.000000000000000E+000 -0.000000000000000E+000 -0.000000000000000E+000  0.000000000000000E+000  0.000000000000000E+000  0.000000000000000E+000 -0.000000000000000E+000 -0.000000000000000E+000 -0.000000000000000E+000   0.266874994195255E-012  0.562499642374982E-013 -0.667928342039792E-012
     40.00000000 -0.000000000000000E+000 -0.000000000000000E+000 -0.000000000000000E+000 -0.000000000000000E+000 -0.000000000000000E+000 -0.000000000000000E+000  0.000000000000000E+000  0.000000000000000E+000  0.000000000000000E+000 -0.000000000000000E+000 -0.000000000000000E+000 -0.000000000000000E+000   0.251169167236703E-012  0.392288411779867E-013 -0.657019538480567E-012
     40.08000000 -0.000000000000000E+000 -0.000000000000000E+000 -0.000000000000000E+000 -0.000000000000000E+000 -0.000000000000000E+000 -0.000000000000000E+000  0.000000000000000E+000  0.000000000000000E+000  0.000000000000000E+000 -0.000000000000000E+000 -0.000000000000000E+000 -0.000000000000000E+000   0.237512882183700E-012  0.245826647341137E-013 -0.646016779768077E-012
     40.16000000 -0.000000000000000E+000 -0.000000000000000E+000 -0.000000000000000E+000 -0.000000000000000E+000 -0.000000000000000E+000 -0.000000000000000E+000  0.000000000000000E+000  0.000000000000000E+000  0.000000000000000E+000 -0.000000000000000E+000 -0.000000000000000E+000 -0.000000000000000E+000   0.226203525653250E-012  0.125593256859273E-013 -0.635048225626348E-012
     40.24000000 -0.000000000000000E+000 -0.000000000000000E+000 -0.000000000000000E+000 -0.000000000000000E+000 -0.000000000000000E+000 -0.000000000000000E+000  0.000000000000000E+000  0.000000000000000E+000  0.000000000000000E+000 -0.000000000000000E+000 -0.000000000000000E+000 -0.000000000000000E+000   0.217380830223676E-012  0.304687790036376E-014 -0.624282419298655E-012
     40.32000000 -0.000000000000000E+000 -0.000000000000000E+000 -0.000000000000000E+000 -0.000000000000000E+000 -0.000000000000000E+000 -0.000000000000000E+000  0.000000000000000E+000  0.000000000000000E+000  0.000000000000000E+000 -0.000000000000000E+000 -0.000000000000000E+000 -0.000000000000000E+000   0.211034800655230E-012 -0.437236374493596E-014 -0.613917552942129E-012
     40.40000000 -0.000000000000000E+000 -0.000000000000000E+000 -0.000000000000000E+000 -0.000000000000000E+000 -0.000000000000000E+000 -0.000000000000000E+000  0.000000000000000E+000  0.000000000000000E+000  0.000000000000000E+000 -0.000000000000000E+000 -0.000000000000000E+000 -0.000000000000000E+000   0.207036040681269E-012 -0.102807443146319E-013 -0.604132802008573E-012
     40.48000000 -0.000000000000000E+000 -0.000000000000000E+000 -0.000000000000000E+000 -0.000000000000000E+000 -0.000000000000000E+000 -0.000000000000000E+000  0.000000000000000E+000  0.000000000000000E+000  0.000000000000000E+000 -0.000000000000000E+000 -0.000000000000000E+000 -0.000000000000000E+000   0.205192069279996E-012 -0.153088699245322E-013 -0.595044801554474E-012
     40.56000000 -0.000000000000000E+000 -0.000000000000000E+000 -0.000000000000000E+000 -0.000000000000000E+000 -0.000000000000000E+000 -0.000000000000000E+000  0.000000000000000E+000  0.000000000000000E+000  0.000000000000000E+000 -0.000000000000000E+000 -0.000000000000000E+000 -0.000000000000000E+000   0.205279782490614E-012 -0.200042077087154E-013 -0.586710157976036E-012
     40.64000000 -0.000000000000000E+000 -0.000000000000000E+000 -0.000000000000000E+000 -0.000000000000000E+000 -0.000000000000000E+000 -0.000000000000000E+000  0.000000000000000E+000  0.000000000000000E+000  0.000000000000000E+000 -0.000000000000000E+000 -0.000000000000000E+000 -0.000000000000000E+000   0.207056650059509E-012 -0.247567138170337E-013 -0.579179066822171E-012
     40.72000000 -0.000000000000000E+000 -0.000000000000000E+000 -0.000000000000000E+000 -0.000000000000000E+000 -0.000000000000000E+000 -0.000000000000000E+000  0.000000000000000E+000  0.000000000000000E+000  0.000000000000000E+000 -0.000000000000000E+000 -0.000000000000000E+000 -0.000000000000000E+000   0.210248714677460E-012 -0.297438874544592E-013 -0.572561132901392E-012
     40.80000000 -0.000000000000000E+000 -0.000000000000000E+000 -0.000000000000000E+000 -0.000000000000000E+000 -0.000000000000000E+000 -0.000000000000000E+000  0.000000000000000E+000  0.000000000000000E+000  0.000000000000000E+000 -0.000000000000000E+000 -0.000000000000000E+000 -0.000000000000000E+000   0.214552329463806E-012 -0.349343331879442E-013 -0.567055457895984E-012
     40.88000000 -0.000000000000000E+000 -0.000000000000000E+000 -0.000000000000000E+000 -0.000000000000000E+000 -0.000000000000000E+000 -0.000000000000000E+000  0.000000000000000E+000  0.000000000000000E+000  0.000000000000000E+000 -0.000000000000000E+000 -0.000000000000000E+000 -0.000000000000000E+000   0.219613968465581E-012 -0.401282699520354E-013 -0.562901802073593E-012
     40.96000000 -0.000000000000000E+000 -0.000000000000000E+000 -0.000000000000000E+000 -0.000000000000000E+000 -0.000000000000000E+000 -0.000000000000000E+000  0.000000000000000E+000  0.000000000000000E+000  0.000000000000000E+000 -0.000000000000000E+000 -0.000000000000000E+000 -0.000000000000000E+000   0.225041323165581E-012 -0.450912161884150E-013 -0.560280438138776E-012
     41.04000000 -0.000000000000000E+000 -0.000000000000000E+000 -0.000000000000000E+000 -0.000000000000000E+000 -0.000000000000000E+000 -0.000000000000000E+000  0.000000000000000E+000  0.000000000000000E+000  0.000000000000000E+000 -0.000000000000000E+000 -0.000000000000000E+000 -0.000000000000000E+000   0.230403142612737E-012 -0.496968364937976E-013 -0.559216148142301E-012
     41.12000000 -0.000000000000000E+000 -0.000000000000000E+000 -0.000000000000000E+000 -0.000000000000000E+000 -0.000000000000000E+000 -0.000000000000000E+000  0.000000000000000E+000  0.000000000000000E+000  0.000000000000000E+000 -0.000000000000000E+000 -0.000000000000000E+000 -0.000000000000000E+000   0.235234861485473E-012 -0.540674589899668E-013 -0.559511916487173E-012
     41.20000000 -0.000000000000000E+000 -0.000000000000000E+000 -0.000000000000000E+000 -0.000000000000000E+000 -0.000000000000000E+000 -0.000000000000000E+000  0.000000000000000E+000  0.000000000000000E+000  0.000000000000000E+000 -0.000000000000000E+000 -0.000000000000000E+000 -0.000000000000000E+000   0.239048440983237E-012 -0.586233412697139E-013 -0.560805211064186E-012
     41.28000000 -0.000000000000000E+000 -0.000000000000000E+000 -0.000000000000000E+000 -0.000000000000000E+000 -0.000000000000000E+000 -0.000000000000000E+000  0.000000000000000E+000  0.000000000000000E+000  0.000000000000000E+000 -0.000000000000000E+000 -0.000000000000000E+000 -0.000000000000000E+000   0.241346852964407E-012 -0.640214044410208E-013 -0.562646809769315E-012
     41.36000000 -0.000000000000000E+000 -0.000000000000000E+000 -0.000000000000000E+000 -0.000000000000000E+000 -0.000000000000000E+000 -0.000000000000000E+000  0.000000000000000E+000  0.000000000000000E+000  0.000000000000000E+000 -0.000000000000000E+000 -0.000000000000000E+000 -0.000000000000000E+000   0.241649995389889E-012 -0.709858167496720E-013 -0.564609239794896E-012
     41.44000000 -0.000000000000000E+000 -0.000000000000000E+000 -0.000000000000000E+000 -0.000000000000000E+000 -0.000000000000000E+000 -0.000000000000000E+000  0.000000000000000E+000  0.000000000000000E+000  0.000000000000000E+000 -0.000000000000000E+000 -0.000000000000000E+000 -0.000000000000000E+000   0.239531303220363E-012 -0.801255775676254E-013 -0.566360135953279E-012
     41.52000000 -0.000000000000000E+000 -0.000000000000000E+000 -0.000000000000000E+000 -0.000000000000000E+000 -0.000000000000000E+000 -0.000000000000000E+000  0.000000000000000E+000  0.000000000000000E+000  0.000000000000000E+000 -0.000000000000000E+000 -0.000000000000000E+000 -0.000000000000000E+000   0.234657286408427E-012 -0.917774516344002E-013 -0.567673056597396E-012
     41.60000000 -0.000000000000000E+000 -0.000000000000000E+000 -0.000000000000000E+000 -0.000000000000000E+000 -0.000000000000000E+000 -0.000000000000000E+000  0.000000000000000E+000  0.000000000000000E+000  0.000000000000000E+000 -0.000000000000000E+000 -0.000000000000000E+000 -0.000000000000000E+000   0.226809611231869E-012 -0.105958776898765E-012 -0.568412628043211E-012
     41.68000000 -0.000000000000000E+000 -0.000000000000000E+000 -0.000000000000000E+000 -0.000000000000000E+000 -0.000000000000000E+000 -0.000000000000000E+000  0.000000000000000E+000  0.000000000000000E+000  0.000000000000000E+000 -0.000000000000000E+000 -0.000000000000000E+000 -0.000000000000000E+000   0.215906458323550E-012 -0.122399837239579E-012 -0.568495649820678E-012
     41.76000000 -0.000000000000000E+000 -0.000000000000000E+000 -0.000000000000000E+000 -0.000000000000000E+000 -0.000000000000000E+000 -0.000000000000000E+000  0.000000000000000E+000  0.000000000000000E+000  0.000000000000000E+000 -0.000000000000000E+000 -0.000000000000000E+000 -0.000000000000000E+000   0.201990252363893E-012 -0.140648484712788E-012 -0.567868919727637E-012
     41.84000000 -0.000000000000000E+000 -0.000000000000000E+000 -0.000000000000000E+000 -0.000000000000000E+000 -0.000000000000000E+000 -0.000000000000000E+000  0.000000000000000E+000  0.000000000000000E+000  0.000000000000000E+000 -0.000000000000000E+000 -0.000000000000000E+000 -0.000000000000000E+000   0.185203045421150E-012 -0.160170807472170E-012 -0.566510303977513E-012
     41.92000000 -0.000000000000000E+000 -0.000000000000000E+000 -0.000000000000000E+000 -0.000000000000000E+000 -0.000000000000000E+000 -0.000000000000000E+000  0.000000000000000E+000  0.000000000000000E+000  0.000000000000000E+000 -0.000000000000000E+000 -0.000000000000000E+000 -0.000000000000000E+000   0.165753193796844E-012 -0.180448350077750E-012 -0.564408430494188E-012
     42.00000000 -0.000000000000000E+000 -0.000000000000000E+000 -0.000000000000000E+000 -0.000000000000000E+000 -0.000000000000000E+000 -0.000000000000000E+000  0.000000000000000E+000  0.000000000000000E+000  0.000000000000000E+000 -0.000000000000000E+000 -0.000000000000000E+000 -0.000000000000000E+000   0.143893036260632E-012 -0.201043737342022E-012 -0.561529248302208E-012
     42.08000000 -0.000000000000000E+000 -0.000000000000000E+000 -0.000000000000000E+000 -0.000000000000000E+000 -0.000000000000000E+000 -0.000000000000000E+000  0.000000000000000E+000  0.000000000000000E+000  0.000000000000000E+000 -0.000000000000000E+000 -0.000000000000000E+000 -0.000000000000000E+000   0.119902810965155E-012 -0.221659883815252E-012 -0.557781327033924E-012
     42.16000000 -0.000000000000000E+000 -0.000000000000000E+000 -0.000000000000000E+000 -0.000000000000000E+000 -0.000000000000000E+000 -0.000000000000000E+000  0.000000000000000E+000  0.000000000000000E+000  0.000000000000000E+000 -0.000000000000000E+000 -0.000000000000000E+000 -0.000000000000000E+000   0.940939675330963E-013 -0.242162198597334E-012 -0.552976888896407E-012
     42.24000000 -0.000000000000000E+000 -0.000000000000000E+000 -0.000000000000000E+000 -0.000000000000000E+000 -0.000000000000000E+000 -0.000000000000000E+000  0.000000000000000E+000  0.000000000000000E+000  0.000000000000000E+000 -0.000000000000000E+000 -0.000000000000000E+000 -0.000000000000000E+000   0.668000788328569E-013 -0.262567467748016E-012 -0.546853634263516E-012
     42.32000000 -0.000000000000000E+000 -0.000000000000000E+000 -0.000000000000000E+000 -0.000000000000000E+000 -0.000000000000000E+000 -0.000000000000000E+000  0.000000000000000E+000  0.000000000000000E+000  0.000000000000000E+000 -0.000000000000000E+000 -0.000000000000000E+000 -0.000000000000000E+000   0.383865955354639E-013 -0.282970226669500E-012 -0.539135247184354E-012
     42.40000000 -0.000000000000000E+000 -0.000000000000000E+000 -0.000000000000000E+000 -0.000000000000000E+000 -0.000000000000000E+000 -0.000000000000000E+000  0.000000000000000E+000  0.000000000000000E+000  0.000000000000000E+000 -0.000000000000000E+000 -0.000000000000000E+000 -0.000000000000000E+000   0.924611502772877E-014 -0.303433785741425E-012 -0.529651310151336E-012
     42.48000000 -0.000000000000000E+000 -0.000000000000000E+000 -0.000000000000000E+000 -0.000000000000000E+000 -0.000000000000000E+000 -0.000000000000000E+000  0.000000000000000E+000  0.000000000000000E+000  0.000000000000000E+000 -0.000000000000000E+000 -0.000000000000000E+000 -0.000000000000000E+000  -0.201948227483018E-013 -0.323860911102846E-012 -0.518417002998767E-012
     42.56000000 -0.000000000000000E+000 -0.000000000000000E+000 -0.000000000000000E+000 -0.000000000000000E+000 -0.000000000000000E+000 -0.000000000000000E+000  0.000000000000000E+000  0.000000000000000E+000  0.000000000000000E+000 -0.000000000000000E+000 -0.000000000000000E+000 -0.000000000000000E+000  -0.494763173010958E-013 -0.343923616036276E-012 -0.505686060155626E-012
     42.64000000 -0.000000000000000E+000 -0.000000000000000E+000 -0.000000000000000E+000 -0.000000000000000E+000 -0.000000000000000E+000 -0.000000000000000E+000  0.000000000000000E+000  0.000000000000000E+000  0.000000000000000E+000 -0.000000000000000E+000 -0.000000000000000E+000 -0.000000000000000E+000  -0.781003875455943E-013 -0.363070449968544E-012 -0.491902535695582E-012
     42.72000000 -0.000000000000000E+000 -0.000000000000000E+000 -0.000000000000000E+000 -0.000000000000000E+000 -0.000000000000000E+000 -0.000000000000000E+000  0.000000000000000E+000  0.000000000000000E+000  0.000000000000000E+000 -0.000000000000000E+000 -0.000000000000000E+000 -0.000000000000000E+000  -0.105552125039348E-012 -0.380631867361650E-012 -0.477616404221210E-012
     42.80000000 -0.000000000000000E+000 -0.000000000000000E+000 -0.000000000000000E+000 -0.000000000000000E+000 -0.000000000000000E+000 -0.000000000000000E+000  0.000000000000000E+000  0.000000000000000E+000  0.000000000000000E+000 -0.000000000000000E+000 -0.000000000000000E+000 -0.000000000000000E+000  -0.131338302873629E-012 -0.395979613965193E-012 -0.463360233870762E-012
     42.88000000 -0.000000000000000E+000 -0.000000000000000E+000 -0.000000000000000E+000 -0.000000000000000E+000 -0.000000000000000E+000 -0.000000000000000E+000  0.000000000000000E+000  0.000000000000000E+000  0.000000000000000E+000 -0.000000000000000E+000 -0.000000000000000E+000 -0.000000000000000E+000  -0.155042960108700E-012 -0.408677364912520E-012 -0.449573032158349E-012
     42.96000000 -0.000000000000000E+000 -0.000000000000000E+000 -0.000000000000000E+000 -0.000000000000000E+000 -0.000000000000000E+000 -0.000000000000000E+000  0.000000000000000E+000  0.000000000000000E+000  0.000000000000000E+000 -0.000000000000000E+000 -0.000000000000000E+000 -0.000000000000000E+000  -0.176372923206695E-012 -0.418562996089744E-012 -0.436557344696314E-012
     43.04000000 -0.000000000000000E+000 -0.000000000000000E+000 -0.000000000000000E+000 -0.000000000000000E+000 -0.000000000000000E+000 -0.000000000000000E+000  0.000000000000000E+000  0.000000000000000E+000  0.000000000000000E+000 -0.000000000000000E+000 -0.000000000000000E+000 -0.000000000000000E+000  -0.195182929154317E-012 -0.425742827574350E-012 -0.424490078143024E-012
     43.12000000 -0.000000000000000E+000 -0.000000000000000E+000 -0.000000000000000E+000 -0.000000000000000E+000 -0.000000000000000E+000 -0.000000000000000E+000  0.000000000000000E+000  0.000000000000000E+000  0.000000000000000E+000 -0.000000000000000E+000 -0.000000000000000E+000 -0.000000000000000E+000  -0.211451521540379E-012 -0.430521870534730E-012 -0.413455642657062E-012
     43.20000000 -0.000000000000000E+000 -0.000000000000000E+000 -0.000000000000000E+000 -0.000000000000000E+000 -0.000000000000000E+000 -0.000000000000000E+000  0.000000000000000E+000  0.000000000000000E+000  0.000000000000000E+000 -0.000000000000000E+000 -0.000000000000000E+000 -0.000000000000000E+000  -0.225250247920328E-012 -0.433292437503654E-012 -0.403473933348292E-012
     43.28000000 -0.000000000000000E+000 -0.000000000000000E+000 -0.000000000000000E+000 -0.000000000000000E+000 -0.000000000000000E+000 -0.000000000000000E+000  0.000000000000000E+000  0.000000000000000E+000  0.000000000000000E+000 -0.000000000000000E+000 -0.000000000000000E+000 -0.000000000000000E+000  -0.236707992074502E-012 -0.434448896229536E-012 -0.394527663215409E-012
     43.36000000 -0.000000000000000E+000 -0.000000000000000E+000 -0.000000000000000E+000 -0.000000000000000E+000 -0.000000000000000E+000 -0.000000000000000E+000  0.000000000000000E+000  0.000000000000000E+000  0.000000000000000E+000 -0.000000000000000E+000 -0.000000000000000E+000 -0.000000000000000E+000  -0.245986756395013E-012 -0.434325002539894E-012 -0.386596774518223E-012
     43.44000000 -0.000000000000000E+000 -0.000000000000000E+000 -0.000000000000000E+000 -0.000000000000000E+000 -0.000000000000000E+000 -0.000000000000000E+000  0.000000000000000E+000  0.000000000000000E+000  0.000000000000000E+000 -0.000000000000000E+000 -0.000000000000000E+000 -0.000000000000000E+000  -0.253295883506197E-012 -0.433156964685393E-012 -0.379696941005361E-012
     43.52000000 -0.000000000000000E+000 -0.000000000000000E+000 -0.000000000000000E+000 -0.000000000000000E+000 -0.000000000000000E+000 -0.000000000000000E+000  0.000000000000000E+000  0.000000000000000E+000  0.000000000000000E+000 -0.000000000000000E+000 -0.000000000000000E+000 -0.000000000000000E+000  -0.258883356044119E-012 -0.431096500948793E-012 -0.373914432041355E-012
     43.60000000 -0.000000000000000E+000 -0.000000000000000E+000 -0.000000000000000E+000 -0.000000000000000E+000 -0.000000000000000E+000 -0.000000000000000E+000  0.000000000000000E+000  0.000000000000000E+000  0.000000000000000E+000 -0.000000000000000E+000 -0.000000000000000E+000 -0.000000000000000E+000  -0.263045117532613E-012 -0.428214663465381E-012 -0.369435260578929E-012
     43.68000000 -0.000000000000000E+000 -0.000000000000000E+000 -0.000000000000000E+000 -0.000000000000000E+000 -0.000000000000000E+000 -0.000000000000000E+000  0.000000000000000E+000  0.000000000000000E+000  0.000000000000000E+000 -0.000000000000000E+000 -0.000000000000000E+000 -0.000000000000000E+000  -0.266088565137770E-012 -0.424525961721315E-012 -0.366496361936736E-012
     43.76000000 -0.000000000000000E+000 -0.000000000000000E+000 -0.000000000000000E+000 -0.000000000000000E+000 -0.000000000000000E+000 -0.000000000000000E+000  0.000000000000000E+000  0.000000000000000E+000  0.000000000000000E+000 -0.000000000000000E+000 -0.000000000000000E+000 -0.000000000000000E+000  -0.268339602754430E-012 -0.420049005344161E-012 -0.365330799426223E-012
     43.84000000 -0.000000000000000E+000 -0.000000000000000E+000 -0.000000000000000E+000 -0.000000000000000E+000 -0.000000000000000E+000 -0.000000000000000E+000  0.000000000000000E+000  0.000000000000000E+000  0.000000000000000E+000 -0.000000000000000E+000 -0.000000000000000E+000 -0.000000000000000E+000  -0.270131615774368E-012 -0.414869383813338E-012 -0.366065915604223E-012
     43.92000000 -0.000000000000000E+000 -0.000000000000000E+000 -0.000000000000000E+000 -0.000000000000000E+000 -0.000000000000000E+000 -0.000000000000000E+000  0.000000000000000E+000  0.000000000000000E+000  0.000000000000000E+000 -0.000000000000000E+000 -0.000000000000000E+000 -0.000000000000000E+000  -0.271845224664008E-012 -0.409225500386965E-012 -0.368645056891658E-012
     44.00000000 -0.000000000000000E+000 -0.000000000000000E+000 -0.000000000000000E+000 -0.000000000000000E+000 -0.000000000000000E+000 -0.000000000000000E+000  0.000000000000000E+000  0.000000000000000E+000  0.000000000000000E+000 -0.000000000000000E+000 -0.000000000000000E+000 -0.000000000000000E+000  -0.273912886047392E-012 -0.403534197420991E-012 -0.372811961062263E-012
     44.08000000 -0.000000000000000E+000 -0.000000000000000E+000 -0.000000000000000E+000 -0.000000000000000E+000 -0.000000000000000E+000 -0.000000000000000E+000  0.000000000000000E+000  0.000000000000000E+000  0.000000000000000E+000 -0.000000000000000E+000 -0.000000000000000E+000 -0.000000000000000E+000  -0.276819117577739E-012 -0.398354132421363E-012 -0.378146881252741E-012
     44.16000000 -0.000000000000000E+000 -0.000000000000000E+000 -0.000000000000000E+000 -0.000000000000000E+000 -0.000000000000000E+000 -0.000000000000000E+000  0.000000000000000E+000  0.000000000000000E+000  0.000000000000000E+000 -0.000000000000000E+000 -0.000000000000000E+000 -0.000000000000000E+000  -0.281061376811004E-012 -0.394280685976081E-012 -0.384152871389551E-012
     44.24000000 -0.000000000000000E+000 -0.000000000000000E+000 -0.000000000000000E+000 -0.000000000000000E+000 -0.000000000000000E+000 -0.000000000000000E+000  0.000000000000000E+000  0.000000000000000E+000  0.000000000000000E+000 -0.000000000000000E+000 -0.000000000000000E+000 -0.000000000000000E+000  -0.287079726099663E-012 -0.391803156768780E-012 -0.390341582720825E-012
     44.32000000 -0.000000000000000E+000 -0.000000000000000E+000 -0.000000000000000E+000 -0.000000000000000E+000 -0.000000000000000E+000 -0.000000000000000E+000  0.000000000000000E+000  0.000000000000000E+000  0.000000000000000E+000 -0.000000000000000E+000 -0.000000000000000E+000 -0.000000000000000E+000  -0.295196587091994E-012 -0.391198945705445E-012 -0.396301759292502E-012
     44.40000000 -0.000000000000000E+000 -0.000000000000000E+000 -0.000000000000000E+000 -0.000000000000000E+000 -0.000000000000000E+000 -0.000000000000000E+000  0.000000000000000E+000  0.000000000000000E+000  0.000000000000000E+000 -0.000000000000000E+000 -0.000000000000000E+000 -0.000000000000000E+000  -0.305599584236591E-012 -0.392496178546460E-012 -0.401733486690292E-012
     44.48000000 -0.000000000000000E+000 -0.000000000000000E+000 -0.000000000000000E+000 -0.000000000000000E+000 -0.000000000000000E+000 -0.000000000000000E+000  0.000000000000000E+000  0.000000000000000E+000  0.000000000000000E+000 -0.000000000000000E+000 -0.000000000000000E+000 -0.000000000000000E+000  -0.318346579797176E-012 -0.395521161084339E-012 -0.406434002041794E-012
     44.56000000 -0.000000000000000E+000 -0.000000000000000E+000 -0.000000000000000E+000 -0.000000000000000E+000 -0.000000000000000E+000 -0.000000000000000E+000  0.000000000000000E+000  0.000000000000000E+000  0.000000000000000E+000 -0.000000000000000E+000 -0.000000000000000E+000 -0.000000000000000E+000  -0.333412353775573E-012 -0.400007650911429E-012 -0.410278431357902E-012
     44.64000000 -0.000000000000000E+000 -0.000000000000000E+000 -0.000000000000000E+000 -0.000000000000000E+000 -0.000000000000000E+000 -0.000000000000000E+000  0.000000000000000E+000  0.000000000000000E+000  0.000000000000000E+000 -0.000000000000000E+000 -0.000000000000000E+000 -0.000000000000000E+000  -0.350693097076414E-012 -0.405677882458375E-012 -0.413200355208859E-012
     44.72000000 -0.000000000000000E+000 -0.000000000000000E+000 -0.000000000000000E+000 -0.000000000000000E+000 -0.000000000000000E+000 -0.000000000000000E+000  0.000000000000000E+000  0.000000000000000E+000  0.000000000000000E+000 -0.000000000000000E+000 -0.000000000000000E+000 -0.000000000000000E+000  -0.370046561370776E-012 -0.412306306035173E-012 -0.415159119024871E-012
     44.80000000 -0.000000000000000E+000 -0.000000000000000E+000 -0.000000000000000E+000 -0.000000000000000E+000 -0.000000000000000E+000 -0.000000000000000E+000  0.000000000000000E+000  0.000000000000000E+000  0.000000000000000E+000 -0.000000000000000E+000 -0.000000000000000E+000 -0.000000000000000E+000  -0.391264667180052E-012 -0.419728662502964E-012 -0.416126240413310E-012
     44.88000000 -0.000000000000000E+000 -0.000000000000000E+000 -0.000000000000000E+000 -0.000000000000000E+000 -0.000000000000000E+000 -0.000000000000000E+000  0.000000000000000E+000  0.000000000000000E+000  0.000000000000000E+000 -0.000000000000000E+000 -0.000000000000000E+000 -0.000000000000000E+000  -0.414084661621356E-012 -0.427814115262638E-012 -0.416071094678366E-012
     44.96000000 -0.000000000000000E+000 -0.000000000000000E+000 -0.000000000000000E+000 -0.000000000000000E+000 -0.000000000000000E+000 -0.000000000000000E+000  0.000000000000000E+000  0.000000000000000E+000  0.000000000000000E+000 -0.000000000000000E+000 -0.000000000000000E+000 -0.000000000000000E+000  -0.438197406028860E-012 -0.436453848563932E-012 -0.414944689936317E-012
     45.04000000 -0.000000000000000E+000 -0.000000000000000E+000 -0.000000000000000E+000 -0.000000000000000E+000 -0.000000000000000E+000 -0.000000000000000E+000  0.000000000000000E+000  0.000000000000000E+000  0.000000000000000E+000 -0.000000000000000E+000 -0.000000000000000E+000 -0.000000000000000E+000  -0.463278183608714E-012 -0.445553904994827E-012 -0.412678638127350E-012
     45.12000000 -0.000000000000000E+000 -0.000000000000000E+000 -0.000000000000000E+000 -0.000000000000000E+000 -0.000000000000000E+000 -0.000000000000000E+000  0.000000000000000E+000  0.000000000000000E+000  0.000000000000000E+000 -0.000000000000000E+000 -0.000000000000000E+000 -0.000000000000000E+000  -0.489018119718393E-012 -0.455015171912559E-012 -0.409202428966291E-012
     45.20000000 -0.000000000000000E+000 -0.000000000000000E+000 -0.000000000000000E+000 -0.000000000000000E+000 -0.000000000000000E+000 -0.000000000000000E+000  0.000000000000000E+000  0.000000000000000E+000  0.000000000000000E+000 -0.000000000000000E+000 -0.000000000000000E+000 -0.000000000000000E+000  -0.515126638387736E-012 -0.464720117535093E-012 -0.404467554444830E-012
     45.28000000 -0.000000000000000E+000 -0.000000000000000E+000 -0.000000000000000E+000 -0.000000000000000E+000 -0.000000000000000E+000 -0.000000000000000E+000  0.000000000000000E+000  0.000000000000000E+000  0.000000000000000E+000 -0.000000000000000E+000 -0.000000000000000E+000 -0.000000000000000E+000  -0.541318594445379E-012 -0.474479305641732E-012 -0.398490851821149E-012
     45.36000000 -0.000000000000000E+000 -0.000000000000000E+000 -0.000000000000000E+000 -0.000000000000000E+000 -0.000000000000000E+000 -0.000000000000000E+000  0.000000000000000E+000  0.000000000000000E+000  0.000000000000000E+000 -0.000000000000000E+000 -0.000000000000000E+000 -0.000000000000000E+000  -0.567266608778803E-012 -0.483992518392162E-012 -0.391379470386618E-012
     45.44000000 -0.000000000000000E+000 -0.000000000000000E+000 -0.000000000000000E+000 -0.000000000000000E+000 -0.000000000000000E+000 -0.000000000000000E+000  0.000000000000000E+000  0.000000000000000E+000  0.000000000000000E+000 -0.000000000000000E+000 -0.000000000000000E+000 -0.000000000000000E+000  -0.592589303987847E-012 -0.492841594317790E-012 -0.383337565410314E-012
     45.52000000 -0.000000000000000E+000 -0.000000000000000E+000 -0.000000000000000E+000 -0.000000000000000E+000 -0.000000000000000E+000 -0.000000000000000E+000  0.000000000000000E+000  0.000000000000000E+000  0.000000000000000E+000 -0.000000000000000E+000 -0.000000000000000E+000 -0.000000000000000E+000  -0.616839380419560E-012 -0.500545138869988E-012 -0.374649622507281E-012
     45.60000000 -0.000000000000000E+000 -0.000000000000000E+000 -0.000000000000000E+000 -0.000000000000000E+000 -0.000000000000000E+000 -0.000000000000000E+000  0.000000000000000E+000  0.000000000000000E+000  0.000000000000000E+000 -0.000000000000000E+000 -0.000000000000000E+000 -0.000000000000000E+000  -0.639563669925761E-012 -0.506648642953304E-012 -0.365638673691464E-012
     45.68000000 -0.000000000000000E+000 -0.000000000000000E+000 -0.000000000000000E+000 -0.000000000000000E+000 -0.000000000000000E+000 -0.000000000000000E+000  0.000000000000000E+000  0.000000000000000E+000  0.000000000000000E+000 -0.000000000000000E+000 -0.000000000000000E+000 -0.000000000000000E+000  -0.660353669723185E-012 -0.510820752549200E-012 -0.356623127055323E-012
     45.76000000  0.000000000000000E+000  0.000000000000000E+000  0.000000000000000E+000 -0.000000000000000E+000 -0.000000000000000E+000 -0.000000000000000E+000  0.000000000000000E+000  0.000000000000000E+000  0.000000000000000E+000 -0.000000000000000E+000 -0.000000000000000E+000 -0.000000000000000E+000  -0.678909434025950E-012 -0.512908696293364E-012 -0.347894853839255E-012
     45.84000000  0.000000000000000E+000  0.000000000000000E+000  0.000000000000000E+000 -0.000000000000000E+000 -0.000000000000000E+000 -0.000000000000000E+000  0.000000000000000E+000  0.000000000000000E+000  0.000000000000000E+000 -0.000000000000000E+000 -0.000000000000000E+000 -0.000000000000000E+000  -0.695057577323022E-012 -0.512935500682351E-012 -0.339713141996701E-012
     45.92000000  0.000000000000000E+000  0.000000000000000E+000  0.000000000000000E+000 -0.000000000000000E+000 -0.000000000000000E+000 -0.000000000000000E+000  0.000000000000000E+000  0.000000000000000E+000  0.000000000000000E+000 -0.000000000000000E+000 -0.000000000000000E+000 -0.000000000000000E+000  -0.708742631881450E-012 -0.511026702273264E-012 -0.332300511976871E-012
     46.00000000  0.000000000000000E+000  0.000000000000000E+000  0.000000000000000E+000 -0.000000000000000E+000 -0.000000000000000E+000 -0.000000000000000E+000  0.000000000000000E+000  0.000000000000000E+000  0.000000000000000E+000 -0.000000000000000E+000 -0.000000000000000E+000 -0.000000000000000E+000  -0.720002062909639E-012 -0.507347882831222E-012 -0.325872937856417E-012
     46.08000000  0.000000000000000E+000  0.000000000000000E+000  0.000000000000000E+000 -0.000000000000000E+000 -0.000000000000000E+000 -0.000000000000000E+000  0.000000000000000E+000  0.000000000000000E+000  0.000000000000000E+000 -0.000000000000000E+000 -0.000000000000000E+000 -0.000000000000000E+000  -0.728940996356848E-012 -0.502037396843315E-012 -0.320622529217503E-012
     46.16000000  0.000000000000000E+000  0.000000000000000E+000  0.000000000000000E+000 -0.000000000000000E+000 -0.000000000000000E+000 -0.000000000000000E+000  0.000000000000000E+000  0.000000000000000E+000  0.000000000000000E+000 -0.000000000000000E+000 -0.000000000000000E+000 -0.000000000000000E+000  -0.735734794144323E-012 -0.495205385195797E-012 -0.316709842347401E-012
     46.24000000  0.000000000000000E+000  0.000000000000000E+000  0.000000000000000E+000 -0.000000000000000E+000 -0.000000000000000E+000 -0.000000000000000E+000  0.000000000000000E+000  0.000000000000000E+000  0.000000000000000E+000 -0.000000000000000E+000 -0.000000000000000E+000 -0.000000000000000E+000  -0.740644665170741E-012 -0.486954110239132E-012 -0.314240288802331E-012
     46.32000000  0.000000000000000E+000  0.000000000000000E+000  0.000000000000000E+000 -0.000000000000000E+000 -0.000000000000000E+000 -0.000000000000000E+000  0.000000000000000E+000  0.000000000000000E+000  0.000000000000000E+000 -0.000000000000000E+000 -0.000000000000000E+000 -0.000000000000000E+000  -0.744015029345684E-012 -0.477418780768275E-012 -0.313246250087179E-012
     46.40000000  0.000000000000000E+000  0.000000000000000E+000  0.000000000000000E+000 -0.000000000000000E+000 -0.000000000000000E+000 -0.000000000000000E+000  0.000000000000000E+000  0.000000000000000E+000  0.000000000000000E+000 -0.000000000000000E+000 -0.000000000000000E+000 -0.000000000000000E+000  -0.746247315284214E-012 -0.466776285120584E-012 -0.313684368153953E-012
     46.48000000  0.000000000000000E+000  0.000000000000000E+000  0.000000000000000E+000 -0.000000000000000E+000 -0.000000000000000E+000 -0.000000000000000E+000  0.000000000000000E+000  0.000000000000000E+000  0.000000000000000E+000 -0.000000000000000E+000 -0.000000000000000E+000 -0.000000000000000E+000  -0.747743969546767E-012 -0.455238618953072E-012 -0.315450898909220E-012
     46.56000000  0.000000000000000E+000  0.000000000000000E+000  0.000000000000000E+000 -0.000000000000000E+000 -0.000000000000000E+000 -0.000000000000000E+000  0.000000000000000E+000  0.000000000000000E+000  0.000000000000000E+000 -0.000000000000000E+000 -0.000000000000000E+000 -0.000000000000000E+000  -0.748851718733241E-012 -0.443033524704441E-012 -0.318408694793723E-012
     46.64000000  0.000000000000000E+000  0.000000000000000E+000  0.000000000000000E+000 -0.000000000000000E+000 -0.000000000000000E+000 -0.000000000000000E+000  0.000000000000000E+000  0.000000000000000E+000  0.000000000000000E+000 -0.000000000000000E+000 -0.000000000000000E+000 -0.000000000000000E+000  -0.749836000883705E-012 -0.430382799771482E-012 -0.322399481364207E-012
     46.72000000  0.000000000000000E+000  0.000000000000000E+000  0.000000000000000E+000 -0.000000000000000E+000 -0.000000000000000E+000 -0.000000000000000E+000  0.000000000000000E+000  0.000000000000000E+000  0.000000000000000E+000 -0.000000000000000E+000 -0.000000000000000E+000 -0.000000000000000E+000  -0.750903963615039E-012 -0.417512176552344E-012 -0.327277977537341E-012
     46.80000000  0.000000000000000E+000  0.000000000000000E+000  0.000000000000000E+000 -0.000000000000000E+000 -0.000000000000000E+000 -0.000000000000000E+000  0.000000000000000E+000  0.000000000000000E+000  0.000000000000000E+000 -0.000000000000000E+000 -0.000000000000000E+000 -0.000000000000000E+000  -0.752254207667971E-012 -0.404672231235232E-012 -0.332907583878300E-012
     46.88000000  0.000000000000000E+000  0.000000000000000E+000  0.000000000000000E+000 -0.000000000000000E+000 -0.000000000000000E+000 -0.000000000000000E+000  0.000000000000000E+000  0.000000000000000E+000  0.000000000000000E+000 -0.000000000000000E+000 -0.000000000000000E+000 -0.000000000000000E+000  -0.754135248744634E-012 -0.392155741824999E-012 -0.339173908022870E-012
     46.96000000  0.000000000000000E+000  0.000000000000000E+000  0.000000000000000E+000 -0.000000000000000E+000 -0.000000000000000E+000 -0.000000000000000E+000  0.000000000000000E+000  0.000000000000000E+000  0.000000000000000E+000 -0.000000000000000E+000 -0.000000000000000E+000 -0.000000000000000E+000  -0.756856563571118E-012 -0.380277426111156E-012 -0.345979102732764E-012
     47.04000000  0.000000000000000E+000  0.000000000000000E+000  0.000000000000000E+000 -0.000000000000000E+000 -0.000000000000000E+000 -0.000000000000000E+000  0.000000000000000E+000  0.000000000000000E+000  0.000000000000000E+000 -0.000000000000000E+000 -0.000000000000000E+000 -0.000000000000000E+000  -0.760757618106384E-012 -0.369331649752012E-012 -0.353231773780407E-012
     47.12000000  0.000000000000000E+000  0.000000000000000E+000  0.000000000000000E+000 -0.000000000000000E+000 -0.000000000000000E+000 -0.000000000000000E+000  0.000000000000000E+000  0.000000000000000E+000  0.000000000000000E+000 -0.000000000000000E+000 -0.000000000000000E+000 -0.000000000000000E+000  -0.766153261147703E-012 -0.359537480314028E-012 -0.360829741134386E-012
     47.20000000  0.000000000000000E+000  0.000000000000000E+000  0.000000000000000E+000 -0.000000000000000E+000 -0.000000000000000E+000 -0.000000000000000E+000  0.000000000000000E+000  0.000000000000000E+000  0.000000000000000E+000 -0.000000000000000E+000 -0.000000000000000E+000 -0.000000000000000E+000  -0.773284121077376E-012 -0.351005385700917E-012 -0.368633565352521E-012
     47.28000000  0.000000000000000E+000  0.000000000000000E+000  0.000000000000000E+000 -0.000000000000000E+000 -0.000000000000000E+000 -0.000000000000000E+000  0.000000000000000E+000  0.000000000000000E+000  0.000000000000000E+000 -0.000000000000000E+000 -0.000000000000000E+000 -0.000000000000000E+000  -0.782292442208760E-012 -0.343742971892085E-012 -0.376448841958048E-012
     47.36000000  0.000000000000000E+000  0.000000000000000E+000  0.000000000000000E+000 -0.000000000000000E+000 -0.000000000000000E+000 -0.000000000000000E+000  0.000000000000000E+000  0.000000000000000E+000  0.000000000000000E+000 -0.000000000000000E+000 -0.000000000000000E+000 -0.000000000000000E+000  -0.793230577703288E-012 -0.337693487429095E-012 -0.384013245223662E-012
     47.44000000  0.000000000000000E+000  0.000000000000000E+000  0.000000000000000E+000 -0.000000000000000E+000 -0.000000000000000E+000 -0.000000000000000E+000  0.000000000000000E+000  0.000000000000000E+000  0.000000000000000E+000 -0.000000000000000E+000 -0.000000000000000E+000 -0.000000000000000E+000  -0.806047702572451E-012 -0.332779874399345E-012 -0.391009981313471E-012
     47.52000000  0.000000000000000E+000  0.000000000000000E+000  0.000000000000000E+000 -0.000000000000000E+000 -0.000000000000000E+000 -0.000000000000000E+000  0.000000000000000E+000  0.000000000000000E+000  0.000000000000000E+000 -0.000000000000000E+000 -0.000000000000000E+000 -0.000000000000000E+000  -0.820597238203928E-012 -0.328924079532408E-012 -0.397110617280485E-012
     47.60000000  0.000000000000000E+000  0.000000000000000E+000  0.000000000000000E+000 -0.000000000000000E+000 -0.000000000000000E+000 -0.000000000000000E+000  0.000000000000000E+000  0.000000000000000E+000  0.000000000000000E+000 -0.000000000000000E+000 -0.000000000000000E+000 -0.000000000000000E+000  -0.836592490924643E-012 -0.326023799569264E-012 -0.402032612046335E-012
     47.68000000  0.000000000000000E+000  0.000000000000000E+000  0.000000000000000E+000 -0.000000000000000E+000 -0.000000000000000E+000 -0.000000000000000E+000  0.000000000000000E+000  0.000000000000000E+000  0.000000000000000E+000 -0.000000000000000E+000 -0.000000000000000E+000 -0.000000000000000E+000  -0.853610880389233E-012 -0.323908060846767E-012 -0.405597141521034E-012
     47.76000000  0.000000000000000E+000  0.000000000000000E+000  0.000000000000000E+000 -0.000000000000000E+000 -0.000000000000000E+000 -0.000000000000000E+000  0.000000000000000E+000  0.000000000000000E+000  0.000000000000000E+000 -0.000000000000000E+000 -0.000000000000000E+000 -0.000000000000000E+000  -0.871108533894988E-012 -0.322317623347266E-012 -0.407775602845046E-012
     47.84000000  0.000000000000000E+000  0.000000000000000E+000  0.000000000000000E+000 -0.000000000000000E+000 -0.000000000000000E+000 -0.000000000000000E+000  0.000000000000000E+000  0.000000000000000E+000  0.000000000000000E+000 -0.000000000000000E+000 -0.000000000000000E+000 -0.000000000000000E+000  -0.888492530386612E-012 -0.320902881060790E-012 -0.408701054729989E-012
     47.92000000  0.000000000000000E+000  0.000000000000000E+000  0.000000000000000E+000 -0.000000000000000E+000 -0.000000000000000E+000 -0.000000000000000E+000  0.000000000000000E+000  0.000000000000000E+000  0.000000000000000E+000 -0.000000000000000E+000 -0.000000000000000E+000 -0.000000000000000E+000  -0.905222283398259E-012 -0.319290464373915E-012 -0.408633931572712E-012
     48.00000000  0.000000000000000E+000  0.000000000000000E+000  0.000000000000000E+000 -0.000000000000000E+000 -0.000000000000000E+000 -0.000000000000000E+000  0.000000000000000E+000  0.000000000000000E+000  0.000000000000000E+000 -0.000000000000000E+000 -0.000000000000000E+000 -0.000000000000000E+000  -0.920880971153744E-012 -0.317147658243014E-012 -0.407911294762496E-012
     48.08000000  0.000000000000000E+000  0.000000000000000E+000  0.000000000000000E+000 -0.000000000000000E+000 -0.000000000000000E+000 -0.000000000000000E+000  0.000000000000000E+000  0.000000000000000E+000  0.000000000000000E+000 -0.000000000000000E+000 -0.000000000000000E+000 -0.000000000000000E+000  -0.935198459411364E-012 -0.314223858370936E-012 -0.406865103915065E-012
     48.16000000  0.000000000000000E+000  0.000000000000000E+000  0.000000000000000E+000 -0.000000000000000E+000 -0.000000000000000E+000 -0.000000000000000E+000  0.000000000000000E+000  0.000000000000000E+000  0.000000000000000E+000 -0.000000000000000E+000 -0.000000000000000E+000 -0.000000000000000E+000  -0.948017099904814E-012 -0.310356712509588E-012 -0.405751742727485E-012
     48.24000000  0.000000000000000E+000  0.000000000000000E+000  0.000000000000000E+000 -0.000000000000000E+000 -0.000000000000000E+000 -0.000000000000000E+000  0.000000000000000E+000  0.000000000000000E+000  0.000000000000000E+000 -0.000000000000000E+000 -0.000000000000000E+000 -0.000000000000000E+000  -0.959218432754922E-012 -0.305426902202105E-012 -0.404719107418883E-012
     48.32000000  0.000000000000000E+000  0.000000000000000E+000  0.000000000000000E+000 -0.000000000000000E+000 -0.000000000000000E+000 -0.000000000000000E+000  0.000000000000000E+000  0.000000000000000E+000  0.000000000000000E+000 -0.000000000000000E+000 -0.000000000000000E+000 -0.000000000000000E+000  -0.968667935828109E-012 -0.299308358578236E-012 -0.403783741107407E-012
     48.40000000  0.000000000000000E+000  0.000000000000000E+000  0.000000000000000E+000 -0.000000000000000E+000 -0.000000000000000E+000 -0.000000000000000E+000  0.000000000000000E+000  0.000000000000000E+000  0.000000000000000E+000 -0.000000000000000E+000 -0.000000000000000E+000 -0.000000000000000E+000  -0.976174917538108E-012 -0.291855932315331E-012 -0.402883153592287E-012
     48.48000000  0.000000000000000E+000  0.000000000000000E+000  0.000000000000000E+000 -0.000000000000000E+000 -0.000000000000000E+000 -0.000000000000000E+000  0.000000000000000E+000  0.000000000000000E+000  0.000000000000000E+000 -0.000000000000000E+000 -0.000000000000000E+000 -0.000000000000000E+000  -0.981509407812307E-012 -0.282908962721464E-012 -0.401916820258205E-012
     48.56000000  0.000000000000000E+000  0.000000000000000E+000  0.000000000000000E+000 -0.000000000000000E+000 -0.000000000000000E+000 -0.000000000000000E+000  0.000000000000000E+000  0.000000000000000E+000  0.000000000000000E+000 -0.000000000000000E+000 -0.000000000000000E+000 -0.000000000000000E+000  -0.984438459539631E-012 -0.272325646693327E-012 -0.400816446407204E-012
     48.64000000  0.000000000000000E+000  0.000000000000000E+000  0.000000000000000E+000 -0.000000000000000E+000 -0.000000000000000E+000 -0.000000000000000E+000  0.000000000000000E+000  0.000000000000000E+000  0.000000000000000E+000 -0.000000000000000E+000 -0.000000000000000E+000 -0.000000000000000E+000  -0.984757268937477E-012 -0.260020073506416E-012 -0.399606414541474E-012
     48.72000000  0.000000000000000E+000  0.000000000000000E+000  0.000000000000000E+000 -0.000000000000000E+000 -0.000000000000000E+000 -0.000000000000000E+000  0.000000000000000E+000  0.000000000000000E+000  0.000000000000000E+000 -0.000000000000000E+000 -0.000000000000000E+000 -0.000000000000000E+000  -0.982328840034117E-012 -0.245971958039249E-012 -0.398436115673693E-012
     48.80000000  0.000000000000000E+000  0.000000000000000E+000  0.000000000000000E+000 -0.000000000000000E+000 -0.000000000000000E+000 -0.000000000000000E+000  0.000000000000000E+000  0.000000000000000E+000  0.000000000000000E+000 -0.000000000000000E+000 -0.000000000000000E+000 -0.000000000000000E+000  -0.977094004001824E-012 -0.230213963890056E-012 -0.397578360167731E-012
     48.88000000  0.000000000000000E+000  0.000000000000000E+000  0.000000000000000E+000 -0.000000000000000E+000 -0.000000000000000E+000 -0.000000000000000E+000  0.000000000000000E+000  0.000000000000000E+000  0.000000000000000E+000 -0.000000000000000E+000 -0.000000000000000E+000 -0.000000000000000E+000  -0.969108807065677E-012 -0.212838856852355E-012 -0.397395934117193E-012
     48.96000000  0.000000000000000E+000  0.000000000000000E+000  0.000000000000000E+000 -0.000000000000000E+000 -0.000000000000000E+000 -0.000000000000000E+000  0.000000000000000E+000  0.000000000000000E+000  0.000000000000000E+000 -0.000000000000000E+000 -0.000000000000000E+000 -0.000000000000000E+000  -0.958569285527100E-012 -0.194001055675427E-012 -0.398283331509772E-012
     49.04000000  0.000000000000000E+000  0.000000000000000E+000  0.000000000000000E+000 -0.000000000000000E+000 -0.000000000000000E+000 -0.000000000000000E+000  0.000000000000000E+000  0.000000000000000E+000  0.000000000000000E+000 -0.000000000000000E+000 -0.000000000000000E+000 -0.000000000000000E+000  -0.945850427271646E-012 -0.173954662965238E-012 -0.400571700817347E-012
     49.12000000  0.000000000000000E+000  0.000000000000000E+000  0.000000000000000E+000 -0.000000000000000E+000 -0.000000000000000E+000 -0.000000000000000E+000  0.000000000000000E+000  0.000000000000000E+000  0.000000000000000E+000 -0.000000000000000E+000 -0.000000000000000E+000 -0.000000000000000E+000  -0.931500083170690E-012 -0.153074673383607E-012 -0.404451724089221E-012
     49.20000000  0.000000000000000E+000  0.000000000000000E+000  0.000000000000000E+000 -0.000000000000000E+000 -0.000000000000000E+000 -0.000000000000000E+000  0.000000000000000E+000  0.000000000000000E+000  0.000000000000000E+000 -0.000000000000000E+000 -0.000000000000000E+000 -0.000000000000000E+000  -0.916204543913425E-012 -0.131851571209320E-012 -0.409921496944356E-012
     49.28000000  0.000000000000000E+000  0.000000000000000E+000  0.000000000000000E+000 -0.000000000000000E+000 -0.000000000000000E+000 -0.000000000000000E+000  0.000000000000000E+000  0.000000000000000E+000  0.000000000000000E+000 -0.000000000000000E+000 -0.000000000000000E+000 -0.000000000000000E+000  -0.900687820636710E-012 -0.110844153740131E-012 -0.416769520651736E-012
     49.36000000  0.000000000000000E+000  0.000000000000000E+000  0.000000000000000E+000 -0.000000000000000E+000 -0.000000000000000E+000 -0.000000000000000E+000  0.000000000000000E+000  0.000000000000000E+000  0.000000000000000E+000 -0.000000000000000E+000 -0.000000000000000E+000 -0.000000000000000E+000  -0.885605242277557E-012 -0.905822831263699E-013 -0.424622200224432E-012
     49.44000000  0.000000000000000E+000  0.000000000000000E+000  0.000000000000000E+000 -0.000000000000000E+000 -0.000000000000000E+000 -0.000000000000000E+000  0.000000000000000E+000  0.000000000000000E+000  0.000000000000000E+000 -0.000000000000000E+000 -0.000000000000000E+000 -0.000000000000000E+000  -0.871449266764264E-012 -0.714936241698372E-013 -0.433019623124221E-012
     49.52000000  0.000000000000000E+000  0.000000000000000E+000  0.000000000000000E+000 -0.000000000000000E+000 -0.000000000000000E+000 -0.000000000000000E+000  0.000000000000000E+000  0.000000000000000E+000  0.000000000000000E+000 -0.000000000000000E+000 -0.000000000000000E+000 -0.000000000000000E+000  -0.858514306185098E-012 -0.538370165866867E-013 -0.441524554708321E-012
     49.60000000  0.000000000000000E+000  0.000000000000000E+000  0.000000000000000E+000 -0.000000000000000E+000 -0.000000000000000E+000 -0.000000000000000E+000  0.000000000000000E+000  0.000000000000000E+000  0.000000000000000E+000 -0.000000000000000E+000 -0.000000000000000E+000 -0.000000000000000E+000  -0.846939282225507E-012 -0.377313203066135E-013 -0.449801794801180E-012
     49.68000000  0.000000000000000E+000  0.000000000000000E+000  0.000000000000000E+000 -0.000000000000000E+000 -0.000000000000000E+000 -0.000000000000000E+000  0.000000000000000E+000  0.000000000000000E+000  0.000000000000000E+000 -0.000000000000000E+000 -0.000000000000000E+000 -0.000000000000000E+000  -0.836777546165450E-012 -0.232083014493804E-013 -0.457679553576351E-012
     49.76000000  0.000000000000000E+000  0.000000000000000E+000  0.000000000000000E+000 -0.000000000000000E+000 -0.000000000000000E+000 -0.000000000000000E+000  0.000000000000000E+000  0.000000000000000E+000  0.000000000000000E+000 -0.000000000000000E+000 -0.000000000000000E+000 -0.000000000000000E+000  -0.828090493964618E-012 -0.102984092808617E-013 -0.465157395345183E-012
     49.84000000  0.000000000000000E+000  0.000000000000000E+000  0.000000000000000E+000 -0.000000000000000E+000 -0.000000000000000E+000 -0.000000000000000E+000  0.000000000000000E+000  0.000000000000000E+000  0.000000000000000E+000 -0.000000000000000E+000 -0.000000000000000E+000 -0.000000000000000E+000  -0.820992028339439E-012  0.920131263170534E-015 -0.472355760914566E-012
     49.92000000  0.000000000000000E+000  0.000000000000000E+000  0.000000000000000E+000 -0.000000000000000E+000 -0.000000000000000E+000 -0.000000000000000E+000  0.000000000000000E+000  0.000000000000000E+000  0.000000000000000E+000 -0.000000000000000E+000 -0.000000000000000E+000 -0.000000000000000E+000  -0.815654342680503E-012  0.103062110189945E-013 -0.479444353021766E-012
     50.00000000  0.000000000000000E+000  0.000000000000000E+000  0.000000000000000E+000 -0.000000000000000E+000 -0.000000000000000E+000 -0.000000000000000E+000  0.000000000000000E+000  0.000000000000000E+000  0.000000000000000E+000 -0.000000000000000E+000 -0.000000000000000E+000 -0.000000000000000E+000  -0.812276408917198E-012  0.176935512702325E-013 -0.486550516231397E-012
     50.08000000  0.000000000000000E+000  0.000000000000000E+000  0.000000000000000E+000 -0.000000000000000E+000 -0.000000000000000E+000 -0.000000000000000E+000  0.000000000000000E+000  0.000000000000000E+000  0.000000000000000E+000 -0.000000000000000E+000 -0.000000000000000E+000 -0.000000000000000E+000  -0.811037761141351E-012  0.229522497892299E-013 -0.493695434649240E-012
     50.16000000  0.000000000000000E+000  0.000000000000000E+000  0.000000000000000E+000 -0.000000000000000E+000 -0.000000000000000E+000 -0.000000000000000E+000  0.000000000000000E+000  0.000000000000000E+000  0.000000000000000E+000 -0.000000000000000E+000 -0.000000000000000E+000 -0.000000000000000E+000  -0.812060677029228E-012  0.260339883030572E-013 -0.500733810125818E-012
     50.24000000  0.000000000000000E+000  0.000000000000000E+000  0.000000000000000E+000 -0.000000000000000E+000 -0.000000000000000E+000 -0.000000000000000E+000  0.000000000000000E+000  0.000000000000000E+000  0.000000000000000E+000 -0.000000000000000E+000 -0.000000000000000E+000 -0.000000000000000E+000  -0.815373659302247E-012  0.269995855341364E-013 -0.507377896408445E-012
     50.32000000  0.000000000000000E+000  0.000000000000000E+000  0.000000000000000E+000 -0.000000000000000E+000 -0.000000000000000E+000 -0.000000000000000E+000  0.000000000000000E+000  0.000000000000000E+000  0.000000000000000E+000 -0.000000000000000E+000 -0.000000000000000E+000 -0.000000000000000E+000  -0.820874772878376E-012  0.260351264643656E-013 -0.513238913656431E-012
     50.40000000  0.000000000000000E+000  0.000000000000000E+000  0.000000000000000E+000 -0.000000000000000E+000 -0.000000000000000E+000 -0.000000000000000E+000  0.000000000000000E+000  0.000000000000000E+000  0.000000000000000E+000 -0.000000000000000E+000 -0.000000000000000E+000 -0.000000000000000E+000  -0.828303682244019E-012  0.234562818266912E-013 -0.517896701403428E-012
     50.48000000  0.000000000000000E+000  0.000000000000000E+000  0.000000000000000E+000 -0.000000000000000E+000 -0.000000000000000E+000 -0.000000000000000E+000  0.000000000000000E+000  0.000000000000000E+000  0.000000000000000E+000 -0.000000000000000E+000 -0.000000000000000E+000 -0.000000000000000E+000  -0.837198788324242E-012  0.197124423788087E-013 -0.520996725539034E-012
     50.56000000  0.000000000000000E+000  0.000000000000000E+000  0.000000000000000E+000 -0.000000000000000E+000 -0.000000000000000E+000 -0.000000000000000E+000  0.000000000000000E+000  0.000000000000000E+000  0.000000000000000E+000 -0.000000000000000E+000 -0.000000000000000E+000 -0.000000000000000E+000  -0.846921469938287E-012  0.153785708226686E-013 -0.522336502272520E-012
     50.64000000  0.000000000000000E+000  0.000000000000000E+000  0.000000000000000E+000 -0.000000000000000E+000 -0.000000000000000E+000 -0.000000000000000E+000  0.000000000000000E+000  0.000000000000000E+000  0.000000000000000E+000 -0.000000000000000E+000 -0.000000000000000E+000 -0.000000000000000E+000  -0.856713711905742E-012  0.111135729585630E-013 -0.521916962210749E-012
     50.72000000  0.000000000000000E+000  0.000000000000000E+000  0.000000000000000E+000 -0.000000000000000E+000 -0.000000000000000E+000 -0.000000000000000E+000  0.000000000000000E+000  0.000000000000000E+000  0.000000000000000E+000 -0.000000000000000E+000 -0.000000000000000E+000 -0.000000000000000E+000  -0.865789385583475E-012  0.758719334586311E-014 -0.519963003016587E-012
     50.80000000  0.000000000000000E+000  0.000000000000000E+000  0.000000000000000E+000 -0.000000000000000E+000 -0.000000000000000E+000 -0.000000000000000E+000  0.000000000000000E+000  0.000000000000000E+000  0.000000000000000E+000 -0.000000000000000E+000 -0.000000000000000E+000 -0.000000000000000E+000  -0.873474609879657E-012  0.537669660835443E-014 -0.516876925937261E-012
     50.88000000  0.000000000000000E+000  0.000000000000000E+000  0.000000000000000E+000 -0.000000000000000E+000 -0.000000000000000E+000 -0.000000000000000E+000  0.000000000000000E+000  0.000000000000000E+000  0.000000000000000E+000 -0.000000000000000E+000 -0.000000000000000E+000 -0.000000000000000E+000  -0.879285514148756E-012  0.488498783364154E-014 -0.513162090905274E-012
     50.96000000  0.000000000000000E+000  0.000000000000000E+000  0.000000000000000E+000 -0.000000000000000E+000 -0.000000000000000E+000 -0.000000000000000E+000  0.000000000000000E+000  0.000000000000000E+000  0.000000000000000E+000 -0.000000000000000E+000 -0.000000000000000E+000 -0.000000000000000E+000  -0.882945039811583E-012  0.631849836244752E-014 -0.509305355894508E-012
     51.04000000  0.000000000000000E+000  0.000000000000000E+000  0.000000000000000E+000 -0.000000000000000E+000 -0.000000000000000E+000 -0.000000000000000E+000  0.000000000000000E+000  0.000000000000000E+000  0.000000000000000E+000 -0.000000000000000E+000 -0.000000000000000E+000 -0.000000000000000E+000  -0.884341355680581E-012  0.972138508894680E-014 -0.505673273597227E-012
     51.12000000  0.000000000000000E+000  0.000000000000000E+000  0.000000000000000E+000 -0.000000000000000E+000 -0.000000000000000E+000 -0.000000000000000E+000  0.000000000000000E+000  0.000000000000000E+000  0.000000000000000E+000 -0.000000000000000E+000 -0.000000000000000E+000 -0.000000000000000E+000  -0.883443293453021E-012  0.150771028872091E-013 -0.502452797611931E-012
     51.20000000  0.000000000000000E+000  0.000000000000000E+000  0.000000000000000E+000 -0.000000000000000E+000 -0.000000000000000E+000 -0.000000000000000E+000  0.000000000000000E+000  0.000000000000000E+000  0.000000000000000E+000 -0.000000000000000E+000 -0.000000000000000E+000 -0.000000000000000E+000  -0.880204677661099E-012  0.224040244665489E-013 -0.499631445559162E-012
     51.28000000  0.000000000000000E+000  0.000000000000000E+000  0.000000000000000E+000 -0.000000000000000E+000 -0.000000000000000E+000 -0.000000000000000E+000  0.000000000000000E+000  0.000000000000000E+000  0.000000000000000E+000 -0.000000000000000E+000 -0.000000000000000E+000 -0.000000000000000E+000  -0.874523850296671E-012  0.318087984277484E-013 -0.497064942254272E-012
     51.36000000  0.000000000000000E+000  0.000000000000000E+000  0.000000000000000E+000 -0.000000000000000E+000 -0.000000000000000E+000 -0.000000000000000E+000  0.000000000000000E+000  0.000000000000000E+000  0.000000000000000E+000 -0.000000000000000E+000 -0.000000000000000E+000 -0.000000000000000E+000  -0.866237850753760E-012  0.434818899796769E-013 -0.494566853110357E-012
     51.44000000  0.000000000000000E+000  0.000000000000000E+000  0.000000000000000E+000 -0.000000000000000E+000 -0.000000000000000E+000 -0.000000000000000E+000  0.000000000000000E+000  0.000000000000000E+000  0.000000000000000E+000 -0.000000000000000E+000 -0.000000000000000E+000 -0.000000000000000E+000  -0.855159189607096E-012  0.576290310020728E-013 -0.491999780599327E-012
     51.52000000  0.000000000000000E+000  0.000000000000000E+000  0.000000000000000E+000 -0.000000000000000E+000 -0.000000000000000E+000 -0.000000000000000E+000  0.000000000000000E+000  0.000000000000000E+000  0.000000000000000E+000 -0.000000000000000E+000 -0.000000000000000E+000 -0.000000000000000E+000  -0.841115760553626E-012  0.743943004189140E-013 -0.489354297181735E-012
     51.60000000  0.000000000000000E+000  0.000000000000000E+000  0.000000000000000E+000 -0.000000000000000E+000 -0.000000000000000E+000 -0.000000000000000E+000  0.000000000000000E+000  0.000000000000000E+000  0.000000000000000E+000 -0.000000000000000E+000 -0.000000000000000E+000 -0.000000000000000E+000  -0.824008364114020E-012  0.937808597336188E-013 -0.486779000796449E-012
     51.68000000  0.000000000000000E+000  0.000000000000000E+000  0.000000000000000E+000 -0.000000000000000E+000 -0.000000000000000E+000 -0.000000000000000E+000  0.000000000000000E+000  0.000000000000000E+000  0.000000000000000E+000 -0.000000000000000E+000 -0.000000000000000E+000 -0.000000000000000E+000  -0.803854916227235E-012  0.115627930548053E-012 -0.484568454115368E-012
     51.76000000  0.000000000000000E+000  0.000000000000000E+000  0.000000000000000E+000 -0.000000000000000E+000 -0.000000000000000E+000 -0.000000000000000E+000  0.000000000000000E+000  0.000000000000000E+000  0.000000000000000E+000 -0.000000000000000E+000 -0.000000000000000E+000 -0.000000000000000E+000  -0.780813987986287E-012  0.139596813122986E-012 -0.483100500591713E-012
     51.84000000  0.000000000000000E+000  0.000000000000000E+000  0.000000000000000E+000 -0.000000000000000E+000 -0.000000000000000E+000 -0.000000000000000E+000  0.000000000000000E+000  0.000000000000000E+000  0.000000000000000E+000 -0.000000000000000E+000 -0.000000000000000E+000 -0.000000000000000E+000  -0.755236542159700E-012  0.165192584476016E-012 -0.482765235163253E-012
     51.92000000  0.000000000000000E+000  0.000000000000000E+000  0.000000000000000E+000 -0.000000000000000E+000 -0.000000000000000E+000 -0.000000000000000E+000  0.000000000000000E+000  0.000000000000000E+000  0.000000000000000E+000 -0.000000000000000E+000 -0.000000000000000E+000 -0.000000000000000E+000  -0.727640622090233E-012  0.191793829363499E-012 -0.483882204334729E-012
     52.00000000  0.000000000000000E+000  0.000000000000000E+000  0.000000000000000E+000 -0.000000000000000E+000 -0.000000000000000E+000 -0.000000000000000E+000  0.000000000000000E+000  0.000000000000000E+000  0.000000000000000E+000 -0.000000000000000E+000 -0.000000000000000E+000 -0.000000000000000E+000  -0.698709081897554E-012  0.218695515457023E-012 -0.486611108074476E-012
     52.08000000  0.000000000000000E+000  0.000000000000000E+000  0.000000000000000E+000 -0.000000000000000E+000 -0.000000000000000E+000 -0.000000000000000E+000  0.000000000000000E+000  0.000000000000000E+000  0.000000000000000E+000 -0.000000000000000E+000 -0.000000000000000E+000 -0.000000000000000E+000  -0.669199772625912E-012  0.245174668639031E-012 -0.490909073213807E-012
     52.16000000  0.000000000000000E+000  0.000000000000000E+000  0.000000000000000E+000 -0.000000000000000E+000 -0.000000000000000E+000 -0.000000000000000E+000  0.000000000000000E+000  0.000000000000000E+000  0.000000000000000E+000 -0.000000000000000E+000 -0.000000000000000E+000 -0.000000000000000E+000  -0.639849349669029E-012  0.270565659549923E-012 -0.496507817940704E-012
     52.24000000  0.000000000000000E+000  0.000000000000000E+000  0.000000000000000E+000 -0.000000000000000E+000 -0.000000000000000E+000 -0.000000000000000E+000  0.000000000000000E+000  0.000000000000000E+000  0.000000000000000E+000 -0.000000000000000E+000 -0.000000000000000E+000 -0.000000000000000E+000  -0.611271144690045E-012  0.294348736475601E-012 -0.502959906073056E-012
     52.32000000  0.000000000000000E+000  0.000000000000000E+000  0.000000000000000E+000 -0.000000000000000E+000 -0.000000000000000E+000 -0.000000000000000E+000  0.000000000000000E+000  0.000000000000000E+000  0.000000000000000E+000 -0.000000000000000E+000 -0.000000000000000E+000 -0.000000000000000E+000  -0.583887510402060E-012  0.316195047344623E-012 -0.509730389247286E-012
     52.40000000  0.000000000000000E+000  0.000000000000000E+000  0.000000000000000E+000 -0.000000000000000E+000 -0.000000000000000E+000 -0.000000000000000E+000  0.000000000000000E+000  0.000000000000000E+000  0.000000000000000E+000 -0.000000000000000E+000 -0.000000000000000E+000 -0.000000000000000E+000  -0.557924569716782E-012  0.335958484620475E-012 -0.516316117344088E-012
     52.48000000  0.000000000000000E+000  0.000000000000000E+000  0.000000000000000E+000 -0.000000000000000E+000 -0.000000000000000E+000 -0.000000000000000E+000  0.000000000000000E+000  0.000000000000000E+000  0.000000000000000E+000 -0.000000000000000E+000 -0.000000000000000E+000 -0.000000000000000E+000  -0.533459226700531E-012  0.353607907105478E-012 -0.522348819009977E-012
     52.56000000  0.000000000000000E+000  0.000000000000000E+000  0.000000000000000E+000 -0.000000000000000E+000 -0.000000000000000E+000 -0.000000000000000E+000  0.000000000000000E+000  0.000000000000000E+000  0.000000000000000E+000 -0.000000000000000E+000 -0.000000000000000E+000 -0.000000000000000E+000  -0.510520245337333E-012  0.369123715837584E-012 -0.527661031188287E-012
     52.64000000  0.000000000000000E+000  0.000000000000000E+000  0.000000000000000E+000 -0.000000000000000E+000 -0.000000000000000E+000 -0.000000000000000E+000  0.000000000000000E+000  0.000000000000000E+000  0.000000000000000E+000 -0.000000000000000E+000 -0.000000000000000E+000 -0.000000000000000E+000  -0.489155832468226E-012  0.382404277153002E-012 -0.532285617251533E-012
     52.72000000  0.000000000000000E+000  0.000000000000000E+000  0.000000000000000E+000 -0.000000000000000E+000 -0.000000000000000E+000 -0.000000000000000E+000  0.000000000000000E+000  0.000000000000000E+000  0.000000000000000E+000 -0.000000000000000E+000 -0.000000000000000E+000 -0.000000000000000E+000  -0.469503788683497E-012  0.393238424106662E-012 -0.536380697043774E-012
     52.80000000  0.000000000000000E+000  0.000000000000000E+000  0.000000000000000E+000 -0.000000000000000E+000 -0.000000000000000E+000 -0.000000000000000E+000  0.000000000000000E+000  0.000000000000000E+000  0.000000000000000E+000 -0.000000000000000E+000 -0.000000000000000E+000 -0.000000000000000E+000  -0.451769508806515E-012  0.401324152434388E-012 -0.540134435859826E-012
     52.88000000  0.000000000000000E+000  0.000000000000000E+000  0.000000000000000E+000 -0.000000000000000E+000 -0.000000000000000E+000 -0.000000000000000E+000  0.000000000000000E+000  0.000000000000000E+000  0.000000000000000E+000 -0.000000000000000E+000 -0.000000000000000E+000 -0.000000000000000E+000  -0.436187518817770E-012  0.406376611857770E-012 -0.543659733278136E-012
     52.96000000  0.000000000000000E+000  0.000000000000000E+000  0.000000000000000E+000 -0.000000000000000E+000 -0.000000000000000E+000 -0.000000000000000E+000  0.000000000000000E+000  0.000000000000000E+000  0.000000000000000E+000 -0.000000000000000E+000 -0.000000000000000E+000 -0.000000000000000E+000  -0.422950912614455E-012  0.408226898485725E-012 -0.546928636960470E-012
     53.04000000  0.000000000000000E+000  0.000000000000000E+000  0.000000000000000E+000 -0.000000000000000E+000 -0.000000000000000E+000 -0.000000000000000E+000  0.000000000000000E+000  0.000000000000000E+000  0.000000000000000E+000 -0.000000000000000E+000 -0.000000000000000E+000 -0.000000000000000E+000  -0.412159100743958E-012  0.406895397577850E-012 -0.549751370367118E-012
     53.12000000  0.000000000000000E+000  0.000000000000000E+000  0.000000000000000E+000 -0.000000000000000E+000 -0.000000000000000E+000 -0.000000000000000E+000  0.000000000000000E+000  0.000000000000000E+000  0.000000000000000E+000 -0.000000000000000E+000 -0.000000000000000E+000 -0.000000000000000E+000  -0.403773229114816E-012  0.402631026894584E-012 -0.551817157988136E-012
     53.20000000  0.000000000000000E+000  0.000000000000000E+000  0.000000000000000E+000 -0.000000000000000E+000 -0.000000000000000E+000 -0.000000000000000E+000  0.000000000000000E+000  0.000000000000000E+000  0.000000000000000E+000 -0.000000000000000E+000 -0.000000000000000E+000 -0.000000000000000E+000  -0.397592758221998E-012  0.395880308073430E-012 -0.552749738502363E-012
     53.28000000  0.000000000000000E+000  0.000000000000000E+000  0.000000000000000E+000 -0.000000000000000E+000 -0.000000000000000E+000 -0.000000000000000E+000  0.000000000000000E+000  0.000000000000000E+000  0.000000000000000E+000 -0.000000000000000E+000 -0.000000000000000E+000 -0.000000000000000E+000  -0.393261536435890E-012  0.387233155265463E-012 -0.552186888998989E-012
     53.36000000  0.000000000000000E+000  0.000000000000000E+000  0.000000000000000E+000 -0.000000000000000E+000 -0.000000000000000E+000 -0.000000000000000E+000  0.000000000000000E+000  0.000000000000000E+000  0.000000000000000E+000 -0.000000000000000E+000 -0.000000000000000E+000 -0.000000000000000E+000  -0.390269975684841E-012  0.377362383681348E-012 -0.549867776536479E-012
     53.44000000  0.000000000000000E+000  0.000000000000000E+000  0.000000000000000E+000 -0.000000000000000E+000 -0.000000000000000E+000 -0.000000000000000E+000  0.000000000000000E+000  0.000000000000000E+000  0.000000000000000E+000 -0.000000000000000E+000 -0.000000000000000E+000 -0.000000000000000E+000  -0.388013153397840E-012  0.366948807534441E-012 -0.545693121324232E-012
     53.52000000  0.000000000000000E+000  0.000000000000000E+000  0.000000000000000E+000 -0.000000000000000E+000 -0.000000000000000E+000 -0.000000000000000E+000  0.000000000000000E+000  0.000000000000000E+000  0.000000000000000E+000 -0.000000000000000E+000 -0.000000000000000E+000 -0.000000000000000E+000  -0.385846930758769E-012  0.356624941337153E-012 -0.539769794575838E-012
     53.60000000 -0.000000000000000E+000 -0.000000000000000E+000  0.000000000000000E+000  0.000000000000000E+000  0.000000000000000E+000 -0.000000000000000E+000  0.000000000000000E+000  0.000000000000000E+000  0.000000000000000E+000 -0.000000000000000E+000 -0.000000000000000E+000 -0.000000000000000E+000  -0.383187307286871E-012  0.346910946642043E-012 -0.532406167482532E-012
     53.68000000 -0.000000000000000E+000 -0.000000000000000E+000  0.000000000000000E+000 -0.000000000000000E+000 -0.000000000000000E+000 -0.000000000000000E+000  0.000000000000000E+000  0.000000000000000E+000  0.000000000000000E+000 -0.000000000000000E+000 -0.000000000000000E+000 -0.000000000000000E+000  -0.379583117345341E-012  0.338186049762046E-012 -0.524067956075834E-012
     53.76000000 -0.000000000000000E+000 -0.000000000000000E+000  0.000000000000000E+000 -0.000000000000000E+000 -0.000000000000000E+000 -0.000000000000000E+000  0.000000000000000E+000  0.000000000000000E+000  0.000000000000000E+000 -0.000000000000000E+000 -0.000000000000000E+000 -0.000000000000000E+000  -0.374769876339491E-012  0.330660377109317E-012 -0.515279245615886E-012
     53.84000000 -0.000000000000000E+000 -0.000000000000000E+000  0.000000000000000E+000 -0.000000000000000E+000 -0.000000000000000E+000 -0.000000000000000E+000  0.000000000000000E+000  0.000000000000000E+000  0.000000000000000E+000 -0.000000000000000E+000 -0.000000000000000E+000 -0.000000000000000E+000  -0.368644923374169E-012  0.324427891366301E-012 -0.506499227847245E-012
     53.92000000 -0.000000000000000E+000 -0.000000000000000E+000  0.000000000000000E+000 -0.000000000000000E+000 -0.000000000000000E+000 -0.000000000000000E+000  0.000000000000000E+000  0.000000000000000E+000  0.000000000000000E+000 -0.000000000000000E+000 -0.000000000000000E+000 -0.000000000000000E+000  -0.361212891907824E-012  0.319533816312229E-012 -0.498030639121523E-012
     54.00000000 -0.000000000000000E+000 -0.000000000000000E+000  0.000000000000000E+000 -0.000000000000000E+000 -0.000000000000000E+000 -0.000000000000000E+000  0.000000000000000E+000  0.000000000000000E+000  0.000000000000000E+000 -0.000000000000000E+000 -0.000000000000000E+000 -0.000000000000000E+000  -0.352491131684946E-012  0.316072322685934E-012 -0.489947183100850E-012
     54.08000000 -0.000000000000000E+000 -0.000000000000000E+000  0.000000000000000E+000 -0.000000000000000E+000 -0.000000000000000E+000 -0.000000000000000E+000  0.000000000000000E+000  0.000000000000000E+000  0.000000000000000E+000 -0.000000000000000E+000 -0.000000000000000E+000 -0.000000000000000E+000  -0.342434541400993E-012  0.314247780589149E-012 -0.482138855428136E-012
     54.16000000 -0.000000000000000E+000 -0.000000000000000E+000  0.000000000000000E+000 -0.000000000000000E+000 -0.000000000000000E+000 -0.000000000000000E+000  0.000000000000000E+000  0.000000000000000E+000  0.000000000000000E+000 -0.000000000000000E+000 -0.000000000000000E+000 -0.000000000000000E+000  -0.330899108137816E-012  0.314377280507525E-012 -0.474382453008357E-012
     54.24000000 -0.000000000000000E+000 -0.000000000000000E+000  0.000000000000000E+000 -0.000000000000000E+000 -0.000000000000000E+000 -0.000000000000000E+000  0.000000000000000E+000  0.000000000000000E+000  0.000000000000000E+000 -0.000000000000000E+000 -0.000000000000000E+000 -0.000000000000000E+000  -0.317677196889501E-012  0.316830087144593E-012 -0.466472522541499E-012
     54.32000000 -0.000000000000000E+000 -0.000000000000000E+000  0.000000000000000E+000 -0.000000000000000E+000 -0.000000000000000E+000 -0.000000000000000E+000  0.000000000000000E+000  0.000000000000000E+000  0.000000000000000E+000 -0.000000000000000E+000 -0.000000000000000E+000 -0.000000000000000E+000  -0.302544998963839E-012  0.321917909377862E-012 -0.458315825652402E-012
     54.40000000 -0.000000000000000E+000 -0.000000000000000E+000  0.000000000000000E+000 -0.000000000000000E+000 -0.000000000000000E+000 -0.000000000000000E+000  0.000000000000000E+000  0.000000000000000E+000  0.000000000000000E+000 -0.000000000000000E+000 -0.000000000000000E+000 -0.000000000000000E+000  -0.285337070128763E-012  0.329793317291517E-012 -0.449986089092685E-012
     54.48000000 -0.000000000000000E+000 -0.000000000000000E+000  0.000000000000000E+000 -0.000000000000000E+000 -0.000000000000000E+000 -0.000000000000000E+000  0.000000000000000E+000  0.000000000000000E+000  0.000000000000000E+000 -0.000000000000000E+000 -0.000000000000000E+000 -0.000000000000000E+000  -0.266002774378227E-012  0.340375644989062E-012 -0.441712201995433E-012
     54.56000000 -0.000000000000000E+000 -0.000000000000000E+000  0.000000000000000E+000 -0.000000000000000E+000 -0.000000000000000E+000 -0.000000000000000E+000  0.000000000000000E+000  0.000000000000000E+000  0.000000000000000E+000 -0.000000000000000E+000 -0.000000000000000E+000 -0.000000000000000E+000  -0.244641289105958E-012  0.353364761466744E-012 -0.433828584512967E-012
     54.64000000 -0.000000000000000E+000 -0.000000000000000E+000  0.000000000000000E+000 -0.000000000000000E+000 -0.000000000000000E+000 -0.000000000000000E+000  0.000000000000000E+000  0.000000000000000E+000  0.000000000000000E+000 -0.000000000000000E+000 -0.000000000000000E+000 -0.000000000000000E+000  -0.221500531193169E-012  0.368273538202084E-012 -0.426685357651291E-012
     54.72000000 -0.000000000000000E+000 -0.000000000000000E+000  0.000000000000000E+000 -0.000000000000000E+000 -0.000000000000000E+000 -0.000000000000000E+000  0.000000000000000E+000  0.000000000000000E+000  0.000000000000000E+000 -0.000000000000000E+000 -0.000000000000000E+000 -0.000000000000000E+000  -0.196962365931000E-012  0.384525029557629E-012 -0.420581601591359E-012
     54.80000000 -0.000000000000000E+000 -0.000000000000000E+000  0.000000000000000E+000 -0.000000000000000E+000 -0.000000000000000E+000 -0.000000000000000E+000  0.000000000000000E+000  0.000000000000000E+000  0.000000000000000E+000 -0.000000000000000E+000 -0.000000000000000E+000 -0.000000000000000E+000  -0.171504843656517E-012  0.401512992845835E-012 -0.415685127739980E-012
     54.88000000 -0.000000000000000E+000 -0.000000000000000E+000  0.000000000000000E+000 -0.000000000000000E+000 -0.000000000000000E+000 -0.000000000000000E+000  0.000000000000000E+000  0.000000000000000E+000  0.000000000000000E+000 -0.000000000000000E+000 -0.000000000000000E+000 -0.000000000000000E+000  -0.145651578554058E-012  0.418687584722862E-012 -0.411993396253176E-012
     54.96000000 -0.000000000000000E+000 -0.000000000000000E+000  0.000000000000000E+000 -0.000000000000000E+000 -0.000000000000000E+000 -0.000000000000000E+000  0.000000000000000E+000  0.000000000000000E+000  0.000000000000000E+000 -0.000000000000000E+000 -0.000000000000000E+000 -0.000000000000000E+000  -0.119909613329897E-012  0.435587167463974E-012 -0.409305024608535E-012
     55.04000000 -0.000000000000000E+000 -0.000000000000000E+000  0.000000000000000E+000 -0.000000000000000E+000 -0.000000000000000E+000 -0.000000000000000E+000  0.000000000000000E+000  0.000000000000000E+000  0.000000000000000E+000 -0.000000000000000E+000 -0.000000000000000E+000 -0.000000000000000E+000  -0.947037456734201E-013  0.451868003805404E-012 -0.407250540799056E-012
     55.12000000 -0.000000000000000E+000 -0.000000000000000E+000  0.000000000000000E+000 -0.000000000000000E+000 -0.000000000000000E+000 -0.000000000000000E+000  0.000000000000000E+000  0.000000000000000E+000  0.000000000000000E+000 -0.000000000000000E+000 -0.000000000000000E+000 -0.000000000000000E+000  -0.703181665576918E-013  0.467304030065005E-012 -0.405353237191752E-012
     55.20000000 -0.000000000000000E+000 -0.000000000000000E+000  0.000000000000000E+000 -0.000000000000000E+000 -0.000000000000000E+000 -0.000000000000000E+000  0.000000000000000E+000  0.000000000000000E+000  0.000000000000000E+000 -0.000000000000000E+000 -0.000000000000000E+000 -0.000000000000000E+000  -0.468913248355471E-013  0.481769353806353E-012 -0.403138283429618E-012
     55.28000000 -0.000000000000000E+000 -0.000000000000000E+000  0.000000000000000E+000 -0.000000000000000E+000 -0.000000000000000E+000 -0.000000000000000E+000  0.000000000000000E+000  0.000000000000000E+000  0.000000000000000E+000 -0.000000000000000E+000 -0.000000000000000E+000 -0.000000000000000E+000  -0.244342399664276E-013  0.495184195066671E-012 -0.400246900951524E-012
     55.36000000 -0.000000000000000E+000 -0.000000000000000E+000  0.000000000000000E+000 -0.000000000000000E+000 -0.000000000000000E+000 -0.000000000000000E+000  0.000000000000000E+000  0.000000000000000E+000  0.000000000000000E+000 -0.000000000000000E+000 -0.000000000000000E+000 -0.000000000000000E+000  -0.288600162286675E-014  0.507454422258868E-012 -0.396529554184505E-012
     55.44000000 -0.000000000000000E+000 -0.000000000000000E+000  0.000000000000000E+000 -0.000000000000000E+000 -0.000000000000000E+000 -0.000000000000000E+000  0.000000000000000E+000  0.000000000000000E+000  0.000000000000000E+000 -0.000000000000000E+000 -0.000000000000000E+000 -0.000000000000000E+000   0.177997175014368E-013  0.518398579091017E-012 -0.392054730573569E-012
     55.52000000 -0.000000000000000E+000 -0.000000000000000E+000  0.000000000000000E+000 -0.000000000000000E+000 -0.000000000000000E+000 -0.000000000000000E+000  0.000000000000000E+000  0.000000000000000E+000  0.000000000000000E+000 -0.000000000000000E+000 -0.000000000000000E+000 -0.000000000000000E+000   0.376002703806870E-013  0.527741119345570E-012 -0.387058369577595E-012
     55.60000000 -0.000000000000000E+000 -0.000000000000000E+000  0.000000000000000E+000 -0.000000000000000E+000 -0.000000000000000E+000 -0.000000000000000E+000  0.000000000000000E+000  0.000000000000000E+000  0.000000000000000E+000 -0.000000000000000E+000 -0.000000000000000E+000 -0.000000000000000E+000   0.563989062599707E-013  0.535121946101673E-012 -0.381829445207841E-012
     55.68000000 -0.000000000000000E+000 -0.000000000000000E+000  0.000000000000000E+000 -0.000000000000000E+000 -0.000000000000000E+000 -0.000000000000000E+000  0.000000000000000E+000  0.000000000000000E+000  0.000000000000000E+000 -0.000000000000000E+000 -0.000000000000000E+000 -0.000000000000000E+000   0.740147541157538E-013  0.540179749738264E-012 -0.376586324816865E-012
     55.76000000 -0.000000000000000E+000 -0.000000000000000E+000  0.000000000000000E+000 -0.000000000000000E+000 -0.000000000000000E+000 -0.000000000000000E+000  0.000000000000000E+000  0.000000000000000E+000  0.000000000000000E+000 -0.000000000000000E+000 -0.000000000000000E+000 -0.000000000000000E+000   0.902609898514628E-013  0.542651031230546E-012 -0.371381884342282E-012
     55.84000000 -0.000000000000000E+000 -0.000000000000000E+000  0.000000000000000E+000 -0.000000000000000E+000 -0.000000000000000E+000 -0.000000000000000E+000  0.000000000000000E+000  0.000000000000000E+000  0.000000000000000E+000 -0.000000000000000E+000 -0.000000000000000E+000 -0.000000000000000E+000   0.105005687144415E-012  0.542451288312947E-012 -0.366089037219442E-012
     55.92000000 -0.000000000000000E+000 -0.000000000000000E+000  0.000000000000000E+000 -0.000000000000000E+000 -0.000000000000000E+000 -0.000000000000000E+000  0.000000000000000E+000  0.000000000000000E+000  0.000000000000000E+000 -0.000000000000000E+000 -0.000000000000000E+000 -0.000000000000000E+000   0.118233445806252E-012  0.539710325835704E-012 -0.360428315280023E-012
     56.00000000 -0.000000000000000E+000 -0.000000000000000E+000  0.000000000000000E+000 -0.000000000000000E+000 -0.000000000000000E+000 -0.000000000000000E+000  0.000000000000000E+000  0.000000000000000E+000  0.000000000000000E+000 -0.000000000000000E+000 -0.000000000000000E+000 -0.000000000000000E+000   0.130054779668696E-012  0.534748432178934E-012 -0.354062803702817E-012
     56.08000000 -0.000000000000000E+000 -0.000000000000000E+000  0.000000000000000E+000 -0.000000000000000E+000 -0.000000000000000E+000 -0.000000000000000E+000  0.000000000000000E+000  0.000000000000000E+000  0.000000000000000E+000 -0.000000000000000E+000 -0.000000000000000E+000 -0.000000000000000E+000   0.140688312829400E-012  0.528007866961319E-012 -0.346683932526188E-012
     56.16000000 -0.000000000000000E+000 -0.000000000000000E+000  0.000000000000000E+000 -0.000000000000000E+000 -0.000000000000000E+000 -0.000000000000000E+000  0.000000000000000E+000  0.000000000000000E+000  0.000000000000000E+000 -0.000000000000000E+000 -0.000000000000000E+000 -0.000000000000000E+000   0.150437969242912E-012  0.519958745264305E-012 -0.338094977281502E-012
     56.24000000 -0.000000000000000E+000 -0.000000000000000E+000  0.000000000000000E+000 -0.000000000000000E+000 -0.000000000000000E+000 -0.000000000000000E+000  0.000000000000000E+000  0.000000000000000E+000  0.000000000000000E+000 -0.000000000000000E+000 -0.000000000000000E+000 -0.000000000000000E+000   0.159644548035309E-012  0.511024286660785E-012 -0.328263048495080E-012
     56.32000000 -0.000000000000000E+000 -0.000000000000000E+000  0.000000000000000E+000 -0.000000000000000E+000 -0.000000000000000E+000 -0.000000000000000E+000  0.000000000000000E+000  0.000000000000000E+000  0.000000000000000E+000 -0.000000000000000E+000 -0.000000000000000E+000 -0.000000000000000E+000   0.168648468108986E-012  0.501543327419150E-012 -0.317339667436089E-012
     56.40000000 -0.000000000000000E+000 -0.000000000000000E+000  0.000000000000000E+000 -0.000000000000000E+000 -0.000000000000000E+000 -0.000000000000000E+000  0.000000000000000E+000  0.000000000000000E+000  0.000000000000000E+000 -0.000000000000000E+000 -0.000000000000000E+000 -0.000000000000000E+000   0.177746050952702E-012  0.491759607983494E-012 -0.305649457285553E-012
     56.48000000 -0.000000000000000E+000 -0.000000000000000E+000  0.000000000000000E+000 -0.000000000000000E+000 -0.000000000000000E+000 -0.000000000000000E+000  0.000000000000000E+000  0.000000000000000E+000  0.000000000000000E+000 -0.000000000000000E+000 -0.000000000000000E+000 -0.000000000000000E+000   0.187157702319488E-012  0.481839466801704E-012 -0.293632227666414E-012
     56.56000000 -0.000000000000000E+000 -0.000000000000000E+000  0.000000000000000E+000 -0.000000000000000E+000 -0.000000000000000E+000 -0.000000000000000E+000  0.000000000000000E+000  0.000000000000000E+000  0.000000000000000E+000 -0.000000000000000E+000 -0.000000000000000E+000 -0.000000000000000E+000   0.197005215508249E-012  0.471905535923532E-012 -0.281758463091967E-012
     56.64000000 -0.000000000000000E+000 -0.000000000000000E+000  0.000000000000000E+000 -0.000000000000000E+000 -0.000000000000000E+000 -0.000000000000000E+000  0.000000000000000E+000  0.000000000000000E+000  0.000000000000000E+000 -0.000000000000000E+000 -0.000000000000000E+000 -0.000000000000000E+000   0.207307696068658E-012  0.462062912185402E-012 -0.270414694687286E-012
     56.72000000 -0.000000000000000E+000 -0.000000000000000E+000  0.000000000000000E+000 -0.000000000000000E+000 -0.000000000000000E+000 -0.000000000000000E+000  0.000000000000000E+000  0.000000000000000E+000  0.000000000000000E+000 -0.000000000000000E+000 -0.000000000000000E+000 -0.000000000000000E+000   0.218004341842491E-012  0.452439561560393E-012 -0.259810416413257E-012
     56.80000000 -0.000000000000000E+000 -0.000000000000000E+000  0.000000000000000E+000 -0.000000000000000E+000 -0.000000000000000E+000 -0.000000000000000E+000  0.000000000000000E+000  0.000000000000000E+000  0.000000000000000E+000 -0.000000000000000E+000 -0.000000000000000E+000 -0.000000000000000E+000   0.229002002044070E-012  0.443211521337354E-012 -0.249923199339383E-012
     56.88000000 -0.000000000000000E+000 -0.000000000000000E+000  0.000000000000000E+000 -0.000000000000000E+000 -0.000000000000000E+000 -0.000000000000000E+000  0.000000000000000E+000  0.000000000000000E+000  0.000000000000000E+000 -0.000000000000000E+000 -0.000000000000000E+000 -0.000000000000000E+000   0.240227130371164E-012  0.434624793224631E-012 -0.240513414707727E-012
     56.96000000 -0.000000000000000E+000 -0.000000000000000E+000  0.000000000000000E+000 -0.000000000000000E+000 -0.000000000000000E+000 -0.000000000000000E+000  0.000000000000000E+000  0.000000000000000E+000  0.000000000000000E+000 -0.000000000000000E+000 -0.000000000000000E+000 -0.000000000000000E+000   0.251655848525787E-012  0.426977208562897E-012 -0.231237697698044E-012
     57.04000000 -0.000000000000000E+000 -0.000000000000000E+000  0.000000000000000E+000 -0.000000000000000E+000 -0.000000000000000E+000 -0.000000000000000E+000  0.000000000000000E+000  0.000000000000000E+000  0.000000000000000E+000 -0.000000000000000E+000 -0.000000000000000E+000 -0.000000000000000E+000   0.263322764391869E-012  0.420591166412885E-012 -0.221760843115328E-012
     57.12000000 -0.000000000000000E+000 -0.000000000000000E+000  0.000000000000000E+000 -0.000000000000000E+000 -0.000000000000000E+000 -0.000000000000000E+000  0.000000000000000E+000  0.000000000000000E+000  0.000000000000000E+000 -0.000000000000000E+000 -0.000000000000000E+000 -0.000000000000000E+000   0.275284679371420E-012  0.415730632357688E-012 -0.211894698715346E-012
     57.20000000 -0.000000000000000E+000 -0.000000000000000E+000  0.000000000000000E+000 -0.000000000000000E+000 -0.000000000000000E+000 -0.000000000000000E+000  0.000000000000000E+000  0.000000000000000E+000  0.000000000000000E+000 -0.000000000000000E+000 -0.000000000000000E+000 -0.000000000000000E+000   0.287582926664486E-012  0.412544071320627E-012 -0.201665181949473E-012
     57.28000000 -0.000000000000000E+000 -0.000000000000000E+000  0.000000000000000E+000 -0.000000000000000E+000 -0.000000000000000E+000 -0.000000000000000E+000  0.000000000000000E+000  0.000000000000000E+000  0.000000000000000E+000 -0.000000000000000E+000 -0.000000000000000E+000 -0.000000000000000E+000   0.300194713681089E-012  0.411003414261152E-012 -0.191300480231055E-012
     57.36000000 -0.000000000000000E+000 -0.000000000000000E+000  0.000000000000000E+000 -0.000000000000000E+000 -0.000000000000000E+000 -0.000000000000000E+000  0.000000000000000E+000  0.000000000000000E+000  0.000000000000000E+000 -0.000000000000000E+000 -0.000000000000000E+000 -0.000000000000000E+000   0.313021425206405E-012  0.410913073617075E-012 -0.181152876947095E-012
     57.44000000 -0.000000000000000E+000 -0.000000000000000E+000  0.000000000000000E+000 -0.000000000000000E+000 -0.000000000000000E+000 -0.000000000000000E+000  0.000000000000000E+000  0.000000000000000E+000  0.000000000000000E+000 -0.000000000000000E+000 -0.000000000000000E+000 -0.000000000000000E+000   0.325896874882020E-012  0.411946568005315E-012 -0.171587325591652E-012
     57.52000000 -0.000000000000000E+000 -0.000000000000000E+000  0.000000000000000E+000 -0.000000000000000E+000 -0.000000000000000E+000 -0.000000000000000E+000  0.000000000000000E+000  0.000000000000000E+000  0.000000000000000E+000 -0.000000000000000E+000 -0.000000000000000E+000 -0.000000000000000E+000   0.338617139337653E-012  0.413738168426093E-012 -0.162874757244831E-012
     57.60000000 -0.000000000000000E+000 -0.000000000000000E+000  0.000000000000000E+000 -0.000000000000000E+000 -0.000000000000000E+000 -0.000000000000000E+000  0.000000000000000E+000  0.000000000000000E+000  0.000000000000000E+000 -0.000000000000000E+000 -0.000000000000000E+000 -0.000000000000000E+000   0.350978662376119E-012  0.415961248183121E-012 -0.155115307012278E-012
     57.68000000 -0.000000000000000E+000 -0.000000000000000E+000  0.000000000000000E+000 -0.000000000000000E+000 -0.000000000000000E+000 -0.000000000000000E+000  0.000000000000000E+000  0.000000000000000E+000  0.000000000000000E+000 -0.000000000000000E+000 -0.000000000000000E+000 -0.000000000000000E+000   0.362795708118581E-012  0.418375034333807E-012 -0.148210021367936E-012
     57.76000000 -0.000000000000000E+000 -0.000000000000000E+000  0.000000000000000E+000 -0.000000000000000E+000 -0.000000000000000E+000 -0.000000000000000E+000  0.000000000000000E+000  0.000000000000000E+000  0.000000000000000E+000 -0.000000000000000E+000 -0.000000000000000E+000 -0.000000000000000E+000   0.373918459902620E-012  0.420847369409589E-012 -0.141867262977988E-012
     57.84000000 -0.000000000000000E+000 -0.000000000000000E+000  0.000000000000000E+000 -0.000000000000000E+000 -0.000000000000000E+000 -0.000000000000000E+000  0.000000000000000E+000  0.000000000000000E+000  0.000000000000000E+000 -0.000000000000000E+000 -0.000000000000000E+000 -0.000000000000000E+000   0.384234855394800E-012  0.423311862089657E-012 -0.135658880404520E-012
     57.92000000 -0.000000000000000E+000 -0.000000000000000E+000  0.000000000000000E+000 -0.000000000000000E+000 -0.000000000000000E+000 -0.000000000000000E+000  0.000000000000000E+000  0.000000000000000E+000  0.000000000000000E+000 -0.000000000000000E+000 -0.000000000000000E+000 -0.000000000000000E+000   0.393672360465890E-012  0.425729648996554E-012 -0.129099820669488E-012
     58.00000000 -0.000000000000000E+000 -0.000000000000000E+000  0.000000000000000E+000 -0.000000000000000E+000 -0.000000000000000E+000 -0.000000000000000E+000  0.000000000000000E+000  0.000000000000000E+000  0.000000000000000E+000 -0.000000000000000E+000 -0.000000000000000E+000 -0.000000000000000E+000   0.402187829390826E-012  0.428044344590075E-012 -0.121754781620095E-012
     58.08000000 -0.000000000000000E+000 -0.000000000000000E+000  0.000000000000000E+000 -0.000000000000000E+000 -0.000000000000000E+000 -0.000000000000000E+000  0.000000000000000E+000  0.000000000000000E+000  0.000000000000000E+000 -0.000000000000000E+000 -0.000000000000000E+000 -0.000000000000000E+000   0.409762997127593E-012  0.430141273910716E-012 -0.113355216417125E-012
     58.16000000 -0.000000000000000E+000 -0.000000000000000E+000  0.000000000000000E+000 -0.000000000000000E+000 -0.000000000000000E+000 -0.000000000000000E+000  0.000000000000000E+000  0.000000000000000E+000  0.000000000000000E+000 -0.000000000000000E+000 -0.000000000000000E+000 -0.000000000000000E+000   0.416410359608173E-012  0.431843338807919E-012 -0.103856252141218E-012
     58.24000000 -0.000000000000000E+000 -0.000000000000000E+000  0.000000000000000E+000 -0.000000000000000E+000 -0.000000000000000E+000 -0.000000000000000E+000  0.000000000000000E+000  0.000000000000000E+000  0.000000000000000E+000 -0.000000000000000E+000 -0.000000000000000E+000 -0.000000000000000E+000   0.422145985361293E-012  0.432917999248368E-012 -0.934653548936437E-013
     58.32000000 -0.000000000000000E+000 -0.000000000000000E+000  0.000000000000000E+000 -0.000000000000000E+000 -0.000000000000000E+000 -0.000000000000000E+000  0.000000000000000E+000  0.000000000000000E+000  0.000000000000000E+000 -0.000000000000000E+000 -0.000000000000000E+000 -0.000000000000000E+000   0.426994933009663E-012  0.433094691576029E-012 -0.825664848348780E-013
     58.40000000 -0.000000000000000E+000 -0.000000000000000E+000  0.000000000000000E+000 -0.000000000000000E+000 -0.000000000000000E+000 -0.000000000000000E+000  0.000000000000000E+000  0.000000000000000E+000  0.000000000000000E+000 -0.000000000000000E+000 -0.000000000000000E+000 -0.000000000000000E+000   0.430982100051505E-012  0.432099828415475E-012 -0.715965101875243E-013
     58.48000000 -0.000000000000000E+000 -0.000000000000000E+000  0.000000000000000E+000 -0.000000000000000E+000 -0.000000000000000E+000 -0.000000000000000E+000  0.000000000000000E+000  0.000000000000000E+000  0.000000000000000E+000 -0.000000000000000E+000 -0.000000000000000E+000 -0.000000000000000E+000   0.434147913424354E-012  0.429715218597001E-012 -0.608866998903676E-013
     58.56000000 -0.000000000000000E+000 -0.000000000000000E+000  0.000000000000000E+000 -0.000000000000000E+000 -0.000000000000000E+000 -0.000000000000000E+000  0.000000000000000E+000  0.000000000000000E+000  0.000000000000000E+000 -0.000000000000000E+000 -0.000000000000000E+000 -0.000000000000000E+000   0.436562817156585E-012  0.425813419425660E-012 -0.505566595130691E-013
     58.64000000 -0.000000000000000E+000 -0.000000000000000E+000  0.000000000000000E+000 -0.000000000000000E+000 -0.000000000000000E+000 -0.000000000000000E+000  0.000000000000000E+000  0.000000000000000E+000  0.000000000000000E+000 -0.000000000000000E+000 -0.000000000000000E+000 -0.000000000000000E+000   0.438345000076826E-012  0.420406796076645E-012 -0.404752146472308E-013
     58.72000000 -0.000000000000000E+000 -0.000000000000000E+000  0.000000000000000E+000 -0.000000000000000E+000 -0.000000000000000E+000 -0.000000000000000E+000  0.000000000000000E+000  0.000000000000000E+000  0.000000000000000E+000 -0.000000000000000E+000 -0.000000000000000E+000 -0.000000000000000E+000   0.439660404096058E-012  0.413652589989475E-012 -0.303057636856045E-013
     58.80000000 -0.000000000000000E+000 -0.000000000000000E+000  0.000000000000000E+000 -0.000000000000000E+000 -0.000000000000000E+000 -0.000000000000000E+000  0.000000000000000E+000  0.000000000000000E+000  0.000000000000000E+000 -0.000000000000000E+000 -0.000000000000000E+000 -0.000000000000000E+000   0.440699726572921E-012  0.405820221639423E-012 -0.196272717728691E-013
     58.88000000 -0.000000000000000E+000 -0.000000000000000E+000  0.000000000000000E+000 -0.000000000000000E+000 -0.000000000000000E+000 -0.000000000000000E+000  0.000000000000000E+000  0.000000000000000E+000  0.000000000000000E+000 -0.000000000000000E+000 -0.000000000000000E+000 -0.000000000000000E+000   0.441638437346931E-012  0.397231630807134E-012 -0.805412032078023E-014
     58.96000000 -0.000000000000000E+000 -0.000000000000000E+000  0.000000000000000E+000 -0.000000000000000E+000 -0.000000000000000E+000 -0.000000000000000E+000  0.000000000000000E+000  0.000000000000000E+000  0.000000000000000E+000 -0.000000000000000E+000 -0.000000000000000E+000 -0.000000000000000E+000   0.442597358703522E-012  0.388170837302274E-012  0.463802414684010E-014
     59.04000000 -0.000000000000000E+000 -0.000000000000000E+000  0.000000000000000E+000 -0.000000000000000E+000 -0.000000000000000E+000 -0.000000000000000E+000  0.000000000000000E+000  0.000000000000000E+000  0.000000000000000E+000 -0.000000000000000E+000 -0.000000000000000E+000 -0.000000000000000E+000   0.443621355781899E-012  0.378832986222116E-012  0.184530165710496E-013
     59.12000000 -0.000000000000000E+000 -0.000000000000000E+000  0.000000000000000E+000 -0.000000000000000E+000 -0.000000000000000E+000 -0.000000000000000E+000  0.000000000000000E+000  0.000000000000000E+000  0.000000000000000E+000 -0.000000000000000E+000 -0.000000000000000E+000 -0.000000000000000E+000   0.444675017836384E-012  0.369287292581603E-012  0.331695331405899E-013
     59.20000000 -0.000000000000000E+000 -0.000000000000000E+000  0.000000000000000E+000 -0.000000000000000E+000 -0.000000000000000E+000 -0.000000000000000E+000  0.000000000000000E+000  0.000000000000000E+000  0.000000000000000E+000 -0.000000000000000E+000 -0.000000000000000E+000 -0.000000000000000E+000   0.445680588748255E-012  0.359515789494315E-012  0.483797742977711E-013
     59.28000000 -0.000000000000000E+000 -0.000000000000000E+000  0.000000000000000E+000 -0.000000000000000E+000 -0.000000000000000E+000 -0.000000000000000E+000  0.000000000000000E+000  0.000000000000000E+000  0.000000000000000E+000 -0.000000000000000E+000 -0.000000000000000E+000 -0.000000000000000E+000   0.446564914234679E-012  0.349460722614804E-012  0.635741891149068E-013
     59.36000000 -0.000000000000000E+000 -0.000000000000000E+000  0.000000000000000E+000 -0.000000000000000E+000 -0.000000000000000E+000 -0.000000000000000E+000  0.000000000000000E+000  0.000000000000000E+000  0.000000000000000E+000 -0.000000000000000E+000 -0.000000000000000E+000 -0.000000000000000E+000   0.447297348016193E-012  0.339090061298055E-012  0.782411546334917E-013
     59.44000000 -0.000000000000000E+000 -0.000000000000000E+000  0.000000000000000E+000 -0.000000000000000E+000 -0.000000000000000E+000 -0.000000000000000E+000  0.000000000000000E+000  0.000000000000000E+000  0.000000000000000E+000 -0.000000000000000E+000 -0.000000000000000E+000 -0.000000000000000E+000   0.447910429961470E-012  0.328454362493706E-012  0.919851599243486E-013
     59.52000000 -0.000000000000000E+000 -0.000000000000000E+000  0.000000000000000E+000 -0.000000000000000E+000 -0.000000000000000E+000 -0.000000000000000E+000  0.000000000000000E+000  0.000000000000000E+000  0.000000000000000E+000 -0.000000000000000E+000 -0.000000000000000E+000 -0.000000000000000E+000   0.448492509998932E-012  0.317693791708031E-012  0.104618626968838E-012
     59.60000000 -0.000000000000000E+000 -0.000000000000000E+000  0.000000000000000E+000 -0.000000000000000E+000 -0.000000000000000E+000 -0.000000000000000E+000  0.000000000000000E+000  0.000000000000000E+000  0.000000000000000E+000 -0.000000000000000E+000 -0.000000000000000E+000 -0.000000000000000E+000   0.449160067080032E-012  0.307030521040101E-012  0.116207426068392E-012
     59.68000000 -0.000000000000000E+000 -0.000000000000000E+000  0.000000000000000E+000 -0.000000000000000E+000 -0.000000000000000E+000 -0.000000000000000E+000  0.000000000000000E+000  0.000000000000000E+000  0.000000000000000E+000 -0.000000000000000E+000 -0.000000000000000E+000 -0.000000000000000E+000   0.450016334568706E-012  0.296726233476072E-012  0.127040030292710E-012
     59.76000000 -0.000000000000000E+000 -0.000000000000000E+000  0.000000000000000E+000 -0.000000000000000E+000 -0.000000000000000E+000 -0.000000000000000E+000  0.000000000000000E+000  0.000000000000000E+000  0.000000000000000E+000 -0.000000000000000E+000 -0.000000000000000E+000 -0.000000000000000E+000   0.451111246249318E-012  0.287054763348532E-012  0.137543764877495E-012
     59.84000000 -0.000000000000000E+000 -0.000000000000000E+000  0.000000000000000E+000 -0.000000000000000E+000 -0.000000000000000E+000 -0.000000000000000E+000  0.000000000000000E+000  0.000000000000000E+000  0.000000000000000E+000 -0.000000000000000E+000 -0.000000000000000E+000 -0.000000000000000E+000   0.452406079038163E-012  0.278244974191347E-012  0.148124696664743E-012
     59.92000000 -0.000000000000000E+000 -0.000000000000000E+000  0.000000000000000E+000 -0.000000000000000E+000 -0.000000000000000E+000 -0.000000000000000E+000  0.000000000000000E+000  0.000000000000000E+000  0.000000000000000E+000 -0.000000000000000E+000 -0.000000000000000E+000 -0.000000000000000E+000   0.453750803949897E-012  0.270446419396549E-012  0.159032364823360E-012
     60.00000000  0.000000000000000E+000  0.000000000000000E+000  0.000000000000000E+000 -0.000000000000000E+000 -0.000000000000000E+000 -0.000000000000000E+000  0.000000000000000E+000  0.000000000000000E+000  0.000000000000000E+000 -0.000000000000000E+000 -0.000000000000000E+000 -0.000000000000000E+000   0.454905725467837E-012  0.263695804227130E-012  0.170261951680915E-012
     60.08000000  0.000000000000000E+000  0.000000000000000E+000  0.000000000000000E+000 -0.000000000000000E+000 -0.000000000000000E+000 -0.000000000000000E+000  0.000000000000000E+000  0.000000000000000E+000  0.000000000000000E+000 -0.000000000000000E+000 -0.000000000000000E+000 -0.000000000000000E+000   0.455562385815157E-012  0.257896069499163E-012  0.181546322872690E-012
     60.16000000  0.000000000000000E+000  0.000000000000000E+000  0.000000000000000E+000 -0.000000000000000E+000 -0.000000000000000E+000 -0.000000000000000E+000  0.000000000000000E+000  0.000000000000000E+000  0.000000000000000E+000 -0.000000000000000E+000 -0.000000000000000E+000 -0.000000000000000E+000   0.455401772808049E-012  0.252829553846366E-012  0.192431613299245E-012
     60.24000000  0.000000000000000E+000  0.000000000000000E+000  0.000000000000000E+000 -0.000000000000000E+000 -0.000000000000000E+000 -0.000000000000000E+000  0.000000000000000E+000  0.000000000000000E+000  0.000000000000000E+000 -0.000000000000000E+000 -0.000000000000000E+000 -0.000000000000000E+000   0.454170633383219E-012  0.248198708523355E-012  0.202412195238534E-012
     60.32000000  0.000000000000000E+000  0.000000000000000E+000  0.000000000000000E+000 -0.000000000000000E+000 -0.000000000000000E+000 -0.000000000000000E+000  0.000000000000000E+000  0.000000000000000E+000  0.000000000000000E+000 -0.000000000000000E+000 -0.000000000000000E+000 -0.000000000000000E+000   0.451732783465704E-012  0.243692486718671E-012  0.211075123188110E-012
     60.40000000  0.000000000000000E+000  0.000000000000000E+000  0.000000000000000E+000 -0.000000000000000E+000 -0.000000000000000E+000 -0.000000000000000E+000  0.000000000000000E+000  0.000000000000000E+000  0.000000000000000E+000 -0.000000000000000E+000 -0.000000000000000E+000 -0.000000000000000E+000   0.448107053790041E-012  0.239073935796545E-012  0.218210402245527E-012
     60.48000000  0.000000000000000E+000  0.000000000000000E+000  0.000000000000000E+000 -0.000000000000000E+000 -0.000000000000000E+000 -0.000000000000000E+000  0.000000000000000E+000  0.000000000000000E+000  0.000000000000000E+000 -0.000000000000000E+000 -0.000000000000000E+000 -0.000000000000000E+000   0.443451885445376E-012  0.234211869552861E-012  0.223866149905533E-012
     60.56000000  0.000000000000000E+000  0.000000000000000E+000  0.000000000000000E+000 -0.000000000000000E+000 -0.000000000000000E+000 -0.000000000000000E+000  0.000000000000000E+000  0.000000000000000E+000  0.000000000000000E+000 -0.000000000000000E+000 -0.000000000000000E+000 -0.000000000000000E+000   0.438011420432161E-012  0.229101579488322E-012  0.228331542965351E-012
     60.64000000  0.000000000000000E+000  0.000000000000000E+000  0.000000000000000E+000 -0.000000000000000E+000 -0.000000000000000E+000 -0.000000000000000E+000  0.000000000000000E+000  0.000000000000000E+000  0.000000000000000E+000 -0.000000000000000E+000 -0.000000000000000E+000 -0.000000000000000E+000   0.432042225908525E-012  0.223823215499503E-012  0.232075414537742E-012
     60.72000000  0.000000000000000E+000  0.000000000000000E+000  0.000000000000000E+000 -0.000000000000000E+000 -0.000000000000000E+000 -0.000000000000000E+000  0.000000000000000E+000  0.000000000000000E+000  0.000000000000000E+000 -0.000000000000000E+000 -0.000000000000000E+000 -0.000000000000000E+000   0.425725196991383E-012  0.218472874791876E-012  0.235638806604050E-012
     60.80000000  0.000000000000000E+000  0.000000000000000E+000  0.000000000000000E+000 -0.000000000000000E+000 -0.000000000000000E+000 -0.000000000000000E+000  0.000000000000000E+000  0.000000000000000E+000  0.000000000000000E+000 -0.000000000000000E+000 -0.000000000000000E+000 -0.000000000000000E+000   0.419111808688601E-012  0.213110255745619E-012  0.239521118747177E-012
     60.88000000  0.000000000000000E+000  0.000000000000000E+000  0.000000000000000E+000 -0.000000000000000E+000 -0.000000000000000E+000 -0.000000000000000E+000  0.000000000000000E+000  0.000000000000000E+000  0.000000000000000E+000 -0.000000000000000E+000 -0.000000000000000E+000 -0.000000000000000E+000   0.412112982497937E-012  0.207705422836025E-012  0.244067379234589E-012
     60.96000000  0.000000000000000E+000  0.000000000000000E+000  0.000000000000000E+000 -0.000000000000000E+000 -0.000000000000000E+000 -0.000000000000000E+000  0.000000000000000E+000  0.000000000000000E+000  0.000000000000000E+000 -0.000000000000000E+000 -0.000000000000000E+000 -0.000000000000000E+000   0.404527399895024E-012  0.202143816802017E-012  0.249386738112219E-012
     61.04000000  0.000000000000000E+000  0.000000000000000E+000  0.000000000000000E+000 -0.000000000000000E+000 -0.000000000000000E+000 -0.000000000000000E+000  0.000000000000000E+000  0.000000000000000E+000  0.000000000000000E+000 -0.000000000000000E+000 -0.000000000000000E+000 -0.000000000000000E+000   0.396106255053258E-012  0.196244828635585E-012  0.255333344086704E-012
     61.12000000  0.000000000000000E+000  0.000000000000000E+000  0.000000000000000E+000 -0.000000000000000E+000 -0.000000000000000E+000 -0.000000000000000E+000  0.000000000000000E+000  0.000000000000000E+000  0.000000000000000E+000 -0.000000000000000E+000 -0.000000000000000E+000 -0.000000000000000E+000   0.386641602011519E-012  0.189795036401723E-012  0.261564060221035E-012
     61.20000000  0.000000000000000E+000  0.000000000000000E+000  0.000000000000000E+000 -0.000000000000000E+000 -0.000000000000000E+000 -0.000000000000000E+000  0.000000000000000E+000  0.000000000000000E+000  0.000000000000000E+000 -0.000000000000000E+000 -0.000000000000000E+000 -0.000000000000000E+000   0.376037864583713E-012  0.182594778497992E-012  0.267653622267525E-012
     61.28000000  0.000000000000000E+000  0.000000000000000E+000  0.000000000000000E+000 -0.000000000000000E+000 -0.000000000000000E+000 -0.000000000000000E+000  0.000000000000000E+000  0.000000000000000E+000  0.000000000000000E+000 -0.000000000000000E+000 -0.000000000000000E+000 -0.000000000000000E+000   0.364369462708126E-012  0.174491475303245E-012  0.273253792519502E-012
     61.36000000  0.000000000000000E+000  0.000000000000000E+000  0.000000000000000E+000 -0.000000000000000E+000 -0.000000000000000E+000 -0.000000000000000E+000  0.000000000000000E+000  0.000000000000000E+000  0.000000000000000E+000 -0.000000000000000E+000 -0.000000000000000E+000 -0.000000000000000E+000   0.351883611546230E-012  0.165398860966567E-012  0.278220233551078E-012
     61.44000000  0.000000000000000E+000  0.000000000000000E+000  0.000000000000000E+000 -0.000000000000000E+000 -0.000000000000000E+000 -0.000000000000000E+000  0.000000000000000E+000  0.000000000000000E+000  0.000000000000000E+000 -0.000000000000000E+000 -0.000000000000000E+000 -0.000000000000000E+000   0.338968780485453E-012  0.155334509853036E-012  0.282692104718876E-012
     61.52000000  0.000000000000000E+000  0.000000000000000E+000  0.000000000000000E+000 -0.000000000000000E+000 -0.000000000000000E+000 -0.000000000000000E+000  0.000000000000000E+000  0.000000000000000E+000  0.000000000000000E+000 -0.000000000000000E+000 -0.000000000000000E+000 -0.000000000000000E+000   0.326062379849487E-012  0.144406566360875E-012  0.287059288135793E-012
     61.60000000  0.000000000000000E+000  0.000000000000000E+000  0.000000000000000E+000 -0.000000000000000E+000 -0.000000000000000E+000 -0.000000000000000E+000  0.000000000000000E+000  0.000000000000000E+000  0.000000000000000E+000 -0.000000000000000E+000 -0.000000000000000E+000 -0.000000000000000E+000   0.313562782409491E-012  0.132813109458516E-012  0.291867595268840E-012
     61.68000000  0.000000000000000E+000  0.000000000000000E+000  0.000000000000000E+000 -0.000000000000000E+000 -0.000000000000000E+000 -0.000000000000000E+000  0.000000000000000E+000  0.000000000000000E+000  0.000000000000000E+000 -0.000000000000000E+000 -0.000000000000000E+000 -0.000000000000000E+000   0.301722543273610E-012  0.120798352171692E-012  0.297661130970497E-012
     61.76000000  0.000000000000000E+000  0.000000000000000E+000  0.000000000000000E+000 -0.000000000000000E+000 -0.000000000000000E+000 -0.000000000000000E+000  0.000000000000000E+000  0.000000000000000E+000  0.000000000000000E+000 -0.000000000000000E+000 -0.000000000000000E+000 -0.000000000000000E+000   0.290584680421792E-012  0.108600582813016E-012  0.304854325497852E-012
     61.84000000  0.000000000000000E+000  0.000000000000000E+000  0.000000000000000E+000 -0.000000000000000E+000 -0.000000000000000E+000 -0.000000000000000E+000  0.000000000000000E+000  0.000000000000000E+000  0.000000000000000E+000 -0.000000000000000E+000 -0.000000000000000E+000 -0.000000000000000E+000   0.279972536913531E-012  0.964112519102767E-013  0.313625257049953E-012
     61.92000000  0.000000000000000E+000  0.000000000000000E+000  0.000000000000000E+000 -0.000000000000000E+000 -0.000000000000000E+000 -0.000000000000000E+000  0.000000000000000E+000  0.000000000000000E+000  0.000000000000000E+000 -0.000000000000000E+000 -0.000000000000000E+000 -0.000000000000000E+000   0.269548048723509E-012  0.843440804756494E-013  0.323886402402535E-012
     62.00000000  0.000000000000000E+000  0.000000000000000E+000  0.000000000000000E+000 -0.000000000000000E+000 -0.000000000000000E+000 -0.000000000000000E+000  0.000000000000000E+000  0.000000000000000E+000  0.000000000000000E+000 -0.000000000000000E+000 -0.000000000000000E+000 -0.000000000000000E+000   0.258900249018246E-012  0.724352386982774E-013  0.335321213672979E-012
     62.08000000  0.000000000000000E+000  0.000000000000000E+000  0.000000000000000E+000 -0.000000000000000E+000 -0.000000000000000E+000 -0.000000000000000E+000  0.000000000000000E+000  0.000000000000000E+000  0.000000000000000E+000 -0.000000000000000E+000 -0.000000000000000E+000 -0.000000000000000E+000   0.247674413450013E-012  0.606834817534441E-013  0.347454045344868E-012
     62.16000000  0.000000000000000E+000  0.000000000000000E+000  0.000000000000000E+000 -0.000000000000000E+000 -0.000000000000000E+000 -0.000000000000000E+000  0.000000000000000E+000  0.000000000000000E+000  0.000000000000000E+000 -0.000000000000000E+000 -0.000000000000000E+000 -0.000000000000000E+000   0.235659675990034E-012  0.490845968129859E-013  0.359770995627354E-012
     62.24000000  0.000000000000000E+000  0.000000000000000E+000  0.000000000000000E+000 -0.000000000000000E+000 -0.000000000000000E+000 -0.000000000000000E+000  0.000000000000000E+000  0.000000000000000E+000  0.000000000000000E+000 -0.000000000000000E+000 -0.000000000000000E+000 -0.000000000000000E+000   0.222856754671277E-012  0.376602079378711E-013  0.371821472105334E-012
     62.32000000  0.000000000000000E+000  0.000000000000000E+000  0.000000000000000E+000 -0.000000000000000E+000 -0.000000000000000E+000 -0.000000000000000E+000  0.000000000000000E+000  0.000000000000000E+000  0.000000000000000E+000 -0.000000000000000E+000 -0.000000000000000E+000 -0.000000000000000E+000   0.209452739119457E-012  0.264783907268682E-013  0.383324783871370E-012
     62.40000000  0.000000000000000E+000  0.000000000000000E+000  0.000000000000000E+000 -0.000000000000000E+000 -0.000000000000000E+000 -0.000000000000000E+000  0.000000000000000E+000  0.000000000000000E+000  0.000000000000000E+000 -0.000000000000000E+000 -0.000000000000000E+000 -0.000000000000000E+000   0.195767658459865E-012  0.156287858611239E-013  0.394224319509802E-012
     62.48000000  0.000000000000000E+000  0.000000000000000E+000  0.000000000000000E+000 -0.000000000000000E+000 -0.000000000000000E+000 -0.000000000000000E+000  0.000000000000000E+000  0.000000000000000E+000  0.000000000000000E+000 -0.000000000000000E+000 -0.000000000000000E+000 -0.000000000000000E+000   0.182146974891811E-012  0.521044399314006E-014  0.404692124839261E-012
     62.56000000  0.000000000000000E+000  0.000000000000000E+000  0.000000000000000E+000 -0.000000000000000E+000 -0.000000000000000E+000 -0.000000000000000E+000  0.000000000000000E+000  0.000000000000000E+000  0.000000000000000E+000 -0.000000000000000E+000 -0.000000000000000E+000 -0.000000000000000E+000   0.168838856771174E-012 -0.468587184591005E-014  0.415051013025474E-012
     62.64000000  0.000000000000000E+000  0.000000000000000E+000  0.000000000000000E+000 -0.000000000000000E+000 -0.000000000000000E+000 -0.000000000000000E+000  0.000000000000000E+000  0.000000000000000E+000  0.000000000000000E+000 -0.000000000000000E+000 -0.000000000000000E+000 -0.000000000000000E+000   0.155928916164920E-012 -0.139971014961965E-013  0.425658974575217E-012
     62.72000000  0.000000000000000E+000  0.000000000000000E+000  0.000000000000000E+000 -0.000000000000000E+000 -0.000000000000000E+000 -0.000000000000000E+000  0.000000000000000E+000  0.000000000000000E+000  0.000000000000000E+000 -0.000000000000000E+000 -0.000000000000000E+000 -0.000000000000000E+000   0.143282399040670E-012 -0.226816632946772E-013  0.436755792845624E-012
     62.80000000  0.000000000000000E+000  0.000000000000000E+000  0.000000000000000E+000 -0.000000000000000E+000 -0.000000000000000E+000 -0.000000000000000E+000  0.000000000000000E+000  0.000000000000000E+000  0.000000000000000E+000 -0.000000000000000E+000 -0.000000000000000E+000 -0.000000000000000E+000   0.130573186419960E-012 -0.307174011182066E-013  0.448353028644306E-012
     62.88000000  0.000000000000000E+000  0.000000000000000E+000  0.000000000000000E+000 -0.000000000000000E+000 -0.000000000000000E+000 -0.000000000000000E+000  0.000000000000000E+000  0.000000000000000E+000  0.000000000000000E+000 -0.000000000000000E+000 -0.000000000000000E+000 -0.000000000000000E+000   0.117352440438008E-012 -0.381039392606151E-013  0.460190075909068E-012
     62.96000000  0.000000000000000E+000  0.000000000000000E+000  0.000000000000000E+000 -0.000000000000000E+000 -0.000000000000000E+000 -0.000000000000000E+000  0.000000000000000E+000  0.000000000000000E+000  0.000000000000000E+000 -0.000000000000000E+000 -0.000000000000000E+000 -0.000000000000000E+000   0.103176905365384E-012 -0.448702098576537E-013  0.471774937748511E-012
     63.04000000  0.000000000000000E+000  0.000000000000000E+000  0.000000000000000E+000 -0.000000000000000E+000 -0.000000000000000E+000 -0.000000000000000E+000  0.000000000000000E+000  0.000000000000000E+000  0.000000000000000E+000 -0.000000000000000E+000 -0.000000000000000E+000 -0.000000000000000E+000   0.877243791549431E-013 -0.510551410377419E-013  0.482507884719250E-012
     63.12000000  0.000000000000000E+000  0.000000000000000E+000  0.000000000000000E+000 -0.000000000000000E+000 -0.000000000000000E+000 -0.000000000000000E+000  0.000000000000000E+000  0.000000000000000E+000  0.000000000000000E+000 -0.000000000000000E+000 -0.000000000000000E+000 -0.000000000000000E+000   0.708966940762301E-013 -0.567152209889297E-013  0.491824558469890E-012
     63.20000000  0.000000000000000E+000  0.000000000000000E+000  0.000000000000000E+000 -0.000000000000000E+000 -0.000000000000000E+000 -0.000000000000000E+000  0.000000000000000E+000  0.000000000000000E+000  0.000000000000000E+000 -0.000000000000000E+000 -0.000000000000000E+000 -0.000000000000000E+000   0.528598316939164E-013 -0.619060195900661E-013  0.499335833821270E-012
     63.28000000  0.000000000000000E+000  0.000000000000000E+000  0.000000000000000E+000 -0.000000000000000E+000 -0.000000000000000E+000 -0.000000000000000E+000  0.000000000000000E+000  0.000000000000000E+000  0.000000000000000E+000 -0.000000000000000E+000 -0.000000000000000E+000 -0.000000000000000E+000   0.340061459512702E-013 -0.666706660020163E-013  0.504910791353282E-012
     63.36000000  0.000000000000000E+000  0.000000000000000E+000  0.000000000000000E+000 -0.000000000000000E+000 -0.000000000000000E+000 -0.000000000000000E+000  0.000000000000000E+000  0.000000000000000E+000  0.000000000000000E+000 -0.000000000000000E+000 -0.000000000000000E+000 -0.000000000000000E+000   0.148599311687148E-013 -0.710568377643425E-013  0.508678077677035E-012
     63.44000000  0.000000000000000E+000  0.000000000000000E+000  0.000000000000000E+000 -0.000000000000000E+000 -0.000000000000000E+000 -0.000000000000000E+000  0.000000000000000E+000  0.000000000000000E+000  0.000000000000000E+000 -0.000000000000000E+000 -0.000000000000000E+000 -0.000000000000000E+000  -0.405237126166315E-014 -0.751233322651386E-013  0.510983831363333E-012
     63.52000000  0.000000000000000E+000  0.000000000000000E+000  0.000000000000000E+000 -0.000000000000000E+000 -0.000000000000000E+000 -0.000000000000000E+000  0.000000000000000E+000  0.000000000000000E+000  0.000000000000000E+000 -0.000000000000000E+000 -0.000000000000000E+000 -0.000000000000000E+000  -0.223230885234002E-013 -0.789568068727678E-013  0.512296240023090E-012
     63.60000000  0.000000000000000E+000  0.000000000000000E+000  0.000000000000000E+000 -0.000000000000000E+000 -0.000000000000000E+000 -0.000000000000000E+000  0.000000000000000E+000  0.000000000000000E+000  0.000000000000000E+000 -0.000000000000000E+000 -0.000000000000000E+000 -0.000000000000000E+000  -0.397536550119509E-013 -0.826867514666973E-013  0.513088675359833E-012
     63.68000000  0.000000000000000E+000  0.000000000000000E+000  0.000000000000000E+000 -0.000000000000000E+000 -0.000000000000000E+000 -0.000000000000000E+000  0.000000000000000E+000  0.000000000000000E+000  0.000000000000000E+000 -0.000000000000000E+000 -0.000000000000000E+000 -0.000000000000000E+000  -0.563694882410239E-013 -0.864477479120140E-013  0.513731495816227E-012
     63.76000000  0.000000000000000E+000  0.000000000000000E+000  0.000000000000000E+000 -0.000000000000000E+000 -0.000000000000000E+000 -0.000000000000000E+000  0.000000000000000E+000  0.000000000000000E+000  0.000000000000000E+000 -0.000000000000000E+000 -0.000000000000000E+000 -0.000000000000000E+000  -0.723811048853615E-013 -0.903662736625656E-013  0.514410934197106E-012
     63.84000000  0.000000000000000E+000  0.000000000000000E+000  0.000000000000000E+000 -0.000000000000000E+000 -0.000000000000000E+000 -0.000000000000000E+000  0.000000000000000E+000  0.000000000000000E+000  0.000000000000000E+000 -0.000000000000000E+000 -0.000000000000000E+000 -0.000000000000000E+000  -0.881055580356801E-013 -0.945105486264377E-013  0.515097431938796E-012
     63.92000000  0.000000000000000E+000  0.000000000000000E+000  0.000000000000000E+000 -0.000000000000000E+000 -0.000000000000000E+000 -0.000000000000000E+000  0.000000000000000E+000  0.000000000000000E+000  0.000000000000000E+000 -0.000000000000000E+000 -0.000000000000000E+000 -0.000000000000000E+000  -0.103853066293446E-012 -0.988770160181699E-013  0.515570799626758E-012
     64.00000000  0.000000000000000E+000  0.000000000000000E+000  0.000000000000000E+000 -0.000000000000000E+000 -0.000000000000000E+000 -0.000000000000000E+000  0.000000000000000E+000  0.000000000000000E+000  0.000000000000000E+000 -0.000000000000000E+000 -0.000000000000000E+000 -0.000000000000000E+000  -0.119829181590953E-012 -0.103394188515768E-012  0.515507840608936E-012
     64.08000000  0.000000000000000E+000  0.000000000000000E+000  0.000000000000000E+000 -0.000000000000000E+000 -0.000000000000000E+000 -0.000000000000000E+000  0.000000000000000E+000  0.000000000000000E+000  0.000000000000000E+000 -0.000000000000000E+000 -0.000000000000000E+000 -0.000000000000000E+000  -0.136050544172794E-012 -0.107955007429019E-012  0.514616010034140E-012
     64.16000000  0.000000000000000E+000  0.000000000000000E+000  0.000000000000000E+000 -0.000000000000000E+000 -0.000000000000000E+000 -0.000000000000000E+000  0.000000000000000E+000  0.000000000000000E+000  0.000000000000000E+000 -0.000000000000000E+000 -0.000000000000000E+000 -0.000000000000000E+000  -0.152335835782039E-012 -0.112455097719055E-012  0.512766576964424E-012
     64.24000000  0.000000000000000E+000  0.000000000000000E+000  0.000000000000000E+000 -0.000000000000000E+000 -0.000000000000000E+000 -0.000000000000000E+000  0.000000000000000E+000  0.000000000000000E+000  0.000000000000000E+000 -0.000000000000000E+000 -0.000000000000000E+000 -0.000000000000000E+000  -0.168328076579080E-012 -0.116826188781302E-012  0.510084122252750E-012
     64.32000000  0.000000000000000E+000  0.000000000000000E+000  0.000000000000000E+000 -0.000000000000000E+000 -0.000000000000000E+000 -0.000000000000000E+000  0.000000000000000E+000  0.000000000000000E+000  0.000000000000000E+000 -0.000000000000000E+000 -0.000000000000000E+000 -0.000000000000000E+000  -0.183600603896207E-012 -0.121068698234374E-012  0.506963778361428E-012
     64.40000000  0.000000000000000E+000  0.000000000000000E+000  0.000000000000000E+000 -0.000000000000000E+000 -0.000000000000000E+000 -0.000000000000000E+000  0.000000000000000E+000  0.000000000000000E+000  0.000000000000000E+000 -0.000000000000000E+000 -0.000000000000000E+000 -0.000000000000000E+000  -0.197779926398226E-012 -0.125247680467374E-012  0.503989274720668E-012
     64.48000000  0.000000000000000E+000  0.000000000000000E+000  0.000000000000000E+000 -0.000000000000000E+000 -0.000000000000000E+000 -0.000000000000000E+000  0.000000000000000E+000  0.000000000000000E+000  0.000000000000000E+000 -0.000000000000000E+000 -0.000000000000000E+000 -0.000000000000000E+000  -0.210673654417411E-012 -0.129491883986341E-012  0.501809175046707E-012
     64.56000000  0.000000000000000E+000  0.000000000000000E+000  0.000000000000000E+000 -0.000000000000000E+000 -0.000000000000000E+000 -0.000000000000000E+000  0.000000000000000E+000  0.000000000000000E+000  0.000000000000000E+000 -0.000000000000000E+000 -0.000000000000000E+000 -0.000000000000000E+000  -0.222343905711010E-012 -0.133963753899275E-012  0.500975946603225E-012
     64.64000000  0.000000000000000E+000  0.000000000000000E+000  0.000000000000000E+000 -0.000000000000000E+000 -0.000000000000000E+000 -0.000000000000000E+000  0.000000000000000E+000  0.000000000000000E+000  0.000000000000000E+000 -0.000000000000000E+000 -0.000000000000000E+000 -0.000000000000000E+000  -0.233116039563048E-012 -0.138821163845990E-012  0.501820301169557E-012
     64.72000000  0.000000000000000E+000  0.000000000000000E+000  0.000000000000000E+000 -0.000000000000000E+000 -0.000000000000000E+000 -0.000000000000000E+000  0.000000000000000E+000  0.000000000000000E+000  0.000000000000000E+000 -0.000000000000000E+000 -0.000000000000000E+000 -0.000000000000000E+000  -0.243508740300625E-012 -0.144186124718746E-012  0.504408351988734E-012
     64.80000000  0.000000000000000E+000  0.000000000000000E+000  0.000000000000000E+000 -0.000000000000000E+000 -0.000000000000000E+000 -0.000000000000000E+000  0.000000000000000E+000  0.000000000000000E+000  0.000000000000000E+000 -0.000000000000000E+000 -0.000000000000000E+000 -0.000000000000000E+000  -0.254107063995778E-012 -0.150091230596324E-012  0.508545564078176E-012
     64.88000000  0.000000000000000E+000  0.000000000000000E+000  0.000000000000000E+000 -0.000000000000000E+000 -0.000000000000000E+000 -0.000000000000000E+000  0.000000000000000E+000  0.000000000000000E+000  0.000000000000000E+000 -0.000000000000000E+000 -0.000000000000000E+000 -0.000000000000000E+000  -0.265435667373545E-012 -0.156470677685065E-012  0.513853913284300E-012
     64.96000000  0.000000000000000E+000  0.000000000000000E+000  0.000000000000000E+000 -0.000000000000000E+000 -0.000000000000000E+000 -0.000000000000000E+000  0.000000000000000E+000  0.000000000000000E+000  0.000000000000000E+000 -0.000000000000000E+000 -0.000000000000000E+000 -0.000000000000000E+000  -0.277845533782213E-012 -0.163152133555489E-012  0.519888311525812E-012
     65.04000000  0.000000000000000E+000  0.000000000000000E+000  0.000000000000000E+000 -0.000000000000000E+000 -0.000000000000000E+000 -0.000000000000000E+000  0.000000000000000E+000  0.000000000000000E+000  0.000000000000000E+000 -0.000000000000000E+000 -0.000000000000000E+000 -0.000000000000000E+000  -0.291470872894319E-012 -0.169906009362552E-012  0.526244667618006E-012
     65.12000000  0.000000000000000E+000  0.000000000000000E+000  0.000000000000000E+000 -0.000000000000000E+000 -0.000000000000000E+000 -0.000000000000000E+000  0.000000000000000E+000  0.000000000000000E+000  0.000000000000000E+000 -0.000000000000000E+000 -0.000000000000000E+000 -0.000000000000000E+000  -0.306240707364445E-012 -0.176499147931008E-012  0.532653364573968E-012
     65.20000000  0.000000000000000E+000  0.000000000000000E+000  0.000000000000000E+000 -0.000000000000000E+000 -0.000000000000000E+000 -0.000000000000000E+000  0.000000000000000E+000  0.000000000000000E+000  0.000000000000000E+000 -0.000000000000000E+000 -0.000000000000000E+000 -0.000000000000000E+000  -0.321933364780219E-012 -0.182777897986171E-012  0.539048107446414E-012
     65.28000000  0.000000000000000E+000  0.000000000000000E+000  0.000000000000000E+000 -0.000000000000000E+000 -0.000000000000000E+000 -0.000000000000000E+000  0.000000000000000E+000  0.000000000000000E+000  0.000000000000000E+000 -0.000000000000000E+000 -0.000000000000000E+000 -0.000000000000000E+000  -0.338274685799374E-012 -0.188699081929438E-012  0.545568105786509E-012
     65.36000000  0.000000000000000E+000  0.000000000000000E+000  0.000000000000000E+000 -0.000000000000000E+000 -0.000000000000000E+000 -0.000000000000000E+000  0.000000000000000E+000  0.000000000000000E+000  0.000000000000000E+000 -0.000000000000000E+000 -0.000000000000000E+000 -0.000000000000000E+000  -0.355012384607498E-012 -0.194355412097140E-012  0.552514458599806E-012
     65.44000000  0.000000000000000E+000  0.000000000000000E+000  0.000000000000000E+000 -0.000000000000000E+000 -0.000000000000000E+000 -0.000000000000000E+000  0.000000000000000E+000  0.000000000000000E+000  0.000000000000000E+000 -0.000000000000000E+000 -0.000000000000000E+000 -0.000000000000000E+000  -0.372000403611649E-012 -0.199927264845569E-012  0.560234135678774E-012
     65.52000000  0.000000000000000E+000  0.000000000000000E+000  0.000000000000000E+000 -0.000000000000000E+000 -0.000000000000000E+000 -0.000000000000000E+000  0.000000000000000E+000  0.000000000000000E+000  0.000000000000000E+000 -0.000000000000000E+000 -0.000000000000000E+000 -0.000000000000000E+000  -0.389235076100313E-012 -0.205623159106576E-012  0.568996283185496E-012
     65.60000000  0.000000000000000E+000  0.000000000000000E+000  0.000000000000000E+000 -0.000000000000000E+000 -0.000000000000000E+000 -0.000000000000000E+000  0.000000000000000E+000  0.000000000000000E+000  0.000000000000000E+000 -0.000000000000000E+000 -0.000000000000000E+000 -0.000000000000000E+000  -0.406860213460543E-012 -0.211610781553526E-012  0.578869749965707E-012
     65.68000000  0.000000000000000E+000  0.000000000000000E+000  0.000000000000000E+000 -0.000000000000000E+000 -0.000000000000000E+000 -0.000000000000000E+000  0.000000000000000E+000  0.000000000000000E+000  0.000000000000000E+000 -0.000000000000000E+000 -0.000000000000000E+000 -0.000000000000000E+000  -0.425117800582221E-012 -0.217954043394761E-012  0.589642413872141E-012
     65.76000000  0.000000000000000E+000  0.000000000000000E+000  0.000000000000000E+000 -0.000000000000000E+000 -0.000000000000000E+000 -0.000000000000000E+000  0.000000000000000E+000  0.000000000000000E+000  0.000000000000000E+000 -0.000000000000000E+000 -0.000000000000000E+000 -0.000000000000000E+000  -0.444262417672408E-012 -0.224572196414729E-012  0.600841469395741E-012
     65.84000000  0.000000000000000E+000  0.000000000000000E+000  0.000000000000000E+000 -0.000000000000000E+000 -0.000000000000000E+000 -0.000000000000000E+000  0.000000000000000E+000  0.000000000000000E+000  0.000000000000000E+000 -0.000000000000000E+000 -0.000000000000000E+000 -0.000000000000000E+000  -0.464456390125117E-012 -0.231257709008281E-012  0.611830435651149E-012
     65.92000000  0.000000000000000E+000  0.000000000000000E+000  0.000000000000000E+000 -0.000000000000000E+000 -0.000000000000000E+000 -0.000000000000000E+000  0.000000000000000E+000  0.000000000000000E+000  0.000000000000000E+000 -0.000000000000000E+000 -0.000000000000000E+000 -0.000000000000000E+000  -0.485676024358289E-012 -0.237694390426984E-012  0.621952086347550E-012
     66.00000000  0.000000000000000E+000  0.000000000000000E+000  0.000000000000000E+000 -0.000000000000000E+000 -0.000000000000000E+000 -0.000000000000000E+000  0.000000000000000E+000  0.000000000000000E+000  0.000000000000000E+000 -0.000000000000000E+000 -0.000000000000000E+000 -0.000000000000000E+000  -0.507660423683313E-012 -0.243516830657392E-012  0.630681412645173E-012
     66.08000000  0.000000000000000E+000  0.000000000000000E+000  0.000000000000000E+000 -0.000000000000000E+000 -0.000000000000000E+000 -0.000000000000000E+000  0.000000000000000E+000  0.000000000000000E+000  0.000000000000000E+000 -0.000000000000000E+000 -0.000000000000000E+000 -0.000000000000000E+000  -0.529953644193670E-012 -0.248383017622250E-012  0.637742250180649E-012
     66.16000000  0.000000000000000E+000  0.000000000000000E+000  0.000000000000000E+000 -0.000000000000000E+000 -0.000000000000000E+000 -0.000000000000000E+000  0.000000000000000E+000  0.000000000000000E+000  0.000000000000000E+000 -0.000000000000000E+000 -0.000000000000000E+000 -0.000000000000000E+000  -0.551970033506129E-012 -0.252045758245685E-012  0.643139734859824E-012
     66.24000000  0.000000000000000E+000  0.000000000000000E+000  0.000000000000000E+000 -0.000000000000000E+000 -0.000000000000000E+000 -0.000000000000000E+000  0.000000000000000E+000  0.000000000000000E+000  0.000000000000000E+000 -0.000000000000000E+000 -0.000000000000000E+000 -0.000000000000000E+000  -0.573130968983487E-012 -0.254401606338888E-012  0.647127018854957E-012
     66.32000000  0.000000000000000E+000  0.000000000000000E+000  0.000000000000000E+000 -0.000000000000000E+000 -0.000000000000000E+000 -0.000000000000000E+000  0.000000000000000E+000  0.000000000000000E+000  0.000000000000000E+000 -0.000000000000000E+000 -0.000000000000000E+000 -0.000000000000000E+000  -0.592959609475268E-012 -0.255506089366317E-012  0.650111576463084E-012
     66.40000000  0.000000000000000E+000  0.000000000000000E+000  0.000000000000000E+000 -0.000000000000000E+000 -0.000000000000000E+000 -0.000000000000000E+000  0.000000000000000E+000  0.000000000000000E+000  0.000000000000000E+000 -0.000000000000000E+000 -0.000000000000000E+000 -0.000000000000000E+000  -0.611151133548460E-012 -0.255545870551029E-012  0.652529749867978E-012
     66.48000000  0.000000000000000E+000  0.000000000000000E+000  0.000000000000000E+000 -0.000000000000000E+000 -0.000000000000000E+000 -0.000000000000000E+000  0.000000000000000E+000  0.000000000000000E+000  0.000000000000000E+000 -0.000000000000000E+000 -0.000000000000000E+000 -0.000000000000000E+000  -0.627584794711392E-012 -0.254765362442075E-012  0.654736822082652E-012
     66.56000000  0.000000000000000E+000  0.000000000000000E+000  0.000000000000000E+000 -0.000000000000000E+000 -0.000000000000000E+000 -0.000000000000000E+000  0.000000000000000E+000  0.000000000000000E+000  0.000000000000000E+000 -0.000000000000000E+000 -0.000000000000000E+000 -0.000000000000000E+000  -0.642283899797155E-012 -0.253370352886110E-012  0.656919197577285E-012
     66.64000000  0.000000000000000E+000  0.000000000000000E+000  0.000000000000000E+000 -0.000000000000000E+000 -0.000000000000000E+000 -0.000000000000000E+000  0.000000000000000E+000  0.000000000000000E+000  0.000000000000000E+000 -0.000000000000000E+000 -0.000000000000000E+000 -0.000000000000000E+000  -0.655358029520878E-012 -0.251454164083187E-012  0.659045456574473E-012
     66.72000000  0.000000000000000E+000  0.000000000000000E+000  0.000000000000000E+000 -0.000000000000000E+000 -0.000000000000000E+000 -0.000000000000000E+000  0.000000000000000E+000  0.000000000000000E+000  0.000000000000000E+000 -0.000000000000000E+000 -0.000000000000000E+000 -0.000000000000000E+000  -0.666949490186182E-012 -0.248960592699296E-012  0.660888456711300E-012
     66.80000000  0.000000000000000E+000  0.000000000000000E+000  0.000000000000000E+000 -0.000000000000000E+000 -0.000000000000000E+000 -0.000000000000000E+000  0.000000000000000E+000  0.000000000000000E+000  0.000000000000000E+000 -0.000000000000000E+000 -0.000000000000000E+000 -0.000000000000000E+000  -0.677173091775897E-012 -0.245701677229476E-012  0.662090648189097E-012
     66.88000000  0.000000000000000E+000  0.000000000000000E+000  0.000000000000000E+000 -0.000000000000000E+000 -0.000000000000000E+000 -0.000000000000000E+000  0.000000000000000E+000  0.000000000000000E+000  0.000000000000000E+000 -0.000000000000000E+000 -0.000000000000000E+000 -0.000000000000000E+000  -0.686087893442668E-012 -0.241424306410022E-012  0.662285437156075E-012
     66.96000000  0.000000000000000E+000  0.000000000000000E+000  0.000000000000000E+000 -0.000000000000000E+000 -0.000000000000000E+000 -0.000000000000000E+000  0.000000000000000E+000  0.000000000000000E+000  0.000000000000000E+000 -0.000000000000000E+000 -0.000000000000000E+000 -0.000000000000000E+000  -0.693674344662183E-012 -0.235890881852344E-012  0.661220795797785E-012
     67.04000000  0.000000000000000E+000  0.000000000000000E+000  0.000000000000000E+000 -0.000000000000000E+000 -0.000000000000000E+000 -0.000000000000000E+000  0.000000000000000E+000  0.000000000000000E+000  0.000000000000000E+000 -0.000000000000000E+000 -0.000000000000000E+000 -0.000000000000000E+000  -0.699836215464397E-012 -0.228969653667585E-012  0.658881050365598E-012
     67.12000000  0.000000000000000E+000  0.000000000000000E+000  0.000000000000000E+000 -0.000000000000000E+000 -0.000000000000000E+000 -0.000000000000000E+000  0.000000000000000E+000  0.000000000000000E+000  0.000000000000000E+000 -0.000000000000000E+000 -0.000000000000000E+000 -0.000000000000000E+000  -0.704436349004063E-012 -0.220675188312710E-012  0.655529168073105E-012
     67.20000000  0.000000000000000E+000  0.000000000000000E+000  0.000000000000000E+000 -0.000000000000000E+000 -0.000000000000000E+000 -0.000000000000000E+000  0.000000000000000E+000  0.000000000000000E+000  0.000000000000000E+000 -0.000000000000000E+000 -0.000000000000000E+000 -0.000000000000000E+000  -0.707369272487617E-012 -0.211191127801111E-012  0.651680167037836E-012
     67.28000000  0.000000000000000E+000  0.000000000000000E+000  0.000000000000000E+000 -0.000000000000000E+000 -0.000000000000000E+000 -0.000000000000000E+000  0.000000000000000E+000  0.000000000000000E+000  0.000000000000000E+000 -0.000000000000000E+000 -0.000000000000000E+000 -0.000000000000000E+000  -0.708633339533981E-012 -0.200847030943425E-012  0.647989425387460E-012
     67.36000000  0.000000000000000E+000  0.000000000000000E+000  0.000000000000000E+000 -0.000000000000000E+000 -0.000000000000000E+000 -0.000000000000000E+000  0.000000000000000E+000  0.000000000000000E+000  0.000000000000000E+000 -0.000000000000000E+000 -0.000000000000000E+000 -0.000000000000000E+000  -0.708396984213298E-012 -0.190076824310942E-012  0.645101859702571E-012
     67.44000000  0.000000000000000E+000  0.000000000000000E+000  0.000000000000000E+000 -0.000000000000000E+000 -0.000000000000000E+000 -0.000000000000000E+000  0.000000000000000E+000  0.000000000000000E+000  0.000000000000000E+000 -0.000000000000000E+000 -0.000000000000000E+000 -0.000000000000000E+000  -0.707011345225971E-012 -0.179327714696706E-012  0.643507564501312E-012
     67.52000000  0.000000000000000E+000  0.000000000000000E+000  0.000000000000000E+000 -0.000000000000000E+000 -0.000000000000000E+000 -0.000000000000000E+000  0.000000000000000E+000  0.000000000000000E+000  0.000000000000000E+000 -0.000000000000000E+000 -0.000000000000000E+000 -0.000000000000000E+000  -0.704964482705235E-012 -0.169003910238708E-012  0.643442035522786E-012
     67.60000000  0.000000000000000E+000  0.000000000000000E+000  0.000000000000000E+000 -0.000000000000000E+000 -0.000000000000000E+000 -0.000000000000000E+000  0.000000000000000E+000  0.000000000000000E+000  0.000000000000000E+000 -0.000000000000000E+000 -0.000000000000000E+000 -0.000000000000000E+000  -0.702785659729527E-012 -0.159382289317721E-012  0.644864589084359E-012
     67.68000000  0.000000000000000E+000  0.000000000000000E+000  0.000000000000000E+000 -0.000000000000000E+000 -0.000000000000000E+000 -0.000000000000000E+000  0.000000000000000E+000  0.000000000000000E+000  0.000000000000000E+000 -0.000000000000000E+000 -0.000000000000000E+000 -0.000000000000000E+000  -0.700943798757899E-012 -0.150574911506479E-012  0.647505833070678E-012
     67.76000000  0.000000000000000E+000  0.000000000000000E+000  0.000000000000000E+000 -0.000000000000000E+000 -0.000000000000000E+000 -0.000000000000000E+000  0.000000000000000E+000  0.000000000000000E+000  0.000000000000000E+000 -0.000000000000000E+000 -0.000000000000000E+000 -0.000000000000000E+000  -0.699786822777231E-012 -0.142538193634458E-012  0.650974336365185E-012
     67.84000000  0.000000000000000E+000  0.000000000000000E+000  0.000000000000000E+000 -0.000000000000000E+000 -0.000000000000000E+000 -0.000000000000000E+000  0.000000000000000E+000  0.000000000000000E+000  0.000000000000000E+000 -0.000000000000000E+000 -0.000000000000000E+000 -0.000000000000000E+000  -0.699503386981098E-012 -0.135118088642984E-012  0.654875470458804E-012
     67.92000000  0.000000000000000E+000  0.000000000000000E+000  0.000000000000000E+000 -0.000000000000000E+000 -0.000000000000000E+000 -0.000000000000000E+000  0.000000000000000E+000  0.000000000000000E+000  0.000000000000000E+000 -0.000000000000000E+000 -0.000000000000000E+000 -0.000000000000000E+000  -0.700160083970436E-012 -0.128140362231266E-012  0.658914117527967E-012
     68.00000000  0.000000000000000E+000  0.000000000000000E+000  0.000000000000000E+000 -0.000000000000000E+000 -0.000000000000000E+000 -0.000000000000000E+000  0.000000000000000E+000  0.000000000000000E+000  0.000000000000000E+000 -0.000000000000000E+000 -0.000000000000000E+000 -0.000000000000000E+000  -0.701743465622743E-012 -0.121500502580302E-012  0.662985193284888E-012
     68.08000000  0.000000000000000E+000  0.000000000000000E+000  0.000000000000000E+000 -0.000000000000000E+000 -0.000000000000000E+000 -0.000000000000000E+000  0.000000000000000E+000  0.000000000000000E+000  0.000000000000000E+000 -0.000000000000000E+000 -0.000000000000000E+000 -0.000000000000000E+000  -0.704207992435102E-012 -0.115218912768755E-012  0.667195307931520E-012
     68.16000000  0.000000000000000E+000  0.000000000000000E+000  0.000000000000000E+000 -0.000000000000000E+000 -0.000000000000000E+000 -0.000000000000000E+000  0.000000000000000E+000  0.000000000000000E+000  0.000000000000000E+000 -0.000000000000000E+000 -0.000000000000000E+000 -0.000000000000000E+000  -0.707502518173915E-012 -0.109452125991113E-012  0.671842488567263E-012
     68.24000000  0.000000000000000E+000  0.000000000000000E+000  0.000000000000000E+000 -0.000000000000000E+000 -0.000000000000000E+000 -0.000000000000000E+000  0.000000000000000E+000  0.000000000000000E+000  0.000000000000000E+000 -0.000000000000000E+000 -0.000000000000000E+000 -0.000000000000000E+000  -0.711575923208698E-012 -0.104442144705348E-012  0.677332821108040E-012
     68.32000000  0.000000000000000E+000  0.000000000000000E+000  0.000000000000000E+000 -0.000000000000000E+000 -0.000000000000000E+000 -0.000000000000000E+000  0.000000000000000E+000  0.000000000000000E+000  0.000000000000000E+000 -0.000000000000000E+000 -0.000000000000000E+000 -0.000000000000000E+000  -0.716398220063388E-012 -0.100433820662778E-012  0.684071082396038E-012
     68.40000000  0.000000000000000E+000  0.000000000000000E+000  0.000000000000000E+000 -0.000000000000000E+000 -0.000000000000000E+000 -0.000000000000000E+000  0.000000000000000E+000  0.000000000000000E+000  0.000000000000000E+000 -0.000000000000000E+000 -0.000000000000000E+000 -0.000000000000000E+000  -0.721951160762116E-012 -0.975951364336132E-013  0.692327801955001E-012
     68.48000000  0.000000000000000E+000  0.000000000000000E+000  0.000000000000000E+000 -0.000000000000000E+000 -0.000000000000000E+000 -0.000000000000000E+000  0.000000000000000E+000  0.000000000000000E+000  0.000000000000000E+000 -0.000000000000000E+000 -0.000000000000000E+000 -0.000000000000000E+000  -0.728236367341605E-012 -0.959487418043488E-013  0.702143672502580E-012
     68.56000000  0.000000000000000E+000  0.000000000000000E+000  0.000000000000000E+000 -0.000000000000000E+000 -0.000000000000000E+000 -0.000000000000000E+000  0.000000000000000E+000  0.000000000000000E+000  0.000000000000000E+000 -0.000000000000000E+000 -0.000000000000000E+000 -0.000000000000000E+000  -0.735254608531311E-012 -0.953524012456729E-013  0.713281087117111E-012
     68.64000000  0.000000000000000E+000  0.000000000000000E+000  0.000000000000000E+000 -0.000000000000000E+000 -0.000000000000000E+000 -0.000000000000000E+000  0.000000000000000E+000  0.000000000000000E+000  0.000000000000000E+000 -0.000000000000000E+000 -0.000000000000000E+000 -0.000000000000000E+000  -0.742959624536596E-012 -0.955176989096683E-013  0.725269446841735E-012
     68.72000000  0.000000000000000E+000  0.000000000000000E+000  0.000000000000000E+000 -0.000000000000000E+000 -0.000000000000000E+000 -0.000000000000000E+000  0.000000000000000E+000  0.000000000000000E+000  0.000000000000000E+000 -0.000000000000000E+000 -0.000000000000000E+000 -0.000000000000000E+000  -0.751214802370109E-012 -0.960434963057423E-013  0.737508558435473E-012
     68.80000000  0.000000000000000E+000  0.000000000000000E+000  0.000000000000000E+000 -0.000000000000000E+000 -0.000000000000000E+000 -0.000000000000000E+000  0.000000000000000E+000  0.000000000000000E+000  0.000000000000000E+000 -0.000000000000000E+000 -0.000000000000000E+000 -0.000000000000000E+000  -0.759749456152099E-012 -0.964854627882833E-013  0.749418702008370E-012
     68.88000000  0.000000000000000E+000  0.000000000000000E+000  0.000000000000000E+000 -0.000000000000000E+000 -0.000000000000000E+000 -0.000000000000000E+000  0.000000000000000E+000  0.000000000000000E+000  0.000000000000000E+000 -0.000000000000000E+000 -0.000000000000000E+000 -0.000000000000000E+000  -0.768166433591764E-012 -0.964169675631184E-013  0.760569657103366E-012
     68.96000000  0.000000000000000E+000  0.000000000000000E+000  0.000000000000000E+000 -0.000000000000000E+000 -0.000000000000000E+000 -0.000000000000000E+000  0.000000000000000E+000  0.000000000000000E+000  0.000000000000000E+000 -0.000000000000000E+000 -0.000000000000000E+000 -0.000000000000000E+000  -0.775998920651916E-012 -0.955012642117370E-013  0.770767272224204E-012
     69.04000000  0.000000000000000E+000  0.000000000000000E+000  0.000000000000000E+000 -0.000000000000000E+000 -0.000000000000000E+000 -0.000000000000000E+000  0.000000000000000E+000  0.000000000000000E+000  0.000000000000000E+000 -0.000000000000000E+000 -0.000000000000000E+000 -0.000000000000000E+000  -0.782784233553500E-012 -0.935306487107271E-013  0.780078124411512E-012
     69.12000000  0.000000000000000E+000  0.000000000000000E+000  0.000000000000000E+000 -0.000000000000000E+000 -0.000000000000000E+000 -0.000000000000000E+000  0.000000000000000E+000  0.000000000000000E+000  0.000000000000000E+000 -0.000000000000000E+000 -0.000000000000000E+000 -0.000000000000000E+000  -0.788142142343652E-012 -0.904401424647480E-013  0.788769900170003E-012
     69.20000000  0.000000000000000E+000  0.000000000000000E+000  0.000000000000000E+000 -0.000000000000000E+000 -0.000000000000000E+000 -0.000000000000000E+000  0.000000000000000E+000  0.000000000000000E+000  0.000000000000000E+000 -0.000000000000000E+000 -0.000000000000000E+000 -0.000000000000000E+000  -0.791828451564730E-012 -0.862839939812508E-013  0.797216507700569E-012
     69.28000000  0.000000000000000E+000  0.000000000000000E+000  0.000000000000000E+000 -0.000000000000000E+000 -0.000000000000000E+000 -0.000000000000000E+000  0.000000000000000E+000  0.000000000000000E+000  0.000000000000000E+000 -0.000000000000000E+000 -0.000000000000000E+000 -0.000000000000000E+000  -0.793715723792212E-012 -0.811651904199310E-013  0.805793069912088E-012
     69.36000000  0.000000000000000E+000  0.000000000000000E+000  0.000000000000000E+000 -0.000000000000000E+000 -0.000000000000000E+000 -0.000000000000000E+000  0.000000000000000E+000  0.000000000000000E+000  0.000000000000000E+000 -0.000000000000000E+000 -0.000000000000000E+000 -0.000000000000000E+000  -0.793771031153590E-012 -0.751672251360062E-013  0.814759667831814E-012
     69.44000000  0.000000000000000E+000  0.000000000000000E+000  0.000000000000000E+000 -0.000000000000000E+000 -0.000000000000000E+000 -0.000000000000000E+000  0.000000000000000E+000  0.000000000000000E+000  0.000000000000000E+000 -0.000000000000000E+000 -0.000000000000000E+000 -0.000000000000000E+000  -0.792007398882326E-012 -0.682857665912137E-013  0.824202751524638E-012
     69.52000000  0.000000000000000E+000  0.000000000000000E+000  0.000000000000000E+000 -0.000000000000000E+000 -0.000000000000000E+000 -0.000000000000000E+000  0.000000000000000E+000  0.000000000000000E+000  0.000000000000000E+000 -0.000000000000000E+000 -0.000000000000000E+000 -0.000000000000000E+000  -0.788453835158906E-012 -0.604101353118334E-013  0.834005174953605E-012
     69.60000000  0.000000000000000E+000  0.000000000000000E+000  0.000000000000000E+000 -0.000000000000000E+000 -0.000000000000000E+000 -0.000000000000000E+000  0.000000000000000E+000  0.000000000000000E+000  0.000000000000000E+000 -0.000000000000000E+000 -0.000000000000000E+000 -0.000000000000000E+000  -0.783149686734254E-012 -0.513600869532260E-013  0.843870536318686E-012
     69.68000000  0.000000000000000E+000  0.000000000000000E+000  0.000000000000000E+000 -0.000000000000000E+000 -0.000000000000000E+000 -0.000000000000000E+000  0.000000000000000E+000  0.000000000000000E+000  0.000000000000000E+000 -0.000000000000000E+000 -0.000000000000000E+000 -0.000000000000000E+000  -0.776153179280597E-012 -0.409547896436026E-013  0.853397533244097E-012
     69.76000000  0.000000000000000E+000  0.000000000000000E+000  0.000000000000000E+000 -0.000000000000000E+000 -0.000000000000000E+000 -0.000000000000000E+000  0.000000000000000E+000  0.000000000000000E+000  0.000000000000000E+000 -0.000000000000000E+000 -0.000000000000000E+000 -0.000000000000000E+000  -0.767530794468927E-012 -0.290816590262596E-013  0.862190357648955E-012
     69.84000000  0.000000000000000E+000  0.000000000000000E+000  0.000000000000000E+000 -0.000000000000000E+000 -0.000000000000000E+000 -0.000000000000000E+000  0.000000000000000E+000  0.000000000000000E+000  0.000000000000000E+000 -0.000000000000000E+000 -0.000000000000000E+000 -0.000000000000000E+000  -0.757353715693266E-012 -0.157669470992164E-013  0.869969750174245E-012
     69.92000000  0.000000000000000E+000  0.000000000000000E+000  0.000000000000000E+000 -0.000000000000000E+000 -0.000000000000000E+000 -0.000000000000000E+000  0.000000000000000E+000  0.000000000000000E+000  0.000000000000000E+000 -0.000000000000000E+000 -0.000000000000000E+000 -0.000000000000000E+000  -0.745685945014083E-012 -0.117781374408880E-014  0.876670204930932E-012
     70.00000000  0.000000000000000E+000  0.000000000000000E+000  0.000000000000000E+000 -0.000000000000000E+000 -0.000000000000000E+000 -0.000000000000000E+000  0.000000000000000E+000  0.000000000000000E+000  0.000000000000000E+000 -0.000000000000000E+000 -0.000000000000000E+000 -0.000000000000000E+000  -0.732598329521948E-012  0.143897478226894E-013  0.882467325526995E-012
     70.08000000  0.000000000000000E+000  0.000000000000000E+000  0.000000000000000E+000 -0.000000000000000E+000 -0.000000000000000E+000 -0.000000000000000E+000  0.000000000000000E+000  0.000000000000000E+000  0.000000000000000E+000 -0.000000000000000E+000 -0.000000000000000E+000 -0.000000000000000E+000  -0.718201903315044E-012  0.305702964670547E-013  0.887747420223726E-012
     70.16000000  0.000000000000000E+000  0.000000000000000E+000  0.000000000000000E+000 -0.000000000000000E+000 -0.000000000000000E+000 -0.000000000000000E+000  0.000000000000000E+000  0.000000000000000E+000  0.000000000000000E+000 -0.000000000000000E+000 -0.000000000000000E+000 -0.000000000000000E+000  -0.702689958308041E-012  0.469751258833258E-013  0.893019842182305E-012
     70.24000000  0.000000000000000E+000  0.000000000000000E+000  0.000000000000000E+000 -0.000000000000000E+000 -0.000000000000000E+000 -0.000000000000000E+000  0.000000000000000E+000  0.000000000000000E+000  0.000000000000000E+000 -0.000000000000000E+000 -0.000000000000000E+000 -0.000000000000000E+000  -0.686373171378603E-012  0.632437732324146E-013  0.898780524550355E-012
     70.32000000  0.000000000000000E+000  0.000000000000000E+000  0.000000000000000E+000 -0.000000000000000E+000 -0.000000000000000E+000 -0.000000000000000E+000  0.000000000000000E+000  0.000000000000000E+000  0.000000000000000E+000 -0.000000000000000E+000 -0.000000000000000E+000 -0.000000000000000E+000  -0.669652433809188E-012  0.790876183746054E-013  0.905407359971748E-012
     70.40000000  0.000000000000000E+000  0.000000000000000E+000  0.000000000000000E+000 -0.000000000000000E+000 -0.000000000000000E+000 -0.000000000000000E+000  0.000000000000000E+000  0.000000000000000E+000  0.000000000000000E+000 -0.000000000000000E+000 -0.000000000000000E+000 -0.000000000000000E+000  -0.652973540671258E-012  0.942999481268051E-013  0.913083446100037E-012
     70.48000000  0.000000000000000E+000  0.000000000000000E+000  0.000000000000000E+000 -0.000000000000000E+000 -0.000000000000000E+000 -0.000000000000000E+000  0.000000000000000E+000  0.000000000000000E+000  0.000000000000000E+000 -0.000000000000000E+000 -0.000000000000000E+000 -0.000000000000000E+000  -0.636743662584853E-012  0.108770810334251E-012  0.921770020699773E-012
     70.56000000  0.000000000000000E+000  0.000000000000000E+000  0.000000000000000E+000 -0.000000000000000E+000 -0.000000000000000E+000 -0.000000000000000E+000  0.000000000000000E+000  0.000000000000000E+000  0.000000000000000E+000 -0.000000000000000E+000 -0.000000000000000E+000 -0.000000000000000E+000  -0.621264284300607E-012  0.122475487195192E-012  0.931252231040442E-012
     70.64000000  0.000000000000000E+000  0.000000000000000E+000  0.000000000000000E+000 -0.000000000000000E+000 -0.000000000000000E+000 -0.000000000000000E+000  0.000000000000000E+000  0.000000000000000E+000  0.000000000000000E+000 -0.000000000000000E+000 -0.000000000000000E+000 -0.000000000000000E+000  -0.606709798483099E-012  0.135428009088853E-012  0.941206889505008E-012
     70.72000000  0.000000000000000E+000  0.000000000000000E+000  0.000000000000000E+000 -0.000000000000000E+000 -0.000000000000000E+000 -0.000000000000000E+000  0.000000000000000E+000  0.000000000000000E+000  0.000000000000000E+000 -0.000000000000000E+000 -0.000000000000000E+000 -0.000000000000000E+000  -0.593144134410707E-012  0.147643432872904E-012  0.951291677327545E-012
     70.80000000  0.000000000000000E+000  0.000000000000000E+000  0.000000000000000E+000 -0.000000000000000E+000 -0.000000000000000E+000 -0.000000000000000E+000  0.000000000000000E+000  0.000000000000000E+000  0.000000000000000E+000 -0.000000000000000E+000 -0.000000000000000E+000 -0.000000000000000E+000  -0.580556937450738E-012  0.159094107878329E-012  0.961241407691681E-012
     70.88000000  0.000000000000000E+000  0.000000000000000E+000  0.000000000000000E+000 -0.000000000000000E+000 -0.000000000000000E+000 -0.000000000000000E+000  0.000000000000000E+000  0.000000000000000E+000  0.000000000000000E+000 -0.000000000000000E+000 -0.000000000000000E+000 -0.000000000000000E+000  -0.568904108683717E-012  0.169690878554258E-012  0.970926688095366E-012
     70.96000000  0.000000000000000E+000  0.000000000000000E+000  0.000000000000000E+000 -0.000000000000000E+000 -0.000000000000000E+000 -0.000000000000000E+000  0.000000000000000E+000  0.000000000000000E+000  0.000000000000000E+000 -0.000000000000000E+000 -0.000000000000000E+000 -0.000000000000000E+000  -0.558113776046462E-012  0.179313326681348E-012  0.980388313653121E-012
     71.04000000  0.000000000000000E+000  0.000000000000000E+000  0.000000000000000E+000 -0.000000000000000E+000 -0.000000000000000E+000 -0.000000000000000E+000  0.000000000000000E+000  0.000000000000000E+000  0.000000000000000E+000 -0.000000000000000E+000 -0.000000000000000E+000 -0.000000000000000E+000  -0.548085950248481E-012  0.187867821363094E-012  0.989836696886009E-012
     71.12000000  0.000000000000000E+000  0.000000000000000E+000  0.000000000000000E+000 -0.000000000000000E+000 -0.000000000000000E+000 -0.000000000000000E+000  0.000000000000000E+000  0.000000000000000E+000  0.000000000000000E+000 -0.000000000000000E+000 -0.000000000000000E+000 -0.000000000000000E+000  -0.538687039512085E-012  0.195348276510912E-012  0.999595261325427E-012
     71.20000000  0.000000000000000E+000  0.000000000000000E+000  0.000000000000000E+000 -0.000000000000000E+000 -0.000000000000000E+000 -0.000000000000000E+000  0.000000000000000E+000  0.000000000000000E+000  0.000000000000000E+000 -0.000000000000000E+000 -0.000000000000000E+000 -0.000000000000000E+000  -0.529758961388155E-012  0.201884902546964E-012  0.101001039049156E-011
     71.28000000  0.000000000000000E+000  0.000000000000000E+000  0.000000000000000E+000 -0.000000000000000E+000 -0.000000000000000E+000 -0.000000000000000E+000  0.000000000000000E+000  0.000000000000000E+000  0.000000000000000E+000 -0.000000000000000E+000 -0.000000000000000E+000 -0.000000000000000E+000  -0.521136030710808E-012  0.207751843253207E-012  0.102135680113709E-011
     71.36000000  0.000000000000000E+000  0.000000000000000E+000  0.000000000000000E+000 -0.000000000000000E+000 -0.000000000000000E+000 -0.000000000000000E+000  0.000000000000000E+000  0.000000000000000E+000  0.000000000000000E+000 -0.000000000000000E+000 -0.000000000000000E+000 -0.000000000000000E+000  -0.512678668998971E-012  0.213307677165510E-012  0.103375354869947E-011
     71.44000000  0.000000000000000E+000  0.000000000000000E+000  0.000000000000000E+000 -0.000000000000000E+000 -0.000000000000000E+000 -0.000000000000000E+000  0.000000000000000E+000  0.000000000000000E+000  0.000000000000000E+000 -0.000000000000000E+000 -0.000000000000000E+000 -0.000000000000000E+000  -0.504259751289168E-012  0.218938956741628E-012  0.104711890441271E-011
     71.52000000  0.000000000000000E+000  0.000000000000000E+000  0.000000000000000E+000 -0.000000000000000E+000 -0.000000000000000E+000 -0.000000000000000E+000  0.000000000000000E+000  0.000000000000000E+000  0.000000000000000E+000 -0.000000000000000E+000 -0.000000000000000E+000 -0.000000000000000E+000  -0.495737946557786E-012  0.224980414092978E-012  0.106118817537477E-011
     71.60000000  0.000000000000000E+000  0.000000000000000E+000  0.000000000000000E+000 -0.000000000000000E+000 -0.000000000000000E+000 -0.000000000000000E+000  0.000000000000000E+000  0.000000000000000E+000  0.000000000000000E+000 -0.000000000000000E+000 -0.000000000000000E+000 -0.000000000000000E+000  -0.486918097409888E-012  0.231672358113584E-012  0.107557438071744E-011
     71.68000000  0.000000000000000E+000  0.000000000000000E+000  0.000000000000000E+000 -0.000000000000000E+000 -0.000000000000000E+000 -0.000000000000000E+000  0.000000000000000E+000  0.000000000000000E+000  0.000000000000000E+000 -0.000000000000000E+000 -0.000000000000000E+000 -0.000000000000000E+000  -0.477524432254420E-012  0.239154756292240E-012  0.108987296646233E-011
     71.76000000  0.000000000000000E+000  0.000000000000000E+000  0.000000000000000E+000 -0.000000000000000E+000 -0.000000000000000E+000 -0.000000000000000E+000  0.000000000000000E+000  0.000000000000000E+000  0.000000000000000E+000 -0.000000000000000E+000 -0.000000000000000E+000 -0.000000000000000E+000  -0.467201694430504E-012  0.247479719852671E-012  0.110373993132234E-011
     71.84000000  0.000000000000000E+000  0.000000000000000E+000  0.000000000000000E+000 -0.000000000000000E+000 -0.000000000000000E+000 -0.000000000000000E+000  0.000000000000000E+000  0.000000000000000E+000  0.000000000000000E+000 -0.000000000000000E+000 -0.000000000000000E+000 -0.000000000000000E+000  -0.455578085915922E-012  0.256648422594311E-012  0.111697322819931E-011
     71.92000000  0.000000000000000E+000  0.000000000000000E+000  0.000000000000000E+000 -0.000000000000000E+000 -0.000000000000000E+000 -0.000000000000000E+000  0.000000000000000E+000  0.000000000000000E+000  0.000000000000000E+000 -0.000000000000000E+000 -0.000000000000000E+000 -0.000000000000000E+000  -0.442321719626068E-012  0.266655390551054E-012  0.112953898280256E-011
     72.00000000  0.000000000000000E+000  0.000000000000000E+000  0.000000000000000E+000 -0.000000000000000E+000 -0.000000000000000E+000 -0.000000000000000E+000  0.000000000000000E+000  0.000000000000000E+000  0.000000000000000E+000 -0.000000000000000E+000 -0.000000000000000E+000 -0.000000000000000E+000  -0.427189648692605E-012  0.277515956399595E-012  0.114156853116694E-011
     72.08000000  0.000000000000000E+000  0.000000000000000E+000  0.000000000000000E+000 -0.000000000000000E+000 -0.000000000000000E+000 -0.000000000000000E+000  0.000000000000000E+000  0.000000000000000E+000  0.000000000000000E+000 -0.000000000000000E+000 -0.000000000000000E+000 -0.000000000000000E+000  -0.410066808395387E-012  0.289285015153125E-012  0.115331613777582E-011
     72.16000000  0.000000000000000E+000  0.000000000000000E+000  0.000000000000000E+000 -0.000000000000000E+000 -0.000000000000000E+000 -0.000000000000000E+000  0.000000000000000E+000  0.000000000000000E+000  0.000000000000000E+000 -0.000000000000000E+000 -0.000000000000000E+000 -0.000000000000000E+000  -0.390927131201348E-012  0.302077739952007E-012  0.116510267928938E-011
     72.24000000  0.000000000000000E+000  0.000000000000000E+000  0.000000000000000E+000 -0.000000000000000E+000 -0.000000000000000E+000 -0.000000000000000E+000  0.000000000000000E+000  0.000000000000000E+000  0.000000000000000E+000 -0.000000000000000E+000 -0.000000000000000E+000 -0.000000000000000E+000  -0.369822737118257E-012  0.316032711158784E-012  0.117724289457884E-011
     72.32000000  0.000000000000000E+000  0.000000000000000E+000  0.000000000000000E+000 -0.000000000000000E+000 -0.000000000000000E+000 -0.000000000000000E+000  0.000000000000000E+000  0.000000000000000E+000  0.000000000000000E+000 -0.000000000000000E+000 -0.000000000000000E+000 -0.000000000000000E+000  -0.346865708557369E-012  0.331280433335652E-012  0.118997706292344E-011
     72.40000000  0.000000000000000E+000  0.000000000000000E+000  0.000000000000000E+000 -0.000000000000000E+000 -0.000000000000000E+000 -0.000000000000000E+000  0.000000000000000E+000  0.000000000000000E+000  0.000000000000000E+000 -0.000000000000000E+000 -0.000000000000000E+000 -0.000000000000000E+000  -0.322217078152186E-012  0.347869324642684E-012  0.120341282351332E-011
     72.48000000  0.000000000000000E+000  0.000000000000000E+000  0.000000000000000E+000 -0.000000000000000E+000 -0.000000000000000E+000 -0.000000000000000E+000  0.000000000000000E+000  0.000000000000000E+000  0.000000000000000E+000 -0.000000000000000E+000 -0.000000000000000E+000 -0.000000000000000E+000  -0.296101809069456E-012  0.365697844526973E-012  0.121751278040853E-011
     72.56000000  0.000000000000000E+000  0.000000000000000E+000  0.000000000000000E+000 -0.000000000000000E+000 -0.000000000000000E+000 -0.000000000000000E+000  0.000000000000000E+000  0.000000000000000E+000  0.000000000000000E+000 -0.000000000000000E+000 -0.000000000000000E+000 -0.000000000000000E+000  -0.268809280139441E-012  0.384484358423634E-012  0.123209821392374E-011
     72.64000000  0.000000000000000E+000  0.000000000000000E+000  0.000000000000000E+000 -0.000000000000000E+000 -0.000000000000000E+000 -0.000000000000000E+000  0.000000000000000E+000  0.000000000000000E+000  0.000000000000000E+000 -0.000000000000000E+000 -0.000000000000000E+000 -0.000000000000000E+000  -0.240653820645873E-012  0.403758630784314E-012  0.124691640958314E-011
     72.72000000  0.000000000000000E+000  0.000000000000000E+000  0.000000000000000E+000 -0.000000000000000E+000 -0.000000000000000E+000 -0.000000000000000E+000  0.000000000000000E+000  0.000000000000000E+000  0.000000000000000E+000 -0.000000000000000E+000 -0.000000000000000E+000 -0.000000000000000E+000  -0.211954791624647E-012  0.422949831674928E-012  0.126172012010072E-011
     72.80000000  0.000000000000000E+000  0.000000000000000E+000  0.000000000000000E+000 -0.000000000000000E+000 -0.000000000000000E+000 -0.000000000000000E+000  0.000000000000000E+000  0.000000000000000E+000  0.000000000000000E+000 -0.000000000000000E+000 -0.000000000000000E+000 -0.000000000000000E+000  -0.182986770036645E-012  0.441482626451945E-012  0.127633919600779E-011
     72.88000000  0.000000000000000E+000  0.000000000000000E+000  0.000000000000000E+000 -0.000000000000000E+000 -0.000000000000000E+000 -0.000000000000000E+000  0.000000000000000E+000  0.000000000000000E+000  0.000000000000000E+000 -0.000000000000000E+000 -0.000000000000000E+000 -0.000000000000000E+000  -0.153983715918864E-012  0.458888614428608E-012  0.129075036108993E-011
     72.96000000  0.000000000000000E+000  0.000000000000000E+000  0.000000000000000E+000 -0.000000000000000E+000 -0.000000000000000E+000 -0.000000000000000E+000  0.000000000000000E+000  0.000000000000000E+000  0.000000000000000E+000 -0.000000000000000E+000 -0.000000000000000E+000 -0.000000000000000E+000  -0.125169925854489E-012  0.474877824729993E-012  0.130508098400512E-011
     73.04000000  0.000000000000000E+000  0.000000000000000E+000  0.000000000000000E+000 -0.000000000000000E+000 -0.000000000000000E+000 -0.000000000000000E+000  0.000000000000000E+000  0.000000000000000E+000  0.000000000000000E+000 -0.000000000000000E+000 -0.000000000000000E+000 -0.000000000000000E+000  -0.967849269575056E-013  0.489358565976817E-012  0.131958930163303E-011
     73.12000000  0.000000000000000E+000  0.000000000000000E+000  0.000000000000000E+000 -0.000000000000000E+000 -0.000000000000000E+000 -0.000000000000000E+000  0.000000000000000E+000  0.000000000000000E+000  0.000000000000000E+000 -0.000000000000000E+000 -0.000000000000000E+000 -0.000000000000000E+000  -0.691261605569706E-013  0.502387321086703E-012  0.133460388344982E-011
     73.20000000  0.000000000000000E+000  0.000000000000000E+000  0.000000000000000E+000 -0.000000000000000E+000 -0.000000000000000E+000 -0.000000000000000E+000  0.000000000000000E+000  0.000000000000000E+000  0.000000000000000E+000 -0.000000000000000E+000 -0.000000000000000E+000 -0.000000000000000E+000  -0.425271917411312E-013  0.514090279898757E-012  0.135044655579647E-011
     73.28000000  0.000000000000000E+000  0.000000000000000E+000  0.000000000000000E+000 -0.000000000000000E+000 -0.000000000000000E+000 -0.000000000000000E+000  0.000000000000000E+000  0.000000000000000E+000  0.000000000000000E+000 -0.000000000000000E+000 -0.000000000000000E+000 -0.000000000000000E+000  -0.173295416845931E-013  0.524581415903714E-012  0.136736654964737E-011
     73.36000000  0.000000000000000E+000  0.000000000000000E+000  0.000000000000000E+000 -0.000000000000000E+000 -0.000000000000000E+000 -0.000000000000000E+000  0.000000000000000E+000  0.000000000000000E+000  0.000000000000000E+000 -0.000000000000000E+000 -0.000000000000000E+000 -0.000000000000000E+000   0.617381308836568E-014  0.533880913332020E-012  0.138548249579412E-011
     73.44000000  0.000000000000000E+000  0.000000000000000E+000  0.000000000000000E+000 -0.000000000000000E+000 -0.000000000000000E+000 -0.000000000000000E+000  0.000000000000000E+000  0.000000000000000E+000  0.000000000000000E+000 -0.000000000000000E+000 -0.000000000000000E+000 -0.000000000000000E+000   0.277704703449189E-013  0.541905258499665E-012  0.140475633472491E-011
     73.52000000  0.000000000000000E+000  0.000000000000000E+000  0.000000000000000E+000 -0.000000000000000E+000 -0.000000000000000E+000 -0.000000000000000E+000  0.000000000000000E+000  0.000000000000000E+000  0.000000000000000E+000 -0.000000000000000E+000 -0.000000000000000E+000 -0.000000000000000E+000   0.473322532948971E-013  0.548454574469617E-012  0.142498868166020E-011
     73.60000000  0.000000000000000E+000  0.000000000000000E+000  0.000000000000000E+000 -0.000000000000000E+000 -0.000000000000000E+000 -0.000000000000000E+000  0.000000000000000E+000  0.000000000000000E+000  0.000000000000000E+000 -0.000000000000000E+000 -0.000000000000000E+000 -0.000000000000000E+000   0.648106110136547E-013  0.553269407897408E-012  0.144585278115472E-011
     73.68000000  0.000000000000000E+000  0.000000000000000E+000  0.000000000000000E+000 -0.000000000000000E+000 -0.000000000000000E+000 -0.000000000000000E+000  0.000000000000000E+000  0.000000000000000E+000  0.000000000000000E+000 -0.000000000000000E+000 -0.000000000000000E+000 -0.000000000000000E+000   0.802219463255867E-013  0.556104805136792E-012  0.146695564003765E-011
     73.76000000  0.000000000000000E+000  0.000000000000000E+000  0.000000000000000E+000 -0.000000000000000E+000 -0.000000000000000E+000 -0.000000000000000E+000  0.000000000000000E+000  0.000000000000000E+000  0.000000000000000E+000 -0.000000000000000E+000 -0.000000000000000E+000 -0.000000000000000E+000   0.936587871020695E-013  0.556818128600152E-012  0.148790751573693E-011
     73.84000000  0.000000000000000E+000  0.000000000000000E+000  0.000000000000000E+000 -0.000000000000000E+000 -0.000000000000000E+000 -0.000000000000000E+000  0.000000000000000E+000  0.000000000000000E+000  0.000000000000000E+000 -0.000000000000000E+000 -0.000000000000000E+000 -0.000000000000000E+000   0.105307046910630E-012  0.555453841619359E-012  0.150840814348036E-011
     73.92000000  0.000000000000000E+000  0.000000000000000E+000  0.000000000000000E+000 -0.000000000000000E+000 -0.000000000000000E+000 -0.000000000000000E+000  0.000000000000000E+000  0.000000000000000E+000  0.000000000000000E+000 -0.000000000000000E+000 -0.000000000000000E+000 -0.000000000000000E+000   0.115465970570329E-012  0.552314361810665E-012  0.152829569304309E-011
     74.00000000  0.000000000000000E+000  0.000000000000000E+000  0.000000000000000E+000 -0.000000000000000E+000 -0.000000000000000E+000 -0.000000000000000E+000  0.000000000000000E+000  0.000000000000000E+000  0.000000000000000E+000 -0.000000000000000E+000 -0.000000000000000E+000 -0.000000000000000E+000   0.124538599195987E-012  0.547953033336452E-012  0.154756912339028E-011
     74.08000000  0.000000000000000E+000  0.000000000000000E+000  0.000000000000000E+000 -0.000000000000000E+000 -0.000000000000000E+000 -0.000000000000000E+000  0.000000000000000E+000  0.000000000000000E+000  0.000000000000000E+000 -0.000000000000000E+000 -0.000000000000000E+000 -0.000000000000000E+000   0.132991551818989E-012  0.543110815019761E-012  0.156635938205097E-011
     74.16000000  0.000000000000000E+000  0.000000000000000E+000  0.000000000000000E+000 -0.000000000000000E+000 -0.000000000000000E+000 -0.000000000000000E+000  0.000000000000000E+000  0.000000000000000E+000  0.000000000000000E+000 -0.000000000000000E+000 -0.000000000000000E+000 -0.000000000000000E+000   0.141296358505002E-012  0.538592850703214E-012  0.158485669129244E-011
     74.24000000  0.000000000000000E+000  0.000000000000000E+000  0.000000000000000E+000 -0.000000000000000E+000 -0.000000000000000E+000 -0.000000000000000E+000  0.000000000000000E+000  0.000000000000000E+000  0.000000000000000E+000 -0.000000000000000E+000 -0.000000000000000E+000 -0.000000000000000E+000   0.149868125631636E-012  0.535117793005018E-012  0.160323795275360E-011
     74.32000000  0.000000000000000E+000  0.000000000000000E+000  0.000000000000000E+000 -0.000000000000000E+000 -0.000000000000000E+000 -0.000000000000000E+000  0.000000000000000E+000  0.000000000000000E+000  0.000000000000000E+000 -0.000000000000000E+000 -0.000000000000000E+000 -0.000000000000000E+000   0.159059527350426E-012  0.533189166244810E-012  0.162159569405485E-011
     74.40000000  0.000000000000000E+000  0.000000000000000E+000  0.000000000000000E+000 -0.000000000000000E+000 -0.000000000000000E+000 -0.000000000000000E+000  0.000000000000000E+000  0.000000000000000E+000  0.000000000000000E+000 -0.000000000000000E+000 -0.000000000000000E+000 -0.000000000000000E+000   0.169157489986168E-012  0.533035267009071E-012  0.163989111581679E-011
     74.48000000  0.000000000000000E+000  0.000000000000000E+000  0.000000000000000E+000 -0.000000000000000E+000 -0.000000000000000E+000 -0.000000000000000E+000  0.000000000000000E+000  0.000000000000000E+000  0.000000000000000E+000 -0.000000000000000E+000 -0.000000000000000E+000 -0.000000000000000E+000   0.180428483829749E-012  0.534633124015245E-012  0.165794780328757E-011
     74.56000000  0.000000000000000E+000  0.000000000000000E+000  0.000000000000000E+000 -0.000000000000000E+000 -0.000000000000000E+000 -0.000000000000000E+000  0.000000000000000E+000  0.000000000000000E+000  0.000000000000000E+000 -0.000000000000000E+000 -0.000000000000000E+000 -0.000000000000000E+000   0.193141354126954E-012  0.537794980050164E-012  0.167548761042321E-011
     74.64000000  0.000000000000000E+000  0.000000000000000E+000  0.000000000000000E+000 -0.000000000000000E+000 -0.000000000000000E+000 -0.000000000000000E+000  0.000000000000000E+000  0.000000000000000E+000  0.000000000000000E+000 -0.000000000000000E+000 -0.000000000000000E+000 -0.000000000000000E+000   0.207561349433447E-012  0.542296685600659E-012  0.169217392858921E-011
     74.72000000  0.000000000000000E+000  0.000000000000000E+000  0.000000000000000E+000 -0.000000000000000E+000 -0.000000000000000E+000 -0.000000000000000E+000  0.000000000000000E+000  0.000000000000000E+000  0.000000000000000E+000 -0.000000000000000E+000 -0.000000000000000E+000 -0.000000000000000E+000   0.223944306827697E-012  0.547997845771385E-012  0.170769052914027E-011
     74.80000000  0.000000000000000E+000  0.000000000000000E+000  0.000000000000000E+000 -0.000000000000000E+000 -0.000000000000000E+000 -0.000000000000000E+000  0.000000000000000E+000  0.000000000000000E+000  0.000000000000000E+000 -0.000000000000000E+000 -0.000000000000000E+000 -0.000000000000000E+000   0.242494577337510E-012  0.554902883203701E-012  0.172180169748905E-011
     74.88000000  0.000000000000000E+000  0.000000000000000E+000  0.000000000000000E+000 -0.000000000000000E+000 -0.000000000000000E+000 -0.000000000000000E+000  0.000000000000000E+000  0.000000000000000E+000  0.000000000000000E+000 -0.000000000000000E+000 -0.000000000000000E+000 -0.000000000000000E+000   0.263357036474292E-012  0.563187097828592E-012  0.173441840959441E-011
     74.96000000  0.000000000000000E+000  0.000000000000000E+000  0.000000000000000E+000 -0.000000000000000E+000 -0.000000000000000E+000 -0.000000000000000E+000  0.000000000000000E+000  0.000000000000000E+000  0.000000000000000E+000 -0.000000000000000E+000 -0.000000000000000E+000 -0.000000000000000E+000   0.286620114979682E-012  0.573147838868124E-012  0.174563377633737E-011
     75.04000000  0.000000000000000E+000  0.000000000000000E+000  0.000000000000000E+000 -0.000000000000000E+000 -0.000000000000000E+000 -0.000000000000000E+000  0.000000000000000E+000  0.000000000000000E+000  0.000000000000000E+000 -0.000000000000000E+000 -0.000000000000000E+000 -0.000000000000000E+000   0.312306215683016E-012  0.585115211249583E-012  0.175571093659684E-011
     75.12000000  0.000000000000000E+000  0.000000000000000E+000  0.000000000000000E+000 -0.000000000000000E+000 -0.000000000000000E+000 -0.000000000000000E+000  0.000000000000000E+000  0.000000000000000E+000  0.000000000000000E+000 -0.000000000000000E+000 -0.000000000000000E+000 -0.000000000000000E+000   0.340384232522797E-012  0.599355765324157E-012  0.176505205207923E-011
     75.20000000  0.000000000000000E+000  0.000000000000000E+000  0.000000000000000E+000 -0.000000000000000E+000 -0.000000000000000E+000 -0.000000000000000E+000  0.000000000000000E+000  0.000000000000000E+000  0.000000000000000E+000 -0.000000000000000E+000 -0.000000000000000E+000 -0.000000000000000E+000   0.370730286867745E-012  0.615946567537518E-012  0.177411771796858E-011
     75.28000000  0.000000000000000E+000  0.000000000000000E+000  0.000000000000000E+000 -0.000000000000000E+000 -0.000000000000000E+000 -0.000000000000000E+000  0.000000000000000E+000  0.000000000000000E+000  0.000000000000000E+000 -0.000000000000000E+000 -0.000000000000000E+000 -0.000000000000000E+000   0.403105528728291E-012  0.634704832697158E-012  0.178334384678334E-011
     75.36000000  0.000000000000000E+000  0.000000000000000E+000  0.000000000000000E+000 -0.000000000000000E+000 -0.000000000000000E+000 -0.000000000000000E+000  0.000000000000000E+000  0.000000000000000E+000  0.000000000000000E+000 -0.000000000000000E+000 -0.000000000000000E+000 -0.000000000000000E+000   0.437130815114441E-012  0.655148884412078E-012  0.179305058033557E-011
     75.44000000  0.000000000000000E+000  0.000000000000000E+000  0.000000000000000E+000 -0.000000000000000E+000 -0.000000000000000E+000 -0.000000000000000E+000  0.000000000000000E+000  0.000000000000000E+000  0.000000000000000E+000 -0.000000000000000E+000 -0.000000000000000E+000 -0.000000000000000E+000   0.472302423187134E-012  0.676530551907009E-012  0.180340363691954E-011
     75.52000000  0.000000000000000E+000  0.000000000000000E+000  0.000000000000000E+000 -0.000000000000000E+000 -0.000000000000000E+000 -0.000000000000000E+000  0.000000000000000E+000  0.000000000000000E+000  0.000000000000000E+000 -0.000000000000000E+000 -0.000000000000000E+000 -0.000000000000000E+000   0.508030252322557E-012  0.697941684101814E-012  0.181441365577103E-011
     75.60000000  0.000000000000000E+000  0.000000000000000E+000  0.000000000000000E+000 -0.000000000000000E+000 -0.000000000000000E+000 -0.000000000000000E+000  0.000000000000000E+000  0.000000000000000E+000  0.000000000000000E+000 -0.000000000000000E+000 -0.000000000000000E+000 -0.000000000000000E+000   0.543711898460996E-012  0.718454253378472E-012  0.182596823724924E-011
     75.68000000  0.000000000000000E+000  0.000000000000000E+000  0.000000000000000E+000 -0.000000000000000E+000 -0.000000000000000E+000 -0.000000000000000E+000  0.000000000000000E+000  0.000000000000000E+000  0.000000000000000E+000 -0.000000000000000E+000 -0.000000000000000E+000 -0.000000000000000E+000   0.578781899473008E-012  0.737299590011471E-012  0.183791431710470E-011
     75.76000000  0.000000000000000E+000  0.000000000000000E+000  0.000000000000000E+000 -0.000000000000000E+000 -0.000000000000000E+000 -0.000000000000000E+000  0.000000000000000E+000  0.000000000000000E+000  0.000000000000000E+000 -0.000000000000000E+000 -0.000000000000000E+000 -0.000000000000000E+000   0.612745999461695E-012  0.753963746532928E-012  0.185011588217487E-011
     75.84000000  0.000000000000000E+000  0.000000000000000E+000  0.000000000000000E+000 -0.000000000000000E+000 -0.000000000000000E+000 -0.000000000000000E+000  0.000000000000000E+000  0.000000000000000E+000  0.000000000000000E+000 -0.000000000000000E+000 -0.000000000000000E+000 -0.000000000000000E+000   0.645177728255427E-012  0.768237215178455E-012  0.186252986453623E-011
     75.92000000  0.000000000000000E+000  0.000000000000000E+000  0.000000000000000E+000 -0.000000000000000E+000 -0.000000000000000E+000 -0.000000000000000E+000  0.000000000000000E+000  0.000000000000000E+000  0.000000000000000E+000 -0.000000000000000E+000 -0.000000000000000E+000 -0.000000000000000E+000   0.675702047523132E-012  0.780164302170997E-012  0.187522916875375E-011
     76.00000000  0.000000000000000E+000  0.000000000000000E+000  0.000000000000000E+000 -0.000000000000000E+000 -0.000000000000000E+000 -0.000000000000000E+000  0.000000000000000E+000  0.000000000000000E+000  0.000000000000000E+000 -0.000000000000000E+000 -0.000000000000000E+000 -0.000000000000000E+000   0.703992447772784E-012  0.789926411349184E-012  0.188841932141149E-011
     76.08000000  0.000000000000000E+000  0.000000000000000E+000  0.000000000000000E+000 -0.000000000000000E+000 -0.000000000000000E+000 -0.000000000000000E+000  0.000000000000000E+000  0.000000000000000E+000  0.000000000000000E+000 -0.000000000000000E+000 -0.000000000000000E+000 -0.000000000000000E+000   0.729759324298668E-012  0.797706518393823E-012  0.190239662392037E-011
     76.16000000  0.000000000000000E+000  0.000000000000000E+000  0.000000000000000E+000 -0.000000000000000E+000 -0.000000000000000E+000 -0.000000000000000E+000  0.000000000000000E+000  0.000000000000000E+000  0.000000000000000E+000 -0.000000000000000E+000 -0.000000000000000E+000 -0.000000000000000E+000   0.752779354793714E-012  0.803575227202915E-012  0.191750697893685E-011
     76.24000000  0.000000000000000E+000  0.000000000000000E+000  0.000000000000000E+000 -0.000000000000000E+000 -0.000000000000000E+000 -0.000000000000000E+000  0.000000000000000E+000  0.000000000000000E+000  0.000000000000000E+000 -0.000000000000000E+000 -0.000000000000000E+000 -0.000000000000000E+000   0.772893031032751E-012  0.807433768966329E-012  0.193406375301327E-011
     76.32000000  0.000000000000000E+000  0.000000000000000E+000  0.000000000000000E+000 -0.000000000000000E+000 -0.000000000000000E+000 -0.000000000000000E+000  0.000000000000000E+000  0.000000000000000E+000  0.000000000000000E+000 -0.000000000000000E+000 -0.000000000000000E+000 -0.000000000000000E+000   0.790000889513143E-012  0.809020802773731E-012  0.195227446344936E-011
     76.40000000  0.000000000000000E+000  0.000000000000000E+000  0.000000000000000E+000 -0.000000000000000E+000 -0.000000000000000E+000 -0.000000000000000E+000  0.000000000000000E+000  0.000000000000000E+000  0.000000000000000E+000 -0.000000000000000E+000 -0.000000000000000E+000 -0.000000000000000E+000   0.804051094328246E-012  0.807984858640721E-012  0.197218172240214E-011
     76.48000000  0.000000000000000E+000  0.000000000000000E+000  0.000000000000000E+000 -0.000000000000000E+000 -0.000000000000000E+000 -0.000000000000000E+000  0.000000000000000E+000  0.000000000000000E+000  0.000000000000000E+000 -0.000000000000000E+000 -0.000000000000000E+000 -0.000000000000000E+000   0.815026530142099E-012  0.803970476116568E-012  0.199363223372335E-011
     76.56000000  0.000000000000000E+000  0.000000000000000E+000  0.000000000000000E+000 -0.000000000000000E+000 -0.000000000000000E+000 -0.000000000000000E+000  0.000000000000000E+000  0.000000000000000E+000  0.000000000000000E+000 -0.000000000000000E+000 -0.000000000000000E+000 -0.000000000000000E+000   0.822949752626424E-012  0.796751322476364E-012  0.201629463611624E-011
     76.64000000  0.000000000000000E+000  0.000000000000000E+000  0.000000000000000E+000 -0.000000000000000E+000 -0.000000000000000E+000 -0.000000000000000E+000  0.000000000000000E+000  0.000000000000000E+000  0.000000000000000E+000 -0.000000000000000E+000 -0.000000000000000E+000 -0.000000000000000E+000   0.827919391301491E-012  0.786312411636748E-012  0.203971557746962E-011
     76.72000000  0.000000000000000E+000  0.000000000000000E+000  0.000000000000000E+000 -0.000000000000000E+000 -0.000000000000000E+000 -0.000000000000000E+000  0.000000000000000E+000  0.000000000000000E+000  0.000000000000000E+000 -0.000000000000000E+000 -0.000000000000000E+000 -0.000000000000000E+000   0.830147564048029E-012  0.772934370507113E-012  0.206341512163736E-011
     76.80000000  0.000000000000000E+000  0.000000000000000E+000  0.000000000000000E+000 -0.000000000000000E+000 -0.000000000000000E+000 -0.000000000000000E+000  0.000000000000000E+000  0.000000000000000E+000  0.000000000000000E+000 -0.000000000000000E+000 -0.000000000000000E+000 -0.000000000000000E+000   0.829980118308480E-012  0.757187285138390E-012  0.208696059967250E-011
     76.88000000  0.000000000000000E+000  0.000000000000000E+000  0.000000000000000E+000 -0.000000000000000E+000 -0.000000000000000E+000 -0.000000000000000E+000  0.000000000000000E+000  0.000000000000000E+000  0.000000000000000E+000 -0.000000000000000E+000 -0.000000000000000E+000 -0.000000000000000E+000   0.827903387021783E-012  0.739881141640959E-012  0.211005343133176E-011
     76.96000000  0.000000000000000E+000  0.000000000000000E+000  0.000000000000000E+000 -0.000000000000000E+000 -0.000000000000000E+000 -0.000000000000000E+000  0.000000000000000E+000  0.000000000000000E+000  0.000000000000000E+000 -0.000000000000000E+000 -0.000000000000000E+000 -0.000000000000000E+000   0.824487812369166E-012  0.721939302551827E-012  0.213253871022584E-011
     77.04000000  0.000000000000000E+000  0.000000000000000E+000  0.000000000000000E+000 -0.000000000000000E+000 -0.000000000000000E+000 -0.000000000000000E+000  0.000000000000000E+000  0.000000000000000E+000  0.000000000000000E+000 -0.000000000000000E+000 -0.000000000000000E+000 -0.000000000000000E+000   0.820339462361156E-012  0.704252776008171E-012  0.215441899527267E-011
     77.12000000  0.000000000000000E+000  0.000000000000000E+000  0.000000000000000E+000 -0.000000000000000E+000 -0.000000000000000E+000 -0.000000000000000E+000  0.000000000000000E+000  0.000000000000000E+000  0.000000000000000E+000 -0.000000000000000E+000 -0.000000000000000E+000 -0.000000000000000E+000   0.816043060530930E-012  0.687529085744644E-012  0.217578232971197E-011
     77.20000000  0.000000000000000E+000  0.000000000000000E+000  0.000000000000000E+000 -0.000000000000000E+000 -0.000000000000000E+000 -0.000000000000000E+000  0.000000000000000E+000  0.000000000000000E+000  0.000000000000000E+000 -0.000000000000000E+000 -0.000000000000000E+000 -0.000000000000000E+000   0.812134245668031E-012  0.672203002855760E-012  0.219675591655976E-011
     77.28000000  0.000000000000000E+000  0.000000000000000E+000  0.000000000000000E+000 -0.000000000000000E+000 -0.000000000000000E+000 -0.000000000000000E+000  0.000000000000000E+000  0.000000000000000E+000  0.000000000000000E+000 -0.000000000000000E+000 -0.000000000000000E+000 -0.000000000000000E+000   0.809075960555366E-012  0.658430346267632E-012  0.221743016221496E-011
     77.36000000  0.000000000000000E+000  0.000000000000000E+000  0.000000000000000E+000 -0.000000000000000E+000 -0.000000000000000E+000 -0.000000000000000E+000  0.000000000000000E+000  0.000000000000000E+000  0.000000000000000E+000 -0.000000000000000E+000 -0.000000000000000E+000 -0.000000000000000E+000   0.807277431781538E-012  0.646151956187550E-012  0.223780547927674E-011
     77.44000000  0.000000000000000E+000  0.000000000000000E+000  0.000000000000000E+000 -0.000000000000000E+000 -0.000000000000000E+000 -0.000000000000000E+000  0.000000000000000E+000  0.000000000000000E+000  0.000000000000000E+000 -0.000000000000000E+000 -0.000000000000000E+000 -0.000000000000000E+000   0.807068777575389E-012  0.635229401581743E-012  0.225776516141235E-011
     77.52000000  0.000000000000000E+000  0.000000000000000E+000  0.000000000000000E+000 -0.000000000000000E+000 -0.000000000000000E+000 -0.000000000000000E+000  0.000000000000000E+000  0.000000000000000E+000  0.000000000000000E+000 -0.000000000000000E+000 -0.000000000000000E+000 -0.000000000000000E+000   0.808712577899594E-012  0.625566562657192E-012  0.227705805720409E-011
     77.60000000  0.000000000000000E+000  0.000000000000000E+000  0.000000000000000E+000 -0.000000000000000E+000 -0.000000000000000E+000 -0.000000000000000E+000  0.000000000000000E+000  0.000000000000000E+000  0.000000000000000E+000 -0.000000000000000E+000 -0.000000000000000E+000 -0.000000000000000E+000   0.812379558707220E-012  0.617214089223443E-012  0.229535727969698E-011
     77.68000000  0.000000000000000E+000  0.000000000000000E+000  0.000000000000000E+000 -0.000000000000000E+000 -0.000000000000000E+000 -0.000000000000000E+000  0.000000000000000E+000  0.000000000000000E+000  0.000000000000000E+000 -0.000000000000000E+000 -0.000000000000000E+000 -0.000000000000000E+000   0.818157771771091E-012  0.610391114350838E-012  0.231229940833834E-011
     77.76000000  0.000000000000000E+000  0.000000000000000E+000  0.000000000000000E+000 -0.000000000000000E+000 -0.000000000000000E+000 -0.000000000000000E+000  0.000000000000000E+000  0.000000000000000E+000  0.000000000000000E+000 -0.000000000000000E+000 -0.000000000000000E+000 -0.000000000000000E+000   0.826076213977921E-012  0.605445721397826E-012  0.232757587517433E-011
     77.84000000  0.000000000000000E+000  0.000000000000000E+000  0.000000000000000E+000 -0.000000000000000E+000 -0.000000000000000E+000 -0.000000000000000E+000  0.000000000000000E+000  0.000000000000000E+000  0.000000000000000E+000 -0.000000000000000E+000 -0.000000000000000E+000 -0.000000000000000E+000   0.836120764096358E-012  0.602780077341226E-012  0.234100754892435E-011
     77.92000000  0.000000000000000E+000  0.000000000000000E+000  0.000000000000000E+000 -0.000000000000000E+000 -0.000000000000000E+000 -0.000000000000000E+000  0.000000000000000E+000  0.000000000000000E+000  0.000000000000000E+000 -0.000000000000000E+000 -0.000000000000000E+000 -0.000000000000000E+000   0.848266558760472E-012  0.602734771493916E-012  0.235259397081025E-011
     78.00000000  0.000000000000000E+000  0.000000000000000E+000  0.000000000000000E+000 -0.000000000000000E+000 -0.000000000000000E+000 -0.000000000000000E+000  0.000000000000000E+000  0.000000000000000E+000  0.000000000000000E+000 -0.000000000000000E+000 -0.000000000000000E+000 -0.000000000000000E+000   0.862458039385187E-012  0.605481445859409E-012  0.236252913572132E-011
     78.08000000  0.000000000000000E+000  0.000000000000000E+000  0.000000000000000E+000 -0.000000000000000E+000 -0.000000000000000E+000 -0.000000000000000E+000  0.000000000000000E+000  0.000000000000000E+000  0.000000000000000E+000 -0.000000000000000E+000 -0.000000000000000E+000 -0.000000000000000E+000   0.878598370403271E-012  0.610952394019816E-012  0.237116205335631E-011
     78.16000000  0.000000000000000E+000  0.000000000000000E+000  0.000000000000000E+000 -0.000000000000000E+000 -0.000000000000000E+000 -0.000000000000000E+000  0.000000000000000E+000  0.000000000000000E+000  0.000000000000000E+000 -0.000000000000000E+000 -0.000000000000000E+000 -0.000000000000000E+000   0.896497639247796E-012  0.618799968807283E-012  0.237892544888011E-011
     78.24000000  0.000000000000000E+000  0.000000000000000E+000  0.000000000000000E+000 -0.000000000000000E+000 -0.000000000000000E+000 -0.000000000000000E+000  0.000000000000000E+000  0.000000000000000E+000  0.000000000000000E+000 -0.000000000000000E+000 -0.000000000000000E+000 -0.000000000000000E+000   0.915850399312692E-012  0.628415129690326E-012  0.238625458529374E-011
     78.32000000  0.000000000000000E+000  0.000000000000000E+000  0.000000000000000E+000 -0.000000000000000E+000 -0.000000000000000E+000 -0.000000000000000E+000  0.000000000000000E+000  0.000000000000000E+000  0.000000000000000E+000 -0.000000000000000E+000 -0.000000000000000E+000 -0.000000000000000E+000   0.936227969105648E-012  0.639008100639198E-012  0.239349852349444E-011
     78.40000000  0.000000000000000E+000  0.000000000000000E+000  0.000000000000000E+000 -0.000000000000000E+000 -0.000000000000000E+000 -0.000000000000000E+000  0.000000000000000E+000  0.000000000000000E+000  0.000000000000000E+000 -0.000000000000000E+000 -0.000000000000000E+000 -0.000000000000000E+000   0.957103298123774E-012  0.649728599613744E-012  0.240087434485052E-011
     78.48000000  0.000000000000000E+000  0.000000000000000E+000  0.000000000000000E+000 -0.000000000000000E+000 -0.000000000000000E+000 -0.000000000000000E+000  0.000000000000000E+000  0.000000000000000E+000  0.000000000000000E+000 -0.000000000000000E+000 -0.000000000000000E+000 -0.000000000000000E+000   0.977891960487546E-012  0.659808793129575E-012  0.240845219925031E-011
     78.56000000  0.000000000000000E+000  0.000000000000000E+000  0.000000000000000E+000 -0.000000000000000E+000 -0.000000000000000E+000 -0.000000000000000E+000  0.000000000000000E+000  0.000000000000000E+000  0.000000000000000E+000 -0.000000000000000E+000 -0.000000000000000E+000 -0.000000000000000E+000   0.998006633841219E-012  0.668677899941313E-012  0.241617117962899E-011
     78.64000000  0.000000000000000E+000  0.000000000000000E+000  0.000000000000000E+000 -0.000000000000000E+000 -0.000000000000000E+000 -0.000000000000000E+000  0.000000000000000E+000  0.000000000000000E+000  0.000000000000000E+000 -0.000000000000000E+000 -0.000000000000000E+000 -0.000000000000000E+000   0.101687856254028E-011  0.676024378821230E-012  0.242390373160876E-011
     78.72000000  0.000000000000000E+000  0.000000000000000E+000  0.000000000000000E+000 -0.000000000000000E+000 -0.000000000000000E+000 -0.000000000000000E+000  0.000000000000000E+000  0.000000000000000E+000  0.000000000000000E+000 -0.000000000000000E+000 -0.000000000000000E+000 -0.000000000000000E+000   0.103400046721118E-011  0.681778420701945E-012  0.243150597754575E-011
     78.80000000  0.000000000000000E+000  0.000000000000000E+000  0.000000000000000E+000 -0.000000000000000E+000 -0.000000000000000E+000 -0.000000000000000E+000  0.000000000000000E+000  0.000000000000000E+000  0.000000000000000E+000 -0.000000000000000E+000 -0.000000000000000E+000 -0.000000000000000E+000   0.104894240647853E-011  0.686021570135466E-012  0.243889940212877E-011
     78.88000000  0.000000000000000E+000  0.000000000000000E+000  0.000000000000000E+000 -0.000000000000000E+000 -0.000000000000000E+000 -0.000000000000000E+000  0.000000000000000E+000  0.000000000000000E+000  0.000000000000000E+000 -0.000000000000000E+000 -0.000000000000000E+000 -0.000000000000000E+000   0.106137858863229E-011  0.688866816548475E-012  0.244611928108015E-011
     78.96000000  0.000000000000000E+000  0.000000000000000E+000  0.000000000000000E+000 -0.000000000000000E+000 -0.000000000000000E+000 -0.000000000000000E+000  0.000000000000000E+000  0.000000000000000E+000  0.000000000000000E+000 -0.000000000000000E+000 -0.000000000000000E+000 -0.000000000000000E+000   0.107110518968738E-011  0.690348419976703E-012  0.245333595460788E-011
     79.04000000  0.000000000000000E+000  0.000000000000000E+000  0.000000000000000E+000 -0.000000000000000E+000 -0.000000000000000E+000 -0.000000000000000E+000  0.000000000000000E+000  0.000000000000000E+000  0.000000000000000E+000 -0.000000000000000E+000 -0.000000000000000E+000 -0.000000000000000E+000   0.107803655516245E-011  0.690343956677760E-012  0.246084174168771E-011
     79.12000000  0.000000000000000E+000  0.000000000000000E+000  0.000000000000000E+000 -0.000000000000000E+000 -0.000000000000000E+000 -0.000000000000000E+000  0.000000000000000E+000  0.000000000000000E+000  0.000000000000000E+000 -0.000000000000000E+000 -0.000000000000000E+000 -0.000000000000000E+000   0.108218191683822E-011  0.688581855591091E-012  0.246900000163494E-011
     79.20000000  0.000000000000000E+000  0.000000000000000E+000  0.000000000000000E+000 -0.000000000000000E+000 -0.000000000000000E+000 -0.000000000000000E+000  0.000000000000000E+000  0.000000000000000E+000  0.000000000000000E+000 -0.000000000000000E+000 -0.000000000000000E+000 -0.000000000000000E+000   0.108361863856305E-011  0.684690321957125E-012  0.247817145052014E-011
     79.28000000  0.000000000000000E+000  0.000000000000000E+000  0.000000000000000E+000 -0.000000000000000E+000 -0.000000000000000E+000 -0.000000000000000E+000  0.000000000000000E+000  0.000000000000000E+000  0.000000000000000E+000 -0.000000000000000E+000 -0.000000000000000E+000 -0.000000000000000E+000   0.108243489910194E-011  0.678298939358496E-012  0.248862832849714E-011
     79.36000000  0.000000000000000E+000  0.000000000000000E+000  0.000000000000000E+000 -0.000000000000000E+000 -0.000000000000000E+000 -0.000000000000000E+000  0.000000000000000E+000  0.000000000000000E+000  0.000000000000000E+000 -0.000000000000000E+000 -0.000000000000000E+000 -0.000000000000000E+000   0.107871280895042E-011  0.669136466010866E-012  0.250049656865996E-011
     79.44000000  0.000000000000000E+000  0.000000000000000E+000  0.000000000000000E+000 -0.000000000000000E+000 -0.000000000000000E+000 -0.000000000000000E+000  0.000000000000000E+000  0.000000000000000E+000  0.000000000000000E+000 -0.000000000000000E+000 -0.000000000000000E+000 -0.000000000000000E+000   0.107252142149698E-011  0.657128506320301E-012  0.251372098009857E-011
     79.52000000  0.000000000000000E+000  0.000000000000000E+000  0.000000000000000E+000 -0.000000000000000E+000 -0.000000000000000E+000 -0.000000000000000E+000  0.000000000000000E+000  0.000000000000000E+000  0.000000000000000E+000 -0.000000000000000E+000 -0.000000000000000E+000 -0.000000000000000E+000   0.106394838118571E-011  0.642435631632440E-012  0.252808878412104E-011
     79.60000000  0.000000000000000E+000  0.000000000000000E+000  0.000000000000000E+000 -0.000000000000000E+000 -0.000000000000000E+000 -0.000000000000000E+000  0.000000000000000E+000  0.000000000000000E+000  0.000000000000000E+000 -0.000000000000000E+000 -0.000000000000000E+000 -0.000000000000000E+000   0.105314046464642E-011  0.625472130655750E-012  0.254328085585681E-011
     79.68000000  0.000000000000000E+000  0.000000000000000E+000  0.000000000000000E+000 -0.000000000000000E+000 -0.000000000000000E+000 -0.000000000000000E+000  0.000000000000000E+000  0.000000000000000E+000  0.000000000000000E+000 -0.000000000000000E+000 -0.000000000000000E+000 -0.000000000000000E+000   0.104033334053840E-011  0.606849919065257E-012  0.255893613490074E-011
     79.76000000  0.000000000000000E+000  0.000000000000000E+000  0.000000000000000E+000 -0.000000000000000E+000 -0.000000000000000E+000 -0.000000000000000E+000  0.000000000000000E+000  0.000000000000000E+000  0.000000000000000E+000 -0.000000000000000E+000 -0.000000000000000E+000 -0.000000000000000E+000   0.102588019600146E-011  0.587289304393314E-012  0.257473978600809E-011
     79.84000000  0.000000000000000E+000  0.000000000000000E+000  0.000000000000000E+000 -0.000000000000000E+000 -0.000000000000000E+000 -0.000000000000000E+000  0.000000000000000E+000  0.000000000000000E+000  0.000000000000000E+000 -0.000000000000000E+000 -0.000000000000000E+000 -0.000000000000000E+000   0.101022972258327E-011  0.567499933603831E-012  0.259047895820679E-011
     79.92000000  0.000000000000000E+000  0.000000000000000E+000  0.000000000000000E+000 -0.000000000000000E+000 -0.000000000000000E+000 -0.000000000000000E+000  0.000000000000000E+000  0.000000000000000E+000  0.000000000000000E+000 -0.000000000000000E+000 -0.000000000000000E+000 -0.000000000000000E+000   0.993908493938541E-012  0.548065648562801E-012  0.260606416165031E-011
     80.00000000  0.000000000000000E+000  0.000000000000000E+000  0.000000000000000E+000 -0.000000000000000E+000 -0.000000000000000E+000 -0.000000000000000E+000  0.000000000000000E+000  0.000000000000000E+000  0.000000000000000E+000 -0.000000000000000E+000 -0.000000000000000E+000 -0.000000000000000E+000   0.977473215256396E-012  0.529352311034574E-012  0.262154083645636E-011
     80.08000000  0.000000000000000E+000  0.000000000000000E+000  0.000000000000000E+000 -0.000000000000000E+000 -0.000000000000000E+000 -0.000000000000000E+000  0.000000000000000E+000  0.000000000000000E+000  0.000000000000000E+000 -0.000000000000000E+000 -0.000000000000000E+000 -0.000000000000000E+000   0.961467270595646E-012  0.511497885494626E-012  0.263703768244227E-011
     80.16000000  0.000000000000000E+000  0.000000000000000E+000  0.000000000000000E+000 -0.000000000000000E+000 -0.000000000000000E+000 -0.000000000000000E+000  0.000000000000000E+000  0.000000000000000E+000  0.000000000000000E+000 -0.000000000000000E+000 -0.000000000000000E+000 -0.000000000000000E+000   0.946383039832071E-012  0.494451962565283E-012  0.265272422867219E-011
     80.24000000  0.000000000000000E+000  0.000000000000000E+000  0.000000000000000E+000 -0.000000000000000E+000 -0.000000000000000E+000 -0.000000000000000E+000  0.000000000000000E+000  0.000000000000000E+000  0.000000000000000E+000 -0.000000000000000E+000 -0.000000000000000E+000 -0.000000000000000E+000   0.932616428674945E-012  0.478078905041147E-012  0.266872916693231E-011
     80.32000000  0.000000000000000E+000  0.000000000000000E+000  0.000000000000000E+000 -0.000000000000000E+000 -0.000000000000000E+000 -0.000000000000000E+000  0.000000000000000E+000  0.000000000000000E+000  0.000000000000000E+000 -0.000000000000000E+000 -0.000000000000000E+000 -0.000000000000000E+000   0.920431576882430E-012  0.462275826402587E-012  0.268509283355902E-011
     80.40000000  0.000000000000000E+000  0.000000000000000E+000  0.000000000000000E+000 -0.000000000000000E+000 -0.000000000000000E+000 -0.000000000000000E+000  0.000000000000000E+000  0.000000000000000E+000  0.000000000000000E+000 -0.000000000000000E+000 -0.000000000000000E+000 -0.000000000000000E+000   0.909952796766676E-012  0.447067564918262E-012  0.270172803560815E-011
     80.48000000  0.000000000000000E+000  0.000000000000000E+000  0.000000000000000E+000 -0.000000000000000E+000 -0.000000000000000E+000 -0.000000000000000E+000  0.000000000000000E+000  0.000000000000000E+000  0.000000000000000E+000 -0.000000000000000E+000 -0.000000000000000E+000 -0.000000000000000E+000   0.901162704952849E-012  0.432644766999348E-012  0.271841312601558E-011
     80.56000000  0.000000000000000E+000  0.000000000000000E+000  0.000000000000000E+000 -0.000000000000000E+000 -0.000000000000000E+000 -0.000000000000000E+000  0.000000000000000E+000  0.000000000000000E+000  0.000000000000000E+000 -0.000000000000000E+000 -0.000000000000000E+000 -0.000000000000000E+000   0.893948009090189E-012  0.419331115683041E-012  0.273484248625893E-011
     80.64000000  0.000000000000000E+000  0.000000000000000E+000  0.000000000000000E+000 -0.000000000000000E+000 -0.000000000000000E+000 -0.000000000000000E+000  0.000000000000000E+000  0.000000000000000E+000  0.000000000000000E+000 -0.000000000000000E+000 -0.000000000000000E+000 -0.000000000000000E+000   0.888144557707135E-012  0.407524785472050E-012  0.275067273645957E-011
     80.72000000  0.000000000000000E+000  0.000000000000000E+000  0.000000000000000E+000 -0.000000000000000E+000 -0.000000000000000E+000 -0.000000000000000E+000  0.000000000000000E+000  0.000000000000000E+000  0.000000000000000E+000 -0.000000000000000E+000 -0.000000000000000E+000 -0.000000000000000E+000   0.883591850734306E-012  0.397571130396439E-012  0.276560850480955E-011
     80.80000000  0.000000000000000E+000  0.000000000000000E+000  0.000000000000000E+000 -0.000000000000000E+000 -0.000000000000000E+000 -0.000000000000000E+000  0.000000000000000E+000  0.000000000000000E+000  0.000000000000000E+000 -0.000000000000000E+000 -0.000000000000000E+000 -0.000000000000000E+000   0.880159142424718E-012  0.389682867659804E-012  0.277945353164172E-011
     80.88000000  0.000000000000000E+000  0.000000000000000E+000  0.000000000000000E+000 -0.000000000000000E+000 -0.000000000000000E+000 -0.000000000000000E+000  0.000000000000000E+000  0.000000000000000E+000  0.000000000000000E+000 -0.000000000000000E+000 -0.000000000000000E+000 -0.000000000000000E+000   0.877754236692937E-012  0.383861437845587E-012  0.279215430957108E-011
     80.96000000  0.000000000000000E+000  0.000000000000000E+000  0.000000000000000E+000 -0.000000000000000E+000 -0.000000000000000E+000 -0.000000000000000E+000  0.000000000000000E+000  0.000000000000000E+000  0.000000000000000E+000 -0.000000000000000E+000 -0.000000000000000E+000 -0.000000000000000E+000   0.876289070974313E-012  0.379874107922445E-012  0.280379189274894E-011
     81.04000000  0.000000000000000E+000  0.000000000000000E+000  0.000000000000000E+000 -0.000000000000000E+000 -0.000000000000000E+000 -0.000000000000000E+000  0.000000000000000E+000  0.000000000000000E+000  0.000000000000000E+000 -0.000000000000000E+000 -0.000000000000000E+000 -0.000000000000000E+000   0.875642054755900E-012  0.377270113558960E-012  0.281455460408099E-011
     81.12000000  0.000000000000000E+000  0.000000000000000E+000  0.000000000000000E+000 -0.000000000000000E+000 -0.000000000000000E+000 -0.000000000000000E+000  0.000000000000000E+000  0.000000000000000E+000  0.000000000000000E+000 -0.000000000000000E+000 -0.000000000000000E+000 -0.000000000000000E+000   0.875614471849520E-012  0.375461587788573E-012  0.282468286941454E-011
     81.20000000  0.000000000000000E+000  0.000000000000000E+000  0.000000000000000E+000 -0.000000000000000E+000 -0.000000000000000E+000 -0.000000000000000E+000  0.000000000000000E+000  0.000000000000000E+000  0.000000000000000E+000 -0.000000000000000E+000 -0.000000000000000E+000 -0.000000000000000E+000   0.875911969396468E-012  0.373812374986579E-012  0.283441648415340E-011
     81.28000000  0.000000000000000E+000  0.000000000000000E+000  0.000000000000000E+000 -0.000000000000000E+000 -0.000000000000000E+000 -0.000000000000000E+000  0.000000000000000E+000  0.000000000000000E+000  0.000000000000000E+000 -0.000000000000000E+000 -0.000000000000000E+000 -0.000000000000000E+000   0.876135594125670E-012  0.371769629673399E-012  0.284393194737626E-011
     81.36000000  0.000000000000000E+000  0.000000000000000E+000  0.000000000000000E+000 -0.000000000000000E+000 -0.000000000000000E+000 -0.000000000000000E+000  0.000000000000000E+000  0.000000000000000E+000  0.000000000000000E+000 -0.000000000000000E+000 -0.000000000000000E+000 -0.000000000000000E+000   0.875817347910619E-012  0.368951993020853E-012  0.285332044349748E-011
     81.44000000  0.000000000000000E+000  0.000000000000000E+000  0.000000000000000E+000 -0.000000000000000E+000 -0.000000000000000E+000 -0.000000000000000E+000  0.000000000000000E+000  0.000000000000000E+000  0.000000000000000E+000 -0.000000000000000E+000 -0.000000000000000E+000 -0.000000000000000E+000   0.874451786741301E-012  0.365213244554699E-012  0.286257357998914E-011
     81.52000000  0.000000000000000E+000  0.000000000000000E+000  0.000000000000000E+000 -0.000000000000000E+000 -0.000000000000000E+000 -0.000000000000000E+000  0.000000000000000E+000  0.000000000000000E+000  0.000000000000000E+000 -0.000000000000000E+000 -0.000000000000000E+000 -0.000000000000000E+000   0.871553752231128E-012  0.360627039750304E-012  0.287159998069370E-011
     81.60000000  0.000000000000000E+000  0.000000000000000E+000  0.000000000000000E+000 -0.000000000000000E+000 -0.000000000000000E+000 -0.000000000000000E+000  0.000000000000000E+000  0.000000000000000E+000  0.000000000000000E+000 -0.000000000000000E+000 -0.000000000000000E+000 -0.000000000000000E+000   0.866717277927196E-012  0.355417532136401E-012  0.288026412736683E-011
     81.68000000  0.000000000000000E+000  0.000000000000000E+000  0.000000000000000E+000 -0.000000000000000E+000 -0.000000000000000E+000 -0.000000000000000E+000  0.000000000000000E+000  0.000000000000000E+000  0.000000000000000E+000 -0.000000000000000E+000 -0.000000000000000E+000 -0.000000000000000E+000   0.859661466120541E-012  0.349849073543106E-012  0.288843897259562E-011
     81.76000000  0.000000000000000E+000  0.000000000000000E+000  0.000000000000000E+000 -0.000000000000000E+000 -0.000000000000000E+000 -0.000000000000000E+000  0.000000000000000E+000  0.000000000000000E+000  0.000000000000000E+000 -0.000000000000000E+000 -0.000000000000000E+000 -0.000000000000000E+000   0.850264499920820E-012  0.344102736525052E-012  0.289605176641431E-011
     81.84000000  0.000000000000000E+000  0.000000000000000E+000  0.000000000000000E+000 -0.000000000000000E+000 -0.000000000000000E+000 -0.000000000000000E+000  0.000000000000000E+000  0.000000000000000E+000  0.000000000000000E+000 -0.000000000000000E+000 -0.000000000000000E+000 -0.000000000000000E+000   0.838574256139939E-012  0.338197731287536E-012  0.290312936390837E-011
     81.92000000  0.000000000000000E+000  0.000000000000000E+000  0.000000000000000E+000 -0.000000000000000E+000 -0.000000000000000E+000 -0.000000000000000E+000  0.000000000000000E+000  0.000000000000000E+000  0.000000000000000E+000 -0.000000000000000E+000 -0.000000000000000E+000 -0.000000000000000E+000   0.824765040856889E-012  0.331970285076841E-012  0.290980012056055E-011
     82.00000000  0.000000000000000E+000  0.000000000000000E+000  0.000000000000000E+000 -0.000000000000000E+000 -0.000000000000000E+000 -0.000000000000000E+000  0.000000000000000E+000  0.000000000000000E+000  0.000000000000000E+000 -0.000000000000000E+000 -0.000000000000000E+000 -0.000000000000000E+000   0.809103866965589E-012  0.325109321968672E-012  0.291628667427529E-011
     82.08000000  0.000000000000000E+000  0.000000000000000E+000  0.000000000000000E+000 -0.000000000000000E+000 -0.000000000000000E+000 -0.000000000000000E+000  0.000000000000000E+000  0.000000000000000E+000  0.000000000000000E+000 -0.000000000000000E+000 -0.000000000000000E+000 -0.000000000000000E+000   0.791871444949351E-012  0.317250630595319E-012  0.292285811901236E-011
     82.16000000  0.000000000000000E+000  0.000000000000000E+000  0.000000000000000E+000 -0.000000000000000E+000 -0.000000000000000E+000 -0.000000000000000E+000  0.000000000000000E+000  0.000000000000000E+000  0.000000000000000E+000 -0.000000000000000E+000 -0.000000000000000E+000 -0.000000000000000E+000   0.773313980055400E-012  0.308075399551153E-012  0.292978206297298E-011
     82.24000000  0.000000000000000E+000  0.000000000000000E+000  0.000000000000000E+000 -0.000000000000000E+000 -0.000000000000000E+000 -0.000000000000000E+000  0.000000000000000E+000  0.000000000000000E+000  0.000000000000000E+000 -0.000000000000000E+000 -0.000000000000000E+000 -0.000000000000000E+000   0.753619059588368E-012  0.297413999884888E-012  0.293727704115948E-011
     82.32000000  0.000000000000000E+000  0.000000000000000E+000  0.000000000000000E+000 -0.000000000000000E+000 -0.000000000000000E+000 -0.000000000000000E+000  0.000000000000000E+000  0.000000000000000E+000  0.000000000000000E+000 -0.000000000000000E+000 -0.000000000000000E+000 -0.000000000000000E+000   0.732919538470020E-012  0.285319974870619E-012  0.294547613537298E-011
     82.40000000  0.000000000000000E+000  0.000000000000000E+000  0.000000000000000E+000 -0.000000000000000E+000 -0.000000000000000E+000 -0.000000000000000E+000  0.000000000000000E+000  0.000000000000000E+000  0.000000000000000E+000 -0.000000000000000E+000 -0.000000000000000E+000 -0.000000000000000E+000   0.711325568629407E-012  0.272066554247639E-012  0.295440858594373E-011
     82.48000000  0.000000000000000E+000  0.000000000000000E+000  0.000000000000000E+000 -0.000000000000000E+000 -0.000000000000000E+000 -0.000000000000000E+000  0.000000000000000E+000  0.000000000000000E+000  0.000000000000000E+000 -0.000000000000000E+000 -0.000000000000000E+000 -0.000000000000000E+000   0.688985046034684E-012  0.258132246629212E-012  0.296401322680305E-011
     82.56000000  0.000000000000000E+000  0.000000000000000E+000  0.000000000000000E+000 -0.000000000000000E+000 -0.000000000000000E+000 -0.000000000000000E+000  0.000000000000000E+000  0.000000000000000E+000  0.000000000000000E+000 -0.000000000000000E+000 -0.000000000000000E+000 -0.000000000000000E+000   0.666109557257321E-012  0.244111431975083E-012  0.297416070359676E-011
     82.64000000  0.000000000000000E+000  0.000000000000000E+000  0.000000000000000E+000 -0.000000000000000E+000 -0.000000000000000E+000 -0.000000000000000E+000  0.000000000000000E+000  0.000000000000000E+000  0.000000000000000E+000 -0.000000000000000E+000 -0.000000000000000E+000 -0.000000000000000E+000   0.643009636120526E-012  0.230599326486121E-012  0.298468127845140E-011
     82.72000000  0.000000000000000E+000  0.000000000000000E+000  0.000000000000000E+000 -0.000000000000000E+000 -0.000000000000000E+000 -0.000000000000000E+000  0.000000000000000E+000  0.000000000000000E+000  0.000000000000000E+000 -0.000000000000000E+000 -0.000000000000000E+000 -0.000000000000000E+000   0.620094493903567E-012  0.218073426100642E-012  0.299542594484451E-011
     82.80000000  0.000000000000000E+000  0.000000000000000E+000  0.000000000000000E+000 -0.000000000000000E+000 -0.000000000000000E+000 -0.000000000000000E+000  0.000000000000000E+000  0.000000000000000E+000  0.000000000000000E+000 -0.000000000000000E+000 -0.000000000000000E+000 -0.000000000000000E+000   0.597834434921325E-012  0.206797649469839E-012  0.300627060278687E-011
     82.88000000  0.000000000000000E+000  0.000000000000000E+000  0.000000000000000E+000 -0.000000000000000E+000 -0.000000000000000E+000 -0.000000000000000E+000  0.000000000000000E+000  0.000000000000000E+000  0.000000000000000E+000 -0.000000000000000E+000 -0.000000000000000E+000 -0.000000000000000E+000   0.576720385164581E-012  0.196783681381847E-012  0.301716815574077E-011
     82.96000000  0.000000000000000E+000  0.000000000000000E+000  0.000000000000000E+000 -0.000000000000000E+000 -0.000000000000000E+000 -0.000000000000000E+000  0.000000000000000E+000  0.000000000000000E+000  0.000000000000000E+000 -0.000000000000000E+000 -0.000000000000000E+000 -0.000000000000000E+000   0.557190955108597E-012  0.187814000764139E-012  0.302813401644322E-011
     83.04000000  0.000000000000000E+000  0.000000000000000E+000  0.000000000000000E+000 -0.000000000000000E+000 -0.000000000000000E+000 -0.000000000000000E+000  0.000000000000000E+000  0.000000000000000E+000  0.000000000000000E+000 -0.000000000000000E+000 -0.000000000000000E+000 -0.000000000000000E+000   0.539574960684742E-012  0.179536530529290E-012  0.303924252903872E-011
     83.12000000  0.000000000000000E+000  0.000000000000000E+000  0.000000000000000E+000 -0.000000000000000E+000 -0.000000000000000E+000 -0.000000000000000E+000  0.000000000000000E+000  0.000000000000000E+000  0.000000000000000E+000 -0.000000000000000E+000 -0.000000000000000E+000 -0.000000000000000E+000   0.524043405421918E-012  0.171591160705865E-012  0.305059159196401E-011
     83.20000000  0.000000000000000E+000  0.000000000000000E+000  0.000000000000000E+000 -0.000000000000000E+000 -0.000000000000000E+000 -0.000000000000000E+000  0.000000000000000E+000  0.000000000000000E+000  0.000000000000000E+000 -0.000000000000000E+000 -0.000000000000000E+000 -0.000000000000000E+000   0.510584297843318E-012  0.163733786939318E-012  0.306226853469241E-011
     83.28000000  0.000000000000000E+000  0.000000000000000E+000  0.000000000000000E+000 -0.000000000000000E+000 -0.000000000000000E+000 -0.000000000000000E+000  0.000000000000000E+000  0.000000000000000E+000  0.000000000000000E+000 -0.000000000000000E+000 -0.000000000000000E+000 -0.000000000000000E+000   0.499027121558100E-012  0.155914199124319E-012  0.307430294891598E-011
     83.36000000  0.000000000000000E+000  0.000000000000000E+000  0.000000000000000E+000 -0.000000000000000E+000 -0.000000000000000E+000 -0.000000000000000E+000  0.000000000000000E+000  0.000000000000000E+000  0.000000000000000E+000 -0.000000000000000E+000 -0.000000000000000E+000 -0.000000000000000E+000   0.489084434492522E-012  0.148295291610047E-012  0.308666353030478E-011
     83.44000000  0.000000000000000E+000  0.000000000000000E+000  0.000000000000000E+000 -0.000000000000000E+000 -0.000000000000000E+000 -0.000000000000000E+000  0.000000000000000E+000  0.000000000000000E+000  0.000000000000000E+000 -0.000000000000000E+000 -0.000000000000000E+000 -0.000000000000000E+000   0.480434284568272E-012  0.141208339609605E-012  0.309924280229901E-011
     83.52000000  0.000000000000000E+000  0.000000000000000E+000  0.000000000000000E+000 -0.000000000000000E+000 -0.000000000000000E+000 -0.000000000000000E+000  0.000000000000000E+000  0.000000000000000E+000  0.000000000000000E+000 -0.000000000000000E+000 -0.000000000000000E+000 -0.000000000000000E+000   0.472774373632117E-012  0.135050507711457E-012  0.311188028892267E-011
     83.60000000  0.000000000000000E+000  0.000000000000000E+000  0.000000000000000E+000 -0.000000000000000E+000 -0.000000000000000E+000 -0.000000000000000E+000  0.000000000000000E+000  0.000000000000000E+000  0.000000000000000E+000 -0.000000000000000E+000 -0.000000000000000E+000 -0.000000000000000E+000   0.465872714794626E-012  0.130171273929484E-012  0.312438528704473E-011
     83.68000000  0.000000000000000E+000  0.000000000000000E+000  0.000000000000000E+000 -0.000000000000000E+000 -0.000000000000000E+000 -0.000000000000000E+000  0.000000000000000E+000  0.000000000000000E+000  0.000000000000000E+000 -0.000000000000000E+000 -0.000000000000000E+000 -0.000000000000000E+000   0.459587048684077E-012  0.126763692758161E-012  0.313657238905870E-011
     83.76000000  0.000000000000000E+000  0.000000000000000E+000  0.000000000000000E+000 -0.000000000000000E+000 -0.000000000000000E+000 -0.000000000000000E+000  0.000000000000000E+000  0.000000000000000E+000  0.000000000000000E+000 -0.000000000000000E+000 -0.000000000000000E+000 -0.000000000000000E+000   0.453825055736458E-012  0.124795034593434E-012  0.314829698146869E-011
     83.84000000  0.000000000000000E+000  0.000000000000000E+000  0.000000000000000E+000 -0.000000000000000E+000 -0.000000000000000E+000 -0.000000000000000E+000  0.000000000000000E+000  0.000000000000000E+000  0.000000000000000E+000 -0.000000000000000E+000 -0.000000000000000E+000 -0.000000000000000E+000   0.448508571751394E-012  0.123982492827792E-012  0.315947199882468E-011
     83.92000000  0.000000000000000E+000  0.000000000000000E+000  0.000000000000000E+000 -0.000000000000000E+000 -0.000000000000000E+000 -0.000000000000000E+000  0.000000000000000E+000  0.000000000000000E+000  0.000000000000000E+000 -0.000000000000000E+000 -0.000000000000000E+000 -0.000000000000000E+000   0.443515170978713E-012  0.123838358940788E-012  0.317009314848918E-011
     84.00000000  0.000000000000000E+000  0.000000000000000E+000  0.000000000000000E+000 -0.000000000000000E+000 -0.000000000000000E+000 -0.000000000000000E+000  0.000000000000000E+000  0.000000000000000E+000  0.000000000000000E+000 -0.000000000000000E+000 -0.000000000000000E+000 -0.000000000000000E+000   0.438634613064642E-012  0.123753469424300E-012  0.318022932448302E-011
     84.08000000  0.000000000000000E+000  0.000000000000000E+000  0.000000000000000E+000 -0.000000000000000E+000 -0.000000000000000E+000 -0.000000000000000E+000  0.000000000000000E+000  0.000000000000000E+000  0.000000000000000E+000 -0.000000000000000E+000 -0.000000000000000E+000 -0.000000000000000E+000   0.433546626444239E-012  0.123129487231626E-012  0.319002508809975E-011
     84.16000000  0.000000000000000E+000  0.000000000000000E+000  0.000000000000000E+000 -0.000000000000000E+000 -0.000000000000000E+000 -0.000000000000000E+000  0.000000000000000E+000  0.000000000000000E+000  0.000000000000000E+000 -0.000000000000000E+000 -0.000000000000000E+000 -0.000000000000000E+000   0.427849799819559E-012  0.121510979687685E-012  0.319966977115542E-011
     84.24000000  0.000000000000000E+000  0.000000000000000E+000  0.000000000000000E+000 -0.000000000000000E+000 -0.000000000000000E+000 -0.000000000000000E+000  0.000000000000000E+000  0.000000000000000E+000  0.000000000000000E+000 -0.000000000000000E+000 -0.000000000000000E+000 -0.000000000000000E+000   0.421094550940716E-012  0.118676526356720E-012  0.320936396309863E-011
     84.32000000  0.000000000000000E+000  0.000000000000000E+000  0.000000000000000E+000 -0.000000000000000E+000 -0.000000000000000E+000 -0.000000000000000E+000  0.000000000000000E+000  0.000000000000000E+000  0.000000000000000E+000 -0.000000000000000E+000 -0.000000000000000E+000 -0.000000000000000E+000   0.412841901155463E-012  0.114693516678069E-012  0.321929149442328E-011
     84.40000000  0.000000000000000E+000  0.000000000000000E+000  0.000000000000000E+000 -0.000000000000000E+000 -0.000000000000000E+000 -0.000000000000000E+000  0.000000000000000E+000  0.000000000000000E+000  0.000000000000000E+000 -0.000000000000000E+000 -0.000000000000000E+000 -0.000000000000000E+000   0.402751529189792E-012  0.109867610333646E-012  0.322957932319600E-011
     84.48000000  0.000000000000000E+000  0.000000000000000E+000  0.000000000000000E+000 -0.000000000000000E+000 -0.000000000000000E+000 -0.000000000000000E+000  0.000000000000000E+000  0.000000000000000E+000  0.000000000000000E+000 -0.000000000000000E+000 -0.000000000000000E+000 -0.000000000000000E+000   0.390632786373773E-012  0.104653317171821E-012  0.324028808241939E-011
     84.56000000  0.000000000000000E+000  0.000000000000000E+000  0.000000000000000E+000 -0.000000000000000E+000 -0.000000000000000E+000 -0.000000000000000E+000  0.000000000000000E+000  0.000000000000000E+000  0.000000000000000E+000 -0.000000000000000E+000 -0.000000000000000E+000 -0.000000000000000E+000   0.376486735074949E-012  0.995033887260509E-013  0.325141689670057E-011
     84.64000000  0.000000000000000E+000  0.000000000000000E+000  0.000000000000000E+000 -0.000000000000000E+000 -0.000000000000000E+000 -0.000000000000000E+000  0.000000000000000E+000  0.000000000000000E+000  0.000000000000000E+000 -0.000000000000000E+000 -0.000000000000000E+000 -0.000000000000000E+000   0.360502608728057E-012  0.947488886394315E-013  0.326292017232653E-011
     84.72000000  0.000000000000000E+000  0.000000000000000E+000  0.000000000000000E+000 -0.000000000000000E+000 -0.000000000000000E+000 -0.000000000000000E+000  0.000000000000000E+000  0.000000000000000E+000  0.000000000000000E+000 -0.000000000000000E+000 -0.000000000000000E+000 -0.000000000000000E+000   0.343019144216288E-012  0.905001972261947E-013  0.327473663380449E-011
     84.80000000  0.000000000000000E+000  0.000000000000000E+000  0.000000000000000E+000 -0.000000000000000E+000 -0.000000000000000E+000 -0.000000000000000E+000  0.000000000000000E+000  0.000000000000000E+000  0.000000000000000E+000 -0.000000000000000E+000 -0.000000000000000E+000 -0.000000000000000E+000   0.324456231959339E-012  0.866248131851444E-013  0.328681726515734E-011
     84.88000000  0.000000000000000E+000  0.000000000000000E+000  0.000000000000000E+000 -0.000000000000000E+000 -0.000000000000000E+000 -0.000000000000000E+000  0.000000000000000E+000  0.000000000000000E+000  0.000000000000000E+000 -0.000000000000000E+000 -0.000000000000000E+000 -0.000000000000000E+000   0.305231181373399E-012  0.827925931901680E-013  0.329914532449653E-011
     84.96000000  0.000000000000000E+000  0.000000000000000E+000  0.000000000000000E+000 -0.000000000000000E+000 -0.000000000000000E+000 -0.000000000000000E+000  0.000000000000000E+000  0.000000000000000E+000  0.000000000000000E+000 -0.000000000000000E+000 -0.000000000000000E+000 -0.000000000000000E+000   0.285680096888747E-012  0.785898506163629E-013  0.331175797787098E-011
     85.04000000  0.000000000000000E+000  0.000000000000000E+000  0.000000000000000E+000 -0.000000000000000E+000 -0.000000000000000E+000 -0.000000000000000E+000  0.000000000000000E+000  0.000000000000000E+000  0.000000000000000E+000 -0.000000000000000E+000 -0.000000000000000E+000 -0.000000000000000E+000   0.266047317770398E-012  0.736302325292910E-013  0.332473413110547E-011
     85.12000000  0.000000000000000E+000  0.000000000000000E+000  0.000000000000000E+000 -0.000000000000000E+000 -0.000000000000000E+000 -0.000000000000000E+000  0.000000000000000E+000  0.000000000000000E+000  0.000000000000000E+000 -0.000000000000000E+000 -0.000000000000000E+000 -0.000000000000000E+000   0.246461017796849E-012  0.676878185522335E-013  0.333819341787859E-011
     85.20000000  0.000000000000000E+000  0.000000000000000E+000  0.000000000000000E+000 -0.000000000000000E+000 -0.000000000000000E+000 -0.000000000000000E+000  0.000000000000000E+000  0.000000000000000E+000  0.000000000000000E+000 -0.000000000000000E+000 -0.000000000000000E+000 -0.000000000000000E+000   0.227001408352991E-012  0.607754697824887E-013  0.335227253500260E-011
     85.28000000  0.000000000000000E+000  0.000000000000000E+000  0.000000000000000E+000 -0.000000000000000E+000 -0.000000000000000E+000 -0.000000000000000E+000  0.000000000000000E+000  0.000000000000000E+000  0.000000000000000E+000 -0.000000000000000E+000 -0.000000000000000E+000 -0.000000000000000E+000   0.207733133738495E-012  0.531785055664915E-013  0.336708742986871E-011
     85.36000000  0.000000000000000E+000  0.000000000000000E+000  0.000000000000000E+000 -0.000000000000000E+000 -0.000000000000000E+000 -0.000000000000000E+000  0.000000000000000E+000  0.000000000000000E+000  0.000000000000000E+000 -0.000000000000000E+000 -0.000000000000000E+000 -0.000000000000000E+000   0.188794939204986E-012  0.454127581772926E-013  0.338270928938457E-011
     85.44000000  0.000000000000000E+000  0.000000000000000E+000  0.000000000000000E+000 -0.000000000000000E+000 -0.000000000000000E+000 -0.000000000000000E+000  0.000000000000000E+000  0.000000000000000E+000  0.000000000000000E+000 -0.000000000000000E+000 -0.000000000000000E+000 -0.000000000000000E+000   0.170409647372835E-012  0.381235397285009E-013  0.339911744243264E-011
     85.52000000  0.000000000000000E+000  0.000000000000000E+000  0.000000000000000E+000 -0.000000000000000E+000 -0.000000000000000E+000 -0.000000000000000E+000  0.000000000000000E+000  0.000000000000000E+000  0.000000000000000E+000 -0.000000000000000E+000 -0.000000000000000E+000 -0.000000000000000E+000   0.152921525309234E-012  0.319461967087566E-013  0.341619050756026E-011
     85.60000000  0.000000000000000E+000  0.000000000000000E+000  0.000000000000000E+000 -0.000000000000000E+000 -0.000000000000000E+000 -0.000000000000000E+000  0.000000000000000E+000  0.000000000000000E+000  0.000000000000000E+000 -0.000000000000000E+000 -0.000000000000000E+000 -0.000000000000000E+000   0.136751175443499E-012  0.273662662224891E-013  0.343370687484726E-011
     85.68000000  0.000000000000000E+000  0.000000000000000E+000  0.000000000000000E+000 -0.000000000000000E+000 -0.000000000000000E+000 -0.000000000000000E+000  0.000000000000000E+000  0.000000000000000E+000  0.000000000000000E+000 -0.000000000000000E+000 -0.000000000000000E+000 -0.000000000000000E+000   0.122358000588248E-012  0.246034111434624E-013  0.345137203583186E-011
     85.76000000  0.000000000000000E+000  0.000000000000000E+000  0.000000000000000E+000 -0.000000000000000E+000 -0.000000000000000E+000 -0.000000000000000E+000  0.000000000000000E+000  0.000000000000000E+000  0.000000000000000E+000 -0.000000000000000E+000 -0.000000000000000E+000 -0.000000000000000E+000   0.110159892165421E-012  0.235769562891889E-013  0.346886359597082E-011
     85.84000000  0.000000000000000E+000  0.000000000000000E+000  0.000000000000000E+000 -0.000000000000000E+000 -0.000000000000000E+000 -0.000000000000000E+000  0.000000000000000E+000  0.000000000000000E+000  0.000000000000000E+000 -0.000000000000000E+000 -0.000000000000000E+000 -0.000000000000000E+000   0.100454270924311E-012  0.239482097005932E-013  0.348589514217858E-011
     85.92000000  0.000000000000000E+000  0.000000000000000E+000  0.000000000000000E+000 -0.000000000000000E+000 -0.000000000000000E+000 -0.000000000000000E+000  0.000000000000000E+000  0.000000000000000E+000  0.000000000000000E+000 -0.000000000000000E+000 -0.000000000000000E+000 -0.000000000000000E+000   0.933628177280445E-013  0.252234939729066E-013  0.350224758630891E-011
     86.00000000  0.000000000000000E+000  0.000000000000000E+000  0.000000000000000E+000 -0.000000000000000E+000 -0.000000000000000E+000 -0.000000000000000E+000  0.000000000000000E+000  0.000000000000000E+000  0.000000000000000E+000 -0.000000000000000E+000 -0.000000000000000E+000 -0.000000000000000E+000   0.887996366595056E-013  0.269107236213558E-013  0.351781071720320E-011
     86.08000000  0.000000000000000E+000  0.000000000000000E+000  0.000000000000000E+000 -0.000000000000000E+000 -0.000000000000000E+000 -0.000000000000000E+000  0.000000000000000E+000  0.000000000000000E+000  0.000000000000000E+000 -0.000000000000000E+000 -0.000000000000000E+000 -0.000000000000000E+000   0.864805635997133E-013  0.286582273814135E-013  0.353257450297967E-011
     86.16000000  0.000000000000000E+000  0.000000000000000E+000  0.000000000000000E+000 -0.000000000000000E+000 -0.000000000000000E+000 -0.000000000000000E+000  0.000000000000000E+000  0.000000000000000E+000  0.000000000000000E+000 -0.000000000000000E+000 -0.000000000000000E+000 -0.000000000000000E+000   0.859897922081288E-013  0.303506353501001E-013  0.354662715252009E-011
     86.24000000  0.000000000000000E+000  0.000000000000000E+000  0.000000000000000E+000 -0.000000000000000E+000 -0.000000000000000E+000 -0.000000000000000E+000  0.000000000000000E+000  0.000000000000000E+000  0.000000000000000E+000 -0.000000000000000E+000 -0.000000000000000E+000 -0.000000000000000E+000   0.868474119378465E-013  0.321306819905049E-013  0.356012119500008E-011
     86.32000000  0.000000000000000E+000  0.000000000000000E+000  0.000000000000000E+000 -0.000000000000000E+000 -0.000000000000000E+000 -0.000000000000000E+000  0.000000000000000E+000  0.000000000000000E+000  0.000000000000000E+000 -0.000000000000000E+000 -0.000000000000000E+000 -0.000000000000000E+000   0.886144152747545E-013  0.343566813132438E-013  0.357322364473708E-011
     86.40000000  0.000000000000000E+000  0.000000000000000E+000  0.000000000000000E+000 -0.000000000000000E+000 -0.000000000000000E+000 -0.000000000000000E+000  0.000000000000000E+000  0.000000000000000E+000  0.000000000000000E+000 -0.000000000000000E+000 -0.000000000000000E+000 -0.000000000000000E+000   0.909547095842914E-013  0.374891953739522E-013  0.358607342316556E-011
     86.48000000  0.000000000000000E+000  0.000000000000000E+000  0.000000000000000E+000 -0.000000000000000E+000 -0.000000000000000E+000 -0.000000000000000E+000  0.000000000000000E+000  0.000000000000000E+000  0.000000000000000E+000 -0.000000000000000E+000 -0.000000000000000E+000 -0.000000000000000E+000   0.936678276415735E-013  0.419633448721484E-013  0.359874624775280E-011
     86.56000000  0.000000000000000E+000  0.000000000000000E+000  0.000000000000000E+000 -0.000000000000000E+000 -0.000000000000000E+000 -0.000000000000000E+000  0.000000000000000E+000  0.000000000000000E+000  0.000000000000000E+000 -0.000000000000000E+000 -0.000000000000000E+000 -0.000000000000000E+000   0.966811760878077E-013  0.480465849156937E-013  0.361123342078804E-011
     86.64000000  0.000000000000000E+000  0.000000000000000E+000  0.000000000000000E+000 -0.000000000000000E+000 -0.000000000000000E+000 -0.000000000000000E+000  0.000000000000000E+000  0.000000000000000E+000  0.000000000000000E+000 -0.000000000000000E+000 -0.000000000000000E+000 -0.000000000000000E+000   0.999951243548453E-013  0.557538142494417E-013  0.362344363839388E-011
     86.72000000  0.000000000000000E+000  0.000000000000000E+000  0.000000000000000E+000 -0.000000000000000E+000 -0.000000000000000E+000 -0.000000000000000E+000  0.000000000000000E+000  0.000000000000000E+000  0.000000000000000E+000 -0.000000000000000E+000 -0.000000000000000E+000 -0.000000000000000E+000   0.103620127464469E-012  0.648111149668867E-013  0.363525335673666E-011
     86.80000000  0.000000000000000E+000  0.000000000000000E+000  0.000000000000000E+000 -0.000000000000000E+000 -0.000000000000000E+000 -0.000000000000000E+000  0.000000000000000E+000  0.000000000000000E+000  0.000000000000000E+000 -0.000000000000000E+000 -0.000000000000000E+000 -0.000000000000000E+000   0.107493644017472E-012  0.746919129113704E-013  0.364655019324175E-011
     86.88000000  0.000000000000000E+000  0.000000000000000E+000  0.000000000000000E+000 -0.000000000000000E+000 -0.000000000000000E+000 -0.000000000000000E+000  0.000000000000000E+000  0.000000000000000E+000  0.000000000000000E+000 -0.000000000000000E+000 -0.000000000000000E+000 -0.000000000000000E+000   0.111456469716651E-012  0.847245330413199E-013  0.365730123936153E-011
     86.96000000  0.000000000000000E+000  0.000000000000000E+000  0.000000000000000E+000 -0.000000000000000E+000 -0.000000000000000E+000 -0.000000000000000E+000  0.000000000000000E+000  0.000000000000000E+000  0.000000000000000E+000 -0.000000000000000E+000 -0.000000000000000E+000 -0.000000000000000E+000   0.115220269778280E-012  0.942352277823985E-013  0.366760600176596E-011
     87.04000000  0.000000000000000E+000  0.000000000000000E+000  0.000000000000000E+000 -0.000000000000000E+000 -0.000000000000000E+000 -0.000000000000000E+000  0.000000000000000E+000  0.000000000000000E+000  0.000000000000000E+000 -0.000000000000000E+000 -0.000000000000000E+000 -0.000000000000000E+000   0.118399763423402E-012  0.102701194345088E-012  0.367770455694830E-011
     87.12000000  0.000000000000000E+000  0.000000000000000E+000  0.000000000000000E+000 -0.000000000000000E+000 -0.000000000000000E+000 -0.000000000000000E+000  0.000000000000000E+000  0.000000000000000E+000  0.000000000000000E+000 -0.000000000000000E+000 -0.000000000000000E+000 -0.000000000000000E+000   0.120573167897976E-012  0.109856791903357E-012  0.368796078524326E-011
     87.20000000  0.000000000000000E+000  0.000000000000000E+000  0.000000000000000E+000 -0.000000000000000E+000 -0.000000000000000E+000 -0.000000000000000E+000  0.000000000000000E+000  0.000000000000000E+000  0.000000000000000E+000 -0.000000000000000E+000 -0.000000000000000E+000 -0.000000000000000E+000   0.121362106431739E-012  0.115750410257362E-012  0.369880335609643E-011
     87.28000000  0.000000000000000E+000  0.000000000000000E+000  0.000000000000000E+000 -0.000000000000000E+000 -0.000000000000000E+000 -0.000000000000000E+000  0.000000000000000E+000  0.000000000000000E+000  0.000000000000000E+000 -0.000000000000000E+000 -0.000000000000000E+000 -0.000000000000000E+000   0.120509108615727E-012  0.120694130728134E-012  0.371065010295508E-011
     87.36000000  0.000000000000000E+000  0.000000000000000E+000  0.000000000000000E+000 -0.000000000000000E+000 -0.000000000000000E+000 -0.000000000000000E+000  0.000000000000000E+000  0.000000000000000E+000  0.000000000000000E+000 -0.000000000000000E+000 -0.000000000000000E+000 -0.000000000000000E+000   0.117955587627962E-012  0.125170904899090E-012  0.372383946655456E-011
     87.44000000  0.000000000000000E+000  0.000000000000000E+000  0.000000000000000E+000 -0.000000000000000E+000 -0.000000000000000E+000 -0.000000000000000E+000  0.000000000000000E+000  0.000000000000000E+000  0.000000000000000E+000 -0.000000000000000E+000 -0.000000000000000E+000 -0.000000000000000E+000   0.113868376583572E-012  0.129676625762214E-012  0.373856997836715E-011
     87.52000000  0.000000000000000E+000  0.000000000000000E+000  0.000000000000000E+000 -0.000000000000000E+000 -0.000000000000000E+000 -0.000000000000000E+000  0.000000000000000E+000  0.000000000000000E+000  0.000000000000000E+000 -0.000000000000000E+000 -0.000000000000000E+000 -0.000000000000000E+000   0.108621833928515E-012  0.134578607962964E-012  0.375487591122817E-011
     87.60000000  0.000000000000000E+000  0.000000000000000E+000  0.000000000000000E+000 -0.000000000000000E+000 -0.000000000000000E+000 -0.000000000000000E+000  0.000000000000000E+000  0.000000000000000E+000  0.000000000000000E+000 -0.000000000000000E+000 -0.000000000000000E+000 -0.000000000000000E+000   0.102742355126870E-012  0.140016036959123E-012  0.377263308082157E-011
     87.68000000  0.000000000000000E+000  0.000000000000000E+000  0.000000000000000E+000 -0.000000000000000E+000 -0.000000000000000E+000 -0.000000000000000E+000  0.000000000000000E+000  0.000000000000000E+000  0.000000000000000E+000 -0.000000000000000E+000 -0.000000000000000E+000 -0.000000000000000E+000   0.967988569476402E-013  0.145865528033735E-012  0.379159625366652E-011
     87.76000000  0.000000000000000E+000  0.000000000000000E+000  0.000000000000000E+000 -0.000000000000000E+000 -0.000000000000000E+000 -0.000000000000000E+000  0.000000000000000E+000  0.000000000000000E+000  0.000000000000000E+000 -0.000000000000000E+000 -0.000000000000000E+000 -0.000000000000000E+000   0.913094417121742E-013  0.151778814116316E-012  0.381145957331848E-011
     87.84000000  0.000000000000000E+000  0.000000000000000E+000  0.000000000000000E+000 -0.000000000000000E+000 -0.000000000000000E+000 -0.000000000000000E+000  0.000000000000000E+000  0.000000000000000E+000  0.000000000000000E+000 -0.000000000000000E+000 -0.000000000000000E+000 -0.000000000000000E+000   0.866636406735011E-013  0.157275031716523E-012  0.383193403866115E-011
     87.92000000  0.000000000000000E+000  0.000000000000000E+000  0.000000000000000E+000 -0.000000000000000E+000 -0.000000000000000E+000 -0.000000000000000E+000  0.000000000000000E+000  0.000000000000000E+000  0.000000000000000E+000 -0.000000000000000E+000 -0.000000000000000E+000 -0.000000000000000E+000   0.830682488318225E-013  0.161893090481135E-012  0.385281349567866E-011
     88.00000000  0.000000000000000E+000  0.000000000000000E+000  0.000000000000000E+000 -0.000000000000000E+000 -0.000000000000000E+000 -0.000000000000000E+000  0.000000000000000E+000  0.000000000000000E+000  0.000000000000000E+000 -0.000000000000000E+000 -0.000000000000000E+000 -0.000000000000000E+000   0.805685537134395E-013  0.165311741557417E-012  0.387401578292804E-011
     88.08000000  0.000000000000000E+000  0.000000000000000E+000  0.000000000000000E+000 -0.000000000000000E+000 -0.000000000000000E+000 -0.000000000000000E+000  0.000000000000000E+000  0.000000000000000E+000  0.000000000000000E+000 -0.000000000000000E+000 -0.000000000000000E+000 -0.000000000000000E+000   0.791042224791262E-013  0.167466582583405E-012  0.389558548220030E-011
     88.16000000  0.000000000000000E+000  0.000000000000000E+000  0.000000000000000E+000 -0.000000000000000E+000 -0.000000000000000E+000 -0.000000000000000E+000  0.000000000000000E+000  0.000000000000000E+000  0.000000000000000E+000 -0.000000000000000E+000 -0.000000000000000E+000 -0.000000000000000E+000   0.785875845836279E-013  0.168585713382962E-012  0.391765610295407E-011
     88.24000000  0.000000000000000E+000  0.000000000000000E+000  0.000000000000000E+000 -0.000000000000000E+000 -0.000000000000000E+000 -0.000000000000000E+000  0.000000000000000E+000  0.000000000000000E+000  0.000000000000000E+000 -0.000000000000000E+000 -0.000000000000000E+000 -0.000000000000000E+000   0.789879736696632E-013  0.169170778991963E-012  0.394037309593023E-011
     88.32000000  0.000000000000000E+000  0.000000000000000E+000  0.000000000000000E+000 -0.000000000000000E+000 -0.000000000000000E+000 -0.000000000000000E+000  0.000000000000000E+000  0.000000000000000E+000  0.000000000000000E+000 -0.000000000000000E+000 -0.000000000000000E+000 -0.000000000000000E+000   0.804014631002960E-013  0.169887638410047E-012  0.396380627370979E-011
     88.40000000  0.000000000000000E+000  0.000000000000000E+000  0.000000000000000E+000 -0.000000000000000E+000 -0.000000000000000E+000 -0.000000000000000E+000  0.000000000000000E+000  0.000000000000000E+000  0.000000000000000E+000 -0.000000000000000E+000 -0.000000000000000E+000 -0.000000000000000E+000   0.830658128905526E-013  0.171436068596763E-012  0.398789413592841E-011
     88.48000000  0.000000000000000E+000  0.000000000000000E+000  0.000000000000000E+000 -0.000000000000000E+000 -0.000000000000000E+000 -0.000000000000000E+000  0.000000000000000E+000  0.000000000000000E+000  0.000000000000000E+000 -0.000000000000000E+000 -0.000000000000000E+000 -0.000000000000000E+000   0.873428090077276E-013  0.174388511985958E-012  0.401240597942215E-011
     88.56000000  0.000000000000000E+000  0.000000000000000E+000  0.000000000000000E+000 -0.000000000000000E+000 -0.000000000000000E+000 -0.000000000000000E+000  0.000000000000000E+000  0.000000000000000E+000  0.000000000000000E+000 -0.000000000000000E+000 -0.000000000000000E+000 -0.000000000000000E+000   0.936613302086931E-013  0.179080353720080E-012  0.403696465141471E-011
     88.64000000  0.000000000000000E+000  0.000000000000000E+000  0.000000000000000E+000 -0.000000000000000E+000 -0.000000000000000E+000 -0.000000000000000E+000  0.000000000000000E+000  0.000000000000000E+000  0.000000000000000E+000 -0.000000000000000E+000 -0.000000000000000E+000 -0.000000000000000E+000   0.102403377058888E-012  0.185543846304034E-012  0.406110551606120E-011
     88.72000000  0.000000000000000E+000  0.000000000000000E+000  0.000000000000000E+000 -0.000000000000000E+000 -0.000000000000000E+000 -0.000000000000000E+000  0.000000000000000E+000  0.000000000000000E+000  0.000000000000000E+000 -0.000000000000000E+000 -0.000000000000000E+000 -0.000000000000000E+000   0.113836315570857E-012  0.193542325218739E-012  0.408436936455091E-011
     88.80000000  0.000000000000000E+000  0.000000000000000E+000  0.000000000000000E+000 -0.000000000000000E+000 -0.000000000000000E+000 -0.000000000000000E+000  0.000000000000000E+000  0.000000000000000E+000  0.000000000000000E+000 -0.000000000000000E+000 -0.000000000000000E+000 -0.000000000000000E+000   0.128000601042050E-012  0.202652459710384E-012  0.410637537488632E-011
     88.88000000  0.000000000000000E+000  0.000000000000000E+000  0.000000000000000E+000 -0.000000000000000E+000 -0.000000000000000E+000 -0.000000000000000E+000  0.000000000000000E+000  0.000000000000000E+000  0.000000000000000E+000 -0.000000000000000E+000 -0.000000000000000E+000 -0.000000000000000E+000   0.144687718556182E-012  0.212395774545078E-012  0.412690241700712E-011
     88.96000000  0.000000000000000E+000  0.000000000000000E+000  0.000000000000000E+000 -0.000000000000000E+000 -0.000000000000000E+000 -0.000000000000000E+000  0.000000000000000E+000  0.000000000000000E+000  0.000000000000000E+000 -0.000000000000000E+000 -0.000000000000000E+000 -0.000000000000000E+000   0.163445446634191E-012  0.222378962836117E-012  0.414592283873845E-011
     89.04000000  0.000000000000000E+000  0.000000000000000E+000  0.000000000000000E+000 -0.000000000000000E+000 -0.000000000000000E+000 -0.000000000000000E+000  0.000000000000000E+000  0.000000000000000E+000  0.000000000000000E+000 -0.000000000000000E+000 -0.000000000000000E+000 -0.000000000000000E+000   0.183659897206406E-012  0.232402763533533E-012  0.416359574574523E-011
     89.12000000  0.000000000000000E+000  0.000000000000000E+000  0.000000000000000E+000 -0.000000000000000E+000 -0.000000000000000E+000 -0.000000000000000E+000  0.000000000000000E+000  0.000000000000000E+000  0.000000000000000E+000 -0.000000000000000E+000 -0.000000000000000E+000 -0.000000000000000E+000   0.204655213774681E-012  0.242508572329580E-012  0.418024108809635E-011
     89.20000000  0.000000000000000E+000  0.000000000000000E+000  0.000000000000000E+000 -0.000000000000000E+000 -0.000000000000000E+000 -0.000000000000000E+000  0.000000000000000E+000  0.000000000000000E+000  0.000000000000000E+000 -0.000000000000000E+000 -0.000000000000000E+000 -0.000000000000000E+000   0.225829935434802E-012  0.252965668150912E-012  0.419625297428539E-011
     89.28000000  0.000000000000000E+000  0.000000000000000E+000  0.000000000000000E+000 -0.000000000000000E+000 -0.000000000000000E+000 -0.000000000000000E+000  0.000000000000000E+000  0.000000000000000E+000  0.000000000000000E+000 -0.000000000000000E+000 -0.000000000000000E+000 -0.000000000000000E+000   0.246736740448221E-012  0.264187548388997E-012  0.421201671671388E-011
     89.36000000  0.000000000000000E+000  0.000000000000000E+000  0.000000000000000E+000 -0.000000000000000E+000 -0.000000000000000E+000 -0.000000000000000E+000  0.000000000000000E+000  0.000000000000000E+000  0.000000000000000E+000 -0.000000000000000E+000 -0.000000000000000E+000 -0.000000000000000E+000   0.267151898928162E-012  0.276613975232932E-012  0.422783606064379E-011
     89.44000000  0.000000000000000E+000  0.000000000000000E+000  0.000000000000000E+000 -0.000000000000000E+000 -0.000000000000000E+000 -0.000000000000000E+000  0.000000000000000E+000  0.000000000000000E+000  0.000000000000000E+000 -0.000000000000000E+000 -0.000000000000000E+000 -0.000000000000000E+000   0.287055016830984E-012  0.290567961371763E-012  0.424386087594374E-011
     89.52000000  0.000000000000000E+000  0.000000000000000E+000  0.000000000000000E+000 -0.000000000000000E+000 -0.000000000000000E+000 -0.000000000000000E+000  0.000000000000000E+000  0.000000000000000E+000  0.000000000000000E+000 -0.000000000000000E+000 -0.000000000000000E+000 -0.000000000000000E+000   0.306567470589896E-012  0.306146869415444E-012  0.426009105218574E-011
     89.60000000  0.000000000000000E+000  0.000000000000000E+000  0.000000000000000E+000 -0.000000000000000E+000 -0.000000000000000E+000 -0.000000000000000E+000  0.000000000000000E+000  0.000000000000000E+000  0.000000000000000E+000 -0.000000000000000E+000 -0.000000000000000E+000 -0.000000000000000E+000   0.325851150663177E-012  0.323157378085492E-012  0.427641555502064E-011
     89.68000000  0.000000000000000E+000  0.000000000000000E+000  0.000000000000000E+000 -0.000000000000000E+000 -0.000000000000000E+000 -0.000000000000000E+000  0.000000000000000E+000  0.000000000000000E+000  0.000000000000000E+000 -0.000000000000000E+000 -0.000000000000000E+000 -0.000000000000000E+000   0.345004201691792E-012  0.341126947151022E-012  0.429268150089931E-011
     89.76000000  0.000000000000000E+000  0.000000000000000E+000  0.000000000000000E+000 -0.000000000000000E+000 -0.000000000000000E+000 -0.000000000000000E+000  0.000000000000000E+000  0.000000000000000E+000  0.000000000000000E+000 -0.000000000000000E+000 -0.000000000000000E+000 -0.000000000000000E+000   0.363980646225418E-012  0.359387984143778E-012  0.430878648491879E-011
     89.84000000  0.000000000000000E+000  0.000000000000000E+000  0.000000000000000E+000 -0.000000000000000E+000 -0.000000000000000E+000 -0.000000000000000E+000  0.000000000000000E+000  0.000000000000000E+000  0.000000000000000E+000 -0.000000000000000E+000 -0.000000000000000E+000 -0.000000000000000E+000   0.382561405403823E-012  0.377208192815302E-012  0.432475173635995E-011
     89.92000000  0.000000000000000E+000  0.000000000000000E+000  0.000000000000000E+000 -0.000000000000000E+000 -0.000000000000000E+000 -0.000000000000000E+000  0.000000000000000E+000  0.000000000000000E+000  0.000000000000000E+000 -0.000000000000000E+000 -0.000000000000000E+000 -0.000000000000000E+000   0.400367936563774E-012  0.393948460329268E-012  0.434074510979690E-011
     90.00000000  0.000000000000000E+000  0.000000000000000E+000  0.000000000000000E+000 -0.000000000000000E+000 -0.000000000000000E+000 -0.000000000000000E+000  0.000000000000000E+000  0.000000000000000E+000  0.000000000000000E+000 -0.000000000000000E+000 -0.000000000000000E+000 -0.000000000000000E+000   0.416945407105977E-012  0.409186582548427E-012  0.435707931624124E-011
     90.08000000  0.000000000000000E+000  0.000000000000000E+000  0.000000000000000E+000 -0.000000000000000E+000 -0.000000000000000E+000 -0.000000000000000E+000  0.000000000000000E+000  0.000000000000000E+000  0.000000000000000E+000 -0.000000000000000E+000 -0.000000000000000E+000 -0.000000000000000E+000   0.431864353507111E-012  0.422795771063727E-012  0.437414578781343E-011
     90.16000000  0.000000000000000E+000  0.000000000000000E+000  0.000000000000000E+000 -0.000000000000000E+000 -0.000000000000000E+000 -0.000000000000000E+000  0.000000000000000E+000  0.000000000000000E+000  0.000000000000000E+000 -0.000000000000000E+000 -0.000000000000000E+000 -0.000000000000000E+000   0.444847018730894E-012  0.434933055493705E-012  0.439234567730949E-011
     90.24000000  0.000000000000000E+000  0.000000000000000E+000  0.000000000000000E+000 -0.000000000000000E+000 -0.000000000000000E+000 -0.000000000000000E+000  0.000000000000000E+000  0.000000000000000E+000  0.000000000000000E+000 -0.000000000000000E+000 -0.000000000000000E+000 -0.000000000000000E+000   0.455854937944557E-012  0.445976189192374E-012  0.441200090945172E-011
     90.32000000  0.000000000000000E+000  0.000000000000000E+000  0.000000000000000E+000 -0.000000000000000E+000 -0.000000000000000E+000 -0.000000000000000E+000  0.000000000000000E+000  0.000000000000000E+000  0.000000000000000E+000 -0.000000000000000E+000 -0.000000000000000E+000 -0.000000000000000E+000   0.465129806666430E-012  0.456394481618731E-012  0.443329339730240E-011
     90.40000000  0.000000000000000E+000  0.000000000000000E+000  0.000000000000000E+000 -0.000000000000000E+000 -0.000000000000000E+000 -0.000000000000000E+000  0.000000000000000E+000  0.000000000000000E+000  0.000000000000000E+000 -0.000000000000000E+000 -0.000000000000000E+000 -0.000000000000000E+000   0.473176706250936E-012  0.466608688546427E-012  0.445622832696192E-011
     90.48000000  0.000000000000000E+000  0.000000000000000E+000  0.000000000000000E+000 -0.000000000000000E+000 -0.000000000000000E+000 -0.000000000000000E+000  0.000000000000000E+000  0.000000000000000E+000  0.000000000000000E+000 -0.000000000000000E+000 -0.000000000000000E+000 -0.000000000000000E+000   0.480677677415141E-012  0.476879980224340E-012  0.448061158006243E-011
     90.56000000  0.000000000000000E+000  0.000000000000000E+000  0.000000000000000E+000 -0.000000000000000E+000 -0.000000000000000E+000 -0.000000000000000E+000  0.000000000000000E+000  0.000000000000000E+000  0.000000000000000E+000 -0.000000000000000E+000 -0.000000000000000E+000 -0.000000000000000E+000   0.488356498895161E-012  0.487239903673045E-012  0.450611190473129E-011
     90.64000000  0.000000000000000E+000  0.000000000000000E+000  0.000000000000000E+000 -0.000000000000000E+000 -0.000000000000000E+000 -0.000000000000000E+000  0.000000000000000E+000  0.000000000000000E+000  0.000000000000000E+000 -0.000000000000000E+000 -0.000000000000000E+000 -0.000000000000000E+000   0.496848681315798E-012  0.497484099833610E-012  0.453230544819142E-011
     90.72000000  0.000000000000000E+000  0.000000000000000E+000  0.000000000000000E+000 -0.000000000000000E+000 -0.000000000000000E+000 -0.000000000000000E+000  0.000000000000000E+000  0.000000000000000E+000  0.000000000000000E+000 -0.000000000000000E+000 -0.000000000000000E+000 -0.000000000000000E+000   0.506593331325389E-012  0.507247003340472E-012  0.455875833883456E-011
     90.80000000  0.000000000000000E+000  0.000000000000000E+000  0.000000000000000E+000 -0.000000000000000E+000 -0.000000000000000E+000 -0.000000000000000E+000  0.000000000000000E+000  0.000000000000000E+000  0.000000000000000E+000 -0.000000000000000E+000 -0.000000000000000E+000 -0.000000000000000E+000   0.517783024060506E-012  0.516119251075864E-012  0.458511901205958E-011
     90.88000000  0.000000000000000E+000  0.000000000000000E+000  0.000000000000000E+000 -0.000000000000000E+000 -0.000000000000000E+000 -0.000000000000000E+000  0.000000000000000E+000  0.000000000000000E+000  0.000000000000000E+000 -0.000000000000000E+000 -0.000000000000000E+000 -0.000000000000000E+000   0.530387592348617E-012  0.523784248476239E-012  0.461116770610946E-011
     90.96000000  0.000000000000000E+000  0.000000000000000E+000  0.000000000000000E+000 -0.000000000000000E+000 -0.000000000000000E+000 -0.000000000000000E+000  0.000000000000000E+000  0.000000000000000E+000  0.000000000000000E+000 -0.000000000000000E+000 -0.000000000000000E+000 -0.000000000000000E+000   0.544230661844503E-012  0.530141840860078E-012  0.463682953875417E-011
     91.04000000  0.000000000000000E+000  0.000000000000000E+000  0.000000000000000E+000 -0.000000000000000E+000 -0.000000000000000E+000 -0.000000000000000E+000  0.000000000000000E+000  0.000000000000000E+000  0.000000000000000E+000 -0.000000000000000E+000 -0.000000000000000E+000 -0.000000000000000E+000   0.559106426631472E-012  0.535375842659033E-012  0.466215555985376E-011
     91.12000000  0.000000000000000E+000  0.000000000000000E+000  0.000000000000000E+000 -0.000000000000000E+000 -0.000000000000000E+000 -0.000000000000000E+000  0.000000000000000E+000  0.000000000000000E+000  0.000000000000000E+000 -0.000000000000000E+000 -0.000000000000000E+000 -0.000000000000000E+000   0.574896209487974E-012  0.539953820326526E-012  0.468724848350962E-011
     91.20000000  0.000000000000000E+000  0.000000000000000E+000  0.000000000000000E+000 -0.000000000000000E+000 -0.000000000000000E+000 -0.000000000000000E+000  0.000000000000000E+000  0.000000000000000E+000  0.000000000000000E+000 -0.000000000000000E+000 -0.000000000000000E+000 -0.000000000000000E+000   0.591647425185127E-012  0.544537870530077E-012  0.471219387837042E-011
     91.28000000  0.000000000000000E+000  0.000000000000000E+000  0.000000000000000E+000 -0.000000000000000E+000 -0.000000000000000E+000 -0.000000000000000E+000  0.000000000000000E+000  0.000000000000000E+000  0.000000000000000E+000 -0.000000000000000E+000 -0.000000000000000E+000 -0.000000000000000E+000   0.609601475603172E-012  0.549863803889214E-012  0.473700477594394E-011
     91.36000000  0.000000000000000E+000  0.000000000000000E+000  0.000000000000000E+000 -0.000000000000000E+000 -0.000000000000000E+000 -0.000000000000000E+000  0.000000000000000E+000  0.000000000000000E+000  0.000000000000000E+000 -0.000000000000000E+000 -0.000000000000000E+000 -0.000000000000000E+000   0.629162366596085E-012  0.556569298178221E-012  0.476157831455685E-011
     91.44000000  0.000000000000000E+000  0.000000000000000E+000  0.000000000000000E+000 -0.000000000000000E+000 -0.000000000000000E+000 -0.000000000000000E+000  0.000000000000000E+000  0.000000000000000E+000  0.000000000000000E+000 -0.000000000000000E+000 -0.000000000000000E+000 -0.000000000000000E+000   0.650802285025157E-012  0.565082433558759E-012  0.478570696687054E-011
     91.52000000  0.000000000000000E+000  0.000000000000000E+000  0.000000000000000E+000 -0.000000000000000E+000 -0.000000000000000E+000 -0.000000000000000E+000  0.000000000000000E+000  0.000000000000000E+000  0.000000000000000E+000 -0.000000000000000E+000 -0.000000000000000E+000 -0.000000000000000E+000   0.674941733432558E-012  0.575533205620336E-012  0.480911957793722E-011
     91.60000000  0.000000000000000E+000  0.000000000000000E+000  0.000000000000000E+000 -0.000000000000000E+000 -0.000000000000000E+000 -0.000000000000000E+000  0.000000000000000E+000  0.000000000000000E+000  0.000000000000000E+000 -0.000000000000000E+000 -0.000000000000000E+000 -0.000000000000000E+000   0.701829398181876E-012  0.587755329623230E-012  0.483153217011066E-011
     91.68000000  0.000000000000000E+000  0.000000000000000E+000  0.000000000000000E+000 -0.000000000000000E+000 -0.000000000000000E+000 -0.000000000000000E+000  0.000000000000000E+000  0.000000000000000E+000  0.000000000000000E+000 -0.000000000000000E+000 -0.000000000000000E+000 -0.000000000000000E+000   0.731451106341378E-012  0.601360521648854E-012  0.485271078159705E-011
     91.76000000  0.000000000000000E+000  0.000000000000000E+000  0.000000000000000E+000 -0.000000000000000E+000 -0.000000000000000E+000 -0.000000000000000E+000  0.000000000000000E+000  0.000000000000000E+000  0.000000000000000E+000 -0.000000000000000E+000 -0.000000000000000E+000 -0.000000000000000E+000   0.763503167612123E-012  0.615855914934343E-012  0.487253675449974E-011
     91.84000000  0.000000000000000E+000  0.000000000000000E+000  0.000000000000000E+000 -0.000000000000000E+000 -0.000000000000000E+000 -0.000000000000000E+000  0.000000000000000E+000  0.000000000000000E+000  0.000000000000000E+000 -0.000000000000000E+000 -0.000000000000000E+000 -0.000000000000000E+000   0.797413555171100E-012  0.630771991713339E-012  0.489102651950109E-011
     91.92000000  0.000000000000000E+000  0.000000000000000E+000  0.000000000000000E+000 -0.000000000000000E+000 -0.000000000000000E+000 -0.000000000000000E+000  0.000000000000000E+000  0.000000000000000E+000  0.000000000000000E+000 -0.000000000000000E+000 -0.000000000000000E+000 -0.000000000000000E+000   0.832463234419615E-012  0.645795729517089E-012  0.490835100810083E-011
     92.00000000  0.000000000000000E+000  0.000000000000000E+000  0.000000000000000E+000 -0.000000000000000E+000 -0.000000000000000E+000 -0.000000000000000E+000  0.000000000000000E+000  0.000000000000000E+000  0.000000000000000E+000 -0.000000000000000E+000 -0.000000000000000E+000 -0.000000000000000E+000   0.867916501401546E-012  0.660819011805343E-012  0.492481567418325E-011
     92.08000000  0.000000000000000E+000  0.000000000000000E+000  0.000000000000000E+000 -0.000000000000000E+000 -0.000000000000000E+000 -0.000000000000000E+000  0.000000000000000E+000  0.000000000000000E+000  0.000000000000000E+000 -0.000000000000000E+000 -0.000000000000000E+000 -0.000000000000000E+000   0.903148021934151E-012  0.675951416532531E-012  0.494080030774602E-011
     92.16000000  0.000000000000000E+000  0.000000000000000E+000  0.000000000000000E+000 -0.000000000000000E+000 -0.000000000000000E+000 -0.000000000000000E+000  0.000000000000000E+000  0.000000000000000E+000  0.000000000000000E+000 -0.000000000000000E+000 -0.000000000000000E+000 -0.000000000000000E+000   0.937753062342547E-012  0.691457801489781E-012  0.495670097687777E-011
     92.24000000  0.000000000000000E+000  0.000000000000000E+000  0.000000000000000E+000 -0.000000000000000E+000 -0.000000000000000E+000 -0.000000000000000E+000  0.000000000000000E+000  0.000000000000000E+000  0.000000000000000E+000 -0.000000000000000E+000 -0.000000000000000E+000 -0.000000000000000E+000   0.971574685366161E-012  0.707638390540755E-012  0.497285707500634E-011
     92.32000000  0.000000000000000E+000  0.000000000000000E+000  0.000000000000000E+000 -0.000000000000000E+000 -0.000000000000000E+000 -0.000000000000000E+000  0.000000000000000E+000  0.000000000000000E+000  0.000000000000000E+000 -0.000000000000000E+000 -0.000000000000000E+000 -0.000000000000000E+000   0.100466935710744E-011  0.724698678897911E-012  0.498951080386204E-011
     92.40000000  0.000000000000000E+000  0.000000000000000E+000  0.000000000000000E+000 -0.000000000000000E+000 -0.000000000000000E+000 -0.000000000000000E+000  0.000000000000000E+000  0.000000000000000E+000  0.000000000000000E+000 -0.000000000000000E+000 -0.000000000000000E+000 -0.000000000000000E+000   0.103721123180688E-011  0.742639224724590E-012  0.500677783677388E-011
     92.48000000  0.000000000000000E+000  0.000000000000000E+000  0.000000000000000E+000 -0.000000000000000E+000 -0.000000000000000E+000 -0.000000000000000E+000  0.000000000000000E+000  0.000000000000000E+000  0.000000000000000E+000 -0.000000000000000E+000 -0.000000000000000E+000 -0.000000000000000E+000   0.106937073901875E-011  0.761203159946367E-012  0.502468177923249E-011
     92.56000000  0.000000000000000E+000  0.000000000000000E+000  0.000000000000000E+000 -0.000000000000000E+000 -0.000000000000000E+000 -0.000000000000000E+000  0.000000000000000E+000  0.000000000000000E+000  0.000000000000000E+000 -0.000000000000000E+000 -0.000000000000000E+000 -0.000000000000000E+000   0.110120553194651E-011  0.779883831115666E-012  0.504319132088458E-011
     92.64000000  0.000000000000000E+000  0.000000000000000E+000  0.000000000000000E+000 -0.000000000000000E+000 -0.000000000000000E+000 -0.000000000000000E+000  0.000000000000000E+000  0.000000000000000E+000  0.000000000000000E+000 -0.000000000000000E+000 -0.000000000000000E+000 -0.000000000000000E+000   0.113258683523002E-011  0.798020290016159E-012  0.506227355217865E-011
     92.72000000  0.000000000000000E+000  0.000000000000000E+000  0.000000000000000E+000 -0.000000000000000E+000 -0.000000000000000E+000 -0.000000000000000E+000  0.000000000000000E+000  0.000000000000000E+000  0.000000000000000E+000 -0.000000000000000E+000 -0.000000000000000E+000 -0.000000000000000E+000   0.116319265036102E-011  0.814914718279443E-012  0.508192542329415E-011
     92.80000000  0.000000000000000E+000  0.000000000000000E+000  0.000000000000000E+000 -0.000000000000000E+000 -0.000000000000000E+000 -0.000000000000000E+000  0.000000000000000E+000  0.000000000000000E+000  0.000000000000000E+000 -0.000000000000000E+000 -0.000000000000000E+000 -0.000000000000000E+000   0.119255351779883E-011  0.829986725165468E-012  0.510221068130324E-011
     92.88000000  0.000000000000000E+000  0.000000000000000E+000  0.000000000000000E+000 -0.000000000000000E+000 -0.000000000000000E+000 -0.000000000000000E+000  0.000000000000000E+000  0.000000000000000E+000  0.000000000000000E+000 -0.000000000000000E+000 -0.000000000000000E+000 -0.000000000000000E+000   0.122015424123528E-011  0.842879512538880E-012  0.512323315161454E-011
     92.96000000  0.000000000000000E+000  0.000000000000000E+000  0.000000000000000E+000 -0.000000000000000E+000 -0.000000000000000E+000 -0.000000000000000E+000  0.000000000000000E+000  0.000000000000000E+000  0.000000000000000E+000 -0.000000000000000E+000 -0.000000000000000E+000 -0.000000000000000E+000   0.124555013238863E-011  0.853506365558560E-012  0.514512990549158E-011
     93.04000000  0.000000000000000E+000  0.000000000000000E+000  0.000000000000000E+000 -0.000000000000000E+000 -0.000000000000000E+000 -0.000000000000000E+000  0.000000000000000E+000  0.000000000000000E+000  0.000000000000000E+000 -0.000000000000000E+000 -0.000000000000000E+000 -0.000000000000000E+000   0.126848115967325E-011  0.862045242960540E-012  0.516803098796551E-011
     93.12000000  0.000000000000000E+000  0.000000000000000E+000  0.000000000000000E+000 -0.000000000000000E+000 -0.000000000000000E+000 -0.000000000000000E+000  0.000000000000000E+000  0.000000000000000E+000  0.000000000000000E+000 -0.000000000000000E+000 -0.000000000000000E+000 -0.000000000000000E+000   0.128894411791647E-011  0.868859303030976E-012  0.519203058106892E-011
     93.20000000  0.000000000000000E+000  0.000000000000000E+000  0.000000000000000E+000 -0.000000000000000E+000 -0.000000000000000E+000 -0.000000000000000E+000  0.000000000000000E+000  0.000000000000000E+000  0.000000000000000E+000 -0.000000000000000E+000 -0.000000000000000E+000 -0.000000000000000E+000   0.130719742846292E-011  0.874378547880658E-012  0.521715878847826E-011
     93.28000000  0.000000000000000E+000  0.000000000000000E+000  0.000000000000000E+000 -0.000000000000000E+000 -0.000000000000000E+000 -0.000000000000000E+000  0.000000000000000E+000  0.000000000000000E+000  0.000000000000000E+000 -0.000000000000000E+000 -0.000000000000000E+000 -0.000000000000000E+000   0.132371962577603E-011  0.878994584307051E-012  0.524335265519125E-011
     93.36000000  0.000000000000000E+000  0.000000000000000E+000  0.000000000000000E+000 -0.000000000000000E+000 -0.000000000000000E+000 -0.000000000000000E+000  0.000000000000000E+000  0.000000000000000E+000  0.000000000000000E+000 -0.000000000000000E+000 -0.000000000000000E+000 -0.000000000000000E+000   0.133910172552619E-011  0.882959892879400E-012  0.527046344071654E-011
     93.44000000  0.000000000000000E+000  0.000000000000000E+000  0.000000000000000E+000 -0.000000000000000E+000 -0.000000000000000E+000 -0.000000000000000E+000  0.000000000000000E+000  0.000000000000000E+000  0.000000000000000E+000 -0.000000000000000E+000 -0.000000000000000E+000 -0.000000000000000E+000   0.135392388881339E-011  0.886360689003099E-012  0.529826063564112E-011
     93.52000000  0.000000000000000E+000  0.000000000000000E+000  0.000000000000000E+000 -0.000000000000000E+000 -0.000000000000000E+000 -0.000000000000000E+000  0.000000000000000E+000  0.000000000000000E+000  0.000000000000000E+000 -0.000000000000000E+000 -0.000000000000000E+000 -0.000000000000000E+000   0.136864538342693E-011  0.889122297249628E-012  0.532646626357855E-011
     93.60000000  0.000000000000000E+000  0.000000000000000E+000  0.000000000000000E+000 -0.000000000000000E+000 -0.000000000000000E+000 -0.000000000000000E+000  0.000000000000000E+000  0.000000000000000E+000  0.000000000000000E+000 -0.000000000000000E+000 -0.000000000000000E+000 -0.000000000000000E+000   0.138353000980985E-011  0.891090401517550E-012  0.535478905160741E-011
     93.68000000  0.000000000000000E+000  0.000000000000000E+000  0.000000000000000E+000 -0.000000000000000E+000 -0.000000000000000E+000 -0.000000000000000E+000  0.000000000000000E+000  0.000000000000000E+000  0.000000000000000E+000 -0.000000000000000E+000 -0.000000000000000E+000 -0.000000000000000E+000   0.139863810657375E-011  0.892131720984387E-012  0.538296758553332E-011
     93.76000000  0.000000000000000E+000  0.000000000000000E+000  0.000000000000000E+000 -0.000000000000000E+000 -0.000000000000000E+000 -0.000000000000000E+000  0.000000000000000E+000  0.000000000000000E+000  0.000000000000000E+000 -0.000000000000000E+000 -0.000000000000000E+000 -0.000000000000000E+000   0.141387286826812E-011  0.892225976552003E-012  0.541079185639938E-011
     93.84000000  0.000000000000000E+000  0.000000000000000E+000  0.000000000000000E+000 -0.000000000000000E+000 -0.000000000000000E+000 -0.000000000000000E+000  0.000000000000000E+000  0.000000000000000E+000  0.000000000000000E+000 -0.000000000000000E+000 -0.000000000000000E+000 -0.000000000000000E+000   0.142907167912351E-011  0.891541667794420E-012  0.543811267698275E-011
     93.92000000  0.000000000000000E+000  0.000000000000000E+000  0.000000000000000E+000 -0.000000000000000E+000 -0.000000000000000E+000 -0.000000000000000E+000  0.000000000000000E+000  0.000000000000000E+000  0.000000000000000E+000 -0.000000000000000E+000 -0.000000000000000E+000 -0.000000000000000E+000   0.144411041606120E-011  0.890441708299389E-012  0.546482765543104E-011
     94.00000000  0.000000000000000E+000  0.000000000000000E+000  0.000000000000000E+000 -0.000000000000000E+000 -0.000000000000000E+000 -0.000000000000000E+000  0.000000000000000E+000  0.000000000000000E+000  0.000000000000000E+000 -0.000000000000000E+000 -0.000000000000000E+000 -0.000000000000000E+000   0.145898422752745E-011  0.889439221340363E-012  0.549085835875210E-011
     94.08000000  0.000000000000000E+000  0.000000000000000E+000  0.000000000000000E+000 -0.000000000000000E+000 -0.000000000000000E+000 -0.000000000000000E+000  0.000000000000000E+000  0.000000000000000E+000  0.000000000000000E+000 -0.000000000000000E+000 -0.000000000000000E+000 -0.000000000000000E+000   0.147385754984786E-011  0.889107233113748E-012  0.551612536612512E-011
     94.16000000  0.000000000000000E+000  0.000000000000000E+000  0.000000000000000E+000 -0.000000000000000E+000 -0.000000000000000E+000 -0.000000000000000E+000  0.000000000000000E+000  0.000000000000000E+000  0.000000000000000E+000 -0.000000000000000E+000 -0.000000000000000E+000 -0.000000000000000E+000   0.148905558494656E-011  0.889960846063910E-012  0.554053659967280E-011
     94.24000000  0.000000000000000E+000  0.000000000000000E+000  0.000000000000000E+000 -0.000000000000000E+000 -0.000000000000000E+000 -0.000000000000000E+000  0.000000000000000E+000  0.000000000000000E+000  0.000000000000000E+000 -0.000000000000000E+000 -0.000000000000000E+000 -0.000000000000000E+000   0.150500781993830E-011  0.892364514249183E-012  0.556400433438883E-011
     94.32000000  0.000000000000000E+000  0.000000000000000E+000  0.000000000000000E+000 -0.000000000000000E+000 -0.000000000000000E+000 -0.000000000000000E+000  0.000000000000000E+000  0.000000000000000E+000  0.000000000000000E+000 -0.000000000000000E+000 -0.000000000000000E+000 -0.000000000000000E+000   0.152216615982554E-011  0.896470858450245E-012  0.558643443241179E-011
     94.40000000  0.000000000000000E+000  0.000000000000000E+000  0.000000000000000E+000 -0.000000000000000E+000 -0.000000000000000E+000 -0.000000000000000E+000  0.000000000000000E+000  0.000000000000000E+000  0.000000000000000E+000 -0.000000000000000E+000 -0.000000000000000E+000 -0.000000000000000E+000   0.154090616395873E-011  0.902220199611819E-012  0.560776583408545E-011
     94.48000000  0.000000000000000E+000  0.000000000000000E+000  0.000000000000000E+000 -0.000000000000000E+000 -0.000000000000000E+000 -0.000000000000000E+000  0.000000000000000E+000  0.000000000000000E+000  0.000000000000000E+000 -0.000000000000000E+000 -0.000000000000000E+000 -0.000000000000000E+000   0.156145484218718E-011  0.909395797186552E-012  0.562797836722604E-011
     94.56000000  0.000000000000000E+000  0.000000000000000E+000  0.000000000000000E+000 -0.000000000000000E+000 -0.000000000000000E+000 -0.000000000000000E+000  0.000000000000000E+000  0.000000000000000E+000  0.000000000000000E+000 -0.000000000000000E+000 -0.000000000000000E+000 -0.000000000000000E+000   0.158382757989187E-011  0.917698058005242E-012  0.564709741019554E-011
     94.64000000  0.000000000000000E+000  0.000000000000000E+000  0.000000000000000E+000 -0.000000000000000E+000 -0.000000000000000E+000 -0.000000000000000E+000  0.000000000000000E+000  0.000000000000000E+000  0.000000000000000E+000 -0.000000000000000E+000 -0.000000000000000E+000 -0.000000000000000E+000   0.160785715745967E-011  0.926834392543552E-012  0.566520253841395E-011
     94.72000000  0.000000000000000E+000  0.000000000000000E+000  0.000000000000000E+000 -0.000000000000000E+000 -0.000000000000000E+000 -0.000000000000000E+000  0.000000000000000E+000  0.000000000000000E+000  0.000000000000000E+000 -0.000000000000000E+000 -0.000000000000000E+000 -0.000000000000000E+000   0.163321395057607E-011  0.936596002787962E-012  0.568241456011223E-011
     94.80000000  0.000000000000000E+000  0.000000000000000E+000  0.000000000000000E+000 -0.000000000000000E+000 -0.000000000000000E+000 -0.000000000000000E+000  0.000000000000000E+000  0.000000000000000E+000  0.000000000000000E+000 -0.000000000000000E+000 -0.000000000000000E+000 -0.000000000000000E+000   0.165950769564962E-011  0.946878386958380E-012  0.569889047780386E-011
     94.88000000  0.000000000000000E+000  0.000000000000000E+000  0.000000000000000E+000 -0.000000000000000E+000 -0.000000000000000E+000 -0.000000000000000E+000  0.000000000000000E+000  0.000000000000000E+000  0.000000000000000E+000 -0.000000000000000E+000 -0.000000000000000E+000 -0.000000000000000E+000   0.168636013286335E-011  0.957676052265744E-012  0.571480034659182E-011
     94.96000000  0.000000000000000E+000  0.000000000000000E+000  0.000000000000000E+000 -0.000000000000000E+000 -0.000000000000000E+000 -0.000000000000000E+000  0.000000000000000E+000  0.000000000000000E+000  0.000000000000000E+000 -0.000000000000000E+000 -0.000000000000000E+000 -0.000000000000000E+000   0.171348886519724E-011  0.969028082441563E-012  0.573031509094860E-011
     95.04000000  0.000000000000000E+000  0.000000000000000E+000  0.000000000000000E+000 -0.000000000000000E+000 -0.000000000000000E+000 -0.000000000000000E+000  0.000000000000000E+000  0.000000000000000E+000  0.000000000000000E+000 -0.000000000000000E+000 -0.000000000000000E+000 -0.000000000000000E+000   0.174073710120586E-011  0.980945739635905E-012  0.574558137029973E-011
     95.12000000  0.000000000000000E+000  0.000000000000000E+000  0.000000000000000E+000 -0.000000000000000E+000 -0.000000000000000E+000 -0.000000000000000E+000  0.000000000000000E+000  0.000000000000000E+000  0.000000000000000E+000 -0.000000000000000E+000 -0.000000000000000E+000 -0.000000000000000E+000   0.176807249125787E-011  0.993337040086260E-012  0.576071710568595E-011
     95.20000000  0.000000000000000E+000  0.000000000000000E+000  0.000000000000000E+000 -0.000000000000000E+000 -0.000000000000000E+000 -0.000000000000000E+000  0.000000000000000E+000  0.000000000000000E+000  0.000000000000000E+000 -0.000000000000000E+000 -0.000000000000000E+000 -0.000000000000000E+000   0.179553816275732E-011  0.100596841577503E-011  0.577581538088323E-011
     95.28000000  0.000000000000000E+000  0.000000000000000E+000  0.000000000000000E+000 -0.000000000000000E+000 -0.000000000000000E+000 -0.000000000000000E+000  0.000000000000000E+000  0.000000000000000E+000  0.000000000000000E+000 -0.000000000000000E+000 -0.000000000000000E+000 -0.000000000000000E+000   0.182318705338112E-011  0.101845728212325E-011  0.579096465072657E-011
     95.36000000  0.000000000000000E+000  0.000000000000000E+000  0.000000000000000E+000 -0.000000000000000E+000 -0.000000000000000E+000 -0.000000000000000E+000  0.000000000000000E+000  0.000000000000000E+000  0.000000000000000E+000 -0.000000000000000E+000 -0.000000000000000E+000 -0.000000000000000E+000   0.185101935035493E-011  0.103031911445045E-011  0.580626304856317E-011
     95.44000000  0.000000000000000E+000  0.000000000000000E+000  0.000000000000000E+000 -0.000000000000000E+000 -0.000000000000000E+000 -0.000000000000000E+000  0.000000000000000E+000  0.000000000000000E+000  0.000000000000000E+000 -0.000000000000000E+000 -0.000000000000000E+000 -0.000000000000000E+000   0.187893773197734E-011  0.104105313859613E-011  0.582184931713494E-011
     95.52000000  0.000000000000000E+000  0.000000000000000E+000  0.000000000000000E+000 -0.000000000000000E+000 -0.000000000000000E+000 -0.000000000000000E+000  0.000000000000000E+000  0.000000000000000E+000  0.000000000000000E+000 -0.000000000000000E+000 -0.000000000000000E+000 -0.000000000000000E+000   0.190673573904966E-011  0.105023007851358E-011  0.583789150275914E-011
     95.60000000  0.000000000000000E+000  0.000000000000000E+000  0.000000000000000E+000 -0.000000000000000E+000 -0.000000000000000E+000 -0.000000000000000E+000  0.000000000000000E+000  0.000000000000000E+000  0.000000000000000E+000 -0.000000000000000E+000 -0.000000000000000E+000 -0.000000000000000E+000   0.193411375380735E-011  0.105756334367952E-011  0.585458549165551E-011
     95.68000000  0.000000000000000E+000  0.000000000000000E+000  0.000000000000000E+000 -0.000000000000000E+000 -0.000000000000000E+000 -0.000000000000000E+000  0.000000000000000E+000  0.000000000000000E+000  0.000000000000000E+000 -0.000000000000000E+000 -0.000000000000000E+000 -0.000000000000000E+000   0.196072534881002E-011  0.106295404331107E-011  0.587211419776557E-011
     95.76000000  0.000000000000000E+000  0.000000000000000E+000  0.000000000000000E+000 -0.000000000000000E+000 -0.000000000000000E+000 -0.000000000000000E+000  0.000000000000000E+000  0.000000000000000E+000  0.000000000000000E+000 -0.000000000000000E+000 -0.000000000000000E+000 -0.000000000000000E+000   0.198622770209142E-011  0.106647316429061E-011  0.589060793415933E-011
     95.84000000  0.000000000000000E+000  0.000000000000000E+000  0.000000000000000E+000 -0.000000000000000E+000 -0.000000000000000E+000 -0.000000000000000E+000  0.000000000000000E+000  0.000000000000000E+000  0.000000000000000E+000 -0.000000000000000E+000 -0.000000000000000E+000 -0.000000000000000E+000   0.201033408082672E-011  0.106829802637762E-011  0.591012554289801E-011
     95.92000000  0.000000000000000E+000  0.000000000000000E+000  0.000000000000000E+000 -0.000000000000000E+000 -0.000000000000000E+000 -0.000000000000000E+000  0.000000000000000E+000  0.000000000000000E+000  0.000000000000000E+000 -0.000000000000000E+000 -0.000000000000000E+000 -0.000000000000000E+000   0.203284186846063E-011  0.106863752973152E-011  0.593063298204120E-011
     96.00000000  0.000000000000000E+000  0.000000000000000E+000  0.000000000000000E+000 -0.000000000000000E+000 -0.000000000000000E+000 -0.000000000000000E+000  0.000000000000000E+000  0.000000000000000E+000  0.000000000000000E+000 -0.000000000000000E+000 -0.000000000000000E+000 -0.000000000000000E+000   0.205365506114953E-011  0.106765529451460E-011  0.595201839204140E-011
     96.08000000  0.000000000000000E+000  0.000000000000000E+000  0.000000000000000E+000 -0.000000000000000E+000 -0.000000000000000E+000 -0.000000000000000E+000  0.000000000000000E+000  0.000000000000000E+000  0.000000000000000E+000 -0.000000000000000E+000 -0.000000000000000E+000 -0.000000000000000E+000   0.207276359287935E-011  0.106541617007126E-011  0.597410686900261E-011
     96.16000000  0.000000000000000E+000  0.000000000000000E+000  0.000000000000000E+000 -0.000000000000000E+000 -0.000000000000000E+000 -0.000000000000000E+000  0.000000000000000E+000  0.000000000000000E+000  0.000000000000000E+000 -0.000000000000000E+000 -0.000000000000000E+000 -0.000000000000000E+000   0.209021982283488E-011  0.106188165015822E-011  0.599670614673568E-011
     96.24000000  0.000000000000000E+000  0.000000000000000E+000  0.000000000000000E+000 -0.000000000000000E+000 -0.000000000000000E+000 -0.000000000000000E+000  0.000000000000000E+000  0.000000000000000E+000  0.000000000000000E+000 -0.000000000000000E+000 -0.000000000000000E+000 -0.000000000000000E+000   0.210610162132743E-011  0.105694589907536E-011  0.601962982177432E-011
     96.32000000  0.000000000000000E+000  0.000000000000000E+000  0.000000000000000E+000 -0.000000000000000E+000 -0.000000000000000E+000 -0.000000000000000E+000  0.000000000000000E+000  0.000000000000000E+000  0.000000000000000E+000 -0.000000000000000E+000 -0.000000000000000E+000 -0.000000000000000E+000   0.212047323285711E-011  0.105050348318086E-011  0.604273227773564E-011
     96.40000000  0.000000000000000E+000  0.000000000000000E+000  0.000000000000000E+000 -0.000000000000000E+000 -0.000000000000000E+000 -0.000000000000000E+000  0.000000000000000E+000  0.000000000000000E+000  0.000000000000000E+000 -0.000000000000000E+000 -0.000000000000000E+000 -0.000000000000000E+000   0.213337911699121E-011  0.104252865493188E-011  0.606592416632172E-011
     96.48000000  0.000000000000000E+000  0.000000000000000E+000  0.000000000000000E+000 -0.000000000000000E+000 -0.000000000000000E+000 -0.000000000000000E+000  0.000000000000000E+000  0.000000000000000E+000  0.000000000000000E+000 -0.000000000000000E+000 -0.000000000000000E+000 -0.000000000000000E+000   0.214482827034900E-011  0.103312965434725E-011  0.608918001179317E-011
     96.56000000  0.000000000000000E+000  0.000000000000000E+000  0.000000000000000E+000 -0.000000000000000E+000 -0.000000000000000E+000 -0.000000000000000E+000  0.000000000000000E+000  0.000000000000000E+000  0.000000000000000E+000 -0.000000000000000E+000 -0.000000000000000E+000 -0.000000000000000E+000   0.215482312761690E-011  0.102258494645731E-011  0.611251497189870E-011
     96.64000000  0.000000000000000E+000  0.000000000000000E+000  0.000000000000000E+000 -0.000000000000000E+000 -0.000000000000000E+000 -0.000000000000000E+000  0.000000000000000E+000  0.000000000000000E+000  0.000000000000000E+000 -0.000000000000000E+000 -0.000000000000000E+000 -0.000000000000000E+000   0.216338093313083E-011  0.101131730033891E-011  0.613596353631410E-011
     96.72000000  0.000000000000000E+000  0.000000000000000E+000  0.000000000000000E+000 -0.000000000000000E+000 -0.000000000000000E+000 -0.000000000000000E+000  0.000000000000000E+000  0.000000000000000E+000  0.000000000000000E+000 -0.000000000000000E+000 -0.000000000000000E+000 -0.000000000000000E+000   0.217055354187138E-011  0.999844845920396E-012  0.615953518277334E-011
     96.80000000  0.000000000000000E+000  0.000000000000000E+000  0.000000000000000E+000 -0.000000000000000E+000 -0.000000000000000E+000 -0.000000000000000E+000  0.000000000000000E+000  0.000000000000000E+000  0.000000000000000E+000 -0.000000000000000E+000 -0.000000000000000E+000 -0.000000000000000E+000   0.217644358085238E-011  0.988677653392031E-012  0.618318545798347E-011
     96.88000000  0.000000000000000E+000  0.000000000000000E+000  0.000000000000000E+000 -0.000000000000000E+000 -0.000000000000000E+000 -0.000000000000000E+000  0.000000000000000E+000  0.000000000000000E+000  0.000000000000000E+000 -0.000000000000000E+000 -0.000000000000000E+000 -0.000000000000000E+000   0.218119927080069E-011  0.978224504367774E-012  0.620679335996259E-011
     96.96000000  0.000000000000000E+000  0.000000000000000E+000  0.000000000000000E+000 -0.000000000000000E+000 -0.000000000000000E+000 -0.000000000000000E+000  0.000000000000000E+000  0.000000000000000E+000  0.000000000000000E+000 -0.000000000000000E+000 -0.000000000000000E+000 -0.000000000000000E+000   0.218499757559646E-011  0.968731036143575E-012  0.623017511443466E-011
     97.04000000  0.000000000000000E+000  0.000000000000000E+000  0.000000000000000E+000 -0.000000000000000E+000 -0.000000000000000E+000 -0.000000000000000E+000  0.000000000000000E+000  0.000000000000000E+000  0.000000000000000E+000 -0.000000000000000E+000 -0.000000000000000E+000 -0.000000000000000E+000   0.218802443917491E-011  0.960235934157227E-012  0.625309576876558E-011
     97.12000000  0.000000000000000E+000  0.000000000000000E+000  0.000000000000000E+000 -0.000000000000000E+000 -0.000000000000000E+000 -0.000000000000000E+000  0.000000000000000E+000  0.000000000000000E+000  0.000000000000000E+000 -0.000000000000000E+000 -0.000000000000000E+000 -0.000000000000000E+000   0.219045371059371E-011  0.952613431458667E-012  0.627533772257544E-011
     97.20000000  0.000000000000000E+000  0.000000000000000E+000  0.000000000000000E+000 -0.000000000000000E+000 -0.000000000000000E+000 -0.000000000000000E+000  0.000000000000000E+000  0.000000000000000E+000  0.000000000000000E+000 -0.000000000000000E+000 -0.000000000000000E+000 -0.000000000000000E+000   0.219243771147404E-011  0.945626796770071E-012  0.629673165661328E-011
     97.28000000  0.000000000000000E+000  0.000000000000000E+000  0.000000000000000E+000 -0.000000000000000E+000 -0.000000000000000E+000 -0.000000000000000E+000  0.000000000000000E+000  0.000000000000000E+000  0.000000000000000E+000 -0.000000000000000E+000 -0.000000000000000E+000 -0.000000000000000E+000   0.219410645422059E-011  0.939040084107269E-012  0.631720443843091E-011
     97.36000000  0.000000000000000E+000  0.000000000000000E+000  0.000000000000000E+000 -0.000000000000000E+000 -0.000000000000000E+000 -0.000000000000000E+000  0.000000000000000E+000  0.000000000000000E+000  0.000000000000000E+000 -0.000000000000000E+000 -0.000000000000000E+000 -0.000000000000000E+000   0.219558395700546E-011  0.932692464124663E-012  0.633679188785954E-011
     97.44000000  0.000000000000000E+000  0.000000000000000E+000  0.000000000000000E+000 -0.000000000000000E+000 -0.000000000000000E+000 -0.000000000000000E+000  0.000000000000000E+000  0.000000000000000E+000  0.000000000000000E+000 -0.000000000000000E+000 -0.000000000000000E+000 -0.000000000000000E+000   0.219699541707064E-011  0.926562614179528E-012  0.635562843291798E-011
     97.52000000  0.000000000000000E+000  0.000000000000000E+000  0.000000000000000E+000 -0.000000000000000E+000 -0.000000000000000E+000 -0.000000000000000E+000  0.000000000000000E+000  0.000000000000000E+000  0.000000000000000E+000 -0.000000000000000E+000 -0.000000000000000E+000 -0.000000000000000E+000   0.219848295650576E-011  0.920776988385248E-012  0.637391338710949E-011
     97.60000000  0.000000000000000E+000  0.000000000000000E+000  0.000000000000000E+000 -0.000000000000000E+000 -0.000000000000000E+000 -0.000000000000000E+000  0.000000000000000E+000  0.000000000000000E+000  0.000000000000000E+000 -0.000000000000000E+000 -0.000000000000000E+000 -0.000000000000000E+000   0.220021199519854E-011  0.915557098029708E-012  0.639186256991153E-011
     97.68000000  0.000000000000000E+000  0.000000000000000E+000  0.000000000000000E+000 -0.000000000000000E+000 -0.000000000000000E+000 -0.000000000000000E+000  0.000000000000000E+000  0.000000000000000E+000  0.000000000000000E+000 -0.000000000000000E+000 -0.000000000000000E+000 -0.000000000000000E+000   0.220235565112309E-011  0.911141150612301E-012  0.640965885912555E-011
     97.76000000  0.000000000000000E+000  0.000000000000000E+000  0.000000000000000E+000 -0.000000000000000E+000 -0.000000000000000E+000 -0.000000000000000E+000  0.000000000000000E+000  0.000000000000000E+000  0.000000000000000E+000 -0.000000000000000E+000 -0.000000000000000E+000 -0.000000000000000E+000   0.220508246727171E-011  0.907692713842030E-012  0.642741124116324E-011
     97.84000000  0.000000000000000E+000  0.000000000000000E+000  0.000000000000000E+000 -0.000000000000000E+000 -0.000000000000000E+000 -0.000000000000000E+000  0.000000000000000E+000  0.000000000000000E+000  0.000000000000000E+000 -0.000000000000000E+000 -0.000000000000000E+000 -0.000000000000000E+000   0.220852210744796E-011  0.905216304224056E-012  0.644512985833440E-011
     97.92000000  0.000000000000000E+000  0.000000000000000E+000  0.000000000000000E+000 -0.000000000000000E+000 -0.000000000000000E+000 -0.000000000000000E+000  0.000000000000000E+000  0.000000000000000E+000  0.000000000000000E+000 -0.000000000000000E+000 -0.000000000000000E+000 -0.000000000000000E+000   0.221274256543351E-011  0.903526002418479E-012  0.646273358721923E-011
     98.00000000  0.000000000000000E+000  0.000000000000000E+000  0.000000000000000E+000 -0.000000000000000E+000 -0.000000000000000E+000 -0.000000000000000E+000  0.000000000000000E+000  0.000000000000000E+000  0.000000000000000E+000 -0.000000000000000E+000 -0.000000000000000E+000 -0.000000000000000E+000   0.221773140578081E-011  0.902260371812037E-012  0.648007537085141E-011
     98.08000000  0.000000000000000E+000  0.000000000000000E+000  0.000000000000000E+000 -0.000000000000000E+000 -0.000000000000000E+000 -0.000000000000000E+000  0.000000000000000E+000  0.000000000000000E+000  0.000000000000000E+000 -0.000000000000000E+000 -0.000000000000000E+000 -0.000000000000000E+000   0.222339461711869E-011  0.900940378756526E-012  0.649699398736399E-011
     98.16000000  0.000000000000000E+000  0.000000000000000E+000  0.000000000000000E+000 -0.000000000000000E+000 -0.000000000000000E+000 -0.000000000000000E+000  0.000000000000000E+000  0.000000000000000E+000  0.000000000000000E+000 -0.000000000000000E+000 -0.000000000000000E+000 -0.000000000000000E+000   0.222957520421188E-011  0.899077934256849E-012  0.651336496532813E-011
     98.24000000  0.000000000000000E+000  0.000000000000000E+000  0.000000000000000E+000 -0.000000000000000E+000 -0.000000000000000E+000 -0.000000000000000E+000  0.000000000000000E+000  0.000000000000000E+000  0.000000000000000E+000 -0.000000000000000E+000 -0.000000000000000E+000 -0.000000000000000E+000   0.223609891820317E-011  0.896267092941808E-012  0.652914983162895E-011
     98.32000000  0.000000000000000E+000  0.000000000000000E+000  0.000000000000000E+000 -0.000000000000000E+000 -0.000000000000000E+000 -0.000000000000000E+000  0.000000000000000E+000  0.000000000000000E+000  0.000000000000000E+000 -0.000000000000000E+000 -0.000000000000000E+000 -0.000000000000000E+000   0.224280670537899E-011  0.892260341996279E-012  0.654441191270834E-011
     98.40000000  0.000000000000000E+000  0.000000000000000E+000  0.000000000000000E+000 -0.000000000000000E+000 -0.000000000000000E+000 -0.000000000000000E+000  0.000000000000000E+000  0.000000000000000E+000  0.000000000000000E+000 -0.000000000000000E+000 -0.000000000000000E+000 -0.000000000000000E+000   0.224959755975834E-011  0.887027450249687E-012  0.655931461188816E-011
     98.48000000  0.000000000000000E+000  0.000000000000000E+000  0.000000000000000E+000 -0.000000000000000E+000 -0.000000000000000E+000 -0.000000000000000E+000  0.000000000000000E+000  0.000000000000000E+000  0.000000000000000E+000 -0.000000000000000E+000 -0.000000000000000E+000 -0.000000000000000E+000   0.225644141531071E-011  0.880718864807936E-012  0.657407235223364E-011
     98.56000000  0.000000000000000E+000  0.000000000000000E+000  0.000000000000000E+000 -0.000000000000000E+000 -0.000000000000000E+000 -0.000000000000000E+000  0.000000000000000E+000  0.000000000000000E+000  0.000000000000000E+000 -0.000000000000000E+000 -0.000000000000000E+000 -0.000000000000000E+000   0.226336849467358E-011  0.873610904633593E-012  0.658890719441194E-011
     98.64000000  0.000000000000000E+000  0.000000000000000E+000  0.000000000000000E+000 -0.000000000000000E+000 -0.000000000000000E+000 -0.000000000000000E+000  0.000000000000000E+000  0.000000000000000E+000  0.000000000000000E+000 -0.000000000000000E+000 -0.000000000000000E+000 -0.000000000000000E+000   0.227043886114148E-011  0.866000017454698E-012  0.660397896588555E-011
     98.72000000  0.000000000000000E+000  0.000000000000000E+000  0.000000000000000E+000 -0.000000000000000E+000 -0.000000000000000E+000 -0.000000000000000E+000  0.000000000000000E+000  0.000000000000000E+000  0.000000000000000E+000 -0.000000000000000E+000 -0.000000000000000E+000 -0.000000000000000E+000   0.227769645727788E-011  0.858115274861505E-012  0.661934953243510E-011
     98.80000000  0.000000000000000E+000  0.000000000000000E+000  0.000000000000000E+000 -0.000000000000000E+000 -0.000000000000000E+000 -0.000000000000000E+000  0.000000000000000E+000  0.000000000000000E+000  0.000000000000000E+000 -0.000000000000000E+000 -0.000000000000000E+000 -0.000000000000000E+000   0.228512089707026E-011  0.850046955256856E-012  0.663496614862878E-011
     98.88000000  0.000000000000000E+000  0.000000000000000E+000  0.000000000000000E+000 -0.000000000000000E+000 -0.000000000000000E+000 -0.000000000000000E+000  0.000000000000000E+000  0.000000000000000E+000  0.000000000000000E+000 -0.000000000000000E+000 -0.000000000000000E+000 -0.000000000000000E+000   0.229260016812876E-011  0.841719023692978E-012  0.665068828881447E-011
     98.96000000  0.000000000000000E+000  0.000000000000000E+000  0.000000000000000E+000 -0.000000000000000E+000 -0.000000000000000E+000 -0.000000000000000E+000  0.000000000000000E+000  0.000000000000000E+000  0.000000000000000E+000 -0.000000000000000E+000 -0.000000000000000E+000 -0.000000000000000E+000   0.229991544055810E-011  0.832924334309800E-012  0.666631424320131E-011
     99.04000000  0.000000000000000E+000  0.000000000000000E+000  0.000000000000000E+000 -0.000000000000000E+000 -0.000000000000000E+000 -0.000000000000000E+000  0.000000000000000E+000  0.000000000000000E+000  0.000000000000000E+000 -0.000000000000000E+000 -0.000000000000000E+000 -0.000000000000000E+000   0.230677869805892E-011  0.823390880358117E-012  0.668165018655759E-011
     99.12000000  0.000000000000000E+000  0.000000000000000E+000  0.000000000000000E+000 -0.000000000000000E+000 -0.000000000000000E+000 -0.000000000000000E+000  0.000000000000000E+000  0.000000000000000E+000  0.000000000000000E+000 -0.000000000000000E+000 -0.000000000000000E+000 -0.000000000000000E+000   0.231286538094631E-011  0.812880285182919E-012  0.669655577292765E-011
     99.20000000  0.000000000000000E+000  0.000000000000000E+000  0.000000000000000E+000 -0.000000000000000E+000 -0.000000000000000E+000 -0.000000000000000E+000  0.000000000000000E+000  0.000000000000000E+000  0.000000000000000E+000 -0.000000000000000E+000 -0.000000000000000E+000 -0.000000000000000E+000   0.231787499807065E-011  0.801269619582744E-012  0.671099520456586E-011
     99.28000000  0.000000000000000E+000  0.000000000000000E+000  0.000000000000000E+000 -0.000000000000000E+000 -0.000000000000000E+000 -0.000000000000000E+000  0.000000000000000E+000  0.000000000000000E+000  0.000000000000000E+000 -0.000000000000000E+000 -0.000000000000000E+000 -0.000000000000000E+000   0.232159934296113E-011  0.788592853217882E-012  0.672504212891647E-011
     99.36000000  0.000000000000000E+000  0.000000000000000E+000  0.000000000000000E+000 -0.000000000000000E+000 -0.000000000000000E+000 -0.000000000000000E+000  0.000000000000000E+000  0.000000000000000E+000  0.000000000000000E+000 -0.000000000000000E+000 -0.000000000000000E+000 -0.000000000000000E+000   0.232394783203209E-011  0.775060038463534E-012  0.673887336630323E-011
     99.44000000  0.000000000000000E+000  0.000000000000000E+000  0.000000000000000E+000 -0.000000000000000E+000 -0.000000000000000E+000 -0.000000000000000E+000  0.000000000000000E+000  0.000000000000000E+000  0.000000000000000E+000 -0.000000000000000E+000 -0.000000000000000E+000 -0.000000000000000E+000   0.232495942101894E-011  0.761003435349777E-012  0.675273040368614E-011
     99.52000000  0.000000000000000E+000  0.000000000000000E+000  0.000000000000000E+000 -0.000000000000000E+000 -0.000000000000000E+000 -0.000000000000000E+000  0.000000000000000E+000  0.000000000000000E+000  0.000000000000000E+000 -0.000000000000000E+000 -0.000000000000000E+000 -0.000000000000000E+000   0.232478255476718E-011  0.746806066904932E-012  0.676686403509771E-011
     99.60000000  0.000000000000000E+000  0.000000000000000E+000  0.000000000000000E+000 -0.000000000000000E+000 -0.000000000000000E+000 -0.000000000000000E+000  0.000000000000000E+000  0.000000000000000E+000  0.000000000000000E+000 -0.000000000000000E+000 -0.000000000000000E+000 -0.000000000000000E+000   0.232361138979252E-011  0.732807906805781E-012  0.678147813471759E-011
     99.68000000  0.000000000000000E+000  0.000000000000000E+000  0.000000000000000E+000 -0.000000000000000E+000 -0.000000000000000E+000 -0.000000000000000E+000  0.000000000000000E+000  0.000000000000000E+000  0.000000000000000E+000 -0.000000000000000E+000 -0.000000000000000E+000 -0.000000000000000E+000   0.232163416467383E-011  0.719230865386841E-012  0.679668665119020E-011
     99.76000000  0.000000000000000E+000  0.000000000000000E+000  0.000000000000000E+000 -0.000000000000000E+000 -0.000000000000000E+000 -0.000000000000000E+000  0.000000000000000E+000  0.000000000000000E+000  0.000000000000000E+000 -0.000000000000000E+000 -0.000000000000000E+000 -0.000000000000000E+000   0.231895658761706E-011  0.706132531853508E-012  0.681248971301359E-011
     99.84000000  0.000000000000000E+000  0.000000000000000E+000  0.000000000000000E+000 -0.000000000000000E+000 -0.000000000000000E+000 -0.000000000000000E+000  0.000000000000000E+000  0.000000000000000E+000  0.000000000000000E+000 -0.000000000000000E+000 -0.000000000000000E+000 -0.000000000000000E+000   0.231557112140936E-011  0.693406351970744E-012  0.682878909347871E-011
     99.92000000  0.000000000000000E+000  0.000000000000000E+000  0.000000000000000E+000 -0.000000000000000E+000 -0.000000000000000E+000 -0.000000000000000E+000  0.000000000000000E+000  0.000000000000000E+000  0.000000000000000E+000 -0.000000000000000E+000 -0.000000000000000E+000 -0.000000000000000E+000   0.231134999407955E-011  0.680817223273710E-012  0.684542811131715E-011
    100.00000000  0.000000000000000E+000  0.000000000000000E+000  0.000000000000000E+000 -0.000000000000000E+000 -0.000000000000000E+000 -0.000000000000000E+000  0.000000000000000E+000  0.000000000000000E+000  0.000000000000000E+000 -0.000000000000000E+000 -0.000000000000000E+000 -0.000000000000000E+000   0.230607701069498E-011  0.668080876234879E-012  0.686224514109785E-011
    100.08000000  0.000000000000000E+000  0.000000000000000E+000  0.000000000000000E+000 -0.000000000000000E+000 -0.000000000000000E+000 -0.000000000000000E+000  0.000000000000000E+000  0.000000000000000E+000  0.000000000000000E+000 -0.000000000000000E+000 -0.000000000000000E+000 -0.000000000000000E+000   0.229951694079474E-011  0.654940603151398E-012  0.687913116026900E-011
    100.16000000  0.000000000000000E+000  0.000000000000000E+000  0.000000000000000E+000 -0.000000000000000E+000 -0.000000000000000E+000 -0.000000000000000E+000  0.000000000000000E+000  0.000000000000000E+000  0.000000000000000E+000 -0.000000000000000E+000 -0.000000000000000E+000 -0.000000000000000E+000   0.229148128328248E-011  0.641236208634773E-012  0.689606617835112E-011
    100.24000000  0.000000000000000E+000  0.000000000000000E+000  0.000000000000000E+000 -0.000000000000000E+000 -0.000000000000000E+000 -0.000000000000000E+000  0.000000000000000E+000  0.000000000000000E+000  0.000000000000000E+000 -0.000000000000000E+000 -0.000000000000000E+000 -0.000000000000000E+000   0.228189961345474E-011  0.626940896327143E-012  0.691313120632819E-011
    100.32000000  0.000000000000000E+000  0.000000000000000E+000  0.000000000000000E+000 -0.000000000000000E+000 -0.000000000000000E+000 -0.000000000000000E+000  0.000000000000000E+000  0.000000000000000E+000  0.000000000000000E+000 -0.000000000000000E+000 -0.000000000000000E+000 -0.000000000000000E+000   0.227085588495071E-011  0.612155469172578E-012  0.693048361313388E-011
    100.40000000  0.000000000000000E+000  0.000000000000000E+000  0.000000000000000E+000 -0.000000000000000E+000 -0.000000000000000E+000 -0.000000000000000E+000  0.000000000000000E+000  0.000000000000000E+000  0.000000000000000E+000 -0.000000000000000E+000 -0.000000000000000E+000 -0.000000000000000E+000   0.225858718116295E-011  0.597075219338369E-012  0.694831275969706E-011
    100.48000000  0.000000000000000E+000  0.000000000000000E+000  0.000000000000000E+000 -0.000000000000000E+000 -0.000000000000000E+000 -0.000000000000000E+000  0.000000000000000E+000  0.000000000000000E+000  0.000000000000000E+000 -0.000000000000000E+000 -0.000000000000000E+000 -0.000000000000000E+000   0.224544919142933E-011  0.581922466495547E-012  0.696678883062264E-011
    100.56000000  0.000000000000000E+000  0.000000000000000E+000  0.000000000000000E+000 -0.000000000000000E+000 -0.000000000000000E+000 -0.000000000000000E+000  0.000000000000000E+000  0.000000000000000E+000  0.000000000000000E+000 -0.000000000000000E+000 -0.000000000000000E+000 -0.000000000000000E+000   0.223184093402284E-011  0.566874262364717E-012  0.698599824686267E-011
    100.64000000  0.000000000000000E+000  0.000000000000000E+000  0.000000000000000E+000 -0.000000000000000E+000 -0.000000000000000E+000 -0.000000000000000E+000  0.000000000000000E+000  0.000000000000000E+000  0.000000000000000E+000 -0.000000000000000E+000 -0.000000000000000E+000 -0.000000000000000E+000   0.221812599513814E-011  0.552026115871282E-012  0.700591123401693E-011
    100.72000000  0.000000000000000E+000  0.000000000000000E+000  0.000000000000000E+000 -0.000000000000000E+000 -0.000000000000000E+000 -0.000000000000000E+000  0.000000000000000E+000  0.000000000000000E+000  0.000000000000000E+000 -0.000000000000000E+000 -0.000000000000000E+000 -0.000000000000000E+000   0.220456117458508E-011  0.537361011064481E-012  0.702637756382774E-011
    100.80000000  0.000000000000000E+000  0.000000000000000E+000  0.000000000000000E+000 -0.000000000000000E+000 -0.000000000000000E+000 -0.000000000000000E+000  0.000000000000000E+000  0.000000000000000E+000  0.000000000000000E+000 -0.000000000000000E+000 -0.000000000000000E+000 -0.000000000000000E+000   0.219124907151951E-011  0.522765545667499E-012  0.704714412628626E-011
    100.88000000  0.000000000000000E+000  0.000000000000000E+000  0.000000000000000E+000 -0.000000000000000E+000 -0.000000000000000E+000 -0.000000000000000E+000  0.000000000000000E+000  0.000000000000000E+000  0.000000000000000E+000 -0.000000000000000E+000 -0.000000000000000E+000 -0.000000000000000E+000   0.217814957598246E-011  0.508069915550088E-012  0.706789624175083E-011
    100.96000000  0.000000000000000E+000  0.000000000000000E+000  0.000000000000000E+000 -0.000000000000000E+000 -0.000000000000000E+000 -0.000000000000000E+000  0.000000000000000E+000  0.000000000000000E+000  0.000000000000000E+000 -0.000000000000000E+000 -0.000000000000000E+000 -0.000000000000000E+000   0.216510744528119E-011  0.493109186958705E-012  0.708832457931051E-011
    101.04000000  0.000000000000000E+000  0.000000000000000E+000  0.000000000000000E+000 -0.000000000000000E+000 -0.000000000000000E+000 -0.000000000000000E+000  0.000000000000000E+000  0.000000000000000E+000  0.000000000000000E+000 -0.000000000000000E+000 -0.000000000000000E+000 -0.000000000000000E+000   0.215193346555683E-011  0.477781994770376E-012  0.710817893923619E-011
    101.12000000  0.000000000000000E+000  0.000000000000000E+000  0.000000000000000E+000 -0.000000000000000E+000 -0.000000000000000E+000 -0.000000000000000E+000  0.000000000000000E+000  0.000000000000000E+000  0.000000000000000E+000 -0.000000000000000E+000 -0.000000000000000E+000 -0.000000000000000E+000   0.213848402971414E-011  0.462075377247740E-012  0.712730237222060E-011
    101.20000000  0.000000000000000E+000  0.000000000000000E+000  0.000000000000000E+000 -0.000000000000000E+000 -0.000000000000000E+000 -0.000000000000000E+000  0.000000000000000E+000  0.000000000000000E+000  0.000000000000000E+000 -0.000000000000000E+000 -0.000000000000000E+000 -0.000000000000000E+000   0.212473664507554E-011  0.446101556593859E-012  0.714565975814447E-011
    101.28000000  0.000000000000000E+000  0.000000000000000E+000  0.000000000000000E+000 -0.000000000000000E+000 -0.000000000000000E+000 -0.000000000000000E+000  0.000000000000000E+000  0.000000000000000E+000  0.000000000000000E+000 -0.000000000000000E+000 -0.000000000000000E+000 -0.000000000000000E+000   0.211082187417793E-011  0.430055651302898E-012  0.716330419882088E-011
    101.36000000  0.000000000000000E+000  0.000000000000000E+000  0.000000000000000E+000 -0.000000000000000E+000 -0.000000000000000E+000 -0.000000000000000E+000  0.000000000000000E+000  0.000000000000000E+000  0.000000000000000E+000 -0.000000000000000E+000 -0.000000000000000E+000 -0.000000000000000E+000   0.209702797149375E-011  0.414199137559489E-012  0.718034542655248E-011
    101.44000000  0.000000000000000E+000  0.000000000000000E+000  0.000000000000000E+000 -0.000000000000000E+000 -0.000000000000000E+000 -0.000000000000000E+000  0.000000000000000E+000  0.000000000000000E+000  0.000000000000000E+000 -0.000000000000000E+000 -0.000000000000000E+000 -0.000000000000000E+000   0.208373679051844E-011  0.398795719182171E-012  0.719688467570546E-011
    101.52000000  0.000000000000000E+000  0.000000000000000E+000  0.000000000000000E+000 -0.000000000000000E+000 -0.000000000000000E+000 -0.000000000000000E+000  0.000000000000000E+000  0.000000000000000E+000  0.000000000000000E+000 -0.000000000000000E+000 -0.000000000000000E+000 -0.000000000000000E+000   0.207135321977705E-011  0.384072054658446E-012  0.721297281142396E-011
    101.60000000  0.000000000000000E+000  0.000000000000000E+000  0.000000000000000E+000 -0.000000000000000E+000 -0.000000000000000E+000 -0.000000000000000E+000  0.000000000000000E+000  0.000000000000000E+000  0.000000000000000E+000 -0.000000000000000E+000 -0.000000000000000E+000 -0.000000000000000E+000   0.206020564402980E-011  0.370174872180381E-012  0.722857538920729E-011
    101.68000000  0.000000000000000E+000  0.000000000000000E+000  0.000000000000000E+000 -0.000000000000000E+000 -0.000000000000000E+000 -0.000000000000000E+000  0.000000000000000E+000  0.000000000000000E+000  0.000000000000000E+000 -0.000000000000000E+000 -0.000000000000000E+000 -0.000000000000000E+000   0.205047671168906E-011  0.357162887067986E-012  0.724356777098071E-011
    101.76000000  0.000000000000000E+000  0.000000000000000E+000  0.000000000000000E+000 -0.000000000000000E+000 -0.000000000000000E+000 -0.000000000000000E+000  0.000000000000000E+000  0.000000000000000E+000  0.000000000000000E+000 -0.000000000000000E+000 -0.000000000000000E+000 -0.000000000000000E+000   0.204216070936075E-011  0.345014847452846E-012  0.725778078004578E-011
    101.84000000  0.000000000000000E+000  0.000000000000000E+000  0.000000000000000E+000 -0.000000000000000E+000 -0.000000000000000E+000 -0.000000000000000E+000  0.000000000000000E+000  0.000000000000000E+000  0.000000000000000E+000 -0.000000000000000E+000 -0.000000000000000E+000 -0.000000000000000E+000   0.203506105111318E-011  0.333648719637112E-012  0.727103454023486E-011
    101.92000000  0.000000000000000E+000  0.000000000000000E+000  0.000000000000000E+000 -0.000000000000000E+000 -0.000000000000000E+000 -0.000000000000000E+000  0.000000000000000E+000  0.000000000000000E+000  0.000000000000000E+000 -0.000000000000000E+000 -0.000000000000000E+000 -0.000000000000000E+000   0.202884797585170E-011  0.322958730914811E-012  0.728320526778435E-011
    102.00000000  0.000000000000000E+000  0.000000000000000E+000  0.000000000000000E+000 -0.000000000000000E+000 -0.000000000000000E+000 -0.000000000000000E+000  0.000000000000000E+000  0.000000000000000E+000  0.000000000000000E+000 -0.000000000000000E+000 -0.000000000000000E+000 -0.000000000000000E+000   0.202314142679462E-011  0.312850580543239E-012  0.729427463064252E-011
    102.08000000  0.000000000000000E+000  0.000000000000000E+000  0.000000000000000E+000 -0.000000000000000E+000 -0.000000000000000E+000 -0.000000000000000E+000  0.000000000000000E+000  0.000000000000000E+000  0.000000000000000E+000 -0.000000000000000E+000 -0.000000000000000E+000 -0.000000000000000E+000   0.201759289769446E-011  0.303249521817620E-012  0.730434870895693E-011
    102.16000000  0.000000000000000E+000  0.000000000000000E+000  0.000000000000000E+000 -0.000000000000000E+000 -0.000000000000000E+000 -0.000000000000000E+000  0.000000000000000E+000  0.000000000000000E+000  0.000000000000000E+000 -0.000000000000000E+000 -0.000000000000000E+000 -0.000000000000000E+000   0.201197806084740E-011  0.294120269980586E-012  0.731365055021952E-011
    102.24000000  0.000000000000000E+000  0.000000000000000E+000  0.000000000000000E+000 -0.000000000000000E+000 -0.000000000000000E+000 -0.000000000000000E+000  0.000000000000000E+000  0.000000000000000E+000  0.000000000000000E+000 -0.000000000000000E+000 -0.000000000000000E+000 -0.000000000000000E+000   0.200622776347974E-011  0.285443189930013E-012  0.732250027415672E-011
    102.32000000  0.000000000000000E+000  0.000000000000000E+000  0.000000000000000E+000 -0.000000000000000E+000 -0.000000000000000E+000 -0.000000000000000E+000  0.000000000000000E+000  0.000000000000000E+000  0.000000000000000E+000 -0.000000000000000E+000 -0.000000000000000E+000 -0.000000000000000E+000   0.200042996149273E-011  0.277212631767915E-012  0.733124520393061E-011
    102.40000000  0.000000000000000E+000  0.000000000000000E+000  0.000000000000000E+000 -0.000000000000000E+000 -0.000000000000000E+000 -0.000000000000000E+000  0.000000000000000E+000  0.000000000000000E+000  0.000000000000000E+000 -0.000000000000000E+000 -0.000000000000000E+000 -0.000000000000000E+000   0.199477995985326E-011  0.269408546538147E-012  0.734021124368699E-011
    102.48000000  0.000000000000000E+000  0.000000000000000E+000  0.000000000000000E+000 -0.000000000000000E+000 -0.000000000000000E+000 -0.000000000000000E+000  0.000000000000000E+000  0.000000000000000E+000  0.000000000000000E+000 -0.000000000000000E+000 -0.000000000000000E+000 -0.000000000000000E+000   0.198950038692883E-011  0.261982420209052E-012  0.734964222246334E-011
    102.56000000  0.000000000000000E+000  0.000000000000000E+000  0.000000000000000E+000 -0.000000000000000E+000 -0.000000000000000E+000 -0.000000000000000E+000  0.000000000000000E+000  0.000000000000000E+000  0.000000000000000E+000 -0.000000000000000E+000 -0.000000000000000E+000 -0.000000000000000E+000   0.198475012878321E-011  0.254851341431162E-012  0.735967073015422E-011
    102.64000000  0.000000000000000E+000  0.000000000000000E+000  0.000000000000000E+000 -0.000000000000000E+000 -0.000000000000000E+000 -0.000000000000000E+000  0.000000000000000E+000  0.000000000000000E+000  0.000000000000000E+000 -0.000000000000000E+000 -0.000000000000000E+000 -0.000000000000000E+000   0.198055272364635E-011  0.247893692837453E-012  0.737031640186174E-011
    102.72000000  0.000000000000000E+000  0.000000000000000E+000  0.000000000000000E+000 -0.000000000000000E+000 -0.000000000000000E+000 -0.000000000000000E+000  0.000000000000000E+000  0.000000000000000E+000  0.000000000000000E+000 -0.000000000000000E+000 -0.000000000000000E+000 -0.000000000000000E+000   0.197675031519555E-011  0.240951412558566E-012  0.738151759968852E-011
    102.80000000  0.000000000000000E+000  0.000000000000000E+000  0.000000000000000E+000 -0.000000000000000E+000 -0.000000000000000E+000 -0.000000000000000E+000  0.000000000000000E+000  0.000000000000000E+000  0.000000000000000E+000 -0.000000000000000E+000 -0.000000000000000E+000 -0.000000000000000E+000   0.197302463588309E-011  0.233850197778156E-012  0.739317772523656E-011
    102.88000000  0.000000000000000E+000  0.000000000000000E+000  0.000000000000000E+000 -0.000000000000000E+000 -0.000000000000000E+000 -0.000000000000000E+000  0.000000000000000E+000  0.000000000000000E+000  0.000000000000000E+000 -0.000000000000000E+000 -0.000000000000000E+000 -0.000000000000000E+000   0.196894120097432E-011  0.226406998778462E-012  0.740523667756541E-011
    102.96000000  0.000000000000000E+000  0.000000000000000E+000  0.000000000000000E+000 -0.000000000000000E+000 -0.000000000000000E+000 -0.000000000000000E+000  0.000000000000000E+000  0.000000000000000E+000  0.000000000000000E+000 -0.000000000000000E+000 -0.000000000000000E+000 -0.000000000000000E+000   0.196405339697573E-011  0.218450307575407E-012  0.741770220470505E-011
    103.04000000  0.000000000000000E+000  0.000000000000000E+000  0.000000000000000E+000 -0.000000000000000E+000 -0.000000000000000E+000 -0.000000000000000E+000  0.000000000000000E+000  0.000000000000000E+000  0.000000000000000E+000 -0.000000000000000E+000 -0.000000000000000E+000 -0.000000000000000E+000   0.195798762940233E-011  0.209831870062757E-012  0.743068667116008E-011
    103.12000000  0.000000000000000E+000  0.000000000000000E+000  0.000000000000000E+000 -0.000000000000000E+000 -0.000000000000000E+000 -0.000000000000000E+000  0.000000000000000E+000  0.000000000000000E+000  0.000000000000000E+000 -0.000000000000000E+000 -0.000000000000000E+000 -0.000000000000000E+000   0.195053596935916E-011  0.200442732957196E-012  0.744438559673006E-011
    103.20000000  0.000000000000000E+000  0.000000000000000E+000  0.000000000000000E+000 -0.000000000000000E+000 -0.000000000000000E+000 -0.000000000000000E+000  0.000000000000000E+000  0.000000000000000E+000  0.000000000000000E+000 -0.000000000000000E+000 -0.000000000000000E+000 -0.000000000000000E+000   0.194169241357862E-011  0.190220810625985E-012  0.745903199152020E-011
    103.28000000  0.000000000000000E+000  0.000000000000000E+000  0.000000000000000E+000 -0.000000000000000E+000 -0.000000000000000E+000 -0.000000000000000E+000  0.000000000000000E+000  0.000000000000000E+000  0.000000000000000E+000 -0.000000000000000E+000 -0.000000000000000E+000 -0.000000000000000E+000   0.193165831095278E-011  0.179157576270788E-012  0.747483160999780E-011
    103.36000000  0.000000000000000E+000  0.000000000000000E+000  0.000000000000000E+000 -0.000000000000000E+000 -0.000000000000000E+000 -0.000000000000000E+000  0.000000000000000E+000  0.000000000000000E+000  0.000000000000000E+000 -0.000000000000000E+000 -0.000000000000000E+000 -0.000000000000000E+000   0.192077878612264E-011  0.167298963923648E-012  0.749189422662893E-011
    103.44000000  0.000000000000000E+000  0.000000000000000E+000  0.000000000000000E+000 -0.000000000000000E+000 -0.000000000000000E+000 -0.000000000000000E+000  0.000000000000000E+000  0.000000000000000E+000  0.000000000000000E+000 -0.000000000000000E+000 -0.000000000000000E+000 -0.000000000000000E+000   0.190946619631057E-011  0.154746116596674E-012  0.751019692860767E-011
    103.52000000  0.000000000000000E+000  0.000000000000000E+000  0.000000000000000E+000 -0.000000000000000E+000 -0.000000000000000E+000 -0.000000000000000E+000  0.000000000000000E+000  0.000000000000000E+000  0.000000000000000E+000 -0.000000000000000E+000 -0.000000000000000E+000 -0.000000000000000E+000   0.189809324831103E-011  0.141650988988931E-012  0.752956379710431E-011
    103.60000000  0.000000000000000E+000  0.000000000000000E+000  0.000000000000000E+000 -0.000000000000000E+000 -0.000000000000000E+000 -0.000000000000000E+000  0.000000000000000E+000  0.000000000000000E+000  0.000000000000000E+000 -0.000000000000000E+000 -0.000000000000000E+000 -0.000000000000000E+000   0.188691453513069E-011  0.128200794204718E-012  0.754969133883349E-011
    103.68000000  0.000000000000000E+000  0.000000000000000E+000  0.000000000000000E+000 -0.000000000000000E+000 -0.000000000000000E+000 -0.000000000000000E+000  0.000000000000000E+000  0.000000000000000E+000  0.000000000000000E+000 -0.000000000000000E+000 -0.000000000000000E+000 -0.000000000000000E+000   0.187602169343678E-011  0.114602019551675E-012  0.757021259051157E-011
    103.76000000  0.000000000000000E+000  0.000000000000000E+000  0.000000000000000E+000 -0.000000000000000E+000 -0.000000000000000E+000 -0.000000000000000E+000  0.000000000000000E+000  0.000000000000000E+000  0.000000000000000E+000 -0.000000000000000E+000 -0.000000000000000E+000 -0.000000000000000E+000   0.186533798455401E-011  0.101063092607580E-012  0.759076142308825E-011
    103.84000000  0.000000000000000E+000  0.000000000000000E+000  0.000000000000000E+000 -0.000000000000000E+000 -0.000000000000000E+000 -0.000000000000000E+000  0.000000000000000E+000  0.000000000000000E+000  0.000000000000000E+000 -0.000000000000000E+000 -0.000000000000000E+000 -0.000000000000000E+000   0.185467423226942E-011  0.877780817967172E-013  0.761104489718322E-011
    103.92000000  0.000000000000000E+000  0.000000000000000E+000  0.000000000000000E+000 -0.000000000000000E+000 -0.000000000000000E+000 -0.000000000000000E+000  0.000000000000000E+000  0.000000000000000E+000  0.000000000000000E+000 -0.000000000000000E+000 -0.000000000000000E+000 -0.000000000000000E+000   0.184380526134432E-011  0.749005530630472E-013  0.763089036363941E-011
    104.00000000  0.000000000000000E+000  0.000000000000000E+000  0.000000000000000E+000 -0.000000000000000E+000 -0.000000000000000E+000 -0.000000000000000E+000  0.000000000000000E+000  0.000000000000000E+000  0.000000000000000E+000 -0.000000000000000E+000 -0.000000000000000E+000 -0.000000000000000E+000   0.183256633679555E-011  0.625503160170565E-013  0.765025748511655E-011
    104.08000000  0.000000000000000E+000  0.000000000000000E+000  0.000000000000000E+000 -0.000000000000000E+000 -0.000000000000000E+000 -0.000000000000000E+000  0.000000000000000E+000  0.000000000000000E+000  0.000000000000000E+000 -0.000000000000000E+000 -0.000000000000000E+000 -0.000000000000000E+000   0.182092417311448E-011  0.508075260767188E-013  0.766922742117450E-011
    104.16000000  0.000000000000000E+000  0.000000000000000E+000  0.000000000000000E+000 -0.000000000000000E+000 -0.000000000000000E+000 -0.000000000000000E+000  0.000000000000000E+000  0.000000000000000E+000  0.000000000000000E+000 -0.000000000000000E+000 -0.000000000000000E+000 -0.000000000000000E+000   0.180902115967671E-011  0.397363830690087E-013  0.768793463597212E-011
    104.24000000  0.000000000000000E+000  0.000000000000000E+000  0.000000000000000E+000 -0.000000000000000E+000 -0.000000000000000E+000 -0.000000000000000E+000  0.000000000000000E+000  0.000000000000000E+000  0.000000000000000E+000 -0.000000000000000E+000 -0.000000000000000E+000 -0.000000000000000E+000   0.179716129698345E-011  0.294052321374016E-013  0.770650611166943E-011
    104.32000000  0.000000000000000E+000  0.000000000000000E+000  0.000000000000000E+000 -0.000000000000000E+000 -0.000000000000000E+000 -0.000000000000000E+000  0.000000000000000E+000  0.000000000000000E+000  0.000000000000000E+000 -0.000000000000000E+000 -0.000000000000000E+000 -0.000000000000000E+000   0.178577000086992E-011  0.199037932704252E-013  0.772498675331027E-011
    104.40000000  0.000000000000000E+000  0.000000000000000E+000  0.000000000000000E+000 -0.000000000000000E+000 -0.000000000000000E+000 -0.000000000000000E+000  0.000000000000000E+000  0.000000000000000E+000  0.000000000000000E+000 -0.000000000000000E+000 -0.000000000000000E+000 -0.000000000000000E+000   0.177528727646682E-011  0.113597656571529E-013  0.774329414847898E-011
    104.48000000  0.000000000000000E+000  0.000000000000000E+000  0.000000000000000E+000 -0.000000000000000E+000 -0.000000000000000E+000 -0.000000000000000E+000  0.000000000000000E+000  0.000000000000000E+000  0.000000000000000E+000 -0.000000000000000E+000 -0.000000000000000E+000 -0.000000000000000E+000   0.176609023288117E-011  0.392999018463477E-014  0.776121957219508E-011
    104.56000000  0.000000000000000E+000  0.000000000000000E+000  0.000000000000000E+000 -0.000000000000000E+000 -0.000000000000000E+000 -0.000000000000000E+000  0.000000000000000E+000  0.000000000000000E+000  0.000000000000000E+000 -0.000000000000000E+000 -0.000000000000000E+000 -0.000000000000000E+000   0.175840039645922E-011 -0.220940651199079E-014  0.777845631370289E-011
    104.64000000  0.000000000000000E+000  0.000000000000000E+000  0.000000000000000E+000 -0.000000000000000E+000 -0.000000000000000E+000 -0.000000000000000E+000  0.000000000000000E+000  0.000000000000000E+000  0.000000000000000E+000 -0.000000000000000E+000 -0.000000000000000E+000 -0.000000000000000E+000   0.175224009825210E-011 -0.690179762540837E-014  0.779467234411821E-011
    104.72000000  0.000000000000000E+000  0.000000000000000E+000  0.000000000000000E+000 -0.000000000000000E+000 -0.000000000000000E+000 -0.000000000000000E+000  0.000000000000000E+000  0.000000000000000E+000  0.000000000000000E+000 -0.000000000000000E+000 -0.000000000000000E+000 -0.000000000000000E+000   0.174743500507577E-011 -0.100491813181343E-013  0.780960116453927E-011
    104.80000000  0.000000000000000E+000  0.000000000000000E+000  0.000000000000000E+000 -0.000000000000000E+000 -0.000000000000000E+000 -0.000000000000000E+000  0.000000000000000E+000  0.000000000000000E+000  0.000000000000000E+000 -0.000000000000000E+000 -0.000000000000000E+000 -0.000000000000000E+000   0.174365397372878E-011 -0.116378027789960E-013  0.782310968513383E-011
    104.88000000  0.000000000000000E+000  0.000000000000000E+000  0.000000000000000E+000 -0.000000000000000E+000 -0.000000000000000E+000 -0.000000000000000E+000  0.000000000000000E+000  0.000000000000000E+000  0.000000000000000E+000 -0.000000000000000E+000 -0.000000000000000E+000 -0.000000000000000E+000   0.174049922448852E-011 -0.117688885940221E-013  0.783524520321777E-011
    104.96000000  0.000000000000000E+000  0.000000000000000E+000  0.000000000000000E+000 -0.000000000000000E+000 -0.000000000000000E+000 -0.000000000000000E+000  0.000000000000000E+000  0.000000000000000E+000  0.000000000000000E+000 -0.000000000000000E+000 -0.000000000000000E+000 -0.000000000000000E+000   0.173760287375436E-011 -0.106515459751310E-013  0.784622886591755E-011
    105.04000000  0.000000000000000E+000  0.000000000000000E+000  0.000000000000000E+000 -0.000000000000000E+000 -0.000000000000000E+000 -0.000000000000000E+000  0.000000000000000E+000  0.000000000000000E+000  0.000000000000000E+000 -0.000000000000000E+000 -0.000000000000000E+000 -0.000000000000000E+000   0.173470541171297E-011 -0.858422290298080E-014  0.785641356096250E-011
    105.12000000  0.000000000000000E+000  0.000000000000000E+000  0.000000000000000E+000 -0.000000000000000E+000 -0.000000000000000E+000 -0.000000000000000E+000  0.000000000000000E+000  0.000000000000000E+000  0.000000000000000E+000 -0.000000000000000E+000 -0.000000000000000E+000 -0.000000000000000E+000   0.173171138992338E-011 -0.591041495460570E-014  0.786620331829997E-011
    105.20000000  0.000000000000000E+000  0.000000000000000E+000  0.000000000000000E+000 -0.000000000000000E+000 -0.000000000000000E+000 -0.000000000000000E+000  0.000000000000000E+000  0.000000000000000E+000  0.000000000000000E+000 -0.000000000000000E+000 -0.000000000000000E+000 -0.000000000000000E+000   0.172869867443036E-011 -0.296671244348109E-014  0.787596345784421E-011
    105.28000000  0.000000000000000E+000  0.000000000000000E+000  0.000000000000000E+000 -0.000000000000000E+000 -0.000000000000000E+000 -0.000000000000000E+000  0.000000000000000E+000  0.000000000000000E+000  0.000000000000000E+000 -0.000000000000000E+000 -0.000000000000000E+000 -0.000000000000000E+000   0.172587413678079E-011 -0.280765697310477E-016  0.788594121182284E-011
    105.36000000  0.000000000000000E+000  0.000000000000000E+000  0.000000000000000E+000 -0.000000000000000E+000 -0.000000000000000E+000 -0.000000000000000E+000  0.000000000000000E+000  0.000000000000000E+000  0.000000000000000E+000 -0.000000000000000E+000 -0.000000000000000E+000 -0.000000000000000E+000   0.172350714926318E-011  0.273205219258283E-014  0.789622524689184E-011
    105.44000000  0.000000000000000E+000  0.000000000000000E+000  0.000000000000000E+000 -0.000000000000000E+000 -0.000000000000000E+000 -0.000000000000000E+000  0.000000000000000E+000  0.000000000000000E+000  0.000000000000000E+000 -0.000000000000000E+000 -0.000000000000000E+000 -0.000000000000000E+000   0.172183202151954E-011  0.525321827857186E-014  0.790675113132545E-011
    105.52000000  0.000000000000000E+000  0.000000000000000E+000  0.000000000000000E+000 -0.000000000000000E+000 -0.000000000000000E+000 -0.000000000000000E+000  0.000000000000000E+000  0.000000000000000E+000  0.000000000000000E+000 -0.000000000000000E+000 -0.000000000000000E+000 -0.000000000000000E+000   0.172098145688410E-011  0.757035407989897E-014  0.791733004830366E-011
    105.60000000  0.000000000000000E+000  0.000000000000000E+000  0.000000000000000E+000 -0.000000000000000E+000 -0.000000000000000E+000 -0.000000000000000E+000  0.000000000000000E+000  0.000000000000000E+000  0.000000000000000E+000 -0.000000000000000E+000 -0.000000000000000E+000 -0.000000000000000E+000   0.172093490922374E-011  0.978388256792701E-014  0.792774656183534E-011
    105.68000000  0.000000000000000E+000  0.000000000000000E+000  0.000000000000000E+000 -0.000000000000000E+000 -0.000000000000000E+000 -0.000000000000000E+000  0.000000000000000E+000  0.000000000000000E+000  0.000000000000000E+000 -0.000000000000000E+000 -0.000000000000000E+000 -0.000000000000000E+000   0.172151507032375E-011  0.119893116641702E-013  0.793783301009343E-011
    105.76000000  0.000000000000000E+000  0.000000000000000E+000  0.000000000000000E+000 -0.000000000000000E+000 -0.000000000000000E+000 -0.000000000000000E+000  0.000000000000000E+000  0.000000000000000E+000  0.000000000000000E+000 -0.000000000000000E+000 -0.000000000000000E+000 -0.000000000000000E+000   0.172243665296219E-011  0.142402764987397E-013  0.794755758278696E-011
    105.84000000  0.000000000000000E+000  0.000000000000000E+000  0.000000000000000E+000 -0.000000000000000E+000 -0.000000000000000E+000 -0.000000000000000E+000  0.000000000000000E+000  0.000000000000000E+000  0.000000000000000E+000 -0.000000000000000E+000 -0.000000000000000E+000 -0.000000000000000E+000   0.172336566615010E-011  0.165023192693955E-013  0.795705528918757E-011
    105.92000000  0.000000000000000E+000  0.000000000000000E+000  0.000000000000000E+000 -0.000000000000000E+000 -0.000000000000000E+000 -0.000000000000000E+000  0.000000000000000E+000  0.000000000000000E+000  0.000000000000000E+000 -0.000000000000000E+000 -0.000000000000000E+000 -0.000000000000000E+000   0.172401877824503E-011  0.186591133651301E-013  0.796662551767072E-011
    106.00000000  0.000000000000000E+000  0.000000000000000E+000  0.000000000000000E+000 -0.000000000000000E+000 -0.000000000000000E+000 -0.000000000000000E+000  0.000000000000000E+000  0.000000000000000E+000  0.000000000000000E+000 -0.000000000000000E+000 -0.000000000000000E+000 -0.000000000000000E+000   0.172423084618219E-011  0.205300869218977E-013  0.797667462721065E-011
    106.08000000  0.000000000000000E+000  0.000000000000000E+000  0.000000000000000E+000 -0.000000000000000E+000 -0.000000000000000E+000 -0.000000000000000E+000  0.000000000000000E+000  0.000000000000000E+000  0.000000000000000E+000 -0.000000000000000E+000 -0.000000000000000E+000 -0.000000000000000E+000   0.172401114014112E-011  0.219241161783981E-013  0.798761695570650E-011
    106.16000000  0.000000000000000E+000  0.000000000000000E+000  0.000000000000000E+000 -0.000000000000000E+000 -0.000000000000000E+000 -0.000000000000000E+000  0.000000000000000E+000  0.000000000000000E+000  0.000000000000000E+000 -0.000000000000000E+000 -0.000000000000000E+000 -0.000000000000000E+000   0.172354471134706E-011  0.227003133288531E-013  0.799977702494630E-011
    106.24000000  0.000000000000000E+000  0.000000000000000E+000  0.000000000000000E+000 -0.000000000000000E+000 -0.000000000000000E+000 -0.000000000000000E+000  0.000000000000000E+000  0.000000000000000E+000  0.000000000000000E+000 -0.000000000000000E+000 -0.000000000000000E+000 -0.000000000000000E+000   0.172315760900806E-011  0.228237565224541E-013  0.801330698664270E-011
    106.32000000  0.000000000000000E+000  0.000000000000000E+000  0.000000000000000E+000 -0.000000000000000E+000 -0.000000000000000E+000 -0.000000000000000E+000  0.000000000000000E+000  0.000000000000000E+000  0.000000000000000E+000 -0.000000000000000E+000 -0.000000000000000E+000 -0.000000000000000E+000   0.172325238835576E-011  0.224070983804861E-013  0.802815454912261E-011
    106.40000000  0.000000000000000E+000  0.000000000000000E+000  0.000000000000000E+000 -0.000000000000000E+000 -0.000000000000000E+000 -0.000000000000000E+000  0.000000000000000E+000  0.000000000000000E+000  0.000000000000000E+000 -0.000000000000000E+000 -0.000000000000000E+000 -0.000000000000000E+000   0.172421829177356E-011  0.217059219970218E-013  0.804407743937944E-011
    106.48000000  0.000000000000000E+000  0.000000000000000E+000  0.000000000000000E+000 -0.000000000000000E+000 -0.000000000000000E+000 -0.000000000000000E+000  0.000000000000000E+000  0.000000000000000E+000  0.000000000000000E+000 -0.000000000000000E+000 -0.000000000000000E+000 -0.000000000000000E+000   0.172635192685914E-011  0.210936825671828E-013  0.806071013571688E-011
    106.56000000  0.000000000000000E+000  0.000000000000000E+000  0.000000000000000E+000 -0.000000000000000E+000 -0.000000000000000E+000 -0.000000000000000E+000  0.000000000000000E+000  0.000000000000000E+000  0.000000000000000E+000 -0.000000000000000E+000 -0.000000000000000E+000 -0.000000000000000E+000   0.172980918883432E-011  0.209995032952753E-013  0.807765683908908E-011
    106.64000000  0.000000000000000E+000  0.000000000000000E+000  0.000000000000000E+000 -0.000000000000000E+000 -0.000000000000000E+000 -0.000000000000000E+000  0.000000000000000E+000  0.000000000000000E+000  0.000000000000000E+000 -0.000000000000000E+000 -0.000000000000000E+000 -0.000000000000000E+000   0.173457347811208E-011  0.218211209875756E-013  0.809459352864955E-011
    106.72000000  0.000000000000000E+000  0.000000000000000E+000  0.000000000000000E+000 -0.000000000000000E+000 -0.000000000000000E+000 -0.000000000000000E+000  0.000000000000000E+000  0.000000000000000E+000  0.000000000000000E+000 -0.000000000000000E+000 -0.000000000000000E+000 -0.000000000000000E+000   0.174049173822310E-011  0.238622322173423E-013  0.811133452574122E-011
    106.80000000  0.000000000000000E+000  0.000000000000000E+000  0.000000000000000E+000 -0.000000000000000E+000 -0.000000000000000E+000 -0.000000000000000E+000  0.000000000000000E+000  0.000000000000000E+000  0.000000000000000E+000 -0.000000000000000E+000 -0.000000000000000E+000 -0.000000000000000E+000   0.174732515054940E-011  0.272694364276317E-013  0.812786889899610E-011
    106.88000000  0.000000000000000E+000  0.000000000000000E+000  0.000000000000000E+000 -0.000000000000000E+000 -0.000000000000000E+000 -0.000000000000000E+000  0.000000000000000E+000  0.000000000000000E+000  0.000000000000000E+000 -0.000000000000000E+000 -0.000000000000000E+000 -0.000000000000000E+000   0.175482981151461E-011  0.320237442691436E-013  0.814433841889102E-011
    106.96000000  0.000000000000000E+000  0.000000000000000E+000  0.000000000000000E+000 -0.000000000000000E+000 -0.000000000000000E+000 -0.000000000000000E+000  0.000000000000000E+000  0.000000000000000E+000  0.000000000000000E+000 -0.000000000000000E+000 -0.000000000000000E+000 -0.000000000000000E+000   0.176281352219028E-011  0.379668908355857E-013  0.816097880001331E-011
    107.04000000  0.000000000000000E+000  0.000000000000000E+000  0.000000000000000E+000 -0.000000000000000E+000 -0.000000000000000E+000 -0.000000000000000E+000  0.000000000000000E+000  0.000000000000000E+000  0.000000000000000E+000 -0.000000000000000E+000 -0.000000000000000E+000 -0.000000000000000E+000   0.177119866248490E-011  0.448514993390511E-013  0.817803221096488E-011
    107.12000000  0.000000000000000E+000  0.000000000000000E+000  0.000000000000000E+000 -0.000000000000000E+000 -0.000000000000000E+000 -0.000000000000000E+000  0.000000000000000E+000  0.000000000000000E+000  0.000000000000000E+000 -0.000000000000000E+000 -0.000000000000000E+000 -0.000000000000000E+000   0.178002724975017E-011  0.524375570333331E-013  0.819564935484382E-011
    107.20000000  0.000000000000000E+000  0.000000000000000E+000  0.000000000000000E+000 -0.000000000000000E+000 -0.000000000000000E+000 -0.000000000000000E+000  0.000000000000000E+000  0.000000000000000E+000  0.000000000000000E+000 -0.000000000000000E+000 -0.000000000000000E+000 -0.000000000000000E+000   0.178943747985841E-011  0.605551839944212E-013  0.821381731458590E-011
    107.28000000  0.000000000000000E+000  0.000000000000000E+000  0.000000000000000E+000 -0.000000000000000E+000 -0.000000000000000E+000 -0.000000000000000E+000  0.000000000000000E+000  0.000000000000000E+000  0.000000000000000E+000 -0.000000000000000E+000 -0.000000000000000E+000 -0.000000000000000E+000   0.179961678476214E-011  0.691574556009285E-013  0.823233402301513E-011
    107.36000000  0.000000000000000E+000  0.000000000000000E+000  0.000000000000000E+000 -0.000000000000000E+000 -0.000000000000000E+000 -0.000000000000000E+000  0.000000000000000E+000  0.000000000000000E+000  0.000000000000000E+000 -0.000000000000000E+000 -0.000000000000000E+000 -0.000000000000000E+000   0.181073139273222E-011  0.783223465688201E-013  0.825083134530718E-011
    107.44000000  0.000000000000000E+000  0.000000000000000E+000  0.000000000000000E+000 -0.000000000000000E+000 -0.000000000000000E+000 -0.000000000000000E+000  0.000000000000000E+000  0.000000000000000E+000  0.000000000000000E+000 -0.000000000000000E+000 -0.000000000000000E+000 -0.000000000000000E+000   0.182286380678550E-011  0.882251083913420E-013  0.826885326903998E-011
    107.52000000  0.000000000000000E+000  0.000000000000000E+000  0.000000000000000E+000 -0.000000000000000E+000 -0.000000000000000E+000 -0.000000000000000E+000  0.000000000000000E+000  0.000000000000000E+000  0.000000000000000E+000 -0.000000000000000E+000 -0.000000000000000E+000 -0.000000000000000E+000   0.183596658203412E-011  0.990628274397977E-013  0.828595079698106E-011
    107.60000000  0.000000000000000E+000  0.000000000000000E+000  0.000000000000000E+000 -0.000000000000000E+000 -0.000000000000000E+000 -0.000000000000000E+000  0.000000000000000E+000  0.000000000000000E+000  0.000000000000000E+000 -0.000000000000000E+000 -0.000000000000000E+000 -0.000000000000000E+000   0.184985643134013E-011  0.110979384369712E-012  0.830178804731295E-011
    107.68000000  0.000000000000000E+000  0.000000000000000E+000  0.000000000000000E+000 -0.000000000000000E+000 -0.000000000000000E+000 -0.000000000000000E+000  0.000000000000000E+000  0.000000000000000E+000  0.000000000000000E+000 -0.000000000000000E+000 -0.000000000000000E+000 -0.000000000000000E+000   0.186422528994999E-011  0.123986040829207E-012  0.831621891074233E-011
    107.76000000  0.000000000000000E+000  0.000000000000000E+000  0.000000000000000E+000 -0.000000000000000E+000 -0.000000000000000E+000 -0.000000000000000E+000  0.000000000000000E+000  0.000000000000000E+000  0.000000000000000E+000 -0.000000000000000E+000 -0.000000000000000E+000 -0.000000000000000E+000   0.187870326321863E-011  0.137926162983731E-012  0.832930625593684E-011
    107.84000000  0.000000000000000E+000  0.000000000000000E+000  0.000000000000000E+000 -0.000000000000000E+000 -0.000000000000000E+000 -0.000000000000000E+000  0.000000000000000E+000  0.000000000000000E+000  0.000000000000000E+000 -0.000000000000000E+000 -0.000000000000000E+000 -0.000000000000000E+000   0.189290950580806E-011  0.152473779175806E-012  0.834128898684519E-011
    107.92000000  0.000000000000000E+000  0.000000000000000E+000  0.000000000000000E+000 -0.000000000000000E+000 -0.000000000000000E+000 -0.000000000000000E+000  0.000000000000000E+000  0.000000000000000E+000  0.000000000000000E+000 -0.000000000000000E+000 -0.000000000000000E+000 -0.000000000000000E+000   0.190653326253714E-011  0.167179080276207E-012  0.835250797763429E-011
    108.00000000  0.000000000000000E+000  0.000000000000000E+000  0.000000000000000E+000 -0.000000000000000E+000 -0.000000000000000E+000 -0.000000000000000E+000  0.000000000000000E+000  0.000000000000000E+000  0.000000000000000E+000 -0.000000000000000E+000 -0.000000000000000E+000 -0.000000000000000E+000   0.191937336797485E-011  0.181550523403190E-012  0.836330982364531E-011
    108.08000000  0.000000000000000E+000  0.000000000000000E+000  0.000000000000000E+000 -0.000000000000000E+000 -0.000000000000000E+000 -0.000000000000000E+000  0.000000000000000E+000  0.000000000000000E+000  0.000000000000000E+000 -0.000000000000000E+000 -0.000000000000000E+000 -0.000000000000000E+000   0.193135922123486E-011  0.195164338098731E-012  0.837395413909623E-011
    108.16000000  0.000000000000000E+000  0.000000000000000E+000  0.000000000000000E+000 -0.000000000000000E+000 -0.000000000000000E+000 -0.000000000000000E+000  0.000000000000000E+000  0.000000000000000E+000  0.000000000000000E+000 -0.000000000000000E+000 -0.000000000000000E+000 -0.000000000000000E+000   0.194255999993719E-011  0.207732653878645E-012  0.838454657246152E-011
    108.24000000  0.000000000000000E+000  0.000000000000000E+000  0.000000000000000E+000 -0.000000000000000E+000 -0.000000000000000E+000 -0.000000000000000E+000  0.000000000000000E+000  0.000000000000000E+000  0.000000000000000E+000 -0.000000000000000E+000 -0.000000000000000E+000 -0.000000000000000E+000   0.195312153755614E-011  0.219170885907332E-012  0.839503231430970E-011
    108.32000000  0.000000000000000E+000  0.000000000000000E+000  0.000000000000000E+000 -0.000000000000000E+000 -0.000000000000000E+000 -0.000000000000000E+000  0.000000000000000E+000  0.000000000000000E+000  0.000000000000000E+000 -0.000000000000000E+000 -0.000000000000000E+000 -0.000000000000000E+000   0.196324496237873E-011  0.229601471981655E-012  0.840522698501852E-011
    108.40000000  0.000000000000000E+000  0.000000000000000E+000  0.000000000000000E+000 -0.000000000000000E+000 -0.000000000000000E+000 -0.000000000000000E+000  0.000000000000000E+000  0.000000000000000E+000  0.000000000000000E+000 -0.000000000000000E+000 -0.000000000000000E+000 -0.000000000000000E+000   0.197311789483801E-011  0.239305421744416E-012  0.841488862579929E-011
    108.48000000  0.000000000000000E+000  0.000000000000000E+000  0.000000000000000E+000 -0.000000000000000E+000 -0.000000000000000E+000 -0.000000000000000E+000  0.000000000000000E+000  0.000000000000000E+000  0.000000000000000E+000 -0.000000000000000E+000 -0.000000000000000E+000 -0.000000000000000E+000   0.198287984766019E-011  0.248641805888995E-012  0.842380712128263E-011
    108.56000000  0.000000000000000E+000  0.000000000000000E+000  0.000000000000000E+000 -0.000000000000000E+000 -0.000000000000000E+000 -0.000000000000000E+000  0.000000000000000E+000  0.000000000000000E+000  0.000000000000000E+000 -0.000000000000000E+000 -0.000000000000000E+000 -0.000000000000000E+000   0.199261232674748E-011  0.257952204066643E-012  0.843189856526319E-011
    108.64000000  0.000000000000000E+000  0.000000000000000E+000  0.000000000000000E+000 -0.000000000000000E+000 -0.000000000000000E+000 -0.000000000000000E+000  0.000000000000000E+000  0.000000000000000E+000  0.000000000000000E+000 -0.000000000000000E+000 -0.000000000000000E+000 -0.000000000000000E+000   0.200233600196254E-011  0.267474853893482E-012  0.843925601541579E-011
    108.72000000  0.000000000000000E+000  0.000000000000000E+000  0.000000000000000E+000 -0.000000000000000E+000 -0.000000000000000E+000 -0.000000000000000E+000  0.000000000000000E+000  0.000000000000000E+000  0.000000000000000E+000 -0.000000000000000E+000 -0.000000000000000E+000 -0.000000000000000E+000   0.201204508185878E-011  0.277292065388332E-012  0.844615339642318E-011
    108.80000000  0.000000000000000E+000  0.000000000000000E+000  0.000000000000000E+000 -0.000000000000000E+000 -0.000000000000000E+000 -0.000000000000000E+000  0.000000000000000E+000  0.000000000000000E+000  0.000000000000000E+000 -0.000000000000000E+000 -0.000000000000000E+000 -0.000000000000000E+000   0.202173494878901E-011  0.287337019823830E-012  0.845301258038570E-011
    108.88000000  0.000000000000000E+000  0.000000000000000E+000  0.000000000000000E+000 -0.000000000000000E+000 -0.000000000000000E+000 -0.000000000000000E+000  0.000000000000000E+000  0.000000000000000E+000  0.000000000000000E+000 -0.000000000000000E+000 -0.000000000000000E+000 -0.000000000000000E+000   0.203144513271426E-011  0.297440586429550E-012  0.846030921583144E-011
    108.96000000  0.000000000000000E+000  0.000000000000000E+000  0.000000000000000E+000 -0.000000000000000E+000 -0.000000000000000E+000 -0.000000000000000E+000  0.000000000000000E+000  0.000000000000000E+000  0.000000000000000E+000 -0.000000000000000E+000 -0.000000000000000E+000 -0.000000000000000E+000   0.204127618686074E-011  0.307412130590035E-012  0.846847805478098E-011
    109.04000000  0.000000000000000E+000  0.000000000000000E+000  0.000000000000000E+000 -0.000000000000000E+000 -0.000000000000000E+000 -0.000000000000000E+000  0.000000000000000E+000  0.000000000000000E+000  0.000000000000000E+000 -0.000000000000000E+000 -0.000000000000000E+000 -0.000000000000000E+000   0.205140796556146E-011  0.317128867664112E-012  0.847781124956417E-011
    109.12000000  0.000000000000000E+000  0.000000000000000E+000  0.000000000000000E+000 -0.000000000000000E+000 -0.000000000000000E+000 -0.000000000000000E+000  0.000000000000000E+000  0.000000000000000E+000  0.000000000000000E+000 -0.000000000000000E+000 -0.000000000000000E+000 -0.000000000000000E+000   0.206208718504413E-011  0.326610396864806E-012  0.848840583627544E-011
    109.20000000  0.000000000000000E+000  0.000000000000000E+000  0.000000000000000E+000 -0.000000000000000E+000 -0.000000000000000E+000 -0.000000000000000E+000  0.000000000000000E+000  0.000000000000000E+000  0.000000000000000E+000 -0.000000000000000E+000 -0.000000000000000E+000 -0.000000000000000E+000   0.207360395472060E-011  0.336050444540574E-012  0.850016151818272E-011
    109.28000000  0.000000000000000E+000  0.000000000000000E+000  0.000000000000000E+000 -0.000000000000000E+000 -0.000000000000000E+000 -0.000000000000000E+000  0.000000000000000E+000  0.000000000000000E+000  0.000000000000000E+000 -0.000000000000000E+000 -0.000000000000000E+000 -0.000000000000000E+000   0.208625713391584E-011  0.345796561987690E-012  0.851282027825845E-011
    109.36000000  0.000000000000000E+000  0.000000000000000E+000  0.000000000000000E+000 -0.000000000000000E+000 -0.000000000000000E+000 -0.000000000000000E+000  0.000000000000000E+000  0.000000000000000E+000  0.000000000000000E+000 -0.000000000000000E+000 -0.000000000000000E+000 -0.000000000000000E+000   0.210031788385193E-011  0.356296436110017E-012  0.852606156409920E-011
    109.44000000  0.000000000000000E+000  0.000000000000000E+000  0.000000000000000E+000 -0.000000000000000E+000 -0.000000000000000E+000 -0.000000000000000E+000  0.000000000000000E+000  0.000000000000000E+000  0.000000000000000E+000 -0.000000000000000E+000 -0.000000000000000E+000 -0.000000000000000E+000   0.211599091595352E-011  0.367998610130359E-012  0.853958718798302E-011
    109.52000000  0.000000000000000E+000  0.000000000000000E+000  0.000000000000000E+000 -0.000000000000000E+000 -0.000000000000000E+000 -0.000000000000000E+000  0.000000000000000E+000  0.000000000000000E+000  0.000000000000000E+000 -0.000000000000000E+000 -0.000000000000000E+000 -0.000000000000000E+000   0.213339170427727E-011  0.381253101152012E-012  0.855321321902693E-011
    109.60000000  0.000000000000000E+000  0.000000000000000E+000  0.000000000000000E+000 -0.000000000000000E+000 -0.000000000000000E+000 -0.000000000000000E+000  0.000000000000000E+000  0.000000000000000E+000  0.000000000000000E+000 -0.000000000000000E+000 -0.000000000000000E+000 -0.000000000000000E+000   0.215255283085526E-011  0.396234093532194E-012  0.856689784115936E-011
    109.68000000  0.000000000000000E+000  0.000000000000000E+000  0.000000000000000E+000 -0.000000000000000E+000 -0.000000000000000E+000 -0.000000000000000E+000  0.000000000000000E+000  0.000000000000000E+000  0.000000000000000E+000 -0.000000000000000E+000 -0.000000000000000E+000 -0.000000000000000E+000   0.217341104629423E-011  0.412901444183523E-012  0.858075571277560E-011
    109.76000000  0.000000000000000E+000  0.000000000000000E+000  0.000000000000000E+000 -0.000000000000000E+000 -0.000000000000000E+000 -0.000000000000000E+000  0.000000000000000E+000  0.000000000000000E+000  0.000000000000000E+000 -0.000000000000000E+000 -0.000000000000000E+000 -0.000000000000000E+000   0.219584891744443E-011  0.431004705164856E-012  0.859499548256040E-011
    109.84000000  0.000000000000000E+000  0.000000000000000E+000  0.000000000000000E+000 -0.000000000000000E+000 -0.000000000000000E+000 -0.000000000000000E+000  0.000000000000000E+000  0.000000000000000E+000  0.000000000000000E+000 -0.000000000000000E+000 -0.000000000000000E+000 -0.000000000000000E+000   0.221970278147820E-011  0.450160534461538E-012  0.860984271074464E-011
    109.92000000  0.000000000000000E+000  0.000000000000000E+000  0.000000000000000E+000 -0.000000000000000E+000 -0.000000000000000E+000 -0.000000000000000E+000  0.000000000000000E+000  0.000000000000000E+000  0.000000000000000E+000 -0.000000000000000E+000 -0.000000000000000E+000 -0.000000000000000E+000   0.224479692712026E-011  0.469935158595638E-012  0.862545161304064E-011
    110.00000000  0.000000000000000E+000  0.000000000000000E+000  0.000000000000000E+000 -0.000000000000000E+000 -0.000000000000000E+000 -0.000000000000000E+000  0.000000000000000E+000  0.000000000000000E+000  0.000000000000000E+000 -0.000000000000000E+000 -0.000000000000000E+000 -0.000000000000000E+000   0.227095725810481E-011  0.489952662588358E-012  0.864183049965729E-011
    110.08000000  0.000000000000000E+000  0.000000000000000E+000  0.000000000000000E+000 -0.000000000000000E+000 -0.000000000000000E+000 -0.000000000000000E+000  0.000000000000000E+000  0.000000000000000E+000  0.000000000000000E+000 -0.000000000000000E+000 -0.000000000000000E+000 -0.000000000000000E+000   0.229801280729400E-011  0.509965346649891E-012  0.865879731598368E-011
    110.16000000  0.000000000000000E+000  0.000000000000000E+000  0.000000000000000E+000 -0.000000000000000E+000 -0.000000000000000E+000 -0.000000000000000E+000  0.000000000000000E+000  0.000000000000000E+000  0.000000000000000E+000 -0.000000000000000E+000 -0.000000000000000E+000 -0.000000000000000E+000   0.232581003860963E-011  0.529892802381758E-012  0.867600486635188E-011
    110.24000000  0.000000000000000E+000  0.000000000000000E+000  0.000000000000000E+000 -0.000000000000000E+000 -0.000000000000000E+000 -0.000000000000000E+000  0.000000000000000E+000  0.000000000000000E+000  0.000000000000000E+000 -0.000000000000000E+000 -0.000000000000000E+000 -0.000000000000000E+000   0.235419628609592E-011  0.549797569175384E-012  0.869299311876067E-011
    110.32000000  0.000000000000000E+000  0.000000000000000E+000  0.000000000000000E+000 -0.000000000000000E+000 -0.000000000000000E+000 -0.000000000000000E+000  0.000000000000000E+000  0.000000000000000E+000  0.000000000000000E+000 -0.000000000000000E+000 -0.000000000000000E+000 -0.000000000000000E+000   0.238301174688572E-011  0.569822939657199E-012  0.870928645078311E-011
    110.40000000  0.000000000000000E+000  0.000000000000000E+000  0.000000000000000E+000 -0.000000000000000E+000 -0.000000000000000E+000 -0.000000000000000E+000  0.000000000000000E+000  0.000000000000000E+000  0.000000000000000E+000 -0.000000000000000E+000 -0.000000000000000E+000 -0.000000000000000E+000   0.241209318405209E-011  0.590098311097734E-012  0.872449744385457E-011
    110.48000000  0.000000000000000E+000  0.000000000000000E+000  0.000000000000000E+000 -0.000000000000000E+000 -0.000000000000000E+000 -0.000000000000000E+000  0.000000000000000E+000  0.000000000000000E+000  0.000000000000000E+000 -0.000000000000000E+000 -0.000000000000000E+000 -0.000000000000000E+000   0.244126009525043E-011  0.610653965866003E-012  0.873840523193806E-011
    110.56000000  0.000000000000000E+000  0.000000000000000E+000  0.000000000000000E+000 -0.000000000000000E+000 -0.000000000000000E+000 -0.000000000000000E+000  0.000000000000000E+000  0.000000000000000E+000  0.000000000000000E+000 -0.000000000000000E+000 -0.000000000000000E+000 -0.000000000000000E+000   0.247030513559928E-011  0.631367982416036E-012  0.875099479582180E-011
    110.64000000  0.000000000000000E+000  0.000000000000000E+000  0.000000000000000E+000 -0.000000000000000E+000 -0.000000000000000E+000 -0.000000000000000E+000  0.000000000000000E+000  0.000000000000000E+000  0.000000000000000E+000 -0.000000000000000E+000 -0.000000000000000E+000 -0.000000000000000E+000   0.249900696924071E-011  0.651949907503333E-012  0.876243513150387E-011
    110.72000000  0.000000000000000E+000  0.000000000000000E+000  0.000000000000000E+000 -0.000000000000000E+000 -0.000000000000000E+000 -0.000000000000000E+000  0.000000000000000E+000  0.000000000000000E+000  0.000000000000000E+000 -0.000000000000000E+000 -0.000000000000000E+000 -0.000000000000000E+000   0.252713730109407E-011  0.671978628722001E-012  0.877301854290164E-011
    110.80000000  0.000000000000000E+000  0.000000000000000E+000  0.000000000000000E+000 -0.000000000000000E+000 -0.000000000000000E+000 -0.000000000000000E+000  0.000000000000000E+000  0.000000000000000E+000  0.000000000000000E+000 -0.000000000000000E+000 -0.000000000000000E+000 -0.000000000000000E+000   0.255446749952429E-011  0.690992493790886E-012  0.878306153272265E-011
    110.88000000  0.000000000000000E+000  0.000000000000000E+000  0.000000000000000E+000 -0.000000000000000E+000 -0.000000000000000E+000 -0.000000000000000E+000  0.000000000000000E+000  0.000000000000000E+000  0.000000000000000E+000 -0.000000000000000E+000 -0.000000000000000E+000 -0.000000000000000E+000   0.258078972197101E-011  0.708579834909688E-012  0.879281702425202E-011
    110.96000000  0.000000000000000E+000  0.000000000000000E+000  0.000000000000000E+000 -0.000000000000000E+000 -0.000000000000000E+000 -0.000000000000000E+000  0.000000000000000E+000  0.000000000000000E+000  0.000000000000000E+000 -0.000000000000000E+000 -0.000000000000000E+000 -0.000000000000000E+000   0.260594063362792E-011  0.724483424109091E-012  0.880240235426598E-011
    111.04000000  0.000000000000000E+000  0.000000000000000E+000  0.000000000000000E+000 -0.000000000000000E+000 -0.000000000000000E+000 -0.000000000000000E+000  0.000000000000000E+000  0.000000000000000E+000  0.000000000000000E+000 -0.000000000000000E+000 -0.000000000000000E+000 -0.000000000000000E+000   0.262982082043402E-011  0.738650260718036E-012  0.881177153050682E-011
    111.12000000  0.000000000000000E+000  0.000000000000000E+000  0.000000000000000E+000 -0.000000000000000E+000 -0.000000000000000E+000 -0.000000000000000E+000  0.000000000000000E+000  0.000000000000000E+000  0.000000000000000E+000 -0.000000000000000E+000 -0.000000000000000E+000 -0.000000000000000E+000   0.265239741575414E-011  0.751249944323998E-012  0.882074030887758E-011
    111.20000000  0.000000000000000E+000  0.000000000000000E+000  0.000000000000000E+000 -0.000000000000000E+000 -0.000000000000000E+000 -0.000000000000000E+000  0.000000000000000E+000  0.000000000000000E+000  0.000000000000000E+000 -0.000000000000000E+000 -0.000000000000000E+000 -0.000000000000000E+000   0.267371453080542E-011  0.762632929224760E-012  0.882905535349397E-011
    111.28000000  0.000000000000000E+000  0.000000000000000E+000  0.000000000000000E+000 -0.000000000000000E+000 -0.000000000000000E+000 -0.000000000000000E+000  0.000000000000000E+000  0.000000000000000E+000  0.000000000000000E+000 -0.000000000000000E+000 -0.000000000000000E+000 -0.000000000000000E+000   0.269388851127279E-011  0.773240855387348E-012  0.883648326674887E-011
    111.36000000  0.000000000000000E+000  0.000000000000000E+000  0.000000000000000E+000 -0.000000000000000E+000 -0.000000000000000E+000 -0.000000000000000E+000  0.000000000000000E+000  0.000000000000000E+000  0.000000000000000E+000 -0.000000000000000E+000 -0.000000000000000E+000 -0.000000000000000E+000   0.271309291357972E-011  0.783514375703060E-012  0.884289119974386E-011
    111.44000000  0.000000000000000E+000  0.000000000000000E+000  0.000000000000000E+000 -0.000000000000000E+000 -0.000000000000000E+000 -0.000000000000000E+000  0.000000000000000E+000  0.000000000000000E+000  0.000000000000000E+000 -0.000000000000000E+000 -0.000000000000000E+000 -0.000000000000000E+000   0.273154573790566E-011  0.793781916091651E-012  0.884832106392014E-011
    111.52000000  0.000000000000000E+000  0.000000000000000E+000  0.000000000000000E+000 -0.000000000000000E+000 -0.000000000000000E+000 -0.000000000000000E+000  0.000000000000000E+000  0.000000000000000E+000  0.000000000000000E+000 -0.000000000000000E+000 -0.000000000000000E+000 -0.000000000000000E+000   0.274947866269457E-011  0.804221387855308E-012  0.885300426014582E-011
    111.60000000  0.000000000000000E+000  0.000000000000000E+000  0.000000000000000E+000 -0.000000000000000E+000 -0.000000000000000E+000 -0.000000000000000E+000  0.000000000000000E+000  0.000000000000000E+000  0.000000000000000E+000 -0.000000000000000E+000 -0.000000000000000E+000 -0.000000000000000E+000   0.276712491865670E-011  0.814838496607963E-012  0.885732987143666E-011
    111.68000000  0.000000000000000E+000  0.000000000000000E+000  0.000000000000000E+000 -0.000000000000000E+000 -0.000000000000000E+000 -0.000000000000000E+000  0.000000000000000E+000  0.000000000000000E+000  0.000000000000000E+000 -0.000000000000000E+000 -0.000000000000000E+000 -0.000000000000000E+000   0.278469362203899E-011  0.825517440020630E-012  0.886177323712234E-011
    111.76000000  0.000000000000000E+000  0.000000000000000E+000  0.000000000000000E+000 -0.000000000000000E+000 -0.000000000000000E+000 -0.000000000000000E+000  0.000000000000000E+000  0.000000000000000E+000  0.000000000000000E+000 -0.000000000000000E+000 -0.000000000000000E+000 -0.000000000000000E+000   0.280235682518535E-011  0.836092885795080E-012  0.886679183430176E-011
    111.84000000  0.000000000000000E+000  0.000000000000000E+000  0.000000000000000E+000 -0.000000000000000E+000 -0.000000000000000E+000 -0.000000000000000E+000  0.000000000000000E+000  0.000000000000000E+000  0.000000000000000E+000 -0.000000000000000E+000 -0.000000000000000E+000 -0.000000000000000E+000   0.282025414096013E-011  0.846446187830378E-012  0.887273366075167E-011
    111.92000000  0.000000000000000E+000  0.000000000000000E+000  0.000000000000000E+000 -0.000000000000000E+000 -0.000000000000000E+000 -0.000000000000000E+000  0.000000000000000E+000  0.000000000000000E+000  0.000000000000000E+000 -0.000000000000000E+000 -0.000000000000000E+000 -0.000000000000000E+000   0.283849000413369E-011  0.856577303963107E-012  0.887976619559099E-011
    112.00000000  0.000000000000000E+000  0.000000000000000E+000  0.000000000000000E+000 -0.000000000000000E+000 -0.000000000000000E+000 -0.000000000000000E+000  0.000000000000000E+000  0.000000000000000E+000  0.000000000000000E+000 -0.000000000000000E+000 -0.000000000000000E+000 -0.000000000000000E+000   0.285715495713219E-011  0.866633894498032E-012  0.888784816685702E-011
    112.08000000  0.000000000000000E+000  0.000000000000000E+000  0.000000000000000E+000 -0.000000000000000E+000 -0.000000000000000E+000 -0.000000000000000E+000  0.000000000000000E+000  0.000000000000000E+000  0.000000000000000E+000 -0.000000000000000E+000 -0.000000000000000E+000 -0.000000000000000E+000   0.287634193892032E-011  0.876903919014657E-012  0.889677213956911E-011
    112.16000000  0.000000000000000E+000  0.000000000000000E+000  0.000000000000000E+000 -0.000000000000000E+000 -0.000000000000000E+000 -0.000000000000000E+000  0.000000000000000E+000  0.000000000000000E+000  0.000000000000000E+000 -0.000000000000000E+000 -0.000000000000000E+000 -0.000000000000000E+000   0.289615168191882E-011  0.887752695419435E-012  0.890623749357767E-011
    112.24000000  0.000000000000000E+000  0.000000000000000E+000  0.000000000000000E+000 -0.000000000000000E+000 -0.000000000000000E+000 -0.000000000000000E+000  0.000000000000000E+000  0.000000000000000E+000  0.000000000000000E+000 -0.000000000000000E+000 -0.000000000000000E+000 -0.000000000000000E+000   0.291670797742046E-011  0.899535261023085E-012  0.891595046229628E-011
    112.32000000  0.000000000000000E+000  0.000000000000000E+000  0.000000000000000E+000 -0.000000000000000E+000 -0.000000000000000E+000 -0.000000000000000E+000  0.000000000000000E+000  0.000000000000000E+000  0.000000000000000E+000 -0.000000000000000E+000 -0.000000000000000E+000 -0.000000000000000E+000   0.293813568887348E-011  0.912507494063604E-012  0.892570941724926E-011
    112.40000000  0.000000000000000E+000  0.000000000000000E+000  0.000000000000000E+000 -0.000000000000000E+000 -0.000000000000000E+000 -0.000000000000000E+000  0.000000000000000E+000  0.000000000000000E+000  0.000000000000000E+000 -0.000000000000000E+000 -0.000000000000000E+000 -0.000000000000000E+000   0.296055118931886E-011  0.926747987904723E-012  0.893546821057580E-011
    112.48000000  0.000000000000000E+000  0.000000000000000E+000  0.000000000000000E+000 -0.000000000000000E+000 -0.000000000000000E+000 -0.000000000000000E+000  0.000000000000000E+000  0.000000000000000E+000  0.000000000000000E+000 -0.000000000000000E+000 -0.000000000000000E+000 -0.000000000000000E+000   0.298403683495439E-011  0.942131424084641E-012  0.894534520000918E-011
    112.56000000  0.000000000000000E+000  0.000000000000000E+000  0.000000000000000E+000 -0.000000000000000E+000 -0.000000000000000E+000 -0.000000000000000E+000  0.000000000000000E+000  0.000000000000000E+000  0.000000000000000E+000 -0.000000000000000E+000 -0.000000000000000E+000 -0.000000000000000E+000   0.300861296059415E-011  0.958342186080519E-012  0.895558878931770E-011
    112.64000000  0.000000000000000E+000  0.000000000000000E+000  0.000000000000000E+000 -0.000000000000000E+000 -0.000000000000000E+000 -0.000000000000000E+000  0.000000000000000E+000  0.000000000000000E+000  0.000000000000000E+000 -0.000000000000000E+000 -0.000000000000000E+000 -0.000000000000000E+000   0.303423603150536E-011  0.974933505046721E-012  0.896649276616947E-011
    112.72000000  0.000000000000000E+000  0.000000000000000E+000  0.000000000000000E+000 -0.000000000000000E+000 -0.000000000000000E+000 -0.000000000000000E+000  0.000000000000000E+000  0.000000000000000E+000  0.000000000000000E+000 -0.000000000000000E+000 -0.000000000000000E+000 -0.000000000000000E+000   0.306077176849602E-011  0.991426254475135E-012  0.897831686826108E-011
    112.80000000  0.000000000000000E+000  0.000000000000000E+000  0.000000000000000E+000 -0.000000000000000E+000 -0.000000000000000E+000 -0.000000000000000E+000  0.000000000000000E+000  0.000000000000000E+000  0.000000000000000E+000 -0.000000000000000E+000 -0.000000000000000E+000 -0.000000000000000E+000   0.308801957659615E-011  0.100739214815549E-011  0.899119434403950E-011
    112.88000000  0.000000000000000E+000  0.000000000000000E+000  0.000000000000000E+000 -0.000000000000000E+000 -0.000000000000000E+000 -0.000000000000000E+000  0.000000000000000E+000  0.000000000000000E+000  0.000000000000000E+000 -0.000000000000000E+000 -0.000000000000000E+000 -0.000000000000000E+000   0.311572215781503E-011  0.102253421257190E-011  0.900507678990109E-011
    112.96000000  0.000000000000000E+000  0.000000000000000E+000  0.000000000000000E+000 -0.000000000000000E+000 -0.000000000000000E+000 -0.000000000000000E+000  0.000000000000000E+000  0.000000000000000E+000  0.000000000000000E+000 -0.000000000000000E+000 -0.000000000000000E+000 -0.000000000000000E+000   0.314359162535526E-011  0.103671090337392E-011  0.901973672918726E-011
    113.04000000  0.000000000000000E+000  0.000000000000000E+000  0.000000000000000E+000 -0.000000000000000E+000 -0.000000000000000E+000 -0.000000000000000E+000  0.000000000000000E+000  0.000000000000000E+000  0.000000000000000E+000 -0.000000000000000E+000 -0.000000000000000E+000 -0.000000000000000E+000   0.317134247540545E-011  0.104992637390919E-011  0.903479588877949E-011
    113.12000000  0.000000000000000E+000  0.000000000000000E+000  0.000000000000000E+000 -0.000000000000000E+000 -0.000000000000000E+000 -0.000000000000000E+000  0.000000000000000E+000  0.000000000000000E+000  0.000000000000000E+000 -0.000000000000000E+000 -0.000000000000000E+000 -0.000000000000000E+000   0.319872377539612E-011  0.106226971347178E-011  0.904981485258007E-011
    113.20000000  0.000000000000000E+000  0.000000000000000E+000  0.000000000000000E+000 -0.000000000000000E+000 -0.000000000000000E+000 -0.000000000000000E+000  0.000000000000000E+000  0.000000000000000E+000  0.000000000000000E+000 -0.000000000000000E+000 -0.000000000000000E+000 -0.000000000000000E+000   0.322553231722926E-011  0.107383807962692E-011  0.906438023939789E-011
    113.28000000  0.000000000000000E+000  0.000000000000000E+000  0.000000000000000E+000 -0.000000000000000E+000 -0.000000000000000E+000 -0.000000000000000E+000  0.000000000000000E+000  0.000000000000000E+000  0.000000000000000E+000 -0.000000000000000E+000 -0.000000000000000E+000 -0.000000000000000E+000   0.325163246520530E-011  0.108466802303840E-011  0.907819995914435E-011
    113.36000000  0.000000000000000E+000  0.000000000000000E+000  0.000000000000000E+000 -0.000000000000000E+000 -0.000000000000000E+000 -0.000000000000000E+000  0.000000000000000E+000  0.000000000000000E+000  0.000000000000000E+000 -0.000000000000000E+000 -0.000000000000000E+000 -0.000000000000000E+000   0.327694605487290E-011  0.109468640147009E-011  0.909115457289567E-011
    113.44000000  0.000000000000000E+000  0.000000000000000E+000  0.000000000000000E+000 -0.000000000000000E+000 -0.000000000000000E+000 -0.000000000000000E+000  0.000000000000000E+000  0.000000000000000E+000  0.000000000000000E+000 -0.000000000000000E+000 -0.000000000000000E+000 -0.000000000000000E+000   0.330143147319743E-011  0.110371157491802E-011  0.910330180036307E-011
    113.52000000  0.000000000000000E+000  0.000000000000000E+000  0.000000000000000E+000 -0.000000000000000E+000 -0.000000000000000E+000 -0.000000000000000E+000  0.000000000000000E+000  0.000000000000000E+000  0.000000000000000E+000 -0.000000000000000E+000 -0.000000000000000E+000 -0.000000000000000E+000   0.332506409348024E-011  0.111148436811551E-011  0.911484289657482E-011
    113.60000000  0.000000000000000E+000  0.000000000000000E+000  0.000000000000000E+000 -0.000000000000000E+000 -0.000000000000000E+000 -0.000000000000000E+000  0.000000000000000E+000  0.000000000000000E+000  0.000000000000000E+000 -0.000000000000000E+000 -0.000000000000000E+000 -0.000000000000000E+000   0.334781241487974E-011  0.111773196567922E-011  0.912604403818371E-011
    113.68000000  0.000000000000000E+000  0.000000000000000E+000  0.000000000000000E+000 -0.000000000000000E+000 -0.000000000000000E+000 -0.000000000000000E+000  0.000000000000000E+000  0.000000000000000E+000  0.000000000000000E+000 -0.000000000000000E+000 -0.000000000000000E+000 -0.000000000000000E+000   0.336963056736192E-011  0.112225320468788E-011  0.913714065768372E-011
    113.76000000  0.000000000000000E+000  0.000000000000000E+000  0.000000000000000E+000 -0.000000000000000E+000 -0.000000000000000E+000 -0.000000000000000E+000  0.000000000000000E+000  0.000000000000000E+000  0.000000000000000E+000 -0.000000000000000E+000 -0.000000000000000E+000 -0.000000000000000E+000   0.339045340543459E-011  0.112496931032449E-011  0.914826499963095E-011
    113.84000000  0.000000000000000E+000  0.000000000000000E+000  0.000000000000000E+000 -0.000000000000000E+000 -0.000000000000000E+000 -0.000000000000000E+000  0.000000000000000E+000  0.000000000000000E+000  0.000000000000000E+000 -0.000000000000000E+000 -0.000000000000000E+000 -0.000000000000000E+000   0.341021871948448E-011  0.112597549561759E-011  0.915939910642496E-011
    113.92000000  0.000000000000000E+000  0.000000000000000E+000  0.000000000000000E+000 -0.000000000000000E+000 -0.000000000000000E+000 -0.000000000000000E+000  0.000000000000000E+000  0.000000000000000E+000  0.000000000000000E+000 -0.000000000000000E+000 -0.000000000000000E+000 -0.000000000000000E+000   0.342888091981413E-011  0.112552301036619E-011  0.917037065115768E-011
    114.00000000  0.000000000000000E+000  0.000000000000000E+000  0.000000000000000E+000 -0.000000000000000E+000 -0.000000000000000E+000 -0.000000000000000E+000  0.000000000000000E+000  0.000000000000000E+000  0.000000000000000E+000 -0.000000000000000E+000 -0.000000000000000E+000 -0.000000000000000E+000   0.344644562118534E-011  0.112398861106065E-011  0.918090202687452E-011
    114.08000000  0.000000000000000E+000  0.000000000000000E+000  0.000000000000000E+000 -0.000000000000000E+000 -0.000000000000000E+000 -0.000000000000000E+000  0.000000000000000E+000  0.000000000000000E+000  0.000000000000000E+000 -0.000000000000000E+000 -0.000000000000000E+000 -0.000000000000000E+000   0.346297813146968E-011  0.112180521636578E-011  0.919068356736498E-011
    114.16000000  0.000000000000000E+000  0.000000000000000E+000  0.000000000000000E+000 -0.000000000000000E+000 -0.000000000000000E+000 -0.000000000000000E+000  0.000000000000000E+000  0.000000000000000E+000  0.000000000000000E+000 -0.000000000000000E+000 -0.000000000000000E+000 -0.000000000000000E+000   0.347861165569585E-011  0.111938344376103E-011  0.919945081965693E-011
    114.24000000  0.000000000000000E+000  0.000000000000000E+000  0.000000000000000E+000 -0.000000000000000E+000 -0.000000000000000E+000 -0.000000000000000E+000  0.000000000000000E+000  0.000000000000000E+000  0.000000000000000E+000 -0.000000000000000E+000 -0.000000000000000E+000 -0.000000000000000E+000   0.349354311183247E-011  0.111705801029947E-011  0.920706434631597E-011
    114.32000000  0.000000000000000E+000  0.000000000000000E+000  0.000000000000000E+000 -0.000000000000000E+000 -0.000000000000000E+000 -0.000000000000000E+000  0.000000000000000E+000  0.000000000000000E+000  0.000000000000000E+000 -0.000000000000000E+000 -0.000000000000000E+000 -0.000000000000000E+000   0.350801534861753E-011  0.111503622949093E-011  0.921354283778290E-011
    114.40000000  0.000000000000000E+000  0.000000000000000E+000  0.000000000000000E+000 -0.000000000000000E+000 -0.000000000000000E+000 -0.000000000000000E+000  0.000000000000000E+000  0.000000000000000E+000  0.000000000000000E+000 -0.000000000000000E+000 -0.000000000000000E+000 -0.000000000000000E+000   0.352228532096202E-011  0.111341777314543E-011  0.921906824125228E-011
    114.48000000  0.000000000000000E+000  0.000000000000000E+000  0.000000000000000E+000 -0.000000000000000E+000 -0.000000000000000E+000 -0.000000000000000E+000  0.000000000000000E+000  0.000000000000000E+000  0.000000000000000E+000 -0.000000000000000E+000 -0.000000000000000E+000 -0.000000000000000E+000   0.353659606708836E-011  0.111221423921453E-011  0.922393657503783E-011
    114.56000000  0.000000000000000E+000  0.000000000000000E+000  0.000000000000000E+000 -0.000000000000000E+000 -0.000000000000000E+000 -0.000000000000000E+000  0.000000000000000E+000  0.000000000000000E+000  0.000000000000000E+000 -0.000000000000000E+000 -0.000000000000000E+000 -0.000000000000000E+000   0.355115279283744E-011  0.111140469029863E-011  0.922849374179598E-011
    114.64000000  0.000000000000000E+000  0.000000000000000E+000  0.000000000000000E+000 -0.000000000000000E+000 -0.000000000000000E+000 -0.000000000000000E+000  0.000000000000000E+000  0.000000000000000E+000  0.000000000000000E+000 -0.000000000000000E+000 -0.000000000000000E+000 -0.000000000000000E+000   0.356609319138322E-011  0.111099087643056E-011  0.923305009741029E-011
    114.72000000  0.000000000000000E+000  0.000000000000000E+000  0.000000000000000E+000 -0.000000000000000E+000 -0.000000000000000E+000 -0.000000000000000E+000  0.000000000000000E+000  0.000000000000000E+000  0.000000000000000E+000 -0.000000000000000E+000 -0.000000000000000E+000 -0.000000000000000E+000   0.358149364451779E-011  0.111102029168880E-011  0.923781547816843E-011
    114.80000000  0.000000000000000E+000  0.000000000000000E+000  0.000000000000000E+000 -0.000000000000000E+000 -0.000000000000000E+000 -0.000000000000000E+000  0.000000000000000E+000  0.000000000000000E+000  0.000000000000000E+000 -0.000000000000000E+000 -0.000000000000000E+000 -0.000000000000000E+000   0.359738101385192E-011  0.111160811950362E-011  0.924285580255861E-011
    114.88000000  0.000000000000000E+000  0.000000000000000E+000  0.000000000000000E+000 -0.000000000000000E+000 -0.000000000000000E+000 -0.000000000000000E+000  0.000000000000000E+000  0.000000000000000E+000  0.000000000000000E+000 -0.000000000000000E+000 -0.000000000000000E+000 -0.000000000000000E+000   0.361374258284859E-011  0.111289429925484E-011  0.924810151399200E-011
    114.96000000  0.000000000000000E+000  0.000000000000000E+000  0.000000000000000E+000 -0.000000000000000E+000 -0.000000000000000E+000 -0.000000000000000E+000  0.000000000000000E+000  0.000000000000000E+000  0.000000000000000E+000 -0.000000000000000E+000 -0.000000000000000E+000 -0.000000000000000E+000   0.363056289685837E-011  0.111500647792924E-011  0.925339081035273E-011
    115.04000000  0.000000000000000E+000  0.000000000000000E+000  0.000000000000000E+000 -0.000000000000000E+000 -0.000000000000000E+000 -0.000000000000000E+000  0.000000000000000E+000  0.000000000000000E+000  0.000000000000000E+000 -0.000000000000000E+000 -0.000000000000000E+000 -0.000000000000000E+000   0.364784399578756E-011  0.111801745568711E-011  0.925853022379423E-011
    115.12000000  0.000000000000000E+000  0.000000000000000E+000  0.000000000000000E+000 -0.000000000000000E+000 -0.000000000000000E+000 -0.000000000000000E+000  0.000000000000000E+000  0.000000000000000E+000  0.000000000000000E+000 -0.000000000000000E+000 -0.000000000000000E+000 -0.000000000000000E+000   0.366560759404731E-011  0.112189477146522E-011  0.926337572809681E-011
    115.20000000  0.000000000000000E+000  0.000000000000000E+000  0.000000000000000E+000 -0.000000000000000E+000 -0.000000000000000E+000 -0.000000000000000E+000  0.000000000000000E+000  0.000000000000000E+000  0.000000000000000E+000 -0.000000000000000E+000 -0.000000000000000E+000 -0.000000000000000E+000   0.368388854221219E-011  0.112648900589099E-011  0.926788722484623E-011
    115.28000000  0.000000000000000E+000  0.000000000000000E+000  0.000000000000000E+000 -0.000000000000000E+000 -0.000000000000000E+000 -0.000000000000000E+000  0.000000000000000E+000  0.000000000000000E+000  0.000000000000000E+000 -0.000000000000000E+000 -0.000000000000000E+000 -0.000000000000000E+000   0.370271972373252E-011  0.113154715687383E-011  0.927216071110985E-011
    115.36000000  0.000000000000000E+000  0.000000000000000E+000  0.000000000000000E+000 -0.000000000000000E+000 -0.000000000000000E+000 -0.000000000000000E+000  0.000000000000000E+000  0.000000000000000E+000  0.000000000000000E+000 -0.000000000000000E+000 -0.000000000000000E+000 -0.000000000000000E+000   0.372209905528372E-011  0.113673243005945E-011  0.927640650403908E-011
    115.44000000  0.000000000000000E+000  0.000000000000000E+000  0.000000000000000E+000 -0.000000000000000E+000 -0.000000000000000E+000 -0.000000000000000E+000  0.000000000000000E+000  0.000000000000000E+000  0.000000000000000E+000 -0.000000000000000E+000 -0.000000000000000E+000 -0.000000000000000E+000   0.374197016010961E-011  0.114169075111948E-011  0.928090994657181E-011
    115.52000000  0.000000000000000E+000  0.000000000000000E+000  0.000000000000000E+000 -0.000000000000000E+000 -0.000000000000000E+000 -0.000000000000000E+000  0.000000000000000E+000  0.000000000000000E+000  0.000000000000000E+000 -0.000000000000000E+000 -0.000000000000000E+000 -0.000000000000000E+000   0.376220268272582E-011  0.114608130888115E-011  0.928596255256326E-011
    115.60000000  0.000000000000000E+000  0.000000000000000E+000  0.000000000000000E+000 -0.000000000000000E+000 -0.000000000000000E+000 -0.000000000000000E+000  0.000000000000000E+000  0.000000000000000E+000  0.000000000000000E+000 -0.000000000000000E+000 -0.000000000000000E+000 -0.000000000000000E+000   0.378260273942397E-011  0.114962485327144E-011  0.929180159463944E-011
    115.68000000  0.000000000000000E+000  0.000000000000000E+000  0.000000000000000E+000 -0.000000000000000E+000 -0.000000000000000E+000 -0.000000000000000E+000  0.000000000000000E+000  0.000000000000000E+000  0.000000000000000E+000 -0.000000000000000E+000 -0.000000000000000E+000 -0.000000000000000E+000   0.380292616260440E-011  0.115211012097174E-011  0.929855288643132E-011
    115.76000000  0.000000000000000E+000  0.000000000000000E+000  0.000000000000000E+000 -0.000000000000000E+000 -0.000000000000000E+000 -0.000000000000000E+000  0.000000000000000E+000  0.000000000000000E+000  0.000000000000000E+000 -0.000000000000000E+000 -0.000000000000000E+000 -0.000000000000000E+000   0.382290195869480E-011  0.115338658732559E-011  0.930621616993896E-011
    115.84000000  0.000000000000000E+000  0.000000000000000E+000  0.000000000000000E+000 -0.000000000000000E+000 -0.000000000000000E+000 -0.000000000000000E+000  0.000000000000000E+000  0.000000000000000E+000  0.000000000000000E+000 -0.000000000000000E+000 -0.000000000000000E+000 -0.000000000000000E+000   0.384227755401503E-011  0.115333842766742E-011  0.931467694437791E-011
    115.92000000  0.000000000000000E+000  0.000000000000000E+000  0.000000000000000E+000 -0.000000000000000E+000 -0.000000000000000E+000 -0.000000000000000E+000  0.000000000000000E+000  0.000000000000000E+000  0.000000000000000E+000 -0.000000000000000E+000 -0.000000000000000E+000 -0.000000000000000E+000   0.386084178212198E-011  0.115185140598903E-011  0.932374169170708E-011
    116.00000000  0.000000000000000E+000  0.000000000000000E+000  0.000000000000000E+000 -0.000000000000000E+000 -0.000000000000000E+000 -0.000000000000000E+000  0.000000000000000E+000  0.000000000000000E+000  0.000000000000000E+000 -0.000000000000000E+000 -0.000000000000000E+000 -0.000000000000000E+000   0.387845635453438E-011  0.114878878205990E-011  0.933320274203535E-011
    116.08000000  0.000000000000000E+000  0.000000000000000E+000  0.000000000000000E+000 -0.000000000000000E+000 -0.000000000000000E+000 -0.000000000000000E+000  0.000000000000000E+000  0.000000000000000E+000  0.000000000000000E+000 -0.000000000000000E+000 -0.000000000000000E+000 -0.000000000000000E+000   0.389504871328058E-011  0.114398016698332E-011  0.934288836376194E-011
    116.16000000  0.000000000000000E+000  0.000000000000000E+000  0.000000000000000E+000 -0.000000000000000E+000 -0.000000000000000E+000 -0.000000000000000E+000  0.000000000000000E+000  0.000000000000000E+000  0.000000000000000E+000 -0.000000000000000E+000 -0.000000000000000E+000 -0.000000000000000E+000   0.391061086086373E-011  0.113724992954431E-011  0.935270878595086E-011
    116.24000000  0.000000000000000E+000  0.000000000000000E+000  0.000000000000000E+000 -0.000000000000000E+000 -0.000000000000000E+000 -0.000000000000000E+000  0.000000000000000E+000  0.000000000000000E+000  0.000000000000000E+000 -0.000000000000000E+000 -0.000000000000000E+000 -0.000000000000000E+000   0.392516505730969E-011  0.112844582993881E-011  0.936267343915324E-011
    116.32000000  0.000000000000000E+000  0.000000000000000E+000  0.000000000000000E+000 -0.000000000000000E+000 -0.000000000000000E+000 -0.000000000000000E+000  0.000000000000000E+000  0.000000000000000E+000  0.000000000000000E+000 -0.000000000000000E+000 -0.000000000000000E+000 -0.000000000000000E+000   0.393872083431157E-011  0.111748980360260E-011  0.937287078623520E-011
    116.40000000  0.000000000000000E+000  0.000000000000000E+000  0.000000000000000E+000 -0.000000000000000E+000 -0.000000000000000E+000 -0.000000000000000E+000  0.000000000000000E+000  0.000000000000000E+000  0.000000000000000E+000 -0.000000000000000E+000 -0.000000000000000E+000 -0.000000000000000E+000   0.395125689206518E-011  0.110441132000404E-011  0.938343138320837E-011
    116.48000000  0.000000000000000E+000  0.000000000000000E+000  0.000000000000000E+000 -0.000000000000000E+000 -0.000000000000000E+000 -0.000000000000000E+000  0.000000000000000E+000  0.000000000000000E+000  0.000000000000000E+000 -0.000000000000000E+000 -0.000000000000000E+000 -0.000000000000000E+000   0.396269533541290E-011  0.108935384945825E-011  0.939446613190830E-011
    116.56000000  0.000000000000000E+000  0.000000000000000E+000  0.000000000000000E+000 -0.000000000000000E+000 -0.000000000000000E+000 -0.000000000000000E+000  0.000000000000000E+000  0.000000000000000E+000  0.000000000000000E+000 -0.000000000000000E+000 -0.000000000000000E+000 -0.000000000000000E+000   0.397291580260425E-011  0.107257141551479E-011  0.940602438059997E-011
    116.64000000  0.000000000000000E+000  0.000000000000000E+000  0.000000000000000E+000 -0.000000000000000E+000 -0.000000000000000E+000 -0.000000000000000E+000  0.000000000000000E+000  0.000000000000000E+000  0.000000000000000E+000 -0.000000000000000E+000 -0.000000000000000E+000 -0.000000000000000E+000   0.398177446317825E-011  0.105437980510698E-011  0.941805130378964E-011
    116.72000000  0.000000000000000E+000  0.000000000000000E+000  0.000000000000000E+000 -0.000000000000000E+000 -0.000000000000000E+000 -0.000000000000000E+000  0.000000000000000E+000  0.000000000000000E+000  0.000000000000000E+000 -0.000000000000000E+000 -0.000000000000000E+000 -0.000000000000000E+000   0.398915812191059E-011  0.103511877582409E-011  0.943039182944603E-011
    116.80000000  0.000000000000000E+000  0.000000000000000E+000  0.000000000000000E+000 -0.000000000000000E+000 -0.000000000000000E+000 -0.000000000000000E+000  0.000000000000000E+000  0.000000000000000E+000  0.000000000000000E+000 -0.000000000000000E+000 -0.000000000000000E+000 -0.000000000000000E+000   0.399501983510594E-011  0.101508604908073E-011  0.944280836369806E-011
    116.88000000  0.000000000000000E+000  0.000000000000000E+000  0.000000000000000E+000 -0.000000000000000E+000 -0.000000000000000E+000 -0.000000000000000E+000  0.000000000000000E+000  0.000000000000000E+000  0.000000000000000E+000 -0.000000000000000E+000 -0.000000000000000E+000 -0.000000000000000E+000   0.399941682078104E-011  0.994519057623495E-012  0.945503255847691E-011
    116.96000000  0.000000000000000E+000  0.000000000000000E+000  0.000000000000000E+000 -0.000000000000000E+000 -0.000000000000000E+000 -0.000000000000000E+000  0.000000000000000E+000  0.000000000000000E+000  0.000000000000000E+000 -0.000000000000000E+000 -0.000000000000000E+000 -0.000000000000000E+000   0.400250999034958E-011  0.973574778617626E-012  0.946681283269958E-011
    117.04000000  0.000000000000000E+000  0.000000000000000E+000  0.000000000000000E+000 -0.000000000000000E+000 -0.000000000000000E+000 -0.000000000000000E+000  0.000000000000000E+000  0.000000000000000E+000  0.000000000000000E+000 -0.000000000000000E+000 -0.000000000000000E+000 -0.000000000000000E+000   0.400456045959935E-011  0.952351363982296E-012  0.947795191879246E-011
    117.12000000  0.000000000000000E+000  0.000000000000000E+000  0.000000000000000E+000 -0.000000000000000E+000 -0.000000000000000E+000 -0.000000000000000E+000  0.000000000000000E+000  0.000000000000000E+000  0.000000000000000E+000 -0.000000000000000E+000 -0.000000000000000E+000 -0.000000000000000E+000   0.400587136342665E-011  0.930928702853418E-012  0.948834487903583E-011
    117.20000000  0.000000000000000E+000  0.000000000000000E+000  0.000000000000000E+000 -0.000000000000000E+000 -0.000000000000000E+000 -0.000000000000000E+000  0.000000000000000E+000  0.000000000000000E+000  0.000000000000000E+000 -0.000000000000000E+000 -0.000000000000000E+000 -0.000000000000000E+000   0.400674680698833E-011  0.909408793558150E-012  0.949796687917661E-011
    117.28000000  0.000000000000000E+000  0.000000000000000E+000  0.000000000000000E+000 -0.000000000000000E+000 -0.000000000000000E+000 -0.000000000000000E+000  0.000000000000000E+000  0.000000000000000E+000  0.000000000000000E+000 -0.000000000000000E+000 -0.000000000000000E+000 -0.000000000000000E+000   0.400741948366205E-011  0.887963688189437E-012  0.950685464555949E-011
    117.36000000  0.000000000000000E+000  0.000000000000000E+000  0.000000000000000E+000 -0.000000000000000E+000 -0.000000000000000E+000 -0.000000000000000E+000  0.000000000000000E+000  0.000000000000000E+000  0.000000000000000E+000 -0.000000000000000E+000 -0.000000000000000E+000 -0.000000000000000E+000   0.400802747889213E-011  0.866839087288357E-012  0.951507055996502E-011
    117.44000000  0.000000000000000E+000  0.000000000000000E+000  0.000000000000000E+000 -0.000000000000000E+000 -0.000000000000000E+000 -0.000000000000000E+000  0.000000000000000E+000  0.000000000000000E+000  0.000000000000000E+000 -0.000000000000000E+000 -0.000000000000000E+000 -0.000000000000000E+000   0.400859537219436E-011  0.846354789085292E-012  0.952266640308585E-011
    117.52000000  0.000000000000000E+000  0.000000000000000E+000  0.000000000000000E+000 -0.000000000000000E+000 -0.000000000000000E+000 -0.000000000000000E+000  0.000000000000000E+000  0.000000000000000E+000  0.000000000000000E+000 -0.000000000000000E+000 -0.000000000000000E+000 -0.000000000000000E+000   0.400904605069311E-011  0.826839691077749E-012  0.952965268766750E-011
    117.60000000  0.000000000000000E+000  0.000000000000000E+000  0.000000000000000E+000 -0.000000000000000E+000 -0.000000000000000E+000 -0.000000000000000E+000  0.000000000000000E+000  0.000000000000000E+000  0.000000000000000E+000 -0.000000000000000E+000 -0.000000000000000E+000 -0.000000000000000E+000   0.400925736295139E-011  0.808578702773701E-012  0.953598443638594E-011
    117.68000000  0.000000000000000E+000  0.000000000000000E+000  0.000000000000000E+000 -0.000000000000000E+000 -0.000000000000000E+000 -0.000000000000000E+000  0.000000000000000E+000  0.000000000000000E+000  0.000000000000000E+000 -0.000000000000000E+000 -0.000000000000000E+000 -0.000000000000000E+000   0.400911178998678E-011  0.791739726181112E-012  0.954156745014243E-011
    117.76000000  0.000000000000000E+000  0.000000000000000E+000  0.000000000000000E+000 -0.000000000000000E+000 -0.000000000000000E+000 -0.000000000000000E+000  0.000000000000000E+000  0.000000000000000E+000  0.000000000000000E+000 -0.000000000000000E+000 -0.000000000000000E+000 -0.000000000000000E+000   0.400857841371636E-011  0.776328373803035E-012  0.954629437685963E-011
    117.84000000  0.000000000000000E+000  0.000000000000000E+000  0.000000000000000E+000 -0.000000000000000E+000 -0.000000000000000E+000 -0.000000000000000E+000  0.000000000000000E+000  0.000000000000000E+000  0.000000000000000E+000 -0.000000000000000E+000 -0.000000000000000E+000 -0.000000000000000E+000   0.400773297093229E-011  0.762186510235102E-012  0.955007408834106E-011
    117.92000000  0.000000000000000E+000  0.000000000000000E+000  0.000000000000000E+000 -0.000000000000000E+000 -0.000000000000000E+000 -0.000000000000000E+000  0.000000000000000E+000  0.000000000000000E+000  0.000000000000000E+000 -0.000000000000000E+000 -0.000000000000000E+000 -0.000000000000000E+000   0.400678269131954E-011  0.749017742461330E-012  0.955286593102081E-011
    118.00000000  0.000000000000000E+000  0.000000000000000E+000  0.000000000000000E+000 -0.000000000000000E+000 -0.000000000000000E+000 -0.000000000000000E+000  0.000000000000000E+000  0.000000000000000E+000  0.000000000000000E+000 -0.000000000000000E+000 -0.000000000000000E+000 -0.000000000000000E+000   0.400603309351336E-011  0.736454431830474E-012  0.955471488523457E-011
    118.08000000  0.000000000000000E+000  0.000000000000000E+000  0.000000000000000E+000 -0.000000000000000E+000 -0.000000000000000E+000 -0.000000000000000E+000  0.000000000000000E+000  0.000000000000000E+000  0.000000000000000E+000 -0.000000000000000E+000 -0.000000000000000E+000 -0.000000000000000E+000   0.400582074072216E-011  0.724131182132587E-012  0.955573738024118E-011
    118.16000000  0.000000000000000E+000  0.000000000000000E+000  0.000000000000000E+000 -0.000000000000000E+000 -0.000000000000000E+000 -0.000000000000000E+000  0.000000000000000E+000  0.000000000000000E+000  0.000000000000000E+000 -0.000000000000000E+000 -0.000000000000000E+000 -0.000000000000000E+000   0.400644127731029E-011  0.711771307232007E-012  0.955611631492381E-011
    118.24000000  0.000000000000000E+000  0.000000000000000E+000  0.000000000000000E+000 -0.000000000000000E+000 -0.000000000000000E+000 -0.000000000000000E+000  0.000000000000000E+000  0.000000000000000E+000  0.000000000000000E+000 -0.000000000000000E+000 -0.000000000000000E+000 -0.000000000000000E+000   0.400806531227753E-011  0.699210765583226E-012  0.955605166434982E-011
    118.32000000  0.000000000000000E+000  0.000000000000000E+000  0.000000000000000E+000 -0.000000000000000E+000 -0.000000000000000E+000 -0.000000000000000E+000  0.000000000000000E+000  0.000000000000000E+000  0.000000000000000E+000 -0.000000000000000E+000 -0.000000000000000E+000 -0.000000000000000E+000   0.401069466818780E-011  0.686420082447463E-012  0.955573878568844E-011
    118.40000000  0.000000000000000E+000  0.000000000000000E+000  0.000000000000000E+000 -0.000000000000000E+000 -0.000000000000000E+000 -0.000000000000000E+000  0.000000000000000E+000  0.000000000000000E+000  0.000000000000000E+000 -0.000000000000000E+000 -0.000000000000000E+000 -0.000000000000000E+000   0.401416064343405E-011  0.673450345581669E-012  0.955532739922857E-011
    118.48000000  0.000000000000000E+000  0.000000000000000E+000  0.000000000000000E+000 -0.000000000000000E+000 -0.000000000000000E+000 -0.000000000000000E+000  0.000000000000000E+000  0.000000000000000E+000  0.000000000000000E+000 -0.000000000000000E+000 -0.000000000000000E+000 -0.000000000000000E+000   0.401814667833793E-011  0.660390399330533E-012  0.955491093709630E-011
    118.56000000  0.000000000000000E+000  0.000000000000000E+000  0.000000000000000E+000 -0.000000000000000E+000 -0.000000000000000E+000 -0.000000000000000E+000  0.000000000000000E+000  0.000000000000000E+000  0.000000000000000E+000 -0.000000000000000E+000 -0.000000000000000E+000 -0.000000000000000E+000   0.402229057809758E-011  0.647276739143850E-012  0.955454480001487E-011
    118.64000000  0.000000000000000E+000  0.000000000000000E+000  0.000000000000000E+000 -0.000000000000000E+000 -0.000000000000000E+000 -0.000000000000000E+000  0.000000000000000E+000  0.000000000000000E+000  0.000000000000000E+000 -0.000000000000000E+000 -0.000000000000000E+000 -0.000000000000000E+000   0.402625559855324E-011  0.634043619453631E-012  0.955426195174588E-011
    118.72000000  0.000000000000000E+000  0.000000000000000E+000  0.000000000000000E+000 -0.000000000000000E+000 -0.000000000000000E+000 -0.000000000000000E+000  0.000000000000000E+000  0.000000000000000E+000  0.000000000000000E+000 -0.000000000000000E+000 -0.000000000000000E+000 -0.000000000000000E+000   0.402982471028795E-011  0.620490301984451E-012  0.955409679563051E-011
    118.80000000  0.000000000000000E+000  0.000000000000000E+000  0.000000000000000E+000 -0.000000000000000E+000 -0.000000000000000E+000 -0.000000000000000E+000  0.000000000000000E+000  0.000000000000000E+000  0.000000000000000E+000 -0.000000000000000E+000 -0.000000000000000E+000 -0.000000000000000E+000   0.403295733552958E-011  0.606291521567054E-012  0.955412907975797E-011
    118.88000000  0.000000000000000E+000  0.000000000000000E+000  0.000000000000000E+000 -0.000000000000000E+000 -0.000000000000000E+000 -0.000000000000000E+000  0.000000000000000E+000  0.000000000000000E+000  0.000000000000000E+000 -0.000000000000000E+000 -0.000000000000000E+000 -0.000000000000000E+000   0.403578873929096E-011  0.591059383290580E-012  0.955446827541931E-011
    118.96000000  0.000000000000000E+000  0.000000000000000E+000  0.000000000000000E+000 -0.000000000000000E+000 -0.000000000000000E+000 -0.000000000000000E+000  0.000000000000000E+000  0.000000000000000E+000  0.000000000000000E+000 -0.000000000000000E+000 -0.000000000000000E+000 -0.000000000000000E+000   0.403859009182921E-011  0.574416521302903E-012  0.955526929201547E-011
    119.04000000  0.000000000000000E+000  0.000000000000000E+000  0.000000000000000E+000 -0.000000000000000E+000 -0.000000000000000E+000 -0.000000000000000E+000  0.000000000000000E+000  0.000000000000000E+000  0.000000000000000E+000 -0.000000000000000E+000 -0.000000000000000E+000 -0.000000000000000E+000   0.404167855766693E-011  0.556091899617321E-012  0.955670392640014E-011
    119.12000000  0.000000000000000E+000  0.000000000000000E+000  0.000000000000000E+000 -0.000000000000000E+000 -0.000000000000000E+000 -0.000000000000000E+000  0.000000000000000E+000  0.000000000000000E+000  0.000000000000000E+000 -0.000000000000000E+000 -0.000000000000000E+000 -0.000000000000000E+000   0.404531615508985E-011  0.535980546632801E-012  0.955892443167895E-011
    119.20000000  0.000000000000000E+000  0.000000000000000E+000  0.000000000000000E+000 -0.000000000000000E+000 -0.000000000000000E+000 -0.000000000000000E+000  0.000000000000000E+000  0.000000000000000E+000  0.000000000000000E+000 -0.000000000000000E+000 -0.000000000000000E+000 -0.000000000000000E+000   0.404960480713330E-011  0.514174415493178E-012  0.956203915177345E-011
    119.28000000  0.000000000000000E+000  0.000000000000000E+000  0.000000000000000E+000 -0.000000000000000E+000 -0.000000000000000E+000 -0.000000000000000E+000  0.000000000000000E+000  0.000000000000000E+000  0.000000000000000E+000 -0.000000000000000E+000 -0.000000000000000E+000 -0.000000000000000E+000   0.405443844243376E-011  0.490938929933077E-012  0.956607624481950E-011
    119.36000000  0.000000000000000E+000  0.000000000000000E+000  0.000000000000000E+000 -0.000000000000000E+000 -0.000000000000000E+000 -0.000000000000000E+000  0.000000000000000E+000  0.000000000000000E+000  0.000000000000000E+000 -0.000000000000000E+000 -0.000000000000000E+000 -0.000000000000000E+000   0.405948584425479E-011  0.466647419661257E-012  0.957098252266941E-011
    119.44000000  0.000000000000000E+000  0.000000000000000E+000  0.000000000000000E+000 -0.000000000000000E+000 -0.000000000000000E+000 -0.000000000000000E+000  0.000000000000000E+000  0.000000000000000E+000  0.000000000000000E+000 -0.000000000000000E+000 -0.000000000000000E+000 -0.000000000000000E+000   0.406425630219116E-011  0.441685329090891E-012  0.957663074114766E-011
    119.52000000  0.000000000000000E+000  0.000000000000000E+000  0.000000000000000E+000 -0.000000000000000E+000 -0.000000000000000E+000 -0.000000000000000E+000  0.000000000000000E+000  0.000000000000000E+000  0.000000000000000E+000 -0.000000000000000E+000 -0.000000000000000E+000 -0.000000000000000E+000   0.406819757610952E-011  0.416364380902987E-012  0.958284478064635E-011
    119.60000000  0.000000000000000E+000  0.000000000000000E+000  0.000000000000000E+000 -0.000000000000000E+000 -0.000000000000000E+000 -0.000000000000000E+000  0.000000000000000E+000  0.000000000000000E+000  0.000000000000000E+000 -0.000000000000000E+000 -0.000000000000000E+000 -0.000000000000000E+000   0.407081395873769E-011  0.390863825841166E-012  0.958944441463991E-011
    119.68000000  0.000000000000000E+000  0.000000000000000E+000  0.000000000000000E+000 -0.000000000000000E+000 -0.000000000000000E+000 -0.000000000000000E+000  0.000000000000000E+000  0.000000000000000E+000  0.000000000000000E+000 -0.000000000000000E+000 -0.000000000000000E+000 -0.000000000000000E+000   0.407178676064278E-011  0.365192997581073E-012  0.959628027922070E-011
    119.76000000  0.000000000000000E+000  0.000000000000000E+000  0.000000000000000E+000 -0.000000000000000E+000 -0.000000000000000E+000 -0.000000000000000E+000  0.000000000000000E+000  0.000000000000000E+000  0.000000000000000E+000 -0.000000000000000E+000 -0.000000000000000E+000 -0.000000000000000E+000   0.407102288048076E-011  0.339241257808517E-012  0.960324961912784E-011
    119.84000000  0.000000000000000E+000  0.000000000000000E+000  0.000000000000000E+000 -0.000000000000000E+000 -0.000000000000000E+000 -0.000000000000000E+000  0.000000000000000E+000  0.000000000000000E+000  0.000000000000000E+000 -0.000000000000000E+000 -0.000000000000000E+000 -0.000000000000000E+000   0.406867024584233E-011  0.312827342225703E-012  0.961031092347258E-011
    119.92000000  0.000000000000000E+000  0.000000000000000E+000  0.000000000000000E+000 -0.000000000000000E+000 -0.000000000000000E+000 -0.000000000000000E+000  0.000000000000000E+000  0.000000000000000E+000  0.000000000000000E+000 -0.000000000000000E+000 -0.000000000000000E+000 -0.000000000000000E+000   0.406505281959928E-011  0.285786790162674E-012  0.961744888191481E-011
    120.00000000  0.000000000000000E+000  0.000000000000000E+000  0.000000000000000E+000 -0.000000000000000E+000 -0.000000000000000E+000 -0.000000000000000E+000  0.000000000000000E+000  0.000000000000000E+000  0.000000000000000E+000 -0.000000000000000E+000 -0.000000000000000E+000 -0.000000000000000E+000   0.406056306888357E-011  0.258052153201501E-012  0.962465180012943E-011
    120.08000000  0.000000000000000E+000  0.000000000000000E+000  0.000000000000000E+000 -0.000000000000000E+000 -0.000000000000000E+000 -0.000000000000000E+000  0.000000000000000E+000  0.000000000000000E+000  0.000000000000000E+000 -0.000000000000000E+000 -0.000000000000000E+000 -0.000000000000000E+000   0.405553913050261E-011  0.229708725677678E-012  0.963186592578206E-011
    120.16000000  0.000000000000000E+000  0.000000000000000E+000  0.000000000000000E+000 -0.000000000000000E+000 -0.000000000000000E+000 -0.000000000000000E+000  0.000000000000000E+000  0.000000000000000E+000  0.000000000000000E+000 -0.000000000000000E+000 -0.000000000000000E+000 -0.000000000000000E+000   0.405014659500558E-011  0.201000159943870E-012  0.963897010630716E-011
    120.24000000  0.000000000000000E+000  0.000000000000000E+000  0.000000000000000E+000 -0.000000000000000E+000 -0.000000000000000E+000 -0.000000000000000E+000  0.000000000000000E+000  0.000000000000000E+000  0.000000000000000E+000 -0.000000000000000E+000 -0.000000000000000E+000 -0.000000000000000E+000   0.404432543197537E-011  0.172286877177694E-012  0.964576968625525E-011
    120.32000000  0.000000000000000E+000  0.000000000000000E+000  0.000000000000000E+000 -0.000000000000000E+000 -0.000000000000000E+000 -0.000000000000000E+000  0.000000000000000E+000  0.000000000000000E+000  0.000000000000000E+000 -0.000000000000000E+000 -0.000000000000000E+000 -0.000000000000000E+000   0.403778789917486E-011  0.143982746712196E-012  0.965201164094821E-011
    120.40000000  0.000000000000000E+000  0.000000000000000E+000  0.000000000000000E+000 -0.000000000000000E+000 -0.000000000000000E+000 -0.000000000000000E+000  0.000000000000000E+000  0.000000000000000E+000  0.000000000000000E+000 -0.000000000000000E+000 -0.000000000000000E+000 -0.000000000000000E+000   0.403009414657451E-011  0.116449837862878E-012  0.965742371015439E-011
    120.48000000  0.000000000000000E+000  0.000000000000000E+000  0.000000000000000E+000 -0.000000000000000E+000 -0.000000000000000E+000 -0.000000000000000E+000  0.000000000000000E+000  0.000000000000000E+000  0.000000000000000E+000 -0.000000000000000E+000 -0.000000000000000E+000 -0.000000000000000E+000   0.402076860620846E-011  0.899262650182532E-013  0.966174960655024E-011
    120.56000000  0.000000000000000E+000  0.000000000000000E+000  0.000000000000000E+000 -0.000000000000000E+000 -0.000000000000000E+000 -0.000000000000000E+000  0.000000000000000E+000  0.000000000000000E+000  0.000000000000000E+000 -0.000000000000000E+000 -0.000000000000000E+000 -0.000000000000000E+000   0.400943094647991E-011  0.644649683649572E-013  0.966480185150233E-011
    120.64000000  0.000000000000000E+000  0.000000000000000E+000  0.000000000000000E+000 -0.000000000000000E+000 -0.000000000000000E+000 -0.000000000000000E+000  0.000000000000000E+000  0.000000000000000E+000  0.000000000000000E+000 -0.000000000000000E+000 -0.000000000000000E+000 -0.000000000000000E+000   0.399593100865060E-011  0.399382426905711E-013  0.966648805291553E-011
    120.72000000  0.000000000000000E+000  0.000000000000000E+000  0.000000000000000E+000 -0.000000000000000E+000 -0.000000000000000E+000 -0.000000000000000E+000  0.000000000000000E+000  0.000000000000000E+000  0.000000000000000E+000 -0.000000000000000E+000 -0.000000000000000E+000 -0.000000000000000E+000   0.398040326415764E-011  0.160887563740464E-013  0.966682056467125E-011
    120.80000000  0.000000000000000E+000  0.000000000000000E+000  0.000000000000000E+000 -0.000000000000000E+000 -0.000000000000000E+000 -0.000000000000000E+000  0.000000000000000E+000  0.000000000000000E+000  0.000000000000000E+000 -0.000000000000000E+000 -0.000000000000000E+000 -0.000000000000000E+000   0.396327027025688E-011 -0.739765096370376E-014  0.966590113512782E-011
    120.88000000  0.000000000000000E+000  0.000000000000000E+000  0.000000000000000E+000 -0.000000000000000E+000 -0.000000000000000E+000 -0.000000000000000E+000  0.000000000000000E+000  0.000000000000000E+000  0.000000000000000E+000 -0.000000000000000E+000 -0.000000000000000E+000 -0.000000000000000E+000   0.394516728308679E-011 -0.307880737827346E-013  0.966388978449477E-011
    120.96000000  0.000000000000000E+000  0.000000000000000E+000  0.000000000000000E+000 -0.000000000000000E+000 -0.000000000000000E+000 -0.000000000000000E+000  0.000000000000000E+000  0.000000000000000E+000  0.000000000000000E+000 -0.000000000000000E+000 -0.000000000000000E+000 -0.000000000000000E+000   0.392681238907111E-011 -0.542285553705437E-013  0.966095475183643E-011
    121.04000000  0.000000000000000E+000  0.000000000000000E+000  0.000000000000000E+000 -0.000000000000000E+000 -0.000000000000000E+000 -0.000000000000000E+000  0.000000000000000E+000  0.000000000000000E+000  0.000000000000000E+000 -0.000000000000000E+000 -0.000000000000000E+000 -0.000000000000000E+000   0.390886600837954E-011 -0.776992819324288E-013  0.965722282054241E-011
    121.12000000  0.000000000000000E+000  0.000000000000000E+000  0.000000000000000E+000 -0.000000000000000E+000 -0.000000000000000E+000 -0.000000000000000E+000  0.000000000000000E+000  0.000000000000000E+000  0.000000000000000E+000 -0.000000000000000E+000 -0.000000000000000E+000 -0.000000000000000E+000   0.389179753228820E-011 -0.101023277290577E-012  0.965275348118746E-011
    121.20000000  0.000000000000000E+000  0.000000000000000E+000  0.000000000000000E+000 -0.000000000000000E+000 -0.000000000000000E+000 -0.000000000000000E+000  0.000000000000000E+000  0.000000000000000E+000  0.000000000000000E+000 -0.000000000000000E+000 -0.000000000000000E+000 -0.000000000000000E+000   0.387581578842539E-011 -0.123918976650521E-012  0.964753744476909E-011
    121.28000000  0.000000000000000E+000  0.000000000000000E+000  0.000000000000000E+000 -0.000000000000000E+000 -0.000000000000000E+000 -0.000000000000000E+000  0.000000000000000E+000  0.000000000000000E+000  0.000000000000000E+000 -0.000000000000000E+000 -0.000000000000000E+000 -0.000000000000000E+000   0.386087545965002E-011 -0.146075479768873E-012  0.964151496170868E-011
    121.36000000  0.000000000000000E+000  0.000000000000000E+000  0.000000000000000E+000 -0.000000000000000E+000 -0.000000000000000E+000 -0.000000000000000E+000  0.000000000000000E+000  0.000000000000000E+000  0.000000000000000E+000 -0.000000000000000E+000 -0.000000000000000E+000 -0.000000000000000E+000   0.384674280903985E-011 -0.167241899251248E-012  0.963462192353332E-011
    121.44000000  0.000000000000000E+000  0.000000000000000E+000  0.000000000000000E+000 -0.000000000000000E+000 -0.000000000000000E+000 -0.000000000000000E+000  0.000000000000000E+000  0.000000000000000E+000  0.000000000000000E+000 -0.000000000000000E+000 -0.000000000000000E+000 -0.000000000000000E+000   0.383312631746923E-011 -0.187297211532087E-012  0.962683962273609E-011
    121.52000000  0.000000000000000E+000  0.000000000000000E+000  0.000000000000000E+000 -0.000000000000000E+000 -0.000000000000000E+000 -0.000000000000000E+000  0.000000000000000E+000  0.000000000000000E+000  0.000000000000000E+000 -0.000000000000000E+000 -0.000000000000000E+000 -0.000000000000000E+000   0.381980588261113E-011 -0.206284823097117E-012  0.961823426391409E-011
    121.60000000  0.000000000000000E+000  0.000000000000000E+000  0.000000000000000E+000 -0.000000000000000E+000 -0.000000000000000E+000 -0.000000000000000E+000  0.000000000000000E+000  0.000000000000000E+000  0.000000000000000E+000 -0.000000000000000E+000 -0.000000000000000E+000 -0.000000000000000E+000   0.380675171149337E-011 -0.224401220743800E-012  0.960896845530760E-011
    121.68000000  0.000000000000000E+000  0.000000000000000E+000  0.000000000000000E+000 -0.000000000000000E+000 -0.000000000000000E+000 -0.000000000000000E+000  0.000000000000000E+000  0.000000000000000E+000  0.000000000000000E+000 -0.000000000000000E+000 -0.000000000000000E+000 -0.000000000000000E+000   0.379417312465468E-011 -0.241939753439940E-012  0.959929773031808E-011
    121.76000000  0.000000000000000E+000  0.000000000000000E+000  0.000000000000000E+000 -0.000000000000000E+000 -0.000000000000000E+000 -0.000000000000000E+000  0.000000000000000E+000  0.000000000000000E+000  0.000000000000000E+000 -0.000000000000000E+000 -0.000000000000000E+000 -0.000000000000000E+000   0.378250036940621E-011 -0.259226066829442E-012  0.958952097637943E-011
    121.84000000  0.000000000000000E+000  0.000000000000000E+000  0.000000000000000E+000 -0.000000000000000E+000 -0.000000000000000E+000 -0.000000000000000E+000  0.000000000000000E+000  0.000000000000000E+000  0.000000000000000E+000 -0.000000000000000E+000 -0.000000000000000E+000 -0.000000000000000E+000   0.377229795970243E-011 -0.276508694935448E-012  0.957993007677875E-011
    121.92000000  0.000000000000000E+000  0.000000000000000E+000  0.000000000000000E+000 -0.000000000000000E+000 -0.000000000000000E+000 -0.000000000000000E+000  0.000000000000000E+000  0.000000000000000E+000  0.000000000000000E+000 -0.000000000000000E+000 -0.000000000000000E+000 -0.000000000000000E+000   0.376413432592721E-011 -0.293913943546462E-012  0.957076361120799E-011
    122.00000000  0.000000000000000E+000  0.000000000000000E+000  0.000000000000000E+000 -0.000000000000000E+000 -0.000000000000000E+000 -0.000000000000000E+000  0.000000000000000E+000  0.000000000000000E+000  0.000000000000000E+000 -0.000000000000000E+000 -0.000000000000000E+000 -0.000000000000000E+000   0.375843738234924E-011 -0.311410761313042E-012  0.956216199890683E-011
    122.08000000  0.000000000000000E+000  0.000000000000000E+000  0.000000000000000E+000 -0.000000000000000E+000 -0.000000000000000E+000 -0.000000000000000E+000  0.000000000000000E+000  0.000000000000000E+000  0.000000000000000E+000 -0.000000000000000E+000 -0.000000000000000E+000 -0.000000000000000E+000   0.375537402507780E-011 -0.328823533835382E-012  0.955415461773859E-011
    122.16000000  0.000000000000000E+000  0.000000000000000E+000  0.000000000000000E+000 -0.000000000000000E+000 -0.000000000000000E+000 -0.000000000000000E+000  0.000000000000000E+000  0.000000000000000E+000  0.000000000000000E+000 -0.000000000000000E+000 -0.000000000000000E+000 -0.000000000000000E+000   0.375480061489313E-011 -0.345898397433550E-012  0.954667194424285E-011
    122.24000000  0.000000000000000E+000  0.000000000000000E+000  0.000000000000000E+000 -0.000000000000000E+000 -0.000000000000000E+000 -0.000000000000000E+000  0.000000000000000E+000  0.000000000000000E+000  0.000000000000000E+000 -0.000000000000000E+000 -0.000000000000000E+000 -0.000000000000000E+000   0.375627983031587E-011 -0.362383689458410E-012  0.953958592310025E-011
    122.32000000  0.000000000000000E+000  0.000000000000000E+000  0.000000000000000E+000 -0.000000000000000E+000 -0.000000000000000E+000 -0.000000000000000E+000  0.000000000000000E+000  0.000000000000000E+000  0.000000000000000E+000 -0.000000000000000E+000 -0.000000000000000E+000 -0.000000000000000E+000   0.375915905191057E-011 -0.378111067946812E-012  0.953275320069797E-011
    122.40000000  0.000000000000000E+000  0.000000000000000E+000  0.000000000000000E+000 -0.000000000000000E+000 -0.000000000000000E+000 -0.000000000000000E+000  0.000000000000000E+000  0.000000000000000E+000  0.000000000000000E+000 -0.000000000000000E+000 -0.000000000000000E+000 -0.000000000000000E+000   0.376271322298799E-011 -0.393058922390316E-012  0.952606727826596E-011
    122.48000000  0.000000000000000E+000  0.000000000000000E+000  0.000000000000000E+000 -0.000000000000000E+000 -0.000000000000000E+000 -0.000000000000000E+000  0.000000000000000E+000  0.000000000000000E+000  0.000000000000000E+000 -0.000000000000000E+000 -0.000000000000000E+000 -0.000000000000000E+000   0.376627611586955E-011 -0.407361341241630E-012  0.951948435704812E-011
    122.56000000  0.000000000000000E+000  0.000000000000000E+000  0.000000000000000E+000 -0.000000000000000E+000 -0.000000000000000E+000 -0.000000000000000E+000  0.000000000000000E+000  0.000000000000000E+000  0.000000000000000E+000 -0.000000000000000E+000 -0.000000000000000E+000 -0.000000000000000E+000   0.376936982201777E-011 -0.421288645717136E-012  0.951304286197255E-011
    122.64000000  0.000000000000000E+000  0.000000000000000E+000  0.000000000000000E+000 -0.000000000000000E+000 -0.000000000000000E+000 -0.000000000000000E+000  0.000000000000000E+000  0.000000000000000E+000  0.000000000000000E+000 -0.000000000000000E+000 -0.000000000000000E+000 -0.000000000000000E+000   0.377175166185028E-011 -0.435185993335255E-012  0.950683376262098E-011
    122.72000000  0.000000000000000E+000  0.000000000000000E+000  0.000000000000000E+000 -0.000000000000000E+000 -0.000000000000000E+000 -0.000000000000000E+000  0.000000000000000E+000  0.000000000000000E+000  0.000000000000000E+000 -0.000000000000000E+000 -0.000000000000000E+000 -0.000000000000000E+000   0.377340034610371E-011 -0.449385004145613E-012  0.950096209409054E-011
    122.80000000  0.000000000000000E+000  0.000000000000000E+000  0.000000000000000E+000 -0.000000000000000E+000 -0.000000000000000E+000 -0.000000000000000E+000  0.000000000000000E+000  0.000000000000000E+000  0.000000000000000E+000 -0.000000000000000E+000 -0.000000000000000E+000 -0.000000000000000E+000   0.377444554184429E-011 -0.464140003868932E-012  0.949550154900056E-011
    122.88000000  0.000000000000000E+000  0.000000000000000E+000  0.000000000000000E+000 -0.000000000000000E+000 -0.000000000000000E+000 -0.000000000000000E+000  0.000000000000000E+000  0.000000000000000E+000  0.000000000000000E+000 -0.000000000000000E+000 -0.000000000000000E+000 -0.000000000000000E+000   0.377505476207224E-011 -0.479564920820856E-012  0.949045082128898E-011
    122.96000000  0.000000000000000E+000  0.000000000000000E+000  0.000000000000000E+000 -0.000000000000000E+000 -0.000000000000000E+000 -0.000000000000000E+000  0.000000000000000E+000  0.000000000000000E+000  0.000000000000000E+000 -0.000000000000000E+000 -0.000000000000000E+000 -0.000000000000000E+000   0.377530804675810E-011 -0.495618585184586E-012  0.948571396408299E-011
    123.04000000  0.000000000000000E+000  0.000000000000000E+000  0.000000000000000E+000 -0.000000000000000E+000 -0.000000000000000E+000 -0.000000000000000E+000  0.000000000000000E+000  0.000000000000000E+000  0.000000000000000E+000 -0.000000000000000E+000 -0.000000000000000E+000 -0.000000000000000E+000   0.377511499853794E-011 -0.512134645963600E-012  0.948110920386114E-011
    123.12000000  0.000000000000000E+000  0.000000000000000E+000  0.000000000000000E+000 -0.000000000000000E+000 -0.000000000000000E+000 -0.000000000000000E+000  0.000000000000000E+000  0.000000000000000E+000  0.000000000000000E+000 -0.000000000000000E+000 -0.000000000000000E+000 -0.000000000000000E+000   0.377417847273248E-011 -0.528868023774315E-012  0.947640619886020E-011
    123.20000000  0.000000000000000E+000  0.000000000000000E+000  0.000000000000000E+000 -0.000000000000000E+000 -0.000000000000000E+000 -0.000000000000000E+000  0.000000000000000E+000  0.000000000000000E+000  0.000000000000000E+000 -0.000000000000000E+000 -0.000000000000000E+000 -0.000000000000000E+000   0.377203008572109E-011 -0.545576087723058E-012  0.947137391061668E-011
    123.28000000  0.000000000000000E+000  0.000000000000000E+000  0.000000000000000E+000 -0.000000000000000E+000 -0.000000000000000E+000 -0.000000000000000E+000  0.000000000000000E+000  0.000000000000000E+000  0.000000000000000E+000 -0.000000000000000E+000 -0.000000000000000E+000 -0.000000000000000E+000   0.376811127009704E-011 -0.562086958135144E-012  0.946582335767246E-011
    123.36000000  0.000000000000000E+000  0.000000000000000E+000  0.000000000000000E+000 -0.000000000000000E+000 -0.000000000000000E+000 -0.000000000000000E+000  0.000000000000000E+000  0.000000000000000E+000  0.000000000000000E+000 -0.000000000000000E+000 -0.000000000000000E+000 -0.000000000000000E+000   0.376190049198891E-011 -0.578348794084473E-012  0.945964148183433E-011
    123.44000000  0.000000000000000E+000  0.000000000000000E+000  0.000000000000000E+000 -0.000000000000000E+000 -0.000000000000000E+000 -0.000000000000000E+000  0.000000000000000E+000  0.000000000000000E+000  0.000000000000000E+000 -0.000000000000000E+000 -0.000000000000000E+000 -0.000000000000000E+000   0.375302545519362E-011 -0.594437807454590E-012  0.945280720741672E-011
    123.52000000  0.000000000000000E+000  0.000000000000000E+000  0.000000000000000E+000 -0.000000000000000E+000 -0.000000000000000E+000 -0.000000000000000E+000  0.000000000000000E+000  0.000000000000000E+000  0.000000000000000E+000 -0.000000000000000E+000 -0.000000000000000E+000 -0.000000000000000E+000   0.374136165164031E-011 -0.610525312729601E-012  0.944535989397017E-011
    123.60000000  0.000000000000000E+000  0.000000000000000E+000  0.000000000000000E+000 -0.000000000000000E+000 -0.000000000000000E+000 -0.000000000000000E+000  0.000000000000000E+000  0.000000000000000E+000  0.000000000000000E+000 -0.000000000000000E+000 -0.000000000000000E+000 -0.000000000000000E+000   0.372706441487382E-011 -0.626824468323155E-012  0.943738582692147E-011
    123.68000000  0.000000000000000E+000  0.000000000000000E+000  0.000000000000000E+000 -0.000000000000000E+000 -0.000000000000000E+000 -0.000000000000000E+000  0.000000000000000E+000  0.000000000000000E+000  0.000000000000000E+000 -0.000000000000000E+000 -0.000000000000000E+000 -0.000000000000000E+000   0.371054208605100E-011 -0.643499200584275E-012  0.942896068257835E-011
    123.76000000  0.000000000000000E+000  0.000000000000000E+000  0.000000000000000E+000 -0.000000000000000E+000 -0.000000000000000E+000 -0.000000000000000E+000  0.000000000000000E+000  0.000000000000000E+000  0.000000000000000E+000 -0.000000000000000E+000 -0.000000000000000E+000 -0.000000000000000E+000   0.369238324791261E-011 -0.660610005986406E-012  0.942012335970544E-011
    123.84000000  0.000000000000000E+000  0.000000000000000E+000  0.000000000000000E+000 -0.000000000000000E+000 -0.000000000000000E+000 -0.000000000000000E+000  0.000000000000000E+000  0.000000000000000E+000  0.000000000000000E+000 -0.000000000000000E+000 -0.000000000000000E+000 -0.000000000000000E+000   0.367323779433033E-011 -0.678066166673464E-012  0.941084706545849E-011
    123.92000000  0.000000000000000E+000  0.000000000000000E+000  0.000000000000000E+000 -0.000000000000000E+000 -0.000000000000000E+000 -0.000000000000000E+000  0.000000000000000E+000  0.000000000000000E+000  0.000000000000000E+000 -0.000000000000000E+000 -0.000000000000000E+000 -0.000000000000000E+000   0.365370666820067E-011 -0.695627334097736E-012  0.940105176162379E-011
    124.00000000  0.000000000000000E+000  0.000000000000000E+000  0.000000000000000E+000 -0.000000000000000E+000 -0.000000000000000E+000 -0.000000000000000E+000  0.000000000000000E+000  0.000000000000000E+000  0.000000000000000E+000 -0.000000000000000E+000 -0.000000000000000E+000 -0.000000000000000E+000   0.363425171455183E-011 -0.712935163127988E-012  0.939061598643740E-011
    124.08000000  0.000000000000000E+000  0.000000000000000E+000  0.000000000000000E+000 -0.000000000000000E+000 -0.000000000000000E+000 -0.000000000000000E+000  0.000000000000000E+000  0.000000000000000E+000  0.000000000000000E+000 -0.000000000000000E+000 -0.000000000000000E+000 -0.000000000000000E+000   0.361516303350970E-011 -0.729584044947449E-012  0.937942766150364E-011
    124.16000000  0.000000000000000E+000  0.000000000000000E+000  0.000000000000000E+000 -0.000000000000000E+000 -0.000000000000000E+000 -0.000000000000000E+000  0.000000000000000E+000  0.000000000000000E+000  0.000000000000000E+000 -0.000000000000000E+000 -0.000000000000000E+000 -0.000000000000000E+000   0.359656569130848E-011 -0.745190481687402E-012  0.936741558887205E-011
    124.24000000  0.000000000000000E+000  0.000000000000000E+000  0.000000000000000E+000 -0.000000000000000E+000 -0.000000000000000E+000 -0.000000000000000E+000  0.000000000000000E+000  0.000000000000000E+000  0.000000000000000E+000 -0.000000000000000E+000 -0.000000000000000E+000 -0.000000000000000E+000   0.357848078396254E-011 -0.759462508745596E-012  0.935458412542916E-011
    124.32000000  0.000000000000000E+000  0.000000000000000E+000  0.000000000000000E+000 -0.000000000000000E+000 -0.000000000000000E+000 -0.000000000000000E+000  0.000000000000000E+000  0.000000000000000E+000  0.000000000000000E+000 -0.000000000000000E+000 -0.000000000000000E+000 -0.000000000000000E+000   0.356091877326991E-011 -0.772245534201570E-012  0.934102016797130E-011
    124.40000000  0.000000000000000E+000  0.000000000000000E+000  0.000000000000000E+000 -0.000000000000000E+000 -0.000000000000000E+000 -0.000000000000000E+000  0.000000000000000E+000  0.000000000000000E+000  0.000000000000000E+000 -0.000000000000000E+000 -0.000000000000000E+000 -0.000000000000000E+000   0.354395385028176E-011 -0.783526562687619E-012  0.932686226046997E-011
    124.48000000  0.000000000000000E+000  0.000000000000000E+000  0.000000000000000E+000 -0.000000000000000E+000 -0.000000000000000E+000 -0.000000000000000E+000  0.000000000000000E+000  0.000000000000000E+000  0.000000000000000E+000 -0.000000000000000E+000 -0.000000000000000E+000 -0.000000000000000E+000   0.352777398051861E-011 -0.793415975019919E-012  0.931226989107252E-011
    124.56000000  0.000000000000000E+000  0.000000000000000E+000  0.000000000000000E+000 -0.000000000000000E+000 -0.000000000000000E+000 -0.000000000000000E+000  0.000000000000000E+000  0.000000000000000E+000  0.000000000000000E+000 -0.000000000000000E+000 -0.000000000000000E+000 -0.000000000000000E+000   0.351270640405411E-011 -0.802081097976949E-012  0.929736820381472E-011
    124.64000000  0.000000000000000E+000  0.000000000000000E+000  0.000000000000000E+000 -0.000000000000000E+000 -0.000000000000000E+000 -0.000000000000000E+000  0.000000000000000E+000  0.000000000000000E+000  0.000000000000000E+000 -0.000000000000000E+000 -0.000000000000000E+000 -0.000000000000000E+000   0.349917118523202E-011 -0.809695695034667E-012  0.928221103836945E-011
    124.72000000  0.000000000000000E+000  0.000000000000000E+000  0.000000000000000E+000 -0.000000000000000E+000 -0.000000000000000E+000 -0.000000000000000E+000  0.000000000000000E+000  0.000000000000000E+000  0.000000000000000E+000 -0.000000000000000E+000 -0.000000000000000E+000 -0.000000000000000E+000   0.348761971280393E-011 -0.816376558358487E-012  0.926675930021336E-011
    124.80000000  0.000000000000000E+000  0.000000000000000E+000  0.000000000000000E+000 -0.000000000000000E+000 -0.000000000000000E+000 -0.000000000000000E+000  0.000000000000000E+000  0.000000000000000E+000  0.000000000000000E+000 -0.000000000000000E+000 -0.000000000000000E+000 -0.000000000000000E+000   0.347845027295540E-011 -0.822137207849109E-012  0.925090005362795E-011
    124.88000000  0.000000000000000E+000  0.000000000000000E+000  0.000000000000000E+000 -0.000000000000000E+000 -0.000000000000000E+000 -0.000000000000000E+000  0.000000000000000E+000  0.000000000000000E+000  0.000000000000000E+000 -0.000000000000000E+000 -0.000000000000000E+000 -0.000000000000000E+000   0.347192608211593E-011 -0.826887708685354E-012  0.923447697272219E-011
    124.96000000  0.000000000000000E+000  0.000000000000000E+000  0.000000000000000E+000 -0.000000000000000E+000 -0.000000000000000E+000 -0.000000000000000E+000  0.000000000000000E+000  0.000000000000000E+000  0.000000000000000E+000 -0.000000000000000E+000 -0.000000000000000E+000 -0.000000000000000E+000   0.346811769775357E-011 -0.830466236916714E-012  0.921735111397601E-011
    125.04000000  0.000000000000000E+000  0.000000000000000E+000  0.000000000000000E+000 -0.000000000000000E+000 -0.000000000000000E+000 -0.000000000000000E+000  0.000000000000000E+000  0.000000000000000E+000  0.000000000000000E+000 -0.000000000000000E+000 -0.000000000000000E+000 -0.000000000000000E+000   0.346689679801593E-011 -0.832693127192627E-012  0.919943923274815E-011
    125.12000000  0.000000000000000E+000  0.000000000000000E+000  0.000000000000000E+000 -0.000000000000000E+000 -0.000000000000000E+000 -0.000000000000000E+000  0.000000000000000E+000  0.000000000000000E+000  0.000000000000000E+000 -0.000000000000000E+000 -0.000000000000000E+000 -0.000000000000000E+000   0.346795406253291E-011 -0.833436863781788E-012  0.918075666146435E-011
    125.20000000  0.000000000000000E+000  0.000000000000000E+000  0.000000000000000E+000 -0.000000000000000E+000 -0.000000000000000E+000 -0.000000000000000E+000  0.000000000000000E+000  0.000000000000000E+000  0.000000000000000E+000 -0.000000000000000E+000 -0.000000000000000E+000 -0.000000000000000E+000   0.347085366010121E-011 -0.832665505134501E-012  0.916140866210108E-011
    125.28000000  0.000000000000000E+000  0.000000000000000E+000  0.000000000000000E+000 -0.000000000000000E+000 -0.000000000000000E+000 -0.000000000000000E+000  0.000000000000000E+000  0.000000000000000E+000  0.000000000000000E+000 -0.000000000000000E+000 -0.000000000000000E+000 -0.000000000000000E+000   0.347511546659615E-011 -0.830486813417527E-012  0.914158192925298E-011
    125.36000000  0.000000000000000E+000  0.000000000000000E+000  0.000000000000000E+000 -0.000000000000000E+000 -0.000000000000000E+000 -0.000000000000000E+000  0.000000000000000E+000  0.000000000000000E+000  0.000000000000000E+000 -0.000000000000000E+000 -0.000000000000000E+000 -0.000000000000000E+000   0.348028477540672E-011 -0.827138817688656E-012  0.912147530861017E-011
    125.44000000  0.000000000000000E+000  0.000000000000000E+000  0.000000000000000E+000 -0.000000000000000E+000 -0.000000000000000E+000 -0.000000000000000E+000  0.000000000000000E+000  0.000000000000000E+000  0.000000000000000E+000 -0.000000000000000E+000 -0.000000000000000E+000 -0.000000000000000E+000   0.348599026560988E-011 -0.822969987051413E-012  0.910125385087947E-011
    125.52000000  0.000000000000000E+000  0.000000000000000E+000  0.000000000000000E+000 -0.000000000000000E+000 -0.000000000000000E+000 -0.000000000000000E+000  0.000000000000000E+000  0.000000000000000E+000  0.000000000000000E+000 -0.000000000000000E+000 -0.000000000000000E+000 -0.000000000000000E+000   0.349195808932049E-011 -0.818365147522178E-012  0.908099105091370E-011
    125.60000000  0.000000000000000E+000  0.000000000000000E+000  0.000000000000000E+000 -0.000000000000000E+000 -0.000000000000000E+000 -0.000000000000000E+000  0.000000000000000E+000  0.000000000000000E+000  0.000000000000000E+000 -0.000000000000000E+000 -0.000000000000000E+000 -0.000000000000000E+000   0.349802033599752E-011 -0.813707657930778E-012  0.906064265619810E-011
    125.68000000  0.000000000000000E+000  0.000000000000000E+000  0.000000000000000E+000 -0.000000000000000E+000 -0.000000000000000E+000 -0.000000000000000E+000  0.000000000000000E+000  0.000000000000000E+000  0.000000000000000E+000 -0.000000000000000E+000 -0.000000000000000E+000 -0.000000000000000E+000   0.350405791632221E-011 -0.809296160008816E-012  0.904005884103521E-011
    125.76000000  0.000000000000000E+000  0.000000000000000E+000  0.000000000000000E+000 -0.000000000000000E+000 -0.000000000000000E+000 -0.000000000000000E+000  0.000000000000000E+000  0.000000000000000E+000  0.000000000000000E+000 -0.000000000000000E+000 -0.000000000000000E+000 -0.000000000000000E+000   0.350997478780115E-011 -0.805319542354501E-012  0.901901776159829E-011
    125.84000000  0.000000000000000E+000  0.000000000000000E+000  0.000000000000000E+000 -0.000000000000000E+000 -0.000000000000000E+000 -0.000000000000000E+000  0.000000000000000E+000  0.000000000000000E+000  0.000000000000000E+000 -0.000000000000000E+000 -0.000000000000000E+000 -0.000000000000000E+000   0.351562985432118E-011 -0.801837970408251E-012  0.899730463442530E-011
    125.92000000  0.000000000000000E+000  0.000000000000000E+000  0.000000000000000E+000 -0.000000000000000E+000 -0.000000000000000E+000 -0.000000000000000E+000  0.000000000000000E+000  0.000000000000000E+000  0.000000000000000E+000 -0.000000000000000E+000 -0.000000000000000E+000 -0.000000000000000E+000   0.352082916390937E-011 -0.798797485787087E-012  0.897478409085167E-011
    126.00000000  0.000000000000000E+000  0.000000000000000E+000  0.000000000000000E+000 -0.000000000000000E+000 -0.000000000000000E+000 -0.000000000000000E+000  0.000000000000000E+000  0.000000000000000E+000  0.000000000000000E+000 -0.000000000000000E+000 -0.000000000000000E+000 -0.000000000000000E+000   0.352531681925379E-011 -0.796067613041649E-012  0.895145325071439E-011
    126.08000000  0.000000000000000E+000  0.000000000000000E+000  0.000000000000000E+000 -0.000000000000000E+000 -0.000000000000000E+000 -0.000000000000000E+000  0.000000000000000E+000  0.000000000000000E+000  0.000000000000000E+000 -0.000000000000000E+000 -0.000000000000000E+000 -0.000000000000000E+000   0.352880044315304E-011 -0.793493657352660E-012  0.892747094260450E-011
    126.16000000  0.000000000000000E+000  0.000000000000000E+000  0.000000000000000E+000 -0.000000000000000E+000 -0.000000000000000E+000 -0.000000000000000E+000  0.000000000000000E+000  0.000000000000000E+000  0.000000000000000E+000 -0.000000000000000E+000 -0.000000000000000E+000 -0.000000000000000E+000   0.353099420603313E-011 -0.790952012645220E-012  0.890312278653375E-011
    126.24000000  0.000000000000000E+000  0.000000000000000E+000  0.000000000000000E+000 -0.000000000000000E+000 -0.000000000000000E+000 -0.000000000000000E+000  0.000000000000000E+000  0.000000000000000E+000  0.000000000000000E+000 -0.000000000000000E+000 -0.000000000000000E+000 -0.000000000000000E+000   0.353167017170441E-011 -0.788382952179234E-012  0.887876851777132E-011
    126.32000000  0.000000000000000E+000  0.000000000000000E+000  0.000000000000000E+000 -0.000000000000000E+000 -0.000000000000000E+000 -0.000000000000000E+000  0.000000000000000E+000  0.000000000000000E+000  0.000000000000000E+000 -0.000000000000000E+000 -0.000000000000000E+000 -0.000000000000000E+000   0.353070445852394E-011 -0.785813430676352E-012  0.885474750966722E-011
    126.40000000  0.000000000000000E+000  0.000000000000000E+000  0.000000000000000E+000 -0.000000000000000E+000 -0.000000000000000E+000 -0.000000000000000E+000  0.000000000000000E+000  0.000000000000000E+000  0.000000000000000E+000 -0.000000000000000E+000 -0.000000000000000E+000 -0.000000000000000E+000   0.352809826388257E-011 -0.783342802717046E-012  0.883130371172582E-011
    126.48000000  0.000000000000000E+000  0.000000000000000E+000  0.000000000000000E+000 -0.000000000000000E+000 -0.000000000000000E+000 -0.000000000000000E+000  0.000000000000000E+000  0.000000000000000E+000  0.000000000000000E+000 -0.000000000000000E+000 -0.000000000000000E+000 -0.000000000000000E+000   0.352398716625809E-011 -0.781102675637665E-012  0.880851070513456E-011
    126.56000000  0.000000000000000E+000  0.000000000000000E+000  0.000000000000000E+000 -0.000000000000000E+000 -0.000000000000000E+000 -0.000000000000000E+000  0.000000000000000E+000  0.000000000000000E+000  0.000000000000000E+000 -0.000000000000000E+000 -0.000000000000000E+000 -0.000000000000000E+000   0.351862280546112E-011 -0.779208952658230E-012  0.878627900908193E-011
    126.64000000  0.000000000000000E+000  0.000000000000000E+000  0.000000000000000E+000 -0.000000000000000E+000 -0.000000000000000E+000 -0.000000000000000E+000  0.000000000000000E+000  0.000000000000000E+000  0.000000000000000E+000 -0.000000000000000E+000 -0.000000000000000E+000 -0.000000000000000E+000   0.351233213445249E-011 -0.777719659425704E-012  0.876437338582878E-011
    126.72000000  0.000000000000000E+000  0.000000000000000E+000  0.000000000000000E+000 -0.000000000000000E+000 -0.000000000000000E+000 -0.000000000000000E+000  0.000000000000000E+000  0.000000000000000E+000  0.000000000000000E+000 -0.000000000000000E+000 -0.000000000000000E+000 -0.000000000000000E+000   0.350547434012595E-011 -0.776588079877036E-012  0.874249096751380E-011
    126.80000000  0.000000000000000E+000  0.000000000000000E+000  0.000000000000000E+000 -0.000000000000000E+000 -0.000000000000000E+000 -0.000000000000000E+000  0.000000000000000E+000  0.000000000000000E+000  0.000000000000000E+000 -0.000000000000000E+000 -0.000000000000000E+000 -0.000000000000000E+000   0.349839102647710E-011 -0.775660385048848E-012  0.872035468928347E-011
    126.88000000  0.000000000000000E+000  0.000000000000000E+000  0.000000000000000E+000 -0.000000000000000E+000 -0.000000000000000E+000 -0.000000000000000E+000  0.000000000000000E+000  0.000000000000000E+000  0.000000000000000E+000 -0.000000000000000E+000 -0.000000000000000E+000 -0.000000000000000E+000   0.349137454962566E-011 -0.774676589283526E-012  0.869779834595643E-011
    126.96000000  0.000000000000000E+000  0.000000000000000E+000  0.000000000000000E+000 -0.000000000000000E+000 -0.000000000000000E+000 -0.000000000000000E+000  0.000000000000000E+000  0.000000000000000E+000  0.000000000000000E+000 -0.000000000000000E+000 -0.000000000000000E+000 -0.000000000000000E+000   0.348465325058026E-011 -0.773312690808512E-012  0.867482171366501E-011
    127.04000000  0.000000000000000E+000  0.000000000000000E+000  0.000000000000000E+000 -0.000000000000000E+000 -0.000000000000000E+000 -0.000000000000000E+000  0.000000000000000E+000  0.000000000000000E+000  0.000000000000000E+000 -0.000000000000000E+000 -0.000000000000000E+000 -0.000000000000000E+000   0.347839496760180E-011 -0.771222329946032E-012  0.865159860808750E-011
    127.12000000  0.000000000000000E+000  0.000000000000000E+000  0.000000000000000E+000 -0.000000000000000E+000 -0.000000000000000E+000 -0.000000000000000E+000  0.000000000000000E+000  0.000000000000000E+000  0.000000000000000E+000 -0.000000000000000E+000 -0.000000000000000E+000 -0.000000000000000E+000   0.347273581248510E-011 -0.768103703963013E-012  0.862843787123995E-011
    127.20000000  0.000000000000000E+000  0.000000000000000E+000  0.000000000000000E+000 -0.000000000000000E+000 -0.000000000000000E+000 -0.000000000000000E+000  0.000000000000000E+000  0.000000000000000E+000  0.000000000000000E+000 -0.000000000000000E+000 -0.000000000000000E+000 -0.000000000000000E+000   0.346780026970961E-011 -0.763738260289027E-012  0.860568840038538E-011
    127.28000000  0.000000000000000E+000  0.000000000000000E+000  0.000000000000000E+000 -0.000000000000000E+000 -0.000000000000000E+000 -0.000000000000000E+000  0.000000000000000E+000  0.000000000000000E+000  0.000000000000000E+000 -0.000000000000000E+000 -0.000000000000000E+000 -0.000000000000000E+000   0.346372452611097E-011 -0.758040365775401E-012  0.858364700088794E-011
    127.36000000  0.000000000000000E+000  0.000000000000000E+000  0.000000000000000E+000 -0.000000000000000E+000 -0.000000000000000E+000 -0.000000000000000E+000  0.000000000000000E+000  0.000000000000000E+000  0.000000000000000E+000 -0.000000000000000E+000 -0.000000000000000E+000 -0.000000000000000E+000   0.346067358471122E-011 -0.751050833857666E-012  0.856244383222235E-011
    127.44000000  0.000000000000000E+000  0.000000000000000E+000  0.000000000000000E+000 -0.000000000000000E+000 -0.000000000000000E+000 -0.000000000000000E+000  0.000000000000000E+000  0.000000000000000E+000  0.000000000000000E+000 -0.000000000000000E+000 -0.000000000000000E+000 -0.000000000000000E+000   0.345883266789898E-011 -0.742926011006604E-012  0.854200091415123E-011
    127.52000000  0.000000000000000E+000  0.000000000000000E+000  0.000000000000000E+000 -0.000000000000000E+000 -0.000000000000000E+000 -0.000000000000000E+000  0.000000000000000E+000  0.000000000000000E+000  0.000000000000000E+000 -0.000000000000000E+000 -0.000000000000000E+000 -0.000000000000000E+000   0.345838418942714E-011 -0.733891085260521E-012  0.852201749200361E-011
    127.60000000  0.000000000000000E+000  0.000000000000000E+000  0.000000000000000E+000 -0.000000000000000E+000 -0.000000000000000E+000 -0.000000000000000E+000  0.000000000000000E+000  0.000000000000000E+000  0.000000000000000E+000 -0.000000000000000E+000 -0.000000000000000E+000 -0.000000000000000E+000   0.345948459088514E-011 -0.724176654625787E-012  0.850203460091427E-011
    127.68000000  0.000000000000000E+000  0.000000000000000E+000  0.000000000000000E+000 -0.000000000000000E+000 -0.000000000000000E+000 -0.000000000000000E+000  0.000000000000000E+000  0.000000000000000E+000  0.000000000000000E+000 -0.000000000000000E+000 -0.000000000000000E+000 -0.000000000000000E+000   0.346222882052532E-011 -0.713966884142953E-012  0.848153348728765E-011
    127.76000000  0.000000000000000E+000  0.000000000000000E+000  0.000000000000000E+000 -0.000000000000000E+000 -0.000000000000000E+000 -0.000000000000000E+000  0.000000000000000E+000  0.000000000000000E+000  0.000000000000000E+000 -0.000000000000000E+000 -0.000000000000000E+000 -0.000000000000000E+000   0.346663102994673E-011 -0.703351396925075E-012  0.846004615324821E-011
    127.84000000  0.000000000000000E+000  0.000000000000000E+000  0.000000000000000E+000 -0.000000000000000E+000 -0.000000000000000E+000 -0.000000000000000E+000  0.000000000000000E+000  0.000000000000000E+000  0.000000000000000E+000 -0.000000000000000E+000 -0.000000000000000E+000 -0.000000000000000E+000   0.347260521631786E-011 -0.692316911746513E-012  0.843726632975226E-011
    127.92000000  0.000000000000000E+000  0.000000000000000E+000  0.000000000000000E+000 -0.000000000000000E+000 -0.000000000000000E+000 -0.000000000000000E+000  0.000000000000000E+000  0.000000000000000E+000  0.000000000000000E+000 -0.000000000000000E+000 -0.000000000000000E+000 -0.000000000000000E+000   0.347997742065502E-011 -0.680759459391298E-012  0.841310229028433E-011
    128.00000000  0.000000000000000E+000  0.000000000000000E+000  0.000000000000000E+000 -0.000000000000000E+000 -0.000000000000000E+000 -0.000000000000000E+000  0.000000000000000E+000  0.000000000000000E+000  0.000000000000000E+000 -0.000000000000000E+000 -0.000000000000000E+000 -0.000000000000000E+000   0.348849644787126E-011 -0.668528913496668E-012  0.838766891108406E-011
