# xc field only; Ac_tot and E_tot in rt.data remain classical
# time [a.u.] Axc/c xyz [a.u.] Exc xyz [a.u.]
# extra columns: alpha_used K_estimate P_xyz (all atomic units); K held below field floor
  8.0000000000000002E-002  2.2686587586345479E-015  3.8795199691632478E-016  3.5259362623537611E-016 -5.3707271216985410E-014 -7.3474654838161133E-015 -9.6968587593073752E-015  1.0000000000000000E+000  0.0000000000000000E+000 -5.3707271216985404E-014 -7.3474654838161133E-015 -9.6968587593073752E-015
  1.6000000000000000E-001  8.5931633947176655E-015  1.1755944774105781E-015  1.5514974014891800E-015 -1.0153902415258981E-013 -1.0028515320446699E-014 -2.1064649108723214E-014  1.0000000000000000E+000  0.0000000000000000E+000 -1.0153902415258981E-013 -1.0028515320446697E-014 -2.1064649108723214E-014
  2.3999999999999999E-001  1.8514902623048918E-014  1.9925144481877965E-015  3.7229374836310906E-015 -1.4388099815309389E-013 -8.2323298689145828E-015 -3.3868415402451805E-014  1.0000000000000000E+000  0.0000000000000000E+000 -1.4388099815309392E-013 -8.2323298689145828E-015 -3.3868415402451805E-014
  3.2000000000000001E-001  3.1614123099212688E-014  2.4927672564369115E-015  6.9704438658814690E-015 -1.8127682474645710E-013 -2.3891460902465270E-015 -4.7830986856419359E-014  1.0000000000000000E+000  0.0000000000000000E+000 -1.8127682474645712E-013 -2.3891460902465266E-015 -4.7830986856419365E-014
  4.0000000000000002E-001  4.7519194582482052E-014  2.3747778226272408E-015  1.1375895380658188E-014 -2.1435624960355788E-013  6.8621106357794432E-015 -6.2716035987836892E-014  1.0000000000000000E+000  0.0000000000000000E+000 -2.1435624960355793E-013  6.8621106357794432E-015 -6.2716035987836892E-014
  4.7999999999999998E-001  6.5911123035781948E-014  1.3948295547122006E-015  1.7005009623935372E-014 -2.4380163892296948E-013  1.8776502203138570E-014 -7.8339412503310640E-014  1.0000000000000000E+000  0.0000000000000000E+000 -2.4380163892296948E-013  1.8776502203138570E-014 -7.8339412503310627E-014
  5.6000000000000005E-001  8.6527456810157173E-014 -6.2946252987493065E-016  2.3910201381187890E-014 -2.7035470169524622E-013  3.2609320366705578E-014 -9.4511826147880842E-014  1.0000000000000000E+000  0.0000000000000000E+000 -2.7035470169524622E-013  3.2609320366705578E-014 -9.4511826147880868E-014
  6.4000000000000001E-001  1.0916787530702135E-013 -3.8226617039606917E-015  3.2126901807596308E-014 -2.9482913498375628E-013  4.7659997030629408E-014 -1.1097061272238605E-013  1.0000000000000000E+000  0.0000000000000000E+000 -2.9482913498375623E-013  4.7659997030629408E-014 -1.1097061272238604E-013
  7.1999999999999997E-001  1.3370011840755818E-013 -8.2550620547756362E-015  4.1665499416769659E-014 -3.1809456952070127E-013  6.3243261659650604E-014 -1.2736094947771170E-013  1.0000000000000000E+000  0.0000000000000000E+000 -3.1809456952070117E-013  6.3243261659650604E-014 -1.2736094947771170E-013
  8.0000000000000004E-001  1.6006300643033355E-013 -1.3941583569504788E-014  5.2504653724030182E-014 -3.4103000127625947E-013  7.8637359632759755E-014 -1.4327945943729657E-013  1.0000000000000000E+000  0.0000000000000000E+000 -3.4103000127625947E-013  7.8637359632759767E-014 -1.4327945943729660E-013
  8.8000000000000000E-001  1.8826491861175970E-013 -2.0837039596017198E-014  6.4590212926737111E-014 -3.6447850822893821E-013  9.3070052733618016E-014 -1.5834094821703534E-013  1.0000000000000000E+000  0.0000000000000000E+000 -3.6447850822893836E-013  9.3070052733618028E-014 -1.5834094821703537E-013
  9.5999999999999996E-001  2.1837956774696366E-013 -2.8832792006883674E-014  7.7839205438755838E-014 -3.8923748786789007E-013  1.0576136493552628E-013 -1.7221577655447526E-013  1.0000000000000000E+000  0.0000000000000000E+000 -3.8923748786788997E-013  1.0576136493552624E-013 -1.7221577655447529E-013
  1.0400000000000000E+000  2.5054291667062211E-013 -3.7758857985701403E-014  9.2144737175453152E-014 -4.1608500206087828E-013  1.1598894713336161E-013 -1.8461683084897511E-013  1.0000000000000000E+000  0.0000000000000000E+000 -4.1608500206087792E-013  1.1598894713336158E-013 -1.8461683084897509E-013
  1.1200000000000001E+000  2.8495316807670419E-013 -4.7391023548221530E-014  1.0737789837459186E-013 -4.4580348472092651E-013  1.2312752813853353E-013 -1.9526199225867962E-013  1.0000000000000000E+000  0.0000000000000000E+000 -4.4580348472092636E-013  1.2312752813853356E-013 -1.9526199225867960E-013
  1.2000000000000000E+000  3.2187147422597035E-013 -5.7459262487866769E-014  1.2338665593684189E-013 -4.7915637169798615E-013  1.2664718348920408E-013 -2.0385626920933954E-013  1.0000000000000000E+000  0.0000000000000000E+000 -4.7915637169798635E-013  1.2664718348920408E-013 -2.0385626920933966E-013
  1.2800000000000000E+000  3.6161818754838198E-013 -6.7654572906494182E-014  1.3999490144808618E-013 -5.1680824656838751E-013  1.2609821601005820E-013 -2.1011615034195410E-013  1.0000000000000000E+000  0.0000000000000000E+000 -5.1680824656838771E-013  1.2609821601005825E-013 -2.1011615034195431E-013
  1.3600000000000001E+000  4.0456079367691235E-013 -7.7634977049476081E-014  1.5700523999155455E-013 -5.5922631249751192E-013  1.2112264296443858E-013 -2.1382093321357665E-013  1.0000000000000000E+000  0.0000000000000000E+000 -5.5922631249751212E-013  1.2112264296443863E-013 -2.1382093321357673E-013
  1.4399999999999999E+000  4.5109439754798389E-013 -8.7034195780804355E-014  1.7420625076225845E-013 -6.0661810649144224E-013  1.1150200551521087E-013 -2.1485491638625736E-013  1.0000000000000000E+000  0.0000000000000000E+000 -6.0661810649144254E-013  1.1150200551521079E-013 -2.1485491638625741E-013
  1.5200000000000000E+000  5.0161969071554312E-013 -9.5475297931909820E-014  1.9138202661335573E-013 -6.5893450557838112E-013  9.7211365275676364E-014 -2.1321602722684329E-013  1.0000000000000000E+000  0.0000000000000000E+000 -6.5893450557838152E-013  9.7211365275676301E-014 -2.1321602722684332E-013
  1.6000000000000001E+000  5.5652391844052487E-013 -1.0258801422491257E-013  2.0832081511855338E-013 -7.1592043555663133E-013  7.8439517462114084E-014 -2.0899276253299459E-013  1.0000000000000000E+000  0.0000000000000000E+000 -7.1592043555663154E-013  7.8439517462114034E-014 -2.0899276253299446E-013
  1.6799999999999999E+000  6.1616696040460414E-013 -1.0802562072584807E-013  2.2482086861863486E-013 -7.7716810608422110E-013  5.5562273762989858E-014 -2.0232976748339029E-013  1.0000000000000000E+000  0.0000000000000000E+000 -7.7716810608422140E-013  5.5562273762989770E-014 -2.0232976748339014E-013
  1.7600000000000000E+000  6.8087081541400025E-013 -1.1147797802699095E-013  2.4069357791589582E-013 -8.4214158617912109E-013  2.9092696003597357E-014 -1.9340033272137524E-013  1.0000000000000000E+000  0.0000000000000000E+000 -8.4214158617912180E-013  2.9092696003597325E-014 -1.9340033272137506E-013
  1.8400000000000001E+000  7.5090961419326351E-013 -1.1268045208642365E-013  2.5576492185405490E-013 -9.1017777864594758E-013 -3.5844156499353457E-016 -1.8238965495606228E-013  1.0000000000000000E+000  0.0000000000000000E+000 -9.1017777864594778E-013 -3.5844156499349656E-016 -1.8238965495606197E-013
  1.9199999999999999E+000  8.2649925999735187E-013 -1.1142062737659199E-013  2.6987592270886579E-013 -9.8049434988045431E-013 -3.2100684345030071E-014 -1.6948573829754474E-013  1.0000000000000000E+000  0.0000000000000000E+000 -9.8049434988045411E-013 -3.2100684345030039E-014 -1.6948573829754457E-013
  2.0000000000000000E+000  9.0778871017413622E-013 -1.0754434259121884E-013  2.8288263998166206E-013 -1.0522273485126248E-012 -6.5377975064601889E-014 -1.5487833832429267E-013  1.0000000000000000E+000  0.0000000000000000E+000 -1.0522273485126246E-012 -6.5377975064601814E-014 -1.5487833832429269E-013
  2.0800000000000001E+000  9.9485563575937184E-013 -1.0096015136625568E-013  2.9465645684075262E-013 -1.1244897849404023E-012 -9.9400980580510331E-014 -1.3877030384176755E-013  1.0000000000000000E+000  0.0000000000000000E+000 -1.1244897849404026E-012 -9.9400980580510192E-014 -1.3877030384176755E-013
  2.1600000000000001E+000  1.0877070757646006E-012 -9.1640185698337185E-014  3.0508588859634487E-013 -1.1964198237950119E-012 -1.3339539327579204E-013 -1.2140027810828701E-013  1.0000000000000000E+000  0.0000000000000000E+000 -1.1964198237950119E-012 -1.3339539327579196E-013 -1.2140027810828728E-013
  2.2400000000000002E+000  1.1862828075665737E-012 -7.9616888442128957E-014  3.1408050133807854E-013 -1.2671930837728935E-012 -1.6663921211437728E-013 -1.0306251379424212E-013  1.0000000000000000E+000  0.0000000000000000E+000 -1.2671930837728925E-012 -1.6663921211437731E-013 -1.0306251379424265E-013
  2.3199999999999998E+000  1.2904579691682636E-012 -6.4977911760036819E-014  3.2157589080342360E-013 -1.3360027029022616E-012 -1.9846481430046864E-013 -8.4105006628445697E-014  1.0000000000000000E+000  0.0000000000000000E+000 -1.3360027029022610E-012 -1.9846481430046866E-013 -8.4105006628446151E-014
  2.3999999999999999E+000  1.4000432400309356E-012 -4.7862518154053975E-014  3.2753730239862985E-013 -1.4020363670898928E-012 -2.2823224755420814E-013 -6.4900119502447350E-014  1.0000000000000000E+000  0.0000000000000000E+000 -1.4020363670898926E-012 -2.2823224755420814E-013 -6.4900119502447426E-014
  2.4800000000000000E+000  1.5147837879026464E-012 -2.8460752151363516E-014  3.3195990992381518E-013 -1.4644792602151549E-012 -2.5530900432014970E-013 -4.5803007051692641E-014  1.0000000000000000E+000  0.0000000000000000E+000 -1.4644792602151545E-012 -2.5530900432014970E-013 -4.5803007051692628E-014
  2.5600000000000001E+000  1.6343599216653604E-012 -7.0130774628300216E-015  3.3486578352690067E-013 -1.5225502287274759E-012 -2.7908889146280304E-013 -2.7123782057507925E-014  1.0000000000000000E+000  0.0000000000000000E+000 -1.5225502287274769E-012 -2.7908889146280304E-013 -2.7123782057507979E-014
  2.6400000000000001E+000  1.7583918244990426E-012  1.6193470482684972E-014  3.3629971505301645E-013 -1.5755551356066985E-012 -2.9904814580034245E-013 -9.1266432666854981E-015  1.0000000000000000E+000  0.0000000000000000E+000 -1.5755551356067009E-012 -2.9904814580034245E-013 -9.1266432666854713E-015
  2.7200000000000002E+000  1.8864487433624321E-012  4.0834625865224775E-014  3.3632604644957035E-013 -1.6229357309868167E-012 -3.1480256450174391E-013  7.9568610413178603E-015  1.0000000000000000E+000  0.0000000000000000E+000 -1.6229357309868198E-012 -3.1480256450174381E-013  7.9568610413178508E-015
  2.8000000000000003E+000  2.0180615414569332E-012  6.6561880802963995E-014  3.3502661728640559E-013 -1.6643029034419776E-012 -3.2612914296129182E-013  2.3927519800263445E-014  1.0000000000000000E+000  0.0000000000000000E+000 -1.6643029034419793E-012 -3.2612914296129182E-013  2.3927519800263316E-014
  2.8799999999999999E+000  2.1527372079131486E-012  9.3015288739031472E-014  3.3249764328152820E-013 -1.6994557070118039E-012 -3.3294834765134784E-013  3.8645073790660343E-014  1.0000000000000000E+000  0.0000000000000000E+000 -1.6994557070118031E-012 -3.3294834765134784E-013  3.8645073790660078E-014
  2.9600000000000000E+000  2.2899744545788219E-012  1.1983361642717965E-013  3.2884340547989994E-013 -1.7283902133607713E-012 -3.3529754163441767E-013  5.2065702853458418E-014  1.0000000000000000E+000  0.0000000000000000E+000 -1.7283902133607701E-012 -3.3529754163441757E-013  5.2065702853458424E-014
  3.0400000000000000E+000  2.4292796420508720E-012  1.4666289540053830E-013  3.2416713082497485E-013 -1.7512940408237809E-012 -3.3332794113738041E-013  6.4255913596299573E-014  1.0000000000000000E+000  0.0000000000000000E+000 -1.7512940408237785E-012 -3.3332794113738036E-013  6.4255913596299699E-014
  3.1200000000000001E+000  2.5701815011106268E-012  1.7316608700916052E-013  3.1856245930449200E-013 -1.7685203534109708E-012 -3.2732607696205417E-013  7.5360757091032229E-014  1.0000000000000000E+000  0.0000000000000000E+000 -1.7685203534109693E-012 -3.2732607696205422E-013  7.5360757091032040E-014
  3.2000000000000002E+000  2.7122428985966273E-012  1.9903506771446697E-013  3.1210940969040970E-013 -1.7805442547685656E-012 -3.1772639341638513E-013  8.5541252699722598E-014  1.0000000000000000E+000  0.0000000000000000E+000 -1.7805442547685658E-012 -3.1772639341638528E-013  8.5541252699722510E-014
  3.2800000000000002E+000  2.8550685818735973E-012  2.2400230995578214E-013  3.0487585887253639E-013 -1.7879159609750606E-012 -3.0508030811580642E-013  9.4923781291875224E-014  1.0000000000000000E+000  0.0000000000000000E+000 -1.7879159609750602E-012 -3.0508030811580667E-013  9.4923781291875236E-014
  3.3599999999999999E+000  2.9983094523526370E-012  2.4784791701299600E-013  2.9692160468370966E-013 -1.7912283455515167E-012 -2.8998358447207648E-013  1.0359701205329585E-013  1.0000000000000000E+000  0.0000000000000000E+000 -1.7912283455515146E-012 -2.8998358447207668E-013  1.0359701205329569E-013
  3.4399999999999999E+000  3.1416651171618400E-012  2.7039968347131438E-013  2.8830033694400905E-013 -1.7911036206301678E-012 -2.7300195713086058E-013  1.1165611817815539E-013  1.0000000000000000E+000  0.0000000000000000E+000 -1.7911036206301676E-012 -2.7300195713086078E-013  1.1165611817815518E-013
  3.5200000000000000E+000  3.2848860316534639E-012  2.9152823015393370E-013  2.7905662577520480E-013 -1.7881872162818074E-012 -2.5464087265205466E-013  1.1925680186013314E-013  1.0000000000000000E+000  0.0000000000000000E+000 -1.7881872162818087E-012 -2.5464087265205471E-013  1.1925680186013306E-013
  3.6000000000000001E+000  3.4277750717669292E-012  3.1114222309564312E-013  2.6921924864638775E-013 -1.7831328342366894E-012 -2.3536952370198804E-013  1.2663607190269458E-013  1.0000000000000000E+000  0.0000000000000000E+000 -1.7831328342366910E-012 -2.3536952370198773E-013  1.2663607190269468E-013
  3.6800000000000002E+000  3.5701872851313342E-012  3.2918735394625178E-013  2.5879485427077366E-013 -1.7765760946039524E-012 -2.1566488808076683E-013  1.3408639224342413E-013  1.0000000000000000E+000  0.0000000000000000E+000 -1.7765760946039586E-012 -2.1566488808076642E-013  1.3408639224342433E-013
  3.7600000000000002E+000  3.7120272469035616E-012  3.4564860518856582E-013  2.4776542588743989E-013 -1.7691118260524696E-012 -1.9602808424333064E-013  1.4190725610414682E-013  1.0000000000000000E+000  0.0000000000000000E+000 -1.7691118260524744E-012 -1.9602808424333069E-013  1.4190725610414694E-013
  3.8399999999999999E+000  3.8532451772997293E-012  3.6055184742518468E-013  2.3608969329411017E-013 -1.7612925223687162E-012 -1.7695405229846258E-013  1.5037192298952133E-013  1.0000000000000000E+000  0.0000000000000000E+000 -1.7612925223687170E-012 -1.7695405229846268E-013  1.5037192298952123E-013
  3.9199999999999999E+000  3.9938340504825562E-012  3.7396125355631983E-013  2.2370591820911648E-013 -1.7536468086684882E-012 -1.5887912395935151E-013  1.5972643824703078E-013  1.0000000000000000E+000  0.0000000000000000E+000 -1.7536468086684928E-012 -1.5887912395935158E-013  1.5972643824703073E-013
  4.0000000000000000E+000  4.1338286666866874E-012  3.8597250725868092E-013  2.1053346317458524E-013 -1.7466930094040863E-012 -1.4214701136237657E-013  1.7020574009492523E-013  1.0000000000000000E+000  0.0000000000000000E+000 -1.7466930094040910E-012 -1.4214701136237662E-013  1.7020574009492511E-013
  4.0800000000000001E+000  4.2733049319872100E-012  3.9670477537430008E-013  1.9647299979392844E-013 -1.7409189000253659E-012 -1.2701198371923883E-013  1.8203688223247766E-013  1.0000000000000000E+000  0.0000000000000000E+000 -1.7409189000253651E-012 -1.2701198371923888E-013  1.8203688223247755E-013
  4.1600000000000001E+000  4.4123756906907460E-012  4.0629442465375914E-013  1.8140756201738882E-013 -1.7367222334008467E-012 -1.1365971442660613E-013  1.9541471630961372E-013  1.0000000000000000E+000  0.0000000000000000E+000 -1.7367222334008459E-012 -1.1365971442660628E-013  1.9541471630961372E-013
  4.2400000000000002E+000  4.5511804893313454E-012  4.1489032968255706E-013  1.6520664518439024E-013 -1.7343407737819791E-012 -1.0221004450671176E-013  2.1046451530183996E-013  1.0000000000000000E+000  0.0000000000000000E+000 -1.7343407737819791E-012 -1.0221004450671197E-013  2.1046451530184001E-013
  4.3200000000000003E+000  4.6898702144958626E-012  4.2264803177483302E-013  1.4773323956909443E-013 -1.7338145253176443E-012 -9.2687474449043288E-014  2.2722071318906500E-013  1.0000000000000000E+000  0.0000000000000000E+000 -1.7338145253176457E-012 -9.2687474449043616E-014  2.2722071318906510E-013
  4.4000000000000004E+000  4.8285908133821685E-012  4.2972032559440399E-013  1.2885133107413984E-013 -1.7350040364687761E-012 -8.4982274661451149E-014  2.4563974937827048E-013  1.0000000000000000E+000  0.0000000000000000E+000 -1.7350040364687789E-012 -8.4982274661451200E-014  2.4563974937827053E-013
  4.4800000000000004E+000  4.9674708603308668E-012  4.3624519572066520E-013  1.0843087966857115E-013 -1.7376497764106138E-012 -7.8841368012522443E-014  2.6563781026300248E-013  1.0000000000000000E+000  0.0000000000000000E+000 -1.7376497764106124E-012 -7.8841368012522266E-014  2.6563781026300243E-013
  4.5600000000000005E+000  5.1066147776078667E-012  4.4233494447640758E-013  8.6349281432059449E-014 -1.7414311636168520E-012 -7.3907920618345812E-014  2.8712639029167216E-013  1.0000000000000000E+000  0.0000000000000000E+000 -1.7414311636168486E-012 -7.3907920618345862E-014  2.8712639029167216E-013
  4.6399999999999997E+000  5.2460998465095631E-012  4.4807046301960053E-013  6.2490657221903602E-014 -1.7459914180121316E-012 -6.9788902776532998E-014  3.1002541069337622E-013  1.0000000000000000E+000  0.0000000000000000E+000 -1.7459914180121286E-012 -6.9788902776533124E-014  3.1002541069337622E-013
  4.7199999999999998E+000  5.3859734044898078E-012  4.5350116892065286E-013  3.6745215721119253E-014 -1.7509288009196498E-012 -6.6109006450683162E-014  3.3425400821670602E-013  1.0000000000000000E+000  0.0000000000000000E+000 -1.7509288009196463E-012 -6.6109006450683036E-014  3.3425400821670602E-013
  4.7999999999999998E+000  5.5262484546567071E-012  4.5864790405170984E-013  9.0100159072306387E-015 -1.7557857947535825E-012 -6.2524576816548387E-014  3.5971466497990318E-013  1.0000000000000000E+000  0.0000000000000000E+000 -1.7557857947535835E-012 -6.2524576816547908E-014  3.5971466497990313E-013
  4.8799999999999999E+000  5.6668991316503810E-012  4.6350510121130060E-013 -2.0809130675665251E-014 -1.7600660773786673E-012 -5.8705997078754008E-014  3.8628460372039533E-013  1.0000000000000000E+000  0.0000000000000000E+000 -1.7600660773786717E-012 -5.8705997078753402E-014  3.8628460372039533E-013
  4.9600000000000000E+000  5.8078590270372938E-012  4.6804086358431048E-013 -5.2795520688032616E-014 -1.7632805099808994E-012 -5.4321260599325943E-014  4.1381517746928467E-013  1.0000000000000000E+000  0.0000000000000000E+000 -1.7632805099809033E-012 -5.4321260599325394E-014  4.1381517746928467E-013
  5.0400000000000000E+000  5.9490240132473249E-012  4.7219650290719275E-013 -8.7019559070750803E-014 -1.7649939968375656E-012 -4.9043499477109254E-014  4.4213128331921738E-013  1.0000000000000000E+000  0.0000000000000000E+000 -1.7649939968375658E-012 -4.9043499477108799E-014  4.4213128331921733E-013
  5.1200000000000001E+000  6.0902580665313043E-012  4.7588782350064796E-013 -1.2353652601910740E-013 -1.7648395034690768E-012 -4.2576223097845774E-014  4.7102744223041732E-013  1.0000000000000000E+000  0.0000000000000000E+000 -1.7648395034690752E-012 -4.2576223097845219E-014  4.7102744223041732E-013
  5.2000000000000002E+000  6.2313983338023772E-012  4.7900869860284807E-013 -1.6238394982761758E-013 -1.7624921045132054E-012 -3.4671518876976779E-014  5.0026829366781102E-013  1.0000000000000000E+000  0.0000000000000000E+000 -1.7624921045132080E-012 -3.4671518876976293E-014  5.0026829366781102E-013
  5.2800000000000002E+000  6.3722568032534172E-012  4.8143526652096424E-013 -2.0357945300595717E-013 -1.7576300928209533E-012 -2.5125490207952274E-014  5.2960334344100038E-013  1.0000000000000000E+000  0.0000000000000000E+000 -1.7576300928209551E-012 -2.5125490207952412E-014  5.2960334344100038E-013
  5.3600000000000003E+000  6.5126191486537297E-012  4.8302877703612044E-013 -2.4712048477817763E-013 -1.7499198430605752E-012 -1.3760572753359824E-014  5.5879617150845550E-013  1.0000000000000000E+000  0.0000000000000000E+000 -1.7499198430605771E-012 -1.3760572753359844E-014  5.5879617150845540E-013
  5.4400000000000004E+000  6.6522439781431092E-012  4.8363695816150182E-013 -2.9298684044731004E-013 -1.7390416545397291E-012 -4.2022399256332347E-016  5.8765506695316633E-013  1.0000000000000000E+000  0.0000000000000000E+000 -1.7390416545397301E-012 -4.2022399256317910E-016  5.8765506695316603E-013
  5.5200000000000005E+000  6.7908658133800864E-012  4.8309601287493057E-013 -3.4114529549068424E-013 -1.7247432206935820E-012  1.5009422078575917E-014  6.1604773373950879E-013  1.0000000000000000E+000  0.0000000000000000E+000 -1.7247432206935790E-012  1.5009422078575987E-014  6.1604773373950879E-013
  5.6000000000000005E+000  6.9282028934540824E-012  4.8123545062892967E-013 -3.9155447784563145E-013 -1.7068865959298399E-012  3.2562825551168284E-014  6.4389528363087694E-013  1.0000000000000000E+000  0.0000000000000000E+000 -1.7068865959298356E-012  3.2562825551168656E-014  6.4389528363087694E-013
  5.6799999999999997E+000  7.0639676687288608E-012  4.7788596078674364E-013 -4.4416854087162456E-013 -1.6854630668569650E-012  5.2171338939916856E-014  6.7115701162199628E-013  1.0000000000000000E+000  0.0000000000000000E+000 -1.6854630668569628E-012  5.2171338939917014E-014  6.7115701162199608E-013
  5.7599999999999998E+000  7.1978769841511968E-012  4.7288803639854297E-013 -4.9893959970515087E-013 -1.6605762141851539E-012  7.3671231774988202E-014  6.9782152575970644E-013  1.0000000000000000E+000  0.0000000000000000E+000 -1.6605762141851505E-012  7.3671231774988252E-014  6.9782152575970614E-013
  5.8399999999999999E+000  7.3296598629984854E-012  4.6609856370274553E-013 -5.5581998499317760E-013 -1.6324117121844487E-012  9.6835494156868851E-014  7.2390955165273659E-013  1.0000000000000000E+000  0.0000000000000000E+000 -1.6324117121844517E-012  9.6835494156869167E-014  7.2390955165273638E-013
  5.9199999999999999E+000  7.4590628581007085E-012  4.5739435733344396E-013 -6.1476512796958873E-013 -1.6012139664469505E-012  1.2140551135139547E-013  7.4947774239829546E-013  1.0000000000000000E+000  0.0000000000000000E+000 -1.6012139664469533E-012  1.2140551135139570E-013  7.4947774239829516E-013
  6.0000000000000000E+000  7.5858540976299975E-012  4.4667368188652226E-013 -6.7573642377690488E-013 -1.5672749005358475E-012  1.4710649066153116E-013  7.7460958333051214E-013  1.0000000000000000E+000  0.0000000000000000E+000 -1.5672749005358457E-012  1.4710649066153141E-013  7.7460958333051174E-013
  6.0800000000000001E+000  7.7098268421864441E-012  4.3385731882759897E-013 -7.3870266130247067E-013 -1.5309261062512608E-012  1.7365088118171976E-013  7.9939276700996810E-013  1.0000000000000000E+000  0.0000000000000000E+000 -1.5309261062512660E-012  1.7365088118171989E-013  7.9939276700996810E-013
  6.1600000000000001E+000  7.8308022746301992E-012  4.1888954089744709E-013 -8.0363926649849978E-013 -1.4925253667563641E-012  2.0074719554940611E-013  8.2389830663102450E-013  1.0000000000000000E+000  0.0000000000000000E+000 -1.4925253667563609E-012  2.0074719554940583E-013  8.2389830663102460E-013
  6.2400000000000002E+000  7.9486309008674624E-012  4.0173776753969399E-013 -8.7052639036343459E-013 -1.4524366551955355E-012  2.2812311097045194E-013  8.4818054991567003E-013  1.0000000000000000E+000  0.0000000000000000E+000 -1.4524366551955300E-012  2.2812311097045189E-013  8.4818054991567003E-013
  6.3200000000000003E+000  8.0631921394614849E-012  3.8238984314217478E-013 -9.3934815448500698E-013 -1.4110098349763656E-012  2.5555085370483649E-013  8.7230179086423710E-013  1.0000000000000000E+000  0.0000000000000000E+000 -1.4110098349763727E-012  2.5555085370483659E-013  8.7230179086423811E-013
  6.4000000000000004E+000  8.1743924744636809E-012  3.6084963094692016E-013 -1.0100946769017125E-012 -1.3685670719156095E-012  2.8285426328629822E-013  8.9636394540452024E-013  1.0000000000000000E+000  0.0000000000000000E+000 -1.3685670719156111E-012  2.8285426328629807E-013  8.9636394540452206E-013
  6.4800000000000004E+000  8.2821628709679824E-012  3.3713316101636706E-013 -1.0827663857497302E-012 -1.3253961567483444E-012  3.0989069443741440E-013  9.2052229590302644E-013  1.0000000000000000E+000  0.0000000000000000E+000 -1.3253961567483377E-012  3.0989069443741435E-013  9.2052229590302664E-013
  6.5600000000000005E+000  8.3864558595434160E-012  3.1126711983693385E-013 -1.1573782442461967E-012 -1.2817482449580010E-012  3.3652452839426511E-013  9.4496896101709091E-013  1.0000000000000000E+000  0.0000000000000000E+000 -1.2817482449580034E-012  3.3652452839426527E-013  9.4496896101709030E-013
  6.6400000000000006E+000  8.4872425901612625E-012  2.8328923647328464E-013 -1.2339614195124648E-012 -1.2378387174923948E-012  3.6261865945984529E-013  9.6989758519775396E-013  1.0000000000000000E+000  0.0000000000000000E+000 -1.2378387174923975E-012  3.6261865945984549E-013  9.6989758519775295E-013
  6.7199999999999998E+000  8.5845100543421992E-012  2.5324813432335861E-013 -1.3125618578778374E-012 -1.1938515328415259E-012  3.8805628587154501E-013  9.9547297608978410E-013  1.0000000000000000E+000  0.0000000000000000E+000 -1.1938515328415180E-012  3.8805628587154521E-013  9.9547297608978350E-013
  6.7999999999999998E+000  8.6782588354159067E-012  2.2120023073383744E-013 -1.3932370956868302E-012 -1.1499459118968913E-012  4.1277703128150656E-013  1.0218212642324501E-012  1.0000000000000000E+000  0.0000000000000000E+000 -1.1499459118968842E-012  4.1277703128150666E-013  1.0218212642324513E-012
  6.8799999999999999E+000  8.7685014002457018E-012  1.8720380931831756E-013 -1.4760532601550294E-012 -1.1062577862247905E-012  4.3679741583885445E-013  1.0490365259687284E-012  1.0000000000000000E+000  0.0000000000000000E+000 -1.1062577862247818E-012  4.3679741583885455E-013  1.0490365259687298E-012
  6.9600000000000000E+000  8.8552600812118732E-012  1.5131264419962073E-013 -1.5610829398418268E-012 -1.0628875310113751E-012  4.6020002281147176E-013  1.0771869758057715E-012  1.0000000000000000E+000  0.0000000000000000E+000 -1.0628875310113668E-012  4.6020002281147186E-013  1.0771869758057713E-012
  7.0400000000000000E+000  8.9385634052075218E-012  1.1357180566848207E-013 -1.6484031762839529E-012 -1.0198745984662937E-012  4.8310406707475929E-013  1.1063094460590024E-012  1.0000000000000000E+000  0.0000000000000000E+000 -1.0198745984663033E-012  4.8310406707475929E-013  1.1063094460590014E-012
  7.1200000000000001E+000  9.0184400169664802E-012  7.4015993467659242E-014 -1.7380924512112672E-012 -9.7717292759546298E-013  5.0564476890818303E-013  1.1363969920119497E-012  1.0000000000000000E+000  0.0000000000000000E+000 -9.7717292759546823E-013  5.0564476890818303E-013  1.1363969920119491E-012
  7.2000000000000002E+000  9.0949110736227959E-012  3.2668642643172779E-014 -1.8302266950058648E-012 -9.3464702179843032E-013  5.2797830442223879E-013  1.1673953008378742E-012  1.0000000000000000E+000  0.0000000000000000E+000 -9.3464702179842486E-013  5.2797830442223869E-013  1.1673953008378729E-012
  7.2800000000000002E+000  9.1679835404542290E-012 -1.0460535239898957E-014 -1.9248756993453271E-012 -8.9209823484815023E-013  5.5030027330611752E-013  1.1992182442791494E-012  1.0000000000000000E+000  0.0000000000000000E+000 -8.9209823484814973E-013  5.5030027330611762E-013  1.1992182442791480E-012
  7.3600000000000003E+000  9.2376467911984999E-012 -5.5379401085806036E-014 -2.0221016140905287E-012 -8.4930855009133370E-013  5.7284848739569402E-013  1.2317753014531259E-012  1.0000000000000000E+000  0.0000000000000000E+000 -8.4930855009133329E-013  5.7284848739569412E-013  1.2317753014531248E-012
  7.4400000000000004E+000  9.3038729084688424E-012 -1.0211629322321001E-013 -2.1219597475778272E-012 -8.0607562949217035E-013  5.9587402391108454E-013  1.2649920330062674E-012  1.0000000000000000E+000  0.0000000000000000E+000 -8.0607562949216561E-013  5.9587402391108444E-013  1.2649920330062670E-012
  7.5200000000000005E+000  9.3666188919172472E-012 -1.5071924491157956E-013 -2.2245003393715315E-012 -7.6221910050913839E-013  6.1959368324157777E-013  1.2988099300486457E-012  1.0000000000000000E+000  0.0000000000000000E+000 -7.6221910050913930E-013  6.1959368324157767E-013  1.2988099300486475E-012
  7.6000000000000005E+000  9.4258279645503045E-012 -2.0125128254186246E-013 -2.3297693363856105E-012 -7.1756163462884373E-013  6.4415710581654585E-013  1.3331679863711775E-012  1.0000000000000000E+000  0.0000000000000000E+000 -7.1756163462885212E-013  6.4415710581654565E-013  1.3331679863711799E-012
  7.6799999999999997E+000  9.4814287534578622E-012 -2.5378438184222690E-013 -2.4378072171909199E-012 -6.7190996398985335E-013  6.6965202432208978E-013  1.3679823888492761E-012  1.0000000000000000E+000  0.0000000000000000E+000 -6.7190996398985749E-013  6.6965202432208968E-013  1.3679823888492779E-012
  7.7599999999999998E+000  9.5333335587886811E-012 -3.0839560643339682E-013 -2.5486465186014947E-012 -6.2506061675192738E-013  6.9613999486861476E-013  1.4031394867933223E-012  1.0000000000000000E+000  0.0000000000000000E+000 -6.2506061675192354E-013  6.9613999486861476E-013  1.4031394867933235E-012
  7.8399999999999999E+000  9.5814384521381705E-012 -3.6516678102120525E-013 -2.6623095350778515E-012 -5.7683298024284054E-013  7.2368893443008800E-013  1.4385031560104440E-012  1.0000000000000000E+000  0.0000000000000000E+000 -5.7683298024283953E-013  7.2368893443008820E-013  1.4385031560104448E-012
  7.9199999999999999E+000  9.6256268356275356E-012 -4.2418583594221090E-013 -2.7788070235631657E-012 -5.2710665572878297E-013  7.5237315325967671E-013  1.4739265670962949E-012  1.0000000000000000E+000  0.0000000000000000E+000 -5.2710665572878266E-013  7.5237315325967692E-013  1.4739265670962967E-012
  8.0000000000000000E+000  9.6657755170547758E-012 -4.8554648554275353E-013 -2.8981377858132587E-012 -4.7583442429775570E-013  7.8224067753821410E-013  1.5092592136752562E-012  1.0000000000000000E+000  0.0000000000000000E+000 -4.7583442429774833E-013  7.8224067753821410E-013  1.5092592136752560E-012
  8.0800000000000001E+000  9.7017603435151765E-012 -5.4934434434832517E-013 -3.0202884977512067E-012 -4.2302155069494484E-013  8.1327553276139609E-013  1.5443495474132557E-012  1.0000000000000000E+000  0.0000000000000000E+000 -4.2302155069494151E-013  8.1327553276139609E-013  1.5443495474132551E-012
  8.1600000000000001E+000  9.7334589651659670E-012 -6.1567057078457690E-013 -3.1452337133993796E-012 -3.6869069113175598E-013  8.4538471884764515E-013  1.5790522644185603E-012  1.0000000000000000E+000  0.0000000000000000E+000 -3.6869069113175987E-013  8.4538471884764495E-013  1.5790522644185617E-012
  8.2400000000000002E+000  9.7607508540962574E-012 -6.8460589936394840E-013 -3.2729368600581764E-012 -3.1286417572571117E-013  8.7841617865082981E-013  1.6132452493139509E-012  1.0000000000000000E+000  0.0000000000000000E+000 -3.1286417572571990E-013  8.7841617865082951E-013  1.6132452493139521E-012
  8.3200000000000003E+000  9.7835172332820808E-012 -7.5621715936870967E-013 -3.4033529532896118E-012 -2.5558047047410337E-013  9.1218800079519747E-013  1.6468498590129788E-012  1.0000000000000000E+000  0.0000000000000000E+000 -2.5558047047410398E-013  9.1218800079519787E-013  1.6468498590129772E-012
  8.4000000000000004E+000  9.8016437293721140E-012 -8.3055597949118001E-013 -3.5364328375002530E-012 -1.9693181521191152E-013  9.4650362655450333E-013  1.6798413494520989E-012  1.0000000000000000E+000  0.0000000000000000E+000 -1.9693181521191120E-013  9.4650362655450373E-013  1.6798413494521005E-012
  8.4800000000000004E+000  9.8150263237159866E-012 -9.0765773961743020E-013 -3.6721275692019476E-012 -1.3709186295698421E-013  9.8114552587139656E-013  1.7122401765949529E-012  1.0000000000000000E+000  0.0000000000000000E+000 -1.3709186295698461E-013  9.8114552587139596E-013  1.7122401765949552E-012
  8.5600000000000005E+000  9.8235784274452314E-012 -9.8753926363060346E-013 -3.8103912657554454E-012 -7.6309542904079025E-014  1.0158624319710796E-012  1.7440895481869861E-012  1.0000000000000000E+000  0.0000000000000000E+000 -7.6309542904080716E-014  1.0158624319710786E-012  1.7440895481869859E-012
  8.6400000000000006E+000  9.8272358505806393E-012 -1.0701957287328029E-012 -3.9511818969118654E-012 -1.4871433549865161E-014  1.0503717335028202E-012  1.7754346622074266E-012  1.0000000000000000E+000  0.0000000000000000E+000 -1.4871433549874139E-014  1.0503717335028206E-012  1.7754346622074256E-012
  8.7200000000000006E+000  9.8259578568132099E-012 -1.1555987409910547E-012 -4.0944608117086337E-012  4.6941152679309148E-014  1.0843833968384788E-012  1.8063156150225761E-012  1.0000000000000000E+000  0.0000000000000000E+000  4.6941152679301354E-014  1.0843833968384798E-012  1.8063156150225735E-012
  8.8000000000000007E+000  9.8197252661519498E-012 -1.2436970722269596E-012 -4.2401923953154776E-012  1.0887318243007587E-013  1.1176309646975938E-012  1.8367742613337174E-012  1.0000000000000000E+000  0.0000000000000000E+000  1.0887318243006906E-013  1.1176309646975940E-012  1.8367742613337186E-012
  8.8800000000000008E+000  9.8085381476243977E-012 -1.3344196953426697E-012 -4.3883446935220285E-012  1.7068888307013855E-013  1.1498898428332851E-012  1.8668636700664619E-012  1.0000000000000000E+000  0.0000000000000000E+000  1.7068888307014065E-013  1.1498898428332849E-012  1.8668636700664655E-012
  8.9600000000000009E+000  9.7924150448607276E-012 -1.4276794470802852E-012 -4.5388905825261115E-012  2.3215257279927573E-013  1.1809744807150913E-012  1.8966501545192234E-012  1.0000000000000000E+000  0.0000000000000000E+000  2.3215257279927649E-013  1.1809744807150920E-012  1.8966501545192234E-012
  9.0400000000000009E+000  9.7713937359765136E-012 -1.5233756122570844E-012 -4.6918087182451042E-012  2.9301970791008397E-013  1.2107246717009032E-012  1.9262084871365317E-012  1.0000000000000000E+000  0.0000000000000000E+000  2.9301970791007978E-013  1.2107246717009042E-012  1.9262084871365301E-012
  9.1200000000000010E+000  9.7455318915951142E-012 -1.6213953945524297E-012 -4.8470839404679566E-012  3.5304815452521446E-013  1.2389969212617536E-012  1.9556195161114280E-012  1.0000000000000000E+000  0.0000000000000000E+000  3.5304815452522128E-013  1.2389969212617536E-012  1.9556195161114304E-012
  9.2000000000000011E+000  9.7149060312524793E-012 -1.7216151196589650E-012 -5.0047078408229327E-012  4.1202087257645026E-013  1.2656677730129142E-012  1.9849768855917869E-012  1.0000000000000000E+000  0.0000000000000000E+000  4.1202087257645945E-013  1.2656677730129128E-012  1.9849768855917877E-012
  9.2799999999999994E+000  9.6796085519828821E-012 -1.8239022382344960E-012 -5.1646802421626425E-012  4.6976353163040900E-013  1.2906436120900156E-012  2.0143981410426721E-012  1.0000000000000000E+000  0.0000000000000000E+000  4.6976353163041052E-013  1.2906436120900162E-012  2.0143981410426685E-012
  9.3599999999999994E+000  9.6397438661916139E-012 -1.9281180975933675E-012 -5.3270115433897602E-012  5.2614727539327771E-013  1.3138671836636467E-012  2.0440283480722612E-012  1.0000000000000000E+000  0.0000000000000000E+000  5.2614727539327135E-013  1.3138671836636499E-012  2.0440283480722612E-012
  9.4399999999999995E+000  9.5954249879199577E-012 -2.0341209876206795E-012 -5.4917247778542044E-012  5.8108000888146912E-013  1.3353192619882830E-012  2.0740264671427081E-012  1.0000000000000000E+000  0.0000000000000000E+000  5.8108000888146084E-013  1.3353192619882844E-012  2.0740264671427073E-012
  9.5199999999999996E+000  9.5467710647705788E-012 -2.1417691795114927E-012 -5.6588557781325935E-012  6.3449858443602422E-013  1.3550221433402738E-012  2.1045381850297305E-012  1.0000000000000000E+000  0.0000000000000000E+000  6.3449858443601816E-013  1.3550221433402738E-012  2.1045381850297289E-012
  9.5999999999999996E+000  9.4939052144101938E-012 -2.2509245305551233E-012 -5.8284508874589612E-012  6.8636946267433369E-013  1.3730496480539474E-012  2.1356706768849280E-012  1.0000000000000000E+000  0.0000000000000000E+000  6.8636946267433278E-013  1.3730496480539480E-012  2.1356706768849240E-012
  9.6799999999999997E+000  9.4369519507426854E-012 -2.3614571232001243E-012 -6.0005630864341820E-012  7.3669691880634877E-013  1.3895372765043739E-012  2.1674823123384781E-012  1.0000000000000000E+000  0.0000000000000000E+000  7.3669691880634907E-013  1.3895372765043733E-012  2.1674823123384737E-012
  9.7599999999999998E+000  9.3760337074011780E-012 -2.4732504947958231E-012 -6.1752480574331177E-012  7.8553175915824767E-013  1.4046796855464870E-012  2.1999901987353676E-012  1.0000000000000000E+000  0.0000000000000000E+000  7.8553175915824303E-013  1.4046796855464850E-012  2.1999901987353684E-012
  9.8399999999999999E+000  9.3112668692773658E-012 -2.5862058728875623E-012 -6.3525615182318408E-012  8.3297454021887444E-013  1.4187079867069650E-012  2.2331855188616736E-012  1.0000000000000000E+000  0.0000000000000000E+000  8.3297454021886727E-013  1.4187079867069650E-012  2.2331855188616736E-012
  9.9199999999999999E+000  9.2427577809661581E-012 -2.7002437726689376E-012 -6.5325577404509855E-012  8.7917184511805882E-013  1.4318564966048571E-012  2.2670440887848194E-012  1.0000000000000000E+000  0.0000000000000000E+000  8.7917184511805095E-013  1.4318564966048563E-012  2.2670440887848194E-012
  1.0000000000000000E+001  9.1705993740584764E-012 -2.8153029123443394E-012 -6.7152885724374120E-012  9.2430557674867435E-013  1.4443394091572330E-012  2.3015290236658082E-012  1.0000000000000000E+000  0.0000000000000000E+000  9.2430557674866789E-013  1.4443394091572308E-012  2.3015290236658086E-012
  1.0080000000000000E+001  9.0948688886863702E-012 -2.9313380781340949E-012 -6.9008023842375148E-012  9.6857661859896216E-013  1.4563502342335168E-012  2.3365908496328194E-012  1.0000000000000000E+000  0.0000000000000000E+000  9.6857661859896357E-013  1.4563502342335143E-012  2.3365908496328182E-012
  1.0160000000000000E+001  9.0156271150826424E-012 -3.0483189498217021E-012 -7.0891431083786631E-012  1.0121839145496107E-012  1.4680779463147847E-012  2.3721719580451222E-012  1.0000000000000000E+000  0.0000000000000000E+000  1.0121839145496135E-012  1.4680779463147839E-012  2.3721719580451250E-012
  1.0240000000000000E+001  8.9329194623584325E-012 -3.1662305495444604E-012 -7.2803498975247344E-012  1.0553044167954745E-012  1.4797185674371709E-012  2.4082148765100742E-012  1.0000000000000000E+000  0.0000000000000000E+000  1.0553044167954769E-012  1.4797185674371715E-012  2.4082148765100795E-012
  1.0320000000000000E+001  8.8467784083953665E-012 -3.2850739206116494E-012 -7.4744574886202750E-012  1.0980826666225583E-012  1.4914657701205077E-012  2.4446661962649311E-012  1.0000000000000000E+000  0.0000000000000000E+000  1.0980826666225638E-012  1.4914657701205069E-012  2.4446661962649291E-012
  1.0400000000000000E+001  8.7572262356988232E-012 -3.4048650727637416E-012 -7.6714964889271234E-012  1.1406356686095602E-012  1.5034850181225367E-012  2.4814693183422736E-012  1.0000000000000000E+000  0.0000000000000000E+000  1.1406356686095627E-012  1.5034850181225347E-012  2.4814693183422635E-012
  1.0480000000000000E+001  8.6642767014178369E-012 -3.5256315235112553E-012 -7.8714925795550388E-012  1.1830700986229270E-012  1.5158930870846258E-012  2.5185480435276507E-012  1.0000000000000000E+000  0.0000000000000000E+000  1.1830700986229323E-012  1.5158930870846235E-012  2.5185480435276414E-012
  1.0560000000000000E+001  8.5679350199191549E-012 -3.6474079666972818E-012 -8.0744641758915475E-012  1.2254980214355556E-012  1.5287621491429820E-012  2.5557923250997840E-012  1.0000000000000000E+000  0.0000000000000000E+000  1.2254980214355631E-012  1.5287621491429838E-012  2.5557923250997775E-012
  1.0640000000000001E+001  8.4681970179881480E-012 -3.7702334673741324E-012 -8.2804193515710042E-012  1.2680371583239317E-012  1.5421447354288234E-012  2.5930569021334726E-012  1.0000000000000000E+000  0.0000000000000000E+000  1.2680371583239352E-012  1.5421447354288256E-012  2.5930569021334697E-012
  1.0720000000000001E+001  8.3650490745873258E-012 -3.8941511243658935E-012 -8.4893532802329031E-012  1.3107931857208881E-012  1.5560954221296263E-012  2.6301747682219425E-012  1.0000000000000000E+000  0.0000000000000000E+000  1.3107931857208825E-012  1.5560954221296289E-012  2.6301747682219433E-012
  1.0800000000000001E+001  8.2584701082728059E-012 -4.0192087349148726E-012 -8.7012473144865150E-012  1.3538355987369470E-012  1.5706654329492483E-012  2.6669774771379474E-012  1.0000000000000000E+000  0.0000000000000000E+000  1.3538355987369456E-012  1.5706654329492507E-012  2.6669774771379385E-012
  1.0880000000000001E+001  8.1484353787894143E-012 -4.1454575936377733E-012 -8.9160696765749747E-012  1.3971848880402607E-012  1.5858691720857748E-012  2.7033113906874699E-012  1.0000000000000000E+000  0.0000000000000000E+000  1.3971848880402666E-012  1.5858691720857701E-012  2.7033113906874671E-012
  1.0960000000000001E+001  8.0349205261863642E-012 -4.2729478024485966E-012 -9.1337771369965102E-012  1.4408187060757502E-012  1.6016473222460355E-012  2.7390464477771388E-012  1.0000000000000000E+000  0.0000000000000000E+000  1.4408187060757438E-012  1.6016473222460348E-012  2.7390464477771396E-012
  1.1040000000000001E+001  7.9179043858172942E-012 -4.4017211651971389E-012 -9.3543171082193169E-012  1.4846881410299968E-012  1.6178563222427171E-012  2.7740806528103839E-012  1.0000000000000000E+000  0.0000000000000000E+000  1.4846881410299916E-012  1.6178563222427211E-012  2.7740806528103811E-012
  1.1120000000000001E+001  7.7973704236215647E-012 -4.5318048140074313E-012 -9.5776300414461716E-012  1.5287258139744051E-012  1.6342945908432481E-012  2.8083455670911163E-012  1.0000000000000000E+000  0.0000000000000000E+000  1.5287258139744100E-012  1.6342945908432519E-012  2.8083455670911231E-012
  1.1200000000000001E+001  7.6733082555813894E-012 -4.6632082997320586E-012 -9.8036523989538955E-012  1.5728354484086154E-012  1.6507476651480233E-012  2.8418119074028839E-012  1.0000000000000000E+000  0.0000000000000000E+000  1.5728354484086109E-012  1.6507476651480278E-012  2.8418119074028891E-012
  1.1279999999999999E+001  7.5457167518761862E-012 -4.7959244404311151E-012 -1.0032319946630633E-011  1.6168714850510234E-012  1.6670211677451821E-012  2.8744885368173536E-012  1.0000000000000000E+000  0.0000000000000000E+000  1.6168714850510171E-012  1.6670211677451841E-012  2.8744885368173496E-012
  1.1359999999999999E+001  7.4146088179732257E-012 -4.9299316865712878E-012 -1.0263570564844672E-011  1.6606295630457341E-012  1.6829432268706968E-012  2.9064098672288202E-012  1.0000000000000000E+000  0.0000000000000000E+000  1.6606295630457319E-012  1.6829432268706974E-012  2.9064098672288133E-012
  1.1440000000000000E+001  7.2800160217888687E-012 -5.0651953567304266E-012 -1.0497345525387244E-011  1.7038634328739445E-012  1.6983442512794241E-012  2.9376150658423268E-012  1.0000000000000000E+000  0.0000000000000000E+000  1.7038634328739405E-012  1.6983442512794243E-012  2.9376150658423179E-012
  1.1520000000000000E+001  7.1419906687133946E-012 -5.2016667667759956E-012 -1.0733588975379444E-011  1.7463235436714092E-012  1.7130384966899597E-012  2.9681311265613862E-012  1.0000000000000000E+000  0.0000000000000000E+000  1.7463235436714073E-012  1.7130384966899605E-012  2.9681311265613749E-012
  1.1600000000000000E+001  7.0006042548014433E-012 -5.3392815162008201E-012 -1.0972246505637066E-011  1.7877943042053196E-012  1.7268257911920042E-012  2.9979701188048826E-012  1.0000000000000000E+000  0.0000000000000000E+000  1.7877943042053162E-012  1.7268257911920088E-012  2.9979701188048793E-012
  1.1680000000000000E+001  6.8559435800405434E-012 -5.4779588933667163E-012 -1.1213264194388226E-011  1.8281074550223128E-012  1.7395114411279931E-012  3.0271417716811068E-012  1.0000000000000000E+000  0.0000000000000000E+000  1.8281074550223092E-012  1.7395114411279933E-012  3.0271417716811044E-012
  1.1760000000000000E+001  6.7081070619978732E-012 -5.6176033467812990E-012 -1.1456589189106043E-011  1.8671264363412527E-012  1.7509267998839957E-012  3.0556721597704309E-012  1.0000000000000000E+000  0.0000000000000000E+000  1.8671264363412527E-012  1.7509267998839916E-012  3.0556721597704305E-012
  1.1840000000000000E+001  6.5572033502259430E-012 -5.7581071813481556E-012 -1.1702171739951495E-011  1.9047181421873423E-012  1.7609345783922912E-012  3.0836154879210870E-012  1.0000000000000000E+000  0.0000000000000000E+000  1.9047181421873451E-012  1.7609345783922865E-012  3.0836154879210935E-012
  1.1920000000000000E+001  6.4033521592478984E-012 -5.8993528793240656E-012 -1.1949967667173417E-011  1.9407354085594031E-012  1.7694188896557384E-012  3.1110544693948048E-012  1.0000000000000000E+000  0.0000000000000000E+000  1.9407354085594043E-012  1.7694188896557346E-012  3.1110544693948092E-012
  1.2000000000000000E+001  6.2466856848564384E-012 -6.0412142036930737E-012 -1.2199940455054663E-011  1.9750217334939861E-012  1.7762727589495547E-012  3.1380939306801716E-012  1.0000000000000000E+000  0.0000000000000000E+000  1.9750217334939873E-012  1.7762727589495559E-012  3.1380939306801805E-012
  1.2080000000000000E+001  6.0873486818888607E-012 -6.1835565207559943E-012 -1.2452062696082245E-011  2.0074307690026272E-012  1.7813973589769313E-012  3.1648553533780243E-012  1.0000000000000000E+000  0.0000000000000000E+000  2.0074307690026305E-012  1.7813973589769349E-012  3.1648553533780280E-012
  1.2160000000000000E+001  5.9254967618160181E-012 -6.3262377811293827E-012 -1.2706317311595147E-011  2.0378424832635936E-012  1.7847147219286756E-012  3.1914746660429658E-012  1.0000000000000000E+000  0.0000000000000000E+000  2.0378424832635961E-012  1.7847147219286758E-012  3.1914746660429650E-012
  1.2240000000000000E+001  5.7612938845666857E-012 -6.4691108762645824E-012 -1.2962698642649119E-011  2.0661648455021623E-012  1.7861843362091259E-012  3.2180981104015982E-012  1.0000000000000000E+000  0.0000000000000000E+000  2.0661648455021652E-012  1.7861843362091251E-012  3.2180981104016030E-012
  1.2320000000000000E+001  5.5949103865356721E-012 -6.6120272749228429E-012 -1.3221213009259403E-011  2.0923247390814090E-012  1.7858128473853040E-012  3.2448693568545514E-012  1.0000000000000000E+000  0.0000000000000000E+000  2.0923247390814122E-012  1.7858128473853048E-012  3.2448693568545575E-012
  1.2400000000000000E+001  5.4265219263136602E-012 -6.7548409318462311E-012 -1.3481877739745847E-011  2.1162623811939311E-012  1.7836520954697717E-012  3.2719082113481099E-012  1.0000000000000000E+000  0.0000000000000000E+000  2.1162623811939360E-012  1.7836520954697729E-012  3.2719082113481127E-012
  1.2480000000000000E+001  5.2563084055446431E-012 -6.8974116101980063E-012 -1.3744718323075100E-011  2.1379388353489041E-012  1.7797893811944520E-012  3.2992907840315116E-012  1.0000000000000000E+000  0.0000000000000000E+000  2.1379388353489057E-012  1.7797893811944544E-012  3.2992907840315095E-012
  1.2560000000000000E+001  5.0844517126578356E-012 -7.0396072328373434E-012 -1.4009764265190889E-011  2.1573536919287202E-012  1.7743349523800642E-012  3.3270426693441835E-012  1.0000000000000000E+000  0.0000000000000000E+000  2.1573536919287169E-012  1.7743349523800595E-012  3.3270426693441884E-012
  1.2640000000000001E+001  4.9111318148360478E-012 -7.1813052025788166E-012 -1.4277045150170170E-011  2.1745589876081569E-012  1.7674087708871790E-012  3.3551495266243214E-012  1.0000000000000000E+000  0.0000000000000000E+000  2.1745589876081557E-012  1.7674087708871695E-012  3.3551495266243251E-012
  1.2720000000000001E+001  4.7365222746405304E-012 -7.3223926361792920E-012 -1.4546588189450781E-011  2.1896575707690354E-012  1.7591273347010164E-012  3.3835782227338505E-012  1.0000000000000000E+000  0.0000000000000000E+000  2.1896575707690394E-012  1.7591273347010075E-012  3.3835782227338400E-012
  1.2800000000000001E+001  4.5607866035130022E-012 -7.4627655761309792E-012 -1.4818417665807586E-011  2.2027856530531742E-012  1.7495942464768282E-012  3.4122963824722838E-012  1.0000000000000000E+000  0.0000000000000000E+000  2.2027856530531762E-012  1.7495942464768187E-012  3.4122963824722826E-012
  1.2880000000000001E+001  4.3840765701520225E-012 -7.6023277156155845E-012 -1.5092555610646346E-011  2.2140880578499581E-012  1.7389004168980511E-012  3.4412812230175198E-012  1.0000000000000000E+000  0.0000000000000000E+000  2.2140880578499581E-012  1.7389004168980503E-012  3.4412812230175352E-012
  1.2960000000000001E+001  4.2065325142570089E-012 -7.7409896428346674E-012 -1.5369022661490389E-011  2.2236988917222862E-012  1.7271365586908966E-012  3.4705173109122879E-012  1.0000000000000000E+000  0.0000000000000000E+000  2.2236988917222866E-012  1.7271365586909022E-012  3.4705173109122948E-012
  1.3040000000000001E+001  4.0282847474764567E-012 -7.8786695650061280E-012 -1.5647838380392312E-011  2.2317332634611210E-012  1.7144107655771856E-012  3.4999903905845167E-012  1.0000000000000000E+000  0.0000000000000000E+000  2.2317332634611173E-012  1.7144107655771858E-012  3.4999903905845300E-012
  1.3120000000000001E+001  3.8494551921032295E-012 -8.0152953653270171E-012 -1.5929021123983912E-011  2.2382879774829500E-012  1.7008567077886630E-012  3.5296824805813541E-012  1.0000000000000000E+000  0.0000000000000000E+000  2.2382879774829464E-012  1.7008567077886612E-012  3.5296824805813658E-012
  1.3200000000000001E+001  3.6701586710791847E-012 -8.1508066382523141E-012 -1.6212587577285329E-011  2.2434473468299496E-012  1.6866227864814995E-012  3.5595687300252749E-012  1.0000000000000000E+000  0.0000000000000000E+000  2.2434473468299504E-012  1.6866227864815003E-012  3.5595687300252737E-012
  1.3280000000000001E+001  3.4905036166104376E-012 -8.2851550111640570E-012 -1.6498552120787956E-011  2.2472911461844376E-012  1.6718464048156237E-012  3.5896129915355256E-012  1.0000000000000000E+000  0.0000000000000000E+000  2.2472911461844401E-012  1.6718464048156211E-012  3.5896129915355119E-012
  1.3359999999999999E+001  3.3105920876896747E-012 -8.4183020630228139E-012 -1.6786925655931013E-011  2.2499026996757427E-012  1.6566307184136608E-012  3.6197600665323233E-012  1.0000000000000000E+000  0.0000000000000000E+000  2.2499026996757443E-012  1.6566307184136511E-012  3.6197600665323192E-012
  1.3440000000000000E+001  3.1305191846623187E-012 -8.5502159261102428E-012 -1.7077713731433127E-011  2.2513748147688925E-012  1.6410400877753091E-012  3.6499291525197467E-012  1.0000000000000000E+000  0.0000000000000000E+000  2.2513748147688937E-012  1.6410400877753034E-012  3.6499291525197653E-012
  1.3520000000000000E+001  2.9503721173266519E-012 -8.6808684770668633E-012 -1.7370914320334172E-011  2.2518100828697123E-012  1.6251149103538279E-012  3.6800142659245926E-012  1.0000000000000000E+000  0.0000000000000000E+000  2.2518100828697127E-012  1.6251149103538362E-012  3.6800142659245942E-012
  1.3600000000000000E+001  2.7702295714031648E-012 -8.8102343117668552E-012 -1.7666516013981062E-011  2.2513130968714327E-012  1.6088901307984045E-012  3.7098945350297934E-012  1.0000000000000000E+000  0.0000000000000000E+000  2.2513130968714311E-012  1.6088901307984203E-012  3.7098945350297853E-012
  1.3680000000000000E+001  2.5901620218272226E-012 -8.9382908979946080E-012 -1.7964497445938939E-011  2.2499777934557218E-012  1.5923986389340973E-012  3.7394513059944209E-012  1.0000000000000000E+000  0.0000000000000000E+000  2.2499777934557202E-012  1.5923986389340981E-012  3.7394513059944072E-012
  1.3760000000000000E+001  2.4102331244502493E-012 -9.0650180939963108E-012 -1.8264828222940170E-011  2.2478764651554241E-012  1.5756555784651489E-012  3.7685847368088038E-012  1.0000000000000000E+000  0.0000000000000000E+000  2.2478764651554262E-012  1.5756555784651418E-012  3.7685847368087997E-012
  1.3840000000000000E+001  2.2305017874023548E-012 -9.1903957905490319E-012 -1.8567471003828348E-011  2.2450561918436611E-012  1.5586392064799413E-012  3.7972242452690369E-012  1.0000000000000000E+000  0.0000000000000000E+000  2.2450561918436635E-012  1.5586392064799391E-012  3.7972242452690442E-012
  1.3920000000000000E+001  2.0510241337552635E-012 -9.3144003670331014E-012 -1.8872384102183216E-011  2.2415415525844598E-012  1.5412901563641857E-012  3.8253318495243175E-012  1.0000000000000000E+000  0.0000000000000000E+000  2.2415415525844606E-012  1.5412901563641779E-012  3.8253318495243224E-012
  1.4000000000000000E+001  1.8718551389888412E-012 -9.4370022155673016E-012 -1.9179524099752239E-011  2.2373373058608403E-012  1.5235367708170659E-012  3.8529005611286785E-012  1.0000000000000000E+000  0.0000000000000000E+000  2.2373373058608415E-012  1.5235367708170572E-012  3.8529005611286753E-012
  1.4080000000000000E+001  1.6930501648175291E-012 -9.5581662503638319E-012 -1.9488848191963804E-011  2.2324263632310798E-012  1.5053310938698730E-012  3.8799497312838864E-012  1.0000000000000000E+000  0.0000000000000000E+000  2.2324263632310814E-012  1.5053310938698734E-012  3.8799497312838783E-012
  1.4160000000000000E+001  1.5146669208718684E-012 -9.6778551905864812E-012 -1.9800316056757660E-011  2.2267646029070709E-012  1.4866684639853418E-012  3.9065172432988146E-012  1.0000000000000000E+000  0.0000000000000000E+000  2.2267646029070709E-012  1.4866684639853469E-012  3.9065172432988194E-012
  1.4240000000000000E+001  1.3367678283523978E-012 -9.7960332046014866E-012 -2.0113890950891614E-011  2.2202814793068317E-012  1.4675744805822200E-012  3.9326480128586017E-012  1.0000000000000000E+000  0.0000000000000000E+000  2.2202814793068309E-012  1.4675744805822176E-012  3.9326480128586089E-012
  1.4320000000000000E+001  1.1594218841827753E-012 -9.9126671074796364E-012 -2.0429539738815037E-011  2.2128934087149243E-012  1.4480676227521227E-012  3.9583816292441656E-012  1.0000000000000000E+000  0.0000000000000000E+000  2.2128934087149239E-012  1.4480676227521187E-012  3.9583816292441753E-012
  1.4400000000000000E+001  9.8270488295800986E-013 -1.0027724024241826E-011 -2.0747232011570681E-011  2.2045256061281377E-012  1.4281247105939324E-012  3.9837445076359978E-012  1.0000000000000000E+000  0.0000000000000000E+000  2.2045256061281373E-012  1.4281247105939251E-012  3.9837445076360034E-012
  1.4480000000000000E+001  8.0669778720227326E-013 -1.0141167061174666E-011 -2.1066938860036796E-011  2.1951294999215950E-012  1.4076739698535513E-012  4.0087510068060991E-012  1.0000000000000000E+000  0.0000000000000000E+000  2.1951294999215950E-012  1.4076739698535462E-012  4.0087510068061088E-012
  1.4560000000000000E+001  6.3148416297055463E-013 -1.0252951859418394E-011 -2.1388632172659657E-011  2.1846826765644856E-012  1.3866186368824899E-012  4.0334133838206588E-012  1.0000000000000000E+000  0.0000000000000000E+000  2.1846826765644856E-012  1.3866186368824960E-012  4.0334133838206750E-012
  1.4640000000000001E+001  4.5714855895195558E-013 -1.0363026043075864E-011 -2.1712285001448102E-011  2.1731699149525486E-012  1.3648723995605350E-012  4.0577537771644828E-012  1.0000000000000000E+000  0.0000000000000000E+000  2.1731699149525482E-012  1.3648723995605306E-012  4.0577537771644836E-012
  1.4720000000000001E+001  2.8377697657814686E-013 -1.0471331443348080E-011 -2.2037872777005974E-011  2.1605583287843978E-012  1.3423820685051860E-012  4.0818106673410389E-012  1.0000000000000000E+000  0.0000000000000000E+000  2.1605583287843978E-012  1.3423820685051769E-012  4.0818106673410413E-012
  1.4800000000000001E+001  1.1145922634645192E-013 -1.0577807174036694E-011 -2.2365374708222668E-011  2.1467839881692838E-012  1.3191269695169559E-012  4.1056373041369349E-012  1.0000000000000000E+000  0.0000000000000000E+000  2.1467839881692838E-012  1.3191269695169587E-012  4.1056373041369366E-012
  1.4880000000000001E+001 -5.9708461528938568E-014 -1.0682391758470793E-011 -2.2694774745667884E-011  2.1317593554369518E-012  1.2951041816548276E-012  4.1292953961234875E-012  1.0000000000000000E+000  0.0000000000000000E+000  2.1317593554369514E-012  1.2951041816548340E-012  4.1292953961234859E-012
  1.4960000000000001E+001 -2.2962227052346032E-013 -1.0785023843101466E-011 -2.3026061971602426E-011  2.1153945517130605E-012  1.2703172486336000E-012  4.1528499992458104E-012  1.0000000000000000E+000  0.0000000000000000E+000  2.1153945517130601E-012  1.2703172486336039E-012  4.1528499992458233E-012
  1.5040000000000001E+001 -3.9817158980302821E-013 -1.0885642518252169E-011 -2.3359230745547213E-011  2.0976165280831652E-012  1.2447781361601875E-012  4.1763683198235435E-012  1.0000000000000000E+000  0.0000000000000000E+000  2.0976165280831648E-012  1.2447781361601944E-012  4.1763683198235475E-012
  1.5120000000000001E+001 -5.6524091501676673E-013 -1.0984188344887096E-011 -2.3694280902774193E-011  2.0783748829095896E-012  1.2185174284535333E-012  4.1999187838635503E-012  1.0000000000000000E+000  0.0000000000000000E+000  2.0783748829095892E-012  1.2185174284535339E-012  4.1999187838635463E-012
  1.5200000000000001E+001 -7.3071157106856254E-013 -1.1080605306804734E-011 -2.4031217750965381E-011  2.0576361623512665E-012  1.1915893669235654E-012  4.2235648267499634E-012  1.0000000000000000E+000  0.0000000000000000E+000  2.0576361623512665E-012  1.1915893669235646E-012  4.2235648267499521E-012
  1.5280000000000001E+001 -8.9446270099296939E-013 -1.1174842643594867E-011 -2.4370051275054187E-011  2.0353778061386516E-012  1.1640625985636688E-012  4.2473530343211067E-012  1.0000000000000000E+000  0.0000000000000000E+000  2.0353778061386524E-012  1.1640625985636781E-012  4.2473530343210890E-012
  1.5359999999999999E+001 -1.0563720200507468E-012 -1.1266855322574921E-011 -2.4710794236456758E-011  2.0115908077641426E-012  1.1359997376655923E-012  4.2713011599859926E-012  1.0000000000000000E+000  0.0000000000000000E+000  2.0115908077641442E-012  1.1359997376655998E-012  4.2713011599859748E-012
  1.5440000000000000E+001 -1.2163172302352322E-012 -1.1356602601621361E-011 -2.5053459460651946E-011  1.9862896800468166E-012  1.1074376554555678E-012  4.2953944050676102E-012  1.0000000000000000E+000  0.0000000000000000E+000  1.9862896800468170E-012  1.1074376554555662E-012  4.2953944050676013E-012
  1.5520000000000000E+001 -1.3741783688582374E-012 -1.1444045347447812E-011 -2.5398057341267576E-011  1.9595187479121047E-012  1.0783800262545887E-012  4.3195935094407858E-012  1.0000000000000000E+000  0.0000000000000000E+000  1.9595187479121034E-012  1.0783800262545845E-012  4.3195935094407890E-012
  1.5600000000000000E+001 -1.5298402299011689E-012 -1.1529143405822096E-011 -2.5744594422162472E-011  1.9313448900497690E-012  1.0488061772184237E-012  4.3438502077979084E-012  1.0000000000000000E+000  0.0000000000000000E+000  1.9313448900497690E-012  1.0488061772184310E-012  4.3438502077978931E-012
  1.5680000000000000E+001 -1.6831935512662005E-012 -1.1611854335802760E-011 -2.6093073374515241E-011  1.9018380667934745E-012  1.0186907710643554E-012  4.3681207884804100E-012  1.0000000000000000E+000  0.0000000000000000E+000  1.9018380667934749E-012  1.0186907710643581E-012  4.3681207884803914E-012
  1.5760000000000000E+001 -1.8341343205881248E-012 -1.1692133929192392E-011 -2.6443493748319337E-011  1.8710511379985052E-012  9.8802572368984662E-013  4.3923705055392462E-012  1.0000000000000000E+000  0.0000000000000000E+000  1.8710511379985068E-012  9.8802572368983935E-013  4.3923705055392397E-012
  1.5840000000000000E+001 -1.9825617333459613E-012 -1.1769938451593135E-011 -2.6795852655401521E-011  1.8390123741863168E-012  9.5683600137969839E-013  4.4165691239489212E-012  1.0000000000000000E+000  0.0000000000000000E+000  1.8390123741863176E-012  9.5683600137970142E-013  4.4165691239489203E-012
  1.5920000000000000E+001 -2.1283763004579355E-012 -1.1845227689413144E-011 -2.7150144808151165E-011  1.8057355305696352E-012  9.2518383490922518E-013  4.4406843013964558E-012  1.0000000000000000E+000  0.0000000000000000E+000  1.8057355305696363E-012  9.2518383490922882E-013  4.4406843013964494E-012
  1.6000000000000000E+001 -2.2714794182371030E-012 -1.1917967865178611E-011 -2.7506362143624954E-011  1.7712400799013461E-012  8.9315958552234845E-013  4.4646799446308792E-012  1.0000000000000000E+000  0.0000000000000000E+000  1.7712400799013481E-012  8.9315958552233976E-013  4.4646799446308824E-012
  1.6080000000000002E+001 -2.4117747132421509E-012 -1.1988133223096720E-011 -2.7864493599292105E-011  1.7355697296939033E-012  8.6086126512555159E-013  4.4885201829438040E-012  1.0000000000000000E+000  0.0000000000000000E+000  1.7355697296939049E-012  8.6086126512554371E-013  4.4885201829438097E-012
  1.6160000000000000E+001 -2.5491705749881275E-012 -1.2055705667598700E-011 -2.8224525372895962E-011  1.6988011379198114E-012  8.2837068989360748E-013  4.5121747461735417E-012  1.0000000000000000E+000  0.0000000000000000E+000  1.6988011379198114E-012  8.2837068989360869E-013  4.5121747461735320E-012
  1.6240000000000002E+001 -2.6835828953093207E-012 -1.2120672533479697E-011 -2.8586441558679872E-011  1.6610412673977028E-012  7.9573706948431800E-013  4.5356207878914063E-012  1.0000000000000000E+000  0.0000000000000000E+000  1.6610412673977011E-012  7.9573706948431154E-013  4.5356207878914047E-012
  1.6320000000000000E+001 -2.8149371777717600E-012 -1.2183023598716191E-011 -2.8950224698958587E-011  1.6224177700333879E-012  7.6297634007340569E-013  4.5588397850654882E-012  1.0000000000000000E+000  0.0000000000000000E+000  1.6224177700333863E-012  7.6297634007340125E-013  4.5588397850654890E-012
  1.6399999999999999E+001 -2.9431697385146628E-012 -1.2242748747891442E-011 -2.9315855924290350E-011  1.5830670583572830E-012  7.3008403332240142E-013  4.5818135035033517E-012  1.0000000000000000E+000  0.0000000000000000E+000  1.5830670583572832E-012  7.3008403332240213E-013  4.5818135035033371E-012
  1.6480000000000000E+001 -3.0682279071089252E-012 -1.2299837044047775E-011 -2.9683314859519124E-011  1.5431214011794933E-012  6.9705123326463902E-013  4.6045237194931375E-012  1.0000000000000000E+000  0.0000000000000000E+000  1.5431214011794941E-012  6.9705123326463195E-013  4.6045237194931214E-012
  1.6559999999999999E+001 -3.1900691627033817E-012 -1.2354276945213784E-011 -3.0052579719409252E-011  1.5026960786350767E-012  6.6387260906875503E-013  4.6269565889376310E-012  1.0000000000000000E+000  0.0000000000000000E+000  1.5026960786350743E-012  6.6387260906874796E-013  4.6269565889376132E-012
  1.6640000000000001E+001 -3.3086592796905375E-012 -1.2406056661498776E-011 -3.0423627913749145E-011  1.4618790446074483E-012  6.3054422453876428E-013  4.6491092574537335E-012  1.0000000000000000E+000  0.0000000000000000E+000  1.4618790446074459E-012  6.3054422453876287E-013  4.6491092574537376E-012
  1.6719999999999999E+001 -3.4239698098405734E-012 -1.2455164021139987E-011 -3.0796437200601849E-011  1.4207266188518442E-012  5.9705949338741438E-013  4.6709940733011063E-012  1.0000000000000000E+000  0.0000000000000000E+000  1.4207266188518438E-012  5.9705949338741276E-013  4.6709940733011257E-012
  1.6800000000000001E+001 -3.5359755387068326E-012 -1.2501586180440762E-011 -3.1170986965477322E-011  1.3792676271417787E-012  5.6341478989204705E-013  4.6926382766176235E-012  1.0000000000000000E+000  0.0000000000000000E+000  1.3792676271417781E-012  5.6341478989204907E-013  4.6926382766176501E-012
  1.6879999999999999E+001 -3.6446526301832580E-012 -1.2545310387522714E-011 -3.1547259324860669E-011  1.3375136763333373E-012  5.2962769255376851E-013  4.7140812029006069E-012  1.0000000000000000E+000  0.0000000000000000E+000  1.3375136763333339E-012  5.2962769255377841E-013  4.7140812029006182E-012
  1.6960000000000001E+001 -3.7499777269201665E-012 -1.2586326611249365E-011 -3.1925239957941419E-011  1.2954709962421578E-012  4.9575547185267078E-013  4.7353713182358895E-012  1.0000000000000000E+000  0.0000000000000000E+000  1.2954709962421553E-012  4.9575547185267391E-013  4.7353713182358556E-012
  1.7039999999999999E+001 -3.8519279895820033E-012 -1.2624631263019141E-011 -3.2304918735778411E-011  1.2531494372264591E-012  4.6189573694425847E-013  4.7565650148695693E-012  1.0000000000000000E+000  0.0000000000000000E+000  1.2531494372264581E-012  4.6189573694425463E-013  4.7565650148695596E-012
  1.7120000000000001E+001 -3.9504816368764000E-012 -1.2660229929160446E-011 -3.2686290360320550E-011  1.2105687078229845E-012  4.2816155075006516E-013  4.7777260481058172E-012  1.0000000000000000E+000  0.0000000000000000E+000  1.2105687078229833E-012  4.2816155075005541E-013  4.7777260481058140E-012
  1.7199999999999999E+001 -4.0456189828336808E-012 -1.2693137111139152E-011 -3.3069354903475342E-011  1.1677633691343457E-012  3.9464184331693791E-013  4.7989236641303770E-012  1.0000000000000000E+000  0.0000000000000000E+000  1.1677633691343445E-012  3.9464184331693215E-013  4.7989236641303714E-012
  1.7280000000000001E+001 -4.1373237759378953E-012 -1.2723372624091156E-011 -3.3454118146581410E-011  1.1247851879091464E-012  3.6137132280747868E-013  4.8202297147077343E-012  1.0000000000000000E+000  0.0000000000000000E+000  1.1247851879091423E-012  3.6137132280747631E-013  4.8202297147077392E-012
  1.7359999999999999E+001 -4.2255846128991442E-012 -1.2750956522788348E-011 -3.3840591657828580E-011  1.0816988659800394E-012  3.2832939769263232E-013  4.8417155451193625E-012  1.0000000000000000E+000  0.0000000000000000E+000  1.0816988659800349E-012  3.2832939769262727E-013  4.8417155451193884E-012
  1.7440000000000001E+001 -4.3103955944947016E-012 -1.2775905327721978E-011 -3.4228792633800508E-011  1.0385670656749300E-012  2.9546773566506668E-013  4.8634492793214902E-012  1.0000000000000000E+000  0.0000000000000000E+000  1.0385670656749274E-012  2.9546773566506072E-013  4.8634492793215112E-012
  1.7520000000000000E+001 -4.3917553434071330E-012 -1.2798231360494759E-011 -3.4618743542520018E-011  9.9542690164352221E-013  2.6274735141473568E-013  4.8854934606006200E-012  1.0000000000000000E+000  0.0000000000000000E+000  9.9542690164352201E-013  2.6274735141473154E-013  4.8854934606006305E-012
  1.7600000000000001E+001 -4.4696638987576652E-012 -1.2817944903948335E-011 -3.5010471587496607E-011  9.5226830108545460E-013  2.3016115361694150E-013  4.9079017275301826E-012  1.0000000000000000E+000  0.0000000000000000E+000  9.5226830108545743E-013  2.3016115361694150E-013  4.9079017275302028E-012
  1.7680000000000000E+001 -4.5441182715808058E-012 -1.2835057145073470E-011 -3.5404007818924847E-011  9.0902759263196750E-013  1.9773239360969249E-013  4.9307139433328980E-012  1.0000000000000000E+000  0.0000000000000000E+000  9.0902759263196810E-013  1.9773239360969186E-013  4.9307139433329044E-012
  1.7760000000000002E+001 -4.6151083135787800E-012 -1.2849582086925886E-011 -3.5799385818429871E-011  8.6560172480407033E-013  1.6549826542034566E-013  4.9539519103506756E-012  1.0000000000000000E+000  0.0000000000000000E+000  8.6560172480406861E-013  1.6549826542033849E-013  4.9539519103506885E-012
  1.7840000000000000E+001 -4.6826145475494570E-012 -1.2861536867540725E-011 -3.6196640124580955E-011  8.2187692291153250E-013  1.3349737709673310E-013  4.9776183394905413E-012  1.0000000000000000E+000  0.0000000000000000E+000  8.2187692291153684E-013  1.3349737709672616E-013  4.9776183394905429E-012
  1.7920000000000002E+001 -4.7466086212446252E-012 -1.2870941667261363E-011 -3.6595804752748358E-011  7.7775742658440937E-013  1.0177196407580310E-013  5.0017004604972740E-012  1.0000000000000000E+000  0.0000000000000000E+000  7.7775742658441381E-013  1.0177196407580692E-013  5.0017004604972570E-012
  1.8000000000000000E+001 -4.8070557358029625E-012 -1.2877820381792854E-011 -3.6996912198260519E-011  7.3318139514938332E-013  7.0378498332787881E-014  5.0261761362111727E-012  1.0000000000000000E+000  0.0000000000000000E+000  7.3318139514937988E-013  7.0378498332792880E-014  5.0261761362111840E-012
  1.8080000000000002E+001 -4.8639176444685265E-012 -1.2882202226994609E-011 -3.7399992934542145E-011  6.8812170064333374E-013  3.9391764971286600E-014  5.0510190161023936E-012  1.0000000000000000E+000  0.0000000000000000E+000  6.8812170064333252E-013  3.9391764971285735E-014  5.0510190161024130E-012
  1.8160000000000000E+001 -4.9171552079058959E-012 -1.2884123064188259E-011 -3.7805075240836902E-011  6.4257936630214832E-013  8.8917793765211285E-015  5.0762002316417141E-012  1.0000000000000000E+000  0.0000000000000000E+000  6.4257936630214983E-013  8.8917793765174525E-015  5.0762002316417206E-012
  1.8240000000000002E+001 -4.9667303430768702E-012 -1.2883624911694853E-011 -3.8212184971604820E-011  5.9657872048818247E-013 -2.1062189023873447E-014  5.1016871947234749E-012  1.0000000000000000E+000  0.0000000000000000E+000  5.9657872048818570E-013 -2.1062189023877786E-014  5.1016871947234741E-012
  1.8320000000000000E+001 -5.0126078031840051E-012 -1.2880753113944440E-011 -3.8621345191992658E-011  5.5016630611338288E-013 -5.0453589321553595E-014  5.1274419950943433E-012  1.0000000000000000E+000  0.0000000000000000E+000  5.5016630611338995E-013 -5.0453589321558088E-014  5.1274419950943546E-012
  1.8400000000000002E+001 -5.0547569520550115E-012 -1.2875552337403404E-011 -3.9032575690819914E-011  5.0340778318412751E-013 -7.9310319253125312E-014  5.1534211309090030E-012  1.0000000000000000E+000  0.0000000000000000E+000  5.0340778318412983E-013 -7.9310319253129490E-014  5.1534211309090393E-012
  1.8480000000000000E+001 -5.0931530484934655E-012 -1.2868063462863940E-011 -3.9445892572938099E-011  4.5637615875260134E-013 -1.0768353673747218E-013  5.1795760441654567E-012  1.0000000000000000E+000  0.0000000000000000E+000  4.5637615875259983E-013 -1.0768353673747819E-013  5.1795760441654518E-012
  1.8559999999999999E+001 -5.1277771374554277E-012 -1.2858322971525409E-011 -3.9861307857886388E-011  4.0913249170204087E-013 -1.3561518244911384E-013  5.2058519007364076E-012  1.0000000000000000E+000  0.0000000000000000E+000  4.0913249170204199E-013 -1.3561518244911005E-013  5.2058519007363842E-012
  1.8640000000000001E+001 -5.1586142471657920E-012 -1.2846365033672081E-011 -4.0278828877055924E-011  3.6170915740356415E-013 -1.6311120285547108E-013  5.2321839564450326E-012  1.0000000000000000E+000  0.0000000000000000E+000  3.6170915740356778E-013 -1.6311120285546265E-013  5.2321839564450592E-012
  1.8719999999999999E+001 -5.1856506026399980E-012 -1.2832225179068533E-011 -4.0698457290917593E-011  3.1410826291374678E-013 -1.9013176937814122E-013  5.2584936538971413E-012  1.0000000000000000E+000  0.0000000000000000E+000  3.1410826291374926E-013 -1.9013176937813443E-013  5.2584936538971559E-012
  1.8800000000000001E+001 -5.2088715692319915E-012 -1.2815943950571579E-011 -4.1120187861679467E-011  2.6631952485607032E-013 -2.1659849450122443E-013  5.2846883965250389E-012  1.0000000000000000E+000  0.0000000000000000E+000  2.6631952485606987E-013 -2.1659849450122196E-013  5.2846883965250438E-012
  1.8879999999999999E+001 -5.2282617266169692E-012 -1.2797569419948337E-011 -4.1544007434361599E-011  2.1834946516839122E-013 -2.4241111162945078E-013  5.3106678329448072E-012  1.0000000000000000E+000  0.0000000000000000E+000  2.1834946516838690E-013 -2.4241111162944800E-013  5.3106678329448194E-012
  1.8960000000000001E+001 -5.2438074836589341E-012 -1.2777158172710867E-011 -4.1969894714950636E-011  1.7024832609058074E-013 -2.6746462167525335E-013  5.3363356324359221E-012  1.0000000000000000E+000  0.0000000000000000E+000  1.7024832609057953E-013 -2.6746462167524688E-013  5.3363356324359480E-012
  1.9039999999999999E+001 -5.2555014587914622E-012 -1.2754775080480297E-011 -4.2397821135551346E-011  1.2212228222630313E-013 -2.9166168787886301E-013  5.3616118812671764E-012  1.0000000000000000E+000  0.0000000000000000E+000  1.2212228222630215E-013 -2.9166168787885645E-013  5.3616118812671909E-012
  1.9120000000000001E+001 -5.2633470488151426E-012 -1.2730492302650249E-011 -4.2827752615953384E-011  7.4128188798171490E-014 -3.1491992228940910E-013  5.3864417054368057E-012  1.0000000000000000E+000  0.0000000000000000E+000  7.4128188798166794E-014 -3.1491992228940738E-013  5.3864417054367928E-012
  1.9199999999999999E+001 -5.2673619689991696E-012 -1.2704387892913991E-011 -4.3259651808421235E-011  2.6457013592945668E-014 -3.3717562832039697E-013  5.4107982836301693E-012  1.0000000000000000E+000  0.0000000000000000E+000  2.6457013592944526E-014 -3.3717562832039449E-013  5.4107982836301653E-012
  1.9280000000000001E+001 -5.2675801709900139E-012 -1.2676544202118985E-011 -4.3693480341334211E-011 -2.0686215990069501E-014 -3.5838572271888629E-013  5.4346812589841835E-012  1.0000000000000000E+000  0.0000000000000000E+000 -2.0686215990065879E-014 -3.5838572271888357E-013  5.4346812589841721E-012
  1.9359999999999999E+001 -5.2640521744407585E-012 -1.2647046177278970E-011 -4.4129200809858705E-011 -6.7100819860958548E-014 -3.7852789666992151E-013  5.4581130621560033E-012  1.0000000000000000E+000  0.0000000000000000E+000 -6.7100819860954383E-014 -3.7852789666992297E-013  5.4581130621560025E-012
  1.9440000000000001E+001 -5.2568440398122606E-012 -1.2615979738651798E-011 -4.4566778431279172E-011 -1.1260668186191167E-013 -3.9759863732835302E-013  5.4811341192700468E-012  1.0000000000000000E+000  0.0000000000000000E+000 -1.1260668186191067E-013 -3.9759863732835716E-013  5.4811341192700396E-012
  1.9520000000000000E+001 -5.2460351053428526E-012 -1.2583430395306433E-011 -4.5006182268941912E-011 -1.5705741094759430E-013 -4.1560768420276353E-013  5.5037961025987343E-012  1.0000000000000000E+000  0.0000000000000000E+000 -1.5705741094759051E-013 -4.1560768420276842E-013  5.5037961025987109E-012
  1.9600000000000001E+001 -5.2317148540606455E-012 -1.2549482509179356E-011 -4.5447385807694969E-011 -2.0034831598400586E-013 -4.3256707677602541E-013  5.5261533849612766E-012  1.0000000000000000E+000  0.0000000000000000E+000 -2.0034831598400089E-013 -4.3256707677602556E-013  5.5261533849612775E-012
  1.9680000000000000E+001 -5.2139793747854117E-012 -1.2514219663022269E-011 -4.5890366810535717E-011 -2.4241671535849246E-013 -4.4847555879912769E-013  5.5482547569813981E-012  1.0000000000000000E+000  0.0000000000000000E+000 -2.4241671535849261E-013 -4.4847555879913349E-013  5.5482547569814159E-012
  1.9760000000000002E+001 -5.1929281796032867E-012 -1.2477726419771495E-011 -4.6335106568811993E-011 -2.8323380054439932E-013 -4.6330397378679678E-013  5.5701391937596035E-012  1.0000000000000000E+000  0.0000000000000000E+000 -2.8323380054440128E-013 -4.6330397378680284E-013  5.5701391937596003E-012
  1.9840000000000000E+001 -5.1686619666983078E-012 -1.2440091027216382E-011 -4.6781589081537253E-011 -3.2279083908630094E-013 -4.7699023737120308E-013  5.5918389575786226E-012  1.0000000000000000E+000  0.0000000000000000E+000 -3.2279083908630140E-013 -4.7699023737119793E-013  5.5918389575786323E-012
  1.9920000000000002E+001 -5.1412816453494785E-012 -1.2401407981792103E-011 -4.7229800802024572E-011 -3.6108421678620873E-013 -4.8945080783967833E-013  5.6133888479149914E-012  1.0000000000000000E+000  0.0000000000000000E+000 -3.6108421678621201E-013 -4.8945080783967631E-013  5.6133888479150205E-012
  2.0000000000000000E+001 -5.1108884920125144E-012 -1.2361778897962033E-011 -4.7679731297203652E-011 -3.9810371294052054E-013 -5.0060771707182736E-013  5.6348374905134065E-012  1.0000000000000000E+000  0.0000000000000000E+000 -3.9810371294052554E-013 -5.0060771707183615E-013  5.6348374905133984E-012
  2.0080000000000002E+001 -5.0775850512789953E-012 -1.2321310747060610E-011 -4.8131374800506717E-011 -4.3382591367126255E-013 -5.1042023676208815E-013  5.6562552182915269E-012  1.0000000000000000E+000  0.0000000000000000E+000 -4.3382591367126492E-013 -5.1042023676209521E-013  5.6562552182914970E-012
  2.0160000000000000E+001 -5.0414763458251124E-012 -1.2280111660080099E-011 -4.8584732132130296E-011 -4.6821403904603287E-013 -5.1890517753541187E-013  5.6777355776985142E-012  1.0000000000000000E+000  0.0000000000000000E+000 -4.6821403904603186E-013 -5.1890517753541026E-013  5.6777355776985167E-012
  2.0240000000000002E+001 -5.0026708050316300E-012 -1.2238285918654944E-011 -4.9039812492938480E-011 -5.0122542432397257E-013 -5.2613556080966316E-013  5.6993915895025882E-012  1.0000000000000000E+000  0.0000000000000000E+000 -5.0122542432396964E-013 -5.2613556080965458E-013  5.6993915895026133E-012
  2.0320000000000000E+001 -4.9612802779332768E-012 -1.2195929970350553E-011 -4.9496634786450710E-011 -5.3282780232329084E-013 -5.3222095242229833E-013  5.7213482049523079E-012  1.0000000000000000E+000  0.0000000000000000E+000 -5.3282780232328902E-013 -5.3222095242229449E-013  5.7213482049523378E-012
  2.0400000000000002E+001 -4.9174183566599035E-012 -1.2153130566267377E-011 -4.9955228205730849E-011 -5.6302152646378074E-013 -5.3728246621880220E-013  5.7437333221978870E-012  1.0000000000000000E+000  0.0000000000000000E+000 -5.6302152646378155E-013 -5.3728246621879685E-013  5.7437333221979015E-012
  2.0480000000000000E+001 -4.8711968336990718E-012 -1.2109964775755544E-011 -5.0415632118002372E-011 -5.9185987505257504E-013 -5.4143622268125644E-013  5.7666679127832190E-012  1.0000000000000000E+000  0.0000000000000000E+000 -5.9185987505257665E-013 -5.4143622268125089E-013  5.7666679127832352E-012
  2.0559999999999999E+001 -4.8227207766514915E-012 -1.2066500770638376E-011 -5.0877895071776164E-011 -6.1945750055198679E-013 -5.4478906761477076E-013  5.7902543482419633E-012  1.0000000000000000E+000  0.0000000000000000E+000 -6.1945750055198295E-013 -5.4478906761476712E-013  5.7902543482419795E-012
  2.0640000000000001E+001 -4.7720836336107540E-012 -1.2022798524937181E-011 -5.1342072813721086E-011 -6.4598083593625576E-013 -5.4743885338751795E-013  5.8145652854591431E-012  1.0000000000000000E+000  0.0000000000000000E+000 -6.4598083593625415E-013 -5.4743885338751300E-013  5.8145652854591431E-012
  2.0719999999999999E+001 -4.7193638429016905E-012 -1.1978910554096373E-011 -5.1808225517449627E-011 -6.7162337820493234E-013 -5.4946886130283522E-013  5.8396362660677162E-012  1.0000000000000000E+000  0.0000000000000000E+000 -6.7162337820493466E-013 -5.4946886130283128E-013  5.8396362660676993E-012
  2.0800000000000001E+001 -4.6646238930979648E-012 -1.1934883507128727E-011 -5.2276414616291921E-011 -6.9657651861608929E-013 -5.5093444342536261E-013  5.8654657295795017E-012  1.0000000000000000E+000  0.0000000000000000E+000 -6.9657651861609424E-013 -5.5093444342536230E-013  5.8654657295794758E-012
  2.0879999999999999E+001 -4.6079115999231162E-012 -1.1890761043148315E-011 -5.2746700034182347E-011 -7.2100756054751244E-013 -5.5185133667858328E-013  5.8920239798977312E-012  1.0000000000000000E+000  0.0000000000000000E+000 -7.2100756054751375E-013 -5.5185133667858903E-013  5.8920239798977474E-012
  2.0960000000000001E+001 -4.5492626834103628E-012 -1.1846587293260154E-011 -5.3219138453075558E-011 -7.4504973087257904E-013 -5.5219910165303715E-013  5.9192679150469805E-012  1.0000000000000000E+000  0.0000000000000000E+000 -7.4504973087257632E-013 -5.5219910165303917E-013  5.9192679150470136E-012
  2.1039999999999999E+001 -4.4887036429835036E-012 -1.1802409186883829E-011 -5.3693782900589864E-011 -7.6880047112713955E-013 -5.5194444009065688E-013  5.9471563743759797E-012  1.0000000000000000E+000  0.0000000000000000E+000 -7.6880047112713723E-013 -5.5194444009065749E-013  5.9471563743759991E-012
  2.1120000000000001E+001 -4.4262546080300205E-012 -1.1758276182845649E-011 -5.4170683472975715E-011 -7.9232164467245415E-013 -5.5107361084322636E-013  5.9756605696265587E-012  1.0000000000000000E+000  0.0000000000000000E+000 -7.9232164467245061E-013 -5.5107361084322656E-013  5.9756605696265967E-012
  2.1199999999999999E+001 -4.3619321798359109E-012 -1.1714237409148913E-011 -5.4649888591730113E-011 -8.1563894932864372E-013 -5.4961480541595179E-013  6.0047665414146994E-012  1.0000000000000000E+000  0.0000000000000000E+000 -8.1563894932864221E-013 -5.4961480541594664E-013  6.0047665414147454E-012
  2.1280000000000001E+001 -4.2957523761374375E-012 -1.1670337813979097E-011 -5.5131446119602066E-011 -8.3874334061091827E-013 -5.4763561407653170E-013  6.0344703441279366E-012  1.0000000000000000E+000  0.0000000000000000E+000 -8.3874334061091665E-013 -5.4763561407653059E-013  6.0344703441279624E-012
  2.1359999999999999E+001 -4.2277332453381640E-012 -1.1626615710896667E-011 -5.5615403846790583E-011 -8.6160063775076745E-013 -5.4521640871194569E-013  6.0647683570931700E-012  1.0000000000000000E+000  0.0000000000000000E+000 -8.6160063775076714E-013 -5.4521640871194680E-013  6.0647683570931700E-012
  2.1440000000000001E+001 -4.1578962740973147E-012 -1.1583103188585185E-011 -5.6101809056736974E-011 -8.8416906224222370E-013 -5.4241561793097499E-013  6.0956456212517519E-012  1.0000000000000000E+000  0.0000000000000000E+000 -8.8416906224222391E-013 -5.4241561793096691E-013  6.0956456212517487E-012
  2.1520000000000000E+001 -4.0862661953794082E-012 -1.1539829212027711E-011 -5.6590707146190864E-011 -9.0641716936119223E-013 -5.3924462694060881E-013  6.1270651486851670E-012  1.0000000000000000E+000  0.0000000000000000E+000 -9.0641716936119567E-013 -5.3924462694060427E-013  6.1270651486851840E-012
  2.1600000000000001E+001 -4.0128695269995239E-012 -1.1496824048274688E-011 -5.7082139480526600E-011 -9.2833095144650331E-013 -5.3566110330796513E-013  6.1589610154441042E-012  1.0000000000000000E+000  0.0000000000000000E+000 -9.2833095144650896E-013 -5.3566110330796786E-013  6.1589610154441131E-012
  2.1680000000000000E+001 -3.9377332431479677E-012 -1.1454123435498437E-011 -5.7576140908661920E-011 -9.4990340112885815E-013 -5.3157676577078018E-013  6.1912369875830820E-012  1.0000000000000000E+000  0.0000000000000000E+000 -9.4990340112886138E-013 -5.3157676577077402E-013  6.1912369875830845E-012
  2.1760000000000002E+001 -3.8608849828189066E-012 -1.1411771765751363E-011 -5.8072737398539893E-011 -9.7111086748151387E-013 -5.2686836804862377E-013  6.2237709926913581E-012  1.0000000000000000E+000  0.0000000000000000E+000 -9.7111086748151771E-013 -5.2686836804862185E-013  6.2237709926914041E-012
  2.1840000000000000E+001 -3.7823555043509255E-012 -1.1369824496610657E-011 -5.8571944267492538E-011 -9.9188774410588379E-013 -5.2138504079909196E-013  6.2564253895363664E-012  1.0000000000000000E+000  0.0000000000000000E+000 -9.9188774410588500E-013 -5.2138504079909368E-013  6.2564253895364270E-012
  2.1920000000000002E+001 -3.7021829437619652E-012 -1.1328350159223508E-011 -5.9073765460865712E-011 -1.0121120887557664E-012 -5.1495428589048141E-013  6.2890611957274499E-012  1.0000000000000000E+000  0.0000000000000000E+000 -1.0121120887557640E-012 -5.1495428589047717E-013  6.2890611957274208E-012
  2.2000000000000000E+001 -3.6204175701500028E-012 -1.1287431810868180E-011 -5.9578194058808930E-011 -1.0316067763863614E-012 -5.0739367177091309E-013  6.3215533830375232E-012  1.0000000000000000E+000  0.0000000000000000E+000 -1.0316067763863602E-012 -5.0739367177091148E-013  6.3215533830374803E-012
  2.2080000000000002E+001 -3.5371258595401474E-012 -1.1247167171740162E-011 -6.0085214002151716E-011 -1.0501528786708825E-012 -4.9853183949396748E-013  6.3538045534895649E-012  1.0000000000000000E+000  0.0000000000000000E+000 -1.0501528786708817E-012 -4.9853183949396142E-013  6.3538045534895770E-012
  2.2160000000000000E+001 -3.4523931095626616E-012 -1.1207666716549145E-011 -6.0594802787367260E-011 -1.0675082638200918E-012 -4.8823363673353993E-013  6.3857535218607885E-012  1.0000000000000000E+000  0.0000000000000000E+000 -1.0675082638200924E-012 -4.8823363673353579E-013  6.3857535218607982E-012
  2.2240000000000002E+001 -3.3663245373289327E-012 -1.1169049789862796E-011 -6.1106934565649442E-011 -1.0834255293063202E-012 -4.7641782123929247E-013  6.4173767101269170E-012  1.0000000000000000E+000  0.0000000000000000E+000 -1.0834255293063225E-012 -4.7641782123929429E-013  6.4173767101269662E-012
  2.2320000000000000E+001 -3.2790450248736504E-012 -1.1131439865150859E-011 -6.1621583060987567E-011 -1.0976683823111344E-012 -4.6305767137296904E-013  6.4486810599526732E-012  1.0000000000000000E+000  0.0000000000000000E+000 -1.0976683823111360E-012 -4.6305767137297641E-013  6.4486810599527241E-012
  2.2400000000000002E+001 -3.1906975961591512E-012 -1.1094960562443121E-011 -6.2138723535241870E-011 -1.1100268245790883E-012 -4.4816284168386783E-013  6.4796892396362862E-012  1.0000000000000000E+000  0.0000000000000000E+000 -1.1100268245790903E-012 -4.4816284168387762E-013  6.4796892396363161E-012
  2.2480000000000000E+001 -3.1014407329409963E-012 -1.1059733810481440E-011 -6.2658333339329372E-011 -1.1203299416364456E-012 -4.3175033049442952E-013  6.5104224881763064E-012  1.0000000000000000E+000  0.0000000000000000E+000 -1.1203299416364464E-012 -4.3175033049443629E-013  6.5104224881762774E-012
  2.2559999999999999E+001 -3.0114448054973199E-012 -1.1025880509564012E-011 -6.3180391133350079E-011 -1.1284530092545434E-012 -4.1381791863354096E-013  6.5408869294276537E-012  1.0000000000000000E+000  0.0000000000000000E+000 -1.1284530092545419E-012 -4.1381791863354460E-013  6.5408869294275673E-012
  2.2640000000000001E+001 -2.9208882514602693E-012 -1.0993522943500073E-011 -6.3704875248037797E-011 -1.1343160185031646E-012 -3.9433036748265793E-013  6.5710687842647980E-012  1.0000000000000000E+000  0.0000000000000000E+000 -1.1343160185031634E-012 -3.9433036748265940E-013  6.5710687842647762E-012
  2.2719999999999999E+001 -2.8299542425368135E-012 -1.0962787650766787E-011 -6.4231762138832446E-011 -1.1378743439320982E-012 -3.7322283933248892E-013  6.6009403414039037E-012  1.0000000000000000E+000  0.0000000000000000E+000 -1.1378743439320974E-012 -3.7322283933248892E-013  6.6009403414039554E-012
  2.2800000000000001E+001 -2.7388283564311336E-012 -1.0933807289206875E-011 -6.4761025702662422E-011 -1.1391056336393945E-012 -3.5041880600358374E-013  6.6304732431357233E-012  1.0000000000000000E+000  0.0000000000000000E+000 -1.1391056336393951E-012 -3.5041880600358318E-013  6.6304732431357265E-012
  2.2879999999999999E+001 -2.6476973411545104E-012 -1.0906720641806214E-011 -6.5292637857734162E-011 -1.1379981190220688E-012 -3.2585476990068901E-013  6.6596526836354038E-012  1.0000000000000000E+000  0.0000000000000000E+000 -1.1379981190220692E-012 -3.2585476990069133E-013  6.6596526836353780E-012
  2.2960000000000001E+001 -2.5567486573876026E-012 -1.0881670526022765E-011 -6.5826570132044086E-011 -1.1345443326878530E-012 -2.9950363636980447E-013  6.6884877990729869E-012  1.0000000000000000E+000  0.0000000000000000E+000 -1.1345443326878514E-012 -2.9950363636981099E-013  6.6884877990730612E-012
  2.3039999999999999E+001 -2.4661702479244539E-012 -1.0858800059987045E-011 -6.6362795905585840E-011 -1.1287412633455188E-012 -2.7138998270811092E-013  6.7170163544189203E-012  1.0000000000000000E+000  0.0000000000000000E+000 -1.1287412633455188E-012 -2.7138998270812253E-013  6.7170163544190035E-012
  2.3120000000000001E+001 -2.3761500552523196E-012 -1.0838248128789467E-011 -6.6901292748751114E-011 -1.1205960279290264E-012 -2.4159503586665924E-013  6.7453047513541349E-012  1.0000000000000000E+000  0.0000000000000000E+000 -1.1205960279290264E-012 -2.4159503586666899E-013  6.7453047513541696E-012
  2.3199999999999999E+001 -2.2868748834558097E-012 -1.0820144854248379E-011 -6.7442044665802502E-011 -1.1101366570098256E-012 -2.1025277107934547E-013  6.7734460867050864E-012  1.0000000000000000E+000  0.0000000000000000E+000 -1.1101366570098244E-012 -2.1025277107934403E-013  6.7734460867051034E-012
  2.3280000000000001E+001 -2.1985281901307475E-012 -1.0804607685416772E-011 -6.7985044122623927E-011 -1.0974258254644533E-012 -1.7754019357656953E-013  6.8015555521741794E-012  1.0000000000000000E+000  0.0000000000000000E+000 -1.0974258254644540E-012 -1.7754019357656329E-013  6.8015555521741108E-012
  2.3359999999999999E+001 -2.1112867513814972E-012 -1.0791738423276128E-011 -6.8530293554150370E-011 -1.0825730179256449E-012 -1.4366349628499759E-013  6.8297613074852819E-012  1.0000000000000000E+000  0.0000000000000000E+000 -1.0825730179256465E-012 -1.4366349628499986E-013  6.8297613074852156E-012
  2.3440000000000001E+001 -2.0253165072626443E-012 -1.0781621526011172E-011 -6.9077805931821572E-011 -1.0657398490426927E-012 -1.0883965797532001E-013  6.8581898993506970E-012  1.0000000000000000E+000  0.0000000000000000E+000 -1.0657398490426951E-012 -1.0883965797531695E-013  6.8581898993506994E-012
  2.3520000000000000E+001 -1.9407683755346663E-012 -1.0774324078000077E-011 -6.9627603938046482E-011 -1.0471329875564429E-012 -7.3272988535878380E-014  6.8869488989371000E-012  1.0000000000000000E+000  0.0000000000000000E+000 -1.0471329875564433E-012 -7.3272988535870049E-014  6.8869488989370418E-012
  2.3600000000000001E+001 -1.8577752292536134E-012 -1.0769897847845432E-011 -7.0179717755651508E-011 -1.0269849087793630E-012 -3.7129024727347161E-014  6.9161134866299269E-012  1.0000000000000000E+000  0.0000000000000000E+000 -1.0269849087793609E-012 -3.7129024727350247E-014  6.9161134866298873E-012
  2.3680000000000000E+001 -1.7764507901299683E-012 -1.0768383434043702E-011 -7.0734182095907270E-011 -1.0055294643181872E-012 -5.1377727825344059E-016  6.9457230275613758E-012  1.0000000000000000E+000  0.0000000000000000E+000 -1.0055294643181872E-012 -5.1377727826137259E-016  6.9457230275614033E-012
  2.3760000000000002E+001 -1.6968905149627034E-012 -1.0769815643480911E-011 -7.1291033440061329E-011 -9.8298076822043331E-013  3.6530199729437382E-014  6.9757901201207105E-012  1.0000000000000000E+000  0.0000000000000000E+000 -9.8298076822043372E-013  3.6530199729433778E-014  6.9757901201206782E-012
  2.3840000000000000E+001 -1.6191738672146989E-012 -1.0774228266000411E-011 -7.1850308515126584E-011 -9.5952168686326732E-013  7.4005256143331155E-014  7.0063179529463745E-012  1.0000000000000000E+000  0.0000000000000000E+000 -9.5952168686326611E-013  7.4005256143321512E-014  7.0063179529463010E-012
  2.3920000000000002E+001 -1.5433670450645807E-012 -1.0781656484463844E-011 -7.2412044312532749E-011 -9.3530236795216897E-013  1.1192288369328639E-013  7.0373174603376637E-012  1.0000000000000000E+000  0.0000000000000000E+000 -9.3530236795216735E-013  1.1192288369327856E-013  7.0373174603376484E-012
  2.4000000000000000E+001 -1.4695254883423519E-012 -1.0792135927391337E-011 -7.2976279308780610E-011 -9.1044348575889699E-013  1.5026578771830734E-013  7.0688168612262642E-012  1.0000000000000000E+000  0.0000000000000000E+000 -9.1044348575889578E-013  1.5026578771831161E-013  7.0688168612262206E-012
  2.4080000000000002E+001 -1.3976960873431571E-012 -1.0805699010498773E-011 -7.3543055010328951E-011 -8.8503916707194362E-013  1.8896599386204022E-013  7.1008602305185272E-012  1.0000000000000000E+000  0.0000000000000000E+000 -8.8503916707194241E-013  1.8896599386204941E-013  7.1008602305184214E-012
  2.4160000000000000E+001 -1.3279192216108409E-012 -1.0822370486409264E-011 -7.4112416945663574E-011 -8.5915881750497450E-013  2.2790906996603674E-013  7.1334982435026001E-012  1.0000000000000000E+000  0.0000000000000000E+000 -8.5915881750497430E-013  2.2790906996604133E-013  7.1334982435025476E-012
  2.4240000000000002E+001 -1.2602306765423612E-012 -1.0842164461693339E-011 -7.4684414729289367E-011 -8.3284941227547912E-013  2.6695990114933177E-013  7.1667774302005940E-012  1.0000000000000000E+000  0.0000000000000000E+000 -8.3284941227547983E-013  2.6695990114932682E-013  7.1667774302005907E-012
  2.4320000000000000E+001 -1.1946633156467643E-012 -1.0865084070593157E-011 -7.5259101334495669E-011 -8.0614078344716799E-013  3.0599488518191477E-013  7.2007317489489919E-012  1.0000000000000000E+000  0.0000000000000000E+000 -8.0614078344716880E-013  3.0599488518190836E-013  7.2007317489489507E-012
  2.4400000000000002E+001 -1.1312481511908143E-012 -1.0891123643322445E-011 -7.5836531809121206E-011 -7.7905154302682895E-013  3.4492659135810515E-013  7.2353770739130816E-012  1.0000000000000000E+000  0.0000000000000000E+000 -7.7905154302682966E-013  3.4492659135810651E-013  7.2353770739130347E-012
  2.4480000000000000E+001 -1.0700150687624716E-012 -1.0920272325210454E-011 -7.6416761666321762E-011 -7.5159089800911576E-013  3.8371543544656300E-013  7.2707080770824663E-012  1.0000000000000000E+000  0.0000000000000000E+000 -7.5159089800911657E-013  3.8371543544656497E-013  7.2707080770824340E-012
  2.4560000000000002E+001 -1.0109936075093558E-012 -1.0952518112993895E-011 -7.6999845101454400E-011 -7.2375287365702367E-013  4.2237227401539622E-013  7.3066958245947105E-012  1.0000000000000000E+000  0.0000000000000000E+000 -7.2375287365702428E-013  4.2237227401538769E-013  7.3066958245947057E-012
  2.4640000000000001E+001 -9.5421460897734783E-013 -1.0987851889052917E-011 -7.7585832998256916E-011 -6.9550413298238608E-013  4.6095867910673215E-013  7.3432864406368642E-012  1.0000000000000000E+000  0.0000000000000000E+000 -6.9550413298238669E-013  4.6095867910672832E-013  7.3432864406368949E-012
  2.4719999999999999E+001 -8.9971294623217403E-013 -1.1026271501650973E-011 -7.8174770931956298E-011 -6.6677228702863620E-013  4.9958561165520079E-013  7.3804037084064120E-012  1.0000000000000000E+000  0.0000000000000000E+000 -6.6677228702863670E-013  4.9958561165519867E-013  7.3804037084063927E-012
  2.4800000000000001E+001 -8.4753104305276603E-013 -1.1067785586917749E-011 -7.8766697591601942E-011 -6.3744205492787885E-013  5.3840398973209083E-013  7.4179575444760788E-012  1.0000000000000000E+000  0.0000000000000000E+000 -6.3744205492787865E-013  5.3840398973208073E-013  7.4179575444760481E-012
  2.4879999999999999E+001 -7.9772221744371341E-013 -1.1112416140008107E-011 -7.9361644139072471E-011 -6.0736298623125101E-013  5.7758020964954224E-013  7.4558572477446506E-012  1.0000000000000000E+000  0.0000000000000000E+000 -6.0736298623125080E-013  5.7758020964953235E-013  7.4558572477447168E-012
  2.4960000000000001E+001 -7.5035296525576586E-013 -1.1160198420461676E-011 -7.9959634751241086E-011 -5.7636570752789604E-013  6.1725851155641804E-013  7.4940252316608794E-012  1.0000000000000000E+000  0.0000000000000000E+000 -5.7636570752789665E-013  6.1725851155641006E-013  7.4940252316608907E-012
  2.5039999999999999E+001 -7.0550370423925004E-013 -1.1211177501857134E-011 -8.0560688176138212E-011 -5.4428053336755034E-013  6.5752323475668222E-013  7.5324058341283684E-012  1.0000000000000000E+000  0.0000000000000000E+000 -5.4428053336755095E-013  6.5752323475667666E-013  7.5324058341283022E-012
  2.5120000000000001E+001 -6.6326807991695781E-013 -1.1265402138022745E-011 -8.1164819684701625E-011 -5.1095274622292412E-013  6.9837880448173828E-013  7.5709646711607783E-012  1.0000000000000000E+000  0.0000000000000000E+000 -5.1095274622292402E-013  6.9837880448173263E-013  7.5709646711608090E-012
  2.5199999999999999E+001 -6.2375126484358217E-013 -1.1322918110574212E-011 -8.1772042523523936E-011 -4.7625177441167570E-013  7.3975905026677133E-013  7.6096792215903501E-012  1.0000000000000000E+000  0.0000000000000000E+000 -4.7625177441167549E-013  7.3975905026676567E-013  7.6096792215904163E-012
  2.5280000000000001E+001 -5.8706779601108970E-013 -1.1383763586065429E-011 -8.2382368360156081E-011 -4.4007469564553985E-013  7.8156264289798121E-013  7.6485258709315901E-012  1.0000000000000000E+000  0.0000000000000000E+000 -4.4007469564554001E-013  7.8156264289798041E-013  7.6485258709316305E-012
  2.5359999999999999E+001 -5.5333931354029579E-013 -1.1447968133437889E-011 -8.2995806662872991E-011 -4.0234553346342858E-013  8.2369815648507172E-013  7.6874695290213065E-012  1.0000000000000000E+000  0.0000000000000000E+000 -4.0234553346342868E-013  8.2369815648508101E-013  7.6874695290212936E-012
  2.5440000000000001E+001 -5.2269251065694113E-013 -1.1515555291103040E-011 -8.3612363484799490E-011 -3.6301104337929695E-013  8.6611909727664055E-013  7.7264610328725464E-012  1.0000000000000000E+000  0.0000000000000000E+000 -3.6301104337929655E-013  8.6611909727665489E-013  7.7264610328725174E-012
  2.5520000000000000E+001 -4.9525754659960828E-013 -1.1586547189002152E-011 -8.4232040428132598E-011 -3.2203479740481719E-013  9.0883674018221041E-013  7.7654429764297298E-012  1.0000000000000000E+000  0.0000000000000000E+000 -3.2203479740481714E-013  9.0883674018222202E-013  7.7654429764297621E-012
  2.5600000000000001E+001 -4.7116694307217037E-013 -1.1660969169532194E-011 -8.4854834361028247E-011 -2.7939176752591208E-013  9.5191063627100560E-013  7.8043598624356229E-012  1.0000000000000000E+000  0.0000000000000000E+000 -2.7939176752591249E-013  9.5191063627100883E-013  7.8043598624356471E-012
  2.5680000000000000E+001 -4.5055486379546234E-013 -1.1738852890805513E-011 -8.5480738006122298E-011 -2.3506627765488797E-013  9.9542529992555258E-013  7.8431665313800509E-012  1.0000000000000000E+000  0.0000000000000000E+000 -2.3506627765488807E-013  9.9542529992555096E-013  7.8431665313800396E-012
  2.5760000000000002E+001 -4.3355633864738829E-013 -1.1820237217520282E-011 -8.6109741006049055E-011 -1.8905549595605854E-013  1.0394634125340360E-012  7.8818314265147383E-012  1.0000000000000000E+000  0.0000000000000000E+000 -1.8905549595605844E-013  1.0394634125340279E-012  7.8818314265146608E-012
  2.5840000000000000E+001 -4.2030598444249298E-013 -1.1905167036810958E-011 -8.6741831034364656E-011 -1.4137721835322158E-013  1.0840823745201598E-012  7.9203354410250176E-012  1.0000000000000000E+000  0.0000000000000000E+000 -1.4137721835322130E-013  1.0840823745201514E-012  7.9203354410249384E-012
  2.5920000000000002E+001 -4.1093598371087284E-013 -1.1993690397443508E-011 -8.7376994676613058E-011 -9.2077812980921033E-014  1.1292959684526741E-012  7.9586693501974636E-012  1.0000000000000000E+000  0.0000000000000000E+000 -9.2077812980920806E-014  1.1292959684526770E-012  7.9586693501975428E-012
  2.6000000000000000E+001 -4.0557353436554561E-013 -1.2085854391763386E-011 -8.8015218130396250E-011 -4.1236730867041569E-014  1.1750618784930285E-012  7.9968334973630831E-012  1.0000000000000000E+000  0.0000000000000000E+000 -4.1236730867041430E-014  1.1750618784930304E-012  7.9968334973631622E-012
  2.6080000000000002E+001 -4.0433810677214619E-013 -1.2181700298002392E-011 -8.8656488036191151E-011  1.1033177399846539E-014  1.2212773024283340E-012  8.0348405050443764E-012  1.0000000000000000E+000  0.0000000000000000E+000  1.1033177399846430E-014  1.2212773024283370E-012  8.0348405050444216E-012
  2.6160000000000000E+001 -4.0733884274952106E-013 -1.2281258760151920E-011 -8.9300792611203350E-011  6.4589023891851340E-014  1.2677864978289641E-012  8.0727174187046435E-012  1.0000000000000000E+000  0.0000000000000000E+000  6.4589023891851276E-014  1.2677864978289702E-012  8.0727174187046693E-012
  2.6240000000000002E+001 -4.1467235059484240E-013 -1.2384546137655026E-011 -8.9948122823183894E-011  1.1926390591416694E-013  1.3144022180707135E-012  8.1105034028183834E-012  1.0000000000000000E+000  0.0000000000000000E+000  1.1926390591416724E-013  1.3144022180707151E-012  8.1105034028183608E-012
  2.6320000000000000E+001 -4.2642106769578777E-013 -1.2491563115043234E-011 -9.0598473155654292E-011  1.7487577273090723E-013  1.3609390559686993E-012  8.1482416800286177E-012  1.0000000000000000E+000  0.0000000000000000E+000  1.7487577273090759E-013  1.3609390559686929E-012  8.1482416800286807E-012
  2.6400000000000002E+001 -4.4265247423178756E-013 -1.2602296386610018E-011 -9.1251841491988473E-011  2.3124070943097766E-013  1.4072508685691265E-012  8.1859694627240228E-012  1.0000000000000000E+000  0.0000000000000000E+000  2.3124070943097796E-013  1.4072508685691174E-012  8.1859694627241504E-012
  2.6480000000000000E+001 -4.6341958120474419E-013 -1.2716723254014294E-011 -9.1908228269690135E-011  2.8818987062001861E-013  1.4532599038993465E-012  8.2237123782316041E-012  1.0000000000000000E+000  0.0000000000000000E+000  2.8818987062001866E-013  1.4532599038993366E-012  8.2237123782316752E-012
  2.6560000000000002E+001 -4.8876285353099054E-013 -1.2834817971233914E-011 -9.2567635472505530E-011  3.4558498737256035E-013  1.4989662992615162E-012  8.2614875744935288E-012  1.0000000000000000E+000  0.0000000000000000E+000  3.4558498737256029E-013  1.4989662992615090E-012  8.2614875744935950E-012
  2.6640000000000001E+001 -5.1871317918435385E-013 -1.2956557861896137E-011 -9.3230066281609100E-011  4.0332617289536936E-013  1.5444322854108360E-012  8.2993140276178106E-012  1.0000000000000000E+000  0.0000000000000000E+000  4.0332617289536992E-013  1.5444322854108413E-012  8.2993140276178881E-012
  2.6719999999999999E+001 -5.5329504119424964E-013 -1.3081927136899648E-011 -9.3895525716924379E-011  4.6134742509621667E-013  1.5897456088068095E-012  8.3372234940066599E-012  1.0000000000000000E+000  0.0000000000000000E+000  4.6134742509621708E-013  1.5897456088068178E-012  8.3372234940066535E-012
  2.6800000000000001E+001 -5.9252876719974852E-013 -1.3210917159305226E-011 -9.4564022040650165E-011  5.1960136859666191E-013  1.6349750655908972E-012  8.3752645690066938E-012  1.0000000000000000E+000  0.0000000000000000E+000  5.1960136859666161E-013  1.6349750655909009E-012  8.3752645690067083E-012
  2.6879999999999999E+001 -6.3643126016971556E-013 -1.3343523147394191E-011 -9.5235568047965450E-011  5.7804211782247642E-013  1.6801349946580673E-012  8.4134962337382272E-012  1.0000000000000000E+000  0.0000000000000000E+000  5.7804211782247632E-013  1.6801349946580669E-012  8.4134962337382612E-012
  2.6960000000000001E+001 -6.8501550605134475E-013 -1.3479738758450517E-011 -9.5910181438048282E-011  6.3661560958447002E-013  1.7251719009812195E-012  8.4519751768363096E-012  1.0000000000000000E+000  0.0000000000000000E+000  6.3661560958447022E-013  1.7251719009812189E-012  8.4519751768362563E-012
  2.7039999999999999E+001 -7.3828975770323076E-013 -1.3619550651551186E-011 -9.6587884076259260E-011  6.9526226150205991E-013  1.7699760649569181E-012  8.4907448490680968E-012  1.0000000000000000E+000  0.0000000000000000E+000  6.9526226150205991E-013  1.7699760649569211E-012  8.4907448490680484E-012
  2.7120000000000001E+001 -7.9625746789167434E-013 -1.3762934928843624E-011 -9.7268700613899177E-011  7.5392978790539906E-013  1.8144106255464228E-012  8.5298321751891847E-012  1.0000000000000000E+000  0.0000000000000000E+000  7.5392978790539936E-013  1.8144106255464197E-012  8.5298321751891443E-012
  2.7199999999999999E+001 -8.5891852376809461E-013 -1.3909856351638614E-011 -9.7952657224289529E-011  8.1258879419631694E-013  1.8583449408351676E-012  8.5692526647116584E-012  1.0000000000000000E+000  0.0000000000000000E+000  8.1258879419631643E-013  1.8583449408351671E-012  8.5692526647116212E-012
  2.7280000000000001E+001 -9.2627167496308505E-013 -1.4060270119377251E-011 -9.8639781040253043E-011  8.7124366581197738E-013  1.9016804826255990E-012  8.6090193184643862E-012  1.0000000000000000E+000  0.0000000000000000E+000  8.7124366581197637E-013  1.9016804826256023E-012  8.6090193184643523E-012
  2.7359999999999999E+001 -9.9831751029801099E-013 -1.4214125228858710E-011 -9.9330100315243831E-011  9.2993649660055887E-013  1.9443651682647382E-012  8.6491482626295470E-012  1.0000000000000000E+000  0.0000000000000000E+000  9.2993649660055867E-013  1.9443651682647366E-012  8.6491482626295163E-012
  2.7440000000000001E+001 -1.0750615144191745E-012 -1.4371368546299609E-011 -1.0002364476227377E-010  9.8874549203239180E-013  1.9863979036721109E-012  8.6896579431000559E-012  1.0000000000000000E+000  0.0000000000000000E+000  9.8874549203239079E-013  1.9863979036721105E-012  8.6896579431000753E-012
  2.7520000000000000E+001 -1.1565167890231937E-012 -1.4531948893446247E-011 -1.0072044558613984E-010  1.0477796870071209E-012  2.0278263495520346E-012  8.7305641026119757E-012  1.0000000000000000E+000  0.0000000000000000E+000  1.0477796870071197E-012  2.0278263495520362E-012  8.7305641026120403E-012
  2.7600000000000001E+001 -1.2427062643403138E-012 -1.4695820762227934E-011 -1.0142053501869169E-010  1.1071707388448235E-012  2.0687374519216198E-012  8.7718763408118344E-012  1.0000000000000000E+000  0.0000000000000000E+000  1.1071707388448224E-012  2.0687374519216275E-012  8.7718763408119135E-012
  2.7680000000000000E+001 -1.3336641072383655E-012 -1.4862946885753707E-011 -1.0212394580066973E-010  1.1670608281720183E-012  2.1092371618381069E-012  8.8135996378016597E-012  1.0000000000000000E+000  0.0000000000000000E+000  1.1670608281720175E-012  2.1092371618381133E-012  8.8135996378016743E-012
  2.7760000000000002E+001 -1.4294359968478368E-012 -1.5033298708122031E-011 -1.0283071096073995E-010  1.2275859482942810E-012  2.1494189825632970E-012  8.8557396273367862E-012  1.0000000000000000E+000  0.0000000000000000E+000  1.2275859482942812E-012  2.1494189825633075E-012  8.8557396273367442E-012
  2.7840000000000000E+001 -1.5300778589654504E-012 -1.5206853922963834E-011 -1.0354086414104362E-010  1.2888570945997606E-012  2.1893281268135467E-012  8.8983072507437484E-012  1.0000000000000000E+000  0.0000000000000000E+000  1.2888570945997610E-012  2.1893281268135612E-012  8.8983072507437354E-012
  2.7920000000000002E+001 -1.6356531319837985E-012 -1.5383591208412199E-011 -1.0425444012085895E-010  1.3509450462557700E-012  2.2289352266640807E-012  8.9413175027395041E-012  1.0000000000000000E+000  0.0000000000000000E+000  1.3509450462557706E-012  2.2289352266640835E-012  8.9413175027394718E-012
  2.8000000000000000E+001 -1.7462290663663736E-012 -1.5563483559230087E-011 -1.0497147494148194E-010  1.4138740944606221E-012  2.2681335888208713E-012  8.9847812485557070E-012  1.0000000000000000E+000  0.0000000000000000E+000  1.4138740944606225E-012  2.2681335888208697E-012  8.9847812485556359E-012
  2.8080000000000002E+001 -1.8618729870974980E-012 -1.5746492582623538E-011 -1.0569200512062786E-010  1.4776273737869539E-012  2.3067648265855910E-012  9.0286949106865333E-012  1.0000000000000000E+000  0.0000000000000000E+000  1.4776273737869561E-012  2.3067648265855834E-012  9.0286949106864606E-012
  2.8160000000000000E+001 -1.9826494461722863E-012 -1.5932565931483782E-011 -1.0641606612719179E-010  1.5421612683374007E-012  2.3446629792744990E-012  9.0730354323279422E-012  1.0000000000000000E+000  0.0000000000000000E+000  1.5421612683374030E-012  2.3446629792744840E-012  9.0730354323279212E-012
  2.8240000000000002E+001 -2.1086187900314821E-012 -1.6121638659307458E-011 -1.0714369078980034E-010  1.6074229921932416E-012  2.3816983869791130E-012  9.1177641915884990E-012  1.0000000000000000E+000  0.0000000000000000E+000  1.6074229921932426E-012  2.3816983869791029E-012  9.1177641915885184E-012
  2.8320000000000000E+001 -2.2398371249232049E-012 -1.6313637673400440E-011 -1.0787490839784595E-010  1.6733646524903536E-012  2.4178033099322888E-012  9.1628392408468714E-012  1.0000000000000000E+000  0.0000000000000000E+000  1.6733646524903534E-012  2.4178033099322940E-012  9.1628392408468214E-012
  2.8400000000000002E+001 -2.3763571344299387E-012 -1.6508487188896624E-011 -1.0860974506833583E-010  1.7399487320790153E-012  2.4529715349930372E-012  9.2082290898924977E-012  1.0000000000000000E+000  0.0000000000000000E+000  1.7399487320790153E-012  2.4529715349930412E-012  9.2082290898924427E-012
  2.8480000000000000E+001 -2.5182289220558474E-012 -1.6706113118999326E-011 -1.0934822505222874E-010  1.8071429091356561E-012  2.4872373675227670E-012  9.2539200269409929E-012  1.0000000000000000E+000  0.0000000000000000E+000  1.8071429091356575E-012  2.4872373675227508E-012  9.2539200269409735E-012
  2.8560000000000002E+001 -2.6654999998916437E-012 -1.6906445167700267E-011 -1.1009037227264639E-010  1.8749055731755296E-012  2.5206467278403313E-012  9.2999136284223440E-012  1.0000000000000000E+000  0.0000000000000000E+000  1.8749055731755304E-012  2.5206467278403144E-012  9.2999136284223731E-012
  2.8640000000000001E+001 -2.8182138137639321E-012 -1.7109416595453779E-011 -1.1083621123277632E-010  1.9431677738294130E-012  2.5532318892512677E-012  9.3462166095636512E-012  1.0000000000000000E+000  0.0000000000000000E+000  1.9431677738294122E-012  2.5532318892512556E-012  9.3462166095636512E-012
  2.8719999999999999E+001 -2.9764068437043498E-012 -1.7314962269980470E-011 -1.1158576693017658E-010  2.0118182005777646E-012  2.5849947788044631E-012  9.3928302262725114E-012  1.0000000000000000E+000  0.0000000000000000E+000  2.0118182005777634E-012  2.5849947788044688E-012  9.3928302262724807E-012
  2.8800000000000001E+001 -3.1401047258563745E-012 -1.7523015760062493E-011 -1.1233906406897992E-010  2.0806965807425288E-012  2.6158983204297581E-012  9.4397454607575568E-012  1.0000000000000000E+000  0.0000000000000000E+000  2.0806965807425296E-012  2.6158983204297795E-012  9.4397454607575261E-012
  2.8879999999999999E+001 -3.3093182966231544E-012 -1.7733506001249231E-011 -1.1309612620389779E-010  2.1495986942133184E-012  2.6458638897733379E-012  9.4869460879735006E-012  1.0000000000000000E+000  0.0000000000000000E+000  2.1495986942133184E-012  2.6458638897733424E-012  9.4869460879734311E-012
  2.8960000000000001E+001 -3.4840405169305054E-012 -1.7946353982426227E-011 -1.1385697544305568E-010  2.2182903014799485E-012  2.6747754434418708E-012  9.5344154818003797E-012  1.0000000000000000E+000  0.0000000000000000E+000  2.2182903014799465E-012  2.6747754434418510E-012  9.5344154818003474E-012
  2.9039999999999999E+001 -3.6642447448599462E-012 -1.8161470072199930E-011 -1.1462163268098585E-010  2.2865256075552834E-012  2.7024934295674006E-012  9.5821412152334835E-012  1.0000000000000000E+000  0.0000000000000000E+000  2.2865256075552826E-012  2.7024934295673816E-012  9.5821412152334415E-012
  2.9120000000000001E+001 -3.8498846141393508E-012 -1.8378752931157011E-011 -1.1539011803749304E-010  2.3540656685257242E-012  2.7288788224011727E-012  9.6301135464752954E-012  1.0000000000000000E+000  0.0000000000000000E+000  2.3540656685257226E-012  2.7288788224011541E-012  9.6301135464752599E-012
  2.9199999999999999E+001 -4.0408952518240621E-012 -1.8598090683784118E-011 -1.1616245084842190E-010  2.4206942856839927E-012  2.7538228010027942E-012  9.6783192798216769E-012  1.0000000000000000E+000  0.0000000000000000E+000  2.4206942856839883E-012  2.7538228010027890E-012  9.6783192798216268E-012
  2.9280000000000001E+001 -4.2371956998487896E-012 -1.8819364579317458E-011 -1.1693864912226451E-010  2.4862312320627951E-012  2.7772729856980949E-012  9.7267367143638216E-012  1.0000000000000000E+000  0.0000000000000000E+000  2.4862312320627923E-012  2.7772729856980961E-012  9.7267367143637263E-012
  2.9359999999999999E+001 -4.4386922489541093E-012 -1.9042454361495813E-011 -1.1771872872272011E-010  2.5505426427357747E-012  2.7992446275273723E-012  9.7753369465969035E-012  1.0000000000000000E+000  0.0000000000000000E+000  2.5505426427357726E-012  2.7992446275273635E-012  9.7753369465967759E-012
  2.9440000000000001E+001 -4.6452825226865136E-012 -1.9267243719721838E-011 -1.1850270303372001E-010  2.6135458138476742E-012  2.8198113831806772E-012  9.8240929796860683E-012  1.0000000000000000E+000  0.0000000000000000E+000  2.6135458138476718E-012  2.8198113831806647E-012  9.8240929796859035E-012
  2.9520000000000000E+001 -4.8568595791697372E-012 -1.9493624182804722E-011 -1.1929058359946988E-010  2.6752043805850171E-012  2.8390785247336264E-012  9.8729904675081305E-012  1.0000000000000000E+000  0.0000000000000000E+000  2.6752043805850175E-012  2.8390785247336176E-012  9.8729904675081175E-012
  2.9600000000000001E+001 -5.0733152235801163E-012 -1.9721496283679218E-011 -1.2008238150852131E-010  2.7355132363053821E-012  2.8571479565090441E-012  9.9220332693010565E-012  1.0000000000000000E+000  0.0000000000000000E+000  2.7355132363053829E-012  2.8571479565090372E-012  9.9220332693011276E-012
  2.9680000000000000E+001 -5.2945416969785984E-012 -1.9950767855846169E-011 -1.2087810892255805E-010  2.7944773529089613E-012  2.8740886974619792E-012  9.9712389023988949E-012  1.0000000000000000E+000  0.0000000000000000E+000  2.7944773529089580E-012  2.8740886974619708E-012  9.9712389023989692E-012
  2.9760000000000002E+001 -5.5204316000455501E-012 -2.0181350475273134E-011 -1.2167777973290514E-010  2.8520942435070101E-012  2.8899239139410150E-012  1.0020626259747231E-011  1.0000000000000000E+000  0.0000000000000000E+000  2.8520942435070101E-012  2.8899239139410162E-012  1.0020626259747299E-011
  2.9840000000000000E+001 -5.7508767759397200E-012 -2.0413155682076731E-011 -1.2248140912411760E-010  2.9083490154081449E-012  2.9046372483872168E-012  1.0070204076200949E-011  1.0000000000000000E+000  0.0000000000000000E+000  2.9083490154081474E-012  2.9046372483872192E-012  1.0070204076200841E-011
  2.9920000000000002E+001 -5.9857674425108533E-012 -2.0646092435015089E-011 -1.2328901238509729E-010  2.9632259712522242E-012  2.9181937999913137E-012  1.0119966837949218E-011  1.0000000000000000E+000  0.0000000000000000E+000  2.9632259712522270E-012  2.9181937999913242E-012  1.0119966837949059E-011
  3.0000000000000000E+001 -6.2249929313400758E-012 -2.0880066690075341E-011 -1.2410060381818948E-010  3.0167314129442988E-012  2.9305665989632791E-012  1.0169901046755230E-011  1.0000000000000000E+000  0.0000000000000000E+000  3.0167314129442992E-012  2.9305665989632791E-012  1.0169901046755218E-011
  3.0080000000000002E+001 -6.4684444685819412E-012 -2.1114983090849214E-011 -1.2491619655257812E-010  3.0689163513432732E-012  2.9417580180695087E-012  1.0219996710451510E-011  1.0000000000000000E+000  0.0000000000000000E+000  3.0689163513432720E-012  2.9417580180694998E-012  1.0219996710451472E-011
  3.0160000000000000E+001 -6.7160195475549995E-012 -2.1350747972966463E-011 -1.2573580329186172E-010  3.1198887628663009E-012  2.9518092398762069E-012  1.0270255077315963E-011  1.0000000000000000E+000  0.0000000000000000E+000  3.1198887628663045E-012  2.9518092398762004E-012  1.0270255077315921E-011
  3.0240000000000002E+001 -6.9676266706405493E-012 -2.1587272569229407E-011 -1.2655943736494868E-010  3.1698114131737982E-012  2.9607983800255543E-012  1.0320687334788983E-011  1.0000000000000000E+000  0.0000000000000000E+000  3.1698114131738022E-012  2.9607983800255511E-012  1.0320687334789073E-011
  3.0320000000000000E+001 -7.2231893736628073E-012 -2.1824475713770551E-011 -1.2738711326542796E-010  3.2188883737601396E-012  2.9688311772518363E-012  1.0371305352395048E-011  1.0000000000000000E+000  0.0000000000000000E+000  3.2188883737601480E-012  2.9688311772518549E-012  1.0371305352395067E-011
  3.0400000000000002E+001 -7.4826488104421717E-012 -2.2062285557589701E-011 -1.2821884622133189E-010  3.2673466067898400E-012  2.9760276973786251E-012  1.0422112062619646E-011  1.0000000000000000E+000  0.0000000000000000E+000  3.2673466067898433E-012  2.9760276973786344E-012  1.0422112062619689E-011
  3.0480000000000000E+001 -7.7459648307491817E-012 -2.2300640145351131E-011 -1.2905465119544710E-010  3.3154181562636715E-012  2.9825079358767522E-012  1.0473099260542121E-011  1.0000000000000000E+000  0.0000000000000000E+000  3.3154181562636711E-012  2.9825079358767376E-012  1.0473099260542145E-011
  3.0560000000000002E+001 -8.0131157154443591E-012 -2.2539486827329981E-011 -1.2989454210301863E-010  3.3633238979563765E-012  2.9883763195456564E-012  1.0524254538713555E-011  1.0000000000000000E+000  0.0000000000000000E+000  3.3633238979563813E-012  2.9883763195456447E-012  1.0524254538713393E-011
  3.0640000000000001E+001 -8.2840966544222020E-012 -2.2778780356478436E-011 -1.3073853192164127E-010  3.4112581380136168E-012  2.9937056042540122E-012  1.0575573118050623E-011  1.0000000000000000E+000  0.0000000000000000E+000  3.4112581380136237E-012  2.9937056042540078E-012  1.0575573118050570E-011
  3.0719999999999999E+001 -8.5589170175265378E-012 -2.3018479724010623E-011 -1.3158663380190673E-010  3.4593745437924136E-012  2.9985243395246386E-012  1.0627066059704726E-011  1.0000000000000000E+000  0.0000000000000000E+000  3.4593745437924165E-012  2.9985243395246394E-012  1.0627066059704705E-011
  3.0800000000000001E+001 -8.8375965814289881E-012 -2.3258544250802379E-011 -1.3243886249119403E-010  3.5077764886392448E-012  3.0028141537926750E-012  1.0678759161985464E-011  1.0000000000000000E+000  0.0000000000000000E+000  3.5077764886392456E-012  3.0028141537926600E-012  1.0678759161985404E-011
  3.0879999999999999E+001 -9.1201612557088170E-012 -2.3498929988617451E-011 -1.3329523526782440E-010  3.5565157242242676E-012  3.0065210566610272E-012  1.0730683645297359E-011  1.0000000000000000E+000  0.0000000000000000E+000  3.5565157242242700E-012  3.0065210566610082E-012  1.0730683645297336E-011
  3.0960000000000001E+001 -9.4066390973048710E-012 -2.3739587619868143E-011 -1.3415577187444160E-010  3.6056014838139769E-012  3.0095788256131366E-012  1.0782865306825723E-011  1.0000000000000000E+000  0.0000000000000000E+000  3.6056014838139692E-012  3.0095788256131286E-012  1.0782865306825749E-011
  3.1039999999999999E+001 -9.6970574931190533E-012 -2.3980462600715553E-011 -1.3502049371691652E-010  3.6550172043127665E-012  3.0119351141835498E-012  1.0835319642188755E-011  1.0000000000000000E+000  0.0000000000000000E+000  3.6550172043127657E-012  3.0119351141835418E-012  1.0835319642188868E-011
  3.1120000000000001E+001 -9.9914418499949137E-012 -2.4221497238137511E-011 -1.3588942301719180E-010  3.7047374456896680E-012  3.0135679849366978E-012  1.0888054877107957E-011  1.0000000000000000E+000  0.0000000000000000E+000  3.7047374456896777E-012  3.0135679849366962E-012  1.0888054877108112E-011
  3.1199999999999999E+001 -1.0289815484429400E-011 -2.4462633478305425E-011 -1.3676258249725379E-010  3.7547376267925784E-012  3.0144845270891190E-012  1.0941079282640467E-011  1.0000000000000000E+000  0.0000000000000000E+000  3.7547376267925841E-012  3.0144845270891194E-012  1.0941079282640606E-011
  3.1280000000000001E+001 -1.0592199870281726E-011 -2.4703814762471770E-011 -1.3763999570241428E-010  3.8049917095224960E-012  3.0147020122725536E-012  1.0994405614264176E-011  1.0000000000000000E+000  0.0000000000000000E+000  3.8049917095224993E-012  3.0147020122725472E-012  1.0994405614264290E-011
  3.1359999999999999E+001 -1.0898614157953000E-011 -2.4944985800269033E-011 -1.3852168739553606E-010  3.8554587907060805E-012  3.0142216494225942E-012  1.1048048290904262E-011  1.0000000000000000E+000  0.0000000000000000E+000  3.8554587907060853E-012  3.0142216494225966E-012  1.1048048290904320E-011
  3.1440000000000001E+001 -1.1209073276794699E-011 -2.5186090226379385E-011 -1.3940768342895896E-010  3.9060642907763631E-012  3.0130072987479300E-012  1.1102015116166142E-011  1.0000000000000000E+000  0.0000000000000000E+000  3.9060642907763639E-012  3.0130072987479409E-012  1.1102015116166068E-011
  3.1520000000000000E+001 -1.1523584444477218E-011 -2.5427066968068702E-011 -1.4029800981412264E-010  3.9566832188009775E-012  3.0109776148082899E-012  1.1156300500063729E-011  1.0000000000000000E+000  0.0000000000000000E+000  3.9566832188009767E-012  3.0109776148082939E-012  1.1156300500063755E-011
  3.1600000000000001E+001 -1.1842142591802856E-011 -2.5667846644748711E-011 -1.4119269150896916E-010  4.0071326254713241E-012  3.0080125072550647E-012  1.1210887139252658E-011  1.0000000000000000E+000  0.0000000000000000E+000  4.0071326254713306E-012  3.0080125072550788E-012  1.1210887139252731E-011
  3.1680000000000000E+001 -1.2164725664552630E-011 -2.5908348969229512E-011 -1.4209175175640307E-010  4.0571761252797333E-012  3.0039679327221048E-012  1.1265757183749814E-011  1.0000000000000000E+000  0.0000000000000000E+000  4.0571761252797430E-012  3.0039679327221331E-012  1.1265757183749674E-011
  3.1760000000000002E+001 -1.2491290771847613E-011 -2.6148481513984248E-011 -1.4299521265836913E-010  4.1065385479457272E-012  2.9986924770554314E-012  1.1320907658624519E-011  1.0000000000000000E+000  0.0000000000000000E+000  4.1065385479457320E-012  2.9986924770554471E-012  1.1320907658624288E-011
  3.1840000000000000E+001 -1.2821771832223946E-011 -2.6388139765558381E-011 -1.4390309698178299E-010  4.1549266594871530E-012  2.9920419655899669E-012  1.1376360957831667E-011  1.0000000000000000E+000  0.0000000000000000E+000  4.1549266594871586E-012  2.9920419655899681E-012  1.1376360957831513E-011
  3.1920000000000002E+001 -1.3156079037365557E-011 -2.6627208228478643E-011 -1.4481543041162219E-010  4.2020495220914169E-012  2.9838915183935708E-012  1.1432162977616952E-011  1.0000000000000000E+000  0.0000000000000000E+000  4.2020495220914249E-012  2.9838915183935550E-012  1.1432162977616936E-011
  3.2000000000000000E+001 -1.3494099755758573E-011 -2.6865562408501353E-011 -1.4573224305820170E-010  4.2476347201346024E-012  2.9741453141199455E-012  1.1488369183755794E-011  1.0000000000000000E+000  0.0000000000000000E+000  4.2476347201346016E-012  2.9741453141199152E-012  1.1488369183755920E-011
  3.2079999999999998E+001 -1.3835700592587094E-011 -2.7103071478737834E-011 -1.4665356948102312E-010  4.2914400690629554E-012  2.9627429458728143E-012  1.1545025848029524E-011  1.0000000000000000E+000  0.0000000000000000E+000  4.2914400690629473E-012  2.9627429458727913E-012  1.1545025848029560E-011
  3.2160000000000004E+001 -1.4180730166808646E-011 -2.7339601279841003E-011 -1.4757944719388642E-010  4.3332608047575920E-012  2.9496586596242046E-012  1.1602156114941827E-011  1.0000000000000000E+000  0.0000000000000000E+000  4.3332608047575904E-012  2.9496586596242058E-012  1.1602156114941788E-011
  3.2240000000000002E+001 -1.4529022321348309E-011 -2.7575016864277707E-011 -1.4850991445941381E-010  4.3729339127638483E-012  2.9348913359052965E-012  1.1659756956958507E-011  1.0000000000000000E+000  0.0000000000000000E+000  4.3729339127638442E-012  2.9348913359052990E-012  1.1659756956958426E-011
  3.2320000000000000E+001 -1.4880399592850861E-011 -2.7809183893585850E-011 -1.4944500830699979E-010  4.4103386381272472E-012  2.9184473672323258E-012  1.1717806451752522E-011  1.0000000000000000E+000  0.0000000000000000E+000  4.4103386381272384E-012  2.9184473672323133E-012  1.1717806451752482E-011
  3.2399999999999999E+001 -1.5234676503448668E-011 -2.8041968443034879E-011 -1.5038476349169422E-010  4.4453917649780232E-012  2.9003226938503644E-012  1.1776275024416819E-011  1.0000000000000000E+000  0.0000000000000000E+000  4.4453917649780394E-012  2.9003226938503692E-012  1.1776275024416937E-011
  3.2480000000000004E+001 -1.5591662275247345E-011 -2.8273235524601909E-011 -1.5132921231090648E-010  4.4780380911425398E-012  2.8804923500368052E-012  1.1835133558381083E-011  1.0000000000000000E+000  0.0000000000000000E+000  4.4780380911425568E-012  2.8804923500368194E-012  1.1835133558381206E-011
  3.2560000000000002E+001 -1.5951162598031474E-011 -2.8502847219040768E-011 -1.5227838486103519E-010  4.5082391593774418E-012  2.8589138472135825E-012  1.1894356078771264E-011  1.0000000000000000E+000  0.0000000000000000E+000  4.5082391593774377E-012  2.8589138472135821E-012  1.1894356078771349E-011
  3.2640000000000001E+001 -1.6312980540747736E-011 -2.8730661740156082E-011 -1.5323230928350988E-010  4.5359665739860803E-012  2.8355446901668486E-012  1.1953919326077624E-011  1.0000000000000000E+000  0.0000000000000000E+000  4.5359665739860722E-012  2.8355446901668571E-012  1.1953919326077696E-011
  3.2719999999999999E+001 -1.6676917249869247E-011 -2.8956534369467464E-011 -1.5419101195320761E-010  4.5612057481325005E-012  2.8103675913532485E-012  1.2013804039368257E-011  1.0000000000000000E+000  0.0000000000000000E+000  4.5612057481325094E-012  2.8103675913532376E-012  1.2013804039368341E-011
  3.2799999999999997E+001 -1.7042773460448936E-011 -2.9180320554772602E-011 -1.5515451792980880E-010  4.5839698580153125E-012  2.7834146006322188E-012  1.2074000671359753E-011  1.0000000000000000E+000  0.0000000000000000E+000  4.5839698580153238E-012  2.7834146006322107E-012  1.2074000671359730E-011
  3.2880000000000003E+001 -1.7410352427151697E-011 -2.9401880705568619E-011 -1.5612285206062517E-010  4.6043183028853212E-012  2.7547806764355652E-012  1.2134516136531107E-011  1.0000000000000000E+000  0.0000000000000000E+000  4.6043183028853204E-012  2.7547806764355672E-012  1.2134516136531141E-011
  3.2960000000000001E+001 -1.7779464388910587E-011 -2.9621085463002292E-011 -1.5709604051165378E-010  4.6223701257618155E-012  2.7246217842876045E-012  1.2195374610984758E-011  1.0000000000000000E+000  0.0000000000000000E+000  4.6223701257618171E-012  2.7246217842876085E-012  1.2195374610984796E-011
  3.3039999999999999E+001 -1.8149931647273588E-011 -2.9837820191054635E-011 -1.5807411199838273E-010  4.6383046162891896E-012  2.6931385846220548E-012  1.2256607579710899E-011  1.0000000000000000E+000  0.0000000000000000E+000  4.6383046162892065E-012  2.6931385846220609E-012  1.2256607579710849E-011
  3.3119999999999997E+001 -1.8521593127516858E-011 -3.0051987636541821E-011 -1.5905709772440752E-010  4.6523485411744054E-012  2.6605512246599459E-012  1.2318234521204479E-011  1.0000000000000000E+000  0.0000000000000000E+000  4.6523485411744312E-012  2.6605512246599309E-012  1.2318234521204442E-011
  3.3200000000000003E+001 -1.8894307413861493E-011 -3.0263508387000227E-011 -1.6004502952177545E-010  4.6647556044687159E-012  2.6270731546559866E-012  1.2380242761182493E-011  1.0000000000000000E+000  0.0000000000000000E+000  4.6647556044687329E-012  2.6270731546559891E-012  1.2380242761182333E-011
  3.3280000000000001E+001 -1.9267954024231852E-011 -3.0472319341286779E-011 -1.6103793656619672E-010  4.6757864519783278E-012  2.5928911837187455E-012  1.2442577639832953E-011  1.0000000000000000E+000  0.0000000000000000E+000  4.6757864519783448E-012  2.5928911837187181E-012  1.2442577639832932E-011
  3.3359999999999999E+001 -1.9642433246178025E-011 -3.0678370976395226E-011 -1.6203584194414872E-010  4.6856944960940634E-012  2.5581554773526498E-012  1.2505149014780575E-011  1.0000000000000000E+000  0.0000000000000000E+000  4.6856944960940844E-012  2.5581554773525864E-012  1.2505149014780613E-011
  3.3439999999999998E+001 -2.0017665143606902E-011 -3.0881624217663203E-011 -1.6303876040856161E-010  4.6947185075483248E-012  2.5229797190644396E-012  1.2567851845627705E-011  1.0000000000000000E+000  0.0000000000000000E+000  4.6947185075483369E-012  2.5229797190644056E-012  1.2567851845627700E-011
  3.3520000000000003E+001 -2.0393588207385757E-011 -3.1082047731445536E-011 -1.6404669823944915E-010  4.7030782560589627E-012  2.4874497381932817E-012  1.2630590804982339E-011  1.0000000000000000E+000  0.0000000000000000E+000  4.7030782560589740E-012  2.4874497381932461E-012  1.2630590804982381E-011
  3.3600000000000001E+001 -2.0770157664576336E-011 -3.1279616175774128E-011 -1.6505965493735879E-010  4.7109699447339162E-012  2.4516371647240995E-012  1.2693297555220268E-011  1.0000000000000000E+000  0.0000000000000000E+000  4.7109699447339292E-012  2.4516371647240377E-012  1.2693297555220323E-011
  3.3680000000000000E+001 -2.1147343398543184E-011 -3.1474309677801392E-011 -1.6607762584828440E-010  4.7185616863079065E-012  2.4156156155426127E-012  1.2755935276313740E-011  1.0000000000000000E+000  0.0000000000000000E+000  4.7185616863079057E-012  2.4156156155425800E-012  1.2755935276313724E-011
  3.3759999999999998E+001 -2.1525127534385601E-011 -3.1666114674260946E-011 -1.6710060458156898E-010  4.7259908557515728E-012  2.3794760340792600E-012  1.2818492293091794E-011  1.0000000000000000E+000  0.0000000000000000E+000  4.7259908557515647E-012  2.3794760340792414E-012  1.2818492293091725E-011
  3.3840000000000003E+001 -2.1903501935463435E-011 -3.1855025843254074E-011 -1.6812858461517908E-010  4.7333657017071736E-012  2.3433364275889278E-012  1.2880971457086238E-011  1.0000000000000000E+000  0.0000000000000000E+000  4.7333657017071614E-012  2.3433364275889028E-012  1.2880971457086348E-011
  3.3920000000000002E+001 -2.2282466046658749E-011 -3.2041048502675174E-011 -1.6916156001470278E-010  4.7407707523808248E-012  2.3073410342829459E-012  1.2943381940888830E-011  1.0000000000000000E+000  0.0000000000000000E+000  4.7407707523808094E-012  2.3073410342829112E-012  1.2943381940888908E-011
  3.4000000000000000E+001 -2.2662025255844367E-011 -3.2224200408739345E-011 -1.7019952572572130E-010  4.7482713955136376E-012  2.2716453697015185E-012  1.3005734613385277E-011  1.0000000000000000E+000  0.0000000000000000E+000  4.7482713955136239E-012  2.2716453697015108E-012  1.3005734613385250E-011
  3.4079999999999998E+001 -2.3042189469940931E-011 -3.2404511761827417E-011 -1.7124247755284443E-010  4.7559132501668816E-012  2.2363888665808625E-012  1.3068037679496236E-011  1.0000000000000000E+000  0.0000000000000000E+000  4.7559132501668768E-012  2.2363888665808920E-012  1.3068037679496170E-011
  3.4160000000000004E+001 -2.3422971375871068E-011 -3.2582022627392283E-011 -1.7229041175444069E-010  4.7637148647809668E-012  2.2016623046168305E-012  1.3130289809387508E-011  1.0000000000000000E+000  0.0000000000000000E+000  4.7637148647809837E-012  2.2016623046168167E-012  1.3130289809387471E-011
  3.4240000000000002E+001 -2.3804383848305886E-011 -3.2756777730566110E-011 -1.7334332392234643E-010  4.7716556800618100E-012  2.1674816964614661E-012  1.3192471210426314E-011  1.0000000000000000E+000  0.0000000000000000E+000  4.7716556800618221E-012  2.1674816964614431E-012  1.3192471210426470E-011
  3.4320000000000000E+001 -2.4186436284680958E-011 -3.2928819698826118E-011 -1.7440120714810890E-010  4.7796653796357885E-012  2.1337791639913680E-012  1.3254538552232267E-011  1.0000000000000000E+000  0.0000000000000000E+000  4.7796653796357828E-012  2.1337791639913813E-012  1.3254538552232409E-011
  3.4399999999999999E+001 -2.4569130309047612E-011 -3.3098182396804729E-011 -1.7546405009070359E-010  4.7876204679463135E-012  2.1004144370146131E-012  1.3316430426558126E-011  1.0000000000000000E+000  0.0000000000000000E+000  4.7876204679463151E-012  2.1004144370146135E-012  1.3316430426557976E-011
  3.4480000000000004E+001 -2.4952455559552368E-011 -3.3264886008748456E-011 -1.7653183601635820E-010  4.7953506154367154E-012  2.0672032917228077E-012  1.3378085435998050E-011  1.0000000000000000E+000  0.0000000000000000E+000  4.7953506154367138E-012  2.0672032917228150E-012  1.3378085435997877E-011
  3.4560000000000002E+001 -2.5336386407517486E-011 -3.3428934923480378E-011 -1.7760454376046328E-010  4.8026534685811365E-012  2.0339524860344226E-012  1.3439467230746740E-011  1.0000000000000000E+000  0.0000000000000000E+000  4.8026534685811317E-012  2.0339524860344573E-012  1.3439467230746809E-011
  3.4640000000000001E+001 -2.5720880114525350E-011 -3.3590318406513963E-011 -1.7868215077327768E-010  4.8093129742665726E-012  2.0004904073298977E-012  1.3500585364633641E-011  1.0000000000000000E+000  0.0000000000000000E+000  4.8093129742665888E-012  2.0004904073299139E-012  1.3500585364633693E-011
  3.4719999999999999E+001 -2.6105876483400138E-011 -3.3749013388653162E-011 -1.7976463741880466E-010  4.8151154110773422E-012  1.9666861405761080E-012  1.3561501712233265E-011  1.0000000000000000E+000  0.0000000000000000E+000  4.8151154110773430E-012  1.9666861405760785E-012  1.3561501712233246E-011
  3.4800000000000004E+001 -2.6491298580297725E-011 -3.3904988189006141E-011 -1.8085199104723501E-010  4.8198591450765591E-012  1.9324553511270794E-012  1.3622318686720544E-011  1.0000000000000000E+000  0.0000000000000000E+000  4.8198591450765454E-012  1.9324553511270422E-012  1.3622318686720500E-011
  3.4880000000000003E+001 -2.6877053946612388E-011 -3.4058206244833495E-011 -1.8194420840867995E-010  4.8233577764319802E-012  1.8977546551247934E-012  1.3683154460791697E-011  1.0000000000000000E+000  0.0000000000000000E+000  4.8233577764319947E-012  1.8977546551247796E-012  1.3683154460791558E-011
  3.4960000000000001E+001 -2.7263035824526842E-011 -3.4208628933826108E-011 -1.8304129576096168E-010  4.8254392541650515E-012  1.8625670683013267E-012  1.3744116816590743E-011  1.0000000000000000E+000  0.0000000000000000E+000  4.8254392541650629E-012  1.8625670683013247E-012  1.3744116816590612E-011
  3.5039999999999999E+001 -2.7649124227278796E-011 -3.4356216975761707E-011 -1.8414326709933447E-010  4.8259446732183533E-012  1.8268819688183168E-012  1.3805285873325440E-011  1.0000000000000000E+000  0.0000000000000000E+000  4.8259446732183477E-012  1.8268819688183443E-012  1.3805285873325289E-011
  3.5119999999999997E+001 -2.8035186972241778E-011 -3.4500930048837038E-011 -1.8525014150069375E-010  4.8247295018427927E-012  1.7906734669217910E-012  1.3866709898712723E-011  1.0000000000000000E+000  0.0000000000000000E+000  4.8247295018428032E-012  1.7906734669218110E-012  1.3866709898712574E-011
  3.5200000000000003E+001 -2.8421080947573643E-011 -3.4642724730469193E-011 -1.8636194068312850E-010  4.8216675027052269E-012  1.7538829136890663E-012  1.3928411201336631E-011  1.0000000000000000E+000  0.0000000000000000E+000  4.8216675027052455E-012  1.7538829136890562E-012  1.3928411201336525E-011
  3.5280000000000001E+001 -2.8806653772674614E-011 -3.4781551315027289E-011 -1.8747868729290761E-010  4.8166556908344908E-012  1.7164120306303219E-012  1.3990395696122417E-011  1.0000000000000000E+000  0.0000000000000000E+000  4.8166556908344617E-012  1.7164120306303421E-012  1.3990395696122325E-011
  3.5359999999999999E+001 -2.9191745858107161E-011 -3.4917350655370045E-011 -1.8860040399450809E-010  4.8096182310369394E-012  1.6781318774261685E-012  1.4052661217757775E-011  1.0000000000000000E+000  0.0000000000000000E+000  4.8096182310368902E-012  1.6781318774261968E-012  1.4052661217757615E-011
  3.5439999999999998E+001 -2.9576192689640525E-011 -3.5050052415415476E-011 -1.8972711308774885E-010  4.8005085990930450E-012  1.6389076831889174E-012  1.4115203053055140E-011  1.0000000000000000E+000  0.0000000000000000E+000  4.8005085990930305E-012  1.6389076831889160E-012  1.4115203053054929E-011
  3.5520000000000003E+001 -2.9959827233962048E-011 -3.5179575884680272E-011 -1.9085883648299691E-010  4.7893121840233368E-012  1.5986332967456282E-012  1.4178019692764839E-011  1.0000000000000000E+000  0.0000000000000000E+000  4.7893121840233546E-012  1.5986332967456587E-012  1.4178019692764686E-011
  3.5600000000000001E+001 -3.0342482639084259E-011 -3.5305833742894776E-011 -1.9199559623859123E-010  4.7760511912219597E-012  1.5572650425377648E-012  1.4241120644054930E-011  1.0000000000000000E+000  0.0000000000000000E+000  4.7760511912219742E-012  1.5572650425378206E-012  1.4241120644054957E-011
  3.5680000000000000E+001 -3.0723995424557562E-011 -3.5428738291486314E-011 -1.9313741578604570E-010  4.7607911944911769E-012  1.5148440311425644E-012  1.4304533764978393E-011  1.0000000000000000E+000  0.0000000000000000E+000  4.7607911944911446E-012  1.5148440311425997E-012  1.4304533764978543E-011
  3.5759999999999998E+001 -3.1104209230202847E-011 -3.5548208787877587E-011 -1.9428432164098777E-010  4.7436455790114461E-012  1.4714993065512789E-012  1.4368307103962382E-011  1.0000000000000000E+000  0.0000000000000000E+000  4.7436455790114186E-012  1.4714993065512811E-012  1.4368307103962499E-011
  3.5840000000000003E+001 -3.1482978717199393E-011 -3.5664178180534519E-011 -1.9543634492267968E-010  4.7247741500693497E-012  1.4274315577884295E-012  1.4432500253697384E-011  1.0000000000000000E+000  0.0000000000000000E+000  4.7247741500693247E-012  1.4274315577884035E-012  1.4432500253697368E-011
  3.5920000000000002E+001 -3.1860173094213943E-011 -3.5776597837123735E-011 -1.9659352168157935E-010  4.7043729292191629E-012  1.3828821226357901E-012  1.4497164689010430E-011  1.0000000000000000E+000  0.0000000000000000E+000  4.7043729292191274E-012  1.3828821226357733E-012  1.4497164689010316E-011
  3.6000000000000000E+001 -3.2235678385874459E-011 -3.5885439320156245E-011 -1.9775589127292135E-010  4.6826568345044958E-012  1.3380971127076806E-012  1.4562319797524378E-011  1.0000000000000000E+000  0.0000000000000000E+000  4.6826568345044829E-012  1.3380971127077123E-012  1.4562319797524278E-011
  3.6079999999999998E+001 -3.2609398187734662E-011 -3.5990693375156964E-011 -1.9892349284918325E-010  4.6598422043943382E-012  1.2932961734604407E-012  1.4627935453758335E-011  1.0000000000000000E+000  0.0000000000000000E+000  4.6598422043943608E-012  1.2932961734604771E-012  1.4627935453758315E-011
  3.6160000000000004E+001 -3.2981253138577553E-011 -3.6092366707909916E-011 -2.0009636094552268E-010  4.6361351588526239E-012  1.2486520191233263E-012  1.4693929812575391E-011  1.0000000000000000E+000  0.0000000000000000E+000  4.6361351588526425E-012  1.2486520191233354E-012  1.4693929812575404E-011
  3.6240000000000002E+001 -3.3351179813151082E-011 -3.6190477698216697E-011 -2.0127452161919531E-010  4.6117289647469376E-012  1.2042848448711665E-012  1.4760183988557086E-011  1.0000000000000000E+000  0.0000000000000000E+000  4.6117289647469230E-012  1.2042848448711520E-012  1.4760183988557060E-011
  3.6320000000000000E+001 -3.3719129772937063E-011 -3.6285052283089302E-011 -2.0245799038369182E-010  4.5868081135931459E-012  1.1602704792718411E-012  1.4826566174401917E-011  1.0000000000000000E+000  0.0000000000000000E+000  4.5868081135931136E-012  1.1602704792718084E-012  1.4826566174401908E-011
  3.6399999999999999E+001 -3.4085069111325985E-011 -3.6376120974900191E-011 -2.0364677220709962E-010  4.5615534588567198E-012  1.1166587019622423E-012  1.4892954560357220E-011  1.0000000000000000E+000  0.0000000000000000E+000  4.5615534588566956E-012  1.1166587019622179E-012  1.4892954560357268E-011
  3.6480000000000004E+001 -3.4448978326354139E-011 -3.6463717675403261E-011 -2.0484086311334897E-010  4.5361429459520650E-012  1.0734966510411860E-012  1.4959250537352015E-011  1.0000000000000000E+000  0.0000000000000000E+000  4.5361429459520691E-012  1.0734966510411675E-012  1.4959250537352129E-011
  3.6560000000000002E+001 -3.4810851982678316E-011 -3.6547880439066781E-011 -2.0604025229307594E-010  4.5107463093896440E-012  1.0308512469703029E-012  1.5025379441522735E-011  1.0000000000000000E+000  0.0000000000000000E+000  4.5107463093896481E-012  1.0308512469703221E-012  1.5025379441522793E-011
  3.6640000000000001E+001 -3.5170697735856482E-011 -3.6628653874918509E-011 -2.0724492382399261E-010  4.4855163052946720E-012  9.8882433399963650E-013  1.5091283759598025E-011  1.0000000000000000E+000  0.0000000000000000E+000  4.4855163052946800E-012  9.8882433399966478E-013  1.5091283759598173E-011
  3.6719999999999999E+001 -3.5528534591525463E-011 -3.6706092332506723E-011 -2.0845485769461163E-010  4.4605803179356883E-012  9.4755614095085115E-013  1.5156915575624512E-011  1.0000000000000000E+000  0.0000000000000000E+000  4.4605803179356632E-012  9.4755614095087013E-013  1.5156915575624657E-011
  3.6800000000000004E+001 -3.5884390586726192E-011 -3.6780262857470646E-011 -2.0967003031609253E-010  4.4360347362387826E-012  9.0721397917258012E-013  1.5222232125656835E-011  1.0000000000000000E+000  0.0000000000000000E+000  4.4360347362387276E-012  9.0721397917261264E-013  1.5222232125656890E-011
  3.6880000000000003E+001 -3.6238300149323668E-011 -3.6851246569174336E-011 -2.1089041483471672E-010  4.4119418533308452E-012  8.6796690271797515E-013  1.5287194133908885E-011  1.0000000000000000E+000  0.0000000000000000E+000  4.4119418533308210E-012  8.6796690271797566E-013  1.5287194133908992E-011
  3.6960000000000001E+001 -3.6590301283259127E-011 -3.6919137561905522E-011 -2.1211598137751795E-010  4.3883274789960226E-012  8.2995298885962262E-013  1.5351762996077478E-011  1.0000000000000000E+000  0.0000000000000000E+000  4.3883274789960218E-012  8.2995298885961686E-013  1.5351762996077633E-011
  3.7039999999999999E+001 -3.6940432545963032E-011 -3.6984039047391875E-011 -2.1334669691408912E-010  4.3651777106604792E-012  7.9324790266172391E-013  1.5415895195299203E-011  1.0000000000000000E+000  0.0000000000000000E+000  4.3651777106604558E-012  7.9324790266170674E-013  1.5415895195299283E-011
  3.7119999999999997E+001 -3.7288729716964804E-011 -3.7046057226331397E-011 -2.1458252460876583E-010  4.3424364128431380E-012  7.5784514841811005E-013  1.5479536522147860E-011  1.0000000000000000E+000  0.0000000000000000E+000  4.3424364128431016E-012  7.5784514841805724E-013  1.5479536522147963E-011
  3.7200000000000003E+001 -3.7635222372017934E-011 -3.7105294271138773E-011 -2.1582342275763277E-010  4.3200061292910936E-012  7.2365540186392099E-013  1.5542621389901294E-011  1.0000000000000000E+000  0.0000000000000000E+000  4.3200061292910637E-012  7.2365540186389474E-013  1.5542621389901340E-011
  3.7280000000000001E+001 -3.7979930697651379E-011 -3.7161842090629625E-011 -2.1706934403115003E-010  4.2977543797647987E-012  6.9052525543915921E-013  1.5605081399095467E-011  1.0000000000000000E+000  0.0000000000000000E+000  4.2977543797647769E-012  6.9052525543912659E-013  1.5605081399095403E-011
  3.7359999999999999E+001 -3.8322863072780302E-011 -3.7215778312009038E-011 -2.1832023578148805E-010  4.2755257611096213E-012  6.5826942131152193E-013  1.5666862056443904E-011  1.0000000000000000E+000  0.0000000000000000E+000  4.2755257611095833E-012  6.5826942131146296E-013  1.5666862056443985E-011
  3.7439999999999998E+001 -3.8664014819428918E-011 -3.7267165198039468E-011 -2.1957604196018106E-010  4.2531562146737247E-012  6.2670627677400003E-013  1.5727941153631558E-011  1.0000000000000000E+000  0.0000000000000000E+000  4.2531562146736754E-012  6.2670627677398044E-013  1.5727941153631648E-011
  3.7520000000000003E+001 -3.9003368067128098E-011 -3.7316051316292878E-011 -2.2083670636606910E-010  4.2304855844813279E-012  5.9568665353722579E-013  1.5788339551671872E-011  1.0000000000000000E+000  0.0000000000000000E+000  4.2304855844813174E-012  5.9568665353723639E-013  1.5788339551671930E-011
  3.7600000000000001E+001 -3.9340892512945931E-011 -3.7362475062605424E-011 -2.2210217628844856E-010  4.2073651019522449E-012  5.6511048614554797E-013  1.5848118523005830E-011  1.0000000000000000E+000  0.0000000000000000E+000  4.2073651019522667E-012  5.6511048614553444E-013  1.5848118523005782E-011
  3.7680000000000000E+001 -3.9676546483440457E-011 -3.7406468994076166E-011 -2.2337240532975003E-010  4.1836583991489401E-012  5.3492982699260734E-013  1.5907365231504845E-011  1.0000000000000000E+000  0.0000000000000000E+000  4.1836583991489409E-012  5.3492982699258219E-013  1.5907365231504683E-011
  3.7759999999999998E+001 -4.0010277856809761E-011 -3.7448063834924242E-011 -2.2464735472548933E-010  4.1592386468942987E-012  5.0513966369129055E-013  1.5966173585821768E-011  1.0000000000000000E+000  0.0000000000000000E+000  4.1592386468942769E-012  5.0513966369126934E-013  1.5966173585821671E-011
  3.7840000000000003E+001 -4.0342024666943545E-011 -3.7487291340266772E-011 -2.2592699310348151E-010  4.1339855206219258E-012  4.7576090627514409E-013  1.6024629495285988E-011  1.0000000000000000E+000  0.0000000000000000E+000  4.1339855206219112E-012  4.7576090627512238E-013  1.6024629495285840E-011
  3.7920000000000002E+001 -4.0671715540109269E-011 -3.7524185579928265E-011 -2.2721129544473509E-010  4.1077856255038852E-012  4.4681873618289742E-013  1.6082805523661461E-011  1.0000000000000000E+000  0.0000000000000000E+000  4.1077856255038989E-012  4.4681873618286572E-013  1.6082805523661283E-011
  3.8000000000000000E+001 -4.0999270367024166E-011 -3.7558782338056036E-011 -2.2850024198726735E-010  4.0805373054896766E-012  4.1832092319882503E-013  1.6140764150587866E-011  1.0000000000000000E+000  0.0000000000000000E+000  4.0805373054896847E-012  4.1832092319878479E-013  1.6140764150587840E-011
  3.8079999999999998E+001 -4.1324601508987617E-011 -3.7591116927640077E-011 -2.2979381770882915E-010  4.0521588938336647E-012  3.9024268611537528E-013  1.6198564033611687E-011  1.0000000000000000E+000  0.0000000000000000E+000  4.0521588938336615E-012  3.9024268611537947E-013  1.6198564033611600E-011
  3.8160000000000004E+001 -4.1647615790037553E-011 -3.7621221167834496E-011 -2.3109201223264522E-010  4.0225976140436314E-012  3.6252338455141685E-013  1.6256263298056056E-011  1.0000000000000000E+000  0.0000000000000000E+000  4.0225976140436435E-012  3.6252338455144634E-013  1.6256263298055853E-011
  3.8240000000000002E+001 -4.1968217127234598E-011 -3.7649120669168303E-011 -2.3239481983651812E-010  3.9918361436307891E-012  3.3507868069882757E-013  1.6313918298541218E-011  1.0000000000000000E+000  0.0000000000000000E+000  3.9918361436307827E-012  3.3507868069882000E-013  1.6313918298540970E-011
  3.8320000000000000E+001 -4.2286309573018479E-011 -3.7674833756746308E-011 -2.3370223916041181E-010  3.9598960849820480E-012  3.0782623865839956E-013  1.6371579810382944E-011  1.0000000000000000E+000  0.0000000000000000E+000  3.9598960849820423E-012  3.0782623865837437E-013  1.6371579810382931E-011
  3.8399999999999999E+001 -4.2601800500831726E-011 -3.7698372867353647E-011 -2.3501427260617939E-010  3.9268389257023277E-012  2.8071718072896813E-013  1.6429291015948636E-011  1.0000000000000000E+000  0.0000000000000000E+000  3.9268389257023123E-012  2.8071718072893668E-013  1.6429291015948824E-011
  3.8480000000000004E+001 -4.2914603801130852E-011 -3.7719748505662943E-011 -2.3633092572296359E-010  3.8927658501740498E-012  2.5376344503053990E-013  1.6487088830234459E-011  1.0000000000000000E+000  0.0000000000000000E+000  3.8927658501740474E-012  2.5376344503051142E-013  1.6487088830234526E-011
  3.8560000000000002E+001 -4.3224643036859574E-011 -3.7738975018558534E-011 -2.3765220681901690E-010  3.8578168521177100E-012  2.2705085499928980E-013  1.6545007306664860E-011  1.0000000000000000E+000  0.0000000000000000E+000  3.8578168521177124E-012  2.2705085499929079E-013  1.6545007306664986E-011
  3.8640000000000001E+001 -4.3531854497469685E-011 -3.7756076642462830E-011 -2.3897812689202997E-010  3.8221682708527602E-012  2.0073395581457115E-013  1.6603078861961430E-011  1.0000000000000000E+000  0.0000000000000000E+000  3.8221682708527724E-012  2.0073395581457466E-013  1.6603078861961579E-011
  3.8719999999999999E+001 -4.3836189960196016E-011 -3.7771092451488865E-011 -2.4030869943693073E-010  3.7860271701812147E-012  1.7501544201391166E-013  1.6661329975553998E-011  1.0000000000000000E+000  0.0000000000000000E+000  3.7860271701812559E-012  1.7501544201390952E-013  1.6661329975553807E-011
  3.8800000000000004E+001 -4.4137618844698679E-011 -3.7784079113185056E-011 -2.4164393968811861E-010  3.7496211546574204E-012  1.5011609305873645E-013  1.6719771831469219E-011  1.0000000000000000E+000  0.0000000000000000E+000  3.7496211546574519E-012  1.5011609305875202E-013  1.6719771831468951E-011
  3.8880000000000003E+001 -4.4436129344941203E-011 -3.7795111026378263E-011 -2.4298386292996581E-010  3.7131853217468154E-012  1.2624426626455724E-013  1.6778390731093704E-011  1.0000000000000000E+000  0.0000000000000000E+000  3.7131853217468234E-012  1.2624426626455664E-013  1.6778390731093649E-011
  3.8960000000000001E+001 -4.4731728496178170E-011 -3.7804278195787385E-011 -2.4432848220509360E-010  3.6769503972410257E-012  1.0357177670565081E-013  1.6837143925540816E-011  1.0000000000000000E+000  0.0000000000000000E+000  3.6769503972410120E-012  1.0357177670562806E-013  1.6837143925540907E-011
  3.9039999999999999E+001 -4.5024441408499767E-011 -3.7811682510651167E-011 -2.4567780595805234E-010  3.6411349717177957E-012  8.2219547759240190E-014  1.6895963476172714E-011  1.0000000000000000E+000  0.0000000000000000E+000  3.6411349717177553E-012  8.2219547759212661E-014  1.6895963476172795E-011
  3.9119999999999997E+001 -4.5314310091653017E-011 -3.7817433323428863E-011 -2.4703183636128124E-010  3.6059431170930767E-012  6.2255189238800925E-014  1.6954766703097034E-011  1.0000000000000000E+000  0.0000000000000000E+000  3.6059431170930711E-012  6.2255189238779013E-014  1.6954766703096931E-011
  3.9200000000000003E+001 -4.5601392307234659E-011 -3.7821643340929375E-011 -2.4839056863054786E-010  3.5715652274601773E-012  4.3701359122554799E-014  1.7013467267198304E-011  1.0000000000000000E+000  0.0000000000000000E+000  3.5715652274601975E-012  4.3701359122572798E-014  1.7013467267198443E-011
  3.9280000000000001E+001 -4.5885760528046646E-011 -3.7824425540888472E-011 -2.4975399112403297E-010  3.5381789279019947E-012  2.6552182711308630E-014  1.7071980990859924E-011  1.0000000000000000E+000  0.0000000000000000E+000  3.5381789279019866E-012  2.6552182711316954E-014  1.7071980990860037E-011
  3.9359999999999999E+001 -4.6167500935698978E-011 -3.7825891690163185E-011 -2.5112208558908545E-010  3.5059464900039250E-012  1.0794355629666732E-014  1.7130224820742042E-011  1.0000000000000000E+000  0.0000000000000000E+000  3.5059464900038979E-012  1.0794355629647094E-014  1.7130224820741916E-011
  3.9439999999999998E+001 -4.6446711966447274E-011 -3.7826152637789219E-011 -2.5249482709535169E-010  3.4750087886817683E-012 -3.5729055287712229E-015  1.7188111612247523E-011  1.0000000000000000E+000  0.0000000000000000E+000  3.4750087886817506E-012 -3.5729055287787644E-015  1.7188111612247307E-011
  3.9520000000000003E+001 -4.6723502341888061E-011 -3.7825320025278581E-011 -2.5387218344704506E-010  3.4454786382535191E-012 -1.6525365582738040E-014  1.7245546390149565E-011  1.0000000000000000E+000  0.0000000000000000E+000  3.4454786382535365E-012 -1.6525365582760147E-014  1.7245546390149326E-011
  3.9600000000000001E+001 -4.6997988548567837E-011 -3.7823508579295981E-011 -2.5525411451777562E-010  3.4174352353913010E-012 -2.8013338277287553E-014  1.7302428639349493E-011  1.0000000000000000E+000  0.0000000000000000E+000  3.4174352353913031E-012 -2.8013338277315289E-014  1.7302428639349541E-011
  3.9680000000000000E+001 -4.7270291979550670E-011 -3.7820837891154215E-011 -2.5664057202934097E-010  3.3909215072329508E-012 -3.7974967328617677E-014  1.7358660833412934E-011  1.0000000000000000E+000  0.0000000000000000E+000  3.3909215072329104E-012 -3.7974967328621010E-014  1.7358660833413044E-011
  3.9759999999999998E+001 -4.7540535989725109E-011 -3.7817432584523402E-011 -2.5803150025112169E-010  3.3659431647531325E-012 -4.6359900179195835E-014  1.7414159083963793E-011  1.0000000000000000E+000  0.0000000000000000E+000  3.3659431647530686E-012 -4.6359900179227099E-014  1.7414159083963586E-011
  3.9840000000000003E+001 -4.7808842885911171E-011 -3.7813420307125544E-011 -2.5942683748277518E-010  3.3424679698828495E-012 -5.3155637584301795E-014  1.7468860075521907E-011  1.0000000000000000E+000  0.0000000000000000E+000  3.3424679698828245E-012 -5.3155637584310239E-014  1.7468860075521764E-011
  3.9920000000000002E+001 -4.8075330864906365E-011 -3.7808927682509913E-011 -2.6082651786320520E-010  3.3204247376721420E-012 -5.8407806264865115E-014  1.7522721889056664E-011  1.0000000000000000E+000  0.0000000000000000E+000  3.3204247376721239E-012 -5.8407806264828953E-014  1.7522721889056962E-011
  4.0000000000000000E+001 -4.8340110843938713E-011 -3.7804075058123165E-011 -2.6223047298502425E-010  3.2997029712148521E-012 -6.2226958481461357E-014  1.7575719804277723E-011  1.0000000000000000E+000  0.0000000000000000E+000  3.2997029712148456E-012 -6.2226958481448344E-014  1.7575719804277778E-011
  4.0079999999999998E+001 -4.8603283340300741E-011 -3.7798971369152880E-011 -2.6363863303188963E-010  3.2801556892379973E-012 -6.4779418717963634E-014  1.7627841257007894E-011  1.0000000000000000E+000  0.0000000000000000E+000  3.2801556892380296E-012 -6.4779418717932358E-014  1.7627841257007723E-011
  4.0160000000000004E+001 -4.8864935754216793E-011 -3.7793710351128291E-011 -2.6505092758614551E-010  3.2616070329245581E-012 -6.6265098334774232E-014  1.7679083857223507E-011  1.0000000000000000E+000  0.0000000000000000E+000  3.2616070329245516E-012 -6.6265098334733994E-014  1.7679083857223500E-011
  4.0240000000000002E+001 -4.9125140465568670E-011 -3.7788368953419316E-011 -2.6646728644904540E-010  3.2438636586895024E-012 -6.6889346478202972E-014  1.7729457083020774E-011  1.0000000000000000E+000  0.0000000000000000E+000  3.2438636586894745E-012 -6.6889346478185630E-014  1.7729457083020499E-011
  4.0320000000000000E+001 -4.9383953939607113E-011 -3.7783008055691779E-011 -2.6788764071942883E-010  3.2267270334543285E-012 -6.6836327044412068E-014  1.7778985081910440E-011  1.0000000000000000E+000  0.0000000000000000E+000  3.2267270334543184E-012 -6.6836327044402741E-014  1.7778985081910130E-011
  4.0399999999999999E+001 -4.9641416790921363E-011 -3.7777675141092210E-011 -2.6931192406215107E-010  3.2100041998008501E-012 -6.6250202722050821E-014  1.7827707096108169E-011  1.0000000000000000E+000  0.0000000000000000E+000  3.2100041998008585E-012 -6.6250202722020023E-014  1.7827707096108157E-011
  4.0480000000000004E+001 -4.9897554611575249E-011 -3.7772408023256251E-011 -2.7074007385480614E-010  3.1935150754023990E-012 -6.5226618152493256E-014  1.7875674200250853E-011  1.0000000000000000E+000  0.0000000000000000E+000  3.1935150754024079E-012 -6.5226618152453460E-014  1.7875674200250679E-011
  4.0560000000000002E+001 -5.0152379202985747E-011 -3.7767238882187811E-011 -2.7217203193419120E-010  3.1770962013316215E-012 -6.3814095047125878E-014  1.7922944398632174E-011  1.0000000000000000E+000  0.0000000000000000E+000  3.1770962013315836E-012 -6.3814095047123555E-014  1.7922944398631899E-011
  4.0640000000000001E+001 -5.0405890003788309E-011 -3.7762197768048710E-011 -2.7360774495858729E-010  3.1606027440296131E-012 -6.2023658186080910E-014  1.7969579967624132E-011  1.0000000000000000E+000  0.0000000000000000E+000  3.1606027440295788E-012 -6.2023658186093595E-014  1.7969579967623828E-011
  4.0719999999999999E+001 -5.0658075642030485E-011 -3.7757315096878038E-011 -2.7504716472901106E-010  3.1439105294401015E-012 -5.9843634135232787E-014  1.8015649575612999E-011  1.0000000000000000E+000  0.0000000000000000E+000  3.1439105294400999E-012 -5.9843634135233885E-014  1.8015649575612769E-011
  4.0800000000000004E+001 -5.0908915688498725E-011 -3.7752622786587073E-011 -2.7649024889068537E-010  3.1269184876744577E-012 -5.7256505309511298E-014  1.8061234239244507E-011  1.0000000000000000E+000  0.0000000000000000E+000  3.1269184876744492E-012 -5.7256505309537753E-014  1.8061234239244665E-011
  4.0880000000000003E+001 -5.1158382600058398E-011 -3.7748154056028516E-011 -2.7793696220729018E-010  3.1095518357572852E-012 -5.4254001183911120E-014  1.8106432529643369E-011  1.0000000000000000E+000  0.0000000000000000E+000  3.1095518357572739E-012 -5.4254001183938572E-014  1.8106432529643447E-011
  4.0960000000000001E+001 -5.1406443982219891E-011 -3.7743942146397647E-011 -2.7938727809542831E-010  3.0917656240920495E-012 -5.0845221738312139E-014  1.8151359819252086E-011  1.0000000000000000E+000  0.0000000000000000E+000  3.0917656240920273E-012 -5.0845221738320557E-014  1.8151359819251940E-011
  4.1039999999999999E+001 -5.1653065099913126E-011 -3.7740018820550386E-011 -2.8084117977837052E-010  3.0735478454609303E-012 -4.7053699631022115E-014  1.8196139682703308E-011  1.0000000000000000E+000  0.0000000000000000E+000  3.0735478454608944E-012 -4.7053699631032054E-014  1.8196139682703182E-011
  4.1119999999999997E+001 -5.1898211637493640E-011 -3.7736413554456684E-011 -2.8229866044466084E-010  3.0549223252969972E-012 -4.2903127811714872E-014  1.8240888805288582E-011  1.0000000000000000E+000  0.0000000000000000E+000  3.0549223252969661E-012 -4.2903127811681481E-014  1.8240888805288362E-011
  4.1200000000000003E+001 -5.2141852671960646E-011 -3.7733154320100512E-011 -2.8375972198721669E-010  3.0359509931982251E-012 -3.8395495801305674E-014  1.8285701490390539E-011  1.0000000000000000E+000  0.0000000000000000E+000  3.0359509931982178E-012 -3.8395495801294252E-014  1.8285701490390416E-011
  4.1280000000000001E+001 -5.2383963796405356E-011 -3.7730270275128475E-011 -2.8522437268312332E-010  3.0167351814403050E-012 -3.3489705972821111E-014  1.8330639571223689E-011  1.0000000000000000E+000  0.0000000000000000E+000  3.0167351814403119E-012 -3.3489705972864864E-014  1.8330639571223757E-011
  4.1359999999999999E+001 -5.2624530300991094E-011 -3.7727795967144860E-011 -2.8669262431861248E-010  2.9974153075061391E-012 -2.8089417125221389E-014  1.8375729813206510E-011  1.0000000000000000E+000  0.0000000000000000E+000  2.9974153075061399E-012 -2.8089417125237151E-014  1.8375729813206325E-011
  4.1439999999999998E+001 -5.2863550245606338E-011 -3.7725775968388440E-011 -2.8816448945323637E-010  2.9781680555617683E-012 -2.2044961352533491E-014  1.8420968588236622E-011  1.0000000000000000E+000  0.0000000000000000E+000  2.9781680555617299E-012 -2.2044961352545255E-014  1.8420968588236254E-011
  4.1520000000000003E+001 -5.3101037189880977E-011 -3.7724268773328455E-011 -2.8963997929273034E-010  2.9592005119766165E-012 -1.5168840184448636E-014  1.8466329915938419E-011  1.0000000000000000E+000  0.0000000000000000E+000  2.9592005119765785E-012 -1.5168840184464231E-014  1.8466329915938281E-011
  4.1600000000000001E+001 -5.3337022327522597E-011 -3.7723348953958928E-011 -2.9111910223978651E-010  2.9407418360710040E-012 -7.2593910431136100E-015  1.8511773343324187E-011  1.0000000000000000E+000  0.0000000000000000E+000  2.9407418360709668E-012 -7.2593910431376024E-015  1.8511773343323906E-011
  4.1680000000000000E+001 -5.3571555883652338E-011 -3.7723107270761557E-011 -2.9260186302766221E-010  2.9230331932887534E-012  1.8749535224176760E-015  1.8557249674438979E-011  1.0000000000000000E+000  0.0000000000000000E+000  2.9230331932887502E-012  1.8749535223961879E-015  1.8557249674438462E-011
  4.1759999999999998E+001 -5.3804707638448797E-011 -3.7723648946522515E-011 -2.9408826218769675E-010  2.9063173248611958E-012  1.2396886400458506E-014  1.8602704257220616E-011  1.0000000000000000E+000  0.0000000000000000E+000  2.9063173248612523E-012  1.2396886400490880E-014  1.8602704257220396E-011
  4.1840000000000003E+001 -5.4036566655630129E-011 -3.7725090772585630E-011 -2.9557829570881751E-010  2.8908295929498280E-012  2.4429658087848839E-014  1.8648079426168561E-011  1.0000000000000000E+000  0.0000000000000000E+000  2.8908295929498507E-012  2.4429658087889188E-014  1.8648079426168603E-011
  4.1920000000000002E+001 -5.4267240373320770E-011 -3.7727557691816570E-011 -2.9707195489588372E-010  2.8767913433811478E-012  3.8054424389887609E-014  1.8693316175547414E-011  1.0000000000000000E+000  0.0000000000000000E+000  2.8767913433811308E-012  3.8054424389885987E-014  1.8693316175547472E-011
  4.2000000000000000E+001 -5.4496853270571113E-011 -3.7731179480488012E-011 -2.9856922629690510E-010  2.8644054941788301E-012  5.3314107886678674E-014  1.8738353682699202E-011  1.0000000000000000E+000  0.0000000000000000E+000  2.8644054941788317E-012  5.3314107886676894E-014  1.8738353682699328E-011
  4.2079999999999998E+001 -5.4725545252389382E-011 -3.7736087949078439E-011 -3.0007009148511559E-010  2.8538536602897747E-012  7.0222252732961289E-014  1.8783126105712513E-011  1.0000000000000000E+000  0.0000000000000000E+000  2.8538536602898002E-012  7.0222252732967865E-014  1.8783126105712775E-011
  4.2160000000000004E+001 -5.4953469856217477E-011 -3.7742415040925286E-011 -3.0157452647381910E-010  2.8452937891498388E-012  8.8775136029480445E-014  1.8827556434349876E-011  1.0000000000000000E+000  0.0000000000000000E+000  2.8452937891498699E-012  8.8775136029471319E-014  1.8827556434349989E-011
  4.2240000000000002E+001 -5.5180792258653357E-011 -3.7750291970843156E-011 -3.0308250051461157E-010  2.8388580272952105E-012  1.0896432268332484E-013  1.8871549655276342E-011  1.0000000000000000E+000  0.0000000000000000E+000  2.8388580272952319E-012  1.0896432268328532E-013  1.8871549655276388E-011
  4.2320000000000000E+001 -5.5407687140584711E-011 -3.7759849332554618E-011 -3.0459397441866331E-010  2.8346505603205121E-012  1.3078583046002142E-013  1.8914989210534158E-011  1.0000000000000000E+000  0.0000000000000000E+000  2.8346505603204992E-012  1.3078583045998595E-013  1.8914989210534304E-011
  4.2399999999999999E+001 -5.5634336348304639E-011 -3.7771217703716759E-011 -3.0610889878829704E-010  2.8327452518979721E-012  1.5424199095642336E-013  1.8957740672827721E-011  1.0000000000000000E+000  0.0000000000000000E+000  2.8327452518979717E-012  1.5424199095642298E-013  1.8957740672827730E-011
  4.2480000000000004E+001 -5.5860926380888386E-011 -3.7784528051107646E-011 -3.0762721292631575E-010  2.8331832002068118E-012  1.7933377883015679E-013  1.8999663405353893E-011  1.0000000000000000E+000  0.0000000000000000E+000  2.8331832002067944E-012  1.7933377883019380E-013  1.8999663405353734E-011
  4.2560000000000002E+001 -5.6087645660337728E-011 -3.7799911108329584E-011 -3.0914884493315366E-010  2.8359700458087939E-012  2.0604515991573706E-013  1.9040627527879951E-011  1.0000000000000000E+000  0.0000000000000000E+000  2.8359700458087705E-012  2.0604515991575865E-013  1.9040627527879909E-011
  4.2640000000000001E+001 -5.6314681588217793E-011 -3.7817495276694164E-011 -3.1067371333077654E-010  2.8410731140026676E-012  2.3432492255598519E-013  1.9080531071713719E-011  1.0000000000000000E+000  0.0000000000000000E+000  2.8410731140026381E-012  2.3432492255595142E-013  1.9080531071713958E-011
  4.2719999999999999E+001 -5.6542217358578155E-011 -3.7837403095938542E-011 -3.1220172990462785E-010  2.8484192145060487E-012  2.6407301524919720E-013  1.9119311829310438E-011  1.0000000000000000E+000  0.0000000000000000E+000  2.8484192145060358E-012  2.6407301524915918E-013  1.9119311829310629E-011
  4.2800000000000004E+001 -5.6770428662538761E-011 -3.7859746959134035E-011 -3.1373280322346621E-010  2.8578948316225461E-012  2.9513747450224735E-013  1.9156950894834240E-011  1.0000000000000000E+000  0.0000000000000000E+000  2.8578948316225550E-012  2.9513747450223291E-013  1.9156950894834308E-011
  4.2880000000000003E+001 -5.6999480531637763E-011 -3.7884625091858902E-011 -3.1526684204780133E-010  2.8693500821418573E-012  3.2732375365733546E-013  1.9193468225475630E-011  1.0000000000000000E+000  0.0000000000000000E+000  2.8693500821418481E-012  3.2732375365734142E-013  1.9193468225475472E-011
  4.2960000000000001E+001 -5.7229524675681458E-011 -3.7912118759719209E-011 -3.1680375813954231E-010  2.8826067174744325E-012  3.6041336809742296E-013  1.9228913440549965E-011  1.0000000000000000E+000  0.0000000000000000E+000  2.8826067174744640E-012  3.6041336809743195E-013  1.9228913440549658E-011
  4.3039999999999999E+001 -5.7460697606433672E-011 -3.7942291230754489E-011 -3.1834346819828933E-010  2.8974689515688809E-012  3.9418560104396721E-013  1.9263355337463334E-011  1.0000000000000000E+000  0.0000000000000000E+000  2.8974689515689043E-012  3.9418560104399568E-013  1.9263355337463231E-011
  4.3119999999999997E+001 -5.7693119707932479E-011 -3.7975188455886244E-011 -3.1988589499353644E-010  2.9137343295967000E-012  4.2843618896834369E-013  1.9296873166295458E-011  1.0000000000000000E+000  0.0000000000000000E+000  2.9137343295966920E-012  4.2843618896835889E-013  1.9296873166295235E-011
  4.3200000000000003E+001 -5.7926895099169144E-011 -3.8010841020989424E-011 -3.2143096790489660E-010  2.9312024003751386E-012  4.6298876128989325E-013  1.9329550349335561E-011  1.0000000000000000E+000  0.0000000000000000E+000  2.9312024003751204E-012  4.6298876128989426E-013  1.9329550349335451E-011
  4.3280000000000001E+001 -5.8162112091992501E-011 -3.8049266657692627E-011 -3.2297862304943013E-010  2.9496807299749348E-012  4.9769841463918164E-013  1.9361470413197790E-011  1.0000000000000000E+000  0.0000000000000000E+000  2.9496807299749134E-012  4.9769841463922193E-013  1.9361470413198000E-011
  4.3359999999999999E+001 -5.8398844015965133E-011 -3.8090472767331693E-011 -3.2452880317100825E-010  2.9689885199136929E-012  5.3244937058999144E-013  1.9392715390707305E-011  1.0000000000000000E+000  0.0000000000000000E+000  2.9689885199136941E-012  5.3244937058999911E-013  1.9392715390707344E-011
  4.3439999999999998E+001 -5.8637150255178692E-011 -3.8134458556987025E-011 -3.2608145751194330E-010  2.9889598255097797E-012  5.6714864927904393E-013  1.9423367139328268E-011  1.0000000000000000E+000  0.0000000000000000E+000  2.9889598255097425E-012  5.6714864927901061E-013  1.9423367139328287E-011
  4.3520000000000003E+001 -5.8877077588046698E-011 -3.8181216551216340E-011 -3.2763654191330077E-010  3.0094469950917899E-012  6.0171878790438034E-013  1.9453511594250286E-011  1.0000000000000000E+000  0.0000000000000000E+000  3.0094469950917552E-012  6.0171878790437802E-013  1.9453511594250157E-011
  4.3600000000000001E+001 -5.9118661774393378E-011 -3.8230733563051726E-011 -3.2919401936702335E-010  3.0303241340348192E-012  6.3609123448092312E-013  1.9483245581955255E-011  1.0000000000000000E+000  0.0000000000000000E+000  3.0303241340348244E-012  6.3609123448094503E-013  1.9483245581954967E-011
  4.3680000000000000E+001 -5.9361929449492269E-011 -3.8282991148733288E-011 -3.3075386120641361E-010  3.0514894813416444E-012  6.7020085948838746E-013  1.9512682846855610E-011  1.0000000000000000E+000  0.0000000000000000E+000  3.0514894813416396E-012  6.7020085948841291E-013  1.9512682846855594E-011
  4.3759999999999998E+001 -5.9606900091408042E-011 -3.8337965700569868E-011 -3.3231604862252025E-010  3.0728666080573103E-012  7.0398385817101509E-013  1.9541955933310201E-011  1.0000000000000000E+000  0.0000000000000000E+000  3.0728666080573277E-012  7.0398385817103196E-013  1.9541955933310113E-011
  4.3840000000000003E+001 -5.9853588106781439E-011 -3.8395628566040651E-011 -3.3388057415574324E-010  3.0944054567984756E-012  7.3738059373731600E-013  1.9571211801911484E-011  1.0000000000000000E+000  0.0000000000000000E+000  3.0944054567984797E-012  7.3738059373733195E-013  1.9571211801911332E-011
  4.3920000000000002E+001 -6.0102004964495798E-011 -3.8455946595567839E-011 -3.3544744251082608E-010  3.1160845304160414E-012  7.7034438910531022E-013  1.9600600240811482E-011  1.0000000000000000E+000  0.0000000000000000E+000  3.1160845304160147E-012  7.7034438910534404E-013  1.9600600240811168E-011
  4.4000000000000000E+001 -6.0352161631648005E-011 -3.8518883668297500E-011 -3.3701667019427308E-010  3.1379148548445172E-012  8.0285477701762184E-013  1.9630258521529500E-011  1.0000000000000000E+000  0.0000000000000000E+000  3.1379148548444708E-012  8.0285477701766233E-013  1.9630258521529325E-011
  4.4079999999999998E+001 -6.0604071341270920E-011 -3.8584403359890658E-011 -3.3858828387427080E-010  3.1599441349894930E-012  8.3493031021135536E-013  1.9660296875221869E-011  1.0000000000000000E+000  0.0000000000000000E+000  3.1599441349894761E-012  8.3493031021135648E-013  1.9660296875221924E-011
  4.4160000000000004E+001 -6.0857752693246324E-011 -3.8652472517931317E-011 -3.4016231769430858E-010  3.1822593547649572E-012  8.6663570294726469E-013  1.9690788865327780E-011  1.0000000000000000E+000  0.0000000000000000E+000  3.1822593547650259E-012  8.6663570294725419E-013  1.9690788865327615E-011
  4.4240000000000002E+001 -6.1113232838033314E-011 -3.8723065072362220E-011 -3.4173881009272325E-010  3.2049849988814042E-012  8.9807905665704537E-013  1.9721768643491946E-011  1.0000000000000000E+000  0.0000000000000000E+000  3.2049849988814527E-012  8.9807905665704860E-013  1.9721768643492030E-011
  4.4320000000000000E+001 -6.1370550293067349E-011 -3.8796165166996444E-011 -3.4331780067726729E-010  3.2282760514090729E-012  9.2939914075601510E-013  1.9753234377172299E-011  1.0000000000000000E+000  0.0000000000000000E+000  3.2282760514091189E-012  9.2939914075601752E-013  1.9753234377172564E-011
  4.4399999999999999E+001 -6.1629757006258765E-011 -3.8871768934883183E-011 -3.4489932759307082E-010  3.2523078982622320E-012  9.6074694572611830E-013  1.9785155787011835E-011  1.0000000000000000E+000  0.0000000000000000E+000  3.2523078982622623E-012  9.6074694572609366E-013  1.9785155787011877E-011
  4.4480000000000004E+001 -6.1890919556789306E-011 -3.8949884678312623E-011 -3.4648342560318918E-010  3.2772657448236336E-012  9.9226763931134664E-013  1.9817482486561436E-011  1.0000000000000000E+000  0.0000000000000000E+000  3.2772657448236130E-012  9.9226763931132563E-013  1.9817482486561162E-011
  4.4560000000000002E+001 -6.2154119525430547E-011 -3.9030531757172998E-011 -3.4807012479092065E-010  3.3033361021664903E-012  1.0240887917911469E-012  1.9850150983897499E-011  1.0000000000000000E+000  0.0000000000000000E+000  3.3033361021665231E-012  1.0240887917911564E-012  1.9850150983897150E-011
  4.4640000000000001E+001 -6.2419453333135945E-011 -3.9113738884999207E-011 -3.4965944976061278E-010  3.3307003202005520E-012  1.0563162131259317E-012  1.9883090135360068E-011  1.0000000000000000E+000  0.0000000000000000E+000  3.3307003202006025E-012  1.0563162131259487E-012  1.9883090135359820E-011
  4.4719999999999999E+001 -6.2687031576662635E-011 -3.9199542351273147E-011 -3.5125141921257826E-010  3.3595299065384349E-012  1.0890355806656810E-012  1.9916224514329246E-011  1.0000000000000000E+000  0.0000000000000000E+000  3.3595299065384902E-012  1.0890355806656906E-012  1.9916224514329168E-011
  4.4800000000000004E+001 -6.2956978118182094E-011 -3.9287984577905716E-011 -3.5284604568290546E-010  3.3899823556804482E-012  1.1223169794072012E-012  1.9949475928706441E-011  1.0000000000000000E+000  0.0000000000000000E+000  3.3899823556805233E-012  1.1223169794072162E-012  1.9949475928706696E-011
  4.4880000000000003E+001 -6.3229428753571507E-011 -3.9379113067978300E-011 -3.5444333536117129E-010  3.4221963288325087E-012  1.1562186905178030E-012  1.9982763822110219E-011  1.0000000000000000E+000  0.0000000000000000E+000  3.4221963288325798E-012  1.1562186905178402E-012  1.9982763822110364E-011
  4.4960000000000001E+001 -6.3504529530795296E-011 -3.9472979568388564E-011 -3.5604328789444310E-010  3.4562876115385454E-012  1.1907894090708639E-012  2.0016004453495043E-011  1.0000000000000000E+000  0.0000000000000000E+000  3.4562876115385886E-012  1.1907894090709031E-012  2.0016004453494952E-011
  4.5039999999999999E+001 -6.3782434771417674E-011 -3.9569639373429638E-011 -3.5764589607373050E-010  3.4923466351240241E-012  1.2260697192132372E-012  2.0049109386617698E-011  1.0000000000000000E+000  0.0000000000000000E+000  3.4923466351240915E-012  1.2260697192132535E-012  2.0049109386617498E-011
  4.5119999999999997E+001 -6.4063304992415139E-011 -3.9669150723462682E-011 -3.5925114539630193E-010  3.5304384872571219E-012  1.2620924822895430E-012  2.0081984629301579E-011  1.0000000000000000E+000  0.0000000000000000E+000  3.5304384872571756E-012  1.2620924822895491E-012  2.0081984629301243E-011
  4.5200000000000003E+001 -6.4347304929378813E-011 -3.9771574170595965E-011 -3.6085901361441875E-010  3.5706042775814281E-012  1.2988818938674175E-012  2.0114531428637724E-011  1.0000000000000000E+000  0.0000000000000000E+000  3.5706042775814209E-012  1.2988818938674551E-012  2.0114531428637688E-011
  4.5280000000000001E+001 -6.4634601676828168E-011 -3.9876971826481469E-011 -3.6246947042488397E-010  3.6128620868947922E-012  1.3364498707944720E-012  2.0146649764888123E-011  1.0000000000000000E+000  0.0000000000000000E+000  3.6128620868947453E-012  1.3364498707945281E-012  2.0146649764888326E-011
  4.5359999999999999E+001 -6.4925362863281980E-011 -3.9985406149923080E-011 -3.6408247757680085E-010  3.6572054950237422E-012  1.3747887437558778E-012  2.0178244577776620E-011  1.0000000000000000E+000  0.0000000000000000E+000  3.6572054950237123E-012  1.3747887437558839E-012  2.0178244577776636E-011
  4.5439999999999998E+001 -6.5219754556031967E-011 -4.0096938025482409E-011 -3.6569798955732822E-010  3.7035997315343847E-012  1.4138621082642854E-012  2.0209233259208513E-011  1.0000000000000000E+000  0.0000000000000000E+000  3.7035997315343782E-012  1.4138621082642819E-012  2.0209233259208513E-011
  4.5520000000000003E+001 -6.5517938820327482E-011 -4.0211624087245366E-011 -3.6731595489827421E-010  3.7519768789107400E-012  1.4535975775917786E-012  2.0239552746724941E-011  1.0000000000000000E+000  0.0000000000000000E+000  3.7519768789106746E-012  1.4535975775917931E-012  2.0239552746725216E-011
  4.5600000000000001E+001 -6.5820070856657685E-011 -4.0329513637897094E-011 -3.6893631799680422E-010  3.8022330009245445E-012  1.4938853288647647E-012  2.0269164278572930E-011  1.0000000000000000E+000  0.0000000000000000E+000  3.8022330009244872E-012  1.4938853288647249E-012  2.0269164278573166E-011
  4.5680000000000000E+001 -6.6126296100475409E-011 -4.0450645739863728E-011 -3.7055902118284588E-010  3.8542296945104939E-012  1.5345841046848635E-012  2.0298054750603099E-011  1.0000000000000000E+000  0.0000000000000000E+000  3.8542296945104454E-012  1.5345841046848251E-012  2.0298054750603038E-011
  4.5759999999999998E+001 -6.6436747607779364E-011 -4.0575047094646672E-011 -3.7218400675690071E-010  3.9078002186604216E-012  1.5755332826385575E-012  2.0326235469838692E-011  1.0000000000000000E+000  0.0000000000000000E+000  3.9078002186604111E-012  1.5755332826385276E-012  2.0326235469838821E-011
  4.5840000000000003E+001 -6.6751544135461076E-011 -4.0702731065085897E-011 -3.7381121885802007E-010  3.9627588991143429E-012  1.6165670505175927E-012  2.0353739789671868E-011  1.0000000000000000E+000  0.0000000000000000E+000  3.9627588991143704E-012  1.6165670505175561E-012  2.0353739789672259E-011
  4.5920000000000002E+001 -6.7070789031637659E-011 -4.0833697822729487E-011 -3.7544060512324821E-010  4.0189109074825571E-012  1.6575255386357811E-012  2.0380620335831123E-011  1.0000000000000000E+000  0.0000000000000000E+000  4.0189109074825490E-012  1.6575255386357807E-012  2.0380620335831203E-011
  4.6000000000000000E+001 -6.7394569880658285E-011 -4.0967935151267622E-011 -3.7707211811175305E-010  4.0760606952742504E-012  1.6982605220399531E-012  2.0406947273824673E-011  1.0000000000000000E+000  0.0000000000000000E+000  4.0760606952741923E-012  1.6982605220399602E-012  2.0406947273824534E-011
  4.6079999999999998E+001 -6.7722958742881539E-011 -4.1105419506255879E-011 -3.7870571668706016E-010  4.1340184176448894E-012  1.7386359332269142E-012  2.0432807092507717E-011  1.0000000000000000E+000  0.0000000000000000E+000  4.1340184176448514E-012  1.7386359332269417E-012  2.0432807092507491E-011
  4.6160000000000004E+001 -6.8056012827481468E-011 -4.1246116900583929E-011 -3.8034136724655428E-010  4.1926054492648275E-012  1.7785256445084525E-012  2.0458300387370219E-011  1.0000000000000000E+000  0.0000000000000000E+000  4.1926054492648986E-012  1.7785256445085062E-012  2.0458300387370087E-011
  4.6240000000000002E+001 -6.8393775614763911E-011 -4.1389983609377232E-011 -3.8197904474903939E-010  4.2516606276374424E-012  1.8178120243258666E-012  2.0483538392615801E-011  1.0000000000000000E+000  0.0000000000000000E+000  4.2516606276375014E-012  1.8178120243259034E-012  2.0483538392616076E-011
  4.6320000000000000E+001 -6.8736278527903458E-011 -4.1536966824476067E-011 -3.8361873338937281E-010  4.3110470154180967E-012  1.8563869399661802E-012  2.0508637854171578E-011  1.0000000000000000E+000  0.0000000000000000E+000  4.3110470154181581E-012  1.8563869399661996E-012  2.0508637854171655E-011
  4.6399999999999999E+001 -6.9083543137230807E-011 -4.1687005519771821E-011 -3.8526042680570685E-010  4.3706575092033198E-012  1.8941547426017502E-012  2.0533715078901396E-011  1.0000000000000000E+000  0.0000000000000000E+000  4.3706575092033537E-012  1.8941547426017538E-012  2.0533715078901299E-011
  4.6480000000000004E+001 -6.9435583729375990E-011 -4.1840031583292347E-011 -3.8690412780199703E-010  4.4304171605966178E-012  1.9310353387646755E-012  2.0558880489583794E-011  1.0000000000000000E+000  0.0000000000000000E+000  4.4304171605965928E-012  1.9310353387647001E-012  2.0558880489583826E-011
  4.6560000000000002E+001 -6.9792409882926266E-011 -4.1995971173974169E-011 -3.8854984768404025E-010  4.4902809881278607E-012  1.9669662245109891E-012  2.0584234873331911E-011  1.0000000000000000E+000  0.0000000000000000E+000  4.4902809881277928E-012  1.9669662245110008E-012  2.0584234873331943E-011
  4.6640000000000001E+001 -7.0154028687476447E-011 -4.2154746179214106E-011 -3.9019760538173014E-010  4.5502284969124862E-012  2.0019028774900514E-012  2.0609867200377991E-011  1.0000000000000000E+000  0.0000000000000000E+000  4.5502284969124708E-012  2.0019028774900376E-012  2.0609867200378259E-011
  4.6719999999999999E+001 -7.0520446442432264E-011 -4.2316275634372577E-011 -3.9184742643610073E-010  4.6102580954923159E-012  2.0358186765429578E-012  2.0635854298733878E-011  1.0000000000000000E+000  0.0000000000000000E+000  4.6102580954924209E-012  2.0358186765429905E-012  2.0635854298734320E-011
  4.6800000000000004E+001 -7.0891669982755218E-011 -4.2480477167460979E-011 -3.9349934206952756E-010  4.6703844223437097E-012  2.0687060528544566E-012  2.0662261721190680E-011  1.0000000000000000E+000  0.0000000000000000E+000  4.6703844223437412E-012  2.0687060528544934E-012  2.0662261721190945E-011
  4.6880000000000003E+001 -7.1267707950007257E-011 -4.2647268602829290E-011 -3.9515338831149124E-010  4.7306400006001976E-012  2.1005791717769023E-012  2.0689144980866821E-011  1.0000000000000000E+000  0.0000000000000000E+000  4.7306400006002453E-012  2.1005791717769027E-012  2.0689144980866992E-011
  4.6960000000000001E+001 -7.1648572382851249E-011 -4.2816569834945283E-011 -3.9680960526646625E-010  4.7910796730928099E-012  2.1314764984943820E-012  2.0716551101297003E-011  1.0000000000000000E+000  0.0000000000000000E+000  4.7910796730928754E-012  2.1314764984943488E-012  2.0716551101297216E-011
  4.7039999999999999E+001 -7.2034280697702107E-011 -4.2988304842588391E-011 -3.9846803648769876E-010  4.8517842403599618E-012  2.1614608615289013E-012  2.0744519536357870E-011  1.0000000000000000E+000  0.0000000000000000E+000  4.8517842403599755E-012  2.1614608615288755E-012  2.0744519536357744E-011
  4.7119999999999997E+001 -7.2424857861308843E-011 -4.3162403572789907E-011 -4.0012872839228351E-010  4.9128606755301550E-012  2.1906156267315315E-012  2.0773081996954597E-011  1.0000000000000000E+000  0.0000000000000000E+000  4.9128606755301389E-012  2.1906156267315169E-012  2.0773081996954336E-011
  4.7200000000000003E+001 -7.2820338405786932E-011 -4.3338803342865436E-011 -4.0179172960721150E-010  4.9744381708191874E-012  2.2190373413721377E-012  2.0802260529214085E-011  1.0000000000000000E+000  0.0000000000000000E+000  4.9744381708191421E-012  2.2190373413721147E-012  2.0802260529213810E-011
  4.7280000000000001E+001 -7.3220767968639913E-011 -4.3517449547409450E-011 -4.0345709007695777E-010  5.0366612333506051E-012  2.2468272756758293E-012  2.0832063825506285E-011  1.0000000000000000E+000  0.0000000000000000E+000  5.0366612333505874E-012  2.2468272756758349E-012  2.0832063825506234E-011
  4.7359999999999999E+001 -7.3626204203123028E-011 -4.3698295706973569E-011 -4.0512485981929250E-010  5.0996821541470889E-012  2.2740847340486748E-012  2.0862482308993206E-011  1.0000000000000000E+000  0.0000000000000000E+000  5.0996821541470696E-012  2.2740847340486820E-012  2.0862482308993503E-011
  4.7439999999999998E+001 -7.4036717113303448E-011 -4.3881303104857237E-011 -4.0679508724639668E-010  5.1636532853581087E-012  2.3009036685218382E-012  2.0893483238054805E-011  1.0000000000000000E+000  0.0000000000000000E+000  5.1636532853580990E-012  2.3009036685218196E-012  2.0893483238054990E-011
  4.7520000000000003E+001 -7.4452388728780326E-011 -4.4066440293937063E-011 -4.0846781713738127E-010  5.2287190829891453E-012  2.3273718266790901E-012  2.0925008061998725E-011  1.0000000000000000E+000  0.0000000000000000E+000  5.2287190829891541E-012  2.3273718266790897E-012  2.0925008061998747E-011
  4.7600000000000001E+001 -7.4873312166581711E-011 -4.4253682597125892E-011 -4.1014308853631647E-010  5.2950066721542638E-012  2.3535697418431569E-012  2.0956973791171878E-011  1.0000000000000000E+000  0.0000000000000000E+000  5.2950066721542969E-012  2.3535697418431565E-012  2.0956973791171820E-011
  4.7680000000000000E+001 -7.5299589796325008E-011 -4.4443011452631968E-011 -4.1182093294396877E-010  5.3626148070068323E-012  2.3795670162597984E-012  2.0989278981314275E-011  1.0000000000000000E+000  0.0000000000000000E+000  5.3626148070068517E-012  2.3795670162597976E-012  2.0989278981314514E-011
  4.7759999999999998E+001 -7.5731330535702804E-011 -4.4634413319727460E-011 -4.1350137317332676E-010  5.4316035835781926E-012  2.4054160436275716E-012  2.1021813891088782E-011  1.0000000000000000E+000  0.0000000000000000E+000  5.4316035835782208E-012  2.4054160436275591E-012  2.1021813891089157E-011
  4.7840000000000003E+001 -7.6168646369697519E-011 -4.4827878019612380E-011 -4.1518442316654298E-010  5.5019876261494288E-012  2.4311448638038996E-012  2.1054472957391976E-011  1.0000000000000000E+000  0.0000000000000000E+000  5.5019876261494845E-012  2.4311448638038815E-012  2.1054472957392157E-011
  4.7920000000000002E+001 -7.6611648555886713E-011 -4.5023396497936084E-011 -4.1687008884650947E-010  5.5737362187008685E-012  2.4567525976212417E-012  2.1087166356843991E-011  1.0000000000000000E+000  0.0000000000000000E+000  5.5737362187008798E-012  2.4567525976212696E-012  2.1087166356844266E-011
  4.8000000000000000E+001 -7.7060444164689658E-011 -4.5220958435231778E-011 -4.1855836978363801E-010  5.6467803488828915E-012  2.4822101225259152E-012  2.1119828165897474E-011  1.0000000000000000E+000  0.0000000000000000E+000  5.6467803488829601E-012  2.4822101225259467E-012  2.1119828165897674E-011
  4.8079999999999998E+001 -7.7515133411707975E-011 -4.5420550117540230E-011 -4.2024926135305307E-010  5.7210235261055586E-012  2.5074649831904895E-012  2.1152419221844651E-011  1.0000000000000000E+000  0.0000000000000000E+000  5.7210235261055643E-012  2.5074649831905049E-012  2.1152419221844777E-011
  4.8160000000000004E+001 -7.7975807928866547E-011 -4.5622152832542257E-011 -4.2194275685913316E-010  5.7963521484782798E-012  2.5324482060257437E-012  2.1184923895710461E-011  1.0000000000000000E+000  0.0000000000000000E+000  5.7963521484782111E-012  2.5324482060257260E-012  2.1184923895710478E-011
  4.8240000000000002E+001 -7.8442549755464500E-011 -4.5825741830504349E-011 -4.2363884917636674E-010  5.8726415697846767E-012  2.5570795506142119E-012  2.1217342729716644E-011  1.0000000000000000E+000  0.0000000000000000E+000  5.8726415697846008E-012  2.5570795506141937E-012  2.1217342729716334E-011
  4.8320000000000000E+001 -7.8915430580032095E-011 -4.6031285560640530E-011 -4.2533753169588782E-010  5.9497570245280327E-012  2.5812689610454200E-012  2.1249682843657470E-011  1.0000000000000000E+000  0.0000000000000000E+000  5.9497570245279220E-012  2.5812689610454075E-012  2.1249682843657386E-011
  4.8399999999999999E+001 -7.9394510879388985E-011 -4.6238744864271616E-011 -4.2703879843135194E-010  6.0275507386625984E-012  2.6049155326811499E-012  2.1281949519445304E-011  1.0000000000000000E+000  0.0000000000000000E+000  6.0275507386625710E-012  2.6049155326811503E-012  2.1281949519445375E-011
  4.8480000000000004E+001 -7.9879838698218111E-011 -4.6448072045869514E-011 -4.2874264361899907E-010  6.1058581116765289E-012  2.6279061284826069E-012  2.1314141518399474E-011  1.0000000000000000E+000  0.0000000000000000E+000  6.1058581116765879E-012  2.6279061284826223E-012  2.1314141518399397E-011
  4.8560000000000002E+001 -8.0371448177257230E-011 -4.6659209844828833E-011 -4.3044906107429585E-010  6.1844960263706010E-012  2.6501155128591889E-012  2.1346250849066044E-011  1.0000000000000000E+000  0.0000000000000000E+000  6.1844960263706656E-012  2.6501155128592139E-012  2.1346250849066014E-011
  4.8640000000000001E+001 -8.0869358062437407E-011 -4.6872090527926985E-011 -4.3215804375484964E-010  6.2632638555097159E-012  2.6714093416671795E-012  2.1378267763504064E-011  1.0000000000000000E+000  0.0000000000000000E+000  6.2632638555097498E-012  2.6714093416672037E-012  2.1378267763503961E-011
  4.8719999999999999E+001 -8.1373570394138784E-011 -4.7086635339495582E-011 -4.3386958391645651E-010  6.3419472998686436E-012  2.6916490229290148E-012  2.1410189464712478E-011  1.0000000000000000E+000  0.0000000000000000E+000  6.3419472998686137E-012  2.6916490229290301E-012  2.1410189464712569E-011
  4.8800000000000004E+001 -8.1884069630416390E-011 -4.7302754371595627E-011 -4.3558367406920363E-010  6.4203242136300804E-012  2.7106964598061770E-012  2.1442030043745978E-011  1.0000000000000000E+000  0.0000000000000000E+000  6.4203242136300514E-012  2.7106964598062025E-012  2.1442030043746227E-011
  4.8880000000000003E+001 -8.2400822268319597E-011 -4.7520346773064570E-011 -4.3730030872345586E-010  6.4981723260726926E-012  2.7284185726358619E-012  2.1473829015517764E-011  1.0000000000000000E+000  0.0000000000000000E+000  6.4981723260727516E-012  2.7284185726358990E-012  2.1473829015517622E-011
  4.8960000000000001E+001 -8.2923777202588021E-011 -4.7739301343217365E-011 -4.3901948671168648E-010  6.5752794497764402E-012  2.7446921691369730E-012  2.1505656186142881E-011  1.0000000000000000E+000  0.0000000000000000E+000  6.5752794497764628E-012  2.7446921691370102E-012  2.1505656186142701E-011
  4.9039999999999999E+001 -8.3452866980283828E-011 -4.7959497520126486E-011 -4.4074121371323872E-010  6.6514562382884569E-012  2.7594103978826221E-012  2.1537610387435567E-011  1.0000000000000000E+000  0.0000000000000000E+000  6.6514562382884124E-012  2.7594103978826366E-012  2.1537610387435787E-011
  4.9120000000000005E+001 -8.3988010200714174E-011 -4.8180807006878584E-011 -4.4246550437367617E-010  6.7265502587061692E-012  2.7724915713365868E-012  2.1569811324431685E-011  1.0000000000000000E+000  0.0000000000000000E+000  6.7265502587061062E-012  2.7724915713365905E-012  2.1569811324432050E-011
  4.9200000000000003E+001 -8.4529115021676815E-011 -4.8403096171540340E-011 -4.4419238352514779E-010  6.8004584437895245E-012  2.7838886211203103E-012  2.1602386253273374E-011  1.0000000000000000E+000  0.0000000000000000E+000  6.8004584437894712E-012  2.7838886211203074E-012  2.1602386253273394E-011
  4.9280000000000001E+001 -8.5076083551720498E-011 -4.8626229186257834E-011 -4.4592188617419991E-010  6.8731341383714976E-012  2.7935964501182619E-012  2.1635453893977225E-011  1.0000000000000000E+000  0.0000000000000000E+000  6.8731341383714766E-012  2.7935964501182853E-012  2.1635453893977238E-011
  4.9359999999999999E+001 -8.5628816483816254E-011 -4.8850071603559262E-011 -4.4765405614818415E-010  6.9445858608880104E-012  2.8016535075929177E-012  2.1669109562812083E-011  1.0000000000000000E+000  0.0000000000000000E+000  6.9445858608880476E-012  2.8016535075929452E-012  2.1669109562812284E-011
  4.9439999999999998E+001 -8.6187217289462580E-011 -4.9074493747472701E-011 -4.4938894370424984E-010  7.0148680412496901E-012  2.8081365438847909E-012  2.1703415235746061E-011  1.0000000000000000E+000  0.0000000000000000E+000  7.0148680412497200E-012  2.8081365438847933E-012  2.1703415235746229E-011
  4.9520000000000003E+001 -8.6751195370416205E-011 -4.9299373450580828E-011 -4.5112660258590352E-010  7.0840665841676902E-012  2.8131497695150343E-012  2.1738397002859272E-011  1.0000000000000000E+000  0.0000000000000000E+000  7.0840665841676942E-012  2.8131497695150541E-012  2.1738397002859530E-011
  4.9600000000000001E+001 -8.7320667942929410E-011 -4.9524597710595106E-011 -4.5286708722470732E-010  7.1522847277040686E-012  2.8168125029907747E-012  2.1774050056839720E-011  1.0000000000000000E+000  0.0000000000000000E+000  7.1522847277041186E-012  2.8168125029907860E-012  2.1774050056839911E-011
  4.9680000000000000E+001 -8.7895560926848856E-011 -4.9750063451059352E-011 -4.5461045059499787E-010  7.2196334008397470E-012  2.8192500878610338E-012  2.1810349310775105E-011  1.0000000000000000E+000  0.0000000000000000E+000  7.2196334008397567E-012  2.8192500878610257E-012  2.1810349310775011E-011
  4.9759999999999998E+001 -8.8475809287063770E-011 -4.9975677724652872E-011 -4.5635674311443134E-010  7.2862281224449953E-012  2.8205903562902364E-012  2.1847262788731904E-011  1.0000000000000000E+000  0.0000000000000000E+000  7.2862281224449597E-012  2.8205903562902356E-012  2.1847262788731872E-011
  4.9840000000000003E+001 -8.9061357426440055E-011 -5.0201357908065790E-011 -4.5810601264119498E-010  7.3521914233371279E-012  2.8209654874109392E-012  2.1884763314981947E-011  1.0000000000000000E+000  0.0000000000000000E+000  7.3521914233371214E-012  2.8209654874109432E-012  2.1884763314982263E-011
  4.9920000000000002E+001 -8.9652159914797710E-011 -5.0427032202638622E-011 -4.5985830524482845E-010  7.4176572781778706E-012  2.8205164337196789E-012  2.1922835319539459E-011  1.0000000000000000E+000  0.0000000000000000E+000  7.4176572781779190E-012  2.8205164337196567E-012  2.1922835319539717E-011
  5.0000000000000000E+001 -9.0248182590948514E-011 -5.0652640537460939E-011 -4.6161366629232129E-010  7.4827745082418033E-012  2.8193964432280955E-012  2.1961475114309820E-011  1.0000000000000000E+000  0.0000000000000000E+000  7.4827745082418275E-012  2.8193964432280875E-012  2.1961475114309843E-011
  5.0079999999999998E+001 -9.0849403836116399E-011 -5.0878135633555117E-011 -4.6337214126311802E-010  7.5477070750442326E-012  2.8177706111856875E-012  2.2000684952344964E-011  1.0000000000000000E+000  0.0000000000000000E+000  7.5477070750441696E-012  2.8177706111857089E-012  2.2000684952345068E-011
  5.0160000000000004E+001 -9.1455815722955592E-011 -5.1103483835250649E-011 -4.6513377588469649E-010  7.6126310125710420E-012  2.8158111616620254E-012  2.2040462122135535E-011  1.0000000000000000E+000  0.0000000000000000E+000  7.6126310125709936E-012  2.8158111616620173E-012  2.2040462122136071E-011
  5.0240000000000002E+001 -9.2067424798127765E-011 -5.1328665419421041E-011 -4.6689861520265971E-010  7.6777283860242990E-012  2.8136898187085202E-012  2.2080786590396548E-011  1.0000000000000000E+000  0.0000000000000000E+000  7.6777283860242522E-012  2.8136898187085295E-012  2.2080786590397443E-011
  5.0320000000000000E+001 -9.2684252264719479E-011 -5.1553674206244012E-011 -4.6866670173915993E-010  7.7431783233115458E-012  2.8115684302285774E-012  2.2121611262799238E-011  1.0000000000000000E+000  0.0000000000000000E+000  7.7431783233114763E-012  2.8115684302285895E-012  2.2121611262800037E-011
  5.0399999999999999E+001 -9.3306333329857613E-011 -5.1778516368257614E-011 -4.7043807300470759E-010  7.8091454615163505E-012  2.8095887738969874E-012  2.2162856687402416E-011  1.0000000000000000E+000  0.0000000000000000E+000  7.8091454615163715E-012  2.8095887738969470E-012  2.2162856687402432E-011
  5.0480000000000004E+001 -9.3933715538562095E-011 -5.2003208410067530E-011 -4.7221275880914432E-010  7.8757655603390754E-012  2.8078620249287709E-012  2.2204412424480681E-011  1.0000000000000000E+000  0.0000000000000000E+000  7.8757655603391013E-012  2.8078620249287268E-012  2.2204412424480132E-011
  5.0560000000000002E+001 -9.4566455819511865E-011 -5.2227774292246217E-011 -4.7399077899262450E-010  7.9431303706695824E-012  2.8064583844006698E-012  2.2246145753592989E-011  1.0000000000000000E+000  0.0000000000000000E+000  7.9431303706696018E-012  2.8064583844006678E-012  2.2246145753592594E-011
  5.0640000000000001E+001 -9.5204616397869229E-011 -5.2452241751571637E-011 -4.7577214212971920E-010  8.0112757779433451E-012  2.8053986986494057E-012  2.2287915892172115E-011  1.0000000000000000E+000  0.0000000000000000E+000  8.0112757779433628E-012  2.8053986986494186E-012  2.2287915892171925E-011
  5.0719999999999999E+001 -9.5848259943982800E-011 -5.2676638084030122E-011 -4.7755684553537203E-010  8.0801759018429140E-012  2.8046506679972632E-012  2.2329591090781074E-011  1.0000000000000000E+000  0.0000000000000000E+000  8.0801759018429318E-012  2.8046506679972418E-012  2.2329591090781019E-011
  5.0800000000000004E+001 -9.6497444542164095E-011 -5.2900985858451199E-011 -4.7934487670424417E-010  8.1497464616613981E-012  2.8041321123991095E-012  2.2371064687939170E-011  1.0000000000000000E+000  0.0000000000000000E+000  8.1497464616614578E-012  2.8041321123990732E-012  2.2371064687939174E-011
  5.0880000000000003E+001 -9.7152219377848624E-011 -5.3125299222013980E-011 -4.8113621588544230E-010  8.2198568666226127E-012  2.8037216450214299E-012  2.2412266248612370E-011  1.0000000000000000E+000  0.0000000000000000E+000  8.2198568666225949E-012  2.8037216450213932E-012  2.2412266248612874E-011
  5.0960000000000001E+001 -9.7812621640823713E-011 -5.3349581321654628E-011 -4.8293083930402215E-010  8.2903460887810405E-012  2.8032735055736016E-012  2.2453164946484383E-011  1.0000000000000000E+000  0.0000000000000000E+000  8.2903460887810082E-012  2.8032735055735495E-012  2.2453164946484864E-011
  5.1039999999999999E+001 -9.8478674752053590E-011 -5.3573822982905756E-011 -4.8472872227687980E-010  8.3610375446007566E-012  2.8026319102355038E-012  2.2493764091665124E-011  1.0000000000000000E+000  0.0000000000000000E+000  8.3610375446006952E-012  2.8026319102354938E-012  2.2493764091664533E-011
  5.1120000000000005E+001 -9.9150387647959834E-011 -5.3798002427292309E-011 -4.8652984155868857E-010  8.4317489305661315E-012  2.8016399707164389E-012  2.2534089134512932E-011  1.0000000000000000E+000  0.0000000000000000E+000  8.4317489305660395E-012  2.8016399707164474E-012  2.2534089134512900E-011
  5.1200000000000003E+001 -9.9827754580944171E-011 -5.4022085378220386E-011 -4.8833417653840187E-010  8.5022948494106448E-012  2.8001407256223297E-012  2.2574172504239179E-011  1.0000000000000000E+000  0.0000000000000000E+000  8.5022948494106044E-012  2.8001407256222969E-012  2.2574172504239744E-011
  5.1280000000000001E+001 -1.0051075482386554E-010 -5.4246024943391881E-011 -4.9014170915936684E-010  8.5724839905288677E-012  2.7979722127065509E-012  2.2614040359752835E-011  1.0000000000000000E+000  0.0000000000000000E+000  8.5724839905289146E-012  2.7979722127065251E-012  2.2614040359752283E-011
  5.1359999999999999E+001 -1.0119935201942879E-010 -5.4469760932253434E-011 -4.9195242299596233E-010  8.6421144585708896E-012  2.7949605851702106E-012  2.2653705631567087E-011  1.0000000000000000E+000  0.0000000000000000E+000  8.6421144585709316E-012  2.7949605851702280E-012  2.2653705631566867E-011
  5.1439999999999998E+001 -1.0189349313723688E-010 -5.4693218637019115E-011 -4.9376630206041757E-010  8.7109703401853221E-012  2.7909161483309351E-012  2.2693168296915080E-011  1.0000000000000000E+000  0.0000000000000000E+000  8.7109703401853657E-012  2.7909161483309581E-012  2.2693168296915254E-011
  5.1520000000000003E+001 -1.0259310727385844E-010 -5.4916307515986384E-011 -4.9558332992346874E-010  8.7788213381917261E-012  2.7856352150741242E-012  2.2732422460026931E-011  1.0000000000000000E+000  0.0000000000000000E+000  8.7788213381917939E-012  2.7856352150741185E-012  2.2732422460026498E-011
  5.1600000000000001E+001 -1.0329810455134756E-010 -5.5138920271430975E-011 -4.9740348965402188E-010  8.8454263031785579E-012  2.7789082086680568E-012  2.2771467791945836E-011  1.0000000000000000E+000  0.0000000000000000E+000  8.8454263031784998E-012  2.7789082086680172E-012  2.2771467791945626E-011
  5.1680000000000000E+001 -1.0400837548236701E-010 -5.5360932829373273E-011 -4.9922676477018007E-010  8.9105408343922281E-012  2.7705318570567656E-012  2.2810321690141879E-011  1.0000000000000000E+000  0.0000000000000000E+000  8.9105408343921506E-012  2.7705318570567503E-012  2.2810321690142099E-011
  5.1759999999999998E+001 -1.0472379108485031E-010 -5.5582205368560057E-011 -5.0105314112444458E-010  8.9739275905606427E-012  2.7603228673098991E-012  2.2849028448329991E-011  1.0000000000000000E+000  0.0000000000000000E+000  8.9739275905606912E-012  2.7603228673099088E-012  2.2849028448330382E-011
  5.1840000000000003E+001 -1.0544420389685671E-010 -5.5802584488142857E-011 -5.0288260932191287E-010  9.0353696117664579E-012  2.7481312914059786E-012  2.2887663077760677E-011  1.0000000000000000E+000  0.0000000000000000E+000  9.0353696117665306E-012  2.7481312914059487E-012  2.2887663077760580E-011
  5.1920000000000002E+001 -1.0616945022273295E-010 -5.6021906375185014E-011 -5.0471516721688629E-010  9.0946846983364728E-012  2.7338518348523685E-012  2.2926328975341008E-011  1.0000000000000000E+000  0.0000000000000000E+000  9.0946846983365277E-012  2.7338518348523681E-012  2.2926328975340498E-011
  5.2000000000000000E+001 -1.0689935344859055E-010 -5.6240000781719236E-011 -5.0655082195796743E-010  9.1517386864960059E-012  2.7174322610594942E-012  2.2965148707837052E-011  1.0000000000000000E+000  0.0000000000000000E+000  9.1517386864960398E-012  2.7174322610595471E-012  2.2965148707836868E-011
  5.2079999999999998E+001 -1.0763372841257231E-010 -5.6456695536954533E-011 -5.0838959101014022E-010  9.2064550406770221E-012  2.6988774536956742E-012  2.3004249515088381E-011  1.0000000000000000E+000  0.0000000000000000E+000  9.2064550406769785E-012  2.6988774536957049E-012  2.3004249515088400E-011
  5.2160000000000004E+001 -1.0837238625509887E-010 -5.6671821174310544E-011 -5.1023150188038157E-010  9.2588170055688103E-012  2.6782478405681334E-012  2.3043746190734339E-011  1.0000000000000000E+000  0.0000000000000000E+000  9.2588170055687764E-012  2.6782478405681468E-012  2.3043746190734582E-011
  5.2240000000000002E+001 -1.0911513913346332E-010 -5.6885215191445434E-011 -5.1207659040065771E-010  9.3088618253430887E-012  2.6556512647271517E-012  2.3083724899694564E-011  1.0000000000000000E+000  0.0000000000000000E+000  9.3088618253431388E-012  2.6556512647271259E-012  2.3083724899695133E-011
  5.2320000000000000E+001 -1.0986180414715377E-010 -5.7096725376666888E-011 -5.1392489786433270E-010  9.3566681715467896E-012  2.6312295133743542E-012  2.3124232511507611E-011  1.0000000000000000E+000  0.0000000000000000E+000  9.3566681715468236E-012  2.6312295133743170E-012  2.3124232511507947E-011
  5.2399999999999999E+001 -1.1061220604091080E-010 -5.7306211913585331E-011 -5.1577646760249893E-010  9.4023406547515808E-012  2.6051433720957009E-012  2.3165274371771966E-011  1.0000000000000000E+000  0.0000000000000000E+000  9.4023406547515775E-012  2.6051433720957130E-012  2.3165274371771604E-011
  5.2480000000000004E+001 -1.1136617865191402E-010 -5.7513548316202200E-011 -5.1763134176381622E-010  9.4459960066082805E-012  2.5775607164266419E-012  2.3206820969226306E-011  1.0000000000000000E+000  0.0000000000000000E+000  9.4459960066082708E-012  2.5775607164266750E-012  2.3206820969225766E-011
  5.2560000000000002E+001 -1.1212356540196813E-010 -5.7718621628213594E-011 -5.1948955895757514E-010  9.4877551854897892E-012  2.5486514515089249E-012  2.3248821363234092E-011  1.0000000000000000E+000  0.0000000000000000E+000  9.4877551854897859E-012  2.5486514515089524E-012  2.3248821363233698E-011
  5.2640000000000001E+001 -1.1288421948159239E-010 -5.7921332548443628E-011 -5.2135115318193367E-010  9.5277422286019705E-012  2.5185903317893202E-012  2.3291219229171362E-011  1.0000000000000000E+000  0.0000000000000000E+000  9.5277422286020077E-012  2.5185903317893291E-012  2.3291219229171291E-011
  5.2719999999999999E+001 -1.1364800415854444E-010 -5.8121596081299885E-011 -5.2321615403424256E-010  9.5660886134480436E-012  2.4875646237389759E-012  2.3333965881742473E-011  1.0000000000000000E+000  0.0000000000000000E+000  9.5660886134480759E-012  2.4875646237389424E-012  2.3333965881743103E-011
  5.2800000000000004E+001 -1.1441479365974407E-010 -5.8319342888241864E-011 -5.2508458772301247E-010  9.6029395453476487E-012  2.4557821206773475E-012  2.3377026487058682E-011  1.0000000000000000E+000  0.0000000000000000E+000  9.6029395453476761E-012  2.4557821206773002E-012  2.3377026487059247E-011
  5.2880000000000003E+001 -1.1518447448580007E-010 -5.8514521220608261E-011 -5.2695647827217195E-010  9.6384578264525898E-012  2.4234740901055776E-012  2.3420378253824203E-011  1.0000000000000000E+000  0.0000000000000000E+000  9.6384578264526480E-012  2.4234740901056140E-012  2.3420378253824765E-011
  5.2960000000000001E+001 -1.1595694691197649E-010 -5.8707098742658757E-011 -5.2883184824362434E-010  9.6728233637099179E-012  2.3908899496918099E-012  2.3464001788633833E-011  1.0000000000000000E+000  0.0000000000000000E+000  9.6728233637099373E-012  2.3908899496918741E-012  2.3464001788634311E-011
  5.3039999999999999E+001 -1.1673212622399365E-010 -5.8897063612558950E-011 -5.3071071855835336E-010  9.7062277642444313E-012  2.3582850578493099E-012  2.3507868988927757E-011  1.0000000000000000E+000  0.0000000000000000E+000  9.7062277642442746E-012  2.3582850578493313E-012  2.3507868988927414E-011
  5.3120000000000005E+001 -1.1750994335425560E-010 -5.9084424351914646E-011 -5.3259310728185278E-010  9.7388650574386342E-012  2.3259040008704597E-012  2.3551931730061720E-011  1.0000000000000000E+000  0.0000000000000000E+000  9.7388650574386261E-012  2.3259040008704338E-012  2.3551931730061623E-011
  5.3200000000000003E+001 -1.1829034463318383E-010 -5.9269208252698224E-011 -5.3447902763516323E-010  9.7709196969319224E-012  2.2939635474717431E-012  2.3596114405920863E-011  1.0000000000000000E+000  0.0000000000000000E+000  9.7709196969320985E-012  2.2939635474717133E-012  2.3596114405921244E-011
  5.3280000000000001E+001 -1.1907329050576470E-010 -5.9451458519510125E-011 -5.3636848558680012E-010  9.8025538687183091E-012  2.2626390089382087E-012  2.3640311871021664E-011  1.0000000000000000E+000  0.0000000000000000E+000  9.8025538687184141E-012  2.2626390089381574E-012  2.3640311871021299E-011
  5.3359999999999999E+001 -1.1985875325217876E-010 -5.9631230494128337E-011 -5.3826147753452670E-010  9.8338951292031038E-012  2.2320551873802956E-012  2.3684394057642836E-011  1.0000000000000000E+000  0.0000000000000000E+000  9.8338951292032427E-012  2.2320551873802851E-012  2.3684394057642717E-011
  5.3439999999999998E+001 -1.2064671372643720E-010 -5.9808587349490972E-011 -5.4015798863602297E-010  9.8650264543665156E-012  2.2022827397316389E-012  2.3728216493556709E-011  1.0000000000000000E+000  0.0000000000000000E+000  9.8650264543665495E-012  2.2022827397316535E-012  2.3728216493557145E-011
  5.3520000000000003E+001 -1.2143715748487741E-010 -5.9983595732485399E-011 -5.4205799217349577E-010  9.8959808577328698E-012  2.1733397897768227E-012  2.3771635010193611E-011  1.0000000000000000E+000  0.0000000000000000E+000  9.8959808577328132E-012  2.1733397897767896E-012  2.3771635010193149E-011
  5.3600000000000001E+001 -1.2223007066367446E-010 -6.0156321715855264E-011 -5.4396145023765395E-010  9.9267422272547593E-012  2.1451983542576109E-012  2.3814522048675578E-011  1.0000000000000000E+000  0.0000000000000000E+000  9.9267422272546381E-012  2.1451983542576218E-012  2.3814522048675484E-011
  5.3680000000000000E+001 -1.2302543624123817E-010 -6.0326827469166617E-011 -5.4586831570128387E-010  9.9572530442400501E-012  2.1177944744014562E-012  2.3856781013617207E-011  1.0000000000000000E+000  0.0000000000000000E+000  9.9572530442399273E-012  2.1177944744014583E-012  2.3856781013617818E-011
  5.3759999999999998E+001 -1.2382323115075287E-010 -6.0495168831759497E-011 -5.4777853519983270E-010  9.9874271639873709E-012  2.0910406173265862E-012  2.3898354901685090E-011  1.0000000000000000E+000  0.0000000000000000E+000  9.9874271639873208E-012  2.0910406173266036E-012  2.3898354901685487E-011
  5.3840000000000003E+001 -1.2462342458747615E-010 -6.0661393967938871E-011 -5.4969205248555348E-010  1.0017163755975825E-011  2.0648370865875485E-012  2.3939226040623618E-011  1.0000000000000000E+000  0.0000000000000000E+000  1.0017163755975867E-011  2.0648370865875788E-012  2.3939226040624012E-011
  5.3920000000000002E+001 -1.2542597735170900E-010 -6.0825542765613505E-011 -5.5160881136633248E-010  1.0046358068587010E-011  2.0390786182803860E-012  2.3979407235302412E-011  1.0000000000000000E+000  0.0000000000000000E+000  1.0046358068587147E-011  2.0390786182804377E-012  2.3979407235302764E-011
  5.4000000000000000E+001 -1.2623084187845007E-010 -6.0987646546863733E-011 -5.5352875764320187E-010  1.0074906229530896E-011  2.0136543727204244E-012  2.4018926348191467E-011  1.0000000000000000E+000  0.0000000000000000E+000  1.0074906229530857E-011  2.0136543727205113E-012  2.4018926348191658E-011
  5.4079999999999998E+001 -1.2703796234843394E-010 -6.1147727465248773E-011 -5.5545183958204312E-010  1.0102703256454320E-011  1.9884415685894444E-012  2.4057809789733100E-011  1.0000000000000000E+000  0.0000000000000000E+000  1.0102703256454296E-011  1.9884415685895078E-012  2.4057809789732816E-011
  5.4160000000000004E+001 -1.2784727439948276E-010 -6.1305797197838044E-011 -5.5737800720955916E-010  1.0129636602435800E-011  1.9632965661456515E-012  2.4096070642070457E-011  1.0000000000000000E+000  0.0000000000000000E+000  1.0129636602435848E-011  1.9632965661456410E-012  2.4096070642070276E-011
  5.4240000000000002E+001 -1.2865870420482367E-010 -6.1461854915832077E-011 -5.5930721088477439E-010  1.0155579654637051E-011  1.9380482714395986E-012  2.4133704841091998E-011  1.0000000000000000E+000  0.0000000000000000E+000  1.0155579654636941E-011  1.9380482714395562E-012  2.4133704841092269E-011
  5.4320000000000000E+001 -1.2947216714422469E-010 -6.1615884921268380E-011 -5.6123939998413388E-010  1.0180388542471174E-011  1.9124983515787316E-012  2.4170696375019954E-011  1.0000000000000000E+000  0.0000000000000000E+000  1.0180388542471075E-011  1.9124983515786581E-012  2.4170696375020025E-011
  5.4399999999999999E+001 -1.3028756637161906E-010 -6.1767854652084674E-011 -5.6317452230477758E-010  1.0203903825234630E-011  1.8864299025119020E-012  2.4207028451609676E-011  1.0000000000000000E+000  0.0000000000000000E+000  1.0203903825234779E-011  1.8864299025118830E-012  2.4207028451609828E-011
  5.4480000000000004E+001 -1.3110479175626223E-010 -6.1917713705670284E-011 -5.6511252453639143E-010  1.0225957419014794E-011  1.8596231440206291E-012  2.4242696383253190E-011  1.0000000000000000E+000  0.0000000000000000E+000  1.0225957419015059E-011  1.8596231440206598E-012  2.4242696383253351E-011
  5.4560000000000002E+001 -1.3192371955866143E-010 -6.2065394355127975E-011 -5.6705335372609809E-010  1.0246383181554308E-011  1.8318735277624536E-012  2.4277718014713973E-011  1.0000000000000000E+000  0.0000000000000000E+000  1.0246383181554426E-011  1.8318735277624278E-012  2.4277718014713689E-011
  5.4640000000000001E+001 -1.3274421306531092E-010 -6.2210813470112277E-011 -5.6899695941874567E-010  1.0265028854366478E-011  1.8030079957756800E-012  2.4312138572400271E-011  1.0000000000000000E+000  0.0000000000000000E+000  1.0265028854366391E-011  1.8030079957756747E-012  2.4312138572400258E-011
  5.4719999999999999E+001 -1.3356612417536006E-010 -6.2353875634452083E-011 -5.7094329589768214E-010  1.0281767370251433E-011  1.7728960530653379E-012  2.4346029250769652E-011  1.0000000000000000E+000  0.0000000000000000E+000  1.0281767370251357E-011  1.7728960530652862E-012  2.4346029250769965E-011
  5.4800000000000004E+001 -1.3438929584455115E-010 -6.2494476838602731E-011 -5.7289232409886881E-010  1.0296506058634703E-011  1.7414545321692461E-012  2.4379479919942857E-011  1.0000000000000000E+000  0.0000000000000000E+000  1.0296506058634858E-011  1.7414545321691475E-012  2.4379479919943219E-011
  5.4880000000000003E+001 -1.3521356514474162E-010 -6.2632508359599163E-011 -5.7484401268487299E-010  1.0309192315523256E-011  1.7086465090664104E-012  2.4412587060902979E-011  1.0000000000000000E+000  0.0000000000000000E+000  1.0309192315523280E-011  1.7086465090663995E-012  2.4412587060902947E-011
  5.4960000000000001E+001 -1.3603876661503487E-010 -6.2767860280053356E-011 -5.7679833802861329E-010  1.0319814763198824E-011  1.6744755189788620E-012  2.4445438997737881E-011  1.0000000000000000E+000  0.0000000000000000E+000  1.0319814763198639E-011  1.6744755189789261E-012  2.4445438997737416E-011
  5.5039999999999999E+001 -1.3686473550685343E-010 -6.2900424442635781E-011 -5.7875528292451106E-010  1.0328399297558933E-011  1.6389773121280943E-012  2.4478101220354205E-011  1.0000000000000000E+000  0.0000000000000000E+000  1.0328399297558772E-011  1.6389773121281510E-012  2.4478101220353721E-011
  5.5120000000000005E+001 -1.3769131050264430E-010 -6.3030096649993851E-011 -5.8071483422386996E-010  1.0335000174048167E-011  1.6022104307733444E-012  2.4510605371473534E-011  1.0000000000000000E+000  0.0000000000000000E+000  1.0335000174048017E-011  1.6022104307733347E-012  2.4510605371473353E-011
  5.5200000000000003E+001 -1.3851833553470113E-010 -6.3156778111559516E-011 -5.8267697978394682E-010  1.0339688553703898E-011  1.5642474954184712E-012  2.4542945032298392E-011  1.0000000000000000E+000  0.0000000000000000E+000  1.0339688553703746E-011  1.5642474954184803E-012  2.4542945032298208E-011
  5.5280000000000001E+001 -1.3934566067123692E-010 -6.3280376249260807E-011 -5.8464170542903770E-010  1.0342541576295880E-011  1.5251693534635297E-012  2.4575080439673829E-011  1.0000000000000000E+000  0.0000000000000000E+000  1.0342541576295825E-011  1.5251693534635594E-012  2.4575080439673454E-011
  5.5359999999999999E+001 -1.4017314218690847E-010 -6.3400805208113681E-011 -5.8660899265429463E-010  1.0343634385959247E-011  1.4850638087705410E-012  2.4606951497878858E-011  1.0000000000000000E+000  0.0000000000000000E+000  1.0343634385959397E-011  1.4850638087705378E-012  2.4606951497878896E-011
  5.5439999999999998E+001 -1.4100064217299040E-010 -6.3517986458664093E-011 -5.8857881766869832E-010  1.0343037837324123E-011  1.4440296887165327E-012  2.4638494869268753E-011  1.0000000000000000E+000  0.0000000000000000E+000  1.0343037837324254E-011  1.4440296887165424E-012  2.4638494869269218E-011
  5.5520000000000003E+001 -1.4182802824088033E-010 -6.3631849958308326E-011 -5.9055115183337763E-010  1.0340821837809007E-011  1.4021841007790882E-012  2.4669659393275158E-011  1.0000000000000000E+000  0.0000000000000000E+000  1.0340821837808970E-011  1.4021841007790791E-012  2.4669659393275265E-011
  5.5600000000000001E+001 -1.4265517366703984E-010 -6.3742335914788747E-011 -5.9252596317162235E-010  1.0337061870743488E-011  1.3596695781611900E-012  2.4700414905867172E-011  1.0000000000000000E+000  0.0000000000000000E+000  1.0337061870743343E-011  1.3596695781611894E-012  2.4700414905866681E-011
  5.5680000000000000E+001 -1.4348195814019929E-010 -6.3849397090814116E-011 -5.9450321821831638E-010  1.0331845324328423E-011  1.3166575103276484E-012  2.4730751536667546E-011  1.0000000000000000E+000  0.0000000000000000E+000  1.0331845324328314E-011  1.3166575103275920E-012  2.4730751536667668E-011
  5.5759999999999998E+001 -1.4430826891893239E-010 -6.3953001116441171E-011 -5.9648288341748915E-010  1.0325274294569747E-011  1.2733442790888781E-012  2.4760670265033566E-011  1.0000000000000000E+000  0.0000000000000000E+000  1.0325274294569626E-011  1.2733442790888397E-012  2.4760670265034035E-011
  5.5840000000000003E+001 -1.4513400202733045E-010 -6.4053132175468337E-011 -5.9846492546072175E-010  1.0317463627489796E-011  1.2299401863070359E-012  2.4790169101896360E-011  1.0000000000000000E+000  0.0000000000000000E+000  1.0317463627489791E-011  1.2299401863071000E-012  2.4790169101896502E-011
  5.5920000000000002E+001 -1.4595906309933076E-010 -6.4149791546250297E-011 -6.0044931047379257E-010  1.0308534062171607E-011  1.1866537217410838E-012  2.4819229795995864E-011  1.0000000000000000E+000  0.0000000000000000E+000  1.0308534062171764E-011  1.1866537217411539E-012  2.4819229795996481E-011
  5.6000000000000000E+001 -1.4678336747727791E-010 -6.4242996770946910E-011 -6.0243600222808109E-010  1.0298602533152724E-011  1.1436753714205681E-012  2.4847809440755091E-011  1.0000000000000000E+000  0.0000000000000000E+000  1.0298602533152766E-011  1.1436753714205683E-012  2.4847809440755795E-011
  5.6079999999999998E+001 -1.4760683950463519E-010 -6.4332779605677588E-011 -6.0442495998431338E-010  1.0287772809452908E-011  1.1011651194549894E-012  2.4875839310204366E-011  1.0000000000000000E+000  0.0000000000000000E+000  1.0287772809452842E-011  1.1011651194549583E-012  2.4875839310204954E-011
  5.6160000000000004E+001 -1.4842941112679037E-010 -6.4419183190059708E-011 -6.0641613651771379E-010  1.0276127758170035E-011  1.0592464549659113E-012  2.4903230466596379E-011  1.0000000000000000E+000  0.0000000000000000E+000  1.0276127758169949E-011  1.0592464549659333E-012  2.4903230466597261E-011
  5.6240000000000002E+001 -1.4925101994594240E-010 -6.4502259038472134E-011 -6.0840947685896881E-010  1.0263724457478781E-011  1.0180071336888723E-012  2.4929884787627830E-011  1.0000000000000000E+000  0.0000000000000000E+000  1.0263724457478821E-011  1.0180071336889297E-012  2.4929884787628324E-011
  5.6320000000000000E+001 -1.5007160703998698E-010 -6.4582064331449928E-011 -6.1040491808373424E-010  1.0250592736832937E-011  9.7750442912569816E-013  2.4955708896264993E-011  1.0000000000000000E+000  0.0000000000000000E+000  1.0250592736833049E-011  9.7750442912573229E-013  2.4955708896265572E-011
  5.6399999999999999E+001 -1.5089111478383567E-010 -6.4658659747132245E-011 -6.1240239028237120E-010  1.0236736956070485E-011  9.3777231170966131E-013  2.4980628461254109E-011  1.0000000000000000E+000  0.0000000000000000E+000  1.0236736956070582E-011  9.3777231170962658E-013  2.4980628461254438E-011
  5.6480000000000004E+001 -1.5170948495295826E-010 -6.4732107901323474E-011 -6.1440181863753490E-010  1.0222140805939635E-011  8.9882834871826302E-013  2.5004599728652431E-011  1.0000000000000000E+000  0.0000000000000000E+000  1.0222140805939694E-011  8.9882834871821859E-013  2.5004599728652516E-011
  5.6560000000000002E+001 -1.5252665731278601E-010 -6.4802472282927167E-011 -6.1640312623895559E-010  1.0206774289226449E-011  8.6067854860923463E-013  2.5027615356282706E-011  1.0000000000000000E+000  0.0000000000000000E+000  1.0206774289226585E-011  8.6067854860920919E-013  2.5027615356282852E-011
  5.6640000000000001E+001 -1.5334256883923449E-010 -6.4869816469100951E-011 -6.1840623709454013E-010  1.0190601772763247E-011  8.2331981068482168E-013  2.5049702282594084E-011  1.0000000000000000E+000  0.0000000000000000E+000  1.0190601772763509E-011  8.2331981068485187E-013  2.5049702282594022E-011
  5.6719999999999999E+001 -1.5415715359642813E-010 -6.4934203452636739E-011 -6.2041107860417065E-010  1.0173589291246972E-011  7.8673971173500432E-013  2.5070911287038561E-011  1.0000000000000000E+000  0.0000000000000000E+000  1.0173589291247064E-011  7.8673971173502007E-013  2.5070911287038044E-011
  5.6800000000000004E+001 -1.5497034312583400E-010 -6.4995694822978552E-011 -6.2241758290046630E-010  1.0155709037491565E-011  7.5091366841912450E-013  2.5091300631668347E-011  1.0000000000000000E+000  0.0000000000000000E+000  1.0155709037491601E-011  7.5091366841911016E-013  2.5091300631668150E-011
  5.6880000000000003E+001 -1.5578206704242678E-010 -6.5054349639583799E-011 -6.2442568670523758E-010  1.0136939872194987E-011  7.1580021583656423E-013  2.5110918096229570E-011  1.0000000000000000E+000  0.0000000000000000E+000  1.0136939872194992E-011  7.1580021583663077E-013  2.5110918096230035E-011
  5.6960000000000001E+001 -1.5659225350538520E-010 -6.5110222857512402E-011 -6.2643532979586303E-010  1.0117264553039254E-011  6.8133613576510236E-013  2.5129788140725654E-011  1.0000000000000000E+000  0.0000000000000000E+000  1.0117264553039114E-011  6.8133613576512962E-013  2.5129788140726265E-011
  5.7039999999999999E+001 -1.5740082937091306E-010 -6.5163363421306215E-011 -6.2844645280775369E-010  1.0096665408522432E-011  6.4743340076613782E-013  2.5147908082358489E-011  1.0000000000000000E+000  0.0000000000000000E+000  1.0096665408522408E-011  6.4743340076609834E-013  2.5147908082358799E-011
  5.7120000000000005E+001 -1.5820771997074879E-010 -6.5213812201634984E-011 -6.3045899508904039E-010  1.0075121110771795E-011  6.1398052881524262E-013  2.5165254304032033E-011  1.0000000000000000E+000  0.0000000000000000E+000  1.0075121110771877E-011  6.1398052881527543E-013  2.5165254304032027E-011
  5.7200000000000003E+001 -1.5901284874863655E-010 -6.5261600305916654E-011 -6.3247289349639881E-010  1.0052606406530474E-011  5.8084954066804927E-013  2.5181796699258721E-011  1.0000000000000000E+000  0.0000000000000000E+000  1.0052606406530441E-011  5.8084954066814287E-013  2.5181796699258621E-011
  5.7280000000000001E+001 -1.5981613699579367E-010 -6.5306748128141872E-011 -6.3448808256092179E-010  1.0029095300916666E-011  5.4790764124484220E-013  2.5197515325746020E-011  1.0000000000000000E+000  0.0000000000000000E+000  1.0029095300916619E-011  5.4790764124487169E-013  2.5197515325745843E-011
  5.7359999999999999E+001 -1.6061750399678321E-010 -6.5349265528515829E-011 -6.3650449594851818E-010  1.0004566655360998E-011  5.1503098172981892E-013  2.5212413460032594E-011  1.0000000000000000E+000  0.0000000000000000E+000  1.0004566655361120E-011  5.1503098172974258E-013  2.5212413460032969E-011
  5.7439999999999998E+001 -1.6141686766065143E-010 -6.5389153085218643E-011 -6.3852206871452700E-010  9.9790099233575136E-012  4.8211659606488698E-013  2.5226523068134520E-011  1.0000000000000000E+000  0.0000000000000000E+000  9.9790099233575831E-012  4.8211659606484699E-013  2.5226523068134517E-011
  5.7520000000000003E+001 -1.6221414558452042E-010 -6.5426404183886211E-011 -6.4054073963941970E-010  9.9524293627888491E-012  4.4908920660755751E-013  2.5239901551448430E-011  1.0000000000000000E+000  0.0000000000000000E+000  9.9524293627887958E-012  4.4908920660759063E-013  2.5239901551447978E-011
  5.7600000000000001E+001 -1.6300925635869764E-010 -6.5461007358275852E-011 -6.4256045296275875E-010  9.9248455307202846E-012  4.1590122994326221E-013  2.5252621154018107E-011  1.0000000000000000E+000  0.0000000000000000E+000  9.9248455307202442E-012  4.1590122994322208E-013  2.5252621154018262E-011
  5.7680000000000000E+001 -1.6380212086943566E-010 -6.5492948380677133E-011 -6.4458115902406260E-010  9.8962945559005324E-012  3.8252777864262464E-013  2.5264754167152952E-011  1.0000000000000000E+000  0.0000000000000000E+000  9.8962945559004565E-012  3.8252777864254497E-013  2.5264754167153472E-011
  5.7759999999999998E+001 -1.6459266348764173E-010 -6.5522211802858672E-011 -6.4660281362950322E-010  9.8668259891797574E-012  3.4895888249286524E-013  2.5276357258527468E-011  1.0000000000000000E+000  0.0000000000000000E+000  9.8668259891796088E-012  3.4895888249280910E-013  2.5276357258527309E-011
  5.7840000000000003E+001 -1.6538081302770442E-010 -6.5548781801875991E-011 -6.4862537618542699E-010  9.8364998565678163E-012  3.1519251323290487E-013  2.5287458304262714E-011  1.0000000000000000E+000  0.0000000000000000E+000  9.8364998565677113E-012  3.1519251323283924E-013  2.5287458304262611E-011
  5.7920000000000002E+001 -1.6616650346469258E-010 -6.5572642604975937E-011 -6.5064880695818526E-010  9.8053835679333229E-012  2.8123085278942356E-013  2.5298048652305393E-011  1.0000000000000000E+000  0.0000000000000000E+000  9.8053835679332842E-012  2.8123085278939079E-013  2.5298048652305571E-011
  5.8000000000000000E+001 -1.6694967439857376E-010 -6.5593778738322299E-011 -6.5267306396979585E-010  9.7735491603389539E-012  2.4707989304592504E-013  2.5308082836397194E-011  1.0000000000000000E+000  0.0000000000000000E+000  9.7735491603390153E-012  2.4707989304592565E-013  2.5308082836397155E-011
  5.8079999999999998E+001 -1.6773027133034681E-010 -6.5612175387863285E-011 -6.5469810021200881E-010  9.7410711272781528E-012  2.1275246830584550E-013  2.5317487236319116E-011  1.0000000000000000E+000  0.0000000000000000E+000  9.7410711272782788E-012  2.1275246830589402E-013  2.5317487236318644E-011
  5.8160000000000004E+001 -1.6850824577893826E-010 -6.5627819133251234E-011 -6.5672386192760691E-010  9.7080241930088517E-012  1.7827308379709365E-013  2.5326175695061438E-011  1.0000000000000000E+000  0.0000000000000000E+000  9.7080241930088485E-012  1.7827308379714863E-013  2.5326175695060979E-011
  5.8240000000000002E+001 -1.6928355520122823E-010 -6.5640699081270820E-011 -6.5875028832321864E-010  9.6744819392102186E-012  1.4368263027495131E-013  2.5334068559342684E-011  1.0000000000000000E+000  0.0000000000000000E+000  9.6744819392100700E-012  1.4368263027489712E-013  2.5334068559342374E-011
  5.8320000000000000E+001 -1.7005616288921189E-010 -6.5650808354095226E-011 -6.6077731289710174E-010  9.6405163024754439E-012  1.0904212264200102E-013  2.5341109832931534E-011  1.0000000000000000E+000  0.0000000000000000E+000  9.6405163024752322E-012  1.0904212264192120E-013  2.5341109832931515E-011
  5.8399999999999999E+001 -1.7082603780962430E-010 -6.5658145820893540E-011 -6.6280486589648768E-010  9.6061972211527935E-012  7.4434341842269072E-014  2.5347276352731966E-011  1.0000000000000000E+000  0.0000000000000000E+000  9.6061972211527854E-012  7.4434341842261032E-014  2.5347276352732412E-011
  5.8480000000000004E+001 -1.7159315444459634E-010 -6.5662717848789989E-011 -6.6483287711353886E-010  9.5715920206137354E-012  3.9961739961781548E-014  2.5352575681135454E-011  1.0000000000000000E+000  0.0000000000000000E+000  9.5715920206137516E-012  3.9961739961761990E-014  2.5352575681135528E-011
  5.8560000000000002E+001 -1.7235749253292250E-010 -6.5664539699287425E-011 -6.6686127800546936E-010  9.5367635913905486E-012  5.7405944409087390E-015  2.5357033415512302E-011  1.0000000000000000E+000  0.0000000000000000E+000  9.5367635913905147E-012  5.7405944408555319E-015  2.5357033415511666E-011
  5.8640000000000001E+001 -1.7311903661921883E-010 -6.5663636343900535E-011 -6.6889000246002082E-010  9.5017672787011157E-012 -2.8108214179167098E-014  2.5360674690478255E-011  1.0000000000000000E+000  0.0000000000000000E+000  9.5017672787011787E-012 -2.8108214179236679E-014  2.5360674690478077E-011
  5.8719999999999999E+001 -1.7387777529751467E-010 -6.5660042385018759E-011 -6.7091898595594588E-010  9.4666470625341860E-012 -6.1470589621794684E-014  2.5363505929610986E-011  1.0000000000000000E+000  0.0000000000000000E+000  9.4666470625342636E-012 -6.1470589621881509E-014  2.5363505929611390E-011
  5.8800000000000004E+001 -1.7463370014922430E-010 -6.5653801049561048E-011 -6.7294816340875858E-010  9.4314326573074475E-012 -9.4249502086993287E-014  2.5365503251030065E-011  1.0000000000000000E+000  0.0000000000000000E+000  9.4314326573075040E-012 -9.4249502087037438E-014  2.5365503251029729E-011
  5.8880000000000003E+001 -1.7538680452268387E-010 -6.5644962464684840E-011 -6.7497746647611069E-010  9.3961391307506835E-012 -1.2637157618482687E-013  2.5366610506713944E-011  1.0000000000000000E+000  0.0000000000000000E+000  9.3961391307507093E-012 -1.2637157618489972E-013  2.5366610506713476E-011
  5.8960000000000001E+001 -1.7613708241014441E-010 -6.5633581597371475E-011 -6.7700682108983281E-010  9.3607696989086730E-012 -1.5778767490924535E-013  2.5366747150560521E-011  1.0000000000000000E+000  0.0000000000000000E+000  9.3607696989086908E-012 -1.5778767490927605E-013  2.5366747150560434E-011
  5.9039999999999999E+001 -1.7688452767450925E-010 -6.5619716436699360E-011 -6.7903614602020037E-010  9.3253209503294346E-012 -1.8846782785027523E-013  2.5365823508932240E-011  1.0000000000000000E+000  0.0000000000000000E+000  9.3253209503292747E-012 -1.8846782785025165E-013  2.5365823508931720E-011
  5.9120000000000005E+001 -1.7762913376219712E-010 -6.5603426744915431E-011 -6.8106535285126197E-010  9.2897890953846735E-012 -2.1839263900234432E-013  2.5363758606943711E-011  1.0000000000000000E+000  0.0000000000000000E+000  9.2897890953845426E-012 -2.1839263900240041E-013  2.5363758606943256E-011
  5.9200000000000003E+001 -1.7837089392977080E-010 -6.5584773614458985E-011 -6.8309434739731136E-010  9.2541748711212345E-012 -2.4754476228541761E-013  2.5360496634645981E-011  1.0000000000000000E+000  0.0000000000000000E+000  9.2541748711211570E-012 -2.4754476228543710E-013  2.5360496634645723E-011
  5.9280000000000001E+001 -1.7910980174157652E-010 -6.5563819582949764E-011 -6.8512303231280533E-010  9.2184850510019138E-012 -2.7590382276977350E-013  2.5356018476109643E-011  1.0000000000000000E+000  0.0000000000000000E+000  9.2184850510018395E-012 -2.7590382276980182E-013  2.5356018476109217E-011
  5.9359999999999999E+001 -1.7984585153793111E-010 -6.5540629002815822E-011 -6.8715131035348891E-010  9.1827305605117679E-012 -3.0344585412630194E-013  2.5350345862359422E-011  1.0000000000000000E+000  0.0000000000000000E+000  9.1827305605118051E-012 -3.0344585412631618E-013  2.5350345862359280E-011
  5.9439999999999998E+001 -1.8057903863125840E-010 -6.5515268246289556E-011 -6.8917908765078284E-010  9.1469222493927663E-012 -3.3014763107802056E-013  2.5343536809777468E-011  1.0000000000000000E+000  0.0000000000000000E+000  9.1469222493926984E-012 -3.3014763107798663E-013  2.5343536809776967E-011
  5.9520000000000003E+001 -1.8130935909783395E-010 -6.5487805381843338E-011 -6.9120627624305330E-010  9.1110661317943538E-012 -3.5599355724611672E-013  2.5335672658302070E-011  1.0000000000000000E+000  0.0000000000000000E+000  9.1110661317942827E-012 -3.5599355724605613E-013  2.5335672658301240E-011
  5.9600000000000001E+001 -1.8203680921234549E-010 -6.5458309277130177E-011 -6.9323279527611117E-010  9.0751600287109934E-012 -3.8098252975609193E-013  2.5326839616180327E-011  1.0000000000000000E+000  0.0000000000000000E+000  9.0751600287111243E-012 -3.8098252975598146E-013  2.5326839616179752E-011
  5.9680000000000000E+001 -1.8276138470242771E-010 -6.5426848177082364E-011 -6.9525857058164215E-010  9.0391929726449317E-012 -4.0513279993667213E-013  2.5317109717925358E-011  1.0000000000000000E+000  0.0000000000000000E+000  9.0391929726451740E-012 -4.0513279993662840E-013  2.5317109717925309E-011
  5.9759999999999998E+001 -1.8348308008796868E-010 -6.5393488029140310E-011 -6.9728353283097922E-010  9.0031478694123401E-012 -4.2848403980955584E-013  2.5306526366118785E-011  1.0000000000000000E+000  0.0000000000000000E+000  9.0031478694124532E-012 -4.2848403980961259E-013  2.5306526366118500E-011
  5.9840000000000003E+001 -1.8420188836153368E-010 -6.5358290730712835E-011 -6.9930761480022116E-010  8.9670071764008863E-012 -4.5109602931113055E-013  2.5295099627657231E-011  1.0000000000000000E+000  0.0000000000000000E+000  8.9670071764009541E-012 -4.5109602931120774E-013  2.5295099627656811E-011
  5.9920000000000002E+001 -1.8491780123619283E-010 -6.5321312664450529E-011 -7.0133074877140438E-010  8.9307609010813625E-012 -4.7304368505468677E-013  2.5282813345197234E-011  1.0000000000000000E+000  0.0000000000000000E+000  8.9307609010814319E-012 -4.7304368505472363E-013  2.5282813345197285E-011
  6.0000000000000000E+001 -1.8563081010570670E-010 -6.5282603741104085E-011 -7.0335286493545272E-010  8.8944146399046307E-012 -4.9440937399966051E-013  2.5269641572536732E-011  1.0000000000000000E+000  0.0000000000000000E+000  8.8944146399047228E-012 -4.9440937399967081E-013  2.5269641572537113E-011
  6.0079999999999998E+001 -1.8634090757857757E-010 -6.5242207164610583E-011 -7.0537389142301026E-010  8.8579959154533031E-012 -5.1527304894865852E-013  2.5255569241554646E-011  1.0000000000000000E+000  0.0000000000000000E+000  8.8579959154534032E-012 -5.1527304894872254E-013  2.5255569241554969E-011
  6.0160000000000004E+001 -1.8704808945217923E-010 -6.5200160053272299E-011 -7.0739375601410146E-010  8.8215573491084907E-012 -5.3570207388245013E-013  2.5240610124108303E-011  1.0000000000000000E+000  0.0000000000000000E+000  8.8215573491084745E-012 -5.3570207388254363E-013  2.5240610124108090E-011
  6.0240000000000002E+001 -1.8775235675443493E-010 -6.5156494832789391E-011 -7.0941238904286759E-010  8.7851744528609471E-012 -5.5574320437728556E-013  2.5224816371767207E-011  1.0000000000000000E+000  0.0000000000000000E+000  8.7851744528608243E-012 -5.5574320437733241E-013  2.5224816371766580E-011
  6.0320000000000000E+001 -1.8845371736463698E-010 -6.5111241140571934E-011 -7.1142972663358421E-010  8.7489383161869164E-012 -5.7541885218698125E-013  2.5208276879030047E-011  1.0000000000000000E+000  0.0000000000000000E+000  8.7489383161868679E-012 -5.7541885218701347E-013  2.5208276879029514E-011
  6.0399999999999999E+001 -1.8915218688502483E-010 -6.5064427816439474E-011 -7.1344571334351239E-010  8.7129447226966196E-012 -5.9472950908761739E-013  2.5191105458012701E-011  1.0000000000000000E+000  0.0000000000000000E+000  8.7129447226966374E-012 -5.9472950908762214E-013  2.5191105458012167E-011
  6.0480000000000004E+001 -1.8984778852026844E-010 -6.5016084419117915E-011 -7.1546030350686625E-010  8.6772823651272780E-012 -6.1366094130159504E-013  2.5173422395926562E-011  1.0000000000000000E+000  0.0000000000000000E+000  8.6772823651272215E-012 -6.1366094130159837E-013  2.5173422395926126E-011
  6.0560000000000002E+001 -1.9054055206344520E-010 -6.4966242065831219E-011 -7.1747346092686064E-010  8.6420238328920686E-012 -6.3219347926324277E-013  2.5155334488210995E-011  1.0000000000000000E+000  0.0000000000000000E+000  8.6420238328921203E-012 -6.3219347926324570E-013  2.5155334488211292E-011
  6.0640000000000001E+001 -1.9123051233353117E-010 -6.4914933462435796E-011 -7.1948515702498001E-010  8.6072216870384856E-012 -6.5031047106281875E-013  2.5136918209910827E-011  1.0000000000000000E+000  0.0000000000000000E+000  8.6072216870384921E-012 -6.5031047106275867E-013  2.5136918209911170E-011
  6.0719999999999999E+001 -1.9191770753337135E-010 -6.4862192390461168E-011 -7.2149536784044638E-010  8.5729109901225679E-012 -6.6800231467451980E-013  2.5118209641064981E-011  1.0000000000000000E+000  0.0000000000000000E+000  8.5729109901224952E-012 -6.6800231467441388E-013  2.5118209641065498E-011
  6.0800000000000004E+001 -1.9260217809195078E-010 -6.4808053092087873E-011 -7.2350407056755040E-010  8.5391175098954080E-012 -6.8526563989593902E-013  2.5099203244050807E-011  1.0000000000000000E+000  0.0000000000000000E+000  8.5391175098952966E-012 -6.8526563989591367E-013  2.5099203244051450E-011
  6.0880000000000003E+001 -1.9328396633495462E-010 -6.4752549888077818E-011 -7.2551124035949451E-010  8.5058685182479932E-012 -7.0209826703911546E-013  2.5079859704131843E-011  1.0000000000000000E+000  0.0000000000000000E+000  8.5058685182478349E-012 -7.0209826703917937E-013  2.5079859704132179E-011
  6.0960000000000001E+001 -1.9396311705487046E-010 -6.4695717369361614E-011 -7.2751684812021150E-010  8.4732029029521639E-012 -7.1849223662468234E-013  2.5060121539438418E-011  1.0000000000000000E+000  0.0000000000000000E+000  8.4732029029521171E-012 -7.1849223662470102E-013  2.5060121539438308E-011
  6.1039999999999999E+001 -1.9463967879942697E-010 -6.4637591130217869E-011 -7.2952085980580465E-010  8.4411775567542286E-012 -7.3442778244222279E-013  2.5039932736150638E-011  1.0000000000000000E+000  0.0000000000000000E+000  8.4411775567541866E-012 -7.3442778244220512E-013  2.5039932736150350E-011
  6.1120000000000005E+001 -1.9531370546395114E-010 -6.4578208924170859E-011 -7.3152323735799560E-010  8.4098676424716477E-012 -7.4986937704371485E-013  2.5019256839977528E-011  1.0000000000000000E+000  0.0000000000000000E+000  8.4098676424715960E-012 -7.4986937704369739E-013  2.5019256839978042E-011
  6.1200000000000003E+001 -1.9598525762222243E-010 -6.4517612029890874E-011 -7.3352394090020106E-010  8.3793604638076463E-012 -7.6476496963965729E-013  2.4998088132677675E-011  1.0000000000000000E+000  0.0000000000000000E+000  8.3793604638077869E-012 -7.6476496963968597E-013  2.4998088132678499E-011
  6.1280000000000001E+001 -1.9665440313816036E-010 -6.4455846529028514E-011 -7.3552293145922403E-010  8.3497441707159677E-012 -7.7904841979165919E-013  2.4976451836086556E-011  1.0000000000000000E+000  0.0000000000000000E+000  8.3497441707161131E-012 -7.7904841979173542E-013  2.4976451836087019E-011
  6.1359999999999999E+001 -1.9732121668953698E-010 -6.4392964282724209E-011 -7.3752017319397491E-010  8.3210940477459780E-012 -7.9264403324254627E-013  2.4954392875044337E-011  1.0000000000000000E+000  0.0000000000000000E+000  8.3210940477459392E-012 -7.9264403324252789E-013  2.4954392875044195E-011
  6.1439999999999998E+001 -1.9798577818579972E-010 -6.4329023483709706E-011 -7.3951563431923112E-010  8.2934599520647786E-012 -8.0547336807532872E-013  2.4931956381513331E-011  1.0000000000000000E+000  0.0000000000000000E+000  8.2934599520646719E-012 -8.0547336807531206E-013  2.4931956381513395E-011
  6.1520000000000003E+001 -1.9864817028186735E-010 -6.4264088543832156E-011 -7.4150928621501704E-010  8.2668587056514145E-012 -8.1746301112384667E-013  2.4909166325798931E-011  1.0000000000000000E+000  0.0000000000000000E+000  8.2668587056512739E-012 -8.1746301112386848E-013  2.4909166325799209E-011
  6.1600000000000001E+001 -1.9930847557870394E-010 -6.4198229401929891E-011 -7.4350110093135895E-010  8.2412736991610488E-012 -8.2855179815663726E-013  2.4886009250462917E-011  1.0000000000000000E+000  0.0000000000000000E+000  8.2412736991609147E-012 -8.2855179815664413E-013  2.4886009250463023E-011
  6.1680000000000000E+001 -1.9996677407373312E-010 -6.4131520256127094E-011 -7.4549104769509111E-010  8.2166622861336555E-012 -8.3869625662188686E-013  2.4862428101413362E-011  1.0000000000000000E+000  0.0000000000000000E+000  8.2166622861335909E-012 -8.3869625662185243E-013  2.4862428101413449E-011
  6.1759999999999998E+001 -2.0062314154448533E-010 -6.4064038000870389E-011 -7.4747908942758509E-010  8.1929699971856940E-012 -8.4787221402129154E-013  2.4838327483154967E-011  1.0000000000000000E+000  0.0000000000000000E+000  8.1929699971857748E-012 -8.4787221402124075E-013  2.4838327483154715E-011
  6.1840000000000003E+001 -2.0127764927328283E-010 -6.3995860701883688E-011 -7.4946518009239590E-010  8.1701477084922051E-012 -8.5607268741009979E-013  2.4813588299852939E-011  1.0000000000000000E+000  0.0000000000000000E+000  8.1701477084923618E-012 -8.5607268741017249E-013  2.4813588299852804E-011
  6.1920000000000002E+001 -2.0193036517784408E-010 -6.3927066370884773E-011 -7.5144926355556156E-010  8.1481668850667766E-012 -8.6330290070554086E-013  2.4788087833474436E-011  1.0000000000000000E+000  0.0000000000000000E+000  8.1481668850668800E-012 -8.6330290070560952E-013  2.4788087833474704E-011
  6.2000000000000000E+001 -2.0258135597489351E-010 -6.3857732237770801E-011 -7.5343127414575181E-010  8.1270289531571620E-012 -8.6957407347258498E-013  2.4761719528831472E-011  1.0000000000000000E+000  0.0000000000000000E+000  8.1270289531572104E-012 -8.6957407347256660E-013  2.4761719528831685E-011
  6.2079999999999998E+001 -2.0323068981034923E-010 -6.3787934519129159E-011 -7.5541113868017459E-010  8.1067659666583326E-012 -8.7489882229063369E-013  2.4734408518470488E-011  1.0000000000000000E+000  0.0000000000000000E+000  8.1067659666584796E-012 -8.7489882229063550E-013  2.4734408518470972E-011
  6.2160000000000004E+001 -2.0387843852955884E-010 -6.3717748426204300E-011 -7.5738877950870709E-010  8.0874326030808720E-012 -8.7928954543328096E-013  2.4706119516831106E-011  1.0000000000000000E+000  0.0000000000000000E+000  8.0874326030808769E-012 -8.7928954543329268E-013  2.4706119516832082E-011
  6.2240000000000002E+001 -2.0452467902684217E-010 -6.3647248191859834E-011 -7.5936411780286757E-010  8.0690919458546088E-012 -8.8275933762336117E-013  2.4676855818121989E-011  1.0000000000000000E+000  0.0000000000000000E+000  8.0690919458544246E-012 -8.8275933762332694E-013  2.4676855818122774E-011
  6.2320000000000000E+001 -2.0516949324089558E-010 -6.3576506932184562E-011 -7.6133707643960661E-010  8.0517995661028742E-012 -8.8532488156992694E-013  2.4646649967883244E-011  1.0000000000000000E+000  0.0000000000000000E+000  8.0517995661027951E-012 -8.8532488156991654E-013  2.4646649967883706E-011
  6.2399999999999999E+001 -2.0581296695741863E-010 -6.3505596210808646E-011 -7.6330758179772889E-010  8.0355907501996556E-012 -8.8700916863346164E-013  2.4615548003748191E-011  1.0000000000000000E+000  0.0000000000000000E+000  8.0355907501996217E-012 -8.8700916863343619E-013  2.4615548003748460E-011
  6.2480000000000004E+001 -2.0645518776092753E-010 -6.3434585465203208E-011 -7.6527556412020632E-010  8.0204741648656821E-012 -8.8784273782764950E-013  2.4583591345974333E-011  1.0000000000000000E+000  0.0000000000000000E+000  8.0204741648655544E-012 -8.8784273782760679E-013  2.4583591345974498E-011
  6.2560000000000002E+001 -2.0709624282379714E-010 -6.3363541372756222E-011 -7.6724095641308478E-010  8.0064347315992430E-012 -8.8786372071355324E-013  2.4550801620460137E-011  1.0000000000000000E+000  0.0000000000000000E+000  8.0064347315990346E-012 -8.8786372071349599E-013  2.4550801620459908E-011
  6.2640000000000001E+001 -2.0773621731798341E-010 -6.3292527269889040E-011 -7.6920369237947994E-010  7.9934440206817067E-012 -8.8711640177988821E-013  2.4517173220956045E-011  1.0000000000000000E+000  0.0000000000000000E+000  7.9934440206815903E-012 -8.8711640177981177E-013  2.4517173220955881E-011
  6.2719999999999999E+001 -2.0837519386710621E-010 -6.3221602748471440E-011 -7.7116370412843775E-010  7.9814755680733292E-012 -8.8564925118820975E-013  2.4482676630258606E-011  1.0000000000000000E+000  0.0000000000000000E+000  7.9814755680733664E-012 -8.8564925118817683E-013  2.4482676630259048E-011
  6.2800000000000004E+001 -2.0901325340887514E-010 -6.3150823389698926E-011 -7.7312092064032132E-010  7.9705213446548605E-012 -8.8351328861168108E-013  2.4447272277399237E-011  1.0000000000000000E+000  0.0000000000000000E+000  7.9705213446549413E-012 -8.8351328861166149E-013  2.4447272277399451E-011
  6.2880000000000003E+001 -2.0965047728225099E-010 -6.3080240622293571E-011 -7.7507526769282163E-010  7.9606043195806195E-012 -8.8076043499651952E-013  2.4410930553217854E-011  1.0000000000000000E+000  0.0000000000000000E+000  7.9606043195806227E-012 -8.8076043499650862E-013  2.4410930553217315E-011
  6.2960000000000001E+001 -2.1028695010000804E-010 -6.3009901720099483E-011 -7.7702666952883617E-010  7.9517831457485623E-012 -8.7744146903176101E-013  2.4373651952671547E-011  1.0000000000000000E+000  0.0000000000000000E+000  7.9517831457484864E-012 -8.7744146903177787E-013  2.4373651952671010E-011
  6.3039999999999999E+001 -2.1092276258557076E-010 -6.2939849987248489E-011 -7.7897505200524908E-010  7.9441470943677080E-012 -8.7360445499597458E-013  2.4335480639772678E-011  1.0000000000000000E+000  0.0000000000000000E+000  7.9441470943676741E-012 -8.7360445499596206E-013  2.4335480639772300E-011
  6.3120000000000005E+001 -2.1155801363510687E-010 -6.2870125007300127E-011 -7.8092034643119980E-010  7.9378022514383734E-012 -8.6929364051494318E-013  2.4296507342045067E-011  1.0000000000000000E+000  0.0000000000000000E+000  7.9378022514384267E-012 -8.6929364051489522E-013  2.4296507342044734E-011
  6.3200000000000003E+001 -2.1219281094580090E-010 -6.2800763004766098E-011 -7.8286249317997629E-010  7.9328519904076877E-012 -8.6454879089170072E-013  2.4256860926353130E-011  1.0000000000000000E+000  0.0000000000000000E+000  7.9328519904076214E-012 -8.6454879089173535E-013  2.4256860926353088E-011
  6.3280000000000001E+001 -2.1282726995357210E-010 -6.2731797200757455E-011 -7.8480144417941630E-010  7.9293773513019980E-012 -8.5940572346803508E-013  2.4216691061346174E-011  1.0000000000000000E+000  0.0000000000000000E+000  7.9293773513018138E-012 -8.5940572346805204E-013  2.4216691061346106E-011
  6.3359999999999999E+001 -2.1346151132200922E-010 -6.2663258089011213E-011 -7.8673716374979167E-010  7.9274227082171869E-012 -8.5389662331740346E-013  2.4176147506584529E-011  1.0000000000000000E+000  0.0000000000000000E+000  7.9274227082170140E-012 -8.5389662331739770E-013  2.4176147506584894E-011
  6.3440000000000005E+001 -2.1409565758688685E-010 -6.2595173741026670E-011 -7.8866962778046983E-010  7.9269904058207728E-012 -8.4804941651619318E-013  2.4135361030222760E-011  1.0000000000000000E+000  0.0000000000000000E+000  7.9269904058207324E-012 -8.4804941651621842E-013  2.4135361030223280E-011
  6.3520000000000003E+001 -2.1472982978694054E-010 -6.2527570182368622E-011 -7.9059882151462732E-010  7.9280454242120948E-012 -8.4188621095075695E-013  2.4094429827368339E-011  1.0000000000000000E+000  0.0000000000000000E+000  7.9280454242121352E-012 -8.4188621095070212E-013  2.4094429827367822E-011
  6.3600000000000001E+001 -2.1536414485476079E-010 -6.2460471947274549E-011 -7.9252473655284876E-010  7.9305284939536426E-012 -8.3542046861712943E-013  2.4053414430753403E-011  1.0000000000000000E+000  0.0000000000000000E+000  7.9305284939535489E-012 -8.3542046861712347E-013  2.4053414430752504E-011
  6.3680000000000000E+001 -2.1599871434597312E-010 -6.2393902907389881E-011 -7.9444736782354786E-010  7.9343734196837674E-012 -8.2865508864191296E-013  2.4012341623905866E-011  1.0000000000000000E+000  0.0000000000000000E+000  7.9343734196836672E-012 -8.2865508864197506E-013  2.4012341623905462E-011
  6.3759999999999998E+001 -2.1663364460191019E-010 -6.2327887133091843E-011 -7.9636671121267370E-010  7.9395234434087293E-012 -8.2158252777898603E-013  2.3971215926705387E-011  1.0000000000000000E+000  0.0000000000000000E+000  7.9395234434087228E-012 -8.2158252777899189E-013  2.3971215926704928E-011
  6.3840000000000003E+001 -2.1726903809691852E-010 -6.2262449702945243E-011 -7.9828276237182072E-010  7.9459429099256920E-012 -8.1418745488742283E-013  2.3930035592059915E-011  1.0000000000000000E+000  0.0000000000000000E+000  7.9459429099255644E-012 -8.1418745488743172E-013  2.3930035592059492E-011
  6.3920000000000002E+001 -2.1790499546749830E-010 -6.2197617140309855E-011 -8.0019551690740329E-010  7.9536212548989163E-012 -8.0645195230158843E-013  2.3888808862796468E-011  1.0000000000000000E+000  0.0000000000000000E+000  7.9536212548987289E-012 -8.0645195230164740E-013  2.3888808862796869E-011
  6.4000000000000000E+001 -2.1854161749770235E-010 -6.2133417390576989E-011 -8.0210497178986816E-010  7.9625685448141806E-012 -7.9836110412021619E-013  2.3847565717187030E-011  1.0000000000000000E+000  0.0000000000000000E+000  7.9625685448141047E-012 -7.9836110412028990E-013  2.3847565717187441E-011
  6.4079999999999998E+001 -2.1917900643466857E-010 -6.2069879363650621E-011 -8.0401112742215321E-010  7.9728037338447529E-012 -7.8990713628245131E-013  2.3806360763161756E-011  1.0000000000000000E+000  0.0000000000000000E+000  7.9728037338446544E-012 -7.8990713628249846E-013  2.3806360763161717E-011
  6.4159999999999997E+001 -2.1981726609511751E-010 -6.2007032248771797E-011 -8.0591398951197404E-010  7.9843391890429251E-012 -7.8109073207655748E-013  2.3765265459681494E-011  1.0000000000000000E+000  0.0000000000000000E+000  7.9843391890428476E-012 -7.8109073207657555E-013  2.3765265459681775E-011
  6.4239999999999995E+001 -2.2045650070491544E-010 -6.1944904846518372E-011 -8.0781356989570225E-010  7.9971657455371848E-012 -7.7191948061654819E-013  2.3724351431712548E-011  1.0000000000000000E+000  0.0000000000000000E+000  7.9971657455372931E-012 -7.7191948061656131E-013  2.3724351431713088E-011
  6.4320000000000007E+001 -2.2109681261440346E-010 -6.1883525131873149E-011 -8.0970988574104805E-010  8.0112428927562535E-012 -7.6240368513585578E-013  2.3683669515688028E-011  1.0000000000000000E+000  0.0000000000000000E+000  8.0112428927563052E-012 -7.6240368513593424E-013  2.3683669515688522E-011
  6.4400000000000006E+001 -2.2173829956775644E-010 -6.1822920256896635E-011 -8.1160295701821233E-010  8.0264981139681805E-012 -7.5255102998775919E-013  2.3643231393565006E-011  1.0000000000000000E+000  0.0000000000000000E+000  8.0264981139680819E-012 -7.5255102998786430E-013  2.3643231393565239E-011
  6.4480000000000004E+001 -2.2238105231263837E-010 -6.1763116967075108E-011 -8.1349280276401845E-010  8.0428362572007683E-012 -7.4236144740968725E-013  2.3602999455574253E-011  1.0000000000000000E+000  0.0000000000000000E+000  8.0428362572007069E-012 -7.4236144740971573E-013  2.3602999455574544E-011
  6.4560000000000002E+001 -2.2302515336890856E-010 -6.1704142425311085E-011 -8.1537943693110421E-010  8.0601569596058523E-012 -7.3182322189431348E-013  2.3562888050708582E-011  1.0000000000000000E+000  0.0000000000000000E+000  8.0601569596058442E-012 -7.3182322189429107E-013  2.3562888050708547E-011
  6.4640000000000001E+001 -2.2367067742617530E-010 -6.1646025251572018E-011 -8.1726286485213182E-010  8.0783753574167989E-012 -7.2091182518450394E-013  2.3522776200797770E-011  1.0000000000000000E+000  0.0000000000000000E+000  8.0783753574168070E-012 -7.2091182518448051E-013  2.3522776200797635E-011
  6.4719999999999999E+001 -2.2431769342609525E-010 -6.1588796533281564E-011 -8.1914308112323186E-010  8.0974403486112224E-012 -7.0959153364187825E-013  2.3482527054670820E-011  1.0000000000000000E+000  0.0000000000000000E+000  8.0974403486113533E-012 -7.0959153364189107E-013  2.3482527054671305E-011
  6.4799999999999997E+001 -2.2496626788195310E-010 -6.1532490606189317E-011 -8.2102006918087915E-010  8.1173449807830877E-012 -6.9782043942926044E-013  2.3442008898028472E-011  1.0000000000000000E+000  0.0000000000000000E+000  8.1173449807832089E-012 -6.9782043942928831E-013  2.3442008898028627E-011
  6.4879999999999995E+001 -2.2561646862302054E-010 -6.1477145262972882E-011 -8.2289380254691641E-010  8.1381266900381264E-012 -6.8555796309804572E-013  2.3401112918934343E-011  1.0000000000000000E+000  0.0000000000000000E+000  8.1381266900379810E-012 -6.8555796309803269E-013  2.3401112918934126E-011
  6.4960000000000008E+001 -2.2626836815235920E-010 -6.1422801332093630E-011 -8.2476424724790865E-010  8.1598579380844612E-012 -6.7277305064837946E-013  2.3359763229941692E-011  1.0000000000000000E+000  0.0000000000000000E+000  8.1598579380842108E-012 -6.7277305064841056E-013  2.3359763229941721E-011
  6.5040000000000006E+001 -2.2692204589311406E-010 -6.1369501574869142E-011 -8.2663136466370708E-010  8.1826305943512977E-012 -6.5945072493168288E-013  2.3317917910775908E-011  1.0000000000000000E+000  0.0000000000000000E+000  8.1826305943512718E-012 -6.5945072493168893E-013  2.3317917910775969E-011
  6.5120000000000005E+001 -2.2757758904745541E-010 -6.1317289216104561E-011 -8.2849511411363279E-010  8.2065390575615881E-012 -6.4559451863997757E-013  2.3275561989487937E-011  1.0000000000000000E+000  0.0000000000000000E+000  8.2065390575616220E-012 -6.4559451863994657E-013  2.3275561989488292E-011
  6.5200000000000003E+001 -2.2823509214232391E-010 -6.1266206451886745E-011 -8.3035545458202515E-010  8.2316660204474127E-012 -6.3122343680319502E-013  2.3232693930606963E-011  1.0000000000000000E+000  0.0000000000000000E+000  8.2316660204474079E-012 -6.3122343680325944E-013  2.3232693930607477E-011
  6.5280000000000001E+001 -2.2889465561072699E-010 -6.1216293466216049E-011 -8.3221234514252991E-010  8.2580743424705633E-012 -6.1636435760658176E-013  2.3189309282077618E-011  1.0000000000000000E+000  0.0000000000000000E+000  8.2580743424705924E-012 -6.1636435760663507E-013  2.3189309282078161E-011
  6.5359999999999999E+001 -2.2955638403711920E-010 -6.1167588154669692E-011 -8.3406574406715757E-010  8.2858058252869826E-012 -6.0104217784563830E-013  2.3145385979502003E-011  1.0000000000000000E+000  0.0000000000000000E+000  8.2858058252868679E-012 -6.0104217784557196E-013  2.3145385979502708E-011
  6.5439999999999998E+001 -2.3022038454277291E-010 -6.1120126717760747E-011 -8.3591560689925023E-010  8.3148863368157813E-012 -5.8527087076797848E-013  2.3100876035731377E-011  1.0000000000000000E+000  0.0000000000000000E+000  8.3148863368156343E-012 -5.8527087076786357E-013  2.3100876035731564E-011
  6.5519999999999996E+001 -2.3088676585100973E-010 -6.1073944815346816E-011 -8.3776188423287459E-010  8.3453357560042581E-012 -5.6904885380987720E-013  2.3055706818977164E-011  1.0000000000000000E+000  0.0000000000000000E+000  8.3453357560041127E-012 -5.6904885380977774E-013  2.3055706818976993E-011
  6.5599999999999994E+001 -2.3155563826373359E-010 -6.1029078901151167E-011 -8.3960451999028657E-010  8.3771795675867288E-012 -5.5235949618337492E-013  2.3009792177651554E-011  1.0000000000000000E+000  0.0000000000000000E+000  8.3771795675865462E-012 -5.5235949618337370E-013  2.3009792177650943E-011
  6.5680000000000007E+001 -2.3222711458182360E-010 -6.0985567295957476E-011 -8.4144345098129884E-010  8.4104586881484823E-012 -5.3517690318534973E-013  2.2963051691097615E-011  1.0000000000000000E+000  0.0000000000000000E+000  8.4104586881482561E-012 -5.3517690318544222E-013  2.2963051691097428E-011
  6.5760000000000005E+001 -2.3290131165383735E-010 -6.0943450596641511E-011 -8.4327860826086219E-010  8.4452338968785037E-012 -5.1747585359303707E-013  2.2915432335766294E-011  1.0000000000000000E+000  0.0000000000000000E+000  8.4452338968784407E-012 -5.1747585359306261E-013  2.2915432335766711E-011
  6.5840000000000003E+001 -2.3357835200532416E-010 -6.0902771159382590E-011 -8.4510992015502145E-010  8.4815826491902679E-012 -4.9924265737617522E-013  2.2866925459564226E-011  1.0000000000000000E+000  0.0000000000000000E+000  8.4815826491903423E-012 -4.9924265737614220E-013  2.2866925459564836E-011
  6.5920000000000002E+001 -2.3425836487770779E-010 -6.0863571771461323E-011 -8.4693731633439247E-010  8.5195879457698659E-012 -4.8048457339869527E-013  2.2817574158684688E-011  1.0000000000000000E+000  0.0000000000000000E+000  8.5195879457696785E-012 -4.8048457339873162E-013  2.2817574158684888E-011
  6.6000000000000000E+001 -2.3494148607664734E-010 -6.0825893627638799E-011 -8.4876073202041100E-010  8.5593214036914582E-012 -4.6123612455528010E-013  2.2767468818725406E-011  1.0000000000000000E+000  0.0000000000000000E+000  8.5593214036913419E-012 -4.6123612455535664E-013  2.2767468818725180E-011
  6.6079999999999998E+001 -2.3562785630229842E-010 -6.0789773991532478E-011 -8.5058011134538853E-010  8.6008259664065150E-012 -4.4156013062413554E-013  2.2716731872212021E-011  1.0000000000000000E+000  0.0000000000000000E+000  8.6008259664064213E-012 -4.4156013062417099E-013  2.2716731872212147E-011
  6.6159999999999997E+001 -2.3631761823127238E-010 -6.0755244006738937E-011 -8.5239540911996492E-010  8.6441029135146533E-012 -4.2154297958941770E-013  2.2665496592810433E-011  1.0000000000000000E+000  0.0000000000000000E+000  8.6441029135144126E-012 -4.2154297958945359E-013  2.2665496592810530E-011
  6.6239999999999995E+001 -2.3701091276846077E-010 -6.0722327114798171E-011 -8.5420659080023820E-010  8.6891069536141728E-012 -4.0128508500602843E-013  2.2613885922661916E-011  1.0000000000000000E+000  0.0000000000000000E+000  8.6891069536139967E-012 -4.0128508500607069E-013  2.2613885922661938E-011
  6.6320000000000007E+001 -2.3770787534385065E-010 -6.0691038393137972E-011 -8.5601363086759083E-010  8.7357505767522793E-012 -3.8088877717784347E-013  2.2561996378848888E-011  1.0000000000000000E+000  0.0000000000000000E+000  8.7357505767523471E-012 -3.8088877717786250E-013  2.2561996378849218E-011
  6.6400000000000006E+001 -2.3840863286074113E-010 -6.0661384910449716E-011 -8.5781651022085402E-010  8.7839150064731398E-012 -3.6044669878113186E-013  2.2509890725795421E-011  1.0000000000000000E+000  0.0000000000000000E+000  8.7839150064732965E-012 -3.6044669878116866E-013  2.2509890725795976E-011
  6.6480000000000004E+001 -2.3911330174488635E-010 -6.0633366921332991E-011 -8.5961521338371810E-010  8.8334644436037208E-012 -3.4003424946138359E-013  2.2457600062917946E-011  1.0000000000000000E+000  0.0000000000000000E+000  8.8334644436036902E-012 -3.4003424946144448E-013  2.2457600062917952E-011
  6.6560000000000002E+001 -2.3982198717171773E-010 -6.0606979430535895E-011 -8.6140972623092089E-010  8.8842591913838306E-012 -3.1970882084827810E-013  2.2405133822131765E-011  1.0000000000000000E+000  0.0000000000000000E+000  8.8842591913840325E-012 -3.1970882084831708E-013  2.2405133822131555E-011
  6.6640000000000001E+001 -2.4053478321550777E-010 -6.0582213509997267E-011 -8.6320003479525918E-010  8.9361648685566061E-012 -2.9951584016948020E-013  2.2352495235965656E-011  1.0000000000000000E+000  0.0000000000000000E+000  8.9361648685567531E-012 -2.9951584016954518E-013  2.2352495235965485E-011
  6.6719999999999999E+001 -2.4125177355068678E-010 -6.0559056896108778E-011 -8.6498612546867540E-010  8.9890571693450981E-012 -2.7949924989819028E-013  2.2299697879433808E-011  1.0000000000000000E+000  0.0000000000000000E+000  8.9890571693450351E-012 -2.7949924989824587E-013  2.2299697879434054E-011
  6.6799999999999997E+001 -2.4197303236260298E-010 -6.0537493630013556E-011 -8.6676798645596859E-010  9.0428220726236297E-012 -2.5971275910115635E-013  2.2246778715237603E-011  1.0000000000000000E+000  0.0000000000000000E+000  9.0428220726235182E-012 -2.5971275910109496E-013  2.2246778715238039E-011
  6.6879999999999995E+001 -2.4269862508230657E-010 -6.0517502854652593E-011 -8.6854561006311342E-010  9.0973525120324467E-012 -2.4022771975561229E-013  2.2193803671824469E-011  1.0000000000000000E+000  0.0000000000000000E+000  9.0973525120322609E-012 -2.4022771975551505E-013  2.2193803671824233E-011
  6.6960000000000008E+001 -2.4342860876452817E-010 -6.0499057194852658E-011 -8.7031899504346050E-010  9.1525430015565114E-012 -2.2113511222508605E-013  2.2140863422506229E-011  1.0000000000000000E+000  0.0000000000000000E+000  9.1525430015564548E-012 -2.2113511222502039E-013  2.2140863422506080E-011
  6.7040000000000006E+001 -2.4416303196255561E-010 -6.0482121236696579E-011 -8.7208814821071441E-010  9.2082834239613261E-012 -2.0254069080424895E-013  2.2088059348659700E-011  1.0000000000000000E+000  0.0000000000000000E+000  9.2082834239615183E-012 -2.0254069080422322E-013  2.2088059348659545E-011
  6.7120000000000005E+001 -2.4490193411236199E-010 -6.0466650684323978E-011 -8.7385308453924606E-010  9.2644543265402109E-012 -1.8455489712497430E-013  2.2035482939922511E-011  1.0000000000000000E+000  0.0000000000000000E+000  9.2644543265402562E-012 -1.8455489712501143E-013  2.2035482939921997E-011
  6.7200000000000003E+001 -2.4564534465480204E-010 -6.0452592453156583E-011 -8.7561382548110201E-010  9.3209265514001130E-012 -1.6728024448045300E-013  2.1983194566517474E-011  1.0000000000000000E+000  0.0000000000000000E+000  9.3209265513999240E-012 -1.6728024448045858E-013  2.1983194566517558E-011
  6.7280000000000001E+001 -2.4639328236058600E-010 -6.0439885845207106E-011 -8.7737039566988885E-010  9.3775666558808406E-012 -1.5079871813069698E-013  2.1931207782819977E-011  1.0000000000000000E+000  0.0000000000000000E+000  9.3775666558807873E-012 -1.5079871813067713E-013  2.1931207782820546E-011
  6.7359999999999999E+001 -2.4714575531974298E-010 -6.0428464658255672E-011 -8.7912281872635321E-010  9.4342478688304642E-012 -1.3516176392047975E-013  2.1879484131416503E-011  1.0000000000000000E+000  0.0000000000000000E+000  9.4342478688306791E-012 -1.3516176392050245E-013  2.1879484131416946E-011
  6.7439999999999998E+001 -2.4790276201959888E-010 -6.0418259962979829E-011 -8.8087111313091549E-010  9.4908642020080058E-012 -1.2038558236021666E-013  2.1827939754448427E-011  1.0000000000000000E+000  0.0000000000000000E+000  9.4908642020082497E-012 -1.2038558236019652E-013  2.1827939754448789E-011
  6.7519999999999996E+001 -2.4866429359206426E-010 -6.0409202965078037E-011 -8.8261528908706496E-010  9.5473432351256041E-012 -1.0645231736278029E-013  2.1776461770447856E-011  1.0000000000000000E+000  0.0000000000000000E+000  9.5473432351254975E-012 -1.0645231736277997E-013  2.1776461770447826E-011
  6.7599999999999994E+001 -2.4943033693721897E-010 -6.0401227592201784E-011 -8.8435534701418715E-010  9.6036532408230047E-012 -9.3316869380512222E-014  2.1724929505463498E-011  1.0000000000000000E+000  0.0000000000000000E+000  9.6036532408228884E-012 -9.3316869380522824E-014  2.1724929505463540E-011
  6.7680000000000007E+001 -2.5020087811059594E-010 -6.0394272265977155E-011 -8.8609127780793912E-010  9.6598024191626319E-012 -8.0918581347628125E-014  2.1673234688577099E-011  1.0000000000000000E+000  0.0000000000000000E+000  9.6598024191623848E-012 -8.0918581347554842E-014  2.1673234688577338E-011
  6.7760000000000005E+001 -2.5097590532428500E-010 -6.0388280619186164E-011 -8.8782306456435948E-010  9.7158316440239908E-012 -6.9194057141933496E-014  2.1621295481800398E-011  1.0000000000000000E+000  0.0000000000000000E+000  9.7158316440237905E-012 -6.9194057141917366E-014  2.1621295481799904E-011
  6.7840000000000003E+001 -2.5175541117363978E-010 -6.0383201216834446E-011 -8.8955068508502718E-010  9.7718032524140049E-012 -5.8087805850766966E-014  2.1569061489527455E-011  1.0000000000000000E+000  0.0000000000000000E+000  9.7718032524141229E-012 -5.8087805850819687E-014  2.1569061489526944E-011
  6.7920000000000002E+001 -2.5253939384467124E-010 -6.0378986570250041E-011 -8.9127411440268388E-010  9.8277897912521938E-012 -4.7557467815796236E-014  2.1516509906007501E-011  1.0000000000000000E+000  0.0000000000000000E+000  9.8277897912521841E-012 -4.7557467815849708E-014  2.1516509906007472E-011
  6.8000000000000000E+001 -2.5332785754024013E-010 -6.0375592021983919E-011 -8.9299332666998838E-010  9.8838659332359955E-012 -3.7571833223400362E-014  2.1463633933574954E-011  1.0000000000000000E+000  0.0000000000000000E+000  9.8838659332359115E-012 -3.7571833223386989E-014  2.1463633933574957E-011
  6.8079999999999998E+001 -2.5412081239398900E-010 -6.0372975076934297E-011 -8.9470829583205587E-010  9.9401039915582619E-012 -2.8103056609497015E-014  2.1410426713526055E-011  1.0000000000000000E+000  0.0000000000000000E+000  9.9401039915582247E-012 -2.8103056609424676E-014  2.1410426713526301E-011
  6.8159999999999997E+001 -2.5491827417888945E-010 -6.0371095532926399E-011 -8.9641899494415255E-010  9.9965724119825285E-012 -1.9116215059059584E-014  2.1356865201666179E-011  1.0000000000000000E+000  0.0000000000000000E+000  9.9965724119825851E-012 -1.9116215059029926E-014  2.1356865201666350E-011
  6.8239999999999995E+001 -2.5572026397990620E-010 -6.0369916482524848E-011 -8.9812539426432246E-010  1.0053335549638020E-011 -1.0560444231165430E-014  2.1302898189279887E-011  1.0000000000000000E+000  0.0000000000000000E+000  1.0053335549637890E-011 -1.0560444231171482E-014  2.1302898189279338E-011
  6.8320000000000007E+001 -2.5652680786683153E-010 -6.0369405861849413E-011 -8.9982745865443733E-010  1.0110454515368879E-011 -2.3654056164871810E-015  2.1248442033139954E-011  1.0000000000000000E+000  0.0000000000000000E+000  1.0110454515368774E-011 -2.3654056164464454E-015  2.1248442033139175E-011
  6.8400000000000006E+001 -2.5733793670236522E-010 -6.0369538017626210E-011 -9.0152514498962485E-010  1.0167988490601730E-011  5.5557526673668706E-015  2.1193386077765456E-011  1.0000000000000000E+000  0.0000000000000000E+000  1.0167988490601795E-011  5.5557526674092095E-015  2.1193386077765133E-011
  6.8480000000000004E+001 -2.5815368602532781E-010 -6.0370294782276191E-011 -9.0321840042687981E-010  1.0225995991726141E-011  1.3297507796987212E-014  2.1137607218786906E-011  1.0000000000000000E+000  0.0000000000000000E+000  1.0225995991725944E-011  1.3297507796927691E-014  2.1137607218786828E-011
  6.8560000000000002E+001 -2.5897409606104140E-010 -6.0371665618873728E-011 -9.0490716214463076E-010  1.0284535630761189E-011  2.0949553518982199E-014  2.1080990228402412E-011  1.0000000000000000E+000  0.0000000000000000E+000  1.0284535630760860E-011  2.0949553518928560E-014  2.1080990228402041E-011
  6.8640000000000001E+001 -2.5979921172624960E-010 -6.0373646710839228E-011 -9.0659135886342419E-010  1.0343664200083702E-011  2.8584357525124517E-014  2.1023448207044156E-011  1.0000000000000000E+000  0.0000000000000000E+000  1.0343664200083576E-011  2.8584357525142207E-014  2.1023448207043687E-011
  6.8719999999999999E+001 -2.6062908233305480E-010 -6.0376239116077748E-011 -9.0827091385775782E-010  1.0403431177159838E-011  3.6246805333724146E-014  2.0964937086833024E-011  1.0000000000000000E+000  0.0000000000000000E+000  1.0403431177159845E-011  3.6246805333758628E-014  2.0964937086832598E-011
  6.8799999999999997E+001 -2.6146376071459517E-010 -6.0379446199692624E-011 -9.0994574879731748E-010  1.0463869747500927E-011  4.3947963697503541E-014  2.0905459996414894E-011  1.0000000000000000E+000  0.0000000000000000E+000  1.0463869747500733E-011  4.3947963697519653E-014  2.0905459996414843E-011
  6.8879999999999995E+001 -2.6230330149265494E-010 -6.0383270790269348E-011 -9.1161578745718420E-010  1.0524986383090544E-011  5.1664060911641696E-014  2.0845060462049754E-011  1.0000000000000000E+000  0.0000000000000000E+000  1.0524986383090487E-011  5.1664060911575721E-014  2.0845060462050375E-011
  6.8960000000000008E+001 -2.6314775853588966E-010 -6.0387712449438487E-011 -9.1328095847124544E-010  1.0586752997260112E-011  5.9340790182621526E-014  2.0783806984877005E-011  1.0000000000000000E+000  0.0000000000000000E+000  1.0586752997260234E-011  5.9340790182569941E-014  2.0783806984877273E-011
  6.9040000000000006E+001 -2.6399718197221656E-010 -6.0392765316698568E-011 -9.1494119657476452E-010  1.0649104323428508E-011  6.6902066699457864E-014  2.0721773169012118E-011  1.0000000000000000E+000  0.0000000000000000E+000  1.0649104323428451E-011  6.6902066699468504E-014  2.0721773169011843E-011
  6.9120000000000005E+001 -2.6485161522763822E-010 -6.0398416780110400E-011 -9.1659644217828738E-010  1.0711941378464634E-011  7.4260898346472663E-014  2.0659019248028962E-011  1.0000000000000000E+000  0.0000000000000000E+000  1.0711941378464337E-011  7.4260898346487507E-014  2.0659019248028584E-011
  6.9200000000000003E+001 -2.6571109259277090E-010 -6.0404647060434003E-011 -9.1824663965444916E-010  1.0775140202220883E-011  8.1329863804324420E-014  2.0595579791713666E-011  1.0000000000000000E+000  0.0000000000000000E+000  1.0775140202220673E-011  8.1329863804327462E-014  2.0595579791713760E-011
  6.9280000000000001E+001 -2.6657563765999356E-010 -6.0411429558319092E-011 -9.1989173494496156E-010  1.0838561969235158E-011  8.8027831180342486E-014  2.0531459408608664E-011  1.0000000000000000E+000  0.0000000000000000E+000  1.0838561969234951E-011  8.8027831180374735E-014  2.0531459408609252E-011
  6.9359999999999999E+001 -2.6744526250784853E-010 -6.0418731513422858E-011 -9.2153167315982654E-010  1.0902061439432905E-011  9.4281127802583357E-014  2.0466637299099125E-011  1.0000000000000000E+000  0.0000000000000000E+000  1.0902061439432784E-011  9.4281127802612223E-014  2.0466637299099497E-011
  6.9439999999999998E+001 -2.6831996749030283E-010 -6.0426514538767505E-011 -9.2316639691281742E-010  1.0965492576634129E-011  1.0001924747169154E-013  2.0401078802325041E-011  1.0000000000000000E+000  0.0000000000000000E+000  1.0965492576634220E-011  1.0001924747170102E-013  2.0401078802325238E-011
  6.9519999999999996E+001 -2.6919974132010999E-010 -6.0434734593018329E-011 -9.2479584576819855E-010  1.1028711025996166E-011  1.0516708354780614E-013  2.0334750485266163E-011  1.0000000000000000E+000  0.0000000000000000E+000  1.1028711025995868E-011  1.0516708354782291E-013  2.0334750485266109E-011
  6.9600000000000009E+001 -2.7008456125446221E-010 -6.0443341272135154E-011 -9.2641995699046001E-010  1.1091575166871780E-011  1.0963789243843296E-013  2.0267635456815543E-011  1.0000000000000000E+000  0.0000000000000000E+000  1.1091575166871595E-011  1.0963789243842529E-013  2.0267635456815217E-011
  6.9680000000000007E+001 -2.7097439334680947E-010 -6.0452276655808478E-011 -9.2803866744128904E-010  1.1153947281512302E-011  1.1333048750227693E-013  2.0199744734032786E-011  1.0000000000000000E+000  0.0000000000000000E+000  1.1153947281512189E-011  1.1333048750229844E-013  2.0199744734032705E-011
  6.9760000000000005E+001 -2.7186919281950418E-010 -6.0461474150135519E-011 -9.2965191614790525E-010  1.1215694640462358E-011  1.1613194544906244E-013  2.0131121218397376E-011  1.0000000000000000E+000  0.0000000000000000E+000  1.1215694640462170E-011  1.1613194544909294E-013  2.0131121218396982E-011
  6.9840000000000003E+001 -2.7276890448928345E-010 -6.0470857767080328E-011 -9.3125964683623262E-010  1.1276690020868656E-011  1.1792588969403734E-013  2.0061834814084035E-011  1.0000000000000000E+000  0.0000000000000000E+000  1.1276690020868658E-011  1.1792588969411198E-013  2.0061834814084054E-011
  6.9920000000000002E+001 -2.7367346322284317E-010 -6.0480342292486565E-011 -9.3286180971815870E-010  1.1336811607296836E-011  1.1860368012780048E-013  1.9991969215879838E-011  1.0000000000000000E+000  0.0000000000000000E+000  1.1336811607296952E-011  1.1860368012784420E-013  1.9991969215879848E-011
  7.0000000000000000E+001 -2.7458279434645095E-010 -6.0489834355900776E-011 -9.3445836191077339E-010  1.1395942978278145E-011  1.1807520276473073E-013  1.9921603714662280E-011  1.0000000000000000E+000  0.0000000000000000E+000  1.1395942978278394E-011  1.1807520276470018E-013  1.9921603714661530E-011
  7.0079999999999998E+001 -2.7549681409936767E-010 -6.0499234324928922E-011 -9.3604926631250466E-010  1.1453974987591836E-011  1.1627680099311894E-013  1.9850795124831547E-011  1.0000000000000000E+000  0.0000000000000000E+000  1.1453974987591873E-011  1.1627680099311043E-013  1.9850795124831501E-011
  7.0159999999999997E+001 -2.7641543034446564E-010 -6.0508438644059675E-011 -9.3763448913074644E-010  1.1510810662056825E-011  1.1317498409913058E-013  1.9779564434335985E-011  1.0000000000000000E+000  0.0000000000000000E+000  1.1510810662056796E-011  1.1317498409909522E-013  1.9779564434335261E-011
  7.0239999999999995E+001 -2.7733854380529676E-010 -6.0517342322384782E-011 -9.3921399662199842E-010  1.1566373187244156E-011  1.0876622813454397E-013  1.9707892419667473E-011  1.0000000000000000E+000  0.0000000000000000E+000  1.1566373187244261E-011  1.0876622813446560E-013  1.9707892419665955E-011
  7.0320000000000007E+001 -2.7826605005442470E-010 -6.0525841240561202E-011 -9.4078775191789324E-010  1.1620614211451728E-011  1.0307297247018360E-013  1.9635724904285410E-011  1.0000000000000000E+000  0.0000000000000000E+000  1.1620614211451773E-011  1.0307297247018481E-013  1.9635724904285070E-011
  7.0400000000000006E+001 -2.7919784207912904E-010 -6.0533833997980012E-011 -9.4235571260668409E-010  1.1673519250431004E-011  9.6137469810090101E-014  1.9562985272042170E-011  1.0000000000000000E+000  0.0000000000000000E+000  1.1673519250430991E-011  9.6137469810128383E-014  1.9562985272042199E-011
  7.0480000000000004E+001 -2.8013381313449366E-010 -6.0541223235730816E-011 -9.4391782956141998E-010  1.1725107938561381E-011  8.8014639471631435E-014  1.9489591133370600E-011  1.0000000000000000E+000  0.0000000000000000E+000  1.1725107938561235E-011  8.8014639471686150E-014  1.9489591133370206E-011
  7.0560000000000002E+001 -2.8107385934929886E-010 -6.0547916340295473E-011 -9.4547404718802338E-010  1.1775428256436841E-011  7.8764787570476249E-014  1.9415470243300861E-011  1.0000000000000000E+000  0.0000000000000000E+000  1.1775428256436654E-011  7.8764787570508447E-014  1.9415470243300596E-011
  7.0640000000000001E+001 -2.8201788165552356E-010 -6.0553825601742093E-011 -9.4702430480034812E-010  1.1824547219747779E-011  6.8448647719169625E-014  1.9340571878479312E-011  1.0000000000000000E+000  0.0000000000000000E+000  1.1824547219748002E-011  6.8448647719146678E-014  1.9340571878478778E-011
  7.0719999999999999E+001 -2.8296578690445850E-010 -6.0558868123930540E-011 -9.4856853868858007E-010  1.1872541377063749E-011  5.7125790040706024E-014  1.9264871935806404E-011  1.0000000000000000E+000  0.0000000000000000E+000  1.1872541377063755E-011  5.7125790040676425E-014  1.9264871935805477E-011
  7.0799999999999997E+001 -2.8391748827585376E-010 -6.0562965728148606E-011 -9.5010668431007715E-010  1.1919489419938547E-011  4.4856288410669057E-014  1.9188370612405742E-011  1.0000000000000000E+000  0.0000000000000000E+000  1.1919489419938213E-011  4.4856288410627133E-014  1.9188370612404708E-011
  7.0879999999999995E+001 -2.8487290521164867E-010 -6.0566045130076247E-011 -9.5163867798656499E-010  1.1965467861783645E-011  3.1704888953310646E-014  1.9111083888574407E-011  1.0000000000000000E+000  0.0000000000000000E+000  1.1965467861783591E-011  3.1704888953323653E-014  1.9111083888573225E-011
  7.0960000000000008E+001 -2.8583196313373914E-010 -6.0568038510381135E-011 -9.5316445773224905E-010  1.2010548577172587E-011  1.7744720743890574E-014  1.9033031288504554E-011  1.0000000000000000E+000  0.0000000000000000E+000  1.2010548577172798E-011  1.7744720743899407E-014  1.9033031288503285E-011
  7.1040000000000006E+001 -2.8679459298399629E-010 -6.0568884285395270E-011 -9.5468396299272572E-010  1.2054796566224480E-011  3.0574748221124925E-015  1.8954222288082597E-011  1.0000000000000000E+000  0.0000000000000000E+000  1.2054796566224596E-011  3.0574748221217565E-015  1.8954222288081721E-011
  7.1120000000000005E+001 -2.8776073058433506E-010 -6.0568527706352673E-011 -9.5619713329834227E-010  1.2098267485815275E-011 -1.2271169092865935E-014  1.8874645009753617E-011  1.0000000000000000E+000  0.0000000000000000E+000  1.2098267485815019E-011 -1.2271169092838456E-014  1.8874645009753262E-011
  7.1200000000000003E+001 -2.8873031578172673E-010 -6.0566920898340411E-011 -9.5770390619428630E-010  1.2141005325851325E-011 -2.8160496255153074E-014  1.8794260783680888E-011  1.0000000000000000E+000  0.0000000000000000E+000  1.2141005325851029E-011 -2.8160496255153468E-014  1.8794260783680584E-011
  7.1280000000000001E+001 -2.8970329143647127E-010 -6.0564022026951849E-011 -9.5920421502373121E-010  1.2183041125535160E-011 -4.4545966087205182E-014  1.8713006096014701E-011  1.0000000000000000E+000  0.0000000000000000E+000  1.2183041125534988E-011 -4.4545966087160292E-014  1.8713006096015438E-011
  7.1359999999999999E+001 -2.9067960236181236E-010 -6.0559793543766458E-011 -9.6069798716964865E-010  1.2224393713523470E-011 -6.1388346903917353E-014  1.8630801682020349E-011  1.0000000000000000E+000  0.0000000000000000E+000  1.2224393713523379E-011 -6.1388346903908997E-014  1.8630801682021974E-011
  7.1439999999999998E+001 -2.9165919443063503E-010 -6.0554199891447222E-011 -9.6218514329285446E-010  1.2265071250334921E-011 -7.8678212260122875E-014  1.8547566783896946E-011  1.0000000000000000E+000  0.0000000000000000E+000  1.2265071250334905E-011 -7.8678212260194529E-014  1.8547566783897486E-011
  7.1519999999999996E+001 -2.9264201376186594E-010 -6.0547205029804839E-011 -9.6366559785507216E-010  1.2305071158248865E-011 -9.6434987093570658E-014  1.8463234500706021E-011  1.0000000000000000E+000  0.0000000000000000E+000  1.2305071158248783E-011 -9.6434987093578786E-014  1.8463234500705985E-011
  7.1600000000000009E+001 -2.9362800581595484E-010 -6.0538770293512251E-011 -9.6513926081296743E-010  1.2344377400007787E-011 -1.1470109798190845E-013  1.8377763998462084E-011  1.0000000000000000E+000  0.0000000000000000E+000  1.2344377400007490E-011 -1.1470109798184128E-013  1.8377763998462298E-011
  7.1680000000000007E+001 -2.9461711414586719E-010 -6.0528852854127733E-011 -9.6660604009482610E-010  1.2382955101194323E-011 -1.3353418255808752E-013  1.8291146104576126E-011  1.0000000000000000E+000  0.0000000000000000E+000  1.2382955101194061E-011 -1.3353418255807424E-013  1.8291146104575108E-011
  7.1760000000000005E+001 -2.9560927863214594E-010 -6.0517404824302957E-011 -9.6806584418969961E-010  1.2420744146261647E-011 -1.5299956160383705E-013  1.8203401588665401E-011  1.0000000000000000E+000  0.0000000000000000E+000  1.2420744146261458E-011 -1.5299956160387068E-013  1.8203401588663721E-011
  7.1840000000000003E+001 -2.9660443320926905E-010 -6.0504372924271119E-011 -9.6951858434901256E-010  1.2457655337475381E-011 -1.7316468730177505E-013  1.8114573062283882E-011  1.0000000000000000E+000  0.0000000000000000E+000  1.2457655337475314E-011 -1.7316468730174996E-013  1.8114573062282854E-011
  7.1920000000000002E+001 -2.9760250348614200E-010 -6.0489698474334673E-011 -9.7096417587966503E-010  1.2493571329697158E-011 -1.9409683982764257E-013  1.8024712573843249E-011  1.0000000000000000E+000  0.0000000000000000E+000  1.2493571329696994E-011 -1.9409683982756459E-013  1.8024712573842781E-011
  7.2000000000000000E+001 -2.9860340462202060E-010 -6.0473317429898696E-011 -9.7240253836082748E-010  1.2528351784430050E-011 -2.1586369370568259E-013  1.7933868273283976E-011  1.0000000000000000E+000  0.0000000000000000E+000  1.2528351784429741E-011 -2.1586369370559058E-013  1.7933868273284002E-011
  7.2079999999999998E+001 -2.9960703977165080E-010 -6.0455160283341763E-011 -9.7383359480339046E-010  1.2561842042713264E-011 -2.3853573256776018E-013  1.7842072886527119E-011  1.0000000000000000E+000  0.0000000000000000E+000  1.2561842042713261E-011 -2.3853573256769939E-013  1.7842072886526292E-011
  7.2159999999999997E+001 -3.0061329934885472E-010 -6.0435151712687855E-011 -9.7525727002267182E-010  1.2593881800297078E-011 -2.6219024277190866E-013  1.7749336133844435E-011  1.0000000000000000E+000  0.0000000000000000E+000  1.2593881800297131E-011 -2.6219024277190467E-013  1.7749336133843683E-011
  7.2239999999999995E+001 -3.0162206085969834E-010 -6.0413209844498258E-011 -9.7667348858480557E-010  1.2624311795030058E-011 -2.8691466081631456E-013  1.7655642310888878E-011  1.0000000000000000E+000  0.0000000000000000E+000  1.2624311795029915E-011 -2.8691466081633632E-013  1.7655642310888952E-011
  7.2320000000000007E+001 -3.0263318923605953E-010 -6.0389245366957244E-011 -9.7808217279241404E-010  1.2652979332857243E-011 -3.1280718659616033E-013  1.7560953512589676E-011  1.0000000000000000E+000  0.0000000000000000E+000  1.2652979332856939E-011 -3.1280718659611378E-013  1.7560953512588862E-011
  7.2400000000000006E+001 -3.0364653755295550E-010 -6.0363160694642872E-011 -9.7948324114681992E-010  1.2679742644325483E-011 -3.3997317691529837E-013  1.7465217917132230E-011  1.0000000000000000E+000  0.0000000000000000E+000  1.2679742644325321E-011 -3.3997317691524722E-013  1.7465217917131390E-011
  7.2480000000000004E+001 -3.0466194805915161E-010 -6.0334849658650797E-011 -9.8087660765915520E-010  1.2704475399814412E-011 -3.6851586368201541E-013  1.7368380892974903E-011  1.0000000000000000E+000  0.0000000000000000E+000  1.2704475399814187E-011 -3.6851586368203354E-013  1.7368380892974516E-011
  7.2560000000000002E+001 -3.0567925361692580E-010 -6.0304198156453750E-011 -9.8226218208969591E-010  1.2727071843382832E-011 -3.9852315179997935E-013  1.7270396453201535E-011  1.0000000000000000E+000  0.0000000000000000E+000  1.2727071843382543E-011 -3.9852315180005780E-013  1.7270396453201224E-011
  7.2640000000000001E+001 -3.0669827955409286E-010 -6.0271085954362800E-011 -9.8363987109166744E-010  1.2747450367413901E-011 -4.3005287136832917E-013  1.7171235868261684E-011  1.0000000000000000E+000  0.0000000000000000E+000  1.2747450367413954E-011 -4.3005287136837572E-013  1.7171235868260951E-011
  7.2719999999999999E+001 -3.0771884567571203E-010 -6.0235389697034817E-011 -9.8500957982861778E-010  1.2765554711904881E-011 -4.6312120986680062E-013  1.7070890407073993E-011  1.0000000000000000E+000  0.0000000000000000E+000  1.2765554711904775E-011 -4.6312120986674539E-013  1.7070890407073595E-011
  7.2799999999999997E+001 -3.0874076830799764E-010 -6.0196986560784112E-011 -9.8637121355679928E-010  1.2781352374371384E-011 -4.9769850819185489E-013  1.6969368034428748E-011  1.0000000000000000E+000  0.0000000000000000E+000  1.2781352374371226E-011 -4.9769850819182026E-013  1.6969368034429255E-011
  7.2879999999999995E+001 -3.0976386205561145E-010 -6.0155757935724121E-011 -9.8772467871412638E-010  1.2794831193809547E-011 -5.3371335782708999E-013  1.6866684452144924E-011  1.0000000000000000E+000  0.0000000000000000E+000  1.2794831193809447E-011 -5.3371335782704233E-013  1.6866684452145347E-011
  7.2960000000000008E+001 -3.1078794129900717E-010 -6.0111592423531778E-011 -9.8906988306914247E-010  1.2805997339480366E-011 -5.7106401539342213E-013  1.6762851198341290E-011  1.0000000000000000E+000  0.0000000000000000E+000  1.2805997339480381E-011 -5.7106401539338629E-013  1.6762851198341545E-011
  7.3040000000000006E+001 -3.1181282162992831E-010 -6.0064387693261173E-011 -9.9040673490586098E-010  1.2814875533592857E-011 -6.0963347102163050E-013  1.6657864386915572E-011  1.0000000000000000E+000  0.0000000000000000E+000  1.2814875533592860E-011 -6.0963347102165867E-013  1.6657864386916018E-011
  7.3120000000000005E+001 -3.1283832138438202E-010 -6.0014051068168317E-011 -9.9173514137104896E-010  1.2821511977093580E-011 -6.4930330650425117E-013  1.6551696659512660E-011  1.0000000000000000E+000  0.0000000000000000E+000  1.2821511977093439E-011 -6.4930330650419947E-013  1.6551696659512702E-011
  7.3200000000000003E+001 -3.1386426354626328E-010 -5.9960499164220493E-011 -9.9305500637138301E-010  1.2825978111185496E-011 -6.8996241054369705E-013  1.6444294641942931E-011  1.0000000000000000E+000  0.0000000000000000E+000  1.2825978111185363E-011 -6.8996241054361789E-013  1.6444294641942850E-011
  7.3280000000000001E+001 -3.1489047788217170E-010 -5.9903657082481325E-011 -9.9436622851375983E-010  1.2828372380522572E-011 -7.3150927837567235E-013  1.6335582117725289E-011  1.0000000000000000E+000  0.0000000000000000E+000  1.2828372380522393E-011 -7.3150927837571667E-013  1.6335582117725095E-011
  7.3359999999999999E+001 -3.1591680312714689E-010 -5.9843457679680385E-011 -9.9566869951021905E-010  1.2828818609666206E-011 -7.7384777154514437E-013  1.6225468155908294E-011  1.0000000000000000E+000  0.0000000000000000E+000  1.2828818609666241E-011 -7.7384777154514598E-013  1.6225468155907434E-011
  7.3439999999999998E+001 -3.1694308885971830E-010 -5.9779841439034102E-011 -9.9696230341870516E-010  1.2827460838329098E-011 -8.1687921841849303E-013  1.6113858602687155E-011  1.0000000000000000E+000  0.0000000000000000E+000  1.2827460838328910E-011 -8.1687921841841336E-013  1.6113858602686674E-011
  7.3519999999999996E+001 -3.1796919686127955E-010 -5.9712757004733426E-011 -9.9824691688664900E-010  1.2824456729383605E-011 -8.6049361173722575E-013  1.6000668802031473E-011  1.0000000000000000E+000  0.0000000000000000E+000  1.2824456729383318E-011 -8.6049361173718465E-013  1.6000668802031269E-011
  7.3600000000000009E+001 -3.1899500193641967E-010 -5.9642162461156146E-011 -9.9952241042703019E-010  1.2819971014811189E-011 -9.0456257103188799E-013  1.5885835143518204E-011  1.0000000000000000E+000  0.0000000000000000E+000  1.2819971014810976E-011 -9.0456257103186567E-013  1.5885835143518672E-011
  7.3680000000000007E+001 -3.2002039222364934E-010 -5.9568026993368324E-011 -1.0007886505096119E-009  1.2814169712517626E-011 -9.4893753955331268E-013  1.5769322806670563E-011  1.0000000000000000E+000  0.0000000000000000E+000  1.2814169712517406E-011 -9.4893753955323372E-013  1.5769322806670977E-011
  7.3760000000000005E+001 -3.2104526909042249E-010 -5.9490332454827616E-011 -1.0020455020760975E-009  1.2807214483180533E-011 -9.9345445690280940E-013  1.5651128280440307E-011  1.0000000000000000E+000  0.0000000000000000E+000  1.2807214483180300E-011 -9.9345445690271146E-013  1.5651128280439994E-011
  7.3840000000000003E+001 -3.2206954654095822E-010 -5.9409074280263875E-011 -1.0032928310344824E-009  1.2799255849820158E-011 -1.0379453357115230E-012  1.5531275654071708E-011  1.0000000000000000E+000  0.0000000000000000E+000  1.2799255849819792E-011 -1.0379453357114919E-012  1.5531275654071304E-011
  7.3920000000000002E+001 -3.2309315002639372E-010 -5.9324261201113772E-011 -1.0045305061807490E-009  1.2790424929120711E-011 -1.0822560638486994E-012  1.5409807500609603E-011  1.0000000000000000E+000  0.0000000000000000E+000  1.2790424929120553E-011 -1.0822560638486928E-012  1.5409807500610366E-011
  7.4000000000000000E+001 -3.2411601452961754E-010 -5.9235913310048083E-011 -1.0057584002345799E-009  1.2780824746329903E-011 -1.1262667596545730E-012  1.5286772907951365E-011  1.0000000000000000E+000  0.0000000000000000E+000  1.2780824746329899E-011 -1.1262667596545774E-012  1.5286772907953029E-011
  7.4079999999999998E+001 -3.2513808198580650E-010 -5.9144058519569041E-011 -1.0069763898460212E-009  1.2770523540289454E-011 -1.1699093135887585E-012  1.5162215767734937E-011  1.0000000000000000E+000  0.0000000000000000E+000  1.2770523540289300E-011 -1.1699093135888260E-012  1.5162215767735380E-011
  7.4159999999999997E+001 -3.2615929829606385E-010 -5.9048727819873881E-011 -1.0081843547574175E-009  1.2759552023876558E-011 -1.2131774602176698E-012  1.5036167124800925E-011  1.0000000000000000E+000  0.0000000000000000E+000  1.2759552023876340E-011 -1.2131774602177449E-012  1.5036167124801642E-011
  7.4239999999999995E+001 -3.2717961030962675E-010 -5.8949950125934213E-011 -1.0093821765859893E-009  1.2747905444510790E-011 -1.2561258859660540E-012  1.4908643339038303E-011  1.0000000000000000E+000  0.0000000000000000E+000  1.2747905444510875E-011 -1.2561258859660742E-012  1.4908643339039799E-011
  7.4320000000000007E+001 -3.2819896316718557E-010 -5.8847747678119313E-011 -1.0105697376916636E-009  1.2735548338391473E-011 -1.2988581643361254E-012  1.4779649993166575E-011  1.0000000000000000E+000  0.0000000000000000E+000  1.2735548338391593E-011 -1.2988581643360672E-012  1.4779649993167460E-011
  7.4400000000000006E+001 -3.2921729804376939E-010 -5.8742132819640433E-011 -1.0117469205848960E-009  1.2722419657698197E-011 -1.3415071416663019E-012  1.4649190520772396E-011  1.0000000000000000E+000  0.0000000000000000E+000  1.2722419657698129E-011 -1.3415071416662226E-012  1.4649190520772596E-011
  7.4480000000000004E+001 -3.3023455031241729E-010 -5.8633106535452705E-011 -1.0129136081749872E-009  1.2708436218745537E-011 -1.3842138773071647E-012  1.4517276964009285E-011  1.0000000000000000E+000  0.0000000000000000E+000  1.2708436218745492E-011 -1.3842138773071952E-012  1.4517276964008422E-011
  7.4560000000000002E+001 -3.3125064783876867E-010 -5.8520658599271287E-011 -1.0140696848991375E-009  1.2693493425227138E-011 -1.4271110014697817E-012  1.4383939547460996E-011  1.0000000000000000E+000  0.0000000000000000E+000  1.2693493425227224E-011 -1.4271110014698114E-012  1.4383939547459991E-011
  7.4640000000000001E+001 -3.3226550926045363E-010 -5.8404768775217539E-011 -1.0152150385025810E-009  1.2677465317084636E-011 -1.4703146680958117E-012  1.4249233085900011E-011  1.0000000000000000E+000  0.0000000000000000E+000  1.2677465317084809E-011 -1.4703146680958444E-012  1.4249233085899494E-011
  7.4719999999999999E+001 -3.3327904228950222E-010 -5.8285408252375957E-011 -1.0163495621928815E-009  1.2660205090834312E-011 -1.5139264493506743E-012  1.4113238507591045E-011  1.0000000000000000E+000  0.0000000000000000E+000  1.2660205090834362E-011 -1.5139264493507262E-012  1.4113238507590315E-011
  7.4799999999999997E+001 -3.3429114207498712E-010 -5.8162540543321432E-011 -1.0174731566637955E-009  1.2641547535467630E-011 -1.5580424785097087E-012  1.3976058818525950E-011  1.0000000000000000E+000  0.0000000000000000E+000  1.2641547535467754E-011 -1.5580424785097297E-012  1.3976058818525142E-011
  7.4879999999999995E+001 -3.3530168989517704E-010 -5.8036121455814404E-011 -1.0185857316038456E-009  1.2621313470914988E-011 -1.6027660777510018E-012  1.3837810014242024E-011  1.0000000000000000E+000  0.0000000000000000E+000  1.2621313470915282E-011 -1.6027660777510214E-012  1.3837810014241803E-011
  7.4960000000000008E+001 -3.3631055223033352E-010 -5.7906097970881271E-011 -1.0196872062660742E-009  1.2599314384857055E-011 -1.6482194752188888E-012  1.3698607926803705E-011  1.0000000000000000E+000  0.0000000000000000E+000  1.2599314384857123E-011 -1.6482194752188900E-012  1.3698607926804532E-011
  7.5040000000000006E+001 -3.3731758019675417E-010 -5.7772406339779382E-011 -1.0207775088721342E-009  1.2575357331630536E-011 -1.6945499972235803E-012  1.3558554138286383E-011  1.0000000000000000E+000  0.0000000000000000E+000  1.2575357331630615E-011 -1.6945499972235982E-012  1.3558554138287163E-011
  7.5120000000000005E+001 -3.3832260940339440E-010 -5.7634969971325498E-011 -1.0218565749282001E-009  1.2549249713702080E-011 -1.7419288362865432E-012  1.3417723618739216E-011  1.0000000000000000E+000  0.0000000000000000E+000  1.2549249713702382E-011 -1.7419288362865478E-012  1.3417723618740121E-011
  7.5200000000000003E+001 -3.3932546015094650E-010 -5.7493697725973535E-011 -1.0229243446511325E-009  1.2520805132926805E-011 -1.7905409296010458E-012  1.3276156827937647E-011  1.0000000000000000E+000  0.0000000000000000E+000  1.2520805132926760E-011 -1.7905409296010147E-012  1.3276156827938209E-011
  7.5280000000000001E+001 -3.4032593822466269E-010 -5.7348483422589331E-011 -1.0239807600206701E-009  1.2489851700302944E-011 -1.8405669856103899E-012  1.3133858365348385E-011  1.0000000000000000E+000  0.0000000000000000E+000  1.2489851700302918E-011 -1.8405669856104016E-012  1.3133858365348131E-011
  7.5359999999999999E+001 -3.4132383642299497E-010 -5.7199207008275872E-011 -1.0250257619895882E-009  1.2456242246549095E-011 -1.8921611342947399E-012  1.2990802588263874E-011  1.0000000000000000E+000  0.0000000000000000E+000  1.2456242246549208E-011 -1.8921611342947710E-012  1.2990802588263375E-011
  7.5439999999999998E+001 -3.4231893698411055E-010 -5.7045737641102173E-011 -1.0260592884347923E-009  1.2419864917017047E-011 -1.9454283117475071E-012  1.2846944419573568E-011  1.0000000000000000E+000  0.0000000000000000E+000  1.2419864917017144E-011 -1.9454283117475346E-012  1.2846944419573171E-011
  7.5519999999999996E+001 -3.4331101480971770E-010 -5.6887938478396271E-011 -1.0270812730967200E-009  1.2380651609996440E-011 -2.0004072011878543E-012  1.2702231727864675E-011  1.0000000000000000E+000  0.0000000000000000E+000  1.2380651609996757E-011 -2.0004072011878875E-012  1.2702231727865548E-011
  7.5600000000000009E+001 -3.4429984124170998E-010 -5.6725672488912116E-011 -1.0280916455112507E-009  1.2338581923965392E-011 -2.0570630386870901E-012  1.2556616452144488E-011  1.0000000000000000E+000  0.0000000000000000E+000  1.2338581923965414E-011 -2.0570630386870990E-012  1.2556616452144737E-011
  7.5680000000000007E+001 -3.4528518791755216E-010 -5.6558808392206337E-011 -1.0290903317290631E-009  1.2293682172048097E-011 -2.1152931924227366E-012  1.2410061149971427E-011  1.0000000000000000E+000  0.0000000000000000E+000  1.2293682172048055E-011 -2.1152931924226966E-012  1.2410061149970579E-011
  7.5760000000000005E+001 -3.4626683038923767E-010 -5.6387225578124478E-011 -1.0300772552952461E-009  1.2246021056090607E-011 -2.1749437258845006E-012  1.2262539941999657E-011  1.0000000000000000E+000  0.0000000000000000E+000  1.2246021056090667E-011 -2.1749437258844727E-012  1.2262539941999397E-011
  7.5840000000000003E+001 -3.4724455128652666E-010 -5.6210817396064817E-011 -1.0310523381197831E-009  1.2195704106982185E-011 -2.2358317643529161E-012  1.2114034112130445E-011  1.0000000000000000E+000  0.0000000000000000E+000  1.2195704106981982E-011 -2.2358317643529282E-012  1.2114034112130952E-011
  7.5920000000000002E+001 -3.4821814304635482E-010 -5.6029492495828012E-011 -1.0320155007531870E-009  1.2142868915950997E-011 -2.2977678250469063E-012  1.1964523750799824E-011  1.0000000000000000E+000  0.0000000000000000E+000  1.2142868915950840E-011 -2.2977678250469063E-012  1.1964523750799353E-011
  7.6000000000000000E+001 -3.4918741031307882E-010 -5.5843174544057312E-011 -1.0329666619199110E-009  1.2087681136138787E-011 -2.3605714535876963E-012  1.1813977811193587E-011  1.0000000000000000E+000  0.0000000000000000E+000  1.2087681136139003E-011 -2.3605714535877137E-012  1.1813977811192744E-011
  7.6079999999999998E+001 -3.5015217202813703E-010 -5.5651801063253980E-011 -1.0339057372029779E-009  1.2030331065255723E-011 -2.4240767707773981E-012  1.1662345173379271E-011  1.0000000000000000E+000  0.0000000000000000E+000  1.2030331065256146E-011 -2.4240767707774341E-012  1.1662345173379470E-011
  7.6159999999999997E+001 -3.5111226328351973E-010 -5.5455322260732928E-011 -1.0348326371476517E-009  1.1971029518092277E-011 -2.4881280406012761E-012  1.1509549029265869E-011  1.0000000000000000E+000  0.0000000000000000E+000  1.1971029518092451E-011 -2.4881280406013036E-012  1.1509549029265181E-011
  7.6239999999999995E+001 -3.5206753675103179E-010 -5.5253700576757776E-011 -1.0357472650476605E-009  1.1910002622659433E-011 -2.5525684004480667E-012  1.1355486199987242E-011  1.0000000000000000E+000  0.0000000000000000E+000  1.1910002622659392E-011 -2.5525684004480732E-012  1.1355486199987176E-011
  7.6320000000000007E+001 -3.5301786370314524E-010 -5.5046911316661237E-011 -1.0366495149396497E-009  1.1847486865837580E-011 -2.6172265833176555E-012  1.1200032671327574E-011  1.0000000000000000E+000  0.0000000000000000E+000  1.1847486865837557E-011 -2.6172265833176757E-012  1.1200032671328671E-011
  7.6400000000000006E+001 -3.5396313464956580E-010 -5.4834944323426951E-011 -1.0375392702750729E-009  1.1783724786483909E-011 -2.6819068097742387E-012  1.1043054423895025E-011  1.0000000000000000E+000  0.0000000000000000E+000  1.1783724786483901E-011 -2.6819068097742537E-012  1.1043054423894612E-011
  7.6480000000000004E+001 -3.5490325966898267E-010 -5.4617806227097359E-011 -1.0384164036474729E-009  1.1718961681505189E-011 -2.7463850231645475E-012  1.0884421865650151E-011  1.0000000000000000E+000  0.0000000000000000E+000  1.1718961681505087E-011 -2.7463850231645451E-012  1.0884421865649592E-011
  7.6560000000000002E+001 -3.5583816851860663E-010 -5.4395522719720624E-011 -1.0392807777735769E-009  1.1653442630194416E-011 -2.8104138951082616E-012  1.0724024790855945E-011  1.0000000000000000E+000  0.0000000000000000E+000  1.1653442630194346E-011 -2.8104138951082624E-012  1.0724024790856008E-011
  7.6640000000000001E+001 -3.5676781048981377E-010 -5.4168140003880037E-011 -1.0401322476140098E-009  1.1587407864436948E-011 -2.8737364444728105E-012  1.0561784382313427E-011  1.0000000000000000E+000  0.0000000000000000E+000  1.1587407864437229E-011 -2.8737364444727870E-012  1.0561784382312573E-011
  7.6719999999999999E+001 -3.5769215377691655E-010 -5.3935724888604974E-011 -1.0409706632747471E-009  1.1521085186222747E-011 -2.9361063157585560E-012  1.0397659154349327E-011  1.0000000000000000E+000  0.0000000000000000E+000  1.1521085186223248E-011 -2.9361063157585415E-012  1.0397659154348293E-011
  7.6799999999999997E+001 -3.5861118411960941E-010 -5.3698362993358668E-011 -1.0417958730787057E-009  1.1454680078928977E-011 -2.9973111819843372E-012  1.0231644125497172E-011  1.0000000000000000E+000  0.0000000000000000E+000  1.1454680078928988E-011 -2.9973111819843615E-012  1.0231644125495899E-011
  7.6879999999999995E+001 -3.5952490258954518E-010 -5.3456155099487480E-011 -1.0426077263348266E-009  1.1388364738716061E-011 -3.0571939190555070E-012  1.0063763564256443E-011  1.0000000000000000E+000  0.0000000000000000E+000  1.1388364738715777E-011 -3.0571939190555353E-012  1.0063763564255729E-011
  7.6960000000000008E+001 -3.6043332247780398E-010 -5.3209211966309787E-011 -1.0434060752489867E-009  1.1322269090740063E-011 -3.1156667368232285E-012  9.8940598785925774E-012  1.0000000000000000E+000  0.0000000000000000E+000  1.1322269090740139E-011 -3.1156667368232466E-012  9.8940598785934255E-012
  7.7040000000000006E+001 -3.6133646564406359E-010 -5.2957648421595763E-011 -1.0441907759154014E-009  1.1256475999750763E-011 -3.1727144199656344E-012  9.7225815703726237E-012  1.0000000000000000E+000  0.0000000000000000E+000  1.1256475999750926E-011 -3.1727144199656466E-012  9.7225815703734848E-012
  7.7120000000000005E+001 -3.6223435863776411E-010 -5.2701577659115286E-011 -1.0449616883002464E-009  1.1191020698835239E-011 -3.2283856944357887E-012  9.5493735173734026E-012  1.0000000000000000E+000  0.0000000000000000E+000  1.1191020698835243E-011 -3.2283856944357593E-012  9.5493735173740989E-012
  7.7200000000000003E+001 -3.6312702895587723E-010 -5.2441106710486037E-011 -1.0457186756781812E-009  1.1125893606587588E-011 -3.2827749779797782E-012  9.3744719875227419E-012  1.0000000000000000E+000  0.0000000000000000E+000  1.1125893606587284E-011 -3.2827749779797754E-012  9.3744719875232298E-012
  7.7280000000000001E+001 -3.6401450161481812E-010 -5.2176333662638521E-011 -1.0464616038182500E-009  1.1061045198338395E-011 -3.3360003119446897E-012  9.1979045443721200E-012  1.0000000000000000E+000  0.0000000000000000E+000  1.1061045198338349E-011 -3.3360003119447111E-012  9.1979045443722412E-012
  7.7359999999999999E+001 -3.6489679618761137E-010 -5.1907346660574887E-011 -1.0471903404052807E-009  1.0996391062644551E-011 -3.3881836040429412E-012  9.0196951187116074E-012  1.0000000000000000E+000  0.0000000000000000E+000  1.0996391062644872E-011 -3.3881836040429182E-012  9.0196951187125735E-012
  7.7439999999999998E+001 -3.6577392418484125E-010 -5.1634224285991650E-011 -1.0479047550372439E-009  1.0931817214270323E-011 -3.4394388583537058E-012  8.8398722930835544E-012  1.0000000000000000E+000  0.0000000000000000E+000  1.0931817214270596E-011 -3.4394388583536900E-012  8.8398722930850101E-012
  7.7519999999999996E+001 -3.6664588694189463E-010 -5.1357036443238294E-011 -1.0486047199721741E-009  1.0867185960051430E-011 -3.4898706969232778E-012  8.6584793643391001E-012  1.0000000000000000E+000  0.0000000000000000E+000  1.0867185960051596E-011 -3.4898706969232475E-012  8.6584793643403522E-012
  7.7600000000000009E+001 -3.6751267393844948E-010 -5.1075844974483926E-011 -1.0492901117355381E-009  1.0802342274587360E-011 -3.5395819229985122E-012  8.4755827508628113E-012  1.0000000000000000E+000  0.0000000000000000E+000  1.0802342274587324E-011 -3.5395819229984730E-012  8.4755827508643089E-012
  7.7680000000000007E+001 -3.6837426170582860E-010 -5.0790703335558532E-011 -1.0499608132123121E-009  1.0737120781368505E-011 -3.5886861311414533E-012  8.2912764833426906E-012  1.0000000000000000E+000  0.0000000000000000E+000  1.0737120781368192E-011 -3.5886861311414444E-012  8.2912764833428958E-012
  7.7760000000000005E+001 -3.6923061326346844E-010 -5.0501655193501293E-011 -1.0506167159728730E-009  1.0671351421938625E-011 -3.6373196045713978E-012  8.1056814720031835E-012  1.0000000000000000E+000  0.0000000000000000E+000  1.0671351421938231E-011 -3.6373196045713909E-012  8.1056814720023886E-012
  7.7840000000000003E+001 -3.7008167793333878E-010 -5.0208732198827108E-011 -1.0512577222478326E-009  1.0604863542815244E-011 -3.6856486365209879E-012  7.9189381350378080E-012  1.0000000000000000E+000  0.0000000000000000E+000  1.0604863542815260E-011 -3.6856486365209532E-012  7.9189381350384413E-012
  7.7920000000000002E+001 -3.7092739143031888E-010 -4.9911951411657935E-011 -1.0518837460744790E-009  1.0537488049900944E-011 -3.7338692304743989E-012  7.7311940742487526E-012  1.0000000000000000E+000  0.0000000000000000E+000  1.0537488049900986E-011 -3.7338692304743585E-012  7.7311940742490563E-012
  7.8000000000000000E+001 -3.7176767602132293E-010 -4.9611313121951204E-011 -1.0524947132997124E-009  1.0469059065975276E-011 -3.7821978791685122E-012  7.5425891499879776E-012  1.0000000000000000E+000  0.0000000000000000E+000  1.0469059065975160E-011 -3.7821978791684912E-012  7.5425891499877934E-012
  7.8079999999999998E+001 -3.7260244088087492E-010 -4.9306799750990973E-011 -1.0530905603384771E-009  1.0399416809583466E-011 -3.8308552327637005E-012  7.3532415024239554E-012  1.0000000000000000E+000  0.0000000000000000E+000  1.0399416809583621E-011 -3.8308552327636601E-012  7.3532415024246889E-012
  7.8159999999999997E+001 -3.7343158271085629E-010 -4.8998376284709012E-011 -1.0536712319401003E-009  1.0328412969197513E-011 -3.8800453272767613E-012  7.1632380023347425E-012  1.0000000000000000E+000  0.0000000000000000E+000  1.0328412969197579E-011 -3.8800453272767443E-012  7.1632380023352320E-012
  7.8239999999999995E+001 -3.7425498695594652E-010 -4.8685992498626692E-011 -1.0542366784188506E-009  1.0255919047655234E-011 -3.9299339312166592E-012  6.9726308009686636E-012  1.0000000000000000E+000  0.0000000000000000E+000  1.0255919047655159E-011 -3.9299339312166487E-012  6.9726308009682783E-012
  7.8320000000000007E+001 -3.7507252975848113E-010 -4.8369586855714347E-011 -1.0547868528682552E-009  1.0181835912918158E-011 -3.9806308604298697E-012  6.7814406766167377E-012  1.0000000000000000E+000  0.0000000000000000E+000  1.0181835912918426E-011 -3.9806308604298293E-012  6.7814406766167506E-012
  7.8400000000000006E+001 -3.7588408070201343E-010 -4.8049091560957912E-011 -1.0553217089271093E-009  1.0106102662229118E-011 -4.0321803284399587E-012  6.5896657618825425E-012  1.0000000000000000E+000  0.0000000000000000E+000  1.0106102662229248E-011 -4.0321803284399474E-012  6.5896657618829520E-012
  7.8480000000000004E+001 -3.7668950618443779E-010 -4.7724438003163954E-011 -1.0558411993901565E-009  1.0028702851885063E-011 -4.0845618241496643E-012  6.3972927001191686E-012  1.0000000000000000E+000  0.0000000000000000E+000  1.0028702851884796E-011 -4.0845618241496805E-012  6.3972927001189190E-012
  7.8560000000000002E+001 -3.7748867315831504E-010 -4.7395561669093966E-011 -1.0563452757591284E-009  9.9496669081118244E-012 -4.1377012918724908E-012  6.2043077649635767E-012  1.0000000000000000E+000  0.0000000000000000E+000  9.9496669081116451E-012 -4.1377012918725159E-012  6.2043077649637471E-012
  7.8640000000000001E+001 -3.7828145288973568E-010 -4.7062405796464355E-011 -1.0568338886325506E-009  9.8690715002563720E-012 -4.1914893830230025E-012  6.0107047685141262E-012  1.0000000000000000E+000  0.0000000000000000E+000  9.8690715002563849E-012 -4.1914893830230178E-012  6.0107047685142369E-012
  7.8719999999999999E+001 -3.7906772459835606E-010 -4.6724923367810286E-011 -1.0573069885220906E-009  9.7870363390663163E-012 -4.2458014950039369E-012  5.8164883801485065E-012  1.0000000000000000E+000  0.0000000000000000E+000  9.7870363390663260E-012 -4.2458014950039450E-012  5.8164883801480565E-012
  7.8799999999999997E+001 -3.7984737870398629E-010 -4.6383077557263725E-011 -1.0577645267733744E-009  9.7037186241188780E-012 -4.3005134946374558E-012  5.6216721649618489E-012  1.0000000000000000E+000  0.0000000000000000E+000  9.7037186241187374E-012 -4.3005134946374412E-012  5.6216721649610758E-012
  7.8879999999999995E+001 -3.8062031957821508E-010 -4.6036841208668293E-011 -1.0582064560684845E-009  9.6193057843145179E-012 -4.3555090301048286E-012  5.4262714176335395E-012  1.0000000000000000E+000  0.0000000000000000E+000  9.6193057843143046E-012 -4.3555090301047987E-012  5.4262714176327196E-012
  7.8960000000000008E+001 -3.8138646762947661E-010 -4.5686196112446953E-011 -1.0586327302001958E-009  9.5340064331816823E-012 -4.4106776395658123E-012  5.2302932082055208E-012  1.0000000000000000E+000  0.0000000000000000E+000  9.5340064331815175E-012 -4.4106776395658058E-012  5.2302932082051984E-012
  7.9040000000000006E+001 -3.8214576060752415E-010 -4.5331132786337763E-011 -1.0590433029817974E-009  9.4480407633876648E-012 -4.4659053346319778E-012  5.0337261003526471E-012  1.0000000000000000E+000  0.0000000000000000E+000  9.4480407633875242E-012 -4.4659053346319843E-012  5.0337261003533749E-012
  7.9120000000000005E+001 -3.8289815415161864E-010 -4.4971651258905836E-011 -1.0594381263762522E-009  9.3616320245077515E-012 -4.5210623671227569E-012  4.8365324306197265E-012  1.0000000000000000E+000  0.0000000000000000E+000  9.3616320245074979E-012 -4.5210623671227383E-012  4.8365324306204689E-012
  7.9200000000000003E+001 -3.8364362173144539E-010 -4.4607762807598122E-011 -1.0598171481706966E-009  9.2750000022916279E-012 -4.5759932542246917E-012  4.6386455725345693E-012  1.0000000000000000E+000  0.0000000000000000E+000  9.2750000022914470E-012 -4.5759932542246667E-012  4.6386455725342664E-012
  7.9280000000000001E+001 -3.8438215415198530E-010 -4.4239492338229885E-011 -1.0601803096678577E-009  9.1883578607847451E-012 -4.6305128246773210E-012  4.4399735813738545E-012  1.0000000000000000E+000  0.0000000000000000E+000  9.1883578607848469E-012 -4.6305128246772912E-012  4.4399735813735750E-012
  7.9359999999999999E+001 -3.8511375898917095E-010 -4.3866880755649750E-011 -1.0605275439437164E-009  9.1019119524629043E-012 -4.6844102408920968E-012  4.2404085854884212E-012  1.0000000000000000E+000  0.0000000000000000E+000  9.1019119524627524E-012 -4.6844102408920653E-012  4.2404085854872903E-012
  7.9439999999999998E+001 -3.8583846006437936E-010 -4.3489986699687150E-011 -1.0608587750415359E-009  9.0158625832450764E-012 -4.7374608397853283E-012  4.0398398835372909E-012  1.0000000000000000E+000  0.0000000000000000E+000  9.0158625832448567E-012 -4.7374608397853122E-012  4.0398398835369492E-012
  7.9519999999999996E+001 -3.8655629700249016E-010 -4.3108887021284098E-011 -1.0611739183250824E-009  8.9304037911376085E-012 -4.7894434053034432E-012  3.8381674929681006E-012  1.0000000000000000E+000  0.0000000000000000E+000  8.9304037911375487E-012 -4.7894434053034222E-012  3.8381674929681652E-012
  7.9600000000000009E+001 -3.8726732467096138E-010 -4.2723675754838599E-011 -1.0614728818404108E-009  8.8457202373043255E-012 -4.8401597157949375E-012  3.6353127073697900E-012  1.0000000000000000E+000  0.0000000000000000E+000  8.8457202373042641E-012 -4.8401597157949497E-012  3.6353127073690513E-012
  7.9680000000000007E+001 -3.8797161224045885E-010 -4.2334461466756908E-011 -1.0617555683582615E-009  8.7619812850967198E-012 -4.8894525977837741E-012  3.4312240277388720E-012  1.0000000000000000E+000  0.0000000000000000E+000  8.7619812850968716E-012 -4.8894525977837903E-012  3.4312240277387493E-012
  7.9760000000000005E+001 -3.8866924167657685E-010 -4.1941363339193195E-011 -1.0620218776848490E-009  8.6793327436350006E-012 -4.9372181667221407E-012  3.2258769909027866E-012  1.0000000000000000E+000  0.0000000000000000E+000  8.6793327436352769E-012 -4.9372181667221334E-012  3.2258769909023961E-012
  7.9840000000000003E+001 -3.8936030547944045E-010 -4.1544506560081365E-011 -1.0622717086768060E-009  8.5978883468916803E-012 -4.9834097362420258E-012  3.0192682411345453E-012  1.0000000000000000E+000  0.0000000000000000E+000  8.5978883468918871E-012 -4.9834097362420194E-012  3.0192682411338009E-012
  7.9920000000000002E+001 -3.9004490381207952E-010 -4.1144017781394471E-011 -1.0625049606034305E-009  8.5177228182309482E-012 -5.0280323595286821E-012  2.8114065163397466E-012  1.0000000000000000E+000  0.0000000000000000E+000  8.5177228182310144E-012 -5.0280323595286845E-012  2.8114065163395172E-012
  8.0000000000000000E+001 -3.9072314113035740E-010 -4.0740021382556776E-011 -1.0627215337194203E-009  8.4388675498630622E-012 -5.0711290779125529E-012  2.6023023164143366E-012  1.0000000000000000E+000  0.0000000000000000E+000  8.4388675498632173E-012 -5.0711290779125796E-012  2.6023023164152507E-012
  8.0079999999999998E+001 -3.9139512262005761E-010 -4.0332637128928463E-011 -1.0629213289740568E-009  8.3613099304289059E-012 -5.1127630857737111E-012  2.3919591756593811E-012  1.0000000000000000E+000  0.0000000000000000E+000  8.3613099304291353E-012 -5.1127630857737475E-012  2.3919591756593055E-012
  8.0159999999999997E+001 -3.9206095071922603E-010 -3.9921979288832982E-011 -1.0631042471875258E-009  8.2849959180121692E-012 -5.1530010796961428E-012  2.1803686992152984E-012  1.0000000000000000E+000  0.0000000000000000E+000  8.2849959180120271E-012 -5.1530010796961436E-012  2.1803686992147269E-012
  8.0239999999999995E+001 -3.9272072196693956E-010 -3.9508156956177080E-011 -1.0632701879659312E-009  8.2098359392719139E-012 -5.1919023144004097E-012  1.9675105633901476E-012  1.0000000000000000E+000  0.0000000000000000E+000  8.2098359392717459E-012 -5.1919023144004009E-012  1.9675105633905471E-012
  8.0320000000000007E+001 -3.9337452446950953E-010 -3.9091274918528917E-011 -1.0634190488776683E-009  8.1357140190495347E-012 -5.2295165036581381E-012  1.7533576833709846E-012  1.0000000000000000E+000  0.0000000000000000E+000  8.1357140190494507E-012 -5.2295165036581502E-012  1.7533576833708939E-012
  8.0400000000000006E+001 -3.9402243620998749E-010 -3.8671434315591778E-011 -1.0635507251952706E-009  8.0624986441036519E-012 -5.2658902393109516E-012  1.5378848486043014E-012  1.0000000000000000E+000  0.0000000000000000E+000  8.0624986441034871E-012 -5.2658902393109839E-012  1.5378848486042071E-012
  8.0480000000000004E+001 -3.9466452425256612E-010 -3.8248732480239165E-011 -1.0636651104534449E-009  7.9900540240345164E-012 -5.3010787325876506E-012  1.3210792021391192E-012  1.0000000000000000E+000  0.0000000000000000E+000  7.9900540240347054E-012 -5.3010787325876885E-012  1.3210792021392577E-012
  8.0560000000000002E+001 -3.9530084485383301E-010 -3.7823261718377753E-011 -1.0637620978676129E-009  7.9182495954726025E-012 -5.3351577678949693E-012  1.1029489776485371E-012  1.0000000000000000E+000  0.0000000000000000E+000  7.9182495954729838E-012 -5.3351577678949838E-012  1.1029489776482774E-012
  8.0640000000000001E+001 -3.9593144418784173E-010 -3.7395107237375970E-011 -1.0638415822898687E-009  7.8469658928010735E-012 -5.3682320039411961E-012  8.8352836873956092E-013  1.0000000000000000E+000  0.0000000000000000E+000  7.8469658928010912E-012 -5.3682320039411872E-012  8.8352836873953760E-013
  8.0719999999999999E+001 -3.9655635939668118E-010 -3.6964344597747162E-011 -1.0639034624066112E-009  7.7760964364633944E-012 -5.4004358405759361E-012  6.6287711908769432E-013  1.0000000000000000E+000  0.0000000000000000E+000  7.7760964364634332E-012 -5.4004358405759264E-012  6.6287711908877282E-013
  8.0799999999999997E+001 -3.9717561961767588E-010 -3.6531037502883820E-011 -1.0639476426289227E-009  7.7055463967367397E-012 -5.4319260004981836E-012  4.4107463762978426E-013  1.0000000000000000E+000  0.0000000000000000E+000  7.7055463967370725E-012 -5.4319260004981764E-012  4.4107463763072206E-013
  8.0879999999999995E+001 -3.9778924682015906E-010 -3.6095236437667453E-011 -1.0639740343486320E-009  7.6352298615722017E-012 -5.4628677727183968E-012  2.1821032398236138E-013  1.0000000000000000E+000  0.0000000000000000E+000  7.6352298615723665E-012 -5.4628677727183920E-012  2.1821032398220997E-013
  8.0960000000000008E+001 -3.9839725639552743E-010 -3.5656978659248876E-011 -1.0639825562807599E-009  7.5650681292658947E-012 -5.4934171945491029E-012 -5.6275241098280816E-015  1.0000000000000000E+000  0.0000000000000000E+000  7.5650681292656766E-012 -5.4934171945491134E-012 -5.6275241105911586E-015
  8.1040000000000006E+001 -3.9899965772084160E-010 -3.5216289686539596E-011 -1.0639731339447744E-009  7.4949908842367425E-012 -5.5237029634083466E-012 -2.3036138398287916E-013  1.0000000000000000E+000  0.0000000000000000E+000  7.4949908842364678E-012 -5.5237029634083700E-012 -2.3036138398378864E-013
  8.1120000000000005E+001 -3.9959645493700531E-010 -3.4773186185103541E-011 -1.0639456984593227E-009  7.4249406231723542E-012 -5.5538122314622474E-012 -4.5593088292274414E-013  1.0000000000000000E+000  0.0000000000000000E+000  7.4249406231722508E-012 -5.5538122314622716E-012 -4.5593088292360969E-013
  8.1200000000000003E+001 -4.0018764822054918E-010 -3.4327679729505637E-011 -1.0639001850035067E-009  7.3548795655226904E-012 -5.5837831899732653E-012 -6.8229485706559856E-013  1.0000000000000000E+000  0.0000000000000000E+000  7.3548795655224109E-012 -5.5837831899732774E-012 -6.8229485706632729E-013
  8.1280000000000001E+001 -4.0077323566748894E-010 -3.3879780874707818E-011 -1.0638365312821922E-009  7.2847976629816902E-012 -5.6136064701596484E-012 -9.0942879432665879E-013  1.0000000000000000E+000  0.0000000000000000E+000  7.2847976629815254E-012 -5.6136064701596766E-012 -9.0942879432751394E-013
  8.1359999999999999E+001 -4.0135321584662625E-010 -3.3429502694280093E-011 -1.0637546763964145E-009  7.2147195452999330E-012 -5.6432353350674135E-012 -1.1373188899623527E-012  1.0000000000000000E+000  0.0000000000000000E+000  7.2147195453000736E-012 -5.6432353350674466E-012 -1.1373188899624636E-012
  8.1439999999999998E+001 -4.0192759079473693E-010 -3.2976863221097032E-011 -1.0636545602597982E-009  7.1447087799138881E-012 -5.6726019445704763E-012 -1.3659546509022668E-012  1.0000000000000000E+000  0.0000000000000000E+000  7.1447087799139971E-012 -5.6726019445704691E-012 -1.3659546509019285E-012
  8.1519999999999996E+001 -4.0249636925141247E-010 -3.2521886383148817E-011 -1.0635361236522701E-009  7.0748685583549270E-012 -5.7016355559426782E-012 -1.5953215933289049E-012  1.0000000000000000E+000  0.0000000000000000E+000  7.0748685583550998E-012 -5.7016355559426693E-012 -1.5953215933292420E-012
  8.1600000000000009E+001 -4.0305956976407372E-010 -3.2064601532146204E-011 -1.0633993088048656E-009  7.0053377171486856E-012 -5.7302773388180975E-012 -1.8253961576507890E-012  1.0000000000000000E+000  0.0000000000000000E+000  7.0053377171487672E-012 -5.7302773388181371E-012 -1.8253961576516631E-012
  8.1680000000000007E+001 -4.0361722328615626E-010 -3.1605042008937921E-011 -1.0632440602670460E-009  6.9362825673870314E-012 -5.7584880030452679E-012 -2.0561442816495064E-012  1.0000000000000000E+000  0.0000000000000000E+000  6.9362825673868577E-012 -5.7584880030453172E-012 -2.0561442816501612E-012
  8.1760000000000005E+001 -4.0416937497485564E-010 -3.1143243451658961E-011 -1.0630703257198016E-009  6.8678855287452585E-012 -5.7862460754480206E-012 -2.2875239112106833E-012  1.0000000000000000E+000  0.0000000000000000E+000  6.8678855287452036E-012 -5.7862460754480432E-012 -2.2875239112105585E-012
  8.1840000000000003E+001 -4.0471608497075550E-010 -3.0679242636866238E-011 -1.0628780564412523E-009  6.8003319785029745E-012 -5.8135380941605774E-012 -2.5194911564231157E-012  1.0000000000000000E+000  0.0000000000000000E+000  6.8003319785027733E-012 -5.8135380941605467E-012 -2.5194911564234659E-012
  8.1920000000000002E+001 -4.0525742809141612E-010 -3.0213077356593268E-011 -1.0626672071347739E-009  6.7337984066230745E-012 -5.8403448148151631E-012 -2.7520083358016592E-012  1.0000000000000000E+000  0.0000000000000000E+000  6.7337984066229001E-012 -5.8403448148151219E-012 -2.7520083358022227E-012
  8.2000000000000000E+001 -4.0579349271581519E-010 -2.9744787466495812E-011 -1.0624377351075240E-009  6.6684436503097528E-012 -5.8666279990969579E-012 -2.9850518075951214E-012  1.0000000000000000E+000  0.0000000000000000E+000  6.6684436503100008E-012 -5.8666279990969426E-012 -2.9850518075956562E-012
  8.2079999999999998E+001 -4.0632437907546568E-010 -2.9274416876737755E-011 -1.0621895988455587E-009  6.6044046378333783E-012 -5.8923223971995201E-012 -3.2186175993267716E-012  1.0000000000000000E+000  0.0000000000000000E+000  6.6044046378334033E-012 -5.8923223971995023E-012 -3.2186175993271626E-012
  8.2159999999999997E+001 -4.0685019745786853E-010 -2.8802015882943889E-011 -1.0619227562916317E-009  6.5417972208334883E-012 -5.9173354384053767E-012 -3.4527232066071505E-012  1.0000000000000000E+000  0.0000000000000000E+000  6.5417972208332136E-012 -5.9173354384053614E-012 -3.4527232066065765E-012
  8.2239999999999995E+001 -4.0737106663079904E-010 -2.8327643206592895E-011 -1.0616371631325016E-009  6.4807198992475034E-012 -5.9415550143828068E-012 -3.6874055707731150E-012  1.0000000000000000E+000  0.0000000000000000E+000  6.4807198992474630E-012 -5.9415550143828027E-012 -3.6874055707718750E-012
  8.2320000000000007E+001 -4.0788711264174814E-010 -2.7851367080642639E-011 -1.0613327714003080E-009  6.4212583553251560E-012 -5.9648643733730106E-012 -3.9227156978336770E-012  1.0000000000000000E+000  0.0000000000000000E+000  6.4212583553251278E-012 -5.9648643733730228E-012 -3.9227156978331737E-012
  8.2400000000000006E+001 -4.0839846796765106E-010 -2.7373264906853213E-011 -1.0610095286208482E-009  6.3634885510411913E-012 -5.9871598345377394E-012 -4.1587110866861508E-012  1.0000000000000000E+000  0.0000000000000000E+000  6.3634885510411509E-012 -5.9871598345377531E-012 -4.1587110866858422E-012
  8.2480000000000004E+001 -4.0890527080991473E-010 -2.6893421507116601E-011 -1.0606673776264382E-009  6.3074761264542723E-012 -6.0083677865728239E-012 -4.3954479591954016E-012  1.0000000000000000E+000  0.0000000000000000E+000  6.3074761264545873E-012 -6.0083677865728272E-012 -4.3954479591957134E-012
  8.2560000000000002E+001 -4.0940766414788374E-010 -2.6411926061001561E-011 -1.0603062569473769E-009  6.2532723423227443E-012 -6.0284575337169841E-012 -4.6329749164113112E-012  1.0000000000000000E+000  0.0000000000000000E+000  6.2532723423229075E-012 -6.0284575337169987E-012 -4.6329749164117054E-012
  8.2640000000000001E+001 -4.0990579438468637E-010 -2.5928868301721884E-011 -1.0599261016398124E-009  6.2009075745879347E-012 -6.0474459640554353E-012 -4.8713285956947862E-012  1.0000000000000000E+000  0.0000000000000000E+000  6.2009075745877933E-012 -6.0474459640554466E-012 -4.8713285956936319E-012
  8.2719999999999999E+001 -4.1039980935981781E-010 -2.5444334706752692E-011 -1.0595268443720658E-009  6.1503834093870857E-012 -6.0653928741589127E-012 -5.1105328846260499E-012  1.0000000000000000E+000  0.0000000000000000E+000  6.1503834093868297E-012 -6.0653928741589168E-012 -5.1105328846254683E-012
  8.2799999999999997E+001 -4.1088985573018830E-010 -2.4958405441856458E-011 -1.0591084163782723E-009  6.1016662522339701E-012 -6.0823877171817177E-012 -5.3506007465302155E-012  1.0000000000000000E+000  0.0000000000000000E+000  6.1016662522338336E-012 -6.0823877171817362E-012 -5.3506007465307236E-012
  8.2879999999999995E+001 -4.1137607596017525E-010 -2.4471152672003617E-011 -1.0586707482526209E-009  6.0546840594305332E-012 -6.0985309704157849E-012 -5.5915382968724588E-012  1.0000000000000000E+000  0.0000000000000000E+000  6.0546840594303975E-012 -6.0985309704158034E-012 -5.5915382968718296E-012
  8.2960000000000008E+001 -4.1185860517969718E-010 -2.3982640486589932E-011 -1.0582137702507727E-009  6.0093276058197326E-012 -6.1139148777016286E-012 -5.8333503837596425E-012  1.0000000000000000E+000  0.0000000000000000E+000  6.0093276058194701E-012 -6.1139148777016431E-012 -5.8333503837591894E-012
  8.3040000000000006E+001 -4.1233756837710641E-010 -2.3492926291571356E-011 -1.0577374121912194E-009  5.9654569691878075E-012 -6.1286088989533773E-012 -6.0760454455778504E-012  1.0000000000000000E+000  0.0000000000000000E+000  5.9654569691877364E-012 -6.1286088989533805E-012 -6.0760454455784667E-012
  8.3120000000000005E+001 -4.1281307829476723E-010 -2.3002063062757392E-011 -1.0572416029794802E-009  5.9229122345433062E-012 -6.1426540066027848E-012 -6.3196388104181028E-012  1.0000000000000000E+000  0.0000000000000000E+000  5.9229122345434702E-012 -6.1426540066027864E-012 -6.3196388104185761E-012
  8.3200000000000003E+001 -4.1328523433463334E-010 -2.2510101650514911E-011 -1.0567262699815525E-009  5.8815271264125646E-012 -6.1560670045085923E-012 -6.5641532154850354E-012  1.0000000000000000E+000  0.0000000000000000E+000  5.8815271264128611E-012 -6.1560670045085939E-012 -6.5641532154848335E-012
  8.3280000000000001E+001 -4.1375412263499324E-010 -2.2017092342036017E-011 -1.0561913384650026E-009  5.8411426696367263E-012 -6.1688529239511342E-012 -6.8096160748301557E-012  1.0000000000000000E+000  0.0000000000000000E+000  5.8411426696368047E-012 -6.1688529239511390E-012 -6.8096160748291694E-012
  8.3359999999999999E+001 -4.1421981716177521E-010 -2.1523085182682729E-011 -1.0556367314095797E-009  5.8016182073948838E-012 -6.1810213035805068E-012 -7.0560547339989067E-012  1.0000000000000000E+000  0.0000000000000000E+000  5.8016182073947796E-012 -6.1810213035805133E-012 -7.0560547339980003E-012
  8.3439999999999998E+001 -4.1468238154817643E-010 -2.1028128933463136E-011 -1.0550623697075628E-009  5.7628374586321946E-012 -6.1926014488293029E-012 -7.3034909873017911E-012  1.0000000000000000E+000  0.0000000000000000E+000  5.7628374586323481E-012 -6.1926014488292996E-012 -7.3034909873021530E-012
  8.3519999999999996E+001 -4.1514187115515636E-010 -2.0532268950870041E-011 -1.0544681728516114E-009  5.7247091123041711E-012 -6.2036518027221270E-012 -7.5519359109508748E-012  1.0000000000000000E+000  0.0000000000000000E+000  5.7247091123043326E-012 -6.2036518027221423E-012 -7.5519359109510202E-012
  8.3600000000000009E+001 -4.1559833500614509E-010 -2.0035544645027596E-011 -1.0538540599618107E-009  5.6871632287671695E-012 -6.2142606739877791E-012 -7.8013865339899861E-012  1.0000000000000000E+000  0.0000000000000000E+000  5.6871632287672633E-012 -6.2142606739877799E-012 -7.8013865339897163E-012
  8.3680000000000007E+001 -4.1605181727175911E-010 -1.9537987243031996E-011 -1.0532199510061730E-009  5.6501448382279524E-012 -6.2245380726553022E-012 -8.0518248410341367E-012  1.0000000000000000E+000  0.0000000000000000E+000  5.6501448382281148E-012 -6.2245380726552860E-012 -8.0518248410338540E-012
  8.3760000000000005E+001 -4.1650235818026156E-010 -1.9039618553402747E-011 -1.0525657679872452E-009  5.6136083540514573E-012 -6.2346004217493591E-012 -8.3032196158560672E-012  1.0000000000000000E+000  0.0000000000000000E+000  5.6136083540512934E-012 -6.2346004217493502E-012 -8.3032196158549493E-012
  8.3840000000000003E+001 -4.1694999460840734E-010 -1.8540451175552099E-011 -1.0518914358676360E-009  5.5775150089519701E-012 -6.2445515228462153E-012 -8.5555303750669142E-012  1.0000000000000000E+000  0.0000000000000000E+000  5.5775150089517795E-012 -6.2445515228461992E-012 -8.5555303750666832E-012
  8.3920000000000002E+001 -4.1739476058169388E-010 -1.8040490309747353E-011 -1.0511968831272345E-009  5.5418340592427271E-012 -6.2544643569169462E-012 -8.8087129809593040E-012  1.0000000000000000E+000  0.0000000000000000E+000  5.5418340592425752E-012 -6.2544643569169421E-012 -8.8087129809592378E-012
  8.4000000000000000E+001 -4.1783668805788618E-010 -1.7539736878445387E-011 -1.0504820417906825E-009  5.5065480678811293E-012 -6.2643680300515532E-012 -9.0627258798786431E-012  1.0000000000000000E+000  0.0000000000000000E+000  5.5065480678808409E-012 -6.2643680300515459E-012 -9.0627258798781261E-012
  8.4079999999999998E+001 -4.1827580827255486E-010 -1.7038191424939104E-011 -1.0497468469864539E-009  5.4716608183005025E-012 -6.2742433483178014E-012 -9.3175360563816120E-012  1.0000000000000000E+000  0.0000000000000000E+000  5.4716608183004855E-012 -6.2742433483177829E-012 -9.3175360563814375E-012
  8.4159999999999997E+001 -4.1871215378881426E-010 -1.6535857942714539E-011 -1.0489912360216615E-009  5.4372049612499277E-012 -6.2840289669945695E-012 -9.5731238507528548E-012  1.0000000000000000E+000  0.0000000000000000E+000  5.4372049612499333E-012 -6.2840289669945550E-012 -9.5731238507516448E-012
  8.4239999999999995E+001 -4.1914576106635485E-010 -1.6032746790219973E-011 -1.0482151471703334E-009  5.4032471872195579E-012 -6.2936364672363346E-012 -9.8294852001228945E-012  1.0000000000000000E+000  0.0000000000000000E+000  5.4032471872195224E-012 -6.2936364672363314E-012 -9.8294852001218072E-012
  8.4320000000000007E+001 -4.1957667333876939E-010 -1.5528876107956726E-011 -1.0474185183896418E-009  5.3698897291353700E-012 -6.3029712689577256E-012 -1.0086631418422580E-011  1.0000000000000000E+000  0.0000000000000000E+000  5.3698897291356754E-012 -6.3029712689577232E-012 -1.0086631418422684E-011
  8.4400000000000006E+001 -4.2000494342301651E-010 -1.5024271387186737E-011 -1.0466012861433858E-009  5.3372659919216407E-012 -6.3119537140381990E-012 -1.0344586251127676E-011  1.0000000000000000E+000  0.0000000000000000E+000  5.3372659919218653E-012 -6.3119537140381917E-012 -1.0344586251127455E-011
  8.4480000000000004E+001 -4.2043063589747685E-010 -1.4518963513710614E-011 -1.0457633845894614E-009  5.3055306192993296E-012 -6.3205345511384103E-012 -1.0603380947352333E-011  1.0000000000000000E+000  0.0000000000000000E+000  5.3055306192993223E-012 -6.3205345511384103E-012 -1.0603380947352070E-011
  8.4560000000000002E+001 -4.2085382832210440E-010 -1.4012985859004591E-011 -1.0449047451918095E-009  5.2748458384416655E-012 -6.3287008193743289E-012 -1.0863049146515811E-011  1.0000000000000000E+000  0.0000000000000000E+000  5.2748458384413730E-012 -6.3287008193743248E-012 -1.0863049146516868E-011
  8.4640000000000001E+001 -4.2127461123162752E-010 -1.3506371382610721E-011 -1.0440252967260188E-009  5.2453662646895581E-012 -6.3364709104689490E-012 -1.1123622629277231E-011  1.0000000000000000E+000  0.0000000000000000E+000  5.2453662646892528E-012 -6.3364709104689441E-012 -1.1123622629277953E-011
  8.4719999999999999E+001 -4.2169308692445473E-010 -1.2999150513329559E-011 -1.0431249655711251E-009  5.2172253945717211E-012 -6.3438808739035635E-012 -1.1385128901523242E-011  1.0000000000000000E+000  0.0000000000000000E+000  5.2172253945714787E-012 -6.3438808739035692E-012 -1.1385128901523195E-011
  8.4799999999999997E+001 -4.2210936729475899E-010 -1.2491350442786151E-011 -1.0422036761017751E-009  5.1905263795245306E-012 -6.3509658743200216E-012 -1.1647591057481264E-011  1.0000000000000000E+000  0.0000000000000000E+000  5.1905263795244538E-012 -6.3509658743200224E-012 -1.1647591057481668E-011
  8.4879999999999995E+001 -4.2252357114517866E-010 -1.1982995973438356E-011 -1.0412613510019281E-009  5.1653388829908539E-012 -6.3577425705750403E-012 -1.1911029561068448E-011  1.0000000000000000E+000  0.0000000000000000E+000  5.1653388829911439E-012 -6.3577425705750347E-012 -1.1911029561067823E-011
  8.4960000000000008E+001 -4.2293582151603753E-010 -1.1474111631494144E-011 -1.0402979113720042E-009  5.1417024318605625E-012 -6.3641978683272950E-012 -1.2175465693162997E-011  1.0000000000000000E+000  0.0000000000000000E+000  5.1417024318606578E-012 -6.3641978683272958E-012 -1.2175465693162523E-011
  8.5040000000000006E+001 -4.2334624353427635E-010 -1.0964724314505989E-011 -1.0393132764910220E-009  5.1196333352741309E-012 -6.3702866716531218E-012 -1.2440925377521298E-011  1.0000000000000000E+000  0.0000000000000000E+000  5.1196333352742916E-012 -6.3702866716531218E-012 -1.2440925377521581E-011
  8.5120000000000005E+001 -4.2375496284968139E-010 -1.0454865764029645E-011 -1.0383073633116008E-009  5.0991330018513183E-012 -6.3759393936963797E-012 -1.2707442479481146E-011  1.0000000000000000E+000  0.0000000000000000E+000  5.0991330018516018E-012 -6.3759393936963829E-012 -1.2707442479480942E-011
  8.5200000000000003E+001 -4.2416210481457256E-010 -9.9445740115145680E-012 -1.0372800856943050E-009  5.0801945048055859E-012 -6.3810779252297681E-012 -1.2975061117596806E-011  1.0000000000000000E+000  0.0000000000000000E+000  5.0801945048056085E-012 -6.3810779252297722E-012 -1.2975061117596190E-011
  8.5280000000000001E+001 -4.2456779397045028E-010 -9.4338932959928820E-012 -1.0362313535327853E-009  5.0628051231221024E-012 -6.3856360842437300E-012 -1.3243835516191484E-011  1.0000000000000000E+000  0.0000000000000000E+000  5.0628051231219489E-012 -6.3856360842437316E-012 -1.3243835516191043E-011
  8.5359999999999999E+001 -4.2497215363427209E-010 -8.9228722380355712E-012 -1.0351610720117144E-009  5.0469440002042795E-012 -6.3895797347934814E-012 -1.3513827384960299E-011  1.0000000000000000E+000  0.0000000000000000E+000  5.0469440002042100E-012 -6.3895797347934830E-012 -1.3513827384961174E-011
  8.5439999999999998E+001 -4.2537530501048297E-010 -8.4115605384259250E-012 -1.0340691411511916E-009  5.0325758167411549E-012 -6.3929211867097235E-012 -1.3785100454232585E-011  1.0000000000000000E+000  0.0000000000000000E+000  5.0325758167410975E-012 -6.3929211867097146E-012 -1.3785100454233863E-011
  8.5519999999999996E+001 -4.2577736576495068E-010 -7.9000048481620154E-012 -1.0329554559390372E-009  5.0196425698339441E-012 -6.3957239761672120E-012 -1.4057712772232425E-011  1.0000000000000000E+000  0.0000000000000000E+000  5.0196425698338149E-012 -6.3957239761672048E-012 -1.4057712772233578E-011
  8.5600000000000009E+001 -4.2617844782165640E-010 -7.3882447022391710E-012 -1.0318199071076344E-009  5.0080556618038264E-012 -6.3980964746844532E-012 -1.4331708667528778E-011  1.0000000000000000E+000  0.0000000000000000E+000  5.0080556618037053E-012 -6.3980964746844548E-012 -1.4331708667529879E-011
  8.5680000000000007E+001 -4.2657865467083929E-010 -6.8763094122125029E-012 -1.0306623825522326E-009  4.9976912947624255E-012 -6.4001752617790895E-012 -1.4607111823956942E-011  1.0000000000000000E+000  0.0000000000000000E+000  4.9976912947624352E-012 -6.4001752617790927E-012 -1.4607111823957043E-011
  8.5760000000000005E+001 -4.2697807842881839E-010 -6.3642166603545167E-012 -1.0294827692158013E-009  4.9883905790522797E-012 -6.4021024764764000E-012 -1.4883921249228471E-011  1.0000000000000000E+000  0.0000000000000000E+000  4.9883905790522886E-012 -6.4021024764763984E-012 -1.4883921249229150E-011
  8.5840000000000003E+001 -4.2737679716348765E-010 -5.8519730159762789E-012 -1.0282809551523560E-009  4.9799660125286698E-012 -6.4040034831159934E-012 -1.5162111598754285E-011  1.0000000000000000E+000  0.0000000000000000E+000  4.9799660125286996E-012 -6.4040034831159894E-012 -1.5162111598755126E-011
  8.5920000000000002E+001 -4.2777487299082298E-010 -5.3395761030559577E-012 -1.0270568313600006E-009  4.9722133289825909E-012 -6.4059703512629293E-012 -1.5441637307893926E-011  1.0000000000000000E+000  0.0000000000000000E+000  4.9722133289826054E-012 -6.4059703512629293E-012 -1.5441637307894624E-011
  8.6000000000000000E+001 -4.2817235129612487E-010 -4.8270177597742102E-012 -1.0258102931830930E-009  4.9649268308071162E-012 -6.4080557199666989E-012 -1.5722439640034557E-011  1.0000000000000000E+000  0.0000000000000000E+000  4.9649268308071033E-012 -6.4080557199666997E-012 -1.5722439640035107E-011
  8.6079999999999998E+001 -4.2856926128375211E-010 -4.3142871878612859E-012 -1.0245412410175951E-009  4.9579156227965809E-012 -6.4102784780068075E-012 -1.6004455048841541E-011  1.0000000000000000E+000  0.0000000000000000E+000  4.9579156227967344E-012 -6.4102784780068108E-012 -1.6004455048842420E-011
  8.6159999999999997E+001 -4.2896561779577232E-010 -3.8013732032931209E-012 -1.0232495803752783E-009  4.9510168085644069E-012 -6.4126388325160685E-012 -1.6287623115061580E-011  1.0000000000000000E+000  0.0000000000000000E+000  4.9510168085644207E-012 -6.4126388325160710E-012 -1.6287623115062410E-011
  8.6239999999999995E+001 -4.2936142397312242E-010 -3.2882649746587149E-012 -1.0219352213191853E-009  4.9441033203985823E-012 -6.4151380852096966E-012 -1.6571893048963665E-011  1.0000000000000000E+000  0.0000000000000000E+000  4.9441033203985815E-012 -6.4151380852096950E-012 -1.6571893048963216E-011
  8.6320000000000007E+001 -4.2975667432703609E-010 -2.7749511096595695E-012 -1.0205980774874442E-009  4.9370848473101639E-012 -6.4177975797418466E-012 -1.6857226842552493E-011  1.0000000000000000E+000  0.0000000000000000E+000  4.9370848473100775E-012 -6.4177975797418450E-012 -1.6857226842552703E-011
  8.6400000000000006E+001 -4.3015135754869205E-010 -2.2614173619000194E-012 -1.0192380650243769E-009  4.9299020823158812E-012 -6.4206714148093331E-012 -1.7143598725268111E-011  1.0000000000000000E+000  0.0000000000000000E+000  4.9299020823157156E-012 -6.4206714148093331E-012 -1.7143598725268809E-011
  8.6480000000000004E+001 -4.3054545866020664E-010 -1.7476436832900761E-012 -1.0178551016914013E-009  4.9225171808264057E-012 -6.4238495164191778E-012 -1.7430991512106297E-011  1.0000000000000000E+000  0.0000000000000000E+000  4.9225171808266811E-012 -6.4238495164191770E-012 -1.7430991512105545E-011
  8.6560000000000002E+001 -4.3093896029762427E-010 -1.2336014392729509E-012 -1.0164491063824399E-009  4.9149032206773817E-012 -6.4274499136106919E-012 -1.7719390698847923E-011  1.0000000000000000E+000  0.0000000000000000E+000  4.9149032206775061E-012 -6.4274499136106903E-012 -1.7719390698847177E-011
  8.6640000000000001E+001 -4.3133184317551502E-010 -7.1925169711236545E-013 -1.0150199991795856E-009  4.9070361686598850E-012 -6.4316019295772957E-012 -1.8008777781214531E-011  1.0000000000000000E+000  0.0000000000000000E+000  4.9070361686598002E-012 -6.4316019295772957E-012 -1.8008777781214454E-011
  8.6719999999999999E+001 -4.3172408608460985E-010 -2.0454513054058356E-013 -1.0135677019374455E-009  4.8988915585869931E-012 -6.4364245267459488E-012 -1.8299125661019993E-011  1.0000000000000000E+000  0.0000000000000000E+000  4.8988915585870278E-012 -6.4364245267459488E-012 -1.8299125661019676E-011
  8.6799999999999997E+001 -4.3211566582488894E-010  3.1057622716698638E-013 -1.0120921390738224E-009  4.8904470077277813E-012 -6.4420046478610794E-012 -1.8590397803017556E-011  1.0000000000000000E+000  0.0000000000000000E+000  4.8904470077277498E-012 -6.4420046478610794E-012 -1.8590397803018813E-011
  8.6879999999999995E+001 -4.3250655760584630E-010  8.2617561311718913E-013 -1.0105932382889627E-009  4.8816890031783375E-012 -6.4483813056991876E-012 -1.8882551860321316E-011  1.0000000000000000E+000  0.0000000000000000E+000  4.8816890031783852E-012 -6.4483813056991868E-012 -1.8882551860322944E-011
  8.6960000000000008E+001 -4.3289673606539747E-010  1.3423172360788564E-012 -1.0090709307761710E-009  4.8726219335983928E-012 -6.4555396961321358E-012 -1.9175548149967607E-011  1.0000000000000000E+000  0.0000000000000000E+000  4.8726219335985883E-012 -6.4555396961321358E-012 -1.9175548149968043E-011
  8.7040000000000006E+001 -4.3328617711522204E-010  1.8590619644983309E-012 -1.0075251505849679E-009  4.8632771322703107E-012 -6.4634171530172345E-012 -1.9469360572315594E-011  1.0000000000000000E+000  0.0000000000000000E+000  4.8632771322705208E-012 -6.4634171530172353E-012 -1.9469360572316615E-011
  8.7120000000000005E+001 -4.3367486040656072E-010  2.3764639805616139E-012 -1.0059558330846005E-009  4.8537182150177183E-012 -6.4719194724671716E-012 -1.9763987186003399E-011  1.0000000000000000E+000  0.0000000000000000E+000  4.8537182150176658E-012 -6.4719194724671732E-012 -1.9763987186004278E-011
  8.7200000000000003E+001 -4.3406277202962487E-010  2.8945690800930784E-012 -1.0043629126352074E-009  4.8440408040447962E-012 -6.4809437605536010E-012 -2.0059457751656925E-011  1.0000000000000000E+000  0.0000000000000000E+000  4.8440408040444771E-012 -6.4809437605536018E-012 -2.0059457751657866E-011
  8.7280000000000001E+001 -4.3444990693520789E-010  3.4134149822501901E-012 -1.0027463198443354E-009  4.8343659554428285E-012 -6.4904015421930217E-012 -2.0355835890019586E-011  1.0000000000000000E+000  0.0000000000000000E+000  4.8343659554425780E-012 -6.4904015421930217E-012 -2.0355835890019925E-011
  8.7359999999999999E+001 -4.3483627058249573E-010  3.9330333268439618E-012 -1.0011059788928042E-009  4.8248273675929545E-012 -6.5002361436181085E-012 -2.0653215472800440E-011  1.0000000000000000E+000  0.0000000000000000E+000  4.8248273675928301E-012 -6.5002361436181109E-012 -2.0653215472800310E-011
  8.7439999999999998E+001 -4.3522187931402276E-010  4.4534527652290875E-012 -9.9944180536868731E-010  4.8155544090246004E-012 -6.5104300448445643E-012 -2.0951711850596986E-011  1.0000000000000000E+000  0.0000000000000000E+000  4.8155544090243686E-012 -6.5104300448445627E-012 -2.0951711850597180E-011
  8.7519999999999996E+001 -4.3560675928793966E-010  4.9747021340190921E-012 -9.9775370499670871E-010  4.8066548006041798E-012 -6.5210002541935750E-012 -2.1251449686181170E-011  1.0000000000000000E+000  0.0000000000000000E+000  4.8066548006038849E-012 -6.5210002541935702E-012 -2.1251449686180992E-011
  8.7600000000000009E+001 -4.3599094408211943E-010  5.4968128059000595E-012 -9.9604157341889833E-010  4.7982002330417300E-012 -6.5319840399904560E-012 -2.1552550045863835E-011  1.0000000000000000E+000  0.0000000000000000E+000  4.7982002330416694E-012 -6.5319840399904535E-012 -2.1552550045862982E-011
  8.7680000000000007E+001 -4.3637447132522634E-010  6.0198195804175651E-012 -9.9430529698937049E-010  4.7902185845585742E-012 -6.5434193025901671E-012 -2.1855119219242718E-011  1.0000000000000000E+000  0.0000000000000000E+000  4.7902185845586889E-012 -6.5434193025901679E-012 -2.1855119219242505E-011
  8.7760000000000005E+001 -4.3675737905564880E-010  6.5437598943144863E-012 -9.9254475434381949E-010  4.7826942526122733E-012 -6.5553250762761665E-012 -2.2159241452321254E-011  1.0000000000000000E+000  0.0000000000000000E+000  4.7826942526122967E-012 -6.5553250762761697E-012 -2.2159241452321907E-011
  8.7840000000000003E+001 -4.3713970240564430E-010  7.0686715926217518E-012 -9.9075981835699909E-010  4.7755753293168547E-012 -6.5676872301094792E-012 -2.2464977196800191E-011  1.0000000000000000E+000  0.0000000000000000E+000  4.7755753293168693E-012 -6.5676872301094832E-012 -2.2464977196801092E-011
  8.7920000000000002E+001 -4.3752147110833950E-010  7.5945898511320029E-012 -9.8895035799233146E-010  4.7687860537367129E-012 -6.5804539549973811E-012 -2.2772367098172528E-011  1.0000000000000000E+000  0.0000000000000000E+000  4.7687860537366564E-012 -6.5804539549973892E-012 -2.2772367098174686E-011
  8.8000000000000000E+001 -4.3790270817424218E-010  8.1215442254213328E-012 -9.8711623962129149E-010  4.7622405816349482E-012 -6.5935421482789266E-012 -2.3081440269317125E-011  1.0000000000000000E+000  0.0000000000000000E+000  4.7622405816348456E-012 -6.5935421482789314E-012 -2.3081440269318954E-011
  8.8079999999999998E+001 -4.3828342960140109E-010  8.6495565948566311E-012 -9.8525732754924072E-010  4.7558536705873306E-012 -6.6068532812445728E-012 -2.3392224319924045E-011  1.0000000000000000E+000  0.0000000000000000E+000  4.7558536705871432E-012 -6.6068532812445639E-012 -2.3392224319924087E-011
  8.8159999999999997E+001 -4.3866364476153615E-010  9.1786407504204644E-012 -9.8337348373010364E-010  4.7495459983048284E-012 -6.6202953730832195E-012 -2.3704753983330473E-011  1.0000000000000000E+000  0.0000000000000000E+000  4.7495459983046330E-012 -6.6202953730832187E-012 -2.3704753983330263E-011
  8.8239999999999995E+001 -4.3904335696112986E-010  9.7088038545499463E-012 -9.8146456691190785E-010  4.7432429759745189E-012 -6.6338056327782122E-012 -2.4019075151285441E-011  1.0000000000000000E+000  0.0000000000000000E+000  4.7432429759745011E-012 -6.6338056327782155E-012 -2.4019075151285635E-011
  8.8320000000000007E+001 -4.3942256363769207E-010  1.0240049651664978E-011 -9.7953043170589797E-010  4.7368673985039363E-012 -6.6473679694743053E-012 -2.4335242326070691E-011  1.0000000000000000E+000  0.0000000000000000E+000  4.7368673985037029E-012 -6.6473679694742956E-012 -2.4335242326071237E-011
  8.8400000000000006E+001 -4.3980125574489049E-010  1.0772382729665835E-011 -9.7757092813973654E-010  4.7303287074643665E-012 -6.6610209177545739E-012 -2.4653310342455796E-011  1.0000000000000000E+000  0.0000000000000000E+000  4.7303287074640693E-012 -6.6610209177545683E-012 -2.4653310342456765E-011
  8.8480000000000004E+001 -4.4017941623088637E-010  1.1305812998505710E-011 -9.7558590205110504E-010  4.7235123625880258E-012 -6.6748539009778755E-012 -2.4973322347070726E-011  1.0000000000000000E+000  0.0000000000000000E+000  4.7235123625881380E-012 -6.6748539009778771E-012 -2.4973322347070788E-011
  8.8560000000000002E+001 -4.4055701772290458E-010  1.1840359353822295E-011 -9.7357519656420522E-010  4.7162721970194462E-012 -6.6889926556061117E-012 -2.5295297172305468E-011  1.0000000000000000E+000  0.0000000000000000E+000  4.7162721970194810E-012 -6.6889926556061189E-012 -2.5295297172304263E-011
  8.8640000000000001E+001 -4.4093401978240948E-010  1.2376051823402688E-011 -9.7153865450353617E-010  4.7084296087289790E-012 -6.7035776236070737E-012 -2.5619219979003830E-011  1.0000000000000000E+000  0.0000000000000000E+000  4.7084296087287779E-012 -6.7035776236070834E-012 -2.5619219979003300E-011
  8.8719999999999999E+001 -4.4131036646030121E-010  1.2912931773599427E-011 -9.6947612136756461E-010  4.6997800210237610E-012 -6.7187410704679864E-012 -2.5945038974227570E-011  1.0000000000000000E+000  0.0000000000000000E+000  4.6997800210235881E-012 -6.7187410704679945E-012 -2.5945038974227783E-011
  8.8799999999999997E+001 -4.4168598458577329E-010  1.3451050394677566E-011 -9.6738744826765976E-010  4.6901065443593235E-012 -6.7345888618651571E-012 -2.6272668763805206E-011  1.0000000000000000E+000  0.0000000000000000E+000  4.6901065443590722E-012 -6.7345888618651595E-012 -2.6272668763805274E-011
  8.8879999999999995E+001 -4.4206078350739870E-010  1.3990465991497852E-011 -9.6527249436535577E-010  4.6791990115752681E-012 -6.7511907912353809E-012 -2.6601999875480168E-011  1.0000000000000000E+000  0.0000000000000000E+000  4.6791990115751429E-012 -6.7511907912353777E-012 -2.6601999875481011E-011
  8.8960000000000008E+001 -4.4243465642762533E-010  1.4531240921275227E-011 -9.6313112828758293E-010  4.6668736849676823E-012 -6.7685817807306419E-012 -2.6932912885710677E-011  1.0000000000000000E+000  0.0000000000000000E+000  4.6668736849675280E-012 -6.7685817807306257E-012 -2.6932912885710835E-011
  8.9040000000000006E+001 -4.4280748329699353E-010  1.5073439076414755E-011 -9.6096322830364206E-010  4.6529894712140647E-012 -6.7867730497854217E-012 -2.7265293629090078E-011  1.0000000000000000E+000  0.0000000000000000E+000  4.6529894712139039E-012 -6.7867730497854120E-012 -2.7265293629090182E-011
  8.9120000000000005E+001 -4.4317913474301958E-010  1.5617124609240894E-011 -9.5876868130692852E-010  4.6374568667745961E-012 -6.8057695032199315E-012 -2.7599047102442557E-011  1.0000000000000000E+000  0.0000000000000000E+000  4.6374568667746607E-012 -6.8057695032199363E-012 -2.7599047102443847E-011
  8.9200000000000003E+001 -4.4354947639567747E-010  1.6162362196929944E-011 -9.5654738076725126E-010  4.6202374608063512E-012 -6.8255884728391612E-012 -2.7934106864938518E-011  1.0000000000000000E+000  0.0000000000000000E+000  4.6202374608062817E-012 -6.8255884728391564E-012 -2.7934106864939116E-011
  8.9280000000000001E+001 -4.4391837273674860E-010  1.6709218764895160E-011 -9.5429922420853835E-010  4.6013347937712756E-012 -6.8462746015007584E-012 -2.8270437652579855E-011  1.0000000000000000E+000  0.0000000000000000E+000  4.6013347937709605E-012 -6.8462746015007527E-012 -2.8270437652579086E-011
  8.9359999999999999E+001 -4.4428568996268087E-010  1.7257766133170065E-011 -9.5202411074283848E-010  4.5807792481961527E-012 -6.8679066624456154E-012 -2.8608031763674001E-011  1.0000000000000000E+000  0.0000000000000000E+000  4.5807792481959055E-012 -6.8679066624456299E-012 -2.8608031763673394E-011
  8.9439999999999998E+001 -4.4465129741645998E-010  1.7808083830886459E-011 -9.4972193912635051E-010  4.5586109715653703E-012 -6.8905939399098072E-012 -2.8946899641137082E-011  1.0000000000000000E+000  0.0000000000000000E+000  4.5586109715655399E-012 -6.8905939399098177E-012 -2.8946899641136895E-011
  8.9519999999999996E+001 -4.4501506771813133E-010  1.8360261163555635E-011 -9.4739260680025655E-010  4.5348660720684862E-012 -6.9144625331413154E-012 -2.9287057718261305E-011  1.0000000000000000E+000  0.0000000000000000E+000  4.5348660720687044E-012 -6.9144625331413057E-012 -2.9287057718262074E-011
  8.9600000000000009E+001 -4.4537687598799094E-010  1.8914397836189069E-011 -9.4503600989142870E-010  4.5095693272183257E-012 -6.9396347030413523E-012 -2.9628517982549400E-011  1.0000000000000000E+000  0.0000000000000000E+000  4.5095693272185818E-012 -6.9396347030413435E-012 -2.9628517982550330E-011
  8.9680000000000007E+001 -4.4573659881048626E-010  1.9470602716042251E-011 -9.4265204392304864E-010  4.4827351131240984E-012 -6.9662060760508144E-012 -2.9971281864786011E-011  1.0000000000000000E+000  0.0000000000000000E+000  4.4827351131243828E-012 -6.9662060760508039E-012 -2.9971281864787129E-011
  8.9760000000000005E+001 -4.4609411360609079E-010  2.0028990808357200E-011 -9.4024060479306294E-010  4.4543757192078420E-012 -6.9942266733025998E-012 -3.0315340584218877E-011  1.0000000000000000E+000  0.0000000000000000E+000  4.4543757192076942E-012 -6.9942266733025958E-012 -3.0315340584219853E-011
  8.9840000000000003E+001 -4.4644929892555952E-010  2.0589678983770667E-011 -9.3780158942957362E-010  4.4245140371427400E-012 -7.0236905203809530E-012 -3.0660682113070620E-011  1.0000000000000000E+000  0.0000000000000000E+000  4.4245140371425243E-012 -7.0236905203809587E-012 -3.0660682113071002E-011
  8.9920000000000002E+001 -4.4680203585203363E-010  2.1152781291618152E-011 -9.3533489565497164E-010  4.3931968634638113E-012 -7.0545367865067287E-012 -3.1007301986916935E-011  1.0000000000000000E+000  0.0000000000000000E+000  4.3931968634638202E-012 -7.0545367865067416E-012 -3.1007301986917277E-011
  9.0000000000000000E+001 -4.4715221042371373E-010  2.1718404869611743E-011 -9.3284042111166691E-010  4.3605043297167304E-012 -7.0866621882218492E-012 -3.1355214963958881E-011  1.0000000000000000E+000  0.0000000000000000E+000  4.3605043297170301E-012 -7.0866621882218492E-012 -3.1355214963958803E-011
  9.0079999999999998E+001 -4.4749971654478831E-010  2.2286647241733648E-011 -9.3031806126073822E-010  4.3265519392925035E-012 -7.1199414823663435E-012 -3.1704463968120972E-011  1.0000000000000000E+000  0.0000000000000000E+000  4.3265519392925067E-012 -7.1199414823663355E-012 -3.1704463968120992E-011
  9.0159999999999997E+001 -4.4784445873400053E-010  2.2857595506790358E-011 -9.2776770687676756E-010  4.2914834844033147E-012 -7.1542506354286502E-012 -3.2055123626725591E-011  1.0000000000000000E+000  0.0000000000000000E+000  4.2914834844029867E-012 -7.1542506354286324E-012 -3.2055123626725908E-011
  9.0239999999999995E+001 -4.4818635390229284E-010  2.3431327343402232E-011 -9.2518924148046213E-010  4.2554554061360132E-012 -7.1894870052160800E-012 -3.2407297490196128E-011  1.0000000000000000E+000  0.0000000000000000E+000  4.2554554061359687E-012 -7.1894870052160759E-012 -3.2407297490196354E-011
  9.0320000000000007E+001 -4.4852533159898229E-010  2.4007913427624931E-011 -9.2258253927833618E-010  4.2186160163514109E-012 -7.2255818320485201E-012 -3.2761109262467134E-011  1.0000000000000000E+000  0.0000000000000000E+000  4.2186160163515296E-012 -7.2255818320485201E-012 -3.2761109262466521E-011
  9.0400000000000006E+001 -4.4886133246490906E-010  2.4587420436529995E-011 -9.1994746399846739E-010  4.1810837558348019E-012 -7.2625019588551334E-012 -3.3116690131438224E-011  1.0000000000000000E+000  0.0000000000000000E+000  4.1810837558348350E-012 -7.2625019588551261E-012 -3.3116690131437093E-011
  9.0480000000000004E+001 -4.4919430499991586E-010  2.5169913741041753E-011 -9.1728386885730606E-010  4.1429295804884211E-012 -7.3002415056059553E-012 -3.3474163727718265E-011  1.0000000000000000E+000  0.0000000000000000E+000  4.1429295804881917E-012 -7.3002415056059570E-012 -3.3474163727718064E-011
  9.0560000000000002E+001 -4.4952420119778721E-010  2.5755459077426948E-011 -9.1459159780203246E-010  4.1041682134360236E-012 -7.3388063009618622E-012 -3.3833632667109613E-011  1.0000000000000000E+000  0.0000000000000000E+000  4.1041682134357796E-012 -7.3388063009618525E-012 -3.3833632667109814E-011
  9.0640000000000001E+001 -4.4985097191406562E-010  2.6344122749195651E-011 -9.1187048763056852E-010  4.0647600062274080E-012 -7.3781952611021079E-012 -3.4195169361227336E-011  1.0000000000000000E+000  0.0000000000000000E+000  4.0647600062273409E-012 -7.3781952611021192E-012 -3.4195169361226722E-011
  9.0719999999999999E+001 -4.5017456279878360E-010  2.6935970319203285E-011 -9.0912037070423609E-010  4.0246223257217486E-012 -7.4183845052290642E-012 -3.4558811912708477E-011  1.0000000000000000E+000  0.0000000000000000E+000  4.0246223257216937E-012 -7.4183845052290819E-012 -3.4558811912707760E-011
  9.0799999999999997E+001 -4.5049491148618110E-010  2.7531064270032301E-011 -9.0634107772453517E-010  3.9836472715062944E-012 -7.4593191554057227E-012 -3.4924567006744030E-011  1.0000000000000000E+000  0.0000000000000000E+000  3.9836472715062580E-012 -7.4593191554057356E-012 -3.4924567006743526E-011
  9.0879999999999995E+001 -4.5081194636222460E-010  2.8129461384068201E-011 -9.0353243998315705E-010  3.9417204468501004E-012 -7.5009152953878138E-012 -3.5292418475470475E-011  1.0000000000000000E+000  0.0000000000000000E+000  3.9417204468498928E-012 -7.5009152953878203E-012 -3.5292418475470287E-011
  9.0960000000000008E+001 -4.5112558675767712E-010  2.8731210717294351E-011 -9.0069429076845989E-010  3.8987357166824602E-012 -7.5430723389612459E-012 -3.5662338365264452E-011  1.0000000000000000E+000  0.0000000000000000E+000  3.8987357166821678E-012 -7.5430723389612733E-012 -3.5662338365264833E-011
  9.1040000000000006E+001 -4.5143574407689380E-010  2.9336352958302000E-011 -8.9782646584471473E-010  3.8546022331431939E-012 -7.5856930463020324E-012 -3.6034297769208612E-011  1.0000000000000000E+000  0.0000000000000000E+000  3.8546022331431285E-012 -7.5856930463020373E-012 -3.6034297769209148E-011
  9.1120000000000005E+001 -4.5174232311498003E-010  2.9944921604702677E-011 -8.9492880312538651E-010  3.8092421276983331E-012 -7.6287062328214814E-012 -3.6408273930943271E-011  1.0000000000000000E+000  0.0000000000000000E+000  3.8092421276983509E-012 -7.6287062328214604E-012 -3.6408273930943685E-011
  9.1200000000000003E+001 -4.5204522281732553E-010  3.0556945955553437E-011 -8.9200114201576381E-010  3.7625803823112581E-012 -7.6720859004557474E-012 -3.6784251625418911E-011  1.0000000000000000E+000  0.0000000000000000E+000  3.7625803823114269E-012 -7.6720859004557248E-012 -3.6784251625418885E-011
  9.1280000000000001E+001 -4.5234433597614983E-010  3.1172455348775596E-011 -8.8904332286531949E-010  3.7145304262798356E-012 -7.7158619674325318E-012 -3.7162219571591573E-011  1.0000000000000000E+000  0.0000000000000000E+000  3.7145304262798954E-012 -7.7158619674324963E-012 -3.7162219571591457E-011
  9.1359999999999999E+001 -4.5263954768553030E-010  3.1791483870342642E-011 -8.8605518688430916E-010  3.6649798725921062E-012 -7.7601192915152291E-012 -3.7542162895211928E-011  1.0000000000000000E+000  0.0000000000000000E+000  3.6649798725919253E-012 -7.7601192915151935E-012 -3.7542162895211489E-011
  9.1439999999999998E+001 -4.5293073275576457E-010  3.2414074435418033E-011 -8.8303657680208558E-010  3.6137812865269948E-012 -7.8049853607847166E-012 -3.7924054306469057E-011  1.0000000000000000E+000  0.0000000000000000E+000  3.6137812865270756E-012 -7.8049853607846730E-012 -3.7924054306468586E-011
  9.1519999999999996E+001 -4.5321775269137462E-010  3.3040281528068197E-011 -8.7998733819527411E-010  3.5607515257887476E-012 -7.8506099863518436E-012 -3.8307847368260860E-011  1.0000000000000000E+000  0.0000000000000000E+000  3.5607515257887670E-012 -7.8506099863518372E-012 -3.8307847368260898E-011
  9.1600000000000009E+001 -4.5350045299989077E-010  3.3670172033234328E-011 -8.7690732122316384E-010  3.5056806805244207E-012 -7.8971415277615975E-012 -3.8693473438182934E-011  1.0000000000000000E+000  0.0000000000000000E+000  3.5056806805241897E-012 -7.8971415277615797E-012 -3.8693473438182812E-011
  9.1680000000000007E+001 -4.5377866160025853E-010  3.4303824172510053E-011 -8.7379638244516484E-010  3.4483494603433770E-012 -7.9447061618124847E-012 -3.9080843156251042E-011  1.0000000000000000E+000  0.0000000000000000E+000  3.4483494603432595E-012 -7.9447061618124637E-012 -3.9080843156251120E-011
  9.1760000000000005E+001 -4.5405218891354571E-010  3.4941325019124325E-011 -8.7065438631816367E-010  3.3885512893851673E-012 -7.9933948192757685E-012 -3.9469853057694406E-011  1.0000000000000000E+000  0.0000000000000000E+000  3.3885512893851192E-012 -7.9933948192757911E-012 -3.9469853057694994E-011
  9.1840000000000003E+001 -4.5432082980656016E-010  3.5582767343594176E-011 -8.6748120595593373E-010  3.3261146204736274E-012 -8.0432599355416860E-012 -3.9860395588654379E-011  1.0000000000000000E+000  0.0000000000000000E+000  3.3261146204737902E-012 -8.0432599355416989E-012 -3.9860395588655025E-011
  9.1920000000000002E+001 -4.5458436725282149E-010  3.6228246608810995E-011 -8.6427672302397897E-010  3.2609195488898779E-012 -8.0943226443908888E-012 -4.0252370689758721E-011  1.0000000000000000E+000  0.0000000000000000E+000  3.2609195488901615E-012 -8.0943226443909162E-012 -4.0252370689759102E-011
  9.2000000000000000E+001 -4.5484257693438254E-010  3.6877858966696718E-011 -8.6104082664557234E-010  3.1929043594571127E-012 -8.1465872340437926E-012 -4.0645697357049875E-011  1.0000000000000000E+000  0.0000000000000000E+000  3.1929043594573150E-012 -8.1465872340438136E-012 -4.0645697357050464E-011
  9.2079999999999998E+001 -4.5509523195033463E-010  3.7531700566258002E-011 -8.5777341144685099E-010  3.1220617785238507E-012 -8.2000580511773601E-012 -4.1040321996327563E-011  1.0000000000000000E+000  0.0000000000000000E+000  3.1220617785238871E-012 -8.2000580511773278E-012 -4.1040321996327634E-011
  9.2159999999999997E+001 -4.5534210681894635E-010  3.8189868254885095E-011 -8.5447437512615993E-010  3.0484257351527827E-012 -8.2547544198982451E-012 -4.1436222047712700E-011  1.0000000000000000E+000  0.0000000000000000E+000  3.0484257351528190E-012 -8.2547544198982209E-012 -4.1436222047712584E-011
  9.2239999999999995E+001 -4.5558298006795907E-010  3.8852461273441721E-011 -8.5114361591921696E-010  2.9720526252443434E-012 -8.3107182675794243E-012 -4.1833404369787551E-011  1.0000000000000000E+000  0.0000000000000000E+000  2.9720526252444706E-012 -8.3107182675794421E-012 -4.1833404369787945E-011
  9.2320000000000007E+001 -4.5581763523898545E-010  3.9519583177697803E-011 -8.4778103042699392E-010  2.8930028635456342E-012 -8.3680117503569852E-012 -4.2231899084942877E-011  1.0000000000000000E+000  0.0000000000000000E+000  2.8930028635455267E-012 -8.3680117503569884E-012 -4.2231899084942683E-011
  9.2400000000000006E+001 -4.5604586052612637E-010  4.0191343153498839E-011 -8.4438651206562610E-010  2.8113276399889531E-012 -8.4267052665019138E-012 -4.2631750630568416E-011  1.0000000000000000E+000  0.0000000000000000E+000  2.8113276399889539E-012 -8.4267052665018879E-012 -4.2631750630568119E-011
  9.2480000000000004E+001 -4.5626744766138368E-010  4.0867856020338109E-011 -8.4095995032610297E-010  2.7270643611556615E-012 -8.4868589618887170E-012 -4.3033009015207746E-011  1.0000000000000000E+000  0.0000000000000000E+000  2.7270643611559284E-012 -8.4868589618887267E-012 -4.3033009015208372E-011
  9.2560000000000002E+001 -4.5648219082391128E-010  4.1549240587401033E-011 -8.3750123062319286E-010  2.6402413103170720E-012 -8.5485024415311976E-012 -4.3435723939211810E-011  1.0000000000000000E+000  0.0000000000000000E+000  2.6402413103173180E-012 -8.5485024415312073E-012 -4.3435723939213057E-011
  9.2640000000000001E+001 -4.5668988627103441E-010  4.2235616410983101E-011 -8.3401023449582908E-010  2.5508896156299428E-012 -8.6116186063764708E-012 -4.3839942534134438E-011  1.0000000000000000E+000  0.0000000000000000E+000  2.5508896156302570E-012 -8.6116186063764805E-012 -4.3839942534135588E-011
  9.2719999999999999E+001 -4.5689033316241207E-010  4.2927099564421269E-011 -8.3048683981773135E-010  2.4590584362064027E-012 -8.6761360067082796E-012 -4.4245710493154141E-011  1.0000000000000000E+000  0.0000000000000000E+000  2.4590584362066156E-012 -8.6761360067083038E-012 -4.4245710493154503E-011
  9.2799999999999997E+001 -4.5708333562082744E-010  4.3623798172056426E-011 -8.2693092081692442E-010  2.3648285894799502E-012 -8.7419320644460753E-012 -4.4653075937338265E-011  1.0000000000000000E+000  0.0000000000000000E+000  2.3648285894802216E-012 -8.7419320644460996E-012 -4.4653075937338400E-011
  9.2879999999999995E+001 -4.5726870573672886E-010  4.4325808694732641E-011 -8.2334234766775723E-010  2.2683202791186772E-012 -8.8088467139542361E-012 -4.5062093690654566E-011  1.0000000000000000E+000  0.0000000000000000E+000  2.2683202791188573E-012 -8.8088467139542733E-012 -4.5062093690655109E-011
  9.2960000000000008E+001 -4.5744626686548643E-010  4.5033213646289104E-011 -8.1972098582641969E-010  2.1696921041740477E-012 -8.8767021490781706E-012 -4.5472828212939118E-011  1.0000000000000000E+000  0.0000000000000000E+000  2.1696921041739007E-012 -8.8767021490781706E-012 -4.5472828212939350E-011
  9.3040000000000006E+001 -4.5761585647339671E-010  4.5746081038585148E-011 -8.1606669515368697E-010  2.0691308524915647E-012 -8.9453242134189756E-012 -4.5885354648677960E-011  1.0000000000000000E+000  0.0000000000000000E+000  2.0691308524914254E-012 -8.9453242134189352E-012 -4.5885354648677637E-011
  9.3120000000000005E+001 -4.5777732780188508E-010  4.6464465520436140E-011 -8.1237932908263122E-010  1.9668338413876154E-012 -9.0145603952586287E-012 -4.6299757111439032E-011  1.0000000000000000E+000  0.0000000000000000E+000  1.9668338413878363E-012 -9.0145603952585964E-012 -4.6299757111439013E-011
  9.3200000000000003E+001 -4.5793054988801873E-010  4.7188410701826529E-011 -8.0865873401585672E-010  1.8629881795326114E-012 -9.0842899092950518E-012 -4.6716124686220719E-011  1.0000000000000000E+000  0.0000000000000000E+000  1.8629881795326606E-012 -9.0842899092950615E-012 -4.6716124686220900E-011
  9.3280000000000001E+001 -4.5807540591061029E-010  4.7917951905923348E-011 -8.0490474913283590E-010  1.7577514973634134E-012 -9.1544248345825235E-012 -4.7134545143968100E-011  1.0000000000000000E+000  0.0000000000000000E+000  1.7577514973631028E-012 -9.1544248345825704E-012 -4.7134545143967680E-011
  9.3359999999999999E+001 -4.5821179012759687E-010  4.8653118675359733E-011 -8.0111720679282183E-010  1.6512386433110344E-012 -9.2249030136699897E-012 -4.7555097787804174E-011  1.0000000000000000E+000  0.0000000000000000E+000  1.6512386433110140E-012 -9.2249030136700285E-012 -4.7555097787803993E-011
  9.3439999999999998E+001 -4.5833960409354006E-010  4.9393936388110546E-011 -7.9729593348678723E-010  1.5435176187375183E-012 -9.2956758369453203E-012 -4.7977846750858398E-011  1.0000000000000000E+000  0.0000000000000000E+000  1.5435176187374308E-012 -9.2956758369453284E-012 -4.7977846750858301E-011
  9.3519999999999996E+001 -4.5845875294659488E-010  5.0140426809270984E-011 -7.9344075131268448E-010  1.4346148478480461E-012 -9.3666951563954787E-012 -4.8402835826827300E-011  1.0000000000000000E+000  0.0000000000000000E+000  1.4346148478478179E-012 -9.3666951563954383E-012 -4.8402835826827087E-011
  9.3600000000000009E+001 -4.5856914246919575E-010  5.0892607613133823E-011 -7.8955147975449487E-010  1.3245278321183744E-012 -9.4379036643461844E-012 -4.8830086039434788E-011  1.0000000000000000E+000  0.0000000000000000E+000  1.3245278321183464E-012 -9.4379036643461246E-012 -4.8830086039434523E-011
  9.3680000000000007E+001 -4.5867067739973382E-010  5.1650491395566373E-011 -7.8562793754637492E-010  1.2132411074628510E-012 -9.5092325492462342E-012 -4.9259596304920454E-011  1.0000000000000000E+000  0.0000000000000000E+000  1.2132411074630020E-012 -9.5092325492462019E-012 -4.9259596304920150E-011
  9.3760000000000005E+001 -4.5876326104638980E-010  5.2414084821013220E-011 -7.8166994434570759E-010  1.1007406684693800E-012 -9.5806068571476940E-012 -4.9691346682597662E-011  1.0000000000000000E+000  0.0000000000000000E+000  1.1007406684693271E-012 -9.5806068571476569E-012 -4.9691346682597461E-011
  9.3840000000000003E+001 -4.5884679590668892E-010  5.3183388492710004E-011 -7.7767732207715929E-010  9.8702288657384894E-013 -9.6519575629215687E-012 -5.0125302863932998E-011  1.0000000000000000E+000  0.0000000000000000E+000  9.8702288657366174E-013 -9.6519575629215138E-012 -5.0125302863932746E-011
  9.3920000000000002E+001 -4.5892118470824162E-010  5.3958398031080671E-011 -7.7364989588747831E-010  8.7209560276604085E-013 -9.7232368979652818E-012 -5.0561420477229082E-011  1.0000000000000000E+000  0.0000000000000000E+000  8.7209560276627319E-013 -9.7232368979652657E-012 -5.0561420477229295E-011
  9.4000000000000000E+001 -4.5898633120313148E-010  5.4739106396384449E-011 -7.6958749480080264E-010  7.5597181702260182E-013 -9.7944321351508223E-012 -5.0999647917796531E-011  1.0000000000000000E+000  0.0000000000000000E+000  7.5597181702272682E-013 -9.7944321351508563E-012 -5.0999647917796622E-011
  9.4079999999999998E+001 -4.5904214019896524E-010  5.5525507172704803E-011 -7.6548995222063087E-010  6.3865814592797056E-013 -9.8655739933290176E-012 -5.1439927266792006E-011  1.0000000000000000E+000  0.0000000000000000E+000  6.3865814592771408E-013 -9.8655739933290208E-012 -5.1439927266791709E-011
  9.4159999999999997E+001 -4.5908851650647996E-010  5.6317598235317092E-011 -7.6135710643811592E-010  5.2014162053608304E-013 -9.9367367164961706E-012 -5.1882193745423760E-011  1.0000000000000000E+000  0.0000000000000000E+000  5.2014162053593723E-013 -9.9367367164961270E-012 -5.1882193745423624E-011
  9.4239999999999995E+001 -4.5912536285825101E-010  5.7115385047344190E-011 -7.5718880122136307E-010  4.0037908434056208E-013 -1.0008029730908684E-011 -5.2326375382785632E-011  1.0000000000000000E+000  0.0000000000000000E+000  4.0037908434054294E-013 -1.0008029730908650E-011 -5.2326375382786090E-011
  9.4320000000000007E+001 -4.5915257715997445E-010  5.7918882992262482E-011 -7.5298488637687022E-010  2.7929212514976708E-013 -1.0079583145816674E-011 -5.2772392933457579E-011  1.0000000000000000E+000  0.0000000000000000E+000  2.7929212514998952E-013 -1.0079583145816627E-011 -5.2772392933458116E-011
  9.4400000000000006E+001 -4.5917004959827497E-010  5.8728118350674858E-011 -7.4874521835200986E-010  1.5676923219837884E-013 -1.0151530788139088E-011 -5.3220160944118244E-011  1.0000000000000000E+000  0.0000000000000000E+000  1.5676923219861898E-013 -1.0151530788139109E-011 -5.3220160944118005E-011
  9.4480000000000004E+001 -4.5917766023712619E-010  5.9543127918364736E-011 -7.4446966062581130E-010  3.2674791952726604E-014 -1.0223995428011012E-011 -5.3669590712170961E-011  1.0000000000000000E+000  0.0000000000000000E+000  3.2674791952782664E-014 -1.0223995428011044E-011 -5.3669590712170464E-011
  9.4560000000000002E+001 -4.5917527756498741E-010  6.0363957619156620E-011 -7.4015808383806250E-010 -9.3136504930688875E-014 -1.0297079182218790E-011 -5.4120593743267601E-011  1.0000000000000000E+000  0.0000000000000000E+000 -9.3136504930379528E-014 -1.0297079182218715E-011 -5.4120593743267330E-011
  9.4640000000000001E+001 -4.5916275839633728E-010  6.1190660587519742E-011 -7.3581036562688848E-010 -2.2080389442496005E-013 -1.0370860480240724E-011 -5.4573085741211669E-011  1.0000000000000000E+000  0.0000000000000000E+000 -2.2080389442444144E-013 -1.0370860480240668E-011 -5.4573085741211708E-011
  9.4719999999999999E+001 -4.5913994894187941E-010  6.2023295295995136E-011 -7.3142639011946863E-010 -3.5044673874611581E-013 -1.0445397696053912E-011 -5.5026990425153203E-011  1.0000000000000000E+000  0.0000000000000000E+000 -3.5044673874587125E-013 -1.0445397696053928E-011 -5.5026990425152757E-011
  9.4799999999999997E+001 -4.5910668691813790E-010  6.2861924218888368E-011 -7.2700604715886397E-010 -4.8215560459467642E-013 -1.0520736671643746E-011 -5.5482242626669952E-011  1.0000000000000000E+000  0.0000000000000000E+000 -4.8215560459489886E-013 -1.0520736671643782E-011 -5.5482242626669402E-011
  9.4879999999999995E+001 -4.5906280404514427E-010  6.3706613163458135E-011 -7.2254923129920144E-010 -6.1599031773509711E-013 -1.0596918849212735E-011 -5.5938790259645017E-011  1.0000000000000000E+000  0.0000000000000000E+000 -6.1599031773541761E-013 -1.0596918849212746E-011 -5.5938790259645230E-011
  9.4960000000000008E+001 -4.5900812846730029E-010  6.4557431234762406E-011 -7.1805584071732077E-010 -7.5198427765773114E-013 -1.0673987014600999E-011 -5.6396594877146812E-011  1.0000000000000000E+000  0.0000000000000000E+000 -7.5198427765784110E-013 -1.0673987014601038E-011 -5.6396594877146844E-011
  9.5040000000000006E+001 -4.5894248656071903E-010  6.5414451085794295E-011 -7.1352577611885795E-010 -8.9015331631419008E-013 -1.0751985967484080E-011 -5.6855630735596980E-011  1.0000000000000000E+000  0.0000000000000000E+000 -8.9015331631396501E-013 -1.0751985967484137E-011 -5.6855630735596780E-011
  9.5120000000000005E+001 -4.5886570393669002E-010  6.6277748989559858E-011 -7.0895893979962525E-010 -1.0305057000127564E-012 -1.0830957278673057E-011 -5.7315882674636051E-011  1.0000000000000000E+000  0.0000000000000000E+000 -1.0305057000125143E-012 -1.0830957278673023E-011 -5.7315882674636206E-011
  9.5200000000000003E+001 -4.5877760564871699E-010  6.7147404250381984E-011 -7.0435523489091618E-010 -1.1730501261730615E-012 -1.0910929496907512E-011 -5.7777343974098802E-011  1.0000000000000000E+000  0.0000000000000000E+000 -1.1730501261731221E-012 -1.0910929496907475E-011 -5.7777343974098976E-011
  9.5280000000000001E+001 -4.5867801591650233E-010  6.8023497709065060E-011 -6.9971456476376944E-010 -1.3177991348186179E-012 -1.0991906524823394E-011 -5.8240015175363957E-011  1.0000000000000000E+000  0.0000000000000000E+000 -1.3177991348186599E-012 -1.0991906524823407E-011 -5.8240015175363362E-011
  9.5359999999999999E+001 -4.5856675778714601E-010  6.8906109294353727E-011 -6.9503683246285795E-010 -1.4647673909682667E-012 -1.1073857580686377E-011 -5.8703904283335539E-011  1.0000000000000000E+000  0.0000000000000000E+000 -1.4647673909681021E-012 -1.1073857580686355E-011 -5.8703904283334957E-011
  9.5439999999999998E+001 -4.5844365313394740E-010  6.9795314921974881E-011 -6.9032194007843576E-010 -1.6139656742617128E-012 -1.1156712470808204E-011 -5.9169028777962586E-011  1.0000000000000000E+000  0.0000000000000000E+000 -1.6139656742613927E-012 -1.1156712470808218E-011 -5.9169028777962883E-011
  9.5519999999999996E+001 -4.5830852327926414E-010  7.0691183289683040E-011 -6.8556978785838394E-010 -1.7653926131026381E-012 -1.1240363799492571E-011 -5.9635418410758445E-011  1.0000000000000000E+000  0.0000000000000000E+000 -1.7653926131024725E-012 -1.1240363799492607E-011 -5.9635418410758652E-011
  9.5600000000000009E+001 -4.5816119031585098E-010  7.1593773129893692E-011 -6.8078027313271440E-010 -1.9190265928170271E-012 -1.1324675536380289E-011 -6.0103117490534738E-011  1.0000000000000000E+000  0.0000000000000000E+000 -1.9190265928167529E-012 -1.1324675536380331E-011 -6.0103117490535242E-011
  9.5680000000000007E+001 -4.5800147902441341E-010  7.2503131375503886E-011 -6.7595328905989838E-010 -2.0748201569219034E-012 -1.1409496231859946E-011 -6.0572185478111911E-011  1.0000000000000000E+000  0.0000000000000000E+000 -2.0748201569214478E-012 -1.1409496231859954E-011 -6.0572185478112079E-011
  9.5760000000000005E+001 -4.5782921909074348E-010  7.3419292526991284E-011 -6.7108872345621650E-010 -2.2326982789576224E-012 -1.1494673320164053E-011 -6.1042694363389614E-011  1.0000000000000000E+000  0.0000000000000000E+000 -2.2326982789575053E-012 -1.1494673320164022E-011 -6.1042694363389071E-011
  9.5840000000000003E+001 -4.5764424729978019E-010  7.4342279106730135E-011 -6.6618645796175604E-010 -2.3925607502742791E-012 -1.1580064167790746E-011 -6.1514723702471757E-011  1.0000000000000000E+000  0.0000000000000000E+000 -2.3925607502742307E-012 -1.1580064167790752E-011 -6.1514723702471369E-011
  9.5920000000000002E+001 -4.5744640937069959E-010  7.5272102793837803E-011 -6.6124636766382102E-010 -2.5542877882458220E-012 -1.1665541590035190E-011 -6.1988354043468939E-011  1.0000000000000000E+000  0.0000000000000000E+000 -2.5542877882457247E-012 -1.1665541590035118E-011 -6.1988354043468939E-011
  9.6000000000000000E+001 -4.5723556125366086E-010  7.6208765761135765E-011 -6.5626832131480101E-010 -2.7177476654301901E-012 -1.1750993303005040E-011 -6.2463660098432040E-011  1.0000000000000000E+000  0.0000000000000000E+000 -2.7177476654301311E-012 -1.1750993303004963E-011 -6.2463660098432247E-011
  9.6079999999999998E+001 -4.5701156974423076E-010  7.7152261722318609E-011 -6.5125218204807189E-010 -2.8828044115914604E-012 -1.1836316161588460E-011 -6.2940705108874473E-011  1.0000000000000000E+000  0.0000000000000000E+000 -2.8828044115912863E-012 -1.1836316161588397E-011 -6.2940705108874008E-011
  9.6159999999999997E+001 -4.5677431254780623E-010  7.8102576346989919E-011 -6.4619780849738109E-010 -3.0493237482199113E-012 -1.1921408074397669E-011 -6.3419537629503972E-011  1.0000000000000000E+000  0.0000000000000000E+000 -3.0493237482198559E-012 -1.1921408074397577E-011 -6.3419537629503546E-011
  9.6240000000000009E+001 -4.5652367794451558E-010  7.9059687014222236E-011 -6.4110505602735126E-010 -3.2171766059860685E-012 -1.2006161176366942E-011 -6.3900191068243610E-011  1.0000000000000000E+000  0.0000000000000000E+000 -3.2171766059863484E-012 -1.2006161176366920E-011 -6.3900191068243946E-011
  9.6320000000000007E+001 -4.5625956429084846E-010  8.0023562135208629E-011 -6.3597377792646212E-010 -3.3862396001533916E-012 -1.2090459151657200E-011 -6.4382685552223949E-011  1.0000000000000000E+000  0.0000000000000000E+000 -3.3862396001537301E-012 -1.2090459151657168E-011 -6.4382685552224349E-011
  9.6400000000000006E+001 -4.5598187960849103E-010  8.0994160478487388E-011 -6.3080382633899542E-010 -3.5563936941474719E-012 -1.2174180437181763E-011 -6.4867031809986581E-011  1.0000000000000000E+000  0.0000000000000000E+000 -3.5563936941476629E-012 -1.2174180437181678E-011 -6.4867031809986646E-011
  9.6480000000000004E+001 -4.5569054129978486E-010  8.1971431005157711E-011 -6.2559505283686426E-010 -3.7275219896412436E-012 -1.2257206769552863E-011 -6.5353235977110742E-011  1.0000000000000000E+000  0.0000000000000000E+000 -3.7275219896412711E-012 -1.2257206769552843E-011 -6.5353235977111246E-011
  9.6560000000000002E+001 -4.5538547609014843E-010  8.2955313561615846E-011 -6.2034730858265771E-010 -3.8995080455601593E-012 -1.2339435353584980E-011 -6.5841303776458426E-011  1.0000000000000000E+000  0.0000000000000000E+000 -3.8995080455599072E-012 -1.2339435353585025E-011 -6.5841303776458917E-011
  9.6640000000000001E+001 -4.5506662001249523E-010  8.3945740661731308E-011 -6.1506044423263092E-010 -4.0722362079899284E-012 -1.2420791443456860E-011 -6.6331242916787484E-011  1.0000000000000000E+000  0.0000000000000000E+000 -4.0722362079898161E-012 -1.2420791443456874E-011 -6.6331242916787432E-011
  9.6719999999999999E+001 -4.5473391829687005E-010  8.4942640192568944E-011 -6.0973430971597171E-010 -4.2455935869898714E-012 -1.2501237929307248E-011 -6.6823062865550967E-011  1.0000000000000000E+000  0.0000000000000000E+000 -4.2455935869899046E-012 -1.2501237929307246E-011 -6.6823062865550928E-011
  9.6799999999999997E+001 -4.5438732503857685E-010  8.5945938730420468E-011 -6.0436875417414276E-010 -4.4194734718988837E-012 -1.2580778829279706E-011 -6.7316771691181015E-011  1.0000000000000000E+000  0.0000000000000000E+000 -4.4194734718988554E-012 -1.2580778829279743E-011 -6.7316771691181196E-011
  9.6879999999999995E+001 -4.5402680254136622E-010  8.6955564805253697E-011 -5.9896362624538275E-010 -4.5937791859647784E-012 -1.2659454915590093E-011 -6.7812370843899078E-011  1.0000000000000000E+000  0.0000000000000000E+000 -4.5937791859649779E-012 -1.2659454915590135E-011 -6.7812370843899039E-011
  9.6960000000000008E+001 -4.5365232036882249E-010  8.7971451516914883E-011 -5.9351877483911891E-010 -4.7684270598207745E-012 -1.2737333137210547E-011 -6.8309849582875408E-011  1.0000000000000000E+000  0.0000000000000000E+000 -4.7684270598208642E-012 -1.2737333137210589E-011 -6.8309849582874930E-011
  9.7040000000000006E+001 -4.5326385421179490E-010  8.8993538107207384E-011 -5.8803405031212268E-010 -4.9433479404115679E-012 -1.2814491816022599E-011 -6.8809180418203452E-011  1.0000000000000000E+000  0.0000000000000000E+000 -4.9433479404117189E-012 -1.2814491816022621E-011 -6.8809180418202935E-011
  9.7120000000000005E+001 -4.5286138469835664E-010  9.0021770207478498E-011 -5.8250930597220636E-010 -5.1184870664021594E-012 -1.2891005790647314E-011 -6.9310317757856608E-011  1.0000000000000000E+000  0.0000000000000000E+000 -5.1184870664024639E-012 -1.2891005790647257E-011 -6.9310317757856570E-011
  9.7200000000000003E+001 -4.5244489628117055E-010  9.1056099033710955E-011 -5.7694439947086562E-010 -5.2938027232852537E-012 -1.2966935399776493E-011 -6.9813200533023789E-011  1.0000000000000000E+000  0.0000000000000000E+000 -5.2938027232851737E-012 -1.2966935399776406E-011 -6.9813200533024125E-011
  9.7280000000000001E+001 -4.5201437626263100E-010  9.2096479871442737E-011 -5.7133919388692255E-010 -5.4692644899131337E-012 -1.3042322075011566E-011 -7.0317757976825482E-011  1.0000000000000000E+000  0.0000000000000000E+000 -5.4692644899129592E-012 -1.3042322075011499E-011 -7.0317757976825896E-011
  9.7359999999999999E+001 -4.5156981396278445E-010  9.3142870565712805E-011 -5.6569355819457355E-010 -5.6448521063617287E-012 -1.3117191376940844E-011 -7.0823917829876937E-011  1.0000000000000000E+000  0.0000000000000000E+000 -5.6448521063620009E-012 -1.3117191376940776E-011 -7.0823917829877519E-011
  9.7439999999999998E+001 -4.5111119992561312E-010  9.4195230491753272E-011 -5.6000736703414224E-010 -5.8205552813248399E-012 -1.3191561580073014E-011 -7.1331614642708365E-011  1.0000000000000000E+000  0.0000000000000000E+000 -5.8205552813250451E-012 -1.3191561580072944E-011 -7.1331614642708623E-011
  9.7519999999999996E+001 -4.5063852511777248E-010  9.5253520418524487E-011 -5.5428049985174021E-010 -5.9963744162681154E-012 -1.3265455164175606E-011 -7.1840796315509797E-011  1.0000000000000000E+000  0.0000000000000000E+000 -5.9963744162681009E-012 -1.3265455164175536E-011 -7.1840796315509719E-011
  9.7600000000000009E+001 -4.5015178001901022E-010  9.6317703318021369E-011 -5.4851283962366067E-010 -6.1723222143363771E-012 -1.3338908527632200E-011 -7.2351427353791188E-011  1.0000000000000000E+000  0.0000000000000000E+000 -6.1723222143362729E-012 -1.3338908527632134E-011 -7.2351427353790554E-011
  9.7680000000000007E+001 -4.4965095356347866E-010  9.7387745782945639E-011 -5.4270427147513362E-010 -6.3484249201894380E-012 -1.3411976457577835E-011 -7.2863488210952839E-011  1.0000000000000000E+000  0.0000000000000000E+000 -6.3484249201891383E-012 -1.3411976457577814E-011 -7.2863488210952038E-011
  9.7760000000000005E+001 -4.4913603203177991E-010  9.8463619551233823E-011 -5.3685468150990822E-010 -6.5247224449251156E-012 -1.3484729812156051E-011 -7.3376971014963722E-011  1.0000000000000000E+000  0.0000000000000000E+000 -6.5247224449249298E-012 -1.3484729812155988E-011 -7.3376971014963593E-011
  9.7840000000000003E+001 -4.4860699797229064E-010  9.9545302552890607E-011 -5.3096395611273942E-010 -6.7012666279139475E-012 -1.3557246172878757E-011 -7.3891872658943796E-011  1.0000000000000000E+000  0.0000000000000000E+000 -6.7012666279137165E-012 -1.3557246172878631E-011 -7.3891872658943499E-011
  9.7920000000000002E+001 -4.4806382937131368E-010  1.0063277893889442E-010 -5.2503198188447721E-010 -6.8781172148292725E-012 -1.3629595865144388E-011 -7.4408187196765974E-011  1.0000000000000000E+000  0.0000000000000000E+000 -6.8781172148289753E-012 -1.3629595865144333E-011 -7.4408187196765638E-011
  9.8000000000000000E+001 -4.4750649921791796E-010  1.0172603789131371E-010 -5.1905864616125687E-010 -7.0553361736775897E-012 -1.3701827320113498E-011 -7.4925899555088246E-011  1.0000000000000000E+000  0.0000000000000000E+000 -7.0553361736775477E-012 -1.3701827320113554E-011 -7.4925899555088466E-011
  9.8079999999999998E+001 -4.4693497558352527E-010  1.0282507131011258E-010 -5.1304383795566309E-010 -7.2329812145932618E-012 -1.3773955350136215E-011 -7.5444982329416918E-011  1.0000000000000000E+000  0.0000000000000000E+000 -7.2329812145935275E-012 -1.3773955350136296E-011 -7.5444982329417086E-011
  9.8159999999999997E+001 -4.4634922222358303E-010  1.0392987074733550E-010 -5.0698744898855016E-010 -7.4111000074466597E-012 -1.3845956082656793E-011 -7.5965396687524196E-011  1.0000000000000000E+000  0.0000000000000000E+000 -7.4111000074467502E-012 -1.3845956082656832E-011 -7.5965396687524765E-011
  9.8240000000000009E+001 -4.4574919958233380E-010  1.0504042428333767E-010 -5.0088937448565922E-010 -7.5897269723433201E-012 -1.3917769883744703E-011 -7.6487097279402958E-011  1.0000000000000000E+000  0.0000000000000000E+000 -7.5897269723433524E-012 -1.3917769883744777E-011 -7.6487097279403048E-011
  9.8320000000000007E+001 -4.4513486590800810E-010  1.0615671392873466E-010 -4.9474951342384569E-010 -7.7688831972865157E-012 -1.3989310981142300E-011 -7.7010039749176942E-011  1.0000000000000000E+000  0.0000000000000000E+000 -7.7688831972866385E-012 -1.3989310981142301E-011 -7.7010039749176541E-011
  9.8400000000000006E+001 -4.4450617827076796E-010  1.0727871404032044E-010 -4.8856776812579091E-010 -7.9485793678920116E-012 -1.4060482492832204E-011 -7.7534188810160031E-011  1.0000000000000000E+000  0.0000000000000000E+000 -7.9485793678921312E-012 -1.4060482492832139E-011 -7.7534188810160405E-011
  9.8480000000000004E+001 -4.4386309320914538E-010  1.0840639112758781E-010 -4.8234404321422008E-010 -8.1288209268948242E-012 -1.4131192345434460E-011 -7.8059524288725063E-011  1.0000000000000000E+000  0.0000000000000000E+000 -8.1288209268948937E-012 -1.4131192345434443E-011 -7.8059524288725283E-011
  9.8560000000000002E+001 -4.4320556692246479E-010  1.0953970481558995E-010 -4.7607824423959490E-010 -8.3096133232945705E-012 -1.4201365536212058E-011 -7.8586043470590657E-011  1.0000000000000000E+000  0.0000000000000000E+000 -8.3096133232942652E-012 -1.4201365536212104E-011 -7.8586043470591109E-011
  9.8640000000000001E+001 -4.4253355507741825E-010  1.1067860961338174E-010 -4.6977027625892558E-010 -8.4909656175271716E-012 -1.4270949973095629E-011 -7.9113758917002356E-011  1.0000000000000000E+000  0.0000000000000000E+000 -8.4909656175268679E-012 -1.4270949973095636E-011 -7.9113758917003015E-011
  9.8719999999999999E+001 -4.4184701242366044E-010  1.1182305681128525E-010 -4.6342004281287452E-010 -8.6728910302636459E-012 -1.4339914584788360E-011 -7.9642692056935681E-011  1.0000000000000000E+000  0.0000000000000000E+000 -8.6728910302636427E-012 -1.4339914584788284E-011 -7.9642692056935836E-011
  9.8799999999999997E+001 -4.4114589251257607E-010  1.1297299594694788E-010 -4.5702744552981587E-010 -8.8554037244377734E-012 -1.4408241073993061E-011 -8.0172864684178654E-011  1.0000000000000000E+000  0.0000000000000000E+000 -8.8554037244375682E-012 -1.4408241073993019E-011 -8.0172864684178396E-011
  9.8879999999999995E+001 -4.4043014782775040E-010  1.1412837538312414E-010 -4.5059238446340594E-010 -9.0385125670457346E-012 -1.4475911713151044E-011 -8.0704290861676369E-011  1.0000000000000000E+000  0.0000000000000000E+000 -9.0385125670455294E-012 -1.4475911713151013E-011 -8.0704290861676123E-011
  9.8960000000000008E+001 -4.3969973050184875E-010  1.1528914182105204E-010 -4.4411475899194765E-010 -9.2222131913929979E-012 -1.4542897447471156E-011 -8.1236970962956770E-011  1.0000000000000000E+000  0.0000000000000000E+000 -9.2222131913930043E-012 -1.4542897447471124E-011 -8.1236970962956757E-011
  9.9040000000000006E+001 -4.3895459371712752E-010  1.1645523897471953E-010 -4.3759446910933286E-010 -9.4064809569378310E-012 -1.4609150056057955E-011 -8.1770889540147268E-011  1.0000000000000000E+000  0.0000000000000000E+000 -9.4064809569376856E-012 -1.4609150056057842E-011 -8.1770889540147113E-011
  9.9120000000000005E+001 -4.3819469354873870E-010  1.1762660583002132E-010 -4.3103141666552409E-010 -9.5912667200980981E-012 -1.4674600902679551E-011 -8.2306017778526579E-011  1.0000000000000000E+000  0.0000000000000000E+000 -9.5912667200978946E-012 -1.4674600902679483E-011 -8.2306017778526527E-011
  9.9200000000000003E+001 -4.3741999104191182E-010  1.1880317511914826E-010 -4.2442550626476860E-010 -9.7764963352587554E-012 -1.4739166898870077E-011 -8.2842319817626026E-011  1.0000000000000000E+000  0.0000000000000000E+000 -9.7764963352585729E-012 -1.4739166898870110E-011 -8.2842319817626272E-011
  9.9280000000000001E+001 -4.3663045413509730E-010  1.1998487253384053E-010 -4.1777664549470392E-010 -9.9620753089000139E-012 -1.4802761397782033E-011 -8.3379761310965289E-011  1.0000000000000000E+000  0.0000000000000000E+000 -9.9620753088998442E-012 -1.4802761397782136E-011 -8.3379761310965560E-011
  9.9359999999999999E+001 -4.3582605899248782E-010  1.2117161694279338E-010 -4.1108474445501416E-010 -1.0147897195899639E-011 -1.4865307513449231E-011 -8.3918317930774164E-011  1.0000000000000000E+000  0.0000000000000000E+000 -1.0147897195899573E-011 -1.4865307513449393E-011 -8.3918317930774345E-011
  9.9439999999999998E+001 -4.3500679058375335E-010  1.2236332173599241E-010 -4.0434971462578005E-010 -1.0333853486021807E-011 -1.4926750052401851E-011 -8.4457982081573628E-011  1.0000000000000000E+000  0.0000000000000000E+000 -1.0333853486021615E-011 -1.4926750052401926E-011 -8.4457982081573925E-011
  9.9519999999999996E+001 -4.3417264243472433E-010  1.2355989695117768E-010 -3.9757146732196238E-010 -1.0519843165053202E-011 -1.4987062432492005E-011 -8.4998765859124966E-011  1.0000000000000000E+000  0.0000000000000000E+000 -1.0519843165053060E-011 -1.4987062432492115E-011 -8.4998765859125276E-011
  9.9600000000000009E+001 -4.3332361567734484E-010  1.2476125172519113E-010 -3.9074991208832006E-010 -1.0705778922835197E-011 -1.5046246991440510E-011 -8.5540699545917806E-011  1.0000000000000000E+000  0.0000000000000000E+000 -1.0705778922835447E-011 -1.5046246991440543E-011 -8.5540699545917884E-011
  9.9680000000000007E+001 -4.3245971780707070E-010  1.2596729646980816E-010 -3.8388495539461553E-010 -1.0891588745013970E-011 -1.5104328542328311E-011 -8.6083826137354116E-011  1.0000000000000000E+000  0.0000000000000000E+000 -1.0891588745014101E-011 -1.5104328542328246E-011 -8.6083826137354194E-011
  9.9760000000000005E+001 -4.3158096147814261E-010  1.2717794429196366E-010 -3.7697649990634340E-010 -1.1077212375105982E-011 -1.5161343078217742E-011 -8.6628193191922135E-011  1.0000000000000000E+000  0.0000000000000000E+000 -1.1077212375105737E-011 -1.5161343078217862E-011 -8.6628193191922342E-011
  9.9840000000000003E+001 -4.3068736382705374E-010  1.2839311136232300E-010 -3.7002444448390799E-010 -1.1262593483466995E-011 -1.5217324633570783E-011 -8.7173844344182089E-011  1.0000000000000000E+000  0.0000000000000000E+000 -1.1262593483466793E-011 -1.5217324633570831E-011 -8.7173844344182037E-011
  9.9920000000000002E+001 -4.2977894652078789E-010  1.2961271623333498E-010 -3.6302868481127427E-010 -1.1447670328086594E-011 -1.5272293576580722E-011 -8.7720813032373865E-011  1.0000000000000000E+000  0.0000000000000000E+000 -1.1447670328086350E-011 -1.5272293576580609E-011 -8.7720813032373878E-011
  1.0000000000000000E+002 -4.2885573657455989E-010  1.3083667833457591E-010 -3.5598911439872817E-010 -1.1632367408277641E-011 -1.5326249500560980E-011 -8.8269119962470278E-011  1.0000000000000000E+000  0.0000000000000000E+000 -1.1632367408277331E-011 -1.5326249500560951E-011 -8.8269119962470472E-011
  1.0008000000000000E+002 -4.2791776773546346E-010  1.3206491615342474E-010 -3.4890562561727902E-010 -1.1816591166336917E-011 -1.5379170359736372E-011 -8.8818775014525298E-011  1.0000000000000000E+000  0.0000000000000000E+000 -1.1816591166336920E-011 -1.5379170359736404E-011 -8.8818775014525143E-011
  1.0016000000000000E+002 -4.2696508198794598E-010  1.3329734559213373E-010 -3.4177811039640412E-010 -1.2000231095299900E-011 -1.5431017432207871E-011 -8.9369782908070257E-011  1.0000000000000000E+000  0.0000000000000000E+000 -1.2000231095300008E-011 -1.5431017432207852E-011 -8.9369782908069946E-011
  1.0024000000000001E+002 -4.2599773076021548E-010  1.3453387894257800E-010 -3.3460646035198778E-010 -1.2183166331169263E-011 -1.5481744516406433E-011 -8.9922150803457123E-011  1.0000000000000000E+000  0.0000000000000000E+000 -1.2183166331169497E-011 -1.5481744516406329E-011 -8.9922150803457123E-011
  1.0032000000000001E+002 -4.2501577537495890E-010  1.3577442471475876E-010 -3.2739056626785098E-010 -1.2365276551105392E-011 -1.5531308371026418E-011 -9.0475895396235394E-011  1.0000000000000000E+000  0.0000000000000000E+000 -1.2365276551105715E-011 -1.5531308371026318E-011 -9.0475895396235601E-011
  1.0040000000000001E+002 -4.2401928651203862E-010  1.3701888828194222E-010 -3.2013031708859012E-010 -1.2546454273750079E-011 -1.5579677598566684E-011 -9.1031047251148757E-011  1.0000000000000000E+000  0.0000000000000000E+000 -1.2546454273750262E-011 -1.5579677598566755E-011 -9.1031047251148834E-011
  1.0048000000000000E+002 -4.2300834269115888E-010  1.3826717313052943E-010 -3.1282559870766718E-010 -1.2726615728654104E-011 -1.5626837505999924E-011 -9.1587651314761854E-011  1.0000000000000000E+000  0.0000000000000000E+000 -1.2726615728653952E-011 -1.5626837506000112E-011 -9.1587651314761621E-011
  1.0056000000000000E+002 -4.2198302799545396E-010  1.3951918228290221E-010 -3.0547629287822822E-010 -1.2905707333672052E-011 -1.5672789375154458E-011 -9.2145762797861179E-011  1.0000000000000000E+000  0.0000000000000000E+000 -1.2905707333672039E-011 -1.5672789375154522E-011 -9.2145762797861037E-011
  1.0064000000000000E+002 -4.2094342951777136E-010  1.4077481943055414E-010 -2.9808227666000939E-010 -1.3083706010838356E-011 -1.5717545390284063E-011 -9.2705439177096118E-011  1.0000000000000000E+000  0.0000000000000000E+000 -1.3083706010838478E-011 -1.5717545390283962E-011 -9.2705439177096221E-011
  1.0072000000000000E+002 -4.1988963503371982E-010  1.4203398954534766E-010 -2.9064342260989284E-010 -1.3260613497627475E-011 -1.5761120875361466E-011 -9.3266730729009981E-011  1.0000000000000000E+000  0.0000000000000000E+000 -1.3260613497627407E-011 -1.5761120875361391E-011 -9.3266730729010007E-011
  1.0080000000000000E+002 -4.1882173135815096E-010  1.4329659877061198E-010 -2.8315959974336779E-010 -1.3436445907471536E-011 -1.5803525937630639E-011 -9.3829671596614432E-011  1.0000000000000000E+000  0.0000000000000000E+000 -1.3436445907471591E-011 -1.5803525937630672E-011 -9.3829671596614561E-011
  1.0088000000000000E+002 -4.1773980368852438E-010  1.4456255369536856E-010 -2.7563067515443453E-010 -1.3611221853371547E-011 -1.5844759356079457E-011 -9.4394273211335833E-011  1.0000000000000000E+000  0.0000000000000000E+000 -1.3611221853371670E-011 -1.5844759356079376E-011 -9.4394273211336040E-011
  1.0096000000000001E+002 -4.1664393586161151E-010  1.4583176026758469E-010 -2.6805651602955406E-010 -1.3784952134222106E-011 -1.5884806520179924E-011 -9.4960522044178377E-011  1.0000000000000000E+000  0.0000000000000000E+000 -1.3784952134222215E-011 -1.5884806520179727E-011 -9.4960522044178494E-011
  1.0104000000000001E+002 -4.1553421134704884E-010  1.4710412273859735E-010 -2.6043699162736599E-010 -1.3957633770655968E-011 -1.5923642167449038E-011 -9.5528382184920092E-011  1.0000000000000000E+000  0.0000000000000000E+000 -1.3957633770655736E-011 -1.5923642167448889E-011 -9.5528382184920364E-011
  1.0112000000000000E+002 -4.1441071445830656E-010  1.4837954301437654E-010 -2.5277197487996684E-010 -1.4129250470466923E-011 -1.5961236462329641E-011 -9.6097801437378328E-011  1.0000000000000000E+000  0.0000000000000000E+000 -1.4129250470466575E-011 -1.5961236462329615E-011 -9.6097801437378638E-011
  1.0120000000000000E+002 -4.1327353127177413E-010  1.4965792057257009E-010 -2.4506134339738546E-010 -1.4299779297458465E-011 -1.5997563539683371E-011 -9.6668719922593161E-011  1.0000000000000000E+000  0.0000000000000000E+000 -1.4299779297458163E-011 -1.5997563539683278E-011 -9.6668719922593238E-011
  1.0128000000000000E+002 -4.1212274977071320E-010  1.5093915318072588E-010 -2.3730497969235194E-010 -1.4469201638228599E-011 -1.6032609827999278E-011 -9.7241078480871814E-011  1.0000000000000000E+000  0.0000000000000000E+000 -1.4469201638228301E-011 -1.6032609827999149E-011 -9.7241078480871853E-011
  1.0136000000000000E+002 -4.1095845900965756E-010  1.5222313814504998E-010 -2.2950277084044597E-010 -1.4637515632055214E-011 -1.6066380019553574E-011 -9.7814824465886735E-011  1.0000000000000000E+000  0.0000000000000000E+000 -1.4637515632055169E-011 -1.6066380019553645E-011 -9.7814824465886786E-011
  1.0144000000000000E+002 -4.0978074726958437E-010  1.5350977398385445E-010 -2.2165460777781006E-010 -1.4804746222535757E-011 -1.6098899813823286E-011 -9.8389913669977241E-011  1.0000000000000000E+000  0.0000000000000000E+000 -1.4804746222535657E-011 -1.6098899813823312E-011 -9.8389913669977099E-011
  1.0152000000000000E+002 -4.0858969961405184E-010  1.5479896211526171E-010 -2.1376038465324961E-010 -1.4970949822947593E-011 -1.6130214524776959E-011 -9.8966307969462453E-011  1.0000000000000000E+000  0.0000000000000000E+000 -1.4970949822947477E-011 -1.6130214524776936E-011 -9.8966307969462272E-011
  1.0160000000000001E+002 -4.0738539529791275E-010  1.5609060830781876E-010 -2.0581999850269607E-010 -1.5136212177499514E-011 -1.6160384401850456E-011 -9.9543969897487510E-011  1.0000000000000000E+000  0.0000000000000000E+000 -1.5136212177499750E-011 -1.6160384401850488E-011 -9.9543969897487523E-011
  1.0168000000000001E+002 -4.0616790566565191E-010  1.5738462361955778E-010 -1.9783334946965161E-010 -1.5300639471728323E-011 -1.6189477912220466E-011 -1.0012285562389497E-010  1.0000000000000000E+000  0.0000000000000000E+000 -1.5300639471728504E-011 -1.6189477912220424E-011 -1.0012285562389504E-010
  1.0176000000000001E+002 -4.0493729298243622E-010  1.5868092477377404E-010 -1.8980034160287287E-010 -1.5464344968570793E-011 -1.6217565021601363E-011 -1.0070290956593607E-010  1.0000000000000000E+000  0.0000000000000000E+000 -1.5464344968570496E-011 -1.6217565021601256E-011 -1.0070290956593611E-010
  1.0184000000000000E+002 -4.0369361047068059E-010  1.5997943402301400E-010 -1.8172088393910184E-010 -1.5627433838989546E-011 -1.6244711564284964E-011 -1.0128406217874719E-010  1.0000000000000000E+000  0.0000000000000000E+000 -1.5627433838989453E-011 -1.6244711564284854E-011 -1.0128406217874734E-010
  1.0192000000000000E+002 -4.0243690356819790E-010  1.6128007862405963E-010 -1.7359489165427332E-010 -1.5789990200067718E-011 -1.6270975862306999E-011 -1.0186623177106785E-010  1.0000000000000000E+000  0.0000000000000000E+000 -1.5789990200068047E-011 -1.6270975862306931E-011 -1.0186623177106810E-010
  1.0200000000000000E+002 -4.0116721203866975E-010  1.6258279016098312E-010 -1.6542228685573098E-010 -1.5952069776173702E-011 -1.6296408234765340E-011 -1.0244933096700508E-010  1.0000000000000000E+000  0.0000000000000000E+000 -1.5952069776173899E-011 -1.6296408234765253E-011 -1.0244933096700517E-010
  1.0208000000000000E+002 -3.9988457240401010E-010  1.6388750394162209E-010 -1.5720299869955251E-010 -1.6113699149153595E-011 -1.6321052238859764E-011 -1.0303327590058918E-010  1.0000000000000000E+000  0.0000000000000000E+000 -1.6113699149153462E-011 -1.6321052238859687E-011 -1.0303327590058916E-010
  1.0216000000000000E+002 -3.9858902017480518E-010  1.6519415851920068E-010 -1.4893696271163671E-010 -1.6274881987495252E-011 -1.6344947030531480E-011 -1.0361799587095629E-010  1.0000000000000000E+000  0.0000000000000000E+000 -1.6274881987495136E-011 -1.6344947030531616E-011 -1.0361799587095621E-010
  1.0224000000000001E+002 -3.9728059128601086E-010  1.6650269546650712E-010 -1.4062411936019950E-010 -1.6435610220468199E-011 -1.6368129568927901E-011 -1.0420344190393133E-010  1.0000000000000000E+000  0.0000000000000000E+000 -1.6435610220468222E-011 -1.6368129568928040E-011 -1.0420344190393127E-010
  1.0232000000000001E+002 -3.9595932253953027E-010  1.6781305925022914E-010 -1.3226441200700770E-010 -1.6595876529467244E-011 -1.6390635801795919E-011 -1.0478959172305462E-010  1.0000000000000000E+000  0.0000000000000000E+000 -1.6595876529467121E-011 -1.6390635801795957E-011 -1.0478959172305475E-010
  1.0240000000000001E+002 -3.9462525104129610E-010  1.6912519719479447E-010 -1.2385778468451076E-010 -1.6755684926320941E-011 -1.6412500648928277E-011 -1.0537644998095933E-010  1.0000000000000000E+000  0.0000000000000000E+000 -1.6755684926320961E-011 -1.6412500648928199E-011 -1.0537644998095946E-010
  1.0248000000000000E+002 -3.9327841295131891E-010  1.7043905935405767E-010 -1.1540418001005421E-010 -1.6915056140192245E-011 -1.6433756287598296E-011 -1.0596404411960549E-010  1.0000000000000000E+000  0.0000000000000000E+000 -1.6915056140192245E-011 -1.6433756287598086E-011 -1.0596404411960548E-010
  1.0256000000000000E+002 -3.9191884205886534E-010  1.7175459820081020E-010 -1.0690353762537388E-010 -1.7074026160821033E-011 -1.6454429638063779E-011 -1.0655241663771022E-010  1.0000000000000000E+000  0.0000000000000000E+000 -1.7074026160820726E-011 -1.6454429638063695E-011 -1.0655241663771018E-010
  1.0264000000000000E+002 -3.9054656876558755E-010  1.7307176809614787E-010 -9.8355793348020570E-011 -1.7232638274918051E-011 -1.6474539439434426E-011 -1.0714161612299083E-010  1.0000000000000000E+000  0.0000000000000000E+000 -1.7232638274917909E-011 -1.6474539439434439E-011 -1.0714161612299082E-010
  1.0272000000000000E+002 -3.8916161993487846E-010  1.7439052451111971E-010 -8.9760879045695349E-011 -1.7390930396471789E-011 -1.6494093243650318E-011 -1.0773168948305282E-010  1.0000000000000000E+000  0.0000000000000000E+000 -1.7390930396471585E-011 -1.6494093243650279E-011 -1.0773168948305282E-010
  1.0280000000000000E+002 -3.8776401990215206E-010  1.7571082301513192E-010 -8.1118723030732118E-011 -1.7548921394515041E-011 -1.6513085308063690E-011 -1.0832267729604984E-010  1.0000000000000000E+000  0.0000000000000000E+000 -1.7548921394514731E-011 -1.6513085308063748E-011 -1.0832267729604982E-010
  1.0288000000000000E+002 -3.8635379251175605E-010  1.7703261816040990E-010 -7.2429250678327376E-011 -1.7706600027988985E-011 -1.6531495595925900E-011 -1.0891461387216195E-010  1.0000000000000000E+000  0.0000000000000000E+000 -1.7706600027989027E-011 -1.6531495595926013E-011 -1.0891461387216190E-010
  1.0296000000000001E+002 -3.8493096389767383E-010  1.7835586231048007E-010 -6.3692384811186205E-011 -1.7863919811907134E-011 -1.6549289888180084E-011 -1.0950753142745278E-010  1.0000000000000000E+000  0.0000000000000000E+000 -1.7863919811907030E-011 -1.6549289888180168E-011 -1.0950753142745272E-010
  1.0304000000000001E+002 -3.8349556534185091E-010  1.7968050454251871E-010 -5.4908045649934933E-011 -1.8020801452962472E-011 -1.6566421175285591E-011 -1.1010146698248732E-010  1.0000000000000000E+000  0.0000000000000000E+000 -1.8020801452962152E-011 -1.6566421175285694E-011 -1.1010146698248733E-010
  1.0312000000000000E+002 -3.8204763566519983E-010  1.8100648969852576E-010 -4.6076150093988234E-011 -1.8177142396912652E-011 -1.6582832159406379E-011 -1.1069646987320296E-010  1.0000000000000000E+000  0.0000000000000000E+000 -1.8177142396912610E-011 -1.6582832159406492E-011 -1.1069646987320294E-010
  1.0320000000000000E+002 -3.8058722255834488E-010  1.8233375768802373E-010 -3.7196610470222457E-011 -1.8332831532230109E-011 -1.6598458701149682E-011 -1.1129260657673298E-010  1.0000000000000000E+000  0.0000000000000000E+000 -1.8332831532230122E-011 -1.6598458701149818E-011 -1.1129260657673294E-010
  1.0328000000000000E+002 -3.7911438262004301E-010  1.8366224309070971E-010 -2.8269333041710956E-011 -1.8487765561211286E-011 -1.6613233836625677E-011 -1.1188996112079367E-010  1.0000000000000000E+000  0.0000000000000000E+000 -1.8487765561211380E-011 -1.6613233836625690E-011 -1.1188996112079366E-010
  1.0336000000000000E+002 -3.7762918006855108E-010  1.8499187510188384E-010 -1.9294216690895468E-011 -1.8641863045094367E-011 -1.6627092098233488E-011 -1.1248863015425876E-010  1.0000000000000000E+000  0.0000000000000000E+000 -1.8641863045094397E-011 -1.6627092098233469E-011 -1.1248863015425873E-010
  1.0344000000000000E+002 -3.7613168453282791E-010  1.8632257782642707E-010 -1.0271152217029557E-011 -1.8795072844391825E-011 -1.6639973901454269E-011 -1.1308871380046819E-010  1.0000000000000000E+000  0.0000000000000000E+000 -1.8795072844391725E-011 -1.6639973901454282E-011 -1.1308871380046819E-010
  1.0352000000000000E+002 -3.7462196841344839E-010  1.8765427092611652E-010 -1.2000224828205567E-012 -1.8947375222176486E-011 -1.6651829785677605E-011 -1.1369030422949668E-010  1.0000000000000000E+000  0.0000000000000000E+000 -1.8947375222176589E-011 -1.6651829785677705E-011 -1.1369030422949668E-010
  1.0360000000000001E+002 -3.7310010449727968E-010  1.8898687059213548E-010  7.9192964596899115E-012 -1.9098775533514177E-011 -1.6662623857005255E-011 -1.1429347443493418E-010  1.0000000000000000E+000  0.0000000000000000E+000 -1.9098775533514258E-011 -1.6662623857005452E-011 -1.1429347443493419E-010
  1.0368000000000001E+002 -3.7156616432808612E-010  1.9032029074323736E-010  1.7086933426768912E-011 -1.9249292982657160E-011 -1.6672335969555666E-011 -1.1489827059210798E-010  1.0000000000000000E+000  0.0000000000000000E+000 -1.9249292982656957E-011 -1.6672335969555708E-011 -1.1489827059210799E-010
  1.0376000000000001E+002 -3.7002021762005453E-010  1.9165444434726439E-010  2.6303019754427186E-011 -1.9398947369776706E-011 -1.6680962574042071E-011 -1.1550470955265199E-010  1.0000000000000000E+000  0.0000000000000000E+000 -1.9398947369776590E-011 -1.6680962574042078E-011 -1.1550470955265198E-010
  1.0384000000000000E+002 -3.6846233274892185E-010  1.9298924475508409E-010  3.5567686955193231E-011 -1.9547747858449434E-011 -1.6688516221018219E-011 -1.1611278180546289E-010  1.0000000000000000E+000  0.0000000000000000E+000 -1.9547747858449527E-011 -1.6688516221018251E-011 -1.1611278180546284E-010
  1.0392000000000000E+002 -3.6689257796270262E-010  1.9432460694262731E-010  4.4881064843301249E-011 -1.9695687038193971E-011 -1.6695023366412636E-011 -1.1672245921589576E-010  1.0000000000000000E+000  0.0000000000000000E+000 -1.9695687038194078E-011 -1.6695023366412642E-011 -1.1672245921589573E-010
  1.0400000000000000E+002 -3.6531102282281081E-010  1.9566044849371012E-010  5.4243280429736553E-011 -1.9842741902119601E-011 -1.6700521401175878E-011 -1.1733370512984601E-010  1.0000000000000000E+000  0.0000000000000000E+000 -1.9842741902119672E-011 -1.6700521401175845E-011 -1.1733370512984596E-010
  1.0408000000000000E+002 -3.6371773925836348E-010  1.9699669036681545E-010  6.3654457664076612E-011 -1.9988881522516106E-011 -1.6705055714859633E-011 -1.1794648452609763E-010  1.0000000000000000E+000  0.0000000000000000E+000 -1.9988881522516074E-011 -1.6705055714859597E-011 -1.1794648452609760E-010
  1.0416000000000000E+002 -3.6211280177920823E-010  1.9833325740808766E-010  7.3114717953912175E-011 -2.0134079335827776E-011 -1.6708677471225465E-011 -1.1856077100838346E-010  1.0000000000000000E+000  0.0000000000000000E+000 -2.0134079335827721E-011 -1.6708677471225426E-011 -1.1856077100838346E-010
  1.0424000000000001E+002 -3.6049628656463104E-010  1.9967007876221152E-010  8.2624181025417966E-011 -2.0278326634093920E-011 -1.6711443135833725E-011 -1.1917654863828916E-010  1.0000000000000000E+000  0.0000000000000000E+000 -2.0278326634094126E-011 -1.6711443135833683E-011 -1.1917654863828913E-010
  1.0432000000000001E+002 -3.5886826951775321E-010  2.0100708830982105E-010  9.2182965736038438E-011 -2.0421643886008009E-011 -1.6713415496849861E-011 -1.1979380835288826E-010  1.0000000000000000E+000  0.0000000000000000E+000 -2.0421643886008261E-011 -1.6713415496849996E-011 -1.1979380835288831E-010
  1.0440000000000001E+002 -3.5722882354286976E-010  2.0234422524170750E-010  1.0179119036188009E-010 -2.0564086177102004E-011 -1.6714666039206899E-011 -1.2041253958895981E-010  1.0000000000000000E+000  0.0000000000000000E+000 -2.0564086177101729E-011 -1.6714666039207099E-011 -1.2041253958895989E-010
  1.0448000000000000E+002 -3.5557801572941689E-010  2.0368143487609416E-010  1.1144897207027201E-010 -2.0705741277476033E-011 -1.6715277629440653E-011 -1.2103272013778693E-010  1.0000000000000000E+000  0.0000000000000000E+000 -2.0705741277475648E-011 -1.6715277629440769E-011 -1.2103272013778685E-010
  1.0456000000000000E+002 -3.5391590493847359E-010  2.0501866966241800E-010  1.2115642558392600E-010 -2.0846720902649435E-011 -1.6715346452787743E-011 -1.2165430717322284E-010  1.0000000000000000E+000  0.0000000000000000E+000 -2.0846720902649264E-011 -1.6715346452787675E-011 -1.2165430717322276E-010
  1.0464000000000000E+002 -3.5224254038499298E-010  2.0635589030854020E-010  1.3091366121798766E-010 -2.0987146522437572E-011 -1.6714982004622337E-011 -1.2227723231953555E-010  1.0000000000000000E+000  0.0000000000000000E+000 -2.0987146522437717E-011 -1.6714982004622179E-011 -1.2227723231953560E-010
  1.0472000000000000E+002 -3.5055796149488358E-010  2.0769306678315758E-010  1.4072078275505168E-010 -2.1127133526570694E-011 -1.6714303965464411E-011 -1.2290140325988177E-010  1.0000000000000000E+000  0.0000000000000000E+000 -2.1127133526570833E-011 -1.6714303965464437E-011 -1.2290140325988190E-010
  1.0480000000000000E+002 -3.4886219902074166E-010  2.0903017894301450E-010  1.5057788573956874E-010 -2.1266777085723197E-011 -1.6713436486100531E-011 -1.2352671169386881E-010  1.0000000000000000E+000  0.0000000000000000E+000 -2.1266777085723016E-011 -1.6713436486100551E-011 -1.2352671169386883E-010
  1.0488000000000000E+002 -3.4715527716116787E-010  2.1036721662093366E-010  1.6048505662607069E-010 -2.1406143213651973E-011 -1.6712500218445703E-011 -1.2415304588940302E-010  1.0000000000000000E+000  0.0000000000000000E+000 -2.1406143213651708E-011 -1.6712500218445629E-011 -1.2415304588940290E-010
  1.0496000000000001E+002 -3.4543721610655735E-010  2.1170417897796581E-010  1.7044237308187323E-010 -2.1545267297581451E-011 -1.6711603401062980E-011 -1.2478030485216835E-010  1.0000000000000000E+000  0.0000000000000000E+000 -2.1545267297581422E-011 -1.6711603401062864E-011 -1.2478030485216832E-010
  1.0504000000000001E+002 -3.4370803439355484E-010  2.1304107316510374E-010  1.8044990540241763E-010 -2.1684159629000067E-011 -1.6710833970307877E-011 -1.2540841054924349E-010  1.0000000000000000E+000  0.0000000000000000E+000 -2.1684159629000116E-011 -1.6710833970307738E-011 -1.2540841054924352E-010
  1.0512000000000000E+002 -3.4196775056591734E-010  2.1437791241321507E-010  1.9050771876975219E-010 -2.1822816301065611E-011 -1.6710254184793536E-011 -1.2603731522441389E-010  1.0000000000000000E+000  0.0000000000000000E+000 -2.1822816301065569E-011 -1.6710254184793436E-011 -1.2603731522441402E-010
  1.0520000000000000E+002 -3.4021638378538434E-010  2.1571471383467070E-010  2.0061587583832385E-010 -2.1961232703639774E-011 -1.6709899099697610E-011 -1.2666700189545960E-010  1.0000000000000000E+000  0.0000000000000000E+000 -2.1961232703639719E-011 -1.6709899099697513E-011 -1.2666700189545978E-010
  1.0528000000000000E+002 -3.3845395333333497E-010  2.1705149626916669E-010  2.1077443907302572E-010 -2.2099415616088061E-011 -1.6709779308137039E-011 -1.2729747808224643E-010  1.0000000000000000E+000  0.0000000000000000E+000 -2.2099415616088164E-011 -1.6709779308136984E-011 -1.2729747808224646E-010
  1.0536000000000000E+002 -3.3668047728681025E-010  2.1838827852397263E-010  2.2098347233148328E-010 -2.2237390867529641E-011 -1.6709887467161992E-011 -1.2792876474059504E-010  1.0000000000000000E+000  0.0000000000000000E+000 -2.2237390867529922E-011 -1.6709887467161898E-011 -1.2792876474059504E-010
  1.0544000000000000E+002 -3.3489597079453023E-010  2.1972507826391261E-010  2.3124304143152093E-010 -2.2375204434360942E-011 -1.6710206877980814E-011 -1.2856088379572370E-010  1.0000000000000000E+000  0.0000000000000000E+000 -2.2375204434361230E-011 -1.6710206877980746E-011 -1.2856088379572373E-010
  1.0552000000000000E+002 -3.3310044457731250E-010  2.2106191162444956E-010  2.4155321373879907E-010 -2.2512916973497177E-011 -1.6710719820875177E-011 -1.2919384704290901E-010  1.0000000000000000E+000  0.0000000000000000E+000 -2.2512916973497374E-011 -1.6710719820875084E-011 -1.2919384704290888E-010
  1.0560000000000001E+002 -3.3129390407877068E-010  2.2239879343525264E-010  2.5191405695838637E-010 -2.2650593628141926E-011 -1.6711413990341007E-011 -1.2982765010731457E-010  1.0000000000000000E+000  0.0000000000000000E+000 -2.2650593628141687E-011 -1.6711413990340998E-011 -1.2982765010731444E-010
  1.0568000000000001E+002 -3.2947634959680979E-010  2.2373573786290412E-010  2.6232563775596940E-010 -2.2788291627323859E-011 -1.6712284918110193E-011 -1.3046227329019176E-010  1.0000000000000000E+000  0.0000000000000000E+000 -2.2788291627323587E-011 -1.6712284918110283E-011 -1.3046227329019160E-010
  1.0576000000000001E+002 -3.2764777741839887E-010  2.2507275902215027E-010  2.7278802068481705E-010 -2.2926049696255246E-011 -1.6713334101636844E-011 -1.3109768891390683E-010  1.0000000000000000E+000  0.0000000000000000E+000 -2.2926049696255023E-011 -1.6713334101636798E-011 -1.3109768891390680E-010
  1.0584000000000000E+002 -3.2580818164540895E-010  2.2640987131916602E-010  2.8330126798219450E-010 -2.3063881789019689E-011 -1.6714563805467474E-011 -1.3173387342878580E-010  1.0000000000000000E+000  0.0000000000000000E+000 -2.3063881789019514E-011 -1.6714563805467522E-011 -1.3173387342878580E-010
  1.0592000000000000E+002 -3.2395755633215572E-010  2.2774708923102507E-010  2.9386544043342278E-010 -2.3201777166795290E-011 -1.6715970262772793E-011 -1.3237082066106045E-010  1.0000000000000000E+000  0.0000000000000000E+000 -2.3201777166795319E-011 -1.6715970262772903E-011 -1.3237082066106014E-010
  1.0600000000000000E+002 -3.2209589729872171E-010  2.2908442656120966E-010  3.0448059928796417E-010 -2.3339707151772403E-011 -1.6717537830784343E-011 -1.3300855266685559E-010  1.0000000000000000E+000  0.0000000000000000E+000 -2.3339707151772407E-011 -1.6717537830784385E-011 -1.3300855266685539E-010
  1.0608000000000000E+002 -3.2022320318787213E-010  2.3042189528395056E-010  3.1514680886011968E-010 -2.3477636831225511E-011 -1.6719235998908393E-011 -1.3364712433017198E-010  1.0000000000000000E+000  0.0000000000000000E+000 -2.3477636831225340E-011 -1.6719235998908396E-011 -1.3364712433017208E-010
  1.0616000000000000E+002 -3.1833947540572562E-010  2.3175950432103501E-010  3.2586413918079169E-010 -2.3615539065285044E-011 -1.6721020976088932E-011 -1.3428662008939808E-010  1.0000000000000000E+000  0.0000000000000000E+000 -2.3615539065284866E-011 -1.6721020976088686E-011 -1.3428662008939819E-010
  1.0624000000000001E+002 -3.1644471693742652E-010  2.3309725864012479E-010  3.3663266807442337E-010 -2.3753407158099073E-011 -1.6722841938882979E-011 -1.3492714344986174E-010  1.0000000000000000E+000  0.0000000000000000E+000 -2.3753407158099070E-011 -1.6722841938882740E-011 -1.3492714344986174E-010
  1.0632000000000001E+002 -3.1453893026042977E-010  2.3443515903125628E-010  3.4745248213276957E-010 -2.3891263557993623E-011 -1.6724651173078597E-011 -1.3556880191129204E-010  1.0000000000000000E+000  0.0000000000000000E+000 -2.3891263557993623E-011 -1.6724651173078859E-011 -1.3556880191129235E-010
  1.0640000000000001E+002 -3.1262211476814754E-010  2.3577320282781736E-010  3.5832367638023010E-010 -2.4029162385198974E-011 -1.6726415693893403E-011 -1.3621169119083211E-010  1.0000000000000000E+000  0.0000000000000000E+000 -2.4029162385198796E-011 -1.6726415693893958E-011 -1.3621169119083242E-010
  1.0648000000000000E+002 -3.1069426427879794E-010  2.3711138554227923E-010  3.6924635272330271E-010 -2.4167185193944246E-011 -1.6728127678076113E-011 -1.3685588269383638E-010  1.0000000000000000E+000  0.0000000000000000E+000 -2.4167185193944103E-011 -1.6728127678076526E-011 -1.3685588269383627E-010
  1.0656000000000000E+002 -3.0875536513711646E-010  2.3844970325630954E-010  3.8022061761124392E-010 -2.4305431638571720E-011 -1.6729811405510927E-011 -1.3750141737282850E-010  1.0000000000000000E+000  0.0000000000000000E+000 -2.4305431638571843E-011 -1.6729811405511024E-011 -1.3750141737282850E-010
  1.0664000000000000E+002 -3.0680539521662646E-010  2.3978815536716098E-010  3.9124657950295527E-010 -2.4444006945249602E-011 -1.6731524230482340E-011 -1.3814830738753801E-010  1.0000000000000000E+000  0.0000000000000000E+000 -2.4444006945249698E-011 -1.6731524230482337E-011 -1.3814830738753804E-010
  1.0672000000000000E+002 -3.0484432402587653E-010  2.4112674713318672E-010  4.0232434679325000E-010 -2.4583009553903357E-011 -1.6733351564610498E-011 -1.3879654450971368E-010  1.0000000000000000E+000  0.0000000000000000E+000 -2.4583009553903105E-011 -1.6733351564610534E-011 -1.3879654450971368E-010
  1.0680000000000000E+002 -3.0287211368800193E-010  2.4246549161749866E-010  4.1345402662450946E-010 -2.4722522229454346E-011 -1.6735396831356262E-011 -1.3944611264670309E-010  1.0000000000000000E+000  0.0000000000000000E+000 -2.4722522229454003E-011 -1.6735396831356333E-011 -1.3944611264670317E-010
  1.0688000000000000E+002 -3.0088872046916383E-010  2.4380441062620372E-010  4.2463572481672250E-010 -2.4862608427936550E-011 -1.6737768558584097E-011 -1.4009700093941875E-010  1.0000000000000000E+000  0.0000000000000000E+000 -2.4862608427936563E-011 -1.6737768558584204E-011 -1.4009700093941864E-010
  1.0696000000000001E+002 -2.9889409633953208E-010  2.4514353458687211E-010  4.3586954677481646E-010 -2.5003314161284792E-011 -1.6740568183988572E-011 -1.4074921362817487E-010  1.0000000000000000E+000  0.0000000000000000E+000 -2.5003314161284759E-011 -1.6740568183988394E-011 -1.4074921362817482E-010
  1.0704000000000001E+002 -2.9688819020335827E-010  2.4648290153564189E-010  4.4715559899723048E-010 -2.5144674648672064E-011 -1.6743880919595676E-011 -1.4140277406861387E-010  1.0000000000000000E+000  0.0000000000000000E+000 -2.5144674648671766E-011 -1.6743880919595378E-011 -1.4140277406861394E-010
  1.0712000000000000E+002 -2.9487094839574455E-010  2.4782255553400742E-010  4.5849399062579468E-010 -2.5286723685161352E-011 -1.6747772481850323E-011 -1.4205772133124641E-010  1.0000000000000000E+000  0.0000000000000000E+000 -2.5286723685161168E-011 -1.6747772481850275E-011 -1.4205772133124628E-010
  1.0720000000000000E+002 -2.9284231441373245E-010  2.4916254513273794E-010  4.6988483441022991E-010 -2.5429502274345714E-011 -1.6752292191491535E-011 -1.4271409999802405E-010  1.0000000000000000E+000  0.0000000000000000E+000 -2.5429502274345510E-011 -1.6752292191491386E-011 -1.4271409999802346E-010
  1.0728000000000000E+002 -2.9080222803184923E-010  2.5050292228464607E-010  4.8132824662547853E-010 -2.5573064444930480E-011 -1.6757480697075463E-011 -1.4337194605152833E-010  1.0000000000000000E+000  0.0000000000000000E+000 -2.5573064444930331E-011 -1.6757480697075201E-011 -1.4337194605152750E-010
  1.0736000000000000E+002 -2.8875062410254357E-010  2.5184374204427002E-010  4.9282434577847444E-010 -2.5717478372030213E-011 -1.6763379889161871E-011 -1.4403127266626095E-010  1.0000000000000000E+000  0.0000000000000000E+000 -2.5717478372030107E-011 -1.6763379889161990E-011 -1.4403127266626038E-010
  1.0744000000000000E+002 -2.8668743149232440E-010  2.5318506306691196E-010  5.0437325025208028E-010 -2.5862822180010983E-011 -1.6770041787360075E-011 -1.4469206005083461E-010  1.0000000000000000E+000  0.0000000000000000E+000 -2.5862822180010814E-011 -1.6770041787360398E-011 -1.4469206005083427E-010
  1.0752000000000000E+002 -2.8461257255374182E-010  2.5452694873024763E-010  5.1597507538660798E-010 -2.6009175395563318E-011 -1.6777533304793628E-011 -1.4535425221347507E-010  1.0000000000000000E+000  0.0000000000000000E+000 -2.6009175395563599E-011 -1.6777533304793644E-011 -1.4535425221347512E-010
  1.0760000000000001E+002 -2.8252596342903427E-010  2.5586946839567895E-010  5.2762993060623629E-010 -2.6156608316098111E-011 -1.6785934993266039E-011 -1.4601776176724680E-010  1.0000000000000000E+000  0.0000000000000000E+000 -2.6156608316098570E-011 -1.6785934993266026E-011 -1.4601776176724688E-010
  1.0768000000000001E+002 -2.8042751522316612E-010  2.5721269832917019E-010  5.3933791726936746E-010 -2.6305171584949942E-011 -1.6795333610273949E-011 -1.4668248204556967E-010  1.0000000000000000E+000  0.0000000000000000E+000 -2.6305171584950175E-011 -1.6795333610273984E-011 -1.4668248204556910E-010
  1.0776000000000001E+002 -2.7831713597544228E-010  2.5855672177332278E-010  5.5109912773352744E-010 -2.6454888727076947E-011 -1.6805810098426547E-011 -1.4734830305223668E-010  1.0000000000000000E+000  0.0000000000000000E+000 -2.6454888727076918E-011 -1.6805810098426502E-011 -1.4734830305223627E-010
  1.0784000000000000E+002 -2.7619473302683381E-010  2.5990162794491844E-010  5.6291364575772533E-010 -2.6605753237838075E-011 -1.6817426096112752E-011 -1.4801512686194796E-010  1.0000000000000000E+000  0.0000000000000000E+000 -2.6605753237837985E-011 -1.6817426096112882E-011 -1.4801512686194754E-010
  1.0792000000000000E+002 -2.7406021545738818E-010  2.6124750994870082E-010  5.7478154803143911E-010 -2.6757730948571631E-011 -1.6830212210490907E-011 -1.4868287874052682E-010  1.0000000000000000E+000  0.0000000000000000E+000 -2.6757730948571792E-011 -1.6830212210490962E-011 -1.4868287874052671E-010
  1.0800000000000000E+002 -2.7191349607506235E-010  2.6259446189859699E-010  5.8670290635620963E-010 -2.6910767213792168E-011 -1.6844161394638443E-011 -1.4935151145257789E-010  1.0000000000000000E+000  0.0000000000000000E+000 -2.6910767213792271E-011 -1.6844161394638136E-011 -1.4935151145257789E-010
  1.0808000000000000E+002 -2.6975449270318144E-010  2.6394257577184297E-010  5.9867778986385158E-010 -2.7064796517360435E-011 -1.6859229989098614E-011 -1.5002100201108801E-010  1.0000000000000000E+000  0.0000000000000000E+000 -2.7064796517360661E-011 -1.6859229989098214E-011 -1.5002100201108757E-010
  1.0816000000000000E+002 -2.6758312863228468E-010  2.6529193869685277E-010  6.1070626667798371E-010 -2.7219753286207442E-011 -1.6875345868777502E-011 -1.5069134203955000E-010  1.0000000000000000E+000  0.0000000000000000E+000 -2.7219753286207542E-011 -1.6875345868777308E-011 -1.5069134203954987E-010
  1.0824000000000001E+002 -2.6539933217738825E-010  2.6664263111084737E-010  6.2278840459017957E-010 -2.7375580547707569E-011 -1.6892422010368820E-011 -1.5136252519502015E-010  1.0000000000000000E+000  0.0000000000000000E+000 -2.7375580547707275E-011 -1.6892422010368746E-011 -1.5136252519502071E-010
  1.0832000000000001E+002 -2.6320303574465147E-010  2.6799472621851178E-010  6.3492427070918693E-010 -2.7532235207704792E-011 -1.6910372904684209E-011 -1.5203453556699344E-010  1.0000000000000000E+000  0.0000000000000000E+000 -2.7532235207704669E-011 -1.6910372904684306E-011 -1.5203453556699385E-010
  1.0840000000000001E+002 -2.6099417454415548E-010  2.6934829077559684E-010  6.4711393028089852E-010 -2.7689689721993642E-011 -1.6929129180433238E-011 -1.5270734019142678E-010  1.0000000000000000E+000  0.0000000000000000E+000 -2.7689689721993339E-011 -1.6929129180433348E-011 -1.5270734019142657E-010
  1.0848000000000000E+002 -2.5877268538913248E-010  2.7070338688738109E-010  6.5935744513981521E-010 -2.7847929631693858E-011 -1.6948647069538713E-011 -1.5338088802130950E-010  1.0000000000000000E+000  0.0000000000000000E+000 -2.7847929631693267E-011 -1.6948647069538684E-011 -1.5338088802130984E-010
  1.0856000000000000E+002 -2.5653850580308446E-010  2.7206007430672304E-010  6.7165487236430805E-010 -2.8006949318670005E-011 -1.6968910829937061E-011 -1.5405511624877116E-010  1.0000000000000000E+000  0.0000000000000000E+000 -2.8006949318669572E-011 -1.6968910829936909E-011 -1.5405511624877168E-010
  1.0864000000000000E+002 -2.5429157349814528E-010  2.7341841262017102E-010  6.8400626373961860E-010 -2.8166747251818200E-011 -1.6989927912255377E-011 -1.5472996243199912E-010  1.0000000000000000E+000  0.0000000000000000E+000 -2.8166747251817971E-011 -1.6989927912255315E-011 -1.5472996243199883E-010
  1.0872000000000000E+002 -2.5203182624279355E-010  2.7477846277268390E-010  6.9641166635342790E-010 -2.8327322495170981E-011 -1.7011718589026420E-011 -1.5540537880847262E-010  1.0000000000000000E+000  0.0000000000000000E+000 -2.8327322495170822E-011 -1.7011718589026588E-011 -1.5540537880847239E-010
  1.0880000000000000E+002 -2.4975920189891793E-010  2.7614028759441525E-010  7.0887112434897422E-010 -2.8488673696396611E-011 -1.7034303752434932E-011 -1.5608134544754430E-010  1.0000000000000000E+000  0.0000000000000000E+000 -2.8488673696396734E-011 -1.7034303752435074E-011 -1.5608134544754474E-010
  1.0888000000000000E+002 -2.4747363845137009E-010  2.7750395137307349E-010  7.2138468162503499E-010 -2.8650800899656842E-011 -1.7057694856685115E-011 -1.5675787831939314E-010  1.0000000000000000E+000  0.0000000000000000E+000 -2.8650800899656865E-011 -1.7057694856685208E-011 -1.5675787831939342E-010
  1.0896000000000001E+002 -2.4517507375497283E-010  2.7886951877148487E-010  7.3395238488007712E-010 -2.8813709752440066E-011 -1.7081888965365927E-011 -1.5743502981021842E-010  1.0000000000000000E+000  0.0000000000000000E+000 -2.8813709752439866E-011 -1.7081888965365992E-011 -1.5743502981021792E-010
  1.0904000000000001E+002 -2.4286344489097968E-010  2.8023705360753203E-010  7.4657428639466994E-010 -2.8977417118536883E-011 -1.7106870605296285E-011 -1.5811288138239214E-010  1.0000000000000000E+000  0.0000000000000000E+000 -2.8977417118536754E-011 -1.7106870605296159E-011 -1.5811288138239173E-010
  1.0912000000000000E+002 -2.4053868701600693E-010  2.8160661806833228E-010  7.5925044590125986E-010 -2.9141956924561077E-011 -1.7132620175877426E-011 -1.5879153006582545E-010  1.0000000000000000E+000  0.0000000000000000E+000 -2.9141956924560981E-011 -1.7132620175877317E-011 -1.5879153006582532E-010
  1.0920000000000000E+002 -2.3820073178304991E-010  2.8297827283567242E-010  7.7198093120520201E-010 -2.9307384570151261E-011 -1.7159126609533569E-011 -1.5947107276000377E-010  1.0000000000000000E+000  0.0000000000000000E+000 -2.9307384570151571E-011 -1.7159126609533533E-011 -1.5947107276000364E-010
  1.0928000000000000E+002 -2.3584950548478273E-010  2.8435207832585765E-010  7.8476581754286047E-010 -2.9473779013696773E-011 -1.7186400489794757E-011 -1.6015159203186116E-010  1.0000000000000000E+000  0.0000000000000000E+000 -2.9473779013697032E-011 -1.7186400489794663E-011 -1.6015159203186129E-010
  1.0936000000000000E+002 -2.3348492714085843E-010  2.8572809691403958E-010  7.9760518593029980E-010 -2.9641242014407755E-011 -1.7214484209718760E-011 -1.6083314730555523E-010  1.0000000000000000E+000  0.0000000000000000E+000 -2.9641242014407742E-011 -1.7214484209718572E-011 -1.6083314730555560E-010
  1.0944000000000000E+002 -2.3110690676247749E-010  2.8710639579941265E-010  8.1049912111174931E-010 -2.9809894366399958E-011 -1.7243456011568471E-011 -1.6151577325563842E-010  1.0000000000000000E+000  0.0000000000000000E+000 -2.9809894366399958E-011 -1.7243456011568187E-011 -1.6151577325563889E-010
  1.0952000000000000E+002 -2.2871534404223443E-010  2.8848704987589054E-010  8.2344770965120194E-010 -2.9979869671209121E-011 -1.7273426080019781E-011 -1.6219948527191911E-010  1.0000000000000000E+000  0.0000000000000000E+000 -2.9979869671209192E-011 -1.7273426080019481E-011 -1.6219948527191929E-010
  1.0960000000000001E+002 -2.2631012761508403E-010  2.8987014397221581E-010  8.3645103875525636E-010 -3.0151307452614360E-011 -1.7304525567807109E-011 -1.6288428971432665E-010  1.0000000000000000E+000  0.0000000000000000E+000 -3.0151307452614496E-011 -1.7304525567806847E-011 -1.6288428971432673E-010
  1.0968000000000001E+002 -2.2389113484981614E-010  2.9125577396673968E-010  8.4950919600549421E-010 -3.0324346007700321E-011 -1.7336890989315512E-011 -1.6357019585648372E-010  1.0000000000000000E+000  0.0000000000000000E+000 -3.0324346007700476E-011 -1.7336890989315476E-011 -1.6357019585648413E-010
  1.0976000000000001E+002 -2.2145823225385198E-010  2.9264404653050630E-010  8.6262227009229376E-010 -3.0499116406249910E-011 -1.7370647235289204E-011 -1.6425722590429683E-010  1.0000000000000000E+000  0.0000000000000000E+000 -3.0499116406250020E-011 -1.7370647235289411E-011 -1.6425722590429758E-010
  1.0984000000000000E+002 -2.1901127622481615E-010  2.9403507752438595E-010  8.7579035215018170E-010 -3.0675738474206786E-011 -1.7405893844874260E-011 -1.6494541943202972E-010  1.0000000000000000E+000  0.0000000000000000E+000 -3.0675738474206928E-011 -1.7405893844874467E-011 -1.6494541943202977E-010
  1.0992000000000000E+002 -2.1655011409797889E-010  2.9542898954568618E-010  8.8901353720141851E-010 -3.0854318462550823E-011 -1.7442697672596886E-011 -1.6563483120498172E-010  1.0000000000000000E+000  0.0000000000000000E+000 -3.0854318462550868E-011 -1.7442697672596753E-011 -1.6563483120498118E-010
  1.1000000000000000E+002 -2.1407458527080802E-010  2.9682590915200145E-010  9.0229192514297878E-010 -3.1034948629959967E-011 -1.7481093185444373E-011 -1.6632552248948947E-010  1.0000000000000000E+000  0.0000000000000000E+000 -3.1034948629959870E-011 -1.7481093185444114E-011 -1.6632552248948909E-010
  1.1008000000000000E+002 -2.1158452231718530E-010  2.9822596445535728E-010  9.1562562079973683E-010 -3.1217707432575805E-011 -1.7521089905813626E-011 -1.6701754760211523E-010  1.0000000000000000E+000  0.0000000000000000E+000 -3.1217707432575825E-011 -1.7521089905813645E-011 -1.6701754760211471E-010
  1.1016000000000000E+002 -2.0907975208159589E-010  2.9962928353693163E-010  9.2901473275931721E-010 -3.1402660346412061E-011 -1.7562684231774780E-011 -1.6771093968940850E-010  1.0000000000000000E+000  0.0000000000000000E+000 -3.1402660346411970E-011 -1.7562684231774913E-011 -1.6771093968940814E-010
  1.1024000000000001E+002 -2.0656009666175937E-010  3.0103599393244124E-010  9.4245937115004219E-010 -3.1589860599400386E-011 -1.7605871846637017E-011 -1.6840569960881307E-010  1.0000000000000000E+000  0.0000000000000000E+000 -3.1589860599400192E-011 -1.7605871846637198E-011 -1.6840569960881263E-010
  1.1032000000000001E+002 -2.0402537438569183E-010  3.0244622303239355E-010  9.5595964469672730E-010 -3.1779348920719577E-011 -1.7650656666990356E-011 -1.6910179079159559E-010  1.0000000000000000E+000  0.0000000000000000E+000 -3.1779348920719460E-011 -1.7650656666990501E-011 -1.6910179079159437E-010
  1.1040000000000001E+002 -2.0147540083444423E-010  3.0386009899915970E-010  9.6951565767669748E-010 -3.1971153117957003E-011 -1.7697053517020633E-011 -1.6979914214738043E-010  1.0000000000000000E+000  0.0000000000000000E+000 -3.1971153117956970E-011 -1.7697053517020698E-011 -1.6979914214737989E-010
  1.1048000000000000E+002 -1.9890998988681871E-010  3.0527775159511685E-010  9.8312750744030817E-010 -3.2165287249129084E-011 -1.7745083608099296E-011 -1.7049765825441125E-010  1.0000000000000000E+000  0.0000000000000000E+000 -3.2165287249129071E-011 -1.7745083608099247E-011 -1.7049765825441158E-010
  1.1056000000000000E+002 -1.9632895487458358E-010  3.0669931237645559E-010  9.9679528299740328E-010 -3.2361749858363047E-011 -1.7794764486030591E-011 -1.7119723425552284E-010  1.0000000000000000E+000  0.0000000000000000E+000 -3.2361749858363060E-011 -1.7794764486030530E-011 -1.7119723425552197E-010
  1.1064000000000000E+002 -1.9373210990948062E-010  3.0812491391288175E-010  1.0105190649211918E-009 -3.2560522342556746E-011 -1.7846097201627288E-011 -1.7189777145261667E-010  1.0000000000000000E+000  0.0000000000000000E+000 -3.2560522342556662E-011 -1.7846097201627304E-011 -1.7189777145261499E-010
  1.1072000000000000E+002 -1.9111927129977450E-010  3.0955468792871595E-010  1.0242989264298219E-009 -3.2761568113370227E-011 -1.7899054343076436E-011 -1.7259918959959223E-010  1.0000000000000000E+000  0.0000000000000000E+000 -3.2761568113370052E-011 -1.7899054343076317E-011 -1.7259918959959122E-010
  1.1080000000000000E+002 -1.8849025901134138E-010  3.1098876260777398E-010  1.0381349352571266E-009 -3.2964832305394791E-011 -1.7953573187976679E-011 -1.7330143280261734E-010  1.0000000000000000E+000  0.0000000000000000E+000 -3.2964832305394784E-011 -1.7953573187976831E-011 -1.7330143280261620E-010
  1.1088000000000000E+002 -1.8584489813091133E-010  3.1242725963879222E-010  1.0520271556782407E-009 -3.3170242594254492E-011 -1.8009556081124562E-011 -1.7400446794489580E-010  1.0000000000000000E+000  0.0000000000000000E+000 -3.3170242594254595E-011 -1.8009556081124853E-011 -1.7400446794489518E-010
  1.1096000000000001E+002 -1.8318302019626067E-010  3.1387029158075391E-010  1.0659756501283099E-009 -3.3377711808478520E-011 -1.8066878611485374E-011 -1.7470827672003531E-010  1.0000000000000000E+000  0.0000000000000000E+000 -3.3377711808478552E-011 -1.8066878611485603E-011 -1.7470827672003590E-010
  1.1104000000000001E+002 -1.8050446424155477E-010  3.1531796021662988E-010  1.0799804799534464E-009 -3.3587142266640987E-011 -1.8125403958878631E-011 -1.7541284367542573E-010  1.0000000000000000E+000  0.0000000000000000E+000 -3.3587142266641032E-011 -1.8125403958878689E-011 -1.7541284367542682E-010
  1.1112000000000000E+002 -1.7780907743359811E-010  3.1677035621417449E-010  1.0940417051163780E-009 -3.3798430996088490E-011 -1.8184999967080279E-011 -1.7611814414900151E-010  1.0000000000000000E+000  0.0000000000000000E+000 -3.3798430996088561E-011 -1.8184999967080370E-011 -1.7611814414900219E-010
  1.1120000000000000E+002 -1.7509671528218061E-010  3.1822756021136272E-010  1.1081593830172866E-009 -3.4011475473950799E-011 -1.8245555282022087E-011 -1.7682413597549589E-010  1.0000000000000000E+000  0.0000000000000000E+000 -3.4011475473950941E-011 -1.8245555282022320E-011 -1.7682413597549705E-010
  1.1128000000000000E+002 -1.7236724135776598E-010  3.1968964505929802E-010  1.1223335668724574E-009 -3.4226179595633972E-011 -1.8306990233406891E-011 -1.7753075752030622E-010  1.0000000000000000E+000  0.0000000000000000E+000 -3.4226179595634069E-011 -1.8306990233406804E-011 -1.7753075752030676E-010
  1.1136000000000000E+002 -1.6962052654687918E-010  3.2115667864870783E-010  1.1365643042205356E-009 -3.4442458852628162E-011 -1.8369260442650709E-011 -1.7823793249896751E-010  1.0000000000000000E+000  0.0000000000000000E+000 -3.4442458852628168E-011 -1.8369260442650421E-011 -1.7823793249896648E-010
  1.1144000000000000E+002 -1.6685644794134547E-010  3.2262872673012214E-010  1.1508516360722922E-009 -3.4660244398687431E-011 -1.8432352294322528E-011 -1.7894558098951258E-010  1.0000000000000000E+000  0.0000000000000000E+000 -3.4660244398687586E-011 -1.8432352294322208E-011 -1.7894558098951304E-010
  1.1152000000000000E+002 -1.6407488744308919E-010  3.2410585501579943E-010  1.1651955971788576E-009 -3.4879485374711499E-011 -1.8496272426480204E-011 -1.7965363400247530E-010  1.0000000000000000E+000  0.0000000000000000E+000 -3.4879485374711596E-011 -1.8496272426480088E-011 -1.7965363400247569E-010
  1.1160000000000001E+002 -1.6127573028139163E-010  3.2558813031835897E-010  1.1795962175126882E-009 -3.5100149517965716E-011 -1.8561034821858482E-011 -1.8036204736773962E-010  1.0000000000000000E+000  0.0000000000000000E+000 -3.5100149517965645E-011 -1.8561034821858617E-011 -1.8036204736773900E-010
  1.1168000000000001E+002 -1.5845886352021467E-010  3.2707562058729679E-010  1.1940535247576960E-009 -3.5322222259593410E-011 -1.8626649059323560E-011 -1.8107081149208097E-010  1.0000000000000000E+000  0.0000000000000000E+000 -3.5322222259593475E-011 -1.8626649059323761E-011 -1.8107081149208136E-010
  1.1176000000000001E+002 -1.5562417471985669E-010  3.2856839416785074E-010  1.2085675473514212E-009 -3.5545704277482342E-011 -1.8693113472356276E-011 -1.8177995409493819E-010  1.0000000000000000E+000  0.0000000000000000E+000 -3.5545704277482445E-011 -1.8693113472356389E-011 -1.8177995409493831E-010
  1.1184000000000000E+002 -1.5277155083581750E-010  3.3006651874287379E-010  1.2231383174128861E-009 -3.5770608716128111E-011 -1.8760415035301518E-011 -1.8248953511474128E-010  1.0000000000000000E+000  0.0000000000000000E+000 -3.5770608716128266E-011 -1.8760415035301408E-011 -1.8248953511474045E-010
  1.1192000000000000E+002 -1.4990087732527619E-010  3.3157006057349898E-010  1.2377658729697798E-009 -3.5996958481931917E-011 -1.8828535974973427E-011 -1.8319963510899451E-010  1.0000000000000000E+000  0.0000000000000000E+000 -3.5996958481932020E-011 -1.8828535974973149E-011 -1.8319963510899415E-010
  1.1200000000000000E+002 -1.4701203747870839E-010  3.3307908449886954E-010  1.2524502590303252E-009 -3.6224784280382712E-011 -1.8897464422911873E-011 -1.8391033968349320E-010  1.0000000000000000E+000  0.0000000000000000E+000 -3.6224784280382654E-011 -1.8897464422911595E-011 -1.8391033968349206E-010
  1.1208000000000000E+002 -1.4410491184041496E-010  3.3459365488116488E-010  1.2671915273191387E-009 -3.6454124156224914E-011 -1.8967205935452205E-011 -1.8462172449575112E-010  1.0000000000000000E+000  0.0000000000000000E+000 -3.6454124156224752E-011 -1.8967205935452101E-011 -1.8462172449574911E-010
  1.1216000000000000E+002 -1.4117937761371241E-010  3.3611383744854189E-010  1.2819897349496454E-009 -3.6685023901058440E-011 -1.9037792200029318E-011 -1.8533384488107649E-010  1.0000000000000000E+000  0.0000000000000000E+000 -3.6685023901058318E-011 -1.9037792200029463E-011 -1.8533384488107499E-010
  1.1224000000000001E+002 -1.3823530801624561E-010  3.3763970163316957E-010  1.2968449425001109E-009 -3.6917538287431757E-011 -1.9109283718286930E-011 -1.8604673239931125E-010  1.0000000000000000E+000  0.0000000000000000E+000 -3.6917538287431886E-011 -1.9109283718287163E-011 -1.8604673239930996E-010
  1.1232000000000001E+002 -1.3527257148772332E-010  3.3917132284346780E-010  1.3117572121335352E-009 -3.7151732034083622E-011 -1.9181765428490436E-011 -1.8676039879449304E-010  1.0000000000000000E+000  0.0000000000000000E+000 -3.7151732034083642E-011 -1.9181765428490630E-011 -1.8676039879449177E-010
  1.1240000000000001E+002 -1.3229103089079223E-010  3.4070878410172804E-010  1.3267266063072298E-009 -3.7387679509211426E-011 -1.9255335647769372E-011 -1.8747484589960498E-010  1.0000000000000000E+000  0.0000000000000000E+000 -3.7387679509211336E-011 -1.9255335647769363E-011 -1.8747484589960477E-010
  1.1248000000000000E+002 -1.2929054276624950E-010  3.4225217654711090E-010  1.3417531874774720E-009 -3.7625463030182220E-011 -1.9330090824249020E-011 -1.8819007843602727E-010  1.0000000000000000E+000  0.0000000000000000E+000 -3.7625463030182265E-011 -1.9330090824248939E-011 -1.8819007843602818E-010
  1.1256000000000000E+002 -1.2627095680596307E-010  3.4380159863360789E-010  1.3568370188569942E-009 -3.7865169022004165E-011 -1.9406109768655345E-011 -1.8890611579560060E-010  1.0000000000000000E+000  0.0000000000000000E+000 -3.7865169022004204E-011 -1.9406109768655546E-011 -1.8890611579560124E-010
  1.1264000000000000E+002 -1.2323211572272883E-010  3.4535715411009576E-010  1.3719781660047681E-009 -3.8106882981688136E-011 -1.9483440796300321E-011 -1.8962299905782023E-010  1.0000000000000000E+000  0.0000000000000000E+000 -3.8106882981688181E-011 -1.9483440796300634E-011 -1.8962299905782072E-010
  1.1272000000000000E+002 -1.2017385552889297E-010  3.4691894916101594E-010  1.3871766987062454E-009 -3.8350683293688243E-011 -1.9562095186681464E-011 -1.9034079144319824E-010  1.0000000000000000E+000  0.0000000000000000E+000 -3.8350683293688236E-011 -1.9562095186681509E-011 -1.9034079144319795E-010
  1.1280000000000000E+002 -1.1709600639573871E-010  3.4848708933996479E-010  1.4024326926356798E-009 -3.8596634947491974E-011 -1.9642047922786789E-011 -1.9105957189169109E-010  1.0000000000000000E+000  0.0000000000000000E+000 -3.8596634947491923E-011 -1.9642047922786734E-011 -1.9105957189168997E-010
  1.1288000000000000E+002 -1.1399839393729425E-010  3.5006167682866182E-010  1.4177462302089160E-009 -3.8844784616868398E-011 -1.9723244977215714E-011 -1.9177942273704804E-010  1.0000000000000000E+000  0.0000000000000000E+000 -3.8844784616868372E-011 -1.9723244977215830E-011 -1.9177942273704760E-010
  1.1296000000000001E+002 -1.1088084085703977E-010  3.5164280853631931E-010  1.4331174002736075E-009 -3.9095157168195211E-011 -1.9805614781853799E-011 -1.9250041527781119E-010  1.0000000000000000E+000  0.0000000000000000E+000 -3.9095157168195185E-011 -1.9805614781853663E-011 -1.9250041527781114E-010
  1.1304000000000001E+002 -1.0774316879038302E-010  3.5323057519375843E-010  1.4485462966533658E-009 -3.9347754532225552E-011 -1.9889080272945311E-011 -1.9322259658253099E-010  1.0000000000000000E+000  0.0000000000000000E+000 -3.9347754532225617E-011 -1.9889080272944988E-011 -1.9322259658252980E-010
  1.1312000000000000E+002 -1.0458520013188368E-010  3.5482506137999056E-010  1.4640330157268124E-009 -3.9602557182257603E-011 -1.9973568116440200E-011 -1.9394598101218604E-010  1.0000000000000000E+000  0.0000000000000000E+000 -3.9602557182257681E-011 -1.9973568116440226E-011 -1.9394598101218418E-010
  1.1320000000000000E+002 -1.0140675964122180E-010  3.5642634609238886E-010  1.4795776536153155E-009 -3.9859527425962650E-011 -2.0059012428163941E-011 -1.9467054881586431E-010  1.0000000000000000E+000  0.0000000000000000E+000 -3.9859527425962696E-011 -2.0059012428164173E-011 -1.9467054881586330E-010
  1.1328000000000000E+002 -9.8207675743729655E-011  3.5803450336849679E-010  1.4951803035373507E-009 -4.0118614017260119E-011 -2.0145352672270837E-011 -1.9539625202380595E-010  1.0000000000000000E+000  0.0000000000000000E+000 -4.0118614017260081E-011 -2.0145352672270785E-011 -1.9539625202380499E-010
  1.1336000000000000E+002 -9.4987781398460182E-011  3.5964960251995220E-010  1.5108410539391245E-009 -4.0379757158063218E-011 -2.0232526849251409E-011 -1.9612302620508679E-010  1.0000000000000000E+000  0.0000000000000000E+000 -4.0379757158063206E-011 -2.0232526849251124E-011 -1.9612302620508660E-010
  1.1344000000000000E+002 -9.1746914598439539E-011  3.6127170766437701E-010  1.5265599877301646E-009 -4.0642892259186004E-011 -2.0320462768306778E-011 -1.9685080446001687E-010  1.0000000000000000E+000  0.0000000000000000E+000 -4.0642892259186017E-011 -2.0320462768306649E-011 -1.9685080446001695E-010
  1.1352000000000000E+002 -8.8484918636990422E-011  3.6290087656288128E-010  1.5423371826527272E-009 -4.0907952081853197E-011 -2.0409070606027675E-011 -1.9757953024789458E-010  1.0000000000000000E+000  0.0000000000000000E+000 -4.0907952081853126E-011 -2.0409070606027989E-011 -1.9757953024789448E-010
  1.1360000000000001E+002 -8.5201642265343028E-011  3.6453715896134144E-010  1.5581727125698277E-009 -4.1174867142187575E-011 -2.0498239259379353E-011 -1.9830916572528443E-010  1.0000000000000000E+000  0.0000000000000000E+000 -4.1174867142187523E-011 -2.0498239259379779E-011 -1.9830916572528482E-010
  1.1368000000000001E+002 -8.1896939894240410E-011  3.6618059484438198E-010  1.5740666491687727E-009 -4.1443564861477127E-011 -2.0587838666194265E-011 -1.9903969311311919E-010  1.0000000000000000E+000  0.0000000000000000E+000 -4.1443564861477192E-011 -2.0587838666194463E-011 -1.9903969311311952E-010
  1.1376000000000001E+002 -7.8570671887506687E-011  3.6783121314793252E-010  1.5900190634679268E-009 -4.1713968220389027E-011 -2.0677727566794844E-011 -1.9977110933941160E-010  1.0000000000000000E+000  0.0000000000000000E+000 -4.1713968220389053E-011 -2.0677727566794957E-011 -1.9977110933941212E-010
  1.1384000000000000E+002 -7.5222704978978165E-011  3.6948903125506915E-010  1.6060300266630786E-009 -4.1985995105385896E-011 -2.0767765359032619E-011 -2.0050341590365402E-010  1.0000000000000000E+000  0.0000000000000000E+000 -4.1985995105385818E-011 -2.0767765359032642E-011 -2.0050341590365436E-010
  1.1392000000000000E+002 -7.1852912670644944E-011  3.7115405560537774E-010  1.6220996100125115E-009 -4.2259559090957842E-011 -2.0857825299271694E-011 -2.0123660669395753E-010  1.0000000000000000E+000  0.0000000000000000E+000 -4.2259559090957764E-011 -2.0857825299271992E-011 -2.0123660669395766E-010
  1.1400000000000000E+002 -6.8461175524424910E-011  3.7282628330295262E-010  1.6382278837341118E-009 -4.2534572152597746E-011 -2.0947805764129025E-011 -2.0197065760107946E-010  1.0000000000000000E+000  0.0000000000000000E+000 -4.2534572152597746E-011 -2.0947805764129067E-011 -2.0197065760107895E-010
  1.1408000000000000E+002 -6.5047381126229304E-011  3.7450570452763839E-010  1.6544149152286842E-009 -4.2810949102703912E-011 -2.1037637517226368E-011 -2.0270552102484945E-010  1.0000000000000000E+000  0.0000000000000000E+000 -4.2810949102703944E-011 -2.1037637517226122E-011 -2.0270552102484852E-010
  1.1416000000000000E+002 -6.1611423667992284E-011  3.7619230530570884E-010  1.6706607670980877E-009 -4.3088612694190562E-011 -2.1127285063631010E-011 -2.0344112640032989E-010  1.0000000000000000E+000  0.0000000000000000E+000 -4.3088612694190562E-011 -2.1127285063631194E-011 -2.0344112640032940E-010
  1.1424000000000001E+002 -5.8153203095158814E-011  3.7788607013781935E-010  1.6869654954527369E-009 -4.3367498884891684E-011 -2.1216742721793458E-011 -2.0417738700696779E-010  1.0000000000000000E+000  0.0000000000000000E+000 -4.3367498884891696E-011 -2.1216742721793614E-011 -2.0417738700696831E-010
  1.1432000000000001E+002 -5.4672623846409614E-011  3.7958698414119580E-010  1.7033291490192025E-009 -4.3647561223309698E-011 -2.1306026491385243E-011 -2.0491421129433227E-010  1.0000000000000000E+000  0.0000000000000000E+000 -4.3647561223309698E-011 -2.1306026491385230E-011 -2.0491421129433227E-010
  1.1440000000000001E+002 -5.1169593299429262E-011  3.8129503437644099E-010  1.7197517692598301E-009 -4.3928773250092843E-011 -2.1395164651490396E-011 -2.0565151573749390E-010  1.0000000000000000E+000  0.0000000000000000E+000 -4.3928773250092882E-011 -2.1395164651490683E-011 -2.0565151573749367E-010
  1.1448000000000000E+002 -4.7644020126394759E-011  3.8301021048543426E-010  1.7362333915372016E-009 -4.4211128505614854E-011 -2.1484189931984610E-011 -2.0638923593014490E-010  1.0000000000000000E+000  0.0000000000000000E+000 -4.4211128505614899E-011 -2.1484189931985082E-011 -2.0638923593014527E-010
  1.1456000000000000E+002 -4.4095812738530885E-011  3.8473250476555852E-010  1.7527740470086533E-009 -4.4494638460011923E-011 -2.1573134689165549E-011 -2.0712733314281916E-010  1.0000000000000000E+000  0.0000000000000000E+000 -4.4494638460011929E-011 -2.1573134689165607E-011 -2.0712733314281862E-010
  1.1464000000000000E+002 -4.0524877972792851E-011  3.8646191203570075E-010  1.7693737648400526E-009 -4.4779328299380793E-011 -2.1662030511834898E-011 -2.0786579489638690E-010  1.0000000000000000E+000  0.0000000000000000E+000 -4.4779328299380755E-011 -2.1662030511834775E-011 -2.0786579489638688E-010
  1.1472000000000000E+002 -3.6931120210629958E-011  3.8819842964745211E-010  1.7860325741920752E-009 -4.5065231772816841E-011 -2.1750910958559536E-011 -2.0860462951940918E-010  1.0000000000000000E+000  0.0000000000000000E+000 -4.5065231772816796E-011 -2.1750910958559549E-011 -2.0860462951941003E-010
  1.1480000000000000E+002 -3.3314440889142156E-011  3.8994205778907027E-010  1.8027505055631581E-009 -4.5352386759151603E-011 -2.1839816095006963E-011 -2.0934385637063944E-010  1.0000000000000000E+000  0.0000000000000000E+000 -4.5352386759151584E-011 -2.1839816095007244E-011 -2.0934385637063911E-010
  1.1488000000000000E+002 -2.9674738329165701E-011  3.9169280022265322E-010  1.8195275912113775E-009 -4.5640831703019606E-011 -2.1928796191757357E-011 -2.1008349466330163E-010  1.0000000000000000E+000  0.0000000000000000E+000 -4.5640831703019606E-011 -2.1928796191757583E-011 -2.1008349466330114E-010
  1.1496000000000001E+002 -2.6011907816659019E-011  3.9345066517975145E-010  1.8363638647092863E-009 -4.5930603922207867E-011 -2.2017912222845005E-011 -2.1082355435627421E-010  1.0000000000000000E+000  0.0000000000000000E+000 -4.5930603922207886E-011 -2.2017912222844947E-011 -2.1082355435627493E-010
  1.1504000000000001E+002 -2.2325841701612442E-011  3.9521566617830842E-010  1.8532593599083814E-009 -4.6221740197913721E-011 -2.2107233180189781E-011 -2.1156403119763945E-010  1.0000000000000000E+000  0.0000000000000000E+000 -4.6221740197913721E-011 -2.2107233180189600E-011 -2.1156403119764082E-010
  1.1512000000000000E+002 -1.8616429384992824E-011  3.9698782248858182E-010  1.8702141097009087E-009 -4.6514278261507131E-011 -2.2196829669275979E-011 -2.1230490743571625E-010  1.0000000000000000E+000  0.0000000000000000E+000 -4.6514278261507119E-011 -2.2196829669275695E-011 -2.1230490743571646E-010
  1.1520000000000000E+002 -1.4883557179771301E-011  3.9876715892539258E-010  1.8872281450980960E-009 -4.6808258106957510E-011 -2.2286765020369938E-011 -2.1304615795383481E-010  1.0000000000000000E+000  0.0000000000000000E+000 -4.6808258106957497E-011 -2.2286765020369944E-011 -2.1304615795383419E-010
  1.1528000000000000E+002 -1.1127108087879622E-011  4.0055370489184101E-010  1.9043014949735222E-009 -4.7103722437595282E-011 -2.2377086466880502E-011 -2.1378775987127466E-010  1.0000000000000000E+000  0.0000000000000000E+000 -4.7103722437595289E-011 -2.2377086466880538E-011 -2.1378775987127244E-010
  1.1536000000000000E+002 -7.3469615897560561E-012  4.0234749276009346E-010  1.9214341866774999E-009 -4.7400715188755932E-011 -2.2467817650357885E-011 -2.1452970255987904E-010  1.0000000000000000E+000  0.0000000000000000E+000 -4.7400715188755939E-011 -2.2467817650357868E-011 -2.1452970255987839E-010
  1.1544000000000000E+002 -3.5429936576786729E-012  4.0414855571589827E-010  1.9386262473831029E-009 -4.7699277957371671E-011 -2.2558954577605127E-011 -2.1527199521790152E-010  1.0000000000000000E+000  0.0000000000000000E+000 -4.7699277957371671E-011 -2.2558954577605027E-011 -2.1527199521790284E-010
  1.1552000000000000E+002  2.8492288342341162E-013  4.0595692549251028E-010  1.9558777059123642E-009 -4.7999444871085089E-011 -2.2650465460005373E-011 -2.1601467011786867E-010  1.0000000000000000E+000  0.0000000000000000E+000 -4.7999444871085089E-011 -2.2650465460005053E-011 -2.1601467011786823E-010
  1.1560000000000001E+002  4.1369175216949416E-012  4.0777263018949913E-010  1.9731885946019619E-009 -4.8301237087971079E-011 -2.2742293706491384E-011 -2.1675778068375475E-010  1.0000000000000000E+000  0.0000000000000000E+000 -4.8301237087971079E-011 -2.2742293706491157E-011 -2.1675778068375633E-010
  1.1568000000000001E+002  8.0131208174987847E-012  4.0959569248554890E-010  1.9905589508217649E-009 -4.8604658244052207E-011 -2.2834363105461139E-011 -2.1750139486299804E-010  1.0000000000000000E+000  0.0000000000000000E+000 -4.8604658244052214E-011 -2.2834363105460883E-011 -2.1750139486299915E-010
  1.1576000000000001E+002  1.1913662840743295E-011  4.1142612828637291E-010  2.0079888177800415E-009 -4.8909691368904186E-011 -2.2926582973792970E-011 -2.1824558562525613E-010  1.0000000000000000E+000  0.0000000000000000E+000 -4.8909691368904179E-011 -2.2926582973792776E-011 -2.1824558562525396E-010
  1.1584000000000000E+002  1.5838671436523455E-011  4.1326394576135578E-010  2.0254782445218059E-009 -4.9216298549412576E-011 -2.3018851974392658E-011 -2.1899042134982796E-010  1.0000000000000000E+000  0.0000000000000000E+000 -4.9216298549412576E-011 -2.3018851974392496E-011 -2.1899042134982664E-010
  1.1592000000000000E+002  1.9788270608649308E-011  4.1510914460227573E-010  2.0430272851960140E-009 -4.9524423322858049E-011 -2.3111059567739015E-011 -2.1973595809527096E-010  1.0000000000000000E+000  0.0000000000000000E+000 -4.9524423322858055E-011 -2.3111059567738753E-011 -2.1973595809527005E-010
  1.1600000000000000E+002  2.3762579168180743E-011  4.1696171529219402E-010  2.0606359978170493E-009 -4.9833995248324308E-011 -2.3203085175260817E-011 -2.2048223587262155E-010  1.0000000000000000E+000  0.0000000000000000E+000 -4.9833995248324308E-011 -2.3203085175260710E-011 -2.2048223587261974E-010
  1.1608000000000000E+002  2.7761709848381197E-011  4.1882163823031747E-010  2.0783044429356335E-009 -5.0144935451036895E-011 -2.3294795933222518E-011 -2.2122927951685060E-010  1.0000000000000000E+000  0.0000000000000000E+000 -5.0144935451036908E-011 -2.3294795933222440E-011 -2.2122927951685163E-010
  1.1616000000000000E+002  3.1785768840346647E-011  4.2068888264150962E-010  2.0960326825397454E-009 -5.0457161834002683E-011 -2.3386045137083803E-011 -2.2197710340283978E-010  1.0000000000000000E+000  0.0000000000000000E+000 -5.0457161834002683E-011 -2.3386045137083545E-011 -2.2197710340284014E-010
  1.1624000000000001E+002  3.5834855741821627E-011  4.2256340545225087E-010  2.1138207794800878E-009 -5.0770592870729638E-011 -2.3476672967463023E-011 -2.2272571869184568E-010  1.0000000000000000E+000  0.0000000000000000E+000 -5.0770592870729619E-011 -2.3476672967462871E-011 -2.2272571869184431E-010
  1.1632000000000001E+002  3.9909063699663389E-011  4.2444515031630370E-010  2.1316687975304407E-009 -5.1085148306394470E-011 -2.3566510392804722E-011 -2.2347514046085830E-010  1.0000000000000000E+000  0.0000000000000000E+000 -5.1085148306394470E-011 -2.3566510392804528E-011 -2.2347514046085985E-010
  1.1640000000000001E+002  4.4008479470844743E-011  4.2633404711509963E-010  2.1495768019538252E-009 -5.1400747415449527E-011 -2.3655386437749122E-011 -2.2422539254763574E-010  1.0000000000000000E+000  0.0000000000000000E+000 -5.1400747415449540E-011 -2.3655386437748793E-011 -2.2422539254763760E-010
  1.1648000000000000E+002  4.8133183286135314E-011  4.2823001214634356E-010  2.1675448603380624E-009 -5.1717305504548675E-011 -2.3743137044527386E-011 -2.2497650844824169E-010  1.0000000000000000E+000  0.0000000000000000E+000 -5.1717305504548662E-011 -2.3743137044527283E-011 -2.2497650844824225E-010
  1.1656000000000000E+002  5.2283248351572531E-011  4.3013294904222401E-010  2.1855730433055438E-009 -5.2034729950069346E-011 -2.3829614055126218E-011 -2.2572852806874076E-010  1.0000000000000000E+000  0.0000000000000000E+000 -5.2034729950069346E-011 -2.3829614055126205E-011 -2.2572852806874259E-010
  1.1664000000000000E+002  5.6458740078146410E-011  4.3204275039516376E-010  2.2036614248290609E-009 -5.2352917560700620E-011 -2.3914692103951263E-011 -2.2648149109611621E-010  1.0000000000000000E+000  0.0000000000000000E+000 -5.2352917560700646E-011 -2.3914692103951076E-011 -2.2648149109611817E-010
  1.1672000000000000E+002  6.0659715161284630E-011  4.3395929977885621E-010  2.2218100818809224E-009 -5.2671754864104180E-011 -2.3998272047188359E-011 -2.2723542882144738E-010  1.0000000000000000E+000  0.0000000000000000E+000 -5.2671754864104199E-011 -2.3998272047188320E-011 -2.2723542882144761E-010
  1.1680000000000000E+002  6.4886220856403079E-011  4.3588247392271390E-010  2.2400190934404925E-009 -5.2991121982384786E-011 -2.4080280240184366E-011 -2.2799035682917373E-010  1.0000000000000000E+000  0.0000000000000000E+000 -5.2991121982384863E-011 -2.4080280240184511E-011 -2.2799035682917337E-010
  1.1688000000000000E+002  6.9138294678466195E-011  4.3781214461728571E-010  2.2582885389735902E-009 -5.3310899448620239E-011 -2.4160664444452485E-011 -2.2874627046606053E-010  1.0000000000000000E+000  0.0000000000000000E+000 -5.3310899448620342E-011 -2.4160664444452679E-011 -2.2874627046606038E-010
  1.1696000000000001E+002  7.3415964768182317E-011  4.3974818023382629E-010  2.2766184967150622E-009 -5.3630976521065555E-011 -2.4239388197902012E-011 -2.2950314428170937E-010  1.0000000000000000E+000  0.0000000000000000E+000 -5.3630976521065568E-011 -2.4239388197902322E-011 -2.2950314428170744E-010
  1.1704000000000001E+002  7.7719250921836684E-011  4.4169044672895003E-010  2.2950090420586637E-009 -5.3951259339063493E-011 -2.4316425243606304E-011 -2.3026093487176924E-010  1.0000000000000000E+000  0.0000000000000000E+000 -5.3951259339063525E-011 -2.4316425243606320E-011 -2.3026093487176712E-010
  1.1712000000000000E+002  8.2048166262432476E-011  4.4363880827280330E-010  2.3134602462945453E-009 -5.4271676611984544E-011 -2.4391756446279927E-011 -2.3101958674368102E-010  1.0000000000000000E+000  0.0000000000000000E+000 -5.4271676611984563E-011 -2.4391756446279749E-011 -2.3101958674368025E-010
  1.1720000000000000E+002  8.6402719179754211E-011  4.4559312776035482E-010  2.3319721759376527E-009 -5.4592181338801231E-011 -2.4465369946136192E-011 -2.3177903921400933E-010  1.0000000000000000E+000  0.0000000000000000E+000 -5.4592181338801160E-011 -2.4465369946136212E-011 -2.3177903921400873E-010
  1.1728000000000000E+002  9.0782915276640673E-011  4.4755326746418509E-010  2.3505448925687867E-009 -5.4912747990427250E-011 -2.4537264845405932E-011 -2.3253923207499930E-010  1.0000000000000000E+000  0.0000000000000000E+000 -5.4912747990427178E-011 -2.4537264845406116E-011 -2.3253923207499817E-010
  1.1736000000000000E+002  9.5188758858222572E-011  4.4951909013561977E-010  2.3691784530696526E-009 -5.5233365868929365E-011 -2.4607456956425268E-011 -2.3330010908322124E-010  1.0000000000000000E+000  0.0000000000000000E+000 -5.5233365868929346E-011 -2.4607456956425229E-011 -2.3330010908321917E-010
  1.1744000000000000E+002  9.9620253815669372E-011  4.5149046057721314E-010  2.3878729100221021E-009 -5.5554030782972822E-011 -2.4675984711480166E-011 -2.3406161856174250E-010  1.0000000000000000E+000  0.0000000000000000E+000 -5.5554030782972802E-011 -2.4675984711480176E-011 -2.3406161856174120E-010
  1.1752000000000000E+002  1.0407740378349822E-010  4.5346724768945660E-010  2.4066283120395314E-009 -5.5874736439888307E-011 -2.4742912490686523E-011 -2.3482371132537248E-010  1.0000000000000000E+000  0.0000000000000000E+000 -5.5874736439888301E-011 -2.4742912490686697E-011 -2.3482371132537134E-010
  1.1760000000000001E+002  1.0856021164605150E-010  4.5544932657572298E-010  2.4254447038341617E-009 -5.6195468576434030E-011 -2.4808329226440823E-011 -2.3558633681033360E-010  1.0000000000000000E+000  0.0000000000000000E+000 -5.6195468576434082E-011 -2.4808329226440755E-011 -2.3558633681033349E-010
  1.1768000000000001E+002  1.1306867875572767E-010  4.5743658036568713E-010  2.4443221259291847E-009 -5.6516203342551623E-011 -2.4872341963599034E-011 -2.3634943888579351E-010  1.0000000000000000E+000  0.0000000000000000E+000 -5.6516203342551610E-011 -2.4872341963598946E-011 -2.3634943888579465E-010
  1.1776000000000001E+002  1.1760280418085976E-010  4.5942890128989883E-010  2.4632606140558887E-009 -5.6836910950699662E-011 -2.4935064687598189E-011 -2.3711295335887382E-010  1.0000000000000000E+000  0.0000000000000000E+000 -5.6836910950699733E-011 -2.4935064687598311E-011 -2.3711295335887475E-010
  1.1784000000000000E+002  1.2216258450783961E-010  4.6142619071570284E-010  2.4822601984666046E-009 -5.7157563406085583E-011 -2.4996605282959801E-011 -2.3787680809748383E-010  1.0000000000000000E+000  0.0000000000000000E+000 -5.7157563406085679E-011 -2.4996605282959836E-011 -2.3787680809748280E-010
  1.1792000000000000E+002  1.2674801432583345E-010  4.6342835813517239E-010  2.5013209033514861E-009 -5.7478144032575774E-011 -2.5057053453067618E-011 -2.3864092569825976E-010  1.0000000000000000E+000  0.0000000000000000E+000 -5.7478144032575755E-011 -2.5057053453067695E-011 -2.3864092569825728E-010
  1.1800000000000000E+002  1.3135908755305174E-010  4.6543531926819366E-010  2.5204427465783261E-009 -5.7798656663969008E-011 -2.5116472340039609E-011 -2.3940522893090727E-010  1.0000000000000000E+000  0.0000000000000000E+000 -5.7798656663969072E-011 -2.5116472340039366E-011 -2.3940522893090747E-010
  1.1808000000000000E+002  1.3599579939206850E-010  4.6744699370957873E-010  2.5396257399804313E-009 -5.8119130817338356E-011 -2.5174895764598160E-011 -2.4016964702152486E-010  1.0000000000000000E+000  0.0000000000000000E+000 -5.8119130817338492E-011 -2.5174895764597889E-011 -2.4016964702152652E-010
  1.1816000000000000E+002  1.4065814848382588E-010  4.6946330259052936E-010  2.5588698901017701E-009 -5.8439621298059724E-011 -2.5232331864172292E-011 -2.4093412116933246E-010  1.0000000000000000E+000  0.0000000000000000E+000 -5.8439621298059788E-011 -2.5232331864172473E-011 -2.4093412116933313E-010
  1.1824000000000001E+002  1.4534613879975805E-010  4.7148416680784630E-010  2.5781751993675245E-009 -5.8760201561643324E-011 -2.5288771147084518E-011 -2.4169860788850435E-010  1.0000000000000000E+000  0.0000000000000000E+000 -5.8760201561643298E-011 -2.5288771147085084E-011 -2.4169860788850409E-010
  1.1832000000000001E+002  1.5005978073368881E-010  4.7350950597406289E-010  2.5975416673639308E-009 -5.9080951960862025E-011 -2.5344196381006194E-011 -2.4246307950650413E-010  1.0000000000000000E+000  0.0000000000000000E+000 -5.9080951960861909E-011 -2.5344196381006310E-011 -2.4246307950650563E-010
  1.1840000000000001E+002  1.5479909111349598E-010  4.7553923822880729E-010  2.6169692920885651E-009 -5.9401946173326943E-011 -2.5398591198128089E-011 -2.4322752215390140E-010  1.0000000000000000E+000  0.0000000000000000E+000 -5.9401946173326788E-011 -2.5398591198127475E-011 -2.4322752215390233E-010
  1.1848000000000000E+002  1.5956409212142112E-010  4.7757328056576338E-010  2.6364580709085550E-009 -5.9723238466197762E-011 -2.5451944827924026E-011 -2.4399193168735624E-010  1.0000000000000000E+000  0.0000000000000000E+000 -5.9723238466197672E-011 -2.5451944827923965E-011 -2.4399193168735531E-010
  1.1856000000000000E+002  1.6435480926808762E-010  4.7961154940127513E-010  2.6560080011585421E-009 -6.0044855956455240E-011 -2.5504251513462511E-011 -2.4475630991684063E-010  1.0000000000000000E+000  0.0000000000000000E+000 -6.0044855956455098E-011 -2.5504251513462941E-011 -2.4475630991683975E-010
  1.1864000000000000E+002  1.6917126907445396E-010  4.8165396080791738E-010  2.6756190804952495E-009 -6.0366797803521321E-011 -2.5555504327806432E-011 -2.4552066218691069E-010  1.0000000000000000E+000  0.0000000000000000E+000 -6.0366797803521127E-011 -2.5555504327806839E-011 -2.4552066218691017E-010
  1.1872000000000000E+002  1.7401349691665103E-010  4.8370043009372416E-010  2.6952913071084478E-009 -6.0689041015874870E-011 -2.5605685684664282E-011 -2.4628499653680554E-010  1.0000000000000000E+000  0.0000000000000000E+000 -6.0689041015874780E-011 -2.5605685684664362E-011 -2.4628499653680523E-010
  1.1880000000000000E+002  1.7888151563699394E-010  4.8575087051746367E-010  2.7150246799411384E-009 -6.1011552297707455E-011 -2.5654756957606925E-011 -2.4704932557182198E-010  1.0000000000000000E+000  0.0000000000000000E+000 -6.1011552297707481E-011 -2.5654756957606421E-011 -2.4704932557182079E-010
  1.1888000000000000E+002  1.8377534528428422E-010  4.8780519120694127E-010  2.7348191991999394E-009 -6.1334302140700370E-011 -2.5702650993801300E-011 -2.4781366946602659E-010  1.0000000000000000E+000  0.0000000000000000E+000 -6.1334302140700306E-011 -2.5702650993800725E-011 -2.4781366946602788E-010
  1.1896000000000001E+002  1.8869500397950600E-010  4.8986329467647188E-010  2.7546748670557027E-009 -6.1657277293945269E-011 -2.5749270029985084E-011 -2.4857805896872387E-010  1.0000000000000000E+000  0.0000000000000000E+000 -6.1657277293945114E-011 -2.5749270029984464E-011 -2.4857805896872526E-010
  1.1904000000000001E+002  1.9364050965131547E-010  4.9192507441173888E-010  2.7745916886349352E-009 -6.1980488039924996E-011 -2.5794490366821685E-011 -2.4934253789746222E-010  1.0000000000000000E+000  0.0000000000000000E+000 -6.1980488039924957E-011 -2.5794490366821272E-011 -2.4934253789746191E-010
  1.1912000000000000E+002  1.9861188206589400E-010  4.9399041313516335E-010  2.7945696731192966E-009 -6.2303967828435087E-011 -2.5838173264671258E-011 -2.5010716303178263E-010  1.0000000000000000E+000  0.0000000000000000E+000 -6.2303967828435229E-011 -2.5838173264671278E-011 -2.5010716303178506E-010
  1.1920000000000000E+002  2.0360914450386508E-010  4.9605918213408628E-010  2.8146088347200204E-009 -6.2627764666923955E-011 -2.5880179463156622E-011 -2.5087200157512094E-010  1.0000000000000000E+000  0.0000000000000000E+000 -6.2627764666924149E-011 -2.5880179463156318E-011 -2.5087200157512316E-010
  1.1928000000000000E+002  2.0863232441260183E-010  4.9813124184926840E-010  2.8347091933713160E-009 -6.2951926396906823E-011 -2.5920383996973567E-011 -2.5163712619098487E-010  1.0000000000000000E+000  0.0000000000000000E+000 -6.2951926396906836E-011 -2.5920383996973367E-011 -2.5163712619098688E-010
  1.1936000000000000E+002  2.1368145272737017E-010  5.0020644357360206E-010  2.8548707749105780E-009 -6.3276483368374461E-011 -2.5958687450957471E-011 -2.5240260854168598E-010  1.0000000000000000E+000  0.0000000000000000E+000 -6.3276483368374384E-011 -2.5958687450957142E-011 -2.5240260854168644E-010
  1.1944000000000000E+002  2.1875656175154175E-010  5.0228463184142160E-010  2.8750936107379857E-009 -6.3601433054232286E-011 -2.5995020760907737E-011 -2.5316851307224025E-010  1.0000000000000000E+000  0.0000000000000000E+000 -6.3601433054232222E-011 -2.5995020760907227E-011 -2.5316851307223911E-010
  1.1952000000000000E+002  2.2385768201604734E-010  5.0436564689534729E-010  2.8953777370021364E-009 -6.3926731209364311E-011 -2.6029342749306890E-011 -2.5393489209311017E-010  1.0000000000000000E+000  0.0000000000000000E+000 -6.3926731209364246E-011 -2.6029342749306981E-011 -2.5393489209311089E-010
  1.1960000000000001E+002  2.2898483874504003E-010  5.0644932668131070E-010  2.9157231934728834E-009 -6.4252291670758105E-011 -2.6061631877576362E-011 -2.5470178366092151E-010  1.0000000000000000E+000  0.0000000000000000E+000 -6.4252291670758131E-011 -2.6061631877576746E-011 -2.5470178366092234E-010
  1.1968000000000001E+002  2.3413804868336864E-010  5.0853550799575951E-010  2.9361300223878839E-009 -6.4577995699533316E-011 -2.6091874150513597E-011 -2.5546921264867735E-010  1.0000000000000000E+000  0.0000000000000000E+000 -6.4577995699533355E-011 -2.6091874150513635E-011 -2.5546921264867678E-010
  1.1976000000000001E+002  2.3931731805696537E-010  5.1062402654539288E-010  2.9565982674966717E-009 -6.4903708085178560E-011 -2.6120051520728826E-011 -2.5623719384461185E-010  1.0000000000000000E+000  0.0000000000000000E+000 -6.4903708085178302E-011 -2.6120051520729220E-011 -2.5623719384461072E-010
  1.1984000000000000E+002  2.4452264197699721E-010  5.1271471623907612E-010  2.9771279734030218E-009 -6.5229295810231440E-011 -2.6146134264730094E-011 -2.5700573626631462E-010  1.0000000000000000E+000  0.0000000000000000E+000 -6.5229295810231220E-011 -2.6146134264730588E-011 -2.5700573626631472E-010
  1.1992000000000000E+002  2.4975400538660240E-010  5.1480740802774969E-010  2.9977191852992821E-009 -6.5554644732849131E-011 -2.6170078830026093E-011 -2.5777484665853105E-010  1.0000000000000000E+000  0.0000000000000000E+000 -6.5554644732848885E-011 -2.6170078830026125E-011 -2.5777484665853022E-010
  1.2000000000000000E+002  2.5501138513425307E-010  5.1690192885188030E-010  3.0183719488683867E-009 -6.5879669368388562E-011 -2.6191832387760881E-011 -2.5854453068581207E-010  1.0000000000000000E+000  0.0000000000000000E+000 -6.5879669368388200E-011 -2.6191832387760693E-011 -2.5854453068581197E-010
  1.2008000000000000E+002  2.6029475248554457E-010  5.1899810120979143E-010  3.0390863102090120E-009 -6.6204313456363935E-011 -2.6211342822915997E-011 -2.5931479139484742E-010  1.0000000000000000E+000  0.0000000000000000E+000 -6.6204313456363651E-011 -2.6211342822915862E-011 -2.5931479139484845E-010
  1.2016000000000000E+002  2.6560407528727130E-010  5.2109574370354686E-010  3.0598623154915623E-009 -6.6528540885384245E-011 -2.6228571178340636E-011 -2.6008562483613142E-010  1.0000000000000000E+000  0.0000000000000000E+000 -6.6528540885383974E-011 -2.6228571178340723E-011 -2.6008562483613204E-010
  1.2024000000000001E+002  2.7093931902720605E-010  5.2319467259832594E-010  3.0807000101827930E-009 -6.6852319766463315E-011 -2.6243502659826178E-011 -2.6085701442783349E-010  1.0000000000000000E+000  0.0000000000000000E+000 -6.6852319766463211E-011 -2.6243502659825586E-011 -2.6085701442783452E-010
  1.2032000000000001E+002  2.7630044644990543E-010  5.2529470412911905E-010  3.1015994378000157E-009 -6.7175604299709550E-011 -2.6256153444781675E-011 -2.6162892568092166E-010  1.0000000000000000E+000  0.0000000000000000E+000 -6.7175604299709227E-011 -2.6256153444781181E-011 -2.6162892568092265E-010
  1.2040000000000001E+002  2.8168741571515957E-010  5.2739565714949100E-010  3.1225606382917405E-009 -6.7498319581539693E-011 -2.6266570748164030E-011 -2.6240130309496827E-010  1.0000000000000000E+000  0.0000000000000000E+000 -6.7498319581539202E-011 -2.6266570748164185E-011 -2.6240130309496677E-010
  1.2048000000000000E+002  2.8710017758295178E-010  5.2949735544882529E-010  3.1435836462952106E-009 -6.7820354091650645E-011 -2.6274825792279010E-011 -2.6317407002763638E-010  1.0000000000000000E+000  0.0000000000000000E+000 -6.7820354091650515E-011 -2.6274825792279430E-011 -2.6317407002763498E-010
  1.2056000000000000E+002  2.9253867236982368E-010  5.3159962927625565E-010  3.1646684894961623E-009 -6.8141562073758035E-011 -2.6281001441614347E-011 -2.6394713208595485E-010  1.0000000000000000E+000  0.0000000000000000E+000 -6.8141562073758048E-011 -2.6281001441614757E-011 -2.6394713208595707E-010
  1.2064000000000000E+002  2.9800282751475306E-010  5.3370231567948359E-010  3.1858151874289634E-009 -6.8461776551963321E-011 -2.6285177570056710E-011 -2.6472038368213311E-010  1.0000000000000000E+000  0.0000000000000000E+000 -6.8461776551963270E-011 -2.6285177570056978E-011 -2.6472038368213378E-010
  1.2072000000000000E+002  3.0349255661813781E-010  5.3580525768746472E-010  3.2070237508853036E-009 -6.8780829922875536E-011 -2.6287418650019195E-011 -2.6549371602683749E-010  1.0000000000000000E+000  0.0000000000000000E+000 -6.8780829922875600E-011 -2.6287418650019563E-011 -2.6549371602683723E-010
  1.2080000000000000E+002  3.0900776030241315E-010  5.3790830266348666E-010  3.2282941819932574E-009 -6.9098576864252009E-011 -2.6287766294235831E-011 -2.6626702489482743E-010  1.0000000000000000E+000  0.0000000000000000E+000 -6.9098576864252177E-011 -2.6287766294235976E-011 -2.6626702489482919E-010
  1.2088000000000000E+002  3.1454832891641813E-010  5.4001130029454245E-010  3.2496264748684760E-009 -6.9414914366386006E-011 -2.6286238865245739E-011 -2.6704021653161441E-010  1.0000000000000000E+000  0.0000000000000000E+000 -6.9414914366385929E-011 -2.6286238865246120E-011 -2.6704021653161410E-010
  1.2096000000000001E+002  3.2011414660103491E-010  5.4211410088192598E-010  3.2710206166383157E-009 -6.9729793553272488E-011 -2.6282838200079411E-011 -2.6781321031306735E-010  1.0000000000000000E+000  0.0000000000000000E+000 -6.9729793553272242E-011 -2.6282838200079990E-011 -2.6781321031306735E-010
  1.2104000000000001E+002  3.2570509588494173E-010  5.4421655440655516E-010  3.2924765885185668E-009 -7.0043220689170589E-011 -2.6277561086587734E-011 -2.6858593741596274E-010  1.0000000000000000E+000  0.0000000000000000E+000 -7.0043220689170266E-011 -2.6277561086587870E-011 -2.6858593741596248E-010
  1.2112000000000000E+002  3.3132106191130220E-010  5.4631851065578001E-010  3.3139943666248697E-009 -7.0355247230797420E-011 -2.6270412184218999E-011 -2.6935833646803312E-010  1.0000000000000000E+000  0.0000000000000000E+000 -7.0355247230796981E-011 -2.6270412184218950E-011 -2.6935833646803167E-010
  1.2120000000000000E+002  3.3696193544186932E-010  5.4841982035603020E-010  3.3355739223534521E-009 -7.0665951763625711E-011 -2.6261414494060734E-011 -2.7013034810506951E-010  1.0000000000000000E+000  0.0000000000000000E+000 -7.0665951763625530E-011 -2.6261414494061306E-011 -2.7013034810506992E-010
  1.2128000000000000E+002  3.4262761419348232E-010  5.5052033697482973E-010  3.3572152223216808E-009 -7.0975419413548684E-011 -2.6250614715804173E-011 -2.7090191020132821E-010  1.0000000000000000E+000  0.0000000000000000E+000 -7.0975419413548542E-011 -2.6250614715804529E-011 -2.7090191020132903E-010
  1.2136000000000000E+002  3.4831800254803710E-010  5.5261991871055887E-010  3.3789182279856646E-009 -7.1283724144296323E-011 -2.6238082020643787E-011 -2.7167295567673960E-010  1.0000000000000000E+000  0.0000000000000000E+000 -7.1283724144296142E-011 -2.6238082020643723E-011 -2.7167295567673873E-010
  1.2144000000000000E+002  3.5403301005656973E-010  5.5471843009813274E-010  3.4006828952299592E-009 -7.1590918909356775E-011 -2.6223900456212174E-011 -2.7244341413859030E-010  1.0000000000000000E+000  0.0000000000000000E+000 -7.1590918909356504E-011 -2.6223900456212390E-011 -2.7244341413858952E-010
  1.2152000000000000E+002  3.5977254957353419E-010  5.5681574278355281E-010  3.4225091742478390E-009 -7.1897036197359801E-011 -2.6208157174827358E-011 -2.7321321709405599E-010  1.0000000000000000E+000  0.0000000000000000E+000 -7.1897036197359724E-011 -2.6208157174827222E-011 -2.7321321709405552E-010
  1.2160000000000001E+002  3.6553653584814730E-010  5.5891173524610511E-010  3.4443970099650081E-009 -7.2202098501123725E-011 -2.6190929733073465E-011 -2.7398230520282546E-010  1.0000000000000000E+000  0.0000000000000000E+000 -7.2202098501123906E-011 -2.6190929733073585E-011 -2.7398230520282438E-010
  1.2168000000000001E+002  3.7132488533371398E-010  5.6100629154084457E-010  3.4663463430802911E-009 -7.2506135494570088E-011 -2.6172276094106161E-011 -2.7475063585025186E-010  1.0000000000000000E+000  0.0000000000000000E+000 -7.2506135494569830E-011 -2.6172276094106235E-011 -2.7475063585024938E-010
  1.2176000000000001E+002  3.7713751752727851E-010  5.6309929942116210E-010  3.4883571117010484E-009 -7.2809202434332516E-011 -2.6152229461295798E-011 -2.7551818859851947E-010  1.0000000000000000E+000  0.0000000000000000E+000 -7.2809202434332270E-011 -2.6152229461295459E-011 -2.7551818859851730E-010
  1.2184000000000000E+002  3.8297435772320719E-010  5.6519064825465190E-010  3.5104292532560542E-009 -7.3111394367496866E-011 -2.6130800070824743E-011 -2.7628496664064108E-010  1.0000000000000000E+000  0.0000000000000000E+000 -7.3111394367496620E-011 -2.6130800070824863E-011 -2.7628496664064362E-010
  1.2192000000000000E+002  3.8883534062607801E-010  5.6728022743249406E-010  3.5325627063635510E-009 -7.3412851658922246E-011 -2.6107983165285194E-011 -2.7705099438815898E-010  1.0000000000000000E+000  0.0000000000000000E+000 -7.3412851658921807E-011 -2.6107983165285585E-011 -2.7705099438816307E-010
  1.2200000000000000E+002  3.9472041398863475E-010  5.6936792556109753E-010  3.5547574123581597E-009 -7.3713754527252954E-011 -2.6083770177091272E-011 -2.7781631141256649E-010  1.0000000000000000E+000  0.0000000000000000E+000 -7.3713754527252864E-011 -2.6083770177091204E-011 -2.7781631141256768E-010
  1.2208000000000000E+002  4.0062954135043848E-010  5.7145363066082866E-010  3.5770133161895616E-009 -7.4014306983549933E-011 -2.6058160805285590E-011 -2.7858096407723354E-010  1.0000000000000000E+000  0.0000000000000000E+000 -7.4014306983549946E-011 -2.6058160805285267E-011 -2.7858096407723349E-010
  1.2216000000000000E+002  4.0656270310600274E-010  5.7353723128994322E-010  3.5993303666105170E-009 -7.4314713969148587E-011 -2.6031171928034244E-011 -2.7934499713971401E-010  1.0000000000000000E+000  0.0000000000000000E+000 -7.4314713969148781E-011 -2.6031171928034509E-011 -2.7934499713971277E-010
  1.2224000000000001E+002  4.1251989558550226E-010  5.7561861816931414E-010  3.6217085157319159E-009 -7.4615157186956699E-011 -2.6002840644558312E-011 -2.8010844745440936E-010  1.0000000000000000E+000  0.0000000000000000E+000 -7.4615157186957138E-011 -2.6002840644558829E-011 -2.8010844745440652E-010
  1.2232000000000001E+002  4.1850112825591581E-010  5.7769768579307255E-010  3.6441477182032225E-009 -7.4915774742246071E-011 -2.5973220854262518E-011 -2.8087134101936068E-010  1.0000000000000000E+000  0.0000000000000000E+000 -7.4915774742246200E-011 -2.5973220854262622E-011 -2.8087134101935846E-010
  1.2240000000000001E+002  4.2450641954426163E-010  5.7977433350599614E-010  3.6666479302950136E-009 -7.5216649633242093E-011 -2.5942374054648828E-011 -2.8163369383851725E-010  1.0000000000000000E+000  0.0000000000000000E+000 -7.5216649633242144E-011 -2.5942374054649135E-011 -2.8163369383851704E-010
  1.2248000000000000E+002  4.3053579219723454E-010  5.8184846564181636E-010  3.6892091092173853E-009 -7.5517809206796248E-011 -2.5910357244103077E-011 -2.8239551590392876E-010  1.0000000000000000E+000  0.0000000000000000E+000 -7.5517809206796442E-011 -2.5910357244103859E-011 -2.8239551590392959E-010
  1.2256000000000000E+002  4.3658926901734903E-010  5.8391999066505264E-010  3.7118312128396422E-009 -7.5819235044311775E-011 -2.5877211244625035E-011 -2.8315681699269170E-010  1.0000000000000000E+000  0.0000000000000000E+000 -7.5819235044311930E-011 -2.5877211244625507E-011 -2.8315681699269041E-010
  1.2264000000000000E+002  4.4266686980432443E-010  5.8598881944095637E-010  3.7345141999362160E-009 -7.6120879903666645E-011 -2.5842952259063439E-011 -2.8391761205767504E-010  1.0000000000000000E+000  0.0000000000000000E+000 -7.6120879903666658E-011 -2.5842952259063413E-011 -2.8391761205767416E-010
  1.2272000000000000E+002  4.4876860980193569E-010  5.8805486302650279E-010  3.7572580307688702E-009 -7.6422685983985104E-011 -2.5807569419164597E-011 -2.8467792389194654E-010  1.0000000000000000E+000  0.0000000000000000E+000 -7.6422685983984820E-011 -2.5807569419164177E-011 -2.8467792389194261E-010
  1.2280000000000000E+002  4.5489449956176204E-010  5.9011803054802270E-010  3.7800626677589274E-009 -7.6724599819503142E-011 -2.5771028418843683E-011 -2.8543778243767111E-010  1.0000000000000000E+000  0.0000000000000000E+000 -7.6724599819502741E-011 -2.5771028418843595E-011 -2.8543778243766625E-010
  1.2288000000000000E+002  4.6104454577305619E-010  5.9217822757351778E-010  3.8029280759588976E-009 -7.7026579831659628E-011 -2.5733280221855583E-011 -2.8619722053247408E-010  1.0000000000000000E+000  0.0000000000000000E+000 -7.7026579831659408E-011 -2.5733280221856003E-011 -2.8619722053247785E-010
  1.2296000000000001E+002  4.6721875233482758E-010  5.9423535538351960E-010  3.8258542230441233E-009 -7.7328594344012767E-011 -2.5694272881615845E-011 -2.8695626712389253E-010  1.0000000000000000E+000  0.0000000000000000E+000 -7.7328594344012625E-011 -2.5694272881615787E-011 -2.8695626712389274E-010
  1.2304000000000001E+002  4.7341712086809824E-010  5.9628931123457631E-010  3.8488410786987204E-009 -7.7630611265824770E-011 -2.5653962752369838E-011 -2.8771494005061406E-010  1.0000000000000000E+000  0.0000000000000000E+000 -7.7630611265824472E-011 -2.5653962752369858E-011 -2.8771494005061049E-010
  1.2312000000000000E+002  4.7963965013735955E-010  5.9833998942389877E-010  3.8718886134522215E-009 -7.7932583004675542E-011 -2.5612322645580048E-011 -2.8847324066671781E-010  1.0000000000000000E+000  0.0000000000000000E+000 -7.7932583004675284E-011 -2.5612322645580342E-011 -2.8847324066671936E-010
  1.2320000000000000E+002  4.8588633414884632E-010  6.0038728285786912E-010  3.8949967972053952E-009 -7.8234431347013437E-011 -2.5569344881120057E-011 -2.8923115187109764E-010  1.0000000000000000E+000  0.0000000000000000E+000 -7.8234431347013424E-011 -2.5569344881120448E-011 -2.8923115187109841E-010
  1.2328000000000000E+002  4.9215715915288170E-010  6.0243108460487798E-010  3.9181655977515971E-009 -7.8536037001245554E-011 -2.5525038359285879E-011 -2.8998863976182853E-010  1.0000000000000000E+000  0.0000000000000000E+000 -7.8536037001246149E-011 -2.5525038359286118E-011 -2.8998863976182998E-010
  1.2336000000000000E+002  4.9845210006904561E-010  6.0447128899535486E-010  3.9413949795672878E-009 -7.8837237471729119E-011 -2.5479420929197263E-011 -2.9074565835540773E-010  1.0000000000000000E+000  0.0000000000000000E+000 -7.8837237471729585E-011 -2.5479420929197334E-011 -2.9074565835541027E-010
  1.2344000000000000E+002  5.0477111714835836E-010  6.0650779195354954E-010  3.9646849030884624E-009 -7.9137834509617007E-011 -2.5432509465135139E-011 -2.9150215630298055E-010  1.0000000000000000E+000  0.0000000000000000E+000 -7.9137834509616890E-011 -2.5432509465135773E-011 -2.9150215630298029E-010
  1.2352000000000000E+002  5.1111415359058433E-010  6.0854049050977648E-010  3.9880353245757647E-009 -7.9437609993889917E-011 -2.5384310940327715E-011 -2.9225808298703368E-010  1.0000000000000000E+000  0.0000000000000000E+000 -7.9437609993890253E-011 -2.5384310940328403E-011 -2.9225808298703575E-010
  1.2360000000000001E+002  5.1748113474738074E-010  6.1056928170400198E-010  4.0114461963663878E-009 -7.9736347036550467E-011 -2.5334816949085805E-011 -2.9301339281586881E-010  1.0000000000000000E+000  0.0000000000000000E+000 -7.9736347036550816E-011 -2.5334816949086293E-011 -2.9301339281587140E-010
  1.2368000000000001E+002  5.2387196911643241E-010  6.1259406122163021E-010  4.0349174674263037E-009 -8.0033851296587328E-011 -2.5284004002329909E-011 -2.9376804667625069E-010  1.0000000000000000E+000  0.0000000000000000E+000 -8.0033851296587806E-011 -2.5284004002329997E-011 -2.9376804667625141E-010
  1.2376000000000001E+002  5.3028655095483471E-010  6.1461472234437476E-010  4.0584490838345879E-009 -8.0329968309945432E-011 -2.5231839634067552E-011 -2.9452201003793822E-010  1.0000000000000000E+000  0.0000000000000000E+000 -8.0329968309946349E-011 -2.5231839634067170E-011 -2.9452201003794277E-010
  1.2384000000000000E+002  5.3672476404602368E-010  6.1663115556308102E-010  4.0820409890323738E-009 -8.0624593151635296E-011 -2.5178292587160929E-011 -2.9527524885494771E-010  1.0000000000000000E+000  0.0000000000000000E+000 -8.0624593151636072E-011 -2.5178292587160774E-011 -2.9527524885494931E-010
  1.2392000000000000E+002  5.4318648585909636E-010  6.1864324915832051E-010  4.1056931236513795E-009 -8.0917670930136942E-011 -2.5123344847129783E-011 -2.9602772480803388E-010  1.0000000000000000E+000  0.0000000000000000E+000 -8.0917670930137317E-011 -2.5123344847129925E-011 -2.9602772480803259E-010
  1.2400000000000000E+002  5.4967159139484559E-010  6.2065089073862178E-010  4.1294054250016592E-009 -8.1209189265447209E-011 -2.5067002347241127E-011 -2.9677939151795527E-010  1.0000000000000000E+000  0.0000000000000000E+000 -8.1209189265447416E-011 -2.5067002347240897E-011 -2.9677939151795501E-010
  1.2408000000000000E+002  5.5617995614156792E-010  6.2265396953387909E-010  4.1531778262942523E-009 -8.1499165855369305E-011 -2.5009301578917942E-011 -2.9753019326387160E-010  1.0000000000000000E+000  0.0000000000000000E+000 -8.1499165855369874E-011 -2.5009301578917881E-011 -2.9753019326387264E-010
  1.2416000000000000E+002  5.6271145793170468E-010  6.2465237899124865E-010  4.1770102559238787E-009 -8.1787635004362131E-011 -2.4950310597852529E-011 -2.9828006699388382E-010  1.0000000000000000E+000  0.0000000000000000E+000 -8.1787635004362597E-011 -2.4950310597852487E-011 -2.9828006699388765E-010
  1.2424000000000001E+002  5.6926597774226586E-010  6.2664601922953550E-010  4.2009026370132737E-009 -8.2074636863373249E-011 -2.4890124478235451E-011 -2.9902894698245901E-010  1.0000000000000000E+000  0.0000000000000000E+000 -8.2074636863373443E-011 -2.4890124478235167E-011 -2.9902894698245968E-010
  1.2432000000000001E+002  5.7584339982984440E-010  6.2863479890776633E-010  4.2248548874410721E-009 -8.2360212845662729E-011 -2.4828856156516910E-011 -2.9977677115419515E-010  1.0000000000000000E+000  0.0000000000000000E+000 -8.2360212845662742E-011 -2.4828856156517282E-011 -2.9977677115419572E-010
  1.2440000000000001E+002  5.8244361179757189E-010  6.3061863621457820E-010  4.2488669203979450E-009 -8.2644407750604887E-011 -2.4766625272641411E-011 -3.0052348645133411E-010  1.0000000000000000E+000  0.0000000000000000E+000 -8.2644407750604810E-011 -2.4766625272641714E-011 -3.0052348645133339E-010
  1.2448000000000000E+002  5.8906650506994118E-010  6.3259745895138895E-010  4.2729386452732856E-009 -8.2927276863837014E-011 -2.4703547571133770E-011 -3.0126905173739821E-010  1.0000000000000000E+000  0.0000000000000000E+000 -8.2927276863836820E-011 -2.4703547571133412E-011 -3.0126905173739511E-010
  1.2456000000000000E+002  5.9571197609578582E-010  6.3457120382595961E-010  4.2970699686759287E-009 -8.3208896079220378E-011 -2.4639727688214072E-011 -3.0201343726118751E-010  1.0000000000000000E+000  0.0000000000000000E+000 -8.3208896079219732E-011 -2.4639727688213535E-011 -3.0201343726119061E-010
  1.2464000000000000E+002  6.0237992844261644E-010  6.3653981538150320E-010  4.3212607952350756E-009 -8.3489371182791657E-011 -2.4575256616493609E-011 -3.0275662043087438E-010  1.0000000000000000E+000  0.0000000000000000E+000 -8.3489371182791179E-011 -2.4575256616493070E-011 -3.0275662043087800E-010
  1.2472000000000000E+002  6.0907027548503248E-010  6.3850324488459858E-010  4.3455110279448686E-009 -8.3768842818712664E-011 -2.4510213726357443E-011 -3.0349857924442130E-010  1.0000000000000000E+000  0.0000000000000000E+000 -8.3768842818712612E-011 -2.4510213726357343E-011 -3.0349857924442130E-010
  1.2480000000000000E+002  6.1578294329361046E-010  6.4046144957772040E-010  4.3698205679141830E-009 -8.4047485618143178E-011 -2.4444673175708773E-011 -3.0423928561857083E-010  1.0000000000000000E+000  0.0000000000000000E+000 -8.4047485618142985E-011 -2.4444673175709038E-011 -3.0423928561857496E-010
  1.2488000000000001E+002  6.2251787318393539E-010  6.4241439259271199E-010  4.3941893136438399E-009 -8.4325500672345864E-011 -2.4378712179047952E-011 -3.0497870069962080E-010  1.0000000000000000E+000  0.0000000000000000E+000 -8.4325500672345838E-011 -2.4378712179047661E-011 -3.0497870069962896E-010
  1.2496000000000001E+002  6.2927502340118580E-010  6.4436204352636807E-010  4.4186171600261223E-009 -8.4603102423540195E-011 -2.4312418021224141E-011 -3.0571677382308956E-010  1.0000000000000000E+000  0.0000000000000000E+000 -8.4603102423540621E-011 -2.4312418021223578E-011 -3.0571677382309690E-010
  1.2504000000000001E+002  6.3605436957170182E-010  6.4630437947610785E-010  4.4431039974555342E-009 -8.4880503003371053E-011 -2.4245891646659229E-011 -3.0645344543696194E-010  1.0000000000000000E+000  0.0000000000000000E+000 -8.4880503003371402E-011 -2.4245891646659204E-011 -3.0645344543696587E-010
  1.2512000000000000E+002  6.4285590388172517E-010  6.4824138618983354E-010  4.4676497112960362E-009 -8.5157897037792810E-011 -2.4179246447020299E-011 -3.0718865327273062E-010  1.0000000000000000E+000  0.0000000000000000E+000 -8.5157897037793353E-011 -2.4179246447020228E-011 -3.0718865327273439E-010
  1.2520000000000000E+002  6.4967963309774867E-010  6.5017305890763110E-010  4.4922541819791711E-009 -8.5435449346697807E-011 -2.4112602352263960E-011 -3.0792233988567474E-010  1.0000000000000000E+000  0.0000000000000000E+000 -8.5435449346698712E-011 -2.4112602352263576E-011 -3.0792233988567701E-010
  1.2528000000000000E+002  6.5652557577719682E-010  6.5209940256619578E-010  4.5169172856777442E-009 -8.5713288111766388E-011 -2.4046076259521423E-011 -3.0865445950932823E-010  1.0000000000000000E+000  0.0000000000000000E+000 -8.5713288111766607E-011 -2.4046076259521494E-011 -3.0865445950933117E-010
  1.2536000000000000E+002  6.6339375919563129E-010  6.5402043110915452E-010  4.5416388955006637E-009 -8.5991504121446807E-011 -2.3979771234276918E-011 -3.0938498179883915E-010  1.0000000000000000E+000  0.0000000000000000E+000 -8.5991504121446716E-011 -2.3979771234277248E-011 -3.0938498179884572E-010
  1.2544000000000000E+002  6.7028421643662831E-010  6.5593616596368008E-010  4.5664188827655584E-009 -8.6270155123087185E-011 -2.3913766882087479E-011 -3.1011389096522179E-010  1.0000000000000000E+000  0.0000000000000000E+000 -8.6270155123087379E-011 -2.3913766882087644E-011 -3.1011389096522531E-010
  1.2552000000000000E+002  6.7719698401532524E-010  6.5784663381028852E-010  4.5912571180550991E-009 -8.6549273057284598E-011 -2.3848113476704358E-011 -3.1084118076129280E-010  1.0000000000000000E+000  0.0000000000000000E+000 -8.6549273057284598E-011 -2.3848113476704701E-011 -3.1084118076129704E-010
  1.2560000000000001E+002  6.8413210012579384E-010  6.5975186411995278E-010  4.6161534716873653E-009 -8.6828872194297249E-011 -2.3782830564486209E-011 -3.1156684610957976E-010  1.0000000000000000E+000  0.0000000000000000E+000 -8.6828872194297314E-011 -2.3782830564486584E-011 -3.1156684610958152E-010
  1.2568000000000001E+002  6.9108960356641280E-010  6.6165188670060631E-010  4.6411078134326319E-009 -8.7108955324390168E-011 -2.3717910411768640E-011 -3.1229087416947368E-010  1.0000000000000000E+000  0.0000000000000000E+000 -8.7108955324390104E-011 -2.3717910411768999E-011 -3.1229087416947084E-010
  1.2576000000000001E+002  6.9806953297769627E-010  6.6354672978583576E-010  4.6661200115544811E-009 -8.7389516632555380E-011 -2.3653325783674574E-011 -3.1301323723357767E-010  1.0000000000000000E+000  0.0000000000000000E+000 -8.7389516632555044E-011 -2.3653325783674467E-011 -3.1301323723357617E-010
  1.2584000000000000E+002  7.0507192622762166E-010  6.6543641882599425E-010  4.6911899313900043E-009 -8.7670540818239870E-011 -2.3589039483164300E-011 -3.1373389012941372E-010  1.0000000000000000E+000  0.0000000000000000E+000 -8.7670540818239935E-011 -2.3589039483163958E-011 -3.1373389012941713E-010
  1.2592000000000000E+002  7.1209681950861465E-010  6.6732097610314205E-010  4.7163174339751873E-009 -8.7951999178969147E-011 -2.3525014064916617E-011 -3.1445277367842319E-010  1.0000000000000000E+000  0.0000000000000000E+000 -8.7951999178969160E-011 -2.3525014064916145E-011 -3.1445277367842821E-010
  1.2600000000000000E+002  7.1914424609625673E-010  6.6920042107638091E-010  4.7415023751785520E-009 -8.8233845018296077E-011 -2.3461219460963433E-011 -3.1516982317208657E-010  1.0000000000000000E+000  0.0000000000000000E+000 -8.8233845018295689E-011 -2.3461219460962996E-011 -3.1516982317209086E-010
  1.2608000000000000E+002  7.2621423471154202E-010  6.7107477121689620E-010  4.7667446056827211E-009 -8.8516009708792105E-011 -2.3397637010146964E-011 -3.1588498013981876E-010  1.0000000000000000E+000  0.0000000000000000E+000 -8.8516009708791963E-011 -2.3397637010147226E-011 -3.1588498013982362E-010
  1.2616000000000000E+002  7.3330680764966346E-010  6.7294404299800442E-010  4.7920439720009231E-009 -8.8798401494758897E-011 -2.3334259183347137E-011 -3.1659820388898651E-010  1.0000000000000000E+000  0.0000000000000000E+000 -8.8798401494759414E-011 -2.3334259183347311E-011 -3.1659820388898915E-010
  1.2624000000000001E+002  7.4042197895070345E-010  6.7480825268623174E-010  4.8174003183049590E-009 -8.9080908069868533E-011 -2.3271085784754144E-011 -3.1730947954115937E-010  1.0000000000000000E+000  0.0000000000000000E+000 -8.9080908069868920E-011 -2.3271085784754332E-011 -3.1730947954116134E-010
  1.2632000000000001E+002  7.4755975294084243E-010  6.7666741672356508E-010  4.8428134887275086E-009 -8.9363403055077894E-011 -2.3208117929439764E-011 -3.1801882018225707E-010  1.0000000000000000E+000  0.0000000000000000E+000 -8.9363403055078049E-011 -2.3208117929440110E-011 -3.1801882018225888E-010
  1.2640000000000001E+002  7.5472012343951591E-010  6.7852155155494211E-010  4.8682833295341201E-009 -8.9645755163974036E-011 -2.3145351680104414E-011 -3.1872626223111361E-010  1.0000000000000000E+000  0.0000000000000000E+000 -8.9645755163974308E-011 -2.3145351680104375E-011 -3.1872626223111459E-010
  1.2648000000000000E+002  7.6190307376707827E-010  6.8037067299238179E-010  4.8938096906844867E-009 -8.9927838581179915E-011 -2.3082773860970686E-011 -3.1943185480778690E-010  1.0000000000000000E+000  0.0000000000000000E+000 -8.9927838581179928E-011 -2.3082773860970185E-011 -3.1943185480778902E-010
  1.2656000000000000E+002  7.6910857761250470E-010  6.8221479537269742E-010  4.9193924263033660E-009 -9.0209542980049275E-011 -2.3020361395838529E-011 -3.2013564639635701E-010  1.0000000000000000E+000  0.0000000000000000E+000 -9.0209542980048693E-011 -2.3020361395838348E-011 -3.2013564639635768E-010
  1.2664000000000000E+002  7.7633660064388616E-010  6.8405393081571595E-010  4.9450313941079038E-009 -9.0490781177646130E-011 -2.2958084251354775E-011 -3.2083767249215215E-010  1.0000000000000000E+000  0.0000000000000000E+000 -9.0490781177645238E-011 -2.2958084251354991E-011 -3.2083767249215411E-010
  1.2672000000000000E+002  7.8358710260092808E-010  6.8588808885291418E-010  4.9707264539021104E-009 -9.0771493436628724E-011 -2.2895911941782471E-011 -3.2153794706628389E-010  1.0000000000000000E+000  0.0000000000000000E+000 -9.0771493436628375E-011 -2.2895911941782882E-011 -3.2153794706628782E-010
  1.2680000000000000E+002  7.9086003959374675E-010  6.8771727672640115E-010  4.9964774656385093E-009 -9.1051648051292778E-011 -2.2833822003185792E-011 -3.2223646089255545E-010  1.0000000000000000E+000  0.0000000000000000E+000 -9.1051648051292494E-011 -2.2833822003185847E-011 -3.2223646089255969E-010
  1.2688000000000001E+002  7.9815536628913492E-010  6.8954150037342391E-010  5.0222842876449192E-009 -9.1331238674337010E-011 -2.2771808524212840E-011 -3.2293318701396751E-010  1.0000000000000000E+000  0.0000000000000000E+000 -9.1331238674336609E-011 -2.2771808524212552E-011 -3.2293318701396927E-010
  1.2696000000000001E+002  8.0547303778164068E-010  6.9136076609027520E-010  5.0481467755607441E-009 -9.1610279786345155E-011 -2.2709888953008851E-011 -3.2362809181635568E-010  1.0000000000000000E+000  0.0000000000000000E+000 -9.1610279786344845E-011 -2.2709888953008870E-011 -3.2362809181635412E-010
  1.2704000000000001E+002  8.1281301105495015E-010  6.9317508260590532E-010  5.0740647823355361E-009 -9.1888801715072363E-011 -2.2648107552178363E-011 -3.2432114862921979E-010  1.0000000000000000E+000  0.0000000000000000E+000 -9.1888801715072131E-011 -2.2648107552178689E-011 -3.2432114862922423E-010
  1.2712000000000000E+002  8.2017524605605225E-010  6.9498446329862374E-010  5.1000381593414192E-009 -9.2166846946275239E-011 -2.2586534510822336E-011 -3.2501235008839316E-010  1.0000000000000000E+000  0.0000000000000000E+000 -9.2166846946275601E-011 -2.2586534510822326E-011 -3.2501235008839735E-010
  1.2720000000000000E+002  8.2755970656635418E-010  6.9678892812763690E-010  5.1260667583496790E-009 -9.2444468389563230E-011 -2.2525260832252421E-011 -3.2570171513926383E-010  1.0000000000000000E+000  0.0000000000000000E+000 -9.2444468389563385E-011 -2.2525260832252244E-011 -3.2570171513926238E-010
  1.2728000000000000E+002  8.3496636099838237E-010  6.9858850503178413E-010  5.1521504337637015E-009 -9.2721729381396515E-011 -2.2464389687209645E-011 -3.2638928855531406E-010  1.0000000000000000E+000  0.0000000000000000E+000 -9.2721729381396205E-011 -2.2464389687209665E-011 -3.2638928855531333E-010
  1.2736000000000000E+002  8.4239518326737763E-010  7.0038323047759044E-010  5.1782890445185293E-009 -9.2998705305828794E-011 -2.2404026039224936E-011 -3.2707513218863810E-010  1.0000000000000000E+000  0.0000000000000000E+000 -9.2998705305829091E-011 -2.2404026039224342E-011 -3.2707513218863774E-010
  1.2744000000000000E+002  8.4984615384731498E-010  7.0217314919806012E-010  5.2044824549138835E-009 -9.3275485555933470E-011 -2.2344266965430453E-011 -3.2775930997849304E-010  1.0000000000000000E+000  0.0000000000000000E+000 -9.3275485555933496E-011 -2.2344266965429771E-011 -3.2775930997849267E-010
  1.2752000000000000E+002  8.5731926095632698E-010  7.0395831319205931E-010  5.2307305341150882E-009 -9.3552174230227038E-011 -2.2285194281579453E-011 -3.2844187071473659E-010  1.0000000000000000E+000  0.0000000000000000E+000 -9.3552174230226534E-011 -2.2285194281579088E-011 -3.2844187071473886E-010
  1.2760000000000001E+002  8.6481450172415130E-010  7.0573878028311283E-010  5.2570331542282414E-009 -9.3828888981439178E-011 -2.2226871571983859E-011 -3.2912283279845643E-010  1.0000000000000000E+000  0.0000000000000000E+000 -9.3828888981439023E-011 -2.2226871571983636E-011 -3.2912283279845555E-010
  1.2768000000000001E+002  8.7233188319335725E-010  7.0751461264357673E-010  5.2833901873628412E-009 -9.4105757517894833E-011 -2.2169345830433154E-011 -3.2980217552198727E-010  1.0000000000000000E+000  0.0000000000000000E+000 -9.4105757517895441E-011 -2.2169345830432886E-011 -3.2980217552198365E-010
  1.2776000000000001E+002  8.7987142292701448E-010  7.0928587561598214E-010  5.3098015023117594E-009 -9.4382911911913836E-011 -2.2112653099189956E-011 -3.3047983870760349E-010  1.0000000000000000E+000  0.0000000000000000E+000 -9.4382911911914327E-011 -2.2112653099190166E-011 -3.3047983870760509E-010
  1.2784000000000000E+002  8.8743314909926346E-010  7.1105263713944712E-010  5.3362669615560578E-009 -9.4660481361765346E-011 -2.2056826366843295E-011 -3.3115573120692406E-010  1.0000000000000000E+000  0.0000000000000000E+000 -9.4660481361764907E-011 -2.2056826366843301E-011 -3.3115573120692509E-010
  1.2792000000000000E+002  8.9501709994489693E-010  7.1281496783467706E-010  5.3627864193048672E-009 -9.4938584667243969E-011 -2.2001903311998046E-011 -3.3182974595172742E-010  1.0000000000000000E+000  0.0000000000000000E+000 -9.4938584667243827E-011 -2.2001903311997788E-011 -3.3182974595172654E-010
  1.2800000000000000E+002  9.0262332264602250E-010  7.1457294166936681E-010  5.3893597209083341E-009 -9.5217323621984291E-011 -2.1947931777081889E-011 -3.3250177679978453E-010  1.0000000000000000E+000  0.0000000000000000E+000 -9.5217323621984872E-011 -2.1947931777082270E-011 -3.3250177679978127E-010
