# Real time calculation:
# Ac_ext: External vector potential field
# E_ext: External electric field
# Ac_tot: Total vector potential field
# E_tot: Total electric field
# Jm: Matter current density (electrons)
# 1:Time[a.u.] 2:Ac_ext_x[a.u.] 3:Ac_ext_y[a.u.] 4:Ac_ext_z[a.u.] 5:E_ext_x[a.u.] 6:E_ext_y[a.u.] 7:E_ext_z[a.u.] 8:Ac_tot_x[a.u.] 9:Ac_tot_y[a.u.] 10:Ac_tot_z[a.u.] 11:E_tot_x[a.u.] 12:E_tot_y[a.u.] 13:E_tot_z[a.u.]  14:Jm_x[a.u.] 15:Jm_y[a.u.] 16:Jm_z[a.u.]
      0.08000000 -0.000000000000000E+000 -0.000000000000000E+000 -0.436480642644180E-006  0.000000000000000E+000  0.000000000000000E+000  0.545600803305225E-005 -0.000000000000000E+000 -0.000000000000000E+000 -0.436480642644180E-006  0.000000000000000E+000  0.000000000000000E+000  0.545600803305225E-005   0.633725638265778E-012  0.624507887673496E-013 -0.121932703808294E-007
      0.16000000 -0.000000000000000E+000 -0.000000000000000E+000 -0.183622978505381E-005 -0.000000000000000E+000 -0.000000000000000E+000  0.174968642801204E-004  0.000000000000000E+000  0.000000000000000E+000 -0.183622978505381E-005 -0.000000000000000E+000 -0.000000000000000E+000  0.174968642801204E-004   0.562068343488122E-012  0.457365968175778E-014 -0.512549079801776E-007
      0.24000000 -0.000000000000000E+000 -0.000000000000000E+000 -0.433359279775772E-005 -0.000000000000000E+000 -0.000000000000000E+000  0.312170376587989E-004  0.000000000000000E+000  0.000000000000000E+000 -0.433359279775772E-005 -0.000000000000000E+000 -0.000000000000000E+000  0.312170376587989E-004   0.496482036767517E-012 -0.494796984056486E-013 -0.120808874168074E-006
      0.32000000 -0.000000000000000E+000 -0.000000000000000E+000 -0.806132332432850E-005 -0.000000000000000E+000 -0.000000000000000E+000  0.465966315821347E-004  0.000000000000000E+000  0.000000000000000E+000 -0.806132332432850E-005 -0.000000000000000E+000 -0.000000000000000E+000  0.465966315821347E-004   0.438414319998366E-012 -0.966025418155210E-013 -0.224346026019482E-006
      0.40000000 -0.000000000000000E+000 -0.000000000000000E+000 -0.131504537393957E-004 -0.000000000000000E+000 -0.000000000000000E+000  0.636141301883400E-004  0.000000000000000E+000  0.000000000000000E+000 -0.131504537393957E-004 -0.000000000000000E+000 -0.000000000000000E+000  0.636141301883400E-004   0.388568626059904E-012 -0.134682336998035E-012 -0.365226296726046E-006
      0.48000000 -0.000000000000000E+000 -0.000000000000000E+000 -0.197301669221646E-004 -0.000000000000000E+000 -0.000000000000000E+000  0.822464147846109E-004  0.000000000000000E+000  0.000000000000000E+000 -0.197301669221646E-004 -0.000000000000000E+000 -0.000000000000000E+000  0.822464147846109E-004   0.347560357893171E-012 -0.163180667146552E-012 -0.546685001375115E-006
      0.56000000 -0.000000000000000E+000 -0.000000000000000E+000 -0.279276694354671E-004 -0.000000000000000E+000 -0.000000000000000E+000  0.102468781416281E-003  0.000000000000000E+000  0.000000000000000E+000 -0.279276694354671E-004 -0.000000000000000E+000 -0.000000000000000E+000  0.102468781416281E-003   0.316256443053340E-012 -0.182642145584294E-012 -0.771840557320187E-006
      0.64000000 -0.000000000000000E+000 -0.000000000000000E+000 -0.378680661994677E-004 -0.000000000000000E+000 -0.000000000000000E+000  0.124254959550008E-003  0.000000000000000E+000  0.000000000000000E+000 -0.378680661994677E-004 -0.000000000000000E+000 -0.000000000000000E+000  0.124254959550008E-003   0.295587362667794E-012 -0.193625806527266E-012 -0.104370174390300E-005
      0.72000000 -0.000000000000000E+000 -0.000000000000000E+000 -0.496742367481657E-004 -0.000000000000000E+000 -0.000000000000000E+000  0.147577131858725E-003  0.000000000000000E+000  0.000000000000000E+000 -0.496742367481657E-004 -0.000000000000000E+000 -0.000000000000000E+000  0.147577131858725E-003   0.286024692730208E-012 -0.195955955264390E-012 -0.136517357434994E-005
      0.80000000 -0.000000000000000E+000 -0.000000000000000E+000 -0.634667131558146E-004 -0.000000000000000E+000 -0.000000000000000E+000  0.172405955095611E-003  0.000000000000000E+000  0.000000000000000E+000 -0.634667131558146E-004 -0.000000000000000E+000 -0.000000000000000E+000  0.172405955095611E-003   0.287327551375829E-012 -0.188893601602682E-012 -0.173906157194842E-005
      0.88000000 -0.000000000000000E+000 -0.000000000000000E+000 -0.793635597192818E-004 -0.000000000000000E+000 -0.000000000000000E+000  0.198710582043340E-003  0.000000000000000E+000  0.000000000000000E+000 -0.793635597192818E-004 -0.000000000000000E+000 -0.000000000000000E+000  0.198710582043340E-003   0.298836432477608E-012 -0.171916222336239E-012 -0.216807457152528E-005
      0.96000000 -0.000000000000000E+000 -0.000000000000000E+000 -0.974802544812649E-004 -0.000000000000000E+000 -0.000000000000000E+000  0.226458684524789E-003  0.000000000000000E+000  0.000000000000000E+000 -0.974802544812649E-004 -0.000000000000000E+000 -0.000000000000000E+000  0.226458684524789E-003   0.320070221321503E-012 -0.145352382925652E-012 -0.265482621963561E-005
      1.04000000 -0.000000000000000E+000 -0.000000000000000E+000 -0.117929572678029E-003 -0.000000000000000E+000 -0.000000000000000E+000  0.255616477459556E-003  0.000000000000000E+000  0.000000000000000E+000 -0.117929572678029E-003 -0.000000000000000E+000 -0.000000000000000E+000  0.255616477459556E-003   0.351024731180514E-012 -0.110314416825191E-012 -0.320183533937343E-005
      1.12000000 -0.000000000000000E+000 -0.000000000000000E+000 -0.140821472194171E-003 -0.000000000000000E+000 -0.000000000000000E+000  0.286148743951767E-003  0.000000000000000E+000  0.000000000000000E+000 -0.140821472194171E-003 -0.000000000000000E+000 -0.000000000000000E+000  0.286148743951767E-003   0.391815138206677E-012 -0.681166958032691E-013 -0.381152539070383E-005
      1.20000000 -0.000000000000000E+000 -0.000000000000000E+000 -0.166262981105513E-003 -0.000000000000000E+000 -0.000000000000000E+000  0.318018861391772E-003  0.000000000000000E+000  0.000000000000000E+000 -0.166262981105513E-003 -0.000000000000000E+000 -0.000000000000000E+000  0.318018861391772E-003   0.441850217669345E-012 -0.198277287078708E-013 -0.448622337424135E-005
      1.28000000 -0.000000000000000E+000 -0.000000000000000E+000 -0.194358087389993E-003 -0.000000000000000E+000 -0.000000000000000E+000  0.351188828556005E-003  0.000000000000000E+000  0.000000000000000E+000 -0.194358087389993E-003 -0.000000000000000E+000 -0.000000000000000E+000  0.351188828556005E-003   0.499245917823044E-012  0.336121182708983E-013 -0.522815858799311E-005
      1.36000000 -0.000000000000000E+000 -0.000000000000000E+000 -0.225207630884910E-003 -0.000000000000000E+000 -0.000000000000000E+000  0.385619293686459E-003  0.000000000000000E+000  0.000000000000000E+000 -0.225207630884910E-003 -0.000000000000000E+000 -0.000000000000000E+000  0.385619293686459E-003   0.560950603830380E-012  0.908514320491531E-013 -0.603946157581369E-005
      1.44000000 -0.000000000000000E+000 -0.000000000000000E+000 -0.258909197567513E-003 -0.000000000000000E+000 -0.000000000000000E+000  0.421269583532547E-003  0.000000000000000E+000  0.000000000000000E+000 -0.258909197567513E-003 -0.000000000000000E+000 -0.000000000000000E+000  0.421269583532547E-003   0.623523800528839E-012  0.149756770037394E-012 -0.692216342508833E-005
      1.52000000 -0.000000000000000E+000 -0.000000000000000E+000 -0.295557016234375E-003 -0.000000000000000E+000 -0.000000000000000E+000  0.458097733335774E-003  0.000000000000000E+000  0.000000000000000E+000 -0.295557016234375E-003 -0.000000000000000E+000 -0.000000000000000E+000  0.458097733335774E-003   0.683988408968713E-012  0.207619664200990E-012 -0.787819537538656E-005
      1.60000000 -0.000000000000000E+000 -0.000000000000000E+000 -0.335241857653493E-003 -0.000000000000000E+000 -0.000000000000000E+000  0.496060517738966E-003  0.000000000000000E+000  0.000000000000000E+000 -0.335241857653493E-003 -0.000000000000000E+000 -0.000000000000000E+000  0.496060517738966E-003   0.740168387454032E-012  0.261805358198567E-012 -0.890938858157498E-005
      1.68000000 -0.000000000000000E+000 -0.000000000000000E+000 -0.378050936261366E-003 -0.000000000000000E+000 -0.000000000000000E+000  0.535113482598414E-003  0.000000000000000E+000  0.000000000000000E+000 -0.378050936261366E-003 -0.000000000000000E+000 -0.000000000000000E+000  0.535113482598414E-003   0.790422005432655E-012  0.310266810314862E-012 -0.100174738606236E-004
      1.76000000 -0.000000000000000E+000 -0.000000000000000E+000 -0.424067814475823E-003 -0.000000000000000E+000 -0.000000000000000E+000  0.575210977680709E-003  0.000000000000000E+000  0.000000000000000E+000 -0.424067814475823E-003 -0.000000000000000E+000 -0.000000000000000E+000  0.575210977680709E-003   0.833182727796449E-012  0.351617113899315E-012 -0.112040813015102E-004
      1.84000000 -0.000000000000000E+000 -0.000000000000000E+000 -0.473372309693491E-003 -0.000000000000000E+000 -0.000000000000000E+000  0.616306190220851E-003  0.000000000000000E+000  0.000000000000000E+000 -0.473372309693491E-003 -0.000000000000000E+000 -0.000000000000000E+000  0.616306190220851E-003   0.866836289444417E-012  0.384802146864435E-012 -0.124707396726834E-004
      1.92000000 -0.000000000000000E+000 -0.000000000000000E+000 -0.526040404039238E-003 -0.000000000000000E+000 -0.000000000000000E+000  0.658351179321844E-003  0.000000000000000E+000  0.000000000000000E+000 -0.526040404039238E-003 -0.000000000000000E+000 -0.000000000000000E+000  0.658351179321844E-003   0.890015614335875E-012  0.408883024512113E-012 -0.138188755888337E-004
      2.00000000 -0.000000000000000E+000 -0.000000000000000E+000 -0.582144156933028E-003 -0.000000000000000E+000 -0.000000000000000E+000  0.701296911172375E-003  0.000000000000000E+000  0.000000000000000E+000 -0.582144156933028E-003 -0.000000000000000E+000 -0.000000000000000E+000  0.701296911172375E-003   0.902038144247995E-012  0.423159038773991E-012 -0.152498124045810E-004
      2.08000000 -0.000000000000000E+000 -0.000000000000000E+000 -0.641751620537891E-003 -0.000000000000000E+000 -0.000000000000000E+000  0.745093295060785E-003  0.000000000000000E+000  0.000000000000000E+000 -0.641751620537891E-003 -0.000000000000000E+000 -0.000000000000000E+000  0.745093295060785E-003   0.903009780133813E-012  0.427497471508437E-012 -0.167647688094259E-004
      2.16000000 -0.000000000000000E+000 -0.000000000000000E+000 -0.704926758150800E-003 -0.000000000000000E+000 -0.000000000000000E+000  0.789689220161365E-003  0.000000000000000E+000  0.000000000000000E+000 -0.704926758150800E-003 -0.000000000000000E+000 -0.000000000000000E+000  0.789689220161365E-003   0.893450997261794E-012  0.422406756563539E-012 -0.183648571169790E-004
      2.24000000 -0.000000000000000E+000 -0.000000000000000E+000 -0.771729365596395E-003 -0.000000000000000E+000 -0.000000000000000E+000  0.835032593069931E-003  0.000000000000000E+000  0.000000000000000E+000 -0.771729365596395E-003 -0.000000000000000E+000 -0.000000000000000E+000  0.835032593069931E-003   0.873774082581952E-012  0.408685669599994E-012 -0.200510812642408E-004
      2.32000000 -0.000000000000000E+000 -0.000000000000000E+000 -0.842214995681485E-003 -0.000000000000000E+000 -0.000000000000000E+000  0.881070376063624E-003  0.000000000000000E+000  0.000000000000000E+000 -0.842214995681485E-003 -0.000000000000000E+000 -0.000000000000000E+000  0.881070376063624E-003   0.844005859557203E-012  0.386895995745847E-012 -0.218243345505176E-004
      2.40000000 -0.000000000000000E+000 -0.000000000000000E+000 -0.916434885766466E-003 -0.000000000000000E+000 -0.000000000000000E+000  0.927748626062270E-003  0.000000000000000E+000  0.000000000000000E+000 -0.916434885766466E-003 -0.000000000000000E+000 -0.000000000000000E+000  0.927748626062270E-003   0.803978981833194E-012  0.357164666464607E-012 -0.236853971495222E-004
      2.48000000 -0.000000000000000E+000 -0.000000000000000E+000 -0.994435888507477E-003 -0.000000000000000E+000 -0.000000000000000E+000  0.975012534262641E-003  0.000000000000000E+000  0.000000000000000E+000 -0.994435888507477E-003 -0.000000000000000E+000 -0.000000000000000E+000  0.975012534262641E-003   0.753796845153220E-012  0.319548556944266E-012 -0.256349334340650E-004
      2.56000000 -0.000000000000000E+000 -0.000000000000000E+000 -0.107626040582139E-002 -0.000000000000000E+000 -0.000000000000000E+000  0.102280646642396E-002  0.000000000000000E+000  0.000000000000000E+000 -0.107626040582139E-002 -0.000000000000000E+000 -0.000000000000000E+000  0.102280646642396E-002   0.694195097004537E-012  0.274646649482403E-012 -0.276734891715940E-004
      2.64000000 -0.000000000000000E+000 -0.000000000000000E+000 -0.116194632612353E-002 -0.000000000000000E+000 -0.000000000000000E+000  0.107107400377676E-002  0.000000000000000E+000  0.000000000000000E+000 -0.116194632612353E-002 -0.000000000000000E+000 -0.000000000000000E+000  0.107107400377676E-002   0.626615553858289E-012  0.223918805238126E-012 -0.298014886769394E-004
      2.72000000 -0.000000000000000E+000 -0.000000000000000E+000 -0.125152696488574E-002 -0.000000000000000E+000 -0.000000000000000E+000  0.111975798452757E-002  0.000000000000000E+000  0.000000000000000E+000 -0.125152696488574E-002 -0.000000000000000E+000 -0.000000000000000E+000  0.111975798452757E-002   0.553014378449167E-012  0.169397627716792E-012 -0.320192320281044E-004
      2.80000000 -0.000000000000000E+000 -0.000000000000000E+000 -0.134503100856062E-002 -0.000000000000000E+000 -0.000000000000000E+000  0.116880054593603E-002  0.000000000000000E+000  0.000000000000000E+000 -0.134503100856062E-002 -0.000000000000000E+000 -0.000000000000000E+000  0.116880054593603E-002   0.475656830516214E-012  0.113079311559555E-012 -0.343268924440565E-004
      2.88000000 -0.000000000000000E+000 -0.000000000000000E+000 -0.144248246191532E-002 -0.000000000000000E+000 -0.000000000000000E+000  0.121814316693367E-002  0.000000000000000E+000  0.000000000000000E+000 -0.144248246191532E-002 -0.000000000000000E+000 -0.000000000000000E+000  0.121814316693367E-002   0.396984051986183E-012  0.565580437984281E-013 -0.367245138885755E-004
      2.96000000 -0.000000000000000E+000 -0.000000000000000E+000 -0.154390059881606E-002 -0.000000000000000E+000 -0.000000000000000E+000  0.126772671125934E-002  0.000000000000000E+000  0.000000000000000E+000 -0.154390059881606E-002 -0.000000000000000E+000 -0.000000000000000E+000  0.126772671125934E-002   0.319476594028958E-012  0.116667005314836E-014 -0.392120089173361E-004
      3.04000000 -0.000000000000000E+000 -0.000000000000000E+000 -0.164929991650266E-002 -0.000000000000000E+000 -0.000000000000000E+000  0.131749147108245E-002  0.000000000000000E+000  0.000000000000000E+000 -0.164929991650266E-002 -0.000000000000000E+000 -0.000000000000000E+000  0.131749147108245E-002   0.245438111947881E-012 -0.515751540144475E-013 -0.417891567488529E-004
      3.12000000 -0.000000000000000E+000 -0.000000000000000E+000 -0.175869009338955E-002 -0.000000000000000E+000 -0.000000000000000E+000  0.136737721108609E-002  0.000000000000000E+000  0.000000000000000E+000 -0.175869009338955E-002 -0.000000000000000E+000 -0.000000000000000E+000  0.136737721108609E-002   0.176707852080730E-012 -0.998002131641504E-013 -0.444556015269726E-004
      3.20000000 -0.000000000000000E+000 -0.000000000000000E+000 -0.187207595042804E-002 -0.000000000000000E+000 -0.000000000000000E+000  0.141732321298113E-002  0.000000000000000E+000  0.000000000000000E+000 -0.187207595042804E-002 -0.000000000000000E+000 -0.000000000000000E+000  0.141732321298113E-002   0.114493911795469E-012 -0.141678170589925E-012 -0.472108507501208E-004
      3.28000000 -0.000000000000000E+000 -0.000000000000000E+000 -0.198945741606200E-002 -0.000000000000000E+000 -0.000000000000000E+000  0.146726832042454E-002  0.000000000000000E+000  0.000000000000000E+000 -0.198945741606200E-002 -0.000000000000000E+000 -0.000000000000000E+000  0.146726832042454E-002   0.594678928496351E-013 -0.176110765631115E-012 -0.500542738577188E-004
      3.36000000 -0.000000000000000E+000 -0.000000000000000E+000 -0.211082949480666E-002 -0.000000000000000E+000 -0.000000000000000E+000  0.151715098430824E-002  0.000000000000000E+000  0.000000000000000E+000 -0.211082949480666E-002 -0.000000000000000E+000 -0.000000000000000E+000  0.151715098430824E-002   0.120314858738163E-013 -0.203091552053277E-012 -0.529851009751312E-004
      3.44000000 -0.000000000000000E+000 -0.000000000000000E+000 -0.223618223947839E-002 -0.000000000000000E+000 -0.000000000000000E+000  0.156690930839664E-002  0.000000000000000E+000  0.000000000000000E+000 -0.223618223947839E-002 -0.000000000000000E+000 -0.000000000000000E+000  0.156690930839664E-002  -0.274794722386329E-013 -0.223380222538516E-012 -0.560024218214598E-004
      3.52000000 -0.000000000000000E+000 -0.000000000000000E+000 -0.236550072710040E-002 -0.000000000000000E+000 -0.000000000000000E+000  0.161648109527513E-002  0.000000000000000E+000  0.000000000000000E+000 -0.236550072710040E-002 -0.000000000000000E+000 -0.000000000000000E+000  0.161648109527513E-002  -0.588209090067042E-013 -0.237724759130613E-012 -0.591051847820654E-004
      3.60000000 -0.000000000000000E+000 -0.000000000000000E+000 -0.249876503850730E-002 -0.000000000000000E+000 -0.000000000000000E+000  0.166580389258622E-002  0.000000000000000E+000  0.000000000000000E+000 -0.249876503850730E-002 -0.000000000000000E+000 -0.000000000000000E+000  0.166580389258622E-002  -0.820310909947139E-013 -0.246287300499871E-012 -0.622921961430015E-004
      3.68000000 -0.000000000000000E+000 -0.000000000000000E+000 -0.263595024166890E-002 -0.000000000000000E+000 -0.000000000000000E+000  0.171481503952006E-002  0.000000000000000E+000  0.000000000000000E+000 -0.263595024166890E-002 -0.000000000000000E+000 -0.000000000000000E+000  0.171481503952006E-002  -0.975201929662220E-013 -0.248712476294769E-012 -0.655621194776356E-004
      3.76000000 -0.000000000000000E+000 -0.000000000000000E+000 -0.277702637875135E-002 -0.000000000000000E+000 -0.000000000000000E+000  0.176345171353053E-002  0.000000000000000E+000  0.000000000000000E+000 -0.277702637875135E-002 -0.000000000000000E+000 -0.000000000000000E+000  0.176345171353053E-002  -0.105896598406119E-012 -0.244749669669516E-012 -0.689134751654122E-004
      3.84000000 -0.000000000000000E+000 -0.000000000000000E+000 -0.292195845693100E-002 -0.000000000000000E+000 -0.000000000000000E+000  0.181165097724566E-002  0.000000000000000E+000  0.000000000000000E+000 -0.292195845693100E-002 -0.000000000000000E+000 -0.000000000000000E+000  0.181165097724566E-002  -0.107611435556276E-012 -0.234795523691255E-012 -0.723446400118390E-004
      3.92000000 -0.000000000000000E+000 -0.000000000000000E+000 -0.307070644297456E-002 -0.000000000000000E+000 -0.000000000000000E+000  0.185934982554449E-002  0.000000000000000E+000  0.000000000000000E+000 -0.307070644297456E-002 -0.000000000000000E+000 -0.000000000000000E+000  0.185934982554449E-002  -0.102812626987956E-012 -0.219911563389947E-012 -0.758538469342858E-004
      4.00000000 -0.000000000000000E+000 -0.000000000000000E+000 -0.322322526159572E-002 -0.000000000000000E+000 -0.000000000000000E+000  0.190648523276454E-002  0.000000000000000E+000  0.000000000000000E+000 -0.322322526159572E-002 -0.000000000000000E+000 -0.000000000000000E+000  0.190648523276454E-002  -0.916174587808956E-013 -0.201348452864545E-012 -0.794391846883807E-004
      4.08000000 -0.000000000000000E+000 -0.000000000000000E+000 -0.337946479759712E-002 -0.000000000000000E+000 -0.000000000000000E+000  0.195299420001749E-002  0.000000000000000E+000  0.000000000000000E+000 -0.337946479759712E-002 -0.000000000000000E+000 -0.000000000000000E+000  0.195299420001749E-002  -0.746779954698720E-013 -0.180089651576920E-012 -0.830985976364836E-004
      4.16000000 -0.000000000000000E+000 -0.000000000000000E+000 -0.353936990180296E-002 -0.000000000000000E+000 -0.000000000000000E+000  0.199881380257303E-002  0.000000000000000E+000  0.000000000000000E+000 -0.353936990180296E-002 -0.000000000000000E+000 -0.000000000000000E+000  0.199881380257303E-002  -0.535921424987946E-013 -0.156867508981749E-012 -0.868298855950864E-004
      4.24000000 -0.000000000000000E+000 -0.000000000000000E+000 -0.370288040078597E-002 -0.000000000000000E+000 -0.000000000000000E+000  0.204388123728756E-002  0.000000000000000E+000  0.000000000000000E+000 -0.370288040078597E-002 -0.000000000000000E+000 -0.000000000000000E+000  0.204388123728756E-002  -0.307608977031413E-013 -0.132597939247504E-012 -0.906307038272795E-004
      4.32000000 -0.000000000000000E+000 -0.000000000000000E+000 -0.386993111038949E-002 -0.000000000000000E+000 -0.000000000000000E+000  0.208813387004404E-002  0.000000000000000E+000  0.000000000000000E+000 -0.386993111038949E-002 -0.000000000000000E+000 -0.000000000000000E+000  0.208813387004404E-002  -0.872317370126655E-014 -0.108752216517965E-012 -0.944985632553018E-004
      4.40000000 -0.000000000000000E+000 -0.000000000000000E+000 -0.404045185304313E-002 -0.000000000000000E+000 -0.000000000000000E+000  0.213150928317050E-002  0.000000000000000E+000  0.000000000000000E+000 -0.404045185304313E-002 -0.000000000000000E+000 -0.000000000000000E+000  0.213150928317050E-002   0.105796174430865E-013 -0.872206538061518E-013 -0.984308309509281E-004
      4.48000000 -0.000000000000000E+000 -0.000000000000000E+000 -0.421436747886789E-002 -0.000000000000000E+000 -0.000000000000000E+000  0.217394532280947E-002  0.000000000000000E+000  0.000000000000000E+000 -0.421436747886789E-002 -0.000000000000000E+000 -0.000000000000000E+000  0.217394532280947E-002   0.260963462412023E-013 -0.696972176213732E-013 -0.102424730923426E-003
      4.56000000 -0.000000000000000E+000 -0.000000000000000E+000 -0.439159789056438E-002 -0.000000000000000E+000 -0.000000000000000E+000  0.221538014620621E-002  0.000000000000000E+000  0.000000000000000E+000 -0.439159789056438E-002 -0.000000000000000E+000 -0.000000000000000E+000  0.221538014620621E-002   0.373528577036803E-013 -0.570856489510411E-013 -0.106477345180268E-003
      4.64000000 -0.000000000000000E+000 -0.000000000000000E+000 -0.457205807207505E-002 -0.000000000000000E+000 -0.000000000000000E+000  0.225575226888338E-002  0.000000000000000E+000  0.000000000000000E+000 -0.457205807207505E-002 -0.000000000000000E+000 -0.000000000000000E+000  0.225575226888338E-002   0.439126101234330E-013 -0.493879465419383E-013 -0.110585615000756E-003
      4.72000000 -0.000000000000000E+000 -0.000000000000000E+000 -0.475565812100909E-002 -0.000000000000000E+000 -0.000000000000000E+000  0.229500061167540E-002  0.000000000000000E+000  0.000000000000000E+000 -0.475565812100909E-002 -0.000000000000000E+000 -0.000000000000000E+000  0.229500061167540E-002   0.450867257844173E-013 -0.461497769795212E-013 -0.114746342348023E-003
      4.80000000 -0.000000000000000E+000 -0.000000000000000E+000 -0.494230328481595E-002 -0.000000000000000E+000 -0.000000000000000E+000  0.233306454758583E-002  0.000000000000000E+000  0.000000000000000E+000 -0.494230328481595E-002 -0.000000000000000E+000 -0.000000000000000E+000  0.233306454758583E-002   0.401619361863001E-013 -0.470252044789493E-013 -0.118956191352972E-003
      4.88000000 -0.000000000000000E+000 -0.000000000000000E+000 -0.513189400069140E-002 -0.000000000000000E+000 -0.000000000000000E+000  0.236988394844303E-002  0.000000000000000E+000  0.000000000000000E+000 -0.513189400069140E-002 -0.000000000000000E+000 -0.000000000000000E+000  0.236988394844303E-002   0.288725382618142E-013 -0.519956445099280E-013 -0.123211689828510E-003
      4.96000000 -0.000000000000000E+000 -0.000000000000000E+000 -0.532432593919715E-002 -0.000000000000000E+000 -0.000000000000000E+000  0.240539923132193E-002  0.000000000000000E+000  0.000000000000000E+000 -0.532432593919715E-002 -0.000000000000000E+000 -0.000000000000000E+000  0.240539923132193E-002   0.116666724225384E-013 -0.611287143950298E-013 -0.127509230803276E-003
      5.04000000 -0.000000000000000E+000 -0.000000000000000E+000 -0.551949005157284E-002 -0.000000000000000E+000 -0.000000000000000E+000  0.243955140469617E-002  0.000000000000000E+000  0.000000000000000E+000 -0.551949005157284E-002 -0.000000000000000E+000 -0.000000000000000E+000  0.243955140469617E-002  -0.105548730382268E-013 -0.742293378035067E-013 -0.131845074091009E-003
      5.12000000 -0.000000000000000E+000 -0.000000000000000E+000 -0.571727262071694E-002 -0.000000000000000E+000 -0.000000000000000E+000  0.247228211430120E-002  0.000000000000000E+000  0.000000000000000E+000 -0.571727262071694E-002 -0.000000000000000E+000 -0.000000000000000E+000  0.247228211430120E-002  -0.369980402450709E-013 -0.907405954665072E-013 -0.136215347929110E-003
      5.20000000 -0.000000000000000E+000 -0.000000000000000E+000 -0.591755531581027E-002 -0.000000000000000E+000 -0.000000000000000E+000  0.250353368866658E-002  0.000000000000000E+000  0.000000000000000E+000 -0.591755531581027E-002 -0.000000000000000E+000 -0.000000000000000E+000  0.250353368866658E-002  -0.674006731282507E-013 -0.110006240890735E-012 -0.140616050727291E-003
      5.28000000 -0.000000000000000E+000 -0.000000000000000E+000 -0.612021525055395E-002 -0.000000000000000E+000 -0.000000000000000E+000  0.253324918429605E-002  0.000000000000000E+000  0.000000000000000E+000 -0.612021525055395E-002 -0.000000000000000E+000 -0.000000000000000E+000  0.253324918429605E-002  -0.101945027578797E-012 -0.131589160904206E-012 -0.145043052968020E-003
      5.36000000 -0.000000000000000E+000 -0.000000000000000E+000 -0.632512504499087E-002 -0.000000000000000E+000 -0.000000000000000E+000  0.256137243046152E-002  0.000000000000000E+000  0.000000000000000E+000 -0.632512504499087E-002 -0.000000000000000E+000 -0.000000000000000E+000  0.256137243046152E-002  -0.140747137573521E-012 -0.155269136477599E-012 -0.149492099298077E-003
      5.44000000 -0.000000000000000E+000 -0.000000000000000E+000 -0.653215289087750E-002 -0.000000000000000E+000 -0.000000000000000E+000  0.258784807358288E-002  0.000000000000000E+000  0.000000000000000E+000 -0.653215289087750E-002 -0.000000000000000E+000 -0.000000000000000E+000  0.258784807358288E-002  -0.183320869696797E-012 -0.180737092190210E-012 -0.153958810846397E-003
      5.52000000 -0.000000000000000E+000 -0.000000000000000E+000 -0.674116262057051E-002 -0.000000000000000E+000 -0.000000000000000E+000  0.261262162116258E-002  0.000000000000000E+000  0.000000000000000E+000 -0.674116262057051E-002 -0.000000000000000E+000 -0.000000000000000E+000  0.261262162116258E-002  -0.228437789256854E-012 -0.207225509528420E-012 -0.158438687796468E-003
      5.60000000 -0.000000000000000E+000 -0.000000000000000E+000 -0.695201377939068E-002 -0.000000000000000E+000 -0.000000000000000E+000  0.263563948525211E-002  0.000000000000000E+000  0.000000000000000E+000 -0.695201377939068E-002 -0.000000000000000E+000 -0.000000000000000E+000  0.263563948525211E-002  -0.274449842192770E-012 -0.233506709228358E-012 -0.162927112230799E-003
      5.68000000 -0.000000000000000E+000 -0.000000000000000E+000 -0.716456170142337E-002 -0.000000000000000E+000 -0.000000000000000E+000  0.265684902540873E-002  0.000000000000000E+000  0.000000000000000E+000 -0.716456170142337E-002 -0.000000000000000E+000 -0.000000000000000E+000  0.265684902540873E-002  -0.319764658766033E-012 -0.258226225373912E-012 -0.167419351250752E-003
      5.76000000 -0.000000000000000E+000 -0.000000000000000E+000 -0.737865758871391E-002 -0.000000000000000E+000 -0.000000000000000E+000  0.267619859113173E-002  0.000000000000000E+000  0.000000000000000E+000 -0.737865758871391E-002 -0.000000000000000E+000 -0.000000000000000E+000  0.267619859113173E-002  -0.363180452066879E-012 -0.280345579760466E-012 -0.171910560361277E-003
      5.84000000 -0.000000000000000E+000 -0.000000000000000E+000 -0.759414859381260E-002 -0.000000000000000E+000 -0.000000000000000E+000  0.269363756373354E-002  0.000000000000000E+000  0.000000000000000E+000 -0.759414859381260E-002 -0.000000000000000E+000 -0.000000000000000E+000  0.269363756373354E-002  -0.403866829643619E-012 -0.299313540412092E-012 -0.176395787101349E-003
      5.92000000 -0.000000000000000E+000 -0.000000000000000E+000 -0.781087790562278E-002 -0.000000000000000E+000 -0.000000000000000E+000  0.270911639762732E-002  0.000000000000000E+000  0.000000000000000E+000 -0.781087790562278E-002 -0.000000000000000E+000 -0.000000000000000E+000  0.270911639762732E-002  -0.441195494831462E-012 -0.314893816508097E-012 -0.180869974900823E-003
      6.00000000 -0.000000000000000E+000 -0.000000000000000E+000 -0.802868483850301E-002 -0.000000000000000E+000 -0.000000000000000E+000  0.272258666100289E-002  0.000000000000000E+000  0.000000000000000E+000 -0.802868483850301E-002 -0.000000000000000E+000 -0.000000000000000E+000  0.272258666100289E-002  -0.474613658368721E-012 -0.326924967584298E-012 -0.185327967151957E-003
      6.08000000 -0.000000000000000E+000 -0.000000000000000E+000 -0.824740492457177E-002 -0.000000000000000E+000 -0.000000000000000E+000  0.273400107585952E-002  0.000000000000000E+000  0.000000000000000E+000 -0.824740492457177E-002 -0.000000000000000E+000 -0.000000000000000E+000  0.273400107585952E-002  -0.503671531203985E-012 -0.335265966796027E-012 -0.189764511494423E-003
      6.16000000 -0.000000000000000E+000 -0.000000000000000E+000 -0.846687000916158E-002 -0.000000000000000E+000 -0.000000000000000E+000  0.274331355737257E-002  0.000000000000000E+000  0.000000000000000E+000 -0.846687000916158E-002 -0.000000000000000E+000 -0.000000000000000E+000  0.274331355737257E-002  -0.528146603428898E-012 -0.339978672143760E-012 -0.194174264319830E-003
      6.24000000 -0.000000000000000E+000 -0.000000000000000E+000 -0.868690834936694E-002 -0.000000000000000E+000 -0.000000000000000E+000  0.275047925256699E-002  0.000000000000000E+000  0.000000000000000E+000 -0.868690834936694E-002 -0.000000000000000E+000 -0.000000000000000E+000  0.275047925256699E-002  -0.548102201736323E-012 -0.341493904411318E-012 -0.198551795501557E-003
      6.32000000 -0.000000000000000E+000 -0.000000000000000E+000 -0.890734471562856E-002 -0.000000000000000E+000 -0.000000000000000E+000  0.275545457827028E-002  0.000000000000000E+000  0.000000000000000E+000 -0.890734471562856E-002 -0.000000000000000E+000 -0.000000000000000E+000  0.275545457827028E-002  -0.563822018165545E-012 -0.340500182423744E-012 -0.202891593349149E-003
      6.40000000 -0.000000000000000E+000 -0.000000000000000E+000 -0.912800049629438E-002 -0.000000000000000E+000 -0.000000000000000E+000  0.275819725832273E-002  0.000000000000000E+000  0.000000000000000E+000 -0.912800049629438E-002 -0.000000000000000E+000 -0.000000000000000E+000  0.275819725832273E-002  -0.575713343552540E-012 -0.337592586103718E-012 -0.207188069779159E-003
      6.48000000 -0.000000000000000E+000 -0.000000000000000E+000 -0.934869380509545E-002 -0.000000000000000E+000 -0.000000000000000E+000  0.275866636001332E-002  0.000000000000000E+000  0.000000000000000E+000 -0.934869380509545E-002 -0.000000000000000E+000 -0.000000000000000E+000  0.275866636001332E-002  -0.584210441273998E-012 -0.332998167213002E-012 -0.211435565692246E-003
      6.56000000 -0.000000000000000E+000 -0.000000000000000E+000 -0.956923959147346E-002 -0.000000000000000E+000 -0.000000000000000E+000  0.275682232972515E-002  0.000000000000000E+000  0.000000000000000E+000 -0.956923959147346E-002 -0.000000000000000E+000 -0.000000000000000E+000  0.275682232972515E-002  -0.589761820671404E-012 -0.326645539571612E-012 -0.215628356552103E-003
      6.64000000 -0.000000000000000E+000 -0.000000000000000E+000 -0.978944975369426E-002 -0.000000000000000E+000 -0.000000000000000E+000  0.275262702775997E-002  0.000000000000000E+000  0.000000000000000E+000 -0.978944975369426E-002 -0.000000000000000E+000 -0.000000000000000E+000  0.275262702775997E-002  -0.592784273655187E-012 -0.318557756279213E-012 -0.219760658170510E-003
      6.72000000 -0.000000000000000E+000 -0.000000000000000E+000 -0.100091332546799E-001 -0.000000000000000E+000 -0.000000000000000E+000  0.274604376232072E-002  0.000000000000000E+000  0.000000000000000E+000 -0.100091332546799E-001 -0.000000000000000E+000 -0.000000000000000E+000  0.274604376232072E-002  -0.593619328678162E-012 -0.309217471014595E-012 -0.223826632705761E-003
      6.80000000 -0.000000000000000E+000 -0.000000000000000E+000 -0.102280962404901E-001 -0.000000000000000E+000 -0.000000000000000E+000  0.273703732262740E-002  0.000000000000000E+000  0.000000000000000E+000 -0.102280962404901E-001 -0.000000000000000E+000 -0.000000000000000E+000  0.273703732262740E-002  -0.592552343736565E-012 -0.299561475865285E-012 -0.227820394871158E-003
      6.88000000 -0.000000000000000E+000 -0.000000000000000E+000 -0.104461421613818E-001 -0.000000000000000E+000 -0.000000000000000E+000  0.272557401114566E-002  0.000000000000000E+000  0.000000000000000E+000 -0.104461421613818E-001 -0.000000000000000E+000 -0.000000000000000E+000  0.272557401114566E-002  -0.589916147815639E-012 -0.290596033674958E-012 -0.231736018326906E-003
      6.96000000 -0.000000000000000E+000 -0.000000000000000E+000 -0.106630718953741E-001 -0.000000000000000E+000 -0.000000000000000E+000  0.271162167490477E-002  0.000000000000000E+000  0.000000000000000E+000 -0.106630718953741E-001 -0.000000000000000E+000 -0.000000000000000E+000  0.271162167490477E-002  -0.586311792734056E-012 -0.282994157169812E-012 -0.235567542202838E-003
      7.04000000 -0.000000000000000E+000 -0.000000000000000E+000 -0.108786838742448E-001 -0.000000000000000E+000 -0.000000000000000E+000  0.269514973588294E-002  0.000000000000000E+000  0.000000000000000E+000 -0.108786838742448E-001 -0.000000000000000E+000 -0.000000000000000E+000  0.269514973588294E-002  -0.582696024165852E-012 -0.277021925374257E-012 -0.239308977685604E-003
      7.12000000 -0.000000000000000E+000 -0.000000000000000E+000 -0.110927742118800E-001 -0.000000000000000E+000 -0.000000000000000E+000  0.267612922044023E-002  0.000000000000000E+000  0.000000000000000E+000 -0.110927742118800E-001 -0.000000000000000E+000 -0.000000000000000E+000  0.267612922044023E-002  -0.580249848479154E-012 -0.272830671578889E-012 -0.242954314612560E-003
      7.20000000 -0.000000000000000E+000 -0.000000000000000E+000 -0.113051368349022E-001 -0.000000000000000E+000 -0.000000000000000E+000  0.265453278777701E-002  0.000000000000000E+000  0.000000000000000E+000 -0.113051368349022E-001 -0.000000000000000E+000 -0.000000000000000E+000  0.265453278777701E-002  -0.579994321351999E-012 -0.270796430978445E-012 -0.246497528043645E-003
      7.28000000 -0.000000000000000E+000 -0.000000000000000E+000 -0.115155636154943E-001 -0.000000000000000E+000 -0.000000000000000E+000  0.263033475740128E-002  0.000000000000000E+000  0.000000000000000E+000 -0.115155636154943E-001 -0.000000000000000E+000 -0.000000000000000E+000  0.263033475740128E-002  -0.582440991956911E-012 -0.271514913688115E-012 -0.249932584818439E-003
      7.36000000 -0.000000000000000E+000 -0.000000000000000E+000 -0.117238445063406E-001 -0.000000000000000E+000 -0.000000000000000E+000  0.260351113557892E-002  0.000000000000000E+000  0.000000000000000E+000 -0.117238445063406E-001 -0.000000000000000E+000 -0.000000000000000E+000  0.260351113557892E-002  -0.587519121121590E-012 -0.275422013152438E-012 -0.253253450131236E-003
      7.44000000 -0.000000000000000E+000 -0.000000000000000E+000 -0.119297676776012E-001 -0.000000000000000E+000 -0.000000000000000E+000  0.257403964075828E-002  0.000000000000000E+000  0.000000000000000E+000 -0.119297676776012E-001 -0.000000000000000E+000 -0.000000000000000E+000  0.257403964075828E-002  -0.594885158807921E-012 -0.282384409146216E-012 -0.256454094162641E-003
      7.52000000 -0.000000000000000E+000 -0.000000000000000E+000 -0.121331196558365E-001 -0.000000000000000E+000 -0.000000000000000E+000  0.254189972794083E-002  0.000000000000000E+000  0.000000000000000E+000 -0.121331196558365E-001 -0.000000000000000E+000 -0.000000000000000E+000  0.254189972794083E-002  -0.604334107984304E-012 -0.291642103302563E-012 -0.259528498794088E-003
      7.60000000 -0.000000000000000E+000 -0.000000000000000E+000 -0.123336854647955E-001 -0.000000000000000E+000 -0.000000000000000E+000  0.250707261198692E-002  0.000000000000000E+000  0.000000000000000E+000 -0.123336854647955E-001 -0.000000000000000E+000 -0.000000000000000E+000  0.250707261198692E-002  -0.615989609610847E-012 -0.302240856663021E-012 -0.262470664414437E-003
      7.68000000 -0.000000000000000E+000 -0.000000000000000E+000 -0.125312487679825E-001 -0.000000000000000E+000 -0.000000000000000E+000  0.246954128983845E-002  0.000000000000000E+000  0.000000000000000E+000 -0.125312487679825E-001 -0.000000000000000E+000 -0.000000000000000E+000  0.246954128983845E-002  -0.630114768183223E-012 -0.313572880046113E-012 -0.265274616816847E-003
      7.76000000 -0.000000000000000E+000 -0.000000000000000E+000 -0.127255920129137E-001 -0.000000000000000E+000 -0.000000000000000E+000  0.242929056163989E-002  0.000000000000000E+000  0.000000000000000E+000 -0.127255920129137E-001 -0.000000000000000E+000 -0.000000000000000E+000  0.242929056163989E-002  -0.646677337972791E-012 -0.325591095737089E-012 -0.267934414183138E-003
      7.84000000 -0.000000000000000E+000 -0.000000000000000E+000 -0.129164965769735E-001 -0.000000000000000E+000 -0.000000000000000E+000  0.238630705074762E-002  0.000000000000000E+000  0.000000000000000E+000 -0.129164965769735E-001 -0.000000000000000E+000 -0.000000000000000E+000  0.238630705074762E-002  -0.665120577650361E-012 -0.338526372290916E-012 -0.270444154155557E-003
      7.92000000 -0.000000000000000E+000 -0.000000000000000E+000 -0.131037429147819E-001 -0.000000000000000E+000 -0.000000000000000E+000  0.234057922260526E-002  0.000000000000000E+000  0.000000000000000E+000 -0.131037429147819E-001 -0.000000000000000E+000 -0.000000000000000E+000  0.234057922260526E-002  -0.684510509034601E-012 -0.352344158292529E-012 -0.272797980993315E-003
      8.00000000 -0.000000000000000E+000 -0.000000000000000E+000 -0.132871107069802E-001 -0.000000000000000E+000 -0.000000000000000E+000  0.229209740247776E-002  0.000000000000000E+000  0.000000000000000E+000 -0.132871107069802E-001 -0.000000000000000E+000 -0.000000000000000E+000  0.229209740247776E-002  -0.703995466723695E-012 -0.366448240677396E-012 -0.274990092799704E-003
      8.08000000 -0.000000000000000E+000 -0.000000000000000E+000 -0.134663790103424E-001 -0.000000000000000E+000 -0.000000000000000E+000  0.224085379202763E-002  0.000000000000000E+000  0.000000000000000E+000 -0.134663790103424E-001 -0.000000000000000E+000 -0.000000000000000E+000  0.224085379202763E-002  -0.723173247600751E-012 -0.379836654007813E-012 -0.277014748790643E-003
      8.16000000 -0.000000000000000E+000 -0.000000000000000E+000 -0.136413264091201E-001 -0.000000000000000E+000 -0.000000000000000E+000  0.218684248472114E-002  0.000000000000000E+000  0.000000000000000E+000 -0.136413264091201E-001 -0.000000000000000E+000 -0.000000000000000E+000  0.218684248472114E-002  -0.742043929216342E-012 -0.391552104485314E-012 -0.278866276566820E-003
      8.24000000 -0.000000000000000E+000 -0.000000000000000E+000 -0.138117311675241E-001 -0.000000000000000E+000 -0.000000000000000E+000  0.213005948005011E-002  0.000000000000000E+000  0.000000000000000E+000 -0.138117311675241E-001 -0.000000000000000E+000 -0.000000000000000E+000  0.213005948005011E-002  -0.760589688491420E-012 -0.401021306658668E-012 -0.280539079356462E-003
      8.32000000 -0.000000000000000E+000 -0.000000000000000E+000 -0.139773713832493E-001 -0.000000000000000E+000 -0.000000000000000E+000  0.207050269656554E-002  0.000000000000000E+000  0.000000000000000E+000 -0.139773713832493E-001 -0.000000000000000E+000 -0.000000000000000E+000  0.207050269656554E-002  -0.778344987836076E-012 -0.408009376660279E-012 -0.282027643212089E-003
      8.40000000 -0.000000000000000E+000 -0.000000000000000E+000 -0.141380251419454E-001 -0.000000000000000E+000 -0.000000000000000E+000  0.200817198370100E-002  0.000000000000000E+000  0.000000000000000E+000 -0.141380251419454E-001 -0.000000000000000E+000 -0.000000000000000E+000  0.200817198370100E-002  -0.794329282334694E-012 -0.412328868985106E-012 -0.283326544163488E-003
      8.48000000 -0.000000000000000E+000 -0.000000000000000E+000 -0.142934706725364E-001 -0.000000000000000E+000 -0.000000000000000E+000  0.194306913238749E-002  0.000000000000000E+000  0.000000000000000E+000 -0.142934706725364E-001 -0.000000000000000E+000 -0.000000000000000E+000  0.194306913238749E-002  -0.807411937601889E-012 -0.413610324174785E-012 -0.284430455340637E-003
      8.56000000 -0.000000000000000E+000 -0.000000000000000E+000 -0.144434865032918E-001 -0.000000000000000E+000 -0.000000000000000E+000  0.187519788444246E-002  0.000000000000000E+000  0.000000000000000E+000 -0.144434865032918E-001 -0.000000000000000E+000 -0.000000000000000E+000  0.187519788444246E-002  -0.816831520710680E-012 -0.411364825777141E-012 -0.285334154080170E-003
      8.64000000 -0.000000000000000E+000 -0.000000000000000E+000 -0.145878516185501E-001 -0.000000000000000E+000 -0.000000000000000E+000  0.180456394072858E-002  0.000000000000000E+000  0.000000000000000E+000 -0.145878516185501E-001 -0.000000000000000E+000 -0.000000000000000E+000  0.180456394072858E-002  -0.822449134570942E-012 -0.405297228863552E-012 -0.286032529020177E-003
      8.72000000 -0.000000000000000E+000 -0.000000000000000E+000 -0.147263456159960E-001 -0.000000000000000E+000 -0.000000000000000E+000  0.173117496807451E-002  0.000000000000000E+000  0.000000000000000E+000 -0.147263456159960E-001 -0.000000000000000E+000 -0.000000000000000E+000  0.173117496807451E-002  -0.824584779697077E-012 -0.395532002102173E-012 -0.286520587176968E-003
      8.80000000 -0.000000000000000E+000 -0.000000000000000E+000 -0.148587488643920E-001 -0.000000000000000E+000 -0.000000000000000E+000  0.165504060494880E-002  0.000000000000000E+000  0.000000000000000E+000 -0.148587488643920E-001 -0.000000000000000E+000 -0.000000000000000E+000  0.165504060494880E-002  -0.823604399670543E-012 -0.382566758150104E-012 -0.286793460988571E-003
      8.88000000 -0.000000000000000E+000 -0.000000000000000E+000 -0.149848426616625E-001 -0.000000000000000E+000 -0.000000000000000E+000  0.157617246588130E-002  0.000000000000000E+000  0.000000000000000E+000 -0.149848426616625E-001 -0.000000000000000E+000 -0.000000000000000E+000  0.157617246588130E-002  -0.819611577460286E-012 -0.366990018761741E-012 -0.286846415303313E-003
      8.96000000 -0.000000000000000E+000 -0.000000000000000E+000 -0.151044093932331E-001 -0.000000000000000E+000 -0.000000000000000E+000  0.149458414463309E-002  0.000000000000000E+000  0.000000000000000E+000 -0.151044093932331E-001 -0.000000000000000E+000 -0.000000000000000E+000  0.149458414463309E-002  -0.812474766967300E-012 -0.349239373706273E-012 -0.286674854285213E-003
      9.04000000 -0.000000000000000E+000 -0.000000000000000E+000 -0.152172326905208E-001 -0.000000000000000E+000 -0.000000000000000E+000  0.141029121609570E-002  0.000000000000000E+000  0.000000000000000E+000 -0.152172326905208E-001 -0.000000000000000E+000 -0.000000000000000E+000  0.141029121609570E-002  -0.802097792431651E-012 -0.329536365894147E-012 -0.286274328199111E-003
      9.12000000 -0.000000000000000E+000 -0.000000000000000E+000 -0.153230975894755E-001 -0.000000000000000E+000 -0.000000000000000E+000  0.132331123693385E-002  0.000000000000000E+000  0.000000000000000E+000 -0.153230975894755E-001 -0.000000000000000E+000 -0.000000000000000E+000  0.132331123693385E-002  -0.788664224339504E-012 -0.308064298776548E-012 -0.285640540028540E-003
      9.20000000 -0.000000000000000E+000 -0.000000000000000E+000 -0.154217906890718E-001 -0.000000000000000E+000 -0.000000000000000E+000  0.123366374495473E-002  0.000000000000000E+000  0.000000000000000E+000 -0.154217906890718E-001 -0.000000000000000E+000 -0.000000000000000E+000  0.123366374495473E-002  -0.772665081792522E-012 -0.285097209723001E-012 -0.284769351871203E-003
      9.28000000 -0.000000000000000E+000 -0.000000000000000E+000 -0.155131003096485E-001 -0.000000000000000E+000 -0.000000000000000E+000  0.114137025720787E-002  0.000000000000000E+000  0.000000000000000E+000 -0.155131003096485E-001 -0.000000000000000E+000 -0.000000000000000E+000  0.114137025720787E-002  -0.754697051189798E-012 -0.261043907703494E-012 -0.283656791053776E-003
      9.36000000 -0.000000000000000E+000 -0.000000000000000E+000 -0.155968166509937E-001 -0.000000000000000E+000 -0.000000000000000E+000  0.104645426681482E-002  0.000000000000000E+000  0.000000000000000E+000 -0.155968166509937E-001 -0.000000000000000E+000 -0.000000000000000E+000  0.104645426681482E-002  -0.735251057518223E-012 -0.236361349550467E-012 -0.282299055909382E-003
      9.44000000 -0.000000000000000E+000 -0.000000000000000E+000 -0.156727319500755E-001 -0.000000000000000E+000 -0.000000000000000E+000  0.948941238523393E-003  0.000000000000000E+000  0.000000000000000E+000 -0.156727319500755E-001 -0.000000000000000E+000 -0.000000000000000E+000  0.948941238523393E-003  -0.714656991123403E-012 -0.211542265246652E-012 -0.280692521166159E-003
      9.52000000 -0.000000000000000E+000 -0.000000000000000E+000 -0.157406406383148E-001 -0.000000000000000E+000 -0.000000000000000E+000  0.848858602991390E-003  0.000000000000000E+000  0.000000000000000E+000 -0.157406406383148E-001 -0.000000000000000E+000 -0.000000000000000E+000  0.848858602991390E-003  -0.693205887506561E-012 -0.187180561919182E-012 -0.278833742901205E-003
      9.60000000 -0.000000000000000E+000 -0.000000000000000E+000 -0.158003394982988E-001 -0.000000000000000E+000 -0.000000000000000E+000  0.746235749799233E-003  0.000000000000000E+000  0.000000000000000E+000 -0.158003394982988E-001 -0.000000000000000E+000 -0.000000000000000E+000  0.746235749799233E-003  -0.671305005630136E-012 -0.164052451525902E-012 -0.276719463019739E-003
      9.68000000 -0.000000000000000E+000 -0.000000000000000E+000 -0.158516278198339E-001 -0.000000000000000E+000 -0.000000000000000E+000  0.641104019189235E-003  0.000000000000000E+000  0.000000000000000E+000 -0.158516278198339E-001 -0.000000000000000E+000 -0.000000000000000E+000  0.641104019189235E-003  -0.649538224504083E-012 -0.143026028645159E-012 -0.274346613224688E-003
      9.76000000 -0.000000000000000E+000 -0.000000000000000E+000 -0.158943075552373E-001 -0.000000000000000E+000 -0.000000000000000E+000  0.533496692542781E-003  0.000000000000000E+000  0.000000000000000E+000 -0.158943075552373E-001 -0.000000000000000E+000 -0.000000000000000E+000  0.533496692542781E-003  -0.628599753007073E-012 -0.124798796423611E-012 -0.271712318448201E-003
      9.84000000 -0.000000000000000E+000 -0.000000000000000E+000 -0.159281834737643E-001 -0.000000000000000E+000 -0.000000000000000E+000  0.423448981587459E-003  0.000000000000000E+000  0.000000000000000E+000 -0.159281834737643E-001 -0.000000000000000E+000 -0.000000000000000E+000  0.423448981587459E-003  -0.609165195409664E-012 -0.109648079973481E-012 -0.268813899723870E-003
      9.92000000 -0.000000000000000E+000 -0.000000000000000E+000 -0.159530633150723E-001 -0.000000000000000E+000 -0.000000000000000E+000  0.310998016349621E-003  0.000000000000000E+000  0.000000000000000E+000 -0.159530633150723E-001 -0.000000000000000E+000 -0.000000000000000E+000  0.310998016349621E-003  -0.591771929240437E-012 -0.974174981897514E-013 -0.265648876486700E-003
     10.00000000 -0.000000000000000E+000 -0.000000000000000E+000 -0.159687579416201E-001 -0.000000000000000E+000 -0.000000000000000E+000  0.196182831847065E-003  0.000000000000000E+000  0.000000000000000E+000 -0.159687579416201E-001 -0.000000000000000E+000 -0.000000000000000E+000  0.196182831847065E-003  -0.576760572423162E-012 -0.877707062102716E-013 -0.262214968296193E-003
     10.08000000 -0.000000000000000E+000 -0.000000000000000E+000 -0.159750814899028E-001 -0.000000000000000E+000 -0.000000000000000E+000  0.790443535337443E-004  0.000000000000000E+000  0.000000000000000E+000 -0.159750814899028E-001 -0.000000000000000E+000 -0.000000000000000E+000  0.790443535337443E-004  -0.564213776801509E-012 -0.805163915422522E-013 -0.258510095985736E-003
     10.16000000 -0.000000000000000E+000 -0.000000000000000E+000 -0.159718515204230E-001 -0.000000000000000E+000 -0.000000000000000E+000 -0.403746184972267E-004  0.000000000000000E+000  0.000000000000000E+000 -0.159718515204230E-001 -0.000000000000000E+000 -0.000000000000000E+000 -0.403746184972267E-004  -0.553963043554373E-012 -0.757022475365372E-013 -0.254532382248456E-003
     10.24000000 -0.000000000000000E+000 -0.000000000000000E+000 -0.159588891662989E-001 -0.000000000000000E+000 -0.000000000000000E+000 -0.162029426551552E-003  0.000000000000000E+000  0.000000000000000E+000 -0.159588891662989E-001 -0.000000000000000E+000 -0.000000000000000E+000 -0.162029426551552E-003  -0.545645302737999E-012 -0.734160413628802E-013 -0.250280151675558E-003
     10.32000000 -0.000000000000000E+000 -0.000000000000000E+000 -0.159360192804113E-001 -0.000000000000000E+000 -0.000000000000000E+000 -0.285873573594581E-003  0.000000000000000E+000  0.000000000000000E+000 -0.159360192804113E-001 -0.000000000000000E+000 -0.000000000000000E+000 -0.285873573594581E-003  -0.538872291515509E-012 -0.734849607319506E-013 -0.245751930268084E-003
     10.40000000 -0.000000000000000E+000 -0.000000000000000E+000 -0.159030705809924E-001 -0.000000000000000E+000 -0.000000000000000E+000 -0.411858742736153E-003  0.000000000000000E+000  0.000000000000000E+000 -0.159030705809924E-001 -0.000000000000000E+000 -0.000000000000000E+000 -0.411858742736153E-003  -0.533408364819033E-012 -0.753780156219918E-013 -0.240946444446830E-003
     10.48000000 -0.000000000000000E+000 -0.000000000000000E+000 -0.158598757955584E-001 -0.000000000000000E+000 -0.000000000000000E+000 -0.539934817924553E-003  0.000000000000000E+000  0.000000000000000E+000 -0.158598757955584E-001 -0.000000000000000E+000 -0.000000000000000E+000 -0.539934817924553E-003  -0.529246953186517E-012 -0.784519127439957E-013 -0.235862619588189E-003
     10.56000000 -0.000000000000000E+000 -0.000000000000000E+000 -0.158062718030913E-001 -0.000000000000000E+000 -0.000000000000000E+000 -0.670049905839368E-003  0.000000000000000E+000  0.000000000000000E+000 -0.158062718030913E-001 -0.000000000000000E+000 -0.000000000000000E+000 -0.670049905839368E-003  -0.526491303534428E-012 -0.823128139019979E-013 -0.230499578115646E-003
     10.64000000 -0.000000000000000E+000 -0.000000000000000E+000 -0.157420997743732E-001 -0.000000000000000E+000 -0.000000000000000E+000 -0.802150358975798E-003  0.000000000000000E+000  0.000000000000000E+000 -0.157420997743732E-001 -0.000000000000000E+000 -0.000000000000000E+000 -0.802150358975798E-003  -0.525122040266442E-012 -0.869543346008443E-013 -0.224856637177565E-003
     10.72000000 -0.000000000000000E+000 -0.000000000000000E+000 -0.156672053103808E-001 -0.000000000000000E+000 -0.000000000000000E+000 -0.936180799905552E-003  0.000000000000000E+000  0.000000000000000E+000 -0.156672053103808E-001 -0.000000000000000E+000 -0.000000000000000E+000 -0.936180799905552E-003  -0.524842643374374E-012 -0.925081858286192E-013 -0.218933305941783E-003
     10.80000000 -0.000000000000000E+000 -0.000000000000000E+000 -0.155814385786445E-001 -0.000000000000000E+000 -0.000000000000000E+000 -0.107208414670357E-002  0.000000000000000E+000  0.000000000000000E+000 -0.155814385786445E-001 -0.000000000000000E+000 -0.000000000000000E+000 -0.107208414670357E-002  -0.525111588758278E-012 -0.987878366248921E-013 -0.212729282537535E-003
     10.88000000 -0.000000000000000E+000 -0.000000000000000E+000 -0.154846544474825E-001 -0.000000000000000E+000 -0.000000000000000E+000 -0.120980163952540E-002  0.000000000000000E+000  0.000000000000000E+000 -0.154846544474825E-001 -0.000000000000000E+000 -0.000000000000000E+000 -0.120980163952540E-002  -0.525366413161802E-012 -0.105024139161111E-012 -0.206244450676991E-003
     10.96000000 -0.000000000000000E+000 -0.000000000000000E+000 -0.153767126180164E-001 -0.000000000000000E+000 -0.000000000000000E+000 -0.134927286832638E-002  0.000000000000000E+000  0.000000000000000E+000 -0.153767126180164E-001 -0.000000000000000E+000 -0.000000000000000E+000 -0.134927286832638E-002  -0.525219553209057E-012 -0.110046133507337E-012 -0.199478875994134E-003
     11.04000000 -0.000000000000000E+000 -0.000000000000000E+000 -0.152574777538803E-001 -0.000000000000000E+000 -0.000000000000000E+000 -0.149043580170026E-002  0.000000000000000E+000  0.000000000000000E+000 -0.152574777538803E-001 -0.000000000000000E+000 -0.000000000000000E+000 -0.149043580170026E-002  -0.524438999925012E-012 -0.112788975519317E-012 -0.192432802147232E-003
     11.12000000 -0.000000000000000E+000 -0.000000000000000E+000 -0.151268196085339E-001 -0.000000000000000E+000 -0.000000000000000E+000 -0.163322681683044E-002  0.000000000000000E+000  0.000000000000000E+000 -0.151268196085339E-001 -0.000000000000000E+000 -0.000000000000000E+000 -0.163322681683044E-002  -0.522738734753221E-012 -0.112741938211177E-012 -0.185106646740780E-003
     11.20000000 -0.000000000000000E+000 -0.000000000000000E+000 -0.149846131500914E-001 -0.000000000000000E+000 -0.000000000000000E+000 -0.177758073053127E-002  0.000000000000000E+000  0.000000000000000E+000 -0.149846131500914E-001 -0.000000000000000E+000 -0.000000000000000E+000 -0.177758073053127E-002  -0.519571699896119E-012 -0.110006244153380E-012 -0.177500997129022E-003
     11.28000000 -0.000000000000000E+000 -0.000000000000000E+000 -0.148307386835820E-001 -0.000000000000000E+000 -0.000000000000000E+000 -0.192343083136714E-002  0.000000000000000E+000  0.000000000000000E+000 -0.148307386835820E-001 -0.000000000000000E+000 -0.000000000000000E+000 -0.192343083136714E-002  -0.514163237418974E-012 -0.104945445910234E-012 -0.169616606163325E-003
     11.36000000 -0.000000000000000E+000 -0.000000000000000E+000 -0.146650819705557E-001 -0.000000000000000E+000 -0.000000000000000E+000 -0.207070891282857E-002  0.000000000000000E+000  0.000000000000000E+000 -0.146650819705557E-001 -0.000000000000000E+000 -0.000000000000000E+000 -0.207070891282857E-002  -0.505800627196858E-012 -0.977684750127484E-013 -0.161454387939398E-003
     11.44000000 -0.000000000000000E+000 -0.000000000000000E+000 -0.144875343459517E-001 -0.000000000000000E+000 -0.000000000000000E+000 -0.221934530755094E-002  0.000000000000000E+000  0.000000000000000E+000 -0.144875343459517E-001 -0.000000000000000E+000 -0.000000000000000E+000 -0.221934530755094E-002  -0.494191971888212E-012 -0.883711205582215E-013 -0.153015413590698E-003
     11.52000000 -0.000000000000000E+000 -0.000000000000000E+000 -0.142979928321473E-001 -0.000000000000000E+000 -0.000000000000000E+000 -0.236926892255441E-002  0.000000000000000E+000  0.000000000000000E+000 -0.142979928321473E-001 -0.000000000000000E+000 -0.000000000000000E+000 -0.236926892255441E-002  -0.479594087114159E-012 -0.765124796001901E-013 -0.144300907165163E-003
     11.60000000 -0.000000000000000E+000 -0.000000000000000E+000 -0.140963602501084E-001 -0.000000000000000E+000 -0.000000000000000E+000 -0.252040727548595E-002  0.000000000000000E+000  0.000000000000000E+000 -0.140963602501084E-001 -0.000000000000000E+000 -0.000000000000000E+000 -0.252040727548595E-002  -0.462588801688466E-012 -0.621231955750967E-013 -0.135312241616311E-003
     11.68000000 -0.000000000000000E+000 -0.000000000000000E+000 -0.138825453275607E-001 -0.000000000000000E+000 -0.000000000000000E+000 -0.267268653184663E-002  0.000000000000000E+000  0.000000000000000E+000 -0.138825453275607E-001 -0.000000000000000E+000 -0.000000000000000E+000 -0.267268653184663E-002  -0.443685581961010E-012 -0.454488402750093E-013 -0.126050934936428E-003
     11.76000000 -0.000000000000000E+000 -0.000000000000000E+000 -0.136564628041064E-001 -0.000000000000000E+000 -0.000000000000000E+000 -0.282603154317912E-002  0.000000000000000E+000  0.000000000000000E+000 -0.136564628041064E-001 -0.000000000000000E+000 -0.000000000000000E+000 -0.282603154317912E-002  -0.423039992873506E-012 -0.269025138015720E-013 -0.116518646457487E-003
     11.84000000 -0.000000000000000E+000 -0.000000000000000E+000 -0.134180335332105E-001 -0.000000000000000E+000 -0.000000000000000E+000 -0.298036588619857E-002  0.000000000000000E+000  0.000000000000000E+000 -0.134180335332105E-001 -0.000000000000000E+000 -0.000000000000000E+000 -0.298036588619857E-002  -0.400498209227170E-012 -0.681199607074500E-014 -0.106717173342901E-003
     11.92000000 -0.000000000000000E+000 -0.000000000000000E+000 -0.131671845809833E-001 -0.000000000000000E+000 -0.000000000000000E+000 -0.313561190283954E-002  0.000000000000000E+000  0.000000000000000E+000 -0.131671845809833E-001 -0.000000000000000E+000 -0.000000000000000E+000 -0.313561190283954E-002  -0.375869497774262E-012  0.147187173493667E-013 -0.966484472907151E-004
     12.00000000 -0.000000000000000E+000 -0.000000000000000E+000 -0.129038493216869E-001 -0.000000000000000E+000 -0.000000000000000E+000 -0.329169074120485E-002  0.000000000000000E+000  0.000000000000000E+000 -0.129038493216869E-001 -0.000000000000000E+000 -0.000000000000000E+000 -0.329169074120485E-002  -0.349199436667498E-012  0.376990497316731E-013 -0.863145314669081E-004
     12.08000000 -0.000000000000000E+000 -0.000000000000000E+000 -0.126279675298961E-001 -0.000000000000000E+000 -0.000000000000000E+000 -0.344852239738608E-002  0.000000000000000E+000  0.000000000000000E+000 -0.126279675298961E-001 -0.000000000000000E+000 -0.000000000000000E+000 -0.344852239738608E-002  -0.320794227187934E-012  0.620400621147669E-013 -0.757176176866811E-004
     12.16000000 -0.000000000000000E+000 -0.000000000000000E+000 -0.123394854692453E-001 -0.000000000000000E+000 -0.000000000000000E+000 -0.360602575813461E-002  0.000000000000000E+000  0.000000000000000E+000 -0.123394854692453E-001 -0.000000000000000E+000 -0.000000000000000E+000 -0.360602575813461E-002  -0.291041124265981E-012  0.873784511502572E-013 -0.648600238607769E-004
     12.24000000 -0.000000000000000E+000 -0.000000000000000E+000 -0.120383559776965E-001 -0.000000000000000E+000 -0.000000000000000E+000 -0.376411864435988E-002  0.000000000000000E+000  0.000000000000000E+000 -0.120383559776965E-001 -0.000000000000000E+000 -0.000000000000000E+000 -0.376411864435988E-002  -0.260196231262172E-012  0.113109820807910E-012 -0.537441917219684E-004
     12.32000000 -0.000000000000000E+000 -0.000000000000000E+000 -0.117245385492620E-001 -0.000000000000000E+000 -0.000000000000000E+000 -0.392271785543145E-002  0.000000000000000E+000  0.000000000000000E+000 -0.117245385492620E-001 -0.000000000000000E+000 -0.000000000000000E+000 -0.392271785543145E-002  -0.228370281609362E-012  0.138539586753859E-012 -0.423726848442150E-004
     12.40000000 -0.000000000000000E+000 -0.000000000000000E+000 -0.113979994121214E-001 -0.000000000000000E+000 -0.000000000000000E+000 -0.408173921425715E-002  0.000000000000000E+000  0.000000000000000E+000 -0.113979994121214E-001 -0.000000000000000E+000 -0.000000000000000E+000 -0.408173921425715E-002  -0.195701705839379E-012  0.163052162335031E-012 -0.307481869660987E-004
     12.48000000 -0.000000000000000E+000 -0.000000000000000E+000 -0.110587116030725E-001 -0.000000000000000E+000 -0.000000000000000E+000 -0.424109761311140E-002  0.000000000000000E+000  0.000000000000000E+000 -0.110587116030725E-001 -0.000000000000000E+000 -0.000000000000000E+000 -0.424109761311140E-002  -0.162565778197654E-012  0.186188291808823E-012 -0.188735006331360E-004
     12.56000000 -0.000000000000000E+000 -0.000000000000000E+000 -0.107066550382572E-001 -0.000000000000000E+000 -0.000000000000000E+000 -0.440070706019123E-002  0.000000000000000E+000  0.000000000000000E+000 -0.107066550382572E-001 -0.000000000000000E+000 -0.000000000000000E+000 -0.440070706019123E-002  -0.129606847815451E-012  0.207689654972624E-012 -0.675154617968581E-005
     12.64000000 -0.000000000000000E+000 -0.000000000000000E+000 -0.103418165801075E-001 -0.000000000000000E+000 -0.000000000000000E+000 -0.456048072687142E-002  0.000000000000000E+000  0.000000000000000E+000 -0.103418165801075E-001 -0.000000000000000E+000 -0.000000000000000E+000 -0.456048072687142E-002  -0.975515372008340E-013  0.227497477527830E-012  0.561463892415509E-005
     12.72000000 -0.000000000000000E+000 -0.000000000000000E+000 -0.996419010045704E-002 -0.000000000000000E+000 -0.000000000000000E+000 -0.472033099563061E-002  0.000000000000000E+000  0.000000000000000E+000 -0.996419010045704E-002 -0.000000000000000E+000 -0.000000000000000E+000 -0.472033099563061E-002  -0.669628404174649E-013  0.245754222636015E-012  0.182219003387732E-004
     12.80000000 -0.000000000000000E+000 -0.000000000000000E+000 -0.957377653976731E-002 -0.000000000000000E+000 -0.000000000000000E+000 -0.488016950862165E-002  0.000000000000000E+000  0.000000000000000E+000 -0.957377653976731E-002 -0.000000000000000E+000 -0.000000000000000E+000 -0.488016950862165E-002  -0.380752091579079E-013  0.262698693354850E-012  0.310669667276353E-004
     12.88000000 -0.000000000000000E+000 -0.000000000000000E+000 -0.917058396241857E-002 -0.000000000000000E+000 -0.000000000000000E+000 -0.503990721685923E-002  0.000000000000000E+000  0.000000000000000E+000 -0.917058396241857E-002 -0.000000000000000E+000 -0.000000000000000E+000 -0.503990721685923E-002  -0.108348599671712E-013  0.278497389758656E-012  0.441464492544581E-004
     12.96000000 -0.000000000000000E+000 -0.000000000000000E+000 -0.875462760801881E-002 -0.000000000000000E+000 -0.000000000000000E+000 -0.519945442999704E-002  0.000000000000000E+000  0.000000000000000E+000 -0.875462760801881E-002 -0.000000000000000E+000 -0.000000000000000E+000 -0.519945442999704E-002   0.149355095971006E-013  0.293096725907978E-012  0.574568407501934E-004
     13.04000000 -0.000000000000000E+000 -0.000000000000000E+000 -0.832592993868570E-002 -0.000000000000000E+000 -0.000000000000000E+000 -0.535872086666379E-002  0.000000000000000E+000  0.000000000000000E+000 -0.832592993868570E-002 -0.000000000000000E+000 -0.000000000000000E+000 -0.535872086666379E-002   0.393937039062494E-013  0.306209609836022E-012  0.709945146160263E-004
     13.12000000 -0.000000000000000E+000 -0.000000000000000E+000 -0.788452068225942E-002 -0.000000000000000E+000 -0.000000000000000E+000 -0.551761570532854E-002  0.000000000000000E+000  0.000000000000000E+000 -0.788452068225942E-002 -0.000000000000000E+000 -0.000000000000000E+000 -0.551761570532854E-002   0.626236858854613E-013  0.317527043672658E-012  0.847557235387552E-004
     13.20000000 -0.000000000000000E+000 -0.000000000000000E+000 -0.743043687140592E-002 -0.000000000000000E+000 -0.000000000000000E+000 -0.567604763566879E-002  0.000000000000000E+000  0.000000000000000E+000 -0.743043687140592E-002 -0.000000000000000E+000 -0.000000000000000E+000 -0.567604763566879E-002   0.846452156212754E-013  0.326958922186224E-012  0.987365980952206E-004
     13.28000000 -0.000000000000000E+000 -0.000000000000000E+000 -0.696372287857307E-002 -0.000000000000000E+000 -0.000000000000000E+000 -0.583392491041066E-002  0.000000000000000E+000  0.000000000000000E+000 -0.696372287857307E-002 -0.000000000000000E+000 -0.000000000000000E+000 -0.583392491041066E-002   0.105446703444219E-012  0.334743120337255E-012  0.112933145317074E-003
     13.36000000 -0.000000000000000E+000 -0.000000000000000E+000 -0.648443044676424E-002 -0.000000000000000E+000 -0.000000000000000E+000 -0.599115539761035E-002  0.000000000000000E+000  0.000000000000000E+000 -0.648443044676424E-002 -0.000000000000000E+000 -0.000000000000000E+000 -0.599115539761035E-002   0.124978198503785E-012  0.341304512361820E-012  0.127341247279163E-003
     13.44000000 -0.000000000000000E+000 -0.000000000000000E+000 -0.599261871609675E-002 -0.000000000000000E+000 -0.000000000000000E+000 -0.614764663334363E-002  0.000000000000000E+000  0.000000000000000E+000 -0.599261871609675E-002 -0.000000000000000E+000 -0.000000000000000E+000 -0.614764663334363E-002   0.143161735119027E-012  0.346984217627194E-012  0.141956659763955E-003
     13.52000000 -0.000000000000000E+000 -0.000000000000000E+000 -0.548835424611432E-002 -0.000000000000000E+000 -0.000000000000000E+000 -0.630330587478033E-002  0.000000000000000E+000  0.000000000000000E+000 -0.548835424611432E-002 -0.000000000000000E+000 -0.000000000000000E+000 -0.630330587478033E-002   0.159946568361736E-012  0.351890842823358E-012  0.156775011038701E-003
     13.60000000 -0.000000000000000E+000 -0.000000000000000E+000 -0.497171103382605E-002 -0.000000000000000E+000 -0.000000000000000E+000 -0.645804015360338E-002  0.000000000000000E+000  0.000000000000000E+000 -0.497171103382605E-002 -0.000000000000000E+000 -0.000000000000000E+000 -0.645804015360338E-002   0.175376066820757E-012  0.356012347784799E-012  0.171791800760475E-003
     13.68000000 -0.000000000000000E+000 -0.000000000000000E+000 -0.444277052744598E-002 -0.000000000000000E+000 -0.000000000000000E+000 -0.661175632975088E-002  0.000000000000000E+000  0.000000000000000E+000 -0.444277052744598E-002 -0.000000000000000E+000 -0.000000000000000E+000 -0.661175632975088E-002   0.189631527922285E-012  0.359496035431121E-012  0.187002399000532E-003
     13.76000000 -0.000000000000000E+000 -0.000000000000000E+000 -0.390162163581063E-002 -0.000000000000000E+000 -0.000000000000000E+000 -0.676436114544194E-002  0.000000000000000E+000  0.000000000000000E+000 -0.390162163581063E-002 -0.000000000000000E+000 -0.000000000000000E+000 -0.676436114544194E-002   0.202983748476014E-012  0.362818726333038E-012  0.202402045359548E-003
     13.84000000 -0.000000000000000E+000 -0.000000000000000E+000 -0.334836073345406E-002 -0.000000000000000E+000 -0.000000000000000E+000 -0.691576127945712E-002  0.000000000000000E+000  0.000000000000000E+000 -0.334836073345406E-002 -0.000000000000000E+000 -0.000000000000000E+000 -0.691576127945712E-002   0.215710233039666E-012  0.366647786079460E-012  0.217985848135253E-003
     13.92000000 -0.000000000000000E+000 -0.000000000000000E+000 -0.278309166132267E-002 -0.000000000000000E+000 -0.000000000000000E+000 -0.706586340164236E-002  0.000000000000000E+000  0.000000000000000E+000 -0.278309166132267E-002 -0.000000000000000E+000 -0.000000000000000E+000 -0.706586340164236E-002   0.228042905508517E-012  0.371465225608028E-012  0.233748783504537E-003
     14.00000000 -0.000000000000000E+000 -0.000000000000000E+000 -0.220592572311415E-002 -0.000000000000000E+000 -0.000000000000000E+000 -0.721457422760639E-002  0.000000000000000E+000  0.000000000000000E+000 -0.220592572311415E-002 -0.000000000000000E+000 -0.000000000000000E+000 -0.721457422760639E-002   0.240201873730972E-012  0.377239452221133E-012  0.249685694690205E-003
     14.08000000 -0.000000000000000E+000 -0.000000000000000E+000 -0.161698167722812E-002 -0.000000000000000E+000 -0.000000000000000E+000 -0.736180057357541E-002  0.000000000000000E+000  0.000000000000000E+000 -0.161698167722812E-002 -0.000000000000000E+000 -0.000000000000000E+000 -0.736180057357541E-002   0.252447331421037E-012  0.383461092428806E-012  0.265791291092543E-003
     14.16000000 -0.000000000000000E+000 -0.000000000000000E+000 -0.101638572431842E-002 -0.000000000000000E+000 -0.000000000000000E+000 -0.750744941137134E-002  0.000000000000000E+000  0.000000000000000E+000 -0.101638572431842E-002 -0.000000000000000E+000 -0.000000000000000E+000 -0.750744941137134E-002   0.265086744260357E-012  0.389518589948963E-012  0.282060147374585E-003
     14.24000000 -0.000000000000000E+000 -0.000000000000000E+000 -0.404271490439246E-003 -0.000000000000000E+000 -0.000000000000000E+000 -0.765142792348962E-002  0.000000000000000E+000  0.000000000000000E+000 -0.404271490439246E-003 -0.000000000000000E+000 -0.000000000000000E+000 -0.765142792348962E-002   0.278368515766257E-012  0.395152613911830E-012  0.298486702497627E-003
     14.32000000  0.000000000000000E+000  0.000000000000000E+000  0.219219994219522E-003 -0.000000000000000E+000 -0.000000000000000E+000 -0.779364355823460E-002  0.000000000000000E+000  0.000000000000000E+000  0.219219994219522E-003 -0.000000000000000E+000 -0.000000000000000E+000 -0.779364355823460E-002   0.292353742487964E-012  0.400639883079524E-012  0.315065258712395E-003
     14.40000000  0.000000000000000E+000  0.000000000000000E+000  0.853940321010329E-003 -0.000000000000000E+000 -0.000000000000000E+000 -0.793400408488508E-002  0.000000000000000E+000  0.000000000000000E+000  0.853940321010329E-003 -0.000000000000000E+000 -0.000000000000000E+000 -0.793400408488508E-002   0.306883304957059E-012  0.406573737631791E-012  0.331789980522375E-003
     14.48000000  0.000000000000000E+000  0.000000000000000E+000  0.149973373291879E-002 -0.000000000000000E+000 -0.000000000000000E+000 -0.807241764885573E-002  0.000000000000000E+000  0.000000000000000E+000  0.149973373291879E-002 -0.000000000000000E+000 -0.000000000000000E+000 -0.807241764885573E-002   0.321714064813016E-012  0.413445001915462E-012  0.348654893647198E-003
     14.56000000  0.000000000000000E+000  0.000000000000000E+000  0.215643715906454E-002 -0.000000000000000E+000 -0.000000000000000E+000 -0.820879282682185E-002  0.000000000000000E+000  0.000000000000000E+000  0.215643715906454E-002 -0.000000000000000E+000 -0.000000000000000E+000 -0.820879282682185E-002   0.336730503075057E-012  0.421336169912363E-012  0.365653884021561E-003
     14.64000000  0.000000000000000E+000  0.000000000000000E+000  0.282388025360650E-002 -0.000000000000000E+000 -0.000000000000000E+000 -0.834303868177454E-002  0.000000000000000E+000  0.000000000000000E+000  0.282388025360650E-002 -0.000000000000000E+000 -0.000000000000000E+000 -0.834303868177454E-002   0.352083128337403E-012  0.429969294097914E-012  0.382780696865647E-003
     14.72000000  0.000000000000000E+000  0.000000000000000E+000  0.350188543904440E-002 -0.000000000000000E+000 -0.000000000000000E+000 -0.847506481797378E-002  0.000000000000000E+000  0.000000000000000E+000  0.350188543904440E-002 -0.000000000000000E+000 -0.000000000000000E+000 -0.847506481797378E-002   0.368122014925133E-012  0.438971725903331E-012  0.400028935857088E-003
     14.80000000  0.000000000000000E+000  0.000000000000000E+000  0.419026795390568E-002 -0.000000000000000E+000 -0.000000000000000E+000 -0.860478143576605E-002  0.000000000000000E+000  0.000000000000000E+000  0.419026795390568E-002 -0.000000000000000E+000 -0.000000000000000E+000 -0.860478143576605E-002   0.385165061707047E-012  0.448146252216086E-012  0.417392062425429E-003
     14.88000000  0.000000000000000E+000  0.000000000000000E+000  0.488883590480444E-002 -0.000000000000000E+000 -0.000000000000000E+000 -0.873209938623441E-002  0.000000000000000E+000  0.000000000000000E+000  0.488883590480444E-002 -0.000000000000000E+000 -0.000000000000000E+000 -0.873209938623441E-002   0.403302571932285E-012  0.457488008682818E-012  0.434863395182912E-003
     14.96000000  0.000000000000000E+000  0.000000000000000E+000  0.559739032285627E-002 -0.000000000000000E+000 -0.000000000000000E+000 -0.885693022564790E-002  0.000000000000000E+000  0.000000000000000E+000  0.559739032285627E-002 -0.000000000000000E+000 -0.000000000000000E+000 -0.885693022564790E-002   0.422350105243217E-012  0.467002745088662E-012  0.452436109502098E-003
     15.04000000  0.000000000000000E+000  0.000000000000000E+000  0.631572522443049E-002 -0.000000000000000E+000 -0.000000000000000E+000 -0.897918626967772E-002  0.000000000000000E+000  0.000000000000000E+000  0.631572522443049E-002 -0.000000000000000E+000 -0.000000000000000E+000 -0.897918626967772E-002   0.442000511681887E-012  0.476508226373322E-012  0.470103237250499E-003
     15.12000000  0.000000000000000E+000  0.000000000000000E+000  0.704362767621829E-002 -0.000000000000000E+000 -0.000000000000000E+000 -0.909878064734749E-002  0.000000000000000E+000  0.000000000000000E+000  0.704362767621829E-002 -0.000000000000000E+000 -0.000000000000000E+000 -0.909878064734749E-002   0.462003914270101E-012  0.485616902462461E-012  0.487857666691747E-003
     15.20000000  0.000000000000000E+000  0.000000000000000E+000  0.778087786459313E-002 -0.000000000000000E+000 -0.000000000000000E+000 -0.921562735468560E-002  0.000000000000000E+000  0.000000000000000E+000  0.778087786459313E-002 -0.000000000000000E+000 -0.000000000000000E+000 -0.921562735468560E-002   0.482240216535545E-012  0.493925030270546E-012  0.505692142558884E-003
     15.28000000  0.000000000000000E+000  0.000000000000000E+000  0.852724916923690E-002 -0.000000000000000E+000 -0.000000000000000E+000 -0.932964130804703E-002  0.000000000000000E+000  0.000000000000000E+000  0.852724916923690E-002 -0.000000000000000E+000 -0.000000000000000E+000 -0.932964130804703E-002   0.502634546789030E-012  0.501240910555817E-012  0.523599266297962E-003
     15.36000000  0.000000000000000E+000  0.000000000000000E+000  0.928250824100262E-002 -0.000000000000000E+000 -0.000000000000000E+000 -0.944073839707158E-002  0.000000000000000E+000  0.000000000000000E+000  0.928250824100262E-002 -0.000000000000000E+000 -0.000000000000000E+000 -0.944073839707158E-002   0.523022044561046E-012  0.507700700790130E-012  0.541571496471702E-003
     15.44000000  0.000000000000000E+000  0.000000000000000E+000  0.100464150839827E-001 -0.000000000000000E+000 -0.000000000000000E+000 -0.954883553725052E-002  0.000000000000000E+000  0.000000000000000E+000  0.100464150839827E-001 -0.000000000000000E+000 -0.000000000000000E+000 -0.954883553725052E-002   0.543116597431347E-012  0.513683991447845E-012  0.559601149307062E-003
     15.52000000  0.000000000000000E+000  0.000000000000000E+000  0.108187231417475E-001 -0.000000000000000E+000 -0.000000000000000E+000 -0.965385072206062E-002  0.000000000000000E+000  0.000000000000000E+000  0.108187231417475E-001 -0.000000000000000E+000 -0.000000000000000E+000 -0.965385072206062E-002   0.562649877408934E-012  0.519605444182901E-012  0.577680399370001E-003
     15.60000000  0.000000000000000E+000  0.000000000000000E+000  0.115991793877193E-001 -0.000000000000000E+000 -0.000000000000000E+000 -0.975570307464786E-002  0.000000000000000E+000  0.000000000000000E+000  0.115991793877193E-001 -0.000000000000000E+000 -0.000000000000000E+000 -0.975570307464786E-002   0.581516880266321E-012  0.525724784645172E-012  0.595801280356722E-003
     15.68000000  0.000000000000000E+000  0.000000000000000E+000  0.123875244196406E-001 -0.000000000000000E+000 -0.000000000000000E+000 -0.985431289901545E-002  0.000000000000000E+000  0.000000000000000E+000  0.123875244196406E-001 -0.000000000000000E+000 -0.000000000000000E+000 -0.985431289901545E-002   0.599844081198599E-012  0.532039924741585E-012  0.613955686001597E-003
     15.76000000  0.000000000000000E+000  0.000000000000000E+000  0.131834925580962E-001 -0.000000000000000E+000 -0.000000000000000E+000 -0.994960173069494E-002  0.000000000000000E+000  0.000000000000000E+000  0.131834925580962E-001 -0.000000000000000E+000 -0.000000000000000E+000 -0.994960173069494E-002   0.617870828627172E-012  0.538309235461583E-012  0.632135371115372E-003
     15.84000000  0.000000000000000E+000  0.000000000000000E+000  0.139868119490453E-001 -0.000000000000000E+000 -0.000000000000000E+000 -0.100414923868637E-001  0.000000000000000E+000  0.000000000000000E+000  0.139868119490453E-001 -0.000000000000000E+000 -0.000000000000000E+000 -0.100414923868637E-001   0.635734545930322E-012  0.544139363237534E-012  0.650331952779107E-003
     15.92000000  0.000000000000000E+000  0.000000000000000E+000  0.147972046703159E-001 -0.000000000000000E+000 -0.000000000000000E+000 -0.101299090158822E-001  0.000000000000000E+000  0.000000000000000E+000  0.147972046703159E-001 -0.000000000000000E+000 -0.000000000000000E+000 -0.101299090158822E-001   0.653334830214502E-012  0.549128774296804E-012  0.668536911726402E-003
     16.00000000  0.000000000000000E+000  0.000000000000000E+000  0.156143868420132E-001 -0.000000000000000E+000 -0.000000000000000E+000 -0.102147771462175E-001  0.000000000000000E+000  0.000000000000000E+000  0.156143868420132E-001 -0.000000000000000E+000 -0.000000000000000E+000 -0.102147771462175E-001   0.670334147257820E-012  0.553024935365876E-012  0.686741593946366E-003
     16.08000000  0.000000000000000E+000  0.000000000000000E+000  0.164380687407913E-001 -0.000000000000000E+000 -0.000000000000000E+000 -0.102960237347256E-001  0.000000000000000E+000  0.000000000000000E+000  0.164380687407913E-001 -0.000000000000000E+000 -0.000000000000000E+000 -0.102960237347256E-001   0.686292917328349E-012  0.555825796248557E-012  0.704937212532774E-003
     16.16000000  0.000000000000000E+000  0.000000000000000E+000  0.172679549179321E-001 -0.000000000000000E+000 -0.000000000000000E+000 -0.103735772142600E-001  0.000000000000000E+000  0.000000000000000E+000  0.172679549179321E-001 -0.000000000000000E+000 -0.000000000000000E+000 -0.103735772142600E-001   0.700844317687174E-012  0.557762323379179E-012  0.723114849793659E-003
     16.24000000  0.000000000000000E+000  0.000000000000000E+000  0.181037443211788E-001 -0.000000000000000E+000 -0.000000000000000E+000 -0.104473675405843E-001  0.000000000000000E+000  0.000000000000000E+000  0.181037443211788E-001 -0.000000000000000E+000 -0.000000000000000E+000 -0.104473675405843E-001   0.713754560464590E-012  0.559169253135695E-012  0.741265459625165E-003
     16.32000000  0.000000000000000E+000  0.000000000000000E+000  0.189451304202624E-001 -0.000000000000000E+000 -0.000000000000000E+000 -0.105173262385449E-001  0.000000000000000E+000  0.000000000000000E+000  0.189451304202624E-001 -0.000000000000000E+000 -0.000000000000000E+000 -0.105173262385449E-001   0.724939044260797E-012  0.560308240395318E-012  0.759379870147423E-003
     16.40000000  0.000000000000000E+000  0.000000000000000E+000  0.197918013360622E-001 -0.000000000000000E+000 -0.000000000000000E+000 -0.105833864474976E-001  0.000000000000000E+000  0.000000000000000E+000  0.197918013360622E-001 -0.000000000000000E+000 -0.000000000000000E+000 -0.105833864474976E-001   0.734438162633957E-012  0.561270309200855E-012  0.777448786600410E-003
     16.48000000  0.000000000000000E+000  0.000000000000000E+000  0.206434399733372E-001 -0.000000000000000E+000 -0.000000000000000E+000 -0.106454829659375E-001  0.000000000000000E+000  0.000000000000000E+000  0.206434399733372E-001 -0.000000000000000E+000 -0.000000000000000E+000 -0.106454829659375E-001   0.742413950351666E-012  0.562036999002537E-012  0.795462794501036E-003
     16.56000000  0.000000000000000E+000  0.000000000000000E+000  0.214997241569625E-001 -0.000000000000000E+000 -0.000000000000000E+000 -0.107035522953157E-001  0.000000000000000E+000  0.000000000000000E+000  0.214997241569625E-001 -0.000000000000000E+000 -0.000000000000000E+000 -0.107035522953157E-001   0.749148566009859E-012  0.562623907253285E-012  0.813412363064791E-003
     16.64000000  0.000000000000000E+000  0.000000000000000E+000  0.223603267716045E-001 -0.000000000000000E+000 -0.000000000000000E+000 -0.107575326830246E-001  0.000000000000000E+000  0.000000000000000E+000  0.223603267716045E-001 -0.000000000000000E+000 -0.000000000000000E+000 -0.107575326830246E-001   0.755004630562087E-012  0.563161349030886E-012  0.831287848891282E-003
     16.72000000  0.000000000000000E+000  0.000000000000000E+000  0.232249159047642E-001 -0.000000000000000E+000 -0.000000000000000E+000 -0.108073641644971E-001  0.000000000000000E+000  0.000000000000000E+000  0.232249159047642E-001 -0.000000000000000E+000 -0.000000000000000E+000 -0.108073641644971E-001   0.760309902340656E-012  0.563788546937087E-012  0.849079499902621E-003
     16.80000000  0.000000000000000E+000  0.000000000000000E+000  0.240931549931187E-001 -0.000000000000000E+000 -0.000000000000000E+000 -0.108529886044307E-001  0.000000000000000E+000  0.000000000000000E+000  0.240931549931187E-001 -0.000000000000000E+000 -0.000000000000000E+000 -0.108529886044307E-001   0.765264054492748E-012  0.564456167514286E-012  0.866777459510530E-003
     16.88000000  0.000000000000000E+000  0.000000000000000E+000  0.249647029720844E-001 -0.000000000000000E+000 -0.000000000000000E+000 -0.108943497370717E-001  0.000000000000000E+000  0.000000000000000E+000  0.249647029720844E-001 -0.000000000000000E+000 -0.000000000000000E+000 -0.108943497370717E-001   0.769884451319267E-012  0.564782852436247E-012  0.884371770978553E-003
     16.96000000  0.000000000000000E+000  0.000000000000000E+000  0.258392144285302E-001 -0.000000000000000E+000 -0.000000000000000E+000 -0.109313932055721E-001  0.000000000000000E+000  0.000000000000000E+000  0.258392144285302E-001 -0.000000000000000E+000 -0.000000000000000E+000 -0.109313932055721E-001   0.774064532059885E-012  0.564183193014254E-012  0.901852381945469E-003
     17.04000000  0.000000000000000E+000  0.000000000000000E+000  0.267163397565588E-001 -0.000000000000000E+000 -0.000000000000000E+000 -0.109640666003580E-001  0.000000000000000E+000  0.000000000000000E+000  0.267163397565588E-001 -0.000000000000000E+000 -0.000000000000000E+000 -0.109640666003580E-001   0.777649529364208E-012  0.562187100519000E-012  0.919209149086041E-003
     17.12000000  0.000000000000000E+000  0.000000000000000E+000  0.275957253162806E-001 -0.000000000000000E+000 -0.000000000000000E+000 -0.109923194965214E-001  0.000000000000000E+000  0.000000000000000E+000  0.275957253162806E-001 -0.000000000000000E+000 -0.000000000000000E+000 -0.109923194965214E-001   0.780506946072089E-012  0.558773183290259E-012  0.936431842902591E-003
     17.20000000  0.000000000000000E+000  0.000000000000000E+000  0.284770135954944E-001 -0.000000000000000E+000 -0.000000000000000E+000 -0.110161034901727E-001  0.000000000000000E+000  0.000000000000000E+000  0.284770135954944E-001 -0.000000000000000E+000 -0.000000000000000E+000 -0.110161034901727E-001   0.782530672044728E-012  0.554432536474432E-012  0.953510152658703E-003
     17.28000000  0.000000000000000E+000  0.000000000000000E+000  0.293598433741963E-001 -0.000000000000000E+000 -0.000000000000000E+000 -0.110353722337738E-001  0.000000000000000E+000  0.000000000000000E+000  0.293598433741963E-001 -0.000000000000000E+000 -0.000000000000000E+000 -0.110353722337738E-001   0.783671353746704E-012  0.549896142477762E-012  0.970433691478924E-003
     17.36000000  0.000000000000000E+000  0.000000000000000E+000  0.302438498918270E-001 -0.000000000000000E+000 -0.000000000000000E+000 -0.110500814703844E-001  0.000000000000000E+000  0.000000000000000E+000  0.302438498918270E-001 -0.000000000000000E+000 -0.000000000000000E+000 -0.110500814703844E-001   0.783976727194226E-012  0.545712282338877E-012  0.987192001642431E-003
     17.44000000  0.000000000000000E+000  0.000000000000000E+000  0.311286650171745E-001 -0.000000000000000E+000 -0.000000000000000E+000 -0.110601890668434E-001  0.000000000000000E+000  0.000000000000000E+000  0.311286650171745E-001 -0.000000000000000E+000 -0.000000000000000E+000 -0.110601890668434E-001   0.783699439727913E-012  0.541988143496997E-012  0.100377456009494E-002
     17.52000000  0.000000000000000E+000  0.000000000000000E+000  0.320139174208402E-001 -0.000000000000000E+000 -0.000000000000000E+000 -0.110656550458216E-001  0.000000000000000E+000  0.000000000000000E+000  0.320139174208402E-001 -0.000000000000000E+000 -0.000000000000000E+000 -0.110656550458216E-001   0.783323841351205E-012  0.538437598724487E-012  0.102017078419513E-002
     17.60000000  0.000000000000000E+000  0.000000000000000E+000  0.328992327501815E-001 -0.000000000000000E+000 -0.000000000000000E+000 -0.110664416167656E-001  0.000000000000000E+000  0.000000000000000E+000  0.328992327501815E-001 -0.000000000000000E+000 -0.000000000000000E+000 -0.110664416167656E-001   0.783469156441340E-012  0.534692449198979E-012  0.103637003770310E-002
     17.68000000  0.000000000000000E+000  0.000000000000000E+000  0.337842338066355E-001 -0.000000000000000E+000 -0.000000000000000E+000 -0.110625132056751E-001  0.000000000000000E+000  0.000000000000000E+000  0.337842338066355E-001 -0.000000000000000E+000 -0.000000000000000E+000 -0.110625132056751E-001   0.784673479430492E-012  0.530561129949123E-012  0.105236163701133E-002
     17.76000000  0.000000000000000E+000  0.000000000000000E+000  0.346685407253338E-001 -0.000000000000000E+000 -0.000000000000000E+000 -0.110538364837293E-001  0.000000000000000E+000  0.000000000000000E+000  0.346685407253338E-001 -0.000000000000000E+000 -0.000000000000000E+000 -0.110538364837293E-001   0.787169838619413E-012  0.526079709018162E-012  0.106813485761347E-002
     17.84000000  0.000000000000000E+000  0.000000000000000E+000  0.355517711569104E-001 -0.000000000000000E+000 -0.000000000000000E+000 -0.110403803947077E-001  0.000000000000000E+000  0.000000000000000E+000  0.355517711569104E-001 -0.000000000000000E+000 -0.000000000000000E+000 -0.110403803947077E-001   0.790817787412375E-012  0.521310777748876E-012  0.108367894080267E-002
     17.92000000  0.000000000000000E+000  0.000000000000000E+000  0.364335404514085E-001 -0.000000000000000E+000 -0.000000000000000E+000 -0.110221161812254E-001  0.000000000000000E+000  0.000000000000000E+000  0.364335404514085E-001 -0.000000000000000E+000 -0.000000000000000E+000 -0.110221161812254E-001   0.795215270389936E-012  0.516147012674825E-012  0.109898310058762E-002
     18.00000000  0.000000000000000E+000  0.000000000000000E+000  0.373134618441866E-001 -0.000000000000000E+000 -0.000000000000000E+000 -0.109990174097265E-001  0.000000000000000E+000  0.000000000000000E+000  0.373134618441866E-001 -0.000000000000000E+000 -0.000000000000000E+000 -0.109990174097265E-001   0.799895175986738E-012  0.510298461744042E-012  0.111403653081153E-002
     18.08000000  0.000000000000000E+000  0.000000000000000E+000  0.381911466437272E-001 -0.000000000000000E+000 -0.000000000000000E+000 -0.109710599942574E-001  0.000000000000000E+000  0.000000000000000E+000  0.381911466437272E-001 -0.000000000000000E+000 -0.000000000000000E+000 -0.109710599942574E-001   0.804495553848352E-012  0.503496330658203E-012  0.112882841245785E-002
     18.16000000  0.000000000000000E+000  0.000000000000000E+000  0.390662044212443E-001 -0.000000000000000E+000 -0.000000000000000E+000 -0.109382222189635E-001  0.000000000000000E+000  0.000000000000000E+000  0.390662044212443E-001 -0.000000000000000E+000 -0.000000000000000E+000 -0.109382222189635E-001   0.808782761920226E-012  0.495763285015086E-012  0.114334792112744E-002
     18.24000000  0.000000000000000E+000  0.000000000000000E+000  0.399382432019912E-001 -0.000000000000000E+000 -0.000000000000000E+000 -0.109004847593360E-001  0.000000000000000E+000  0.000000000000000E+000  0.399382432019912E-001 -0.000000000000000E+000 -0.000000000000000E+000 -0.109004847593360E-001   0.812575536531996E-012  0.487499865237280E-012  0.115758423467537E-002
     18.32000000  0.000000000000000E+000  0.000000000000000E+000  0.408068696581637E-001 -0.000000000000000E+000 -0.000000000000000E+000 -0.108578307021567E-001  0.000000000000000E+000  0.000000000000000E+000  0.408068696581637E-001 -0.000000000000000E+000 -0.000000000000000E+000 -0.108578307021567E-001   0.815702684042924E-012  0.479306313505445E-012  0.117152654100090E-002
     18.40000000  0.000000000000000E+000  0.000000000000000E+000  0.416716893032959E-001 -0.000000000000000E+000 -0.000000000000000E+000 -0.108102455641524E-001  0.000000000000000E+000  0.000000000000000E+000  0.416716893032959E-001 -0.000000000000000E+000 -0.000000000000000E+000 -0.108102455641524E-001   0.818039135458094E-012  0.471667038299667E-012  0.118516404598767E-002
     18.48000000  0.000000000000000E+000  0.000000000000000E+000  0.425323066880425E-001 -0.000000000000000E+000 -0.000000000000000E+000 -0.107577173093329E-001  0.000000000000000E+000  0.000000000000000E+000  0.425323066880425E-001 -0.000000000000000E+000 -0.000000000000000E+000 -0.107577173093329E-001   0.819615431648425E-012  0.464686686713244E-012  0.119848598159271E-002
     18.56000000  0.000000000000000E+000  0.000000000000000E+000  0.433883255972430E-001 -0.000000000000000E+000 -0.000000000000000E+000 -0.107002363650055E-001  0.000000000000000E+000  0.000000000000000E+000  0.433883255972430E-001 -0.000000000000000E+000 -0.000000000000000E+000 -0.107002363650055E-001   0.820659573303555E-012  0.458059399039000E-012  0.121148161408048E-002
     18.64000000  0.000000000000000E+000  0.000000000000000E+000  0.442393492481591E-001 -0.000000000000000E+000 -0.000000000000000E+000 -0.106377956364519E-001  0.000000000000000E+000  0.000000000000000E+000  0.442393492481591E-001 -0.000000000000000E+000 -0.000000000000000E+000 -0.106377956364519E-001   0.821483551268849E-012  0.451231433071811E-012  0.122414025239561E-002
     18.72000000  0.000000000000000E+000  0.000000000000000E+000  0.450849804897794E-001 -0.000000000000000E+000 -0.000000000000000E+000 -0.105703905202539E-001  0.000000000000000E+000  0.000000000000000E+000  0.450849804897794E-001 -0.000000000000000E+000 -0.000000000000000E+000 -0.105703905202539E-001   0.822284355793056E-012  0.443639737777204E-012  0.123645125666776E-002
     18.80000000  0.000000000000000E+000  0.000000000000000E+000  0.459248220030811E-001 -0.000000000000000E+000 -0.000000000000000E+000 -0.104980189162715E-001  0.000000000000000E+000  0.000000000000000E+000  0.459248220030811E-001 -0.000000000000000E+000 -0.000000000000000E+000 -0.104980189162715E-001   0.822950407288777E-012  0.434897595557374E-012  0.124840404684617E-002
     18.88000000  0.000000000000000E+000  0.000000000000000E+000  0.467584765021402E-001 -0.000000000000000E+000 -0.000000000000000E+000 -0.104206812382377E-001  0.000000000000000E+000  0.000000000000000E+000  0.467584765021402E-001 -0.000000000000000E+000 -0.000000000000000E+000 -0.104206812382377E-001   0.823039372476834E-012  0.424839241688082E-012  0.125998811146816E-002
     18.96000000  0.000000000000000E+000  0.000000000000000E+000  0.475855469359797E-001 -0.000000000000000E+000 -0.000000000000000E+000 -0.103383804229941E-001  0.000000000000000E+000  0.000000000000000E+000  0.475855469359797E-001 -0.000000000000000E+000 -0.000000000000000E+000 -0.103383804229941E-001   0.821900742100426E-012  0.413479875579508E-012  0.127119301657110E-002
     19.04000000  0.000000000000000E+000  0.000000000000000E+000  0.484056366910459E-001 -0.000000000000000E+000 -0.000000000000000E+000 -0.102511219383280E-001  0.000000000000000E+000  0.000000000000000E+000  0.484056366910459E-001 -0.000000000000000E+000 -0.000000000000000E+000 -0.102511219383280E-001   0.818898300050421E-012  0.400939549532762E-012  0.128200841475421E-002
     19.12000000  0.000000000000000E+000  0.000000000000000E+000  0.492183497942005E-001 -0.000000000000000E+000 -0.000000000000000E+000 -0.101589137894319E-001  0.000000000000000E+000  0.000000000000000E+000  0.492183497942005E-001 -0.000000000000000E+000 -0.000000000000000E+000 -0.101589137894319E-001   0.813579790840952E-012  0.387402197693490E-012  0.129242405438570E-002
     19.20000000  0.000000000000000E+000  0.000000000000000E+000  0.500232911161166E-001 -0.000000000000000E+000 -0.000000000000000E+000 -0.100617665239514E-001  0.000000000000000E+000  0.000000000000000E+000  0.500232911161166E-001 -0.000000000000000E+000 -0.000000000000000E+000 -0.100617665239514E-001   0.805735540438201E-012  0.373074900668854E-012  0.130242978893329E-002
     19.28000000  0.000000000000000E+000  0.000000000000000E+000  0.508200665749683E-001 -0.000000000000000E+000 -0.000000000000000E+000 -0.995969323564685E-002  0.000000000000000E+000  0.000000000000000E+000  0.508200665749683E-001 -0.000000000000000E+000 -0.000000000000000E+000 -0.995969323564685E-002   0.795382674342527E-012  0.358188710223911E-012  0.131201558638162E-002
     19.36000000  0.000000000000000E+000  0.000000000000000E+000  0.516082833402989E-001 -0.000000000000000E+000 -0.000000000000000E+000 -0.985270956663144E-002  0.000000000000000E+000  0.000000000000000E+000  0.516082833402989E-001 -0.000000000000000E+000 -0.000000000000000E+000 -0.985270956663144E-002   0.782713412940550E-012  0.342976616637045E-012  0.132117153869396E-002
     19.44000000  0.000000000000000E+000  0.000000000000000E+000  0.523875500369560E-001 -0.000000000000000E+000 -0.000000000000000E+000 -0.974083370821411E-002  0.000000000000000E+000  0.000000000000000E+000  0.523875500369560E-001 -0.000000000000000E+000 -0.000000000000000E+000 -0.974083370821411E-002   0.768064734549581E-012  0.327660220542432E-012  0.132988787127883E-002
     19.52000000  0.000000000000000E+000  0.000000000000000E+000  0.531574769489810E-001 -0.000000000000000E+000 -0.000000000000000E+000 -0.962408640031243E-002  0.000000000000000E+000  0.000000000000000E+000  0.531574769489810E-001 -0.000000000000000E+000 -0.000000000000000E+000 -0.962408640031243E-002   0.751883967433458E-012  0.312359014572007E-012  0.133815495243010E-002
     19.60000000  0.000000000000000E+000  0.000000000000000E+000  0.539176762233382E-001 -0.000000000000000E+000 -0.000000000000000E+000 -0.950249092946517E-002  0.000000000000000E+000  0.000000000000000E+000  0.539176762233382E-001 -0.000000000000000E+000 -0.000000000000000E+000 -0.950249092946517E-002   0.734657711064158E-012  0.297032205368056E-012  0.134596330271343E-002
     19.68000000  0.000000000000000E+000  0.000000000000000E+000  0.546677620733713E-001 -0.000000000000000E+000 -0.000000000000000E+000 -0.937607312541337E-002  0.000000000000000E+000  0.000000000000000E+000  0.546677620733713E-001 -0.000000000000000E+000 -0.000000000000000E+000 -0.937607312541337E-002   0.716821164444688E-012  0.281413353007393E-012  0.135330360426883E-002
     19.76000000  0.000000000000000E+000  0.000000000000000E+000  0.554073509818732E-001 -0.000000000000000E+000 -0.000000000000000E+000 -0.924486135627451E-002  0.000000000000000E+000  0.000000000000000E+000  0.554073509818732E-001 -0.000000000000000E+000 -0.000000000000000E+000 -0.924486135627451E-002   0.698683989769983E-012  0.265076265898111E-012  0.136016670999266E-002
     19.84000000  0.000000000000000E+000  0.000000000000000E+000  0.561360619036564E-001 -0.000000000000000E+000 -0.000000000000000E+000 -0.910888652228912E-002  0.000000000000000E+000  0.000000000000000E+000  0.561360619036564E-001 -0.000000000000000E+000 -0.000000000000000E+000 -0.910888652228912E-002   0.680391193433727E-012  0.247624020385565E-012  0.136654365256164E-002
     19.92000000  0.000000000000000E+000  0.000000000000000E+000  0.568535164675092E-001 -0.000000000000000E+000 -0.000000000000000E+000 -0.896818204816074E-002  0.000000000000000E+000  0.000000000000000E+000  0.568535164675092E-001 -0.000000000000000E+000 -0.000000000000000E+000 -0.896818204816074E-002   0.661955698397995E-012  0.228940614115508E-012  0.137242565327392E-002
     20.00000000  0.000000000000000E+000  0.000000000000000E+000  0.575593391774267E-001 -0.000000000000000E+000 -0.000000000000000E+000 -0.882278387396808E-002  0.000000000000000E+000  0.000000000000000E+000  0.575593391774267E-001 -0.000000000000000E+000 -0.000000000000000E+000 -0.882278387396808E-002   0.643304669491773E-012  0.209353435737421E-012  0.137780413070714E-002
     20.08000000  0.000000000000000E+000  0.000000000000000E+000  0.582531576130012E-001 -0.000000000000000E+000 -0.000000000000000E+000 -0.867273044468150E-002  0.000000000000000E+000  0.000000000000000E+000  0.582531576130012E-001 -0.000000000000000E+000 -0.000000000000000E+000 -0.867273044468150E-002   0.624328454849163E-012  0.189582523238952E-012  0.138267070922021E-002
     20.16000000  0.000000000000000E+000  0.000000000000000E+000  0.589346026288615E-001 -0.000000000000000E+000 -0.000000000000000E+000 -0.851806269825377E-002  0.000000000000000E+000  0.000000000000000E+000  0.589346026288615E-001 -0.000000000000000E+000 -0.000000000000000E+000 -0.851806269825377E-002   0.604958839581535E-012  0.170483094791812E-012  0.138701722733719E-002
     20.24000000  0.000000000000000E+000  0.000000000000000E+000  0.596033085530470E-001 -0.000000000000000E+000 -0.000000000000000E+000 -0.835882405231924E-002  0.000000000000000E+000  0.000000000000000E+000  0.596033085530470E-001 -0.000000000000000E+000 -0.000000000000000E+000 -0.835882405231924E-002   0.585244315258485E-012  0.152737858700515E-012  0.139083574603959E-002
     20.32000000  0.000000000000000E+000  0.000000000000000E+000  0.602589133842059E-001 -0.000000000000000E+000 -0.000000000000000E+000 -0.819506038948611E-002  0.000000000000000E+000  0.000000000000000E+000  0.602589133842059E-001 -0.000000000000000E+000 -0.000000000000000E+000 -0.819506038948611E-002   0.565447092410838E-012  0.136661955894585E-012  0.139411855695934E-002
     20.40000000  0.000000000000000E+000  0.000000000000000E+000  0.609010589875054E-001 -0.000000000000000E+000 -0.000000000000000E+000 -0.802682004124354E-002  0.000000000000000E+000  0.000000000000000E+000  0.609010589875054E-001 -0.000000000000000E+000 -0.000000000000000E+000 -0.802682004124354E-002   0.546084212874693E-012  0.122251633578864E-012  0.139685819042351E-002
     20.48000000  0.000000000000000E+000  0.000000000000000E+000  0.615293912891430E-001 -0.000000000000000E+000 -0.000000000000000E+000 -0.785415377046956E-002  0.000000000000000E+000  0.000000000000000E+000  0.615293912891430E-001 -0.000000000000000E+000 -0.000000000000000E+000 -0.785415377046956E-002   0.527842665670851E-012  0.109355351661228E-012  0.139904742327257E-002
     20.56000000  0.000000000000000E+000  0.000000000000000E+000  0.621435604693490E-001 -0.000000000000000E+000 -0.000000000000000E+000 -0.767711475257509E-002  0.000000000000000E+000  0.000000000000000E+000  0.621435604693490E-001 -0.000000000000000E+000 -0.000000000000000E+000 -0.767711475257509E-002   0.511401779756081E-012  0.978321257114005E-013  0.140067928636899E-002
     20.64000000  0.000000000000000E+000  0.000000000000000E+000  0.627432211537704E-001 -0.000000000000000E+000 -0.000000000000000E+000 -0.749575855526815E-002  0.000000000000000E+000  0.000000000000000E+000  0.627432211537704E-001 -0.000000000000000E+000 -0.000000000000000E+000 -0.749575855526815E-002   0.497219696052140E-012  0.875382050777275E-013  0.140174707173065E-002
     20.72000000  0.000000000000000E+000  0.000000000000000E+000  0.633280326031269E-001 -0.000000000000000E+000 -0.000000000000000E+000 -0.731014311695592E-002  0.000000000000000E+000  0.000000000000000E+000  0.633280326031269E-001 -0.000000000000000E+000 -0.000000000000000E+000 -0.731014311695592E-002   0.485416530607213E-012  0.782206361073774E-013  0.140224433925400E-002
     20.80000000  0.000000000000000E+000  0.000000000000000E+000  0.638976589010313E-001 -0.000000000000000E+000 -0.000000000000000E+000 -0.712032872380568E-002  0.000000000000000E+000  0.000000000000000E+000  0.638976589010313E-001 -0.000000000000000E+000 -0.000000000000000E+000 -0.712032872380568E-002   0.475806473254535E-012  0.694480862831450E-013  0.140216492302031E-002
     20.88000000  0.000000000000000E+000  0.000000000000000E+000  0.644517691398674E-001 -0.000000000000000E+000 -0.000000000000000E+000 -0.692637798545056E-002  0.000000000000000E+000  0.000000000000000E+000  0.644517691398674E-001 -0.000000000000000E+000 -0.000000000000000E+000 -0.692637798545056E-002   0.468025678544630E-012  0.607308352872183E-013  0.140150293719781E-002
     20.96000000  0.000000000000000E+000  0.000000000000000E+000  0.649900376046179E-001 -0.000000000000000E+000 -0.000000000000000E+000 -0.672835580938086E-002  0.000000000000000E+000  0.000000000000000E+000  0.649900376046179E-001 -0.000000000000000E+000 -0.000000000000000E+000 -0.672835580938086E-002   0.461677239638022E-012  0.517687563823810E-013  0.140025278156374E-002
     21.04000000  0.000000000000000E+000  0.000000000000000E+000  0.655121439545384E-001 -0.000000000000000E+000 -0.000000000000000E+000 -0.652632937400699E-002  0.000000000000000E+000  0.000000000000000E+000  0.655121439545384E-001 -0.000000000000000E+000 -0.000000000000000E+000 -0.652632937400699E-002   0.456354371659749E-012  0.426793635316032E-013  0.139840914667873E-002
     21.12000000  0.000000000000000E+000  0.000000000000000E+000  0.660177734025728E-001 -0.000000000000000E+000 -0.000000000000000E+000 -0.632036810042959E-002  0.000000000000000E+000  0.000000000000000E+000  0.660177734025728E-001 -0.000000000000000E+000 -0.000000000000000E+000 -0.632036810042959E-002   0.451632238270624E-012  0.339821542136131E-013  0.139596701875650E-002
     21.20000000  0.000000000000000E+000  0.000000000000000E+000  0.665066168924054E-001 -0.000000000000000E+000 -0.000000000000000E+000 -0.611054362290742E-002  0.000000000000000E+000  0.000000000000000E+000  0.665066168924054E-001 -0.000000000000000E+000 -0.000000000000000E+000 -0.611054362290742E-002   0.447049594267253E-012  0.263262771620685E-013  0.139292168428198E-002
     21.28000000  0.000000000000000E+000  0.000000000000000E+000  0.669783712730505E-001 -0.000000000000000E+000 -0.000000000000000E+000 -0.589692975806379E-002  0.000000000000000E+000  0.000000000000000E+000  0.669783712730505E-001 -0.000000000000000E+000 -0.000000000000000E+000 -0.589692975806379E-002   0.442192716633687E-012  0.201104783445733E-013  0.138926873443514E-002
     21.36000000  0.000000000000000E+000  0.000000000000000E+000  0.674327394708765E-001 -0.000000000000000E+000 -0.000000000000000E+000 -0.567960247282468E-002  0.000000000000000E+000  0.000000000000000E+000  0.674327394708765E-001 -0.000000000000000E+000 -0.000000000000000E+000 -0.567960247282468E-002   0.436815856391116E-012  0.152319023621130E-013  0.138500406937006E-002
     21.44000000  0.000000000000000E+000  0.000000000000000E+000  0.678694306589655E-001 -0.000000000000000E+000 -0.000000000000000E+000 -0.545863985111257E-002  0.000000000000000E+000  0.000000000000000E+000  0.678694306589655E-001 -0.000000000000000E+000 -0.000000000000000E+000 -0.545863985111257E-002   0.430919965981031E-012  0.110993694081580E-013  0.138012390237872E-002
     21.52000000  0.000000000000000E+000  0.000000000000000E+000  0.682881604237111E-001 -0.000000000000000E+000 -0.000000000000000E+000 -0.523412205932078E-002  0.000000000000000E+000  0.000000000000000E+000  0.682881604237111E-001 -0.000000000000000E+000 -0.000000000000000E+000 -0.523412205932078E-002   0.424693977670896E-012  0.686407968746940E-014  0.137462476394283E-002
     21.60000000  0.000000000000000E+000  0.000000000000000E+000  0.686886509285570E-001 -0.000000000000000E+000 -0.000000000000000E+000 -0.500613131057311E-002  0.000000000000000E+000  0.000000000000000E+000  0.686886509285570E-001 -0.000000000000000E+000 -0.000000000000000E+000 -0.500613131057311E-002   0.418305832369448E-012  0.169347359887734E-014  0.136850350565180E-002
     21.68000000  0.000000000000000E+000  0.000000000000000E+000  0.690706310747802E-001 -0.000000000000000E+000 -0.000000000000000E+000 -0.477475182779005E-002  0.000000000000000E+000  0.000000000000000E+000  0.690706310747802E-001 -0.000000000000000E+000 -0.000000000000000E+000 -0.477475182779005E-002   0.411701902977703E-012 -0.506634524231680E-014  0.136175730394873E-002
     21.76000000  0.000000000000000E+000  0.000000000000000E+000  0.694338366592277E-001 -0.000000000000000E+000 -0.000000000000000E+000 -0.454006980559422E-002  0.000000000000000E+000  0.000000000000000E+000  0.694338366592277E-001 -0.000000000000000E+000 -0.000000000000000E+000 -0.454006980559422E-002   0.404502184163386E-012 -0.138734339329792E-013  0.135438366365860E-002
     21.84000000  0.000000000000000E+000  0.000000000000000E+000  0.697780105289115E-001 -0.000000000000000E+000 -0.000000000000000E+000 -0.430217337104716E-002  0.000000000000000E+000  0.000000000000000E+000  0.697780105289115E-001 -0.000000000000000E+000 -0.000000000000000E+000 -0.430217337104716E-002   0.396080709794432E-012 -0.250213668144192E-013  0.134638042125376E-002
     21.92000000  0.000000000000000E+000  0.000000000000000E+000  0.701029027323731E-001 -0.000000000000000E+000 -0.000000000000000E+000 -0.406115254327072E-002  0.000000000000000E+000  0.000000000000000E+000  0.701029027323731E-001 -0.000000000000000E+000 -0.000000000000000E+000 -0.406115254327072E-002   0.385762734428948E-012 -0.386402393632896E-013  0.133774574781711E-002
     22.00000000  0.000000000000000E+000  0.000000000000000E+000  0.704082706677287E-001 -0.000000000000000E+000 -0.000000000000000E+000 -0.381709919194465E-002  0.000000000000000E+000  0.000000000000000E+000  0.704082706677287E-001 -0.000000000000000E+000 -0.000000000000000E+000 -0.381709919194465E-002   0.372987246938772E-012 -0.546205607126966E-013  0.132847815167337E-002
     22.08000000  0.000000000000000E+000  0.000000000000000E+000  0.706938792273066E-001 -0.000000000000000E+000 -0.000000000000000E+000 -0.357010699472329E-002  0.000000000000000E+000  0.000000000000000E+000  0.706938792273066E-001 -0.000000000000000E+000 -0.000000000000000E+000 -0.357010699472329E-002   0.357402920644929E-012 -0.725762881304905E-013  0.131857648067261E-002
     22.16000000 -0.000000000000000E+000 -0.000000000000000E+000  0.709595009387928E-001  0.000000000000000E+000  0.000000000000000E+000 -0.332027139357816E-002  0.000000000000000E+000  0.000000000000000E+000  0.709595009387928E-001 -0.000000000000000E+000 -0.000000000000000E+000 -0.332027139357816E-002   0.338864362781225E-012 -0.918815016635864E-013  0.130803992412699E-002
     22.24000000 -0.000000000000000E+000 -0.000000000000000E+000  0.712049161028013E-001 -0.000000000000000E+000 -0.000000000000000E+000 -0.306768955010590E-002  0.000000000000000E+000  0.000000000000000E+000  0.712049161028013E-001 -0.000000000000000E+000 -0.000000000000000E+000 -0.306768955010590E-002   0.317402644523947E-012 -0.111854510199925E-012  0.129686801441881E-002
     22.32000000 -0.000000000000000E+000 -0.000000000000000E+000  0.714299129267856E-001 -0.000000000000000E+000 -0.000000000000000E+000 -0.281246029980361E-002  0.000000000000000E+000  0.000000000000000E+000  0.714299129267856E-001 -0.000000000000000E+000 -0.000000000000000E+000 -0.281246029980361E-002   0.293231321074619E-012 -0.131997528162200E-012  0.128506062830831E-002
     22.40000000 -0.000000000000000E+000 -0.000000000000000E+000  0.716342876552144E-001 -0.000000000000000E+000 -0.000000000000000E+000 -0.255468410535961E-002  0.000000000000000E+000  0.000000000000000E+000  0.716342876552144E-001 -0.000000000000000E+000 -0.000000000000000E+000 -0.255468410535961E-002   0.266752353110483E-012 -0.152167348505681E-012  0.127261798797169E-002
     22.48000000 -0.000000000000000E+000 -0.000000000000000E+000  0.718178446959314E-001 -0.000000000000000E+000 -0.000000000000000E+000 -0.229446300896267E-002  0.000000000000000E+000  0.000000000000000E+000  0.718178446959314E-001 -0.000000000000000E+000 -0.000000000000000E+000 -0.229446300896267E-002   0.238511803824193E-012 -0.172626327576345E-012  0.125954066179036E-002
     22.56000000 -0.000000000000000E+000 -0.000000000000000E+000  0.719803967426253E-001 -0.000000000000000E+000 -0.000000000000000E+000 -0.203190058367438E-002  0.000000000000000E+000  0.000000000000000E+000  0.719803967426253E-001 -0.000000000000000E+000 -0.000000000000000E+000 -0.203190058367438E-002   0.209105447830928E-012 -0.193909643628786E-012  0.124582956489652E-002
     22.64000000 -0.000000000000000E+000 -0.000000000000000E+000  0.721217648933350E-001 -0.000000000000000E+000 -0.000000000000000E+000 -0.176710188387053E-002  0.000000000000000E+000  0.000000000000000E+000  0.721217648933350E-001 -0.000000000000000E+000 -0.000000000000000E+000 -0.176710188387053E-002   0.179053053408988E-012 -0.216594589395735E-012  0.123148595946286E-002
     22.72000000 -0.000000000000000E+000 -0.000000000000000E+000  0.722417787649189E-001 -0.000000000000000E+000 -0.000000000000000E+000 -0.150017339479915E-002  0.000000000000000E+000  0.000000000000000E+000  0.722417787649189E-001 -0.000000000000000E+000 -0.000000000000000E+000 -0.150017339479915E-002   0.148699657107939E-012 -0.241045811682580E-012  0.121651145470940E-002
     22.80000000 -0.000000000000000E+000 -0.000000000000000E+000  0.723402766034200E-001 -0.000000000000000E+000 -0.000000000000000E+000 -0.123122298126329E-002  0.000000000000000E+000  0.000000000000000E+000  0.723402766034200E-001 -0.000000000000000E+000 -0.000000000000000E+000 -0.123122298126329E-002   0.118208126422879E-012 -0.267219941147559E-012  0.120090800659214E-002
     22.88000000 -0.000000000000000E+000 -0.000000000000000E+000  0.724171053902575E-001 -0.000000000000000E+000 -0.000000000000000E+000 -0.960359835469084E-003  0.000000000000000E+000  0.000000000000000E+000  0.724171053902575E-001 -0.000000000000000E+000 -0.000000000000000E+000 -0.960359835469084E-003   0.876409663619702E-013 -0.294621708465906E-012  0.118467791713590E-002
     22.96000000 -0.000000000000000E+000 -0.000000000000000E+000  0.724721209441823E-001 -0.000000000000000E+000 -0.000000000000000E+000 -0.687694424059658E-003  0.000000000000000E+000  0.000000000000000E+000  0.724721209441823E-001 -0.000000000000000E+000 -0.000000000000000E+000 -0.687694424059658E-003   0.570531535045390E-013 -0.322383853041642E-012  0.116782383337951E-002
     23.04000000 -0.000000000000000E+000 -0.000000000000000E+000  0.725051880189318E-001 -0.000000000000000E+000 -0.000000000000000E+000 -0.413338434369047E-003  0.000000000000000E+000  0.000000000000000E+000  0.725051880189318E-001 -0.000000000000000E+000 -0.000000000000000E+000 -0.413338434369047E-003   0.265786016262783E-013 -0.349475621108685E-012  0.115034874591463E-002
     23.12000000 -0.000000000000000E+000 -0.000000000000000E+000  0.725161803965251E-001 -0.000000000000000E+000 -0.000000000000000E+000 -0.137404719916141E-003  0.000000000000000E+000  0.000000000000000E+000  0.725161803965251E-001 -0.000000000000000E+000 -0.000000000000000E+000 -0.137404719916141E-003  -0.352776774284251E-014 -0.374930646455525E-012  0.113225598702107E-002
     23.20000000 -0.000000000000000E+000 -0.000000000000000E+000  0.725049809761397E-001 -0.000000000000000E+000 -0.000000000000000E+000  0.139992754816763E-003  0.000000000000000E+000  0.000000000000000E+000  0.725049809761397E-001 -0.000000000000000E+000 -0.000000000000000E+000  0.139992754816763E-003  -0.328634299898702E-013 -0.398022274198619E-012  0.111354922842629E-002
     23.28000000 -0.000000000000000E+000 -0.000000000000000E+000  0.724714818585149E-001 -0.000000000000000E+000 -0.000000000000000E+000  0.418738970310584E-003  0.000000000000000E+000  0.000000000000000E+000  0.724714818585149E-001 -0.000000000000000E+000 -0.000000000000000E+000  0.418738970310584E-003  -0.608987731842818E-013 -0.418317464453312E-012  0.109423247873920E-002
     23.36000000 -0.000000000000000E+000 -0.000000000000000E+000  0.724155844258275E-001 -0.000000000000000E+000 -0.000000000000000E+000  0.698717908592487E-003  0.000000000000000E+000  0.000000000000000E+000  0.724155844258275E-001 -0.000000000000000E+000 -0.000000000000000E+000  0.698717908592487E-003  -0.870248662187008E-013 -0.435695928502184E-012  0.107431008061912E-002
     23.44000000 -0.000000000000000E+000 -0.000000000000000E+000  0.723371994169908E-001 -0.000000000000000E+000 -0.000000000000000E+000  0.979812610458174E-003  0.000000000000000E+000  0.000000000000000E+000  0.723371994169908E-001 -0.000000000000000E+000 -0.000000000000000E+000  0.979812610458174E-003  -0.110668624922024E-012 -0.450311024985724E-012  0.105378670773676E-002
     23.52000000 -0.000000000000000E+000 -0.000000000000000E+000  0.722362469983274E-001 -0.000000000000000E+000 -0.000000000000000E+000  0.126190523329281E-002  0.000000000000000E+000  0.000000000000000E+000  0.722362469983274E-001 -0.000000000000000E+000 -0.000000000000000E+000  0.126190523329281E-002  -0.131426466580288E-012 -0.462588089929817E-012  0.103266736156575E-002
     23.60000000 -0.000000000000000E+000 -0.000000000000000E+000  0.721126568295701E-001 -0.000000000000000E+000 -0.000000000000000E+000  0.154487710946598E-002  0.000000000000000E+000  0.000000000000000E+000  0.721126568295701E-001 -0.000000000000000E+000 -0.000000000000000E+000  0.154487710946598E-002  -0.149168543928867E-012 -0.473167190369090E-012  0.101095736802081E-002
     23.68000000 -0.000000000000000E+000 -0.000000000000000E+000  0.719663681251487E-001 -0.000000000000000E+000 -0.000000000000000E+000  0.182860880526790E-002  0.000000000000000E+000  0.000000000000000E+000  0.719663681251487E-001 -0.000000000000000E+000 -0.000000000000000E+000  0.182860880526790E-002  -0.164063093773338E-012 -0.482768513619961E-012  0.988662373940446E-003
     23.76000000 -0.000000000000000E+000 -0.000000000000000E+000  0.717973297107209E-001 -0.000000000000000E+000 -0.000000000000000E+000  0.211298018034690E-002  0.000000000000000E+000  0.000000000000000E+000  0.717973297107209E-001 -0.000000000000000E+000 -0.000000000000000E+000  0.211298018034690E-002  -0.176481908112575E-012 -0.491945947702709E-012  0.965788343405564E-003
     23.84000000 -0.000000000000000E+000 -0.000000000000000E+000  0.716055000749106E-001 -0.000000000000000E+000 -0.000000000000000E+000  0.239787044762959E-002  0.000000000000000E+000  0.000000000000000E+000  0.716055000749106E-001 -0.000000000000000E+000 -0.000000000000000E+000  0.239787044762959E-002  -0.186878091598658E-012 -0.500827024909543E-012  0.942341553888359E-003
     23.92000000 -0.000000000000000E+000 -0.000000000000000E+000  0.713908474162164E-001 -0.000000000000000E+000 -0.000000000000000E+000  0.268315823367775E-002  0.000000000000000E+000  0.000000000000000E+000  0.713908474162164E-001 -0.000000000000000E+000 -0.000000000000000E+000  0.268315823367775E-002  -0.195671367503449E-012 -0.509001176449727E-012  0.918328592231024E-003
     24.00000000 -0.000000000000000E+000 -0.000000000000000E+000  0.711533496850598E-001 -0.000000000000000E+000 -0.000000000000000E+000  0.296872163945746E-002  0.000000000000000E+000  0.000000000000000E+000  0.711533496850598E-001 -0.000000000000000E+000 -0.000000000000000E+000  0.296872163945746E-002  -0.203200664704274E-012 -0.515646314308072E-012  0.893756350453553E-003
     24.08000000 -0.000000000000000E+000 -0.000000000000000E+000  0.708929946209411E-001 -0.000000000000000E+000 -0.000000000000000E+000  0.325443830148289E-002  0.000000000000000E+000  0.000000000000000E+000  0.708929946209411E-001 -0.000000000000000E+000 -0.000000000000000E+000  0.325443830148289E-002  -0.209739335666090E-012 -0.519870393328102E-012  0.868632021380863E-003
     24.16000000 -0.000000000000000E+000 -0.000000000000000E+000  0.706097797846768E-001 -0.000000000000000E+000 -0.000000000000000E+000  0.354018545330459E-002  0.000000000000000E+000  0.000000000000000E+000  0.706097797846768E-001 -0.000000000000000E+000 -0.000000000000000E+000  0.354018545330459E-002  -0.215510326487850E-012 -0.521118229968334E-012  0.842963094066211E-003
     24.24000000 -0.000000000000000E+000 -0.000000000000000E+000  0.703037125856924E-001 -0.000000000000000E+000 -0.000000000000000E+000  0.382583998730420E-002  0.000000000000000E+000  0.000000000000000E+000  0.703037125856924E-001 -0.000000000000000E+000 -0.000000000000000E+000  0.382583998730420E-002  -0.220691933714875E-012 -0.519405303222560E-012  0.816757348979695E-003
     24.32000000 -0.000000000000000E+000 -0.000000000000000E+000  0.699748103043512E-001 -0.000000000000000E+000 -0.000000000000000E+000  0.411127851676595E-002  0.000000000000000E+000  0.000000000000000E+000  0.699748103043512E-001 -0.000000000000000E+000 -0.000000000000000E+000  0.411127851676595E-002  -0.225435449227262E-012 -0.515319786495037E-012  0.790022852934579E-003
     24.40000000 -0.000000000000000E+000 -0.000000000000000E+000  0.696231001092961E-001 -0.000000000000000E+000 -0.000000000000000E+000  0.439637743818843E-002  0.000000000000000E+000  0.000000000000000E+000  0.696231001092961E-001 -0.000000000000000E+000 -0.000000000000000E+000  0.439637743818843E-002  -0.229913787962185E-012 -0.509814694499269E-012  0.762767953742254E-003
     24.48000000 -0.000000000000000E+000 -0.000000000000000E+000  0.692486190697918E-001 -0.000000000000000E+000 -0.000000000000000E+000  0.468101299380321E-002  0.000000000000000E+000  0.000000000000000E+000  0.692486190697918E-001 -0.000000000000000E+000 -0.000000000000000E+000  0.468101299380321E-002  -0.234391794409221E-012 -0.503941975647976E-012  0.735001274612503E-003
     24.56000000 -0.000000000000000E+000 -0.000000000000000E+000  0.688514141630507E-001 -0.000000000000000E+000 -0.000000000000000E+000  0.496506133426458E-002  0.000000000000000E+000  0.000000000000000E+000  0.688514141630507E-001 -0.000000000000000E+000 -0.000000000000000E+000  0.496506133426458E-002  -0.239282252193406E-012 -0.498672964408731E-012  0.706731708340184E-003
     24.64000000 -0.000000000000000E+000 -0.000000000000000E+000  0.684315422765323E-001 -0.000000000000000E+000 -0.000000000000000E+000  0.524839858147986E-002  0.000000000000000E+000  0.000000000000000E+000  0.684315422765323E-001 -0.000000000000000E+000 -0.000000000000000E+000  0.524839858147986E-002  -0.245150017094079E-012 -0.494794065494665E-012  0.677968411334222E-003
     24.72000000 -0.000000000000000E+000 -0.000000000000000E+000  0.679890702052092E-001 -0.000000000000000E+000 -0.000000000000000E+000  0.553090089153892E-002  0.000000000000000E+000  0.000000000000000E+000  0.679890702052092E-001 -0.000000000000000E+000 -0.000000000000000E+000  0.553090089153892E-002  -0.252599410100628E-012 -0.492867216374269E-012  0.648720797547397E-003
     24.80000000 -0.000000000000000E+000 -0.000000000000000E+000  0.675240746437919E-001 -0.000000000000000E+000 -0.000000000000000E+000  0.581244451771570E-002  0.000000000000000E+000  0.000000000000000E+000  0.675240746437919E-001 -0.000000000000000E+000 -0.000000000000000E+000  0.581244451771570E-002  -0.262141652866172E-012 -0.493123004262086E-012  0.618998532357570E-003
     24.88000000 -0.000000000000000E+000 -0.000000000000000E+000  0.670366421739120E-001 -0.000000000000000E+000 -0.000000000000000E+000  0.609290587349886E-002  0.000000000000000E+000  0.000000000000000E+000  0.670366421739120E-001 -0.000000000000000E+000 -0.000000000000000E+000  0.609290587349886E-002  -0.274068282335436E-012 -0.495378784761305E-012  0.588811526437458E-003
     24.96000000 -0.000000000000000E+000 -0.000000000000000E+000  0.665268692462617E-001 -0.000000000000000E+000 -0.000000000000000E+000  0.637216159562887E-002  0.000000000000000E+000  0.000000000000000E+000  0.665268692462617E-001 -0.000000000000000E+000 -0.000000000000000E+000  0.637216159562887E-002  -0.288418242197150E-012 -0.499030876862986E-012  0.558169929633402E-003
     25.04000000 -0.000000000000000E+000 -0.000000000000000E+000  0.659948621576947E-001 -0.000000000000000E+000 -0.000000000000000E+000  0.665008860708718E-002  0.000000000000000E+000  0.000000000000000E+000  0.659948621576947E-001 -0.000000000000000E+000 -0.000000000000000E+000  0.665008860708718E-002  -0.305003911516337E-012 -0.503218604491566E-012  0.527084124855767E-003
     25.12000000 -0.000000000000000E+000 -0.000000000000000E+000  0.654407370232923E-001 -0.000000000000000E+000 -0.000000000000000E+000  0.692656418003011E-002  0.000000000000000E+000  0.000000000000000E+000  0.654407370232923E-001 -0.000000000000000E+000 -0.000000000000000E+000  0.692656418003011E-002  -0.323491778912914E-012 -0.507119371412089E-012  0.495564721964548E-003
     25.20000000 -0.000000000000000E+000 -0.000000000000000E+000  0.648646197434043E-001 -0.000000000000000E+000 -0.000000000000000E+000  0.720146599860003E-002  0.000000000000000E+000  0.000000000000000E+000  0.648646197434043E-001 -0.000000000000000E+000 -0.000000000000000E+000  0.720146599860003E-002  -0.343470166547670E-012 -0.510291077373551E-012  0.463622551617021E-003
     25.28000000 -0.000000000000000E+000 -0.000000000000000E+000  0.642666459656755E-001 -0.000000000000000E+000 -0.000000000000000E+000  0.747467222161017E-002  0.000000000000000E+000  0.000000000000000E+000  0.642666459656755E-001 -0.000000000000000E+000 -0.000000000000000E+000  0.747467222161017E-002  -0.364518264938790E-012 -0.512860731139059E-012  0.431268659033684E-003
     25.36000000 -0.000000000000000E+000 -0.000000000000000E+000  0.636469610420719E-001 -0.000000000000000E+000 -0.000000000000000E+000  0.774606154504438E-002  0.000000000000000E+000  0.000000000000000E+000  0.636469610420719E-001 -0.000000000000000E+000 -0.000000000000000E+000  0.774606154504438E-002  -0.386272272557025E-012 -0.515489288203151E-012  0.398514297640435E-003
     25.44000000 -0.000000000000000E+000 -0.000000000000000E+000  0.630057199809234E-001 -0.000000000000000E+000 -0.000000000000000E+000  0.801551326435630E-002  0.000000000000000E+000  0.000000000000000E+000  0.630057199809234E-001 -0.000000000000000E+000 -0.000000000000000E+000  0.801551326435630E-002  -0.408481069607246E-012 -0.519127973969288E-012  0.365370922560319E-003
     25.52000000 -0.000000000000000E+000 -0.000000000000000E+000  0.623430873940025E-001 -0.000000000000000E+000 -0.000000000000000E+000  0.828290733651173E-002  0.000000000000000E+000  0.000000000000000E+000  0.623430873940025E-001 -0.000000000000000E+000 -0.000000000000000E+000  0.828290733651173E-002  -0.431025165716271E-012 -0.524685282471838E-012  0.331850183954506E-003
     25.60000000 -0.000000000000000E+000 -0.000000000000000E+000  0.616592374386611E-001 -0.000000000000000E+000 -0.000000000000000E+000  0.854812444176694E-002  0.000000000000000E+000  0.000000000000000E+000  0.616592374386611E-001 -0.000000000000000E+000 -0.000000000000000E+000  0.854812444176694E-002  -0.453865176236294E-012 -0.532718516591462E-012  0.297963920241343E-003
     25.68000000 -0.000000000000000E+000 -0.000000000000000E+000  0.609543537550517E-001 -0.000000000000000E+000 -0.000000000000000E+000  0.881104604511778E-002  0.000000000000000E+000  0.000000000000000E+000  0.609543537550517E-001 -0.000000000000000E+000 -0.000000000000000E+000  0.881104604511778E-002  -0.476923455476593E-012 -0.543267771605237E-012  0.263724151245569E-003
     25.76000000 -0.000000000000000E+000 -0.000000000000000E+000  0.602286293984582E-001 -0.000000000000000E+000 -0.000000000000000E+000  0.907155445741903E-002  0.000000000000000E+000  0.000000000000000E+000  0.602286293984582E-001 -0.000000000000000E+000 -0.000000000000000E+000  0.907155445741903E-002  -0.499969342185672E-012 -0.555841814959196E-012  0.229143071340637E-003
     25.84000000 -0.000000000000000E+000 -0.000000000000000E+000  0.594822667667698E-001 -0.000000000000000E+000 -0.000000000000000E+000  0.932953289610426E-002  0.000000000000000E+000  0.000000000000000E+000  0.594822667667698E-001 -0.000000000000000E+000 -0.000000000000000E+000  0.932953289610426E-002  -0.522565923969727E-012 -0.569527189256876E-012  0.194233042644301E-003
     25.92000000 -0.000000000000000E+000 -0.000000000000000E+000  0.587154775231292E-001 -0.000000000000000E+000 -0.000000000000000E+000  0.958486554550773E-002  0.000000000000000E+000  0.000000000000000E+000  0.587154775231292E-001 -0.000000000000000E+000 -0.000000000000000E+000  0.958486554550773E-002  -0.544118259443025E-012 -0.583205558278366E-012  0.159006588314098E-003
     26.00000000 -0.000000000000000E+000 -0.000000000000000E+000  0.579284825137915E-001 -0.000000000000000E+000 -0.000000000000000E+000  0.983743761672137E-002  0.000000000000000E+000  0.000000000000000E+000  0.579284825137915E-001 -0.000000000000000E+000 -0.000000000000000E+000  0.983743761672137E-002  -0.563986629168164E-012 -0.595770822104456E-012  0.123476385970191E-003
     26.08000000 -0.000000000000000E+000 -0.000000000000000E+000  0.571215116812325E-001 -0.000000000000000E+000 -0.000000000000000E+000  0.100871354069874E-001  0.000000000000000E+000  0.000000000000000E+000  0.571215116812325E-001 -0.000000000000000E+000 -0.000000000000000E+000  0.100871354069874E-001  -0.581600328320961E-012 -0.606356892181792E-012  0.876552612522460E-004
     26.16000000 -0.000000000000000E+000 -0.000000000000000E+000  0.562948039725480E-001 -0.000000000000000E+000 -0.000000000000000E+000  0.103338463585565E-001  0.000000000000000E+000  0.000000000000000E+000  0.562948039725480E-001 -0.000000000000000E+000 -0.000000000000000E+000  0.103338463585565E-001  -0.596523905670819E-012 -0.614466910277286E-012  0.515561814980871E-004
     26.24000000 -0.000000000000000E+000 -0.000000000000000E+000  0.554486072431866E-001 -0.000000000000000E+000 -0.000000000000000E+000  0.105774591170180E-001  0.000000000000000E+000  0.000000000000000E+000  0.554486072431866E-001 -0.000000000000000E+000 -0.000000000000000E+000  0.105774591170180E-001  -0.608496076776269E-012 -0.620040909971892E-012  0.151922495167579E-004
     26.32000000 -0.000000000000000E+000 -0.000000000000000E+000  0.545831781560640E-001 -0.000000000000000E+000 -0.000000000000000E+000  0.108178635890323E-001  0.000000000000000E+000  0.000000000000000E+000  0.545831781560640E-001 -0.000000000000000E+000 -0.000000000000000E+000  0.108178635890323E-001  -0.617439050758866E-012 -0.623427865702720E-012 -0.214233025800552E-004
     26.40000000 -0.000000000000000E+000 -0.000000000000000E+000  0.536987820761069E-001 -0.000000000000000E+000 -0.000000000000000E+000  0.110549509994641E-001  0.000000000000000E+000  0.000000000000000E+000  0.536987820761069E-001 -0.000000000000000E+000 -0.000000000000000E+000  0.110549509994641E-001  -0.623492531084099E-012 -0.625278849658391E-012 -0.582771195247911E-004
     26.48000000 -0.000000000000000E+000 -0.000000000000000E+000  0.527956929602779E-001 -0.000000000000000E+000 -0.000000000000000E+000  0.112886139478618E-001  0.000000000000000E+000  0.000000000000000E+000  0.527956929602779E-001 -0.000000000000000E+000 -0.000000000000000E+000  0.112886139478618E-001  -0.627028424570863E-012 -0.626361203040297E-012 -0.953557290476237E-004
     26.56000000 -0.000000000000000E+000 -0.000000000000000E+000  0.518741932431363E-001 -0.000000000000000E+000 -0.000000000000000E+000  0.115187464642698E-001  0.000000000000000E+000  0.000000000000000E+000  0.518741932431363E-001 -0.000000000000000E+000 -0.000000000000000E+000  0.115187464642698E-001  -0.628597389847894E-012 -0.627335723920333E-012 -0.132645548052081E-003
     26.64000000 -0.000000000000000E+000 -0.000000000000000E+000  0.509345737179905E-001 -0.000000000000000E+000 -0.000000000000000E+000  0.117452440643230E-001  0.000000000000000E+000  0.000000000000000E+000  0.509345737179905E-001 -0.000000000000000E+000 -0.000000000000000E+000  0.117452440643230E-001  -0.628789821051606E-012 -0.628528512893214E-012 -0.170132888814191E-003
     26.72000000 -0.000000000000000E+000 -0.000000000000000E+000  0.499771334137012E-001 -0.000000000000000E+000 -0.000000000000000E+000  0.119680038036165E-001  0.000000000000000E+000  0.000000000000000E+000  0.499771334137012E-001 -0.000000000000000E+000 -0.000000000000000E+000  0.119680038036165E-001  -0.628058278850698E-012 -0.629770296636004E-012 -0.207803965198144E-003
     26.80000000 -0.000000000000000E+000 -0.000000000000000E+000  0.490021794671975E-001 -0.000000000000000E+000 -0.000000000000000E+000  0.121869243312958E-001  0.000000000000000E+000  0.000000000000000E+000  0.490021794671975E-001 -0.000000000000000E+000 -0.000000000000000E+000  0.121869243312958E-001  -0.626605961429763E-012 -0.630390817287367E-012 -0.245644898880076E-003
     26.88000000 -0.000000000000000E+000 -0.000000000000000E+000  0.480100269917692E-001 -0.000000000000000E+000 -0.000000000000000E+000  0.124019059428540E-001  0.000000000000000E+000  0.000000000000000E+000  0.480100269917692E-001 -0.000000000000000E+000 -0.000000000000000E+000  0.124019059428540E-001  -0.624397738756117E-012 -0.629424216479104E-012 -0.283641725575168E-003
     26.96000000 -0.000000000000000E+000 -0.000000000000000E+000  0.470009989412008E-001 -0.000000000000000E+000 -0.000000000000000E+000  0.126128506321043E-001  0.000000000000000E+000  0.000000000000000E+000  0.470009989412008E-001 -0.000000000000000E+000 -0.000000000000000E+000  0.126128506321043E-001  -0.621301613293565E-012 -0.625952583993917E-012 -0.321780401265990E-003
     27.04000000 -0.000000000000000E+000 -0.000000000000000E+000  0.459754259698178E-001 -0.000000000000000E+000 -0.000000000000000E+000  0.128196621422877E-001  0.000000000000000E+000  0.000000000000000E+000  0.459754259698178E-001 -0.000000000000000E+000 -0.000000000000000E+000  0.128196621422877E-001  -0.617281004575304E-012 -0.619436619569804E-012 -0.360046808427159E-003
     27.12000000 -0.000000000000000E+000 -0.000000000000000E+000  0.449336462885132E-001 -0.000000000000000E+000 -0.000000000000000E+000  0.130222460163074E-001  0.000000000000000E+000  0.000000000000000E+000  0.449336462885132E-001 -0.000000000000000E+000 -0.000000000000000E+000  0.130222460163074E-001  -0.612527046589771E-012 -0.609934841921020E-012 -0.398426762231941E-003
     27.20000000 -0.000000000000000E+000 -0.000000000000000E+000  0.438760055168305E-001 -0.000000000000000E+000 -0.000000000000000E+000  0.132205096460342E-001  0.000000000000000E+000  0.000000000000000E+000  0.438760055168305E-001 -0.000000000000000E+000 -0.000000000000000E+000  0.132205096460342E-001  -0.607481688125930E-012 -0.598066036426450E-012 -0.436906016714817E-003
     27.28000000 -0.000000000000000E+000 -0.000000000000000E+000  0.428028565311753E-001 -0.000000000000000E+000 -0.000000000000000E+000  0.134143623206898E-001  0.000000000000000E+000  0.000000000000000E+000  0.428028565311753E-001 -0.000000000000000E+000 -0.000000000000000E+000  0.134143623206898E-001  -0.602760052666691E-012 -0.584792192866592E-012 -0.475470270857428E-003
     27.36000000 -0.000000000000000E+000 -0.000000000000000E+000  0.417145593092359E-001 -0.000000000000000E+000 -0.000000000000000E+000  0.136037152742432E-001  0.000000000000000E+000  0.000000000000000E+000  0.417145593092359E-001 -0.000000000000000E+000 -0.000000000000000E+000  0.136037152742432E-001  -0.599036091638988E-012 -0.571156875596567E-012 -0.514105174568923E-003
     27.44000000 -0.000000000000000E+000 -0.000000000000000E+000  0.406114807706894E-001 -0.000000000000000E+000 -0.000000000000000E+000  0.137884817318304E-001  0.000000000000000E+000  0.000000000000000E+000  0.406114807706894E-001 -0.000000000000000E+000 -0.000000000000000E+000  0.137884817318304E-001  -0.596943347602254E-012 -0.558049747971104E-012 -0.552796334546185E-003
     27.52000000 -0.000000000000000E+000 -0.000000000000000E+000  0.394939946142785E-001 -0.000000000000000E+000 -0.000000000000000E+000  0.139685769551362E-001  0.000000000000000E+000  0.000000000000000E+000  0.394939946142785E-001 -0.000000000000000E+000 -0.000000000000000E+000  0.139685769551362E-001  -0.596990741479894E-012 -0.546087959913165E-012 -0.591529320018601E-003
     27.60000000 -0.000000000000000E+000 -0.000000000000000E+000  0.383624811513386E-001 -0.000000000000000E+000 -0.000000000000000E+000  0.141439182867490E-001  0.000000000000000E+000  0.000000000000000E+000  0.383624811513386E-001 -0.000000000000000E+000 -0.000000000000000E+000  0.141439182867490E-001  -0.599497906017150E-012 -0.535570148252542E-012 -0.630289668398275E-003
     27.68000000 -0.000000000000000E+000 -0.000000000000000E+000  0.372173271358646E-001 -0.000000000000000E+000 -0.000000000000000E+000  0.143144251934249E-001  0.000000000000000E+000  0.000000000000000E+000  0.372173271358646E-001 -0.000000000000000E+000 -0.000000000000000E+000  0.143144251934249E-001  -0.604550065371267E-012 -0.526457821074942E-012 -0.669062890863088E-003
     27.76000000 -0.000000000000000E+000 -0.000000000000000E+000  0.360589255912025E-001 -0.000000000000000E+000 -0.000000000000000E+000  0.144800193082770E-001  0.000000000000000E+000  0.000000000000000E+000  0.360589255912025E-001 -0.000000000000000E+000 -0.000000000000000E+000  0.144800193082770E-001  -0.611948369899319E-012 -0.518384582561738E-012 -0.707834477895612E-003
     27.84000000 -0.000000000000000E+000 -0.000000000000000E+000  0.348876756334564E-001 -0.000000000000000E+000 -0.000000000000000E+000  0.146406244718260E-001  0.000000000000000E+000  0.000000000000000E+000  0.348876756334564E-001 -0.000000000000000E+000 -0.000000000000000E+000  0.146406244718260E-001  -0.621247062724754E-012 -0.510721688720630E-012 -0.746589904789355E-003
     27.92000000 -0.000000000000000E+000 -0.000000000000000E+000  0.337039822917020E-001 -0.000000000000000E+000 -0.000000000000000E+000  0.147961667719302E-001  0.000000000000000E+000  0.000000000000000E+000  0.337039822917020E-001 -0.000000000000000E+000 -0.000000000000000E+000  0.147961667719302E-001  -0.631829255963661E-012 -0.502757832936448E-012 -0.785314637121840E-003
     28.00000000 -0.000000000000000E+000 -0.000000000000000E+000  0.325082563250995E-001 -0.000000000000000E+000 -0.000000000000000E+000  0.149465745825304E-001  0.000000000000000E+000  0.000000000000000E+000  0.325082563250995E-001 -0.000000000000000E+000 -0.000000000000000E+000  0.149465745825304E-001  -0.643054310598888E-012 -0.493935744233438E-012 -0.823994136186205E-003
     28.08000000 -0.000000000000000E+000 -0.000000000000000E+000  0.313009140370012E-001 -0.000000000000000E+000 -0.000000000000000E+000  0.150917786012288E-001  0.000000000000000E+000  0.000000000000000E+000  0.313009140370012E-001 -0.000000000000000E+000 -0.000000000000000E+000  0.150917786012288E-001  -0.654388067874109E-012 -0.484069284862685E-012 -0.862613864371007E-003
     28.16000000 -0.000000000000000E+000 -0.000000000000000E+000  0.300823770861497E-001 -0.000000000000000E+000 -0.000000000000000E+000  0.152317118856436E-001  0.000000000000000E+000  0.000000000000000E+000  0.300823770861497E-001 -0.000000000000000E+000 -0.000000000000000E+000  0.152317118856436E-001  -0.665505780878745E-012 -0.473444436801363E-012 -0.901159290479008E-003
     28.24000000 -0.000000000000000E+000 -0.000000000000000E+000  0.288530722950655E-001 -0.000000000000000E+000 -0.000000000000000E+000  0.153663098885534E-001  0.000000000000000E+000  0.000000000000000E+000  0.288530722950655E-001 -0.000000000000000E+000 -0.000000000000000E+000  0.153663098885534E-001  -0.676309232487773E-012 -0.462717994541713E-012 -0.939615894976654E-003
     28.32000000 -0.000000000000000E+000 -0.000000000000000E+000  0.276134314557233E-001 -0.000000000000000E+000 -0.000000000000000E+000  0.154955104917768E-001  0.000000000000000E+000  0.000000000000000E+000  0.276134314557233E-001 -0.000000000000000E+000 -0.000000000000000E+000  0.154955104917768E-001  -0.686873189954359E-012 -0.452666831291968E-012 -0.977969175164576E-003
     28.40000000 -0.000000000000000E+000 -0.000000000000000E+000  0.263638911326189E-001 -0.000000000000000E+000 -0.000000000000000E+000  0.156192540388056E-001  0.000000000000000E+000  0.000000000000000E+000  0.263638911326189E-001 -0.000000000000000E+000 -0.000000000000000E+000  0.156192540388056E-001  -0.697311385521709E-012 -0.443894355881149E-012 -0.101620465025725E-002
     28.48000000 -0.000000000000000E+000 -0.000000000000000E+000  0.251048924633282E-001 -0.000000000000000E+000 -0.000000000000000E+000  0.157374833661340E-001  0.000000000000000E+000  0.000000000000000E+000  0.251048924633282E-001 -0.000000000000000E+000 -0.000000000000000E+000  0.157374833661340E-001  -0.707626170365053E-012 -0.436619996774493E-012 -0.105430786635972E-002
     28.56000000 -0.000000000000000E+000 -0.000000000000000E+000  0.238368809566638E-001 -0.000000000000000E+000 -0.000000000000000E+000  0.158501438333051E-001  0.000000000000000E+000  0.000000000000000E+000  0.238368809566638E-001 -0.000000000000000E+000 -0.000000000000000E+000  0.158501438333051E-001  -0.717578827071164E-012 -0.430604114547722E-012 -0.109226440133416E-002
     28.64000000 -0.000000000000000E+000 -0.000000000000000E+000  0.225603062885341E-001 -0.000000000000000E+000 -0.000000000000000E+000  0.159571833516204E-001  0.000000000000000E+000  0.000000000000000E+000  0.225603062885341E-001 -0.000000000000000E+000 -0.000000000000000E+000  0.159571833516204E-001  -0.726660782533463E-012 -0.425224581194656E-012 -0.113005986955873E-002
     28.72000000 -0.000000000000000E+000 -0.000000000000000E+000  0.212756220956114E-001 -0.000000000000000E+000 -0.000000000000000E+000  0.160585524115338E-001  0.000000000000000E+000  0.000000000000000E+000  0.212756220956114E-001 -0.000000000000000E+000 -0.000000000000000E+000  0.160585524115338E-001  -0.734151355082005E-012 -0.419647443713554E-012 -0.116767992659233E-002
     28.80000000 -0.000000000000000E+000 -0.000000000000000E+000  0.199832857669173E-001 -0.000000000000000E+000 -0.000000000000000E+000  0.161542041086771E-001  0.000000000000000E+000  0.000000000000000E+000  0.199832857669173E-001 -0.000000000000000E+000 -0.000000000000000E+000  0.161542041086771E-001  -0.739286252834011E-012 -0.413027086023682E-012 -0.120511027376666E-002
     28.88000000 -0.000000000000000E+000 -0.000000000000000E+000  0.186837582334347E-001 -0.000000000000000E+000 -0.000000000000000E+000  0.162440941685319E-001  0.000000000000000E+000  0.000000000000000E+000  0.186837582334347E-001 -0.000000000000000E+000 -0.000000000000000E+000  0.162440941685319E-001  -0.741432022764566E-012 -0.404698303160321E-012 -0.124233666272702E-002
     28.96000000 -0.000000000000000E+000 -0.000000000000000E+000  0.173775037558567E-001 -0.000000000000000E+000 -0.000000000000000E+000  0.163281809697247E-001  0.000000000000000E+000  0.000000000000000E+000  0.173775037558567E-001 -0.000000000000000E+000 -0.000000000000000E+000  0.163281809697247E-001  -0.740212485118643E-012 -0.394289195708271E-012 -0.127934489993585E-002
     29.04000000 -0.000000000000000E+000 -0.000000000000000E+000  0.160649897105833E-001 -0.000000000000000E+000 -0.000000000000000E+000  0.164064255659173E-001  0.000000000000000E+000  0.000000000000000E+000  0.160649897105833E-001 -0.000000000000000E+000 -0.000000000000000E+000  0.164064255659173E-001  -0.735549444261537E-012 -0.381770697261374E-012 -0.131612085114092E-002
     29.12000000 -0.000000000000000E+000 -0.000000000000000E+000  0.147466863740783E-001 -0.000000000000000E+000 -0.000000000000000E+000  0.164787917063124E-001  0.000000000000000E+000  0.000000000000000E+000  0.147466863740783E-001 -0.000000000000000E+000 -0.000000000000000E+000  0.164787917063124E-001  -0.727618802145052E-012 -0.367424724603345E-012 -0.135265044580022E-002
     29.20000000 -0.000000000000000E+000 -0.000000000000000E+000  0.134230667057006E-001 -0.000000000000000E+000 -0.000000000000000E+000  0.165452458547222E-001  0.000000000000000E+000  0.000000000000000E+000  0.134230667057006E-001 -0.000000000000000E+000 -0.000000000000000E+000  0.165452458547222E-001  -0.716807543401978E-012 -0.351733536507390E-012 -0.138891968144988E-002
     29.28000000 -0.000000000000000E+000 -0.000000000000000E+000  0.120946061291219E-001 -0.000000000000000E+000 -0.000000000000000E+000  0.166057572072332E-001  0.000000000000000E+000  0.000000000000000E+000  0.120946061291219E-001 -0.000000000000000E+000 -0.000000000000000E+000  0.166057572072332E-001  -0.703651021842328E-012 -0.335252568868069E-012 -0.142491462800363E-002
     29.36000000 -0.000000000000000E+000 -0.000000000000000E+000  0.107617823124489E-001 -0.000000000000000E+000 -0.000000000000000E+000  0.166602977084127E-001  0.000000000000000E+000  0.000000000000000E+000  0.107617823124489E-001 -0.000000000000000E+000 -0.000000000000000E+000  0.166602977084127E-001  -0.688788562750839E-012 -0.318474879563981E-012 -0.146062143197582E-002
     29.44000000 -0.000000000000000E+000 -0.000000000000000E+000  0.942507494716150E-002 -0.000000000000000E+000 -0.000000000000000E+000  0.167088420660925E-001  0.000000000000000E+000  0.000000000000000E+000  0.942507494716150E-002 -0.000000000000000E+000 -0.000000000000000E+000  0.167088420660925E-001  -0.672873643011301E-012 -0.301721214373030E-012 -0.149602632062348E-002
     29.52000000 -0.000000000000000E+000 -0.000000000000000E+000  0.808496552598744E-002 -0.000000000000000E+000 -0.000000000000000E+000  0.167513677646757E-001  0.000000000000000E+000  0.000000000000000E+000  0.808496552598744E-002 -0.000000000000000E+000 -0.000000000000000E+000  0.167513677646757E-001  -0.656441136071932E-012 -0.285075934012175E-012 -0.153111560600154E-002
     29.60000000 -0.000000000000000E+000 -0.000000000000000E+000  0.674193711982687E-002 -0.000000000000000E+000 -0.000000000000000E+000  0.167878550770070E-001  0.000000000000000E+000  0.000000000000000E+000  0.674193711982687E-002 -0.000000000000000E+000 -0.000000000000000E+000  0.167878550770070E-001  -0.639786642125878E-012 -0.268367831162659E-012 -0.156587568892179E-002
     29.68000000 -0.000000000000000E+000 -0.000000000000000E+000  0.539647415384680E-002 -0.000000000000000E+000 -0.000000000000000E+000  0.168182870747510E-001  0.000000000000000E+000  0.000000000000000E+000  0.539647415384680E-002 -0.000000000000000E+000 -0.000000000000000E+000  0.168182870747510E-001  -0.622933119656087E-012 -0.251234286878716E-012 -0.160029306280374E-002
     29.76000000 -0.000000000000000E+000 -0.000000000000000E+000  0.404906218286117E-002 -0.000000000000000E+000 -0.000000000000000E+000  0.168426496373204E-001  0.000000000000000E+000  0.000000000000000E+000  0.404906218286117E-002 -0.000000000000000E+000 -0.000000000000000E+000  0.168426496373204E-001  -0.605720122928773E-012 -0.233265919219621E-012 -0.163435431741017E-002
     29.84000000 -0.000000000000000E+000 -0.000000000000000E+000  0.270018766611691E-002 -0.000000000000000E+000 -0.000000000000000E+000  0.168609314593032E-001  0.000000000000000E+000  0.000000000000000E+000  0.270018766611691E-002 -0.000000000000000E+000 -0.000000000000000E+000  0.168609314593032E-001  -0.588003791742686E-012 -0.214213508755722E-012 -0.166804614247101E-002
     29.92000000 -0.000000000000000E+000 -0.000000000000000E+000  0.135033774160252E-002 -0.000000000000000E+000 -0.000000000000000E+000  0.168731240564299E-001  0.000000000000000E+000  0.000000000000000E+000  0.135033774160252E-002 -0.000000000000000E+000 -0.000000000000000E+000  0.168731240564299E-001  -0.569877516687947E-012 -0.194147294219704E-012 -0.170135533121500E-002
     30.00000000 -0.000000000000000E+000 -0.000000000000000E+000 -0.000000000000000E+000 -0.000000000000000E+000 -0.000000000000000E+000  0.168792217700315E-001  0.000000000000000E+000  0.000000000000000E+000  0.000000000000000E+000 -0.000000000000000E+000 -0.000000000000000E+000  0.168792217700315E-001  -0.551765461371353E-012 -0.173514746929861E-012 -0.173426878384076E-002
     30.08000000 -0.000000000000000E+000 -0.000000000000000E+000 -0.135033774160258E-002 -0.000000000000000E+000 -0.000000000000000E+000  0.168792217700322E-001  0.000000000000000E+000  0.000000000000000E+000 -0.135033774160258E-002 -0.000000000000000E+000 -0.000000000000000E+000  0.168792217700322E-001  -0.534369235480780E-012 -0.153050599828841E-012 -0.176677351096314E-002
     30.16000000 -0.000000000000000E+000 -0.000000000000000E+000 -0.270018766611691E-002 -0.000000000000000E+000 -0.000000000000000E+000  0.168731240564292E-001  0.000000000000000E+000  0.000000000000000E+000 -0.270018766611691E-002 -0.000000000000000E+000 -0.000000000000000E+000  0.168731240564292E-001  -0.518498003441906E-012 -0.133558334315937E-012 -0.179885663706396E-002
     30.24000000 -0.000000000000000E+000 -0.000000000000000E+000 -0.404906218286123E-002 -0.000000000000000E+000 -0.000000000000000E+000  0.168609314593039E-001  0.000000000000000E+000  0.000000000000000E+000 -0.404906218286123E-002 -0.000000000000000E+000 -0.000000000000000E+000  0.168609314593039E-001  -0.504860543853014E-012 -0.115680228997430E-012 -0.183050540396336E-002
     30.32000000 -0.000000000000000E+000 -0.000000000000000E+000 -0.539647415384680E-002 -0.000000000000000E+000 -0.000000000000000E+000  0.168426496373196E-001  0.000000000000000E+000  0.000000000000000E+000 -0.539647415384680E-002 -0.000000000000000E+000 -0.000000000000000E+000  0.168426496373196E-001  -0.493932474372545E-012 -0.997532260505548E-013 -0.186170717431446E-002
     30.40000000 -0.000000000000000E+000 -0.000000000000000E+000 -0.674193711982693E-002 -0.000000000000000E+000 -0.000000000000000E+000  0.168182870747517E-001  0.000000000000000E+000  0.000000000000000E+000 -0.674193711982693E-002 -0.000000000000000E+000 -0.000000000000000E+000  0.168182870747517E-001  -0.485898626122663E-012 -0.857874364134888E-013 -0.189244943511757E-002
     30.48000000 -0.000000000000000E+000 -0.000000000000000E+000 -0.808496552598744E-002 -0.000000000000000E+000 -0.000000000000000E+000  0.167878550770063E-001  0.000000000000000E+000  0.000000000000000E+000 -0.808496552598744E-002 -0.000000000000000E+000 -0.000000000000000E+000  0.167878550770063E-001  -0.480671947456854E-012 -0.735627740724535E-013 -0.192271980125153E-002
     30.56000000 -0.000000000000000E+000 -0.000000000000000E+000 -0.942507494716156E-002 -0.000000000000000E+000 -0.000000000000000E+000  0.167513677646765E-001  0.000000000000000E+000  0.000000000000000E+000 -0.942507494716156E-002 -0.000000000000000E+000 -0.000000000000000E+000  0.167513677646765E-001  -0.477921616920701E-012 -0.627361384814842E-013 -0.195250601902877E-002
     30.64000000 -0.000000000000000E+000 -0.000000000000000E+000 -0.107617823124489E-001 -0.000000000000000E+000 -0.000000000000000E+000  0.167088420660917E-001  0.000000000000000E+000  0.000000000000000E+000 -0.107617823124489E-001 -0.000000000000000E+000 -0.000000000000000E+000  0.167088420660917E-001  -0.477124825952314E-012 -0.529372068360413E-013 -0.198179596979049E-002
     30.72000000 -0.000000000000000E+000 -0.000000000000000E+000 -0.120946061291219E-001 -0.000000000000000E+000 -0.000000000000000E+000  0.166602977084127E-001  0.000000000000000E+000  0.000000000000000E+000 -0.120946061291219E-001 -0.000000000000000E+000 -0.000000000000000E+000  0.166602977084127E-001  -0.477640481289594E-012 -0.438227518489337E-013 -0.201057767356537E-002
     30.80000000 -0.000000000000000E+000 -0.000000000000000E+000 -0.134230667057006E-001 -0.000000000000000E+000 -0.000000000000000E+000  0.166057572072332E-001  0.000000000000000E+000  0.000000000000000E+000 -0.134230667057006E-001 -0.000000000000000E+000 -0.000000000000000E+000  0.166057572072332E-001  -0.478807110183215E-012 -0.351145012368751E-013 -0.203883929281778E-002
     30.88000000 -0.000000000000000E+000 -0.000000000000000E+000 -0.147466863740783E-001 -0.000000000000000E+000 -0.000000000000000E+000  0.165452458547222E-001  0.000000000000000E+000  0.000000000000000E+000 -0.147466863740783E-001 -0.000000000000000E+000 -0.000000000000000E+000  0.165452458547222E-001  -0.480065594592282E-012 -0.266397446054611E-013 -0.206656913630910E-002
     30.96000000 -0.000000000000000E+000 -0.000000000000000E+000 -0.160649897105833E-001 -0.000000000000000E+000 -0.000000000000000E+000  0.164787917063124E-001  0.000000000000000E+000  0.000000000000000E+000 -0.160649897105833E-001 -0.000000000000000E+000 -0.000000000000000E+000  0.164787917063124E-001  -0.481072183198554E-012 -0.183729766005295E-013 -0.209375566309117E-002
     31.04000000 -0.000000000000000E+000 -0.000000000000000E+000 -0.173775037558567E-001 -0.000000000000000E+000 -0.000000000000000E+000  0.164064255659173E-001  0.000000000000000E+000  0.000000000000000E+000 -0.173775037558567E-001 -0.000000000000000E+000 -0.000000000000000E+000  0.164064255659173E-001  -0.481726369456750E-012 -0.104243468923776E-013 -0.212038748664570E-002
     31.12000000 -0.000000000000000E+000 -0.000000000000000E+000 -0.186837582334347E-001 -0.000000000000000E+000 -0.000000000000000E+000  0.163281809697247E-001  0.000000000000000E+000  0.000000000000000E+000 -0.186837582334347E-001 -0.000000000000000E+000 -0.000000000000000E+000  0.163281809697247E-001  -0.482093553596390E-012 -0.294410582429387E-014 -0.214645337917629E-002
     31.20000000 -0.000000000000000E+000 -0.000000000000000E+000 -0.199832857669173E-001 -0.000000000000000E+000 -0.000000000000000E+000  0.162440941685319E-001  0.000000000000000E+000  0.000000000000000E+000 -0.199832857669173E-001 -0.000000000000000E+000 -0.000000000000000E+000  0.162440941685319E-001  -0.482286055950869E-012  0.400634361679571E-014 -0.217194227605119E-002
     31.28000000 -0.000000000000000E+000 -0.000000000000000E+000 -0.212756220956114E-001 -0.000000000000000E+000 -0.000000000000000E+000  0.161542041086771E-001  0.000000000000000E+000  0.000000000000000E+000 -0.212756220956114E-001 -0.000000000000000E+000 -0.000000000000000E+000  0.161542041086771E-001  -0.482284279314948E-012  0.105836181992975E-013 -0.219684328038481E-002
     31.36000000 -0.000000000000000E+000 -0.000000000000000E+000 -0.225603062885341E-001 -0.000000000000000E+000 -0.000000000000000E+000  0.160585524115338E-001  0.000000000000000E+000  0.000000000000000E+000 -0.225603062885341E-001 -0.000000000000000E+000 -0.000000000000000E+000  0.160585524115338E-001  -0.481828419484290E-012  0.172121296165492E-013 -0.222114566773731E-002
     31.44000000 -0.000000000000000E+000 -0.000000000000000E+000 -0.238368809566638E-001 -0.000000000000000E+000 -0.000000000000000E+000  0.159571833516211E-001  0.000000000000000E+000  0.000000000000000E+000 -0.238368809566638E-001 -0.000000000000000E+000 -0.000000000000000E+000  0.159571833516211E-001  -0.480380409006291E-012  0.245276434816418E-013 -0.224483889090864E-002
     31.52000000 -0.000000000000000E+000 -0.000000000000000E+000 -0.251048924633282E-001 -0.000000000000000E+000 -0.000000000000000E+000  0.158501438333043E-001  0.000000000000000E+000  0.000000000000000E+000 -0.251048924633282E-001 -0.000000000000000E+000 -0.000000000000000E+000  0.158501438333043E-001  -0.477199646192098E-012  0.332197168937852E-013 -0.226791258481001E-002
     31.60000000 -0.000000000000000E+000 -0.000000000000000E+000 -0.263638911326189E-001 -0.000000000000000E+000 -0.000000000000000E+000  0.157374833661347E-001  0.000000000000000E+000  0.000000000000000E+000 -0.263638911326189E-001 -0.000000000000000E+000 -0.000000000000000E+000  0.157374833661347E-001  -0.471489009793218E-012  0.438636476035181E-013 -0.229035657141228E-002
     31.68000000 -0.000000000000000E+000 -0.000000000000000E+000 -0.276134314557233E-001 -0.000000000000000E+000 -0.000000000000000E+000  0.156192540388050E-001  0.000000000000000E+000  0.000000000000000E+000 -0.276134314557233E-001 -0.000000000000000E+000 -0.000000000000000E+000  0.156192540388050E-001  -0.462598301508057E-012  0.567895912346168E-013 -0.231216086479281E-002
     31.76000000 -0.000000000000000E+000 -0.000000000000000E+000 -0.288530722950655E-001 -0.000000000000000E+000 -0.000000000000000E+000  0.154955104917774E-001  0.000000000000000E+000  0.000000000000000E+000 -0.288530722950655E-001 -0.000000000000000E+000 -0.000000000000000E+000  0.154955104917774E-001  -0.450161191257159E-012  0.720247426896291E-013 -0.233331567632206E-002
     31.84000000 -0.000000000000000E+000 -0.000000000000000E+000 -0.300823770861497E-001 -0.000000000000000E+000 -0.000000000000000E+000  0.153663098885528E-001  0.000000000000000E+000  0.000000000000000E+000 -0.300823770861497E-001 -0.000000000000000E+000 -0.000000000000000E+000  0.153663098885528E-001  -0.434171393930570E-012  0.893361914994961E-013 -0.235381142004034E-002
     31.92000000 -0.000000000000000E+000 -0.000000000000000E+000 -0.313009140370013E-001 -0.000000000000000E+000 -0.000000000000000E+000  0.152317118856442E-001  0.000000000000000E+000  0.000000000000000E+000 -0.313009140370013E-001 -0.000000000000000E+000 -0.000000000000000E+000  0.152317118856442E-001  -0.414952231666706E-012  0.108335141510301E-012 -0.237363871826821E-002
     32.00000000 -0.000000000000000E+000 -0.000000000000000E+000 -0.325082563250995E-001 -0.000000000000000E+000 -0.000000000000000E+000  0.150917786012282E-001  0.000000000000000E+000  0.000000000000000E+000 -0.325082563250995E-001 -0.000000000000000E+000 -0.000000000000000E+000  0.150917786012282E-001  -0.393054345902673E-012  0.128607291715910E-012 -0.239278840747314E-002
     32.08000000 -0.000000000000000E+000 -0.000000000000000E+000 -0.337039822917020E-001 -0.000000000000000E+000 -0.000000000000000E+000  0.149465745825304E-001  0.000000000000000E+000  0.000000000000000E+000 -0.337039822917020E-001 -0.000000000000000E+000 -0.000000000000000E+000  0.149465745825304E-001  -0.369111769786841E-012  0.149824728933846E-012 -0.241125154438718E-002
     32.16000000 -0.000000000000000E+000 -0.000000000000000E+000 -0.348876756334564E-001 -0.000000000000000E+000 -0.000000000000000E+000  0.147961667719309E-001  0.000000000000000E+000  0.000000000000000E+000 -0.348876756334564E-001 -0.000000000000000E+000 -0.000000000000000E+000  0.147961667719309E-001  -0.343746496553037E-012  0.171800759573351E-012 -0.242901941234545E-002
     32.24000000 -0.000000000000000E+000 -0.000000000000000E+000 -0.360589255912025E-001 -0.000000000000000E+000 -0.000000000000000E+000  0.146406244718260E-001  0.000000000000000E+000  0.000000000000000E+000 -0.360589255912025E-001 -0.000000000000000E+000 -0.000000000000000E+000  0.146406244718260E-001  -0.317482853399111E-012  0.194483938241343E-012 -0.244608352780150E-002
     32.32000000 -0.000000000000000E+000 -0.000000000000000E+000 -0.372173271358646E-001 -0.000000000000000E+000 -0.000000000000000E+000  0.144800193082764E-001  0.000000000000000E+000  0.000000000000000E+000 -0.372173271358646E-001 -0.000000000000000E+000 -0.000000000000000E+000  0.144800193082764E-001  -0.290693898481334E-012  0.217904513174541E-012 -0.246243564697448E-002
     32.40000000 -0.000000000000000E+000 -0.000000000000000E+000 -0.383624811513386E-001 -0.000000000000000E+000 -0.000000000000000E+000  0.143144251934249E-001  0.000000000000000E+000  0.000000000000000E+000 -0.383624811513386E-001 -0.000000000000000E+000 -0.000000000000000E+000  0.143144251934249E-001  -0.263587426675245E-012  0.242093683545324E-012 -0.247806777259006E-002
     32.48000000 -0.000000000000000E+000 -0.000000000000000E+000 -0.394939946142786E-001 -0.000000000000000E+000 -0.000000000000000E+000  0.141439182867496E-001  0.000000000000000E+000  0.000000000000000E+000 -0.394939946142786E-001 -0.000000000000000E+000 -0.000000000000000E+000  0.141439182867496E-001  -0.236203818488423E-012  0.267000413924553E-012 -0.249297216068538E-002
     32.56000000 -0.000000000000000E+000 -0.000000000000000E+000 -0.406114807706895E-001 -0.000000000000000E+000 -0.000000000000000E+000  0.139685769551361E-001  0.000000000000000E+000  0.000000000000000E+000 -0.406114807706895E-001 -0.000000000000000E+000 -0.000000000000000E+000  0.139685769551361E-001  -0.208483080145795E-012  0.292449510668195E-012 -0.250714132745090E-002
     32.64000000 -0.000000000000000E+000 -0.000000000000000E+000 -0.417145593092359E-001 -0.000000000000000E+000 -0.000000000000000E+000  0.137884817318299E-001  0.000000000000000E+000  0.000000000000000E+000 -0.417145593092359E-001 -0.000000000000000E+000 -0.000000000000000E+000  0.137884817318299E-001  -0.180395436494224E-012  0.318098376807058E-012 -0.252056805607881E-002
     32.72000000 -0.000000000000000E+000 -0.000000000000000E+000 -0.428028565311753E-001 -0.000000000000000E+000 -0.000000000000000E+000  0.136037152742432E-001  0.000000000000000E+000  0.000000000000000E+000 -0.428028565311753E-001 -0.000000000000000E+000 -0.000000000000000E+000  0.136037152742432E-001  -0.152097305406234E-012  0.343422487251298E-012 -0.253324540358242E-002
     32.80000000 -0.000000000000000E+000 -0.000000000000000E+000 -0.438760055168304E-001 -0.000000000000000E+000 -0.000000000000000E+000  0.134143623206892E-001  0.000000000000000E+000  0.000000000000000E+000 -0.438760055168304E-001 -0.000000000000000E+000 -0.000000000000000E+000  0.134143623206892E-001  -0.124024136355611E-012  0.367742117887590E-012 -0.254516670755105E-002
     32.88000000 -0.000000000000000E+000 -0.000000000000000E+000 -0.449336462885133E-001 -0.000000000000000E+000 -0.000000000000000E+000  0.132205096460353E-001  0.000000000000000E+000  0.000000000000000E+000 -0.449336462885133E-001 -0.000000000000000E+000 -0.000000000000000E+000  0.132205096460353E-001  -0.968984683986964E-013  0.390308441396014E-012 -0.255632559281277E-002
     32.96000000 -0.000000000000000E+000 -0.000000000000000E+000 -0.459754259698178E-001 -0.000000000000000E+000 -0.000000000000000E+000  0.130222460163068E-001  0.000000000000000E+000  0.000000000000000E+000 -0.459754259698178E-001 -0.000000000000000E+000 -0.000000000000000E+000  0.130222460163068E-001  -0.715811175283477E-013  0.410444184662879E-012 -0.256671597799206E-002
     33.04000000 -0.000000000000000E+000 -0.000000000000000E+000 -0.470009989412008E-001 -0.000000000000000E+000 -0.000000000000000E+000  0.128196621422877E-001  0.000000000000000E+000  0.000000000000000E+000 -0.470009989412008E-001 -0.000000000000000E+000 -0.000000000000000E+000  0.128196621422877E-001  -0.488694573461332E-013  0.427705676975354E-012 -0.257633208196420E-002
     33.12000000 -0.000000000000000E+000 -0.000000000000000E+000 -0.480100269917691E-001 -0.000000000000000E+000 -0.000000000000000E+000  0.126128506321037E-001  0.000000000000000E+000  0.000000000000000E+000 -0.480100269917691E-001 -0.000000000000000E+000 -0.000000000000000E+000  0.126128506321037E-001  -0.293089922539346E-013  0.441996866554028E-012 -0.258516843021567E-002
     33.20000000 -0.000000000000000E+000 -0.000000000000000E+000 -0.490021794671975E-001 -0.000000000000000E+000 -0.000000000000000E+000  0.124019059428550E-001  0.000000000000000E+000  0.000000000000000E+000 -0.490021794671975E-001 -0.000000000000000E+000 -0.000000000000000E+000  0.124019059428550E-001  -0.130915550110004E-013  0.453561719592961E-012 -0.259321986111697E-002
     33.28000000 -0.000000000000000E+000 -0.000000000000000E+000 -0.499771334137012E-001 -0.000000000000000E+000 -0.000000000000000E+000  0.121869243312954E-001  0.000000000000000E+000  0.000000000000000E+000 -0.499771334137012E-001 -0.000000000000000E+000 -0.000000000000000E+000  0.121869243312954E-001  -0.693595752302341E-016  0.462865135332937E-012 -0.260048153210310E-002
     33.36000000 -0.000000000000000E+000 -0.000000000000000E+000 -0.509345737179905E-001 -0.000000000000000E+000 -0.000000000000000E+000  0.119680038036165E-001  0.000000000000000E+000  0.000000000000000E+000 -0.509345737179905E-001 -0.000000000000000E+000 -0.000000000000000E+000  0.119680038036165E-001   0.101478624132985E-013  0.470389229743684E-012 -0.260694892574377E-002
     33.44000000 -0.000000000000000E+000 -0.000000000000000E+000 -0.518741932431363E-001 -0.000000000000000E+000 -0.000000000000000E+000  0.117452440643230E-001  0.000000000000000E+000  0.000000000000000E+000 -0.518741932431363E-001 -0.000000000000000E+000 -0.000000000000000E+000  0.117452440643230E-001   0.180802883184262E-013  0.476463228218573E-012 -0.261261785567613E-002
     33.52000000 -0.000000000000000E+000 -0.000000000000000E+000 -0.527956929602779E-001 -0.000000000000000E+000 -0.000000000000000E+000  0.115187464642702E-001  0.000000000000000E+000  0.000000000000000E+000 -0.527956929602779E-001 -0.000000000000000E+000 -0.000000000000000E+000  0.115187464642702E-001   0.242694593062461E-013  0.481178535651520E-012 -0.261748447236975E-002
     33.60000000 -0.000000000000000E+000 -0.000000000000000E+000 -0.536987820761069E-001 -0.000000000000000E+000 -0.000000000000000E+000  0.112886139478617E-001  0.000000000000000E+000  0.000000000000000E+000 -0.536987820761069E-001 -0.000000000000000E+000 -0.000000000000000E+000  0.112886139478617E-001   0.292003710075332E-013  0.484427401169536E-012 -0.262154526869409E-002
     33.68000000 -0.000000000000000E+000 -0.000000000000000E+000 -0.545831781560640E-001 -0.000000000000000E+000 -0.000000000000000E+000  0.110549509994637E-001  0.000000000000000E+000  0.000000000000000E+000 -0.545831781560640E-001 -0.000000000000000E+000 -0.000000000000000E+000  0.110549509994637E-001   0.332354275354045E-013  0.486006607765075E-012 -0.262479708525928E-002
     33.76000000 -0.000000000000000E+000 -0.000000000000000E+000 -0.554486072431866E-001 -0.000000000000000E+000 -0.000000000000000E+000  0.108178635890323E-001  0.000000000000000E+000  0.000000000000000E+000 -0.554486072431866E-001 -0.000000000000000E+000 -0.000000000000000E+000  0.108178635890323E-001   0.365851483253023E-013  0.485725153273120E-012 -0.262723711549703E-002
     33.84000000 -0.000000000000000E+000 -0.000000000000000E+000 -0.562948039725480E-001 -0.000000000000000E+000 -0.000000000000000E+000  0.105774591170185E-001  0.000000000000000E+000  0.000000000000000E+000 -0.562948039725480E-001 -0.000000000000000E+000 -0.000000000000000E+000  0.105774591170185E-001   0.393037855237824E-013  0.483510465040129E-012 -0.262886291044222E-002
     33.92000000 -0.000000000000000E+000 -0.000000000000000E+000 -0.571215116812326E-001 -0.000000000000000E+000 -0.000000000000000E+000  0.103338463585565E-001  0.000000000000000E+000  0.000000000000000E+000 -0.571215116812326E-001 -0.000000000000000E+000 -0.000000000000000E+000  0.103338463585565E-001   0.413531235139920E-013  0.479462687834199E-012 -0.262967238316973E-002
     34.00000000 -0.000000000000000E+000 -0.000000000000000E+000 -0.579284825137915E-001 -0.000000000000000E+000 -0.000000000000000E+000  0.100871354069870E-001  0.000000000000000E+000  0.000000000000000E+000 -0.579284825137915E-001 -0.000000000000000E+000 -0.000000000000000E+000  0.100871354069870E-001   0.427053804936656E-013  0.473906155339316E-012 -0.262966381284014E-002
     34.08000000 -0.000000000000000E+000 -0.000000000000000E+000 -0.587154775231292E-001 -0.000000000000000E+000 -0.000000000000000E+000  0.983743761672137E-002  0.000000000000000E+000  0.000000000000000E+000 -0.587154775231292E-001 -0.000000000000000E+000 -0.000000000000000E+000  0.983743761672137E-002   0.434698480573533E-013  0.467412094528416E-012 -0.262883584831411E-002
     34.16000000 -0.000000000000000E+000 -0.000000000000000E+000 -0.594822667667699E-001 -0.000000000000000E+000 -0.000000000000000E+000  0.958486554550790E-002  0.000000000000000E+000  0.000000000000000E+000 -0.594822667667699E-001 -0.000000000000000E+000 -0.000000000000000E+000  0.958486554550790E-002   0.439708435758135E-013  0.460757249797982E-012 -0.262718751130764E-002
     34.24000000 -0.000000000000000E+000 -0.000000000000000E+000 -0.602286293984582E-001 -0.000000000000000E+000 -0.000000000000000E+000  0.932953289610452E-002  0.000000000000000E+000  0.000000000000000E+000 -0.602286293984582E-001 -0.000000000000000E+000 -0.000000000000000E+000  0.932953289610452E-002   0.447685211053518E-013  0.454826236633421E-012 -0.262471819907515E-002
     34.32000000 -0.000000000000000E+000 -0.000000000000000E+000 -0.609543537550517E-001 -0.000000000000000E+000 -0.000000000000000E+000  0.907155445741860E-002  0.000000000000000E+000  0.000000000000000E+000 -0.609543537550517E-001 -0.000000000000000E+000 -0.000000000000000E+000  0.907155445741860E-002   0.465837322871903E-013  0.450426301024905E-012 -0.262142768662141E-002
     34.40000000 -0.000000000000000E+000 -0.000000000000000E+000 -0.616592374386611E-001 -0.000000000000000E+000 -0.000000000000000E+000  0.881104604511778E-002  0.000000000000000E+000  0.000000000000000E+000 -0.616592374386611E-001 -0.000000000000000E+000 -0.000000000000000E+000  0.881104604511778E-002   0.501746285799303E-013  0.448101866811245E-012 -0.261731612845405E-002
     34.48000000 -0.000000000000000E+000 -0.000000000000000E+000 -0.623430873940025E-001 -0.000000000000000E+000 -0.000000000000000E+000  0.854812444176702E-002  0.000000000000000E+000  0.000000000000000E+000 -0.623430873940025E-001 -0.000000000000000E+000 -0.000000000000000E+000  0.854812444176702E-002   0.561907595206715E-013  0.448007355878881E-012 -0.261238405989536E-002
     34.56000000 -0.000000000000000E+000 -0.000000000000000E+000 -0.630057199809235E-001 -0.000000000000000E+000 -0.000000000000000E+000  0.828290733651199E-002  0.000000000000000E+000  0.000000000000000E+000 -0.630057199809235E-001 -0.000000000000000E+000 -0.000000000000000E+000  0.828290733651199E-002   0.650440386120136E-013  0.449887728740663E-012 -0.260663239797606E-002
     34.64000000 -0.000000000000000E+000 -0.000000000000000E+000 -0.636469610420719E-001 -0.000000000000000E+000 -0.000000000000000E+000  0.801551326435595E-002  0.000000000000000E+000  0.000000000000000E+000 -0.636469610420719E-001 -0.000000000000000E+000 -0.000000000000000E+000  0.801551326435595E-002   0.768481646550460E-013  0.453213023735576E-012 -0.260006244193499E-002
     34.72000000 -0.000000000000000E+000 -0.000000000000000E+000 -0.642666459656755E-001 -0.000000000000000E+000 -0.000000000000000E+000  0.774606154504438E-002  0.000000000000000E+000  0.000000000000000E+000 -0.642666459656755E-001 -0.000000000000000E+000 -0.000000000000000E+000  0.774606154504438E-002   0.914268294358638E-013  0.457366478905274E-012 -0.259267587334708E-002
     34.80000000 -0.000000000000000E+000 -0.000000000000000E+000 -0.648646197434043E-001 -0.000000000000000E+000 -0.000000000000000E+000  0.747467222161069E-002  0.000000000000000E+000  0.000000000000000E+000 -0.648646197434043E-001 -0.000000000000000E+000 -0.000000000000000E+000  0.747467222161069E-002   0.108397372832706E-012  0.461845205644030E-012 -0.258447475589919E-002
     34.88000000 -0.000000000000000E+000 -0.000000000000000E+000 -0.654407370232923E-001 -0.000000000000000E+000 -0.000000000000000E+000  0.720146599859951E-002  0.000000000000000E+000  0.000000000000000E+000 -0.654407370232923E-001 -0.000000000000000E+000 -0.000000000000000E+000  0.720146599859951E-002   0.127313857096116E-012  0.466402559627838E-012 -0.257546153482844E-002
     34.96000000 -0.000000000000000E+000 -0.000000000000000E+000 -0.659948621576947E-001 -0.000000000000000E+000 -0.000000000000000E+000  0.692656418003011E-002  0.000000000000000E+000  0.000000000000000E+000 -0.659948621576947E-001 -0.000000000000000E+000 -0.000000000000000E+000  0.692656418003011E-002   0.147767439500273E-012  0.471077644164077E-012 -0.256563903603221E-002
     35.04000000 -0.000000000000000E+000 -0.000000000000000E+000 -0.665268692462617E-001 -0.000000000000000E+000 -0.000000000000000E+000  0.665008860708718E-002  0.000000000000000E+000  0.000000000000000E+000 -0.665268692462617E-001 -0.000000000000000E+000 -0.000000000000000E+000  0.665008860708718E-002   0.169468223458180E-012  0.476140551832978E-012 -0.255501046485305E-002
     35.12000000 -0.000000000000000E+000 -0.000000000000000E+000 -0.670366421739120E-001 -0.000000000000000E+000 -0.000000000000000E+000  0.637216159562852E-002  0.000000000000000E+000  0.000000000000000E+000 -0.670366421739120E-001 -0.000000000000000E+000 -0.000000000000000E+000  0.637216159562852E-002   0.192248500336358E-012  0.481965525884019E-012 -0.254357940453532E-002
     35.20000000 -0.000000000000000E+000 -0.000000000000000E+000 -0.675240746437919E-001 -0.000000000000000E+000 -0.000000000000000E+000  0.609290587349938E-002  0.000000000000000E+000  0.000000000000000E+000 -0.675240746437919E-001 -0.000000000000000E+000 -0.000000000000000E+000  0.609290587349938E-002   0.216021960363669E-012  0.488873342839266E-012 -0.253134981434327E-002
     35.28000000 -0.000000000000000E+000 -0.000000000000000E+000 -0.679890702052092E-001 -0.000000000000000E+000 -0.000000000000000E+000  0.581244451771552E-002  0.000000000000000E+000  0.000000000000000E+000 -0.679890702052092E-001 -0.000000000000000E+000 -0.000000000000000E+000  0.581244451771552E-002   0.240725076320041E-012  0.496988795247178E-012 -0.251832602732353E-002
     35.36000000 -0.000000000000000E+000 -0.000000000000000E+000 -0.684315422765323E-001 -0.000000000000000E+000 -0.000000000000000E+000  0.553090089153892E-002  0.000000000000000E+000  0.000000000000000E+000 -0.684315422765323E-001 -0.000000000000000E+000 -0.000000000000000E+000  0.553090089153892E-002   0.266260777853260E-012  0.506133447900003E-012 -0.250451274769110E-002
     35.44000000 -0.000000000000000E+000 -0.000000000000000E+000 -0.688514141630507E-001 -0.000000000000000E+000 -0.000000000000000E+000  0.524839858147986E-002  0.000000000000000E+000  0.000000000000000E+000 -0.688514141630507E-001 -0.000000000000000E+000 -0.000000000000000E+000  0.524839858147986E-002   0.292445269229140E-012  0.515804866452648E-012 -0.248991504781884E-002
     35.52000000 -0.000000000000000E+000 -0.000000000000000E+000 -0.692486190697919E-001 -0.000000000000000E+000 -0.000000000000000E+000  0.496506133426493E-002  0.000000000000000E+000  0.000000000000000E+000 -0.692486190697919E-001 -0.000000000000000E+000 -0.000000000000000E+000  0.496506133426493E-002   0.318964126798206E-012  0.525214210752658E-012 -0.247453836481913E-002
     35.60000000 -0.000000000000000E+000 -0.000000000000000E+000 -0.696231001092961E-001 -0.000000000000000E+000 -0.000000000000000E+000  0.468101299380286E-002  0.000000000000000E+000  0.000000000000000E+000 -0.696231001092961E-001 -0.000000000000000E+000 -0.000000000000000E+000  0.468101299380286E-002   0.345348075359237E-012  0.533411027137701E-012 -0.245838849672035E-002
     35.68000000 -0.000000000000000E+000 -0.000000000000000E+000 -0.699748103043512E-001 -0.000000000000000E+000 -0.000000000000000E+000  0.439637743818843E-002  0.000000000000000E+000  0.000000000000000E+000 -0.699748103043512E-001 -0.000000000000000E+000 -0.000000000000000E+000  0.439637743818843E-002   0.370971307771389E-012  0.539458673350966E-012 -0.244147159825747E-002
     35.76000000 -0.000000000000000E+000 -0.000000000000000E+000 -0.703037125856924E-001 -0.000000000000000E+000 -0.000000000000000E+000  0.411127851676595E-002  0.000000000000000E+000  0.000000000000000E+000 -0.703037125856924E-001 -0.000000000000000E+000 -0.000000000000000E+000  0.411127851676595E-002   0.395110273934699E-012  0.542626025939538E-012 -0.242379417630901E-002
     35.84000000 -0.000000000000000E+000 -0.000000000000000E+000 -0.706097797846768E-001 -0.000000000000000E+000 -0.000000000000000E+000  0.382583998730455E-002  0.000000000000000E+000  0.000000000000000E+000 -0.706097797846768E-001 -0.000000000000000E+000 -0.000000000000000E+000  0.382583998730455E-002   0.417070593054181E-012  0.542549761100749E-012 -0.240536308501908E-002
     35.92000000 -0.000000000000000E+000 -0.000000000000000E+000 -0.708929946209412E-001 -0.000000000000000E+000 -0.000000000000000E+000  0.354018545330459E-002  0.000000000000000E+000  0.000000000000000E+000 -0.708929946209412E-001 -0.000000000000000E+000 -0.000000000000000E+000  0.354018545330459E-002   0.436317050107737E-012  0.539303211935500E-012 -0.238618552064082E-002
     36.00000000 -0.000000000000000E+000 -0.000000000000000E+000 -0.711533496850598E-001 -0.000000000000000E+000 -0.000000000000000E+000  0.325443830148254E-002  0.000000000000000E+000  0.000000000000000E+000 -0.711533496850598E-001 -0.000000000000000E+000 -0.000000000000000E+000  0.325443830148254E-002   0.452569501810415E-012  0.533360875132555E-012 -0.236626901613112E-002
     36.08000000 -0.000000000000000E+000 -0.000000000000000E+000 -0.713908474162164E-001 -0.000000000000000E+000 -0.000000000000000E+000  0.296872163945746E-002  0.000000000000000E+000  0.000000000000000E+000 -0.713908474162164E-001 -0.000000000000000E+000 -0.000000000000000E+000  0.296872163945746E-002   0.465816943008219E-012  0.525426763694605E-012 -0.234562143551889E-002
     36.16000000 -0.000000000000000E+000 -0.000000000000000E+000 -0.716055000749106E-001 -0.000000000000000E+000 -0.000000000000000E+000  0.268315823367792E-002  0.000000000000000E+000  0.000000000000000E+000 -0.716055000749106E-001 -0.000000000000000E+000 -0.000000000000000E+000  0.268315823367792E-002   0.476229475986994E-012  0.516207541147291E-012 -0.232425096806580E-002
     36.24000000 -0.000000000000000E+000 -0.000000000000000E+000 -0.717973297107210E-001 -0.000000000000000E+000 -0.000000000000000E+000  0.239787044762959E-002  0.000000000000000E+000  0.000000000000000E+000 -0.717973297107210E-001 -0.000000000000000E+000 -0.000000000000000E+000  0.239787044762959E-002   0.484053329334429E-012  0.506192780110974E-012 -0.230216612223933E-002
     36.32000000 -0.000000000000000E+000 -0.000000000000000E+000 -0.719663681251487E-001 -0.000000000000000E+000 -0.000000000000000E+000  0.211298018034673E-002  0.000000000000000E+000  0.000000000000000E+000 -0.719663681251487E-001 -0.000000000000000E+000 -0.000000000000000E+000  0.211298018034673E-002   0.489497238069891E-012  0.495531334642187E-012 -0.227937571952180E-002
     36.40000000 -0.000000000000000E+000 -0.000000000000000E+000 -0.721126568295701E-001 -0.000000000000000E+000 -0.000000000000000E+000  0.182860880526790E-002  0.000000000000000E+000  0.000000000000000E+000 -0.721126568295701E-001 -0.000000000000000E+000 -0.000000000000000E+000  0.182860880526790E-002   0.492677138165342E-012  0.484030463585903E-012 -0.225588888808161E-002
     36.48000000 -0.000000000000000E+000 -0.000000000000000E+000 -0.722362469983274E-001 -0.000000000000000E+000 -0.000000000000000E+000  0.154487710946616E-002  0.000000000000000E+000  0.000000000000000E+000 -0.722362469983274E-001 -0.000000000000000E+000 -0.000000000000000E+000  0.154487710946616E-002   0.493638928642127E-012  0.471288032340784E-012 -0.223171505633061E-002
     36.56000000 -0.000000000000000E+000 -0.000000000000000E+000 -0.723371994169908E-001 -0.000000000000000E+000 -0.000000000000000E+000  0.126190523329264E-002  0.000000000000000E+000  0.000000000000000E+000 -0.723371994169908E-001 -0.000000000000000E+000 -0.000000000000000E+000  0.126190523329264E-002   0.492389686178175E-012  0.456861897614003E-012 -0.220686394638381E-002
     36.64000000 -0.000000000000000E+000 -0.000000000000000E+000 -0.724155844258275E-001 -0.000000000000000E+000 -0.000000000000000E+000  0.979812610458174E-003  0.000000000000000E+000  0.000000000000000E+000 -0.724155844258275E-001 -0.000000000000000E+000 -0.000000000000000E+000  0.979812610458174E-003   0.488965885267061E-012  0.440449125036469E-012 -0.218134556742505E-002
     36.72000000 -0.000000000000000E+000 -0.000000000000000E+000 -0.724714818585149E-001 -0.000000000000000E+000 -0.000000000000000E+000  0.698717908592487E-003  0.000000000000000E+000  0.000000000000000E+000 -0.724714818585149E-001 -0.000000000000000E+000 -0.000000000000000E+000  0.698717908592487E-003   0.483470505915755E-012  0.422000198316948E-012 -0.215517020896893E-002
     36.80000000 -0.000000000000000E+000 -0.000000000000000E+000 -0.725049809761397E-001 -0.000000000000000E+000 -0.000000000000000E+000  0.418738970310584E-003  0.000000000000000E+000  0.000000000000000E+000 -0.725049809761397E-001 -0.000000000000000E+000 -0.000000000000000E+000  0.418738970310584E-003   0.476107505250371E-012  0.401780410684247E-012 -0.212834843399889E-002
     36.88000000 -0.000000000000000E+000 -0.000000000000000E+000 -0.725161803965251E-001 -0.000000000000000E+000 -0.000000000000000E+000  0.139992754816763E-003  0.000000000000000E+000  0.000000000000000E+000 -0.725161803965251E-001 -0.000000000000000E+000 -0.000000000000000E+000  0.139992754816763E-003   0.467226967007464E-012  0.380373111219414E-012 -0.210089107195728E-002
     36.96000000 -0.000000000000000E+000 -0.000000000000000E+000 -0.725051880189318E-001 -0.000000000000000E+000 -0.000000000000000E+000 -0.137404719916141E-003  0.000000000000000E+000  0.000000000000000E+000 -0.725051880189318E-001 -0.000000000000000E+000 -0.000000000000000E+000 -0.137404719916141E-003   0.457324964251949E-012  0.358630176517811E-012 -0.207280921156769E-002
     37.04000000 -0.000000000000000E+000 -0.000000000000000E+000 -0.724721209441823E-001 -0.000000000000000E+000 -0.000000000000000E+000 -0.413338434369047E-003  0.000000000000000E+000  0.000000000000000E+000 -0.724721209441823E-001 -0.000000000000000E+000 -0.000000000000000E+000 -0.413338434369047E-003   0.447042669929767E-012  0.337535651184217E-012 -0.204411419348181E-002
     37.12000000 -0.000000000000000E+000 -0.000000000000000E+000 -0.724171053902575E-001 -0.000000000000000E+000 -0.000000000000000E+000 -0.687694424059658E-003  0.000000000000000E+000  0.000000000000000E+000 -0.724171053902575E-001 -0.000000000000000E+000 -0.000000000000000E+000 -0.687694424059658E-003   0.437087283142353E-012  0.318017562836653E-012 -0.201481760276063E-002
     37.20000000 -0.000000000000000E+000 -0.000000000000000E+000 -0.723402766034200E-001 -0.000000000000000E+000 -0.000000000000000E+000 -0.960359835469084E-003  0.000000000000000E+000  0.000000000000000E+000 -0.723402766034200E-001 -0.000000000000000E+000 -0.000000000000000E+000 -0.960359835469084E-003   0.428155055686358E-012  0.300728565795802E-012 -0.198493126121752E-002
     37.28000000 -0.000000000000000E+000 -0.000000000000000E+000 -0.722417787649189E-001 -0.000000000000000E+000 -0.000000000000000E+000 -0.123122298126329E-002  0.000000000000000E+000  0.000000000000000E+000 -0.722417787649189E-001 -0.000000000000000E+000 -0.000000000000000E+000 -0.123122298126329E-002   0.420808257318162E-012  0.285879551689657E-012 -0.195446721966359E-002
     37.36000000 -0.000000000000000E+000 -0.000000000000000E+000 -0.721217648933350E-001 -0.000000000000000E+000 -0.000000000000000E+000 -0.150017339479915E-002  0.000000000000000E+000  0.000000000000000E+000 -0.721217648933350E-001 -0.000000000000000E+000 -0.000000000000000E+000 -0.150017339479915E-002   0.415403860097219E-012  0.273195316878441E-012 -0.192343775009943E-002
     37.44000000 -0.000000000000000E+000 -0.000000000000000E+000 -0.719803967426253E-001 -0.000000000000000E+000 -0.000000000000000E+000 -0.176710188387053E-002  0.000000000000000E+000  0.000000000000000E+000 -0.719803967426253E-001 -0.000000000000000E+000 -0.000000000000000E+000 -0.176710188387053E-002   0.412069632732047E-012  0.262028790933634E-012 -0.189185533789073E-002
     37.52000000 -0.000000000000000E+000 -0.000000000000000E+000 -0.718178446959314E-001 -0.000000000000000E+000 -0.000000000000000E+000 -0.203190058367438E-002  0.000000000000000E+000  0.000000000000000E+000 -0.718178446959314E-001 -0.000000000000000E+000 -0.000000000000000E+000 -0.203190058367438E-002   0.410725850975814E-012  0.251586223923359E-012 -0.185973267395054E-002
     37.60000000 -0.000000000000000E+000 -0.000000000000000E+000 -0.716342876552143E-001 -0.000000000000000E+000 -0.000000000000000E+000 -0.229446300896285E-002  0.000000000000000E+000  0.000000000000000E+000 -0.716342876552143E-001 -0.000000000000000E+000 -0.000000000000000E+000 -0.229446300896285E-002   0.411193234972063E-012  0.241176916320561E-012 -0.182708264693433E-002
     37.68000000 -0.000000000000000E+000 -0.000000000000000E+000 -0.714299129267856E-001 -0.000000000000000E+000 -0.000000000000000E+000 -0.255468410535944E-002  0.000000000000000E+000  0.000000000000000E+000 -0.714299129267856E-001 -0.000000000000000E+000 -0.000000000000000E+000 -0.255468410535944E-002   0.413280673006186E-012  0.230383022631310E-012 -0.179391833544024E-002
     37.76000000 -0.000000000000000E+000 -0.000000000000000E+000 -0.712049161028013E-001 -0.000000000000000E+000 -0.000000000000000E+000 -0.281246029980361E-002  0.000000000000000E+000  0.000000000000000E+000 -0.712049161028013E-001 -0.000000000000000E+000 -0.000000000000000E+000 -0.281246029980361E-002   0.416883220080257E-012  0.219128100328127E-012 -0.176025300020042E-002
     37.84000000 -0.000000000000000E+000 -0.000000000000000E+000 -0.709595009387928E-001 -0.000000000000000E+000 -0.000000000000000E+000 -0.306768955010590E-002  0.000000000000000E+000  0.000000000000000E+000 -0.709595009387928E-001 -0.000000000000000E+000 -0.000000000000000E+000 -0.306768955010590E-002   0.422007722981192E-012  0.207613953065658E-012 -0.172610007624899E-002
     37.92000000 -0.000000000000000E+000 -0.000000000000000E+000 -0.706938792273066E-001 -0.000000000000000E+000 -0.000000000000000E+000 -0.332027139357833E-002  0.000000000000000E+000  0.000000000000000E+000 -0.706938792273066E-001 -0.000000000000000E+000 -0.000000000000000E+000 -0.332027139357833E-002   0.428748094698835E-012  0.196215741398690E-012 -0.169147316505526E-002
     38.00000000 -0.000000000000000E+000 -0.000000000000000E+000 -0.704082706677287E-001 -0.000000000000000E+000 -0.000000000000000E+000 -0.357010699472311E-002  0.000000000000000E+000  0.000000000000000E+000 -0.704082706677287E-001 -0.000000000000000E+000 -0.000000000000000E+000 -0.357010699472311E-002   0.437210607123909E-012  0.185338666313319E-012 -0.165638602661319E-002
     38.08000000 -0.000000000000000E+000 -0.000000000000000E+000 -0.701029027323731E-001 -0.000000000000000E+000 -0.000000000000000E+000 -0.381709919194465E-002  0.000000000000000E+000  0.000000000000000E+000 -0.701029027323731E-001 -0.000000000000000E+000 -0.000000000000000E+000 -0.381709919194465E-002   0.447424053353275E-012  0.175281890811495E-012 -0.162085257147779E-002
     38.16000000 -0.000000000000000E+000 -0.000000000000000E+000 -0.697780105289115E-001 -0.000000000000000E+000 -0.000000000000000E+000 -0.406115254327089E-002  0.000000000000000E+000  0.000000000000000E+000 -0.697780105289115E-001 -0.000000000000000E+000 -0.000000000000000E+000 -0.406115254327089E-002   0.459253969729999E-012  0.166128275546198E-012 -0.158488685273875E-002
     38.24000000 -0.000000000000000E+000 -0.000000000000000E+000 -0.694338366592277E-001 -0.000000000000000E+000 -0.000000000000000E+000 -0.430217337104716E-002  0.000000000000000E+000  0.000000000000000E+000 -0.694338366592277E-001 -0.000000000000000E+000 -0.000000000000000E+000 -0.430217337104716E-002   0.472382961840459E-012  0.157653446634639E-012 -0.154850305792279E-002
     38.32000000 -0.000000000000000E+000 -0.000000000000000E+000 -0.690706310747802E-001 -0.000000000000000E+000 -0.000000000000000E+000 -0.454006980559404E-002  0.000000000000000E+000  0.000000000000000E+000 -0.690706310747802E-001 -0.000000000000000E+000 -0.000000000000000E+000 -0.454006980559404E-002   0.486299768377847E-012  0.149308306121973E-012 -0.151171550082340E-002
     38.40000000 -0.000000000000000E+000 -0.000000000000000E+000 -0.686886509285570E-001 -0.000000000000000E+000 -0.000000000000000E+000 -0.477475182779005E-002  0.000000000000000E+000  0.000000000000000E+000 -0.686886509285570E-001 -0.000000000000000E+000 -0.000000000000000E+000 -0.477475182779005E-002   0.500340997153436E-012  0.140275206453438E-012 -0.147453861326799E-002
     38.48000000 -0.000000000000000E+000 -0.000000000000000E+000 -0.682881604237111E-001 -0.000000000000000E+000 -0.000000000000000E+000 -0.500613131057329E-002  0.000000000000000E+000  0.000000000000000E+000 -0.682881604237111E-001 -0.000000000000000E+000 -0.000000000000000E+000 -0.500613131057329E-002   0.513740799626119E-012  0.129634746947466E-012 -0.143698693684509E-002
     38.56000000 -0.000000000000000E+000 -0.000000000000000E+000 -0.678694306589654E-001 -0.000000000000000E+000 -0.000000000000000E+000 -0.523412205932095E-002  0.000000000000000E+000  0.000000000000000E+000 -0.678694306589654E-001 -0.000000000000000E+000 -0.000000000000000E+000 -0.523412205932095E-002   0.525714728670022E-012  0.116569087553215E-012 -0.139907511462253E-002
     38.64000000 -0.000000000000000E+000 -0.000000000000000E+000 -0.674327394708765E-001 -0.000000000000000E+000 -0.000000000000000E+000 -0.545863985111222E-002  0.000000000000000E+000  0.000000000000000E+000 -0.674327394708765E-001 -0.000000000000000E+000 -0.000000000000000E+000 -0.545863985111222E-002   0.535558827625831E-012  0.100577898080920E-012 -0.136081788288888E-002
     38.72000000 -0.000000000000000E+000 -0.000000000000000E+000 -0.669783712730505E-001 -0.000000000000000E+000 -0.000000000000000E+000 -0.567960247282468E-002  0.000000000000000E+000  0.000000000000000E+000 -0.669783712730505E-001 -0.000000000000000E+000 -0.000000000000000E+000 -0.567960247282468E-002   0.542753957152896E-012  0.815761607670298E-013 -0.132223006294475E-002
     38.80000000 -0.000000000000000E+000 -0.000000000000000E+000 -0.665066168924053E-001 -0.000000000000000E+000 -0.000000000000000E+000 -0.589692975806431E-002  0.000000000000000E+000  0.000000000000000E+000 -0.665066168924053E-001 -0.000000000000000E+000 -0.000000000000000E+000 -0.589692975806431E-002   0.547036218426871E-012  0.599054479845868E-013 -0.128332655296094E-002
     38.88000000 -0.000000000000000E+000 -0.000000000000000E+000 -0.660177734025727E-001 -0.000000000000000E+000 -0.000000000000000E+000 -0.611054362290742E-002  0.000000000000000E+000  0.000000000000000E+000 -0.660177734025727E-001 -0.000000000000000E+000 -0.000000000000000E+000 -0.611054362290742E-002   0.548414246164364E-012  0.361970083395752E-013 -0.124412231991236E-002
     38.96000000 -0.000000000000000E+000 -0.000000000000000E+000 -0.655121439545384E-001 -0.000000000000000E+000 -0.000000000000000E+000 -0.632036810042907E-002  0.000000000000000E+000  0.000000000000000E+000 -0.655121439545384E-001 -0.000000000000000E+000 -0.000000000000000E+000 -0.632036810042907E-002   0.547086626800655E-012  0.111866444203977E-013 -0.120463239159098E-002
     39.04000000 -0.000000000000000E+000 -0.000000000000000E+000 -0.649900376046179E-001 -0.000000000000000E+000 -0.000000000000000E+000 -0.652632937400699E-002  0.000000000000000E+000  0.000000000000000E+000 -0.649900376046179E-001 -0.000000000000000E+000 -0.000000000000000E+000 -0.652632937400699E-002   0.543320954733470E-012 -0.144662325135856E-013 -0.116487184869883E-002
     39.12000000 -0.000000000000000E+000 -0.000000000000000E+000 -0.644517691398674E-001 -0.000000000000000E+000 -0.000000000000000E+000 -0.672835580938069E-002  0.000000000000000E+000  0.000000000000000E+000 -0.644517691398674E-001 -0.000000000000000E+000 -0.000000000000000E+000 -0.672835580938069E-002   0.537313476077427E-012 -0.403103991018404E-013 -0.112485581702094E-002
     39.20000000 -0.000000000000000E+000 -0.000000000000000E+000 -0.638976589010313E-001 -0.000000000000000E+000 -0.000000000000000E+000 -0.692637798545108E-002  0.000000000000000E+000  0.000000000000000E+000 -0.638976589010313E-001 -0.000000000000000E+000 -0.000000000000000E+000 -0.692637798545108E-002   0.529128562575818E-012 -0.661600198293573E-013 -0.108459945967701E-002
     39.28000000 -0.000000000000000E+000 -0.000000000000000E+000 -0.633280326031269E-001 -0.000000000000000E+000 -0.000000000000000E+000 -0.712032872380534E-002  0.000000000000000E+000  0.000000000000000E+000 -0.633280326031269E-001 -0.000000000000000E+000 -0.000000000000000E+000 -0.712032872380534E-002   0.518689528759567E-012 -0.920667057312194E-013 -0.104411796945009E-002
     39.36000000 -0.000000000000000E+000 -0.000000000000000E+000 -0.627432211537704E-001 -0.000000000000000E+000 -0.000000000000000E+000 -0.731014311695592E-002  0.000000000000000E+000  0.000000000000000E+000 -0.627432211537704E-001 -0.000000000000000E+000 -0.000000000000000E+000 -0.731014311695592E-002   0.505860964553594E-012 -0.118251657140104E-012 -0.100342656119254E-002
     39.44000000 -0.000000000000000E+000 -0.000000000000000E+000 -0.621435604693490E-001 -0.000000000000000E+000 -0.000000000000000E+000 -0.749575855526789E-002  0.000000000000000E+000  0.000000000000000E+000 -0.621435604693490E-001 -0.000000000000000E+000 -0.000000000000000E+000 -0.749575855526789E-002   0.490526588020035E-012 -0.145006311364567E-012 -0.962540464315405E-003
     39.52000000 -0.000000000000000E+000 -0.000000000000000E+000 -0.615293912891429E-001 -0.000000000000000E+000 -0.000000000000000E+000 -0.767711475257579E-002  0.000000000000000E+000  0.000000000000000E+000 -0.615293912891429E-001 -0.000000000000000E+000 -0.000000000000000E+000 -0.767711475257579E-002   0.472684696810898E-012 -0.172574828224125E-012 -0.921474915374596E-003
     39.60000000 -0.000000000000000E+000 -0.000000000000000E+000 -0.609010589875054E-001 -0.000000000000000E+000 -0.000000000000000E+000 -0.785415377046930E-002  0.000000000000000E+000  0.000000000000000E+000 -0.609010589875054E-001 -0.000000000000000E+000 -0.000000000000000E+000 -0.785415377046930E-002   0.452487155275065E-012 -0.201043831205822E-012 -0.880245150773375E-003
     39.68000000 -0.000000000000000E+000 -0.000000000000000E+000 -0.602589133842059E-001 -0.000000000000000E+000 -0.000000000000000E+000 -0.802682004124337E-002  0.000000000000000E+000  0.000000000000000E+000 -0.602589133842059E-001 -0.000000000000000E+000 -0.000000000000000E+000 -0.802682004124337E-002   0.430277395493471E-012 -0.230267897928683E-012 -0.838866399600342E-003
     39.76000000 -0.000000000000000E+000 -0.000000000000000E+000 -0.596033085530470E-001 -0.000000000000000E+000 -0.000000000000000E+000 -0.819506038948611E-002  0.000000000000000E+000  0.000000000000000E+000 -0.596033085530470E-001 -0.000000000000000E+000 -0.000000000000000E+000 -0.819506038948611E-002   0.406592517418866E-012 -0.259826000062677E-012 -0.797353876615033E-003
     39.84000000 -0.000000000000000E+000 -0.000000000000000E+000 -0.589346026288614E-001 -0.000000000000000E+000 -0.000000000000000E+000 -0.835882405231967E-002  0.000000000000000E+000  0.000000000000000E+000 -0.589346026288614E-001 -0.000000000000000E+000 -0.000000000000000E+000 -0.835882405231967E-002   0.382145114936897E-012 -0.289066889236330E-012 -0.755722775381448E-003
     39.92000000 -0.000000000000000E+000 -0.000000000000000E+000 -0.582531576130011E-001 -0.000000000000000E+000 -0.000000000000000E+000 -0.851806269825369E-002  0.000000000000000E+000  0.000000000000000E+000 -0.582531576130011E-001 -0.000000000000000E+000 -0.000000000000000E+000 -0.851806269825369E-002   0.357764119085075E-012 -0.317235129515925E-012 -0.713988261539237E-003
     40.00000000 -0.000000000000000E+000 -0.000000000000000E+000 -0.575593391774267E-001 -0.000000000000000E+000 -0.000000000000000E+000 -0.867273044468115E-002  0.000000000000000E+000  0.000000000000000E+000 -0.575593391774267E-001 -0.000000000000000E+000 -0.000000000000000E+000 -0.867273044468115E-002   0.334278759307479E-012 -0.343632918093369E-012 -0.672165466197066E-003
     40.08000000 -0.000000000000000E+000 -0.000000000000000E+000 -0.568535164675092E-001 -0.000000000000000E+000 -0.000000000000000E+000 -0.882278387396808E-002  0.000000000000000E+000  0.000000000000000E+000 -0.568535164675092E-001 -0.000000000000000E+000 -0.000000000000000E+000 -0.882278387396808E-002   0.312388334460618E-012 -0.367796904355077E-012 -0.630269479434994E-003
     40.16000000 -0.000000000000000E+000 -0.000000000000000E+000 -0.561360619036563E-001 -0.000000000000000E+000 -0.000000000000000E+000 -0.896818204816109E-002  0.000000000000000E+000  0.000000000000000E+000 -0.561360619036563E-001 -0.000000000000000E+000 -0.000000000000000E+000 -0.896818204816109E-002   0.292550811793123E-012 -0.389596197993777E-012 -0.588315343909256E-003
     40.24000000 -0.000000000000000E+000 -0.000000000000000E+000 -0.554073509818732E-001 -0.000000000000000E+000 -0.000000000000000E+000 -0.910888652228929E-002  0.000000000000000E+000  0.000000000000000E+000 -0.554073509818732E-001 -0.000000000000000E+000 -0.000000000000000E+000 -0.910888652228929E-002   0.274934917005440E-012 -0.409234457101579E-012 -0.546318048559728E-003
     40.32000000 -0.000000000000000E+000 -0.000000000000000E+000 -0.546677620733713E-001 -0.000000000000000E+000 -0.000000000000000E+000 -0.924486135627399E-002  0.000000000000000E+000  0.000000000000000E+000 -0.546677620733713E-001 -0.000000000000000E+000 -0.000000000000000E+000 -0.924486135627399E-002   0.259459291516352E-012 -0.427153532964543E-012 -0.504292522423788E-003
     40.40000000 -0.000000000000000E+000 -0.000000000000000E+000 -0.539176762233382E-001 -0.000000000000000E+000 -0.000000000000000E+000 -0.937607312541337E-002  0.000000000000000E+000  0.000000000000000E+000 -0.539176762233382E-001 -0.000000000000000E+000 -0.000000000000000E+000 -0.937607312541337E-002   0.245884598198229E-012 -0.443903694827223E-012 -0.462253628560354E-003
     40.48000000 -0.000000000000000E+000 -0.000000000000000E+000 -0.531574769489809E-001 -0.000000000000000E+000 -0.000000000000000E+000 -0.950249092946586E-002  0.000000000000000E+000  0.000000000000000E+000 -0.531574769489809E-001 -0.000000000000000E+000 -0.000000000000000E+000 -0.950249092946586E-002   0.233942902083358E-012 -0.460003877236526E-012 -0.420216158086480E-003
     40.56000000 -0.000000000000000E+000 -0.000000000000000E+000 -0.523875500369560E-001 -0.000000000000000E+000 -0.000000000000000E+000 -0.962408640031217E-002  0.000000000000000E+000  0.000000000000000E+000 -0.523875500369560E-001 -0.000000000000000E+000 -0.000000000000000E+000 -0.962408640031217E-002   0.223431151931678E-012 -0.475860968468175E-012 -0.378194824328727E-003
     40.64000000 -0.000000000000000E+000 -0.000000000000000E+000 -0.516082833402989E-001 -0.000000000000000E+000 -0.000000000000000E+000 -0.974083370821367E-002  0.000000000000000E+000  0.000000000000000E+000 -0.516082833402989E-001 -0.000000000000000E+000 -0.000000000000000E+000 -0.974083370821367E-002   0.214255791134613E-012 -0.491731042267922E-012 -0.336204257092810E-003
     40.72000000 -0.000000000000000E+000 -0.000000000000000E+000 -0.508200665749683E-001 -0.000000000000000E+000 -0.000000000000000E+000 -0.985270956663144E-002  0.000000000000000E+000  0.000000000000000E+000 -0.508200665749683E-001 -0.000000000000000E+000 -0.000000000000000E+000 -0.985270956663144E-002   0.206435429319730E-012 -0.507706309779564E-012 -0.294258997055846E-003
     40.80000000 -0.000000000000000E+000 -0.000000000000000E+000 -0.500232911161166E-001 -0.000000000000000E+000 -0.000000000000000E+000 -0.995969323564737E-002  0.000000000000000E+000  0.000000000000000E+000 -0.500232911161166E-001 -0.000000000000000E+000 -0.000000000000000E+000 -0.995969323564737E-002   0.200053573645746E-012 -0.523724327483255E-012 -0.252373490283288E-003
     40.88000000 -0.000000000000000E+000 -0.000000000000000E+000 -0.492183497942004E-001 -0.000000000000000E+000 -0.000000000000000E+000 -0.100617665239513E-001  0.000000000000000E+000  0.000000000000000E+000 -0.492183497942004E-001 -0.000000000000000E+000 -0.000000000000000E+000 -0.100617665239513E-001   0.195192761010823E-012 -0.539588738836378E-012 -0.210562082866836E-003
     40.96000000 -0.000000000000000E+000 -0.000000000000000E+000 -0.484056366910459E-001 -0.000000000000000E+000 -0.000000000000000E+000 -0.101589137894315E-001  0.000000000000000E+000  0.000000000000000E+000 -0.484056366910459E-001 -0.000000000000000E+000 -0.000000000000000E+000 -0.101589137894315E-001   0.191867551095664E-012 -0.555030976168981E-012 -0.168839015672441E-003
     41.04000000 -0.000000000000000E+000 -0.000000000000000E+000 -0.475855469359797E-001 -0.000000000000000E+000 -0.000000000000000E+000 -0.102511219383280E-001  0.000000000000000E+000  0.000000000000000E+000 -0.475855469359797E-001 -0.000000000000000E+000 -0.000000000000000E+000 -0.102511219383280E-001   0.189962795355233E-012 -0.569818392784338E-012 -0.127218419183448E-003
     41.12000000 -0.000000000000000E+000 -0.000000000000000E+000 -0.467584765021402E-001 -0.000000000000000E+000 -0.000000000000000E+000 -0.103383804229938E-001  0.000000000000000E+000  0.000000000000000E+000 -0.467584765021402E-001 -0.000000000000000E+000 -0.000000000000000E+000 -0.103383804229938E-001   0.189185653543441E-012 -0.583865950841082E-012 -0.857143084257038E-004
     41.20000000 -0.000000000000000E+000 -0.000000000000000E+000 -0.459248220030811E-001 -0.000000000000000E+000 -0.000000000000000E+000 -0.104206812382384E-001  0.000000000000000E+000  0.000000000000000E+000 -0.459248220030811E-001 -0.000000000000000E+000 -0.000000000000000E+000 -0.104206812382384E-001   0.189053386901743E-012 -0.597304608660094E-012 -0.443405779690659E-004
     41.28000000 -0.000000000000000E+000 -0.000000000000000E+000 -0.450849804897794E-001 -0.000000000000000E+000 -0.000000000000000E+000 -0.104980189162711E-001  0.000000000000000E+000  0.000000000000000E+000 -0.450849804897794E-001 -0.000000000000000E+000 -0.000000000000000E+000 -0.104980189162711E-001   0.188924508642807E-012 -0.610495600068675E-012 -0.311099700937904E-005
     41.36000000 -0.000000000000000E+000 -0.000000000000000E+000 -0.442393492481591E-001 -0.000000000000000E+000 -0.000000000000000E+000 -0.105703905202539E-001  0.000000000000000E+000  0.000000000000000E+000 -0.442393492481591E-001 -0.000000000000000E+000 -0.000000000000000E+000 -0.105703905202539E-001   0.188056343290153E-012 -0.623925720548498E-012  0.379607954585865E-004
     41.44000000 -0.000000000000000E+000 -0.000000000000000E+000 -0.433883255972430E-001 -0.000000000000000E+000 -0.000000000000000E+000 -0.106377956364515E-001  0.000000000000000E+000  0.000000000000000E+000 -0.433883255972430E-001 -0.000000000000000E+000 -0.000000000000000E+000 -0.106377956364515E-001   0.185715294807577E-012 -0.638091556780160E-012  0.788612953668975E-004
     41.52000000 -0.000000000000000E+000 -0.000000000000000E+000 -0.425323066880425E-001 -0.000000000000000E+000 -0.000000000000000E+000 -0.107002363650064E-001  0.000000000000000E+000  0.000000000000000E+000 -0.425323066880425E-001 -0.000000000000000E+000 -0.000000000000000E+000 -0.107002363650064E-001   0.181272490045938E-012 -0.653362929873724E-012  0.119577138195259E-003
     41.60000000 -0.000000000000000E+000 -0.000000000000000E+000 -0.416716893032959E-001 -0.000000000000000E+000 -0.000000000000000E+000 -0.107577173093327E-001  0.000000000000000E+000  0.000000000000000E+000 -0.416716893032959E-001 -0.000000000000000E+000 -0.000000000000000E+000 -0.107577173093327E-001   0.174300808186818E-012 -0.669930500043867E-012  0.160095103492983E-003
     41.68000000 -0.000000000000000E+000 -0.000000000000000E+000 -0.408068696581637E-001 -0.000000000000000E+000 -0.000000000000000E+000 -0.108102455641521E-001  0.000000000000000E+000  0.000000000000000E+000 -0.408068696581637E-001 -0.000000000000000E+000 -0.000000000000000E+000 -0.108102455641521E-001   0.164611885666946E-012 -0.687780833473532E-012  0.200402119316662E-003
     41.76000000 -0.000000000000000E+000 -0.000000000000000E+000 -0.399382432019912E-001 -0.000000000000000E+000 -0.000000000000000E+000 -0.108578307021567E-001  0.000000000000000E+000  0.000000000000000E+000 -0.399382432019912E-001 -0.000000000000000E+000 -0.000000000000000E+000 -0.108578307021567E-001   0.152246993696104E-012 -0.706729842672739E-012  0.240485266601343E-003
     41.84000000 -0.000000000000000E+000 -0.000000000000000E+000 -0.390662044212442E-001 -0.000000000000000E+000 -0.000000000000000E+000 -0.109004847593366E-001  0.000000000000000E+000  0.000000000000000E+000 -0.390662044212442E-001 -0.000000000000000E+000 -0.000000000000000E+000 -0.109004847593366E-001   0.137401708542709E-012 -0.726455515580698E-012  0.280331783480213E-003
     41.92000000 -0.000000000000000E+000 -0.000000000000000E+000 -0.381911466437272E-001 -0.000000000000000E+000 -0.000000000000000E+000 -0.109382222189632E-001  0.000000000000000E+000  0.000000000000000E+000 -0.381911466437272E-001 -0.000000000000000E+000 -0.000000000000000E+000 -0.109382222189632E-001   0.120341202341227E-012 -0.746531559714467E-012  0.319929069559330E-003
     42.00000000 -0.000000000000000E+000 -0.000000000000000E+000 -0.373134618441866E-001 -0.000000000000000E+000 -0.000000000000000E+000 -0.109710599942571E-001  0.000000000000000E+000  0.000000000000000E+000 -0.373134618441866E-001 -0.000000000000000E+000 -0.000000000000000E+000 -0.109710599942571E-001   0.101312788759926E-012 -0.766483178096417E-012  0.359264690141780E-003
     42.08000000 -0.000000000000000E+000 -0.000000000000000E+000 -0.364335404514085E-001 -0.000000000000000E+000 -0.000000000000000E+000 -0.109990174097265E-001  0.000000000000000E+000  0.000000000000000E+000 -0.364335404514085E-001 -0.000000000000000E+000 -0.000000000000000E+000 -0.109990174097265E-001   0.804959042622422E-013 -0.785852542265834E-012  0.398326380381846E-003
     42.16000000 -0.000000000000000E+000 -0.000000000000000E+000 -0.355517711569104E-001 -0.000000000000000E+000 -0.000000000000000E+000 -0.110221161812258E-001  0.000000000000000E+000  0.000000000000000E+000 -0.355517711569104E-001 -0.000000000000000E+000 -0.000000000000000E+000 -0.110221161812258E-001   0.579941193312279E-013 -0.804294549918296E-012  0.437102049337257E-003
     42.24000000 -0.000000000000000E+000 -0.000000000000000E+000 -0.346685407253338E-001 -0.000000000000000E+000 -0.000000000000000E+000 -0.110403803947075E-001  0.000000000000000E+000  0.000000000000000E+000 -0.346685407253338E-001 -0.000000000000000E+000 -0.000000000000000E+000 -0.110403803947075E-001   0.338471985873953E-013 -0.821665973052852E-012  0.475579783879369E-003
     42.32000000 -0.000000000000000E+000 -0.000000000000000E+000 -0.337842338066355E-001 -0.000000000000000E+000 -0.000000000000000E+000 -0.110538364837292E-001  0.000000000000000E+000  0.000000000000000E+000 -0.337842338066355E-001 -0.000000000000000E+000 -0.000000000000000E+000 -0.110538364837292E-001   0.806779168352164E-014 -0.838044584477907E-012  0.513747852421061E-003
     42.40000000 -0.000000000000000E+000 -0.000000000000000E+000 -0.328992327501815E-001 -0.000000000000000E+000 -0.000000000000000E+000 -0.110625132056751E-001  0.000000000000000E+000  0.000000000000000E+000 -0.328992327501815E-001 -0.000000000000000E+000 -0.000000000000000E+000 -0.110625132056751E-001  -0.193182932276378E-013 -0.853682094778388E-012  0.551594708431904E-003
     42.48000000 -0.000000000000000E+000 -0.000000000000000E+000 -0.320139174208402E-001 -0.000000000000000E+000 -0.000000000000000E+000 -0.110664416167661E-001  0.000000000000000E+000  0.000000000000000E+000 -0.320139174208402E-001 -0.000000000000000E+000 -0.000000000000000E+000 -0.110664416167661E-001  -0.482273666243091E-013 -0.868897485519429E-012  0.589108993729125E-003
     42.56000000 -0.000000000000000E+000 -0.000000000000000E+000 -0.311286650171745E-001 -0.000000000000000E+000 -0.000000000000000E+000 -0.110656550458214E-001  0.000000000000000E+000  0.000000000000000E+000 -0.311286650171745E-001 -0.000000000000000E+000 -0.000000000000000E+000 -0.110656550458214E-001  -0.784616832376707E-013 -0.883943978643707E-012  0.626279541556211E-003
     42.64000000 -0.000000000000000E+000 -0.000000000000000E+000 -0.302438498918270E-001 -0.000000000000000E+000 -0.000000000000000E+000 -0.110601890668431E-001  0.000000000000000E+000  0.000000000000000E+000 -0.302438498918270E-001 -0.000000000000000E+000 -0.000000000000000E+000 -0.110601890668431E-001  -0.109666264766968E-012 -0.898921545497163E-012  0.663095379482054E-003
     42.72000000 -0.000000000000000E+000 -0.000000000000000E+000 -0.293598433741963E-001 -0.000000000000000E+000 -0.000000000000000E+000 -0.110500814703844E-001  0.000000000000000E+000  0.000000000000000E+000 -0.293598433741963E-001 -0.000000000000000E+000 -0.000000000000000E+000 -0.110500814703844E-001  -0.141325654347289E-012 -0.913731671254066E-012  0.699545732165796E-003
     42.80000000 -0.000000000000000E+000 -0.000000000000000E+000 -0.284770135954943E-001 -0.000000000000000E+000 -0.000000000000000E+000 -0.110353722337742E-001  0.000000000000000E+000  0.000000000000000E+000 -0.284770135954943E-001 -0.000000000000000E+000 -0.000000000000000E+000 -0.110353722337742E-001  -0.172790209911029E-012 -0.928114198465967E-012  0.735620024033417E-003
     42.88000000 -0.000000000000000E+000 -0.000000000000000E+000 -0.275957253162805E-001 -0.000000000000000E+000 -0.000000000000000E+000 -0.110161034901726E-001  0.000000000000000E+000  0.000000000000000E+000 -0.275957253162805E-001 -0.000000000000000E+000 -0.000000000000000E+000 -0.110161034901726E-001  -0.203372477800600E-012 -0.941708928944519E-012  0.771307881902901E-003
     42.96000000 -0.000000000000000E+000 -0.000000000000000E+000 -0.267163397565588E-001 -0.000000000000000E+000 -0.000000000000000E+000 -0.109923194965211E-001  0.000000000000000E+000  0.000000000000000E+000 -0.267163397565588E-001 -0.000000000000000E+000 -0.000000000000000E+000 -0.109923194965211E-001  -0.232447074556332E-012 -0.954124223893231E-012  0.806599137580417E-003
     43.04000000 -0.000000000000000E+000 -0.000000000000000E+000 -0.258392144285302E-001 -0.000000000000000E+000 -0.000000000000000E+000 -0.109640666003580E-001  0.000000000000000E+000  0.000000000000000E+000 -0.258392144285302E-001 -0.000000000000000E+000 -0.000000000000000E+000 -0.109640666003580E-001  -0.259546675607612E-012 -0.965018170682791E-012  0.841483830435786E-003
     43.12000000 -0.000000000000000E+000 -0.000000000000000E+000 -0.249647029720845E-001 -0.000000000000000E+000 -0.000000000000000E+000 -0.109313932055716E-001  0.000000000000000E+000  0.000000000000000E+000 -0.249647029720845E-001 -0.000000000000000E+000 -0.000000000000000E+000 -0.109313932055716E-001  -0.284401244223485E-012 -0.974155895484512E-012  0.875952209954986E-003
     43.20000000 -0.000000000000000E+000 -0.000000000000000E+000 -0.240931549931187E-001 -0.000000000000000E+000 -0.000000000000000E+000 -0.108943497370725E-001  0.000000000000000E+000  0.000000000000000E+000 -0.240931549931187E-001 -0.000000000000000E+000 -0.000000000000000E+000 -0.108943497370725E-001  -0.306939194575160E-012 -0.981459082479124E-012  0.909994738261021E-003
     43.28000000 -0.000000000000000E+000 -0.000000000000000E+000 -0.232249159047642E-001 -0.000000000000000E+000 -0.000000000000000E+000 -0.108529886044304E-001  0.000000000000000E+000  0.000000000000000E+000 -0.232249159047642E-001 -0.000000000000000E+000 -0.000000000000000E+000 -0.108529886044304E-001  -0.327242429384097E-012 -0.987058249185287E-012  0.943602092591257E-003
     43.36000000 -0.000000000000000E+000 -0.000000000000000E+000 -0.223603267716045E-001 -0.000000000000000E+000 -0.000000000000000E+000 -0.108073641644971E-001  0.000000000000000E+000  0.000000000000000E+000 -0.223603267716045E-001 -0.000000000000000E+000 -0.000000000000000E+000 -0.108073641644971E-001  -0.345496574226620E-012 -0.991300551836833E-012  0.976765167717669E-003
     43.44000000 -0.000000000000000E+000 -0.000000000000000E+000 -0.214997241569625E-001 -0.000000000000000E+000 -0.000000000000000E+000 -0.107575326830241E-001  0.000000000000000E+000  0.000000000000000E+000 -0.214997241569625E-001 -0.000000000000000E+000 -0.000000000000000E+000 -0.107575326830241E-001  -0.361935604825519E-012 -0.994692209643623E-012  0.100947507829624E-002
     43.52000000 -0.000000000000000E+000 -0.000000000000000E+000 -0.206434399733372E-001 -0.000000000000000E+000 -0.000000000000000E+000 -0.107035522953166E-001  0.000000000000000E+000  0.000000000000000E+000 -0.206434399733372E-001 -0.000000000000000E+000 -0.000000000000000E+000 -0.107035522953166E-001  -0.376795278558961E-012 -0.997810143686996E-012  0.104172316113370E-002
     43.60000000 -0.000000000000000E+000 -0.000000000000000E+000 -0.197918013360622E-001 -0.000000000000000E+000 -0.000000000000000E+000 -0.106454829659371E-001  0.000000000000000E+000  0.000000000000000E+000 -0.197918013360622E-001 -0.000000000000000E+000 -0.000000000000000E+000 -0.106454829659371E-001  -0.390274554305752E-012 -0.100115373340145E-011  0.107350097736407E-002
     43.68000000 -0.000000000000000E+000 -0.000000000000000E+000 -0.189451304202624E-001 -0.000000000000000E+000 -0.000000000000000E+000 -0.105833864474976E-001  0.000000000000000E+000  0.000000000000000E+000 -0.189451304202624E-001 -0.000000000000000E+000 -0.000000000000000E+000 -0.105833864474976E-001  -0.402505536767437E-012 -0.100502193021108E-011  0.110480031453251E-002
     43.76000000 -0.000000000000000E+000 -0.000000000000000E+000 -0.181037443211788E-001 -0.000000000000000E+000 -0.000000000000000E+000 -0.105173262385449E-001  0.000000000000000E+000  0.000000000000000E+000 -0.181037443211788E-001 -0.000000000000000E+000 -0.000000000000000E+000 -0.105173262385449E-001  -0.413545308184508E-012 -0.100943948444999E-011  0.113561318858839E-002
     43.84000000 -0.000000000000000E+000 -0.000000000000000E+000 -0.172679549179321E-001 -0.000000000000000E+000 -0.000000000000000E+000 -0.104473675405846E-001  0.000000000000000E+000  0.000000000000000E+000 -0.172679549179321E-001 -0.000000000000000E+000 -0.000000000000000E+000 -0.104473675405846E-001  -0.423405248162267E-012 -0.101419208228884E-011  0.116593184578948E-002
     43.92000000 -0.000000000000000E+000 -0.000000000000000E+000 -0.164380687407912E-001 -0.000000000000000E+000 -0.000000000000000E+000 -0.103735772142603E-001  0.000000000000000E+000  0.000000000000000E+000 -0.164380687407912E-001 -0.000000000000000E+000 -0.000000000000000E+000 -0.103735772142603E-001  -0.432120039123542E-012 -0.101892015777095E-011  0.119574876451613E-002
     44.00000000 -0.000000000000000E+000 -0.000000000000000E+000 -0.156143868420132E-001 -0.000000000000000E+000 -0.000000000000000E+000 -0.102960237347250E-001  0.000000000000000E+000  0.000000000000000E+000 -0.156143868420132E-001 -0.000000000000000E+000 -0.000000000000000E+000 -0.102960237347250E-001  -0.439822052742117E-012 -0.102327047462862E-011  0.122505665698835E-002
     44.08000000 -0.000000000000000E+000 -0.000000000000000E+000 -0.147972046703159E-001 -0.000000000000000E+000 -0.000000000000000E+000 -0.102147771462172E-001  0.000000000000000E+000  0.000000000000000E+000 -0.147972046703159E-001 -0.000000000000000E+000 -0.000000000000000E+000 -0.102147771462172E-001  -0.446793912038954E-012 -0.102700871380837E-011  0.125384847087491E-002
     44.16000000 -0.000000000000000E+000 -0.000000000000000E+000 -0.139868119490452E-001 -0.000000000000000E+000 -0.000000000000000E+000 -0.101299090158828E-001  0.000000000000000E+000  0.000000000000000E+000 -0.139868119490452E-001 -0.000000000000000E+000 -0.000000000000000E+000 -0.101299090158828E-001  -0.453472166752268E-012 -0.103009214099218E-011  0.128211739078331E-002
     44.24000000 -0.000000000000000E+000 -0.000000000000000E+000 -0.131834925580962E-001 -0.000000000000000E+000 -0.000000000000000E+000 -0.100414923868637E-001  0.000000000000000E+000  0.000000000000000E+000 -0.131834925580962E-001 -0.000000000000000E+000 -0.000000000000000E+000 -0.100414923868637E-001  -0.460396589819818E-012 -0.103266403217953E-011  0.130985683962363E-002
     44.32000000 -0.000000000000000E+000 -0.000000000000000E+000 -0.123875244196406E-001 -0.000000000000000E+000 -0.000000000000000E+000 -0.994960173069468E-002  0.000000000000000E+000  0.000000000000000E+000 -0.123875244196406E-001 -0.000000000000000E+000 -0.000000000000000E+000 -0.994960173069468E-002  -0.468137354882014E-012 -0.103502182782108E-011  0.133706047984641E-002
     44.40000000 -0.000000000000000E+000 -0.000000000000000E+000 -0.115991793877194E-001 -0.000000000000000E+000 -0.000000000000000E+000 -0.985431289901519E-002  0.000000000000000E+000  0.000000000000000E+000 -0.115991793877194E-001 -0.000000000000000E+000 -0.000000000000000E+000 -0.985431289901519E-002  -0.477215895170212E-012 -0.103754517987950E-011  0.136372221455979E-002
     44.48000000 -0.000000000000000E+000 -0.000000000000000E+000 -0.108187231417475E-001 -0.000000000000000E+000 -0.000000000000000E+000 -0.975570307464838E-002  0.000000000000000E+000  0.000000000000000E+000 -0.108187231417475E-001 -0.000000000000000E+000 -0.000000000000000E+000 -0.975570307464838E-002  -0.488037486209407E-012 -0.104063899971837E-011  0.138983618853327E-002
     44.56000000 -0.000000000000000E+000 -0.000000000000000E+000 -0.100464150839826E-001 -0.000000000000000E+000 -0.000000000000000E+000 -0.965385072206060E-002  0.000000000000000E+000  0.000000000000000E+000 -0.100464150839826E-001 -0.000000000000000E+000 -0.000000000000000E+000 -0.965385072206060E-002  -0.500859133607076E-012 -0.104465143230994E-011  0.141539678909232E-002
     44.64000000 -0.000000000000000E+000 -0.000000000000000E+000 -0.928250824100262E-002 -0.000000000000000E+000 -0.000000000000000E+000 -0.954883553725028E-002  0.000000000000000E+000  0.000000000000000E+000 -0.928250824100262E-002 -0.000000000000000E+000 -0.000000000000000E+000 -0.954883553725028E-002  -0.515771098699916E-012 -0.104979463167500E-011  0.144039864690287E-002
     44.72000000 -0.000000000000000E+000 -0.000000000000000E+000 -0.852724916923690E-002 -0.000000000000000E+000 -0.000000000000000E+000 -0.944073839707158E-002  0.000000000000000E+000  0.000000000000000E+000 -0.852724916923690E-002 -0.000000000000000E+000 -0.000000000000000E+000 -0.944073839707158E-002  -0.532711567658649E-012 -0.105605215910007E-011  0.146483663663924E-002
     44.80000000 -0.000000000000000E+000 -0.000000000000000E+000 -0.778087786459309E-002 -0.000000000000000E+000 -0.000000000000000E+000 -0.932964130804754E-002  0.000000000000000E+000  0.000000000000000E+000 -0.778087786459309E-002 -0.000000000000000E+000 -0.000000000000000E+000 -0.932964130804754E-002  -0.551480287840072E-012 -0.106315444929861E-011  0.148870587752623E-002
     44.88000000 -0.000000000000000E+000 -0.000000000000000E+000 -0.704362767621825E-002 -0.000000000000000E+000 -0.000000000000000E+000 -0.921562735468557E-002  0.000000000000000E+000  0.000000000000000E+000 -0.704362767621825E-002 -0.000000000000000E+000 -0.000000000000000E+000 -0.921562735468557E-002  -0.571794031504441E-012 -0.107059675834902E-011  0.151200173374774E-002
     44.96000000 -0.000000000000000E+000 -0.000000000000000E+000 -0.631572522443047E-002 -0.000000000000000E+000 -0.000000000000000E+000 -0.909878064734726E-002  0.000000000000000E+000  0.000000000000000E+000 -0.631572522443047E-002 -0.000000000000000E+000 -0.000000000000000E+000 -0.909878064734726E-002  -0.593349552072594E-012 -0.107776009615710E-011  0.153471981471903E-002
     45.04000000 -0.000000000000000E+000 -0.000000000000000E+000 -0.559739032285627E-002 -0.000000000000000E+000 -0.000000000000000E+000 -0.897918626967747E-002  0.000000000000000E+000  0.000000000000000E+000 -0.559739032285627E-002 -0.000000000000000E+000 -0.000000000000000E+000 -0.897918626967747E-002  -0.615880970043437E-012 -0.108406983858312E-011  0.155685597522717E-002
     45.12000000 -0.000000000000000E+000 -0.000000000000000E+000 -0.488883590480446E-002 -0.000000000000000E+000 -0.000000000000000E+000 -0.885693022564767E-002  0.000000000000000E+000  0.000000000000000E+000 -0.488883590480446E-002 -0.000000000000000E+000 -0.000000000000000E+000 -0.885693022564767E-002  -0.639198260665234E-012 -0.108913714705875E-011  0.157840631545177E-002
     45.20000000 -0.000000000000000E+000 -0.000000000000000E+000 -0.419026795390565E-002 -0.000000000000000E+000 -0.000000000000000E+000 -0.873209938623511E-002  0.000000000000000E+000  0.000000000000000E+000 -0.419026795390565E-002 -0.000000000000000E+000 -0.000000000000000E+000 -0.873209938623511E-002  -0.663185611319117E-012 -0.109283585056786E-011  0.159936718088277E-002
     45.28000000 -0.000000000000000E+000 -0.000000000000000E+000 -0.350188543904438E-002 -0.000000000000000E+000 -0.000000000000000E+000 -0.860478143576580E-002  0.000000000000000E+000  0.000000000000000E+000 -0.350188543904438E-002 -0.000000000000000E+000 -0.000000000000000E+000 -0.860478143576580E-002  -0.687763174656134E-012 -0.109527639141493E-011  0.161973516215345E-002
     45.36000000 -0.000000000000000E+000 -0.000000000000000E+000 -0.282388025360650E-002 -0.000000000000000E+000 -0.000000000000000E+000 -0.847506481797355E-002  0.000000000000000E+000  0.000000000000000E+000 -0.282388025360650E-002 -0.000000000000000E+000 -0.000000000000000E+000 -0.847506481797355E-002  -0.712809097143923E-012 -0.109670236510732E-011  0.163950709480154E-002
     45.44000000 -0.000000000000000E+000 -0.000000000000000E+000 -0.215643715906455E-002 -0.000000000000000E+000 -0.000000000000000E+000 -0.834303868177432E-002  0.000000000000000E+000  0.000000000000000E+000 -0.215643715906455E-002 -0.000000000000000E+000 -0.000000000000000E+000 -0.834303868177432E-002  -0.738114807020877E-012 -0.109737157145568E-011  0.165868005896253E-002
     45.52000000 -0.000000000000000E+000 -0.000000000000000E+000 -0.149973373291875E-002 -0.000000000000000E+000 -0.000000000000000E+000 -0.820879282682252E-002  0.000000000000000E+000  0.000000000000000E+000 -0.149973373291875E-002 -0.000000000000000E+000 -0.000000000000000E+000 -0.820879282682252E-002  -0.763349075127386E-012 -0.109746011827220E-011  0.167725137898792E-002
     45.60000000 -0.000000000000000E+000 -0.000000000000000E+000 -0.853940321010311E-003 -0.000000000000000E+000 -0.000000000000000E+000 -0.807241764885550E-002  0.000000000000000E+000  0.000000000000000E+000 -0.853940321010311E-003 -0.000000000000000E+000 -0.000000000000000E+000 -0.807241764885550E-002  -0.788079298522311E-012 -0.109701055923730E-011  0.169521862297186E-002
     45.68000000 -0.000000000000000E+000 -0.000000000000000E+000 -0.219219994219522E-003 -0.000000000000000E+000 -0.000000000000000E+000 -0.793400408488486E-002  0.000000000000000E+000  0.000000000000000E+000 -0.219219994219522E-003 -0.000000000000000E+000 -0.000000000000000E+000 -0.793400408488486E-002  -0.811823040743756E-012 -0.109592572787619E-011  0.171257960216596E-002
     45.76000000  0.000000000000000E+000  0.000000000000000E+000  0.404271490439228E-003 -0.000000000000000E+000 -0.000000000000000E+000 -0.779364355823438E-002  0.000000000000000E+000  0.000000000000000E+000  0.404271490439228E-003 -0.000000000000000E+000 -0.000000000000000E+000 -0.779364355823438E-002  -0.834119578988052E-012 -0.109399330841616E-011  0.172933237026570E-002
     45.84000000  0.000000000000000E+000  0.000000000000000E+000  0.101638572431845E-002 -0.000000000000000E+000 -0.000000000000000E+000 -0.765142792349026E-002  0.000000000000000E+000  0.000000000000000E+000  0.101638572431845E-002 -0.000000000000000E+000 -0.000000000000000E+000 -0.765142792349026E-002  -0.854575164907473E-012 -0.109090283918866E-011  0.174547522256113E-002
     45.92000000  0.000000000000000E+000  0.000000000000000E+000  0.161698167722814E-002 -0.000000000000000E+000 -0.000000000000000E+000 -0.750744941137112E-002  0.000000000000000E+000  0.000000000000000E+000  0.161698167722814E-002 -0.000000000000000E+000 -0.000000000000000E+000 -0.750744941137112E-002  -0.872910363085637E-012 -0.108630728182292E-011  0.176100669495655E-002
     46.00000000  0.000000000000000E+000  0.000000000000000E+000  0.220592572311415E-002 -0.000000000000000E+000 -0.000000000000000E+000 -0.736180057357520E-002  0.000000000000000E+000  0.000000000000000E+000  0.220592572311415E-002 -0.000000000000000E+000 -0.000000000000000E+000 -0.736180057357520E-002  -0.888961164164290E-012 -0.107988782924259E-011  0.177592556287409E-002
     46.08000000  0.000000000000000E+000  0.000000000000000E+000  0.278309166132267E-002 -0.000000000000000E+000 -0.000000000000000E+000 -0.721457422760639E-002  0.000000000000000E+000  0.000000000000000E+000  0.278309166132267E-002 -0.000000000000000E+000 -0.000000000000000E+000 -0.721457422760639E-002  -0.902697429770020E-012 -0.107143904941760E-011  0.179023084006141E-002
     46.16000000  0.000000000000000E+000  0.000000000000000E+000  0.334836073345409E-002 -0.000000000000000E+000 -0.000000000000000E+000 -0.706586340164274E-002  0.000000000000000E+000  0.000000000000000E+000  0.334836073345409E-002 -0.000000000000000E+000 -0.000000000000000E+000 -0.706586340164274E-002  -0.914208724915698E-012 -0.106095617788174E-011  0.180392177732418E-002
     46.24000000  0.000000000000000E+000  0.000000000000000E+000  0.390162163581063E-002 -0.000000000000000E+000 -0.000000000000000E+000 -0.691576127945675E-002  0.000000000000000E+000  0.000000000000000E+000  0.390162163581063E-002 -0.000000000000000E+000 -0.000000000000000E+000 -0.691576127945675E-002  -0.923708146777626E-012 -0.104867340456302E-011  0.181699786120036E-002
     46.32000000  0.000000000000000E+000  0.000000000000000E+000  0.444277052744598E-002 -0.000000000000000E+000 -0.000000000000000E+000 -0.676436114544194E-002  0.000000000000000E+000  0.000000000000000E+000  0.444277052744598E-002 -0.000000000000000E+000 -0.000000000000000E+000 -0.676436114544194E-002  -0.931490625640004E-012 -0.103505229390213E-011  0.182945881258843E-002
     46.40000000  0.000000000000000E+000  0.000000000000000E+000  0.497171103382605E-002 -0.000000000000000E+000 -0.000000000000000E+000 -0.661175632975088E-002  0.000000000000000E+000  0.000000000000000E+000  0.497171103382605E-002 -0.000000000000000E+000 -0.000000000000000E+000 -0.661175632975088E-002  -0.937893115036583E-012 -0.102066284718396E-011  0.184130458533719E-002
     46.48000000  0.000000000000000E+000  0.000000000000000E+000  0.548835424611435E-002 -0.000000000000000E+000 -0.000000000000000E+000 -0.645804015360373E-002  0.000000000000000E+000  0.000000000000000E+000  0.548835424611435E-002 -0.000000000000000E+000 -0.000000000000000E+000 -0.645804015360373E-002  -0.943236175213684E-012 -0.100607575687230E-011  0.185253536480213E-002
     46.56000000  0.000000000000000E+000  0.000000000000000E+000  0.599261871609675E-002 -0.000000000000000E+000 -0.000000000000000E+000 -0.630330587477997E-002  0.000000000000000E+000  0.000000000000000E+000  0.599261871609675E-002 -0.000000000000000E+000 -0.000000000000000E+000 -0.630330587477997E-002  -0.947776436856905E-012 -0.991730204295559E-012  0.186315156637182E-002
     46.64000000  0.000000000000000E+000  0.000000000000000E+000  0.648443044676424E-002 -0.000000000000000E+000 -0.000000000000000E+000 -0.614764663334363E-002  0.000000000000000E+000  0.000000000000000E+000  0.648443044676424E-002 -0.000000000000000E+000 -0.000000000000000E+000 -0.614764663334363E-002  -0.951704772503849E-012 -0.977884550800181E-012  0.187315383396794E-002
     46.72000000  0.000000000000000E+000  0.000000000000000E+000  0.696372287857307E-002 -0.000000000000000E+000 -0.000000000000000E+000 -0.599115539761035E-002  0.000000000000000E+000  0.000000000000000E+000  0.696372287857307E-002 -0.000000000000000E+000 -0.000000000000000E+000 -0.599115539761035E-002  -0.955180454653557E-012 -0.964628692792838E-012  0.188254303852312E-002
     46.80000000  0.000000000000000E+000  0.000000000000000E+000  0.743043687140597E-002 -0.000000000000000E+000 -0.000000000000000E+000 -0.583392491041133E-002  0.000000000000000E+000  0.000000000000000E+000  0.743043687140597E-002 -0.000000000000000E+000 -0.000000000000000E+000 -0.583392491041133E-002  -0.958399752557197E-012 -0.951955742405519E-012  0.189132027644216E-002
     46.88000000  0.000000000000000E+000  0.000000000000000E+000  0.788452068225945E-002 -0.000000000000000E+000 -0.000000000000000E+000 -0.567604763566847E-002  0.000000000000000E+000  0.000000000000000E+000  0.788452068225945E-002 -0.000000000000000E+000 -0.000000000000000E+000 -0.567604763566847E-002  -0.961625881797241E-012 -0.939835618455221E-012  0.189948686805386E-002
     46.96000000  0.000000000000000E+000  0.000000000000000E+000  0.832592993868570E-002 -0.000000000000000E+000 -0.000000000000000E+000 -0.551761570532819E-002  0.000000000000000E+000  0.000000000000000E+000  0.832592993868570E-002 -0.000000000000000E+000 -0.000000000000000E+000 -0.551761570532819E-002  -0.965198761840365E-012 -0.928291232743966E-012  0.190704435606169E-002
     47.04000000  0.000000000000000E+000  0.000000000000000E+000  0.875462760801881E-002 -0.000000000000000E+000 -0.000000000000000E+000 -0.535872086666379E-002  0.000000000000000E+000  0.000000000000000E+000  0.875462760801881E-002 -0.000000000000000E+000 -0.000000000000000E+000 -0.535872086666379E-002  -0.969491143150278E-012 -0.917410688619474E-012  0.191399450400265E-002
     47.12000000  0.000000000000000E+000  0.000000000000000E+000  0.917058396241857E-002 -0.000000000000000E+000 -0.000000000000000E+000 -0.519945442999704E-002  0.000000000000000E+000  0.000000000000000E+000  0.917058396241857E-002 -0.000000000000000E+000 -0.000000000000000E+000 -0.519945442999704E-002  -0.974850786381563E-012 -0.907337033288219E-012  0.192033929472455E-002
     47.20000000  0.000000000000000E+000  0.000000000000000E+000  0.957377653976734E-002 -0.000000000000000E+000 -0.000000000000000E+000 -0.503990721685958E-002  0.000000000000000E+000  0.000000000000000E+000  0.957377653976734E-002 -0.000000000000000E+000 -0.000000000000000E+000 -0.503990721685958E-002  -0.981542167909548E-012 -0.898248095545107E-012  0.192608092889244E-002
     47.28000000  0.000000000000000E+000  0.000000000000000E+000  0.996419010045704E-002 -0.000000000000000E+000 -0.000000000000000E+000 -0.488016950862130E-002  0.000000000000000E+000  0.000000000000000E+000  0.996419010045704E-002 -0.000000000000000E+000 -0.000000000000000E+000 -0.488016950862130E-002  -0.989735033544695E-012 -0.890335320961213E-012  0.193122182353780E-002
     47.36000000  0.000000000000000E+000  0.000000000000000E+000  0.103418165801075E-001 -0.000000000000000E+000 -0.000000000000000E+000 -0.472033099563061E-002  0.000000000000000E+000  0.000000000000000E+000  0.103418165801075E-001 -0.000000000000000E+000 -0.000000000000000E+000 -0.472033099563061E-002  -0.999498610850581E-012 -0.883793327559719E-012  0.193576461066681E-002
     47.44000000  0.000000000000000E+000  0.000000000000000E+000  0.107066550382572E-001 -0.000000000000000E+000 -0.000000000000000E+000 -0.456048072687142E-002  0.000000000000000E+000  0.000000000000000E+000  0.107066550382572E-001 -0.000000000000000E+000 -0.000000000000000E+000 -0.456048072687142E-002  -0.101081241047667E-011 -0.878794337310734E-012  0.193971213594782E-002
     47.52000000  0.000000000000000E+000  0.000000000000000E+000  0.110587116030725E-001 -0.000000000000000E+000 -0.000000000000000E+000 -0.440070706019151E-002  0.000000000000000E+000  0.000000000000000E+000  0.110587116030725E-001 -0.000000000000000E+000 -0.000000000000000E+000 -0.440070706019151E-002  -0.102355938978677E-011 -0.875447746025232E-012  0.194306745750004E-002
     47.60000000  0.000000000000000E+000  0.000000000000000E+000  0.113979994121214E-001 -0.000000000000000E+000 -0.000000000000000E+000 -0.424109761311112E-002  0.000000000000000E+000  0.000000000000000E+000  0.113979994121214E-001 -0.000000000000000E+000 -0.000000000000000E+000 -0.424109761311112E-002  -0.103750680690275E-011 -0.873743869293183E-012  0.194583384480346E-002
     47.68000000  0.000000000000000E+000  0.000000000000000E+000  0.117245385492620E-001 -0.000000000000000E+000 -0.000000000000000E+000 -0.408173921425715E-002  0.000000000000000E+000  0.000000000000000E+000  0.117245385492620E-001 -0.000000000000000E+000 -0.000000000000000E+000 -0.408173921425715E-002  -0.105230868237052E-011 -0.873509798388986E-012  0.194801477774376E-002
     47.76000000  0.000000000000000E+000  0.000000000000000E+000  0.120383559776965E-001 -0.000000000000000E+000 -0.000000000000000E+000 -0.392271785543145E-002  0.000000000000000E+000  0.000000000000000E+000  0.120383559776965E-001 -0.000000000000000E+000 -0.000000000000000E+000 -0.392271785543145E-002  -0.106753370833094E-011 -0.874394827979391E-012  0.194961394579405E-002
     47.84000000  0.000000000000000E+000  0.000000000000000E+000  0.123394854692453E-001 -0.000000000000000E+000 -0.000000000000000E+000 -0.376411864436012E-002  0.000000000000000E+000  0.000000000000000E+000  0.123394854692453E-001 -0.000000000000000E+000 -0.000000000000000E+000 -0.376411864436012E-002  -0.108272291935410E-011 -0.875933410059117E-012  0.195063524732102E-002
     47.92000000  0.000000000000000E+000  0.000000000000000E+000  0.126279675298961E-001 -0.000000000000000E+000 -0.000000000000000E+000 -0.360602575813437E-002  0.000000000000000E+000  0.000000000000000E+000  0.126279675298961E-001 -0.000000000000000E+000 -0.000000000000000E+000 -0.360602575813437E-002  -0.109745286064294E-011 -0.877622421551172E-012  0.195108278898810E-002
     48.00000000  0.000000000000000E+000  0.000000000000000E+000  0.129038493216869E-001 -0.000000000000000E+000 -0.000000000000000E+000 -0.344852239738608E-002  0.000000000000000E+000  0.000000000000000E+000  0.129038493216869E-001 -0.000000000000000E+000 -0.000000000000000E+000 -0.344852239738608E-002  -0.111138207759335E-011 -0.879018419814187E-012  0.195096088521573E-002
     48.08000000  0.000000000000000E+000  0.000000000000000E+000  0.131671845809833E-001 -0.000000000000000E+000 -0.000000000000000E+000 -0.329169074120485E-002  0.000000000000000E+000  0.000000000000000E+000  0.131671845809833E-001 -0.000000000000000E+000 -0.000000000000000E+000 -0.329169074120485E-002  -0.112423610009610E-011 -0.879792036714055E-012  0.195027405765081E-002
     48.16000000  0.000000000000000E+000  0.000000000000000E+000  0.134180335332105E-001 -0.000000000000000E+000 -0.000000000000000E+000 -0.313561190283967E-002  0.000000000000000E+000  0.000000000000000E+000  0.134180335332105E-001 -0.000000000000000E+000 -0.000000000000000E+000 -0.313561190283967E-002  -0.113577092616214E-011 -0.879728909324906E-012  0.194902703459625E-002
     48.24000000  0.000000000000000E+000  0.000000000000000E+000  0.136564628041064E-001 -0.000000000000000E+000 -0.000000000000000E+000 -0.298036588619844E-002  0.000000000000000E+000  0.000000000000000E+000  0.136564628041064E-001 -0.000000000000000E+000 -0.000000000000000E+000 -0.298036588619844E-002  -0.114572267905273E-011 -0.878676525317653E-012  0.194722475035499E-002
     48.32000000  0.000000000000000E+000  0.000000000000000E+000  0.138825453275607E-001 -0.000000000000000E+000 -0.000000000000000E+000 -0.282603154317912E-002  0.000000000000000E+000  0.000000000000000E+000  0.138825453275607E-001 -0.000000000000000E+000 -0.000000000000000E+000 -0.282603154317912E-002  -0.115379086407325E-011 -0.876502774563462E-012  0.194487234445217E-002
     48.40000000  0.000000000000000E+000  0.000000000000000E+000  0.140963602501084E-001 -0.000000000000000E+000 -0.000000000000000E+000 -0.267268653184663E-002  0.000000000000000E+000  0.000000000000000E+000  0.140963602501084E-001 -0.000000000000000E+000 -0.000000000000000E+000 -0.267268653184663E-002  -0.115965980725950E-011 -0.873061050560670E-012  0.194197516071092E-002
     48.48000000  0.000000000000000E+000  0.000000000000000E+000  0.142979928321473E-001 -0.000000000000000E+000 -0.000000000000000E+000 -0.252040727548605E-002  0.000000000000000E+000  0.000000000000000E+000  0.142979928321473E-001 -0.000000000000000E+000 -0.000000000000000E+000 -0.252040727548605E-002  -0.116305628552295E-011 -0.868198969603709E-012  0.193853874616928E-002
     48.56000000  0.000000000000000E+000  0.000000000000000E+000  0.144875343459517E-001 -0.000000000000000E+000 -0.000000000000000E+000 -0.236926892255430E-002  0.000000000000000E+000  0.000000000000000E+000  0.144875343459517E-001 -0.000000000000000E+000 -0.000000000000000E+000 -0.236926892255430E-002  -0.116378395615586E-011 -0.861784886788752E-012  0.193456884983632E-002
     48.64000000  0.000000000000000E+000  0.000000000000000E+000  0.146650819705557E-001 -0.000000000000000E+000 -0.000000000000000E+000 -0.221934530755094E-002  0.000000000000000E+000  0.000000000000000E+000  0.146650819705557E-001 -0.000000000000000E+000 -0.000000000000000E+000 -0.221934530755094E-002  -0.116176610131366E-011 -0.853736114430086E-012  0.193007142129060E-002
     48.72000000  0.000000000000000E+000  0.000000000000000E+000  0.148307386835820E-001 -0.000000000000000E+000 -0.000000000000000E+000 -0.207070891282857E-002  0.000000000000000E+000  0.000000000000000E+000  0.148307386835820E-001 -0.000000000000000E+000 -0.000000000000000E+000 -0.207070891282857E-002  -0.115702225460355E-011 -0.844022456728602E-012  0.192505260912420E-002
     48.80000000  0.000000000000000E+000  0.000000000000000E+000  0.149846131500914E-001 -0.000000000000000E+000 -0.000000000000000E+000 -0.192343083136725E-002  0.000000000000000E+000  0.000000000000000E+000  0.149846131500914E-001 -0.000000000000000E+000 -0.000000000000000E+000 -0.192343083136725E-002  -0.114965806437451E-011 -0.832658883285813E-012  0.191951875922847E-002
     48.88000000  0.000000000000000E+000  0.000000000000000E+000  0.151268196085339E-001 -0.000000000000000E+000 -0.000000000000000E+000 -0.177758073053131E-002  0.000000000000000E+000  0.000000000000000E+000  0.151268196085339E-001 -0.000000000000000E+000 -0.000000000000000E+000 -0.177758073053131E-002  -0.113984652192216E-011 -0.819689790412110E-012  0.191347641290644E-002
     48.96000000  0.000000000000000E+000  0.000000000000000E+000  0.152574777538803E-001 -0.000000000000000E+000 -0.000000000000000E+000 -0.163322681683029E-002  0.000000000000000E+000  0.000000000000000E+000  0.152574777538803E-001 -0.000000000000000E+000 -0.000000000000000E+000 -0.163322681683029E-002  -0.112783235584865E-011 -0.805198736476410E-012  0.190693230478365E-002
     49.04000000  0.000000000000000E+000  0.000000000000000E+000  0.153767126180164E-001 -0.000000000000000E+000 -0.000000000000000E+000 -0.149043580170026E-002  0.000000000000000E+000  0.000000000000000E+000  0.153767126180164E-001 -0.000000000000000E+000 -0.000000000000000E+000 -0.149043580170026E-002  -0.111395840305309E-011 -0.789338408896570E-012  0.189989336047863E-002
     49.12000000  0.000000000000000E+000  0.000000000000000E+000  0.154846544474825E-001 -0.000000000000000E+000 -0.000000000000000E+000 -0.134927286832638E-002  0.000000000000000E+000  0.000000000000000E+000  0.154846544474825E-001 -0.000000000000000E+000 -0.000000000000000E+000 -0.134927286832638E-002  -0.109866730584835E-011 -0.772352263380283E-012  0.189236669398915E-002
     49.20000000  0.000000000000000E+000  0.000000000000000E+000  0.155814385786445E-001 -0.000000000000000E+000 -0.000000000000000E+000 -0.120980163952559E-002  0.000000000000000E+000  0.000000000000000E+000  0.155814385786445E-001 -0.000000000000000E+000 -0.000000000000000E+000 -0.120980163952559E-002  -0.108247478784415E-011 -0.754585854429920E-012  0.188435960475323E-002
     49.28000000  0.000000000000000E+000  0.000000000000000E+000  0.156672053103808E-001 -0.000000000000000E+000 -0.000000000000000E+000 -0.107208414670337E-002  0.000000000000000E+000  0.000000000000000E+000  0.156672053103808E-001 -0.000000000000000E+000 -0.000000000000000E+000 -0.107208414670337E-002  -0.106591713412401E-011 -0.736457171762457E-012  0.187587957435333E-002
     49.36000000  0.000000000000000E+000  0.000000000000000E+000  0.157420997743732E-001 -0.000000000000000E+000 -0.000000000000000E+000 -0.936180799905552E-003  0.000000000000000E+000  0.000000000000000E+000  0.157420997743732E-001 -0.000000000000000E+000 -0.000000000000000E+000 -0.936180799905552E-003  -0.104949008590416E-011 -0.718395777015865E-012  0.186693426284670E-002
     49.44000000  0.000000000000000E+000  0.000000000000000E+000  0.158062718030913E-001 -0.000000000000000E+000 -0.000000000000000E+000 -0.802150358975798E-003  0.000000000000000E+000  0.000000000000000E+000  0.158062718030913E-001 -0.000000000000000E+000 -0.000000000000000E+000 -0.802150358975798E-003  -0.103360344592814E-011 -0.700776747516102E-012  0.185753150471952E-002
     49.52000000  0.000000000000000E+000  0.000000000000000E+000  0.158598757955584E-001 -0.000000000000000E+000 -0.000000000000000E+000 -0.670049905839368E-003  0.000000000000000E+000  0.000000000000000E+000  0.158598757955584E-001 -0.000000000000000E+000 -0.000000000000000E+000 -0.670049905839368E-003  -0.101857704850368E-011 -0.683894835733193E-012  0.184767930447468E-002
     49.60000000  0.000000000000000E+000  0.000000000000000E+000  0.159030705809924E-001 -0.000000000000000E+000 -0.000000000000000E+000 -0.539934817924553E-003  0.000000000000000E+000  0.000000000000000E+000  0.159030705809924E-001 -0.000000000000000E+000 -0.000000000000000E+000 -0.539934817924553E-003  -0.100467107670981E-011 -0.667958480538690E-012  0.183738583186956E-002
     49.68000000  0.000000000000000E+000  0.000000000000000E+000  0.159360192804113E-001 -0.000000000000000E+000 -0.000000000000000E+000 -0.411858742736153E-003  0.000000000000000E+000  0.000000000000000E+000  0.159360192804113E-001 -0.000000000000000E+000 -0.000000000000000E+000 -0.411858742736153E-003  -0.992127392334286E-012 -0.653136660017485E-012  0.182665941682030E-002
     49.76000000  0.000000000000000E+000  0.000000000000000E+000  0.159588891662989E-001 -0.000000000000000E+000 -0.000000000000000E+000 -0.285873573594581E-003  0.000000000000000E+000  0.000000000000000E+000  0.159588891662989E-001 -0.000000000000000E+000 -0.000000000000000E+000 -0.285873573594581E-003  -0.981179847935037E-012 -0.639602817404342E-012  0.181550854398356E-002
     49.84000000  0.000000000000000E+000  0.000000000000000E+000  0.159718515204230E-001 -0.000000000000000E+000 -0.000000000000000E+000 -0.162029426551595E-003  0.000000000000000E+000  0.000000000000000E+000  0.159718515204230E-001 -0.000000000000000E+000 -0.000000000000000E+000 -0.162029426551595E-003  -0.972050062467246E-012 -0.627551911825745E-012  0.180394184701746E-002
     49.92000000  0.000000000000000E+000  0.000000000000000E+000  0.159750814899028E-001 -0.000000000000000E+000 -0.000000000000000E+000 -0.403746184971833E-004  0.000000000000000E+000  0.000000000000000E+000  0.159750814899028E-001 -0.000000000000000E+000 -0.000000000000000E+000 -0.403746184971833E-004  -0.964901479345671E-012 -0.617179362252956E-012  0.179196810251233E-002
     50.00000000  0.000000000000000E+000  0.000000000000000E+000  0.159687579416201E-001 -0.000000000000000E+000 -0.000000000000000E+000  0.790443535337443E-004  0.000000000000000E+000  0.000000000000000E+000  0.159687579416201E-001 -0.000000000000000E+000 -0.000000000000000E+000  0.790443535337443E-004  -0.959803577294844E-012 -0.608635472611939E-012  0.177959622357360E-002
     50.08000000  0.000000000000000E+000  0.000000000000000E+000  0.159530633150723E-001 -0.000000000000000E+000 -0.000000000000000E+000  0.196182831847065E-003  0.000000000000000E+000  0.000000000000000E+000  0.159530633150723E-001 -0.000000000000000E+000 -0.000000000000000E+000  0.196182831847065E-003  -0.956721125328302E-012 -0.601964291502139E-012  0.176683525303435E-002
     50.16000000  0.000000000000000E+000  0.000000000000000E+000  0.159281834737643E-001 -0.000000000000000E+000 -0.000000000000000E+000  0.310998016349838E-003  0.000000000000000E+000  0.000000000000000E+000  0.159281834737643E-001 -0.000000000000000E+000 -0.000000000000000E+000  0.310998016349838E-003  -0.955537945222662E-012 -0.597090578994632E-012  0.175369435627747E-002
     50.24000000  0.000000000000000E+000  0.000000000000000E+000  0.158943075552373E-001 -0.000000000000000E+000 -0.000000000000000E+000  0.423448981587242E-003  0.000000000000000E+000  0.000000000000000E+000  0.158943075552373E-001 -0.000000000000000E+000 -0.000000000000000E+000  0.423448981587242E-003  -0.956069182389810E-012 -0.593810409585870E-012  0.174018281365656E-002
     50.32000000  0.000000000000000E+000  0.000000000000000E+000  0.158516278198339E-001 -0.000000000000000E+000 -0.000000000000000E+000  0.533496692542781E-003  0.000000000000000E+000  0.000000000000000E+000  0.158516278198339E-001 -0.000000000000000E+000 -0.000000000000000E+000  0.533496692542781E-003  -0.958087089434331E-012 -0.591844403387186E-012  0.172631001251825E-002
     50.40000000  0.000000000000000E+000  0.000000000000000E+000  0.158003394982988E-001 -0.000000000000000E+000 -0.000000000000000E+000  0.641104019189235E-003  0.000000000000000E+000  0.000000000000000E+000  0.158003394982988E-001 -0.000000000000000E+000 -0.000000000000000E+000  0.641104019189235E-003  -0.961296155760341E-012 -0.590859067088534E-012  0.171208543884651E-002
     50.48000000  0.000000000000000E+000  0.000000000000000E+000  0.157406406383149E-001 -0.000000000000000E+000 -0.000000000000000E+000  0.746235749799103E-003  0.000000000000000E+000  0.000000000000000E+000  0.157406406383149E-001 -0.000000000000000E+000 -0.000000000000000E+000  0.746235749799103E-003  -0.965318823960785E-012 -0.590493597343580E-012  0.169751866856619E-002
     50.56000000  0.000000000000000E+000  0.000000000000000E+000  0.156727319500755E-001 -0.000000000000000E+000 -0.000000000000000E+000  0.848858602991521E-003  0.000000000000000E+000  0.000000000000000E+000  0.156727319500755E-001 -0.000000000000000E+000 -0.000000000000000E+000  0.848858602991521E-003  -0.969673434585322E-012 -0.590363431406334E-012  0.168261935855849E-002
     50.64000000  0.000000000000000E+000  0.000000000000000E+000  0.155968166509937E-001 -0.000000000000000E+000 -0.000000000000000E+000  0.948941238523393E-003  0.000000000000000E+000  0.000000000000000E+000  0.155968166509937E-001 -0.000000000000000E+000 -0.000000000000000E+000  0.948941238523393E-003  -0.973802872794603E-012 -0.590063864275551E-012  0.166739723745296E-002
     50.72000000  0.000000000000000E+000  0.000000000000000E+000  0.155131003096485E-001 -0.000000000000000E+000 -0.000000000000000E+000  0.104645426681482E-002  0.000000000000000E+000  0.000000000000000E+000  0.155131003096485E-001 -0.000000000000000E+000 -0.000000000000000E+000  0.104645426681482E-002  -0.977130169547971E-012 -0.589203439235456E-012  0.165186209626830E-002
     50.80000000  0.000000000000000E+000  0.000000000000000E+000  0.154217906890718E-001 -0.000000000000000E+000 -0.000000000000000E+000  0.114137025720793E-002  0.000000000000000E+000  0.000000000000000E+000  0.154217906890718E-001 -0.000000000000000E+000 -0.000000000000000E+000  0.114137025720793E-002  -0.979140138952629E-012 -0.587434041242291E-012  0.163602377897614E-002
     50.88000000  0.000000000000000E+000  0.000000000000000E+000  0.153230975894755E-001 -0.000000000000000E+000 -0.000000000000000E+000  0.123366374495473E-002  0.000000000000000E+000  0.000000000000000E+000  0.153230975894755E-001 -0.000000000000000E+000 -0.000000000000000E+000  0.123366374495473E-002  -0.979421186617796E-012 -0.584506440513778E-012  0.161989217305795E-002
     50.96000000  0.000000000000000E+000  0.000000000000000E+000  0.152172326905208E-001 -0.000000000000000E+000 -0.000000000000000E+000  0.132331123693379E-002  0.000000000000000E+000  0.000000000000000E+000  0.152172326905208E-001 -0.000000000000000E+000 -0.000000000000000E+000  0.132331123693379E-002  -0.977681693154206E-012 -0.580278306778400E-012  0.160347720011395E-002
     51.04000000  0.000000000000000E+000  0.000000000000000E+000  0.151044093932331E-001 -0.000000000000000E+000 -0.000000000000000E+000  0.141029121609570E-002  0.000000000000000E+000  0.000000000000000E+000  0.151044093932331E-001 -0.000000000000000E+000 -0.000000000000000E+000  0.141029121609570E-002  -0.973711656632175E-012 -0.574692327779165E-012  0.158678880656644E-002
     51.12000000  0.000000000000000E+000  0.000000000000000E+000  0.149848426616625E-001 -0.000000000000000E+000 -0.000000000000000E+000  0.149458414463309E-002  0.000000000000000E+000  0.000000000000000E+000  0.149848426616625E-001 -0.000000000000000E+000 -0.000000000000000E+000  0.149458414463309E-002  -0.967352386119210E-012 -0.567712325672262E-012  0.156983695448249E-002
     51.20000000  0.000000000000000E+000  0.000000000000000E+000  0.148587488643919E-001 -0.000000000000000E+000 -0.000000000000000E+000  0.157617246588136E-002  0.000000000000000E+000  0.000000000000000E+000  0.148587488643919E-001 -0.000000000000000E+000 -0.000000000000000E+000  0.157617246588136E-002  -0.958466073746816E-012 -0.559258193853911E-012  0.155263161252594E-002
     51.28000000  0.000000000000000E+000  0.000000000000000E+000  0.147263456159960E-001 -0.000000000000000E+000 -0.000000000000000E+000  0.165504060494874E-002  0.000000000000000E+000  0.000000000000000E+000  0.147263456159960E-001 -0.000000000000000E+000 -0.000000000000000E+000  0.165504060494874E-002  -0.946929579119984E-012 -0.549177483208780E-012  0.153518274704250E-002
     51.36000000  0.000000000000000E+000  0.000000000000000E+000  0.145878516185501E-001 -0.000000000000000E+000 -0.000000000000000E+000  0.173117496807451E-002  0.000000000000000E+000  0.000000000000000E+000  0.145878516185501E-001 -0.000000000000000E+000 -0.000000000000000E+000  0.173117496807451E-002  -0.932661155653664E-012 -0.537274689999570E-012  0.151750031328280E-002
     51.44000000  0.000000000000000E+000  0.000000000000000E+000  0.144434865032918E-001 -0.000000000000000E+000 -0.000000000000000E+000  0.180456394072858E-002  0.000000000000000E+000  0.000000000000000E+000  0.144434865032918E-001 -0.000000000000000E+000 -0.000000000000000E+000  0.180456394072858E-002  -0.915642483719273E-012 -0.523388558728995E-012  0.149959424677689E-002
     51.52000000  0.000000000000000E+000  0.000000000000000E+000  0.142934706725364E-001 -0.000000000000000E+000 -0.000000000000000E+000  0.187519788444259E-002  0.000000000000000E+000  0.000000000000000E+000  0.142934706725364E-001 -0.000000000000000E+000 -0.000000000000000E+000  0.187519788444259E-002  -0.895913190278782E-012 -0.507472967386445E-012  0.148147445488297E-002
     51.60000000  0.000000000000000E+000  0.000000000000000E+000  0.141380251419454E-001 -0.000000000000000E+000 -0.000000000000000E+000  0.194306913238735E-002  0.000000000000000E+000  0.000000000000000E+000  0.141380251419454E-001 -0.000000000000000E+000 -0.000000000000000E+000  0.194306913238735E-002  -0.873566320960300E-012 -0.489659226658506E-012  0.146315080854026E-002
     51.68000000  0.000000000000000E+000  0.000000000000000E+000  0.139773713832493E-001 -0.000000000000000E+000 -0.000000000000000E+000  0.200817198370100E-002  0.000000000000000E+000  0.000000000000000E+000  0.139773713832493E-001 -0.000000000000000E+000 -0.000000000000000E+000  0.200817198370100E-002  -0.848733211171228E-012 -0.470257826824620E-012  0.144463313425725E-002
     51.76000000  0.000000000000000E+000  0.000000000000000E+000  0.138117311675241E-001 -0.000000000000000E+000 -0.000000000000000E+000  0.207050269656554E-002  0.000000000000000E+000  0.000000000000000E+000  0.138117311675241E-001 -0.000000000000000E+000 -0.000000000000000E+000  0.207050269656554E-002  -0.821589466903787E-012 -0.449721236321010E-012  0.142593120636452E-002
     51.84000000  0.000000000000000E+000  0.000000000000000E+000  0.136413264091201E-001 -0.000000000000000E+000 -0.000000000000000E+000  0.213005948005024E-002  0.000000000000000E+000  0.000000000000000E+000  0.136413264091201E-001 -0.000000000000000E+000 -0.000000000000000E+000  0.213005948005024E-002  -0.792382838769758E-012 -0.428574444411575E-012  0.140705473955736E-002
     51.92000000  0.000000000000000E+000  0.000000000000000E+000  0.134663790103424E-001 -0.000000000000000E+000 -0.000000000000000E+000  0.218684248472101E-002  0.000000000000000E+000  0.000000000000000E+000  0.134663790103424E-001 -0.000000000000000E+000 -0.000000000000000E+000  0.218684248472101E-002  -0.761451395813912E-012 -0.407362033926351E-012  0.138801338175177E-002
     52.00000000  0.000000000000000E+000  0.000000000000000E+000  0.132871107069802E-001 -0.000000000000000E+000 -0.000000000000000E+000  0.224085379202763E-002  0.000000000000000E+000  0.000000000000000E+000  0.132871107069802E-001 -0.000000000000000E+000 -0.000000000000000E+000  0.224085379202763E-002  -0.729247437191370E-012 -0.386596404207967E-012  0.136881670727663E-002
     52.08000000  0.000000000000000E+000  0.000000000000000E+000  0.131037429147819E-001 -0.000000000000000E+000 -0.000000000000000E+000  0.229209740247776E-002  0.000000000000000E+000  0.000000000000000E+000  0.131037429147819E-001 -0.000000000000000E+000 -0.000000000000000E+000  0.229209740247776E-002  -0.696307038007758E-012 -0.366722600421384E-012  0.134947421042520E-002
     52.16000000  0.000000000000000E+000  0.000000000000000E+000  0.129164965769735E-001 -0.000000000000000E+000 -0.000000000000000E+000  0.234057922260539E-002  0.000000000000000E+000  0.000000000000000E+000  0.129164965769735E-001 -0.000000000000000E+000 -0.000000000000000E+000  0.234057922260539E-002  -0.663188907845862E-012 -0.348096397611643E-012  0.132999529938539E-002
     52.24000000  0.000000000000000E+000  0.000000000000000E+000  0.127255920129137E-001 -0.000000000000000E+000 -0.000000000000000E+000  0.238630705074749E-002  0.000000000000000E+000  0.000000000000000E+000  0.127255920129137E-001 -0.000000000000000E+000 -0.000000000000000E+000  0.238630705074749E-002  -0.630407341394332E-012 -0.330950249351958E-012  0.131038929056013E-002
     52.32000000  0.000000000000000E+000  0.000000000000000E+000  0.125312487679825E-001 -0.000000000000000E+000 -0.000000000000000E+000  0.242929056163989E-002  0.000000000000000E+000  0.000000000000000E+000  0.125312487679825E-001 -0.000000000000000E+000 -0.000000000000000E+000  0.242929056163989E-002  -0.598373369735667E-012 -0.315384172916280E-012  0.129066540327639E-002
     52.40000000  0.000000000000000E+000  0.000000000000000E+000  0.123336854647955E-001 -0.000000000000000E+000 -0.000000000000000E+000  0.246954128983845E-002  0.000000000000000E+000  0.000000000000000E+000  0.123336854647955E-001 -0.000000000000000E+000 -0.000000000000000E+000  0.246954128983845E-002  -0.567369463550386E-012 -0.301374165649641E-012  0.127083275486793E-002
     52.48000000  0.000000000000000E+000  0.000000000000000E+000  0.121331196558365E-001 -0.000000000000000E+000 -0.000000000000000E+000  0.250707261198705E-002  0.000000000000000E+000  0.000000000000000E+000  0.121331196558365E-001 -0.000000000000000E+000 -0.000000000000000E+000  0.250707261198705E-002  -0.537567437887696E-012 -0.288845407814200E-012  0.125090035610603E-002
     52.56000000  0.000000000000000E+000  0.000000000000000E+000  0.119297676776012E-001 -0.000000000000000E+000 -0.000000000000000E+000  0.254189972794083E-002  0.000000000000000E+000  0.000000000000000E+000  0.119297676776012E-001 -0.000000000000000E+000 -0.000000000000000E+000  0.254189972794083E-002  -0.509070284550286E-012 -0.277735047808464E-012  0.123087710694966E-002
     52.64000000  0.000000000000000E+000  0.000000000000000E+000  0.117238445063406E-001 -0.000000000000000E+000 -0.000000000000000E+000  0.257403964075815E-002  0.000000000000000E+000  0.000000000000000E+000  0.117238445063406E-001 -0.000000000000000E+000 -0.000000000000000E+000  0.257403964075815E-002  -0.481948694523696E-012 -0.268089992936701E-012  0.121077179259031E-002
     52.72000000  0.000000000000000E+000  0.000000000000000E+000  0.115155636154943E-001 -0.000000000000000E+000 -0.000000000000000E+000  0.260351113557892E-002  0.000000000000000E+000  0.000000000000000E+000  0.115155636154943E-001 -0.000000000000000E+000 -0.000000000000000E+000  0.260351113557892E-002  -0.456258716668218E-012 -0.260068951072063E-012  0.119059307977698E-002
     52.80000000  0.000000000000000E+000  0.000000000000000E+000  0.113051368349022E-001 -0.000000000000000E+000 -0.000000000000000E+000  0.263033475740128E-002  0.000000000000000E+000  0.000000000000000E+000  0.113051368349022E-001 -0.000000000000000E+000 -0.000000000000000E+000  0.263033475740128E-002  -0.432051169572557E-012 -0.253914654375721E-012  0.117034951341768E-002
     52.88000000  0.000000000000000E+000  0.000000000000000E+000  0.110927742118800E-001 -0.000000000000000E+000 -0.000000000000000E+000  0.265453278777714E-002  0.000000000000000E+000  0.000000000000000E+000  0.110927742118800E-001 -0.000000000000000E+000 -0.000000000000000E+000  0.265453278777714E-002  -0.409357622593860E-012 -0.249845411723585E-012  0.115004951346116E-002
     52.96000000  0.000000000000000E+000  0.000000000000000E+000  0.108786838742448E-001 -0.000000000000000E+000 -0.000000000000000E+000  0.267612922044010E-002  0.000000000000000E+000  0.000000000000000E+000  0.108786838742448E-001 -0.000000000000000E+000 -0.000000000000000E+000  0.267612922044010E-002  -0.388200878988442E-012 -0.247947393471445E-012  0.112970137206285E-002
     53.04000000  0.000000000000000E+000  0.000000000000000E+000  0.106630718953741E-001 -0.000000000000000E+000 -0.000000000000000E+000  0.269514973588294E-002  0.000000000000000E+000  0.000000000000000E+000  0.106630718953741E-001 -0.000000000000000E+000 -0.000000000000000E+000  0.269514973588294E-002  -0.368598370443387E-012 -0.248084522082260E-012  0.110931325103189E-002
     53.12000000  0.000000000000000E+000  0.000000000000000E+000  0.104461421613818E-001 -0.000000000000000E+000 -0.000000000000000E+000  0.271162167490488E-002  0.000000000000000E+000  0.000000000000000E+000  0.104461421613818E-001 -0.000000000000000E+000 -0.000000000000000E+000  0.271162167490488E-002  -0.350559181794885E-012 -0.249904068441466E-012  0.108889317954421E-002
     53.20000000  0.000000000000000E+000  0.000000000000000E+000  0.102280962404901E-001 -0.000000000000000E+000 -0.000000000000000E+000  0.272557401114568E-002  0.000000000000000E+000  0.000000000000000E+000  0.102280962404901E-001 -0.000000000000000E+000 -0.000000000000000E+000  0.272557401114568E-002  -0.334066068079560E-012 -0.252884890320580E-012  0.106844905209400E-002
     53.28000000  0.000000000000000E+000  0.000000000000000E+000  0.100091332546799E-001 -0.000000000000000E+000 -0.000000000000000E+000  0.273703732262727E-002  0.000000000000000E+000  0.000000000000000E+000  0.100091332546799E-001 -0.000000000000000E+000 -0.000000000000000E+000  0.273703732262727E-002  -0.319042055586162E-012 -0.256436111213612E-012  0.104798862664880E-002
     53.36000000  0.000000000000000E+000  0.000000000000000E+000  0.978944975369426E-002 -0.000000000000000E+000 -0.000000000000000E+000  0.274604376232072E-002  0.000000000000000E+000  0.000000000000000E+000  0.978944975369426E-002 -0.000000000000000E+000 -0.000000000000000E+000  0.274604376232072E-002  -0.305292074132775E-012 -0.259993492106695E-012  0.102751952297285E-002
     53.44000000  0.000000000000000E+000  0.000000000000000E+000  0.956923959147346E-002 -0.000000000000000E+000 -0.000000000000000E+000  0.275262702775997E-002  0.000000000000000E+000  0.000000000000000E+000  0.956923959147346E-002 -0.000000000000000E+000 -0.000000000000000E+000  0.275262702775997E-002  -0.292490335146525E-012 -0.263076002110679E-012  0.100704922109211E-002
     53.52000000  0.000000000000000E+000  0.000000000000000E+000  0.934869380509543E-002 -0.000000000000000E+000 -0.000000000000000E+000  0.275682232972533E-002  0.000000000000000E+000  0.000000000000000E+000  0.934869380509543E-002 -0.000000000000000E+000 -0.000000000000000E+000  0.275682232972533E-002  -0.280183531314856E-012 -0.265321294208743E-012  0.986585059887335E-003
     53.60000000 -0.000000000000000E+000 -0.000000000000000E+000  0.912800049629438E-002  0.000000000000000E+000  0.000000000000000E+000  0.275866636001315E-002  0.000000000000000E+000  0.000000000000000E+000  0.912800049629438E-002 -0.000000000000000E+000 -0.000000000000000E+000  0.275866636001315E-002  -0.267864073814846E-012 -0.266486428936245E-012  0.966134235816220E-003
     53.68000000 -0.000000000000000E+000 -0.000000000000000E+000  0.890734471562856E-002 -0.000000000000000E+000 -0.000000000000000E+000  0.275819725832273E-002  0.000000000000000E+000  0.000000000000000E+000  0.890734471562856E-002 -0.000000000000000E+000 -0.000000000000000E+000  0.275819725832273E-002  -0.255045671118053E-012 -0.266446125100833E-012  0.945703801775901E-003
     53.76000000 -0.000000000000000E+000 -0.000000000000000E+000  0.868690834936694E-002 -0.000000000000000E+000 -0.000000000000000E+000  0.275545457827028E-002  0.000000000000000E+000  0.000000000000000E+000  0.868690834936694E-002 -0.000000000000000E+000 -0.000000000000000E+000  0.275545457827028E-002  -0.241335521922328E-012 -0.265169287370094E-012  0.925300666120912E-003
     53.84000000 -0.000000000000000E+000 -0.000000000000000E+000  0.846687000916157E-002 -0.000000000000000E+000 -0.000000000000000E+000  0.275047925256714E-002  0.000000000000000E+000  0.000000000000000E+000  0.846687000916157E-002 -0.000000000000000E+000 -0.000000000000000E+000  0.275047925256714E-002  -0.226484548283888E-012 -0.262697141904206E-012  0.904931591847221E-003
     53.92000000 -0.000000000000000E+000 -0.000000000000000E+000  0.824740492457177E-002 -0.000000000000000E+000 -0.000000000000000E+000  0.274331355737242E-002  0.000000000000000E+000  0.000000000000000E+000  0.824740492457177E-002 -0.000000000000000E+000 -0.000000000000000E+000  0.274331355737242E-002  -0.210365794896818E-012 -0.259073383054610E-012  0.884603195942215E-003
     54.00000000 -0.000000000000000E+000 -0.000000000000000E+000  0.802868483850301E-002 -0.000000000000000E+000 -0.000000000000000E+000  0.273400107585952E-002  0.000000000000000E+000  0.000000000000000E+000  0.802868483850301E-002 -0.000000000000000E+000 -0.000000000000000E+000  0.273400107585952E-002  -0.192948041381545E-012 -0.254287267557350E-012  0.864321948885957E-003
     54.08000000 -0.000000000000000E+000 -0.000000000000000E+000  0.781087790562278E-002 -0.000000000000000E+000 -0.000000000000000E+000  0.272258666100289E-002  0.000000000000000E+000  0.000000000000000E+000  0.781087790562278E-002 -0.000000000000000E+000 -0.000000000000000E+000  0.272258666100289E-002  -0.174246804754232E-012 -0.248224509648873E-012  0.844094174274324E-003
     54.16000000 -0.000000000000000E+000 -0.000000000000000E+000  0.759414859381258E-002 -0.000000000000000E+000 -0.000000000000000E+000  0.270911639762748E-002  0.000000000000000E+000  0.000000000000000E+000  0.759414859381258E-002 -0.000000000000000E+000 -0.000000000000000E+000  0.270911639762748E-002  -0.154294117604933E-012 -0.240661811742927E-012  0.823926048523464E-003
     54.24000000 -0.000000000000000E+000 -0.000000000000000E+000  0.737865758871391E-002 -0.000000000000000E+000 -0.000000000000000E+000  0.269363756373339E-002  0.000000000000000E+000  0.000000000000000E+000  0.737865758871391E-002 -0.000000000000000E+000 -0.000000000000000E+000  0.269363756373339E-002  -0.133110552105180E-012 -0.231331576492856E-012  0.803823600610107E-003
     54.32000000 -0.000000000000000E+000 -0.000000000000000E+000  0.716456170142337E-002 -0.000000000000000E+000 -0.000000000000000E+000  0.267619859113173E-002  0.000000000000000E+000  0.000000000000000E+000  0.716456170142337E-002 -0.000000000000000E+000 -0.000000000000000E+000  0.267619859113173E-002  -0.110693037289968E-012 -0.220016769023046E-012  0.783792711805610E-003
     54.40000000 -0.000000000000000E+000 -0.000000000000000E+000  0.695201377939068E-002 -0.000000000000000E+000 -0.000000000000000E+000  0.265684902540873E-002  0.000000000000000E+000  0.000000000000000E+000  0.695201377939068E-002 -0.000000000000000E+000 -0.000000000000000E+000  0.265684902540873E-002  -0.869993438611364E-013 -0.206652244970670E-012  0.763839115373112E-003
     54.48000000 -0.000000000000000E+000 -0.000000000000000E+000  0.674116262057051E-002 -0.000000000000000E+000 -0.000000000000000E+000  0.263563948525211E-002  0.000000000000000E+000  0.000000000000000E+000  0.674116262057051E-002 -0.000000000000000E+000 -0.000000000000000E+000  0.263563948525211E-002  -0.619410619705259E-013 -0.191378618267521E-012  0.743968396214435E-003
     54.56000000 -0.000000000000000E+000 -0.000000000000000E+000  0.653215289087748E-002 -0.000000000000000E+000 -0.000000000000000E+000  0.261262162116283E-002  0.000000000000000E+000  0.000000000000000E+000  0.653215289087748E-002 -0.000000000000000E+000 -0.000000000000000E+000  0.261262162116283E-002  -0.353976644138854E-013 -0.174513792613623E-012  0.724185990473370E-003
     54.64000000 -0.000000000000000E+000 -0.000000000000000E+000  0.632512504499087E-002 -0.000000000000000E+000 -0.000000000000000E+000  0.258784807358263E-002  0.000000000000000E+000  0.000000000000000E+000  0.632512504499087E-002 -0.000000000000000E+000 -0.000000000000000E+000  0.258784807358263E-002  -0.724932369892145E-014 -0.156493982949576E-012  0.704497185119636E-003
     54.72000000 -0.000000000000000E+000 -0.000000000000000E+000  0.612021525055395E-002 -0.000000000000000E+000 -0.000000000000000E+000  0.256137243046152E-002  0.000000000000000E+000  0.000000000000000E+000  0.612021525055395E-002 -0.000000000000000E+000 -0.000000000000000E+000  0.256137243046152E-002   0.225526426714628E-013 -0.137761864693127E-012  0.684907117550200E-003
     54.80000000 -0.000000000000000E+000 -0.000000000000000E+000  0.591755531581026E-002 -0.000000000000000E+000 -0.000000000000000E+000  0.253324918429618E-002  0.000000000000000E+000  0.000000000000000E+000  0.591755531581026E-002 -0.000000000000000E+000 -0.000000000000000E+000  0.253324918429618E-002   0.539358926876584E-013 -0.118704254137106E-012  0.665420775249352E-003
     54.88000000 -0.000000000000000E+000 -0.000000000000000E+000  0.571727262071693E-002 -0.000000000000000E+000 -0.000000000000000E+000  0.250353368866658E-002  0.000000000000000E+000  0.000000000000000E+000  0.571727262071693E-002 -0.000000000000000E+000 -0.000000000000000E+000  0.250353368866658E-002   0.866550492496887E-013 -0.996172416871367E-013  0.646042995546424E-003
     54.96000000 -0.000000000000000E+000 -0.000000000000000E+000  0.551949005157284E-002 -0.000000000000000E+000 -0.000000000000000E+000  0.247228211430107E-002  0.000000000000000E+000  0.000000000000000E+000  0.551949005157284E-002 -0.000000000000000E+000 -0.000000000000000E+000  0.247228211430107E-002   0.120308608074214E-012 -0.807209700140889E-013  0.626778465501495E-003
     55.04000000 -0.000000000000000E+000 -0.000000000000000E+000  0.532432593919715E-002 -0.000000000000000E+000 -0.000000000000000E+000  0.243955140469617E-002  0.000000000000000E+000  0.000000000000000E+000  0.532432593919715E-002 -0.000000000000000E+000 -0.000000000000000E+000  0.243955140469617E-002   0.154401294440558E-012 -0.621993173908040E-013  0.607631721936874E-003
     55.12000000 -0.000000000000000E+000 -0.000000000000000E+000  0.513189400069140E-002 -0.000000000000000E+000 -0.000000000000000E+000  0.240539923132193E-002  0.000000000000000E+000  0.000000000000000E+000  0.513189400069140E-002 -0.000000000000000E+000 -0.000000000000000E+000  0.240539923132193E-002   0.188435750554423E-012 -0.442206682889381E-013  0.588607151617848E-003
     55.20000000 -0.000000000000000E+000 -0.000000000000000E+000  0.494230328481594E-002 -0.000000000000000E+000 -0.000000000000000E+000  0.236988394844317E-002  0.000000000000000E+000  0.000000000000000E+000  0.494230328481594E-002 -0.000000000000000E+000 -0.000000000000000E+000  0.236988394844317E-002   0.221993163861226E-012 -0.269612951901546E-013  0.569708991571959E-003
     55.28000000 -0.000000000000000E+000 -0.000000000000000E+000  0.475565812100909E-002 -0.000000000000000E+000 -0.000000000000000E+000  0.233306454758569E-002  0.000000000000000E+000  0.000000000000000E+000  0.475565812100909E-002 -0.000000000000000E+000 -0.000000000000000E+000  0.233306454758569E-002   0.254805694135460E-012 -0.105958404141526E-013  0.550941329524491E-003
     55.36000000 -0.000000000000000E+000 -0.000000000000000E+000  0.457205807207505E-002 -0.000000000000000E+000 -0.000000000000000E+000  0.229500061167540E-002  0.000000000000000E+000  0.000000000000000E+000  0.457205807207505E-002 -0.000000000000000E+000 -0.000000000000000E+000  0.229500061167540E-002   0.286760609824916E-012  0.468289178008627E-014  0.532308104421063E-003
     55.44000000 -0.000000000000000E+000 -0.000000000000000E+000  0.439159789056438E-002 -0.000000000000000E+000 -0.000000000000000E+000  0.225575226888338E-002  0.000000000000000E+000  0.000000000000000E+000  0.439159789056438E-002 -0.000000000000000E+000 -0.000000000000000E+000  0.225575226888338E-002   0.317873630198403E-012  0.186742459067629E-013  0.513813107008247E-003
     55.52000000 -0.000000000000000E+000 -0.000000000000000E+000  0.421436747886788E-002 -0.000000000000000E+000 -0.000000000000000E+000  0.221538014620633E-002  0.000000000000000E+000  0.000000000000000E+000  0.421436747886788E-002 -0.000000000000000E+000 -0.000000000000000E+000  0.221538014620633E-002   0.348239843378493E-012  0.311628129856896E-013  0.495459980449635E-003
     55.60000000 -0.000000000000000E+000 -0.000000000000000E+000  0.404045185304313E-002 -0.000000000000000E+000 -0.000000000000000E+000  0.217394532280935E-002  0.000000000000000E+000  0.000000000000000E+000  0.404045185304313E-002 -0.000000000000000E+000 -0.000000000000000E+000  0.217394532280935E-002   0.377966100375472E-012  0.419254157249754E-013  0.477252220965988E-003
     55.68000000 -0.000000000000000E+000 -0.000000000000000E+000  0.386993111038949E-002 -0.000000000000000E+000 -0.000000000000000E+000  0.213150928317050E-002  0.000000000000000E+000  0.000000000000000E+000  0.386993111038949E-002 -0.000000000000000E+000 -0.000000000000000E+000  0.213150928317050E-002   0.407122764153525E-012  0.507737965894844E-013  0.459193178499415E-003
     55.76000000 -0.000000000000000E+000 -0.000000000000000E+000  0.370288040078597E-002 -0.000000000000000E+000 -0.000000000000000E+000  0.208813387004404E-002  0.000000000000000E+000  0.000000000000000E+000  0.370288040078597E-002 -0.000000000000000E+000 -0.000000000000000E+000  0.208813387004404E-002   0.435694246098678E-012  0.575996495075005E-013  0.441286057409488E-003
     55.84000000 -0.000000000000000E+000 -0.000000000000000E+000  0.353936990180295E-002 -0.000000000000000E+000 -0.000000000000000E+000  0.204388123728768E-002  0.000000000000000E+000  0.000000000000000E+000  0.353936990180295E-002 -0.000000000000000E+000 -0.000000000000000E+000  0.204388123728768E-002   0.463566431744107E-012  0.624027345569413E-013  0.423533917211091E-003
     55.92000000 -0.000000000000000E+000 -0.000000000000000E+000  0.337946479759712E-002 -0.000000000000000E+000 -0.000000000000000E+000  0.199881380257292E-002  0.000000000000000E+000  0.000000000000000E+000  0.337946479759712E-002 -0.000000000000000E+000 -0.000000000000000E+000  0.199881380257292E-002   0.490529360092213E-012  0.652831786946835E-013  0.405939673360510E-003
     56.00000000 -0.000000000000000E+000 -0.000000000000000E+000  0.322322526159572E-002 -0.000000000000000E+000 -0.000000000000000E+000  0.195299420001749E-002  0.000000000000000E+000  0.000000000000000E+000  0.322322526159572E-002 -0.000000000000000E+000 -0.000000000000000E+000  0.195299420001749E-002   0.516313915560370E-012  0.664100177293480E-013  0.388506098090950E-003
     56.08000000 -0.000000000000000E+000 -0.000000000000000E+000  0.307070644297456E-002 -0.000000000000000E+000 -0.000000000000000E+000  0.190648523276454E-002  0.000000000000000E+000  0.000000000000000E+000  0.307070644297456E-002 -0.000000000000000E+000 -0.000000000000000E+000  0.190648523276454E-002   0.540660564006581E-012  0.659481004680542E-013  0.371235821294569E-003
     56.16000000 -0.000000000000000E+000 -0.000000000000000E+000  0.292195845693099E-002 -0.000000000000000E+000 -0.000000000000000E+000  0.185934982554459E-002  0.000000000000000E+000  0.000000000000000E+000  0.292195845693099E-002 -0.000000000000000E+000 -0.000000000000000E+000  0.185934982554459E-002   0.563394947761272E-012  0.640140963348667E-013  0.354131331447348E-003
     56.24000000 -0.000000000000000E+000 -0.000000000000000E+000  0.277702637875134E-002 -0.000000000000000E+000 -0.000000000000000E+000  0.181165097724566E-002  0.000000000000000E+000  0.000000000000000E+000  0.277702637875134E-002 -0.000000000000000E+000 -0.000000000000000E+000  0.181165097724566E-002   0.584514006400292E-012  0.606675026337521E-013  0.337194976574951E-003
     56.32000000 -0.000000000000000E+000 -0.000000000000000E+000  0.263595024166890E-002 -0.000000000000000E+000 -0.000000000000000E+000  0.176345171353042E-002  0.000000000000000E+000  0.000000000000000E+000  0.263595024166890E-002 -0.000000000000000E+000 -0.000000000000000E+000  0.176345171353042E-002   0.604197907125538E-012  0.559683563384654E-013  0.320428965259686E-003
     56.40000000 -0.000000000000000E+000 -0.000000000000000E+000  0.249876503850730E-002 -0.000000000000000E+000 -0.000000000000000E+000  0.171481503952006E-002  0.000000000000000E+000  0.000000000000000E+000  0.249876503850730E-002 -0.000000000000000E+000 -0.000000000000000E+000  0.171481503952006E-002   0.622807141888935E-012  0.500281875006636E-013  0.303835367688681E-003
     56.48000000 -0.000000000000000E+000 -0.000000000000000E+000  0.236550072710039E-002 -0.000000000000000E+000 -0.000000000000000E+000  0.166580389258631E-002  0.000000000000000E+000  0.000000000000000E+000  0.236550072710039E-002 -0.000000000000000E+000 -0.000000000000000E+000  0.166580389258631E-002   0.640796664666461E-012  0.430852408891912E-013  0.287416116740854E-003
     56.56000000 -0.000000000000000E+000 -0.000000000000000E+000  0.223618223947838E-002 -0.000000000000000E+000 -0.000000000000000E+000  0.161648109527513E-002  0.000000000000000E+000  0.000000000000000E+000  0.223618223947838E-002 -0.000000000000000E+000 -0.000000000000000E+000  0.161648109527513E-002   0.658616335817151E-012  0.355085661866967E-013  0.271173009107213E-003
     56.64000000 -0.000000000000000E+000 -0.000000000000000E+000  0.211082949480666E-002 -0.000000000000000E+000 -0.000000000000000E+000  0.156690930839656E-002  0.000000000000000E+000  0.000000000000000E+000  0.211082949480666E-002 -0.000000000000000E+000 -0.000000000000000E+000  0.156690930839656E-002   0.676608187872539E-012  0.277599993236249E-013  0.255107706438010E-003
     56.72000000 -0.000000000000000E+000 -0.000000000000000E+000  0.198945741606200E-002 -0.000000000000000E+000 -0.000000000000000E+000  0.151715098430824E-002  0.000000000000000E+000  0.000000000000000E+000  0.198945741606200E-002 -0.000000000000000E+000 -0.000000000000000E+000  0.151715098430824E-002   0.694949069390806E-012  0.203176482352832E-013  0.239221736513006E-003
     56.80000000 -0.000000000000000E+000 -0.000000000000000E+000  0.187207595042804E-002 -0.000000000000000E+000 -0.000000000000000E+000  0.146726832042456E-002  0.000000000000000E+000  0.000000000000000E+000  0.187207595042804E-002 -0.000000000000000E+000 -0.000000000000000E+000  0.146726832042456E-002   0.713637115268146E-012  0.135860497084484E-013  0.223516494437038E-003
     56.88000000 -0.000000000000000E+000 -0.000000000000000E+000  0.175869009338954E-002 -0.000000000000000E+000 -0.000000000000000E+000  0.141732321298119E-002  0.000000000000000E+000  0.000000000000000E+000  0.175869009338954E-002 -0.000000000000000E+000 -0.000000000000000E+000  0.141732321298119E-002   0.732533250098315E-012  0.785219048959796E-014  0.207993243869538E-003
     56.96000000 -0.000000000000000E+000 -0.000000000000000E+000  0.164929991650266E-002 -0.000000000000000E+000 -0.000000000000000E+000  0.136737721108601E-002  0.000000000000000E+000  0.000000000000000E+000  0.164929991650266E-002 -0.000000000000000E+000 -0.000000000000000E+000  0.136737721108601E-002   0.751429231584150E-012  0.325550951896789E-014  0.192653118301075E-003
     57.04000000 -0.000000000000000E+000 -0.000000000000000E+000  0.154390059881606E-002 -0.000000000000000E+000 -0.000000000000000E+000  0.131749147108245E-002  0.000000000000000E+000  0.000000000000000E+000  0.154390059881606E-002 -0.000000000000000E+000 -0.000000000000000E+000  0.131749147108245E-002   0.770121649657334E-012 -0.189092137090500E-015  0.177497122390782E-003
     57.12000000 -0.000000000000000E+000 -0.000000000000000E+000  0.144248246191531E-002 -0.000000000000000E+000 -0.000000000000000E+000  0.126772671125940E-002  0.000000000000000E+000  0.000000000000000E+000  0.144248246191531E-002 -0.000000000000000E+000 -0.000000000000000E+000  0.126772671125940E-002   0.788480373391318E-012 -0.256086507713366E-014  0.162526133376715E-003
     57.20000000 -0.000000000000000E+000 -0.000000000000000E+000  0.134503100856062E-002 -0.000000000000000E+000 -0.000000000000000E+000  0.121814316693366E-002  0.000000000000000E+000  0.000000000000000E+000  0.134503100856062E-002 -0.000000000000000E+000 -0.000000000000000E+000  0.121814316693366E-002   0.806492167237498E-012 -0.399302775691942E-014  0.147740902568383E-003
     57.28000000 -0.000000000000000E+000 -0.000000000000000E+000  0.125152696488574E-002 -0.000000000000000E+000 -0.000000000000000E+000  0.116880054593597E-002  0.000000000000000E+000  0.000000000000000E+000  0.125152696488574E-002 -0.000000000000000E+000 -0.000000000000000E+000  0.116880054593597E-002   0.824262462076992E-012 -0.461556610350615E-014  0.133142056928298E-003
     57.36000000 -0.000000000000000E+000 -0.000000000000000E+000  0.116194632612353E-002 -0.000000000000000E+000 -0.000000000000000E+000  0.111975798452757E-002  0.000000000000000E+000  0.000000000000000E+000  0.116194632612353E-002 -0.000000000000000E+000 -0.000000000000000E+000  0.111975798452757E-002   0.842002721253664E-012 -0.451206896723340E-014  0.118730100746985E-003
     57.44000000 -0.000000000000000E+000 -0.000000000000000E+000  0.107626040582140E-002 -0.000000000000000E+000 -0.000000000000000E+000  0.107107400377670E-002  0.000000000000000E+000  0.000000000000000E+000  0.107626040582140E-002 -0.000000000000000E+000 -0.000000000000000E+000  0.107107400377670E-002   0.859962473772023E-012 -0.367716891991557E-014  0.104505417411728E-003
     57.52000000 -0.000000000000000E+000 -0.000000000000000E+000  0.994435888507473E-003 -0.000000000000000E+000 -0.000000000000000E+000  0.102280646642407E-002  0.000000000000000E+000  0.000000000000000E+000  0.994435888507473E-003 -0.000000000000000E+000 -0.000000000000000E+000  0.102280646642407E-002   0.878353662835782E-012 -0.199991506083043E-014  0.904682712623339E-004
     57.60000000 -0.000000000000000E+000 -0.000000000000000E+000  0.916434885766466E-003 -0.000000000000000E+000 -0.000000000000000E+000  0.975012534262587E-003  0.000000000000000E+000  0.000000000000000E+000  0.916434885766466E-003 -0.000000000000000E+000 -0.000000000000000E+000  0.975012534262587E-003   0.897274365699728E-012  0.706700544116810E-015  0.766188095182126E-004
     57.68000000 -0.000000000000000E+000 -0.000000000000000E+000  0.842214995681485E-003 -0.000000000000000E+000 -0.000000000000000E+000  0.927748626062270E-003  0.000000000000000E+000  0.000000000000000E+000  0.842214995681485E-003 -0.000000000000000E+000 -0.000000000000000E+000  0.927748626062270E-003   0.916649461207782E-012  0.462375534352656E-014  0.629570642535895E-004
     57.76000000 -0.000000000000000E+000 -0.000000000000000E+000  0.771729365596395E-003 -0.000000000000000E+000 -0.000000000000000E+000  0.881070376063624E-003  0.000000000000000E+000  0.000000000000000E+000  0.771729365596395E-003 -0.000000000000000E+000 -0.000000000000000E+000  0.881070376063624E-003   0.936227436416039E-012  0.983358206924920E-014  0.494829543961681E-004
     57.84000000 -0.000000000000000E+000 -0.000000000000000E+000  0.704926758150797E-003 -0.000000000000000E+000 -0.000000000000000E+000  0.835032593069975E-003  0.000000000000000E+000  0.000000000000000E+000  0.704926758150797E-003 -0.000000000000000E+000 -0.000000000000000E+000  0.835032593069975E-003   0.955617606098881E-012  0.162088338979173E-013  0.361962877317590E-004
     57.92000000 -0.000000000000000E+000 -0.000000000000000E+000  0.641751620537891E-003 -0.000000000000000E+000 -0.000000000000000E+000  0.789689220161321E-003  0.000000000000000E+000  0.000000000000000E+000  0.641751620537891E-003 -0.000000000000000E+000 -0.000000000000000E+000  0.789689220161321E-003   0.974374542734401E-012  0.233740720714762E-013  0.230967629122369E-004
     58.00000000 -0.000000000000000E+000 -0.000000000000000E+000  0.582144156933028E-003 -0.000000000000000E+000 -0.000000000000000E+000  0.745093295060785E-003  0.000000000000000E+000  0.000000000000000E+000  0.582144156933028E-003 -0.000000000000000E+000 -0.000000000000000E+000  0.745093295060785E-003   0.992087990243876E-012  0.307328833746461E-013  0.101839714818815E-004
     58.08000000 -0.000000000000000E+000 -0.000000000000000E+000  0.526040404039238E-003 -0.000000000000000E+000 -0.000000000000000E+000  0.701296911172375E-003  0.000000000000000E+000  0.000000000000000E+000  0.526040404039238E-003 -0.000000000000000E+000 -0.000000000000000E+000  0.701296911172375E-003   0.100846737905695E-011  0.375803981093399E-013 -0.254260004905158E-005
     58.16000000 -0.000000000000000E+000 -0.000000000000000E+000  0.473372309693488E-003 -0.000000000000000E+000 -0.000000000000000E+000  0.658351179321877E-003  0.000000000000000E+000  0.000000000000000E+000  0.473372309693488E-003 -0.000000000000000E+000 -0.000000000000000E+000  0.658351179321877E-003   0.102338161896657E-011  0.432388813720505E-013 -0.150835680501207E-004
     58.24000000 -0.000000000000000E+000 -0.000000000000000E+000  0.424067814475820E-003 -0.000000000000000E+000 -0.000000000000000E+000  0.616306190220850E-003  0.000000000000000E+000  0.000000000000000E+000  0.424067814475820E-003 -0.000000000000000E+000 -0.000000000000000E+000  0.616306190220850E-003   0.103686884828999E-011  0.472153572267761E-013 -0.274396495083652E-004
     58.32000000 -0.000000000000000E+000 -0.000000000000000E+000  0.378050936261366E-003 -0.000000000000000E+000 -0.000000000000000E+000  0.575210977680677E-003  0.000000000000000E+000  0.000000000000000E+000  0.378050936261366E-003 -0.000000000000000E+000 -0.000000000000000E+000  0.575210977680677E-003   0.104907698508097E-011  0.492674557914755E-013 -0.396116596438950E-004
     58.40000000 -0.000000000000000E+000 -0.000000000000000E+000  0.335241857653493E-003 -0.000000000000000E+000 -0.000000000000000E+000  0.535113482598414E-003  0.000000000000000E+000  0.000000000000000E+000  0.335241857653493E-003 -0.000000000000000E+000 -0.000000000000000E+000  0.535113482598414E-003   0.106021149794885E-011  0.494360474724879E-013 -0.516005094049628E-004
     58.48000000 -0.000000000000000E+000 -0.000000000000000E+000  0.295557016234375E-003 -0.000000000000000E+000 -0.000000000000000E+000  0.496060517738971E-003  0.000000000000000E+000  0.000000000000000E+000  0.295557016234375E-003 -0.000000000000000E+000 -0.000000000000000E+000  0.496060517738971E-003   0.107045141201278E-011  0.479715694191303E-013 -0.634072028560860E-004
     58.56000000 -0.000000000000000E+000 -0.000000000000000E+000  0.258909197567512E-003 -0.000000000000000E+000 -0.000000000000000E+000  0.458097733335792E-003  0.000000000000000E+000  0.000000000000000E+000  0.258909197567512E-003 -0.000000000000000E+000 -0.000000000000000E+000  0.458097733335792E-003   0.107989116178392E-011  0.452346729510074E-013 -0.750328344784283E-004
     58.64000000 -0.000000000000000E+000 -0.000000000000000E+000  0.225207630884910E-003 -0.000000000000000E+000 -0.000000000000000E+000  0.421269583532525E-003  0.000000000000000E+000  0.000000000000000E+000  0.225207630884910E-003 -0.000000000000000E+000 -0.000000000000000E+000  0.421269583532525E-003   0.108851260795760E-011  0.415838342071152E-013 -0.864785864013398E-004
     58.72000000 -0.000000000000000E+000 -0.000000000000000E+000  0.194358087389993E-003 -0.000000000000000E+000 -0.000000000000000E+000  0.385619293686459E-003  0.000000000000000E+000  0.000000000000000E+000  0.194358087389993E-003 -0.000000000000000E+000 -0.000000000000000E+000  0.385619293686459E-003   0.109618971454099E-011  0.372708752042679E-013 -0.977457255799629E-004
     58.80000000 -0.000000000000000E+000 -0.000000000000000E+000  0.166262981105511E-003 -0.000000000000000E+000 -0.000000000000000E+000  0.351188828556023E-003  0.000000000000000E+000  0.000000000000000E+000  0.166262981105511E-003 -0.000000000000000E+000 -0.000000000000000E+000  0.351188828556023E-003   0.110273997015282E-011  0.323631321755858E-013 -0.108835600929367E-003
     58.88000000 -0.000000000000000E+000 -0.000000000000000E+000  0.140821472194168E-003 -0.000000000000000E+000 -0.000000000000000E+000  0.318018861391783E-003  0.000000000000000E+000  0.000000000000000E+000  0.140821472194168E-003 -0.000000000000000E+000 -0.000000000000000E+000  0.318018861391783E-003   0.110797570140483E-011  0.267321226461205E-013 -0.119749640422298E-003
     58.96000000 -0.000000000000000E+000 -0.000000000000000E+000  0.117929572678029E-003 -0.000000000000000E+000 -0.000000000000000E+000  0.286148743951738E-003  0.000000000000000E+000  0.000000000000000E+000  0.117929572678029E-003 -0.000000000000000E+000 -0.000000000000000E+000  0.286148743951738E-003   0.111178115942521E-011  0.200787174952376E-013 -0.130489348155494E-003
     59.04000000 -0.000000000000000E+000 -0.000000000000000E+000  0.974802544812649E-004 -0.000000000000000E+000 -0.000000000000000E+000  0.255616477459556E-003  0.000000000000000E+000  0.000000000000000E+000  0.974802544812649E-004 -0.000000000000000E+000 -0.000000000000000E+000  0.255616477459556E-003   0.111415811683432E-011  0.120324458444898E-013 -0.141056301387816E-003
     59.12000000 -0.000000000000000E+000 -0.000000000000000E+000  0.793635597192817E-004 -0.000000000000000E+000 -0.000000000000000E+000  0.226458684524791E-003  0.000000000000000E+000  0.000000000000000E+000  0.793635597192817E-004 -0.000000000000000E+000 -0.000000000000000E+000  0.226458684524791E-003   0.111523888268825E-011  0.227030680054839E-014 -0.151452147551219E-003
     59.20000000 -0.000000000000000E+000 -0.000000000000000E+000  0.634667131558138E-004 -0.000000000000000E+000 -0.000000000000000E+000  0.198710582043348E-003  0.000000000000000E+000  0.000000000000000E+000  0.634667131558138E-004 -0.000000000000000E+000 -0.000000000000000E+000  0.198710582043348E-003   0.111527571268469E-011 -0.933277691360098E-014 -0.161678601233288E-003
     59.28000000 -0.000000000000000E+000 -0.000000000000000E+000  0.496742367481657E-004 -0.000000000000000E+000 -0.000000000000000E+000  0.172405955095601E-003  0.000000000000000E+000  0.000000000000000E+000  0.496742367481657E-004 -0.000000000000000E+000 -0.000000000000000E+000  0.172405955095601E-003   0.111458383358583E-011 -0.226106435348704E-013 -0.171737441128548E-003
     59.36000000 -0.000000000000000E+000 -0.000000000000000E+000  0.378680661994677E-004 -0.000000000000000E+000 -0.000000000000000E+000  0.147577131858725E-003  0.000000000000000E+000  0.000000000000000E+000  0.378680661994677E-004 -0.000000000000000E+000 -0.000000000000000E+000  0.147577131858725E-003   0.111349549287311E-011 -0.370733453641591E-013 -0.181630506956876E-003
     59.44000000 -0.000000000000000E+000 -0.000000000000000E+000  0.279276694354675E-004 -0.000000000000000E+000 -0.000000000000000E+000  0.124254959550002E-003  0.000000000000000E+000  0.000000000000000E+000  0.279276694354675E-004 -0.000000000000000E+000 -0.000000000000000E+000  0.124254959550002E-003   0.111229094375753E-011 -0.519846739901678E-013 -0.191359696351680E-003
     59.52000000 -0.000000000000000E+000 -0.000000000000000E+000  0.197301669221642E-004 -0.000000000000000E+000 -0.000000000000000E+000  0.102468781416292E-003  0.000000000000000E+000  0.000000000000000E+000  0.197301669221642E-004 -0.000000000000000E+000 -0.000000000000000E+000  0.102468781416292E-003   0.111116497244538E-011 -0.665039591261695E-013 -0.200926961727883E-003
     59.60000000 -0.000000000000000E+000 -0.000000000000000E+000  0.131504537393957E-004 -0.000000000000000E+000 -0.000000000000000E+000  0.822464147846060E-004  0.000000000000000E+000  0.000000000000000E+000  0.131504537393957E-004 -0.000000000000000E+000 -0.000000000000000E+000  0.822464147846060E-004   0.111021124647517E-011 -0.798731532162709E-013 -0.210334307148107E-003
     59.68000000 -0.000000000000000E+000 -0.000000000000000E+000  0.806132332432850E-005 -0.000000000000000E+000 -0.000000000000000E+000  0.636141301883400E-004  0.000000000000000E+000  0.000000000000000E+000  0.806132332432850E-005 -0.000000000000000E+000 -0.000000000000000E+000  0.636141301883400E-004   0.110942166469831E-011 -0.915816309185494E-013 -0.219583785212166E-003
     59.76000000 -0.000000000000000E+000 -0.000000000000000E+000  0.433359279775789E-005 -0.000000000000000E+000 -0.000000000000000E+000  0.465966315821327E-004  0.000000000000000E+000  0.000000000000000E+000  0.433359279775789E-005 -0.000000000000000E+000 -0.000000000000000E+000  0.465966315821327E-004   0.110871199740561E-011 -0.101455660630582E-012 -0.228677493997448E-003
     59.84000000 -0.000000000000000E+000 -0.000000000000000E+000  0.183622978505371E-005 -0.000000000000000E+000 -0.000000000000000E+000  0.312170376588023E-004  0.000000000000000E+000  0.000000000000000E+000  0.183622978505371E-005 -0.000000000000000E+000 -0.000000000000000E+000  0.312170376588023E-004   0.110795002438532E-011 -0.109647957247819E-012 -0.237617574074782E-003
     59.92000000 -0.000000000000000E+000 -0.000000000000000E+000  0.436480642644180E-006 -0.000000000000000E+000 -0.000000000000000E+000  0.174968642801191E-004  0.000000000000000E+000  0.000000000000000E+000  0.436480642644180E-006 -0.000000000000000E+000 -0.000000000000000E+000  0.174968642801191E-004   0.110700108044942E-011 -0.116560714099214E-012 -0.246406205615860E-003
     60.00000000  0.000000000000000E+000  0.000000000000000E+000  0.000000000000000E+000 -0.000000000000000E+000 -0.000000000000000E+000  0.545600803305225E-005  0.000000000000000E+000  0.000000000000000E+000  0.000000000000000E+000 -0.000000000000000E+000 -0.000000000000000E+000  0.545600803305225E-005   0.110575577286134E-011 -0.122700236031230E-012 -0.255045605596607E-003
     60.08000000  0.000000000000000E+000  0.000000000000000E+000  0.000000000000000E+000 -0.000000000000000E+000 -0.000000000000000E+000 -0.000000000000000E+000  0.000000000000000E+000  0.000000000000000E+000  0.000000000000000E+000 -0.000000000000000E+000 -0.000000000000000E+000 -0.000000000000000E+000   0.110415652496432E-011 -0.128543817451084E-012 -0.263545989276198E-003
     60.16000000  0.000000000000000E+000  0.000000000000000E+000  0.000000000000000E+000 -0.000000000000000E+000 -0.000000000000000E+000 -0.000000000000000E+000  0.000000000000000E+000  0.000000000000000E+000  0.000000000000000E+000 -0.000000000000000E+000 -0.000000000000000E+000 -0.000000000000000E+000   0.110219834892643E-011 -0.134398180157263E-012 -0.271919447060021E-003
     60.24000000  0.000000000000000E+000  0.000000000000000E+000  0.000000000000000E+000 -0.000000000000000E+000 -0.000000000000000E+000 -0.000000000000000E+000  0.000000000000000E+000  0.000000000000000E+000  0.000000000000000E+000 -0.000000000000000E+000 -0.000000000000000E+000 -0.000000000000000E+000   0.109990814902380E-011 -0.140337537788474E-012 -0.280164645312111E-003
     60.32000000  0.000000000000000E+000  0.000000000000000E+000  0.000000000000000E+000 -0.000000000000000E+000 -0.000000000000000E+000 -0.000000000000000E+000  0.000000000000000E+000  0.000000000000000E+000  0.000000000000000E+000 -0.000000000000000E+000 -0.000000000000000E+000 -0.000000000000000E+000   0.109731257002676E-011 -0.146204917696986E-012 -0.288280207980652E-003
     60.40000000  0.000000000000000E+000  0.000000000000000E+000  0.000000000000000E+000 -0.000000000000000E+000 -0.000000000000000E+000 -0.000000000000000E+000  0.000000000000000E+000  0.000000000000000E+000  0.000000000000000E+000 -0.000000000000000E+000 -0.000000000000000E+000 -0.000000000000000E+000   0.109439405488736E-011 -0.151657589772578E-012 -0.296264740177160E-003
     60.48000000  0.000000000000000E+000  0.000000000000000E+000  0.000000000000000E+000 -0.000000000000000E+000 -0.000000000000000E+000 -0.000000000000000E+000  0.000000000000000E+000  0.000000000000000E+000  0.000000000000000E+000 -0.000000000000000E+000 -0.000000000000000E+000 -0.000000000000000E+000   0.109108962978037E-011 -0.156286081222400E-012 -0.304116850797909E-003
     60.56000000  0.000000000000000E+000  0.000000000000000E+000  0.000000000000000E+000 -0.000000000000000E+000 -0.000000000000000E+000 -0.000000000000000E+000  0.000000000000000E+000  0.000000000000000E+000  0.000000000000000E+000 -0.000000000000000E+000 -0.000000000000000E+000 -0.000000000000000E+000   0.108727886971020E-011 -0.159753350734990E-012 -0.311835171741360E-003
     60.64000000  0.000000000000000E+000  0.000000000000000E+000  0.000000000000000E+000 -0.000000000000000E+000 -0.000000000000000E+000 -0.000000000000000E+000  0.000000000000000E+000  0.000000000000000E+000  0.000000000000000E+000 -0.000000000000000E+000 -0.000000000000000E+000 -0.000000000000000E+000   0.108281877041808E-011 -0.161932082356627E-012 -0.319418372564146E-003
     60.72000000  0.000000000000000E+000  0.000000000000000E+000  0.000000000000000E+000 -0.000000000000000E+000 -0.000000000000000E+000 -0.000000000000000E+000  0.000000000000000E+000  0.000000000000000E+000  0.000000000000000E+000 -0.000000000000000E+000 -0.000000000000000E+000 -0.000000000000000E+000   0.107754550970865E-011 -0.162994406734719E-012 -0.326865170608985E-003
     60.80000000  0.000000000000000E+000  0.000000000000000E+000  0.000000000000000E+000 -0.000000000000000E+000 -0.000000000000000E+000 -0.000000000000000E+000  0.000000000000000E+000  0.000000000000000E+000  0.000000000000000E+000 -0.000000000000000E+000 -0.000000000000000E+000 -0.000000000000000E+000   0.107130835762976E-011 -0.163420947429684E-012 -0.334174337345991E-003
     60.88000000  0.000000000000000E+000  0.000000000000000E+000  0.000000000000000E+000 -0.000000000000000E+000 -0.000000000000000E+000 -0.000000000000000E+000  0.000000000000000E+000  0.000000000000000E+000  0.000000000000000E+000 -0.000000000000000E+000 -0.000000000000000E+000 -0.000000000000000E+000   0.106395989656726E-011 -0.163927687964794E-012 -0.341344701849818E-003
     60.96000000  0.000000000000000E+000  0.000000000000000E+000  0.000000000000000E+000 -0.000000000000000E+000 -0.000000000000000E+000 -0.000000000000000E+000  0.000000000000000E+000  0.000000000000000E+000  0.000000000000000E+000 -0.000000000000000E+000 -0.000000000000000E+000 -0.000000000000000E+000   0.105535910344107E-011 -0.165311822872580E-012 -0.348375152202870E-003
     61.04000000  0.000000000000000E+000  0.000000000000000E+000  0.000000000000000E+000 -0.000000000000000E+000 -0.000000000000000E+000 -0.000000000000000E+000  0.000000000000000E+000  0.000000000000000E+000  0.000000000000000E+000 -0.000000000000000E+000 -0.000000000000000E+000 -0.000000000000000E+000   0.104537166618180E-011 -0.168280715516124E-012 -0.355264635431701E-003
     61.12000000  0.000000000000000E+000  0.000000000000000E+000  0.000000000000000E+000 -0.000000000000000E+000 -0.000000000000000E+000 -0.000000000000000E+000  0.000000000000000E+000  0.000000000000000E+000  0.000000000000000E+000 -0.000000000000000E+000 -0.000000000000000E+000 -0.000000000000000E+000   0.103389551669186E-011 -0.173304413214235E-012 -0.362012156488190E-003
     61.20000000  0.000000000000000E+000  0.000000000000000E+000  0.000000000000000E+000 -0.000000000000000E+000 -0.000000000000000E+000 -0.000000000000000E+000  0.000000000000000E+000  0.000000000000000E+000  0.000000000000000E+000 -0.000000000000000E+000 -0.000000000000000E+000 -0.000000000000000E+000   0.102087320731447E-011 -0.180531307355227E-012 -0.368616776755461E-003
     61.28000000  0.000000000000000E+000  0.000000000000000E+000  0.000000000000000E+000 -0.000000000000000E+000 -0.000000000000000E+000 -0.000000000000000E+000  0.000000000000000E+000  0.000000000000000E+000  0.000000000000000E+000 -0.000000000000000E+000 -0.000000000000000E+000 -0.000000000000000E+000   0.100632492328397E-011 -0.189789394534862E-012 -0.375077612494493E-003
     61.36000000  0.000000000000000E+000  0.000000000000000E+000  0.000000000000000E+000 -0.000000000000000E+000 -0.000000000000000E+000 -0.000000000000000E+000  0.000000000000000E+000  0.000000000000000E+000  0.000000000000000E+000 -0.000000000000000E+000 -0.000000000000000E+000 -0.000000000000000E+000   0.990354363267735E-012 -0.200669897405713E-012 -0.381393833495876E-003
     61.44000000  0.000000000000000E+000  0.000000000000000E+000  0.000000000000000E+000 -0.000000000000000E+000 -0.000000000000000E+000 -0.000000000000000E+000  0.000000000000000E+000  0.000000000000000E+000  0.000000000000000E+000 -0.000000000000000E+000 -0.000000000000000E+000 -0.000000000000000E+000   0.973121996214523E-012 -0.212652653034872E-012 -0.387564661997989E-003
     61.52000000  0.000000000000000E+000  0.000000000000000E+000  0.000000000000000E+000 -0.000000000000000E+000 -0.000000000000000E+000 -0.000000000000000E+000  0.000000000000000E+000  0.000000000000000E+000  0.000000000000000E+000 -0.000000000000000E+000 -0.000000000000000E+000 -0.000000000000000E+000   0.954832133247478E-012 -0.225249764170401E-012 -0.393589371766762E-003
     61.60000000  0.000000000000000E+000  0.000000000000000E+000  0.000000000000000E+000 -0.000000000000000E+000 -0.000000000000000E+000 -0.000000000000000E+000  0.000000000000000E+000  0.000000000000000E+000  0.000000000000000E+000 -0.000000000000000E+000 -0.000000000000000E+000 -0.000000000000000E+000   0.935689276229012E-012 -0.238106566447054E-012 -0.399467287168540E-003
     61.68000000  0.000000000000000E+000  0.000000000000000E+000  0.000000000000000E+000 -0.000000000000000E+000 -0.000000000000000E+000 -0.000000000000000E+000  0.000000000000000E+000  0.000000000000000E+000  0.000000000000000E+000 -0.000000000000000E+000 -0.000000000000000E+000 -0.000000000000000E+000   0.915880354664243E-012 -0.251084005038350E-012 -0.405197782103503E-003
     61.76000000  0.000000000000000E+000  0.000000000000000E+000  0.000000000000000E+000 -0.000000000000000E+000 -0.000000000000000E+000 -0.000000000000000E+000  0.000000000000000E+000  0.000000000000000E+000  0.000000000000000E+000 -0.000000000000000E+000 -0.000000000000000E+000 -0.000000000000000E+000   0.895557546366988E-012 -0.264258770683793E-012 -0.410780278745673E-003
     61.84000000  0.000000000000000E+000  0.000000000000000E+000  0.000000000000000E+000 -0.000000000000000E+000 -0.000000000000000E+000 -0.000000000000000E+000  0.000000000000000E+000  0.000000000000000E+000  0.000000000000000E+000 -0.000000000000000E+000 -0.000000000000000E+000 -0.000000000000000E+000   0.874831281595052E-012 -0.277876188469263E-012 -0.416214246097194E-003
     61.92000000  0.000000000000000E+000  0.000000000000000E+000  0.000000000000000E+000 -0.000000000000000E+000 -0.000000000000000E+000 -0.000000000000000E+000  0.000000000000000E+000  0.000000000000000E+000  0.000000000000000E+000 -0.000000000000000E+000 -0.000000000000000E+000 -0.000000000000000E+000   0.853750451843068E-012 -0.292251649293116E-012 -0.421499198387012E-003
     62.00000000  0.000000000000000E+000  0.000000000000000E+000  0.000000000000000E+000 -0.000000000000000E+000 -0.000000000000000E+000 -0.000000000000000E+000  0.000000000000000E+000  0.000000000000000E+000  0.000000000000000E+000 -0.000000000000000E+000 -0.000000000000000E+000 -0.000000000000000E+000   0.832313795220174E-012 -0.307646150233052E-012 -0.426634693343644E-003
     62.08000000  0.000000000000000E+000  0.000000000000000E+000  0.000000000000000E+000 -0.000000000000000E+000 -0.000000000000000E+000 -0.000000000000000E+000  0.000000000000000E+000  0.000000000000000E+000  0.000000000000000E+000 -0.000000000000000E+000 -0.000000000000000E+000 -0.000000000000000E+000   0.810470478706735E-012 -0.324157817483540E-012 -0.431620330374851E-003
     62.16000000  0.000000000000000E+000  0.000000000000000E+000  0.000000000000000E+000 -0.000000000000000E+000 -0.000000000000000E+000 -0.000000000000000E+000  0.000000000000000E+000  0.000000000000000E+000  0.000000000000000E+000 -0.000000000000000E+000 -0.000000000000000E+000 -0.000000000000000E+000   0.788160764519856E-012 -0.341638521671791E-012 -0.436455748703530E-003
     62.24000000  0.000000000000000E+000  0.000000000000000E+000  0.000000000000000E+000 -0.000000000000000E+000 -0.000000000000000E+000 -0.000000000000000E+000  0.000000000000000E+000  0.000000000000000E+000  0.000000000000000E+000 -0.000000000000000E+000 -0.000000000000000E+000 -0.000000000000000E+000   0.765358072138220E-012 -0.359687882872274E-012 -0.441140625527906E-003
     62.32000000  0.000000000000000E+000  0.000000000000000E+000  0.000000000000000E+000 -0.000000000000000E+000 -0.000000000000000E+000 -0.000000000000000E+000  0.000000000000000E+000  0.000000000000000E+000  0.000000000000000E+000 -0.000000000000000E+000 -0.000000000000000E+000 -0.000000000000000E+000   0.742128901051883E-012 -0.377713914024690E-012 -0.445674674280995E-003
     62.40000000  0.000000000000000E+000  0.000000000000000E+000  0.000000000000000E+000 -0.000000000000000E+000 -0.000000000000000E+000 -0.000000000000000E+000  0.000000000000000E+000  0.000000000000000E+000  0.000000000000000E+000 -0.000000000000000E+000 -0.000000000000000E+000 -0.000000000000000E+000   0.718644217143836E-012 -0.395039195572761E-012 -0.450057643056925E-003
     62.48000000  0.000000000000000E+000  0.000000000000000E+000  0.000000000000000E+000 -0.000000000000000E+000 -0.000000000000000E+000 -0.000000000000000E+000  0.000000000000000E+000  0.000000000000000E+000  0.000000000000000E+000 -0.000000000000000E+000 -0.000000000000000E+000 -0.000000000000000E+000   0.695170998171818E-012 -0.411037428343614E-012 -0.454289313261664E-003
     62.56000000  0.000000000000000E+000  0.000000000000000E+000  0.000000000000000E+000 -0.000000000000000E+000 -0.000000000000000E+000 -0.000000000000000E+000  0.000000000000000E+000  0.000000000000000E+000  0.000000000000000E+000 -0.000000000000000E+000 -0.000000000000000E+000 -0.000000000000000E+000   0.672007101577665E-012 -0.425256559511858E-012 -0.458369498543116E-003
     62.64000000  0.000000000000000E+000  0.000000000000000E+000  0.000000000000000E+000 -0.000000000000000E+000 -0.000000000000000E+000 -0.000000000000000E+000  0.000000000000000E+000  0.000000000000000E+000  0.000000000000000E+000 -0.000000000000000E+000 -0.000000000000000E+000 -0.000000000000000E+000   0.649392853070571E-012 -0.437483085199891E-012 -0.462298044058396E-003
     62.72000000  0.000000000000000E+000  0.000000000000000E+000  0.000000000000000E+000 -0.000000000000000E+000 -0.000000000000000E+000 -0.000000000000000E+000  0.000000000000000E+000  0.000000000000000E+000  0.000000000000000E+000 -0.000000000000000E+000 -0.000000000000000E+000 -0.000000000000000E+000   0.627438163143827E-012 -0.447754607647225E-012 -0.466074826130355E-003
     62.80000000  0.000000000000000E+000  0.000000000000000E+000  0.000000000000000E+000 -0.000000000000000E+000 -0.000000000000000E+000 -0.000000000000000E+000  0.000000000000000E+000  0.000000000000000E+000  0.000000000000000E+000 -0.000000000000000E+000 -0.000000000000000E+000 -0.000000000000000E+000   0.606085459658183E-012 -0.456311984123287E-012 -0.469699752319089E-003
     62.88000000  0.000000000000000E+000  0.000000000000000E+000  0.000000000000000E+000 -0.000000000000000E+000 -0.000000000000000E+000 -0.000000000000000E+000  0.000000000000000E+000  0.000000000000000E+000  0.000000000000000E+000 -0.000000000000000E+000 -0.000000000000000E+000 -0.000000000000000E+000   0.585120375013402E-012 -0.463510842979561E-012 -0.473172761889250E-003
     62.96000000  0.000000000000000E+000  0.000000000000000E+000  0.000000000000000E+000 -0.000000000000000E+000 -0.000000000000000E+000 -0.000000000000000E+000  0.000000000000000E+000  0.000000000000000E+000  0.000000000000000E+000 -0.000000000000000E+000 -0.000000000000000E+000 -0.000000000000000E+000   0.564234745823665E-012 -0.469711135447235E-012 -0.476493826607001E-003
     63.04000000  0.000000000000000E+000  0.000000000000000E+000  0.000000000000000E+000 -0.000000000000000E+000 -0.000000000000000E+000 -0.000000000000000E+000  0.000000000000000E+000  0.000000000000000E+000  0.000000000000000E+000 -0.000000000000000E+000 -0.000000000000000E+000 -0.000000000000000E+000   0.543111156844612E-012 -0.475189986487783E-012 -0.479662951770739E-003
     63.12000000  0.000000000000000E+000  0.000000000000000E+000  0.000000000000000E+000 -0.000000000000000E+000 -0.000000000000000E+000 -0.000000000000000E+000  0.000000000000000E+000  0.000000000000000E+000  0.000000000000000E+000 -0.000000000000000E+000 -0.000000000000000E+000 -0.000000000000000E+000   0.521500359031808E-012 -0.480063815007432E-012 -0.482680177376806E-003
     63.20000000  0.000000000000000E+000  0.000000000000000E+000  0.000000000000000E+000 -0.000000000000000E+000 -0.000000000000000E+000 -0.000000000000000E+000  0.000000000000000E+000  0.000000000000000E+000  0.000000000000000E+000 -0.000000000000000E+000 -0.000000000000000E+000 -0.000000000000000E+000   0.499288284779743E-012 -0.484284149953606E-012 -0.485545579339531E-003
     63.28000000  0.000000000000000E+000  0.000000000000000E+000  0.000000000000000E+000 -0.000000000000000E+000 -0.000000000000000E+000 -0.000000000000000E+000  0.000000000000000E+000  0.000000000000000E+000  0.000000000000000E+000 -0.000000000000000E+000 -0.000000000000000E+000 -0.000000000000000E+000   0.476503503066635E-012 -0.487651979680484E-012 -0.488259270710983E-003
     63.36000000  0.000000000000000E+000  0.000000000000000E+000  0.000000000000000E+000 -0.000000000000000E+000 -0.000000000000000E+000 -0.000000000000000E+000  0.000000000000000E+000  0.000000000000000E+000  0.000000000000000E+000 -0.000000000000000E+000 -0.000000000000000E+000 -0.000000000000000E+000   0.453331834725590E-012 -0.489894975629086E-012 -0.490821402867171E-003
     63.44000000  0.000000000000000E+000  0.000000000000000E+000  0.000000000000000E+000 -0.000000000000000E+000 -0.000000000000000E+000 -0.000000000000000E+000  0.000000000000000E+000  0.000000000000000E+000  0.000000000000000E+000 -0.000000000000000E+000 -0.000000000000000E+000 -0.000000000000000E+000   0.430069795749226E-012 -0.490760295641212E-012 -0.493232166640050E-003
     63.52000000  0.000000000000000E+000  0.000000000000000E+000  0.000000000000000E+000 -0.000000000000000E+000 -0.000000000000000E+000 -0.000000000000000E+000  0.000000000000000E+000  0.000000000000000E+000  0.000000000000000E+000 -0.000000000000000E+000 -0.000000000000000E+000 -0.000000000000000E+000   0.407067724862389E-012 -0.490103805704372E-012 -0.495491793379890E-003
     63.60000000  0.000000000000000E+000  0.000000000000000E+000  0.000000000000000E+000 -0.000000000000000E+000 -0.000000000000000E+000 -0.000000000000000E+000  0.000000000000000E+000  0.000000000000000E+000  0.000000000000000E+000 -0.000000000000000E+000 -0.000000000000000E+000 -0.000000000000000E+000   0.384637010199443E-012 -0.487943709403636E-012 -0.497600555933338E-003
     63.68000000  0.000000000000000E+000  0.000000000000000E+000  0.000000000000000E+000 -0.000000000000000E+000 -0.000000000000000E+000 -0.000000000000000E+000  0.000000000000000E+000  0.000000000000000E+000  0.000000000000000E+000 -0.000000000000000E+000 -0.000000000000000E+000 -0.000000000000000E+000   0.362962696083880E-012 -0.484490481658157E-012 -0.499558769520828E-003
     63.76000000  0.000000000000000E+000  0.000000000000000E+000  0.000000000000000E+000 -0.000000000000000E+000 -0.000000000000000E+000 -0.000000000000000E+000  0.000000000000000E+000  0.000000000000000E+000  0.000000000000000E+000 -0.000000000000000E+000 -0.000000000000000E+000 -0.000000000000000E+000   0.342043541957523E-012 -0.480117008237317E-012 -0.501366792494238E-003
     63.84000000  0.000000000000000E+000  0.000000000000000E+000  0.000000000000000E+000 -0.000000000000000E+000 -0.000000000000000E+000 -0.000000000000000E+000  0.000000000000000E+000  0.000000000000000E+000  0.000000000000000E+000 -0.000000000000000E+000 -0.000000000000000E+000 -0.000000000000000E+000   0.321659598712212E-012 -0.475301097728705E-012 -0.503025026955683E-003
     63.92000000  0.000000000000000E+000  0.000000000000000E+000  0.000000000000000E+000 -0.000000000000000E+000 -0.000000000000000E+000 -0.000000000000000E+000  0.000000000000000E+000  0.000000000000000E+000  0.000000000000000E+000 -0.000000000000000E+000 -0.000000000000000E+000 -0.000000000000000E+000   0.301435162939156E-012 -0.470527951450929E-012 -0.504533919226044E-003
     64.00000000  0.000000000000000E+000  0.000000000000000E+000  0.000000000000000E+000 -0.000000000000000E+000 -0.000000000000000E+000 -0.000000000000000E+000  0.000000000000000E+000  0.000000000000000E+000  0.000000000000000E+000 -0.000000000000000E+000 -0.000000000000000E+000 -0.000000000000000E+000   0.280941563561413E-012 -0.466217658790157E-012 -0.505893960169940E-003
     64.08000000  0.000000000000000E+000  0.000000000000000E+000  0.000000000000000E+000 -0.000000000000000E+000 -0.000000000000000E+000 -0.000000000000000E+000  0.000000000000000E+000  0.000000000000000E+000  0.000000000000000E+000 -0.000000000000000E+000 -0.000000000000000E+000 -0.000000000000000E+000   0.259829651590341E-012 -0.462658170486944E-012 -0.507105685408655E-003
     64.16000000  0.000000000000000E+000  0.000000000000000E+000  0.000000000000000E+000 -0.000000000000000E+000 -0.000000000000000E+000 -0.000000000000000E+000  0.000000000000000E+000  0.000000000000000E+000  0.000000000000000E+000 -0.000000000000000E+000 -0.000000000000000E+000 -0.000000000000000E+000   0.237950677248577E-012 -0.459966058870282E-012 -0.508169675473903E-003
     64.24000000  0.000000000000000E+000  0.000000000000000E+000  0.000000000000000E+000 -0.000000000000000E+000 -0.000000000000000E+000 -0.000000000000000E+000  0.000000000000000E+000  0.000000000000000E+000  0.000000000000000E+000 -0.000000000000000E+000 -0.000000000000000E+000 -0.000000000000000E+000   0.215396636345320E-012 -0.458099492598483E-012 -0.509086555961558E-003
     64.32000000  0.000000000000000E+000  0.000000000000000E+000  0.000000000000000E+000 -0.000000000000000E+000 -0.000000000000000E+000 -0.000000000000000E+000  0.000000000000000E+000  0.000000000000000E+000  0.000000000000000E+000 -0.000000000000000E+000 -0.000000000000000E+000 -0.000000000000000E+000   0.192469985272106E-012 -0.456898806423719E-012 -0.509856997729338E-003
     64.40000000  0.000000000000000E+000  0.000000000000000E+000  0.000000000000000E+000 -0.000000000000000E+000 -0.000000000000000E+000 -0.000000000000000E+000  0.000000000000000E+000  0.000000000000000E+000  0.000000000000000E+000 -0.000000000000000E+000 -0.000000000000000E+000 -0.000000000000000E+000   0.169593085463339E-012 -0.456169953372033E-012 -0.510481717149061E-003
     64.48000000  0.000000000000000E+000  0.000000000000000E+000  0.000000000000000E+000 -0.000000000000000E+000 -0.000000000000000E+000 -0.000000000000000E+000  0.000000000000000E+000  0.000000000000000E+000  0.000000000000000E+000 -0.000000000000000E+000 -0.000000000000000E+000 -0.000000000000000E+000   0.147157443766596E-012 -0.455761859501765E-012 -0.510961476384668E-003
     64.56000000  0.000000000000000E+000  0.000000000000000E+000  0.000000000000000E+000 -0.000000000000000E+000 -0.000000000000000E+000 -0.000000000000000E+000  0.000000000000000E+000  0.000000000000000E+000  0.000000000000000E+000 -0.000000000000000E+000 -0.000000000000000E+000 -0.000000000000000E+000   0.125416989616665E-012 -0.455624079585357E-012 -0.511297083636211E-003
     64.64000000  0.000000000000000E+000  0.000000000000000E+000  0.000000000000000E+000 -0.000000000000000E+000 -0.000000000000000E+000 -0.000000000000000E+000  0.000000000000000E+000  0.000000000000000E+000  0.000000000000000E+000 -0.000000000000000E+000 -0.000000000000000E+000 -0.000000000000000E+000   0.104393949597283E-012 -0.455853212193356E-012 -0.511489393278199E-003
     64.72000000  0.000000000000000E+000  0.000000000000000E+000  0.000000000000000E+000 -0.000000000000000E+000 -0.000000000000000E+000 -0.000000000000000E+000  0.000000000000000E+000  0.000000000000000E+000  0.000000000000000E+000 -0.000000000000000E+000 -0.000000000000000E+000 -0.000000000000000E+000   0.838650564271523E-013 -0.456663964303867E-012 -0.511539305830301E-003
     64.80000000  0.000000000000000E+000  0.000000000000000E+000  0.000000000000000E+000 -0.000000000000000E+000 -0.000000000000000E+000 -0.000000000000000E+000  0.000000000000000E+000  0.000000000000000E+000  0.000000000000000E+000 -0.000000000000000E+000 -0.000000000000000E+000 -0.000000000000000E+000   0.633980329904731E-013 -0.458347265601737E-012 -0.511447767723460E-003
     64.88000000  0.000000000000000E+000  0.000000000000000E+000  0.000000000000000E+000 -0.000000000000000E+000 -0.000000000000000E+000 -0.000000000000000E+000  0.000000000000000E+000  0.000000000000000E+000  0.000000000000000E+000 -0.000000000000000E+000 -0.000000000000000E+000 -0.000000000000000E+000   0.424404745157731E-013 -0.461201429358013E-012 -0.511215770854823E-003
     64.96000000  0.000000000000000E+000  0.000000000000000E+000  0.000000000000000E+000 -0.000000000000000E+000 -0.000000000000000E+000 -0.000000000000000E+000  0.000000000000000E+000  0.000000000000000E+000  0.000000000000000E+000 -0.000000000000000E+000 -0.000000000000000E+000 -0.000000000000000E+000   0.204442728846342E-013 -0.465448242114916E-012 -0.510844351951190E-003
     65.04000000  0.000000000000000E+000  0.000000000000000E+000  0.000000000000000E+000 -0.000000000000000E+000 -0.000000000000000E+000 -0.000000000000000E+000  0.000000000000000E+000  0.000000000000000E+000  0.000000000000000E+000 -0.000000000000000E+000 -0.000000000000000E+000 -0.000000000000000E+000  -0.300695560623696E-014 -0.471193162486052E-012 -0.510334591777933E-003
     65.12000000  0.000000000000000E+000  0.000000000000000E+000  0.000000000000000E+000 -0.000000000000000E+000 -0.000000000000000E+000 -0.000000000000000E+000  0.000000000000000E+000  0.000000000000000E+000  0.000000000000000E+000 -0.000000000000000E+000 -0.000000000000000E+000 -0.000000000000000E+000  -0.280847585318658E-013 -0.478393010488579E-012 -0.509687614238772E-003
     65.20000000  0.000000000000000E+000  0.000000000000000E+000  0.000000000000000E+000 -0.000000000000000E+000 -0.000000000000000E+000 -0.000000000000000E+000  0.000000000000000E+000  0.000000000000000E+000  0.000000000000000E+000 -0.000000000000000E+000 -0.000000000000000E+000 -0.000000000000000E+000  -0.546554250280079E-013 -0.486855605295450E-012 -0.508904585414436E-003
     65.28000000  0.000000000000000E+000  0.000000000000000E+000  0.000000000000000E+000 -0.000000000000000E+000 -0.000000000000000E+000 -0.000000000000000E+000  0.000000000000000E+000  0.000000000000000E+000  0.000000000000000E+000 -0.000000000000000E+000 -0.000000000000000E+000 -0.000000000000000E+000  -0.822935168601367E-013 -0.496280592129356E-012 -0.507986712587710E-003
     65.36000000  0.000000000000000E+000  0.000000000000000E+000  0.000000000000000E+000 -0.000000000000000E+000 -0.000000000000000E+000 -0.000000000000000E+000  0.000000000000000E+000  0.000000000000000E+000  0.000000000000000E+000 -0.000000000000000E+000 -0.000000000000000E+000 -0.000000000000000E+000  -0.110384991328012E-012 -0.506291622111026E-012 -0.506935243298731E-003
     65.44000000  0.000000000000000E+000  0.000000000000000E+000  0.000000000000000E+000 -0.000000000000000E+000 -0.000000000000000E+000 -0.000000000000000E+000  0.000000000000000E+000  0.000000000000000E+000  0.000000000000000E+000 -0.000000000000000E+000 -0.000000000000000E+000 -0.000000000000000E+000  -0.138275609531908E-012 -0.516504707818072E-012 -0.505751464465695E-003
     65.52000000  0.000000000000000E+000  0.000000000000000E+000  0.000000000000000E+000 -0.000000000000000E+000 -0.000000000000000E+000 -0.000000000000000E+000  0.000000000000000E+000  0.000000000000000E+000  0.000000000000000E+000 -0.000000000000000E+000 -0.000000000000000E+000 -0.000000000000000E+000  -0.165439534782834E-012 -0.526579574484870E-012 -0.504436701590003E-003
     65.60000000  0.000000000000000E+000  0.000000000000000E+000  0.000000000000000E+000 -0.000000000000000E+000 -0.000000000000000E+000 -0.000000000000000E+000  0.000000000000000E+000  0.000000000000000E+000  0.000000000000000E+000 -0.000000000000000E+000 -0.000000000000000E+000 -0.000000000000000E+000  -0.191612882232486E-012 -0.536268310139862E-012 -0.502992318042822E-003
     65.68000000  0.000000000000000E+000  0.000000000000000E+000  0.000000000000000E+000 -0.000000000000000E+000 -0.000000000000000E+000 -0.000000000000000E+000  0.000000000000000E+000  0.000000000000000E+000  0.000000000000000E+000 -0.000000000000000E+000 -0.000000000000000E+000 -0.000000000000000E+000  -0.216837490634093E-012 -0.545423546790922E-012 -0.501419714406438E-003
     65.76000000  0.000000000000000E+000  0.000000000000000E+000  0.000000000000000E+000 -0.000000000000000E+000 -0.000000000000000E+000 -0.000000000000000E+000  0.000000000000000E+000  0.000000000000000E+000  0.000000000000000E+000 -0.000000000000000E+000 -0.000000000000000E+000 -0.000000000000000E+000  -0.241400376458713E-012 -0.553986103555788E-012 -0.499720327826594E-003
     65.84000000  0.000000000000000E+000  0.000000000000000E+000  0.000000000000000E+000 -0.000000000000000E+000 -0.000000000000000E+000 -0.000000000000000E+000  0.000000000000000E+000  0.000000000000000E+000  0.000000000000000E+000 -0.000000000000000E+000 -0.000000000000000E+000 -0.000000000000000E+000  -0.265689810778266E-012 -0.561939188359213E-012 -0.497895631326812E-003
     65.92000000  0.000000000000000E+000  0.000000000000000E+000  0.000000000000000E+000 -0.000000000000000E+000 -0.000000000000000E+000 -0.000000000000000E+000  0.000000000000000E+000  0.000000000000000E+000  0.000000000000000E+000 -0.000000000000000E+000 -0.000000000000000E+000 -0.000000000000000E+000  -0.290033532176640E-012 -0.569242343790082E-012 -0.495947133044414E-003
     66.00000000  0.000000000000000E+000  0.000000000000000E+000  0.000000000000000E+000 -0.000000000000000E+000 -0.000000000000000E+000 -0.000000000000000E+000  0.000000000000000E+000  0.000000000000000E+000  0.000000000000000E+000 -0.000000000000000E+000 -0.000000000000000E+000 -0.000000000000000E+000  -0.314536263548741E-012 -0.575781538520211E-012 -0.493876375366055E-003
     66.08000000  0.000000000000000E+000  0.000000000000000E+000  0.000000000000000E+000 -0.000000000000000E+000 -0.000000000000000E+000 -0.000000000000000E+000  0.000000000000000E+000  0.000000000000000E+000  0.000000000000000E+000 -0.000000000000000E+000 -0.000000000000000E+000 -0.000000000000000E+000  -0.338991673072375E-012 -0.581347296505811E-012 -0.491684933960346E-003
     66.16000000  0.000000000000000E+000  0.000000000000000E+000  0.000000000000000E+000 -0.000000000000000E+000 -0.000000000000000E+000 -0.000000000000000E+000  0.000000000000000E+000  0.000000000000000E+000  0.000000000000000E+000 -0.000000000000000E+000 -0.000000000000000E+000 -0.000000000000000E+000  -0.362903740284940E-012 -0.585650401660668E-012 -0.489374416719065E-003
     66.24000000  0.000000000000000E+000  0.000000000000000E+000  0.000000000000000E+000 -0.000000000000000E+000 -0.000000000000000E+000 -0.000000000000000E+000  0.000000000000000E+000  0.000000000000000E+000  0.000000000000000E+000 -0.000000000000000E+000 -0.000000000000000E+000 -0.000000000000000E+000  -0.385550635904491E-012 -0.588355674843880E-012 -0.486946462623431E-003
     66.32000000  0.000000000000000E+000  0.000000000000000E+000  0.000000000000000E+000 -0.000000000000000E+000 -0.000000000000000E+000 -0.000000000000000E+000  0.000000000000000E+000  0.000000000000000E+000  0.000000000000000E+000 -0.000000000000000E+000 -0.000000000000000E+000 -0.000000000000000E+000  -0.406145285873639E-012 -0.589141724650206E-012 -0.484402740550422E-003
     66.40000000  0.000000000000000E+000  0.000000000000000E+000  0.000000000000000E+000 -0.000000000000000E+000 -0.000000000000000E+000 -0.000000000000000E+000  0.000000000000000E+000  0.000000000000000E+000  0.000000000000000E+000 -0.000000000000000E+000 -0.000000000000000E+000 -0.000000000000000E+000  -0.423975725165958E-012 -0.587744629306980E-012 -0.481744948032396E-003
     66.48000000  0.000000000000000E+000  0.000000000000000E+000  0.000000000000000E+000 -0.000000000000000E+000 -0.000000000000000E+000 -0.000000000000000E+000  0.000000000000000E+000  0.000000000000000E+000  0.000000000000000E+000 -0.000000000000000E+000 -0.000000000000000E+000 -0.000000000000000E+000  -0.438579003845819E-012 -0.583990260110186E-012 -0.478974809986061E-003
     66.56000000  0.000000000000000E+000  0.000000000000000E+000  0.000000000000000E+000 -0.000000000000000E+000 -0.000000000000000E+000 -0.000000000000000E+000  0.000000000000000E+000  0.000000000000000E+000  0.000000000000000E+000 -0.000000000000000E+000 -0.000000000000000E+000 -0.000000000000000E+000  -0.449816692981345E-012 -0.577811430673105E-012 -0.476094077434034E-003
     66.64000000  0.000000000000000E+000  0.000000000000000E+000  0.000000000000000E+000 -0.000000000000000E+000 -0.000000000000000E+000 -0.000000000000000E+000  0.000000000000000E+000  0.000000000000000E+000  0.000000000000000E+000 -0.000000000000000E+000 -0.000000000000000E+000 -0.000000000000000E+000  -0.457934617847058E-012 -0.569255531767591E-012 -0.473104526247271E-003
     66.72000000  0.000000000000000E+000  0.000000000000000E+000  0.000000000000000E+000 -0.000000000000000E+000 -0.000000000000000E+000 -0.000000000000000E+000  0.000000000000000E+000  0.000000000000000E+000  0.000000000000000E+000 -0.000000000000000E+000 -0.000000000000000E+000 -0.000000000000000E+000  -0.463489429233736E-012 -0.558471688814434E-012 -0.470007955931598E-003
     66.80000000  0.000000000000000E+000  0.000000000000000E+000  0.000000000000000E+000 -0.000000000000000E+000 -0.000000000000000E+000 -0.000000000000000E+000  0.000000000000000E+000  0.000000000000000E+000  0.000000000000000E+000 -0.000000000000000E+000 -0.000000000000000E+000 -0.000000000000000E+000  -0.467227057702732E-012 -0.545707748547969E-012 -0.466806188462231E-003
     66.88000000  0.000000000000000E+000  0.000000000000000E+000  0.000000000000000E+000 -0.000000000000000E+000 -0.000000000000000E+000 -0.000000000000000E+000  0.000000000000000E+000  0.000000000000000E+000  0.000000000000000E+000 -0.000000000000000E+000 -0.000000000000000E+000 -0.000000000000000E+000  -0.469901444174611E-012 -0.531272236790003E-012 -0.463501067142327E-003
     66.96000000  0.000000000000000E+000  0.000000000000000E+000  0.000000000000000E+000 -0.000000000000000E+000 -0.000000000000000E+000 -0.000000000000000E+000  0.000000000000000E+000  0.000000000000000E+000  0.000000000000000E+000 -0.000000000000000E+000 -0.000000000000000E+000 -0.000000000000000E+000  -0.472090680322400E-012 -0.515500362562876E-012 -0.460094455438436E-003
     67.04000000  0.000000000000000E+000  0.000000000000000E+000  0.000000000000000E+000 -0.000000000000000E+000 -0.000000000000000E+000 -0.000000000000000E+000  0.000000000000000E+000  0.000000000000000E+000  0.000000000000000E+000 -0.000000000000000E+000 -0.000000000000000E+000 -0.000000000000000E+000  -0.474072908958833E-012 -0.498707452515927E-012 -0.456588235741844E-003
     67.12000000  0.000000000000000E+000  0.000000000000000E+000  0.000000000000000E+000 -0.000000000000000E+000 -0.000000000000000E+000 -0.000000000000000E+000  0.000000000000000E+000  0.000000000000000E+000  0.000000000000000E+000 -0.000000000000000E+000 -0.000000000000000E+000 -0.000000000000000E+000  -0.475791764809751E-012 -0.481151523770833E-012 -0.452984308026212E-003
     67.20000000  0.000000000000000E+000  0.000000000000000E+000  0.000000000000000E+000 -0.000000000000000E+000 -0.000000000000000E+000 -0.000000000000000E+000  0.000000000000000E+000  0.000000000000000E+000  0.000000000000000E+000 -0.000000000000000E+000 -0.000000000000000E+000 -0.000000000000000E+000  -0.476955211620190E-012 -0.463034303749272E-012 -0.449284588411400E-003
     67.28000000  0.000000000000000E+000  0.000000000000000E+000  0.000000000000000E+000 -0.000000000000000E+000 -0.000000000000000E+000 -0.000000000000000E+000  0.000000000000000E+000  0.000000000000000E+000  0.000000000000000E+000 -0.000000000000000E+000 -0.000000000000000E+000 -0.000000000000000E+000  -0.477193011602623E-012 -0.444522454528461E-012 -0.445491007683408E-003
     67.36000000  0.000000000000000E+000  0.000000000000000E+000  0.000000000000000E+000 -0.000000000000000E+000 -0.000000000000000E+000 -0.000000000000000E+000  0.000000000000000E+000  0.000000000000000E+000  0.000000000000000E+000 -0.000000000000000E+000 -0.000000000000000E+000 -0.000000000000000E+000  -0.476256972370528E-012 -0.425786499840192E-012 -0.441605509842965E-003
     67.44000000  0.000000000000000E+000  0.000000000000000E+000  0.000000000000000E+000 -0.000000000000000E+000 -0.000000000000000E+000 -0.000000000000000E+000  0.000000000000000E+000  0.000000000000000E+000  0.000000000000000E+000 -0.000000000000000E+000 -0.000000000000000E+000 -0.000000000000000E+000  -0.474172716168614E-012 -0.407040169374778E-012 -0.437630050752126E-003
     67.52000000  0.000000000000000E+000  0.000000000000000E+000  0.000000000000000E+000 -0.000000000000000E+000 -0.000000000000000E+000 -0.000000000000000E+000  0.000000000000000E+000  0.000000000000000E+000  0.000000000000000E+000 -0.000000000000000E+000 -0.000000000000000E+000 -0.000000000000000E+000  -0.471308093469107E-012 -0.388558811834232E-012 -0.433566596924103E-003
     67.60000000  0.000000000000000E+000  0.000000000000000E+000  0.000000000000000E+000 -0.000000000000000E+000 -0.000000000000000E+000 -0.000000000000000E+000  0.000000000000000E+000  0.000000000000000E+000  0.000000000000000E+000 -0.000000000000000E+000 -0.000000000000000E+000 -0.000000000000000E+000  -0.468337656904101E-012 -0.370660971087256E-012 -0.429417124470296E-003
     67.68000000  0.000000000000000E+000  0.000000000000000E+000  0.000000000000000E+000 -0.000000000000000E+000 -0.000000000000000E+000 -0.000000000000000E+000  0.000000000000000E+000  0.000000000000000E+000  0.000000000000000E+000 -0.000000000000000E+000 -0.000000000000000E+000 -0.000000000000000E+000  -0.466116017981488E-012 -0.353685015965542E-012 -0.425183618193359E-003
     67.76000000  0.000000000000000E+000  0.000000000000000E+000  0.000000000000000E+000 -0.000000000000000E+000 -0.000000000000000E+000 -0.000000000000000E+000  0.000000000000000E+000  0.000000000000000E+000  0.000000000000000E+000 -0.000000000000000E+000 -0.000000000000000E+000 -0.000000000000000E+000  -0.465507496900801E-012 -0.337954821876879E-012 -0.420868070801531E-003
     67.84000000  0.000000000000000E+000  0.000000000000000E+000  0.000000000000000E+000 -0.000000000000000E+000 -0.000000000000000E+000 -0.000000000000000E+000  0.000000000000000E+000  0.000000000000000E+000  0.000000000000000E+000 -0.000000000000000E+000 -0.000000000000000E+000 -0.000000000000000E+000  -0.467201307493305E-012 -0.323749584307724E-012 -0.416472482215688E-003
     67.92000000  0.000000000000000E+000  0.000000000000000E+000  0.000000000000000E+000 -0.000000000000000E+000 -0.000000000000000E+000 -0.000000000000000E+000  0.000000000000000E+000  0.000000000000000E+000  0.000000000000000E+000 -0.000000000000000E+000 -0.000000000000000E+000 -0.000000000000000E+000  -0.471588801881893E-012 -0.311296887082018E-012 -0.411998858941468E-003
     68.00000000  0.000000000000000E+000  0.000000000000000E+000  0.000000000000000E+000 -0.000000000000000E+000 -0.000000000000000E+000 -0.000000000000000E+000  0.000000000000000E+000  0.000000000000000E+000  0.000000000000000E+000 -0.000000000000000E+000 -0.000000000000000E+000 -0.000000000000000E+000  -0.478677968528404E-012 -0.300746017184243E-012 -0.407449213482643E-003
     68.08000000  0.000000000000000E+000  0.000000000000000E+000  0.000000000000000E+000 -0.000000000000000E+000 -0.000000000000000E+000 -0.000000000000000E+000  0.000000000000000E+000  0.000000000000000E+000  0.000000000000000E+000 -0.000000000000000E+000 -0.000000000000000E+000 -0.000000000000000E+000  -0.488114050772373E-012 -0.292178502037518E-012 -0.402825563780607E-003
     68.16000000  0.000000000000000E+000  0.000000000000000E+000  0.000000000000000E+000 -0.000000000000000E+000 -0.000000000000000E+000 -0.000000000000000E+000  0.000000000000000E+000  0.000000000000000E+000  0.000000000000000E+000 -0.000000000000000E+000 -0.000000000000000E+000 -0.000000000000000E+000  -0.499256644585545E-012 -0.285563945833160E-012 -0.398129932680639E-003
     68.24000000  0.000000000000000E+000  0.000000000000000E+000  0.000000000000000E+000 -0.000000000000000E+000 -0.000000000000000E+000 -0.000000000000000E+000  0.000000000000000E+000  0.000000000000000E+000  0.000000000000000E+000 -0.000000000000000E+000 -0.000000000000000E+000 -0.000000000000000E+000  -0.511337326509397E-012 -0.280765431655847E-012 -0.393364347445867E-003
     68.32000000  0.000000000000000E+000  0.000000000000000E+000  0.000000000000000E+000 -0.000000000000000E+000 -0.000000000000000E+000 -0.000000000000000E+000  0.000000000000000E+000  0.000000000000000E+000  0.000000000000000E+000 -0.000000000000000E+000 -0.000000000000000E+000 -0.000000000000000E+000  -0.523642875728413E-012 -0.277545201310105E-012 -0.388530839357426E-003
     68.40000000  0.000000000000000E+000  0.000000000000000E+000  0.000000000000000E+000 -0.000000000000000E+000 -0.000000000000000E+000 -0.000000000000000E+000  0.000000000000000E+000  0.000000000000000E+000  0.000000000000000E+000 -0.000000000000000E+000 -0.000000000000000E+000 -0.000000000000000E+000  -0.535672999824223E-012 -0.275606374077201E-012 -0.383631443445604E-003
     68.48000000  0.000000000000000E+000  0.000000000000000E+000  0.000000000000000E+000 -0.000000000000000E+000 -0.000000000000000E+000 -0.000000000000000E+000  0.000000000000000E+000  0.000000000000000E+000  0.000000000000000E+000 -0.000000000000000E+000 -0.000000000000000E+000 -0.000000000000000E+000  -0.547241980360593E-012 -0.274629338638688E-012 -0.378668198388721E-003
     68.56000000  0.000000000000000E+000  0.000000000000000E+000  0.000000000000000E+000 -0.000000000000000E+000 -0.000000000000000E+000 -0.000000000000000E+000  0.000000000000000E+000  0.000000000000000E+000  0.000000000000000E+000 -0.000000000000000E+000 -0.000000000000000E+000 -0.000000000000000E+000  -0.558457242949863E-012 -0.274334183545670E-012 -0.373643146598419E-003
     68.64000000  0.000000000000000E+000  0.000000000000000E+000  0.000000000000000E+000 -0.000000000000000E+000 -0.000000000000000E+000 -0.000000000000000E+000  0.000000000000000E+000  0.000000000000000E+000  0.000000000000000E+000 -0.000000000000000E+000 -0.000000000000000E+000 -0.000000000000000E+000  -0.569613441806234E-012 -0.274494111522725E-012 -0.368558334491205E-003
     68.72000000  0.000000000000000E+000  0.000000000000000E+000  0.000000000000000E+000 -0.000000000000000E+000 -0.000000000000000E+000 -0.000000000000000E+000  0.000000000000000E+000  0.000000000000000E+000  0.000000000000000E+000 -0.000000000000000E+000 -0.000000000000000E+000 -0.000000000000000E+000  -0.581012156799001E-012 -0.274931857585178E-012 -0.363415812933649E-003
     68.80000000  0.000000000000000E+000  0.000000000000000E+000  0.000000000000000E+000 -0.000000000000000E+000 -0.000000000000000E+000 -0.000000000000000E+000  0.000000000000000E+000  0.000000000000000E+000  0.000000000000000E+000 -0.000000000000000E+000 -0.000000000000000E+000 -0.000000000000000E+000  -0.592772110764010E-012 -0.275492148358875E-012 -0.358217637844346E-003
     68.88000000  0.000000000000000E+000  0.000000000000000E+000  0.000000000000000E+000 -0.000000000000000E+000 -0.000000000000000E+000 -0.000000000000000E+000  0.000000000000000E+000  0.000000000000000E+000  0.000000000000000E+000 -0.000000000000000E+000 -0.000000000000000E+000 -0.000000000000000E+000  -0.604702566437955E-012 -0.276003520344655E-012 -0.352965870934640E-003
     68.96000000  0.000000000000000E+000  0.000000000000000E+000  0.000000000000000E+000 -0.000000000000000E+000 -0.000000000000000E+000 -0.000000000000000E+000  0.000000000000000E+000  0.000000000000000E+000  0.000000000000000E+000 -0.000000000000000E+000 -0.000000000000000E+000 -0.000000000000000E+000  -0.616287237726356E-012 -0.276257171450690E-012 -0.347662580566784E-003
     69.04000000  0.000000000000000E+000  0.000000000000000E+000  0.000000000000000E+000 -0.000000000000000E+000 -0.000000000000000E+000 -0.000000000000000E+000  0.000000000000000E+000  0.000000000000000E+000  0.000000000000000E+000 -0.000000000000000E+000 -0.000000000000000E+000 -0.000000000000000E+000  -0.626753110942289E-012 -0.276000632526994E-012 -0.342309842700247E-003
     69.12000000  0.000000000000000E+000  0.000000000000000E+000  0.000000000000000E+000 -0.000000000000000E+000 -0.000000000000000E+000 -0.000000000000000E+000  0.000000000000000E+000  0.000000000000000E+000  0.000000000000000E+000 -0.000000000000000E+000 -0.000000000000000E+000 -0.000000000000000E+000  -0.635233516844259E-012 -0.274957385087683E-012 -0.336909741887469E-003
     69.20000000  0.000000000000000E+000  0.000000000000000E+000  0.000000000000000E+000 -0.000000000000000E+000 -0.000000000000000E+000 -0.000000000000000E+000  0.000000000000000E+000  0.000000000000000E+000  0.000000000000000E+000 -0.000000000000000E+000 -0.000000000000000E+000 -0.000000000000000E+000  -0.640946545389669E-012 -0.272840611604640E-012 -0.331464372274660E-003
     69.28000000  0.000000000000000E+000  0.000000000000000E+000  0.000000000000000E+000 -0.000000000000000E+000 -0.000000000000000E+000 -0.000000000000000E+000  0.000000000000000E+000  0.000000000000000E+000  0.000000000000000E+000 -0.000000000000000E+000 -0.000000000000000E+000 -0.000000000000000E+000  -0.643337107026318E-012 -0.269359913545420E-012 -0.325975838564983E-003
     69.36000000  0.000000000000000E+000  0.000000000000000E+000  0.000000000000000E+000 -0.000000000000000E+000 -0.000000000000000E+000 -0.000000000000000E+000  0.000000000000000E+000  0.000000000000000E+000  0.000000000000000E+000 -0.000000000000000E+000 -0.000000000000000E+000 -0.000000000000000E+000  -0.642184322729362E-012 -0.264259392343233E-012 -0.320446256909922E-003
     69.44000000  0.000000000000000E+000  0.000000000000000E+000  0.000000000000000E+000 -0.000000000000000E+000 -0.000000000000000E+000 -0.000000000000000E+000  0.000000000000000E+000  0.000000000000000E+000  0.000000000000000E+000 -0.000000000000000E+000 -0.000000000000000E+000 -0.000000000000000E+000  -0.637613860063663E-012 -0.257326549140756E-012 -0.314877755705688E-003
     69.52000000  0.000000000000000E+000  0.000000000000000E+000  0.000000000000000E+000 -0.000000000000000E+000 -0.000000000000000E+000 -0.000000000000000E+000  0.000000000000000E+000  0.000000000000000E+000  0.000000000000000E+000 -0.000000000000000E+000 -0.000000000000000E+000 -0.000000000000000E+000  -0.630048742592417E-012 -0.248441130858695E-012 -0.309272476281024E-003
     69.60000000  0.000000000000000E+000  0.000000000000000E+000  0.000000000000000E+000 -0.000000000000000E+000 -0.000000000000000E+000 -0.000000000000000E+000  0.000000000000000E+000  0.000000000000000E+000  0.000000000000000E+000 -0.000000000000000E+000 -0.000000000000000E+000 -0.000000000000000E+000  -0.620099742370681E-012 -0.237605245793428E-012 -0.303632573468828E-003
     69.68000000  0.000000000000000E+000  0.000000000000000E+000  0.000000000000000E+000 -0.000000000000000E+000 -0.000000000000000E+000 -0.000000000000000E+000  0.000000000000000E+000  0.000000000000000E+000  0.000000000000000E+000 -0.000000000000000E+000 -0.000000000000000E+000 -0.000000000000000E+000  -0.608425612983791E-012 -0.224973083242421E-012 -0.297960216057683E-003
     69.76000000  0.000000000000000E+000  0.000000000000000E+000  0.000000000000000E+000 -0.000000000000000E+000 -0.000000000000000E+000 -0.000000000000000E+000  0.000000000000000E+000  0.000000000000000E+000  0.000000000000000E+000 -0.000000000000000E+000 -0.000000000000000E+000 -0.000000000000000E+000  -0.595574945296201E-012 -0.210833736366233E-012 -0.292257587123445E-003
     69.84000000  0.000000000000000E+000  0.000000000000000E+000  0.000000000000000E+000 -0.000000000000000E+000 -0.000000000000000E+000 -0.000000000000000E+000  0.000000000000000E+000  0.000000000000000E+000  0.000000000000000E+000 -0.000000000000000E+000 -0.000000000000000E+000 -0.000000000000000E+000  -0.581883246987794E-012 -0.195560027657746E-012 -0.286526884246660E-003
     69.92000000  0.000000000000000E+000  0.000000000000000E+000  0.000000000000000E+000 -0.000000000000000E+000 -0.000000000000000E+000 -0.000000000000000E+000  0.000000000000000E+000  0.000000000000000E+000  0.000000000000000E+000 -0.000000000000000E+000 -0.000000000000000E+000 -0.000000000000000E+000  -0.567412668630501E-012 -0.179523036792495E-012 -0.280770319628839E-003
     70.00000000  0.000000000000000E+000  0.000000000000000E+000  0.000000000000000E+000 -0.000000000000000E+000 -0.000000000000000E+000 -0.000000000000000E+000  0.000000000000000E+000  0.000000000000000E+000  0.000000000000000E+000 -0.000000000000000E+000 -0.000000000000000E+000 -0.000000000000000E+000  -0.552010977572963E-012 -0.163023204662805E-012 -0.274990120126798E-003
     70.08000000  0.000000000000000E+000  0.000000000000000E+000  0.000000000000000E+000 -0.000000000000000E+000 -0.000000000000000E+000 -0.000000000000000E+000  0.000000000000000E+000  0.000000000000000E+000  0.000000000000000E+000 -0.000000000000000E+000 -0.000000000000000E+000 -0.000000000000000E+000  -0.535428884364136E-012 -0.146252279575604E-012 -0.269188527227527E-003
     70.16000000  0.000000000000000E+000  0.000000000000000E+000  0.000000000000000E+000 -0.000000000000000E+000 -0.000000000000000E+000 -0.000000000000000E+000  0.000000000000000E+000  0.000000000000000E+000  0.000000000000000E+000 -0.000000000000000E+000 -0.000000000000000E+000 -0.000000000000000E+000  -0.517488040883805E-012 -0.129292490799235E-012 -0.263367796985027E-003
     70.24000000  0.000000000000000E+000  0.000000000000000E+000  0.000000000000000E+000 -0.000000000000000E+000 -0.000000000000000E+000 -0.000000000000000E+000  0.000000000000000E+000  0.000000000000000E+000  0.000000000000000E+000 -0.000000000000000E+000 -0.000000000000000E+000 -0.000000000000000E+000  -0.498228737728570E-012 -0.112175103009956E-012 -0.257530199936425E-003
     70.32000000  0.000000000000000E+000  0.000000000000000E+000  0.000000000000000E+000 -0.000000000000000E+000 -0.000000000000000E+000 -0.000000000000000E+000  0.000000000000000E+000  0.000000000000000E+000  0.000000000000000E+000 -0.000000000000000E+000 -0.000000000000000E+000 -0.000000000000000E+000  -0.477978950510376E-012 -0.949334290724362E-013 -0.251678021010053E-003
     70.40000000  0.000000000000000E+000  0.000000000000000E+000  0.000000000000000E+000 -0.000000000000000E+000 -0.000000000000000E+000 -0.000000000000000E+000  0.000000000000000E+000  0.000000000000000E+000  0.000000000000000E+000 -0.000000000000000E+000 -0.000000000000000E+000 -0.000000000000000E+000  -0.457336780047847E-012 -0.776656679632341E-013 -0.245813559435410E-003
     70.48000000  0.000000000000000E+000  0.000000000000000E+000  0.000000000000000E+000 -0.000000000000000E+000 -0.000000000000000E+000 -0.000000000000000E+000  0.000000000000000E+000  0.000000000000000E+000  0.000000000000000E+000 -0.000000000000000E+000 -0.000000000000000E+000 -0.000000000000000E+000  -0.437059659641133E-012 -0.605583520858735E-013 -0.239939128665189E-003
     70.56000000  0.000000000000000E+000  0.000000000000000E+000  0.000000000000000E+000 -0.000000000000000E+000 -0.000000000000000E+000 -0.000000000000000E+000  0.000000000000000E+000  0.000000000000000E+000  0.000000000000000E+000 -0.000000000000000E+000 -0.000000000000000E+000 -0.000000000000000E+000  -0.417913119284210E-012 -0.438812678966028E-013 -0.234057056321256E-003
     70.64000000  0.000000000000000E+000  0.000000000000000E+000  0.000000000000000E+000 -0.000000000000000E+000 -0.000000000000000E+000 -0.000000000000000E+000  0.000000000000000E+000  0.000000000000000E+000  0.000000000000000E+000 -0.000000000000000E+000 -0.000000000000000E+000 -0.000000000000000E+000  -0.400519264270228E-012 -0.279715273557064E-013 -0.228169684177029E-003
     70.72000000  0.000000000000000E+000  0.000000000000000E+000  0.000000000000000E+000 -0.000000000000000E+000 -0.000000000000000E+000 -0.000000000000000E+000  0.000000000000000E+000  0.000000000000000E+000  0.000000000000000E+000 -0.000000000000000E+000 -0.000000000000000E+000 -0.000000000000000E+000  -0.385254952858973E-012 -0.131862623295216E-013 -0.222279368185419E-003
     70.80000000  0.000000000000000E+000  0.000000000000000E+000  0.000000000000000E+000 -0.000000000000000E+000 -0.000000000000000E+000 -0.000000000000000E+000  0.000000000000000E+000  0.000000000000000E+000  0.000000000000000E+000 -0.000000000000000E+000 -0.000000000000000E+000 -0.000000000000000E+000  -0.372213704703290E-012  0.148513047342073E-015 -0.216388478554092E-003
     70.88000000  0.000000000000000E+000  0.000000000000000E+000  0.000000000000000E+000 -0.000000000000000E+000 -0.000000000000000E+000 -0.000000000000000E+000  0.000000000000000E+000  0.000000000000000E+000  0.000000000000000E+000 -0.000000000000000E+000 -0.000000000000000E+000 -0.000000000000000E+000  -0.361213321510387E-012  0.117843791011899E-013 -0.210499399860516E-003
     70.96000000  0.000000000000000E+000  0.000000000000000E+000  0.000000000000000E+000 -0.000000000000000E+000 -0.000000000000000E+000 -0.000000000000000E+000  0.000000000000000E+000  0.000000000000000E+000  0.000000000000000E+000 -0.000000000000000E+000 -0.000000000000000E+000 -0.000000000000000E+000  -0.351862195667137E-012  0.216294363336063E-013 -0.204614531191096E-003
     71.04000000  0.000000000000000E+000  0.000000000000000E+000  0.000000000000000E+000 -0.000000000000000E+000 -0.000000000000000E+000 -0.000000000000000E+000  0.000000000000000E+000  0.000000000000000E+000  0.000000000000000E+000 -0.000000000000000E+000 -0.000000000000000E+000 -0.000000000000000E+000  -0.343667510856191E-012  0.297739953346842E-013 -0.198736286283728E-003
     71.12000000  0.000000000000000E+000  0.000000000000000E+000  0.000000000000000E+000 -0.000000000000000E+000 -0.000000000000000E+000 -0.000000000000000E+000  0.000000000000000E+000  0.000000000000000E+000  0.000000000000000E+000 -0.000000000000000E+000 -0.000000000000000E+000 -0.000000000000000E+000  -0.336139782360385E-012  0.365095109183261E-013 -0.192867093651492E-003
     71.20000000  0.000000000000000E+000  0.000000000000000E+000  0.000000000000000E+000 -0.000000000000000E+000 -0.000000000000000E+000 -0.000000000000000E+000  0.000000000000000E+000  0.000000000000000E+000  0.000000000000000E+000 -0.000000000000000E+000 -0.000000000000000E+000 -0.000000000000000E+000  -0.328896838639108E-012  0.422778693499160E-013 -0.187009396664740E-003
     71.28000000  0.000000000000000E+000  0.000000000000000E+000  0.000000000000000E+000 -0.000000000000000E+000 -0.000000000000000E+000 -0.000000000000000E+000  0.000000000000000E+000  0.000000000000000E+000  0.000000000000000E+000 -0.000000000000000E+000 -0.000000000000000E+000 -0.000000000000000E+000  -0.321742542907736E-012  0.475775168924587E-013 -0.181165653569063E-003
     71.36000000  0.000000000000000E+000  0.000000000000000E+000  0.000000000000000E+000 -0.000000000000000E+000 -0.000000000000000E+000 -0.000000000000000E+000  0.000000000000000E+000  0.000000000000000E+000  0.000000000000000E+000 -0.000000000000000E+000 -0.000000000000000E+000 -0.000000000000000E+000  -0.314674762054962E-012  0.528533265749963E-013 -0.175338337417585E-003
     71.44000000  0.000000000000000E+000  0.000000000000000E+000  0.000000000000000E+000 -0.000000000000000E+000 -0.000000000000000E+000 -0.000000000000000E+000  0.000000000000000E+000  0.000000000000000E+000  0.000000000000000E+000 -0.000000000000000E+000 -0.000000000000000E+000 -0.000000000000000E+000  -0.307845080375481E-012  0.584020955109729E-013 -0.169529935900506E-003
     71.52000000  0.000000000000000E+000  0.000000000000000E+000  0.000000000000000E+000 -0.000000000000000E+000 -0.000000000000000E+000 -0.000000000000000E+000  0.000000000000000E+000  0.000000000000000E+000  0.000000000000000E+000 -0.000000000000000E+000 -0.000000000000000E+000 -0.000000000000000E+000  -0.301442561426863E-012  0.643234929379148E-013 -0.163742951063778E-003
     71.60000000  0.000000000000000E+000  0.000000000000000E+000  0.000000000000000E+000 -0.000000000000000E+000 -0.000000000000000E+000 -0.000000000000000E+000  0.000000000000000E+000  0.000000000000000E+000  0.000000000000000E+000 -0.000000000000000E+000 -0.000000000000000E+000 -0.000000000000000E+000  -0.295570559510530E-012  0.705545017691859E-013 -0.157979898921759E-003
     71.68000000  0.000000000000000E+000  0.000000000000000E+000  0.000000000000000E+000 -0.000000000000000E+000 -0.000000000000000E+000 -0.000000000000000E+000  0.000000000000000E+000  0.000000000000000E+000  0.000000000000000E+000 -0.000000000000000E+000 -0.000000000000000E+000 -0.000000000000000E+000  -0.290154971023629E-012  0.769546022661951E-013 -0.152243308982119E-003
     71.76000000  0.000000000000000E+000  0.000000000000000E+000  0.000000000000000E+000 -0.000000000000000E+000 -0.000000000000000E+000 -0.000000000000000E+000  0.000000000000000E+000  0.000000000000000E+000  0.000000000000000E+000 -0.000000000000000E+000 -0.000000000000000E+000 -0.000000000000000E+000  -0.284888262741481E-012  0.833900959564765E-013 -0.146535723711325E-003
     71.84000000  0.000000000000000E+000  0.000000000000000E+000  0.000000000000000E+000 -0.000000000000000E+000 -0.000000000000000E+000 -0.000000000000000E+000  0.000000000000000E+000  0.000000000000000E+000  0.000000000000000E+000 -0.000000000000000E+000 -0.000000000000000E+000 -0.000000000000000E+000  -0.279283455360578E-012  0.898451975497107E-013 -0.140859697973521E-003
     71.92000000  0.000000000000000E+000  0.000000000000000E+000  0.000000000000000E+000 -0.000000000000000E+000 -0.000000000000000E+000 -0.000000000000000E+000  0.000000000000000E+000  0.000000000000000E+000  0.000000000000000E+000 -0.000000000000000E+000 -0.000000000000000E+000 -0.000000000000000E+000  -0.272759023540237E-012  0.964576284699752E-013 -0.135217798474412E-003
     72.00000000  0.000000000000000E+000  0.000000000000000E+000  0.000000000000000E+000 -0.000000000000000E+000 -0.000000000000000E+000 -0.000000000000000E+000  0.000000000000000E+000  0.000000000000000E+000  0.000000000000000E+000 -0.000000000000000E+000 -0.000000000000000E+000 -0.000000000000000E+000  -0.264762306838364E-012  0.103505213857354E-012 -0.129612603236060E-003
     72.08000000  0.000000000000000E+000  0.000000000000000E+000  0.000000000000000E+000 -0.000000000000000E+000 -0.000000000000000E+000 -0.000000000000000E+000  0.000000000000000E+000  0.000000000000000E+000  0.000000000000000E+000 -0.000000000000000E+000 -0.000000000000000E+000 -0.000000000000000E+000  -0.254871830795422E-012  0.111374827395082E-012 -0.124046701118991E-003
     72.16000000  0.000000000000000E+000  0.000000000000000E+000  0.000000000000000E+000 -0.000000000000000E+000 -0.000000000000000E+000 -0.000000000000000E+000  0.000000000000000E+000  0.000000000000000E+000  0.000000000000000E+000 -0.000000000000000E+000 -0.000000000000000E+000 -0.000000000000000E+000  -0.242860877786498E-012  0.120474618449770E-012 -0.118522691394990E-003
     72.24000000  0.000000000000000E+000  0.000000000000000E+000  0.000000000000000E+000 -0.000000000000000E+000 -0.000000000000000E+000 -0.000000000000000E+000  0.000000000000000E+000  0.000000000000000E+000  0.000000000000000E+000 -0.000000000000000E+000 -0.000000000000000E+000 -0.000000000000000E+000  -0.228728362748661E-012  0.131147075860581E-012 -0.113043183358299E-003
     72.32000000  0.000000000000000E+000  0.000000000000000E+000  0.000000000000000E+000 -0.000000000000000E+000 -0.000000000000000E+000 -0.000000000000000E+000  0.000000000000000E+000  0.000000000000000E+000  0.000000000000000E+000 -0.000000000000000E+000 -0.000000000000000E+000 -0.000000000000000E+000  -0.212667039591451E-012  0.143582929459672E-012 -0.107610795947863E-003
     72.40000000  0.000000000000000E+000  0.000000000000000E+000  0.000000000000000E+000 -0.000000000000000E+000 -0.000000000000000E+000 -0.000000000000000E+000  0.000000000000000E+000  0.000000000000000E+000  0.000000000000000E+000 -0.000000000000000E+000 -0.000000000000000E+000 -0.000000000000000E+000  -0.195033881864472E-012  0.157750869870190E-012 -0.102228157343701E-003
     72.48000000  0.000000000000000E+000  0.000000000000000E+000  0.000000000000000E+000 -0.000000000000000E+000 -0.000000000000000E+000 -0.000000000000000E+000  0.000000000000000E+000  0.000000000000000E+000  0.000000000000000E+000 -0.000000000000000E+000 -0.000000000000000E+000 -0.000000000000000E+000  -0.176278377483237E-012  0.173366649430609E-012 -0.968979045002858E-004
     72.56000000  0.000000000000000E+000  0.000000000000000E+000  0.000000000000000E+000 -0.000000000000000E+000 -0.000000000000000E+000 -0.000000000000000E+000  0.000000000000000E+000  0.000000000000000E+000  0.000000000000000E+000 -0.000000000000000E+000 -0.000000000000000E+000 -0.000000000000000E+000  -0.156866823214464E-012  0.189916607715253E-012 -0.916226825890765E-004
     72.64000000  0.000000000000000E+000  0.000000000000000E+000  0.000000000000000E+000 -0.000000000000000E+000 -0.000000000000000E+000 -0.000000000000000E+000  0.000000000000000E+000  0.000000000000000E+000  0.000000000000000E+000 -0.000000000000000E+000 -0.000000000000000E+000 -0.000000000000000E+000  -0.137205397959470E-012  0.206743714709666E-012 -0.864051443361362E-004
     72.72000000  0.000000000000000E+000  0.000000000000000E+000  0.000000000000000E+000 -0.000000000000000E+000 -0.000000000000000E+000 -0.000000000000000E+000  0.000000000000000E+000  0.000000000000000E+000  0.000000000000000E+000 -0.000000000000000E+000 -0.000000000000000E+000 -0.000000000000000E+000  -0.117576764000764E-012  0.223181188807095E-012 -0.812479492521513E-004
     72.80000000  0.000000000000000E+000  0.000000000000000E+000  0.000000000000000E+000 -0.000000000000000E+000 -0.000000000000000E+000 -0.000000000000000E+000  0.000000000000000E+000  0.000000000000000E+000  0.000000000000000E+000 -0.000000000000000E+000 -0.000000000000000E+000 -0.000000000000000E+000  -0.981070268976717E-013  0.238676450872770E-012 -0.761537627559539E-004
     72.88000000  0.000000000000000E+000  0.000000000000000E+000  0.000000000000000E+000 -0.000000000000000E+000 -0.000000000000000E+000 -0.000000000000000E+000  0.000000000000000E+000  0.000000000000000E+000  0.000000000000000E+000 -0.000000000000000E+000 -0.000000000000000E+000 -0.000000000000000E+000  -0.787968930443000E-013  0.252904556480577E-012 -0.711252551890270E-004
     72.96000000  0.000000000000000E+000  0.000000000000000E+000  0.000000000000000E+000 -0.000000000000000E+000 -0.000000000000000E+000 -0.000000000000000E+000  0.000000000000000E+000  0.000000000000000E+000  0.000000000000000E+000 -0.000000000000000E+000 -0.000000000000000E+000 -0.000000000000000E+000  -0.595877232908581E-013  0.265789900002961E-012 -0.661651007112635E-004
     73.04000000  0.000000000000000E+000  0.000000000000000E+000  0.000000000000000E+000 -0.000000000000000E+000 -0.000000000000000E+000 -0.000000000000000E+000  0.000000000000000E+000  0.000000000000000E+000  0.000000000000000E+000 -0.000000000000000E+000 -0.000000000000000E+000 -0.000000000000000E+000  -0.404436908416339E-013  0.277458414251586E-012 -0.612759760627528E-004
     73.12000000  0.000000000000000E+000  0.000000000000000E+000  0.000000000000000E+000 -0.000000000000000E+000 -0.000000000000000E+000 -0.000000000000000E+000  0.000000000000000E+000  0.000000000000000E+000  0.000000000000000E+000 -0.000000000000000E+000 -0.000000000000000E+000 -0.000000000000000E+000  -0.214333715154087E-013  0.288125642382932E-012 -0.564605591747742E-004
     73.20000000  0.000000000000000E+000  0.000000000000000E+000  0.000000000000000E+000 -0.000000000000000E+000 -0.000000000000000E+000 -0.000000000000000E+000  0.000000000000000E+000  0.000000000000000E+000  0.000000000000000E+000 -0.000000000000000E+000 -0.000000000000000E+000 -0.000000000000000E+000  -0.277112682633058E-014  0.297969900894651E-012 -0.517215276147034E-004
     73.28000000  0.000000000000000E+000  0.000000000000000E+000  0.000000000000000E+000 -0.000000000000000E+000 -0.000000000000000E+000 -0.000000000000000E+000  0.000000000000000E+000  0.000000000000000E+000  0.000000000000000E+000 -0.000000000000000E+000 -0.000000000000000E+000 -0.000000000000000E+000   0.152171492441831E-013  0.307029440037831E-012 -0.470615568524516E-004
     73.36000000  0.000000000000000E+000  0.000000000000000E+000  0.000000000000000E+000 -0.000000000000000E+000 -0.000000000000000E+000 -0.000000000000000E+000  0.000000000000000E+000  0.000000000000000E+000  0.000000000000000E+000 -0.000000000000000E+000 -0.000000000000000E+000 -0.000000000000000E+000   0.321251774684682E-013  0.315163368430333E-012 -0.424833183400268E-004
     73.44000000  0.000000000000000E+000  0.000000000000000E+000  0.000000000000000E+000 -0.000000000000000E+000 -0.000000000000000E+000 -0.000000000000000E+000  0.000000000000000E+000  0.000000000000000E+000  0.000000000000000E+000 -0.000000000000000E+000 -0.000000000000000E+000 -0.000000000000000E+000   0.475506320039696E-013  0.322063710413936E-012 -0.379894774033852E-004
     73.52000000  0.000000000000000E+000  0.000000000000000E+000  0.000000000000000E+000 -0.000000000000000E+000 -0.000000000000000E+000 -0.000000000000000E+000  0.000000000000000E+000  0.000000000000000E+000  0.000000000000000E+000 -0.000000000000000E+000 -0.000000000000000E+000 -0.000000000000000E+000   0.611565489015675E-013  0.327328245805601E-012 -0.335826909588136E-004
     73.60000000  0.000000000000000E+000  0.000000000000000E+000  0.000000000000000E+000 -0.000000000000000E+000 -0.000000000000000E+000 -0.000000000000000E+000  0.000000000000000E+000  0.000000000000000E+000  0.000000000000000E+000 -0.000000000000000E+000 -0.000000000000000E+000 -0.000000000000000E+000   0.727241621071597E-013  0.330558423455303E-012 -0.292656050839778E-004
     73.68000000  0.000000000000000E+000  0.000000000000000E+000  0.000000000000000E+000 -0.000000000000000E+000 -0.000000000000000E+000 -0.000000000000000E+000  0.000000000000000E+000  0.000000000000000E+000  0.000000000000000E+000 -0.000000000000000E+000 -0.000000000000000E+000 -0.000000000000000E+000   0.821903315574749E-013  0.331465779830307E-012 -0.250408524911642E-004
     73.76000000  0.000000000000000E+000  0.000000000000000E+000  0.000000000000000E+000 -0.000000000000000E+000 -0.000000000000000E+000 -0.000000000000000E+000  0.000000000000000E+000  0.000000000000000E+000  0.000000000000000E+000 -0.000000000000000E+000 -0.000000000000000E+000 -0.000000000000000E+000   0.896670016601394E-013  0.329961778184368E-012 -0.209110499605722E-004
     73.84000000  0.000000000000000E+000  0.000000000000000E+000  0.000000000000000E+000 -0.000000000000000E+000 -0.000000000000000E+000 -0.000000000000000E+000  0.000000000000000E+000  0.000000000000000E+000  0.000000000000000E+000 -0.000000000000000E+000 -0.000000000000000E+000 -0.000000000000000E+000   0.954448749696838E-013  0.326223594971534E-012 -0.168787957903124E-004
     73.92000000  0.000000000000000E+000  0.000000000000000E+000  0.000000000000000E+000 -0.000000000000000E+000 -0.000000000000000E+000 -0.000000000000000E+000  0.000000000000000E+000  0.000000000000000E+000  0.000000000000000E+000 -0.000000000000000E+000 -0.000000000000000E+000 -0.000000000000000E+000   0.999623571048819E-013  0.320697476198512E-012 -0.129466673083906E-004
     74.00000000  0.000000000000000E+000  0.000000000000000E+000  0.000000000000000E+000 -0.000000000000000E+000 -0.000000000000000E+000 -0.000000000000000E+000  0.000000000000000E+000  0.000000000000000E+000  0.000000000000000E+000 -0.000000000000000E+000 -0.000000000000000E+000 -0.000000000000000E+000   0.103747320096468E-012  0.314064259638725E-012 -0.911721847623546E-005
     74.08000000  0.000000000000000E+000  0.000000000000000E+000  0.000000000000000E+000 -0.000000000000000E+000 -0.000000000000000E+000 -0.000000000000000E+000  0.000000000000000E+000  0.000000000000000E+000  0.000000000000000E+000 -0.000000000000000E+000 -0.000000000000000E+000 -0.000000000000000E+000   0.107330047964238E-012  0.307130855920038E-012 -0.539297759956711E-005
     74.16000000  0.000000000000000E+000  0.000000000000000E+000  0.000000000000000E+000 -0.000000000000000E+000 -0.000000000000000E+000 -0.000000000000000E+000  0.000000000000000E+000  0.000000000000000E+000  0.000000000000000E+000 -0.000000000000000E+000 -0.000000000000000E+000 -0.000000000000000E+000   0.111161009880001E-012  0.300686556930125E-012 -0.177644515397704E-005
     74.24000000  0.000000000000000E+000  0.000000000000000E+000  0.000000000000000E+000 -0.000000000000000E+000 -0.000000000000000E+000 -0.000000000000000E+000  0.000000000000000E+000  0.000000000000000E+000  0.000000000000000E+000 -0.000000000000000E+000 -0.000000000000000E+000 -0.000000000000000E+000   0.115542030348716E-012  0.295366640140127E-012  0.172990827220005E-005
     74.32000000  0.000000000000000E+000  0.000000000000000E+000  0.000000000000000E+000 -0.000000000000000E+000 -0.000000000000000E+000 -0.000000000000000E+000  0.000000000000000E+000  0.000000000000000E+000  0.000000000000000E+000 -0.000000000000000E+000 -0.000000000000000E+000 -0.000000000000000E+000   0.120609330706952E-012  0.291563150381187E-012  0.512364392029761E-005
     74.40000000  0.000000000000000E+000  0.000000000000000E+000  0.000000000000000E+000 -0.000000000000000E+000 -0.000000000000000E+000 -0.000000000000000E+000  0.000000000000000E+000  0.000000000000000E+000  0.000000000000000E+000 -0.000000000000000E+000 -0.000000000000000E+000 -0.000000000000000E+000   0.126378976867830E-012  0.289384101549633E-012  0.840235669983096E-005
     74.48000000  0.000000000000000E+000  0.000000000000000E+000  0.000000000000000E+000 -0.000000000000000E+000 -0.000000000000000E+000 -0.000000000000000E+000  0.000000000000000E+000  0.000000000000000E+000  0.000000000000000E+000 -0.000000000000000E+000 -0.000000000000000E+000 -0.000000000000000E+000   0.132806257024716E-012  0.288730093207570E-012  0.115636769445430E-004
     74.56000000  0.000000000000000E+000  0.000000000000000E+000  0.000000000000000E+000 -0.000000000000000E+000 -0.000000000000000E+000 -0.000000000000000E+000  0.000000000000000E+000  0.000000000000000E+000  0.000000000000000E+000 -0.000000000000000E+000 -0.000000000000000E+000 -0.000000000000000E+000   0.139867680040345E-012  0.289403518168234E-012  0.146052721165853E-004
     74.64000000  0.000000000000000E+000  0.000000000000000E+000  0.000000000000000E+000 -0.000000000000000E+000 -0.000000000000000E+000 -0.000000000000000E+000  0.000000000000000E+000  0.000000000000000E+000  0.000000000000000E+000 -0.000000000000000E+000 -0.000000000000000E+000 -0.000000000000000E+000   0.147619262097579E-012  0.291244274577526E-012  0.175248484930404E-004
     74.72000000  0.000000000000000E+000  0.000000000000000E+000  0.000000000000000E+000 -0.000000000000000E+000 -0.000000000000000E+000 -0.000000000000000E+000  0.000000000000000E+000  0.000000000000000E+000  0.000000000000000E+000 -0.000000000000000E+000 -0.000000000000000E+000 -0.000000000000000E+000   0.156218731891640E-012  0.294225806474165E-012  0.203201528657260E-004
     74.80000000  0.000000000000000E+000  0.000000000000000E+000  0.000000000000000E+000 -0.000000000000000E+000 -0.000000000000000E+000 -0.000000000000000E+000  0.000000000000000E+000  0.000000000000000E+000  0.000000000000000E+000 -0.000000000000000E+000 -0.000000000000000E+000 -0.000000000000000E+000   0.165906533661436E-012  0.298501426617689E-012  0.229889742763777E-004
     74.88000000  0.000000000000000E+000  0.000000000000000E+000  0.000000000000000E+000 -0.000000000000000E+000 -0.000000000000000E+000 -0.000000000000000E+000  0.000000000000000E+000  0.000000000000000E+000  0.000000000000000E+000 -0.000000000000000E+000 -0.000000000000000E+000 -0.000000000000000E+000   0.176977335550156E-012  0.304376742283770E-012  0.255291457986201E-004
     74.96000000  0.000000000000000E+000  0.000000000000000E+000  0.000000000000000E+000 -0.000000000000000E+000 -0.000000000000000E+000 -0.000000000000000E+000  0.000000000000000E+000  0.000000000000000E+000  0.000000000000000E+000 -0.000000000000000E+000 -0.000000000000000E+000 -0.000000000000000E+000   0.189713262962590E-012  0.312236570940027E-012  0.279385463682463E-004
     75.04000000  0.000000000000000E+000  0.000000000000000E+000  0.000000000000000E+000 -0.000000000000000E+000 -0.000000000000000E+000 -0.000000000000000E+000  0.000000000000000E+000  0.000000000000000E+000  0.000000000000000E+000 -0.000000000000000E+000 -0.000000000000000E+000 -0.000000000000000E+000   0.204339752509845E-012  0.322434980138568E-012  0.302151026555621E-004
     75.12000000  0.000000000000000E+000  0.000000000000000E+000  0.000000000000000E+000 -0.000000000000000E+000 -0.000000000000000E+000 -0.000000000000000E+000  0.000000000000000E+000  0.000000000000000E+000  0.000000000000000E+000 -0.000000000000000E+000 -0.000000000000000E+000 -0.000000000000000E+000   0.220945945405973E-012  0.335188668451556E-012  0.323567909677743E-004
     75.20000000  0.000000000000000E+000  0.000000000000000E+000  0.000000000000000E+000 -0.000000000000000E+000 -0.000000000000000E+000 -0.000000000000000E+000  0.000000000000000E+000  0.000000000000000E+000  0.000000000000000E+000 -0.000000000000000E+000 -0.000000000000000E+000 -0.000000000000000E+000   0.239454752523640E-012  0.350485173608725E-012  0.343616391649223E-004
     75.28000000  0.000000000000000E+000  0.000000000000000E+000  0.000000000000000E+000 -0.000000000000000E+000 -0.000000000000000E+000 -0.000000000000000E+000  0.000000000000000E+000  0.000000000000000E+000  0.000000000000000E+000 -0.000000000000000E+000 -0.000000000000000E+000 -0.000000000000000E+000   0.259583170398604E-012  0.368050381474270E-012  0.362277285700720E-004
     75.36000000  0.000000000000000E+000  0.000000000000000E+000  0.000000000000000E+000 -0.000000000000000E+000 -0.000000000000000E+000 -0.000000000000000E+000  0.000000000000000E+000  0.000000000000000E+000  0.000000000000000E+000 -0.000000000000000E+000 -0.000000000000000E+000 -0.000000000000000E+000   0.280865216717286E-012  0.387321125597638E-012  0.379531958539490E-004
     75.44000000  0.000000000000000E+000  0.000000000000000E+000  0.000000000000000E+000 -0.000000000000000E+000 -0.000000000000000E+000 -0.000000000000000E+000  0.000000000000000E+000  0.000000000000000E+000  0.000000000000000E+000 -0.000000000000000E+000 -0.000000000000000E+000 -0.000000000000000E+000   0.302711549420935E-012  0.407527052947878E-012  0.395362348764740E-004
     75.52000000  0.000000000000000E+000  0.000000000000000E+000  0.000000000000000E+000 -0.000000000000000E+000 -0.000000000000000E+000 -0.000000000000000E+000  0.000000000000000E+000  0.000000000000000E+000  0.000000000000000E+000 -0.000000000000000E+000 -0.000000000000000E+000 -0.000000000000000E+000   0.324504494014378E-012  0.427787302340578E-012  0.409750984726816E-004
     75.60000000  0.000000000000000E+000  0.000000000000000E+000  0.000000000000000E+000 -0.000000000000000E+000 -0.000000000000000E+000 -0.000000000000000E+000  0.000000000000000E+000  0.000000000000000E+000  0.000000000000000E+000 -0.000000000000000E+000 -0.000000000000000E+000 -0.000000000000000E+000   0.345693169569787E-012  0.447254619784256E-012  0.422681001766480E-004
     75.68000000  0.000000000000000E+000  0.000000000000000E+000  0.000000000000000E+000 -0.000000000000000E+000 -0.000000000000000E+000 -0.000000000000000E+000  0.000000000000000E+000  0.000000000000000E+000  0.000000000000000E+000 -0.000000000000000E+000 -0.000000000000000E+000 -0.000000000000000E+000   0.365875742590348E-012  0.465249751112013E-012  0.434136158829430E-004
     75.76000000  0.000000000000000E+000  0.000000000000000E+000  0.000000000000000E+000 -0.000000000000000E+000 -0.000000000000000E+000 -0.000000000000000E+000  0.000000000000000E+000  0.000000000000000E+000  0.000000000000000E+000 -0.000000000000000E+000 -0.000000000000000E+000 -0.000000000000000E+000   0.384818843891607E-012  0.481353689265404E-012  0.444100854491656E-004
     75.84000000  0.000000000000000E+000  0.000000000000000E+000  0.000000000000000E+000 -0.000000000000000E+000 -0.000000000000000E+000 -0.000000000000000E+000  0.000000000000000E+000  0.000000000000000E+000  0.000000000000000E+000 -0.000000000000000E+000 -0.000000000000000E+000 -0.000000000000000E+000   0.402450327097192E-012  0.495414859580812E-012  0.452560142442965E-004
     75.92000000  0.000000000000000E+000  0.000000000000000E+000  0.000000000000000E+000 -0.000000000000000E+000 -0.000000000000000E+000 -0.000000000000000E+000  0.000000000000000E+000  0.000000000000000E+000  0.000000000000000E+000 -0.000000000000000E+000 -0.000000000000000E+000 -0.000000000000000E+000   0.418772164225291E-012  0.507497188764146E-012  0.459499746463041E-004
     76.00000000  0.000000000000000E+000  0.000000000000000E+000  0.000000000000000E+000 -0.000000000000000E+000 -0.000000000000000E+000 -0.000000000000000E+000  0.000000000000000E+000  0.000000000000000E+000  0.000000000000000E+000 -0.000000000000000E+000 -0.000000000000000E+000 -0.000000000000000E+000   0.433810074019626E-012  0.517758348422173E-012  0.464906074891406E-004
     76.08000000  0.000000000000000E+000  0.000000000000000E+000  0.000000000000000E+000 -0.000000000000000E+000 -0.000000000000000E+000 -0.000000000000000E+000  0.000000000000000E+000  0.000000000000000E+000  0.000000000000000E+000 -0.000000000000000E+000 -0.000000000000000E+000 -0.000000000000000E+000   0.447540032743517E-012  0.526321653501434E-012  0.468766234564632E-004
     76.16000000  0.000000000000000E+000  0.000000000000000E+000  0.000000000000000E+000 -0.000000000000000E+000 -0.000000000000000E+000 -0.000000000000000E+000  0.000000000000000E+000  0.000000000000000E+000  0.000000000000000E+000 -0.000000000000000E+000 -0.000000000000000E+000 -0.000000000000000E+000   0.459856823532837E-012  0.533174851638974E-012  0.471068044183914E-004
     76.24000000  0.000000000000000E+000  0.000000000000000E+000  0.000000000000000E+000 -0.000000000000000E+000 -0.000000000000000E+000 -0.000000000000000E+000  0.000000000000000E+000  0.000000000000000E+000  0.000000000000000E+000 -0.000000000000000E+000 -0.000000000000000E+000 -0.000000000000000E+000   0.470572074667701E-012  0.538133810044238E-012  0.471800047104514E-004
     76.32000000  0.000000000000000E+000  0.000000000000000E+000  0.000000000000000E+000 -0.000000000000000E+000 -0.000000000000000E+000 -0.000000000000000E+000  0.000000000000000E+000  0.000000000000000E+000  0.000000000000000E+000 -0.000000000000000E+000 -0.000000000000000E+000 -0.000000000000000E+000   0.479436038420870E-012  0.540865708641513E-012  0.470951523592976E-004
     76.40000000  0.000000000000000E+000  0.000000000000000E+000  0.000000000000000E+000 -0.000000000000000E+000 -0.000000000000000E+000 -0.000000000000000E+000  0.000000000000000E+000  0.000000000000000E+000  0.000000000000000E+000 -0.000000000000000E+000 -0.000000000000000E+000 -0.000000000000000E+000   0.486186224175956E-012  0.540969507697974E-012  0.468512502653297E-004
     76.48000000  0.000000000000000E+000  0.000000000000000E+000  0.000000000000000E+000 -0.000000000000000E+000 -0.000000000000000E+000 -0.000000000000000E+000  0.000000000000000E+000  0.000000000000000E+000  0.000000000000000E+000 -0.000000000000000E+000 -0.000000000000000E+000 -0.000000000000000E+000   0.490604740863892E-012  0.538089407824225E-012  0.464473773536847E-004
     76.56000000  0.000000000000000E+000  0.000000000000000E+000  0.000000000000000E+000 -0.000000000000000E+000 -0.000000000000000E+000 -0.000000000000000E+000  0.000000000000000E+000  0.000000000000000E+000  0.000000000000000E+000 -0.000000000000000E+000 -0.000000000000000E+000 -0.000000000000000E+000   0.492581470499688E-012  0.532012028244784E-012  0.458826896992456E-004
     76.64000000  0.000000000000000E+000  0.000000000000000E+000  0.000000000000000E+000 -0.000000000000000E+000 -0.000000000000000E+000 -0.000000000000000E+000  0.000000000000000E+000  0.000000000000000E+000  0.000000000000000E+000 -0.000000000000000E+000 -0.000000000000000E+000 -0.000000000000000E+000   0.492173123194026E-012  0.522770143111364E-012  0.451564216181644E-004
     76.72000000  0.000000000000000E+000  0.000000000000000E+000  0.000000000000000E+000 -0.000000000000000E+000 -0.000000000000000E+000 -0.000000000000000E+000  0.000000000000000E+000  0.000000000000000E+000  0.000000000000000E+000 -0.000000000000000E+000 -0.000000000000000E+000 -0.000000000000000E+000   0.489623789874409E-012  0.510673451260918E-012  0.442678867022666E-004
     76.80000000  0.000000000000000E+000  0.000000000000000E+000  0.000000000000000E+000 -0.000000000000000E+000 -0.000000000000000E+000 -0.000000000000000E+000  0.000000000000000E+000  0.000000000000000E+000  0.000000000000000E+000 -0.000000000000000E+000 -0.000000000000000E+000 -0.000000000000000E+000   0.485354858577526E-012  0.496309289354636E-012  0.432164787596576E-004
     76.88000000  0.000000000000000E+000  0.000000000000000E+000  0.000000000000000E+000 -0.000000000000000E+000 -0.000000000000000E+000 -0.000000000000000E+000  0.000000000000000E+000  0.000000000000000E+000  0.000000000000000E+000 -0.000000000000000E+000 -0.000000000000000E+000 -0.000000000000000E+000   0.479899753948796E-012  0.480467196629498E-012  0.420016726209149E-004
     76.96000000  0.000000000000000E+000  0.000000000000000E+000  0.000000000000000E+000 -0.000000000000000E+000 -0.000000000000000E+000 -0.000000000000000E+000  0.000000000000000E+000  0.000000000000000E+000  0.000000000000000E+000 -0.000000000000000E+000 -0.000000000000000E+000 -0.000000000000000E+000   0.473817472181859E-012  0.464022551143306E-012  0.406230247775372E-004
     77.04000000  0.000000000000000E+000  0.000000000000000E+000  0.000000000000000E+000 -0.000000000000000E+000 -0.000000000000000E+000 -0.000000000000000E+000  0.000000000000000E+000  0.000000000000000E+000  0.000000000000000E+000 -0.000000000000000E+000 -0.000000000000000E+000 -0.000000000000000E+000   0.467589984937123E-012  0.447786605916759E-012  0.390801738355244E-004
     77.12000000  0.000000000000000E+000  0.000000000000000E+000  0.000000000000000E+000 -0.000000000000000E+000 -0.000000000000000E+000 -0.000000000000000E+000  0.000000000000000E+000  0.000000000000000E+000  0.000000000000000E+000 -0.000000000000000E+000 -0.000000000000000E+000 -0.000000000000000E+000   0.461565635078837E-012  0.432371028789313E-012  0.373728407866107E-004
     77.20000000  0.000000000000000E+000  0.000000000000000E+000  0.000000000000000E+000 -0.000000000000000E+000 -0.000000000000000E+000 -0.000000000000000E+000  0.000000000000000E+000  0.000000000000000E+000  0.000000000000000E+000 -0.000000000000000E+000 -0.000000000000000E+000 -0.000000000000000E+000   0.455937815412708E-012  0.418123714262443E-012  0.355008291168454E-004
     77.28000000  0.000000000000000E+000  0.000000000000000E+000  0.000000000000000E+000 -0.000000000000000E+000 -0.000000000000000E+000 -0.000000000000000E+000  0.000000000000000E+000  0.000000000000000E+000  0.000000000000000E+000 -0.000000000000000E+000 -0.000000000000000E+000 -0.000000000000000E+000   0.450776406094141E-012  0.405114678205055E-012  0.334640247829531E-004
     77.36000000  0.000000000000000E+000  0.000000000000000E+000  0.000000000000000E+000 -0.000000000000000E+000 -0.000000000000000E+000 -0.000000000000000E+000  0.000000000000000E+000  0.000000000000000E+000  0.000000000000000E+000 -0.000000000000000E+000 -0.000000000000000E+000 -0.000000000000000E+000   0.446086128798501E-012  0.393217789380176E-012  0.312623960908538E-004
     77.44000000  0.000000000000000E+000  0.000000000000000E+000  0.000000000000000E+000 -0.000000000000000E+000 -0.000000000000000E+000 -0.000000000000000E+000  0.000000000000000E+000  0.000000000000000E+000  0.000000000000000E+000 -0.000000000000000E+000 -0.000000000000000E+000 -0.000000000000000E+000   0.441869616857105E-012  0.382252382436419E-012  0.288959935089609E-004
     77.52000000  0.000000000000000E+000  0.000000000000000E+000  0.000000000000000E+000 -0.000000000000000E+000 -0.000000000000000E+000 -0.000000000000000E+000  0.000000000000000E+000  0.000000000000000E+000  0.000000000000000E+000 -0.000000000000000E+000 -0.000000000000000E+000 -0.000000000000000E+000   0.438177178129162E-012  0.372106318619155E-012  0.263649494439530E-004
     77.60000000  0.000000000000000E+000  0.000000000000000E+000  0.000000000000000E+000 -0.000000000000000E+000 -0.000000000000000E+000 -0.000000000000000E+000  0.000000000000000E+000  0.000000000000000E+000  0.000000000000000E+000 -0.000000000000000E+000 -0.000000000000000E+000 -0.000000000000000E+000   0.435131930798593E-012  0.362846682310375E-012  0.236694780002606E-004
     77.68000000  0.000000000000000E+000  0.000000000000000E+000  0.000000000000000E+000 -0.000000000000000E+000 -0.000000000000000E+000 -0.000000000000000E+000  0.000000000000000E+000  0.000000000000000E+000  0.000000000000000E+000 -0.000000000000000E+000 -0.000000000000000E+000 -0.000000000000000E+000   0.432918013177355E-012  0.354734661954479E-012  0.208098747375120E-004
     77.76000000  0.000000000000000E+000  0.000000000000000E+000  0.000000000000000E+000 -0.000000000000000E+000 -0.000000000000000E+000 -0.000000000000000E+000  0.000000000000000E+000  0.000000000000000E+000  0.000000000000000E+000 -0.000000000000000E+000 -0.000000000000000E+000 -0.000000000000000E+000   0.431764970064775E-012  0.348196832629697E-012  0.177865164337231E-004
     77.84000000  0.000000000000000E+000  0.000000000000000E+000  0.000000000000000E+000 -0.000000000000000E+000 -0.000000000000000E+000 -0.000000000000000E+000  0.000000000000000E+000  0.000000000000000E+000  0.000000000000000E+000 -0.000000000000000E+000 -0.000000000000000E+000 -0.000000000000000E+000   0.431898950975672E-012  0.343706949651363E-012  0.145998608573010E-004
     77.92000000  0.000000000000000E+000  0.000000000000000E+000  0.000000000000000E+000 -0.000000000000000E+000 -0.000000000000000E+000 -0.000000000000000E+000  0.000000000000000E+000  0.000000000000000E+000  0.000000000000000E+000 -0.000000000000000E+000 -0.000000000000000E+000 -0.000000000000000E+000   0.433493088189600E-012  0.341673191169524E-012  0.112504465491833E-004
     78.00000000  0.000000000000000E+000  0.000000000000000E+000  0.000000000000000E+000 -0.000000000000000E+000 -0.000000000000000E+000 -0.000000000000000E+000  0.000000000000000E+000  0.000000000000000E+000  0.000000000000000E+000 -0.000000000000000E+000 -0.000000000000000E+000 -0.000000000000000E+000   0.436616810424775E-012  0.342308599397455E-012  0.773889261842876E-005
     78.08000000  0.000000000000000E+000  0.000000000000000E+000  0.000000000000000E+000 -0.000000000000000E+000 -0.000000000000000E+000 -0.000000000000000E+000  0.000000000000000E+000  0.000000000000000E+000  0.000000000000000E+000 -0.000000000000000E+000 -0.000000000000000E+000 -0.000000000000000E+000   0.441198951729778E-012  0.345549754405923E-012  0.406589855930492E-005
     78.16000000  0.000000000000000E+000  0.000000000000000E+000  0.000000000000000E+000 -0.000000000000000E+000 -0.000000000000000E+000 -0.000000000000000E+000  0.000000000000000E+000  0.000000000000000E+000  0.000000000000000E+000 -0.000000000000000E+000 -0.000000000000000E+000 -0.000000000000000E+000   0.447015119398868E-012  0.351026967096522E-012  0.232244102822678E-006
     78.24000000  0.000000000000000E+000  0.000000000000000E+000  0.000000000000000E+000 -0.000000000000000E+000 -0.000000000000000E+000 -0.000000000000000E+000  0.000000000000000E+000  0.000000000000000E+000  0.000000000000000E+000 -0.000000000000000E+000 -0.000000000000000E+000 -0.000000000000000E+000   0.453704466604687E-012  0.358104145717102E-012 -0.376121088291581E-005
     78.32000000  0.000000000000000E+000  0.000000000000000E+000  0.000000000000000E+000 -0.000000000000000E+000 -0.000000000000000E+000 -0.000000000000000E+000  0.000000000000000E+000  0.000000000000000E+000  0.000000000000000E+000 -0.000000000000000E+000 -0.000000000000000E+000 -0.000000000000000E+000   0.460839083094109E-012  0.365986029229011E-012 -0.791352643462742E-005
     78.40000000  0.000000000000000E+000  0.000000000000000E+000  0.000000000000000E+000 -0.000000000000000E+000 -0.000000000000000E+000 -0.000000000000000E+000  0.000000000000000E+000  0.000000000000000E+000  0.000000000000000E+000 -0.000000000000000E+000 -0.000000000000000E+000 -0.000000000000000E+000   0.467977393400100E-012  0.373861432625156E-012 -0.122236824823521E-004
     78.48000000  0.000000000000000E+000  0.000000000000000E+000  0.000000000000000E+000 -0.000000000000000E+000 -0.000000000000000E+000 -0.000000000000000E+000  0.000000000000000E+000  0.000000000000000E+000  0.000000000000000E+000 -0.000000000000000E+000 -0.000000000000000E+000 -0.000000000000000E+000   0.474754176617161E-012  0.381051413321280E-012 -0.166905788077991E-004
     78.56000000  0.000000000000000E+000  0.000000000000000E+000  0.000000000000000E+000 -0.000000000000000E+000 -0.000000000000000E+000 -0.000000000000000E+000  0.000000000000000E+000  0.000000000000000E+000  0.000000000000000E+000 -0.000000000000000E+000 -0.000000000000000E+000 -0.000000000000000E+000   0.480903754273354E-012  0.387125982884604E-012 -0.213130350141911E-004
     78.64000000  0.000000000000000E+000  0.000000000000000E+000  0.000000000000000E+000 -0.000000000000000E+000 -0.000000000000000E+000 -0.000000000000000E+000  0.000000000000000E+000  0.000000000000000E+000  0.000000000000000E+000 -0.000000000000000E+000 -0.000000000000000E+000 -0.000000000000000E+000   0.486273454389564E-012  0.391947350512780E-012 -0.260897905597396E-004
     78.72000000  0.000000000000000E+000  0.000000000000000E+000  0.000000000000000E+000 -0.000000000000000E+000 -0.000000000000000E+000 -0.000000000000000E+000  0.000000000000000E+000  0.000000000000000E+000  0.000000000000000E+000 -0.000000000000000E+000 -0.000000000000000E+000 -0.000000000000000E+000   0.490796679721861E-012  0.395623701261611E-012 -0.310195049030166E-004
     78.80000000  0.000000000000000E+000  0.000000000000000E+000  0.000000000000000E+000 -0.000000000000000E+000 -0.000000000000000E+000 -0.000000000000000E+000  0.000000000000000E+000  0.000000000000000E+000  0.000000000000000E+000 -0.000000000000000E+000 -0.000000000000000E+000 -0.000000000000000E+000   0.494443900944893E-012  0.398401382805347E-012 -0.361007577892814E-004
     78.88000000  0.000000000000000E+000  0.000000000000000E+000  0.000000000000000E+000 -0.000000000000000E+000 -0.000000000000000E+000 -0.000000000000000E+000  0.000000000000000E+000  0.000000000000000E+000  0.000000000000000E+000 -0.000000000000000E+000 -0.000000000000000E+000 -0.000000000000000E+000   0.497187707696029E-012  0.400506785969078E-012 -0.413320496774971E-004
     78.96000000  0.000000000000000E+000  0.000000000000000E+000  0.000000000000000E+000 -0.000000000000000E+000 -0.000000000000000E+000 -0.000000000000000E+000  0.000000000000000E+000  0.000000000000000E+000  0.000000000000000E+000 -0.000000000000000E+000 -0.000000000000000E+000 -0.000000000000000E+000   0.498961771523126E-012  0.402020179861424E-012 -0.467118022785698E-004
     79.04000000  0.000000000000000E+000  0.000000000000000E+000  0.000000000000000E+000 -0.000000000000000E+000 -0.000000000000000E+000 -0.000000000000000E+000  0.000000000000000E+000  0.000000000000000E+000  0.000000000000000E+000 -0.000000000000000E+000 -0.000000000000000E+000 -0.000000000000000E+000   0.499660469048985E-012  0.402799981482157E-012 -0.522383591570431E-004
     79.12000000  0.000000000000000E+000  0.000000000000000E+000  0.000000000000000E+000 -0.000000000000000E+000 -0.000000000000000E+000 -0.000000000000000E+000  0.000000000000000E+000  0.000000000000000E+000  0.000000000000000E+000 -0.000000000000000E+000 -0.000000000000000E+000 -0.000000000000000E+000   0.499134340619886E-012  0.402480892500695E-012 -0.579099863467159E-004
     79.20000000  0.000000000000000E+000  0.000000000000000E+000  0.000000000000000E+000 -0.000000000000000E+000 -0.000000000000000E+000 -0.000000000000000E+000  0.000000000000000E+000  0.000000000000000E+000  0.000000000000000E+000 -0.000000000000000E+000 -0.000000000000000E+000 -0.000000000000000E+000   0.497207037991776E-012  0.400562160214688E-012 -0.637248729442918E-004
     79.28000000  0.000000000000000E+000  0.000000000000000E+000  0.000000000000000E+000 -0.000000000000000E+000 -0.000000000000000E+000 -0.000000000000000E+000  0.000000000000000E+000  0.000000000000000E+000  0.000000000000000E+000 -0.000000000000000E+000 -0.000000000000000E+000 -0.000000000000000E+000   0.493707124331344E-012  0.396530799134708E-012 -0.696811316668203E-004
     79.36000000  0.000000000000000E+000  0.000000000000000E+000  0.000000000000000E+000 -0.000000000000000E+000 -0.000000000000000E+000 -0.000000000000000E+000  0.000000000000000E+000  0.000000000000000E+000  0.000000000000000E+000 -0.000000000000000E+000 -0.000000000000000E+000 -0.000000000000000E+000   0.488503820010288E-012  0.390006562743690E-012 -0.757767993802242E-004
     79.44000000  0.000000000000000E+000  0.000000000000000E+000  0.000000000000000E+000 -0.000000000000000E+000 -0.000000000000000E+000 -0.000000000000000E+000  0.000000000000000E+000  0.000000000000000E+000  0.000000000000000E+000 -0.000000000000000E+000 -0.000000000000000E+000 -0.000000000000000E+000   0.481549543486113E-012  0.380856682329001E-012 -0.820098376228947E-004
     79.52000000  0.000000000000000E+000  0.000000000000000E+000  0.000000000000000E+000 -0.000000000000000E+000 -0.000000000000000E+000 -0.000000000000000E+000  0.000000000000000E+000  0.000000000000000E+000  0.000000000000000E+000 -0.000000000000000E+000 -0.000000000000000E+000 -0.000000000000000E+000   0.472907198186183E-012  0.369252365585853E-012 -0.883781331601373E-004
     79.60000000  0.000000000000000E+000  0.000000000000000E+000  0.000000000000000E+000 -0.000000000000000E+000 -0.000000000000000E+000 -0.000000000000000E+000  0.000000000000000E+000  0.000000000000000E+000  0.000000000000000E+000 -0.000000000000000E+000 -0.000000000000000E+000 -0.000000000000000E+000   0.462762533667348E-012  0.355662506362410E-012 -0.948794986142390E-004
     79.68000000  0.000000000000000E+000  0.000000000000000E+000  0.000000000000000E+000 -0.000000000000000E+000 -0.000000000000000E+000 -0.000000000000000E+000  0.000000000000000E+000  0.000000000000000E+000  0.000000000000000E+000 -0.000000000000000E+000 -0.000000000000000E+000 -0.000000000000000E+000   0.451400574634064E-012  0.340755798018785E-012 -0.101511673220801E-003
     79.76000000  0.000000000000000E+000  0.000000000000000E+000  0.000000000000000E+000 -0.000000000000000E+000 -0.000000000000000E+000 -0.000000000000000E+000  0.000000000000000E+000  0.000000000000000E+000  0.000000000000000E+000 -0.000000000000000E+000 -0.000000000000000E+000 -0.000000000000000E+000   0.439164461285986E-012  0.325268316327190E-012 -0.108272323760722E-003
     79.84000000  0.000000000000000E+000  0.000000000000000E+000  0.000000000000000E+000 -0.000000000000000E+000 -0.000000000000000E+000 -0.000000000000000E+000  0.000000000000000E+000  0.000000000000000E+000  0.000000000000000E+000 -0.000000000000000E+000 -0.000000000000000E+000 -0.000000000000000E+000   0.426390060256737E-012  0.309840254937993E-012 -0.115159045703160E-003
     79.92000000  0.000000000000000E+000  0.000000000000000E+000  0.000000000000000E+000 -0.000000000000000E+000 -0.000000000000000E+000 -0.000000000000000E+000  0.000000000000000E+000  0.000000000000000E+000  0.000000000000000E+000 -0.000000000000000E+000 -0.000000000000000E+000 -0.000000000000000E+000   0.413347497254947E-012  0.294883395342140E-012 -0.122169364566891E-003
     80.00000000  0.000000000000000E+000  0.000000000000000E+000  0.000000000000000E+000 -0.000000000000000E+000 -0.000000000000000E+000 -0.000000000000000E+000  0.000000000000000E+000  0.000000000000000E+000  0.000000000000000E+000 -0.000000000000000E+000 -0.000000000000000E+000 -0.000000000000000E+000   0.400214492216099E-012  0.280510079958627E-012 -0.129300737472442E-003
     80.08000000  0.000000000000000E+000  0.000000000000000E+000  0.000000000000000E+000 -0.000000000000000E+000 -0.000000000000000E+000 -0.000000000000000E+000  0.000000000000000E+000  0.000000000000000E+000  0.000000000000000E+000 -0.000000000000000E+000 -0.000000000000000E+000 -0.000000000000000E+000   0.387061730980789E-012  0.266559686870815E-012 -0.136550554828642E-003
     80.16000000  0.000000000000000E+000  0.000000000000000E+000  0.000000000000000E+000 -0.000000000000000E+000 -0.000000000000000E+000 -0.000000000000000E+000  0.000000000000000E+000  0.000000000000000E+000  0.000000000000000E+000 -0.000000000000000E+000 -0.000000000000000E+000 -0.000000000000000E+000   0.373874208893674E-012  0.252689561762243E-012 -0.143916142088016E-003
     80.24000000  0.000000000000000E+000  0.000000000000000E+000  0.000000000000000E+000 -0.000000000000000E+000 -0.000000000000000E+000 -0.000000000000000E+000  0.000000000000000E+000  0.000000000000000E+000  0.000000000000000E+000 -0.000000000000000E+000 -0.000000000000000E+000 -0.000000000000000E+000   0.360600552339868E-012  0.238533221836554E-012 -0.151394761519901E-003
     80.32000000  0.000000000000000E+000  0.000000000000000E+000  0.000000000000000E+000 -0.000000000000000E+000 -0.000000000000000E+000 -0.000000000000000E+000  0.000000000000000E+000  0.000000000000000E+000  0.000000000000000E+000 -0.000000000000000E+000 -0.000000000000000E+000 -0.000000000000000E+000   0.347190236180527E-012  0.223846363466858E-012 -0.158983613980631E-003
     80.40000000  0.000000000000000E+000  0.000000000000000E+000  0.000000000000000E+000 -0.000000000000000E+000 -0.000000000000000E+000 -0.000000000000000E+000  0.000000000000000E+000  0.000000000000000E+000  0.000000000000000E+000 -0.000000000000000E+000 -0.000000000000000E+000 -0.000000000000000E+000   0.333624727397509E-012  0.208621833052086E-012 -0.166679840690485E-003
     80.48000000  0.000000000000000E+000  0.000000000000000E+000  0.000000000000000E+000 -0.000000000000000E+000 -0.000000000000000E+000 -0.000000000000000E+000  0.000000000000000E+000  0.000000000000000E+000  0.000000000000000E+000 -0.000000000000000E+000 -0.000000000000000E+000 -0.000000000000000E+000   0.319945207415101E-012  0.193104892182018E-012 -0.174480525041799E-003
     80.56000000  0.000000000000000E+000  0.000000000000000E+000  0.000000000000000E+000 -0.000000000000000E+000 -0.000000000000000E+000 -0.000000000000000E+000  0.000000000000000E+000  0.000000000000000E+000  0.000000000000000E+000 -0.000000000000000E+000 -0.000000000000000E+000 -0.000000000000000E+000   0.306256661010406E-012  0.177744371066767E-012 -0.182382694456587E-003
     80.64000000  0.000000000000000E+000  0.000000000000000E+000  0.000000000000000E+000 -0.000000000000000E+000 -0.000000000000000E+000 -0.000000000000000E+000  0.000000000000000E+000  0.000000000000000E+000  0.000000000000000E+000 -0.000000000000000E+000 -0.000000000000000E+000 -0.000000000000000E+000   0.292701676015697E-012  0.163074718257728E-012 -0.190383322291475E-003
     80.72000000  0.000000000000000E+000  0.000000000000000E+000  0.000000000000000E+000 -0.000000000000000E+000 -0.000000000000000E+000 -0.000000000000000E+000  0.000000000000000E+000  0.000000000000000E+000  0.000000000000000E+000 -0.000000000000000E+000 -0.000000000000000E+000 -0.000000000000000E+000   0.279441267559132E-012  0.149561812165772E-012 -0.198479329766307E-003
     80.80000000  0.000000000000000E+000  0.000000000000000E+000  0.000000000000000E+000 -0.000000000000000E+000 -0.000000000000000E+000 -0.000000000000000E+000  0.000000000000000E+000  0.000000000000000E+000  0.000000000000000E+000 -0.000000000000000E+000 -0.000000000000000E+000 -0.000000000000000E+000   0.266599240297779E-012  0.137475474571560E-012 -0.206667587881868E-003
     80.88000000  0.000000000000000E+000  0.000000000000000E+000  0.000000000000000E+000 -0.000000000000000E+000 -0.000000000000000E+000 -0.000000000000000E+000  0.000000000000000E+000  0.000000000000000E+000  0.000000000000000E+000 -0.000000000000000E+000 -0.000000000000000E+000 -0.000000000000000E+000   0.254220792725365E-012  0.126802412830192E-012 -0.214944919294545E-003
     80.96000000  0.000000000000000E+000  0.000000000000000E+000  0.000000000000000E+000 -0.000000000000000E+000 -0.000000000000000E+000 -0.000000000000000E+000  0.000000000000000E+000  0.000000000000000E+000  0.000000000000000E+000 -0.000000000000000E+000 -0.000000000000000E+000 -0.000000000000000E+000   0.242237217293800E-012  0.117236324769576E-012 -0.223308100125410E-003
     81.04000000  0.000000000000000E+000  0.000000000000000E+000  0.000000000000000E+000 -0.000000000000000E+000 -0.000000000000000E+000 -0.000000000000000E+000  0.000000000000000E+000  0.000000000000000E+000  0.000000000000000E+000 -0.000000000000000E+000 -0.000000000000000E+000 -0.000000000000000E+000   0.230463498792426E-012  0.108242355387991E-012 -0.231753861689438E-003
     81.12000000  0.000000000000000E+000  0.000000000000000E+000  0.000000000000000E+000 -0.000000000000000E+000 -0.000000000000000E+000 -0.000000000000000E+000  0.000000000000000E+000  0.000000000000000E+000  0.000000000000000E+000 -0.000000000000000E+000 -0.000000000000000E+000 -0.000000000000000E+000   0.218608955591564E-012  0.991774318759657E-013 -0.240278892132365E-003
     81.20000000  0.000000000000000E+000  0.000000000000000E+000  0.000000000000000E+000 -0.000000000000000E+000 -0.000000000000000E+000 -0.000000000000000E+000  0.000000000000000E+000  0.000000000000000E+000  0.000000000000000E+000 -0.000000000000000E+000 -0.000000000000000E+000 -0.000000000000000E+000   0.206343952333896E-012  0.894601111648158E-013 -0.248879837960121E-003
     81.28000000  0.000000000000000E+000  0.000000000000000E+000  0.000000000000000E+000 -0.000000000000000E+000 -0.000000000000000E+000 -0.000000000000000E+000  0.000000000000000E+000  0.000000000000000E+000  0.000000000000000E+000 -0.000000000000000E+000 -0.000000000000000E+000 -0.000000000000000E+000   0.193363703851970E-012  0.786987114162304E-013 -0.257553305445654E-003
     81.36000000  0.000000000000000E+000  0.000000000000000E+000  0.000000000000000E+000 -0.000000000000000E+000 -0.000000000000000E+000 -0.000000000000000E+000  0.000000000000000E+000  0.000000000000000E+000  0.000000000000000E+000 -0.000000000000000E+000 -0.000000000000000E+000 -0.000000000000000E+000   0.179441324590707E-012  0.668017983724830E-013 -0.266295861905430E-003
     81.44000000  0.000000000000000E+000  0.000000000000000E+000  0.000000000000000E+000 -0.000000000000000E+000 -0.000000000000000E+000 -0.000000000000000E+000  0.000000000000000E+000  0.000000000000000E+000  0.000000000000000E+000 -0.000000000000000E+000 -0.000000000000000E+000 -0.000000000000000E+000   0.164474274937526E-012  0.539617903121900E-013 -0.275104036853483E-003
     81.52000000  0.000000000000000E+000  0.000000000000000E+000  0.000000000000000E+000 -0.000000000000000E+000 -0.000000000000000E+000 -0.000000000000000E+000  0.000000000000000E+000  0.000000000000000E+000  0.000000000000000E+000 -0.000000000000000E+000 -0.000000000000000E+000 -0.000000000000000E+000   0.148494193455301E-012  0.405953891720599E-013 -0.283974323058812E-003
     81.60000000  0.000000000000000E+000  0.000000000000000E+000  0.000000000000000E+000 -0.000000000000000E+000 -0.000000000000000E+000 -0.000000000000000E+000  0.000000000000000E+000  0.000000000000000E+000  0.000000000000000E+000 -0.000000000000000E+000 -0.000000000000000E+000 -0.000000000000000E+000   0.131633112126232E-012  0.271997749322132E-013 -0.292903177545163E-003
     81.68000000  0.000000000000000E+000  0.000000000000000E+000  0.000000000000000E+000 -0.000000000000000E+000 -0.000000000000000E+000 -0.000000000000000E+000  0.000000000000000E+000  0.000000000000000E+000  0.000000000000000E+000 -0.000000000000000E+000 -0.000000000000000E+000 -0.000000000000000E+000   0.114084814771533E-012  0.141933157372802E-013 -0.301887022575925E-003
     81.76000000  0.000000000000000E+000  0.000000000000000E+000  0.000000000000000E+000 -0.000000000000000E+000 -0.000000000000000E+000 -0.000000000000000E+000  0.000000000000000E+000  0.000000000000000E+000  0.000000000000000E+000 -0.000000000000000E+000 -0.000000000000000E+000 -0.000000000000000E+000   0.960431168977251E-013  0.179494739304023E-014 -0.310922246661257E-003
     81.84000000  0.000000000000000E+000  0.000000000000000E+000  0.000000000000000E+000 -0.000000000000000E+000 -0.000000000000000E+000 -0.000000000000000E+000  0.000000000000000E+000  0.000000000000000E+000  0.000000000000000E+000 -0.000000000000000E+000 -0.000000000000000E+000 -0.000000000000000E+000   0.776561200823662E-013 -0.100314685416004E-013 -0.320005205612782E-003
     81.92000000  0.000000000000000E+000  0.000000000000000E+000  0.000000000000000E+000 -0.000000000000000E+000 -0.000000000000000E+000 -0.000000000000000E+000  0.000000000000000E+000  0.000000000000000E+000  0.000000000000000E+000 -0.000000000000000E+000 -0.000000000000000E+000 -0.000000000000000E+000   0.589771235285754E-013 -0.215563217358345E-013 -0.329132223657502E-003
     82.00000000  0.000000000000000E+000  0.000000000000000E+000  0.000000000000000E+000 -0.000000000000000E+000 -0.000000000000000E+000 -0.000000000000000E+000  0.000000000000000E+000  0.000000000000000E+000  0.000000000000000E+000 -0.000000000000000E+000 -0.000000000000000E+000 -0.000000000000000E+000   0.399723727851751E-013 -0.331915881844705E-013 -0.338299594609709E-003
     82.08000000  0.000000000000000E+000  0.000000000000000E+000  0.000000000000000E+000 -0.000000000000000E+000 -0.000000000000000E+000 -0.000000000000000E+000  0.000000000000000E+000  0.000000000000000E+000  0.000000000000000E+000 -0.000000000000000E+000 -0.000000000000000E+000 -0.000000000000000E+000   0.205227379385610E-013 -0.453581899933328E-013 -0.347503583088606E-003
     82.16000000  0.000000000000000E+000  0.000000000000000E+000  0.000000000000000E+000 -0.000000000000000E+000 -0.000000000000000E+000 -0.000000000000000E+000  0.000000000000000E+000  0.000000000000000E+000  0.000000000000000E+000 -0.000000000000000E+000 -0.000000000000000E+000 -0.000000000000000E+000   0.487881377911741E-015 -0.583643598167137E-013 -0.356740425761838E-003
     82.24000000  0.000000000000000E+000  0.000000000000000E+000  0.000000000000000E+000 -0.000000000000000E+000 -0.000000000000000E+000 -0.000000000000000E+000  0.000000000000000E+000  0.000000000000000E+000  0.000000000000000E+000 -0.000000000000000E+000 -0.000000000000000E+000 -0.000000000000000E+000  -0.202480865642661E-013 -0.722992170026664E-013 -0.366006332592712E-003
     82.32000000  0.000000000000000E+000  0.000000000000000E+000  0.000000000000000E+000 -0.000000000000000E+000 -0.000000000000000E+000 -0.000000000000000E+000  0.000000000000000E+000  0.000000000000000E+000  0.000000000000000E+000 -0.000000000000000E+000 -0.000000000000000E+000 -0.000000000000000E+000  -0.417194468799274E-013 -0.870035165964073E-013 -0.375297488073761E-003
     82.40000000  0.000000000000000E+000  0.000000000000000E+000  0.000000000000000E+000 -0.000000000000000E+000 -0.000000000000000E+000 -0.000000000000000E+000  0.000000000000000E+000  0.000000000000000E+000  0.000000000000000E+000 -0.000000000000000E+000 -0.000000000000000E+000 -0.000000000000000E+000  -0.638386587139734E-013 -0.102087718121660E-012 -0.384610052441623E-003
     82.48000000  0.000000000000000E+000  0.000000000000000E+000  0.000000000000000E+000 -0.000000000000000E+000 -0.000000000000000E+000 -0.000000000000000E+000  0.000000000000000E+000  0.000000000000000E+000  0.000000000000000E+000 -0.000000000000000E+000 -0.000000000000000E+000 -0.000000000000000E+000  -0.863919888624735E-013 -0.117026916515874E-012 -0.393940162885387E-003
     82.56000000  0.000000000000000E+000  0.000000000000000E+000  0.000000000000000E+000 -0.000000000000000E+000 -0.000000000000000E+000 -0.000000000000000E+000  0.000000000000000E+000  0.000000000000000E+000  0.000000000000000E+000 -0.000000000000000E+000 -0.000000000000000E+000 -0.000000000000000E+000  -0.109073753299159E-012 -0.131283092074006E-012 -0.403283934777777E-003
     82.64000000  0.000000000000000E+000  0.000000000000000E+000  0.000000000000000E+000 -0.000000000000000E+000 -0.000000000000000E+000 -0.000000000000000E+000  0.000000000000000E+000  0.000000000000000E+000  0.000000000000000E+000 -0.000000000000000E+000 -0.000000000000000E+000 -0.000000000000000E+000  -0.131540318317882E-012 -0.144436790943417E-012 -0.412637462971190E-003
     82.72000000  0.000000000000000E+000  0.000000000000000E+000  0.000000000000000E+000 -0.000000000000000E+000 -0.000000000000000E+000 -0.000000000000000E+000  0.000000000000000E+000  0.000000000000000E+000  0.000000000000000E+000 -0.000000000000000E+000 -0.000000000000000E+000 -0.000000000000000E+000  -0.153485699352536E-012 -0.156294781631118E-012 -0.421996823205492E-003
     82.80000000  0.000000000000000E+000  0.000000000000000E+000  0.000000000000000E+000 -0.000000000000000E+000 -0.000000000000000E+000 -0.000000000000000E+000  0.000000000000000E+000  0.000000000000000E+000  0.000000000000000E+000 -0.000000000000000E+000 -0.000000000000000E+000 -0.000000000000000E+000  -0.174695314848635E-012 -0.166932373271760E-012 -0.431358073670731E-003
     82.88000000  0.000000000000000E+000  0.000000000000000E+000  0.000000000000000E+000 -0.000000000000000E+000 -0.000000000000000E+000 -0.000000000000000E+000  0.000000000000000E+000  0.000000000000000E+000  0.000000000000000E+000 -0.000000000000000E+000 -0.000000000000000E+000 -0.000000000000000E+000  -0.195090764597332E-012 -0.176659905623893E-012 -0.440717256756275E-003
     82.96000000  0.000000000000000E+000  0.000000000000000E+000  0.000000000000000E+000 -0.000000000000000E+000 -0.000000000000000E+000 -0.000000000000000E+000  0.000000000000000E+000  0.000000000000000E+000  0.000000000000000E+000 -0.000000000000000E+000 -0.000000000000000E+000 -0.000000000000000E+000  -0.214729993118656E-012 -0.185924960873011E-012 -0.450070400998317E-003
     83.04000000  0.000000000000000E+000  0.000000000000000E+000  0.000000000000000E+000 -0.000000000000000E+000 -0.000000000000000E+000 -0.000000000000000E+000  0.000000000000000E+000  0.000000000000000E+000  0.000000000000000E+000 -0.000000000000000E+000 -0.000000000000000E+000 -0.000000000000000E+000  -0.233782495407201E-012 -0.195175606083914E-012 -0.459413523211707E-003
     83.12000000  0.000000000000000E+000  0.000000000000000E+000  0.000000000000000E+000 -0.000000000000000E+000 -0.000000000000000E+000 -0.000000000000000E+000  0.000000000000000E+000  0.000000000000000E+000  0.000000000000000E+000 -0.000000000000000E+000 -0.000000000000000E+000 -0.000000000000000E+000  -0.252473023687137E-012 -0.204736288756719E-012 -0.468742630762561E-003
     83.20000000  0.000000000000000E+000  0.000000000000000E+000  0.000000000000000E+000 -0.000000000000000E+000 -0.000000000000000E+000 -0.000000000000000E+000  0.000000000000000E+000  0.000000000000000E+000  0.000000000000000E+000 -0.000000000000000E+000 -0.000000000000000E+000 -0.000000000000000E+000  -0.271028361838215E-012 -0.214723943170144E-012 -0.478053723911324E-003
     83.28000000  0.000000000000000E+000  0.000000000000000E+000  0.000000000000000E+000 -0.000000000000000E+000 -0.000000000000000E+000 -0.000000000000000E+000  0.000000000000000E+000  0.000000000000000E+000  0.000000000000000E+000 -0.000000000000000E+000 -0.000000000000000E+000 -0.000000000000000E+000  -0.289614721723953E-012 -0.225030284569470E-012 -0.487342798140519E-003
     83.36000000  0.000000000000000E+000  0.000000000000000E+000  0.000000000000000E+000 -0.000000000000000E+000 -0.000000000000000E+000 -0.000000000000000E+000  0.000000000000000E+000  0.000000000000000E+000  0.000000000000000E+000 -0.000000000000000E+000 -0.000000000000000E+000 -0.000000000000000E+000  -0.308309797974755E-012 -0.235376473974995E-012 -0.496605846384535E-003
     83.44000000  0.000000000000000E+000  0.000000000000000E+000  0.000000000000000E+000 -0.000000000000000E+000 -0.000000000000000E+000 -0.000000000000000E+000  0.000000000000000E+000  0.000000000000000E+000  0.000000000000000E+000 -0.000000000000000E+000 -0.000000000000000E+000 -0.000000000000000E+000  -0.327101895324375E-012 -0.245407816591030E-012 -0.505838861101262E-003
     83.52000000  0.000000000000000E+000  0.000000000000000E+000  0.000000000000000E+000 -0.000000000000000E+000 -0.000000000000000E+000 -0.000000000000000E+000  0.000000000000000E+000  0.000000000000000E+000  0.000000000000000E+000 -0.000000000000000E+000 -0.000000000000000E+000 -0.000000000000000E+000  -0.345913900363867E-012 -0.254810132399874E-012 -0.515037836160856E-003
     83.60000000  0.000000000000000E+000  0.000000000000000E+000  0.000000000000000E+000 -0.000000000000000E+000 -0.000000000000000E+000 -0.000000000000000E+000  0.000000000000000E+000  0.000000000000000E+000  0.000000000000000E+000 -0.000000000000000E+000 -0.000000000000000E+000 -0.000000000000000E+000  -0.364646729563304E-012 -0.263401991900934E-012 -0.524198768562750E-003
     83.68000000  0.000000000000000E+000  0.000000000000000E+000  0.000000000000000E+000 -0.000000000000000E+000 -0.000000000000000E+000 -0.000000000000000E+000  0.000000000000000E+000  0.000000000000000E+000  0.000000000000000E+000 -0.000000000000000E+000 -0.000000000000000E+000 -0.000000000000000E+000  -0.383242012125480E-012 -0.271187782724879E-012 -0.533317660016554E-003
     83.76000000  0.000000000000000E+000  0.000000000000000E+000  0.000000000000000E+000 -0.000000000000000E+000 -0.000000000000000E+000 -0.000000000000000E+000  0.000000000000000E+000  0.000000000000000E+000  0.000000000000000E+000 -0.000000000000000E+000 -0.000000000000000E+000 -0.000000000000000E+000  -0.401709931049116E-012 -0.278373725081625E-012 -0.542390518430427E-003
     83.84000000  0.000000000000000E+000  0.000000000000000E+000  0.000000000000000E+000 -0.000000000000000E+000 -0.000000000000000E+000 -0.000000000000000E+000  0.000000000000000E+000  0.000000000000000E+000  0.000000000000000E+000 -0.000000000000000E+000 -0.000000000000000E+000 -0.000000000000000E+000  -0.420156245581771E-012 -0.285315078173151E-012 -0.551413359345390E-003
     83.92000000  0.000000000000000E+000  0.000000000000000E+000  0.000000000000000E+000 -0.000000000000000E+000 -0.000000000000000E+000 -0.000000000000000E+000  0.000000000000000E+000  0.000000000000000E+000  0.000000000000000E+000 -0.000000000000000E+000 -0.000000000000000E+000 -0.000000000000000E+000  -0.438773770640925E-012 -0.292444924204386E-012 -0.560382207345379E-003
     84.00000000  0.000000000000000E+000  0.000000000000000E+000  0.000000000000000E+000 -0.000000000000000E+000 -0.000000000000000E+000 -0.000000000000000E+000  0.000000000000000E+000  0.000000000000000E+000  0.000000000000000E+000 -0.000000000000000E+000 -0.000000000000000E+000 -0.000000000000000E+000  -0.457806920893210E-012 -0.300170179340400E-012 -0.569293097469160E-003
     84.08000000  0.000000000000000E+000  0.000000000000000E+000  0.000000000000000E+000 -0.000000000000000E+000 -0.000000000000000E+000 -0.000000000000000E+000  0.000000000000000E+000  0.000000000000000E+000  0.000000000000000E+000 -0.000000000000000E+000 -0.000000000000000E+000 -0.000000000000000E+000  -0.477514550117097E-012 -0.308776985773077E-012 -0.578142076653852E-003
     84.16000000  0.000000000000000E+000  0.000000000000000E+000  0.000000000000000E+000 -0.000000000000000E+000 -0.000000000000000E+000 -0.000000000000000E+000  0.000000000000000E+000  0.000000000000000E+000  0.000000000000000E+000 -0.000000000000000E+000 -0.000000000000000E+000 -0.000000000000000E+000  -0.498119167240579E-012 -0.318363893181989E-012 -0.586925205245392E-003
     84.24000000  0.000000000000000E+000  0.000000000000000E+000  0.000000000000000E+000 -0.000000000000000E+000 -0.000000000000000E+000 -0.000000000000000E+000  0.000000000000000E+000  0.000000000000000E+000  0.000000000000000E+000 -0.000000000000000E+000 -0.000000000000000E+000 -0.000000000000000E+000  -0.519787094708112E-012 -0.328826692954560E-012 -0.595638558610239E-003
     84.32000000  0.000000000000000E+000  0.000000000000000E+000  0.000000000000000E+000 -0.000000000000000E+000 -0.000000000000000E+000 -0.000000000000000E+000  0.000000000000000E+000  0.000000000000000E+000  0.000000000000000E+000 -0.000000000000000E+000 -0.000000000000000E+000 -0.000000000000000E+000  -0.542591450035024E-012 -0.339895340822808E-012 -0.604278228869303E-003
     84.40000000  0.000000000000000E+000  0.000000000000000E+000  0.000000000000000E+000 -0.000000000000000E+000 -0.000000000000000E+000 -0.000000000000000E+000  0.000000000000000E+000  0.000000000000000E+000  0.000000000000000E+000 -0.000000000000000E+000 -0.000000000000000E+000 -0.000000000000000E+000  -0.566523176180355E-012 -0.351219632112699E-012 -0.612840326751124E-003
     84.48000000  0.000000000000000E+000  0.000000000000000E+000  0.000000000000000E+000 -0.000000000000000E+000 -0.000000000000000E+000 -0.000000000000000E+000  0.000000000000000E+000  0.000000000000000E+000  0.000000000000000E+000 -0.000000000000000E+000 -0.000000000000000E+000 -0.000000000000000E+000  -0.591498113809232E-012 -0.362464097511803E-012 -0.621320983534787E-003
     84.56000000  0.000000000000000E+000  0.000000000000000E+000  0.000000000000000E+000 -0.000000000000000E+000 -0.000000000000000E+000 -0.000000000000000E+000  0.000000000000000E+000  0.000000000000000E+000  0.000000000000000E+000 -0.000000000000000E+000 -0.000000000000000E+000 -0.000000000000000E+000  -0.617375896609751E-012 -0.373402710136853E-012 -0.629716353033584E-003
     84.64000000  0.000000000000000E+000  0.000000000000000E+000  0.000000000000000E+000 -0.000000000000000E+000 -0.000000000000000E+000 -0.000000000000000E+000  0.000000000000000E+000  0.000000000000000E+000  0.000000000000000E+000 -0.000000000000000E+000 -0.000000000000000E+000 -0.000000000000000E+000  -0.643996433762770E-012 -0.383962909192766E-012 -0.638022613563916E-003
     84.72000000  0.000000000000000E+000  0.000000000000000E+000  0.000000000000000E+000 -0.000000000000000E+000 -0.000000000000000E+000 -0.000000000000000E+000  0.000000000000000E+000  0.000000000000000E+000  0.000000000000000E+000 -0.000000000000000E+000 -0.000000000000000E+000 -0.000000000000000E+000  -0.671191808923511E-012 -0.394223751401668E-012 -0.646235969849892E-003
     84.80000000  0.000000000000000E+000  0.000000000000000E+000  0.000000000000000E+000 -0.000000000000000E+000 -0.000000000000000E+000 -0.000000000000000E+000  0.000000000000000E+000  0.000000000000000E+000  0.000000000000000E+000 -0.000000000000000E+000 -0.000000000000000E+000 -0.000000000000000E+000  -0.698817860739141E-012 -0.404375582289810E-012 -0.654352654827432E-003
     84.88000000  0.000000000000000E+000  0.000000000000000E+000  0.000000000000000E+000 -0.000000000000000E+000 -0.000000000000000E+000 -0.000000000000000E+000  0.000000000000000E+000  0.000000000000000E+000  0.000000000000000E+000 -0.000000000000000E+000 -0.000000000000000E+000 -0.000000000000000E+000  -0.726747938866975E-012 -0.414641689341797E-012 -0.662368931327454E-003
     84.96000000  0.000000000000000E+000  0.000000000000000E+000  0.000000000000000E+000 -0.000000000000000E+000 -0.000000000000000E+000 -0.000000000000000E+000  0.000000000000000E+000  0.000000000000000E+000  0.000000000000000E+000 -0.000000000000000E+000 -0.000000000000000E+000 -0.000000000000000E+000  -0.754879930575507E-012 -0.425212459839465E-012 -0.670281093633483E-003
     85.04000000  0.000000000000000E+000  0.000000000000000E+000  0.000000000000000E+000 -0.000000000000000E+000 -0.000000000000000E+000 -0.000000000000000E+000  0.000000000000000E+000  0.000000000000000E+000  0.000000000000000E+000 -0.000000000000000E+000 -0.000000000000000E+000 -0.000000000000000E+000  -0.783107373815120E-012 -0.436175024830826E-012 -0.678085468925492E-003
     85.12000000  0.000000000000000E+000  0.000000000000000E+000  0.000000000000000E+000 -0.000000000000000E+000 -0.000000000000000E+000 -0.000000000000000E+000  0.000000000000000E+000  0.000000000000000E+000  0.000000000000000E+000 -0.000000000000000E+000 -0.000000000000000E+000 -0.000000000000000E+000  -0.811332126768291E-012 -0.447491210485984E-012 -0.685778418639107E-003
     85.20000000  0.000000000000000E+000  0.000000000000000E+000  0.000000000000000E+000 -0.000000000000000E+000 -0.000000000000000E+000 -0.000000000000000E+000  0.000000000000000E+000  0.000000000000000E+000  0.000000000000000E+000 -0.000000000000000E+000 -0.000000000000000E+000 -0.000000000000000E+000  -0.839434830791151E-012 -0.458984922639399E-012 -0.693356339784993E-003
     85.28000000  0.000000000000000E+000  0.000000000000000E+000  0.000000000000000E+000 -0.000000000000000E+000 -0.000000000000000E+000 -0.000000000000000E+000  0.000000000000000E+000  0.000000000000000E+000  0.000000000000000E+000 -0.000000000000000E+000 -0.000000000000000E+000 -0.000000000000000E+000  -0.867289255120353E-012 -0.470363463032801E-012 -0.700815666281195E-003
     85.36000000  0.000000000000000E+000  0.000000000000000E+000  0.000000000000000E+000 -0.000000000000000E+000 -0.000000000000000E+000 -0.000000000000000E+000  0.000000000000000E+000  0.000000000000000E+000  0.000000000000000E+000 -0.000000000000000E+000 -0.000000000000000E+000 -0.000000000000000E+000  -0.894759640860101E-012 -0.481271341004616E-012 -0.708152870345844E-003
     85.44000000  0.000000000000000E+000  0.000000000000000E+000  0.000000000000000E+000 -0.000000000000000E+000 -0.000000000000000E+000 -0.000000000000000E+000  0.000000000000000E+000  0.000000000000000E+000  0.000000000000000E+000 -0.000000000000000E+000 -0.000000000000000E+000 -0.000000000000000E+000  -0.921695788394970E-012 -0.491334821776108E-012 -0.715364463977854E-003
     85.52000000  0.000000000000000E+000  0.000000000000000E+000  0.000000000000000E+000 -0.000000000000000E+000 -0.000000000000000E+000 -0.000000000000000E+000  0.000000000000000E+000  0.000000000000000E+000  0.000000000000000E+000 -0.000000000000000E+000 -0.000000000000000E+000 -0.000000000000000E+000  -0.947924990906916E-012 -0.500236635133781E-012 -0.722447000524312E-003
     85.60000000  0.000000000000000E+000  0.000000000000000E+000  0.000000000000000E+000 -0.000000000000000E+000 -0.000000000000000E+000 -0.000000000000000E+000  0.000000000000000E+000  0.000000000000000E+000  0.000000000000000E+000 -0.000000000000000E+000 -0.000000000000000E+000 -0.000000000000000E+000  -0.973260271770692E-012 -0.507760792570054E-012 -0.729397076305371E-003
     85.68000000  0.000000000000000E+000  0.000000000000000E+000  0.000000000000000E+000 -0.000000000000000E+000 -0.000000000000000E+000 -0.000000000000000E+000  0.000000000000000E+000  0.000000000000000E+000  0.000000000000000E+000 -0.000000000000000E+000 -0.000000000000000E+000 -0.000000000000000E+000  -0.997475991824518E-012 -0.513817680257861E-012 -0.736211332250376E-003
     85.76000000  0.000000000000000E+000  0.000000000000000E+000  0.000000000000000E+000 -0.000000000000000E+000 -0.000000000000000E+000 -0.000000000000000E+000  0.000000000000000E+000  0.000000000000000E+000  0.000000000000000E+000 -0.000000000000000E+000 -0.000000000000000E+000 -0.000000000000000E+000  -0.102033369388251E-011 -0.518448128636136E-012 -0.742886455496918E-003
     85.84000000  0.000000000000000E+000  0.000000000000000E+000  0.000000000000000E+000 -0.000000000000000E+000 -0.000000000000000E+000 -0.000000000000000E+000  0.000000000000000E+000  0.000000000000000E+000  0.000000000000000E+000 -0.000000000000000E+000 -0.000000000000000E+000 -0.000000000000000E+000  -0.104160223466868E-011 -0.521767626161098E-012 -0.749419180915616E-003
     85.92000000  0.000000000000000E+000  0.000000000000000E+000  0.000000000000000E+000 -0.000000000000000E+000 -0.000000000000000E+000 -0.000000000000000E+000  0.000000000000000E+000  0.000000000000000E+000  0.000000000000000E+000 -0.000000000000000E+000 -0.000000000000000E+000 -0.000000000000000E+000  -0.106109669242833E-011 -0.523940451014163E-012 -0.755806292540917E-003
     86.00000000  0.000000000000000E+000  0.000000000000000E+000  0.000000000000000E+000 -0.000000000000000E+000 -0.000000000000000E+000 -0.000000000000000E+000  0.000000000000000E+000  0.000000000000000E+000  0.000000000000000E+000 -0.000000000000000E+000 -0.000000000000000E+000 -0.000000000000000E+000  -0.107871064440478E-011 -0.525099701686125E-012 -0.762044624906010E-003
     86.08000000  0.000000000000000E+000  0.000000000000000E+000  0.000000000000000E+000 -0.000000000000000E+000 -0.000000000000000E+000 -0.000000000000000E+000  0.000000000000000E+000  0.000000000000000E+000  0.000000000000000E+000 -0.000000000000000E+000 -0.000000000000000E+000 -0.000000000000000E+000  -0.109444202619049E-011 -0.525318191199656E-012 -0.768131064294470E-003
     86.16000000  0.000000000000000E+000  0.000000000000000E+000  0.000000000000000E+000 -0.000000000000000E+000 -0.000000000000000E+000 -0.000000000000000E+000  0.000000000000000E+000  0.000000000000000E+000  0.000000000000000E+000 -0.000000000000000E+000 -0.000000000000000E+000 -0.000000000000000E+000  -0.110840189327908E-011 -0.524588575528130E-012 -0.774062549932870E-003
     86.24000000  0.000000000000000E+000  0.000000000000000E+000  0.000000000000000E+000 -0.000000000000000E+000 -0.000000000000000E+000 -0.000000000000000E+000  0.000000000000000E+000  0.000000000000000E+000  0.000000000000000E+000 -0.000000000000000E+000 -0.000000000000000E+000 -0.000000000000000E+000  -0.112079774979417E-011 -0.522820957245302E-012 -0.779836075157785E-003
     86.32000000  0.000000000000000E+000  0.000000000000000E+000  0.000000000000000E+000 -0.000000000000000E+000 -0.000000000000000E+000 -0.000000000000000E+000  0.000000000000000E+000  0.000000000000000E+000  0.000000000000000E+000 -0.000000000000000E+000 -0.000000000000000E+000 -0.000000000000000E+000  -0.113188999609444E-011 -0.519868485056987E-012 -0.785448688596638E-003
     86.40000000  0.000000000000000E+000  0.000000000000000E+000  0.000000000000000E+000 -0.000000000000000E+000 -0.000000000000000E+000 -0.000000000000000E+000  0.000000000000000E+000  0.000000000000000E+000  0.000000000000000E+000 -0.000000000000000E+000 -0.000000000000000E+000 -0.000000000000000E+000  -0.114195983365997E-011 -0.515561949010864E-012 -0.790897495401652E-003
     86.48000000  0.000000000000000E+000  0.000000000000000E+000  0.000000000000000E+000 -0.000000000000000E+000 -0.000000000000000E+000 -0.000000000000000E+000  0.000000000000000E+000  0.000000000000000E+000  0.000000000000000E+000 -0.000000000000000E+000 -0.000000000000000E+000 -0.000000000000000E+000  -0.115124568206211E-011 -0.509746283977399E-012 -0.796179658567697E-003
     86.56000000  0.000000000000000E+000  0.000000000000000E+000  0.000000000000000E+000 -0.000000000000000E+000 -0.000000000000000E+000 -0.000000000000000E+000  0.000000000000000E+000  0.000000000000000E+000  0.000000000000000E+000 -0.000000000000000E+000 -0.000000000000000E+000 -0.000000000000000E+000  -0.115991390126965E-011 -0.502322798069602E-012 -0.801292400348461E-003
     86.64000000  0.000000000000000E+000  0.000000000000000E+000  0.000000000000000E+000 -0.000000000000000E+000 -0.000000000000000E+000 -0.000000000000000E+000  0.000000000000000E+000  0.000000000000000E+000  0.000000000000000E+000 -0.000000000000000E+000 -0.000000000000000E+000 -0.000000000000000E+000  -0.116804216765473E-011 -0.493297560811856E-012 -0.806233003765968E-003
     86.72000000  0.000000000000000E+000  0.000000000000000E+000  0.000000000000000E+000 -0.000000000000000E+000 -0.000000000000000E+000 -0.000000000000000E+000  0.000000000000000E+000  0.000000000000000E+000  0.000000000000000E+000 -0.000000000000000E+000 -0.000000000000000E+000 -0.000000000000000E+000  -0.117562525207514E-011 -0.482799931891527E-012 -0.810998814192158E-003
     86.80000000  0.000000000000000E+000  0.000000000000000E+000  0.000000000000000E+000 -0.000000000000000E+000 -0.000000000000000E+000 -0.000000000000000E+000  0.000000000000000E+000  0.000000000000000E+000  0.000000000000000E+000 -0.000000000000000E+000 -0.000000000000000E+000 -0.000000000000000E+000  -0.118261893759147E-011 -0.471094576729151E-012 -0.815587240972284E-003
     86.88000000  0.000000000000000E+000  0.000000000000000E+000  0.000000000000000E+000 -0.000000000000000E+000 -0.000000000000000E+000 -0.000000000000000E+000  0.000000000000000E+000  0.000000000000000E+000  0.000000000000000E+000 -0.000000000000000E+000 -0.000000000000000E+000 -0.000000000000000E+000  -0.118898641177539E-011 -0.458567363756321E-012 -0.819995759058154E-003
     86.96000000  0.000000000000000E+000  0.000000000000000E+000  0.000000000000000E+000 -0.000000000000000E+000 -0.000000000000000E+000 -0.000000000000000E+000  0.000000000000000E+000  0.000000000000000E+000  0.000000000000000E+000 -0.000000000000000E+000 -0.000000000000000E+000 -0.000000000000000E+000  -0.119477255074615E-011 -0.445665629644461E-012 -0.824221910620646E-003
     87.04000000  0.000000000000000E+000  0.000000000000000E+000  0.000000000000000E+000 -0.000000000000000E+000 -0.000000000000000E+000 -0.000000000000000E+000  0.000000000000000E+000  0.000000000000000E+000  0.000000000000000E+000 -0.000000000000000E+000 -0.000000000000000E+000 -0.000000000000000E+000  -0.120014847718196E-011 -0.432845856260130E-012 -0.828263306611093E-003
     87.12000000  0.000000000000000E+000  0.000000000000000E+000  0.000000000000000E+000 -0.000000000000000E+000 -0.000000000000000E+000 -0.000000000000000E+000  0.000000000000000E+000  0.000000000000000E+000  0.000000000000000E+000 -0.000000000000000E+000 -0.000000000000000E+000 -0.000000000000000E+000  -0.120542091557925E-011 -0.420492449177649E-012 -0.832117628239204E-003
     87.20000000  0.000000000000000E+000  0.000000000000000E+000  0.000000000000000E+000 -0.000000000000000E+000 -0.000000000000000E+000 -0.000000000000000E+000  0.000000000000000E+000  0.000000000000000E+000  0.000000000000000E+000 -0.000000000000000E+000 -0.000000000000000E+000 -0.000000000000000E+000  -0.121100792438232E-011 -0.408870098601108E-012 -0.835782628334418E-003
     87.28000000  0.000000000000000E+000  0.000000000000000E+000  0.000000000000000E+000 -0.000000000000000E+000 -0.000000000000000E+000 -0.000000000000000E+000  0.000000000000000E+000  0.000000000000000E+000  0.000000000000000E+000 -0.000000000000000E+000 -0.000000000000000E+000 -0.000000000000000E+000  -0.121736086335537E-011 -0.398094160253530E-012 -0.839256132563734E-003
     87.36000000  0.000000000000000E+000  0.000000000000000E+000  0.000000000000000E+000 -0.000000000000000E+000 -0.000000000000000E+000 -0.000000000000000E+000  0.000000000000000E+000  0.000000000000000E+000  0.000000000000000E+000 -0.000000000000000E+000 -0.000000000000000E+000 -0.000000000000000E+000  -0.122486105650413E-011 -0.388146920981921E-012 -0.842536040495173E-003
     87.44000000  0.000000000000000E+000  0.000000000000000E+000  0.000000000000000E+000 -0.000000000000000E+000 -0.000000000000000E+000 -0.000000000000000E+000  0.000000000000000E+000  0.000000000000000E+000  0.000000000000000E+000 -0.000000000000000E+000 -0.000000000000000E+000 -0.000000000000000E+000  -0.123374100671794E-011 -0.378904858536270E-012 -0.845620326519511E-003
     87.52000000  0.000000000000000E+000  0.000000000000000E+000  0.000000000000000E+000 -0.000000000000000E+000 -0.000000000000000E+000 -0.000000000000000E+000  0.000000000000000E+000  0.000000000000000E+000  0.000000000000000E+000 -0.000000000000000E+000 -0.000000000000000E+000 -0.000000000000000E+000  -0.124400953970366E-011 -0.370209530823544E-012 -0.848507040665945E-003
     87.60000000  0.000000000000000E+000  0.000000000000000E+000  0.000000000000000E+000 -0.000000000000000E+000 -0.000000000000000E+000 -0.000000000000000E+000  0.000000000000000E+000  0.000000000000000E+000  0.000000000000000E+000 -0.000000000000000E+000 -0.000000000000000E+000 -0.000000000000000E+000  -0.125545768408836E-011 -0.361927634684688E-012 -0.851194309360101E-003
     87.68000000  0.000000000000000E+000  0.000000000000000E+000  0.000000000000000E+000 -0.000000000000000E+000 -0.000000000000000E+000 -0.000000000000000E+000  0.000000000000000E+000  0.000000000000000E+000  0.000000000000000E+000 -0.000000000000000E+000 -0.000000000000000E+000 -0.000000000000000E+000  -0.126769689845543E-011 -0.354012650693780E-012 -0.853680336169484E-003
     87.76000000  0.000000000000000E+000  0.000000000000000E+000  0.000000000000000E+000 -0.000000000000000E+000 -0.000000000000000E+000 -0.000000000000000E+000  0.000000000000000E+000  0.000000000000000E+000  0.000000000000000E+000 -0.000000000000000E+000 -0.000000000000000E+000 -0.000000000000000E+000  -0.128025166007686E-011 -0.346537267955709E-012 -0.855963402562973E-003
     87.84000000  0.000000000000000E+000  0.000000000000000E+000  0.000000000000000E+000 -0.000000000000000E+000 -0.000000000000000E+000 -0.000000000000000E+000  0.000000000000000E+000  0.000000000000000E+000  0.000000000000000E+000 -0.000000000000000E+000 -0.000000000000000E+000 -0.000000000000000E+000  -0.129265807730462E-011 -0.339691546860339E-012 -0.858041868684955E-003
     87.92000000  0.000000000000000E+000  0.000000000000000E+000  0.000000000000000E+000 -0.000000000000000E+000 -0.000000000000000E+000 -0.000000000000000E+000  0.000000000000000E+000  0.000000000000000E+000  0.000000000000000E+000 -0.000000000000000E+000 -0.000000000000000E+000 -0.000000000000000E+000  -0.130456239686721E-011 -0.333742088392603E-012 -0.859914174121117E-003
     88.00000000  0.000000000000000E+000  0.000000000000000E+000  0.000000000000000E+000 -0.000000000000000E+000 -0.000000000000000E+000 -0.000000000000000E+000  0.000000000000000E+000  0.000000000000000E+000  0.000000000000000E+000 -0.000000000000000E+000 -0.000000000000000E+000 -0.000000000000000E+000  -0.131577199211588E-011 -0.328965779654576E-012 -0.861578838619748E-003
     88.08000000  0.000000000000000E+000  0.000000000000000E+000  0.000000000000000E+000 -0.000000000000000E+000 -0.000000000000000E+000 -0.000000000000000E+000  0.000000000000000E+000  0.000000000000000E+000  0.000000000000000E+000 -0.000000000000000E+000 -0.000000000000000E+000 -0.000000000000000E+000  -0.132626028754879E-011 -0.325548948820727E-012 -0.863034462731456E-003
     88.16000000  0.000000000000000E+000  0.000000000000000E+000  0.000000000000000E+000 -0.000000000000000E+000 -0.000000000000000E+000 -0.000000000000000E+000  0.000000000000000E+000  0.000000000000000E+000  0.000000000000000E+000 -0.000000000000000E+000 -0.000000000000000E+000 -0.000000000000000E+000  -0.133613144243100E-011 -0.323513566670842E-012 -0.864279728338720E-003
     88.24000000  0.000000000000000E+000  0.000000000000000E+000  0.000000000000000E+000 -0.000000000000000E+000 -0.000000000000000E+000 -0.000000000000000E+000  0.000000000000000E+000  0.000000000000000E+000  0.000000000000000E+000 -0.000000000000000E+000 -0.000000000000000E+000 -0.000000000000000E+000  -0.134552691509204E-011 -0.322656629398707E-012 -0.865313399058382E-003
     88.32000000  0.000000000000000E+000  0.000000000000000E+000  0.000000000000000E+000 -0.000000000000000E+000 -0.000000000000000E+000 -0.000000000000000E+000  0.000000000000000E+000  0.000000000000000E+000  0.000000000000000E+000 -0.000000000000000E+000 -0.000000000000000E+000 -0.000000000000000E+000  -0.135453470183975E-011 -0.322550802294398E-012 -0.866134320510985E-003
     88.40000000  0.000000000000000E+000  0.000000000000000E+000  0.000000000000000E+000 -0.000000000000000E+000 -0.000000000000000E+000 -0.000000000000000E+000  0.000000000000000E+000  0.000000000000000E+000  0.000000000000000E+000 -0.000000000000000E+000 -0.000000000000000E+000 -0.000000000000000E+000  -0.136309781756009E-011 -0.322594286518926E-012 -0.866741420458847E-003
     88.48000000  0.000000000000000E+000  0.000000000000000E+000  0.000000000000000E+000 -0.000000000000000E+000 -0.000000000000000E+000 -0.000000000000000E+000  0.000000000000000E+000  0.000000000000000E+000  0.000000000000000E+000 -0.000000000000000E+000 -0.000000000000000E+000 -0.000000000000000E+000  -0.137096171799784E-011 -0.322103540852046E-012 -0.867133708821762E-003
     88.56000000  0.000000000000000E+000  0.000000000000000E+000  0.000000000000000E+000 -0.000000000000000E+000 -0.000000000000000E+000 -0.000000000000000E+000  0.000000000000000E+000  0.000000000000000E+000  0.000000000000000E+000 -0.000000000000000E+000 -0.000000000000000E+000 -0.000000000000000E+000  -0.137768403536507E-011 -0.320432944860155E-012 -0.867310277586898E-003
     88.64000000  0.000000000000000E+000  0.000000000000000E+000  0.000000000000000E+000 -0.000000000000000E+000 -0.000000000000000E+000 -0.000000000000000E+000  0.000000000000000E+000  0.000000000000000E+000  0.000000000000000E+000 -0.000000000000000E+000 -0.000000000000000E+000 -0.000000000000000E+000  -0.138269900498472E-011 -0.317068482685303E-012 -0.867270300637532E-003
     88.72000000  0.000000000000000E+000  0.000000000000000E+000  0.000000000000000E+000 -0.000000000000000E+000 -0.000000000000000E+000 -0.000000000000000E+000  0.000000000000000E+000  0.000000000000000E+000  0.000000000000000E+000 -0.000000000000000E+000 -0.000000000000000E+000 -0.000000000000000E+000  -0.138544168392717E-011 -0.311716355428332E-012 -0.867013033531394E-003
     88.80000000  0.000000000000000E+000  0.000000000000000E+000  0.000000000000000E+000 -0.000000000000000E+000 -0.000000000000000E+000 -0.000000000000000E+000  0.000000000000000E+000  0.000000000000000E+000  0.000000000000000E+000 -0.000000000000000E+000 -0.000000000000000E+000 -0.000000000000000E+000  -0.138546893498487E-011 -0.304303199997103E-012 -0.866537813258679E-003
     88.88000000  0.000000000000000E+000  0.000000000000000E+000  0.000000000000000E+000 -0.000000000000000E+000 -0.000000000000000E+000 -0.000000000000000E+000  0.000000000000000E+000  0.000000000000000E+000  0.000000000000000E+000 -0.000000000000000E+000 -0.000000000000000E+000 -0.000000000000000E+000  -0.138257395569116E-011 -0.294959599382786E-012 -0.865844058000568E-003
     88.96000000  0.000000000000000E+000  0.000000000000000E+000  0.000000000000000E+000 -0.000000000000000E+000 -0.000000000000000E+000 -0.000000000000000E+000  0.000000000000000E+000  0.000000000000000E+000  0.000000000000000E+000 -0.000000000000000E+000 -0.000000000000000E+000 -0.000000000000000E+000  -0.137683973212266E-011 -0.283931763099144E-012 -0.864931266892203E-003
     89.04000000  0.000000000000000E+000  0.000000000000000E+000  0.000000000000000E+000 -0.000000000000000E+000 -0.000000000000000E+000 -0.000000000000000E+000  0.000000000000000E+000  0.000000000000000E+000  0.000000000000000E+000 -0.000000000000000E+000 -0.000000000000000E+000 -0.000000000000000E+000  -0.136862172711432E-011 -0.271489302360720E-012 -0.863799019775545E-003
     89.12000000  0.000000000000000E+000  0.000000000000000E+000  0.000000000000000E+000 -0.000000000000000E+000 -0.000000000000000E+000 -0.000000000000000E+000  0.000000000000000E+000  0.000000000000000E+000  0.000000000000000E+000 -0.000000000000000E+000 -0.000000000000000E+000 -0.000000000000000E+000  -0.135845647655771E-011 -0.257814933530752E-012 -0.862446976913852E-003
     89.20000000  0.000000000000000E+000  0.000000000000000E+000  0.000000000000000E+000 -0.000000000000000E+000 -0.000000000000000E+000 -0.000000000000000E+000  0.000000000000000E+000  0.000000000000000E+000  0.000000000000000E+000 -0.000000000000000E+000 -0.000000000000000E+000 -0.000000000000000E+000  -0.134694273649849E-011 -0.242948511077989E-012 -0.860874878635664E-003
     89.28000000  0.000000000000000E+000  0.000000000000000E+000  0.000000000000000E+000 -0.000000000000000E+000 -0.000000000000000E+000 -0.000000000000000E+000  0.000000000000000E+000  0.000000000000000E+000  0.000000000000000E+000 -0.000000000000000E+000 -0.000000000000000E+000 -0.000000000000000E+000  -0.133459876975506E-011 -0.226761524732251E-012 -0.859082544881668E-003
     89.36000000  0.000000000000000E+000  0.000000000000000E+000  0.000000000000000E+000 -0.000000000000000E+000 -0.000000000000000E+000 -0.000000000000000E+000  0.000000000000000E+000  0.000000000000000E+000  0.000000000000000E+000 -0.000000000000000E+000 -0.000000000000000E+000 -0.000000000000000E+000  -0.132177363722465E-011 -0.209001193949146E-012 -0.857069874637477E-003
     89.44000000  0.000000000000000E+000  0.000000000000000E+000  0.000000000000000E+000 -0.000000000000000E+000 -0.000000000000000E+000 -0.000000000000000E+000  0.000000000000000E+000  0.000000000000000E+000  0.000000000000000E+000 -0.000000000000000E+000 -0.000000000000000E+000 -0.000000000000000E+000  -0.130860020700507E-011 -0.189371126779321E-012 -0.854836845243211E-003
     89.52000000  0.000000000000000E+000  0.000000000000000E+000  0.000000000000000E+000 -0.000000000000000E+000 -0.000000000000000E+000 -0.000000000000000E+000  0.000000000000000E+000  0.000000000000000E+000  0.000000000000000E+000 -0.000000000000000E+000 -0.000000000000000E+000 -0.000000000000000E+000  -0.129501477644634E-011 -0.167645155512438E-012 -0.852383511572851E-003
     89.60000000  0.000000000000000E+000  0.000000000000000E+000  0.000000000000000E+000 -0.000000000000000E+000 -0.000000000000000E+000 -0.000000000000000E+000  0.000000000000000E+000  0.000000000000000E+000  0.000000000000000E+000 -0.000000000000000E+000 -0.000000000000000E+000 -0.000000000000000E+000  -0.128084018528213E-011 -0.143778139002037E-012 -0.849710005074511E-003
     89.68000000  0.000000000000000E+000  0.000000000000000E+000  0.000000000000000E+000 -0.000000000000000E+000 -0.000000000000000E+000 -0.000000000000000E+000  0.000000000000000E+000  0.000000000000000E+000  0.000000000000000E+000 -0.000000000000000E+000 -0.000000000000000E+000 -0.000000000000000E+000  -0.126589800181833E-011 -0.117964802718996E-012 -0.846816532662663E-003
     89.76000000  0.000000000000000E+000  0.000000000000000E+000  0.000000000000000E+000 -0.000000000000000E+000 -0.000000000000000E+000 -0.000000000000000E+000  0.000000000000000E+000  0.000000000000000E+000  0.000000000000000E+000 -0.000000000000000E+000 -0.000000000000000E+000 -0.000000000000000E+000  -0.125011130868704E-011 -0.906693808891224E-013 -0.843703375460475E-003
     89.84000000  0.000000000000000E+000  0.000000000000000E+000  0.000000000000000E+000 -0.000000000000000E+000 -0.000000000000000E+000 -0.000000000000000E+000  0.000000000000000E+000  0.000000000000000E+000  0.000000000000000E+000 -0.000000000000000E+000 -0.000000000000000E+000 -0.000000000000000E+000  -0.123359202855540E-011 -0.625532033327725E-013 -0.840370887406013E-003
     89.92000000  0.000000000000000E+000  0.000000000000000E+000  0.000000000000000E+000 -0.000000000000000E+000 -0.000000000000000E+000 -0.000000000000000E+000  0.000000000000000E+000  0.000000000000000E+000  0.000000000000000E+000 -0.000000000000000E+000 -0.000000000000000E+000 -0.000000000000000E+000  -0.121666526145259E-011 -0.343949469991553E-013 -0.836819493755215E-003
     90.00000000  0.000000000000000E+000  0.000000000000000E+000  0.000000000000000E+000 -0.000000000000000E+000 -0.000000000000000E+000 -0.000000000000000E+000  0.000000000000000E+000  0.000000000000000E+000  0.000000000000000E+000 -0.000000000000000E+000 -0.000000000000000E+000 -0.000000000000000E+000  -0.119981760559574E-011 -0.695676265998978E-014 -0.833049689528781E-003
     90.08000000  0.000000000000000E+000  0.000000000000000E+000  0.000000000000000E+000 -0.000000000000000E+000 -0.000000000000000E+000 -0.000000000000000E+000  0.000000000000000E+000  0.000000000000000E+000  0.000000000000000E+000 -0.000000000000000E+000 -0.000000000000000E+000 -0.000000000000000E+000  -0.118361274685481E-011  0.191339174327408E-013 -0.829062037952052E-003
     90.16000000  0.000000000000000E+000  0.000000000000000E+000  0.000000000000000E+000 -0.000000000000000E+000 -0.000000000000000E+000 -0.000000000000000E+000  0.000000000000000E+000  0.000000000000000E+000  0.000000000000000E+000 -0.000000000000000E+000 -0.000000000000000E+000 -0.000000000000000E+000  -0.116854634180550E-011  0.434691054290597E-013 -0.824857168925426E-003
     90.24000000  0.000000000000000E+000  0.000000000000000E+000  0.000000000000000E+000 -0.000000000000000E+000 -0.000000000000000E+000 -0.000000000000000E+000  0.000000000000000E+000  0.000000000000000E+000  0.000000000000000E+000 -0.000000000000000E+000 -0.000000000000000E+000 -0.000000000000000E+000  -0.115492637689784E-011  0.658845863613078E-013 -0.820435777542842E-003
     90.32000000  0.000000000000000E+000  0.000000000000000E+000  0.000000000000000E+000 -0.000000000000000E+000 -0.000000000000000E+000 -0.000000000000000E+000  0.000000000000000E+000  0.000000000000000E+000  0.000000000000000E+000 -0.000000000000000E+000 -0.000000000000000E+000 -0.000000000000000E+000  -0.114277640893377E-011  0.864454472450429E-013 -0.815798622656924E-003
     90.40000000  0.000000000000000E+000  0.000000000000000E+000  0.000000000000000E+000 -0.000000000000000E+000 -0.000000000000000E+000 -0.000000000000000E+000  0.000000000000000E+000  0.000000000000000E+000  0.000000000000000E+000 -0.000000000000000E+000 -0.000000000000000E+000 -0.000000000000000E+000  -0.113182414668649E-011  0.105373436223659E-012 -0.810946525479102E-003
     90.48000000  0.000000000000000E+000  0.000000000000000E+000  0.000000000000000E+000 -0.000000000000000E+000 -0.000000000000000E+000 -0.000000000000000E+000  0.000000000000000E+000  0.000000000000000E+000  0.000000000000000E+000 -0.000000000000000E+000 -0.000000000000000E+000 -0.000000000000000E+000  -0.112155548934379E-011  0.122949096820860E-012 -0.805880368204259E-003
     90.56000000  0.000000000000000E+000  0.000000000000000E+000  0.000000000000000E+000 -0.000000000000000E+000 -0.000000000000000E+000 -0.000000000000000E+000  0.000000000000000E+000  0.000000000000000E+000  0.000000000000000E+000 -0.000000000000000E+000 -0.000000000000000E+000 -0.000000000000000E+000  -0.111133018904518E-011  0.139408612880218E-012 -0.800601092659043E-003
     90.64000000  0.000000000000000E+000  0.000000000000000E+000  0.000000000000000E+000 -0.000000000000000E+000 -0.000000000000000E+000 -0.000000000000000E+000  0.000000000000000E+000  0.000000000000000E+000  0.000000000000000E+000 -0.000000000000000E+000 -0.000000000000000E+000 -0.000000000000000E+000  -0.110052746663741E-011  0.154871149953461E-012 -0.795109698984739E-003
     90.72000000  0.000000000000000E+000  0.000000000000000E+000  0.000000000000000E+000 -0.000000000000000E+000 -0.000000000000000E+000 -0.000000000000000E+000  0.000000000000000E+000  0.000000000000000E+000  0.000000000000000E+000 -0.000000000000000E+000 -0.000000000000000E+000 -0.000000000000000E+000  -0.108866252124452E-011  0.169303436523680E-012 -0.789407244373761E-003
     90.80000000  0.000000000000000E+000  0.000000000000000E+000  0.000000000000000E+000 -0.000000000000000E+000 -0.000000000000000E+000 -0.000000000000000E+000  0.000000000000000E+000  0.000000000000000E+000  0.000000000000000E+000 -0.000000000000000E+000 -0.000000000000000E+000 -0.000000000000000E+000  -0.107547054552091E-011  0.182547322441860E-012 -0.783494841881313E-003
     90.88000000  0.000000000000000E+000  0.000000000000000E+000  0.000000000000000E+000 -0.000000000000000E+000 -0.000000000000000E+000 -0.000000000000000E+000  0.000000000000000E+000  0.000000000000000E+000  0.000000000000000E+000 -0.000000000000000E+000 -0.000000000000000E+000 -0.000000000000000E+000  -0.106090224352940E-011  0.194389106001148E-012 -0.777373659330592E-003
     90.96000000  0.000000000000000E+000  0.000000000000000E+000  0.000000000000000E+000 -0.000000000000000E+000 -0.000000000000000E+000 -0.000000000000000E+000  0.000000000000000E+000  0.000000000000000E+000  0.000000000000000E+000 -0.000000000000000E+000 -0.000000000000000E+000 -0.000000000000000E+000  -0.104508086534007E-011  0.204638109356032E-012 -0.771044918322920E-003
     91.04000000  0.000000000000000E+000  0.000000000000000E+000  0.000000000000000E+000 -0.000000000000000E+000 -0.000000000000000E+000 -0.000000000000000E+000  0.000000000000000E+000  0.000000000000000E+000  0.000000000000000E+000 -0.000000000000000E+000 -0.000000000000000E+000 -0.000000000000000E+000  -0.102819261376653E-011  0.213232552056609E-012 -0.764509893353859E-003
     91.12000000  0.000000000000000E+000  0.000000000000000E+000  0.000000000000000E+000 -0.000000000000000E+000 -0.000000000000000E+000 -0.000000000000000E+000  0.000000000000000E+000  0.000000000000000E+000  0.000000000000000E+000 -0.000000000000000E+000 -0.000000000000000E+000 -0.000000000000000E+000  -0.101038134963744E-011  0.220296620677691E-012 -0.757769911022962E-003
     91.20000000  0.000000000000000E+000  0.000000000000000E+000  0.000000000000000E+000 -0.000000000000000E+000 -0.000000000000000E+000 -0.000000000000000E+000  0.000000000000000E+000  0.000000000000000E+000  0.000000000000000E+000 -0.000000000000000E+000 -0.000000000000000E+000 -0.000000000000000E+000  -0.991657165758209E-012  0.226161947629312E-012 -0.750826349309342E-003
     91.28000000  0.000000000000000E+000  0.000000000000000E+000  0.000000000000000E+000 -0.000000000000000E+000 -0.000000000000000E+000 -0.000000000000000E+000  0.000000000000000E+000  0.000000000000000E+000  0.000000000000000E+000 -0.000000000000000E+000 -0.000000000000000E+000 -0.000000000000000E+000  -0.971854285106933E-012  0.231342249923653E-012 -0.743680636871364E-003
     91.36000000  0.000000000000000E+000  0.000000000000000E+000  0.000000000000000E+000 -0.000000000000000E+000 -0.000000000000000E+000 -0.000000000000000E+000  0.000000000000000E+000  0.000000000000000E+000  0.000000000000000E+000 -0.000000000000000E+000 -0.000000000000000E+000 -0.000000000000000E+000  -0.950638089451069E-012  0.236456719311496E-012 -0.736334252322736E-003
     91.44000000  0.000000000000000E+000  0.000000000000000E+000  0.000000000000000E+000 -0.000000000000000E+000 -0.000000000000000E+000 -0.000000000000000E+000  0.000000000000000E+000  0.000000000000000E+000  0.000000000000000E+000 -0.000000000000000E+000 -0.000000000000000E+000 -0.000000000000000E+000  -0.927587941915293E-012  0.242146290942126E-012 -0.728788723445128E-003
     91.52000000  0.000000000000000E+000  0.000000000000000E+000  0.000000000000000E+000 -0.000000000000000E+000 -0.000000000000000E+000 -0.000000000000000E+000  0.000000000000000E+000  0.000000000000000E+000  0.000000000000000E+000 -0.000000000000000E+000 -0.000000000000000E+000 -0.000000000000000E+000  -0.902291672753854E-012  0.248969388979596E-012 -0.721045626321464E-003
     91.60000000  0.000000000000000E+000  0.000000000000000E+000  0.000000000000000E+000 -0.000000000000000E+000 -0.000000000000000E+000 -0.000000000000000E+000  0.000000000000000E+000  0.000000000000000E+000  0.000000000000000E+000 -0.000000000000000E+000 -0.000000000000000E+000 -0.000000000000000E+000  -0.874481462195520E-012  0.257325223753795E-012 -0.713106584409864E-003
     91.68000000  0.000000000000000E+000  0.000000000000000E+000  0.000000000000000E+000 -0.000000000000000E+000 -0.000000000000000E+000 -0.000000000000000E+000  0.000000000000000E+000  0.000000000000000E+000  0.000000000000000E+000 -0.000000000000000E+000 -0.000000000000000E+000 -0.000000000000000E+000  -0.844120322507497E-012  0.267406243597323E-012 -0.704973267614945E-003
     91.76000000  0.000000000000000E+000  0.000000000000000E+000  0.000000000000000E+000 -0.000000000000000E+000 -0.000000000000000E+000 -0.000000000000000E+000  0.000000000000000E+000  0.000000000000000E+000  0.000000000000000E+000 -0.000000000000000E+000 -0.000000000000000E+000 -0.000000000000000E+000  -0.811456128093862E-012  0.279187657110678E-012 -0.696647391437649E-003
     91.84000000  0.000000000000000E+000  0.000000000000000E+000  0.000000000000000E+000 -0.000000000000000E+000 -0.000000000000000E+000 -0.000000000000000E+000  0.000000000000000E+000  0.000000000000000E+000  0.000000000000000E+000 -0.000000000000000E+000 -0.000000000000000E+000 -0.000000000000000E+000  -0.776992850319419E-012  0.292461011744296E-012 -0.688130716286645E-003
     91.92000000  0.000000000000000E+000  0.000000000000000E+000  0.000000000000000E+000 -0.000000000000000E+000 -0.000000000000000E+000 -0.000000000000000E+000  0.000000000000000E+000  0.000000000000000E+000  0.000000000000000E+000 -0.000000000000000E+000 -0.000000000000000E+000 -0.000000000000000E+000  -0.741417979899448E-012  0.306906095413768E-012 -0.679425047011332E-003
     92.00000000  0.000000000000000E+000  0.000000000000000E+000  0.000000000000000E+000 -0.000000000000000E+000 -0.000000000000000E+000 -0.000000000000000E+000  0.000000000000000E+000  0.000000000000000E+000  0.000000000000000E+000 -0.000000000000000E+000 -0.000000000000000E+000 -0.000000000000000E+000  -0.705456710742516E-012  0.322157133693252E-012 -0.670532232675527E-003
     92.08000000  0.000000000000000E+000  0.000000000000000E+000  0.000000000000000E+000 -0.000000000000000E+000 -0.000000000000000E+000 -0.000000000000000E+000  0.000000000000000E+000  0.000000000000000E+000  0.000000000000000E+000 -0.000000000000000E+000 -0.000000000000000E+000 -0.000000000000000E+000  -0.669756260974594E-012  0.337896483078697E-012 -0.661454166545334E-003
     92.16000000  0.000000000000000E+000  0.000000000000000E+000  0.000000000000000E+000 -0.000000000000000E+000 -0.000000000000000E+000 -0.000000000000000E+000  0.000000000000000E+000  0.000000000000000E+000  0.000000000000000E+000 -0.000000000000000E+000 -0.000000000000000E+000 -0.000000000000000E+000  -0.634773715424210E-012  0.353902980130415E-012 -0.652192786228275E-003
     92.24000000  0.000000000000000E+000  0.000000000000000E+000  0.000000000000000E+000 -0.000000000000000E+000 -0.000000000000000E+000 -0.000000000000000E+000  0.000000000000000E+000  0.000000000000000E+000  0.000000000000000E+000 -0.000000000000000E+000 -0.000000000000000E+000 -0.000000000000000E+000  -0.600746149892000E-012  0.370063850128891E-012 -0.642750073881944E-003
     92.32000000  0.000000000000000E+000  0.000000000000000E+000  0.000000000000000E+000 -0.000000000000000E+000 -0.000000000000000E+000 -0.000000000000000E+000  0.000000000000000E+000  0.000000000000000E+000  0.000000000000000E+000 -0.000000000000000E+000 -0.000000000000000E+000 -0.000000000000000E+000  -0.567709875425547E-012  0.386375488666589E-012 -0.633128056410080E-003
     92.40000000  0.000000000000000E+000  0.000000000000000E+000  0.000000000000000E+000 -0.000000000000000E+000 -0.000000000000000E+000 -0.000000000000000E+000  0.000000000000000E+000  0.000000000000000E+000  0.000000000000000E+000 -0.000000000000000E+000 -0.000000000000000E+000 -0.000000000000000E+000  -0.535584196827290E-012  0.402875382849285E-012 -0.623328805575777E-003
     92.48000000  0.000000000000000E+000  0.000000000000000E+000  0.000000000000000E+000 -0.000000000000000E+000 -0.000000000000000E+000 -0.000000000000000E+000  0.000000000000000E+000  0.000000000000000E+000  0.000000000000000E+000 -0.000000000000000E+000 -0.000000000000000E+000 -0.000000000000000E+000  -0.504267957344361E-012  0.419595683098727E-012 -0.613354437977996E-003
     92.56000000  0.000000000000000E+000  0.000000000000000E+000  0.000000000000000E+000 -0.000000000000000E+000 -0.000000000000000E+000 -0.000000000000000E+000  0.000000000000000E+000  0.000000000000000E+000  0.000000000000000E+000 -0.000000000000000E+000 -0.000000000000000E+000 -0.000000000000000E+000  -0.473738867524353E-012  0.436485445841794E-012 -0.603207114853595E-003
     92.64000000  0.000000000000000E+000  0.000000000000000E+000  0.000000000000000E+000 -0.000000000000000E+000 -0.000000000000000E+000 -0.000000000000000E+000  0.000000000000000E+000  0.000000000000000E+000  0.000000000000000E+000 -0.000000000000000E+000 -0.000000000000000E+000 -0.000000000000000E+000  -0.444117641734429E-012  0.453366869514124E-012 -0.592889041682802E-003
     92.72000000  0.000000000000000E+000  0.000000000000000E+000  0.000000000000000E+000 -0.000000000000000E+000 -0.000000000000000E+000 -0.000000000000000E+000  0.000000000000000E+000  0.000000000000000E+000  0.000000000000000E+000 -0.000000000000000E+000 -0.000000000000000E+000 -0.000000000000000E+000  -0.415670136825393E-012  0.469923343615401E-012 -0.582402467594317E-003
     92.80000000  0.000000000000000E+000  0.000000000000000E+000  0.000000000000000E+000 -0.000000000000000E+000 -0.000000000000000E+000 -0.000000000000000E+000  0.000000000000000E+000  0.000000000000000E+000  0.000000000000000E+000 -0.000000000000000E+000 -0.000000000000000E+000 -0.000000000000000E+000  -0.388780630689191E-012  0.485706481969006E-012 -0.571749684589212E-003
     92.88000000  0.000000000000000E+000  0.000000000000000E+000  0.000000000000000E+000 -0.000000000000000E+000 -0.000000000000000E+000 -0.000000000000000E+000  0.000000000000000E+000  0.000000000000000E+000  0.000000000000000E+000 -0.000000000000000E+000 -0.000000000000000E+000 -0.000000000000000E+000  -0.363850614872296E-012  0.500202510905664E-012 -0.560933026627642E-003
     92.96000000  0.000000000000000E+000  0.000000000000000E+000  0.000000000000000E+000 -0.000000000000000E+000 -0.000000000000000E+000 -0.000000000000000E+000  0.000000000000000E+000  0.000000000000000E+000  0.000000000000000E+000 -0.000000000000000E+000 -0.000000000000000E+000 -0.000000000000000E+000  -0.341211554762396E-012  0.512878834680126E-012 -0.549954868642185E-003
     93.04000000  0.000000000000000E+000  0.000000000000000E+000  0.000000000000000E+000 -0.000000000000000E+000 -0.000000000000000E+000 -0.000000000000000E+000  0.000000000000000E+000  0.000000000000000E+000  0.000000000000000E+000 -0.000000000000000E+000 -0.000000000000000E+000 -0.000000000000000E+000  -0.321013110854130E-012  0.523291265011056E-012 -0.538817625548690E-003
     93.12000000  0.000000000000000E+000  0.000000000000000E+000  0.000000000000000E+000 -0.000000000000000E+000 -0.000000000000000E+000 -0.000000000000000E+000  0.000000000000000E+000  0.000000000000000E+000  0.000000000000000E+000 -0.000000000000000E+000 -0.000000000000000E+000 -0.000000000000000E+000  -0.303170899780254E-012  0.531146547045425E-012 -0.527523751315823E-003
     93.20000000  0.000000000000000E+000  0.000000000000000E+000  0.000000000000000E+000 -0.000000000000000E+000 -0.000000000000000E+000 -0.000000000000000E+000  0.000000000000000E+000  0.000000000000000E+000  0.000000000000000E+000 -0.000000000000000E+000 -0.000000000000000E+000 -0.000000000000000E+000  -0.287339832161444E-012  0.536360715473806E-012 -0.516075738131845E-003
     93.28000000  0.000000000000000E+000  0.000000000000000E+000  0.000000000000000E+000 -0.000000000000000E+000 -0.000000000000000E+000 -0.000000000000000E+000  0.000000000000000E+000  0.000000000000000E+000  0.000000000000000E+000 -0.000000000000000E+000 -0.000000000000000E+000 -0.000000000000000E+000  -0.272983030657757E-012  0.539065458320278E-012 -0.504476115679827E-003
     93.36000000  0.000000000000000E+000  0.000000000000000E+000  0.000000000000000E+000 -0.000000000000000E+000 -0.000000000000000E+000 -0.000000000000000E+000  0.000000000000000E+000  0.000000000000000E+000  0.000000000000000E+000 -0.000000000000000E+000 -0.000000000000000E+000 -0.000000000000000E+000  -0.259448728450811E-012  0.539582659273085E-012 -0.492727450510332E-003
     93.44000000  0.000000000000000E+000  0.000000000000000E+000  0.000000000000000E+000 -0.000000000000000E+000 -0.000000000000000E+000 -0.000000000000000E+000  0.000000000000000E+000  0.000000000000000E+000  0.000000000000000E+000 -0.000000000000000E+000 -0.000000000000000E+000 -0.000000000000000E+000  -0.246095682322303E-012  0.538366344556155E-012 -0.480832345488582E-003
     93.52000000  0.000000000000000E+000  0.000000000000000E+000  0.000000000000000E+000 -0.000000000000000E+000 -0.000000000000000E+000 -0.000000000000000E+000  0.000000000000000E+000  0.000000000000000E+000  0.000000000000000E+000 -0.000000000000000E+000 -0.000000000000000E+000 -0.000000000000000E+000  -0.232392395411057E-012  0.535903678706553E-012 -0.468793439289972E-003
     93.60000000  0.000000000000000E+000  0.000000000000000E+000  0.000000000000000E+000 -0.000000000000000E+000 -0.000000000000000E+000 -0.000000000000000E+000  0.000000000000000E+000  0.000000000000000E+000  0.000000000000000E+000 -0.000000000000000E+000 -0.000000000000000E+000 -0.000000000000000E+000  -0.217989792765387E-012  0.532640785319040E-012 -0.456613405918728E-003
     93.68000000  0.000000000000000E+000  0.000000000000000E+000  0.000000000000000E+000 -0.000000000000000E+000 -0.000000000000000E+000 -0.000000000000000E+000  0.000000000000000E+000  0.000000000000000E+000  0.000000000000000E+000 -0.000000000000000E+000 -0.000000000000000E+000 -0.000000000000000E+000  -0.202721143918011E-012  0.528910652872026E-012 -0.444294954224634E-003
     93.76000000  0.000000000000000E+000  0.000000000000000E+000  0.000000000000000E+000 -0.000000000000000E+000 -0.000000000000000E+000 -0.000000000000000E+000  0.000000000000000E+000  0.000000000000000E+000  0.000000000000000E+000 -0.000000000000000E+000 -0.000000000000000E+000 -0.000000000000000E+000  -0.186577728351020E-012  0.524897463346721E-012 -0.431840827392140E-003
     93.84000000  0.000000000000000E+000  0.000000000000000E+000  0.000000000000000E+000 -0.000000000000000E+000 -0.000000000000000E+000 -0.000000000000000E+000  0.000000000000000E+000  0.000000000000000E+000  0.000000000000000E+000 -0.000000000000000E+000 -0.000000000000000E+000 -0.000000000000000E+000  -0.169613384294204E-012  0.520655022785662E-012 -0.419253802378642E-003
     93.92000000  0.000000000000000E+000  0.000000000000000E+000  0.000000000000000E+000 -0.000000000000000E+000 -0.000000000000000E+000 -0.000000000000000E+000  0.000000000000000E+000  0.000000000000000E+000  0.000000000000000E+000 -0.000000000000000E+000 -0.000000000000000E+000 -0.000000000000000E+000  -0.151882316617131E-012  0.516144276570176E-012 -0.406536689288597E-003
     94.00000000  0.000000000000000E+000  0.000000000000000E+000  0.000000000000000E+000 -0.000000000000000E+000 -0.000000000000000E+000 -0.000000000000000E+000  0.000000000000000E+000  0.000000000000000E+000  0.000000000000000E+000 -0.000000000000000E+000 -0.000000000000000E+000 -0.000000000000000E+000  -0.133356641967696E-012  0.511304547651945E-012 -0.393692330688808E-003
     94.08000000  0.000000000000000E+000  0.000000000000000E+000  0.000000000000000E+000 -0.000000000000000E+000 -0.000000000000000E+000 -0.000000000000000E+000  0.000000000000000E+000  0.000000000000000E+000  0.000000000000000E+000 -0.000000000000000E+000 -0.000000000000000E+000 -0.000000000000000E+000  -0.113901685495419E-012  0.506124584798215E-012 -0.380723600892458E-003
     94.16000000  0.000000000000000E+000  0.000000000000000E+000  0.000000000000000E+000 -0.000000000000000E+000 -0.000000000000000E+000 -0.000000000000000E+000  0.000000000000000E+000  0.000000000000000E+000  0.000000000000000E+000 -0.000000000000000E+000 -0.000000000000000E+000 -0.000000000000000E+000  -0.932828584452555E-013  0.500711317448248E-012 -0.367633405257943E-003
     94.24000000  0.000000000000000E+000  0.000000000000000E+000  0.000000000000000E+000 -0.000000000000000E+000 -0.000000000000000E+000 -0.000000000000000E+000  0.000000000000000E+000  0.000000000000000E+000  0.000000000000000E+000 -0.000000000000000E+000 -0.000000000000000E+000 -0.000000000000000E+000  -0.712112525608019E-013  0.495314029531689E-012 -0.354424679555501E-003
     94.32000000  0.000000000000000E+000  0.000000000000000E+000  0.000000000000000E+000 -0.000000000000000E+000 -0.000000000000000E+000 -0.000000000000000E+000  0.000000000000000E+000  0.000000000000000E+000  0.000000000000000E+000 -0.000000000000000E+000 -0.000000000000000E+000 -0.000000000000000E+000  -0.474117433841765E-013  0.490311217658276E-012 -0.341100389448167E-003
     94.40000000  0.000000000000000E+000  0.000000000000000E+000  0.000000000000000E+000 -0.000000000000000E+000 -0.000000000000000E+000 -0.000000000000000E+000  0.000000000000000E+000  0.000000000000000E+000  0.000000000000000E+000 -0.000000000000000E+000 -0.000000000000000E+000 -0.000000000000000E+000  -0.216990295017004E-013  0.486161710164058E-012 -0.327663530116913E-003
     94.48000000  0.000000000000000E+000  0.000000000000000E+000  0.000000000000000E+000 -0.000000000000000E+000 -0.000000000000000E+000 -0.000000000000000E+000  0.000000000000000E+000  0.000000000000000E+000  0.000000000000000E+000 -0.000000000000000E+000 -0.000000000000000E+000 -0.000000000000000E+000   0.595365021419036E-014  0.483302566889314E-012 -0.314117126039724E-003
     94.56000000  0.000000000000000E+000  0.000000000000000E+000  0.000000000000000E+000 -0.000000000000000E+000 -0.000000000000000E+000 -0.000000000000000E+000  0.000000000000000E+000  0.000000000000000E+000  0.000000000000000E+000 -0.000000000000000E+000 -0.000000000000000E+000 -0.000000000000000E+000   0.353935752839036E-013  0.482061271476704E-012 -0.300464230917211E-003
     94.64000000  0.000000000000000E+000  0.000000000000000E+000  0.000000000000000E+000 -0.000000000000000E+000 -0.000000000000000E+000 -0.000000000000000E+000  0.000000000000000E+000  0.000000000000000E+000  0.000000000000000E+000 -0.000000000000000E+000 -0.000000000000000E+000 -0.000000000000000E+000   0.662766432156125E-013  0.482563952277013E-012 -0.286707927726294E-003
     94.72000000  0.000000000000000E+000  0.000000000000000E+000  0.000000000000000E+000 -0.000000000000000E+000 -0.000000000000000E+000 -0.000000000000000E+000  0.000000000000000E+000  0.000000000000000E+000  0.000000000000000E+000 -0.000000000000000E+000 -0.000000000000000E+000 -0.000000000000000E+000   0.981223516373546E-013  0.484693825155957E-012 -0.272851328878316E-003
     94.80000000  0.000000000000000E+000  0.000000000000000E+000  0.000000000000000E+000 -0.000000000000000E+000 -0.000000000000000E+000 -0.000000000000000E+000  0.000000000000000E+000  0.000000000000000E+000  0.000000000000000E+000 -0.000000000000000E+000 -0.000000000000000E+000 -0.000000000000000E+000   0.130370708370232E-012  0.488091553514550E-012 -0.258897576456434E-003
     94.88000000  0.000000000000000E+000  0.000000000000000E+000  0.000000000000000E+000 -0.000000000000000E+000 -0.000000000000000E+000 -0.000000000000000E+000  0.000000000000000E+000  0.000000000000000E+000  0.000000000000000E+000 -0.000000000000000E+000 -0.000000000000000E+000 -0.000000000000000E+000   0.162474025455539E-012  0.492223375462775E-012 -0.244849842507354E-003
     94.96000000  0.000000000000000E+000  0.000000000000000E+000  0.000000000000000E+000 -0.000000000000000E+000 -0.000000000000000E+000 -0.000000000000000E+000  0.000000000000000E+000  0.000000000000000E+000  0.000000000000000E+000 -0.000000000000000E+000 -0.000000000000000E+000 -0.000000000000000E+000   0.193954783881155E-012  0.496462164496170E-012 -0.230711329363110E-003
     95.04000000  0.000000000000000E+000  0.000000000000000E+000  0.000000000000000E+000 -0.000000000000000E+000 -0.000000000000000E+000 -0.000000000000000E+000  0.000000000000000E+000  0.000000000000000E+000  0.000000000000000E+000 -0.000000000000000E+000 -0.000000000000000E+000 -0.000000000000000E+000   0.224447406752457E-012  0.500200717956516E-012 -0.216485269968660E-003
     95.12000000  0.000000000000000E+000  0.000000000000000E+000  0.000000000000000E+000 -0.000000000000000E+000 -0.000000000000000E+000 -0.000000000000000E+000  0.000000000000000E+000  0.000000000000000E+000  0.000000000000000E+000 -0.000000000000000E+000 -0.000000000000000E+000 -0.000000000000000E+000   0.253702273836349E-012  0.502948381154547E-012 -0.202174928190038E-003
     95.20000000  0.000000000000000E+000  0.000000000000000E+000  0.000000000000000E+000 -0.000000000000000E+000 -0.000000000000000E+000 -0.000000000000000E+000  0.000000000000000E+000  0.000000000000000E+000  0.000000000000000E+000 -0.000000000000000E+000 -0.000000000000000E+000 -0.000000000000000E+000   0.281565023072015E-012  0.504385924313100E-012 -0.187783599074622E-003
     95.28000000  0.000000000000000E+000  0.000000000000000E+000  0.000000000000000E+000 -0.000000000000000E+000 -0.000000000000000E+000 -0.000000000000000E+000  0.000000000000000E+000  0.000000000000000E+000  0.000000000000000E+000 -0.000000000000000E+000 -0.000000000000000E+000 -0.000000000000000E+000   0.307932201635555E-012  0.504389815896175E-012 -0.173314609030099E-003
     95.36000000  0.000000000000000E+000  0.000000000000000E+000  0.000000000000000E+000 -0.000000000000000E+000 -0.000000000000000E+000 -0.000000000000000E+000  0.000000000000000E+000  0.000000000000000E+000  0.000000000000000E+000 -0.000000000000000E+000 -0.000000000000000E+000 -0.000000000000000E+000   0.332714510717729E-012  0.502991131346597E-012 -0.158771315884367E-003
     95.44000000  0.000000000000000E+000  0.000000000000000E+000  0.000000000000000E+000 -0.000000000000000E+000 -0.000000000000000E+000 -0.000000000000000E+000  0.000000000000000E+000  0.000000000000000E+000  0.000000000000000E+000 -0.000000000000000E+000 -0.000000000000000E+000 -0.000000000000000E+000   0.355800812349022E-012  0.500305060745386E-012 -0.144157108788227E-003
     95.52000000  0.000000000000000E+000  0.000000000000000E+000  0.000000000000000E+000 -0.000000000000000E+000 -0.000000000000000E+000 -0.000000000000000E+000  0.000000000000000E+000  0.000000000000000E+000  0.000000000000000E+000 -0.000000000000000E+000 -0.000000000000000E+000 -0.000000000000000E+000   0.377052410405721E-012  0.496446514966409E-012 -0.129475407929984E-003
     95.60000000  0.000000000000000E+000  0.000000000000000E+000  0.000000000000000E+000 -0.000000000000000E+000 -0.000000000000000E+000 -0.000000000000000E+000  0.000000000000000E+000  0.000000000000000E+000  0.000000000000000E+000 -0.000000000000000E+000 -0.000000000000000E+000 -0.000000000000000E+000   0.396303080177640E-012  0.491438909764919E-012 -0.114729664046693E-003
     95.68000000  0.000000000000000E+000  0.000000000000000E+000  0.000000000000000E+000 -0.000000000000000E+000 -0.000000000000000E+000 -0.000000000000000E+000  0.000000000000000E+000  0.000000000000000E+000  0.000000000000000E+000 -0.000000000000000E+000 -0.000000000000000E+000 -0.000000000000000E+000   0.413367279568258E-012  0.485158578832561E-012 -0.999233577382413E-004
     95.76000000  0.000000000000000E+000  0.000000000000000E+000  0.000000000000000E+000 -0.000000000000000E+000 -0.000000000000000E+000 -0.000000000000000E+000  0.000000000000000E+000  0.000000000000000E+000  0.000000000000000E+000 -0.000000000000000E+000 -0.000000000000000E+000 -0.000000000000000E+000   0.428074437192335E-012  0.477337330832985E-012 -0.850599986122927E-004
     95.84000000  0.000000000000000E+000  0.000000000000000E+000  0.000000000000000E+000 -0.000000000000000E+000 -0.000000000000000E+000 -0.000000000000000E+000  0.000000000000000E+000  0.000000000000000E+000  0.000000000000000E+000 -0.000000000000000E+000 -0.000000000000000E+000 -0.000000000000000E+000   0.440291969539422E-012  0.467603264970643E-012 -0.701431243044549E-004
     95.92000000  0.000000000000000E+000  0.000000000000000E+000  0.000000000000000E+000 -0.000000000000000E+000 -0.000000000000000E+000 -0.000000000000000E+000  0.000000000000000E+000  0.000000000000000E+000  0.000000000000000E+000 -0.000000000000000E+000 -0.000000000000000E+000 -0.000000000000000E+000   0.449950100356822E-012  0.455563980244880E-012 -0.551762994253138E-004
     96.00000000  0.000000000000000E+000  0.000000000000000E+000  0.000000000000000E+000 -0.000000000000000E+000 -0.000000000000000E+000 -0.000000000000000E+000  0.000000000000000E+000  0.000000000000000E+000  0.000000000000000E+000 -0.000000000000000E+000 -0.000000000000000E+000 -0.000000000000000E+000   0.457063856259992E-012  0.440917309635711E-012 -0.401631144837126E-004
     96.08000000  0.000000000000000E+000  0.000000000000000E+000  0.000000000000000E+000 -0.000000000000000E+000 -0.000000000000000E+000 -0.000000000000000E+000  0.000000000000000E+000  0.000000000000000E+000  0.000000000000000E+000 -0.000000000000000E+000 -0.000000000000000E+000 -0.000000000000000E+000   0.461738458944284E-012  0.423549177631987E-012 -0.251071848265507E-004
     96.16000000  0.000000000000000E+000  0.000000000000000E+000  0.000000000000000E+000 -0.000000000000000E+000 -0.000000000000000E+000 -0.000000000000000E+000  0.000000000000000E+000  0.000000000000000E+000  0.000000000000000E+000 -0.000000000000000E+000 -0.000000000000000E+000 -0.000000000000000E+000   0.464167901150022E-012  0.403572692495974E-012 -0.100121496229165E-004
     96.24000000  0.000000000000000E+000  0.000000000000000E+000  0.000000000000000E+000 -0.000000000000000E+000 -0.000000000000000E+000 -0.000000000000000E+000  0.000000000000000E+000  0.000000000000000E+000  0.000000000000000E+000 -0.000000000000000E+000 -0.000000000000000E+000 -0.000000000000000E+000   0.464625172937546E-012  0.381352742719795E-012  0.511832909233476E-005
     96.32000000  0.000000000000000E+000  0.000000000000000E+000  0.000000000000000E+000 -0.000000000000000E+000 -0.000000000000000E+000 -0.000000000000000E+000  0.000000000000000E+000  0.000000000000000E+000  0.000000000000000E+000 -0.000000000000000E+000 -0.000000000000000E+000 -0.000000000000000E+000   0.463436012700869E-012  0.357434899087618E-012  0.202805673123387E-004
     96.40000000  0.000000000000000E+000  0.000000000000000E+000  0.000000000000000E+000 -0.000000000000000E+000 -0.000000000000000E+000 -0.000000000000000E+000  0.000000000000000E+000  0.000000000000000E+000  0.000000000000000E+000 -0.000000000000000E+000 -0.000000000000000E+000 -0.000000000000000E+000   0.460942264020434E-012  0.332464771115730E-012  0.354708598973696E-004
     96.48000000  0.000000000000000E+000  0.000000000000000E+000  0.000000000000000E+000 -0.000000000000000E+000 -0.000000000000000E+000 -0.000000000000000E+000  0.000000000000000E+000  0.000000000000000E+000  0.000000000000000E+000 -0.000000000000000E+000 -0.000000000000000E+000 -0.000000000000000E+000   0.457481977980778E-012  0.307073713069634E-012  0.506854813788180E-004
     96.56000000  0.000000000000000E+000  0.000000000000000E+000  0.000000000000000E+000 -0.000000000000000E+000 -0.000000000000000E+000 -0.000000000000000E+000  0.000000000000000E+000  0.000000000000000E+000  0.000000000000000E+000 -0.000000000000000E+000 -0.000000000000000E+000 -0.000000000000000E+000   0.453360355924875E-012  0.281778093802066E-012  0.659206867590002E-004
     96.64000000  0.000000000000000E+000  0.000000000000000E+000  0.000000000000000E+000 -0.000000000000000E+000 -0.000000000000000E+000 -0.000000000000000E+000  0.000000000000000E+000  0.000000000000000E+000  0.000000000000000E+000 -0.000000000000000E+000 -0.000000000000000E+000 -0.000000000000000E+000   0.448828728527687E-012  0.256922210496946E-012  0.811727123485199E-004
     96.72000000  0.000000000000000E+000  0.000000000000000E+000  0.000000000000000E+000 -0.000000000000000E+000 -0.000000000000000E+000 -0.000000000000000E+000  0.000000000000000E+000  0.000000000000000E+000  0.000000000000000E+000 -0.000000000000000E+000 -0.000000000000000E+000 -0.000000000000000E+000   0.444077597279328E-012  0.232645156379579E-012  0.964377766897620E-004
     96.80000000  0.000000000000000E+000  0.000000000000000E+000  0.000000000000000E+000 -0.000000000000000E+000 -0.000000000000000E+000 -0.000000000000000E+000  0.000000000000000E+000  0.000000000000000E+000  0.000000000000000E+000 -0.000000000000000E+000 -0.000000000000000E+000 -0.000000000000000E+000   0.439222824397151E-012  0.208924012871681E-012  0.111712081615099E-003
     96.88000000  0.000000000000000E+000  0.000000000000000E+000  0.000000000000000E+000 -0.000000000000000E+000 -0.000000000000000E+000 -0.000000000000000E+000  0.000000000000000E+000  0.000000000000000E+000  0.000000000000000E+000 -0.000000000000000E+000 -0.000000000000000E+000 -0.000000000000000E+000   0.434318682654530E-012  0.185634670823525E-012  0.126991813478203E-003
     96.96000000  0.000000000000000E+000  0.000000000000000E+000  0.000000000000000E+000 -0.000000000000000E+000 -0.000000000000000E+000 -0.000000000000000E+000  0.000000000000000E+000  0.000000000000000E+000  0.000000000000000E+000 -0.000000000000000E+000 -0.000000000000000E+000 -0.000000000000000E+000   0.429378353311534E-012  0.162643577734657E-012  0.142273144575973E-003
     97.04000000  0.000000000000000E+000  0.000000000000000E+000  0.000000000000000E+000 -0.000000000000000E+000 -0.000000000000000E+000 -0.000000000000000E+000  0.000000000000000E+000  0.000000000000000E+000  0.000000000000000E+000 -0.000000000000000E+000 -0.000000000000000E+000 -0.000000000000000E+000   0.424395276317586E-012  0.139895435906147E-012  0.157552234749617E-003
     97.12000000  0.000000000000000E+000  0.000000000000000E+000  0.000000000000000E+000 -0.000000000000000E+000 -0.000000000000000E+000 -0.000000000000000E+000  0.000000000000000E+000  0.000000000000000E+000  0.000000000000000E+000 -0.000000000000000E+000 -0.000000000000000E+000 -0.000000000000000E+000   0.419386838812110E-012  0.117461665022841E-012  0.172825233123206E-003
     97.20000000  0.000000000000000E+000  0.000000000000000E+000  0.000000000000000E+000 -0.000000000000000E+000 -0.000000000000000E+000 -0.000000000000000E+000  0.000000000000000E+000  0.000000000000000E+000  0.000000000000000E+000 -0.000000000000000E+000 -0.000000000000000E+000 -0.000000000000000E+000   0.414412109688631E-012  0.955488467581229E-013  0.188088279915605E-003
     97.28000000  0.000000000000000E+000  0.000000000000000E+000  0.000000000000000E+000 -0.000000000000000E+000 -0.000000000000000E+000 -0.000000000000000E+000  0.000000000000000E+000  0.000000000000000E+000  0.000000000000000E+000 -0.000000000000000E+000 -0.000000000000000E+000 -0.000000000000000E+000   0.409597890171497E-012  0.744589055668397E-013  0.203337508255272E-003
     97.36000000  0.000000000000000E+000  0.000000000000000E+000  0.000000000000000E+000 -0.000000000000000E+000 -0.000000000000000E+000 -0.000000000000000E+000  0.000000000000000E+000  0.000000000000000E+000  0.000000000000000E+000 -0.000000000000000E+000 -0.000000000000000E+000 -0.000000000000000E+000   0.405116403171966E-012  0.545155124394963E-013  0.218569045940868E-003
     97.44000000  0.000000000000000E+000  0.000000000000000E+000  0.000000000000000E+000 -0.000000000000000E+000 -0.000000000000000E+000 -0.000000000000000E+000  0.000000000000000E+000  0.000000000000000E+000  0.000000000000000E+000 -0.000000000000000E+000 -0.000000000000000E+000 -0.000000000000000E+000   0.401169803502583E-012  0.359658149004153E-013  0.233779017120617E-003
     97.52000000  0.000000000000000E+000  0.000000000000000E+000  0.000000000000000E+000 -0.000000000000000E+000 -0.000000000000000E+000 -0.000000000000000E+000  0.000000000000000E+000  0.000000000000000E+000  0.000000000000000E+000 -0.000000000000000E+000 -0.000000000000000E+000 -0.000000000000000E+000   0.397924836312535E-012  0.189056749936259E-013  0.248963543900896E-003
     97.60000000  0.000000000000000E+000  0.000000000000000E+000  0.000000000000000E+000 -0.000000000000000E+000 -0.000000000000000E+000 -0.000000000000000E+000  0.000000000000000E+000  0.000000000000000E+000  0.000000000000000E+000 -0.000000000000000E+000 -0.000000000000000E+000 -0.000000000000000E+000   0.395480371789248E-012  0.323990855242945E-014  0.264118747927209E-003
     97.68000000  0.000000000000000E+000  0.000000000000000E+000  0.000000000000000E+000 -0.000000000000000E+000 -0.000000000000000E+000 -0.000000000000000E+000  0.000000000000000E+000  0.000000000000000E+000  0.000000000000000E+000 -0.000000000000000E+000 -0.000000000000000E+000 -0.000000000000000E+000   0.393815749403104E-012 -0.113257980046453E-013  0.279240751999328E-003
     97.76000000  0.000000000000000E+000  0.000000000000000E+000  0.000000000000000E+000 -0.000000000000000E+000 -0.000000000000000E+000 -0.000000000000000E+000  0.000000000000000E+000  0.000000000000000E+000  0.000000000000000E+000 -0.000000000000000E+000 -0.000000000000000E+000 -0.000000000000000E+000   0.392792428602106E-012 -0.252235449203698E-013  0.294325681783103E-003
     97.84000000  0.000000000000000E+000  0.000000000000000E+000  0.000000000000000E+000 -0.000000000000000E+000 -0.000000000000000E+000 -0.000000000000000E+000  0.000000000000000E+000  0.000000000000000E+000  0.000000000000000E+000 -0.000000000000000E+000 -0.000000000000000E+000 -0.000000000000000E+000   0.392162686287361E-012 -0.389474449117043E-013  0.309369667667622E-003
     97.92000000  0.000000000000000E+000  0.000000000000000E+000  0.000000000000000E+000 -0.000000000000000E+000 -0.000000000000000E+000 -0.000000000000000E+000  0.000000000000000E+000  0.000000000000000E+000  0.000000000000000E+000 -0.000000000000000E+000 -0.000000000000000E+000 -0.000000000000000E+000   0.391611271885633E-012 -0.529607930017746E-013  0.324368846795598E-003
     98.00000000  0.000000000000000E+000  0.000000000000000E+000  0.000000000000000E+000 -0.000000000000000E+000 -0.000000000000000E+000 -0.000000000000000E+000  0.000000000000000E+000  0.000000000000000E+000  0.000000000000000E+000 -0.000000000000000E+000 -0.000000000000000E+000 -0.000000000000000E+000   0.390826147321630E-012 -0.676147393102444E-013  0.339319365274032E-003
     98.08000000  0.000000000000000E+000  0.000000000000000E+000  0.000000000000000E+000 -0.000000000000000E+000 -0.000000000000000E+000 -0.000000000000000E+000  0.000000000000000E+000  0.000000000000000E+000  0.000000000000000E+000 -0.000000000000000E+000 -0.000000000000000E+000 -0.000000000000000E+000   0.389548052264596E-012 -0.831030145775960E-013  0.354217380555576E-003
     98.16000000  0.000000000000000E+000  0.000000000000000E+000  0.000000000000000E+000 -0.000000000000000E+000 -0.000000000000000E+000 -0.000000000000000E+000  0.000000000000000E+000  0.000000000000000E+000  0.000000000000000E+000 -0.000000000000000E+000 -0.000000000000000E+000 -0.000000000000000E+000   0.387627413715256E-012 -0.994472508959250E-013  0.369059063968120E-003
     98.24000000  0.000000000000000E+000  0.000000000000000E+000  0.000000000000000E+000 -0.000000000000000E+000 -0.000000000000000E+000 -0.000000000000000E+000  0.000000000000000E+000  0.000000000000000E+000  0.000000000000000E+000 -0.000000000000000E+000 -0.000000000000000E+000 -0.000000000000000E+000   0.385044047207879E-012 -0.116542071343248E-012  0.383840603359573E-003
     98.32000000  0.000000000000000E+000  0.000000000000000E+000  0.000000000000000E+000 -0.000000000000000E+000 -0.000000000000000E+000 -0.000000000000000E+000  0.000000000000000E+000  0.000000000000000E+000  0.000000000000000E+000 -0.000000000000000E+000 -0.000000000000000E+000 -0.000000000000000E+000   0.381887286985913E-012 -0.134208799150566E-012  0.398558205815199E-003
     98.40000000  0.000000000000000E+000  0.000000000000000E+000  0.000000000000000E+000 -0.000000000000000E+000 -0.000000000000000E+000 -0.000000000000000E+000  0.000000000000000E+000  0.000000000000000E+000  0.000000000000000E+000 -0.000000000000000E+000 -0.000000000000000E+000 -0.000000000000000E+000   0.378321801744334E-012 -0.152281608293554E-012  0.413208100398182E-003
     98.48000000  0.000000000000000E+000  0.000000000000000E+000  0.000000000000000E+000 -0.000000000000000E+000 -0.000000000000000E+000 -0.000000000000000E+000  0.000000000000000E+000  0.000000000000000E+000  0.000000000000000E+000 -0.000000000000000E+000 -0.000000000000000E+000 -0.000000000000000E+000   0.374511505377645E-012 -0.170668620355506E-012  0.427786540862919E-003
     98.56000000  0.000000000000000E+000  0.000000000000000E+000  0.000000000000000E+000 -0.000000000000000E+000 -0.000000000000000E+000 -0.000000000000000E+000  0.000000000000000E+000  0.000000000000000E+000  0.000000000000000E+000 -0.000000000000000E+000 -0.000000000000000E+000 -0.000000000000000E+000   0.370551598428515E-012 -0.189390478658723E-012  0.442289808296773E-003
     98.64000000  0.000000000000000E+000  0.000000000000000E+000  0.000000000000000E+000 -0.000000000000000E+000 -0.000000000000000E+000 -0.000000000000000E+000  0.000000000000000E+000  0.000000000000000E+000  0.000000000000000E+000 -0.000000000000000E+000 -0.000000000000000E+000 -0.000000000000000E+000   0.366414472924663E-012 -0.208566823344360E-012  0.456714213657912E-003
     98.72000000  0.000000000000000E+000  0.000000000000000E+000  0.000000000000000E+000 -0.000000000000000E+000 -0.000000000000000E+000 -0.000000000000000E+000  0.000000000000000E+000  0.000000000000000E+000  0.000000000000000E+000 -0.000000000000000E+000 -0.000000000000000E+000 -0.000000000000000E+000   0.361927587533187E-012 -0.228388854092966E-012  0.471056100190413E-003
     98.80000000  0.000000000000000E+000  0.000000000000000E+000  0.000000000000000E+000 -0.000000000000000E+000 -0.000000000000000E+000 -0.000000000000000E+000  0.000000000000000E+000  0.000000000000000E+000  0.000000000000000E+000 -0.000000000000000E+000 -0.000000000000000E+000 -0.000000000000000E+000   0.356802803542801E-012 -0.249043371723395E-012  0.485311845708316E-003
     98.88000000  0.000000000000000E+000  0.000000000000000E+000  0.000000000000000E+000 -0.000000000000000E+000 -0.000000000000000E+000 -0.000000000000000E+000  0.000000000000000E+000  0.000000000000000E+000  0.000000000000000E+000 -0.000000000000000E+000 -0.000000000000000E+000 -0.000000000000000E+000   0.350697725107580E-012 -0.270642932483405E-012  0.499477864746076E-003
     98.96000000  0.000000000000000E+000  0.000000000000000E+000  0.000000000000000E+000 -0.000000000000000E+000 -0.000000000000000E+000 -0.000000000000000E+000  0.000000000000000E+000  0.000000000000000E+000  0.000000000000000E+000 -0.000000000000000E+000 -0.000000000000000E+000 -0.000000000000000E+000   0.343295523380938E-012 -0.293174942436164E-012  0.513550610575940E-003
     99.04000000  0.000000000000000E+000  0.000000000000000E+000  0.000000000000000E+000 -0.000000000000000E+000 -0.000000000000000E+000 -0.000000000000000E+000  0.000000000000000E+000  0.000000000000000E+000  0.000000000000000E+000 -0.000000000000000E+000 -0.000000000000000E+000 -0.000000000000000E+000   0.334384222313108E-012 -0.316484759905868E-012  0.527526577097265E-003
     99.12000000  0.000000000000000E+000  0.000000000000000E+000  0.000000000000000E+000 -0.000000000000000E+000 -0.000000000000000E+000 -0.000000000000000E+000  0.000000000000000E+000  0.000000000000000E+000  0.000000000000000E+000 -0.000000000000000E+000 -0.000000000000000E+000 -0.000000000000000E+000   0.323906603008950E-012 -0.340294289105800E-012  0.541402300610976E-003
     99.20000000  0.000000000000000E+000  0.000000000000000E+000  0.000000000000000E+000 -0.000000000000000E+000 -0.000000000000000E+000 -0.000000000000000E+000  0.000000000000000E+000  0.000000000000000E+000  0.000000000000000E+000 -0.000000000000000E+000 -0.000000000000000E+000 -0.000000000000000E+000   0.311972996686157E-012 -0.364256427102462E-012  0.555174361503313E-003
     99.28000000  0.000000000000000E+000  0.000000000000000E+000  0.000000000000000E+000 -0.000000000000000E+000 -0.000000000000000E+000 -0.000000000000000E+000  0.000000000000000E+000  0.000000000000000E+000  0.000000000000000E+000 -0.000000000000000E+000 -0.000000000000000E+000 -0.000000000000000E+000   0.298819036742369E-012 -0.388011047171988E-012  0.568839385870864E-003
     99.36000000  0.000000000000000E+000  0.000000000000000E+000  0.000000000000000E+000 -0.000000000000000E+000 -0.000000000000000E+000 -0.000000000000000E+000  0.000000000000000E+000  0.000000000000000E+000  0.000000000000000E+000 -0.000000000000000E+000 -0.000000000000000E+000 -0.000000000000000E+000   0.284752374202587E-012 -0.411277589477444E-012  0.582394047119002E-003
     99.44000000  0.000000000000000E+000  0.000000000000000E+000  0.000000000000000E+000 -0.000000000000000E+000 -0.000000000000000E+000 -0.000000000000000E+000  0.000000000000000E+000  0.000000000000000E+000  0.000000000000000E+000 -0.000000000000000E+000 -0.000000000000000E+000 -0.000000000000000E+000   0.270056517205833E-012 -0.433881321035235E-012  0.595835067556094E-003
     99.52000000  0.000000000000000E+000  0.000000000000000E+000  0.000000000000000E+000 -0.000000000000000E+000 -0.000000000000000E+000 -0.000000000000000E+000  0.000000000000000E+000  0.000000000000000E+000  0.000000000000000E+000 -0.000000000000000E+000 -0.000000000000000E+000 -0.000000000000000E+000   0.254931211995093E-012 -0.455777542787358E-012  0.609159219990693E-003
     99.60000000  0.000000000000000E+000  0.000000000000000E+000  0.000000000000000E+000 -0.000000000000000E+000 -0.000000000000000E+000 -0.000000000000000E+000  0.000000000000000E+000  0.000000000000000E+000  0.000000000000000E+000 -0.000000000000000E+000 -0.000000000000000E+000 -0.000000000000000E+000   0.239446539629440E-012 -0.477032839742822E-012  0.622363329325855E-003
     99.68000000  0.000000000000000E+000  0.000000000000000E+000  0.000000000000000E+000 -0.000000000000000E+000 -0.000000000000000E+000 -0.000000000000000E+000  0.000000000000000E+000  0.000000000000000E+000  0.000000000000000E+000 -0.000000000000000E+000 -0.000000000000000E+000 -0.000000000000000E+000   0.223533403427573E-012 -0.497776990493844E-012  0.635444274140484E-003
     99.76000000  0.000000000000000E+000  0.000000000000000E+000  0.000000000000000E+000 -0.000000000000000E+000 -0.000000000000000E+000 -0.000000000000000E+000  0.000000000000000E+000  0.000000000000000E+000  0.000000000000000E+000 -0.000000000000000E+000 -0.000000000000000E+000 -0.000000000000000E+000   0.207014168721991E-012 -0.518145508610382E-012  0.648398988253202E-003
     99.84000000  0.000000000000000E+000  0.000000000000000E+000  0.000000000000000E+000 -0.000000000000000E+000 -0.000000000000000E+000 -0.000000000000000E+000  0.000000000000000E+000  0.000000000000000E+000  0.000000000000000E+000 -0.000000000000000E+000 -0.000000000000000E+000 -0.000000000000000E+000   0.189681373238760E-012 -0.538229941915319E-012  0.661224462274626E-003
     99.92000000  0.000000000000000E+000  0.000000000000000E+000  0.000000000000000E+000 -0.000000000000000E+000 -0.000000000000000E+000 -0.000000000000000E+000  0.000000000000000E+000  0.000000000000000E+000  0.000000000000000E+000 -0.000000000000000E+000 -0.000000000000000E+000 -0.000000000000000E+000   0.171364886708576E-012 -0.558037521842643E-012  0.673917745160645E-003
    100.00000000  0.000000000000000E+000  0.000000000000000E+000  0.000000000000000E+000 -0.000000000000000E+000 -0.000000000000000E+000 -0.000000000000000E+000  0.000000000000000E+000  0.000000000000000E+000  0.000000000000000E+000 -0.000000000000000E+000 -0.000000000000000E+000 -0.000000000000000E+000   0.152008475492475E-012 -0.577498762766072E-012  0.686475945776359E-003
    100.08000000  0.000000000000000E+000  0.000000000000000E+000  0.000000000000000E+000 -0.000000000000000E+000 -0.000000000000000E+000 -0.000000000000000E+000  0.000000000000000E+000  0.000000000000000E+000  0.000000000000000E+000 -0.000000000000000E+000 -0.000000000000000E+000 -0.000000000000000E+000   0.131705819050184E-012 -0.596492387621909E-012  0.698896234467610E-003
    100.16000000  0.000000000000000E+000  0.000000000000000E+000  0.000000000000000E+000 -0.000000000000000E+000 -0.000000000000000E+000 -0.000000000000000E+000  0.000000000000000E+000  0.000000000000000E+000  0.000000000000000E+000 -0.000000000000000E+000 -0.000000000000000E+000 -0.000000000000000E+000   0.110701599726431E-012 -0.614893256515446E-012  0.711175844620846E-003
    100.24000000  0.000000000000000E+000  0.000000000000000E+000  0.000000000000000E+000 -0.000000000000000E+000 -0.000000000000000E+000 -0.000000000000000E+000  0.000000000000000E+000  0.000000000000000E+000  0.000000000000000E+000 -0.000000000000000E+000 -0.000000000000000E+000 -0.000000000000000E+000   0.893486713692250E-013 -0.632620679974436E-012  0.723312074180444E-003
    100.32000000  0.000000000000000E+000  0.000000000000000E+000  0.000000000000000E+000 -0.000000000000000E+000 -0.000000000000000E+000 -0.000000000000000E+000  0.000000000000000E+000  0.000000000000000E+000  0.000000000000000E+000 -0.000000000000000E+000 -0.000000000000000E+000 -0.000000000000000E+000   0.680245069960444E-013 -0.649678407021603E-012  0.735302287091433E-003
    100.40000000  0.000000000000000E+000  0.000000000000000E+000  0.000000000000000E+000 -0.000000000000000E+000 -0.000000000000000E+000 -0.000000000000000E+000  0.000000000000000E+000  0.000000000000000E+000  0.000000000000000E+000 -0.000000000000000E+000 -0.000000000000000E+000 -0.000000000000000E+000   0.470595189757630E-013 -0.666168103782490E-012  0.747143914644453E-003
    100.48000000  0.000000000000000E+000  0.000000000000000E+000  0.000000000000000E+000 -0.000000000000000E+000 -0.000000000000000E+000 -0.000000000000000E+000  0.000000000000000E+000  0.000000000000000E+000  0.000000000000000E+000 -0.000000000000000E+000 -0.000000000000000E+000 -0.000000000000000E+000   0.266648554304995E-013 -0.682264616139205E-012  0.758834456713587E-003
    100.56000000  0.000000000000000E+000  0.000000000000000E+000  0.000000000000000E+000 -0.000000000000000E+000 -0.000000000000000E+000 -0.000000000000000E+000  0.000000000000000E+000  0.000000000000000E+000  0.000000000000000E+000 -0.000000000000000E+000 -0.000000000000000E+000 -0.000000000000000E+000   0.690062470437755E-014 -0.698183535411462E-012  0.770371482890010E-003
    100.64000000  0.000000000000000E+000  0.000000000000000E+000  0.000000000000000E+000 -0.000000000000000E+000 -0.000000000000000E+000 -0.000000000000000E+000  0.000000000000000E+000  0.000000000000000E+000  0.000000000000000E+000 -0.000000000000000E+000 -0.000000000000000E+000 -0.000000000000000E+000  -0.123102747844574E-013 -0.714130217372843E-012  0.781752633520885E-003
    100.72000000  0.000000000000000E+000  0.000000000000000E+000  0.000000000000000E+000 -0.000000000000000E+000 -0.000000000000000E+000 -0.000000000000000E+000  0.000000000000000E+000  0.000000000000000E+000  0.000000000000000E+000 -0.000000000000000E+000 -0.000000000000000E+000 -0.000000000000000E+000  -0.311385792789539E-013 -0.730249060819906E-012  0.792975620663776E-003
    100.80000000  0.000000000000000E+000  0.000000000000000E+000  0.000000000000000E+000 -0.000000000000000E+000 -0.000000000000000E+000 -0.000000000000000E+000  0.000000000000000E+000  0.000000000000000E+000  0.000000000000000E+000 -0.000000000000000E+000 -0.000000000000000E+000 -0.000000000000000E+000  -0.497826247436137E-013 -0.746599538594622E-012  0.804038228964125E-003
    100.88000000  0.000000000000000E+000  0.000000000000000E+000  0.000000000000000E+000 -0.000000000000000E+000 -0.000000000000000E+000 -0.000000000000000E+000  0.000000000000000E+000  0.000000000000000E+000  0.000000000000000E+000 -0.000000000000000E+000 -0.000000000000000E+000 -0.000000000000000E+000  -0.684023476885647E-013 -0.763153977652186E-012  0.814938316459953E-003
    100.96000000  0.000000000000000E+000  0.000000000000000E+000  0.000000000000000E+000 -0.000000000000000E+000 -0.000000000000000E+000 -0.000000000000000E+000  0.000000000000000E+000  0.000000000000000E+000  0.000000000000000E+000 -0.000000000000000E+000 -0.000000000000000E+000 -0.000000000000000E+000  -0.870607225664512E-013 -0.779818674831636E-012  0.825673815314493E-003
    101.04000000  0.000000000000000E+000  0.000000000000000E+000  0.000000000000000E+000 -0.000000000000000E+000 -0.000000000000000E+000 -0.000000000000000E+000  0.000000000000000E+000  0.000000000000000E+000  0.000000000000000E+000 -0.000000000000000E+000 -0.000000000000000E+000 -0.000000000000000E+000  -0.105710918870658E-012 -0.796480143623437E-012  0.836242732472800E-003
    101.12000000  0.000000000000000E+000  0.000000000000000E+000  0.000000000000000E+000 -0.000000000000000E+000 -0.000000000000000E+000 -0.000000000000000E+000  0.000000000000000E+000  0.000000000000000E+000  0.000000000000000E+000 -0.000000000000000E+000 -0.000000000000000E+000 -0.000000000000000E+000  -0.124197343425038E-012 -0.813041717239515E-012  0.846643150232080E-003
    101.20000000  0.000000000000000E+000  0.000000000000000E+000  0.000000000000000E+000 -0.000000000000000E+000 -0.000000000000000E+000 -0.000000000000000E+000  0.000000000000000E+000  0.000000000000000E+000  0.000000000000000E+000 -0.000000000000000E+000 -0.000000000000000E+000 -0.000000000000000E+000  -0.142297405382531E-012 -0.829460679871085E-012  0.856873226708505E-003
    101.28000000  0.000000000000000E+000  0.000000000000000E+000  0.000000000000000E+000 -0.000000000000000E+000 -0.000000000000000E+000 -0.000000000000000E+000  0.000000000000000E+000  0.000000000000000E+000  0.000000000000000E+000 -0.000000000000000E+000 -0.000000000000000E+000 -0.000000000000000E+000  -0.159787842167575E-012 -0.845758909939972E-012  0.866931196179094E-003
    101.36000000  0.000000000000000E+000  0.000000000000000E+000  0.000000000000000E+000 -0.000000000000000E+000 -0.000000000000000E+000 -0.000000000000000E+000  0.000000000000000E+000  0.000000000000000E+000  0.000000000000000E+000 -0.000000000000000E+000 -0.000000000000000E+000 -0.000000000000000E+000  -0.176481864443321E-012 -0.862009224421666E-012  0.876815369279257E-003
    101.44000000  0.000000000000000E+000  0.000000000000000E+000  0.000000000000000E+000 -0.000000000000000E+000 -0.000000000000000E+000 -0.000000000000000E+000  0.000000000000000E+000  0.000000000000000E+000  0.000000000000000E+000 -0.000000000000000E+000 -0.000000000000000E+000 -0.000000000000000E+000  -0.192287328828606E-012 -0.878287350226292E-012  0.886524133046809E-003
    101.52000000  0.000000000000000E+000  0.000000000000000E+000  0.000000000000000E+000 -0.000000000000000E+000 -0.000000000000000E+000 -0.000000000000000E+000  0.000000000000000E+000  0.000000000000000E+000  0.000000000000000E+000 -0.000000000000000E+000 -0.000000000000000E+000 -0.000000000000000E+000  -0.207226555080792E-012 -0.894641236226301E-012  0.896055950819451E-003
    101.60000000  0.000000000000000E+000  0.000000000000000E+000  0.000000000000000E+000 -0.000000000000000E+000 -0.000000000000000E+000 -0.000000000000000E+000  0.000000000000000E+000  0.000000000000000E+000  0.000000000000000E+000 -0.000000000000000E+000 -0.000000000000000E+000 -0.000000000000000E+000  -0.221418954265680E-012 -0.911047272507664E-012  0.905409362009990E-003
    101.68000000  0.000000000000000E+000  0.000000000000000E+000  0.000000000000000E+000 -0.000000000000000E+000 -0.000000000000000E+000 -0.000000000000000E+000  0.000000000000000E+000  0.000000000000000E+000  0.000000000000000E+000 -0.000000000000000E+000 -0.000000000000000E+000 -0.000000000000000E+000  -0.235040640971718E-012 -0.927397127854336E-012  0.914582981795557E-003
    101.76000000  0.000000000000000E+000  0.000000000000000E+000  0.000000000000000E+000 -0.000000000000000E+000 -0.000000000000000E+000 -0.000000000000000E+000  0.000000000000000E+000  0.000000000000000E+000  0.000000000000000E+000 -0.000000000000000E+000 -0.000000000000000E+000 -0.000000000000000E+000  -0.248285070496820E-012 -0.943516623869699E-012  0.923575500758596E-003
    101.84000000  0.000000000000000E+000  0.000000000000000E+000  0.000000000000000E+000 -0.000000000000000E+000 -0.000000000000000E+000 -0.000000000000000E+000  0.000000000000000E+000  0.000000000000000E+000  0.000000000000000E+000 -0.000000000000000E+000 -0.000000000000000E+000 -0.000000000000000E+000  -0.261299931756645E-012 -0.959193027162418E-012  0.932385684506363E-003
    101.92000000  0.000000000000000E+000  0.000000000000000E+000  0.000000000000000E+000 -0.000000000000000E+000 -0.000000000000000E+000 -0.000000000000000E+000  0.000000000000000E+000  0.000000000000000E+000  0.000000000000000E+000 -0.000000000000000E+000 -0.000000000000000E+000 -0.000000000000000E+000  -0.274157463611009E-012 -0.974229699096529E-012  0.941012373273816E-003
    102.00000000  0.000000000000000E+000  0.000000000000000E+000  0.000000000000000E+000 -0.000000000000000E+000 -0.000000000000000E+000 -0.000000000000000E+000  0.000000000000000E+000  0.000000000000000E+000  0.000000000000000E+000 -0.000000000000000E+000 -0.000000000000000E+000 -0.000000000000000E+000  -0.286850482467604E-012 -0.988495778916799E-012  0.949454481487066E-003
    102.08000000  0.000000000000000E+000  0.000000000000000E+000  0.000000000000000E+000 -0.000000000000000E+000 -0.000000000000000E+000 -0.000000000000000E+000  0.000000000000000E+000  0.000000000000000E+000  0.000000000000000E+000 -0.000000000000000E+000 -0.000000000000000E+000 -0.000000000000000E+000  -0.299300004072676E-012 -0.100194734244351E-011  0.957710997238867E-003
    102.16000000  0.000000000000000E+000  0.000000000000000E+000  0.000000000000000E+000 -0.000000000000000E+000 -0.000000000000000E+000 -0.000000000000000E+000  0.000000000000000E+000  0.000000000000000E+000  0.000000000000000E+000 -0.000000000000000E+000 -0.000000000000000E+000 -0.000000000000000E+000  -0.311401241666606E-012 -0.101464047825340E-011  0.965780981612080E-003
    102.24000000  0.000000000000000E+000  0.000000000000000E+000  0.000000000000000E+000 -0.000000000000000E+000 -0.000000000000000E+000 -0.000000000000000E+000  0.000000000000000E+000  0.000000000000000E+000  0.000000000000000E+000 -0.000000000000000E+000 -0.000000000000000E+000 -0.000000000000000E+000  -0.323049792854500E-012 -0.102669577453708E-011  0.973663567788729E-003
    102.32000000  0.000000000000000E+000  0.000000000000000E+000  0.000000000000000E+000 -0.000000000000000E+000 -0.000000000000000E+000 -0.000000000000000E+000  0.000000000000000E+000  0.000000000000000E+000  0.000000000000000E+000 -0.000000000000000E+000 -0.000000000000000E+000 -0.000000000000000E+000  -0.334178142083227E-012 -0.103825501959047E-011  0.981357959903779E-003
    102.40000000  0.000000000000000E+000  0.000000000000000E+000  0.000000000000000E+000 -0.000000000000000E+000 -0.000000000000000E+000 -0.000000000000000E+000  0.000000000000000E+000  0.000000000000000E+000  0.000000000000000E+000 -0.000000000000000E+000 -0.000000000000000E+000 -0.000000000000000E+000  -0.344778665554315E-012 -0.104942437613115E-011  0.988863431641019E-003
    102.48000000  0.000000000000000E+000  0.000000000000000E+000  0.000000000000000E+000 -0.000000000000000E+000 -0.000000000000000E+000 -0.000000000000000E+000  0.000000000000000E+000  0.000000000000000E+000  0.000000000000000E+000 -0.000000000000000E+000 -0.000000000000000E+000 -0.000000000000000E+000  -0.354903974554644E-012 -0.106022908141169E-011  0.996179324613992E-003
    102.56000000  0.000000000000000E+000  0.000000000000000E+000  0.000000000000000E+000 -0.000000000000000E+000 -0.000000000000000E+000 -0.000000000000000E+000  0.000000000000000E+000  0.000000000000000E+000  0.000000000000000E+000 -0.000000000000000E+000 -0.000000000000000E+000 -0.000000000000000E+000  -0.364660494444757E-012 -0.107060109239701E-011  0.100330504661462E-002
    102.64000000  0.000000000000000E+000  0.000000000000000E+000  0.000000000000000E+000 -0.000000000000000E+000 -0.000000000000000E+000 -0.000000000000000E+000  0.000000000000000E+000  0.000000000000000E+000  0.000000000000000E+000 -0.000000000000000E+000 -0.000000000000000E+000 -0.000000000000000E+000  -0.374187667427535E-012 -0.108038728943541E-011  0.101024006983401E-002
    102.72000000  0.000000000000000E+000  0.000000000000000E+000  0.000000000000000E+000 -0.000000000000000E+000 -0.000000000000000E+000 -0.000000000000000E+000  0.000000000000000E+000  0.000000000000000E+000  0.000000000000000E+000 -0.000000000000000E+000 -0.000000000000000E+000 -0.000000000000000E+000  -0.383648366895934E-012 -0.108940494926189E-011  0.101698392915645E-002
    102.80000000  0.000000000000000E+000  0.000000000000000E+000  0.000000000000000E+000 -0.000000000000000E+000 -0.000000000000000E+000 -0.000000000000000E+000  0.000000000000000E+000  0.000000000000000E+000  0.000000000000000E+000 -0.000000000000000E+000 -0.000000000000000E+000 -0.000000000000000E+000  -0.393189817466071E-012 -0.109749812796594E-011  0.102353622060050E-002
    102.88000000  0.000000000000000E+000  0.000000000000000E+000  0.000000000000000E+000 -0.000000000000000E+000 -0.000000000000000E+000 -0.000000000000000E+000  0.000000000000000E+000  0.000000000000000E+000  0.000000000000000E+000 -0.000000000000000E+000 -0.000000000000000E+000 -0.000000000000000E+000  -0.402946515797791E-012 -0.110460493617547E-011  0.102989659993868E-002
    102.96000000  0.000000000000000E+000  0.000000000000000E+000  0.000000000000000E+000 -0.000000000000000E+000 -0.000000000000000E+000 -0.000000000000000E+000  0.000000000000000E+000  0.000000000000000E+000  0.000000000000000E+000 -0.000000000000000E+000 -0.000000000000000E+000 -0.000000000000000E+000  -0.413020101703715E-012 -0.111079259844075E-011  0.103606478148264E-002
    103.04000000  0.000000000000000E+000  0.000000000000000E+000  0.000000000000000E+000 -0.000000000000000E+000 -0.000000000000000E+000 -0.000000000000000E+000  0.000000000000000E+000  0.000000000000000E+000  0.000000000000000E+000 -0.000000000000000E+000 -0.000000000000000E+000 -0.000000000000000E+000  -0.423478476231082E-012 -0.111626067083019E-011  0.104204053698557E-002
    103.12000000  0.000000000000000E+000  0.000000000000000E+000  0.000000000000000E+000 -0.000000000000000E+000 -0.000000000000000E+000 -0.000000000000000E+000  0.000000000000000E+000  0.000000000000000E+000  0.000000000000000E+000 -0.000000000000000E+000 -0.000000000000000E+000 -0.000000000000000E+000  -0.434360165826464E-012 -0.112129786985702E-011  0.104782369459464E-002
    103.20000000  0.000000000000000E+000  0.000000000000000E+000  0.000000000000000E+000 -0.000000000000000E+000 -0.000000000000000E+000 -0.000000000000000E+000  0.000000000000000E+000  0.000000000000000E+000  0.000000000000000E+000 -0.000000000000000E+000 -0.000000000000000E+000 -0.000000000000000E+000  -0.445680136495404E-012 -0.112621432829004E-011  0.105341413778500E-002
    103.28000000  0.000000000000000E+000  0.000000000000000E+000  0.000000000000000E+000 -0.000000000000000E+000 -0.000000000000000E+000 -0.000000000000000E+000  0.000000000000000E+000  0.000000000000000E+000  0.000000000000000E+000 -0.000000000000000E+000 -0.000000000000000E+000 -0.000000000000000E+000  -0.457438197373147E-012 -0.113126190717232E-011  0.105881180421914E-002
    103.36000000  0.000000000000000E+000  0.000000000000000E+000  0.000000000000000E+000 -0.000000000000000E+000 -0.000000000000000E+000 -0.000000000000000E+000  0.000000000000000E+000  0.000000000000000E+000  0.000000000000000E+000 -0.000000000000000E+000 -0.000000000000000E+000 -0.000000000000000E+000  -0.469613769700123E-012 -0.113656303125015E-011  0.106401668449532E-002
    103.44000000  0.000000000000000E+000  0.000000000000000E+000  0.000000000000000E+000 -0.000000000000000E+000 -0.000000000000000E+000 -0.000000000000000E+000  0.000000000000000E+000  0.000000000000000E+000  0.000000000000000E+000 -0.000000000000000E+000 -0.000000000000000E+000 -0.000000000000000E+000  -0.482175940161889E-012 -0.114208021599022E-011  0.106902882077128E-002
    103.52000000  0.000000000000000E+000  0.000000000000000E+000  0.000000000000000E+000 -0.000000000000000E+000 -0.000000000000000E+000 -0.000000000000000E+000  0.000000000000000E+000  0.000000000000000E+000  0.000000000000000E+000 -0.000000000000000E+000 -0.000000000000000E+000 -0.000000000000000E+000  -0.495078623640825E-012 -0.114762591298867E-011  0.107384830526966E-002
    103.60000000  0.000000000000000E+000  0.000000000000000E+000  0.000000000000000E+000 -0.000000000000000E+000 -0.000000000000000E+000 -0.000000000000000E+000  0.000000000000000E+000  0.000000000000000E+000  0.000000000000000E+000 -0.000000000000000E+000 -0.000000000000000E+000 -0.000000000000000E+000  -0.508262326926955E-012 -0.115292403116617E-011  0.107847527868714E-002
    103.68000000  0.000000000000000E+000  0.000000000000000E+000  0.000000000000000E+000 -0.000000000000000E+000 -0.000000000000000E+000 -0.000000000000000E+000  0.000000000000000E+000  0.000000000000000E+000  0.000000000000000E+000 -0.000000000000000E+000 -0.000000000000000E+000 -0.000000000000000E+000  -0.521661592318007E-012 -0.115767681033281E-011  0.108290992853789E-002
    103.76000000  0.000000000000000E+000  0.000000000000000E+000  0.000000000000000E+000 -0.000000000000000E+000 -0.000000000000000E+000 -0.000000000000000E+000  0.000000000000000E+000  0.000000000000000E+000  0.000000000000000E+000 -0.000000000000000E+000 -0.000000000000000E+000 -0.000000000000000E+000  -0.535216173685830E-012 -0.116167144632295E-011  0.108715248746335E-002
    103.84000000  0.000000000000000E+000  0.000000000000000E+000  0.000000000000000E+000 -0.000000000000000E+000 -0.000000000000000E+000 -0.000000000000000E+000  0.000000000000000E+000  0.000000000000000E+000  0.000000000000000E+000 -0.000000000000000E+000 -0.000000000000000E+000 -0.000000000000000E+000  -0.548875471415426E-012 -0.116483482275064E-011  0.109120323153419E-002
    103.92000000  0.000000000000000E+000  0.000000000000000E+000  0.000000000000000E+000 -0.000000000000000E+000 -0.000000000000000E+000 -0.000000000000000E+000  0.000000000000000E+000  0.000000000000000E+000  0.000000000000000E+000 -0.000000000000000E+000 -0.000000000000000E+000 -0.000000000000000E+000  -0.562601464017342E-012 -0.116726563476551E-011  0.109506247856119E-002
    104.00000000  0.000000000000000E+000  0.000000000000000E+000  0.000000000000000E+000 -0.000000000000000E+000 -0.000000000000000E+000 -0.000000000000000E+000  0.000000000000000E+000  0.000000000000000E+000  0.000000000000000E+000 -0.000000000000000E+000 -0.000000000000000E+000 -0.000000000000000E+000  -0.576351937126298E-012 -0.116921123506209E-011  0.109873058642128E-002
    104.08000000  0.000000000000000E+000  0.000000000000000E+000  0.000000000000000E+000 -0.000000000000000E+000 -0.000000000000000E+000 -0.000000000000000E+000  0.000000000000000E+000  0.000000000000000E+000  0.000000000000000E+000 -0.000000000000000E+000 -0.000000000000000E+000 -0.000000000000000E+000  -0.590067992588650E-012 -0.117099464712126E-011  0.110220795139915E-002
    104.16000000  0.000000000000000E+000  0.000000000000000E+000  0.000000000000000E+000 -0.000000000000000E+000 -0.000000000000000E+000 -0.000000000000000E+000  0.000000000000000E+000  0.000000000000000E+000  0.000000000000000E+000 -0.000000000000000E+000 -0.000000000000000E+000 -0.000000000000000E+000  -0.603647462168705E-012 -0.117292187508498E-011  0.110549500654319E-002
    104.24000000  0.000000000000000E+000  0.000000000000000E+000  0.000000000000000E+000 -0.000000000000000E+000 -0.000000000000000E+000 -0.000000000000000E+000  0.000000000000000E+000  0.000000000000000E+000  0.000000000000000E+000 -0.000000000000000E+000 -0.000000000000000E+000 -0.000000000000000E+000  -0.616937535350406E-012 -0.117518653336789E-011  0.110859222003740E-002
    104.32000000  0.000000000000000E+000  0.000000000000000E+000  0.000000000000000E+000 -0.000000000000000E+000 -0.000000000000000E+000 -0.000000000000000E+000  0.000000000000000E+000  0.000000000000000E+000  0.000000000000000E+000 -0.000000000000000E+000 -0.000000000000000E+000 -0.000000000000000E+000  -0.629727352881240E-012 -0.117780139560329E-011  0.111150009359451E-002
    104.40000000  0.000000000000000E+000  0.000000000000000E+000  0.000000000000000E+000 -0.000000000000000E+000 -0.000000000000000E+000 -0.000000000000000E+000  0.000000000000000E+000  0.000000000000000E+000  0.000000000000000E+000 -0.000000000000000E+000 -0.000000000000000E+000 -0.000000000000000E+000  -0.641762187986073E-012 -0.118058086118664E-011  0.111421916087558E-002
    104.48000000  0.000000000000000E+000  0.000000000000000E+000  0.000000000000000E+000 -0.000000000000000E+000 -0.000000000000000E+000 -0.000000000000000E+000  0.000000000000000E+000  0.000000000000000E+000  0.000000000000000E+000 -0.000000000000000E+000 -0.000000000000000E+000 -0.000000000000000E+000  -0.652773648675860E-012 -0.118318421280898E-011  0.111674998593690E-002
    104.56000000  0.000000000000000E+000  0.000000000000000E+000  0.000000000000000E+000 -0.000000000000000E+000 -0.000000000000000E+000 -0.000000000000000E+000  0.000000000000000E+000  0.000000000000000E+000  0.000000000000000E+000 -0.000000000000000E+000 -0.000000000000000E+000 -0.000000000000000E+000  -0.662512400073494E-012 -0.118520311232514E-011  0.111909316169577E-002
    104.64000000  0.000000000000000E+000  0.000000000000000E+000  0.000000000000000E+000 -0.000000000000000E+000 -0.000000000000000E+000 -0.000000000000000E+000  0.000000000000000E+000  0.000000000000000E+000  0.000000000000000E+000 -0.000000000000000E+000 -0.000000000000000E+000 -0.000000000000000E+000  -0.670788689481671E-012 -0.118626682847248E-011  0.112124930839636E-002
    104.72000000  0.000000000000000E+000  0.000000000000000E+000  0.000000000000000E+000 -0.000000000000000E+000 -0.000000000000000E+000 -0.000000000000000E+000  0.000000000000000E+000  0.000000000000000E+000  0.000000000000000E+000 -0.000000000000000E+000 -0.000000000000000E+000 -0.000000000000000E+000  -0.677497007213836E-012 -0.118615933371716E-011  0.112321907204919E-002
    104.80000000  0.000000000000000E+000  0.000000000000000E+000  0.000000000000000E+000 -0.000000000000000E+000 -0.000000000000000E+000 -0.000000000000000E+000  0.000000000000000E+000  0.000000000000000E+000  0.000000000000000E+000 -0.000000000000000E+000 -0.000000000000000E+000 -0.000000000000000E+000  -0.682630393043402E-012 -0.118486809234801E-011  0.112500312281669E-002
    104.88000000  0.000000000000000E+000  0.000000000000000E+000  0.000000000000000E+000 -0.000000000000000E+000 -0.000000000000000E+000 -0.000000000000000E+000  0.000000000000000E+000  0.000000000000000E+000  0.000000000000000E+000 -0.000000000000000E+000 -0.000000000000000E+000 -0.000000000000000E+000  -0.686288875914556E-012 -0.118260761414132E-011  0.112660215332430E-002
    104.96000000  0.000000000000000E+000  0.000000000000000E+000  0.000000000000000E+000 -0.000000000000000E+000 -0.000000000000000E+000 -0.000000000000000E+000  0.000000000000000E+000  0.000000000000000E+000  0.000000000000000E+000 -0.000000000000000E+000 -0.000000000000000E+000 -0.000000000000000E+000  -0.688628386938218E-012 -0.117975618915628E-011  0.112801687689113E-002
    105.04000000  0.000000000000000E+000  0.000000000000000E+000  0.000000000000000E+000 -0.000000000000000E+000 -0.000000000000000E+000 -0.000000000000000E+000  0.000000000000000E+000  0.000000000000000E+000  0.000000000000000E+000 -0.000000000000000E+000 -0.000000000000000E+000 -0.000000000000000E+000  -0.689848581693478E-012 -0.117677491351848E-011  0.112924802569341E-002
    105.12000000  0.000000000000000E+000  0.000000000000000E+000  0.000000000000000E+000 -0.000000000000000E+000 -0.000000000000000E+000 -0.000000000000000E+000  0.000000000000000E+000  0.000000000000000E+000  0.000000000000000E+000 -0.000000000000000E+000 -0.000000000000000E+000 -0.000000000000000E+000  -0.690132219522655E-012 -0.117407633518957E-011  0.113029634889249E-002
    105.20000000  0.000000000000000E+000  0.000000000000000E+000  0.000000000000000E+000 -0.000000000000000E+000 -0.000000000000000E+000 -0.000000000000000E+000  0.000000000000000E+000  0.000000000000000E+000  0.000000000000000E+000 -0.000000000000000E+000 -0.000000000000000E+000 -0.000000000000000E+000  -0.689606264892169E-012 -0.117193321509179E-011  0.113116261077208E-002
    105.28000000  0.000000000000000E+000  0.000000000000000E+000  0.000000000000000E+000 -0.000000000000000E+000 -0.000000000000000E+000 -0.000000000000000E+000  0.000000000000000E+000  0.000000000000000E+000  0.000000000000000E+000 -0.000000000000000E+000 -0.000000000000000E+000 -0.000000000000000E+000  -0.688331343902875E-012 -0.117040527431835E-011  0.113184758893241E-002
    105.36000000  0.000000000000000E+000  0.000000000000000E+000  0.000000000000000E+000 -0.000000000000000E+000 -0.000000000000000E+000 -0.000000000000000E+000  0.000000000000000E+000  0.000000000000000E+000  0.000000000000000E+000 -0.000000000000000E+000 -0.000000000000000E+000 -0.000000000000000E+000  -0.686298146596049E-012 -0.116933390237351E-011  0.113235207258092E-002
    105.44000000  0.000000000000000E+000  0.000000000000000E+000  0.000000000000000E+000 -0.000000000000000E+000 -0.000000000000000E+000 -0.000000000000000E+000  0.000000000000000E+000  0.000000000000000E+000  0.000000000000000E+000 -0.000000000000000E+000 -0.000000000000000E+000 -0.000000000000000E+000  -0.683460553847266E-012 -0.116839429750917E-011  0.113267686094289E-002
    105.52000000  0.000000000000000E+000  0.000000000000000E+000  0.000000000000000E+000 -0.000000000000000E+000 -0.000000000000000E+000 -0.000000000000000E+000  0.000000000000000E+000  0.000000000000000E+000  0.000000000000000E+000 -0.000000000000000E+000 -0.000000000000000E+000 -0.000000000000000E+000  -0.679789239744568E-012 -0.116718963997338E-011  0.113282276179759E-002
    105.60000000  0.000000000000000E+000  0.000000000000000E+000  0.000000000000000E+000 -0.000000000000000E+000 -0.000000000000000E+000 -0.000000000000000E+000  0.000000000000000E+000  0.000000000000000E+000  0.000000000000000E+000 -0.000000000000000E+000 -0.000000000000000E+000 -0.000000000000000E+000  -0.675314247479961E-012 -0.116536719575760E-011  0.113279059013305E-002
    105.68000000  0.000000000000000E+000  0.000000000000000E+000  0.000000000000000E+000 -0.000000000000000E+000 -0.000000000000000E+000 -0.000000000000000E+000  0.000000000000000E+000  0.000000000000000E+000  0.000000000000000E+000 -0.000000000000000E+000 -0.000000000000000E+000 -0.000000000000000E+000  -0.670164215633428E-012 -0.116272183619505E-011  0.113258116690979E-002
    105.76000000  0.000000000000000E+000  0.000000000000000E+000  0.000000000000000E+000 -0.000000000000000E+000 -0.000000000000000E+000 -0.000000000000000E+000  0.000000000000000E+000  0.000000000000000E+000  0.000000000000000E+000 -0.000000000000000E+000 -0.000000000000000E+000 -0.000000000000000E+000  -0.664580993193119E-012 -0.115925377724775E-011  0.113219531793138E-002
    105.84000000  0.000000000000000E+000  0.000000000000000E+000  0.000000000000000E+000 -0.000000000000000E+000 -0.000000000000000E+000 -0.000000000000000E+000  0.000000000000000E+000  0.000000000000000E+000  0.000000000000000E+000 -0.000000000000000E+000 -0.000000000000000E+000 -0.000000000000000E+000  -0.658893082249012E-012 -0.115517133694389E-011  0.113163387283100E-002
    105.92000000  0.000000000000000E+000  0.000000000000000E+000  0.000000000000000E+000 -0.000000000000000E+000 -0.000000000000000E+000 -0.000000000000000E+000  0.000000000000000E+000  0.000000000000000E+000  0.000000000000000E+000 -0.000000000000000E+000 -0.000000000000000E+000 -0.000000000000000E+000  -0.653469818655404E-012 -0.115083451056037E-011  0.113089766419158E-002
    106.00000000  0.000000000000000E+000  0.000000000000000E+000  0.000000000000000E+000 -0.000000000000000E+000 -0.000000000000000E+000 -0.000000000000000E+000  0.000000000000000E+000  0.000000000000000E+000  0.000000000000000E+000 -0.000000000000000E+000 -0.000000000000000E+000 -0.000000000000000E+000  -0.648664944954723E-012 -0.114665628375528E-011  0.112998752681575E-002
    106.08000000  0.000000000000000E+000  0.000000000000000E+000  0.000000000000000E+000 -0.000000000000000E+000 -0.000000000000000E+000 -0.000000000000000E+000  0.000000000000000E+000  0.000000000000000E+000  0.000000000000000E+000 -0.000000000000000E+000 -0.000000000000000E+000 -0.000000000000000E+000  -0.644754476307052E-012 -0.114298430419840E-011  0.112890429714927E-002
    106.16000000  0.000000000000000E+000  0.000000000000000E+000  0.000000000000000E+000 -0.000000000000000E+000 -0.000000000000000E+000 -0.000000000000000E+000  0.000000000000000E+000  0.000000000000000E+000  0.000000000000000E+000 -0.000000000000000E+000 -0.000000000000000E+000 -0.000000000000000E+000  -0.641887713625860E-012 -0.113999540388372E-011  0.112764881284178E-002
    106.24000000  0.000000000000000E+000  0.000000000000000E+000  0.000000000000000E+000 -0.000000000000000E+000 -0.000000000000000E+000 -0.000000000000000E+000  0.000000000000000E+000  0.000000000000000E+000  0.000000000000000E+000 -0.000000000000000E+000 -0.000000000000000E+000 -0.000000000000000E+000  -0.640076015560228E-012 -0.113764552693359E-011  0.112622191240957E-002
    106.32000000  0.000000000000000E+000  0.000000000000000E+000  0.000000000000000E+000 -0.000000000000000E+000 -0.000000000000000E+000 -0.000000000000000E+000  0.000000000000000E+000  0.000000000000000E+000  0.000000000000000E+000 -0.000000000000000E+000 -0.000000000000000E+000 -0.000000000000000E+000  -0.639203752952350E-012 -0.113566201770883E-011  0.112462443495318E-002
    106.40000000  0.000000000000000E+000  0.000000000000000E+000  0.000000000000000E+000 -0.000000000000000E+000 -0.000000000000000E+000 -0.000000000000000E+000  0.000000000000000E+000  0.000000000000000E+000  0.000000000000000E+000 -0.000000000000000E+000 -0.000000000000000E+000 -0.000000000000000E+000  -0.639059030408818E-012 -0.113360892177852E-011  0.112285721988332E-002
    106.48000000  0.000000000000000E+000  0.000000000000000E+000  0.000000000000000E+000 -0.000000000000000E+000 -0.000000000000000E+000 -0.000000000000000E+000  0.000000000000000E+000  0.000000000000000E+000  0.000000000000000E+000 -0.000000000000000E+000 -0.000000000000000E+000 -0.000000000000000E+000  -0.639410028439011E-012 -0.113098092300326E-011  0.112092110662095E-002
    106.56000000  0.000000000000000E+000  0.000000000000000E+000  0.000000000000000E+000 -0.000000000000000E+000 -0.000000000000000E+000 -0.000000000000000E+000  0.000000000000000E+000  0.000000000000000E+000  0.000000000000000E+000 -0.000000000000000E+000 -0.000000000000000E+000 -0.000000000000000E+000  -0.640046971114183E-012 -0.112732708588822E-011  0.111881693425673E-002
    106.64000000  0.000000000000000E+000  0.000000000000000E+000  0.000000000000000E+000 -0.000000000000000E+000 -0.000000000000000E+000 -0.000000000000000E+000  0.000000000000000E+000  0.000000000000000E+000  0.000000000000000E+000 -0.000000000000000E+000 -0.000000000000000E+000 -0.000000000000000E+000  -0.640844605099953E-012 -0.112235163719456E-011  0.111654554117629E-002
    106.72000000  0.000000000000000E+000  0.000000000000000E+000  0.000000000000000E+000 -0.000000000000000E+000 -0.000000000000000E+000 -0.000000000000000E+000  0.000000000000000E+000  0.000000000000000E+000  0.000000000000000E+000 -0.000000000000000E+000 -0.000000000000000E+000 -0.000000000000000E+000  -0.641778608127586E-012 -0.111598007930795E-011  0.111410776467496E-002
    106.80000000  0.000000000000000E+000  0.000000000000000E+000  0.000000000000000E+000 -0.000000000000000E+000 -0.000000000000000E+000 -0.000000000000000E+000  0.000000000000000E+000  0.000000000000000E+000  0.000000000000000E+000 -0.000000000000000E+000 -0.000000000000000E+000 -0.000000000000000E+000  -0.642905768046565E-012 -0.110836274325940E-011  0.111150444059513E-002
    106.88000000  0.000000000000000E+000  0.000000000000000E+000  0.000000000000000E+000 -0.000000000000000E+000 -0.000000000000000E+000 -0.000000000000000E+000  0.000000000000000E+000  0.000000000000000E+000  0.000000000000000E+000 -0.000000000000000E+000 -0.000000000000000E+000 -0.000000000000000E+000  -0.644332627045238E-012 -0.109983614118437E-011  0.110873640302160E-002
    106.96000000  0.000000000000000E+000  0.000000000000000E+000  0.000000000000000E+000 -0.000000000000000E+000 -0.000000000000000E+000 -0.000000000000000E+000  0.000000000000000E+000  0.000000000000000E+000  0.000000000000000E+000 -0.000000000000000E+000 -0.000000000000000E+000 -0.000000000000000E+000  -0.646143298757911E-012 -0.109081886396581E-011  0.110580448406513E-002
    107.04000000  0.000000000000000E+000  0.000000000000000E+000  0.000000000000000E+000 -0.000000000000000E+000 -0.000000000000000E+000 -0.000000000000000E+000  0.000000000000000E+000  0.000000000000000E+000  0.000000000000000E+000 -0.000000000000000E+000 -0.000000000000000E+000 -0.000000000000000E+000  -0.648354473874695E-012 -0.108171190553400E-011  0.110270951375529E-002
    107.12000000  0.000000000000000E+000  0.000000000000000E+000  0.000000000000000E+000 -0.000000000000000E+000 -0.000000000000000E+000 -0.000000000000000E+000  0.000000000000000E+000  0.000000000000000E+000  0.000000000000000E+000 -0.000000000000000E+000 -0.000000000000000E+000 -0.000000000000000E+000  -0.650867087312158E-012 -0.107279328305846E-011  0.109945232005302E-002
    107.20000000  0.000000000000000E+000  0.000000000000000E+000  0.000000000000000E+000 -0.000000000000000E+000 -0.000000000000000E+000 -0.000000000000000E+000  0.000000000000000E+000  0.000000000000000E+000  0.000000000000000E+000 -0.000000000000000E+000 -0.000000000000000E+000 -0.000000000000000E+000  -0.653463840108633E-012 -0.106414806148561E-011  0.109603372898399E-002
    107.28000000  0.000000000000000E+000  0.000000000000000E+000  0.000000000000000E+000 -0.000000000000000E+000 -0.000000000000000E+000 -0.000000000000000E+000  0.000000000000000E+000  0.000000000000000E+000  0.000000000000000E+000 -0.000000000000000E+000 -0.000000000000000E+000 -0.000000000000000E+000  -0.655823796123400E-012 -0.105565388646703E-011  0.109245456488708E-002
    107.36000000  0.000000000000000E+000  0.000000000000000E+000  0.000000000000000E+000 -0.000000000000000E+000 -0.000000000000000E+000 -0.000000000000000E+000  0.000000000000000E+000  0.000000000000000E+000  0.000000000000000E+000 -0.000000000000000E+000 -0.000000000000000E+000 -0.000000000000000E+000  -0.657592119200383E-012 -0.104703072363991E-011  0.108871565076858E-002
    107.44000000  0.000000000000000E+000  0.000000000000000E+000  0.000000000000000E+000 -0.000000000000000E+000 -0.000000000000000E+000 -0.000000000000000E+000  0.000000000000000E+000  0.000000000000000E+000  0.000000000000000E+000 -0.000000000000000E+000 -0.000000000000000E+000 -0.000000000000000E+000  -0.658422757228883E-012 -0.103790813713651E-011  0.108481780875155E-002
    107.52000000  0.000000000000000E+000  0.000000000000000E+000  0.000000000000000E+000 -0.000000000000000E+000 -0.000000000000000E+000 -0.000000000000000E+000  0.000000000000000E+000  0.000000000000000E+000  0.000000000000000E+000 -0.000000000000000E+000 -0.000000000000000E+000 -0.000000000000000E+000  -0.658056672224294E-012 -0.102795110145829E-011  0.108076186060909E-002
    107.60000000  0.000000000000000E+000  0.000000000000000E+000  0.000000000000000E+000 -0.000000000000000E+000 -0.000000000000000E+000 -0.000000000000000E+000  0.000000000000000E+000  0.000000000000000E+000  0.000000000000000E+000 -0.000000000000000E+000 -0.000000000000000E+000 -0.000000000000000E+000  -0.656349100358070E-012 -0.101695092801584E-011  0.107654862836904E-002
    107.68000000  0.000000000000000E+000  0.000000000000000E+000  0.000000000000000E+000 -0.000000000000000E+000 -0.000000000000000E+000 -0.000000000000000E+000  0.000000000000000E+000  0.000000000000000E+000  0.000000000000000E+000 -0.000000000000000E+000 -0.000000000000000E+000 -0.000000000000000E+000  -0.653298725905699E-012 -0.100490033132192E-011  0.107217893497516E-002
    107.76000000  0.000000000000000E+000  0.000000000000000E+000  0.000000000000000E+000 -0.000000000000000E+000 -0.000000000000000E+000 -0.000000000000000E+000  0.000000000000000E+000  0.000000000000000E+000  0.000000000000000E+000 -0.000000000000000E+000 -0.000000000000000E+000 -0.000000000000000E+000  -0.649020999457894E-012 -0.992013304149014E-012  0.106765360498578E-002
    107.84000000  0.000000000000000E+000  0.000000000000000E+000  0.000000000000000E+000 -0.000000000000000E+000 -0.000000000000000E+000 -0.000000000000000E+000  0.000000000000000E+000  0.000000000000000E+000  0.000000000000000E+000 -0.000000000000000E+000 -0.000000000000000E+000 -0.000000000000000E+000  -0.643704428510782E-012 -0.978681989748773E-012  0.106297346528665E-002
    107.92000000  0.000000000000000E+000  0.000000000000000E+000  0.000000000000000E+000 -0.000000000000000E+000 -0.000000000000000E+000 -0.000000000000000E+000  0.000000000000000E+000  0.000000000000000E+000  0.000000000000000E+000 -0.000000000000000E+000 -0.000000000000000E+000 -0.000000000000000E+000  -0.637561668528667E-012 -0.965399221002750E-012  0.105813934579172E-002
    108.00000000  0.000000000000000E+000  0.000000000000000E+000  0.000000000000000E+000 -0.000000000000000E+000 -0.000000000000000E+000 -0.000000000000000E+000  0.000000000000000E+000  0.000000000000000E+000  0.000000000000000E+000 -0.000000000000000E+000 -0.000000000000000E+000 -0.000000000000000E+000  -0.630760865653232E-012 -0.952629784841436E-012  0.105315208010512E-002
    108.08000000  0.000000000000000E+000  0.000000000000000E+000  0.000000000000000E+000 -0.000000000000000E+000 -0.000000000000000E+000 -0.000000000000000E+000  0.000000000000000E+000  0.000000000000000E+000  0.000000000000000E+000 -0.000000000000000E+000 -0.000000000000000E+000 -0.000000000000000E+000  -0.623393945358571E-012 -0.940714248115649E-012  0.104801250612164E-002
    108.16000000  0.000000000000000E+000  0.000000000000000E+000  0.000000000000000E+000 -0.000000000000000E+000 -0.000000000000000E+000 -0.000000000000000E+000  0.000000000000000E+000  0.000000000000000E+000  0.000000000000000E+000 -0.000000000000000E+000 -0.000000000000000E+000 -0.000000000000000E+000  -0.615448971758335E-012 -0.929764771477389E-012  0.104272146655120E-002
    108.24000000  0.000000000000000E+000  0.000000000000000E+000  0.000000000000000E+000 -0.000000000000000E+000 -0.000000000000000E+000 -0.000000000000000E+000  0.000000000000000E+000  0.000000000000000E+000  0.000000000000000E+000 -0.000000000000000E+000 -0.000000000000000E+000 -0.000000000000000E+000  -0.606838003382214E-012 -0.919644725249620E-012  0.103727980936620E-002
    108.32000000  0.000000000000000E+000  0.000000000000000E+000  0.000000000000000E+000 -0.000000000000000E+000 -0.000000000000000E+000 -0.000000000000000E+000  0.000000000000000E+000  0.000000000000000E+000  0.000000000000000E+000 -0.000000000000000E+000 -0.000000000000000E+000 -0.000000000000000E+000  -0.597427297555170E-012 -0.909987941669494E-012  0.103168838818530E-002
    108.40000000  0.000000000000000E+000  0.000000000000000E+000  0.000000000000000E+000 -0.000000000000000E+000 -0.000000000000000E+000 -0.000000000000000E+000  0.000000000000000E+000  0.000000000000000E+000  0.000000000000000E+000 -0.000000000000000E+000 -0.000000000000000E+000 -0.000000000000000E+000  -0.587090366972676E-012 -0.900292010171585E-012  0.102594806262227E-002
    108.48000000  0.000000000000000E+000  0.000000000000000E+000  0.000000000000000E+000 -0.000000000000000E+000 -0.000000000000000E+000 -0.000000000000000E+000  0.000000000000000E+000  0.000000000000000E+000  0.000000000000000E+000 -0.000000000000000E+000 -0.000000000000000E+000 -0.000000000000000E+000  -0.575765615273322E-012 -0.890021442989186E-012  0.102005969863889E-002
    108.56000000  0.000000000000000E+000  0.000000000000000E+000  0.000000000000000E+000 -0.000000000000000E+000 -0.000000000000000E+000 -0.000000000000000E+000  0.000000000000000E+000  0.000000000000000E+000  0.000000000000000E+000 -0.000000000000000E+000 -0.000000000000000E+000 -0.000000000000000E+000  -0.563482049006271E-012 -0.878741754132800E-012  0.101402416894389E-002
    108.64000000  0.000000000000000E+000  0.000000000000000E+000  0.000000000000000E+000 -0.000000000000000E+000 -0.000000000000000E+000 -0.000000000000000E+000  0.000000000000000E+000  0.000000000000000E+000  0.000000000000000E+000 -0.000000000000000E+000 -0.000000000000000E+000 -0.000000000000000E+000  -0.550367285731718E-012 -0.866212606787691E-012  0.100784235347474E-002
    108.72000000  0.000000000000000E+000  0.000000000000000E+000  0.000000000000000E+000 -0.000000000000000E+000 -0.000000000000000E+000 -0.000000000000000E+000  0.000000000000000E+000  0.000000000000000E+000  0.000000000000000E+000 -0.000000000000000E+000 -0.000000000000000E+000 -0.000000000000000E+000  -0.536632570698227E-012 -0.852434463308359E-012  0.100151513998519E-002
    108.80000000  0.000000000000000E+000  0.000000000000000E+000  0.000000000000000E+000 -0.000000000000000E+000 -0.000000000000000E+000 -0.000000000000000E+000  0.000000000000000E+000  0.000000000000000E+000  0.000000000000000E+000 -0.000000000000000E+000 -0.000000000000000E+000 -0.000000000000000E+000  -0.522534938939827E-012 -0.837631208369009E-012  0.995043424743396E-003
    108.88000000  0.000000000000000E+000  0.000000000000000E+000  0.000000000000000E+000 -0.000000000000000E+000 -0.000000000000000E+000 -0.000000000000000E+000  0.000000000000000E+000  0.000000000000000E+000  0.000000000000000E+000 -0.000000000000000E+000 -0.000000000000000E+000 -0.000000000000000E+000  -0.508316170364428E-012 -0.822181884758770E-012  0.988428113326404E-003
    108.96000000  0.000000000000000E+000  0.000000000000000E+000  0.000000000000000E+000 -0.000000000000000E+000 -0.000000000000000E+000 -0.000000000000000E+000  0.000000000000000E+000  0.000000000000000E+000  0.000000000000000E+000 -0.000000000000000E+000 -0.000000000000000E+000 -0.000000000000000E+000  -0.494164324795556E-012 -0.806499297372618E-012  0.981670121481571E-003
    109.04000000  0.000000000000000E+000  0.000000000000000E+000  0.000000000000000E+000 -0.000000000000000E+000 -0.000000000000000E+000 -0.000000000000000E+000  0.000000000000000E+000  0.000000000000000E+000  0.000000000000000E+000 -0.000000000000000E+000 -0.000000000000000E+000 -0.000000000000000E+000  -0.480178183968440E-012 -0.790905720977046E-012  0.974770376017208E-003
    109.12000000  0.000000000000000E+000  0.000000000000000E+000  0.000000000000000E+000 -0.000000000000000E+000 -0.000000000000000E+000 -0.000000000000000E+000  0.000000000000000E+000  0.000000000000000E+000  0.000000000000000E+000 -0.000000000000000E+000 -0.000000000000000E+000 -0.000000000000000E+000  -0.466356899156067E-012 -0.775533799049297E-012  0.967729815684243E-003
    109.20000000  0.000000000000000E+000  0.000000000000000E+000  0.000000000000000E+000 -0.000000000000000E+000 -0.000000000000000E+000 -0.000000000000000E+000  0.000000000000000E+000  0.000000000000000E+000  0.000000000000000E+000 -0.000000000000000E+000 -0.000000000000000E+000 -0.000000000000000E+000  -0.452606374534959E-012 -0.760277045869889E-012  0.960549392017299E-003
    109.28000000  0.000000000000000E+000  0.000000000000000E+000  0.000000000000000E+000 -0.000000000000000E+000 -0.000000000000000E+000 -0.000000000000000E+000  0.000000000000000E+000  0.000000000000000E+000  0.000000000000000E+000 -0.000000000000000E+000 -0.000000000000000E+000 -0.000000000000000E+000  -0.438773858504907E-012 -0.744812196145727E-012  0.953230070115107E-003
    109.36000000  0.000000000000000E+000  0.000000000000000E+000  0.000000000000000E+000 -0.000000000000000E+000 -0.000000000000000E+000 -0.000000000000000E+000  0.000000000000000E+000  0.000000000000000E+000  0.000000000000000E+000 -0.000000000000000E+000 -0.000000000000000E+000 -0.000000000000000E+000  -0.424695163705252E-012 -0.728674177276616E-012  0.945772829354545E-003
    109.44000000  0.000000000000000E+000  0.000000000000000E+000  0.000000000000000E+000 -0.000000000000000E+000 -0.000000000000000E+000 -0.000000000000000E+000  0.000000000000000E+000  0.000000000000000E+000  0.000000000000000E+000 -0.000000000000000E+000 -0.000000000000000E+000 -0.000000000000000E+000  -0.410241904097314E-012 -0.711393901977164E-012  0.938178664047249E-003
    109.52000000  0.000000000000000E+000  0.000000000000000E+000  0.000000000000000E+000 -0.000000000000000E+000 -0.000000000000000E+000 -0.000000000000000E+000  0.000000000000000E+000  0.000000000000000E+000  0.000000000000000E+000 -0.000000000000000E+000 -0.000000000000000E+000 -0.000000000000000E+000  -0.395353255939217E-012 -0.692617708894622E-012  0.930448584060944E-003
    109.60000000  0.000000000000000E+000  0.000000000000000E+000  0.000000000000000E+000 -0.000000000000000E+000 -0.000000000000000E+000 -0.000000000000000E+000  0.000000000000000E+000  0.000000000000000E+000  0.000000000000000E+000 -0.000000000000000E+000 -0.000000000000000E+000 -0.000000000000000E+000  -0.380059779803238E-012 -0.672243945667731E-012  0.922583615437019E-003
    109.68000000  0.000000000000000E+000  0.000000000000000E+000  0.000000000000000E+000 -0.000000000000000E+000 -0.000000000000000E+000 -0.000000000000000E+000  0.000000000000000E+000  0.000000000000000E+000  0.000000000000000E+000 -0.000000000000000E+000 -0.000000000000000E+000 -0.000000000000000E+000  -0.364471027919104E-012 -0.650452483193716E-012  0.914584801038962E-003
    109.76000000  0.000000000000000E+000  0.000000000000000E+000  0.000000000000000E+000 -0.000000000000000E+000 -0.000000000000000E+000 -0.000000000000000E+000  0.000000000000000E+000  0.000000000000000E+000  0.000000000000000E+000 -0.000000000000000E+000 -0.000000000000000E+000 -0.000000000000000E+000  -0.348745783577269E-012 -0.627697121883795E-012  0.906453201260588E-003
    109.84000000  0.000000000000000E+000  0.000000000000000E+000  0.000000000000000E+000 -0.000000000000000E+000 -0.000000000000000E+000 -0.000000000000000E+000  0.000000000000000E+000  0.000000000000000E+000  0.000000000000000E+000 -0.000000000000000E+000 -0.000000000000000E+000 -0.000000000000000E+000  -0.333053866593777E-012 -0.604603894848382E-012  0.898189894807844E-003
    109.92000000  0.000000000000000E+000  0.000000000000000E+000  0.000000000000000E+000 -0.000000000000000E+000 -0.000000000000000E+000 -0.000000000000000E+000  0.000000000000000E+000  0.000000000000000E+000  0.000000000000000E+000 -0.000000000000000E+000 -0.000000000000000E+000 -0.000000000000000E+000  -0.317527200969813E-012 -0.581842274498299E-012  0.889795979544806E-003
    110.00000000  0.000000000000000E+000  0.000000000000000E+000  0.000000000000000E+000 -0.000000000000000E+000 -0.000000000000000E+000 -0.000000000000000E+000  0.000000000000000E+000  0.000000000000000E+000  0.000000000000000E+000 -0.000000000000000E+000 -0.000000000000000E+000 -0.000000000000000E+000  -0.302235180412897E-012 -0.559962102671549E-012  0.881272573368290E-003
    110.08000000  0.000000000000000E+000  0.000000000000000E+000  0.000000000000000E+000 -0.000000000000000E+000 -0.000000000000000E+000 -0.000000000000000E+000  0.000000000000000E+000  0.000000000000000E+000  0.000000000000000E+000 -0.000000000000000E+000 -0.000000000000000E+000 -0.000000000000000E+000  -0.287164594597184E-012 -0.539272271766975E-012  0.872620815053114E-003
    110.16000000  0.000000000000000E+000  0.000000000000000E+000  0.000000000000000E+000 -0.000000000000000E+000 -0.000000000000000E+000 -0.000000000000000E+000  0.000000000000000E+000  0.000000000000000E+000  0.000000000000000E+000 -0.000000000000000E+000 -0.000000000000000E+000 -0.000000000000000E+000  -0.272232591716485E-012 -0.519778955901845E-012  0.863841864998388E-003
    110.24000000  0.000000000000000E+000  0.000000000000000E+000  0.000000000000000E+000 -0.000000000000000E+000 -0.000000000000000E+000 -0.000000000000000E+000  0.000000000000000E+000  0.000000000000000E+000  0.000000000000000E+000 -0.000000000000000E+000 -0.000000000000000E+000 -0.000000000000000E+000  -0.257309010319692E-012 -0.501203805995218E-012  0.854936905808308E-003
    110.32000000  0.000000000000000E+000  0.000000000000000E+000  0.000000000000000E+000 -0.000000000000000E+000 -0.000000000000000E+000 -0.000000000000000E+000  0.000000000000000E+000  0.000000000000000E+000  0.000000000000000E+000 -0.000000000000000E+000 -0.000000000000000E+000 -0.000000000000000E+000  -0.242256220634829E-012 -0.483078238871793E-012  0.845907142658728E-003
    110.40000000  0.000000000000000E+000  0.000000000000000E+000  0.000000000000000E+000 -0.000000000000000E+000 -0.000000000000000E+000 -0.000000000000000E+000  0.000000000000000E+000  0.000000000000000E+000  0.000000000000000E+000 -0.000000000000000E+000 -0.000000000000000E+000 -0.000000000000000E+000  -0.226972530615578E-012 -0.464888698141933E-012  0.836753803428746E-003
    110.48000000  0.000000000000000E+000  0.000000000000000E+000  0.000000000000000E+000 -0.000000000000000E+000 -0.000000000000000E+000 -0.000000000000000E+000  0.000000000000000E+000  0.000000000000000E+000  0.000000000000000E+000 -0.000000000000000E+000 -0.000000000000000E+000 -0.000000000000000E+000  -0.211418999992713E-012 -0.446233860599121E-012  0.827478138607726E-003
    110.56000000  0.000000000000000E+000  0.000000000000000E+000  0.000000000000000E+000 -0.000000000000000E+000 -0.000000000000000E+000 -0.000000000000000E+000  0.000000000000000E+000  0.000000000000000E+000  0.000000000000000E+000 -0.000000000000000E+000 -0.000000000000000E+000 -0.000000000000000E+000  -0.195638867194350E-012 -0.426950339893520E-012  0.818081421015577E-003
    110.64000000  0.000000000000000E+000  0.000000000000000E+000  0.000000000000000E+000 -0.000000000000000E+000 -0.000000000000000E+000 -0.000000000000000E+000  0.000000000000000E+000  0.000000000000000E+000  0.000000000000000E+000 -0.000000000000000E+000 -0.000000000000000E+000 -0.000000000000000E+000  -0.179760539152647E-012 -0.407164273379565E-012  0.808564945392071E-003
    110.72000000  0.000000000000000E+000  0.000000000000000E+000  0.000000000000000E+000 -0.000000000000000E+000 -0.000000000000000E+000 -0.000000000000000E+000  0.000000000000000E+000  0.000000000000000E+000  0.000000000000000E+000 -0.000000000000000E+000 -0.000000000000000E+000 -0.000000000000000E+000  -0.163954150623045E-012 -0.387263871597689E-012  0.798930027917048E-003
    110.80000000  0.000000000000000E+000  0.000000000000000E+000  0.000000000000000E+000 -0.000000000000000E+000 -0.000000000000000E+000 -0.000000000000000E+000  0.000000000000000E+000  0.000000000000000E+000  0.000000000000000E+000 -0.000000000000000E+000 -0.000000000000000E+000 -0.000000000000000E+000  -0.148403980901429E-012 -0.367785932392224E-012  0.789178005716964E-003
    110.88000000  0.000000000000000E+000  0.000000000000000E+000  0.000000000000000E+000 -0.000000000000000E+000 -0.000000000000000E+000 -0.000000000000000E+000  0.000000000000000E+000  0.000000000000000E+000  0.000000000000000E+000 -0.000000000000000E+000 -0.000000000000000E+000 -0.000000000000000E+000  -0.133253661301920E-012 -0.349261594705868E-012  0.779310236396378E-003
    110.96000000  0.000000000000000E+000  0.000000000000000E+000  0.000000000000000E+000 -0.000000000000000E+000 -0.000000000000000E+000 -0.000000000000000E+000  0.000000000000000E+000  0.000000000000000E+000  0.000000000000000E+000 -0.000000000000000E+000 -0.000000000000000E+000 -0.000000000000000E+000  -0.118561364196414E-012 -0.332047626306276E-012  0.769328097609334E-003
    111.04000000  0.000000000000000E+000  0.000000000000000E+000  0.000000000000000E+000 -0.000000000000000E+000 -0.000000000000000E+000 -0.000000000000000E+000  0.000000000000000E+000  0.000000000000000E+000  0.000000000000000E+000 -0.000000000000000E+000 -0.000000000000000E+000 -0.000000000000000E+000  -0.104283472815410E-012 -0.316203986365660E-012  0.759232986660519E-003
    111.12000000  0.000000000000000E+000  0.000000000000000E+000  0.000000000000000E+000 -0.000000000000000E+000 -0.000000000000000E+000 -0.000000000000000E+000  0.000000000000000E+000  0.000000000000000E+000  0.000000000000000E+000 -0.000000000000000E+000 -0.000000000000000E+000 -0.000000000000000E+000  -0.902725135151091E-013 -0.301456177324632E-012  0.749026320105728E-003
    111.20000000  0.000000000000000E+000  0.000000000000000E+000  0.000000000000000E+000 -0.000000000000000E+000 -0.000000000000000E+000 -0.000000000000000E+000  0.000000000000000E+000  0.000000000000000E+000  0.000000000000000E+000 -0.000000000000000E+000 -0.000000000000000E+000 -0.000000000000000E+000  -0.763062095408145E-013 -0.287242719959528E-012  0.738709533311198E-003
    111.28000000  0.000000000000000E+000  0.000000000000000E+000  0.000000000000000E+000 -0.000000000000000E+000 -0.000000000000000E+000 -0.000000000000000E+000  0.000000000000000E+000  0.000000000000000E+000  0.000000000000000E+000 -0.000000000000000E+000 -0.000000000000000E+000 -0.000000000000000E+000  -0.621461278000232E-013 -0.272840523387727E-012  0.728284079934152E-003
    111.36000000  0.000000000000000E+000  0.000000000000000E+000  0.000000000000000E+000 -0.000000000000000E+000 -0.000000000000000E+000 -0.000000000000000E+000  0.000000000000000E+000  0.000000000000000E+000  0.000000000000000E+000 -0.000000000000000E+000 -0.000000000000000E+000 -0.000000000000000E+000  -0.475761065198583E-013 -0.257550465186549E-012  0.717751431301319E-003
    111.44000000  0.000000000000000E+000  0.000000000000000E+000  0.000000000000000E+000 -0.000000000000000E+000 -0.000000000000000E+000 -0.000000000000000E+000  0.000000000000000E+000  0.000000000000000E+000  0.000000000000000E+000 -0.000000000000000E+000 -0.000000000000000E+000 -0.000000000000000E+000  -0.324589873806084E-013 -0.240858963837713E-012  0.707113075682873E-003
    111.52000000  0.000000000000000E+000  0.000000000000000E+000  0.000000000000000E+000 -0.000000000000000E+000 -0.000000000000000E+000 -0.000000000000000E+000  0.000000000000000E+000  0.000000000000000E+000  0.000000000000000E+000 -0.000000000000000E+000 -0.000000000000000E+000 -0.000000000000000E+000  -0.167629029009013E-013 -0.222573694330341E-012  0.696370517479301E-003
    111.60000000  0.000000000000000E+000  0.000000000000000E+000  0.000000000000000E+000 -0.000000000000000E+000 -0.000000000000000E+000 -0.000000000000000E+000  0.000000000000000E+000  0.000000000000000E+000  0.000000000000000E+000 -0.000000000000000E+000 -0.000000000000000E+000 -0.000000000000000E+000  -0.556913308249341E-015 -0.202856976474302E-012  0.685525276352570E-003
    111.68000000  0.000000000000000E+000  0.000000000000000E+000  0.000000000000000E+000 -0.000000000000000E+000 -0.000000000000000E+000 -0.000000000000000E+000  0.000000000000000E+000  0.000000000000000E+000  0.000000000000000E+000 -0.000000000000000E+000 -0.000000000000000E+000 -0.000000000000000E+000   0.160188587446651E-013 -0.182168643971012E-012  0.674578886338963E-003
    111.76000000  0.000000000000000E+000  0.000000000000000E+000  0.000000000000000E+000 -0.000000000000000E+000 -0.000000000000000E+000 -0.000000000000000E+000  0.000000000000000E+000  0.000000000000000E+000  0.000000000000000E+000 -0.000000000000000E+000 -0.000000000000000E+000 -0.000000000000000E+000   0.327937726668732E-013 -0.161131637695936E-012  0.663532894980428E-003
    111.84000000  0.000000000000000E+000  0.000000000000000E+000  0.000000000000000E+000 -0.000000000000000E+000 -0.000000000000000E+000 -0.000000000000000E+000  0.000000000000000E+000  0.000000000000000E+000  0.000000000000000E+000 -0.000000000000000E+000 -0.000000000000000E+000 -0.000000000000000E+000   0.496302078782757E-013 -0.140359829625121E-012  0.652388862507924E-003
    111.92000000  0.000000000000000E+000  0.000000000000000E+000  0.000000000000000E+000 -0.000000000000000E+000 -0.000000000000000E+000 -0.000000000000000E+000  0.000000000000000E+000  0.000000000000000E+000  0.000000000000000E+000 -0.000000000000000E+000 -0.000000000000000E+000 -0.000000000000000E+000   0.664749898464552E-013 -0.120274859615011E-012  0.641148361106278E-003
    112.00000000  0.000000000000000E+000  0.000000000000000E+000  0.000000000000000E+000 -0.000000000000000E+000 -0.000000000000000E+000 -0.000000000000000E+000  0.000000000000000E+000  0.000000000000000E+000  0.000000000000000E+000 -0.000000000000000E+000 -0.000000000000000E+000 -0.000000000000000E+000   0.833791907994255E-013 -0.101018011914176E-012  0.629812974285303E-003
    112.08000000  0.000000000000000E+000  0.000000000000000E+000  0.000000000000000E+000 -0.000000000000000E+000 -0.000000000000000E+000 -0.000000000000000E+000  0.000000000000000E+000  0.000000000000000E+000  0.000000000000000E+000 -0.000000000000000E+000 -0.000000000000000E+000 -0.000000000000000E+000   0.100498474499413E-012 -0.824049774237205E-013  0.618384296373932E-003
    112.16000000  0.000000000000000E+000  0.000000000000000E+000  0.000000000000000E+000 -0.000000000000000E+000 -0.000000000000000E+000 -0.000000000000000E+000  0.000000000000000E+000  0.000000000000000E+000  0.000000000000000E+000 -0.000000000000000E+000 -0.000000000000000E+000 -0.000000000000000E+000   0.118050696722445E-012 -0.640085900560209E-013  0.606863932140819E-003
    112.24000000  0.000000000000000E+000  0.000000000000000E+000  0.000000000000000E+000 -0.000000000000000E+000 -0.000000000000000E+000 -0.000000000000000E+000  0.000000000000000E+000  0.000000000000000E+000  0.000000000000000E+000 -0.000000000000000E+000 -0.000000000000000E+000 -0.000000000000000E+000   0.136263103671404E-012 -0.452977236679885E-013  0.595253496526944E-003
    112.32000000  0.000000000000000E+000  0.000000000000000E+000  0.000000000000000E+000 -0.000000000000000E+000 -0.000000000000000E+000 -0.000000000000000E+000  0.000000000000000E+000  0.000000000000000E+000  0.000000000000000E+000 -0.000000000000000E+000 -0.000000000000000E+000 -0.000000000000000E+000   0.155290370275980E-012 -0.258151239617616E-013  0.583554614457363E-003
    112.40000000  0.000000000000000E+000  0.000000000000000E+000  0.000000000000000E+000 -0.000000000000000E+000 -0.000000000000000E+000 -0.000000000000000E+000  0.000000000000000E+000  0.000000000000000E+000  0.000000000000000E+000 -0.000000000000000E+000 -0.000000000000000E+000 -0.000000000000000E+000   0.175170583309902E-012 -0.533410010572678E-014  0.571768920687233E-003
    112.48000000  0.000000000000000E+000  0.000000000000000E+000  0.000000000000000E+000 -0.000000000000000E+000 -0.000000000000000E+000 -0.000000000000000E+000  0.000000000000000E+000  0.000000000000000E+000  0.000000000000000E+000 -0.000000000000000E+000 -0.000000000000000E+000 -0.000000000000000E+000   0.195789237000656E-012  0.160489401472675E-013  0.559898059637090E-003
    112.56000000  0.000000000000000E+000  0.000000000000000E+000  0.000000000000000E+000 -0.000000000000000E+000 -0.000000000000000E+000 -0.000000000000000E+000  0.000000000000000E+000  0.000000000000000E+000  0.000000000000000E+000 -0.000000000000000E+000 -0.000000000000000E+000 -0.000000000000000E+000   0.216899100626460E-012  0.379074098919034E-013  0.547943685186075E-003
    112.64000000  0.000000000000000E+000  0.000000000000000E+000  0.000000000000000E+000 -0.000000000000000E+000 -0.000000000000000E+000 -0.000000000000000E+000  0.000000000000000E+000  0.000000000000000E+000  0.000000000000000E+000 -0.000000000000000E+000 -0.000000000000000E+000 -0.000000000000000E+000   0.238164784527355E-012  0.595816839773158E-013  0.535907460415387E-003
    112.72000000  0.000000000000000E+000  0.000000000000000E+000  0.000000000000000E+000 -0.000000000000000E+000 -0.000000000000000E+000 -0.000000000000000E+000  0.000000000000000E+000  0.000000000000000E+000  0.000000000000000E+000 -0.000000000000000E+000 -0.000000000000000E+000 -0.000000000000000E+000   0.259240648564372E-012  0.803368804144292E-013  0.523791057320237E-003
    112.80000000  0.000000000000000E+000  0.000000000000000E+000  0.000000000000000E+000 -0.000000000000000E+000 -0.000000000000000E+000 -0.000000000000000E+000  0.000000000000000E+000  0.000000000000000E+000  0.000000000000000E+000 -0.000000000000000E+000 -0.000000000000000E+000 -0.000000000000000E+000   0.279843766416009E-012  0.995359482960842E-013  0.511596156527739E-003
    112.88000000  0.000000000000000E+000  0.000000000000000E+000  0.000000000000000E+000 -0.000000000000000E+000 -0.000000000000000E+000 -0.000000000000000E+000  0.000000000000000E+000  0.000000000000000E+000  0.000000000000000E+000 -0.000000000000000E+000 -0.000000000000000E+000 -0.000000000000000E+000   0.299820981882652E-012  0.116797355403318E-012  0.499324447064031E-003
    112.96000000  0.000000000000000E+000  0.000000000000000E+000  0.000000000000000E+000 -0.000000000000000E+000 -0.000000000000000E+000 -0.000000000000000E+000  0.000000000000000E+000  0.000000000000000E+000  0.000000000000000E+000 -0.000000000000000E+000 -0.000000000000000E+000 -0.000000000000000E+000   0.319179603242999E-012  0.132079228787870E-012  0.486977626204874E-003
    113.04000000  0.000000000000000E+000  0.000000000000000E+000  0.000000000000000E+000 -0.000000000000000E+000 -0.000000000000000E+000 -0.000000000000000E+000  0.000000000000000E+000  0.000000000000000E+000  0.000000000000000E+000 -0.000000000000000E+000 -0.000000000000000E+000 -0.000000000000000E+000   0.338071506108334E-012  0.145664889833682E-012  0.474557399423481E-003
    113.12000000  0.000000000000000E+000  0.000000000000000E+000  0.000000000000000E+000 -0.000000000000000E+000 -0.000000000000000E+000 -0.000000000000000E+000  0.000000000000000E+000  0.000000000000000E+000  0.000000000000000E+000 -0.000000000000000E+000 -0.000000000000000E+000 -0.000000000000000E+000   0.356742899066959E-012  0.158066555269355E-012  0.462065480424437E-003
    113.20000000  0.000000000000000E+000  0.000000000000000E+000  0.000000000000000E+000 -0.000000000000000E+000 -0.000000000000000E+000 -0.000000000000000E+000  0.000000000000000E+000  0.000000000000000E+000  0.000000000000000E+000 -0.000000000000000E+000 -0.000000000000000E+000 -0.000000000000000E+000   0.375462647756192E-012  0.169868563479047E-012  0.449503591231467E-003
    113.28000000  0.000000000000000E+000  0.000000000000000E+000  0.000000000000000E+000 -0.000000000000000E+000 -0.000000000000000E+000 -0.000000000000000E+000  0.000000000000000E+000  0.000000000000000E+000  0.000000000000000E+000 -0.000000000000000E+000 -0.000000000000000E+000 -0.000000000000000E+000   0.394433331901088E-012  0.181557963991572E-012  0.436873462285410E-003
    113.36000000  0.000000000000000E+000  0.000000000000000E+000  0.000000000000000E+000 -0.000000000000000E+000 -0.000000000000000E+000 -0.000000000000000E+000  0.000000000000000E+000  0.000000000000000E+000  0.000000000000000E+000 -0.000000000000000E+000 -0.000000000000000E+000 -0.000000000000000E+000   0.413729428410742E-012  0.193399066159911E-012  0.424176832509784E-003
    113.44000000  0.000000000000000E+000  0.000000000000000E+000  0.000000000000000E+000 -0.000000000000000E+000 -0.000000000000000E+000 -0.000000000000000E+000  0.000000000000000E+000  0.000000000000000E+000  0.000000000000000E+000 -0.000000000000000E+000 -0.000000000000000E+000 -0.000000000000000E+000   0.433263894657972E-012  0.205372457024176E-012  0.411415449313366E-003
    113.52000000  0.000000000000000E+000  0.000000000000000E+000  0.000000000000000E+000 -0.000000000000000E+000 -0.000000000000000E+000 -0.000000000000000E+000  0.000000000000000E+000  0.000000000000000E+000  0.000000000000000E+000 -0.000000000000000E+000 -0.000000000000000E+000 -0.000000000000000E+000   0.452804899858382E-012  0.217196882776478E-012  0.398591068517748E-003
    113.60000000  0.000000000000000E+000  0.000000000000000E+000  0.000000000000000E+000 -0.000000000000000E+000 -0.000000000000000E+000 -0.000000000000000E+000  0.000000000000000E+000  0.000000000000000E+000  0.000000000000000E+000 -0.000000000000000E+000 -0.000000000000000E+000 -0.000000000000000E+000   0.472041298238832E-012  0.228437519147459E-012  0.385705454216969E-003
    113.68000000  0.000000000000000E+000  0.000000000000000E+000  0.000000000000000E+000 -0.000000000000000E+000 -0.000000000000000E+000 -0.000000000000000E+000  0.000000000000000E+000  0.000000000000000E+000  0.000000000000000E+000 -0.000000000000000E+000 -0.000000000000000E+000 -0.000000000000000E+000   0.490662031819575E-012  0.238653592120109E-012  0.372760378590621E-003
    113.76000000  0.000000000000000E+000  0.000000000000000E+000  0.000000000000000E+000 -0.000000000000000E+000 -0.000000000000000E+000 -0.000000000000000E+000  0.000000000000000E+000  0.000000000000000E+000  0.000000000000000E+000 -0.000000000000000E+000 -0.000000000000000E+000 -0.000000000000000E+000   0.508461612948708E-012  0.247540721628324E-012  0.359757621697488E-003
    113.84000000  0.000000000000000E+000  0.000000000000000E+000  0.000000000000000E+000 -0.000000000000000E+000 -0.000000000000000E+000 -0.000000000000000E+000  0.000000000000000E+000  0.000000000000000E+000  0.000000000000000E+000 -0.000000000000000E+000 -0.000000000000000E+000 -0.000000000000000E+000   0.525390263852788E-012  0.255040878197807E-012  0.346698971273045E-003
    113.92000000  0.000000000000000E+000  0.000000000000000E+000  0.000000000000000E+000 -0.000000000000000E+000 -0.000000000000000E+000 -0.000000000000000E+000  0.000000000000000E+000  0.000000000000000E+000  0.000000000000000E+000 -0.000000000000000E+000 -0.000000000000000E+000 -0.000000000000000E+000   0.541600189168343E-012  0.261367908472159E-012  0.333586222542686E-003
    114.00000000  0.000000000000000E+000  0.000000000000000E+000  0.000000000000000E+000 -0.000000000000000E+000 -0.000000000000000E+000 -0.000000000000000E+000  0.000000000000000E+000  0.000000000000000E+000  0.000000000000000E+000 -0.000000000000000E+000 -0.000000000000000E+000 -0.000000000000000E+000   0.557392197211769E-012  0.266979155875932E-012  0.320421178047465E-003
    114.08000000  0.000000000000000E+000  0.000000000000000E+000  0.000000000000000E+000 -0.000000000000000E+000 -0.000000000000000E+000 -0.000000000000000E+000  0.000000000000000E+000  0.000000000000000E+000  0.000000000000000E+000 -0.000000000000000E+000 -0.000000000000000E+000 -0.000000000000000E+000   0.573155027291660E-012  0.272445445355129E-012  0.307205647465468E-003
    114.16000000  0.000000000000000E+000  0.000000000000000E+000  0.000000000000000E+000 -0.000000000000000E+000 -0.000000000000000E+000 -0.000000000000000E+000  0.000000000000000E+000  0.000000000000000E+000  0.000000000000000E+000 -0.000000000000000E+000 -0.000000000000000E+000 -0.000000000000000E+000   0.589254931372210E-012  0.278317330318172E-012  0.293941447403993E-003
    114.24000000  0.000000000000000E+000  0.000000000000000E+000  0.000000000000000E+000 -0.000000000000000E+000 -0.000000000000000E+000 -0.000000000000000E+000  0.000000000000000E+000  0.000000000000000E+000  0.000000000000000E+000 -0.000000000000000E+000 -0.000000000000000E+000 -0.000000000000000E+000   0.605935892588138E-012  0.284984769644242E-012  0.280630401138341E-003
    114.32000000  0.000000000000000E+000  0.000000000000000E+000  0.000000000000000E+000 -0.000000000000000E+000 -0.000000000000000E+000 -0.000000000000000E+000  0.000000000000000E+000  0.000000000000000E+000  0.000000000000000E+000 -0.000000000000000E+000 -0.000000000000000E+000 -0.000000000000000E+000   0.623252145266937E-012  0.292597482057574E-012  0.267274338282235E-003
    114.40000000  0.000000000000000E+000  0.000000000000000E+000  0.000000000000000E+000 -0.000000000000000E+000 -0.000000000000000E+000 -0.000000000000000E+000  0.000000000000000E+000  0.000000000000000E+000  0.000000000000000E+000 -0.000000000000000E+000 -0.000000000000000E+000 -0.000000000000000E+000   0.641041738779615E-012  0.301033058846690E-012  0.253875094389466E-003
    114.48000000  0.000000000000000E+000  0.000000000000000E+000  0.000000000000000E+000 -0.000000000000000E+000 -0.000000000000000E+000 -0.000000000000000E+000  0.000000000000000E+000  0.000000000000000E+000  0.000000000000000E+000 -0.000000000000000E+000 -0.000000000000000E+000 -0.000000000000000E+000   0.658963304103783E-012  0.309965707489817E-012  0.240434510502350E-003
    114.56000000  0.000000000000000E+000  0.000000000000000E+000  0.000000000000000E+000 -0.000000000000000E+000 -0.000000000000000E+000 -0.000000000000000E+000  0.000000000000000E+000  0.000000000000000E+000  0.000000000000000E+000 -0.000000000000000E+000 -0.000000000000000E+000 -0.000000000000000E+000   0.676574691923268E-012  0.318966117121716E-012  0.226954432674598E-003
    114.64000000  0.000000000000000E+000  0.000000000000000E+000  0.000000000000000E+000 -0.000000000000000E+000 -0.000000000000000E+000 -0.000000000000000E+000  0.000000000000000E+000  0.000000000000000E+000  0.000000000000000E+000 -0.000000000000000E+000 -0.000000000000000E+000 -0.000000000000000E+000   0.693442898430746E-012  0.327634405676157E-012  0.213436711501605E-003
    114.72000000  0.000000000000000E+000  0.000000000000000E+000  0.000000000000000E+000 -0.000000000000000E+000 -0.000000000000000E+000 -0.000000000000000E+000  0.000000000000000E+000  0.000000000000000E+000  0.000000000000000E+000 -0.000000000000000E+000 -0.000000000000000E+000 -0.000000000000000E+000   0.709250762868201E-012  0.335703898892012E-012  0.199883201689113E-003
    114.80000000  0.000000000000000E+000  0.000000000000000E+000  0.000000000000000E+000 -0.000000000000000E+000 -0.000000000000000E+000 -0.000000000000000E+000  0.000000000000000E+000  0.000000000000000E+000  0.000000000000000E+000 -0.000000000000000E+000 -0.000000000000000E+000 -0.000000000000000E+000   0.723863944555335E-012  0.343099875428437E-012  0.186295761683525E-003
    114.88000000  0.000000000000000E+000  0.000000000000000E+000  0.000000000000000E+000 -0.000000000000000E+000 -0.000000000000000E+000 -0.000000000000000E+000  0.000000000000000E+000  0.000000000000000E+000  0.000000000000000E+000 -0.000000000000000E+000 -0.000000000000000E+000 -0.000000000000000E+000   0.737375926753946E-012  0.349935161956302E-012  0.172676253377179E-003
    114.96000000  0.000000000000000E+000  0.000000000000000E+000  0.000000000000000E+000 -0.000000000000000E+000 -0.000000000000000E+000 -0.000000000000000E+000  0.000000000000000E+000  0.000000000000000E+000  0.000000000000000E+000 -0.000000000000000E+000 -0.000000000000000E+000 -0.000000000000000E+000   0.750042525711768E-012  0.356448800271083E-012  0.159026541892230E-003
    115.04000000  0.000000000000000E+000  0.000000000000000E+000  0.000000000000000E+000 -0.000000000000000E+000 -0.000000000000000E+000 -0.000000000000000E+000  0.000000000000000E+000  0.000000000000000E+000  0.000000000000000E+000 -0.000000000000000E+000 -0.000000000000000E+000 -0.000000000000000E+000   0.762220531533030E-012  0.362902935148752E-012  0.145348495439331E-003
    115.12000000  0.000000000000000E+000  0.000000000000000E+000  0.000000000000000E+000 -0.000000000000000E+000 -0.000000000000000E+000 -0.000000000000000E+000  0.000000000000000E+000  0.000000000000000E+000  0.000000000000000E+000 -0.000000000000000E+000 -0.000000000000000E+000 -0.000000000000000E+000   0.774244880056260E-012  0.369486308117501E-012  0.131643985242460E-003
    115.20000000  0.000000000000000E+000  0.000000000000000E+000  0.000000000000000E+000 -0.000000000000000E+000 -0.000000000000000E+000 -0.000000000000000E+000  0.000000000000000E+000  0.000000000000000E+000  0.000000000000000E+000 -0.000000000000000E+000 -0.000000000000000E+000 -0.000000000000000E+000   0.786316825556808E-012  0.376228916817787E-012  0.117914885518557E-003
    115.28000000  0.000000000000000E+000  0.000000000000000E+000  0.000000000000000E+000 -0.000000000000000E+000 -0.000000000000000E+000 -0.000000000000000E+000  0.000000000000000E+000  0.000000000000000E+000  0.000000000000000E+000 -0.000000000000000E+000 -0.000000000000000E+000 -0.000000000000000E+000   0.798441236215365E-012  0.382972313509686E-012  0.104163073500411E-003
    115.36000000  0.000000000000000E+000  0.000000000000000E+000  0.000000000000000E+000 -0.000000000000000E+000 -0.000000000000000E+000 -0.000000000000000E+000  0.000000000000000E+000  0.000000000000000E+000  0.000000000000000E+000 -0.000000000000000E+000 -0.000000000000000E+000 -0.000000000000000E+000   0.810406996285295E-012  0.389396807630114E-012  0.903904294933112E-004
    115.44000000  0.000000000000000E+000  0.000000000000000E+000  0.000000000000000E+000 -0.000000000000000E+000 -0.000000000000000E+000 -0.000000000000000E+000  0.000000000000000E+000  0.000000000000000E+000  0.000000000000000E+000 -0.000000000000000E+000 -0.000000000000000E+000 -0.000000000000000E+000   0.821843502374551E-012  0.395076473241797E-012  0.765988369605055E-004
    115.52000000  0.000000000000000E+000  0.000000000000000E+000  0.000000000000000E+000 -0.000000000000000E+000 -0.000000000000000E+000 -0.000000000000000E+000  0.000000000000000E+000  0.000000000000000E+000  0.000000000000000E+000 -0.000000000000000E+000 -0.000000000000000E+000 -0.000000000000000E+000   0.832318330046344E-012  0.399583873488911E-012  0.627901826383754E-004
    115.60000000  0.000000000000000E+000  0.000000000000000E+000  0.000000000000000E+000 -0.000000000000000E+000 -0.000000000000000E+000 -0.000000000000000E+000  0.000000000000000E+000  0.000000000000000E+000  0.000000000000000E+000 -0.000000000000000E+000 -0.000000000000000E+000 -0.000000000000000E+000   0.841448874894858E-012  0.402580986823274E-012  0.489663566870372E-004
    115.68000000  0.000000000000000E+000  0.000000000000000E+000  0.000000000000000E+000 -0.000000000000000E+000 -0.000000000000000E+000 -0.000000000000000E+000  0.000000000000000E+000  0.000000000000000E+000  0.000000000000000E+000 -0.000000000000000E+000 -0.000000000000000E+000 -0.000000000000000E+000   0.849029308917802E-012  0.403874745950801E-012  0.351292528831413E-004
    115.76000000  0.000000000000000E+000  0.000000000000000E+000  0.000000000000000E+000 -0.000000000000000E+000 -0.000000000000000E+000 -0.000000000000000E+000  0.000000000000000E+000  0.000000000000000E+000  0.000000000000000E+000 -0.000000000000000E+000 -0.000000000000000E+000 -0.000000000000000E+000   0.855087225185952E-012  0.403450896561854E-012  0.212807688573304E-004
    115.84000000  0.000000000000000E+000  0.000000000000000E+000  0.000000000000000E+000 -0.000000000000000E+000 -0.000000000000000E+000 -0.000000000000000E+000  0.000000000000000E+000  0.000000000000000E+000  0.000000000000000E+000 -0.000000000000000E+000 -0.000000000000000E+000 -0.000000000000000E+000   0.859889170160417E-012  0.401433942962716E-012  0.742280637003137E-005
    115.92000000  0.000000000000000E+000  0.000000000000000E+000  0.000000000000000E+000 -0.000000000000000E+000 -0.000000000000000E+000 -0.000000000000000E+000  0.000000000000000E+000  0.000000000000000E+000  0.000000000000000E+000 -0.000000000000000E+000 -0.000000000000000E+000 -0.000000000000000E+000   0.863891211477273E-012  0.398029487280225E-012 -0.644272839084109E-005
    116.00000000  0.000000000000000E+000  0.000000000000000E+000  0.000000000000000E+000 -0.000000000000000E+000 -0.000000000000000E+000 -0.000000000000000E+000  0.000000000000000E+000  0.000000000000000E+000  0.000000000000000E+000 -0.000000000000000E+000 -0.000000000000000E+000 -0.000000000000000E+000   0.867639167881738E-012  0.393441240310766E-012 -0.203139245136207E-004
    116.08000000  0.000000000000000E+000  0.000000000000000E+000  0.000000000000000E+000 -0.000000000000000E+000 -0.000000000000000E+000 -0.000000000000000E+000  0.000000000000000E+000  0.000000000000000E+000  0.000000000000000E+000 -0.000000000000000E+000 -0.000000000000000E+000 -0.000000000000000E+000   0.871625135901387E-012  0.387802570215326E-012 -0.341888660922240E-004
    116.16000000  0.000000000000000E+000  0.000000000000000E+000  0.000000000000000E+000 -0.000000000000000E+000 -0.000000000000000E+000 -0.000000000000000E+000  0.000000000000000E+000  0.000000000000000E+000  0.000000000000000E+000 -0.000000000000000E+000 -0.000000000000000E+000 -0.000000000000000E+000   0.876195577108917E-012  0.381137390177099E-012 -0.480656319994835E-004
    116.24000000  0.000000000000000E+000  0.000000000000000E+000  0.000000000000000E+000 -0.000000000000000E+000 -0.000000000000000E+000 -0.000000000000000E+000  0.000000000000000E+000  0.000000000000000E+000  0.000000000000000E+000 -0.000000000000000E+000 -0.000000000000000E+000 -0.000000000000000E+000   0.881456068577063E-012  0.373363465469084E-012 -0.619422957136318E-004
    116.32000000  0.000000000000000E+000  0.000000000000000E+000  0.000000000000000E+000 -0.000000000000000E+000 -0.000000000000000E+000 -0.000000000000000E+000  0.000000000000000E+000  0.000000000000000E+000  0.000000000000000E+000 -0.000000000000000E+000 -0.000000000000000E+000 -0.000000000000000E+000   0.887274935206839E-012  0.364334118846680E-012 -0.758169251979616E-004
    116.40000000  0.000000000000000E+000  0.000000000000000E+000  0.000000000000000E+000 -0.000000000000000E+000 -0.000000000000000E+000 -0.000000000000000E+000  0.000000000000000E+000  0.000000000000000E+000  0.000000000000000E+000 -0.000000000000000E+000 -0.000000000000000E+000 -0.000000000000000E+000   0.893329263066965E-012  0.353902722381427E-012 -0.896875828282730E-004
    116.48000000  0.000000000000000E+000  0.000000000000000E+000  0.000000000000000E+000 -0.000000000000000E+000 -0.000000000000000E+000 -0.000000000000000E+000  0.000000000000000E+000  0.000000000000000E+000  0.000000000000000E+000 -0.000000000000000E+000 -0.000000000000000E+000 -0.000000000000000E+000   0.899209641480343E-012  0.341989457837206E-012 -0.103552325361029E-003
    116.56000000  0.000000000000000E+000  0.000000000000000E+000  0.000000000000000E+000 -0.000000000000000E+000 -0.000000000000000E+000 -0.000000000000000E+000  0.000000000000000E+000  0.000000000000000E+000  0.000000000000000E+000 -0.000000000000000E+000 -0.000000000000000E+000 -0.000000000000000E+000   0.904546578111180E-012  0.328629301525909E-012 -0.117409203935648E-003
    116.64000000  0.000000000000000E+000  0.000000000000000E+000  0.000000000000000E+000 -0.000000000000000E+000 -0.000000000000000E+000 -0.000000000000000E+000  0.000000000000000E+000  0.000000000000000E+000  0.000000000000000E+000 -0.000000000000000E+000 -0.000000000000000E+000 -0.000000000000000E+000   0.909128933997863E-012  0.313988459005363E-012 -0.131256264103991E-003
    116.72000000  0.000000000000000E+000  0.000000000000000E+000  0.000000000000000E+000 -0.000000000000000E+000 -0.000000000000000E+000 -0.000000000000000E+000  0.000000000000000E+000  0.000000000000000E+000  0.000000000000000E+000 -0.000000000000000E+000 -0.000000000000000E+000 -0.000000000000000E+000   0.912959799869501E-012  0.298351360049179E-012 -0.145091545877656E-003
    116.80000000  0.000000000000000E+000  0.000000000000000E+000  0.000000000000000E+000 -0.000000000000000E+000 -0.000000000000000E+000 -0.000000000000000E+000  0.000000000000000E+000  0.000000000000000E+000  0.000000000000000E+000 -0.000000000000000E+000 -0.000000000000000E+000 -0.000000000000000E+000   0.916258300765308E-012  0.282065616187082E-012 -0.158913083779506E-003
    116.88000000  0.000000000000000E+000  0.000000000000000E+000  0.000000000000000E+000 -0.000000000000000E+000 -0.000000000000000E+000 -0.000000000000000E+000  0.000000000000000E+000  0.000000000000000E+000  0.000000000000000E+000 -0.000000000000000E+000 -0.000000000000000E+000 -0.000000000000000E+000   0.919398814456143E-012  0.265490184672784E-012 -0.172718906882376E-003
    116.96000000  0.000000000000000E+000  0.000000000000000E+000  0.000000000000000E+000 -0.000000000000000E+000 -0.000000000000000E+000 -0.000000000000000E+000  0.000000000000000E+000  0.000000000000000E+000  0.000000000000000E+000 -0.000000000000000E+000 -0.000000000000000E+000 -0.000000000000000E+000   0.922791926798890E-012  0.248917816406083E-012 -0.186507038816972E-003
    117.04000000  0.000000000000000E+000  0.000000000000000E+000  0.000000000000000E+000 -0.000000000000000E+000 -0.000000000000000E+000 -0.000000000000000E+000  0.000000000000000E+000  0.000000000000000E+000  0.000000000000000E+000 -0.000000000000000E+000 -0.000000000000000E+000 -0.000000000000000E+000   0.926754115403807E-012  0.232546237864216E-012 -0.200275497733416E-003
    117.12000000  0.000000000000000E+000  0.000000000000000E+000  0.000000000000000E+000 -0.000000000000000E+000 -0.000000000000000E+000 -0.000000000000000E+000  0.000000000000000E+000  0.000000000000000E+000  0.000000000000000E+000 -0.000000000000000E+000 -0.000000000000000E+000 -0.000000000000000E+000   0.931405294160547E-012  0.216447061228110E-012 -0.214022296205471E-003
    117.20000000  0.000000000000000E+000  0.000000000000000E+000  0.000000000000000E+000 -0.000000000000000E+000 -0.000000000000000E+000 -0.000000000000000E+000  0.000000000000000E+000  0.000000000000000E+000  0.000000000000000E+000 -0.000000000000000E+000 -0.000000000000000E+000 -0.000000000000000E+000   0.936607460069322E-012  0.200602922573317E-012 -0.227745441071933E-003
    117.28000000  0.000000000000000E+000  0.000000000000000E+000  0.000000000000000E+000 -0.000000000000000E+000 -0.000000000000000E+000 -0.000000000000000E+000  0.000000000000000E+000  0.000000000000000E+000  0.000000000000000E+000 -0.000000000000000E+000 -0.000000000000000E+000 -0.000000000000000E+000   0.941973054773695E-012  0.184933169179409E-012 -0.241442933214936E-003
    117.36000000  0.000000000000000E+000  0.000000000000000E+000  0.000000000000000E+000 -0.000000000000000E+000 -0.000000000000000E+000 -0.000000000000000E+000  0.000000000000000E+000  0.000000000000000E+000  0.000000000000000E+000 -0.000000000000000E+000 -0.000000000000000E+000 -0.000000000000000E+000   0.946944810654671E-012  0.169365041920109E-012 -0.255112767281088E-003
    117.44000000  0.000000000000000E+000  0.000000000000000E+000  0.000000000000000E+000 -0.000000000000000E+000 -0.000000000000000E+000 -0.000000000000000E+000  0.000000000000000E+000  0.000000000000000E+000  0.000000000000000E+000 -0.000000000000000E+000 -0.000000000000000E+000 -0.000000000000000E+000   0.950907596574674E-012  0.153873565495648E-012 -0.268752931359108E-003
    117.52000000  0.000000000000000E+000  0.000000000000000E+000  0.000000000000000E+000 -0.000000000000000E+000 -0.000000000000000E+000 -0.000000000000000E+000  0.000000000000000E+000  0.000000000000000E+000  0.000000000000000E+000 -0.000000000000000E+000 -0.000000000000000E+000 -0.000000000000000E+000   0.953325432044793E-012  0.138517630154030E-012 -0.282361406637365E-003
    117.60000000  0.000000000000000E+000  0.000000000000000E+000  0.000000000000000E+000 -0.000000000000000E+000 -0.000000000000000E+000 -0.000000000000000E+000  0.000000000000000E+000  0.000000000000000E+000  0.000000000000000E+000 -0.000000000000000E+000 -0.000000000000000E+000 -0.000000000000000E+000   0.953849914845733E-012  0.123429558001925E-012 -0.295936167073661E-003
    117.68000000  0.000000000000000E+000  0.000000000000000E+000  0.000000000000000E+000 -0.000000000000000E+000 -0.000000000000000E+000 -0.000000000000000E+000  0.000000000000000E+000  0.000000000000000E+000  0.000000000000000E+000 -0.000000000000000E+000 -0.000000000000000E+000 -0.000000000000000E+000   0.952384109648605E-012  0.108787276905718E-012 -0.309475179114119E-003
    117.76000000  0.000000000000000E+000  0.000000000000000E+000  0.000000000000000E+000 -0.000000000000000E+000 -0.000000000000000E+000 -0.000000000000000E+000  0.000000000000000E+000  0.000000000000000E+000  0.000000000000000E+000 -0.000000000000000E+000 -0.000000000000000E+000 -0.000000000000000E+000   0.949076790826102E-012  0.947632342403990E-013 -0.322976401494148E-003
    117.84000000  0.000000000000000E+000  0.000000000000000E+000  0.000000000000000E+000 -0.000000000000000E+000 -0.000000000000000E+000 -0.000000000000000E+000  0.000000000000000E+000  0.000000000000000E+000  0.000000000000000E+000 -0.000000000000000E+000 -0.000000000000000E+000 -0.000000000000000E+000   0.944260842828438E-012  0.814620793580209E-013 -0.336437785141339E-003
    117.92000000  0.000000000000000E+000  0.000000000000000E+000  0.000000000000000E+000 -0.000000000000000E+000 -0.000000000000000E+000 -0.000000000000000E+000  0.000000000000000E+000  0.000000000000000E+000  0.000000000000000E+000 -0.000000000000000E+000 -0.000000000000000E+000 -0.000000000000000E+000   0.938330932563519E-012  0.688922210997389E-013 -0.349857273180753E-003
    118.00000000  0.000000000000000E+000  0.000000000000000E+000  0.000000000000000E+000 -0.000000000000000E+000 -0.000000000000000E+000 -0.000000000000000E+000  0.000000000000000E+000  0.000000000000000E+000  0.000000000000000E+000 -0.000000000000000E+000 -0.000000000000000E+000 -0.000000000000000E+000   0.931635968086166E-012  0.569357017828046E-013 -0.363232801023375E-003
    118.08000000  0.000000000000000E+000  0.000000000000000E+000  0.000000000000000E+000 -0.000000000000000E+000 -0.000000000000000E+000 -0.000000000000000E+000  0.000000000000000E+000  0.000000000000000E+000  0.000000000000000E+000 -0.000000000000000E+000 -0.000000000000000E+000 -0.000000000000000E+000   0.924358484620055E-012  0.453686891235720E-013 -0.376562296504812E-003
    118.16000000  0.000000000000000E+000  0.000000000000000E+000  0.000000000000000E+000 -0.000000000000000E+000 -0.000000000000000E+000 -0.000000000000000E+000  0.000000000000000E+000  0.000000000000000E+000  0.000000000000000E+000 -0.000000000000000E+000 -0.000000000000000E+000 -0.000000000000000E+000   0.916479885337228E-012  0.338895362430285E-013 -0.389843680037465E-003
    118.24000000  0.000000000000000E+000  0.000000000000000E+000  0.000000000000000E+000 -0.000000000000000E+000 -0.000000000000000E+000 -0.000000000000000E+000  0.000000000000000E+000  0.000000000000000E+000  0.000000000000000E+000 -0.000000000000000E+000 -0.000000000000000E+000 -0.000000000000000E+000   0.907777057241868E-012  0.221815258519642E-013 -0.403074864745612E-003
    118.32000000  0.000000000000000E+000  0.000000000000000E+000  0.000000000000000E+000 -0.000000000000000E+000 -0.000000000000000E+000 -0.000000000000000E+000  0.000000000000000E+000  0.000000000000000E+000  0.000000000000000E+000 -0.000000000000000E+000 -0.000000000000000E+000 -0.000000000000000E+000   0.897916460844947E-012  0.995144275103922E-014 -0.416253756565251E-003
    118.40000000  0.000000000000000E+000  0.000000000000000E+000  0.000000000000000E+000 -0.000000000000000E+000 -0.000000000000000E+000 -0.000000000000000E+000  0.000000000000000E+000  0.000000000000000E+000  0.000000000000000E+000 -0.000000000000000E+000 -0.000000000000000E+000 -0.000000000000000E+000   0.886546786282661E-012 -0.300839625242228E-014 -0.429378254305153E-003
    118.48000000  0.000000000000000E+000  0.000000000000000E+000  0.000000000000000E+000 -0.000000000000000E+000 -0.000000000000000E+000 -0.000000000000000E+000  0.000000000000000E+000  0.000000000000000E+000  0.000000000000000E+000 -0.000000000000000E+000 -0.000000000000000E+000 -0.000000000000000E+000   0.873419989932573E-012 -0.168087677585849E-013 -0.442446249678127E-003
    118.56000000  0.000000000000000E+000  0.000000000000000E+000  0.000000000000000E+000 -0.000000000000000E+000 -0.000000000000000E+000 -0.000000000000000E+000  0.000000000000000E+000  0.000000000000000E+000  0.000000000000000E+000 -0.000000000000000E+000 -0.000000000000000E+000 -0.000000000000000E+000   0.858491426507585E-012 -0.314519237457112E-013 -0.455455627320624E-003
    118.64000000  0.000000000000000E+000  0.000000000000000E+000  0.000000000000000E+000 -0.000000000000000E+000 -0.000000000000000E+000 -0.000000000000000E+000  0.000000000000000E+000  0.000000000000000E+000  0.000000000000000E+000 -0.000000000000000E+000 -0.000000000000000E+000 -0.000000000000000E+000   0.841956900159349E-012 -0.468656033938685E-013 -0.468404264824486E-003
    118.72000000  0.000000000000000E+000  0.000000000000000E+000  0.000000000000000E+000 -0.000000000000000E+000 -0.000000000000000E+000 -0.000000000000000E+000  0.000000000000000E+000  0.000000000000000E+000  0.000000000000000E+000 -0.000000000000000E+000 -0.000000000000000E+000 -0.000000000000000E+000   0.824229671612052E-012 -0.629373814630610E-013 -0.481290032807225E-003
    118.80000000  0.000000000000000E+000  0.000000000000000E+000  0.000000000000000E+000 -0.000000000000000E+000 -0.000000000000000E+000 -0.000000000000000E+000  0.000000000000000E+000  0.000000000000000E+000  0.000000000000000E+000 -0.000000000000000E+000 -0.000000000000000E+000 -0.000000000000000E+000   0.805875553353060E-012 -0.795763076964625E-013 -0.494110795046924E-003
    118.88000000  0.000000000000000E+000  0.000000000000000E+000  0.000000000000000E+000 -0.000000000000000E+000 -0.000000000000000E+000 -0.000000000000000E+000  0.000000000000000E+000  0.000000000000000E+000  0.000000000000000E+000 -0.000000000000000E+000 -0.000000000000000E+000 -0.000000000000000E+000   0.787493243829802E-012 -0.967351866731156E-013 -0.506864408704058E-003
    118.96000000  0.000000000000000E+000  0.000000000000000E+000  0.000000000000000E+000 -0.000000000000000E+000 -0.000000000000000E+000 -0.000000000000000E+000  0.000000000000000E+000  0.000000000000000E+000  0.000000000000000E+000 -0.000000000000000E+000 -0.000000000000000E+000 -0.000000000000000E+000   0.769599270258803E-012 -0.114448082921000E-012 -0.519548724644839E-003
    119.04000000  0.000000000000000E+000  0.000000000000000E+000  0.000000000000000E+000 -0.000000000000000E+000 -0.000000000000000E+000 -0.000000000000000E+000  0.000000000000000E+000  0.000000000000000E+000  0.000000000000000E+000 -0.000000000000000E+000 -0.000000000000000E+000 -0.000000000000000E+000   0.752535476565596E-012 -0.132824494585218E-012 -0.532161587870202E-003
    119.12000000  0.000000000000000E+000  0.000000000000000E+000  0.000000000000000E+000 -0.000000000000000E+000 -0.000000000000000E+000 -0.000000000000000E+000  0.000000000000000E+000  0.000000000000000E+000  0.000000000000000E+000 -0.000000000000000E+000 -0.000000000000000E+000 -0.000000000000000E+000   0.736416592923681E-012 -0.152011177715807E-012 -0.544700838043035E-003
    119.20000000  0.000000000000000E+000  0.000000000000000E+000  0.000000000000000E+000 -0.000000000000000E+000 -0.000000000000000E+000 -0.000000000000000E+000  0.000000000000000E+000  0.000000000000000E+000  0.000000000000000E+000 -0.000000000000000E+000 -0.000000000000000E+000 -0.000000000000000E+000   0.721134511325882E-012 -0.172152634125786E-012 -0.557164310097188E-003
    119.28000000  0.000000000000000E+000  0.000000000000000E+000  0.000000000000000E+000 -0.000000000000000E+000 -0.000000000000000E+000 -0.000000000000000E+000  0.000000000000000E+000  0.000000000000000E+000  0.000000000000000E+000 -0.000000000000000E+000 -0.000000000000000E+000 -0.000000000000000E+000   0.706426393558588E-012 -0.193342350402342E-012 -0.569549834906950E-003
    119.36000000  0.000000000000000E+000  0.000000000000000E+000  0.000000000000000E+000 -0.000000000000000E+000 -0.000000000000000E+000 -0.000000000000000E+000  0.000000000000000E+000  0.000000000000000E+000  0.000000000000000E+000 -0.000000000000000E+000 -0.000000000000000E+000 -0.000000000000000E+000   0.691965558464428E-012 -0.215580373979320E-012 -0.581855239996148E-003
    119.44000000  0.000000000000000E+000  0.000000000000000E+000  0.000000000000000E+000 -0.000000000000000E+000 -0.000000000000000E+000 -0.000000000000000E+000  0.000000000000000E+000  0.000000000000000E+000  0.000000000000000E+000 -0.000000000000000E+000 -0.000000000000000E+000 -0.000000000000000E+000   0.677469272970902E-012 -0.238752794360137E-012 -0.594078350269862E-003
    119.52000000  0.000000000000000E+000  0.000000000000000E+000  0.000000000000000E+000 -0.000000000000000E+000 -0.000000000000000E+000 -0.000000000000000E+000  0.000000000000000E+000  0.000000000000000E+000  0.000000000000000E+000 -0.000000000000000E+000 -0.000000000000000E+000 -0.000000000000000E+000   0.662774200514886E-012 -0.262630549491500E-012 -0.606216988756445E-003
    119.60000000  0.000000000000000E+000  0.000000000000000E+000  0.000000000000000E+000 -0.000000000000000E+000 -0.000000000000000E+000 -0.000000000000000E+000  0.000000000000000E+000  0.000000000000000E+000  0.000000000000000E+000 -0.000000000000000E+000 -0.000000000000000E+000 -0.000000000000000E+000   0.647887972424034E-012 -0.286901514885069E-012 -0.618268977349756E-003
    119.68000000  0.000000000000000E+000  0.000000000000000E+000  0.000000000000000E+000 -0.000000000000000E+000 -0.000000000000000E+000 -0.000000000000000E+000  0.000000000000000E+000  0.000000000000000E+000  0.000000000000000E+000 -0.000000000000000E+000 -0.000000000000000E+000 -0.000000000000000E+000   0.632961686576526E-012 -0.311212864550809E-012 -0.630232137540231E-003
    119.76000000  0.000000000000000E+000  0.000000000000000E+000  0.000000000000000E+000 -0.000000000000000E+000 -0.000000000000000E+000 -0.000000000000000E+000  0.000000000000000E+000  0.000000000000000E+000  0.000000000000000E+000 -0.000000000000000E+000 -0.000000000000000E+000 -0.000000000000000E+000   0.618246934847189E-012 -0.335233597839778E-012 -0.642104291118734E-003
    119.84000000  0.000000000000000E+000  0.000000000000000E+000  0.000000000000000E+000 -0.000000000000000E+000 -0.000000000000000E+000 -0.000000000000000E+000  0.000000000000000E+000  0.000000000000000E+000  0.000000000000000E+000 -0.000000000000000E+000 -0.000000000000000E+000 -0.000000000000000E+000   0.604003416533759E-012 -0.358705145082474E-012 -0.653883260831909E-003
    119.92000000  0.000000000000000E+000  0.000000000000000E+000  0.000000000000000E+000 -0.000000000000000E+000 -0.000000000000000E+000 -0.000000000000000E+000  0.000000000000000E+000  0.000000000000000E+000  0.000000000000000E+000 -0.000000000000000E+000 -0.000000000000000E+000 -0.000000000000000E+000   0.590405414625736E-012 -0.381474948743347E-012 -0.665566870964799E-003
    120.00000000  0.000000000000000E+000  0.000000000000000E+000  0.000000000000000E+000 -0.000000000000000E+000 -0.000000000000000E+000 -0.000000000000000E+000  0.000000000000000E+000  0.000000000000000E+000  0.000000000000000E+000 -0.000000000000000E+000 -0.000000000000000E+000 -0.000000000000000E+000   0.577480254280513E-012 -0.403518873779314E-012 -0.677152947828897E-003
    120.08000000  0.000000000000000E+000  0.000000000000000E+000  0.000000000000000E+000 -0.000000000000000E+000 -0.000000000000000E+000 -0.000000000000000E+000  0.000000000000000E+000  0.000000000000000E+000  0.000000000000000E+000 -0.000000000000000E+000 -0.000000000000000E+000 -0.000000000000000E+000   0.565065601069058E-012 -0.424921835306080E-012 -0.688639320142019E-003
    120.16000000  0.000000000000000E+000  0.000000000000000E+000  0.000000000000000E+000 -0.000000000000000E+000 -0.000000000000000E+000 -0.000000000000000E+000  0.000000000000000E+000  0.000000000000000E+000  0.000000000000000E+000 -0.000000000000000E+000 -0.000000000000000E+000 -0.000000000000000E+000   0.552839299123210E-012 -0.445834233497651E-012 -0.700023819299740E-003
    120.24000000  0.000000000000000E+000  0.000000000000000E+000  0.000000000000000E+000 -0.000000000000000E+000 -0.000000000000000E+000 -0.000000000000000E+000  0.000000000000000E+000  0.000000000000000E+000  0.000000000000000E+000 -0.000000000000000E+000 -0.000000000000000E+000 -0.000000000000000E+000   0.540349205769341E-012 -0.466418696672117E-012 -0.711304279553547E-003
    120.32000000  0.000000000000000E+000  0.000000000000000E+000  0.000000000000000E+000 -0.000000000000000E+000 -0.000000000000000E+000 -0.000000000000000E+000  0.000000000000000E+000  0.000000000000000E+000  0.000000000000000E+000 -0.000000000000000E+000 -0.000000000000000E+000 -0.000000000000000E+000   0.527123901369783E-012 -0.486799213888757E-012 -0.722478538125013E-003
    120.40000000  0.000000000000000E+000  0.000000000000000E+000  0.000000000000000E+000 -0.000000000000000E+000 -0.000000000000000E+000 -0.000000000000000E+000  0.000000000000000E+000  0.000000000000000E+000  0.000000000000000E+000 -0.000000000000000E+000 -0.000000000000000E+000 -0.000000000000000E+000   0.512734630144299E-012 -0.507021804259365E-012 -0.733544435294970E-003
    120.48000000  0.000000000000000E+000  0.000000000000000E+000  0.000000000000000E+000 -0.000000000000000E+000 -0.000000000000000E+000 -0.000000000000000E+000  0.000000000000000E+000  0.000000000000000E+000  0.000000000000000E+000 -0.000000000000000E+000 -0.000000000000000E+000 -0.000000000000000E+000   0.496881714094904E-012 -0.527038515931191E-012 -0.744499814509848E-003
    120.56000000  0.000000000000000E+000  0.000000000000000E+000  0.000000000000000E+000 -0.000000000000000E+000 -0.000000000000000E+000 -0.000000000000000E+000  0.000000000000000E+000  0.000000000000000E+000  0.000000000000000E+000 -0.000000000000000E+000 -0.000000000000000E+000 -0.000000000000000E+000   0.479438272956528E-012 -0.546729017772425E-012 -0.755342522543656E-003
    120.64000000  0.000000000000000E+000  0.000000000000000E+000  0.000000000000000E+000 -0.000000000000000E+000 -0.000000000000000E+000 -0.000000000000000E+000  0.000000000000000E+000  0.000000000000000E+000  0.000000000000000E+000 -0.000000000000000E+000 -0.000000000000000E+000 -0.000000000000000E+000   0.460452290706429E-012 -0.565920427723318E-012 -0.766070409744467E-003
    120.72000000  0.000000000000000E+000  0.000000000000000E+000  0.000000000000000E+000 -0.000000000000000E+000 -0.000000000000000E+000 -0.000000000000000E+000  0.000000000000000E+000  0.000000000000000E+000  0.000000000000000E+000 -0.000000000000000E+000 -0.000000000000000E+000 -0.000000000000000E+000   0.440104485274781E-012 -0.584458522040399E-012 -0.776681330381046E-003
    120.80000000  0.000000000000000E+000  0.000000000000000E+000  0.000000000000000E+000 -0.000000000000000E+000 -0.000000000000000E+000 -0.000000000000000E+000  0.000000000000000E+000  0.000000000000000E+000  0.000000000000000E+000 -0.000000000000000E+000 -0.000000000000000E+000 -0.000000000000000E+000   0.418654514046874E-012 -0.602238695542813E-012 -0.787173143091114E-003
    120.88000000  0.000000000000000E+000  0.000000000000000E+000  0.000000000000000E+000 -0.000000000000000E+000 -0.000000000000000E+000 -0.000000000000000E+000  0.000000000000000E+000  0.000000000000000E+000  0.000000000000000E+000 -0.000000000000000E+000 -0.000000000000000E+000 -0.000000000000000E+000   0.396368578772781E-012 -0.619248384535942E-012 -0.797543711420994E-003
    120.96000000  0.000000000000000E+000  0.000000000000000E+000  0.000000000000000E+000 -0.000000000000000E+000 -0.000000000000000E+000 -0.000000000000000E+000  0.000000000000000E+000  0.000000000000000E+000  0.000000000000000E+000 -0.000000000000000E+000 -0.000000000000000E+000 -0.000000000000000E+000   0.373456160864754E-012 -0.635581130319024E-012 -0.807790904439289E-003
    121.04000000  0.000000000000000E+000  0.000000000000000E+000  0.000000000000000E+000 -0.000000000000000E+000 -0.000000000000000E+000 -0.000000000000000E+000  0.000000000000000E+000  0.000000000000000E+000  0.000000000000000E+000 -0.000000000000000E+000 -0.000000000000000E+000 -0.000000000000000E+000   0.350027291784936E-012 -0.651416758614195E-012 -0.817912597405913E-003
    121.12000000  0.000000000000000E+000  0.000000000000000E+000  0.000000000000000E+000 -0.000000000000000E+000 -0.000000000000000E+000 -0.000000000000000E+000  0.000000000000000E+000  0.000000000000000E+000  0.000000000000000E+000 -0.000000000000000E+000 -0.000000000000000E+000 -0.000000000000000E+000   0.326091840282824E-012 -0.666998124684745E-012 -0.827906672481880E-003
    121.20000000  0.000000000000000E+000  0.000000000000000E+000  0.000000000000000E+000 -0.000000000000000E+000 -0.000000000000000E+000 -0.000000000000000E+000  0.000000000000000E+000  0.000000000000000E+000  0.000000000000000E+000 -0.000000000000000E+000 -0.000000000000000E+000 -0.000000000000000E+000   0.301588047492168E-012 -0.682564904471484E-012 -0.837771019471929E-003
    121.28000000  0.000000000000000E+000  0.000000000000000E+000  0.000000000000000E+000 -0.000000000000000E+000 -0.000000000000000E+000 -0.000000000000000E+000  0.000000000000000E+000  0.000000000000000E+000  0.000000000000000E+000 -0.000000000000000E+000 -0.000000000000000E+000 -0.000000000000000E+000   0.276419239221199E-012 -0.698308367299894E-012 -0.847503536598625E-003
    121.36000000  0.000000000000000E+000  0.000000000000000E+000  0.000000000000000E+000 -0.000000000000000E+000 -0.000000000000000E+000 -0.000000000000000E+000  0.000000000000000E+000  0.000000000000000E+000  0.000000000000000E+000 -0.000000000000000E+000 -0.000000000000000E+000 -0.000000000000000E+000   0.250525587587816E-012 -0.714318750664260E-012 -0.857102131309799E-003
    121.44000000  0.000000000000000E+000  0.000000000000000E+000  0.000000000000000E+000 -0.000000000000000E+000 -0.000000000000000E+000 -0.000000000000000E+000  0.000000000000000E+000  0.000000000000000E+000  0.000000000000000E+000 -0.000000000000000E+000 -0.000000000000000E+000 -0.000000000000000E+000   0.223923009282244E-012 -0.730562981629841E-012 -0.866564721120456E-003
    121.52000000  0.000000000000000E+000  0.000000000000000E+000  0.000000000000000E+000 -0.000000000000000E+000 -0.000000000000000E+000 -0.000000000000000E+000  0.000000000000000E+000  0.000000000000000E+000  0.000000000000000E+000 -0.000000000000000E+000 -0.000000000000000E+000 -0.000000000000000E+000   0.196746277661760E-012 -0.746895333887691E-012 -0.875889234486582E-003
    121.60000000  0.000000000000000E+000  0.000000000000000E+000  0.000000000000000E+000 -0.000000000000000E+000 -0.000000000000000E+000 -0.000000000000000E+000  0.000000000000000E+000  0.000000000000000E+000  0.000000000000000E+000 -0.000000000000000E+000 -0.000000000000000E+000 -0.000000000000000E+000   0.169250171201879E-012 -0.763087319610112E-012 -0.885073611704480E-003
    121.68000000  0.000000000000000E+000  0.000000000000000E+000  0.000000000000000E+000 -0.000000000000000E+000 -0.000000000000000E+000 -0.000000000000000E+000  0.000000000000000E+000  0.000000000000000E+000  0.000000000000000E+000 -0.000000000000000E+000 -0.000000000000000E+000 -0.000000000000000E+000   0.141787674507400E-012 -0.778877611439300E-012 -0.894115805828415E-003
    121.76000000  0.000000000000000E+000  0.000000000000000E+000  0.000000000000000E+000 -0.000000000000000E+000 -0.000000000000000E+000 -0.000000000000000E+000  0.000000000000000E+000  0.000000000000000E+000  0.000000000000000E+000 -0.000000000000000E+000 -0.000000000000000E+000 -0.000000000000000E+000   0.114757107394240E-012 -0.794027493656092E-012 -0.903013783602419E-003
    121.84000000  0.000000000000000E+000  0.000000000000000E+000  0.000000000000000E+000 -0.000000000000000E+000 -0.000000000000000E+000 -0.000000000000000E+000  0.000000000000000E+000  0.000000000000000E+000  0.000000000000000E+000 -0.000000000000000E+000 -0.000000000000000E+000 -0.000000000000000E+000   0.885420214392777E-013 -0.808366888569969E-012 -0.911765526408477E-003
    121.92000000  0.000000000000000E+000  0.000000000000000E+000  0.000000000000000E+000 -0.000000000000000E+000 -0.000000000000000E+000 -0.000000000000000E+000  0.000000000000000E+000  0.000000000000000E+000  0.000000000000000E+000 -0.000000000000000E+000 -0.000000000000000E+000 -0.000000000000000E+000   0.634448468074019E-013 -0.821817847064185E-012 -0.920369031239992E-003
    122.00000000  0.000000000000000E+000  0.000000000000000E+000  0.000000000000000E+000 -0.000000000000000E+000 -0.000000000000000E+000 -0.000000000000000E+000  0.000000000000000E+000  0.000000000000000E+000  0.000000000000000E+000 -0.000000000000000E+000 -0.000000000000000E+000 -0.000000000000000E+000   0.396439809349677E-013 -0.834394709218307E-012 -0.928822311713505E-003
    122.08000000  0.000000000000000E+000  0.000000000000000E+000  0.000000000000000E+000 -0.000000000000000E+000 -0.000000000000000E+000 -0.000000000000000E+000  0.000000000000000E+000  0.000000000000000E+000  0.000000000000000E+000 -0.000000000000000E+000 -0.000000000000000E+000 -0.000000000000000E+000   0.171601521612875E-013 -0.846178711389835E-012 -0.937123399131848E-003
    122.16000000  0.000000000000000E+000  0.000000000000000E+000  0.000000000000000E+000 -0.000000000000000E+000 -0.000000000000000E+000 -0.000000000000000E+000  0.000000000000000E+000  0.000000000000000E+000  0.000000000000000E+000 -0.000000000000000E+000 -0.000000000000000E+000 -0.000000000000000E+000  -0.412269381923964E-014 -0.857284129491641E-012 -0.945270343608797E-003
    122.24000000  0.000000000000000E+000  0.000000000000000E+000  0.000000000000000E+000 -0.000000000000000E+000 -0.000000000000000E+000 -0.000000000000000E+000  0.000000000000000E+000  0.000000000000000E+000  0.000000000000000E+000 -0.000000000000000E+000 -0.000000000000000E+000 -0.000000000000000E+000  -0.244260547419708E-013 -0.867813423138752E-012 -0.953261215261546E-003
    122.32000000  0.000000000000000E+000  0.000000000000000E+000  0.000000000000000E+000 -0.000000000000000E+000 -0.000000000000000E+000 -0.000000000000000E+000  0.000000000000000E+000  0.000000000000000E+000  0.000000000000000E+000 -0.000000000000000E+000 -0.000000000000000E+000 -0.000000000000000E+000  -0.440154775691384E-013 -0.877824106495718E-012 -0.961094105475075E-003
    122.40000000  0.000000000000000E+000  0.000000000000000E+000  0.000000000000000E+000 -0.000000000000000E+000 -0.000000000000000E+000 -0.000000000000000E+000  0.000000000000000E+000  0.000000000000000E+000  0.000000000000000E+000 -0.000000000000000E+000 -0.000000000000000E+000 -0.000000000000000E+000  -0.631387027481281E-013 -0.887304072136333E-012 -0.968767128242416E-003
    122.48000000  0.000000000000000E+000  0.000000000000000E+000  0.000000000000000E+000 -0.000000000000000E+000 -0.000000000000000E+000 -0.000000000000000E+000  0.000000000000000E+000  0.000000000000000E+000  0.000000000000000E+000 -0.000000000000000E+000 -0.000000000000000E+000 -0.000000000000000E+000  -0.819706921496610E-013 -0.896168813779463E-012 -0.976278421585141E-003
    122.56000000  0.000000000000000E+000  0.000000000000000E+000  0.000000000000000E+000 -0.000000000000000E+000 -0.000000000000000E+000 -0.000000000000000E+000  0.000000000000000E+000  0.000000000000000E+000  0.000000000000000E+000 -0.000000000000000E+000 -0.000000000000000E+000 -0.000000000000000E+000  -0.100590480849466E-012 -0.904290633741870E-012 -0.983626149055846E-003
    122.64000000  0.000000000000000E+000  0.000000000000000E+000  0.000000000000000E+000 -0.000000000000000E+000 -0.000000000000000E+000 -0.000000000000000E+000  0.000000000000000E+000  0.000000000000000E+000  0.000000000000000E+000 -0.000000000000000E+000 -0.000000000000000E+000 -0.000000000000000E+000  -0.118982221676761E-012 -0.911522688384035E-012 -0.990808501316624E-003
    122.72000000  0.000000000000000E+000  0.000000000000000E+000  0.000000000000000E+000 -0.000000000000000E+000 -0.000000000000000E+000 -0.000000000000000E+000  0.000000000000000E+000  0.000000000000000E+000  0.000000000000000E+000 -0.000000000000000E+000 -0.000000000000000E+000 -0.000000000000000E+000  -0.137071913315766E-012 -0.917752402133302E-012 -0.997823697773926E-003
    122.80000000  0.000000000000000E+000  0.000000000000000E+000  0.000000000000000E+000 -0.000000000000000E+000 -0.000000000000000E+000 -0.000000000000000E+000  0.000000000000000E+000  0.000000000000000E+000  0.000000000000000E+000 -0.000000000000000E+000 -0.000000000000000E+000 -0.000000000000000E+000  -0.154775964029953E-012 -0.922930479679920E-012 -0.100466998823453E-002
    122.88000000  0.000000000000000E+000  0.000000000000000E+000  0.000000000000000E+000 -0.000000000000000E+000 -0.000000000000000E+000 -0.000000000000000E+000  0.000000000000000E+000  0.000000000000000E+000  0.000000000000000E+000 -0.000000000000000E+000 -0.000000000000000E+000 -0.000000000000000E+000  -0.172064774347097E-012 -0.927097072142400E-012 -0.101134565453453E-002
    122.96000000  0.000000000000000E+000  0.000000000000000E+000  0.000000000000000E+000 -0.000000000000000E+000 -0.000000000000000E+000 -0.000000000000000E+000  0.000000000000000E+000  0.000000000000000E+000  0.000000000000000E+000 -0.000000000000000E+000 -0.000000000000000E+000 -0.000000000000000E+000  -0.189010739357537E-012 -0.930382656475936E-012 -0.101784901208892E-002
    123.04000000  0.000000000000000E+000  0.000000000000000E+000  0.000000000000000E+000 -0.000000000000000E+000 -0.000000000000000E+000 -0.000000000000000E+000  0.000000000000000E+000  0.000000000000000E+000  0.000000000000000E+000 -0.000000000000000E+000 -0.000000000000000E+000 -0.000000000000000E+000  -0.205808854829778E-012 -0.932987695889849E-012 -0.102417841131632E-002
    123.12000000  0.000000000000000E+000  0.000000000000000E+000  0.000000000000000E+000 -0.000000000000000E+000 -0.000000000000000E+000 -0.000000000000000E+000  0.000000000000000E+000  0.000000000000000E+000  0.000000000000000E+000 -0.000000000000000E+000 -0.000000000000000E+000 -0.000000000000000E+000  -0.222759826997057E-012 -0.935151183679135E-012 -0.103033223891018E-002
    123.20000000  0.000000000000000E+000  0.000000000000000E+000  0.000000000000000E+000 -0.000000000000000E+000 -0.000000000000000E+000 -0.000000000000000E+000  0.000000000000000E+000  0.000000000000000E+000  0.000000000000000E+000 -0.000000000000000E+000 -0.000000000000000E+000 -0.000000000000000E+000  -0.240228120960510E-012 -0.937107546188113E-012 -0.103630891894978E-002
    123.28000000  0.000000000000000E+000  0.000000000000000E+000  0.000000000000000E+000 -0.000000000000000E+000 -0.000000000000000E+000 -0.000000000000000E+000  0.000000000000000E+000  0.000000000000000E+000  0.000000000000000E+000 -0.000000000000000E+000 -0.000000000000000E+000 -0.000000000000000E+000  -0.258571402719177E-012 -0.939060433226794E-012 -0.104210691386430E-002
    123.36000000  0.000000000000000E+000  0.000000000000000E+000  0.000000000000000E+000 -0.000000000000000E+000 -0.000000000000000E+000 -0.000000000000000E+000  0.000000000000000E+000  0.000000000000000E+000  0.000000000000000E+000 -0.000000000000000E+000 -0.000000000000000E+000 -0.000000000000000E+000  -0.278058452265935E-012 -0.941152147836152E-012 -0.104772472527564E-002
    123.44000000  0.000000000000000E+000  0.000000000000000E+000  0.000000000000000E+000 -0.000000000000000E+000 -0.000000000000000E+000 -0.000000000000000E+000  0.000000000000000E+000  0.000000000000000E+000  0.000000000000000E+000 -0.000000000000000E+000 -0.000000000000000E+000 -0.000000000000000E+000  -0.298806261038540E-012 -0.943457587053625E-012 -0.105316089474854E-002
    123.52000000  0.000000000000000E+000  0.000000000000000E+000  0.000000000000000E+000 -0.000000000000000E+000 -0.000000000000000E+000 -0.000000000000000E+000  0.000000000000000E+000  0.000000000000000E+000  0.000000000000000E+000 -0.000000000000000E+000 -0.000000000000000E+000 -0.000000000000000E+000  -0.320747036786431E-012 -0.945980847256033E-012 -0.105841400447061E-002
    123.60000000  0.000000000000000E+000  0.000000000000000E+000  0.000000000000000E+000 -0.000000000000000E+000 -0.000000000000000E+000 -0.000000000000000E+000  0.000000000000000E+000  0.000000000000000E+000  0.000000000000000E+000 -0.000000000000000E+000 -0.000000000000000E+000 -0.000000000000000E+000  -0.343639094281161E-012 -0.948672887368996E-012 -0.106348267787652E-002
    123.68000000  0.000000000000000E+000  0.000000000000000E+000  0.000000000000000E+000 -0.000000000000000E+000 -0.000000000000000E+000 -0.000000000000000E+000  0.000000000000000E+000  0.000000000000000E+000  0.000000000000000E+000 -0.000000000000000E+000 -0.000000000000000E+000 -0.000000000000000E+000  -0.367117026771930E-012 -0.951444951892171E-012 -0.106836558022447E-002
    123.76000000  0.000000000000000E+000  0.000000000000000E+000  0.000000000000000E+000 -0.000000000000000E+000 -0.000000000000000E+000 -0.000000000000000E+000  0.000000000000000E+000  0.000000000000000E+000  0.000000000000000E+000 -0.000000000000000E+000 -0.000000000000000E+000 -0.000000000000000E+000  -0.390764296834650E-012 -0.954200247672718E-012 -0.107306141913373E-002
    123.84000000  0.000000000000000E+000  0.000000000000000E+000  0.000000000000000E+000 -0.000000000000000E+000 -0.000000000000000E+000 -0.000000000000000E+000  0.000000000000000E+000  0.000000000000000E+000  0.000000000000000E+000 -0.000000000000000E+000 -0.000000000000000E+000 -0.000000000000000E+000  -0.414205671885360E-012 -0.956848173556870E-012 -0.107756894509980E-002
    123.92000000  0.000000000000000E+000  0.000000000000000E+000  0.000000000000000E+000 -0.000000000000000E+000 -0.000000000000000E+000 -0.000000000000000E+000  0.000000000000000E+000  0.000000000000000E+000  0.000000000000000E+000 -0.000000000000000E+000 -0.000000000000000E+000 -0.000000000000000E+000  -0.437172357876711E-012 -0.959319616424614E-012 -0.108188695201513E-002
    124.00000000  0.000000000000000E+000  0.000000000000000E+000  0.000000000000000E+000 -0.000000000000000E+000 -0.000000000000000E+000 -0.000000000000000E+000  0.000000000000000E+000  0.000000000000000E+000  0.000000000000000E+000 -0.000000000000000E+000 -0.000000000000000E+000 -0.000000000000000E+000  -0.459535914497172E-012 -0.961566688170272E-012 -0.108601427773221E-002
    124.08000000  0.000000000000000E+000  0.000000000000000E+000  0.000000000000000E+000 -0.000000000000000E+000 -0.000000000000000E+000 -0.000000000000000E+000  0.000000000000000E+000  0.000000000000000E+000  0.000000000000000E+000 -0.000000000000000E+000 -0.000000000000000E+000 -0.000000000000000E+000  -0.481302572646589E-012 -0.963558652666143E-012 -0.108994980470825E-002
    124.16000000  0.000000000000000E+000  0.000000000000000E+000  0.000000000000000E+000 -0.000000000000000E+000 -0.000000000000000E+000 -0.000000000000000E+000  0.000000000000000E+000  0.000000000000000E+000  0.000000000000000E+000 -0.000000000000000E+000 -0.000000000000000E+000 -0.000000000000000E+000  -0.502559336161173E-012 -0.965268397579708E-012 -0.109369246076137E-002
    124.24000000  0.000000000000000E+000  0.000000000000000E+000  0.000000000000000E+000 -0.000000000000000E+000 -0.000000000000000E+000 -0.000000000000000E+000  0.000000000000000E+000  0.000000000000000E+000  0.000000000000000E+000 -0.000000000000000E+000 -0.000000000000000E+000 -0.000000000000000E+000  -0.523392063437615E-012 -0.966651542274606E-012 -0.109724121995064E-002
    124.32000000  0.000000000000000E+000  0.000000000000000E+000  0.000000000000000E+000 -0.000000000000000E+000 -0.000000000000000E+000 -0.000000000000000E+000  0.000000000000000E+000  0.000000000000000E+000  0.000000000000000E+000 -0.000000000000000E+000 -0.000000000000000E+000 -0.000000000000000E+000  -0.543814666270529E-012 -0.967635713620612E-012 -0.110059510356881E-002
    124.40000000  0.000000000000000E+000  0.000000000000000E+000  0.000000000000000E+000 -0.000000000000000E+000 -0.000000000000000E+000 -0.000000000000000E+000  0.000000000000000E+000  0.000000000000000E+000  0.000000000000000E+000 -0.000000000000000E+000 -0.000000000000000E+000 -0.000000000000000E+000  -0.563702943905143E-012 -0.968106504822578E-012 -0.110375318121393E-002
    124.48000000  0.000000000000000E+000  0.000000000000000E+000  0.000000000000000E+000 -0.000000000000000E+000 -0.000000000000000E+000 -0.000000000000000E+000  0.000000000000000E+000  0.000000000000000E+000  0.000000000000000E+000 -0.000000000000000E+000 -0.000000000000000E+000 -0.000000000000000E+000  -0.582774560307804E-012 -0.967908883628397E-012 -0.110671457188919E-002
    124.56000000  0.000000000000000E+000  0.000000000000000E+000  0.000000000000000E+000 -0.000000000000000E+000 -0.000000000000000E+000 -0.000000000000000E+000  0.000000000000000E+000  0.000000000000000E+000  0.000000000000000E+000 -0.000000000000000E+000 -0.000000000000000E+000 -0.000000000000000E+000  -0.600629800505217E-012 -0.966854963573951E-012 -0.110947844507247E-002
    124.64000000  0.000000000000000E+000  0.000000000000000E+000  0.000000000000000E+000 -0.000000000000000E+000 -0.000000000000000E+000 -0.000000000000000E+000  0.000000000000000E+000  0.000000000000000E+000  0.000000000000000E+000 -0.000000000000000E+000 -0.000000000000000E+000 -0.000000000000000E+000  -0.616819846082987E-012 -0.964733125210343E-012 -0.111204402169844E-002
    124.72000000  0.000000000000000E+000  0.000000000000000E+000  0.000000000000000E+000 -0.000000000000000E+000 -0.000000000000000E+000 -0.000000000000000E+000  0.000000000000000E+000  0.000000000000000E+000  0.000000000000000E+000 -0.000000000000000E+000 -0.000000000000000E+000 -0.000000000000000E+000  -0.630952689691179E-012 -0.961323483678433E-012 -0.111441057500497E-002
    124.80000000  0.000000000000000E+000  0.000000000000000E+000  0.000000000000000E+000 -0.000000000000000E+000 -0.000000000000000E+000 -0.000000000000000E+000  0.000000000000000E+000  0.000000000000000E+000  0.000000000000000E+000 -0.000000000000000E+000 -0.000000000000000E+000 -0.000000000000000E+000  -0.642786683119822E-012 -0.956425866897264E-012 -0.111657743120949E-002
    124.88000000  0.000000000000000E+000  0.000000000000000E+000  0.000000000000000E+000 -0.000000000000000E+000 -0.000000000000000E+000 -0.000000000000000E+000  0.000000000000000E+000  0.000000000000000E+000  0.000000000000000E+000 -0.000000000000000E+000 -0.000000000000000E+000 -0.000000000000000E+000  -0.652301930757107E-012 -0.949868493573459E-012 -0.111854396999788E-002
    124.96000000  0.000000000000000E+000  0.000000000000000E+000  0.000000000000000E+000 -0.000000000000000E+000 -0.000000000000000E+000 -0.000000000000000E+000  0.000000000000000E+000  0.000000000000000E+000  0.000000000000000E+000 -0.000000000000000E+000 -0.000000000000000E+000 -0.000000000000000E+000  -0.659723066995509E-012 -0.941540294096197E-012 -0.112030962482641E-002
    125.04000000  0.000000000000000E+000  0.000000000000000E+000  0.000000000000000E+000 -0.000000000000000E+000 -0.000000000000000E+000 -0.000000000000000E+000  0.000000000000000E+000  0.000000000000000E+000  0.000000000000000E+000 -0.000000000000000E+000 -0.000000000000000E+000 -0.000000000000000E+000  -0.665469960545581E-012 -0.931395513878936E-012 -0.112187388305509E-002
    125.12000000  0.000000000000000E+000  0.000000000000000E+000  0.000000000000000E+000 -0.000000000000000E+000 -0.000000000000000E+000 -0.000000000000000E+000  0.000000000000000E+000  0.000000000000000E+000  0.000000000000000E+000 -0.000000000000000E+000 -0.000000000000000E+000 -0.000000000000000E+000  -0.670082694547371E-012 -0.919459743983023E-012 -0.112323628594632E-002
    125.20000000  0.000000000000000E+000  0.000000000000000E+000  0.000000000000000E+000 -0.000000000000000E+000 -0.000000000000000E+000 -0.000000000000000E+000  0.000000000000000E+000  0.000000000000000E+000  0.000000000000000E+000 -0.000000000000000E+000 -0.000000000000000E+000 -0.000000000000000E+000  -0.674097065903238E-012 -0.905821504057185E-012 -0.112439642857445E-002
    125.28000000  0.000000000000000E+000  0.000000000000000E+000  0.000000000000000E+000 -0.000000000000000E+000 -0.000000000000000E+000 -0.000000000000000E+000  0.000000000000000E+000  0.000000000000000E+000  0.000000000000000E+000 -0.000000000000000E+000 -0.000000000000000E+000 -0.000000000000000E+000  -0.677947267842996E-012 -0.890616690624387E-012 -0.112535395969561E-002
    125.36000000  0.000000000000000E+000  0.000000000000000E+000  0.000000000000000E+000 -0.000000000000000E+000 -0.000000000000000E+000 -0.000000000000000E+000  0.000000000000000E+000  0.000000000000000E+000  0.000000000000000E+000 -0.000000000000000E+000 -0.000000000000000E+000 -0.000000000000000E+000  -0.681877667426889E-012 -0.874007024548088E-012 -0.112610858162375E-002
    125.44000000  0.000000000000000E+000  0.000000000000000E+000  0.000000000000000E+000 -0.000000000000000E+000 -0.000000000000000E+000 -0.000000000000000E+000  0.000000000000000E+000  0.000000000000000E+000  0.000000000000000E+000 -0.000000000000000E+000 -0.000000000000000E+000 -0.000000000000000E+000  -0.685941194049724E-012 -0.856157806629443E-012 -0.112666005014689E-002
    125.52000000  0.000000000000000E+000  0.000000000000000E+000  0.000000000000000E+000 -0.000000000000000E+000 -0.000000000000000E+000 -0.000000000000000E+000  0.000000000000000E+000  0.000000000000000E+000  0.000000000000000E+000 -0.000000000000000E+000 -0.000000000000000E+000 -0.000000000000000E+000  -0.690020814612273E-012 -0.837220532852119E-012 -0.112700817450125E-002
    125.60000000  0.000000000000000E+000  0.000000000000000E+000  0.000000000000000E+000 -0.000000000000000E+000 -0.000000000000000E+000 -0.000000000000000E+000  0.000000000000000E+000  0.000000000000000E+000  0.000000000000000E+000 -0.000000000000000E+000 -0.000000000000000E+000 -0.000000000000000E+000  -0.693934212174389E-012 -0.817331927509870E-012 -0.112715281740499E-002
    125.68000000  0.000000000000000E+000  0.000000000000000E+000  0.000000000000000E+000 -0.000000000000000E+000 -0.000000000000000E+000 -0.000000000000000E+000  0.000000000000000E+000  0.000000000000000E+000  0.000000000000000E+000 -0.000000000000000E+000 -0.000000000000000E+000 -0.000000000000000E+000  -0.697532586795534E-012 -0.796608477459789E-012 -0.112709389514086E-002
    125.76000000  0.000000000000000E+000  0.000000000000000E+000  0.000000000000000E+000 -0.000000000000000E+000 -0.000000000000000E+000 -0.000000000000000E+000  0.000000000000000E+000  0.000000000000000E+000  0.000000000000000E+000 -0.000000000000000E+000 -0.000000000000000E+000 -0.000000000000000E+000  -0.700808110165838E-012 -0.775164339653675E-012 -0.112683137767273E-002
    125.84000000  0.000000000000000E+000  0.000000000000000E+000  0.000000000000000E+000 -0.000000000000000E+000 -0.000000000000000E+000 -0.000000000000000E+000  0.000000000000000E+000  0.000000000000000E+000  0.000000000000000E+000 -0.000000000000000E+000 -0.000000000000000E+000 -0.000000000000000E+000  -0.703942298089136E-012 -0.753114004429221E-012 -0.112636528878289E-002
    125.92000000  0.000000000000000E+000  0.000000000000000E+000  0.000000000000000E+000 -0.000000000000000E+000 -0.000000000000000E+000 -0.000000000000000E+000  0.000000000000000E+000  0.000000000000000E+000  0.000000000000000E+000 -0.000000000000000E+000 -0.000000000000000E+000 -0.000000000000000E+000  -0.707300415171553E-012 -0.730596500637231E-012 -0.112569570622293E-002
    126.00000000  0.000000000000000E+000  0.000000000000000E+000  0.000000000000000E+000 -0.000000000000000E+000 -0.000000000000000E+000 -0.000000000000000E+000  0.000000000000000E+000  0.000000000000000E+000  0.000000000000000E+000 -0.000000000000000E+000 -0.000000000000000E+000 -0.000000000000000E+000  -0.711362101944712E-012 -0.707771588071662E-012 -0.112482276187682E-002
    126.08000000  0.000000000000000E+000  0.000000000000000E+000  0.000000000000000E+000 -0.000000000000000E+000 -0.000000000000000E+000 -0.000000000000000E+000  0.000000000000000E+000  0.000000000000000E+000  0.000000000000000E+000 -0.000000000000000E+000 -0.000000000000000E+000 -0.000000000000000E+000  -0.716616185796841E-012 -0.684836734566674E-012 -0.112374664193647E-002
    126.16000000  0.000000000000000E+000  0.000000000000000E+000  0.000000000000000E+000 -0.000000000000000E+000 -0.000000000000000E+000 -0.000000000000000E+000  0.000000000000000E+000  0.000000000000000E+000  0.000000000000000E+000 -0.000000000000000E+000 -0.000000000000000E+000 -0.000000000000000E+000  -0.723422108829584E-012 -0.662010294785015E-012 -0.112246758708681E-002
    126.24000000  0.000000000000000E+000  0.000000000000000E+000  0.000000000000000E+000 -0.000000000000000E+000 -0.000000000000000E+000 -0.000000000000000E+000  0.000000000000000E+000  0.000000000000000E+000  0.000000000000000E+000 -0.000000000000000E+000 -0.000000000000000E+000 -0.000000000000000E+000  -0.731910888749263E-012 -0.639528718298411E-012 -0.112098589268928E-002
    126.32000000  0.000000000000000E+000  0.000000000000000E+000  0.000000000000000E+000 -0.000000000000000E+000 -0.000000000000000E+000 -0.000000000000000E+000  0.000000000000000E+000  0.000000000000000E+000  0.000000000000000E+000 -0.000000000000000E+000 -0.000000000000000E+000 -0.000000000000000E+000  -0.741932987546710E-012 -0.617616347115133E-012 -0.111930190894482E-002
    126.40000000  0.000000000000000E+000  0.000000000000000E+000  0.000000000000000E+000 -0.000000000000000E+000 -0.000000000000000E+000 -0.000000000000000E+000  0.000000000000000E+000  0.000000000000000E+000  0.000000000000000E+000 -0.000000000000000E+000 -0.000000000000000E+000 -0.000000000000000E+000  -0.753065752256233E-012 -0.596457824238581E-012 -0.111741604101137E-002
    126.48000000  0.000000000000000E+000  0.000000000000000E+000  0.000000000000000E+000 -0.000000000000000E+000 -0.000000000000000E+000 -0.000000000000000E+000  0.000000000000000E+000  0.000000000000000E+000  0.000000000000000E+000 -0.000000000000000E+000 -0.000000000000000E+000 -0.000000000000000E+000  -0.764698325861644E-012 -0.576178434850203E-012 -0.111532874905050E-002
    126.56000000  0.000000000000000E+000  0.000000000000000E+000  0.000000000000000E+000 -0.000000000000000E+000 -0.000000000000000E+000 -0.000000000000000E+000  0.000000000000000E+000  0.000000000000000E+000  0.000000000000000E+000 -0.000000000000000E+000 -0.000000000000000E+000 -0.000000000000000E+000  -0.776158980891597E-012 -0.556816258790606E-012 -0.111304054818250E-002
    126.64000000  0.000000000000000E+000  0.000000000000000E+000  0.000000000000000E+000 -0.000000000000000E+000 -0.000000000000000E+000 -0.000000000000000E+000  0.000000000000000E+000  0.000000000000000E+000  0.000000000000000E+000 -0.000000000000000E+000 -0.000000000000000E+000 -0.000000000000000E+000  -0.786846343717646E-012 -0.538330384713527E-012 -0.111055200833719E-002
    126.72000000  0.000000000000000E+000  0.000000000000000E+000  0.000000000000000E+000 -0.000000000000000E+000 -0.000000000000000E+000 -0.000000000000000E+000  0.000000000000000E+000  0.000000000000000E+000  0.000000000000000E+000 -0.000000000000000E+000 -0.000000000000000E+000 -0.000000000000000E+000  -0.796354983274450E-012 -0.520602613029881E-012 -0.110786375399590E-002
    126.80000000  0.000000000000000E+000  0.000000000000000E+000  0.000000000000000E+000 -0.000000000000000E+000 -0.000000000000000E+000 -0.000000000000000E+000  0.000000000000000E+000  0.000000000000000E+000  0.000000000000000E+000 -0.000000000000000E+000 -0.000000000000000E+000 -0.000000000000000E+000  -0.804523629853395E-012 -0.503463130354802E-012 -0.110497646382650E-002
    126.88000000  0.000000000000000E+000  0.000000000000000E+000  0.000000000000000E+000 -0.000000000000000E+000 -0.000000000000000E+000 -0.000000000000000E+000  0.000000000000000E+000  0.000000000000000E+000  0.000000000000000E+000 -0.000000000000000E+000 -0.000000000000000E+000 -0.000000000000000E+000  -0.811439324277795E-012 -0.486720193118473E-012 -0.110189087021648E-002
    126.96000000  0.000000000000000E+000  0.000000000000000E+000  0.000000000000000E+000 -0.000000000000000E+000 -0.000000000000000E+000 -0.000000000000000E+000  0.000000000000000E+000  0.000000000000000E+000  0.000000000000000E+000 -0.000000000000000E+000 -0.000000000000000E+000 -0.000000000000000E+000  -0.817347115061587E-012 -0.470186435876153E-012 -0.109860775871154E-002
    127.04000000  0.000000000000000E+000  0.000000000000000E+000  0.000000000000000E+000 -0.000000000000000E+000 -0.000000000000000E+000 -0.000000000000000E+000  0.000000000000000E+000  0.000000000000000E+000  0.000000000000000E+000 -0.000000000000000E+000 -0.000000000000000E+000 -0.000000000000000E+000  -0.822537991087809E-012 -0.453703137453134E-012 -0.109512796737002E-002
    127.12000000  0.000000000000000E+000  0.000000000000000E+000  0.000000000000000E+000 -0.000000000000000E+000 -0.000000000000000E+000 -0.000000000000000E+000  0.000000000000000E+000  0.000000000000000E+000  0.000000000000000E+000 -0.000000000000000E+000 -0.000000000000000E+000 -0.000000000000000E+000  -0.827216418957206E-012 -0.437157392812315E-012 -0.109145238604945E-002
    127.20000000  0.000000000000000E+000  0.000000000000000E+000  0.000000000000000E+000 -0.000000000000000E+000 -0.000000000000000E+000 -0.000000000000000E+000  0.000000000000000E+000  0.000000000000000E+000  0.000000000000000E+000 -0.000000000000000E+000 -0.000000000000000E+000 -0.000000000000000E+000  -0.831407465072643E-012 -0.420475185140347E-012 -0.108758195565035E-002
    127.28000000  0.000000000000000E+000  0.000000000000000E+000  0.000000000000000E+000 -0.000000000000000E+000 -0.000000000000000E+000 -0.000000000000000E+000  0.000000000000000E+000  0.000000000000000E+000  0.000000000000000E+000 -0.000000000000000E+000 -0.000000000000000E+000 -0.000000000000000E+000  -0.834920005045390E-012 -0.403622108335373E-012 -0.108351766735073E-002
    127.36000000  0.000000000000000E+000  0.000000000000000E+000  0.000000000000000E+000 -0.000000000000000E+000 -0.000000000000000E+000 -0.000000000000000E+000  0.000000000000000E+000  0.000000000000000E+000  0.000000000000000E+000 -0.000000000000000E+000 -0.000000000000000E+000 -0.000000000000000E+000  -0.837371284638912E-012 -0.386576480926414E-012 -0.107926056186952E-002
    127.44000000  0.000000000000000E+000  0.000000000000000E+000  0.000000000000000E+000 -0.000000000000000E+000 -0.000000000000000E+000 -0.000000000000000E+000  0.000000000000000E+000  0.000000000000000E+000  0.000000000000000E+000 -0.000000000000000E+000 -0.000000000000000E+000 -0.000000000000000E+000  -0.838296187458276E-012 -0.369314643840158E-012 -0.107481172879298E-002
    127.52000000  0.000000000000000E+000  0.000000000000000E+000  0.000000000000000E+000 -0.000000000000000E+000 -0.000000000000000E+000 -0.000000000000000E+000  0.000000000000000E+000  0.000000000000000E+000  0.000000000000000E+000 -0.000000000000000E+000 -0.000000000000000E+000 -0.000000000000000E+000  -0.837273803946292E-012 -0.351776880940110E-012 -0.107017230598476E-002
    127.60000000  0.000000000000000E+000  0.000000000000000E+000  0.000000000000000E+000 -0.000000000000000E+000 -0.000000000000000E+000 -0.000000000000000E+000  0.000000000000000E+000  0.000000000000000E+000  0.000000000000000E+000 -0.000000000000000E+000 -0.000000000000000E+000 -0.000000000000000E+000  -0.834056773816511E-012 -0.333863034909535E-012 -0.106534347908077E-002
    127.68000000  0.000000000000000E+000  0.000000000000000E+000  0.000000000000000E+000 -0.000000000000000E+000 -0.000000000000000E+000 -0.000000000000000E+000  0.000000000000000E+000  0.000000000000000E+000  0.000000000000000E+000 -0.000000000000000E+000 -0.000000000000000E+000 -0.000000000000000E+000  -0.828666261787071E-012 -0.315428165046861E-012 -0.106032648104941E-002
    127.76000000  0.000000000000000E+000  0.000000000000000E+000  0.000000000000000E+000 -0.000000000000000E+000 -0.000000000000000E+000 -0.000000000000000E+000  0.000000000000000E+000  0.000000000000000E+000  0.000000000000000E+000 -0.000000000000000E+000 -0.000000000000000E+000 -0.000000000000000E+000  -0.821419164592681E-012 -0.296298205391252E-012 -0.105512259178548E-002
    127.84000000  0.000000000000000E+000  0.000000000000000E+000  0.000000000000000E+000 -0.000000000000000E+000 -0.000000000000000E+000 -0.000000000000000E+000  0.000000000000000E+000  0.000000000000000E+000  0.000000000000000E+000 -0.000000000000000E+000 -0.000000000000000E+000 -0.000000000000000E+000  -0.812880547700389E-012 -0.276300420325545E-012 -0.104973313770573E-002
    127.92000000  0.000000000000000E+000  0.000000000000000E+000  0.000000000000000E+000 -0.000000000000000E+000 -0.000000000000000E+000 -0.000000000000000E+000  0.000000000000000E+000  0.000000000000000E+000  0.000000000000000E+000 -0.000000000000000E+000 -0.000000000000000E+000 -0.000000000000000E+000  -0.803758708593763E-012 -0.255288982524272E-012 -0.104415949132662E-002
    128.00000000  0.000000000000000E+000  0.000000000000000E+000  0.000000000000000E+000 -0.000000000000000E+000 -0.000000000000000E+000 -0.000000000000000E+000  0.000000000000000E+000  0.000000000000000E+000  0.000000000000000E+000 -0.000000000000000E+000 -0.000000000000000E+000 -0.000000000000000E+000  -0.794759234250939E-012 -0.233196380951811E-012 -0.103840307082497E-002
