# xc field only; Ac_tot and E_tot in rt.data remain classical
# time [a.u.] Axc/c xyz [a.u.] Exc xyz [a.u.]
# extra columns: alpha_used K_estimate P_xyz (all atomic units); K held below field floor
  8.0000000000000002E-002  2.2686587586345479E-015  3.8795199691632478E-016  3.5259362623537611E-016 -5.3707260013562955E-014 -7.3474315121480415E-015  4.8772640781284974E-010  1.0000000000000000E+000 -8.3584091790318561E-008 -5.3707260013562955E-014 -7.3474315121480415E-015  4.8772640781284974E-010
  1.6000000000000000E-001  8.5931616021700726E-015  1.1755890419436866E-015 -7.8036225250055957E-011 -1.0150124249906907E-013 -1.0025118823831757E-014  3.0242295636487004E-009  9.9956774973675599E-001  1.3764903092596759E-006 -1.0153901928371894E-013 -1.0028409450112335E-014  3.0256535422531331E-009
  2.3999999999999999E-001  1.8508857558485600E-014  1.9919710087294059E-015 -4.8387637759016582E-010 -1.4372398926781714E-013 -8.2238354445490224E-015  9.8965856106200324E-009  9.9885593925140737E-001  3.6458295171655023E-006 -1.4388103449394450E-013 -8.2321679011567046E-015  9.9082048281832041E-009
  3.2000000000000001E-001  3.1588999885020814E-014  2.4914027130715302E-015 -1.6614899229492613E-009 -1.8090984825484472E-013 -2.3848103653092683E-015  2.3664878004143756E-008  9.9792974234843468E-001  6.6035057326788694E-006 -1.8127688876457983E-013 -2.3888782923099234E-015  2.3714400835685447E-008
  4.0000000000000002E-001  4.7454433279260755E-014  2.3735406671788888E-015 -4.2702568582531668E-009 -2.1368284243456513E-013  6.8401347430056288E-015  4.7146265205465939E-008  9.9681654244673989E-001  1.0165621940441674E-005 -2.1435620660691063E-013  6.8625168602323092E-015  4.7297293745506560E-008
  4.7999999999999998E-001  6.5778254674551234E-014  1.3969811541906296E-015 -9.2048923558238114E-009 -2.4272258960599354E-013  1.8693143988291495E-014  8.3399458075584692E-008  9.9553631655084740E-001  1.4272051627236128E-005 -2.4380136596503365E-013  1.8777037026015784E-014  8.3773745669552990E-008
  5.6000000000000005E-001  8.6290047616219720E-014 -6.1736237094775022E-016 -1.7614170150346716E-008 -2.6876971898651096E-013  3.2418112448359403E-014  1.3570982042508737E-007  9.9410385672803914E-001  1.8879322126346264E-005 -2.7035403800289407E-013  3.2609949535249611E-014  1.3651476801736506E-007
  6.4000000000000001E-001  1.0878140971239299E-013 -3.7899168375468749E-015 -3.0918463623837792E-008 -2.9263535358726658E-013  4.7305630126870903E-014  2.0757479279784838E-007  9.9253019750809124E-001  2.3956066898362700E-005 -2.9482779023173944E-013  4.7660667619711995E-014  2.0913646006629248E-007
  7.1999999999999997E-001  1.3311170419018237E-013 -8.1862631912470945E-015 -5.0826136998002460E-008 -3.1518329056571584E-013  6.2665130291964103E-014  3.0268962347047394E-007  9.9082359334898518E-001  2.9479929386702644E-005 -3.1809227244765951E-013  6.3243938091378228E-014  3.0549147279641019E-007
  8.0000000000000004E-001  1.5921073620290752E-013 -1.3816337684261133E-014 -7.9348803379113622E-008 -3.3728179226156036E-013  7.7774267528195111E-014  4.2493323124663461E-007  9.8899021267026488E-001  3.5435377488454234E-005 -3.4102636221190101E-013  7.8637920366061111E-014  4.2966087864834486E-007
  8.8000000000000000E-001  1.8707679095203203E-013 -2.0630145995758312E-014 -1.1881545399746400E-007 -3.5975759220489078E-013  9.1866357617530411E-014  5.7835405612619259E-007  9.8703464239553851E-001  4.1812124176229519E-005 -3.6447292156603848E-013  9.3070313323617958E-014  5.8594632438729288E-007
  9.5999999999999996E-001  2.1677195095569005E-013 -2.8514954903065997E-014 -1.7188545235930445E-007 -3.8338566798807454E-013  1.0417375439067899E-013  7.6715577721919860E-007  9.8496026192255082E-001  4.8603964045437997E-005 -3.8922918771800287E-013  1.0576105753409361E-013  7.7886235603372853E-007
  1.0400000000000000E+000  2.4841849783012396E-013 -3.7297946698266951E-014 -2.4156037835253580E-007 -4.0891449488856937E-013  1.1399304994948634E-013  9.9568280063274370E-007  9.8276952516011495E-001  5.5807901494329317E-005 -4.1607298581808354E-013  1.1598772952412733E-013  1.0131288183940904E-006
  1.1200000000000001E+000  2.8219827013786115E-013 -4.6753842894983812E-014 -3.3119470046054345E-007 -4.3708875356927459E-013  1.2072392234719538E-013  1.2684054430670227E-006  9.8046417522968987E-001  6.3423491813835526E-005 -4.4578658059357115E-013  1.2312497402926574E-013  1.2936632475971811E-006
  1.2000000000000000E+000  3.1835269840120790E-013 -5.6613774273818215E-014 -4.4450524924325942E-007 -4.6862545030477313E-013  1.2386702008478295E-013  1.5899047617902915E-006  9.7804540674216134E-001  7.1452348049893383E-005 -4.7913319482861204E-013  1.2664275100971134E-013  1.6255731981949884E-006
  1.2800000000000000E+000  3.5717834218662486E-013 -6.6572566108549084E-014 -5.8557946234699010E-007 -5.0413527105692676E-013  1.2300881961206704E-013  1.9648570073642013E-006  9.7551398529322708E-001  7.9897783854576961E-005 -5.1677704024830764E-013  1.2609137542719025E-013  2.0141484766843666E-006
  1.3600000000000001E+000  3.9901434177031619E-013 -7.6295185411748944E-014 -7.5888237042153161E-007 -5.4402726897414746E-013  1.1783213355515452E-013  2.3980176974288112E-006  9.7287033229129882E-001  8.8764567629707756E-005 -5.5918490111444457E-013  1.2111283341438819E-013  2.4648532832366389E-006
  1.4399999999999999E+000  4.4422270522248845E-013 -8.5425707477373805E-014 -9.6926229393559987E-007 -5.8845040940723189E-013  1.0816164225987653E-013  2.8942053237842226E-006  9.7011458353623836E-001  9.8058762073849380E-005 -6.0656387728881331E-013  1.1148850533092630E-013  2.9833182832727199E-006
  1.5200000000000000E+000  4.9316640727547329E-013 -9.3601048173329188E-014 -1.2219552222270073E-006 -6.3729961808548559E-013  9.4014821868256478E-014  3.4582847098208002E-006  9.6724663004022682E-001  1.0778762251771711E-004 -6.5886436566871534E-013  9.7193447961390924E-014  3.5753326352917154E-006
  1.6000000000000001E+000  5.4619064411616615E-013 -1.0046807897629484E-013 -1.5225878475069279E-006 -6.9026811249830744E-013  7.5618674625528753E-014  4.0951500331628045E-006  9.6426614836847979E-001  1.1795953083060082E-004 -7.1583063752562508E-013  7.8416447065408646E-014  4.2468359935701770E-006
  1.6799999999999999E+000  6.0360930527520248E-013 -1.0570003611341379E-013 -1.8771792275330560E-006 -7.4690195175724150E-013  5.3381053221116584E-014  4.8097075228500457E-006  9.6117262555469707E-001  1.2858394852191375E-004 -7.7705425324109260E-013  5.5533560324871507E-014  5.0039104912581211E-006
  1.7600000000000000E+000  6.6569495639732478E-013 -1.0900904749167350E-013 -2.2921410511629352E-006 -8.0662607963924774E-013  2.7839657903771727E-014  5.6068578350399199E-006  9.5796538138778631E-001  1.3967137984516071E-004 -8.4199844257025673E-013  2.9058203356304451E-014  5.8527726977434743E-006
  1.8400000000000001E+000  7.3266947801748212E-013 -1.1015438137801726E-013 -2.7742764811394432E-006 -8.6874790008709005E-013 -3.7855502574644986E-016  6.4914781086144439E-006  9.5464358935077120E-001  1.5123334061542095E-004 -9.0999920325989143E-013 -3.9856707424551683E-016  6.7997655367112172E-006
  1.9199999999999999E+000  8.0469462041125919E-013 -1.0894847868755406E-013 -3.3307775485412462E-006 -9.3246759558747509E-013 -3.0576636597824757E-014  7.4684037032973093E-006  9.5120629683211533E-001  1.6328233058991479E-004 -9.8027327941110308E-013 -3.2145973929307429E-014  7.8513501471719007E-006
  2.0000000000000000E+000  8.8186429331147815E-013 -1.0526211952236530E-013 -3.9692210736670128E-006 -9.9691627279327602E-013 -6.2003107997075582E-014  8.5424096273394358E-006  9.4765244502877821E-001  1.7583180787744755E-004 -1.0519554297544579E-012 -6.5427656460751577E-014  9.0140976669084899E-006
  2.0800000000000001E+000  9.6420122405818335E-013 -9.9027981408021970E-014 -4.6975630889155559E-006 -1.0612139705957416E-012 -9.3884362836752193E-014  9.7181916678222445E-006  9.4398088880064501E-001  1.8889616433484332E-004 -1.1241573467297304E-012 -9.9453916872048670E-014  1.0294680915468768E-005
  2.1600000000000001E+000  1.0516585286067968E-012 -9.0240621468484951E-014 -5.5241317405185719E-006 -1.1245163546987313E-012 -1.2547164156145028E-013  1.1000347242622131E-005  9.4019041648600332E-001  2.0249070174736895E-004 -1.1960157778255546E-012 -1.3345008599492769E-013  1.1699865952524965E-005
  2.2400000000000002E+000  1.1441238408099804E-012 -7.8952518758189925E-014 -6.4576186477350969E-006 -1.1860267625613443E-012 -1.5607656267215897E-013  1.2393355998796331E-005  9.3627976946755587E-001  2.1663160937378367E-004 -1.2667047810193044E-012 -1.6669378304146899E-013  1.3236503487773758E-005
  2.3199999999999998E+000  1.2414228106166119E-012 -6.5268371440939513E-014 -7.5070687003259849E-006 -1.2449780870670882E-012 -1.8507299554413415E-013  1.3901560188411257E-005  9.3224766121683178E-001  2.3133594369768843E-004 -1.3354159787048706E-012 -1.9851704965530263E-013  1.4911520120364094E-005
  2.3999999999999999E+000  1.3433203347407145E-012 -4.9340839471128459E-014 -8.6818682778808980E-006 -1.3006119094046077E-012 -2.1187186484620241E-013  1.5529144860025654E-005  9.2809279559753022E-001  2.4662161109017459E-004 -1.4013353723604864E-012 -2.2827947614372085E-013  1.6731909388365683E-005
  2.4800000000000000E+000  1.4495207161213491E-012 -3.1368873065547125E-014 -9.9917318779300895E-006 -1.3521824756146200E-012 -2.3590272123675790E-013  1.7280117910901726E-005  9.2381388422372990E-001  2.6250735408579989E-004 -1.4636464054399429E-012 -2.5534800508007579E-013  1.8704722611709167E-005
  2.5600000000000001E+000  1.5596695308390537E-012 -1.1596404073247194E-014 -1.1446687143625174E-005 -1.3989910365230194E-012 -2.5663175276650080E-013  1.9158290049205755E-005  9.1940966255239132E-001  2.7901274247267105E-004 -1.5215660831262531E-012 -2.7911581333714256E-013  2.0837059515935529E-005
  2.6400000000000001E+000  1.6733592819650322E-012  9.6922073770930092E-015 -1.3057058285803010E-005 -1.4404351782041914E-012 -2.7361337808380608E-013  2.1167254715723881E-005  9.1487890421905549E-001  2.9615817115162719E-004 -1.5743985091607662E-012 -2.9905843152596373E-013  2.3136058629876866E-005
  2.7200000000000002E+000  1.7901391593517243E-012  3.2181736420161781E-014 -1.4833447898140995E-005 -1.4760523199724618E-012 -2.8654136946998968E-013  2.3310368012709342E-005  9.1022043308573175E-001  3.1396486705126582E-004 -1.6215837064530643E-012 -3.1479108884416045E-013  2.5608887458078615E-005
  2.8000000000000003E+000  1.9095276531606261E-012  5.5538826492291361E-014 -1.6786717167836505E-005 -1.5055472652441570E-012 -2.9526567561674846E-013  2.5590728687407649E-005  9.0543313267824344E-001  3.3245490680141622E-004 -1.6627305548116796E-012 -3.2609016641521433E-013  2.8262732436965053E-005
  2.8799999999999999E+000  2.0310267217907894E-012  7.9424244518841539E-014 -1.8927964488126220E-005 -1.5288063287378423E-012 -2.9977321012481578E-013  2.8011158222804728E-005  9.0051595308756727E-001  3.5165124550236629E-004 -1.6976361901117756E-012 -3.3287566062953366E-013  3.1104788690270332E-005
  2.9600000000000000E+000  2.1541366657586809E-012  1.0350254011226188E-013 -2.1268502483485261E-005 -1.5459008916021844E-012 -3.0016078522588123E-013  3.0574181097910223E-005  8.9546791580205076E-001  3.7157775545538325E-004 -1.7262946159523812E-012 -3.3518464918359672E-013  3.4142249602506794E-005
  3.0400000000000000E+000  2.2783708644471389E-012  1.2744997015498254E-013 -2.3819833463791856E-005 -1.5570777570408592E-012 -2.9662956026208625E-013  3.3282005290507687E-005  8.9028811713659306E-001  3.9225927286977891E-004 -1.7488912041914547E-012 -3.3316830982514475E-013  3.7382296229154354E-005
  3.1200000000000001E+000  2.4032691068852184E-012  1.5096326975419569E-013 -2.6593623329966491E-005 -1.5627314505117277E-012 -2.8950093284186588E-013  3.6136503102162789E-005  8.8497573087680892E-001  4.1372165061183327E-004 -1.7657770427525992E-012 -3.2711329513800083E-013  4.0832086560187374E-005
  3.2000000000000002E+000  2.5284078965290154E-012  1.7377011940968108E-013 -2.9601673960137901E-005 -1.5633609762208342E-012 -2.7922364490128555E-013  3.9139192386615047E-005  8.7953001055426150E-001  4.3599181572974611E-004 -1.7774251133076472E-012 -3.1745415978783785E-013  4.4498744651271106E-005
  3.2800000000000002E+000  2.6534068630805519E-012  1.9563905293840137E-013 -3.2855894111824899E-005 -1.5595251682381603E-012 -2.6634244201472189E-013  4.2291218260372604E-005  8.7395029155476389E-001  4.5909783126594383E-004 -1.7843835854934512E-012 -3.0474260233899627E-013  4.8389349635584692E-005
  3.3599999999999999E+000  2.7779319234471210E-012  2.1638491013203658E-013 -3.6368268881797518E-005 -1.5518119338315668E-012 -2.5143080673963193E-013  4.5593335371999738E-005  8.6823599313359479E-001  4.8306896236115931E-004 -1.7872435606423892E-012 -2.8957450963162059E-013  5.2510924628898692E-005
  3.4399999999999999E+000  2.9016967724936026E-012  2.3586798201674249E-013 -4.0150827771344857E-005 -1.5408247124038950E-012 -2.3502480589363272E-013  4.9045890806514974E-005  8.6238662037236258E-001  5.0793574681998676E-004 -1.7866256411877965E-012 -2.7251563864794886E-013  5.6870425540762332E-005
  3.5200000000000000E+000  3.0244638774317442E-012  2.5398887907501781E-013 -4.4215611410839915E-005 -1.5271754319708053E-012 -2.1759731811300708E-013  5.2648807703451426E-005  8.5640176612232655E-001  5.3373007027716348E-004 -1.7831736259379831E-012 -2.5407143938118367E-013  6.1474729804903347E-005
  3.6000000000000001E+000  3.1460448416089314E-012  2.7068355291482362E-013 -4.8574637003897085E-005 -1.5114702623825749E-012 -1.9957944348557663E-013  5.6401569670619485E-005  8.5028111300327136E-001  5.6048524600486025E-004 -1.7775395459379263E-012 -2.3471095699596430E-013  6.6330625041906020E-005
  3.6800000000000002E+000  3.2662991194129562E-012  2.8592159003271007E-013 -5.3239862558139033E-005 -1.4942864013578756E-012 -1.8139824004494422E-013  6.0303206080375273E-005  8.4402443555923345E-001  5.8823609925104576E-004 -1.7703574945794888E-012 -2.1491096592417871E-013  7.1444797666731497E-005
  3.7600000000000002E+000  3.3851306658261915E-012  2.9970727132201470E-013 -5.8223149976757130E-005 -1.4761526486740703E-012 -1.6348969928726987E-013  6.4352278342414665E-005  8.3763160272038628E-001  6.1701905575273588E-004 -1.7622208229245952E-012 -1.9517248008560731E-013  7.6823821452453401E-005
  3.8399999999999999E+000  3.5024835432008075E-012  3.1207994191867325E-013 -6.3536227092925380E-005 -1.4575485014677606E-012 -1.4627229716444165E-013  6.8546867256704741E-005  8.3110258075933785E-001  6.4687223382355128E-004 -1.7536805015660994E-012 -1.7599067235117646E-013  8.2474146059543444E-005
  3.9199999999999999E+000  3.6183384260610332E-012  3.2311083886832536E-013 -6.9190648737829888E-005 -1.4389199576133518E-012 -1.3010319402544157E-013  7.2884561558732717E-005  8.2443743691523141E-001  6.7783553937996615E-004 -1.7452635390643302E-012 -1.5780238886792839E-013  8.8402085537388436E-005
  4.0000000000000000E+000  3.7327107364189438E-012  3.3289645296274391E-013 -7.5197756942322615E-005 -1.4206905302410842E-012 -1.1525156907839889E-013  7.7362447771013148E-005  8.1763634375272842E-001  7.0995076365739469E-004 -1.7374863356335762E-012 -1.4095198821774872E-013  9.4613806802295095E-005
  4.0800000000000001E+000  3.8456489108996067E-012  3.4155108992086919E-013 -8.1568640381191992E-005 -1.4032445781161067E-012 -1.0190375566749021E-013  8.1977101464719606E-005  8.1069958413401311E-001  7.4326168420589555E-004 -1.7308345174635455E-012 -1.2569446404009014E-013  1.0111531809528966E-004
  4.1600000000000001E+000  3.9572298689175209E-012  3.4920105386954234E-013 -8.8314093176677754E-005 -1.3868800976912304E-012 -9.0182620951162784E-014  8.6724580013974178E-005  8.0362755648291506E-001  7.7781417077234195E-004 -1.7257037119447988E-012 -1.1221617761774337E-013  1.0791245742455245E-004
  4.2400000000000002E+000  4.0675497265302036E-012  3.5598030927305523E-013 -9.5444573183427862E-005 -1.3717555643743071E-012 -8.0151874973669074E-014  9.1600416900272866E-005  7.9642077990568516E-001  8.1365629843661576E-004 -1.7223295903367214E-012 -1.0063755968857321E-013  1.1501088100144709E-004
  4.3200000000000003E+000  4.1767107592174100E-012  3.6202535386532939E-013 -1.0297015988072141E-004 -1.3578655406033852E-012 -7.1794916654817573E-014  9.6599617606782720E-005  7.8907989876643969E-001  8.5083847050830075E-004 -1.7207502274805451E-012 -9.0983553457954422E-014  1.2241605168475034E-004
  4.4000000000000004E+000  4.2848082130267452E-012  3.6746749593782604E-013 -1.1090051200051310E-004 -1.3450621177842965E-012 -6.4987745787128634E-014  1.0171665714134022E-004  7.8160568649972773E-001  8.8941355307658695E-004 -1.7208244852302179E-012 -8.3144638644989738E-014  1.3013322745299955E-004
  4.4800000000000004E+000  4.3919206980628974E-012  3.7242339319126997E-013 -1.1924482502333585E-004 -1.3331077909710616E-012 -5.9497119561738706E-014  1.0694547924533591E-004  7.7399904870740233E-001  9.2943702196422609E-004 -1.7222915237775894E-012 -7.6867923787888732E-014  1.3816744992797370E-004
  4.5600000000000005E+000  4.4981054595821150E-012  3.7698703506770424E-013 -1.2801178867976684E-004 -1.3217253156963228E-012 -5.5016492297876733E-014  1.1227949737685468E-004  7.6626102583069888E-001  9.7096712160047686E-004 -1.7248294919353848E-012 -7.1796609124992163E-014  1.4652353297212143E-004
  4.6399999999999997E+000  4.6033967485743091E-012  3.8122603195893025E-013 -1.3720954460363260E-004 -1.3106191366644971E-012 -5.1221810249114130E-014  1.1771159758881209E-004  7.5839279582700492E-001  1.0140650344341192E-003 -1.7280801106484694E-012 -6.7537665305272982E-014  1.5520605137936240E-004
  4.7199999999999998E+000  4.7078045214484346E-012  3.8518252470756250E-013 -1.4684564429397678E-004 -1.2994708222321818E-012 -4.7814245556087603E-014  1.2323414344422336E-004  7.5039567727505130E-001  1.0587950592423026E-003 -1.7316400840847834E-012 -6.3716156364414601E-014  1.6421932967331359E-004
  4.7999999999999998E+000  4.8113120801314582E-012  3.8887631124790427E-013 -1.5692700755470833E-004 -1.2879331162527881E-012 -4.4530320515642774E-014  1.2883898311380633E-004  7.4227113320388383E-001  1.1052247970636806E-003 -1.7350500305636121E-012 -5.9989157106075777E-014  1.7356743102135336E-004
  4.8799999999999999E+000  4.9138738200488807E-012  3.9230737599006534E-013 -1.6745988159218579E-004 -1.2756451834827618E-012 -4.1128250158740369E-014  1.3451745878604224E-004  7.3402077574985813E-001  1.1534253442870891E-003 -1.7378114095415367E-012 -5.6028323146520691E-014  1.8325414626861264E-004
  4.9600000000000000E+000  5.0154153094887000E-012  3.9545683127330273E-013 -1.7844980096047509E-004 -1.2622685623811277E-012 -3.7375720545701916E-014  1.4026041849249870E-004  7.2564637155940426E-001  1.2034714933579318E-003 -1.7394329779689109E-012 -5.1503348790322379E-014  1.9328298309388407E-004
  5.0400000000000000E+000  5.1158367900298611E-012  3.9828749127737765E-013 -1.8990154855098558E-004 -1.2475209811479818E-012 -3.3055423971814773E-014  1.4605823042116527E-004  7.1714984772996537E-001  1.2554419423099965E-003 -1.7394774499442834E-012 -4.6089026702380919E-014  2.0365715528965545E-004
  5.1200000000000001E+000  5.2150186664723771E-012  4.0074569910879309E-013 -2.0181911782786154E-004 -1.2311844556176596E-012 -2.7982948126144119E-014  1.5190079976478644E-004  7.0853329802736442E-001  1.3094195147860407E-003 -1.7375753334129514E-012 -3.9490229371580365E-014  2.1437957217046021E-004
  5.2000000000000002E+000  5.3128263029286867E-012  4.0276476297756071E-013 -2.1420567651335141E-004 -1.2130849466181492E-012 -2.2018770573877588E-014  1.5777758813226303E-004  6.9979898912542260E-001  1.3654913923663772E-003 -1.7333993848780185E-012 -3.1460355917290697E-014  2.2545282811671627E-004
  5.2800000000000002E+000  5.4091122579312810E-012  4.0426870240061350E-013 -2.2706353192902362E-004 -1.1930638631177359E-012 -1.5063122359929584E-014  1.6367763553846572E-004  6.9094936665496098E-001  1.4237493609891782E-003 -1.7266255568497366E-012 -2.1796539845493076E-014  2.3687919226452871E-004
  5.3600000000000003E+000  5.5037165210275244E-012  4.0517486255514944E-013 -2.4039409819950593E-004 -1.1709678901547833E-012 -7.0423485601984719E-015  1.6958958497768339E-004  6.8198706089781036E-001  1.4842900731478635E-003 -1.7169178702436439E-012 -1.0322207950220878E-014  2.4866059835517259E-004
  5.4400000000000004E+000  5.5964671203560463E-012  4.0539547817024526E-013 -2.5419786552545296E-004 -1.1466678145769737E-012  2.0955823515575400E-015  1.7550170957726760E-004  6.7291489201206067E-001  1.5472153274055911E-003 -1.7039551499528313E-012  3.1180411964914940E-015  2.6079863476095156E-004
  5.5200000000000005E+000  5.6871833713598402E-012  4.0483956937890023E-013 -2.6847437173186875E-004 -1.1200938597154238E-012  1.2367395586577403E-014  1.8140194232263226E-004  6.6373587472943785E-001  1.6126323665448450E-003 -1.6874848035946851E-012  1.8636545265236689E-014  2.7329453470666619E-004
  5.6000000000000005E+000  5.7756821379105141E-012  4.0341669487639287E-013 -2.8322217629707413E-004 -1.0912632021630068E-012  2.3732335195858846E-014  1.8727790834425939E-004  6.5445322252463256E-001  1.6806541953457944E-003 -1.6673692983367001E-012  3.6265834015507786E-014  2.8614916670775684E-004
  5.6799999999999997E+000  5.8617854837059213E-012  4.0104239574756282E-013 -2.9843883706695025E-004 -1.0602841201346674E-012  3.6080696995533410E-014  1.9311695976321168E-004  6.4507035132034440E-001  1.7513999185240633E-003 -1.6436007182983481E-012  5.5935151399598566E-014  2.9936302524701886E-004
  5.7599999999999998E+000  5.9453275971320609E-012  3.9764378335710753E-013 -3.1412088985918800E-004 -1.0273384915641846E-012  4.9243579422212057E-014  1.9890621310007540E-004  6.3559088283749621E-001  1.8249950988990058E-003 -1.6162829138650317E-012  7.7478023604973665E-014  3.1293622171150000E-004
  5.8399999999999999E+000  6.0261596423561908E-012  3.9316342304000889E-013 -3.3026383116296231E-004 -9.9265718685929139E-013  6.3017765492736163E-014  2.0463258925569152E-004  6.2601864771369053E-001  1.9015721355246139E-003 -1.5856010225966118E-012  1.0066438841187596E-013  3.2686847561000506E-004
  5.9199999999999999E+000  6.1041527470295475E-012  3.8756094087826974E-013 -3.4686210414009864E-004 -9.5650173128188523E-013  7.7188854460729821E-014  2.1028285606572330E-004  6.1635768849138350E-001  1.9812706613669714E-003 -1.5517985296176086E-012  1.2523268268868349E-013  3.4115910609009196E-004
  6.0000000000000000E+000  6.1791999193612924E-012  3.8081320632629212E-013 -3.6390908813347804E-004 -9.1915440012112955E-013  9.1542558790221924E-014  2.1584367341229689E-004  6.0661226252560285E-001  2.0642379601795353E-003 -1.5151661634896013E-012  1.5090543405237929E-013  3.5580702377220315E-004
  6.0800000000000001E+000  6.2512174510489283E-012  3.7291413147183423E-013 -3.8139709188606615E-004 -8.8091128006301022E-013  1.0586804964784539E-013  2.2130164084957683E-004  5.9678684480999922E-001  2.1506294023153007E-003 -1.4760347559066930E-012  1.7739307142759227E-013  3.7081072291805838E-004
  6.1600000000000001E+000  6.3201457241713741E-012  3.6387431838263685E-013 -3.9931735066941034E-004 -8.4207214478939353E-013  1.1996407451184851E-013  2.2664334767601407E-004  5.8688613069128592E-001  2.2406088991353749E-003 -1.4347620305213777E-012  2.0440285698518376E-013  3.8616827395062851E-004
  6.2400000000000002E+000  6.3859489942152312E-012  3.5371987954993847E-013 -4.1766002751422840E-004 -8.0292686092099612E-013  1.3365259849104551E-013  2.3185542537029416E-004  5.7691503844329506E-001  2.3343493753010419E-003 -1.3917120783147689E-012  2.3166176004738687E-013  4.0187731634348393E-004
  6.3200000000000003E+000  6.4486140219187335E-012  3.4248990262406957E-013 -4.3641421872865741E-004 -7.6374317783672074E-013  1.4679231507575043E-013  2.3692460230198483E-004  5.6687871169485238E-001  2.4320332575551232E-003 -1.3472351095186943E-012  2.5894152352078935E-013  4.1793505189751214E-004
  6.4000000000000004E+000  6.5081479026691065E-012  3.3023310913781840E-013 -4.5556796388254597E-004 -7.2475938977035076E-013  1.5928029133474093E-013  2.4183776062427316E-004  5.5678252172349807E-001  2.5338529777865692E-003 -1.3016536950499708E-012  2.8606523426188783E-013  4.3433823842264446E-004
  6.4800000000000004E+000  6.5645755242819896E-012  3.1700505601051102E-013 -4.7510826042854111E-004 -6.8618211181318848E-013  1.7103943448763545E-013  2.4658199524503764E-004  5.4663206962378308E-001  2.6400114873749740E-003 -1.2552567436569092E-012  3.1288886439455662E-013  4.5108318384150069E-004
  6.5600000000000005E+000  6.6179370405592167E-012  3.0286679961979673E-013 -4.9502108312175200E-004 -6.4818683377947638E-013  1.8200259832754013E-013  2.5114467474819988E-004  5.3643318832956854E-001  2.7507227791197476E-003 -1.2082978531790932E-012  3.3927461266594121E-013  4.6816574073127464E-004
  6.6400000000000006E+000  6.6682854176867058E-012  2.8788464027810460E-013 -5.1529140838825309E-004 -6.1091985386808930E-013  1.9210802063672284E-013  2.5551350410378732E-004  5.2619194443605555E-001  2.8662124123006267E-003 -1.1609960094060296E-012  3.6508274449997419E-013  4.8558130132017916E-004
  6.7199999999999998E+000  6.7156842171781110E-012  2.7212951631792108E-013 -5.3590324377835797E-004 -5.7450207089752850E-013  2.0131092104246306E-013  2.5967658897715798E-004  5.1591463975881557E-001  2.9867180352479571E-003 -1.1135398653126956E-012  3.9019375359172648E-013  5.0332479295523000E-004
  6.7999999999999998E+000  6.7602057490303104E-012  2.5567489291131051E-013 -5.5683966262459837E-004 -5.3903305759790971E-013  2.0960102100908033E-013  2.6362250143863349E-004  5.0560781259723397E-001  3.1124898979298468E-003 -1.0660929984161065E-012  4.1454491146692167E-013  5.2139067405830672E-004
  6.8799999999999999E+000  6.8019295063937765E-012  2.3859335295646822E-013 -5.7808284400853933E-004 -5.0459241631880486E-013  2.1701004397506373E-013  2.6734034688595179E-004  4.9527823872570720E-001  3.2437913444179687E-003 -1.0187942587540183E-012  4.3815121184853140E-013  5.3977293058622927E-004
  6.9600000000000000E+000  6.8409405356413191E-012  2.2095328587530031E-013 -5.9961411812635066E-004 -4.7123485482898265E-013  2.2360257258466119E-013  2.7081983200874656E-004  4.8493293218028150E-001  3.3808992719381249E-003 -9.7174514113203051E-013  4.6109481948232218E-013  5.5846507300741897E-004
  7.0400000000000000E+000  6.8773270831664138E-012  2.0281694134292243E-013 -6.2141401712993878E-004 -4.3898019552817268E-013  2.2945845961862982E-013  2.7405133362195172E-004  4.7457914590397710E-001  3.5241045399777150E-003 -9.2498482845603423E-013  4.8349546278408496E-013  5.7746013380295669E-004
  7.1200000000000001E+000  6.9111773669258268E-012  1.8423993233631954E-013 -6.4346233150586294E-004 -4.0780576365241490E-013  2.3466113010439896E-013  2.7702596815403792E-004  4.6422437224664442E-001  3.6737123099519113E-003 -8.7846699355023394E-013  5.0548956666221083E-013  5.9675066549488322E-004
  7.2000000000000002E+000  6.9425760053508002E-012  1.6527116052621860E-013 -6.6573817203458485E-004 -3.7764958374767153E-013  2.3929869347219020E-013  2.7973566149643790E-004  4.5387634320908860E-001  3.8300422931562398E-003 -8.3205722675698777E-013  5.2723465076450424E-013  6.1632873920113138E-004
  7.2800000000000002E+000  6.9716013003254542E-012  1.4595214138076911E-013 -6.8822003734529300E-004 -3.4842677209528270E-013  2.4347077737787619E-013  2.8217321882419405E-004  4.4354303022262903E-001  3.9934288816827253E-003 -7.8555981422463132E-013  5.4892710455116662E-013  6.3618594371561471E-004
  7.3600000000000003E+000  6.9983242888860454E-012  1.2631583614575840E-013 -7.1088588704645590E-004 -3.2005157936933191E-013  2.4728762864368273E-013  2.8433239391628944E-004  4.3323264320811200E-001  4.1642211329503019E-003 -7.3876140970149126E-013  5.7080458162478872E-013  6.5631338511360166E-004
  7.4400000000000004E+000  7.0228095530245473E-012  1.0638612079777987E-013 -7.3371322037189932E-004 -2.9245269468733111E-013  2.5085572652227527E-013  2.8620795745696719E-004  4.2295362867079334E-001  4.3427825730639720E-003 -6.9146523850431082E-013  5.9311683851673482E-013  6.7670168688535668E-004
  7.5200000000000005E+000  7.0451167200360184E-012  8.6178919902194359E-014 -7.5667916023957065E-004 -2.6557447395041828E-013  2.5425749786985608E-013  2.8779576378405806E-004  4.1271466663901540E-001  4.5294907772941411E-003 -6.4349646783262188E-013  6.1607789901468596E-013  6.9734099060362589E-004
  7.6000000000000005E+000  7.0653014688566142E-012  6.5704921138602903E-014 -7.7976054257734861E-004 -2.3936809612148676E-013  2.5754003126364474E-013  2.8909281554806085E-004  4.0252466630803185E-001  4.7247366778654966E-003 -5.9468351912881586E-013  6.3983321741330930E-013  7.1822095713196688E-004
  7.6799999999999997E+000  7.0834156154154562E-012  4.4972514900011203E-014 -8.0293401072726038E-004 -2.1378380832330064E-013  2.6072111556038476E-013  2.9009732573283156E-004  3.9239276027657255E-001  4.9289235403958756E-003 -5.4483934401705307E-013  6.6446576688167463E-013  7.3933076838121820E-004
  7.7599999999999998E+000  7.0995068781883423E-012  2.3989542648941342E-014 -8.2617611469460166E-004 -1.8877382913622497E-013  2.6380647126149840E-013  2.9080877645870678E-004  3.8232829726638906E-001  5.1424655407887390E-003 -4.9376765977081247E-013  6.9003232591300269E-013  7.6065912962121763E-004
  7.8399999999999999E+000  7.1136194280772522E-012  2.7634794981714557E-015 -8.4946341496065347E-004 -1.6430476180849330E-013  2.6680375838001313E-013  2.9122797395180508E-004  3.7234083320968442E-001  5.3657858640157822E-003 -4.4129574314588640E-013  7.1659702463412292E-013  7.8219427235476542E-004
  7.9199999999999999E+000  7.1257956400777013E-012 -1.8699058691860761E-014 -8.7277259052689047E-004 -1.4036921319268166E-013  2.6972257044892927E-013  2.9135709903550859E-004  3.6244012059730379E-001  5.5993142346817014E-003 -3.8731049967848794E-013  7.4423184585746072E-013  8.0392395776072035E-004
  8.0000000000000000E+000  7.1360785021880813E-012 -4.0392131773657233E-014 -8.9608055080633484E-004 -1.1698671772385056E-013  2.7256252611764586E-013  2.9119975249072594E-004  3.5263609600340257E-001  5.8434837765066194E-003 -3.3177026064815613E-013  7.7298354181625775E-013  8.2583548071244112E-004
  8.0800000000000001E+000  7.1445135149135174E-012 -6.2309062870684102E-014 -9.1936455092540663E-004 -9.4192653983451960E-014  2.7530136699865349E-013  2.9076099463147060E-004  3.4293886572464299E-001  6.0987270843461065E-003 -2.7468351207517829E-013  8.0283493760366611E-013  8.4791567437605497E-004
  8.1600000000000001E+000  7.1511493268254336E-012 -8.4440350493441790E-014 -9.4260230994737014E-004 -7.2024190133550335E-014  2.7789335236420291E-013  2.9004737843642964E-004  3.3335868947889413E-001  6.3654713788650532E-003 -2.1607482500249456E-013  8.3369048794339116E-013  8.7015091539035345E-004
  8.2400000000000002E+000  7.1560373853348854E-012 -1.0677199924895657E-013 -9.6577213147523537E-004 -5.0514313029509510E-014  2.8027863139318268E-013  2.8906697555591533E-004  3.2390596209431821E-001  6.6441326014440825E-003 -1.5596948029418406E-013  8.6539342438915041E-013  8.9252712962728476E-004
  8.3200000000000003E+000  7.1592316169101551E-012 -1.2928493151635102E-013 -9.8885302603631659E-004 -2.9697487595994480E-014  2.8239520899913431E-013  2.8782939448014373E-004  3.1459119309469391E-001  6.9351082962365238E-003 -9.4412093241084204E-014  8.9775465172190826E-013  9.1502979853002686E-004
  8.4000000000000004E+000  7.1607889833502445E-012 -1.5195523268881806E-013 -1.0118248345920584E-003 -9.6204102069181678E-015  2.8418503349119733E-013  2.8634579012735013E-004  3.0542498407250435E-001  7.2387691182952320E-003 -3.1505122434253398E-014  9.3056818154772373E-013  9.3764396602504993E-004
  8.4800000000000004E+000  7.1607708825432620E-012 -1.7475453687494260E-013 -1.0346683524566926E-003  9.6527876753813315E-015  2.8559293389108710E-013  2.8462886410729498E-004  2.9641800375003474E-001  7.5554488025009001E-003  3.2564526363209946E-014  9.6360574927411947E-013  9.6035424600521497E-004
  8.5600000000000005E+000  7.1592445373221835E-012 -1.9765010211139200E-013 -1.0573654528492256E-003  2.8046781644402409E-014  2.8656381323107511E-013  2.8269285494272249E-004  2.8758096065928435E-001  7.8854324294568932E-003  9.7534264695712706E-014  9.9660475527219652E-013  9.8314483038204723E-004
  8.6400000000000006E+000  7.1562833974801577E-012 -2.2060474699191462E-013 -1.0798992092475282E-003  4.5489238156721433E-014  2.8704455545231199E-013  2.8055351758422657E-004  2.7892457341536914E-001  8.2289428341000767E-003  1.6310549090697758E-013  1.0292712374578243E-012  1.0059994977060611E-003
  8.7200000000000006E+000  7.1519662592171081E-012 -2.4357723098376192E-013 -1.1022540156627018E-003  6.1923693673394224E-014  2.8699148839207453E-013  2.7822809162126428E-004  2.7045953860085814E-001  8.5861250239407990E-003  2.2898684747769833E-013  1.0613044066964534E-012  1.0289016223539468E-003
  8.8000000000000007E+000  7.1463756064924146E-012 -2.6652338513464654E-013 -1.1244157039069305E-003  7.7314043836000442E-014  2.8637836514265935E-013  2.7573525766567004E-004  2.6219649631593844E-001  8.9570285104301588E-003  2.9491441465240314E-013  1.0924283571065446E-012  1.0518341842805684E-003
  8.8800000000000008E+000  7.1395960122033480E-012 -2.8939776940658742E-013 -1.1463716568892090E-003  9.1640638390249263E-014  2.8519937217051727E-013  2.7309508146576214E-004  2.5414599348336175E-001  9.3415875131463849E-003  3.6064305373763631E-013  1.1224106281830185E-012  1.0747797793322438E-003
  8.9600000000000009E+000  7.1317131043499747E-012 -3.1215528468192930E-013 -1.1681109169414524E-003  1.0489401192828821E-013  2.8346608887765913E-013  2.7032894540171559E-004  2.4631844502981373E-001  9.7395990768107139E-003  4.2592650751473976E-013  1.1510598038817391E-012  1.0977206301157848E-003
  9.0400000000000009E+000  7.1228129702948219E-012 -3.3475234362701288E-013 -1.1896242881534835E-003  1.1707237095288232E-013  2.8120170323150266E-013  2.6745946712155449E-004  2.3872409310253842E-001  1.0150699249903923E-002  4.9050940989069780E-013  1.1782108334657559E-012  1.1206385974151577E-003
  9.1200000000000010E+000  7.1129815249975135E-012 -3.5714755719896973E-013 -1.2109044316809012E-003  1.2818415092073779E-013  2.7843701194870706E-013  2.6451040520105237E-004  2.3137296451695333E-001  1.0574337615165323E-002  5.5413989056154402E-013  1.2037148600525837E-012  1.1435151921442637E-003
  9.2000000000000011E+000  7.1023035061475039E-012 -3.7930226553880601E-013 -1.2319459529856519E-003  1.3825238986069785E-013  2.7520968743180073E-013  2.6150655184362993E-004  2.2427482666504309E-001  1.1009750639688631E-002  6.1659306280682509E-013  1.2274413203925656E-012  1.1663315878202535E-003
  9.2799999999999994E+000  7.0908611426198019E-012 -4.0118110718805785E-013 -1.2527454799758819E-003  1.4731657061943127E-013  2.7156499367486410E-013  2.5847361277719802E-004  2.1743914214611956E-001  1.1455934526634799E-002  6.7768754812611796E-013  1.2492869650896255E-012  1.1890686335372525E-003
  9.3599999999999994E+000  7.0787328548483949E-012 -4.2275266452678426E-013 -1.2733017310300036E-003  1.5543035797084009E-013  2.6755583515723330E-013  2.5543807465251044E-004  2.1087502240977954E-001  1.1911618499483344E-002  7.3728547247443876E-013  1.2691831753797840E-012  1.2117068674157789E-003
  9.4399999999999995E+000  7.0659922853444675E-012 -4.4399004081321518E-013 -1.2936155719202836E-003  1.6265727419741436E-013  2.6324179813368170E-013  2.5242706040403469E-004  2.0459118073040042E-001  1.2375239725749740E-002  7.9528179442010379E-013  1.2870993199716689E-012  1.2342265304988004E-003
  9.5199999999999996E+000  7.0527076909768086E-012 -4.6487135222817334E-013 -1.3136900606946491E-003  1.6906743989430229E-013  2.5868863064113539E-013  2.4946817320273365E-004  1.9859588486417781E-001  1.2844921376420645E-002  8.5159630956530235E-013  1.3030482330583022E-012  1.2566075810614950E-003
  9.5999999999999996E+000  7.0389414949613791E-012 -4.8538022171579684E-013 -1.3335304796327210E-003  1.7473685558062380E-013  2.5396883595749997E-013  2.4658932980832883E-004  1.9289690977256388E-001  1.3318455598474374E-002  9.0617674529077022E-013  1.3170975535961056E-012  1.2788297092983327E-003
  9.6799999999999997E+000  7.0247497940839088E-012 -5.0550636598137333E-013 -1.3531443534639817E-003  1.7974829921758705E-013  2.4916204297908674E-013  2.4381858431416902E-004  1.8750149082963538E-001  1.3793293420451111E-002  9.5901047449613901E-013  1.3293806928029480E-012  1.3008723523481099E-003
  9.7599999999999998E+000  7.0101817670865652E-012 -5.2524614859245072E-013 -1.3725414531229880E-003  1.8419194023360347E-013  2.4435273368585341E-013  2.4118394346541128E-004  1.8241627796106957E-001  1.4266543776508378E-002  1.0101359935965853E-012  1.3400936858056987E-012  1.3227147096150254E-003
  9.8399999999999999E+000  6.9952790836465322E-012 -5.4460280337110988E-013 -1.3917337844184475E-003  1.8816441559444168E-013  2.3962474671046942E-013  2.3871317491576204E-004  1.7764729118895564E-001  1.4734983876908640E-002  1.0596465915332548E-012  1.3494715608615824E-012  1.3443357583419083E-003
  9.9199999999999999E+000  6.9800754605914545E-012 -5.6358610806612582E-013 -1.4107355611095100E-003  1.9176633194350532E-013  2.3505491444293558E-013  2.3643360996595169E-004  1.7319987807742845E-001  1.5195083023572619E-002  1.1076840765192589E-012  1.3577541839881118E-012  1.3657142693903311E-003
  1.0000000000000000E+001  6.9645964705355713E-012 -5.8221158968197958E-013 -1.4295631620129998E-003  1.9509899605421547E-013  2.3070940130962688E-013  2.3437194249319008E-004  1.6907867358814538E-001  1.5643041622275072E-002  1.1544253765858029E-012  1.3651617121641128E-012  1.3868288231816469E-003
  1.0080000000000000E+001  6.9488596212227800E-012 -6.0049961227566613E-013 -1.4482350719084204E-003  1.9826092028878165E-013  2.2664450006266479E-013  2.3255402593105439E-004  1.6528756286123550E-001  1.6074846543953011E-002  1.2000643505547897E-012  1.3718931960742137E-012  1.4076578257529240E-003
  1.0160000000000000E+001  6.9328747232893663E-012 -6.1847470969200594E-013 -1.4667718061619685E-003  2.0134454768414392E-013  2.2291011390708051E-013  2.3100467028738103E-004  1.6182964743401571E-001  1.6486343124283837E-002  1.2447914233690250E-012  1.3781419416373653E-012  1.4281795248822916E-003
  1.0240000000000000E+001  6.9166444935933170E-012 -6.3616523050079901E-013 -1.4851958191544013E-003  2.0443386970363078E-013  2.1955220136732482E-013  2.2974744128900033E-004  1.5870721539686644E-001  1.6873322983118458E-002  1.2887757572207199E-012  1.3841066731933420E-012  1.4483720262392522E-003
  1.0320000000000000E+001  6.9001653041367854E-012 -6.5360306191077792E-013 -1.5035313967682086E-003  2.0760375234633859E-013  2.1661190022508820E-013  2.2880446381164750E-004  1.5592171596100279E-001  1.7231625554317342E-002  1.3321564609908603E-012  1.3899827132771352E-012  1.4682133095169979E-003
  1.0400000000000000E+001  6.8834278932179028E-012 -6.7082313453681312E-013 -1.5218045333642649E-003  2.1092143530547923E-013  2.1412237238302966E-013  2.2819623178600967E-004  1.5347373887670718E-001  1.7557249846256340E-002  1.3750476872442420E-012  1.3959372323312929E-012  1.4876812445055944E-003
  1.0480000000000000E+001  6.8664178744879087E-012 -6.8786264149206266E-013 -1.5400427938539701E-003  2.1444936816867136E-013  2.1210685699563884E-013  2.2794142676447343E-004  1.5136299909305470E-001  1.7846471646876760E-002  1.4175538999644639E-012  1.4020904294659324E-012  1.5067536070669952E-003
  1.0560000000000000E+001  6.8491159943109154E-012 -7.0476023165611534E-013 -1.5582751616465807E-003  2.1824751148869373E-013  2.1058043485581418E-013  2.2805674728475060E-004  1.4958832699130956E-001  1.8095960312497480E-002  1.4597834302333018E-012  1.4085210185317721E-012  1.5254080949751486E-003
  1.0640000000000001E+001  6.8314982726497177E-012 -7.2155551106899293E-013 -1.5765318734195302E-003  2.2237339255081665E-013  2.0955447879874337E-013  2.2855675107569441E-004  1.4814766445563401E-001  1.8302888605694220E-002  1.5018479639853366E-012  1.4152917044718857E-012  1.5436223435868772E-003
  1.0720000000000001E+001  6.8135362515027847E-012 -7.3828894826391428E-013 -1.5948442418186918E-003  2.2687991336060720E-013  2.0904006927548373E-013  2.2945371201806914E-004  1.4703806696765617E-001  1.8465028915427357E-002  1.5438465513309693E-012  1.4224702052890643E-012  1.5613739413116510E-003
  1.0800000000000001E+001  6.7951974865120205E-012 -7.5500192215307033E-013 -1.6132444673424213E-003  2.3181254336448037E-013  2.0904709561328122E-013  2.3075749359975363E-004  1.4625571182709241E-001  1.8580829685452310E-002  1.5858447206162753E-012  1.4301220461872048E-012  1.5786404448508238E-003
  1.0880000000000001E+001  6.7764462445644679E-012 -7.7173648356203927E-013 -1.6317654407946524E-003  2.3720801206263978E-013  2.0957919462187251E-013  2.3247544039319972E-004  1.4579591251071877E-001  1.8649466996988138E-002  1.6278638406930784E-012  1.4382745252186450E-012  1.5953993941794048E-003
  1.0960000000000001E+001  6.7572442045819982E-012 -7.8853459329256993E-013 -1.6504405378053332E-003  2.4309530562315397E-013  2.1062822614567362E-013  2.3461228883685698E-004  1.4565313908843294E-001  1.8670867909899823E-002  1.6698872793479128E-012  1.4468773361253828E-012  1.6116283272462498E-003
  1.1040000000000001E+001  6.7375509956647632E-012 -8.0543699974534705E-013 -1.6693034070085495E-003  2.4949749859328977E-013  2.1217255243831824E-013  2.3717009832745136E-004  1.4582104452070635E-001  1.8645704191248936E-002  1.7118736214732756E-012  1.4557907404864490E-012  1.6273047943719044E-003
  1.1120000000000001E+001  6.7173246048070718E-012 -8.2248220168270085E-013 -1.6883877535377255E-003  2.5643211932612176E-013  2.1418052581558807E-013  2.4014820333437075E-004  1.4629249656977530E-001  1.8575357220834143E-002  1.7537607308604050E-012  1.4648119770356687E-012  1.6424063723274249E-003
  1.1200000000000001E+001  6.6965218565725838E-012 -8.3970588387584114E-013 -1.7077271195420488E-003  2.6390899237540077E-013  2.1661668093581946E-013  2.4354318694073414E-004  1.4705961497114295E-001  1.8461856909755246E-002  1.7954531482463785E-012  1.4737219043302509E-012  1.6569106780822170E-003
  1.1279999999999999E+001  6.6750991660270077E-012 -8.5714087063243196E-013 -1.7273546634482429E-003  2.7192691286005204E-013  2.1944624137884865E-013  2.4734887590688364E-004  1.4811381343497745E-001  1.8307799171351283E-002  1.8368025457389821E-012  1.4823199719327954E-012  1.6707953822139110E-003
  1.1359999999999999E+001  6.6530135505149754E-012 -8.7481728249645693E-013 -1.7473029396871502E-003  2.8047199187196665E-013  2.2263529700384260E-013  2.5155635704843596E-004  1.4944584598051028E-001  1.8116247673716019E-002  1.8776011003236153E-012  1.4904285287697146E-012  1.6840382219780198E-003
  1.1440000000000000E+001  6.6302236473274930E-012 -8.9276251815304678E-013 -1.7676036805759927E-003  2.8951968203215357E-013  2.2614767802269494E-013  2.5615401442869958E-004  1.5104585705102747E-001  1.7890626190829834E-002  1.9176008042870181E-012  1.4978741125925535E-012  1.6966170140392237E-003
  1.1520000000000000E+001  6.6066904013898309E-012 -9.1100091098008812E-013 -1.7882875819957421E-003  2.9903981021224865E-013  2.2994187658154676E-013  2.6112758658868620E-004  1.5290343481269544E-001  1.7634607854411854E-002  1.9565522466471129E-012  1.5044694565988899E-012  1.7085096668694581E-003
  1.1600000000000000E+001  6.5823772776935332E-012 -9.2955321840609426E-013 -1.8093840944301825E-003  3.0900141608893554E-013  2.3397081045545467E-013  2.6646024278258049E-004  1.5500766700776172E-001  1.7352007067332160E-002  1.9942395621992180E-012  1.5100148836059014E-012  1.7196941928207170E-003
  1.1680000000000000E+001  6.5572501748156012E-012 -9.4843624065296086E-013 -1.8309212208409550E-003  3.1937424495027937E-013  2.3818444174728344E-013  2.7213267695821265E-004  1.5734719871244376E-001  1.7046678902779978E-002  2.0304905375451969E-012  1.5143177650399056E-012  1.7301487198828265E-003
  1.1760000000000000E+001  6.5312773985014885E-012 -9.6766272908565961E-013 -1.8529253227434965E-003  3.3012625324347977E-013  2.4253267310762801E-013  2.7812321802637296E-004  1.5991029134279855E-001  1.6722429638603140E-002  2.0651595605385777E-012  1.5172118192029688E-012  1.7398515031385830E-003
  1.1840000000000000E+001  6.5044299742966444E-012 -9.8724146835018134E-013 -1.8754209357251747E-003  3.4121950869965373E-013  2.4696604045635027E-013  2.8440795480411568E-004  1.6268488225814698E-001  1.6382940819630428E-002  2.0981010886226048E-012  1.5185603995978616E-012  1.7487809359305986E-003
  1.1920000000000000E+001  6.4766822771095439E-012 -1.0071772955586757E-012 -1.8984305955121550E-003  3.5260786017844453E-013  2.5143401083191927E-013  2.9096087389722568E-004  1.6565864433033467E-001  1.6031708036440159E-002  2.1291557969026620E-012  1.5182441307467167E-012  1.7569155607559432E-003
  1.2000000000000000E+001  6.4480127166680933E-012 -1.0274709100832884E-012 -1.9219746755487308E-003  3.6423807734837704E-013  2.5588299238508527E-013  2.9775400870596922E-004  1.6881904487691571E-001  1.5671994555842977E-002  2.1581585542803322E-012  1.5161474200634750E-012  1.7642340799062480E-003
  1.2080000000000000E+001  6.4184041847338036E-012 -1.0481185743402893E-012 -1.9460712369051101E-003  3.7605320341346867E-013  2.6025637321204585E-013  3.0475759769520459E-004  1.7215340339575136E-001  1.5306799095744176E-002  2.1849583008345495E-012  1.5121578555896175E-012  1.7707153658723916E-003
  1.2160000000000000E+001  6.3878442041219383E-012 -1.0691119297972158E-012 -1.9707358911799635E-003  3.8799526945927977E-013  2.6449730747516101E-013  3.1194025006387572E-004  1.7564894758647170E-001  1.4938836427702456E-002  2.2094317148927063E-012  1.5061811150590165E-012  1.7763384715342898E-003
  1.2240000000000000E+001  6.3563249416203189E-012 -1.0904381435363151E-012 -1.9959816769153302E-003  4.0000558377916420E-013  2.6855287826030764E-013  3.1926911697791310E-004  1.7929286719913198E-001  1.4570529107659574E-002  2.2314812091138324E-012  1.4981615841806899E-012  1.7810826401575997E-003
  1.2320000000000000E+001  6.3238433107172720E-012 -1.1120803903188650E-012 -2.0218189498964296E-003  4.1202342610385239E-013  2.7237744200014883E-013  3.2671006659100638E-004  1.8307236531035662E-001  1.4204008451937733E-002  2.2510238696286939E-012  1.4880956078782190E-012  1.7849273152202470E-003
  1.2400000000000000E+001  6.2904011934437025E-012 -1.1340185342563389E-012 -2.0482552875698912E-003  4.2398575157303344E-013  2.7593398146022867E-013  3.3422786116473532E-004  1.8697470668998972E-001  1.3841122853431802E-002  2.2679867491266435E-012  1.4760319379146633E-012  1.7878521500926596E-003
  1.2480000000000000E+001  6.2560055904655867E-012 -1.1562298273525016E-012 -2.0752954076827873E-003  4.3582974165965767E-013  2.7919368222812421E-013  3.4178633470791824E-004  1.9098726298480134E-001  1.3483451630019851E-002  2.2823174484881247E-012  1.4620623197489091E-012  1.7898370175966291E-003
  1.2560000000000000E+001  6.2206684347781572E-012 -1.1786895234128387E-012 -2.1029411011231581E-003  4.4749751899317802E-013  2.8213439063713790E-013  3.4934856968070753E-004  1.9509755450882477E-001  1.3132322773515946E-002  2.2940043535286489E-012  1.4463072018776512E-012  1.7908620194691421E-003
  1.2640000000000001E+001  6.1844059874266782E-012 -1.2013713298544436E-012 -2.1311911788317005E-003  4.5894017079353977E-013  2.8473839834774024E-013  3.5687707144919727E-004  1.9929328849222752E-001  1.2788833188257444E-002  2.3030906889293003E-012  1.4288997165776330E-012  1.7909074957593633E-003
  1.2720000000000001E+001  6.1472380074511909E-012 -1.2242476671484772E-012 -2.1600414325550297E-003  4.7011866016143021E-013  2.8698980727989975E-013  3.6433393932947238E-004  2.0356239370238055E-001  1.2453870245981552E-002  2.3096712640340324E-012  1.4099696485710793E-012  1.7899540341888460E-003
  1.2800000000000001E+001  6.1091870018008494E-012 -1.2472896990192276E-012 -2.1894846091244161E-003  4.8100128152829539E-013  2.8887230891448515E-013  3.7168103322235662E-004  2.0789305141100017E-001  1.2128133717768557E-002  2.3138727860170474E-012  1.3896315319314448E-012  1.7879824795061898E-003
  1.2880000000000001E+001  6.0702778024066636E-012 -1.2704672365747948E-012 -2.2195103978706067E-003  4.9155955852993345E-013  2.9036892301098842E-013  3.7888013500491551E-004  2.1227372273778997E-001  1.1812157361042842E-002  2.3158291887820506E-012  1.3679836886069047E-012  1.7849739428669061E-003
  1.2960000000000001E+001  6.0305374724360600E-012 -1.2937487267009857E-012 -2.2501054307252025E-003  5.0176524052254085E-013  2.9146439639406699E-013  3.8589310400422385E-004  2.1669317245108283E-001  1.1506329632068485E-002  2.3156651627968532E-012  1.3451199239802394E-012  1.7809098112667200E-003
  1.3040000000000001E+001  5.9899953639230571E-012 -1.3171015399978455E-012 -2.2812532945112826E-003  5.1158953121171420E-013  2.9214928801850332E-013  3.9268202602571131E-004  2.2114048934747324E-001  1.1210913158441083E-002  2.3134919942567194E-012  1.3211476705504793E-012  1.7757717570520712E-003
  1.3120000000000001E+001  5.9486831474421857E-012 -1.3404926127839463E-012 -2.3129345548893163E-003  5.2100393343027013E-013  2.9242271159463131E-013  3.9920935553921101E-004  2.2560510336470777E-001  1.0926062741178612E-002  2.3094112986650512E-012  1.2961982044101321E-012  1.7695417475258799E-003
  1.3200000000000001E+001  5.9066347345742139E-012 -1.3638891738529865E-012 -2.3451267913975563E-003  5.2998156059095481E-013  2.9229116703247611E-013  4.0543805074019800E-004  2.3007679960585781E-001  1.0651841763600386E-002  2.3035205426047817E-012  1.2704187657757768E-012  1.7622020546605209E-003
  1.3280000000000001E+001  5.8638860977476330E-012 -1.3872591995091425E-012 -2.3778046430077480E-003  5.3849815959828527E-013  2.9176385136456348E-013  4.1133170130332891E-004  2.3454572946953120E-001  1.0388236966945151E-002  2.2959168658421619E-012  1.2439506840748377E-012  1.7537352649240291E-003
  1.3359999999999999E+001  5.8204750290384882E-012 -1.4105713900713167E-012 -2.4109398636060889E-003  5.4653295579668744E-013  2.9084765608265938E-013  4.1685464873181038E-004  2.3900241909184178E-001  1.0135171613971518E-002  2.2866998697642418E-012  1.2169087787668747E-012  1.7441242892201796E-003
  1.3440000000000000E+001  5.7764408248201630E-012 -1.4337948244823680E-012 -2.4445013868048377E-003  5.5406950281220728E-013  2.8954558505840930E-013  4.2197209928032425E-004  2.4343777531184577E-001  9.8925171051595390E-003  2.2759742724193295E-012  1.1893772295673140E-012  1.7333523729384549E-003
  1.3520000000000000E+001  5.7318239085885351E-012 -1.4568986836806622E-012 -2.4784553994909408E-003  5.6109591744722766E-013  2.8785918955621468E-013  4.2665022949119383E-004  2.4784308937346297E-001  9.6601031410287024E-003  2.2638499402800990E-012  1.1614222271492919E-012  1.7214031061063488E-003
  1.3600000000000000E+001  5.6866654780286066E-012 -1.4798522948113623E-012 -2.5127654235234287E-003  5.6760385064877791E-013  2.8579169253689268E-013  4.3085628443459867E-004  2.5221003857482588E-001  9.4377265415630882E-003  2.2504370348727994E-012  1.1331060995249657E-012  1.7082604336343817E-003
  1.3680000000000000E+001  5.6410072924847306E-012 -1.5026253544865650E-012 -2.5473924050004766E-003  5.7358616440882083E-013  2.8334745651396416E-013  4.3455866878681817E-004  2.5653068607191176E-001  9.2251588424493974E-003  2.2358367310830778E-012  1.1044857641963288E-012  1.6939086656439415E-003
  1.3760000000000000E+001  5.5948916917231952E-012 -1.5251878878535966E-012 -2.5822948105293196E-003  5.7903439280809848E-013  2.8052671679686465E-013  4.3772703091763711E-004  2.6079747903842299E-001  9.0221527900346370E-003  2.2201321200271458E-012  1.0755931737257625E-012  1.6783324878695382E-003
  1.3840000000000000E+001  5.5483617896354348E-012 -1.5475096291740634E-012 -2.6174287299472986E-003  5.8393734296753027E-013  2.7731949093178352E-013  4.4033234019069710E-004  2.6500324537910053E-001  8.8284478544459772E-003  2.2033843607665186E-012  1.0464145132292627E-012  1.6615169721297461E-003
  1.3920000000000000E+001  5.5014617168483904E-012 -1.5695590064026819E-012 -2.6527479849598311E-003  5.8828104665623869E-013  2.7370452520295528E-013  4.4234695770763144E-004  2.6914118918829621E-001  8.6437748747232850E-003  2.1856342352245912E-012  1.0168899927617632E-012  1.6434475868641544E-003
  1.4000000000000000E+001  5.4542368221704366E-012 -1.5913023532065362E-012 -2.6882042431805196E-003  5.9204895530703762E-013  2.6965596348013670E-013  4.4374470074600575E-004  2.7320488513896851E-001  8.4678599422800746E-003  2.1669044440550115E-012  9.8694180564859675E-013  1.6241102077363648E-003
  1.4080000000000000E+001  5.4067338839992644E-012 -1.6127039605595038E-012 -2.7237471370791921E-003  5.9522125287444806E-013  2.6515397014550671E-013  4.4450090115169853E-004  2.7718827197881524E-001  8.3004276204123352E-003  2.1471984758489312E-012  9.5651378386259917E-013  1.6034911283050548E-003
  1.4160000000000000E+001  5.3590014217105249E-012 -1.6337269884298173E-012 -2.7593243873647913E-003  5.9777349260530884E-013  2.6019168665825410E-013  4.4459245794873281E-004  2.8108564530019053E-001  8.1412035885361014E-003  2.1264971128216753E-012  9.2559459656748836E-013  1.5815770707663696E-003
  1.4240000000000000E+001  5.3110901251824149E-012 -1.6543346304248245E-012 -2.7948819303509893E-003  5.9967630442443260E-013  2.5477324885940184E-013  4.4399788442423850E-004  2.8489164973871561E-001  7.9899167908049195E-003  2.1047589024206110E-012  8.9420774841305662E-013  1.5583551967714810E-003
  1.4320000000000000E+001  5.2630532130026157E-012 -1.6744907082473216E-012 -2.8303640488726695E-003  6.0089784426078783E-013  2.4890416661144005E-013  4.4269734993483277E-004  2.8860127074274061E-001  7.8463011600189755E-003  2.0819300120904420E-012  8.6237604853340246E-013  1.5338131183230803E-003
  1.4400000000000000E+001  5.2149464701006889E-012 -1.6941592970826549E-012 -2.8657135063405626E-003  6.0140836715296670E-013  2.4258130009177278E-013  4.4067271666427483E-004  2.9220982604225409E-001  7.7100969794875150E-003  2.0579605301926410E-012  8.3008750370494986E-013  1.5079389087536894E-003
  1.4480000000000000E+001  5.1668278742581411E-012 -1.7133037162620052E-012 -2.9008716835389535E-003  6.0118393843162662E-013  2.3578966074586946E-013  4.3790757154104970E-004  2.9571295693118771E-001  7.5810519378803924E-003  2.0328166354018381E-012  7.9728675412305972E-013  1.4807211137869065E-003
  1.4560000000000000E+001  5.1187570399516286E-012 -1.7318856428019940E-012 -2.9357787177871305E-003  6.0020622931649154E-013  2.2850775441406568E-013  4.3438725350002474E-004  2.9910661946191702E-001  7.4589219251450017E-003  2.0064788526863150E-012  7.6389550724994669E-013  1.4521487626801561E-003
  1.4640000000000001E+001  5.0707948775675024E-012 -1.7498649569682557E-012 -2.9703736440989574E-003  5.9845802190638705E-013  2.2071651399017143E-013  4.3009887624627168E-004  3.0238707563568223E-001  7.3434716112762422E-003  1.9789263074298165E-012  7.2984328868953563E-013  1.4222113794446678E-003
  1.4720000000000001E+001  5.0230037564466067E-012 -1.7672002850404214E-012 -3.0045945379865340E-003  5.9591751275194892E-013  2.1240503334137003E-013  4.2503134665380948E-004  3.0555088465849162E-001  7.2344748440788531E-003  1.9501181016993148E-012  6.9508564788948576E-013  1.3908989941357583E-003
  1.4800000000000001E+001  4.9754480755271906E-012 -1.7838497623028749E-012 -3.0383786595635670E-003  5.9255595460600998E-013  2.0357001733590134E-013  4.1917537890879392E-004  3.0859489431934573E-001  7.1317148970181160E-003  1.9199866186340275E-012  6.5960092876470906E-013  1.3582021542044576E-003
  1.4880000000000001E+001  4.9281948037096451E-012 -1.7997714878141656E-012 -3.0716625986119410E-003  5.8834053131337120E-013  1.9421156103107782E-013  4.1252350448609941E-004  3.1151623253632521E-001  7.0349845937866190E-003  1.8884479132884543E-012  6.2337555832875292E-013  1.3241119359001239E-003
  1.4960000000000001E+001  4.8813135905170512E-012 -1.8149236120678474E-012 -3.1043824202813429E-003  5.8324050338197936E-013  1.8433070915435713E-013  4.0507007802991228E-004  3.1431229910590608E-001  6.9440863322908688E-003  1.8554218062014341E-012  5.8639592817789369E-013  1.2886199557127235E-003
  1.5040000000000001E+001  4.8348763231685284E-012 -1.8292644012788628E-012 -3.1364738110967270E-003  5.7723237671107370E-013  1.7393168626279172E-013  3.9681127919228556E-004  3.1698075768154982E-001  6.8588320273416875E-003  1.8208477815244297E-012  5.4865548931941428E-013  1.2517183818426196E-003
  1.5120000000000001E+001  4.7889564102432794E-012 -1.8427526818698940E-012 -3.1678722249521086E-003  5.7030106881532477E-013  1.6302698959515220E-013  3.8774511046946723E-004  3.1951952799924199E-001  6.7790429883636833E-003  1.7846876044863501E-012  5.1017048416598292E-013  1.2133999456849297E-003
  1.5200000000000001E+001  4.7436281521580764E-012 -1.8553487196140871E-012 -3.1985130287718417E-003  5.6243782542216093E-013  1.5164048363776137E-013  3.7787139106439159E-004  3.2192677836053840E-001  6.7045497458620403E-003  1.7469178392541243E-012  4.7098880685666268E-013  1.1736579533149045E-003
  1.5280000000000001E+001  4.6989663581757337E-012 -1.8670151592519359E-012 -3.2283316475224112E-003  5.5363814511986844E-013  1.3980516224768398E-013  3.6719174679557872E-004  3.2420091837809506E-001  6.6351918381460460E-003  1.7075228487211412E-012  4.3118216922360818E-013  1.1324862969606306E-003
  1.5359999999999999E+001  4.6550460489388975E-012 -1.8777175455737166E-012 -3.2572637082591343E-003  5.4390244700252378E-013  1.2755625690992511E-013  3.5570959606801369E-004  3.2634059198459281E-001  6.5708175678662701E-003  1.6664965850671381E-012  3.9082450476977031E-013  1.0898794664498440E-003
  1.5440000000000000E+001  4.6119419666553298E-012 -1.8874241603575239E-012 -3.2852451828932934E-003  5.3323892419184277E-013  1.1492362304524595E-013  3.4343013191920856E-004  3.2834467070267859E-001  6.5112837362590013E-003  1.6238510393874424E-012  3.4996911708025134E-013  1.0458325606186934E-003
  1.5520000000000000E+001  4.5697278210682027E-012 -1.8961053252609559E-012 -3.3122125293662077E-003  5.2166504551772728E-013  1.0192772783605159E-013  3.3036030015263346E-004  3.3021224717072312E-001  6.4564553615771092E-003  1.5796203803938310E-012  3.0863753965502151E-013  1.0003412986716110E-003
  1.5600000000000000E+001  4.5284755593724935E-012 -1.9037325968112921E-012 -3.3381028309177148E-003  5.0920528532231609E-013  8.8580849697967599E-014  3.1650877357033470E-004  3.3194262891571080E-001  6.4062053870182472E-003  1.5338537100868208E-012  2.6682433050189859E-013  9.5340203148254205E-004
  1.5680000000000000E+001  4.4882549754166321E-012 -1.9102782612126307E-012 -3.3628539331374612E-003  4.9588588484420949E-013  7.4892348998237972E-014  3.0188592231657652E-004  3.3353533236039296E-001  6.3604143825055507E-003  1.4865992716282241E-012  2.2451374212642832E-013  9.0501175282820933E-004
  1.5760000000000000E+001  4.4491338177974200E-012 -1.9157153726510102E-012 -3.3864045784883670E-003  4.8173011818658345E-013  6.0875274074117957E-014  2.8650378034560380E-004  3.3499007704719980E-001  6.3189702438968638E-003  1.4378906752351934E-012  1.8169977571830162E-013  8.5516811054353061E-004
  1.5840000000000000E+001  4.4111781565067787E-012 -1.9200183050644896E-012 -3.4086945379927579E-003  4.6675793058064179E-013  4.6551668166601381E-014  2.7037600803006242E-004  3.3630678005656284E-001  6.2817678925657580E-003  1.3877464602528936E-012  1.3840183177033694E-013  8.0386941758775140E-004
  1.5920000000000000E+001  4.3744525489045173E-012 -1.9231636395576664E-012 -3.4296647397731770E-003  4.5099033305419549E-013  3.1954844137474289E-014  2.5351785093326838E-004  3.3748555059339530E-001  6.2487089777603141E-003  1.3361836852071006E-012  9.4671106268963393E-014  7.5111466300753103E-004
  1.6000000000000000E+001  4.3390197032181075E-012 -1.9251310801264855E-012 -3.4492573941420808E-003  4.3445574219493449E-013  1.7127575072006580E-014  2.3594609477942390E-004  3.3852668471312014E-001  6.2197015836731508E-003  1.2832369261082077E-012  5.0584957882456198E-014  6.9690352278062035E-004
  1.6080000000000002E+001  4.3049396301533278E-012 -1.9259040515691875E-012 -3.4674161149378848E-003  4.1719458166926686E-013  2.1166774365139037E-015  2.1767901667059657E-004  3.3943066015838624E-001  6.1946599427220566E-003  1.2289718435247609E-012  6.2309286178788886E-015  6.4123637052145477E-004
  1.6160000000000000E+001  4.2722685701510248E-012 -1.9254697485163277E-012 -3.4840860368093762E-003  3.9925969306974682E-013 -1.3033675845660099E-014  1.9873633261704255E-004  3.4019813127925275E-001  6.1735041561400200E-003  1.1734863541241400E-012 -3.8312596167230544E-014  5.8411428802839741E-004
  1.6240000000000002E+001  4.2410580792621683E-012 -1.9238186634338819E-012 -3.4992139281566116E-003  3.8071348239754234E-013 -2.8286735851082100E-014  1.7913914146668833E-004  3.4082992401191409E-001  6.1561599226303216E-003  1.1169023989980694E-012 -8.2989859227825492E-014  5.2553907565164445E-004
  1.6320000000000000E+001  4.2113544129674180E-012 -1.9209438707801546E-012 -3.5127482994440464E-003  3.6162393112801113E-013 -4.3613799457217982E-014  1.5890986533875979E-004  3.4132703089365701E-001  6.1425582755530832E-003  1.0593546548090540E-012 -1.2776895896906604E-013  4.6551326246074088E-004
  1.6399999999999999E+001  4.1831982502816865E-012 -1.9168404555207270E-012 -3.5246395066108132E-003  3.4206064459146748E-013 -5.8991036004584001E-014  1.3807218668535548E-004  3.4169060609315910E-001  6.1326353289055816E-003  1.0009795665332638E-012 -1.7263210095291297E-013  4.0404011619082756E-004
  1.6480000000000000E+001  4.1566247098327832E-012 -1.9115053050194211E-012 -3.5348398493137033E-003  3.2209123809725086E-013 -7.4395752036576563E-014  1.1665098212304884E-004  3.4192196043607059E-001  6.1263320322127082E-003  9.4190548201383888E-013 -2.1756439328104867E-013  3.4112365294676971E-004
  1.6559999999999999E+001  4.1316636521861264E-012 -1.9049371351948747E-012 -3.5433036637505010E-003  3.0177778358915417E-013 -8.9805418585066708E-014  9.4672253195482664E-005  3.4202255640760848E-001  6.1235939343074440E-003  8.8224298135937786E-013 -2.6255082953128156E-013  2.7676864664413661E-004
  1.6640000000000001E+001  4.1083402644585185E-012 -1.8971364380458105E-012 -3.5499874098249805E-003  2.8117384092618381E-013 -1.0519975837876330E-013  7.2163054247071658E-005  3.4199400311610734E-001  6.1243709558630836E-003  8.2207685349650009E-013 -3.0758223978264844E-013  2.1098063816589368E-004
  1.6719999999999999E+001  4.0866758376379369E-012 -1.8881051738542726E-012 -3.5548497524300325E-003  2.6032365400297471E-013 -1.2056248309278227E-013  4.9151417606880707E-005  3.4183805120650101E-001  6.1286171703689007E-003  7.6146427218039041E-013 -3.5266023562136738E-013  1.4376594421413753E-004
  1.6800000000000001E+001  4.0666884798180426E-012 -1.8778464407509653E-012 -3.5578516366420814E-003  2.3926425216477605E-013 -1.3587886715050066E-013  2.5666276299028722E-005  3.4155658771814518E-001  6.1362905930790693E-003  7.0044131390705426E-013 -3.9779002419942233E-013  7.5131665837611497E-005
  1.6879999999999999E+001  4.0483935572915728E-012 -1.8663645551101925E-012 -3.5589563566378771E-003  2.1802960359373666E-013 -1.5112866462073823E-013  1.7373845099622007E-006  3.4115163088644207E-001  6.1473529773252312E-003  6.3903537367457366E-013 -4.4295958499744364E-013  5.0856966180481696E-006
  1.6960000000000001E+001  4.0318037432430447E-012 -1.8536658544116472E-012 -3.5581296181636753E-003  1.9665471541340935E-013 -1.6627887094385588E-013 -2.2604763946090594E-005  3.4062532489039676E-001  6.1617696175158667E-003  5.7727741433940761E-013 -4.8811822681546367E-013 -6.6363269498912744E-005
  1.7039999999999999E+001  4.0169288028254273E-012 -1.8397599357591756E-012 -3.5553395944065026E-003  1.7517788105467173E-013 -1.8128267944389752E-013 -4.7329018913494936E-005  3.3997993454803688E-001  6.1795091581602771E-003  5.1520885188244388E-013 -5.3317303855679379E-013 -1.3920573074017314E-004
  1.7120000000000001E+001  4.0037752822742972E-012 -1.8246606257006236E-012 -3.5505569751375162E-003  1.5364090844811924E-013 -1.9608737741645647E-013 -7.2403658675019222E-005  3.3921783995892707E-001  6.2005434083425796E-003  4.5288259286499204E-013 -5.7801144990916413E-013 -2.1343137041971843E-004
  1.7199999999999999E+001  3.9923462574737282E-012 -1.8083859553725425E-012 -3.5437550090184995E-003  1.3208831738819448E-013 -2.1064757038332742E-013 -9.7796475957215843E-005  3.3834153108986248E-001  6.2248471611777720E-003  3.9036108814031937E-013 -6.2253967869975179E-013 -2.8902905024217018E-004
  1.7280000000000001E+001  3.9826411514921861E-012 -1.7909570144392912E-012 -3.5349095389843616E-003  1.1056606775565252E-013 -2.2493539027523257E-013 -1.2347486488293398E-004  3.3735360229751155E-001  6.2523980178744911E-003  3.2771300710866209E-013 -6.6671282585783952E-013 -3.6598680400767527E-004
  1.7359999999999999E+001  3.9746556866328238E-012 -1.7723962929285053E-012 -3.5239990306372300E-003  8.9119347422118638E-014 -2.3894111644944641E-013 -1.4940590858148232E-004  3.3625674678175932E-001  6.2831762160680650E-003  2.6500708387102485E-013 -7.1053716285050506E-013 -4.4429183173252945E-004
  1.7440000000000001E+001  3.9683820559046471E-012 -1.7527264358073798E-012 -3.5110045936113245E-003  6.7788414929504937E-014 -2.5266456487590517E-013 -1.7555646715731847E-004  3.3505375096567835E-001  6.3171644620726849E-003  2.0230003719413929E-013 -7.5404517988394004E-013 -5.2393049420202428E-004
  1.7520000000000000E+001  3.9638095402441030E-012 -1.7319699625483605E-012 -3.4959099958920591E-003  4.6602743790061302E-014 -2.6610377361367690E-013 -2.0189326571110533E-004  3.3374748880148258E-001  6.3543477666556979E-003  1.3961910595097459E-013 -7.9726220957279940E-013 -6.0488830797362711E-004
  1.7600000000000001E+001  3.9609256168982373E-012 -1.7101498320291915E-012 -3.4787016710975476E-003  2.5576268124678159E-014 -2.7924870009817913E-013 -2.2838298210298483E-004  3.3234091600573401E-001  6.3947132838775133E-003  7.6947386039272771E-014 -8.4018741148973802E-013 -6.8714994084955654E-004
  1.7680000000000000E+001  3.9597173373441545E-012 -1.6872901705326518E-012 -3.4593687187555815E-003  4.7069485116186873E-015 -2.9208264656449699E-013 -2.5499233414719310E-004  3.3083706423041664E-001  6.4382501524943821E-003  1.4221680604399473E-014 -8.8279755465566212E-013 -7.7069920783813387E-004
  1.7760000000000002E+001  3.9601725051363783E-012 -1.6634166085788719E-012 -3.4379028976339967E-003 -1.6017779966358768E-014 -3.0458776804917516E-013 -2.8168816592904101E-004  3.2923903517928627E-001  6.4849493393863466E-003 -4.8652052117596716E-014 -9.2506318821435358E-013 -8.5551906762312575E-004
  1.7840000000000000E+001  3.9622801821387719E-012 -1.6385561276447838E-012 -3.4142986122069350E-003 -3.6611818310992088E-014 -3.1674848069827055E-013 -3.0843753293995991E-004  3.2754999468133139E-001  6.5348034844426896E-003 -1.1177155715886823E-013 -9.6695880768503504E-013 -9.4159161955977119E-004
  1.7920000000000002E+001  3.9660303960661371E-012 -1.6127368516671486E-012 -3.3885528923636031E-003 -5.7082029497263207E-014 -3.2854958273432326E-013 -3.3520778573343808E-004  3.2577316673504941E-001  6.5878067463170913E-003 -1.7521287947096067E-013 -1.0084571193019832E-012 -1.0288981012153827E-003
  1.8000000000000000E+001  3.9714133068583340E-012 -1.5859881944072921E-012 -3.3606653664895849E-003 -7.7424144346258136E-014 -3.3997171704165206E-013 -3.6196665181430123E-004  3.2391182753907705E-001  6.6439546484384189E-003 -2.3901729732602763E-013 -1.0495149382787379E-012 -1.1174188864713486E-003
  1.8080000000000002E+001  3.9784182591615384E-012 -1.5583413769404843E-012 -3.3306382280733149E-003 -9.7623576191885863E-014 -3.5098945583867060E-013 -3.8868231548553234E-004  3.2196929952561559E-001  6.7032439246570595E-003 -3.0319292651943124E-013 -1.0900667299748277E-012 -1.2071334842021239E-003
  1.8160000000000000E+001  3.9870330790490358E-012 -1.5298298814731048E-012 -3.2984761960118997E-003 -1.1765873739208928E-013 -3.6157554823994390E-013 -4.1532349538952464E-004  3.1994894541335184E-001  6.7656723639136409E-003 -3.6772405915017438E-013 -1.1300371146017594E-012 -1.2980205375455356E-003
  1.8240000000000002E+001  3.9972436571442726E-012 -1.5004892892220933E-012 -3.2641864688109910E-003 -1.3750360501020836E-013 -3.7170957180781151E-013 -4.4185951949403282E-004  3.1785416229579594E-001  6.8312386533515498E-003 -4.3257839108826329E-013 -1.1693676406118540E-012 -1.3900578237776480E-003
  1.8320000000000000E+001  4.0090336558506691E-012 -1.4703563499838550E-012 -3.2277786728928544E-003 -1.5712872085736764E-013 -3.8138508476816807E-013 -4.6826039728596744E-004  3.1568837577930020E-001  6.8999422193555060E-003 -4.9770951991126013E-013 -1.2080398877615631E-012 -1.4832222548046986E-003
  1.8400000000000002E+001  4.0223842524814515E-012 -1.4394676756591864E-012 -3.1892648052452362E-003 -1.7650209201328271E-013 -3.9061025261263637E-013 -4.9449688894977379E-004  3.1345503418422194E-001  6.9717830660342593E-003 -5.6305919269130087E-013 -1.2460788218337675E-012 -1.5774898782842412E-003
  1.8480000000000000E+001  4.0372739905727943E-012 -1.4078587095658331E-012 -3.1486591706608906E-003 -1.9559188078753702E-013 -3.9940116794188060E-013 -5.2054057132214161E-004  3.1115760282191302E-001  7.0467616107011870E-003 -6.2856537537556158E-013 -1.2835329708342839E-012 -1.6728358793874564E-003
  1.8559999999999999E+001  4.0536789534074574E-012 -1.3755634887884855E-012 -3.1059783138336935E-003 -2.1437085840401438E-013 -4.0777176388743720E-013 -5.4636390043183295E-004  3.0879955836062173E-001  7.1248785159037636E-003 -6.9417637557364077E-013 -1.3204428142643736E-012 -1.7692345832143843E-003
  1.8640000000000001E+001  4.0715733279174366E-012 -1.3426152273438432E-012 -3.0612409465917974E-003 -2.3281977584586516E-013 -4.1572578208783710E-013 -5.7194027045224562E-004  3.0638438329356671E-001  7.2061345175539341E-003 -7.5986210055653691E-013 -1.3568144475488061E-012 -1.8666594578734281E-003
  1.8719999999999999E+001  4.0909301175427958E-012 -1.3090473636544316E-012 -3.0144678705613342E-003 -2.5092675344789798E-013 -4.2325401921146110E-013 -5.9724406891335715E-004  3.0391556052231833E-001  7.2905302487194417E-003 -8.2561281683901312E-013 -1.3926092943827666E-012 -1.9650831182359630E-003
  1.8800000000000001E+001  4.1117216084691003E-012 -1.2748945842700094E-012 -2.9656818955656602E-003 -2.6868193240303194E-013 -4.3033687437790482E-013 -6.2225072803652926E-004  3.0139656806636711E-001  7.3780660587161751E-003 -8.9142220736228642E-013 -1.4277507877161497E-012 -2.0644773303765203E-003
  1.8879999999999999E+001  4.1339192267272809E-012 -1.2401934637539668E-012 -2.9149077540754896E-003 -2.8606978527114275E-013 -4.3694957969655933E-013 -6.4693677206982059E-004  2.9883087390764596E-001  7.4687418272257264E-003 -9.5726179855291086E-013 -1.4621402612059680E-012 -2.1648130167090936E-003
  1.8960000000000001E+001  4.1574927741124831E-012 -1.2049826515185599E-012 -2.8621720120344889E-003 -3.0306301170650281E-013 -4.4306725714316849E-013 -6.7127986051593780E-004  2.9622193097681943E-001  7.5625567732507662E-003 -1.0230594031360012E-012 -1.4956730258966716E-012 -2.2660602618306642E-003
  1.9039999999999999E+001  4.1824093086003214E-012 -1.1693027026110598E-012 -2.8075029763929395E-003 -3.1962084061235701E-013 -4.4866836268819617E-013 -6.9525882716205275E-004  2.9357317228818020E-001  7.6595092587477230E-003 -1.0886913648220350E-012 -1.5282498029011625E-012 -2.3681883190836764E-003
  1.9120000000000001E+001  4.2086321086104603E-012 -1.1331957134884485E-012 -2.7509305996885605E-003 -3.3569204430606321E-013 -4.5373657794260656E-013 -7.1885371484460428E-004  2.9088800623250316E-001  7.7595965867111013E-003 -1.1539904884576899E-012 -1.5597834727902127E-012 -2.4711656178492730E-003
  1.9199999999999999E+001  4.2361200356892915E-012 -1.0967048501402428E-012 -2.6924863820178028E-003 -3.5122047570235739E-013 -4.5826164050707723E-013 -7.4204580591263620E-004  2.8816981204078723E-001  7.8628147933626422E-003 -1.2187631017088559E-012 -1.5902025567247064E-012 -2.5749597715820326E-003
  1.9280000000000001E+001  4.2648273847228374E-012 -1.0598738510073162E-012 -2.6322032707425387E-003 -3.6615082215637023E-013 -4.6223964779525151E-013 -7.6481764838465716E-004  2.8542193543418254E-001  7.9691584339995417E-003 -1.2828078303000851E-012 -1.6194531011604170E-012 -2.6795375865946288E-003
  1.9359999999999999E+001  4.2947041672343107E-012 -1.0227465064930025E-012 -2.5701155582762577E-003 -3.8043328084269746E-013 -4.6567307943059487E-013 -7.8715307782134883E-004  2.8264768447537764E-001  8.0786203620292815E-003 -1.3459316737914082E-012 -1.6474997142348553E-012 -2.7848650715976519E-003
  1.9440000000000001E+001  4.3256967096576690E-012 -9.8536615829842097E-013 -2.5062587782911229E-003 -3.9402703315785047E-013 -4.6857039501314005E-013 -8.0903723495604309E-004  2.7985032563390283E-001  8.1911915007968784E-003 -1.4079627996910135E-012 -1.6743251877220344E-012 -2.8909074479965633E-003
  1.9520000000000000E+001  4.3577484925395668E-012 -9.4777524329090013E-013 -2.4406696006832908E-003 -4.0690276963847295E-013 -4.7094447908144644E-013 -8.3045657913780437E-004  2.7703308007398558E-001  8.3068606079402738E-003 -1.4687607477703350E-012 -1.6999259571266120E-012 -2.9976291609449201E-003
  1.9600000000000001E+001  4.3908011527998247E-012 -9.1001504164538954E-013 -2.3733857256290742E-003 -4.1904386712175758E-013 -4.7280952089569460E-013 -8.5139889765450038E-004  2.7419912017084253E-001  8.4256140321153829E-003 -1.5282224149102396E-012 -1.7243016059242146E-012 -3.1049938911506610E-003
  1.9680000000000000E+001  4.4247955112790480E-012 -8.7212571994758899E-013 -2.3044457770585707E-003 -4.3044569010248568E-013 -4.7417673060057753E-013 -8.7185331101939092E-004  2.7135156626029439E-001  8.5474354619791693E-003 -1.5862815699305934E-012 -1.7474394282592325E-012 -3.2129645674299516E-003
  1.9760000000000002E+001  4.4596724632162224E-012 -8.3414676474929713E-013 -2.2338891958659716E-003 -4.4111311487658209E-013 -4.7505032208564688E-013 -8.9181027432436394E-004  2.6849348362666309E-001  8.6723056673236546E-003 -1.6429017760991803E-012 -1.7692990130154527E-012 -3.3215033800004113E-003
  1.9840000000000000E+001  4.4953736096593012E-012 -7.9611766841388549E-013 -2.1617561331666725E-003 -4.5105696144208786E-013 -4.7542647199107328E-013 -9.1126157477838734E-004  2.6562787973226704E-001  8.8002022323327503E-003 -1.6980647834273287E-012 -1.7898070244667996E-012 -3.4305717945025834E-003
  1.9920000000000002E+001  4.5318415770469565E-012 -7.5807852923072540E-013 -2.0880873439014297E-003 -4.6029055010843979E-013 -4.7529700429389233E-013 -9.3020032555221404E-004  2.6275770168715479E-001  8.9310992811637256E-003 -1.7517586591005975E-012 -1.8088696098468425E-012 -3.5401305667360061E-003
  2.0000000000000000E+001  4.5690200976766515E-012 -7.2007014772686271E-013 -2.0129240810783182E-003 -4.6882728278578579E-013 -4.7465717027532761E-013 -9.4862095603853041E-004  2.5988583395073761E-001  9.0649671964347280E-003 -1.8039690738161881E-012 -1.8264013718409596E-012 -3.6501397580952482E-003
  2.0080000000000002E+001  4.6068539422926822E-012 -6.8213338198667297E-013 -1.9363079909352648E-003 -4.7667935423771673E-013 -4.7351407852728614E-013 -9.6651919861693084E-004  2.5701509625024144E-001  9.2017723316374350E-003 -1.8546743987898254E-012 -1.8423588102000146E-012 -3.7605587516923423E-003
  2.0160000000000000E+001  4.6452887943546862E-012 -6.4430789516249693E-013 -1.8582810092996093E-003 -4.8385784035701810E-013 -4.7189141295325482E-013 -9.8389207200094806E-004  2.5414824169845185E-001  9.3414767187977032E-003 -1.9038458905670535E-012 -1.8567614349212449E-012 -3.8713462691546386E-003
  2.0240000000000002E+001  4.6842711967498051E-012 -6.0663075591415219E-013 -1.7788852594151131E-003 -4.9037432713802917E-013 -4.6982810416746582E-013 -1.0007378612544460E-003  2.5128795509688928E-001  9.4840377727476929E-003 -1.9514540167606543E-012 -1.8696902730609380E-012 -3.9824603880897098E-003
  2.0320000000000000E+001  4.7237486866967709E-012 -5.6913539849570239E-013 -1.6981629514988979E-003 -4.9624414204899686E-013 -4.6737203375145730E-013 -1.0170560945972525E-003  2.4843685141829963E-001  9.6294079931875595E-003 -1.9974816730674272E-012 -1.8812662656447420E-012 -4.0938585602096674E-003
  2.0400000000000002E+001  4.7636702594776446E-012 -5.3185123051391902E-013 -1.6161562842795527E-003 -5.0149071926470801E-013 -4.6457267848432338E-013 -1.0328475171639422E-003  2.4559747447091274E-001  9.7775346654213370E-003 -2.0419429252788485E-012 -1.8916228092236797E-012 -4.2054976301049811E-003
  2.0480000000000000E+001  4.8039872017791241E-012 -4.9480376993821065E-013 -1.5329073487526672E-003 -5.0614922687862307E-013 -4.6147637239253647E-013 -1.0481140619178651E-003  2.4277229575192588E-001  9.9283595604629689E-003 -2.0849000004206703E-012 -1.9008870886332834E-012 -4.3173338546528247E-003
  2.0559999999999999E+001  4.8446541357782243E-012 -4.5801501093111318E-013 -1.4484580343726943E-003 -5.1026739588824584E-013 -4.5812506042299347E-013 -1.0628588179370803E-003  2.3996371349659287E-001  1.0081818635294854E-002 -2.1264697782377475E-012 -1.9091745877281886E-012 -4.4293229230384871E-003
  2.0640000000000001E+001  4.8856299851212435E-012 -4.2150376027053168E-013 -1.3628499378827343E-003 -5.1390254435529943E-013 -4.5455653054285686E-013 -1.0770859962756544E-003  2.3717405192313809E-001  1.0237841734435529E-002 -2.1668146372700765E-012 -1.9165894009597537E-012 -4.5414199773624727E-003
  2.0719999999999999E+001  4.9268785428750722E-012 -3.8528596604425608E-013 -1.2761242749685896E-003 -5.1711567446684741E-013 -4.5080351911846577E-013 -1.0908008935758191E-003  2.3440556066650745E-001  1.0396352294470425E-002 -2.2061200863364505E-012 -1.9232197546071579E-012 -4.6535796338018588E-003
  2.0800000000000001E+001  4.9683684930359391E-012 -3.4937519721157716E-013 -1.1883217949106033E-003 -5.1996517451850586E-013 -4.4689126164560634E-013 -1.1040098535748193E-003  2.3166041438712184E-001  1.0557267053759187E-002 -2.2445690064909204E-012 -1.9291265035027790E-012 -4.7657560042928312E-003
  2.0879999999999999E+001  5.0100729707980331E-012 -3.1378336418095906E-013 -1.0994826983966185E-003 -5.2250242556943876E-013 -4.4283569219169785E-013 -1.1167202266263237E-003  2.2894071253753268E-001  1.0720495769964719E-002 -2.2823222925628870E-012 -1.9343336603655937E-012 -4.8779027187015565E-003
  2.0960000000000001E+001  5.0519688811270493E-012 -2.7852148646090551E-013 -1.0096465586503915E-003 -5.2477020062576487E-013 -4.3864512144705229E-013 -1.1289403273432538E-003  2.2624847926853145E-001  1.0885940948413934E-002 -2.3195104092901930E-012 -1.9388336440323776E-012 -4.9899729474520184E-003
  2.1039999999999999E+001  5.0940362028981555E-012 -2.4360014474943070E-013 -9.1885224602169786E-004 -5.2680270524332189E-013 -4.3432607959880410E-013 -1.1406793904579107E-003  2.2358566345577804E-001  1.1053497584639877E-002 -2.3562316737421040E-012 -1.9426115688289370E-012 -5.1019194245817169E-003
  2.1120000000000001E+001  5.1362573139659808E-012 -2.0902931372509685E-013 -8.2713785617712576E-004 -5.2862576827258241E-013 -4.2989064566739519E-013 -1.1519475249835230E-003  2.2095413882757567E-001  1.1223052924808999E-002 -2.3925511381393187E-012 -1.9456780295387456E-012 -5.2136944711991262E-003
  2.1199999999999999E+001  5.1786163258217687E-012 -1.7481764144264747E-013 -7.3454064202433419E-004 -5.3025680742903305E-013 -4.2536074716006585E-013 -1.1627556667491137E-003  2.1835570417428782E-001  1.1394486248085357E-002 -2.4284984114408339E-012 -1.9480903667937728E-012 -5.3252500193206650E-003
  2.1280000000000001E+001  5.2210984031546261E-012 -1.4097159417948631E-013 -6.4109694949726756E-004 -5.3170537833510874E-013 -4.2076651079796142E-013 -1.1731155293729218E-003  2.1579208362110511E-001  1.1567668675246065E-002 -2.4640681038768717E-012 -1.9499478370140384E-012 -5.4365376360693499E-003
  2.1359999999999999E+001  5.2636891863553861E-012 -1.0749499971497364E-013 -5.4684215732466672E-004 -5.3297544564537715E-013 -4.1613932224754434E-013 -1.1830395537448793E-003  2.1326492694903482E-001  1.1742463007970116E-002 -2.4992284467978638E-012 -1.9513615322423059E-012 -5.5475085482215580E-003
  2.1440000000000001E+001  5.3063744744578864E-012 -7.4389302619879211E-014 -4.5181062089808688E-004 -5.3406918826137684E-013 -4.1150335285067273E-013 -1.1925408561102573E-003  2.1077580995459996E-001  1.1918723603100222E-002 -2.5339378796927499E-012 -1.9524147831131168E-012 -5.6581136670915090E-003
  2.1520000000000000E+001  5.3491402564772064E-012 -4.1654463258866002E-014 -3.5603562034702553E-004 -5.3499071440073739E-013 -4.0686971413556881E-013 -1.2016331748764464E-003  2.0832623484419599E-001  1.2096296285962361E-002 -2.5681624374388270E-012 -1.9531333210769417E-012 -5.7683036137443711E-003
  2.1600000000000001E+001  5.3919729887620044E-012 -9.2901483581882019E-015 -2.5954931291785545E-004 -5.3574731408247818E-013 -4.0223519100762032E-013 -1.2103308162922345E-003  2.0591763066364402E-001  1.2275018306562002E-002 -2.6018824298404408E-012 -1.9534756232083956E-012 -5.8780287445281566E-003
  2.1680000000000000E+001  5.4348598267304029E-012  2.2703167302353246E-014 -1.6238268974026800E-004 -5.3634728247527590E-013 -3.9758463417717081E-013 -1.2186485991705445E-003  2.0355135376640493E-001  1.2454718342221685E-002 -2.6350827392543270E-012 -1.9533407083426579E-012 -5.9872391769121777E-003
  2.1760000000000002E+001  5.4777885539580485E-012  5.4323393110159128E-014 -6.4565537050568340E-005 -5.3679542763744608E-013 -3.9289464706472310E-013 -1.2266017988335608E-003  2.0122868832413290E-001  1.2635216550081247E-002 -2.6677309027399704E-012 -1.9525831171756460E-012 -6.0958848156164713E-003
  2.1840000000000000E+001  5.5207470951523943E-012  8.5566310832708941E-014  3.3873598073101723E-005 -5.3708868538013091E-013 -3.8813691191443416E-013 -1.2342060904578344E-003  1.9895084688268905E-001  1.2816324672734003E-002 -2.6997542184982833E-012 -1.9510273251457499E-012 -6.2039153790129659E-003
  2.1920000000000002E+001  5.5637227436188695E-012  1.1642529901646860E-013  1.3290743742268518E-004 -5.3721421561408792E-013 -3.8328103385932312E-013 -1.2414774919911554E-003  1.9671897096515287E-001  1.2997846200149869E-002 -2.7310279562672187E-012 -1.9484808608986416E-012 -6.3112804257758007E-003
  2.2000000000000000E+001  5.6067013696506483E-012  1.4689127625020064E-013  2.3250999679168659E-004 -5.3715042743792909E-013 -3.7829777272953709E-013 -1.2484323068009469E-003  1.9453413172128695E-001  1.3179576590911939E-002 -2.7613779555219275E-012 -1.9447504288956023E-012 -6.4179293817554200E-003
  2.2080000000000002E+001  5.6496668120089381E-012  1.7695294265319453E-013  3.3265660651083669E-004 -5.3686992235809970E-013 -3.7316292600403381E-013 -1.2550870661990931E-003  1.9239733062073117E-001  1.3361303555639928E-002 -2.7905935622252756E-012 -1.9396625549418747E-012 -6.5238115670492591E-003
  2.2160000000000000E+001  5.6926005572279443E-012  2.0659734441084605E-013  4.3332392738354149E-004 -5.3634293994239010E-013 -3.6786095258603236E-013 -1.2614584719701342E-003  1.9030950018476697E-001  1.3542807405308568E-002 -2.8184442535623219E-012 -1.9330842433501118E-012 -6.6288762232412429E-003
  2.2240000000000002E+001  5.7354816823997205E-012  2.3581069506695971E-013  5.3448996202605818E-004 -5.3554031884602236E-013 -3.6238669511737721E-013 -1.2675633390108459E-003  1.8827150474947416E-001  1.3723861466935891E-002 -2.8446949338545287E-012 -1.9249348028755713E-012 -6.7330725407830751E-003
  2.2320000000000000E+001  5.7782870082433079E-012  2.6457921562962641E-013  6.3613406162527683E-004 -5.3443608210185391E-013 -3.5674383053825222E-013 -1.2734185381770972E-003  1.8628414125246517E-001  1.3904232568720915E-002 -2.8691202924784713E-012 -1.9151807213410865E-012 -6.8363496864921594E-003
  2.2400000000000002E+001  5.8209914555360172E-012  2.9288970795308007E-013  7.3823692813439375E-004 -5.3300993890264420E-013 -3.5094039162881719E-013 -1.2790409394324476E-003  1.8434814003619843E-001  1.4083681596119937E-002 -2.8915196394458753E-012 -1.9038141262743712E-012 -6.9386568311433595E-003
  2.2480000000000000E+001  5.8635685984677309E-012  3.2072967829023716E-013  8.4078061193446844E-004 -5.3124934550841918E-013 -3.4498295092574369E-013 -1.2844473554023130E-003  1.8246416566313159E-001  1.4261964119540027E-002 -2.9117302057232625E-012 -1.8908223792310902E-012 -7.0399431771338413E-003
  2.2559999999999999E+001  5.9059913508173642E-012  3.4808698010119906E-013  9.4374850499876384E-004 -5.2915043620465159E-013 -3.3887175015064678E-013 -1.2896544854549309E-003  1.8063281774093404E-001  1.4438831093344155E-002 -2.9296348957894672E-012 -1.8761609403828849E-012 -7.1401579862013171E-003
  2.2640000000000001E+001  5.9482326682604752E-012  3.7494915831434064E-013  1.0471253296072574E-003 -5.2671732642500104E-013 -3.3259871906672105E-013 -1.2946788604491653E-003  1.7885463175876948E-001  1.4614029624781987E-002 -2.9451612358390640E-012 -1.8597407710619041E-012 -7.2392506071756926E-003
  2.2719999999999999E+001  5.9902661230453644E-012  4.0130277515187443E-013  1.1508971226706303E-003 -5.2395987283291670E-013 -3.2614904147339906E-013 -1.2995367883036797E-003  1.7713007993759958E-001  1.4787303810363609E-002 -2.9582713442597410E-012 -1.8414351550187717E-012 -7.3371705037425829E-003
  2.2800000000000001E+001  6.0320662479137419E-012  4.2713300495008449E-013  1.2550512157358462E-003 -5.2089082540661267E-013 -3.1950577830501508E-013 -1.3042443005486450E-003  1.7545957209826729E-001  1.4958395636137911E-002 -2.9689476556009737E-012 -1.8211045249055663E-012 -7.4338672821946446E-003
  2.2879999999999999E+001  6.0736086551104224E-012  4.5242369968067685E-013  1.3595762107584135E-003 -5.1752366551516410E-013 -3.1265588490614961E-013 -1.3088171000206488E-003  1.7384345655107589E-001  1.5127045937329156E-002 -2.9771816193123677E-012 -1.7986308589210277E-012 -7.5292907191437664E-003
  2.2960000000000001E+001  6.1148700343961681E-012  4.7715794653506844E-013  1.4644619517391500E-003 -5.1387177363532519E-013 -3.0559564702207067E-013 -1.3132705098529744E-003  1.7228202100942591E-001  1.5292995411886416E-002 -2.9829693841070281E-012 -1.7739506364607258E-012 -7.6233907891643830E-003
  2.3039999999999999E+001  6.1558281388920745E-012  5.0131900320420816E-013  1.5696994923348894E-003 -5.0994887076220046E-013 -2.9833386720270728E-013 -1.3176194238964075E-003  1.7077549352812316E-001  1.5455985681716451E-002 -2.9863146543122608E-012 -1.7470762574947127E-012 -7.7161176923361491E-003
  2.3120000000000001E+001  6.1964618537181202E-012  5.2489136528750160E-013  1.6752810595625752E-003 -5.0577031209521641E-013 -2.9089195358111413E-013 -1.3218782586823991E-003  1.6932404346441363E-001  1.5615760394714698E-002 -2.9872366876675984E-012 -1.7181000067921443E-012 -7.8074218816535776E-003
  2.3199999999999999E+001  6.2367513888273091E-012  5.4786171577718642E-013  1.7812000137240732E-003 -5.0135478281780555E-013 -2.8330133072352451E-013 -1.3260609070126547E-003  1.6792778245702597E-001  1.5772066360167494E-002 -2.9857810397582899E-012 -1.6871818899659784E-012 -7.8972540902714720E-003
  2.3280000000000001E+001  6.2766786189689691E-012  5.7021957820326553E-013  1.8874508046845999E-003 -4.9672596333118963E-013 -2.7559948836398744E-013 -1.3301806932349296E-003  1.6658676541659867E-001  1.5924654709567616E-002 -2.9820305516313240E-012 -1.6545283004199012E-012 -7.9855653585580912E-003
  2.3359999999999999E+001  6.3162275429602994E-012  5.9195763391542441E-013  1.9940289246416620E-003 -4.9191368169522267E-013 -2.6782577124448447E-013 -1.3342503302527023E-003  1.6530099152059138E-001  1.6073282074276392E-002 -2.9761136060552048E-012 -1.6203677647016814E-012 -8.0723070609324248E-003
  2.3440000000000001E+001  6.3553848080402047E-012  6.1307170160238305E-013  2.1009308575250323E-003 -4.8695396906833885E-013 -2.6001751875077025E-013 -1.3382818783195826E-003  1.6407040520726809E-001  1.6217711770748381E-002 -2.9682058664095758E-012 -1.5849274865621650E-012 -8.1574309324666597E-003
  2.3520000000000000E+001  6.3941401780112336E-012  6.3356043691554765E-013  2.2081540251727952E-003 -4.8188752027302657E-013 -2.5220665619258353E-013 -1.3422867056864804E-003  1.6289489716625477E-001  1.6357714983233948E-002 -2.9585220627494832E-012 -1.5484115219655432E-012 -8.2408890952387591E-003
  2.3600000000000001E+001  6.4324868112838890E-012  6.5342476659319641E-013  2.3156967304348692E-003 -4.7675671009555196E-013 -2.4441681223694421E-013 -1.3462754511913044E-003  1.6177430532615744E-001  1.6493071933149455E-002 -2.9472982623291169E-012 -1.5109813107535869E-012 -8.3226340844222216E-003
  2.3680000000000000E+001  6.4704212516265220E-012  6.7266712687345873E-013  2.4235580973634039E-003 -4.7160192906072397E-013 -2.3666177509261337E-013 -1.3502579888966795E-003  1.6070841584182319E-001  1.6623573023789188E-002 -2.9347689968210288E-012 -1.4727438825940248E-012 -8.4026188741006726E-003
  2.3760000000000002E+001  6.5079431199336048E-012  6.9129065060801455E-013  2.5317380086583379E-003 -4.6645852403562026E-013 -2.2894641892908006E-013 -1.3542433948836052E-003  1.5969696408425160E-001  1.6749019948877834E-002 -2.9211471967455923E-012 -1.4337553041411180E-012 -8.4807969027945133E-003
  2.3840000000000000E+001  6.5450546154722212E-012  7.0929855390211154E-013  2.6402370405447808E-003 -4.6135523027847419E-013 -2.2127078289802656E-013 -1.3582399162995619E-003  1.5873963563554380E-001  1.6869226753587478E-002 -2.9066127967571429E-012 -1.3940443852366280E-012 -8.5571220986862696E-003
  2.3920000000000002E+001  6.5817599567781607E-012  7.2669397587169880E-013  2.7490563952662678E-003 -4.5631414339152673E-013 -2.1363632878284372E-013 -1.3622549427473921E-003  1.5783606729047525E-001  1.6984020836981362E-002 -2.8913108183930586E-012 -1.3536512571822571E-012 -8.6315489045310449E-003
  2.4000000000000000E+001  6.6180648784148655E-012  7.4348036650736653E-013  2.8581978313843635E-003 -4.5135169207131072E-013 -2.0605188685442574E-013 -1.3662949800933384E-003  1.5698584806607735E-001  1.7093243885300043E-002 -2.8753559371047499E-012 -1.3126653575519452E-012 -8.7040323022384274E-003
  2.4080000000000002E+001  6.6539762275095704E-012  7.5966227776840692E-013  2.9676635920812019E-003 -4.4647976117115757E-013 -1.9853650336197256E-013 -1.3703656267735548E-003  1.5618852022135565E-001  1.7196752726017027E-002 -2.8588383370899355E-012 -1.2712446892464982E-012 -8.7745278371118042E-003
  2.4160000000000000E+001  6.6895016402022507E-012  7.7524620704528214E-013  3.0774563316681323E-003 -4.4170657423476341E-013 -1.9111758580702139E-013 -1.3744715526840924E-003  1.5544358029030636E-001  1.7294420093227032E-002 -2.8418283506037781E-012 -1.2296051443146407E-012 -8.8429916417296865E-003
  2.4240000000000002E+001  6.7246492793871325E-012  7.9024109149753034E-013  3.1875790405106567E-003 -4.3703740731985739E-013 -1.8382517831614176E-013 -1.3786164807399043E-003  1.5475048013175077E-001  1.7386135295806678E-002 -2.8243802601956690E-012 -1.1879842029870049E-012 -8.9093804594515234E-003
  2.4320000000000000E+001  6.7594276253734279E-012  8.0465823557586482E-013  3.2980349685865170E-003 -4.3247512815770565E-013 -1.7668496636492745E-013 -1.3828031711770406E-003  1.5410862799860514E-001  1.7471804780979015E-002 -2.8065351648779834E-012 -1.1465951993983011E-012 -8.9736516675280945E-003
  2.4400000000000002E+001  6.7938452998923654E-012  8.1851068611591873E-013  3.4088275478989833E-003 -4.2802030551035655E-013 -1.6971272226675345E-013 -1.3870334086474251E-003  1.5351738962706066E-001  1.7551352587412240E-002 -2.7883211953904054E-012 -1.1055898201585289E-012 -9.0357632997951683E-003
  2.4480000000000000E+001  6.8279108742550849E-012  8.3181227113854537E-013  3.5199603139701051E-003 -4.2367057959650421E-013 -1.6291175131855698E-013 -1.3913079921232989E-003  1.5297608934349374E-001  1.7624720683676501E-002 -2.7697489720955494E-012 -1.0650395533526390E-012 -9.0956740689293585E-003
  2.4560000000000002E+001  6.8616325926278061E-012  8.4457656632688785E-013  3.6314368266387111E-003 -4.1941926532757922E-013 -1.5627306145114962E-013 -1.3956267275984954E-003  1.5248401118472663E-001  1.7691869189610746E-002 -2.7508020102314441E-012 -1.0249349557503708E-012 -9.1533433882474667E-003
  2.4640000000000001E+001  6.8950179567074976E-012  8.5681596097072931E-013  3.7432605903858643E-003 -4.1525360223784923E-013 -1.4977719959965785E-013 -1.3999884235541746E-003  1.5204040002623498E-001  1.7752776479772976E-002 -2.7314247194599449E-012 -9.8519627455423503E-013 -9.2087313930344430E-003
  2.4719999999999999E+001  6.9280731689858620E-012  8.6854091826283311E-013  3.8554349744073790E-003 -4.1115367136062969E-013 -1.4339687549162002E-013 -1.4043908891496232E-003  1.5164446271307316E-001  1.7807439169614359E-002 -2.7115147423721567E-012 -9.4568982327947774E-013 -9.2617989613897073E-003
  2.4800000000000001E+001  6.9608025441251983E-012  8.7975946104938852E-013  3.9679631326498040E-003 -4.0709278534822376E-013 -1.3710038674296913E-013 -1.4088309351014631E-003  1.5129536918937958E-001  1.7855871986328344E-002 -2.6909250998534845E-012 -9.0625021445402348E-013 -9.3125077345859054E-003
  2.4879999999999999E+001  6.9932080146415778E-012  8.9047698014170817E-013  4.0808479240236131E-003 -4.0303940863948359E-013 -1.3085610766803060E-013 -1.4133043772218809E-003  1.5099225362376251E-001  1.7898107527527258E-002 -2.6694767024454203E-012 -8.6671014289308787E-013 -9.3608201369377066E-003
  2.4960000000000001E+001  7.0252888495075157E-012  9.0069643827627341E-013  4.1940918330053050E-003 -3.9895999172988898E-013 -1.2463745321839982E-013 -1.4178060425955471E-003  1.5073421552944247E-001  1.7934195911996388E-002 -2.6469772414641170E-012 -8.2693375642811620E-013 -9.4066993951805403E-003
  2.5039999999999999E+001  7.0570416133183600E-012  9.1041897265665214E-013  4.3076968908389007E-003 -3.9482180382873992E-013 -1.1842686085347895E-013 -1.4223297783828252E-003  1.5052032087943848E-001  1.7964204327792270E-002 -2.6232403553155776E-012 -7.8684377717393411E-013 -9.4501095573601077E-003
  2.5120000000000001E+001  7.0884603381201141E-012  9.1964473601283005E-013  4.4216645975465570E-003 -3.9059509911825129E-013 -1.1221700641430500E-013 -1.4268684632444168E-003  1.5034960321849811E-001  1.7988216483850204E-002 -2.5981005276984077E-012 -7.4643025813778795E-013 -9.4910155112329208E-003
  2.5199999999999999E+001  7.1195368291772802E-012  9.2837369368294094E-013  4.5359958449580073E-003 -3.8625438753604739E-013 -1.0600822203610317E-013 -1.4314140213882902E-003  1.5022106477449385E-001  1.8006331972088441E-002 -2.5714220498799844E-012 -7.0573384018636240E-013 -9.5293830021761835E-003
  2.5280000000000001E+001  7.1502610401258817E-012  9.3660605153860655E-013  4.6506908409686834E-003 -3.8177889675392859E-013 -9.9802776854939423E-014 -1.4359574392386223E-003  1.5013367757237742E-001  1.8018665547772181E-002 -2.5431025126205262E-012 -6.6480776784585806E-013 -9.5651786506022116E-003
  2.5359999999999999E+001  7.1806214526579088E-012  9.4434213797973125E-013  4.7657490352361869E-003 -3.7715224355793148E-013 -9.3598278352581793E-014 -1.4404887847162468E-003  1.5008638455317133E-001  1.8025346336668597E-002 -2.5130708911206936E-012 -6.2367376707216971E-013 -9.5983699688691766E-003
  2.5440000000000001E+001  7.2106053990951507E-012  9.5158177607501964E-013  4.8811690465232829E-003 -3.7236139701678568E-013 -8.7382756724804048E-014 -1.4449972290987668E-003  1.5007810069880112E-001  1.8026516978292027E-002 -2.4812807574341227E-012 -5.8228907658527216E-013 -9.6289253776772072E-003
  2.5520000000000000E+001  7.2401992761805945E-012  9.5832337905569989E-013  4.9969485918919896E-003 -3.6739521306352335E-013 -8.1133186945733960E-014 -1.4494710713992365E-003  1.5010771416123234E-001  1.8022332715242177E-002 -2.4477005080211822E-012 -5.4053654632762713E-013 -9.6568142219377994E-003
  2.5600000000000001E+001  7.2693886331853145E-012  9.6456308598633707E-013  5.1130844179471608E-003 -3.6224317663387992E-013 -7.4817823694180378E-014 -1.4538977651726260E-003  1.5017408739212149E-001  1.8012960439168377E-002 -2.4123048943430795E-012 -4.9824039436509515E-013 -9.6820067861056337E-003
  2.5680000000000000E+001  7.2981581844420153E-012  9.7029423084676876E-013  5.2295722343196098E-003 -3.5689516938964635E-013 -6.8401358606004524E-014 -1.4582639476371504E-003  1.5027605826765358E-001  1.7998577704156096E-002 -2.3750733490745640E-012 -4.5520094283722726E-013 -9.7044743089651098E-003
  2.5760000000000002E+001  7.3264918602876579E-012  9.7550730336329780E-013  5.3464066495691048E-003 -3.5134264302843487E-013 -6.1851161558052468E-014 -1.4625554709873890E-003  1.5041244120285116E-001  1.7979371718272390E-002 -2.3359976371680736E-012 -4.1123655937464993E-013 -9.7241889978685585E-003
  2.5840000000000000E+001  7.3543730073265649E-012  9.8019041669605715E-013  5.4635811096775920E-003 -3.4558081531654503E-013 -5.5142984419086103E-014 -1.4667574357782852E-003  1.5058202825035052E-001  1.7955538323642412E-002 -2.2950962265218577E-012 -3.6622179920600704E-013 -9.7411240424279556E-003
  2.5920000000000002E+001  7.3817847907383051E-012  9.8433018087035157E-013  5.5810878392936305E-003 -3.3961092021401954E-013 -4.8264755353722046E-014 -1.4708542262702022E-003  1.5078359018008911E-001  1.7927280974828392E-002 -2.2524288591853476E-012 -3.2011248930459736E-013 -9.7552536276662907E-003
  2.6000000000000000E+001  7.4087107545608080E-012  9.8791277755265268E-013  5.6989177858808244E-003 -3.3344151561365919E-013 -4.1217814290180656E-014 -1.4748295476402272E-003  1.5101587753809986E-001  1.7894809724528064E-002 -2.2081046636408999E-012 -2.7295343408928445E-013 -9.7665529466376619E-003
  2.6080000000000002E+001  7.4351354332364905E-012  9.9092503115678048E-013  5.8170605669160668E-003 -3.2708844811048470E-013 -3.4015507685176863E-014 -1.4786664649792428E-003  1.5127762168430153E-001  1.7858340224775032E-002 -2.1622811853413347E-012 -2.2486832551783455E-013 -9.7749982125265589E-003
  2.6160000000000000E+001  7.4610449062584856E-012  9.9335525878228098E-013  5.9355044202775032E-003 -3.2057374439074272E-013 -2.6679640618532994E-014 -1.4823474440063046E-003  1.5156753581058258E-001  1.7818092750961675E-002 -2.1151562159816637E-012 -1.7603537341947144E-013 -9.7805666702365721E-003
  2.6240000000000002E+001  7.4864272323390094E-012  9.9519377365574576E-013  6.0542361579570755E-003 -3.1392386516993479E-013 -1.9235717242089456E-014 -1.4858543934392942E-003  1.5188431594148327E-001  1.7774291255152612E-002 -2.0669554166837803E-012 -1.2665506060950430E-013 -9.7832366074771665E-003
  2.6320000000000000E+001  7.5112727246856751E-012  9.9643297354101529E-013  6.1732411232277903E-003 -3.0716765142731231E-013 -1.1707891044489321E-014 -1.4891687089632047E-003  1.5222664192026167E-001  1.7727162454346527E-002 -2.0179180115823748E-012 -7.6916309582519824E-014 -9.7829873653546354E-003
  2.6400000000000002E+001  7.5355740565673794E-012  9.9706703622286405E-013  6.2925031513911883E-003 -3.0033397945337852E-013 -4.1146667562800917E-015 -1.4922713187338291E-003  1.5259317838301037E-001  1.7676934958601290E-002 -1.9682807483086562E-012 -2.6968040968075396E-014 -9.7797993484704422E-003
  2.6480000000000000E+001  7.5593261613982157E-012  9.9709132022202010E-013  6.4120045342252029E-003 -2.9344907902557179E-013  3.5336827390171311E-015 -1.4951427303453227E-003  1.5298257572286483E-001  1.7623838443259120E-002 -1.9182599100824575E-012  2.3097561139872133E-014 -9.7736540345275454E-003
  2.6560000000000002E+001  7.5825259092114708E-012  9.9650164698462131E-013  6.5317259882464399E-003 -2.8653403776813809E-013  1.1235251873066431E-014 -1.4977630791780574E-003  1.5339347104544018E-001  1.7568102868873101E-002 -1.8680348775057074E-012  7.3245438218297355E-014 -9.7645339834435581E-003
  2.6640000000000001E+001  7.6051716074411178E-012  9.9529367992232947E-013  6.6516466268936921E-003 -2.7960343454132288E-013  1.8993885765330791E-014 -1.5001121780320204E-003  1.5382448911586152E-001  1.7509957751796468E-002 -1.8177393890697274E-012  1.2348000769083925E-013 -9.7524228459689079E-003
  2.6719999999999999E+001  7.6272624587380825E-012  9.9346262526216838E-013  6.7717439367315632E-003 -2.7266588612690597E-013  2.6814135817337858E-014 -1.5021695679448663E-003  1.5427424329742442E-001  1.7449631487720375E-002 -1.7674654650736353E-012  1.7381196007200797E-013 -9.7373053718084138E-003
  2.6800000000000001E+001  7.6487981492214227E-012  9.9100341819155542E-013  6.8919937577648707E-003 -2.6572637665773442E-013  3.4695105063047465E-014 -1.5039145700934068E-003  1.5474133648210717E-001  1.7387350729735646E-002 -1.7172788954624168E-012  2.2421840462894286E-013 -9.7191674172452842E-003
  2.6879999999999999E+001  7.6697786790033200E-012  9.8791140845208079E-013  7.0123702679465083E-003 -2.5878924149367396E-013  4.2625420454834815E-014 -1.5053263386807000E-003  1.5522436201366044E-001  1.7323339821786899E-002 -1.6672387474549817E-012  2.7461100597960171E-013 -9.6979959522670751E-003
  2.6960000000000001E+001  7.6902044278604106E-012  9.8418335091878185E-013  7.1328459719537827E-003 -2.5186025071098904E-013  5.0581521622203318E-014 -1.5063839147141369E-003  1.5572190460440838E-001  1.7257820287745858E-002 -1.6174107733729944E-012  3.2482607799852255E-013 -9.6737790671934283E-003
  2.7039999999999999E+001  7.7100763191170783E-012  9.7981836499252826E-013  7.2533916943007702E-003 -2.4494664488252897E-013  5.8530119838296220E-014 -1.5070662805796199E-003  1.5623254124698399E-001  1.7191010375787748E-002 -1.5678674686582397E-012  3.7464164614107138E-013 -9.6465059788057028E-003
  2.7120000000000001E+001  7.7293958910416152E-012  9.7481853174465445E-013  7.3739765768465219E-003 -2.3805513567898159E-013  6.6434147162686764E-014 -1.5073524153125305E-003  1.5675484212195057E-001  1.7123124657315341E-002 -1.5186751466116368E-012  4.2381650460070436E-013 -9.6161670359793394E-003
  2.7199999999999999E+001  7.7481651408257153E-012  9.6918890144649838E-013  7.4945680807507751E-003 -2.3118888671614268E-013  7.4259968367706758E-014 -1.5072213504613763E-003  1.5728737150198685E-001  1.7054373679291683E-002 -1.4698747972230087E-012  4.7213653973460315E-013 -9.5827537248214696E-003
  2.7280000000000001E+001  7.7663861129161980E-012  9.6293693680582137E-013  7.6151319929203421E-003 -2.2434477338237739E-013  8.1983140348767584E-014 -1.5066522264388306E-003  1.5782868865339572E-001  1.6984963668468252E-002 -1.4214651275913038E-012  5.1945086890632479E-013 -9.5462586733185799E-003
  2.7359999999999999E+001  7.7840603045668957E-012  9.5607159899069556E-013  7.7356324369809880E-003 -2.1751179774847029E-013  8.9591268981109336E-014 -1.5056243492597991E-003  1.5837734873639969E-001  1.6915096285599483E-002 -1.3733932818190766E-012  5.6568883164485113E-013 -9.5066756555015255E-003
  2.7440000000000001E+001  7.8011880005559533E-012  9.4860233376884388E-013  7.8560318888019100E-003 -2.1067082486052760E-013  9.7083774899292461E-014 -1.5041172475767481E-003  1.5893190370688939E-001  1.6844968427334860E-002 -1.3255541042494268E-012  6.1085709658755799E-013 -9.4639995951369214E-003
  2.7520000000000000E+001  7.8177676365445801E-012  9.4053819500680877E-013  7.9762911965932676E-003 -2.0379548317166377E-013  1.0446940127586214E-013 -1.5021107299340031E-003  1.5949090322361117E-001  1.6774772073127608E-002 -1.2777967406861410E-012  6.5502260490292876E-013 -9.4182265689543299E-003
  2.7600000000000001E+001  7.8337952778634195E-012  9.3188722956470593E-013  8.0963696055913505E-003 -1.9685403924382580E-013  1.1176261586331856E-013 -1.4995849421700256E-003  1.6005289556573407E-001  1.6704694174249978E-002 -1.2299371947862593E-012  6.9828892922955707E-013 -9.3693538094176548E-003
  2.7680000000000000E+001  7.8492642828235922E-012  9.2265617646867780E-013  8.2162247873404717E-003 -1.8981202198887873E-013  1.1897951919179542E-013 -1.4965204248971065E-003  1.6061642856608188E-001  1.6634916581883003E-002 -1.1817752759307225E-012  7.4077004800265640E-013 -9.3173797070472009E-003
  2.7760000000000002E+001  7.8641652013816401E-012  9.1285050649401867E-013  8.3358128735748875E-003 -1.8263551956610915E-013  1.2613360186774921E-013 -1.4928981709812716E-003  1.6118005056506216E-001  1.6565616011241336E-002 -1.1331153385198990E-012  7.8256374414812357E-013 -9.2623038122968526E-003
  2.7840000000000000E+001  7.8784859659541697E-012  9.0247480016983793E-013  8.4550884946974752E-003 -1.7529463204565344E-013  1.3323189308363090E-013 -1.4886996829351789E-003  1.6174231138977940E-001  1.6496964038753545E-002 -1.0837875212149362E-012  8.2372799499941837E-013 -9.2041268369894534E-003
  2.7920000000000002E+001  7.8922123425089446E-012  8.9153340360063772E-013  8.5740048228445161E-003 -1.6776626780470045E-013  1.4027262053778483E-013 -1.4839070301274457E-003  1.6230176336234259E-001  1.6429127129395243E-002 -1.0336644684673995E-012  8.6426717586570146E-013 -9.1428506553130062E-003
  2.8000000000000000E+001  7.9053285688029218E-012  8.8003118088379235E-013  8.6925136195178665E-003 -1.6003554553578343E-013  1.4724553639776437E-013 -1.4785029057051810E-003  1.6285696234117944E-001  1.6362266691336485E-002 -9.8266912580489742E-013  9.0413491895249690E-013 -9.0784783043806848E-003
  2.8080000000000002E+001  7.9178180297946700E-012  8.6797411777699542E-013  8.8105652877573451E-003 -1.5209540893073293E-013  1.5413522083989595E-013 -1.4724706831233656E-003  1.6340646879925483E-001  1.6296539155114472E-002 -9.3077143066597747E-013  9.4325512011634179E-013 -9.0110139843583969E-003
  2.8160000000000000E+001  7.9296638342318390E-012  8.5536954554940900E-013  8.9281089288176050E-003 -1.4394469953990318E-013  1.6092654495949833E-013 -1.4657944721722460E-003  1.6394884894329748E-001  1.6232096074594967E-002 -8.7797567671586328E-013  9.8155566898290368E-013 -8.9404630581643961E-003
  2.8240000000000002E+001  7.9408491817210545E-012  8.4222587058347569E-013  9.0450924033049045E-003 -1.3558539541064283E-013  1.6761024463043745E-013 -1.4584591743907450E-003  1.6448267587828161E-001  1.6169084247059373E-002 -8.2430307618120249E-013  1.0190021662366267E-012 -8.8668320507461693E-003
  2.8320000000000000E+001  7.9513574974975419E-012  8.2855190640853901E-013  9.1614623967201242E-003 -1.2702003049603155E-013  1.7418627904614660E-013 -1.4504505377495422E-003  1.6500653082145245E-001  1.6107645849850034E-002 -7.6977577928351720E-013  1.0556175592699739E-012 -8.7901286479405202E-003
  2.8400000000000002E+001  7.9611723866004195E-012  8.1435606593609223E-013  9.2771644893448312E-003 -1.1825030325083758E-013  1.8066364265167519E-013 -1.4417552104813765E-003  1.6551900437015121E-001  1.6047918591115849E-002 -7.1440839626447443E-013  1.0914800067568987E-012 -8.7103616949236479E-003
  2.8480000000000000E+001  7.9702775460176759E-012  7.9964572358427098E-013  9.3921432303971444E-003 -1.0927754653152821E-013  1.8705681423063306E-013 -1.4323607939307516E-003  1.6601869782773079E-001  1.5990035872304197E-002 -6.5821089402900391E-013  1.1267005808631244E-012 -8.6275411942589690E-003
  2.8560000000000002E+001  7.9786567940454640E-012  7.8442697565919094E-013  9.5063422163737515E-003 -1.0010507125414738E-013  1.9338022688877215E-013 -1.4222558942904914E-003  1.6650422459199662E-001  1.5934126960136283E-002 -6.0120269413155518E-013  1.1613895453160129E-012 -8.5416783035512141E-003
  2.8640000000000001E+001  7.9862943574183395E-012  7.6870488728206743E-013  9.6197041734836231E-003 -9.0741608013448893E-014  1.9964264321335207E-013 -1.4114301730883409E-003  1.6697421161079468E-001  1.5880317165886722E-002 -5.4343310974737013E-013  1.1956226931457081E-012 -8.4527853327154984E-003
  2.8719999999999999E+001  7.9931754513276159E-012  7.5248415274505461E-013  9.7321710440678860E-003 -8.1204607212513228E-014  2.0584309168421500E-013 -1.3998743962806382E-003  1.6742730090941460E-001  1.5828728029883301E-002 -4.8500062424275140E-013  1.2294175741420364E-012 -8.3608757408694563E-003
  2.8800000000000001E+001  7.9992870945723416E-012  7.3576999261259303E-013  9.8436840768885252E-003 -7.1522061009472297E-014  2.1196923727609042E-013 -1.3875804818013230E-003  1.6786215119421019E-001  1.5779477509265439E-002 -4.2606311992611072E-013  1.2627245553315259E-012 -8.2659641328550974E-003
  2.8879999999999999E+001  8.0046189810891314E-012  7.1856907478088015E-013  9.9541839211560977E-003 -6.1732026442766908E-014  2.1799838514812896E-013 -1.3745415454032082E-003  1.6827743953631205E-001  1.5732680167180636E-002 -3.6683438890216764E-013  1.2954335708988861E-012 -8.1680662553953506E-003
  2.8960000000000001E+001  8.0091642188031843E-012  7.0089025098889240E-013  1.0063610724153038E-002 -5.1880088539384779E-014  2.2390057854299987E-013 -1.3607519446138454E-003  1.6867186313832797E-001  1.5688447361775246E-002 -3.0756860858683928E-013  1.3273930708536298E-012 -8.0671989928888365E-003
  2.9039999999999999E+001  8.0129197952554330E-012  6.8274498221400017E-013  1.0171904232294313E-002 -4.2015635155288056E-014  2.2964285916367106E-013 -1.3462073206149802E-003  1.6904414118610672E-001  1.5646887433478418E-002 -2.4853813141163207E-013  1.3584354665724156E-012 -7.9633803628457664E-003
  2.9120000000000001E+001  8.0158867204280304E-012  6.6414739352270503E-013  1.0279003895451435E-002 -3.2188086301550390E-014  2.3519371832864817E-013 -1.3309046378427334E-003  1.6939301678673191E-001  1.5608105889214328E-002 -1.9001140155536851E-013  1.3884032834470043E-012 -7.8566295109681206E-003
  2.9199999999999999E+001  8.0180698890636811E-012  6.4511398728141646E-013  1.0384848974349150E-002 -2.2443656253194767E-014  2.4052664179207547E-013 -1.3148422210964151E-003  1.6971725899328588E-001  1.5572205582265995E-002 -1.3223434773348730E-013  1.4171696138914338E-012 -7.7469667058781165E-003
  2.9280000000000001E+001  8.0194777054285416E-012  6.2566313083597295E-013  1.0489378650826862E-002 -1.2822795627303502E-014  2.4562207460351064E-013 -1.2980197899370612E-003  1.7001566491632583E-001  1.5539286886584082E-002 -7.5416005123715076E-014  1.4446490581064522E-012 -7.6344133334999764E-003
  2.9359999999999999E+001  8.0201215363640496E-012  6.0581445534485476E-013  1.0592532140739080E-002 -3.3583416662792789E-015  2.5046760573994564E-013 -1.2804384901501345E-003  1.7028706192141577E-001  1.5509447864388697E-002 -1.9718421739988404E-014  1.4707981560437343E-012 -7.5189918911007982E-003
  2.9440000000000001E+001  8.0200150400951462E-012  5.8558831391758165E-013  1.0694248809250883E-002  5.9254210711787970E-015  2.5505646427824182E-013 -1.2621009220404808E-003  1.7053030991128210E-001  1.5482784425971195E-002  3.4748066490497206E-014  1.4956059998012148E-012 -7.4007259809968267E-003
  2.9520000000000000E+001  8.0191734689926610E-012  5.6500542106033606E-013  1.0794468288265557E-002  1.5012170438362260E-014  2.5938479842482965E-013 -1.2430111653210997E-003  1.7074430369025193E-001  1.5459390480660935E-002  8.7920657653826530E-014  1.5190778857366230E-012 -7.2796403039318254E-003
  2.9600000000000001E+001  8.0176130928250083E-012  5.4408674616960891E-013  1.0893130595702259E-002  2.3891199495361360E-014  2.6344835309203380E-013 -1.2231748003519393E-003  1.7092797540762461E-001  1.5439358077975108E-002  1.3976976878173893E-013  1.5412156363436163E-012 -7.1557606521348918E-003
  2.9680000000000000E+001  8.0153508770734032E-012  5.2285368456561065E-013  1.0990176256321867E-002  3.2553982219850662E-014  2.6723942951036138E-013 -1.2025989254811457E-003  1.7108029707562461E-001  1.5422777538007512E-002  1.9027855925301754E-013  1.5619997210652713E-012 -7.0291139020658708E-003
  2.9760000000000002E+001  8.0124044556698322E-012  5.0132843744795109E-013  1.1085546423779243E-002  4.0991092083036625E-014  2.7074526292076061E-013 -1.1812921702397173E-003  1.7120028315658314E-001  1.5409737570135645E-002  2.3942468895641195E-013  1.5813797293092048E-012 -6.8997280068573141E-003
  2.9840000000000000E+001  8.0087923023401173E-012  4.7953444249828895E-013  1.1179183003560222E-002  4.9191086688720336E-014  2.7394881417827911E-013 -1.1592647041407914E-003  1.7128699321291735E-001  1.5400325379144443E-002  2.8717364554327033E-013  1.5992789064282184E-012 -6.7676319884620671E-003
  2.9920000000000002E+001  8.0045338817996369E-012  4.5749662717942643E-013  1.1271028776441769E-002  5.7142276121828564E-014  2.7683208829997315E-013 -1.1365282408357168E-003  1.7133953461218049E-001  1.5394626757895517E-002  3.3348889788049569E-013  1.6156133385472354E-012 -6.6328559295146267E-003
  3.0000000000000000E+001  7.9996495381606248E-012  4.3524130837029324E-013  1.1361027522093937E-002  6.4836652551541229E-014  2.7938095718773758E-013 -1.1130960373806559E-003  1.7135706527792519E-001  1.5392726165716211E-002  3.7835461700286771E-013  1.6303198201932181E-012 -6.4954309649123965E-003
  3.0080000000000002E+001  7.9941600173913903E-012  4.1279567402938842E-013  1.1449124142422674E-002  7.2274094590537272E-014  2.8158976328543917E-013 -1.0889828883708019E-003  1.7133879647536088E-001  1.5394706791744166E-002  4.2180000487695302E-013  1.6433824340635662E-012 -6.3553892731202403E-003
  3.0160000000000000E+001  7.9880856830261388E-012  3.9018694624462297E-013  1.1535264784233265E-002  7.9465023491696959E-014  2.8346379028910868E-013 -1.0642051147055718E-003  1.7128399561900426E-001  1.5400650602520905E-002  4.6391469443386044E-013  1.6548467914293574E-012 -6.2127640671991559E-003
  3.0240000000000002E+001  7.9814456136327188E-012  3.6744146758313102E-013  1.1619396960775566E-002  8.6430438329844227E-014  2.8501862854878335E-013 -1.0387805467591761E-003  1.7119198908784147E-001  1.5410638373171413E-002  5.0484903632565724E-013  1.6648163339618921E-012 -6.0675895855580629E-003
  3.0320000000000000E+001  7.9742568128933637E-012  3.4458396567681763E-013  1.1701469671714733E-002  9.3199584235357846E-014  2.8627694748315882E-013 -1.0127285017476708E-003  1.7106216503206953E-001  1.5424749701525959E-002  5.4480075705467962E-013  1.6734336721638115E-012 -5.9199010824269498E-003
  3.0400000000000002E+001  7.9665336801550616E-012  3.2163715598582561E-013  1.1781433521055193E-002  9.9806295701879105E-014  2.8726411906344055E-013 -9.8606975510482720E-004  1.7089397615418925E-001  1.5443063004546157E-002  5.8399400107448793E-013  1.6808552986623733E-012 -5.7697348180496683E-003
  3.0480000000000000E+001  7.9582878055810631E-012  2.9862170662666714E-013  1.1859240832531506E-002  1.0628507159267658E-013  2.8800436007499965E-013 -9.5882650570480775E-004  1.7068694244602980E-001  1.5465655496418785E-002  6.2265682401766858E-013  1.6872293070818110E-012 -5.6171280485949040E-003
  3.0560000000000002E+001  7.9495280687002333E-012  2.7555645837382567E-013  1.1934845761967962E-002  1.1266748612607636E-013  2.8851828600429174E-013 -9.3102233479857265E-004  1.7044065386204912E-001  1.5492603147696956E-002  6.6100056659277076E-013  1.6926812635839684E-012 -5.4621190157836917E-003
  3.0640000000000001E+001  7.9402610078008909E-012  2.5245878086598046E-013  1.2008204406099277E-002  1.1897917464744485E-013  2.8882187321196893E-013 -9.0268215856261153E-004  1.7015477290801842E-001  1.5523980624898641E-002  6.9920242430769140E-013  1.6973081973966695E-012 -5.3047469362309209E-003
  3.0719999999999999E+001  7.9304914007566421E-012  2.2934495865991064E-013  1.2079274907337980E-002  1.2523771435548271E-013  2.8892646406135595E-013 -8.7383217419430888E-004  1.6982903712300534E-001  1.5559861210016136E-002  7.3739303659736772E-013  1.7011785957440685E-012 -5.1450519904966867E-003
  3.0800000000000001E+001  7.9202229735040136E-012  2.0623054661616351E-013  1.2148017553970367E-002  1.3145171508800458E-013  2.8883941229703825E-013 -8.4449979952741245E-004  1.6946326143141835E-001  1.5600316699452381E-002  7.7565094025628007E-013  1.7043360858675008E-012 -4.9830753118413609E-003
  3.0879999999999999E+001  7.9094591263425614E-012  1.8313065269238451E-013  1.2214394875262366E-002  1.3762144335632322E-013  2.8856526578037066E-013 -8.1471360618583016E-004  1.6905734034126876E-001  1.5645417281929190E-002  8.1400584844730001E-013  1.7068062557011943E-012 -4.8188589746762855E-003
  3.0960000000000001E+001  7.8982035425670019E-012  1.6006010409130421E-013  1.2278371730960099E-002  1.4374105928712444E-013  2.8810749944254433E-013 -7.8450324634207627E-004  1.6861124996402060E-001  1.5695231394993344E-002  8.5245135955893343E-013  1.7086067645494340E-012 -4.6524459827002752E-003
  3.1039999999999999E+001  7.8864605568566215E-012  1.3703345278157742E-013  1.2339915394677098E-002  1.4980179421362671E-013  2.8747043108614597E-013 -7.5389937319913017E-004  1.6812504983142212E-001  1.5749825559773147E-002  8.9096330166514563E-013  1.7097586574891503E-012 -4.4838802567108010E-003
  3.1120000000000001E+001  7.8742352554928216E-012  1.1406483511752085E-013  1.2398995630671960E-002  1.5579476118663349E-013  2.8666038732000061E-013 -7.2293355537089319E-004  1.6759888448478485E-001  1.5809264193698293E-002  9.2951609858727127E-013  1.7102933955978172E-012 -4.3132066220779221E-003
  3.1199999999999999E+001  7.8615333950667601E-012  9.1167790810377318E-014  1.2455584763536441E-002  1.6171240889999032E-013  2.8568534229347434E-013 -6.9163818539457475E-004  1.6703298481279125E-001  1.5873609400937197E-002  9.6809128296916152E-013  1.7102509060861171E-012 -4.1404707958688234E-003
  3.1280000000000001E+001  7.8483612700688232E-012  6.8355180350564960E-014  1.2509657740335092E-002  1.6754796300739701E-013  2.8455283760489543E-013 -6.6004638266981301E-004  1.6642766911494788E-001  1.5942920740343817E-002  1.0066740963797941E-012  1.7096673076134733E-012 -3.9657193736113835E-003
  3.1359999999999999E+001  7.8347257209855766E-012  4.5639336793594047E-014  1.2561192184763611E-002  1.7329297137984856E-013  2.8326675632561671E-013 -6.2819189118063640E-004  1.6578334386918159E-001  1.6017254970750166E-002  1.0452386043317636E-012  1.7085554777008394E-012 -3.7889998156864987E-003
  3.1440000000000001E+001  7.8206343946480474E-012  2.3032499338466289E-014  1.2610168442923994E-002  1.7893394115842616E-013  2.8182422145843188E-013 -5.9610897241751037E-004  1.6510050418374175E-001  1.6096665773498456E-002  1.0837269574713868E-012  1.7068858867769117E-012 -3.6103604333406606E-003
  3.1520000000000000E+001  7.8060962904002284E-012  5.4746136024495145E-016  1.2656569620350413E-002  1.8444931861776490E-013  2.8021399650681729E-013 -5.6383229397579185E-004  1.6437973391520522E-001  1.6181203452216814E-002  1.1220301596793223E-012  1.7045759923618947E-012 -3.4298503743119147E-003
  3.1600000000000001E+001  7.7911225036692050E-012 -2.1801740102624472E-014  1.2700381609960121E-002  1.8980802500735662E-013  2.7841708849991002E-013 -5.3139681436170953E-004  1.6362170543592497E-001  1.6270914610014238E-002  1.1599777059187349E-012  1.7014926577820025E-012 -3.2475196080630230E-003
  3.1680000000000000E+001  7.7757270063990514E-012 -4.3999272799740654E-014  1.2741593110648286E-002  1.9497034450666298E-013  2.7640931423520499E-013 -4.9883766458951777E-004  1.6282717903575986E-001  1.6365841804504046E-002  1.1973411983707859E-012  1.6974665282284771E-012 -3.0634189106148193E-003
  3.1760000000000002E+001  7.7599272485481390E-012 -6.6027230380257277E-014  1.2780195636294444E-002  1.9989103125397218E-013  2.7416504248039741E-013 -4.6619002720171875E-004  1.6199700194444144E-001  1.6466023181356350E-002  1.2338515780813945E-012  1.6923139548715073E-012 -2.8775998489702246E-003
  3.1840000000000000E+001  7.7437444413984158E-012 -8.7865679596604241E-014  1.2816183515000561E-002  2.0452372684003879E-013  2.7166093421739307E-013 -4.3348901339090081E-004  1.6113210696301547E-001  1.6571492087367030E-002  1.2692248814889036E-012  1.6858595175039422E-012 -2.6901147651157285E-003
  3.1920000000000002E+001  7.7272034522537327E-012 -1.0949297985504017E-013  1.2849553878436988E-002  2.0882554733531832E-013  2.6887862079549070E-013 -4.0076953894575959E-004  1.6023351069562816E-001  1.6682276664286389E-002  1.3031898265127947E-012  1.6779526641835503E-012 -2.5010167595833866E-003
  3.2000000000000000E+001  7.7103323538247649E-012 -1.3088625892388276E-013  1.2880306641231883E-002  2.1276067004679441E-013  2.6580578406238131E-013 -3.6806619978411396E-004  1.5930231137659867E-001  1.6798399424856135E-002  1.3355100896155698E-012  1.6684749668545018E-012 -2.3103596745537324E-003
  3.2079999999999998E+001  7.6931617450462456E-012 -1.5202190530502118E-013  1.2908444470402446E-002  2.1630221721011127E-013  2.6243564180601696E-013 -3.3541314787044517E-004  1.5833968629215228E-001  1.6919876812654572E-002  1.3659967342431504E-012  1.6573376860285115E-012 -2.1181980764793194E-003
  3.2160000000000004E+001  7.6757239990711471E-012 -1.7287596161284547E-013  1.2933972744891154E-002  2.1943253313786168E-013  2.5876537743405647E-013 -3.0284396834049992E-004  1.5734688880074890E-001  1.7046718747512610E-002  1.3945110648967454E-012  1.6444726664882235E-012 -1.9245872382100142E-003
  3.2240000000000002E+001  7.6580525397441878E-012 -1.9342436569447022E-013  1.2956899505336926E-002  2.2214228238363205E-013  2.5479430161476437E-013 -2.7039155867142513E-004  1.5632524496070022E-001  1.7178928158418042E-002  1.4209602388948313E-012  1.6298212785756358E-012 -1.7295831206041365E-003
  3.2320000000000000E+001  7.6401812338897659E-012 -2.1364304987120777E-013  1.2977235394278582E-002  2.2442868151754843E-013  2.5052244022462688E-013 -2.3808801073903554E-004  1.5527614977748391E-001  1.7316500506122968E-002  1.4452873089700490E-012  1.6133257405190003E-012 -1.5332423536130973E-003
  3.2399999999999999E+001  7.6221439507013800E-012 -2.3350795613041052E-013  1.2994993587055172E-002  2.2629335300985272E-013  2.4594999910206139E-013 -2.0596449659673541E-004  1.5420106308701986E-001  1.7459423297958087E-002  1.4674585619763121E-012  1.5949258126502057E-012 -1.3356222168305156E-003
  3.2480000000000004E+001  7.6039742974081895E-012 -2.5299504972753759E-013  1.3010189713734060E-002  2.2774014493124005E-013  2.4107785087036676E-013 -1.7405115879374523E-004  1.5310150509456111E-001  1.7607675597707144E-002  1.4874502117828589E-012  1.5745620487514107E-012 -1.1367806194994981E-003
  3.2560000000000002E+001  7.5857055275123816E-012 -2.7208041226966920E-013  1.3022841772462171E-002  2.2877342133696839E-013  2.3590875833874246E-013 -1.4237700602401458E-004  1.5197905159222272E-001  1.7761227533740133E-002  1.5052376877282276E-012  1.5521840517677008E-012 -9.3677607997404687E-004
  3.2640000000000001E+001  7.5673705499942746E-012 -2.9074045106173639E-013  1.3032970034697902E-002  2.2939761147974869E-013  2.3044905106027222E-013 -1.1096981486178074E-004  1.5083532888155468E-001  1.7920039808927184E-002  1.5207928283938284E-012  1.5277621362686907E-012 -7.3566770463285810E-004
  3.2719999999999999E+001  7.5490019096756218E-012 -3.0895226043931276E-013  1.3040596942840056E-002  2.2961849151534020E-013  2.2471056085816488E-013 -7.9856038294717335E-005  1.4967200843091530E-001  1.8084063216147722E-002  1.5340925380698467E-012  1.5013013017063565E-012 -5.3351516624640871E-004
  3.2799999999999997E+001  7.5306315913518201E-012 -3.2669414079904277E-013  1.3045747000825057E-002  2.2944588157033563E-013  2.1871237778977124E-013 -4.9060721712208735E-005  1.4849080130026029E-001  1.8253238163520497E-002  1.5451373957403205E-012  1.4728547175008010E-012 -3.3037868180106969E-004
  3.2880000000000003E+001  7.5122905686243681E-012 -3.4394624088567616E-013  1.3048446658314009E-002  2.2889679964178569E-013  2.1248183464880670E-013 -1.8607426942849909E-005  1.4729345236770131E-001  1.8427494213892736E-002  1.5539742999304927E-012  1.4425326951294568E-012 -1.2631898978651655E-004
  3.2960000000000001E+001  7.4940081034091344E-012 -3.6069123434285184E-013  1.3048724189135913E-002  2.2799762159724157E-013  2.0605409066825732E-013  1.1481835133651721E-005  1.4608173439378364E-001  1.8606749643502406E-002  1.5607134833675746E-012  1.4105025900871010E-012  7.8602673045676989E-005
  3.3039999999999999E+001  7.4758109491688095E-012 -3.7691489539259733E-013  1.3046609564692625E-002  2.2678407365876087E-013  1.9946995268863855E-013  4.1186662949610486E-005  1.4485744195991365E-001  1.8790911025198240E-002  1.5655315063625539E-012  1.3769765956215718E-012  2.8432459544392770E-004
  3.3119999999999997E+001  7.4577226516237327E-012 -3.9260642677303401E-013  1.3042134323063975E-002  2.2529895076048318E-013  1.9277219505756878E-013  7.0488313215857391E-005  1.4362238531817001E-001  1.8979872841955445E-002  1.5686586443465565E-012  1.3421884938803966E-012  4.9078461593112270E-004
  3.3200000000000003E+001  7.4397631170471322E-012 -4.0775844660180834E-013  1.3035331434578088E-002  2.2358826944132980E-013  1.8600144682352140E-013  9.9369740201246410E-005  1.4237838419056756E-001  1.9173517136679547E-002  1.5703546662371539E-012  1.3063661504345170E-012  6.9792014758442860E-004
  3.3280000000000001E+001  7.4219485285131199E-012 -4.2236665826479744E-013  1.3026235164631776E-002  2.2169710701837920E-013  1.7919300712379142E-013  1.2781562512074584E-004  1.4112726155658026E-001  1.9371713204445615E-002  1.5708811028206032E-012  1.2697090762374811E-012  9.0566820331323158E-004
  3.3359999999999999E+001  7.4042915799241915E-012 -4.3642932774161497E-013  1.3014880934558768E-002  2.1966627822941881E-013  1.7237564641043644E-013  1.5581239551533529E-004  1.3987083746816240E-001  1.9574317333388987E-002  1.5704779627070805E-012  1.2323789016344162E-012  1.1139654216271062E-003
  3.3439999999999998E+001  7.3868019239964129E-012 -4.4994676169046727E-013  1.3001305181349322E-002  2.1753036101320504E-013  1.6557256514962455E-013  1.8334823459652738E-004  1.3861092293151189E-001  1.9781172600452888E-002  1.5693488366778115E-012  1.1945048033159259E-012  1.3227480928839023E-003
  3.3520000000000003E+001  7.3694867221620787E-012 -4.6292093816555490E-013  1.2985545217023324E-002  2.1531706052582306E-013  1.5880372312075071E-013  2.1041308061818097E-004  1.3734931389408539E-001  1.9992108728150496E-002  1.5676548467728246E-012  1.1561991327611222E-012  1.5319521860057376E-003
  3.3600000000000001E+001  7.3523511943122812E-012 -4.7535535738978738E-013  1.2967639088450413E-002  2.1304764334531949E-013  1.5208831020110129E-013  2.3699861642572468E-004  1.3608778537387289E-001  2.0206942008420985E-002  1.5655160535602733E-012  1.1175748952882799E-012  1.7415133756482910E-003
  3.3680000000000000E+001  7.3353990992268276E-012 -4.8725506779773111E-013  1.2947625438395208E-002  2.1073814380132267E-013  1.4544632234713451E-013  2.6309824941710830E-004  1.3482808576615404E-001  2.0425475299473535E-002  1.5630186216185559E-012  1.0787575349308955E-012  1.9513670698064257E-003
  3.3759999999999998E+001  7.3186330913040696E-012 -4.9862676896532891E-013  1.2925543368543676E-002  2.0840103004950667E-013  1.3889892424855176E-013  2.8870708223077907E-004  1.3357193136108628E-001  2.0647498101179763E-002  1.5602257985841276E-012  1.0398882644893677E-012  2.1614484378366782E-003
  3.3840000000000003E+001  7.3020549344189065E-012 -5.0947889567749939E-013  1.2901432305238283E-002  2.0604696792393332E-013  1.3246766126352907E-013  3.1382187455239420E-004  1.3232100110343190E-001  2.0872786714101484E-002  1.5571902412301642E-012  1.0011188397568377E-012  2.3716924388742480E-003
  3.3920000000000002E+001  7.2856655764362403E-012 -5.1982159476749356E-013  1.2875331868615293E-002  2.0368618297937872E-013  1.2617287559044775E-013  3.3844099650260587E-004  1.3107693162328229E-001  2.1101104486667358E-002  1.5539639648686531E-012  9.6259991364186458E-013  2.5820338506187257E-003
  3.4000000000000000E+001  7.2694651451422059E-012 -5.2966655577197103E-013  1.2847281745797866E-002  2.0132888401206297E-013  1.2003166753168645E-013  3.6256437413236409E-004  1.2984131256373382E-001  2.1332202154357945E-002  1.5506016247083467E-012  9.2446515991492390E-013  2.7924072984591205E-003
  3.4079999999999998E+001  7.2534529549943102E-012 -5.3902666157256339E-013  1.2817321568754115E-002  1.9898448363006801E-013  1.1405559753254687E-013  3.8619342760802967E-004  1.2861568222808678E-001  2.1565818274044531E-002  1.5471546155663060E-012  8.8681242992021460E-013  3.0027472849052904E-003
  3.4160000000000004E+001  7.2376276277613950E-012 -5.4791545137717853E-013  1.2785490797380582E-002  1.9665982109072362E-013  1.0824862303880461E-013  4.0933100271460347E-004  1.2740152356525139E-001  2.1801679755881025E-002  1.5436569879009792E-012  8.4968565614715869E-013  3.2129882192901602E-003
  3.4240000000000002E+001  7.2219873836197944E-012 -5.5634644125877213E-013  1.2751828608319778E-002  1.9435698975469772E-013  1.0260586562561697E-013  4.3198129634165533E-004  1.2620026050792682E-001  2.2039502494345289E-002  1.5401074133137326E-012  8.1306231668990254E-013  3.4230644477054716E-003
  3.4320000000000000E+001  7.2065305094006434E-012 -5.6433238987727724E-013  1.2716373789965917E-002  1.9207156271807549E-013  9.7113873590590151E-014  4.5414977664332652E-004  1.2501325467408553E-001  2.2278992099127561E-002  1.5364533231780310E-012  7.7685221518356953E-013  3.6329102831333341E-003
  3.4399999999999999E+001  7.1912559335849023E-012 -5.7188466103326655E-013  1.2679164644056846E-002  1.8979190743369246E-013  9.1752716701327110E-014  4.7584309858148509E-004  1.2384180243843949E-001  2.2519844725568242E-002  1.5325829887433462E-012  7.4091108847012356E-013  3.8424600357363529E-003
  3.4480000000000004E+001  7.1761638042112526E-012 -5.7901282454948958E-013  1.2640238894192879E-002  1.8749986488862768E-013  8.6499504341628419E-014  4.9706901557083818E-004  1.2268713237714132E-001  2.2761748003219090E-002  1.5283283732193222E-012  7.0506671956251852E-013  4.0516480432703289E-003
  3.4560000000000002E+001  7.1612559552027219E-012 -5.8572458172792710E-013  1.2599633601565512E-002  1.8517273005979703E-013  8.1332422601385547E-014  5.1783628794708266E-004  1.2155040308570879E-001  2.3004382059911156E-002  1.5234789812940148E-012  6.6915091617773674E-013  4.2604087015851852E-003
  3.4640000000000001E+001  7.1465361674016851E-012 -5.9202601216571127E-013  1.2557385088121346E-002  1.8278603564776955E-013  7.6233992015945373E-014  5.3815458897407947E-004  1.2043270136721305E-001  2.3247420637448880E-002  1.5178032931633324E-012  6.3302688607868722E-013  4.4686764951816270E-003
  3.4719999999999999E+001  7.1320101894990788E-012 -5.9792202045047836E-013  1.2513528867329659E-002  1.8031642916077355E-013  7.1192601531187028E-014  5.5803440909463122E-004  1.1933504078521527E-001  2.3490532293716782E-002  1.5110722933996959E-012  5.9660370597305325E-013  4.6763860277929097E-003
  3.4800000000000004E+001  7.1176855387359613E-012 -6.0341682841070119E-013  1.2468099582666205E-002  1.7774395382755217E-013  6.6202116487015847E-014  5.7748695911263772E-004  1.1825836057365188E-001  2.3733381684630163E-002  1.5030793253089531E-012  5.5983523859108106E-013  4.8834720529627607E-003
  3.4880000000000003E+001  7.1035711568866704E-012 -6.0851435908840089E-013  1.2421130953871637E-002  1.7505313866295691E-013  6.1259897658029342E-014  5.9652407297266542E-004  1.1720352489390103E-001  2.3975630917999525E-002  1.4936508761118001E-012  5.2270532798020637E-013  5.0898695045918660E-003
  3.4960000000000001E+001  7.0896770365498882E-012 -6.1321841203598589E-013  1.2372655730990579E-002  1.7223289479535275E-013  5.6364127221379810E-014  6.1515811077572126E-004  1.1617132242735076E-001  2.4216940970096513E-002  1.4826476242479446E-012  4.8520611982852981E-013  5.2955135274262918E-003
  3.5039999999999999E+001  7.0760138937194140E-012 -6.1753261944382166E-013  1.2322705656147522E-002  1.6927557672901724E-013  5.1511393207964076E-014  6.3340186263984759E-004  1.1516246629042036E-001  2.4456973154427075E-002  1.4699581977296064E-012  4.4731739198864764E-013  5.5003395074617019E-003
  3.5119999999999997E+001  7.0625929442732454E-012 -6.2146023494926014E-013  1.2271311432968203E-002  1.6617570331206929E-013  4.6695229048806647E-014  6.5126845398070761E-004  1.1417759425771913E-001  2.4695390631057579E-002  1.4554895287778250E-012  4.0899314887996777E-013  5.7042831022372361E-003
  3.5200000000000003E+001  7.0494257811894829E-012 -6.2500385609163073E-013  1.2218502703510608E-002  1.6292891555112776E-013  4.1906014887899091E-014  6.6877125274983872E-004  1.1321726927785669E-001  2.4931859943836676E-002  1.4391587103498239E-012  3.7015959413103635E-013  5.9072802709923796E-003
  3.5280000000000001E+001  7.0365243177850650E-012 -6.2816519733132399E-013  1.2164308032528229E-002  1.5953143480717718E-013  3.7132229195084934E-014  6.8592377913040186E-004  1.1228198026575728E-001  2.5166052571935479E-002  1.4208888288824755E-012  3.3072510860757859E-013  6.1092673046590513E-003
  3.5359999999999999E+001  7.0239007516203346E-012 -6.3094501276284431E-013  1.2108754898849744E-002  1.5598006126461216E-013  3.2362747983781232E-014  7.0273961814888188E-004  1.1137214315442442E-001  2.5397646481495770E-002  1.4006093947155434E-012  2.9060021888169137E-013  6.3101808556596363E-003
  3.5439999999999998E+001  7.0115675079827271E-012 -6.3334323700872899E-013  1.2051869693624408E-002  1.5227265799717533E-013  2.7589597091444001E-014  7.1923233561709899E-004  1.1048810218837873E-001  2.5626327662755882E-002  1.3782611528322473E-012  2.4972268630758538E-013  6.5099579674800338E-003
  3.5520000000000003E+001  6.9995371263407865E-012 -6.3535934829747535E-013  1.1993677725151008E-002  1.4840904027764929E-013  2.2810501741056702E-014  7.3541539777222803E-004  1.0963013144003257E-001  2.5851791637942760E-002  1.3538047769911535E-012  2.0808192321937315E-013  6.7085361039855521E-003
  3.5600000000000001E+001  6.9878220615383032E-012 -6.3699291728729806E-013  1.1934203229980851E-002  1.4439212428936923E-013  1.8030618376957249E-014  7.5130209493219288E-004  1.0879843652928779E-001  2.6073744925444269E-002  1.3272322889048557E-012  1.6573691370375882E-013  6.9058531784471312E-003
  3.5680000000000000E+001  6.9764343864544874E-012 -6.3824424723778851E-013  1.1873469389961857E-002  1.4022914233043489E-013  1.3262903263024855E-014  7.6690546943207656E-004  1.0799315652572318E-001  2.6291906446296750E-002  1.2985795135796307E-012  1.2282212568421215E-013  7.1018475822462439E-003
  3.5759999999999998E+001  6.9653853987654336E-012 -6.3911498180938204E-013  1.1811498354871719E-002  1.3593256953586185E-013  8.5269066304455733E-015  7.8223824805649005E-004  1.0721436601233593E-001  2.6506008859711879E-002  1.2679362503113871E-012  7.9538737712591979E-014  7.2964582132289029E-003
  3.5840000000000003E+001  6.9546851753287495E-012 -6.3960855229865981E-013  1.1748311270272819E-002  1.3152023314952875E-013  3.8461289478957374E-015  7.9731277913551750E-004  1.0646207728985158E-001  2.6715799815215564E-002  1.2354490156318318E-012  3.6131706230980482E-014  7.4896245036820269E-003
  3.5920000000000002E+001  6.9443421614615090E-012 -6.3973036244104536E-013  1.1683928310210036E-002  1.2701434585762385E-013 -7.5547440453732166E-016  8.1214097442865001E-004  1.0573624270120244E-001  2.6921043109926223E-002  1.2013135099053550E-012 -7.1424126904694696E-015  7.6812864479084229E-003
  3.6000000000000000E+001  6.9343628799915297E-012 -6.3948767639393384E-013  1.1618368714364235E-002  1.2243964520462884E-013 -5.2569766682776811E-015  8.2673425588244672E-004  1.0503675705674942E-001  2.7121519740563711E-002  1.1657580478286288E-012 -5.0048976173191654E-014  7.8713846293793008E-003
  3.6079999999999998E+001  6.9247518182287684E-012 -6.3888924617412093E-013  1.1551650829268845E-002  1.1782116083849552E-013 -9.6429597320788497E-015  8.4110350731175310E-004  1.0436346014183542E-001  2.7317028841018144E-002  1.1290225900358834E-012 -9.2400481726278069E-014  8.0598602474453006E-003
  3.6160000000000004E+001  6.9155114942573704E-012 -6.3794480283680122E-013  1.1483792153194354E-002  1.1318238301672500E-013 -1.3904252406878868E-014  8.5525903102049014E-004  1.0371613928928110E-001  2.7507388497701471E-002  1.0913407332760748E-012 -1.3406585391995390E-013  8.2466551435886881E-003
  3.6240000000000002E+001  6.9066426369460924E-012 -6.3666456578902031E-013  1.1414809384305566E-002  1.0854429896255751E-013 -1.8036812197330928E-014  8.6921050934394076E-004  1.0309453200015679E-001  2.7692436436513961E-002  1.0529294210632180E-012 -1.7496186677028448E-013  8.4317118272008926E-003
  3.6320000000000000E+001  6.8981444064233612E-012 -6.3505891288522827E-013  1.1344718471699324E-002  1.0392535888301049E-013 -2.2039253197322034E-014  8.8296697106186872E-004  1.0249832859690804E-001  2.7872030576964749E-002  1.0139873983670452E-012 -2.1503083136041091E-013  8.6149735008713372E-003
  3.6399999999999999E+001  6.8900145795248107E-012 -6.3313828527744878E-013  1.1273534668935667E-002  9.9342128658598517E-014 -2.5909962897909712E-014  8.9653676260279197E-004  1.0192717489378635E-001  2.8046049450718282E-002  9.7470042331763592E-013 -2.5421330328953450E-013  8.7963840851754734E-003
  3.6480000000000004E+001  6.8822496658379855E-012 -6.3091331882156272E-013  1.1201272589682877E-002  9.4810048941180448E-014 -2.9644852415954186E-014  9.0992752393418861E-004  1.0138067487061535E-001  2.8214392483532014E-002  9.3524778064533724E-013 -2.9242604312660196E-013  8.9758882429519619E-003
  3.6560000000000002E+001  6.8748449716942218E-012 -6.2839510889089611E-013  1.1127946265106197E-002  9.0343948956338643E-014 -3.3236394123924745E-014  9.2314616901375711E-004  1.0085839333725678E-001  2.8376980141146573E-002  8.9580663605252518E-013 -3.2955204032479348E-013  9.1534314030605381E-003
  3.6640000000000001E+001  6.8677946340049713E-012 -6.2559549576173476E-013  1.1053569202640676E-002  8.5958143854368250E-014 -3.6674081828254802E-014  9.3619887066200957E-004  1.0035985857767368E-001  2.8533753941161435E-002  8.5655241319471569E-013 -3.6544448123081235E-013  9.3289597836128928E-003
  3.6719999999999999E+001  6.8610916686775229E-012 -6.2252725579837534E-013  1.0978154445800276E-002  8.1666106791209339E-014 -3.9946042394353096E-014  9.4909104970537480E-004  9.9884564964031280E-002  2.8684676334301263E-002  8.1765495754740309E-013 -3.9994245416494901E-013  9.5024204146686529E-003
  3.6800000000000004E+001  6.8547280569183778E-012 -6.1920412897863826E-013  1.0901714634687816E-002  7.7479863868896380E-014 -4.3041295072346837E-014  9.6182736822921899E-004  9.9431975532596972E-002  2.8829730459796022E-002  7.7927183710075805E-013 -4.3289367852499680E-013  9.6737611603873661E-003
  3.6880000000000003E+001  6.8486948904584995E-012 -6.1564064858679985E-013  1.0824262066883601E-002  7.3409086661951399E-014 -4.5952206022632700E-014  9.7441172677046684E-004  9.9001524514253772E-002  2.8968919780861073E-002  7.4153845821044461E-013 -4.6417981940114325E-013  9.8429307406256127E-003
  3.6960000000000001E+001  6.8429826030524656E-012 -6.1185177601501703E-013  1.0745808758404541E-002  6.9460024559408389E-014 -4.8676703833137731E-014  9.8684726526875044E-004  9.8592619813072060E-002  2.9102267607507813E-002  7.0455638096006806E-013 -4.9373995091063220E-013  1.0009878751966612E-002
  3.7039999999999999E+001  6.8375812865289941E-012 -6.0785237597349781E-013  1.0666366504440600E-002  6.5634458921908834E-014 -5.1219723851086848E-014  9.9913636758177521E-004  9.8204645426702541E-002  2.9229816515100059E-002  6.6838167559279939E-013 -5.2158658401871331E-013  1.0174555688168592E-002
  3.7119999999999997E+001  6.8324810896249602E-012 -6.0365662019884313E-013  1.0585946939591457E-002  6.1928982760863905E-014 -5.3593366839617492E-014  1.0112806693570071E-003  9.7836963802448607E-002  2.9351627668159370E-002  6.3301647746991461E-013 -5.4780871257954811E-013  1.0336912960018289E-002
  3.7200000000000003E+001  6.8276726492872559E-012 -5.9927743727915902E-013  1.0504561597343479E-002  5.8334891404130336E-014 -5.5815485342856198E-014  1.0232810690393498E-003  9.7488918122999910E-002  2.9467780059824266E-002  5.9840678391676621E-013 -5.7255855772484638E-013  1.0496902914577414E-002
  3.7280000000000001E+001  6.8231475070002993E-012 -5.9472614254398614E-013  1.0422221968545161E-002  5.4838837763283483E-014 -5.7906819265602652E-014  1.0351377417853829E-003  9.7159834516118690E-002  2.9578369678022926E-002  5.6444825139658539E-013 -5.9602288242426474E-013  1.0654478853812658E-002
  3.7359999999999999E+001  6.8188984352451306E-012 -5.9001234619666259E-013  1.0338939558657818E-002  5.1424213869608142E-014 -5.9887385373870006E-014  1.0468501560504957E-003  9.6849024183234933E-002  2.9683508609762394E-002  5.3099976669997020E-013 -6.1838587716698863E-013  1.0809595052603179E-002
  3.7439999999999998E+001  6.8149196327811620E-012 -5.8514416088416694E-013  1.0254725943577082E-002  4.8072863017292272E-014 -6.1773209679828130E-014  1.0584170926187489E-003  9.6555785443001793E-002  2.9783324094940115E-002  4.9790082698679958E-013 -6.3979484147947163E-013  1.0962206776122784E-002
  3.7520000000000003E+001  6.8112067771623638E-012 -5.8012863264789009E-013  1.0169592823838818E-002  4.4766763066976743E-014 -6.3574421322964583E-014  1.0698366658534113E-003  9.6279405687126923E-002  2.9877957540834766E-002  4.6498900763848511E-013 -6.6033944207375138E-013  1.1112270296596435E-002
  3.7600000000000001E+001  6.8077569506904457E-012 -5.7497225347249261E-013  1.0083552077040536E-002  4.1489181414674161E-014 -6.5295191926090768E-014  1.0811063469565001E-003  9.6019163247106146E-002  2.9967563507986909E-002  4.3211224420057003E-013 -6.8004996768350822E-013  1.1259742909431830E-002
  3.7680000000000000E+001  6.8045685081360159E-012 -5.6968140193971557E-013  9.9966158083257782E-003  3.8225063471897948E-014 -6.6935269743408005E-014  1.0922229890375631E-003  9.5774329171556261E-002  3.0052308677651775E-002  3.9913328788144004E-013 -6.9891236524158306E-013  1.1404582948726812E-002
  3.7759999999999998E+001  6.8016409405349420E-012 -5.6426261031354733E-013  9.9087963987945261E-003  3.4960709596920270E-014 -6.8492389723608085E-014  1.1031828538000249E-003  9.5544168914561522E-002  3.0132370810459216E-002  3.6592673215798230E-013 -7.1689281015996057E-013  1.1546749802152438E-002
  3.7840000000000003E+001  6.7989747946005087E-012 -5.5872261958393827E-013  9.8201065517177742E-003  3.1682989313998834E-014 -6.9964662687850427E-014  1.1139816396596989E-003  9.5327943935863843E-002  3.0207937705356708E-002  3.3237109443552432E-013 -7.3396249229571193E-013  1.1686203925210414E-002
  3.7920000000000002E+001  6.7965716622447022E-012 -5.5306826428349126E-013  9.7305593364489743E-003  2.8378565917723998E-014 -7.1352291086978785E-014  1.1246145111150872E-003  9.5124913213977300E-002  3.0279206167316063E-002  2.9834086172832325E-013 -7.5011568007428582E-013  1.1822906854862585E-002
  3.8000000000000000E+001  6.7944342240536728E-012 -5.4730625301002167E-013  9.6401682299393603E-003  2.5033510064713587E-014 -7.2658323154801516E-014  1.1350761291946724E-003  9.4934334673559856E-002  3.0346380991613173E-002  2.6370251365541346E-013 -7.6537785638276621E-013  1.1956821222529323E-002
  3.8079999999999998E+001  6.7925663006343481E-012 -5.4144293257872302E-013  9.5489471557778267E-003  2.1633542161180525E-014 -7.3888343886483316E-014  1.1453606828138222E-003  9.4755466528675739E-002  3.0409673971744312E-002  2.2831712723632609E-013 -7.7980267866775882E-013  1.2087910766452962E-002
  3.8160000000000004E+001  6.7909728573078840E-012 -5.3548411798818434E-013  9.4569105206891487E-003  1.8164936829316081E-014 -7.5049242348348320E-014  1.1554619208817567E-003  9.4587568543885600E-002  3.0469302937253178E-002  1.9205000631299513E-013 -7.9345908532206658E-013  1.2216140343421623E-002
  3.8240000000000002E+001  6.7896599107416575E-012 -5.2943505380298729E-013  9.3640732484367457E-003  1.4615817501877758E-014 -7.6147235263138409E-014  1.1653731850070595E-003  9.4429903215265426E-002  3.0525490826977229E-002  1.5478452905017681E-013 -8.0641035420929999E-013  1.2341475939848084E-002
  3.8320000000000000E+001  6.7886343265075835E-012 -5.2330056034608219E-013  9.2704508110880192E-003  1.0977556369340415E-014 -7.7185501660070053E-014  1.1750874426551933E-003  9.4281736873413569E-002  3.0578464802519099E-002  1.1643721984144459E-013 -8.1868882431956443E-013  1.2463884682197932E-002
  3.8399999999999999E+001  6.7879035017225630E-012 -5.1708537353737608E-013  9.1760592576119147E-003  7.2460498565095448E-015 -7.8161982602954109E-014  1.1845973206144273E-003  9.4142340710274164E-002  3.0628455406118828E-002  7.6971589220193277E-014 -8.3027216482258088E-013  1.2583334846761588E-002
  3.8480000000000004E+001  6.7874749585305420E-012 -5.1079464312960953E-013  9.0809152397897108E-003  3.4226447706139624E-015 -7.9068033355670048E-014  1.1938951386287209E-003  9.4010991731346638E-002  3.0675695766498604E-002  3.6408317349011054E-014 -8.4106856295861697E-013  1.2699795868766111E-002
  3.8560000000000002E+001  6.7873558785592648E-012 -5.0443448820046887E-013  8.9850360354313194E-003 -4.8543849658857785E-016 -7.9888470072351405E-014  1.2029729430595992E-003  9.3886973634719789E-002  3.0720420855627820E-002 -5.1699037828346115E-015 -8.5091671633864421E-013  1.2813238350824816E-002
  3.8640000000000001E+001  6.7875526286899962E-012 -4.9801248791803331E-013  8.8884395689001749E-003 -4.4653665030475054E-015 -8.0603182387860491E-014  1.2118225404469485E-003  9.3769577618518410E-002  3.0762866798663073E-002 -4.7620846034668735E-014 -8.5960259576400958E-013  1.2923634070725273E-002
  3.8719999999999999E+001  6.7880703371997524E-012 -4.9153797901841119E-013  8.7911444289598076E-003 -8.4997087905144498E-015 -8.1189905344633353E-014  1.2204355308495876E-003  9.3658103118705982E-002  3.0803270238586023E-002 -9.0753357425817814E-014 -8.6688875811792755E-013  1.3030955988558617E-002
  3.8800000000000004E+001  6.7889125820964785E-012 -4.8502210306289197E-013  8.6931698839642409E-003 -1.2568097895052462E-014 -8.1627378711680831E-014  1.2288033408588343E-003  9.3551858479590050E-002  3.0841867756354450E-002 -1.3434496444900850E-013 -8.7254802246799219E-013  1.3135178253194844E-002
  3.8880000000000003E+001  6.7900812328629608E-012 -4.7847759842454226E-013  8.5945358944223942E-003 -1.6649205406167411E-014 -8.1898017355965804E-014  1.2369172561911947E-003  9.3450161559770276E-002  3.0878895346722265E-002 -1.7816298303265790E-013 -8.7639212072095862E-013  1.3236276208109776E-002
  3.8960000000000001E+001  6.7915764549614653E-012 -4.7191842028593744E-013  8.4952631229736498E-003 -2.0722462902339907E-014 -8.1989365785333921E-014  1.2447684537768007E-003  9.3352340276473419E-002  3.0914587949342227E-002 -2.2198301795125867E-013 -8.7828746683135754E-013  1.3334226396569910E-002
  3.9039999999999999E+001  6.7933968269273352E-012 -4.6535929989888883E-013  8.3953729418181060E-003 -2.4769015800676766E-014 -8.1894182825089926E-014  1.2523480332685588E-003  9.3257733091297618E-002  3.0949179034320172E-002 -2.6559932121262368E-013 -8.7815628330762999E-013  1.3429006566181501E-002
  3.9119999999999997E+001  6.7955394974895735E-012 -4.5881535103392306E-013  8.2948874376506804E-003 -2.8771701258127635E-014 -8.1609364456783236E-014  1.2596470479050168E-003  9.3165689440421431E-002  3.0982900241012811E-002 -3.0882469844505956E-013 -8.7596521804301293E-013  1.3520595672810292E-002
  3.9200000000000003E+001  6.7980002991286356E-012 -4.5230180158580351E-013  8.1938294141533034E-003 -3.2714281708706200E-014 -8.1134172155791506E-014  1.2666565346669914E-003  9.3075570112335401E-002  3.1015981068547045E-002 -3.5148237999118938E-013 -8.7170640128576499E-013  1.3608973883878210E-002
  3.9280000000000001E+001  6.8007737825629665E-012 -4.4583388348899642E-013  8.0922223921039618E-003 -3.6580426522624508E-014 -8.0468363958806909E-014  1.2733675436750274E-003  9.2986747576131679E-002  3.1048648616282964E-002 -3.9339510364460475E-013 -8.6537733226334196E-013  1.3694122581043295E-002
  3.9359999999999999E+001  6.8038531673722555E-012 -4.3942686335239441E-013  7.9900906071652990E-003 -4.0352973664166344E-014 -7.9610692448752755E-014  1.2797711667806547E-003  9.2898606263276257E-002  3.1081127372266731E-002 -4.3437712337713118E-013 -8.5696459774848904E-013  1.3776024362268999E-002
  3.9439999999999998E+001  6.8072302583492331E-012 -4.3309617269719597E-013  7.8874590054190570E-003 -4.4013792436266238E-014 -7.8558031765286387E-014  1.2858585653078582E-003  9.2810542805550733E-002  3.1113639047635186E-002 -4.7423262548007635E-013 -8.4643427900830218E-013  1.3854663043289316E-002
  3.9520000000000003E+001  6.8108953741620581E-012 -4.2685757826994859E-013  7.7843532367160417E-003 -4.7544291892557929E-014 -7.7305313726457949E-014  1.2916209969037785E-003  9.2721966231556138E-002  3.1146402454912653E-002 -5.1276107687331371E-013 -8.3373103342475448E-013  1.3930023658476917E-002
  3.9600000000000001E+001  6.8148373450520424E-012 -4.2072732250096270E-013  7.6807996459144524E-003 -5.0926426766769559E-014 -7.5846308480580408E-014  1.2970498414602402E-003  9.2632298123968768E-002  3.1179633428124305E-002 -5.4976795095675223E-013 -8.1878628704755661E-013  1.4002092461122835E-002
  3.9680000000000000E+001  6.8190436024447412E-012 -4.1472216891305572E-013  7.5768252620824032E-003 -5.4143984634338477E-014 -7.4175085118433632E-014  1.3021366260730454E-003  9.2540972739709335E-002  3.1213544782605216E-002 -5.8507853298749371E-013 -8.0153381788217647E-013  1.4070856923137785E-002
  3.9759999999999998E+001  6.8235003825935366E-012 -4.0885930888201332E-013  7.4724577857427652E-003 -5.7184015467190822E-014 -7.2287900763171946E-014  1.3068730490144913E-003  9.2447437095372828E-002  3.1248346312289347E-002 -6.1855332950398715E-013 -7.8193006196252205E-013  1.4136305734186399E-002
  3.9840000000000003E+001  6.8281930449194918E-012 -4.0315610479094821E-013  7.3677255742400846E-003 -6.0038193936778414E-014 -7.0185071451246979E-014  1.3112510027046928E-003  9.2351151020574618E-002  3.1284244822148824E-002 -6.5010283479821764E-013 -7.5997434639056178E-013  1.4198428800266259E-002
  3.9920000000000002E+001  6.8331064936234211E-012 -3.9762969744981381E-013  7.2626576253100143E-003 -6.2703887385609512E-014 -6.7872197530006430E-014  1.3152625956769110E-003  9.2251587182107977E-002  3.1321444193387310E-002 -6.7969920415909650E-013 -7.3572226564047158E-013  1.4257217241743086E-002
  4.0000000000000000E+001  6.8382256669011893E-012 -3.9229655318614718E-013  7.1572835589317789E-003 -6.5184569086955479E-014 -6.5360317280259130E-014  1.3189001735385312E-003  9.2148231081855894E-002  3.1360145479014813E-002 -7.0738091929479869E-013 -7.0928754373609979E-013  1.4312663390852539E-002
  4.0079999999999998E+001  6.8435360246773340E-012 -3.8717204668497234E-013  7.0516335975438493E-003 -6.7489318353757221E-014 -6.2664808498759239E-014  1.3221563389320874E-003  9.2040581031223090E-002  3.1400547027556243E-002 -7.3324760304552256E-013 -6.8083035083816190E-013  1.4364760788677822E-002
  4.0160000000000004E+001  6.8490239578377904E-012 -3.8227018382634570E-013  6.9457385447026449E-003 -6.9631430729323727E-014 -5.9803282105854352E-014  1.3250239705004893E-003  9.1928148104544610E-002  3.1442844632835254E-002 -7.5744516889567225E-013 -6.5053462674420776E-013  1.4413504181611591E-002
  4.0240000000000002E+001  6.8546770535940258E-012 -3.7760352154803565E-013  6.8396297622637710E-003 -7.1626447953421817E-014 -5.6793118922303780E-014  1.3274962408603354E-003  9.1810456073644645E-002  3.1487231707968036E-002 -7.8014459804761472E-013 -6.1858140054039348E-013  1.4458889517310350E-002
  4.0320000000000000E+001  6.8604841895103379E-012 -3.7318328479877710E-013  6.7333391461649912E-003 -7.3490166192256591E-014 -5.3649367932571354E-014  1.3295666335882712E-003  9.1687041325542520E-002  3.1533899481865302E-002 -8.0152036638848640E-013 -5.8512588093774861E-013  1.4500913940149690E-002
  4.0399999999999999E+001  6.8664354801847868E-012 -3.6901962267882423E-013  6.6268991008896477E-003 -7.5237137758806309E-014 -5.0383488786720100E-014  1.3312289592280193E-003  9.1557452765234776E-002  3.1583037216672126E-002 -8.2173412197706959E-013 -5.5028359182607797E-013  1.4539575786189056E-002
  4.0480000000000004E+001  6.8725221315517469E-012 -3.6512192659290188E-013  6.5203425126885081E-003 -7.6879993921193841E-014 -4.7003091907258130E-014  1.3324773703289855E-003  9.1421251705452386E-002  3.1634832444697315E-002 -8.4092722198833308E-013 -5.1412728894352801E-013  1.4574874577654929E-002
  4.0560000000000002E+001  6.8787362792121779E-012 -3.6149912797366293E-013  6.4137027216370100E-003 -7.8429587474282947E-014 -4.3512488859996572E-014  1.3333063755298325E-003  9.1278011745235491E-002  3.1689471223520664E-002 -8.5922218414893452E-013 -4.7669269511533996E-013  1.4606811016951536E-002
  4.0640000000000001E+001  6.8850708655476322E-012 -3.5815992837530243E-013  6.3070134926037349E-003 -7.9895638061407036E-014 -3.9913676631856227E-014  1.3337108527019495E-003  9.1127318639063468E-002  3.1747138408123980E-002 -8.7672966187158613E-013 -4.3798901468589608E-013  1.4635386980208397E-002
  4.0719999999999999E+001  6.8915195813020030E-012 -3.5511293971256593E-013  6.2003089852046981E-003 -8.1287543778379147E-014 -3.6207504008640538E-014  1.3336860611690062E-003  9.0968770158202844E-002  3.1808017939040166E-002 -8.9355731068975980E-013 -3.9801152060399666E-013  1.4660605510374344E-002
  4.0800000000000004E+001  6.8980768725521729E-012 -3.5236672773391994E-013  6.0936237228166939E-003 -8.2615022271308532E-014 -3.2394842114654736E-014  1.3332276530209823E-003  9.0801975945937932E-002  3.1872293145634202E-002 -9.0981687080837884E-013 -3.5675429511348387E-013  1.4682470809867908E-002
  4.0880000000000003E+001  6.9047379848654124E-012 -3.4992976497422118E-013  5.9869925607213409E-003 -8.3888333597005844E-014 -2.8477634512283879E-014  1.3323316835448212E-003  9.0626557368447658E-002  3.1940147063711594E-002 -9.2562672419464162E-013 -3.1422177246069851E-013  1.4700988232793913E-002
  4.0960000000000001E+001  6.9114990059276938E-012 -3.4781030621195452E-013  5.8804506534495225E-003 -8.5118018032840884E-014 -2.4459636349391537E-014  1.3309946207974959E-003  9.0442147363199915E-002  3.2011762766724898E-002 -9.4110913667890119E-013 -2.7043698386048415E-013  1.4716164276735484E-002
  4.1039999999999999E+001  6.9183568677506669E-012 -3.4601622315831853E-013  5.7740334213937415E-003 -8.6314170478750981E-014 -2.0346529272992356E-014  1.3292133543496933E-003  9.0248390286762320E-002  3.2087323709951786E-002 -9.5638235053693711E-013 -2.2544300910235141E-013  1.4728006574129720E-002
  4.1119999999999997E+001  6.9253092732042940E-012 -3.4455486152827575E-013  5.6677765167535716E-003 -8.7485327821243863E-014 -1.6145239841020847E-014  1.3269852032281857E-003  9.0044941763799083E-002  3.2167014087178557E-002 -9.7154828849288397E-013 -1.7929563535733464E-013  1.4736523883234086E-002
  4.1200000000000003E+001  6.9323545202020659E-012 -3.4343298478375520E-013  5.5617157888772318E-003 -8.8637155402987539E-014 -1.1862616822816794E-014  1.3243079230819518E-003  8.9831468538748516E-002  3.2251019199639491E-002 -9.8667785011069131E-013 -1.3204881297728758E-013  1.4741726078689878E-002
  4.1280000000000001E+001  6.9394912180687720E-012 -3.4265684283662506E-013  5.4558872490604593E-003 -8.9771222795756155E-014 -7.5038292422998936E-015  1.3211797125936824E-003  8.9607648331404013E-002  3.2339525837178487E-002 -1.0017969659324733E-012 -8.3736804628136794E-014  1.4743624141689015E-002
  4.1359999999999999E+001  6.9467179158493869E-012 -3.4223237210498721E-013  5.3503270348622426E-003 -9.0884120615267308E-014 -3.0711124197351241E-015  1.3175992191558116E-003  8.9373169697422511E-002  3.2432722671788497E-002 -1.0168762000097917E-012 -3.4359951803449866E-014  1.4742230149751047E-002
  4.1439999999999998E+001  6.9540326773672147E-012 -3.4216546484946744E-013  5.2450713739955294E-003 -9.1967197833933721E-014  1.4366760219136947E-015  1.3135655438305954E-003  8.9127731894789786E-002  3.2530800663793179E-002 -1.0318270655337008E-012  1.6120739289696446E-014  1.4737557266118027E-002
  4.1520000000000003E+001  6.9614326675028163E-012 -3.4246224026849340E-013  5.1401565478493474E-003 -9.3007046083212091E-014  6.0235894596082231E-015  1.3090782456168270E-003  8.8871044757418791E-002  3.2633953480985911E-002 -1.0465065769278413E-012  6.7778918755851817E-014  1.4729619728775541E-002
  4.1600000000000001E+001  6.9689138047405287E-012 -3.4312923916300475E-013  5.0356188546968371E-003 -9.3986669844068925E-014  1.0695456476422275E-014  1.3041373450491328E-003  8.8602828577257015E-002  3.2742377931066199E-002 -1.0607295088571515E-012  1.2071065595255546E-013  1.4718432839108011E-002
  4.1680000000000000E+001  6.9764705346778673E-012 -3.4417351330472097E-013  4.9314945726414861E-003 -9.4887119882449604E-014  1.5458486300560990E-014  1.2987433271585279E-003  8.8322813996414784E-002  3.2856274407758283E-002 -1.0742860166113021E-012  1.7501910929325143E-013  1.4704012950195624E-002
  4.1759999999999998E+001  6.9840957439217206E-012 -3.4560259697109451E-013  4.8278199223514727E-003 -9.5689202372576253E-014  2.0317926645278795E-014  1.2928971438232531E-003  8.8030741910847005E-002  3.2975847351083776E-002 -1.0869603717858242E-012  2.3079953633910227E-013  1.4686377454758905E-002
  4.1840000000000003E+001  6.9917808070574795E-012 -3.4742438156796557E-013  4.7246310296297656E-003 -9.6374862993376584E-014  2.5276979615348149E-014  1.2866002155367459E-003  8.7726363386999920E-002  3.3101305722401449E-002 -1.0985463198753767E-012  2.8812695066923977E-013  1.4665544772755642E-002
  4.1920000000000002E+001  6.9995157220006609E-012 -3.4964691370955022E-013  4.6219638878655933E-003 -9.6927984181793772E-014  3.0335974312547037E-014  1.2798544326157778E-003  8.7409439592599850E-002  3.3232863495017098E-002 -1.1088560363107341E-012  3.4704643368104639E-013  1.4641534338634059E-002
  4.2000000000000000E+001  7.0072892845265665E-012 -3.5227813745797310E-013  4.5198543204112412E-003 -9.7334564047040557E-014  3.5491873639999942E-014  1.2726621558668480E-003  8.7079741742470823E-002  3.3370740161382757E-002 -1.1177221959547803E-012  4.0756702319348177E-013  1.4614366588246015E-002
  4.2079999999999998E+001  7.0150892522481874E-012 -3.5532561349195021E-013  4.4183379429268976E-003 -9.7582411108833321E-014  4.0738220092179612E-014  1.2650262167243165E-003  8.6737051060021914E-002  3.3515161258110229E-002 -1.1249945436756671E-012  4.6966045200797185E-013  1.4584062945425070E-002
  4.2160000000000004E+001  7.0229024703039799E-012 -3.5879625267272184E-013  4.3174501257353505E-003 -9.7660642444637481E-014  4.6065648438645211E-014  1.2569499168704561E-003  8.6381158754830170E-002  3.3666358910224202E-002 -1.1305341446194058E-012  5.3326633569533708E-013  1.4550645808236305E-002
  4.2240000000000002E+001  7.0307149550393294E-012 -3.6269611724213344E-013  4.2172259562276247E-003 -9.7559205684140189E-014  5.1463030911587328E-014  1.2484370273460111E-003  8.6011866016690419E-002  3.3824572396221227E-002 -1.1342077973361507E-012  5.9830475661418303E-013  1.4514138534907640E-002
  4.2320000000000000E+001  7.0385119432134423E-012 -3.6703033761857581E-013  4.1177002013599888E-003 -9.7268578845828062E-014  5.6918971517703551E-014  1.2394917871608028E-003  8.5628984026597271E-002  3.3990048735583110E-002 -1.1358843969469873E-012  6.6469317891541337E-013  1.4474565429455622E-002
  4.2399999999999999E+001  7.0462779276546618E-012 -3.7180315268496601E-013  4.0189072702818962E-003 -9.6779740384748935E-014  6.2423169412918037E-014  1.2301189014178268E-003  8.5232333985442221E-002  3.4163043300379357E-002 -1.1354343768852226E-012  7.3236224608566523E-013  1.4431951727021504E-002
  4.2480000000000004E+001  7.0539967016750021E-012 -3.7701804472464270E-013  3.9208811771331365E-003 -9.6084428771895590E-014  6.7967222874218402E-014  1.2203235389703759E-003  8.4821747161648434E-002  3.4343820452518346E-002 -1.1327325504911448E-012  8.0126542929757796E-013  1.4386323578935063E-002
  4.2560000000000002E+001  7.0616514362581651E-012 -3.8267790834484095E-013  3.8236555040466360E-003 -9.5175735259870266E-014  7.3544597117836540E-014  1.2101113296376497E-003  8.4397064959427601E-002  3.4532654208107423E-002 -1.1276649884966655E-012  8.7137908786410341E-013  1.4337708037523648E-002
  4.2640000000000001E+001  7.0692248193165814E-012 -3.8878518026349654E-013  3.7272633643911125E-003 -9.4049011473000565E-014  7.9149846634983865E-014  1.1994883610080159E-003  8.3958139009682464E-002  3.4729828930318334E-002 -1.1201398705764801E-012  9.4269370882973825E-013  1.4286133040682119E-002
  4.2719999999999999E+001  7.0766992780938452E-012 -3.9534188380643837E-013  3.6317373662853535E-003 -9.2702900308642833E-014  8.4777413418283951E-014  1.1884611748594716E-003  8.3504831285718409E-002  3.4935640052161959E-002 -1.1101001938119097E-012  1.0151998374997874E-012  1.4231627396216204E-002
  4.2800000000000004E+001  7.0840572833659642E-012 -4.0234956641042198E-013  3.5371095764135971E-003 -9.1140249763217022E-014  9.0420433817630661E-014  1.1770367632236154E-003  8.3037014245847529E-002  3.5150394830670270E-002 -1.0975355592415769E-012  1.0888736722885887E-012  1.4174220765968236E-002
  4.2880000000000003E+001  7.0912817180559600E-012 -4.0980915321725928E-013  3.4434114841695750E-003 -8.9368580019192246E-014  9.6069912674135303E-014  1.1652225641131690E-003  8.2554571004701302E-002  3.5374413134156076E-002 -1.0824890517331118E-012  1.1636665973850081E-012  1.4113943649730783E-002
  4.2960000000000001E+001  7.0983562561690350E-012 -4.1772075243828362E-013  3.3506739661554900E-003 -8.7399875005371968E-014  1.0171435961264925E-013  1.1530264569257879E-003  8.2057395534748584E-002  3.5608028264418140E-002 -1.0650562696388346E-012  1.2394999234985180E-012  1.4050827368951451E-002
  4.3039999999999999E+001  7.1052656980568195E-012 -4.2608345075528316E-013  3.2589272510614490E-003 -8.5249725713156217E-014  1.0733993587445521E-013  1.1404567575310062E-003  8.1545392899270361E-002  3.5851587815922750E-002 -1.0453765196322769E-012  1.3162656192815590E-012  1.3984904050230803E-002
  4.3119999999999997E+001  7.1119962122831400E-012 -4.3489514217819646E-013  3.1682008849505290E-003 -8.2936050606214327E-014  1.1293105496797668E-013  1.1275222130430304E-003  8.1018479517892275E-002  3.6105454574109332E-002 -1.0236186028390331E-012  1.3938325819282512E-012  1.3916206608615173E-002
  4.3200000000000003E+001  7.1185354661538138E-012 -4.4415241955015943E-013  3.0785236969745641E-003 -8.0477721868620121E-014  1.1847131385476483E-013  1.1142319962788559E-003  8.0476583465669188E-002  3.6370007455054851E-002 -9.9996498528708725E-013  1.4720571810467966E-012  1.3844768730686532E-002
  4.3280000000000001E+001  7.1248726477821192E-012 -4.5385055239495883E-013  2.9899237655459121E-003 -7.7893377234713762E-014  1.2394471999258704E-013  1.1005956998998406E-003  7.9919644806768247E-002  3.6645642488728460E-002 -9.7459772032871702E-013  1.5507978743133730E-012  1.3770624857452441E-002
  4.3359999999999999E+001  7.1309984065113680E-012 -4.6398357474897335E-013  2.9024283849905896E-003 -7.5200577321440638E-014  1.2933706253288523E-013  1.0866233302334347E-003  7.9347615963765758E-002  3.6932773848080379E-002 -9.4768816018428841E-013  1.6299322263542578E-012  1.3693810167040084E-002
  4.3439999999999998E+001  7.1369047401535497E-012 -4.7454448240022047E-013  2.8160640327085625E-003 -7.2415329999070006E-014  1.3463706695043245E-013  1.0723253007703219E-003  7.8760462123648817E-002  3.7231834926141252E-002 -9.1939087302220276E-013  1.7093719368134762E-012  1.3614360557199527E-002
  4.3520000000000003E+001  7.1425848593112192E-012 -4.8552550546104255E-013  2.7308563368673381E-003 -6.9551957501186367E-014  1.3983703506962082E-013  1.0577124253318792E-003  7.8158161681688224E-002  3.7543279463199901E-002 -8.8984163768682358E-013  1.7890720309467009E-012  1.3532312627622329E-002
  4.3600000000000001E+001  7.1480330533537395E-012 -4.9691840801135980E-013  2.6468300446554618E-003 -6.6623238489309450E-014  1.4493271001506858E-013  1.0427959109019825E-003  7.7540706724432334E-002  3.7867582725965361E-002 -8.5915884437223509E-013  1.8690305860302387E-012  1.3447703662082417E-002
  4.3680000000000000E+001  7.1532445774695087E-012 -5.0871473906345352E-013  2.5640089911230209E-003 -6.3640759892107894E-014  1.4992229813020601E-013  1.0275873501161422E-003  7.6908103553130755E-002  3.8205242740408388E-002 -8.2744764072930758E-013  1.9492776125747401E-012  1.3360571610406553E-002
  4.3759999999999998E+001  7.1582155749364768E-012 -5.2090597571219276E-013  2.4824160686368790E-003 -6.0615372980472213E-014  1.5480492460739084E-013  1.0120987133994735E-003  7.6260373248939500E-002  3.8556781579701535E-002 -7.9480560693122979E-013  2.0298560691611830E-012  1.3270955070281717E-002
  4.3840000000000003E+001  7.1629430371463842E-012 -5.3348352700063605E-013  2.4020731969791051E-003 -5.7557565775545778E-014  1.5957904050592314E-013  9.9634234074297626E-004  7.5597552281256086E-002  3.8922746708338521E-002 -7.6132758467735882E-013  2.1108013318307361E-012  1.3178893268906602E-002
  4.3920000000000002E+001  7.1674247854605641E-012 -5.4643862219314046E-013  2.3230012941180028E-003 -5.4477522672235573E-014  1.6424129749957102E-013  9.8033093310446518E-004  7.4919693160439671E-002  3.9303712383121907E-002 -7.2710657318592644E-013  2.1921258214331276E-012  1.3084426044494378E-002
  4.4000000000000000E+001  7.1716594407739419E-012 -5.5976213460056742E-013  2.2452202476823907E-003 -5.1384754783793332E-014  1.6878621734470778E-013  9.6407754341690743E-004  7.4226865136057488E-002  3.9700281111212321E-002 -6.9222888951130009E-013  2.2738134467291101E-012  1.2987593827634199E-002
  4.4079999999999998E+001  7.1756463462259710E-012 -5.7344441696829371E-013  2.1687488871712977E-003 -4.8287377531134999E-014  1.7320666819542447E-013  9.4759556718398681E-004  7.3519154941720677E-002  4.0113085164776373E-002 -6.5676425092005733E-013  2.3558246142665894E-012  1.2888437622519669E-002
  4.4160000000000004E+001  7.1793854211789235E-012 -5.8747520151183533E-013  2.0936049569329528E-003 -4.5191268565616128E-014  1.7749486564599619E-013  9.3089873264060974E-004  7.2796667587538694E-002  4.0542788150918559E-002 -6.2075360776840847E-013  2.4381086484586112E-012  1.2786998988053340E-002
  4.4240000000000002E+001  7.1828769491964696E-012 -6.0184359547165310E-013  2.0198050899488001E-003 -4.2099418486696314E-014  1.8164351831852058E-013  9.1400109045430258E-004  7.2059527201186108E-002  4.0990086634520896E-002 -5.8419885750552499E-013  2.5206188953854792E-012  1.2683320018837062E-002
  4.4320000000000000E+001  7.1861213281367949E-012 -6.1653816444279863E-013  1.9473647824602644E-003 -3.9011686607821103E-014  1.8564680123353639E-013  8.9691700294104748E-004  7.1307877918482754E-002  4.1455711810339718E-002 -5.4705749971745175E-013  2.6033263297855035E-012  1.2577443326058261E-002
  4.4399999999999999E+001  7.1891188190537210E-012 -6.3154708366901892E-013  1.8762983694782325E-003 -3.5925018397405764E-014  1.8950097351852814E-013  8.7966113276640833E-004  7.0541884824297865E-002  4.1940431219137500E-002 -5.0924336971536267E-013  2.6862290100935266E-012  1.2469412018282014E-002
  4.4480000000000004E+001  7.1918693310803799E-012 -6.4685832020576313E-013  1.8066190012176390E-003 -3.2834077695380650E-014  1.9320458851390898E-013  8.6224843109974198E-004  6.9761734944404671E-002  4.2445050500769257E-002 -4.7063323446017793E-013  2.7693563772774416E-012  1.2359269682158291E-002
  4.4560000000000002E+001  7.1943722714849819E-012 -6.6245981783124436E-013  1.7383386205022738E-003 -2.9732130875975962E-014  1.9675829520571076E-013  8.4469412518513288E-004  6.8967638288641553E-002  4.2970415174935182E-002 -4.3107736966751860E-013  2.8527679945585739E-012  1.2247060363053267E-002
  4.4640000000000001E+001  7.1966264720205360E-012 -6.7833964743867685E-013  1.6714679411880178E-003 -2.6612024336942020E-014  2.0016420018004066E-013  8.2701370528808177E-004  6.8159828945404261E-002  4.3517412437677767E-002 -3.9041216037523896E-013  2.9365458371179715E-012  1.2132828545613459E-002
  4.4719999999999999E+001  7.1986301953788926E-012 -6.9448608986005086E-013  1.6060164276561807E-003 -2.3467114554712248E-014  2.0342479969763694E-013  8.0922291097301595E-004  6.7338566227173408E-002  4.4086972958512466E-002 -3.4847285372089640E-013  3.0207797087489744E-012  1.2016619134271775E-002
  4.4800000000000004E+001  7.2003812103492900E-012 -7.1088761539029876E-013  1.5419922754323352E-003 -2.0292060064471989E-014  2.0654166921497163E-013  7.9133771666341777E-004  6.6504135866452777E-002  4.4680072659252168E-002 -3.0510517950094759E-013  3.1055479730849217E-012  1.1898477433705156E-002
  4.4880000000000003E+001  7.2018769249892081E-012 -7.2753275693444632E-013  1.4794023929900338E-003 -1.7083371782435533E-014  2.0951423359063727E-013  7.7337431643314668E-004  6.5656851261116742E-002  4.5297734451029179E-002 -2.6017420672716709E-013  3.1908980213908265E-012  1.1778449129254197E-002
  4.4960000000000001E+001  7.2031145498344797E-012 -7.4440989276480072E-013  1.4182523848030317E-003 -1.3839606569805114E-014  2.1233900117035057E-013  7.5534910797413115E-004  6.4797054767724807E-002  4.5941029900622432E-002 -2.1356846338408569E-013  3.2768322955710714E-012  1.1656580267315527E-002
  4.5039999999999999E+001  7.2040912620403769E-012 -7.6150699712170241E-013  1.3585465357141729E-003 -1.0561225841078305E-014  2.1500959354950811E-013  7.3727867568222443E-004  6.3925119040877790E-002  4.6611080790802735E-002 -1.6519924249944447E-013  3.3633054929606800E-012  1.1532917235717678E-002
  4.5119999999999997E+001  7.2048043459690522E-012 -7.7881142773272202E-013  1.3002877966938758E-003 -7.2502097182852191E-015  2.1751755661886777E-013  7.1917977280001855E-004  6.3041448416152154E-002  4.7309060531859494E-002 -1.1499607327109765E-013  3.4502337723863549E-012  1.1407506744090521E-002
  4.5200000000000003E+001  7.2052512955953026E-012 -7.9630980618072126E-013  1.2434777720661699E-003 -3.9095977284470302E-015  2.1985367457618915E-013  7.0106930255107059E-004  6.2146480333384026E-002  4.8036195372722336E-002 -6.2900718391723611E-014  3.5375126922914193E-012  1.1280395804237141E-002
  4.5280000000000001E+001  7.2054298816056037E-012 -8.1398801566491229E-013  1.1881167082857045E-003 -5.4315478929670061E-016  2.2200931837543985E-013  6.8296429819614409E-004  6.1240686796365497E-002  4.8793765349730948E-002 -8.8627669527135711E-015  3.6250371819707310E-012  1.1151631710515692E-002
  4.5359999999999999E+001  7.2053382003615901E-012 -8.3183129712079163E-013  1.1342034843547868E-003  2.8446621645203848E-015  2.2397737521726332E-013  6.6488190193827177E-004  6.0324575864038305E-002  4.9583104899164746E-002  4.7160123919288713E-014  3.7127163322316211E-012  1.1021262020237493E-002
  4.5439999999999998E+001  7.2049747356592804E-012 -8.4982439569967442E-013  1.0817356039755810E-003  6.2484499903385996E-015  2.2575256696860714E-013  6.4683934259980710E-004  5.9398693167342038E-002  5.0405603045631076E-002  1.0519708008588072E-013  3.8004792896941410E-012  1.0889334534086930E-002
  4.5520000000000003E+001  7.2043384483631359E-012 -8.6795170783576878E-013  1.0307091895388177E-003  9.6614488925927801E-015  2.2733123058732835E-013  6.2885391199300723E-004  5.8463623444860974E-002  5.1262703062156696E-002  1.6525563537181123E-013  3.8882725572832560E-012  1.0755897276568912E-002
  4.5600000000000001E+001  7.2034289038364656E-012 -8.8619739259364695E-013  9.8111897805669987E-004  1.3075149102864675E-014  2.2871077090932271E-013  6.1094293990425258E-004  5.7519992089302585E-002  5.2155901479052115E-002  2.2731277031779913E-013  3.9760513843836360E-012  1.0620998476490520E-002
  4.5680000000000000E+001  7.2022464245066775E-012 -9.0454543118126041E-013  9.3295831915413726E-004  1.6479118441204998E-014  2.2988902914837679E-013  5.9312376761157823E-004  5.6568466695659542E-002  5.3086746297004696E-002  2.9130886388844179E-013  4.0637688358681753E-012  1.0484686547485007E-002
  4.5759999999999998E+001  7.2007922448858728E-012 -9.2297963725738724E-013  8.8621917523884735E-004  1.9861143806654533E-014  2.3086375446585148E-013  5.7541371985613834E-004  5.5609758600680688E-002  5.4056834235065437E-002  3.5714656867771412E-013  4.1513655973198692E-012  1.0347010068587740E-002
  4.5840000000000003E+001  7.1990686414976128E-012 -9.4148363189579664E-013  8.4089212397715513E-004  2.3207640043588773E-014  2.3163222609807238E-013  5.5783007519011189E-004  5.4644624401931463E-002  5.5067806816002159E-002  4.2469435843353515E-013  4.2387614432240616E-012  1.0208017764874667E-002
  4.5920000000000002E+001  7.1970790224788986E-012 -9.6004079343307882E-013  7.9696636320842945E-004  2.6504240866405737E-014  2.3219109432042234E-013  5.4039003462563664E-004  5.3673867443192087E-002  5.6121345059719809E-002  4.9379377955325952E-013  4.3258498480645247E-012  1.0067758488173959E-002
  4.6000000000000000E+001  7.1948279629589879E-012 -9.7863420698706422E-013  7.5442971843705327E-004  2.9736452674694168E-014  2.3253652077041823E-013  5.2311068851199885E-004  5.2698339251273423E-002  5.7219162519880871E-002  5.6426864064325664E-013  4.4124976525071447E-012  9.9262811978607333E-003
  4.6079999999999998E+001  7.1923211900509475E-012 -9.9724663675634574E-013  7.1326865304650964E-004  3.2890295297842377E-014  2.3266463125941730E-013  5.0600898157278557E-004  5.1718940907591188E-002  5.8362996359355997E-002  6.3593498440062901E-013  4.4985507276535527E-012  9.7836349417433129E-003
  4.6160000000000004E+001  7.1895655157113331E-012 -1.0158605479885710E-012  6.7346828138540758E-004  3.5952892680063807E-014  2.3257228467281581E-013  4.8910167604115245E-004  5.0736624336008306E-002  5.9554596116793722E-002  7.0861123058805775E-013  4.5838465367455262E-012  9.6398688370478887E-003
  4.6240000000000002E+001  7.1865687272221373E-012 -1.0344582023039963E-012  6.3501238487992525E-004  3.8912980932487638E-014  2.3225801600168997E-013  4.7240531283944626E-004  4.9752393486509019E-002  6.0795709769771840E-002  7.8212790545579072E-013  4.6682317200433169E-012  9.4950320515069069E-003
  4.6320000000000000E+001  7.1833394387621351E-012 -1.0530218305488414E-012  5.9788343133109617E-004  4.1761283179590376E-014  2.3172292406713492E-013  4.5593617075984853E-004  4.8767305392286416E-002  6.2088066650238596E-002  8.5633585635249587E-013  4.7515807479819227E-012  9.3491737845553553E-003
  4.6399999999999999E+001  7.1798869219134029E-012 -1.0715338701547379E-012  5.6206259755834948E-004  4.4490676884454691E-014  2.3097119587660321E-013  4.3971022361623312E-004  4.7782471075857230E-002  6.3433356716287553E-002  9.3111120597955934E-013  4.8338093536253666E-012  9.2023432486383304E-003
  4.6480000000000004E+001  7.1762209304606223E-012 -1.0899772218890979E-012  5.2752979555249887E-004  4.7096145773561323E-014  2.3001012216761379E-013  4.2374309535397745E-004  4.6799056277845807E-002  6.4833205632420746E-002  1.0063563775895700E-012  4.9148788977876177E-012  9.0545896506327578E-003
  4.6560000000000002E+001  7.1723515385896331E-012 -1.1083354897015561E-012  4.9426370230171309E-004  4.9574529393565731E-014  2.2884964497430205E-013  4.0805001312346219E-004  4.5818281980067738E-002  6.6289145060853177E-002  1.0819968820723935E-012  4.9947911362343319E-012  8.9059621733858004E-003
  4.6640000000000001E+001  7.1682890057576518E-012 -1.1265931650849862E-012  4.6224179345274492E-004  5.1924201526780779E-014  2.2750160794941117E-013  3.9264575834488803E-004  4.4841424692586881E-002  6.7802577522439261E-002  1.1579761304468236E-012  5.0735757264381612E-012  8.7565099573722101E-003
  4.6719999999999999E+001  7.1640436663453481E-012 -1.1447357469734619E-012  4.3144038096653100E-004  5.4144835176598470E-014  2.2597901486794369E-013  3.7754461581772331E-004  4.3869816472582444E-002  6.9374735152062425E-002  1.2342515395331199E-012  5.1512762561818823E-012  8.6062820824725685E-003
  4.6800000000000004E+001  7.1596258321293961E-012 -1.1627498074638572E-012  4.0183465492190919E-004  5.6237366203213551E-014  2.2429551359520137E-013  3.6276032095729568E-004  4.2904844641159443E-002  7.1006631656013675E-002  1.3107947478215500E-012  5.2279396335898165E-012  8.4553275498739575E-003
  4.6880000000000003E+001  7.1550456877528340E-012 -1.1806230291486941E-012  3.7339872961336370E-004  5.8204121591265691E-014  2.2246518498710205E-013  3.4830600527341988E-004  4.1947951162662339E-002  7.2699006786057660E-002  1.3875957731957275E-012  5.3036112880242457E-012  8.3036952640941162E-003
  4.6960000000000001E+001  7.1503131726747935E-012 -1.1983442370617935E-012  3.4610569407816200E-004  6.0048989229089352E-014  2.2050260328393677E-013  3.3419414024184397E-004  4.1000631649731861E-002  7.4452262686518250E-002  1.4646687589412317E-012  5.3783363620722133E-012  8.1514340151294939E-003
  4.7039999999999999E+001  7.1454378494761797E-012 -1.2159034456741240E-012  3.1992766717466866E-004  6.1777502366949187E-014  2.1842302972440690E-013  3.2043647975925837E-004  4.0064433956371132E-002  7.6266391559122459E-002  1.5420563551408573E-012  5.4521644389267506E-012  7.9985924607269207E-003
  4.7119999999999997E+001  7.1404287722960817E-012 -1.2332919218176986E-012  2.9483585731668066E-004  6.3396743285551870E-014  2.1624258005899787E-013  3.0704400141648539E-004  3.9140956320725964E-002  7.8140894240302752E-002  1.6198300323221309E-012  5.5251543478030586E-012  7.8452191087778327E-003
  4.7200000000000003E+001  7.1352943705504914E-012 -1.2505022584835636E-012  2.7080062694803100E-004  6.4915072655025030E-014  2.1397831733951978E-013  2.9402684687098612E-004  3.8231845019050067E-002  8.0074689514627873E-002  1.6980857504937754E-012  5.5973777529563916E-012  7.6913622998331533E-003
  4.7280000000000001E+001  7.1300423606712777E-012 -1.2675284525920218E-012  2.4779156181732289E-004  6.6341784074011289E-014  2.1164826286099943E-013  2.8139426165007099E-004  3.7338791492820267E-002  8.2066014314467570E-002  1.7769368385519450E-012  5.6689210896166448E-012  7.5370701897359439E-003
  4.7359999999999999E+001  7.1246796850986496E-012 -1.2843659805413235E-012  2.2577754508401965E-004  6.7686778123888623E-014  2.0927135109461339E-013  2.6915453476905528E-004  3.6463528911898191E-002  8.4112315400692514E-002  1.8565061843277562E-012  5.7398862355574822E-012  7.3823907323677593E-003
  4.7439999999999998E+001  7.1192124761714555E-012 -1.3010118687671600E-012  2.0472683625427404E-004  6.8960289557132253E-014  2.0686733149482388E-013  2.5731493860334801E-004  3.5607828138408716E-002  8.6210133701100353E-002  1.9369186251808462E-012  5.8103897421523001E-012  7.2273716625031736E-003
  4.7520000000000003E+001  7.1136460387695084E-012 -1.3174647535804953E-012  1.8460715490748397E-004  7.0172662659733317E-014  2.0445658453262831E-013  2.4588166951056058E-004  3.4773493058572851E-002  8.8354983219138566E-002  2.0182934971913840E-012  5.8805594254857390E-012  7.0720604787652590E-003
  4.7600000000000001E+001  7.1079848501458982E-012 -1.3337249222923805E-012  1.6538576913258435E-004  7.1334129391851867E-014  2.0205982556059091E-013  2.3485978975604124E-004  3.3962355253163358E-002  9.0541227325505166E-002  2.1007361450589650E-012  5.9505270900984752E-012  6.9165044266731191E-003
  4.7680000000000000E+001  7.1022325780668121E-012 -1.3497943256701899E-012  1.4702958854651737E-004  7.2454603959359566E-014  1.9969771147983325E-013  2.2425317135260476E-004  3.3176267981730047E-002  9.2761956308044943E-002  2.1843287646298959E-012  6.0204172368057623E-012  6.7607504817712299E-003
  4.7759999999999998E+001  7.0963921135124006E-012 -1.3656765561291538E-012  1.2950526171616759E-004  7.3543553049936630E-014  1.9739042204198988E-013  2.1406444248158482E-004  3.2417099461313013E-002  9.5008871262961772E-002  2.2691224602579541E-012  6.0903334218604977E-012  6.6048453328297176E-003
  4.7840000000000003E+001  7.0904656095788222E-012 -1.3813767931969083E-012  1.1277927774946379E-004  7.4609998521065509E-014  1.9515735646643590E-013  2.0429493721585835E-004  3.1686725427065222E-002  9.7272180720919574E-002  2.3551327253653556E-012  6.1603465513820380E-012  6.4488353651051145E-003
  4.7920000000000002E+001  7.0844545137490302E-012 -1.3969017331637835E-012  9.6818071761630255E-005  7.5662672455329531E-014  1.9301704099925250E-013  1.9494464931431963E-004  3.0987020970033811E-002  9.9540517742550835E-002  2.4423397565652373E-012  6.2304887846464496E-012  6.2927666436527500E-003
  4.8000000000000000E+001  7.0783595819859695E-012 -1.4122595197567887E-012  8.1588133859172653E-005  7.6710282619847187E-014  1.9098725251072172E-013  1.8601219089958910E-004  3.0319851656318050E-002  1.0180088647948261E-001  2.5306931540946892E-012  6.3007544183010636E-012  6.1366848966845963E-003
  4.8079999999999998E+001  7.0721808685298546E-012 -1.4274596935654990E-012  6.7056121217695999E-005  7.7761773416410860E-014  1.8908529363895097E-013  1.7749475686469819E-004  2.9687063941905553E-002  1.0403864822864217E-001  2.6201178812022676E-012  6.3711068365621930E-012  5.9806354989699346E-003
  4.8160000000000004E+001  7.0659176982393438E-012 -1.4425131667390208E-012  5.3188972760820943E-005  7.8826480569971473E-014  1.8732827952692310E-013  1.6938809587811106E-004  2.9090474908637219E-002  1.0623755761884462E-001  2.7105181622525977E-012  6.4414876744037515E-012  5.8246634552800523E-003
  4.8240000000000002E+001  7.0595686316386592E-012 -1.4574322182898067E-012  3.9954025877198229E-005  7.9914149884080394E-014  1.8573330770013677E-013  1.6168648886741893E-004  2.8531861358806219E-002  1.0837985953784111E-001  2.8017779064611928E-012  6.5118238917894536E-012  5.6688133838820026E-003
  4.8320000000000000E+001  7.0531314342578909E-012 -1.4722304959710427E-012  2.7319134542033914E-005  8.1034855986529934E-014  1.8431747662051020E-013  1.5438273585872511E-004  2.8012948318839461E-002  1.1044645649978706E-001  2.8937584481862319E-012  6.5820310637846985E-012  5.5131295000897156E-003
  4.8399999999999999E+001  7.0466030546808144E-012 -1.4869230145490884E-012  1.5252788139802208E-005  8.2198908301758065E-014  1.8309779127122292E-013  1.4746815202954571E-004  2.7535397016147743E-002  1.1241715414963037E-001  2.9862964750395422E-012  6.6520136167896639E-012  5.3576555998831920E-003
  4.8480000000000004E+001  7.0399796089296096E-012 -1.5015261425744384E-012  3.7242302173065993E-006  8.3416821051712695E-014  1.8209102180593412E-013  1.4093257379628883E-004  2.7100792407433186E-002  1.1427098934278777E-001  3.0792051187508401E-012  6.7216640175962389E-012  5.2024350436079845E-003
  4.8560000000000002E+001  7.0332563633125403E-012 -1.5160575780380378E-012 -7.2964236676040062E-006  8.4699349712852673E-014  1.8131358433982969E-013  1.3476437570145990E-004  2.6710630351187849E-002  1.1598664067582719E-001  3.1722787284179922E-012  6.7908633718519371E-012  5.0475107397677599E-003
  4.8640000000000001E+001  7.0264277129755532E-012 -1.5305363160688111E-012 -1.7838069894926985E-005  8.6057569071776034E-014  1.8078146046968554E-013  1.2895049878960141E-004  2.6366304531631746E-002  1.1754291558660833E-001  3.2653007307167731E-012  6.8594842119006909E-012  4.8929251289226827E-003
  4.8719999999999999E+001  7.0194871522610562E-012 -1.5449826117131875E-012 -2.7928503473940230E-005  8.7502930963128530E-014  1.8051012816921057E-013  1.2347649106412743E-004  2.6069093255590783E-002  1.1891930150282608E-001  3.3580522649534616E-012  6.9273945547470383E-012  4.7387201677060904E-003
  4.8800000000000004E+001  7.0124272440214526E-012 -1.5594179365758848E-012 -3.7594308465187373E-005  8.9047253390350936E-014  1.8051446874874929E-013  1.1832656049890733E-004  2.5820146257406019E-002  1.2009656152834659E-001  3.4503194777125840E-012  6.9944618083476146E-012  4.5849373129719833E-003
  4.8880000000000003E+001  7.0052395917186000E-012 -1.5738649267129874E-012 -4.6860753153765403E-005  9.0702658100235338E-014  1.8080863604441141E-013  1.1348364093879944E-004  2.5620471659508863E-002  1.2105734854836900E-001  3.5418996611644506E-012  7.0605557552955314E-012  4.4316175060865864E-003
  4.8960000000000001E+001  6.9979148187254150E-012 -1.5883473183429906E-012 -5.5751691015395283E-005  9.2481481892078627E-014  1.8140591215377190E-013  1.0892947106311072E-004  2.5470923247351833E-002  1.2178680626984391E-001  3.6326068162752826E-012  7.1255512963710726E-012  4.2788011573789827E-003
  4.9039999999999999E+001  6.9904425546158675E-012 -1.6028898726575909E-012 -6.4289468523863119E-005  9.4396216809883739E-014  1.8231860187561899E-013  1.0464468640647755E-004  2.5372188226485952E-002  1.2227312247089996E-001  3.7222784466313519E-012  7.1893327821859918E-012  4.1265281307684915E-003
  4.9120000000000005E+001  6.9828114240358336E-012 -1.6175182946430897E-012 -7.2494840840431693E-005  9.6459484657997330E-014  1.8355798286416105E-013  1.0060892423506802E-004  2.5324775636267415E-002  1.2250799935580697E-001  3.8107834749874098E-012  7.2518004090770661E-012  3.9748377285897807E-003
  4.9200000000000003E+001  6.9750090370705879E-012 -1.6322591499158567E-012 -8.0386896401474003E-005  9.8684002053410466E-014  1.8513430000383995E-013  9.6800940865211636E-005  2.5329005598499987E-002  1.2248700885160561E-001  3.8980291587351101E-012  7.3128779337894740E-012  3.8237686766400855E-003
  4.9280000000000001E+001  6.9670219837072879E-012 -1.6471397826437041E-012 -8.7982991378865555E-005  1.0108249199319403E-013  1.8705676220169639E-013  9.3198740790504986E-005  2.5384999579936864E-002  1.2220980696880400E-001  3.9839648356138370E-012  7.3725196548371696E-012  3.6733591094758231E-003
  4.9359999999999999E+001  6.9588358383516768E-012 -1.6621882318681281E-012 -9.5298694927954802E-005  1.0366751467481846E-013  1.8933347854427374E-013  8.9779716756774804E-005  2.5492671844644394E-002  1.2168019052721160E-001  4.0685811244149638E-012  7.4307137727883029E-012  3.5236465559878214E-003
  4.9439999999999998E+001  6.9504351813593169E-012 -1.6774331392107879E-012 -1.0234774605994952E-004  1.0645122617077411E-013  1.9197130259594821E-013  8.6520799697260348E-005  2.5651722265567608E-002  1.2090599070820596E-001  4.1519048656882559E-012  7.4874806737695821E-012  3.3746679252851727E-003
  4.9520000000000003E+001  6.9418036421643530E-012 -1.6929036402834798E-012 -1.0914202287951646E-004  1.0944511860423922E-013  1.9497561936834774E-013  8.3398617218839721E-005  2.5861630654103872E-002  1.1989880979316776E-001  4.2339920854655289E-012  7.5428675370995545E-012  3.2264594929174049E-003
  4.9600000000000001E+001  6.9329239623826387E-012 -1.7086292383097235E-012 -1.1569152481496388E-004  1.1265981298897576E-013  1.9835013056886769E-013  8.0389659120105520E-005  2.6121652752064007E-002  1.1867361870693822E-001  4.3149220104740682E-012  7.5969416697504302E-012  3.0790568874636353E-003
  4.9680000000000000E+001  6.9237780720861169E-012 -1.7246396611744986E-012 -1.2200436833873334E-004  1.1610494806455520E-013  2.0209670747378654E-013  7.7470448229813646E-005  2.6430818012180668E-002  1.1724824232370441E-001  4.3947939492358317E-012  7.6497854753726777E-012  2.9324950775160411E-003
  4.9759999999999998E+001  6.9143471706923098E-012 -1.7409647115055294E-012 -1.2808679653173406E-004  1.1978914477456027E-013  2.0621536232098118E-013  7.4617714685722570E-005  2.6787929271499113E-002  1.1564276593632514E-001  4.4737262388466044E-012  7.7014950544695511E-012  2.7868083590838868E-003
  4.9840000000000003E+001  6.9046118089221872E-012 -1.7576341191458556E-012 -1.3394320268844895E-004  1.2371999958213364E-013  2.1070431102992377E-013  7.1808571634812986E-005  2.7191564396883559E-002  1.1387889931443194E-001  4.5518554352626955E-012  7.7521812436387546E-012  2.6420303434438459E-003
  4.9920000000000002E+001  6.8945519707591685E-012 -1.7746774012703172E-012 -1.3957616799330414E-004  1.2790404361694913E-013  2.1556006143630528E-013  6.9020690231529484E-005  2.7640079953919396E-002  1.1197933435632434E-001  4.6293334969352118E-012  7.8019704946019033E-012  2.4981939454626545E-003
  5.0000000000000000E+001  6.8841471619434753E-012 -1.7921237289756645E-012 -1.4498651312549367E-004  1.3234662397447073E-013  2.2077745637326570E-013  6.6232471745420721E-005  2.8131616920235244E-002  1.0996712890016054E-001  4.7063216992008323E-012  7.8510030879964991E-012  2.3553313724192174E-003
  5.0079999999999998E+001  6.8733765109232531E-012 -1.8100017942900397E-012 -1.5017336347257146E-004  1.3705173164816296E-013  2.2634961524323845E-013  6.3423214566788361E-005  2.8664108432312804E-002  1.0786514355443859E-001  4.7829826873057582E-012  7.8994270785610621E-012  2.2134741133548992E-003
  5.0160000000000004E+001  6.8622188848797693E-012 -1.8283396674145826E-012 -1.5513422745617981E-004  1.4202183189151399E-013  2.3226779213892350E-013  6.0573273921008391E-005  2.9235289521929286E-002  1.0569555135471892E-001  4.8594730501277964E-012  7.9473892733809330E-012  2.0726529289824265E-003
  5.0240000000000002E+001  6.8506530178206109E-012 -1.8471646410322674E-012 -1.5986508729993280E-004  1.4725771902290762E-013  2.3852119238156322E-013  5.7664212170178408E-005  2.9842708765259691E-002  1.0347943257510045E-001  4.9359373352322954E-012  7.9950253129241533E-012  1.9328978421850652E-003
  5.0320000000000000E+001  6.8386576498361041E-012 -1.8665030581956327E-012 -1.6436050140340835E-004  1.5275839888874114E-013  2.4509681635784064E-013  5.4678937694321015E-005  3.0483741735128748E-002  1.0123645991462880E-001  5.0125035861052607E-012  8.0424515054430750E-012  1.7942381291380729E-003
  5.0399999999999999E+001  6.8262116739984123E-012 -1.8863801316495219E-012 -1.6861371733102416E-004  1.5852095523932419E-013  2.5197936839711108E-013  5.1601830502019541E-005  3.1155606115909392E-002  9.8984673127437570E-002  5.0892789159130479E-012  8.0897596442621032E-012  1.6567023110834825E-003
  5.0480000000000004E+001  6.8132942969978122E-012 -1.9068197571391705E-012 -1.7261679428373148E-004  1.6454034764815025E-013  2.5915120692492117E-013  4.8418852918986811E-005  3.1855378311829087E-002  9.6740337321492703E-002  5.1663435151018930E-012  8.1370137508393884E-012  1.5203181467869742E-003
  5.0560000000000002E+001  6.7998852183747083E-012 -1.9278443247575093E-012 -1.7636073379806205E-004  1.7080913480711257E-013  2.6659231959991294E-013  4.5117643938161692E-005  3.2580011353824753E-002  9.4517875740929555E-002  5.2437432054437373E-012  8.1842480319893854E-012  1.3851126257019869E-003
  5.0640000000000001E+001  6.7859648354286742E-012 -1.9494745282751566E-012 -1.7983561731383735E-004  1.7731717200063409E-013  2.7428029853207782E-013  4.1687596081034056E-005  3.3326353888321732E-002  9.2329865817845636E-002  5.3214822577389339E-012  8.2314651238166603E-012  1.2511119618615291E-003
  5.0719999999999999E+001  6.7715144708546068E-012 -1.9717291725226418E-012 -1.8303074917102750E-004  1.8405138870173632E-013  2.8219035832413179E-013  3.8119913910172887E-005  3.4091170013902945E-002  9.0187086454177556E-002  5.3995195794326373E-012  8.2786358159571012E-012  1.1183415885126786E-003
  5.0800000000000004E+001  6.7565166132363964E-012 -1.9946249856070177E-012 -1.8593480353946501E-004  1.9099573940462865E-013  2.9029544240062021E-013  3.4407653639930428E-005  3.4871159719360383E-002  8.8098604627669469E-002  5.4777703917726611E-012  8.3257013151762103E-012  9.8682615350290082E-004
  5.0880000000000003E+001  6.7409551525498662E-012 -2.0181764433067410E-012 -1.8853597375341637E-004  1.9813134080925564E-013  2.9856646536742976E-013  3.0545743608071467E-005  3.5662979669378876E-002  8.6071890243040391E-002  5.5561128447954780E-012  8.3725789344464535E-012  8.5658951542153699E-004
  5.0960000000000001E+001  6.7248155987069155E-012 -2.0423956200658064E-012 -1.9082212251675645E-004  2.0543673299781982E-013  3.0697267970715133E-013  2.6530985687319016E-005  3.6463264082297990E-002  8.4112949419896235E-002  5.6343969599863578E-012  8.4191703243381410E-012  7.2765474049466103E-004
  5.1039999999999999E+001  6.7080852752702151E-012 -2.0672920720598852E-012 -1.9278093146338741E-004  2.1288816255240163E-013  3.1548206841027087E-013  2.2362038024271781E-005  3.7268645447958611E-002  8.2226467908780035E-002  5.7124526939778128E-012  8.4653691497204435E-012  6.0004410022744537E-004
  5.1120000000000005E+001  6.6907534926985312E-012 -2.0928727510114498E-012 -1.9440004860063993E-004  2.2045981556108015E-013  3.2406165163212608E-013  1.8039379785980816E-005  3.8075774842384474E-002  8.0415957887878073E-002  5.7900952556878686E-012  8.5110653358585002E-012  4.7377906978548795E-004
  5.1200000000000003E+001  6.6728117047804422E-012 -2.1191419363210254E-012 -1.9566723222914434E-004  2.2812399815951256E-013  3.3267762061634553E-013  1.3565258864548039E-005  3.8881341609470356E-002  7.8683902894670352E-002  5.8671279940825094E-012  8.5561441566395472E-012  3.4888032710515051E-004
  5.1280000000000001E+001  6.6542536529930092E-012 -2.1461011703100650E-012 -1.9657049001896762E-004  2.3585128933969329E-013  3.4129532440593265E-013  8.9436237312671618E-006  3.9682092197275698E-002  7.7031897011198183E-002  5.9433438201971815E-012  8.6004815837220547E-012  2.2536775272241264E-004
  5.1359999999999999E+001  6.6350754984860913E-012 -2.1737491882259746E-012 -1.9709821202614709E-004  2.4361074933845972E-013  3.4987923940487203E-013  4.1800408393903316E-006  4.0474847957458537E-002  7.5460775605177582E-002  6.0185274495881274E-012  8.6439396706503893E-012  1.0326043030940043E-004
  5.1439999999999998E+001  6.6152759330988556E-012 -2.2020818486148446E-012 -1.9723929655327007E-004  2.5137023300368439E-013  3.5839309543837218E-013 -7.1840085493187823E-007  4.1256521739914488E-002  7.3970735916200389E-002  6.0924595951630451E-012  8.6863662005995320E-012 -1.7423352092987113E-005
  5.1520000000000003E+001  6.5948562612055018E-012 -2.2310920834961142E-012 -1.9698326788935799E-004  2.5909676263199663E-013  3.6680026778080884E-013 -5.7431965527398593E-006  4.2024133140348682E-002  7.2561446568933027E-002  6.1649218221229671E-012  8.7276006616441501E-012 -1.3666610015938133E-004
  5.1600000000000001E+001  6.5738204510777362E-012 -2.2607698914597740E-012 -1.9632038510483170E-004  2.6675691555119544E-013  3.7506444232357344E-013 -1.0884541661462163E-005  4.2774822285702840E-002  7.1232145708373523E-002  6.2357010025725300E-012  8.7674859494059473E-012 -2.5445111069631051E-004
  5.1680000000000000E+001  6.5521751547173105E-012 -2.2911023942678859E-012 -1.9524174122352404E-004  2.7431720310917279E-013  3.8315044221598365E-013 -1.6131455390220635E-005  4.3505862070162743E-002  6.9981727908045702E-002  6.3045929838577913E-012  8.8058826315452721E-012 -3.7076246840821110E-004
  5.1759999999999998E+001  6.5299296985802685E-012 -2.3220739622143314E-012 -1.9373935224239639E-004  2.8174445136973487E-013  3.9102504656536603E-013 -2.1471910035901330E-005  4.4214668782543778E-002  6.8808820324371495E-002  6.3714058909807920E-012  8.8426817940710980E-012 -4.8558504203308190E-004
  5.1840000000000003E+001  6.5070960424981530E-012 -2.3536664017183445E-012 -1.9180623561777983E-004  2.8900625391754500E-013  3.9865765689342868E-013 -2.6892964128804238E-005  4.4898811093222510E-002  6.7711848784524090E-002  6.4359647832077339E-012  8.8778136213004022E-012 -5.9890447986995685E-004
  5.1920000000000002E+001  6.4836886979534613E-012 -2.3858591873172800E-012 -1.8943647798178772E-004  2.9607152011099508E-013  4.0602075303749450E-013 -3.2380897664065562E-005  4.5556017394798268E-002  6.6689094623656811E-002  6.4981181525910806E-012  8.9112510804339197E-012 -7.1070720472232187E-004
  5.2000000000000000E+001  6.4597245992803938E-012 -2.4186297222043436E-012 -1.8662529199152934E-004  3.0291111407233222E-013  4.1309014034949937E-013 -3.7921347731668463E-005  4.6184181514971813E-002  6.5738743150367554E-002  6.5577461059112917E-012  8.9430094179592922E-012 -8.2098040828345752E-004
  5.2079999999999998E+001  6.4352229197018882E-012 -2.4519536097731999E-012 -1.8336906234472076E-004  3.0949849276221204E-013  4.1984499818852910E-013 -4.3499442969296706E-005  4.6781366842156787E-002  6.4858924633924384E-002  6.6147682849192566E-012  8.9731421781444668E-012 -9.2971204499153054E-004
  5.2160000000000004E+001  6.4102048404384398E-012 -2.4858049219145083E-012 -1.7966538111644187E-004  3.1581017301841346E-013  4.2626776967716212E-013 -4.9099935393923897E-005  4.7345808924026012E-002  6.4047748686795233E-002  6.6691481227534015E-012  9.0017349380657882E-012 -1.0368908253839543E-003
  5.2240000000000002E+001  6.3846932920189420E-012 -2.5201564529215458E-012 -1.7551307268169294E-004  3.2182593517825642E-013  4.3234388689853940E-013 -5.4707328315269885E-005  4.7875916616325780E-002  6.3303332872661031E-002  6.7208919727230092E-012  9.0288968039443330E-012 -1.1425062089817750E-003
  5.2320000000000000E+001  6.3587126908099188E-012 -2.5549799438182746E-012 -1.7091220858599869E-004  3.2752874393858143E-013  4.3806135230476846E-013 -6.0305999192414388E-005  4.8370271873655953E-002  6.2623826312207434E-002  6.7700432011682096E-012  9.0547501808350630E-012 -1.2465483967352357E-003
  5.2399999999999999E+001  6.3322886929887690E-012 -2.5902462692903087E-012 -1.6586411281090664E-004  3.3290445036071282E-013  4.4341025967443643E-013 -6.5880316459552464E-005  4.8827628285589245E-002  6.2007428993010864E-002  6.8166729144996521E-012  9.0794205143777004E-012 -1.3490083230610088E-003
  5.2480000000000004E+001  6.3054479787522048E-012 -2.6259255853661844E-012 -1.6037135795247029E-004  3.3794141949253827E-013  4.4838242559573083E-013 -7.1414749513710297E-005  4.9246908470196957E-002  6.1452407421043638E-002  6.8608703905571754E-012  9.1030292973162547E-012 -1.4498776474999673E-003
  5.2560000000000002E+001  6.2782180658699629E-012 -2.6619874573856257E-012 -1.5443775288871299E-004  3.4263022298047878E-013  4.5297125710480367E-013 -7.6893971221928196E-005  4.9627200442720884E-002  6.0957107183268383E-002  6.9027358994546943E-012  9.1256925155411613E-012 -1.5491487460221952E-003
  5.2640000000000001E+001  6.2506271430753281E-012 -2.6984009865029530E-012 -1.4806832255696178E-004  3.4696344783746810E-013  4.5717192572784388E-013 -8.2302952464545303E-005  4.9967753080114009E-002  6.0519962925519234E-002  6.9423766586176535E-012  9.1475255171709675E-012 -1.6468147020037944E-003
  5.2719999999999999E+001  6.2227039142159680E-012 -2.7351349655020807E-012 -1.4126928049438574E-004  3.5093558640296039E-013  4.6098174183314678E-013 -8.7627048381819919E-005  5.0267970802549335E-002  6.0139506189020385E-002  6.9799049550653299E-012  9.1686518749313185E-012 -1.7428692968984862E-003
  5.2800000000000004E+001  6.1944774492508545E-012 -2.7721580651962565E-012 -1.3404799481587059E-004  3.5454296139751417E-013  4.6440048129178100E-013 -9.2852076130991564E-005  5.0527407591266435E-002  5.9814371493005704E-002  7.0154373505149611E-012  9.1892112191492292E-012 -1.8373070006262727E-003
  5.2880000000000003E+001  6.1659770403923657E-012 -2.8094390425087657E-012 -1.2641294831342709E-004  3.5778362632977704E-013  4.6743043215930465E-013 -9.7964384088742337E-005  5.0745760458693313E-002  5.9543301000253568E-002  7.0490937022016175E-012  9.2093616217932021E-012 -1.9301229617014267E-003
  5.2960000000000001E+001  6.1372320690380902E-012 -2.8469469343417452E-012 -1.1837369336167182E-004  3.6065724549317755E-013  4.7007598691984656E-013 -1.0295091254892386E-004  5.0922862481996636E-002  5.9325148056984973E-002  7.0809960422649092E-012  9.2292733340010028E-012 -2.0213129971223872E-003
  5.3039999999999999E+001  6.1082718811134573E-012 -2.8846512004159411E-012 -1.0994080230559927E-004  3.6316499105805328E-013  4.7234280866950742E-013 -1.0779924606710438E-004  5.1058675505510187E-002  5.9158879858201389E-002  7.1112680122421821E-012  9.2491146106231508E-012 -2.1108735820461765E-003
  5.3120000000000005E+001  6.0791256704688016E-012 -2.9225217837288664E-012 -1.0112581399093511E-004  3.6530943264806757E-013  4.7423680490842794E-013 -1.1249765769167226E-004  5.1153282610904703E-002  5.9043579454195402E-002  7.1400343143317130E-012  9.2690341542440994E-012 -2.1988018392692203E-003
  5.3200000000000003E+001  6.0498223718897665E-012 -2.9605290892012896E-012 -9.1941177074931710E-005  3.6709437751001283E-013  4.7576320463430100E-013 -1.1703514539563881E-004  5.1206880446657166E-002  5.8978447283387254E-002  7.1674193243266905E-012  9.2891457125945815E-012 -2.2850955285347485E-003
  5.3280000000000001E+001  6.0203905700671996E-012 -2.9986438964703546E-012 -8.2400190727632903E-005  3.6852460070136349E-013  4.7692594631119165E-013 -1.2140146108402210E-004  5.1219771500434171E-002  5.8962802390590083E-002  7.1935436492733196E-012  9.3095185526559490E-012 -2.3697530356844606E-003
  5.3359999999999999E+001  5.9908584357775483E-012 -3.0368372406110802E-012 -7.2516943301488172E-005  3.6960538541658875E-013  4.7772748826639939E-013 -1.2558713259899131E-004  5.1192356389537834E-002  5.8996083467976405E-002  7.2185170144620774E-012  9.3301757367887605E-012 -2.4527733616693270E-003
  5.3439999999999998E+001  5.9612537084005454E-012 -3.0750802945929785E-012 -6.2306249511794292E-005  3.7034192164283146E-013  4.7816896036678923E-013 -1.2958347917954211E-004  5.1125126235813834E-002  5.9077849837944556E-002  7.2424283108332493E-012  9.3510985165574558E-012 -2.5341561114319254E-003
  5.3520000000000003E+001  5.9316037283146953E-012 -3.1133442742697665E-012 -5.1783586632761433E-005  3.7073869764931199E-013  4.7825052956142045E-013 -1.3338262085528762E-004  5.1018655182539736E-002  5.9207782482429056E-002  7.2653352654917050E-012  9.3722344084102325E-012 -2.6139014826711032E-003
  5.3600000000000001E+001  5.9019355167766555E-012 -3.1516003793228057E-012 -4.0965030174948272E-005  3.7079906814096309E-013  4.7797185788878353E-013 -1.3697748226659240E-004  5.0873593102269139E-002  5.9385685211247936E-002  7.2872571696968924E-012  9.3935067173360328E-012 -2.6920102544992454E-003
  5.3680000000000000E+001  5.8722758774121412E-012 -3.1898197715319719E-012 -2.9867189470106648E-005  3.7052515051418369E-013  4.7733256848869324E-013 -1.4036179140725620E-004  5.0690658536449565E-002  5.9611486052640418E-002  7.3081735594942086E-012  9.4148240194975154E-012 -2.7684837760029303E-003
  5.3759999999999998E+001  5.8426514926943861E-012 -3.2279735902809966E-012 -1.8507143549787282E-005  3.6991804347132958E-013  4.7633266276358524E-013 -1.4353007378284756E-004  5.0470631900237158E-002  5.9885238941615473E-002  7.3280288072158244E-012  9.4360886359963517E-012 -2.8433239547188027E-003
  5.3840000000000003E+001  5.8130889904567285E-012 -3.2660329975741455E-012 -6.9023776648510331E-006  3.6897830690130632E-013  4.7497284224550364E-013 -1.4647764246905124E-004  5.0214348979223493E-002  6.0207125776042689E-002  7.3467416100240723E-012  9.4572032931673234E-012 -2.9165332450375283E-003
  5.3920000000000002E+001  5.7836149635901771E-012 -3.3039692450402772E-012  4.9292792452609162E-006  3.6770650157232298E-013  4.7325463972169916E-013 -1.4920058454086623E-004  4.9922694738805021E-002  6.0577458906364408E-002  7.3642156237513004E-012  9.4780741141656754E-012 -2.9881146365491056E-003
  5.4000000000000000E+001  5.7542559502051568E-012 -3.3417537399296174E-012  1.6969715861687565E-005  3.6610362595693639E-013  4.7118029323378193E-013 -1.5169574432597410E-004  4.9596597461518080E-002  6.0996684122421631E-002  7.3803481772024341E-012  9.4986085401901541E-012 -3.0580716423422327E-003
  5.4079999999999998E+001  5.7250383834370672E-012 -3.3793580919576823E-012  2.9200598337416775E-005  3.6417139299274972E-013  4.6875241457768199E-013 -1.5396070391475171E-004  4.9237023222833243E-002  6.1465384200025452E-002  7.3950359710478648E-012  9.5187090112784034E-012 -3.1264082872686440E-003
  5.4160000000000004E+001  5.6959885273263168E-012 -3.4167541262620465E-012  4.1603428488047840E-005  3.6191234100928139E-013  4.6597356584570538E-013 -1.5599376133586498E-004  4.8844970711521885E-002  6.1984283070629018E-002  7.4081776079422311E-012  9.5382644641340755E-012 -3.1931290961805556E-003
  5.4240000000000002E+001  5.6671324088755822E-012 -3.4539138624929952E-012  5.4159600151155173E-005  3.5932982517526893E-013  4.6284597513042170E-013 -1.5779390678020093E-004  4.8421466396576081E-002  6.2554250679955126E-002  7.4196737947306359E-012  9.5571441996635069E-012 -3.2582390821458986E-003
  5.4320000000000000E+001  5.6384957552982738E-012 -3.4908094822829140E-012  6.6850453572879991E-005  3.5642792981498456E-013  4.5937158188779361E-013 -1.5936079722784295E-004  4.7967560038943730E-002  6.3176308605492615E-002  7.4294259383064420E-012  9.5751981334841431E-012 -3.3217437346425272E-003
  5.4399999999999999E+001  5.6101039401051847E-012 -3.5274133155950422E-012  7.9657327707610044E-005  3.5321133083220092E-013  4.5555246319685687E-013 -1.6069472980353305E-004  4.7484320542895649E-002  6.3851636508596821E-002  7.4373336335524856E-012  9.5922648940438922E-012 -3.3836490077296761E-003
  5.4480000000000004E+001  5.5819819423651217E-012 -3.5636978763944111E-012  9.2561610341445282E-005  3.4968512274545776E-013  4.5139153505139033E-013 -1.6179661415630358E-004  4.6972832138868492E-002  6.4581579504319128E-002  7.4432912497857527E-012  9.6081861285734205E-012 -3.4439613081931782E-003
  5.4560000000000002E+001  5.5541543204659114E-012 -3.5996359612032646E-012  1.0554478597261862E-004  3.4585467013276008E-013  4.4689325873923636E-013 -1.6266794412945400E-004  4.6434190887040386E-002  6.5367656541252345E-002  7.4471847988411290E-012  9.6228218250086670E-012 -3.5026874836606905E-003
  5.4640000000000001E+001  5.5266451951438800E-012 -3.6352007977926889E-012  1.1858848140215792E-004  3.4172555735245168E-013  4.4206413241947203E-013 -1.6331076895853571E-004  4.5869501488899074E-002  6.6211569894443489E-002  7.4488906783656406E-012  9.6360621360311943E-012 -3.5598348106844107E-003
  5.4719999999999999E+001  5.4994782312895192E-012 -3.6703662223903802E-012  1.3167450900598433E-004  3.3730373225362870E-013  4.3691282362369224E-013 -1.6372766420833337E-004  4.5279874392627387E-002  6.7115215886936877E-002  7.4482785456067394E-012  9.6478323699369020E-012 -3.6154109827912042E-003
  5.4800000000000004E+001  5.4726765979832995E-012 -3.7051068495724796E-012  1.4478490767549126E-004  3.3259585737834751E-013  4.3144996003263930E-013 -1.6392170263524275E-004  4.4666423177260592E-002  6.8080696969891108E-002  7.4452190041923746E-012  9.6580910146901108E-012 -3.6694240985031862E-003
  5.4880000000000003E+001  5.4462628941089836E-012 -3.7393982159956024E-012  1.5790198142762318E-004  3.2760981258447415E-013  4.2568774449834106E-013 -1.6389642513897078E-004  4.4030262200126763E-002  6.9110335307826051E-002  7.4395953665148803E-012  9.6668238745230803E-012 -3.7218826493350173E-003
  5.4960000000000001E+001  5.4202590279697836E-012 -3.7732168886922142E-012  1.7100833569772659E-004  3.2235521126032194E-013  4.1963954795729763E-013 -1.6365581194694085E-004  4.3372504491987963E-002  7.0206688034740977E-002  7.4313168202219241E-012  9.6740374029911287E-012 -3.7727955077769340E-003
  5.5039999999999999E+001  5.3946860603073321E-012 -3.8065405436687701E-012  1.8408691133913371E-004  3.1684372255937697E-013  4.1331961543096332E-013 -1.6320425415610254E-004  4.2694259884473389E-002  7.1372564369028973E-002  7.4203284241213339E-012  9.6797542144873247E-012 -3.8221719152744687E-003
  5.5120000000000005E+001  5.3695640323602833E-012 -3.8393480271611683E-012  1.9712101636270299E-004  3.1108908462295993E-013  4.0674288843935365E-013 -1.6254652573983211E-004  4.1996633354750144E-002  7.2611044800820104E-002  7.4066149423215353E-012  9.6840110139145150E-012 -3.8700214702166577E-003
  5.5200000000000003E+001  5.3449118067676585E-012 -3.8716194058190666E-012  2.1009435545750685E-004  3.0510680643458131E-013  3.9992490682497068E-013 -1.6168775611184397E-004  4.1280723572769386E-002  7.3925502595371576E-002  7.3901977857449098E-012  9.6868582924536781E-012 -3.9163541159442502E-003
  5.5280000000000001E+001  5.3207469433307503E-012 -3.9033360122531637E-012  2.2299105734059803E-004  2.9891362515393684E-013  3.9288173345825359E-013 -1.6063340332426497E-004  4.0547621636834022E-002  7.5319627891100333E-002  7.3711258314250421E-012  9.6883605778778507E-012 -3.9611801287881086E-003
  5.5359999999999999E+001  5.2970856267430286E-012 -3.9344804831723872E-012  2.3579569998938925E-004  2.9252687486646302E-013  3.8562989304350514E-013 -1.5938922796336719E-004  3.9798409983665427E-002  7.6797454711642926E-002  7.3494631792666270E-012  9.6885970958232134E-012 -4.0045101061459308E-003
  5.5439999999999998E+001  5.2739426433521162E-012 -3.9650367951401245E-012  2.4849333381473678E-004  2.8596394277150772E-013  3.7818632277806295E-013 -1.5796126779368924E-004  3.9034161459516936E-002  7.8363391259108059E-002  7.3252778096656943E-012  9.6876628103157395E-012 -4.0463549546031034E-003
  5.5520000000000003E+001  5.2513313958995873E-012 -3.9949902948168773E-012  2.6106950283637953E-004  2.7924189372508544E-013  3.7056831251957520E-013 -1.5635581318911764E-004  3.8255938539161136E-002  8.0022253911810323E-002  7.2986332707226186E-012  9.6856693279600411E-012 -4.0867258781014191E-003
  5.5600000000000001E+001  5.2292639403561025E-012 -4.0243277251432565E-012  2.7351026392499560E-004  2.7237731125581409E-013  3.6279344090156063E-013 -1.5457938337866213E-004  3.7464792680007346E-002  8.1779305415299097E-002  7.2695850329724603E-012  9.6827457988116138E-012 -4.1256343661580444E-003
  5.5680000000000000E+001  5.2077510260986571E-012 -4.0530372453611270E-012  2.8580220417696547E-004  2.6538632999073833E-013  3.5487943486147972E-013 -1.5263870352498967E-004  3.6661763798959079E-002  8.3640297832684576E-002  7.2381814783913002E-012  9.6790378303190350E-012 -4.1630921821366601E-003
  5.5759999999999998E+001  5.1868021275575844E-012 -4.0811084347210933E-012  2.9793245648899395E-004  2.5828480718481561E-013  3.4684390915579421E-013 -1.5054068264550786E-004  3.5847879860219180E-002  8.5611520910647734E-002  7.2044687979812120E-012  9.6747028924751554E-012 -4.1991113515730165E-003
  5.5840000000000003E+001  5.1664254569490866E-012 -4.1085322708260541E-012  3.0988871340024673E-004  2.5108856069001459E-013  3.3870402729622073E-013 -1.4829239237934533E-004  3.5024156562936962E-002  8.7699856623985439E-002  7.1684983708675004E-012  9.6699027971125785E-012 -4.2337041505578392E-003
  5.5920000000000002E+001  5.1466279578471820E-012 -4.1353010790884886E-012  3.2165923926968920E-004  2.4381358584211215E-013  3.3047617435263851E-013 -1.4590104659802729E-004  3.4191597118282416E-002  8.9912840787494494E-002  7.1303345391940475E-012  9.6647953605825137E-012 -4.2668830941807031E-003
  5.6000000000000000E+001  5.1274152832143487E-012 -4.1614084587224762E-012  3.3323288085593109E-004  2.3647618213327646E-013  3.2217572765596295E-013 -1.4337398185316366E-004  3.3351192106318921E-002  9.2258732773164362E-002  7.0900608081679443E-012  9.6595276327255519E-012 -4.2986609250387619E-003
  5.6079999999999998E+001  5.1087917687058578E-012 -4.1868491955134427E-012  3.4459907636619539E-004  2.2909291191288882E-013  3.1381700209601110E-013 -1.4071863865067316E-004  3.2503919403717961E-002  9.4746594548422297E-002  7.0477818289852665E-012  9.6542333079976552E-012 -4.3290506018141828E-003
  5.6160000000000004E+001  5.0907604173082864E-012 -4.2116191790578380E-012  3.5574786304003880E-004  2.2168036641604905E-013  3.0541336221080075E-013 -1.3794254353756235E-004  3.1650744173994556E-002  9.7386380463493766E-002  7.0036196085145527E-012  9.6490348201255390E-012 -4.3580652879238596E-003
  5.6240000000000002E+001  5.0733229100792900E-012 -4.2357153334671708E-012  3.6666988333220536E-004  2.1425475295734895E-013  2.9697739321067069E-013 -1.3505329198442052E-004  3.0792618912546556E-002  1.0018903947034349E-001  6.9577032503480904E-012  9.6440475561667935E-012 -4.3857183402447519E-003
  5.6320000000000000E+001  5.0564796568351106E-012 -4.2591355619715453E-012  3.7735638975754609E-004  2.0683141870529797E-013  2.8852099584001382E-013 -1.3205853204427734E-004  2.9930483539300296E-002  1.0316663176173627E-001  6.9101547738070568E-012  9.6393821218079048E-012 -4.4120232979181374E-003
  5.6399999999999999E+001  5.0402298830864423E-012 -4.2818786928015730E-012  3.8779924845928974E-004  1.9942444064742941E-013  2.8005534550610329E-013 -1.2896594876661547E-004  2.9065265532351513E-002  1.0633246218799711E-001  6.8610745718464775E-012  9.6351422600543389E-012 -4.4369938712360722E-003
  5.6480000000000004E+001  5.0245717463315219E-012 -4.3039444172525218E-012  3.9799094156020456E-004  1.9204639392672253E-013  2.7159072276007838E-013 -1.2578324934425138E-004  2.8197880096576838E-002  1.0970123325589208E-001  6.8105304195842614E-012  9.6314177229187442E-012 -4.4606439306132534E-003
  5.6560000000000002E+001  5.0095024600581667E-012 -4.3253332084431855E-012  4.0792456835436996E-004  1.8470838386039380E-013  2.6313629576224155E-013 -1.2251814896978422E-004  2.7329230361664864E-002  1.1328922105767544E-001  6.7585538995649167E-012  9.6282739706357091E-012 -4.4829874956471760E-003
  5.6640000000000001E+001  4.9950184049138589E-012 -4.3460462245744805E-012  4.1759384539537004E-004  1.7742031319099716E-013  2.5469999471432994E-013 -1.1917835737758777E-004  2.6460207604518674E-002  1.1711447814184070E-001  6.7051449186173288E-012  9.6257432280152955E-012 -4.5040387242689852E-003
  5.6719999999999999E+001  4.9811152099476071E-012 -4.3660852075974783E-012  4.2699310553478401E-004  1.7019129136775239E-013  2.4628855168934225E-013 -1.1577156604683148E-004  2.5591691491378715E-002  1.2119706815096874E-001  6.6502826283267953E-012  9.6238201221129399E-012 -4.5238119019870258E-003
  5.6800000000000004E+001  4.9677877982950185E-012 -4.3854523928447752E-012  4.3611729596286308E-004  1.6303005727608644E-013  2.3790772842307436E-013 -1.1230543604064749E-004  2.4724550335409778E-002  1.2555933805436220E-001  6.5939391809404372E-012  9.6224639741951901E-012 -4.5423214312250272E-003
  5.6880000000000003E+001  4.9550304007834333E-012 -4.4041504441451702E-012  4.4496197530128760E-004  1.5594530350363665E-013  2.2956265975524348E-013 -1.0878758645647761E-004  2.3859641365854046E-002  1.3022623504346112E-001  6.5360923663257790E-012  9.6216064445872675E-012 -4.5595818207572903E-003
  5.6960000000000001E+001  4.9428365497344367E-012 -4.4221824184056142E-012  4.5352330979589949E-004  1.4894583373882723E-013  2.2125822356115728E-013 -1.0522558346274758E-004  2.2997811005193231E-002  1.3522567670028487E-001  6.4767338670584803E-012  9.6211621365869257E-012 -4.5756076752441147E-003
  5.7039999999999999E+001  4.9311990673852210E-012 -4.4395517599149554E-012  4.6179806865532722E-004  1.4204055172033411E-013  2.1299936025244692E-013 -1.0162692989756076E-004  2.2139895151160074E-002  1.4058898497619784E-001  6.4158718318088205E-012  9.6210394798916502E-012 -4.5904136848717893E-003
  5.7120000000000005E+001  4.9201100614591832E-012 -4.4562623160460057E-012  4.6978361857950921E-004  1.3523831638104841E-013  2.0479128827159140E-013 -9.7999055405897570E-005  2.1286719460799221E-002  1.4635139693963006E-001  6.3535277508868743E-012  9.6211494781802188E-012 -4.6040146151024889E-003
  5.7200000000000003E+001  4.9095609367642532E-012 -4.4723183660384100E-012  4.7747791752027083E-004  1.2854772245950235E-013  1.9663961541775080E-013 -9.4349307092486003E-005  2.0439099634084437E-002  1.5255266831108305E-001  6.2897288492617214E-012  9.6214116338935806E-012 -4.6164252965402927E-003
  5.7280000000000001E+001  4.8995424258656628E-012 -4.4877246545128458E-012  4.8487950771430697E-004  1.2197688530608141E-013  1.8855034265509886E-013 -9.0684940668255123E-005  1.9597841694902977E-002  1.5923778969273034E-001  6.2244986640891416E-012  9.6217559776479971E-012 -4.6276606149201595E-003
  5.7359999999999999E+001  4.8900446351152802E-012 -4.5024864208632258E-012  4.9198750802719165E-004  1.1553328229390142E-013  1.8052978156871507E-013 -8.7013112069043663E-005  1.8763742267469199E-002  1.6645784037427933E-001  6.1578480567559150E-012  9.6221210830508265E-012 -4.6377355012271705E-003
  5.7439999999999998E+001  4.8810571006986386E-012 -4.5166094195638403E-012  4.9880160564535396E-004  1.0922369634527869E-013  1.7258442016469330E-013 -8.3340869526062127E-005  1.7937588846490462E-002  1.7427101100090933E-001  6.0897694489548875E-012  9.6224486525663130E-012 -4.6466649219535187E-003
  5.7520000000000003E+001  4.8725688437000356E-012 -4.5300999280895767E-012  5.0532204715136159E-004  1.0305428525479685E-013  1.6472077442515428E-013 -7.9675146068355923E-005  1.7120160059600695E-002  1.8274383469231886E-001  6.0202368034905753E-012  9.6226757359255428E-012 -4.6544638695004813E-003
  5.7600000000000001E+001  4.8645684150578711E-012 -4.5429647434718649E-012  5.1154962901629091E-004  9.7030747872446501E-014  1.5694528526295785E-013 -7.6022752438268212E-005  1.6312225920788872E-002  1.9195267704605062E-001  5.9492116823491548E-012  9.6227274645062105E-012 -4.6611473527317033E-003
  5.7680000000000000E+001  4.8570439240404442E-012 -4.5552111737316500E-012  5.1748568754148450E-004  9.1158542648024732E-014  1.4926431773404872E-013 -7.2390370401639756E-005  1.5514548073694061E-002  2.0198554973290014E-001  5.8766547292728543E-012  9.6225142462707051E-012 -4.6667303876825753E-003
  5.7759999999999998E+001  4.8499830482341871E-012 -4.5668470343093127E-012  5.2313208828055327E-004  8.5443086667420956E-014  1.4168427381024983E-013 -6.8784546434958762E-005  1.4727880023753850E-002  2.1294433133884605E-001  5.8025396533679016E-012  9.6219359527741935E-012 -4.6712279884285656E-003
  5.7840000000000003E+001  4.8433730301736568E-012 -4.5778806575412900E-012  5.2849121497107790E-004  7.9889869779272288E-014  1.3421179552677317E-013 -6.5211685772168703E-005  1.3952967358269832E-002  2.2494750447905684E-001  5.7268658516673047E-012  9.6208942561355062E-012 -4.6746551581136825E-003
  5.7920000000000002E+001  4.8372006690695036E-012 -4.5883209215935964E-012  5.3356595800410026E-004  7.4504448679738640E-014  1.2685398777667868E-013 -6.1678046794311713E-005  1.3190547953532689E-002  2.3813355250482582E-001  5.6496661657139734E-012  9.6193109398967298E-012 -4.6770268801394422E-003
  5.8000000000000000E+001  4.8314523183848986E-012 -4.5981772955855586E-012  5.3835970245816778E-004  6.9292323734101380E-014  1.1961856307639749E-013 -5.8189735745676753E-005  1.2441352168201780E-002  2.5266520595292552E-001  5.5710076643948426E-012  9.6171466616788845E-012 -4.6783581095152073E-003
  5.8079999999999998E+001  4.8261138972720473E-012 -4.6074598916858200E-012  5.4287631572340854E-004  6.4258737587556592E-014  1.1251384093647590E-013 -5.4752701760861044E-005  1.1706103022250095E-002  2.6873479352196467E-001  5.4909854496228093E-012  9.6144141304195250E-012 -4.6786637643725206E-003
  5.8160000000000004E+001  4.8211709203708896E-012 -4.6161795101353947E-012  5.4712013473990555E-004  5.9408453675595187E-014  1.0554858804418213E-013 -5.1372732188124308E-005  1.0985516360925429E-002  2.8657104261483640E-001  5.4097114897018684E-012  9.6111813592402697E-012 -4.6779587176485537E-003
  5.8240000000000002E+001  4.8166085446839521E-012 -4.6243476657728892E-012  5.5109595287350843E-004  5.4745569191675886E-014  9.8731735443942136E-014 -4.8055448195253561E-005  1.0280301003274711E-002  3.0644780210341166E-001  5.3273014710116063E-012  9.6075631896963169E-012 -4.6762577889462144E-003
  5.8320000000000000E+001  4.8124116293002214E-012 -4.6319765878064255E-012  5.5480900645114612E-004  5.0273406664223510E-014  9.2072057673944579E-014 -4.4806300645000558E-005  9.5911588749091666E-003  3.2869534287318691E-001  5.2438636376767678E-012  9.6037038771755862E-012 -4.6735757365801243E-003
  5.8399999999999999E+001  4.8085647996176764E-012 -4.6390791950007203E-012  5.5826496097670852E-004  4.5994493471443554E-014  8.5577900167679491E-014 -4.1630566227849187E-005  8.9187851247528576E-003  3.5371515771838352E-001  5.1594920983555753E-012  9.5997557370450275E-012 -4.6699272498181696E-003
  5.8480000000000004E+001  4.8050525103447905E-012 -4.6456690518332542E-012  5.6146989704760199E-004  4.1910612052593961E-014  7.9257012892735600E-014 -3.8533343840341119E-005  8.2638682255674108E-003  3.8199957527492817E-001  5.0742655819571102E-012  9.5958594323693629E-012 -4.6653269413277276E-003
  5.8560000000000002E+001  4.8018591016892613E-012 -4.6517603170635580E-012  5.6443029599116310E-004  3.8022896238216159E-014  7.3116516771059045E-014 -3.5519551197545746E-005  7.6270900580460025E-003  4.1415809386211311E-001  4.9882518790052418E-012  9.5921311826745568E-012 -4.6597893398343474E-003
  5.8640000000000001E+001  4.7989688469466759E-012 -4.6573676945166236E-012  5.6715302523920931E-004  3.4331932148787090E-014  6.7162975624895562E-014 -3.2593921668469197E-005  7.0091259782552474E-003  4.5095324734066866E-001  4.9015157282155805E-012  9.5886584423882327E-012 -4.6533288829991564E-003
  5.8719999999999999E+001  4.7963659925454554E-012 -4.6625063931635413E-012  5.6964532345811817E-004  3.0837834545539520E-014  6.1402533957196515E-014 -2.9761001323443852E-005  6.4106448681874898E-003  4.9335023394433253E-001  4.8141276353156366E-012  9.5855042540117778E-012 -4.6459599105199041E-003
  5.8800000000000004E+001  4.7940347934193895E-012 -4.6671920999497751E-012  5.7191478545096032E-004  2.7540279475899194E-014  5.5841074905205129E-014 -2.7025146182742390E-005  5.8323091691511227E-003  5.4258681310961521E-001  4.7261704479278840E-012  9.5827188937165842E-012 -4.6376966574595306E-003
  5.8880000000000003E+001  4.7919595478293115E-012 -4.6714409651483741E-012  5.7396934684735695E-004  2.4438495557604293E-014  5.0484351552364655E-014 -2.4390519655824395E-005  5.2747748976763268E-003  6.0027371656362105E-001  4.6377418210655783E-012  9.5803550835237163E-012 -4.6285532478054642E-003
  5.8960000000000001E+001  4.7901246341301729E-012 -4.6752695961981534E-012  5.7581726859589222E-004  2.1531228011282873E-014  4.5338062932458929E-014 -2.1861090160696047E-005  4.7386916435460617E-003  6.6854215808185469E-001  4.5489515466323769E-012  9.5784826499180628E-012 -4.6185436882623526E-003
  5.9039999999999999E+001  4.7885145513475063E-012 -4.6786950552175675E-012  5.7746712127306832E-004  1.8816695844404978E-014  4.0407865177330202E-014 -1.9440628912776692E-005  4.2247025494504698E-003  7.5026612616157839E-001  4.4599139755819955E-012  9.5771982033844731E-012 -4.6076818622806199E-003
  5.9120000000000005E+001  4.7871139627950681E-012 -4.6817348546265262E-012  5.7892776922193650E-004  1.6292568043813932E-014  3.5699327488848082E-014 -1.7132707872424168E-005  3.7334442716111783E-003  8.4940733245702371E-001  4.3707380956010928E-012  9.5766260932786712E-012 -4.5959815243230588E-003
  5.9200000000000003E+001  4.7859077404604960E-012 -4.6844069476157832E-012  5.8020835453265619E-004  1.3955970374859159E-014  3.1217860355041023E-014 -1.4940697839673785E-005  3.2655469204839575E-003  9.7156904506576158E-001  4.2815175117861749E-012  9.5769085920831931E-012 -4.5834562943716786E-003
  5.9280000000000001E+001  4.7848810075350906E-012 -4.6867297122833328E-012  5.8131828087628430E-004  1.1803525909616174E-014  2.6968652945297198E-014 -1.2867766683694162E-005  2.8216339802993235E-003  1.1249217099341773E+000  4.1923231299353544E-012  9.5781863289011323E-012 -4.5701196526772049E-003
  5.9359999999999999E+001  4.7840191763149574E-012 -4.6887219320870308E-012  5.8226719720204725E-004  9.8314197983950632E-015  2.2956655634306027E-014 -1.0916877692785341E-005  2.4023222056946563E-003  1.3218260336735215E+000  4.1031999568769967E-012  9.5805736884570927E-012 -4.5559849347537882E-003
  5.9439999999999998E+001  4.7833079803673474E-012 -4.6904027771848218E-012  5.8306498130712996E-004  8.0354732026428014E-015  1.9186625050292129E-014 -9.0907880280273088E-006  2.0082214929257446E-003  1.5818506601387710E+000  4.0141684994117712E-012  9.5841360092312651E-012 -4.5410653266214455E-003
  5.9520000000000003E+001  4.7827335006025346E-012 -4.6917917920950775E-012  5.8372172328653162E-004  6.4112118748449872E-015  1.5663225411733794E-014 -7.3920472593841228E-006  1.6399347219820067E-003  1.9378080998554197E+000  3.9252302627636553E-012  9.5888755545559182E-012 -4.5253738602982633E-003
  5.9600000000000001E+001  4.7822821864673722E-012 -4.6929088932506992E-012  5.8424770886863142E-004  4.9539166517377664E-015  1.2391157352397872E-014 -5.8229959562919114E-006  1.2980575641515549E-003  2.4490185212708298E+000  3.8363752140068338E-012  9.5947306390496165E-012 -4.5089234095432237E-003
  5.9680000000000000E+001  4.7819408739382566E-012 -4.6937743772714612E-012  5.8465340263953833E-004  3.6586529174119334E-015  9.3752771532504983E-015 -4.3857642939860975E-006  9.8317824677946115E-004  3.2343772034176279E+000  3.7475898975598945E-012  9.6015888304150101E-012 -4.4917266858488132E-003
  5.9759999999999998E+001  4.7816968020005863E-012 -4.6944089375952193E-012  5.8494943115566919E-004  2.5202805380984302E-015  6.6206732393517328E-015 -3.0822706193363834E-006  6.9587726247755891E-004  4.5710414569240445E+000  3.6588645510757377E-012  9.6093103220769761E-012 -4.4737962346804282E-003
  5.9840000000000003E+001  4.7815376290521608E-012 -4.6948336849897575E-012  5.8514656593863215E-004  1.5334500054690319E-015  4.1326845883905233E-015 -1.9142198911202817E-006  4.3672700265798509E-004  7.2853491935430226E+000  3.5701980702041005E-012  9.6177544667921114E-012 -4.4551444319575395E-003
  5.9920000000000002E+001  4.7814514499997112E-012 -4.6950701671293617E-012  5.8525570633824844E-004  6.9259239987700874E-016  1.9168672229582146E-015 -8.8310186066885071E-007  2.0629128272699979E-004  1.5426935031967437E+001  3.4816000260107109E-012  9.6268028136459930E-012 -4.4357834807699139E-003
  6.0000000000000000E+001  4.7814268142681805E-012 -4.6951403837454308E-012  5.8528786223633917E-004  4.9939358519486655E-016  1.4333099896738711E-015 -6.5538491869103683E-007  2.0629128272699979E-004  1.5426935031967437E+001  3.3930897518782807E-012  9.6363732516512112E-012 -4.4157254083214154E-003
  6.0079999999999998E+001  4.7813715470260801E-012 -4.6952994967277096E-012  5.8536056792523900E-004  6.8172941161768811E-016  1.9899729772429640E-015 -9.0664642164066996E-007  2.0629128272699979E-004  1.5426935031967437E+001  3.3046932599652544E-012  9.6464230137905033E-012 -4.3949817445265030E-003
  6.0160000000000004E+001  4.7813177375623217E-012 -4.6954587794217897E-012  5.8543292566380167E-004  6.6352334053607868E-016  1.9921426829251960E-015 -9.0222794757151628E-007  2.0629128272699979E-004  1.5426935031967437E+001  3.2164390650096242E-012  9.6569406936948370E-012 -4.3735631270730539E-003
  6.0240000000000002E+001  4.7812653832915943E-012 -4.6956182395569776E-012  5.8550492439685044E-004  6.4535232556976790E-016  1.9944097062701797E-015 -8.9767234214791370E-007  2.0629128272699979E-004  1.5426935031967437E+001  3.1283548050916150E-012  9.6679301224126667E-012 -4.3514797633781689E-003
  6.0320000000000000E+001  4.7812144811902305E-012 -4.6957778849747929E-012  5.8557655323854534E-004  6.2722162634344951E-016  1.9967741546942647E-015 -8.9298173343036673E-007  2.0629128272699979E-004  1.5426935031967437E+001  3.0404659763295926E-012  9.6793918206320852E-012 -4.3287419692464588E-003
  6.0399999999999999E+001  4.7811650278313793E-012 -4.6959377234217287E-012  5.8564780147419930E-004  6.0913642750847683E-016  1.9992320122416354E-015 -8.8815827234384843E-007  2.0629128272699979E-004  1.5426935031967437E+001  2.9527977113330279E-012  9.6913063209308673E-012 -4.3053601713201467E-003
  6.0480000000000004E+001  4.7811170193618291E-012 -4.6960977620967515E-012  5.8571865856212036E-004  5.9110257820214262E-016  2.0017730560373154E-015 -8.8320413280316133E-007  2.0629128272699979E-004  1.5426935031967437E+001  2.8653783639463188E-012  9.7036240677706661E-012 -4.2813449076811441E-003
  6.0560000000000002E+001  4.7810704514188670E-012 -4.6962580071106946E-012  5.8578911413544781E-004  5.7312744091754894E-016  2.0043809032300709E-015 -8.7812151148932067E-007  2.0629128272699979E-004  1.5426935031967437E+001  2.7782436239666957E-012  9.7162656450489614E-012 -4.2567068267795735E-003
  6.0640000000000001E+001  4.7810253189712823E-012 -4.6964184630412684E-012  5.8585915800395865E-004  5.5522055188494554E-016  2.0070353392554191E-015 -8.7291262735353196E-007  2.0629128272699979E-004  1.5426935031967437E+001  2.6914397183615645E-012  9.7291330623726254E-012 -4.2314566850073536E-003
  6.0719999999999999E+001  4.7809816161305654E-012 -4.6965791327649755E-012  5.8592878015582437E-004  5.3739397914137452E-016  2.0097165193466746E-015 -8.6757972090907142E-007  2.0629128272699979E-004  1.5426935031967437E+001  2.6050251471564954E-012  9.7421301219362792E-012 -4.2056053432804287E-003
  6.0800000000000004E+001  4.7809393359346197E-012 -4.6967400176843638E-012  5.8599797075930410E-004  5.1966238631102116E-016  2.0124099850289259E-015 -8.6212505338831877E-007  2.0629128272699979E-004  1.5426935031967437E+001  2.5190709924629591E-012  9.7551867361028559E-012 -4.1791637629622295E-003
  6.0880000000000003E+001  4.7808984701487556E-012 -4.6969011183625801E-012  5.8606672016436650E-004  5.0204289722910954E-016  2.0151111518262938E-015 -8.5655090582389590E-007  2.0629128272699979E-004  1.5426935031967437E+001  2.4336602622950786E-012  9.7682806815186348E-012 -4.1521430013943973E-003
  6.0960000000000001E+001  4.7808590090710630E-012 -4.6970624354686560E-012  5.8613501890423592E-004  4.8455501583402422E-016  2.0178279214694273E-015 -8.5085957808643748E-007  2.0629128272699979E-004  1.5426935031967437E+001  2.3488875022947455E-012  9.7814502619521292E-012 -4.1245542072322894E-003
  6.1039999999999999E+001  4.7808209413462222E-012 -4.6972239708300152E-012  5.8620285769686033E-004  4.6722051802899517E-016  2.0205806107793773E-015 -8.4505338791219706E-007  2.0629128272699979E-004  1.5426935031967437E+001  2.2648582715098305E-012  9.7947939634876766E-012 -4.0964086157269063E-003
  6.1120000000000005E+001  4.7807842537881784E-012 -4.6973857283663807E-012  5.8627022744630187E-004  4.5006313025598880E-016  2.0233992521527626E-015 -8.3913466993336384E-007  2.0629128272699979E-004  1.5426935031967437E+001  2.1816875841948843E-012  9.8084573686368906E-012 -4.0677175440501107E-003
  6.1200000000000003E+001  4.7807489312453812E-012 -4.6975477147103597E-012  5.8633711924404967E-004  4.3310789522629662E-016  2.0263189811362330E-015 -8.3310577473955007E-007  2.0629128272699979E-004  1.5426935031967437E+001  2.0994968352346313E-012  9.8226107974596697E-012 -4.0384923867203644E-003
  6.1280000000000001E+001  4.7807149565249422E-012 -4.6977099394033625E-012  5.8640352437026020E-004  4.1638016311763652E-016  2.0293747384366299E-015 -8.2696906795960744E-007  2.0629128272699979E-004  1.5426935031967437E+001  2.0184089100106935E-012  9.8374236255352731E-012 -4.0087446111503663E-003
  6.1359999999999999E+001  4.7806823104192824E-012 -4.6978724146685095E-012  5.8646943429492321E-004  3.9990426186516228E-016  2.0325966723639003E-015 -8.2072692936173918E-007  2.0629128272699979E-004  1.5426935031967437E+001  1.9385417385486252E-012  9.8530419972128958E-012 -3.9784857533107518E-003
  6.1439999999999998E+001  4.7806509718430438E-012 -4.6980351548709408E-012  5.8653484067895808E-004  3.8370233959328213E-016  2.0360072659334704E-015 -8.1438175198546075E-007  2.0629128272699979E-004  1.5426935031967437E+001  1.8600026841693347E-012  9.8695748992305192E-012 -3.9477274134909974E-003
  6.1520000000000003E+001  4.7806209180449475E-012 -4.6981981758310589E-012  5.8659973537524088E-004  3.6779353438057672E-016  2.0396206839872900E-015 -8.0793594128033674E-007  2.0629128272699979E-004  1.5426935031967437E+001  1.7828845189908547E-012  9.8870909959187298E-012 -3.9164812521404069E-003
  6.1600000000000001E+001  4.7805921248775429E-012 -4.6983614941803787E-012  5.8666411042956293E-004  3.5219361091425276E-016  2.0434441388597347E-015 -8.0139191426301364E-007  2.0629128272699979E-004  1.5426935031967437E+001  1.7072636626117950E-012  9.9056252491434280E-012 -3.8847589857829950E-003
  6.1680000000000000E+001  4.7805645670672012E-012 -4.6985251268932765E-012  5.8672795808152297E-004  3.3691510394418310E-016  2.0474807688792990E-015 -7.9475209869051574E-007  2.0629128272699979E-004  1.5426935031967437E+001  1.6332008773760648E-012  9.9251928720028448E-012 -3.8525723830121132E-003
  6.1759999999999998E+001  4.7805382184609118E-012 -4.6986890911033994E-012  5.8679127076535342E-004  3.2196775001322722E-016  2.0517331977695858E-015 -7.8801893225590260E-007  2.0629128272699979E-004  1.5426935031967437E+001  1.5607433613348155E-012  9.9458065830317303E-012 -3.8199332605781460E-003
  6.1840000000000003E+001  4.7805130522271991E-012 -4.6988534042049196E-012  5.8685404111068391E-004  3.0735911872266034E-016  2.0562067064154059E-015 -7.8119486180290012E-007  2.0629128272699979E-004  1.5426935031967437E+001  1.4899278082163340E-012  9.9674919813978522E-012 -3.7868534795844314E-003
  6.1920000000000002E+001  4.7804890410019162E-012 -4.6990180841764259E-012  5.8691626194324188E-004  2.9309546500487358E-016  2.0609112025310756E-015 -7.7428234256221562E-007  2.0629128272699979E-004  1.5426935031967437E+001  1.4207845388788092E-012  9.9902970949083474E-012 -3.7533449418050632E-003
  6.2000000000000000E+001  4.7804661569527983E-012 -4.6991831499973246E-012  5.8697792628549387E-004  2.7918265075524937E-016  2.0658613499932156E-015 -7.6728383742376716E-007  2.0629128272699979E-004  1.5426935031967437E+001  1.3533419689962796E-012  1.0014293006889395E-011 -3.7194195861358368E-003
  6.2079999999999998E+001  4.7804443717777953E-012 -4.6993486219924248E-012  5.8703902735722968E-004  2.6562696774661418E-016  2.0710747760287573E-015 -7.6020181623330735E-007  2.0629128272699979E-004  1.5426935031967437E+001  1.2876305980392033E-012  1.0039565165598059E-011 -3.6850893851870970E-003
  6.2160000000000004E+001  4.7804236566379588E-012 -4.6995145219614892E-012  5.8709955857609119E-004  2.5243562015462839E-016  2.0765686952638732E-015 -7.5303875511886277E-007  2.0629128272699979E-004  1.5426935031967437E+001  1.2236853483101396E-012  1.0066197019164271E-011 -3.6503663420239616E-003
  6.2240000000000002E+001  4.7804039820785706E-012 -4.6996808729836670E-012  5.8715951355804870E-004  2.3961652441683258E-016  2.0823557962119414E-015 -7.4579713584902179E-007  2.0629128272699979E-004  1.5426935031967437E+001  1.1615445948438167E-012  1.0094250075346034E-011 -3.6152624870547040E-003
  6.2320000000000000E+001  4.7803853179940522E-012 -4.6998476988888831E-012  5.8721888611782704E-004  2.2717726756264815E-016  2.0884405787173188E-015 -7.3847944522036036E-007  2.0629128272699979E-004  1.5426935031967437E+001  1.1012451159162125E-012  1.0123746147221913E-011 -3.5797898750623480E-003
  6.2399999999999999E+001  4.7803676337157606E-012 -4.7000150234762618E-012  5.8727767026928396E-004  2.1512347714654377E-016  2.0948170679247903E-015 -7.3108817447129523E-007  2.0629128272699979E-004  1.5426935031967437E+001  1.0428141911883837E-012  1.0154656271605810E-011 -3.5439605823688312E-003
  6.2480000000000004E+001  4.7803508982377087E-012 -4.7001828696197510E-012  5.8733586022574245E-004  2.0345716697263827E-016  2.1014685311529716E-015 -7.2362581872507502E-007  2.0629128272699979E-004  1.5426935031967437E+001  9.8626158257575745E-013  1.0186899336562465E-011 -3.5077867041160876E-003
  6.2560000000000002E+001  4.7803350805690450E-012 -4.7003512584412463E-012  5.8739345040027997E-004  1.9217569001753311E-016  2.1083693375310264E-015 -7.1609487644632396E-007  2.0629128272699979E-004  1.5426935031967437E+001  9.3157445858577810E-013  1.0220351096076684E-011 -3.4712803516438965E-003
  6.2640000000000001E+001  4.7803201501273059E-012 -4.7005202087137560E-012  5.8745043540597386E-004  1.8127195834706220E-016  2.1154883642470436E-015 -7.0849784891317087E-007  2.0629128272699979E-004  1.5426935031967437E+001  8.7871846039984864E-013  1.0254860681865154E-011 -3.4344536499398360E-003
  6.2719999999999999E+001  4.7803060770557094E-012 -4.7006897365795258E-012  5.8750681005610608E-004  1.7073599401935599E-016  2.1227930370153386E-015 -7.0083723970293084E-007  2.0629128272699979E-004  1.5426935031967437E+001  8.2764521975127273E-013  1.0290270189579038E-011 -3.3973187351322861E-003
  6.2800000000000004E+001  4.7802928323682628E-012 -4.7008598555996785E-012  5.8756256936432633E-004  1.6055738720571432E-016  2.1302530792887359E-015 -6.9311555417710916E-007  2.0629128272699979E-004  1.5426935031967437E+001  7.7830427483919230E-013  1.0326432853249859E-011 -3.3598877519943082E-003
  6.2880000000000003E+001  4.7802803878737565E-012 -4.7010305770722120E-012  5.8761770854477442E-004  1.5072797202194315E-016  2.1378431365223835E-015 -6.8533529896166187E-007  2.0629128272699979E-004  1.5426935031967437E+001  7.3065604145232892E-013  1.0363225766333973E-011 -3.3221728514259748E-003
  6.2960000000000001E+001  4.7802687158927393E-012 -4.7012019105015220E-012  5.8767222301216019E-004  1.4124389433347327E-016  2.1455437588849197E-015 -6.7749898141370390E-007  2.0629128272699979E-004  1.5426935031967437E+001  6.8468183661884627E-013  1.0400554645471045E-011 -3.2841861878861248E-003
  6.3039999999999999E+001  4.7802577888506632E-012 -4.7013738640736336E-012  5.8772610838180061E-004  1.3210646206411248E-016  2.1533407534635682E-015 -6.6960910908144076E-007  2.0629128272699979E-004  1.5426935031967437E+001  6.4038800051211519E-013  1.0438350690348446E-011 -3.2459399167510151E-003
  6.3120000000000005E+001  4.7802475788588090E-012 -4.7015464450220762E-012  5.8777936046961322E-004  1.2332165906082825E-016  2.1612231747413249E-015 -6.6166818913970587E-007  2.0629128272699979E-004  1.5426935031967437E+001  5.9780353987705834E-013  1.0476560842408255E-011 -3.2074461915851133E-003
  6.3200000000000003E+001  4.7802380573852134E-012 -4.7017196597815922E-012  5.8783197529206296E-004  1.1489846711465824E-016  2.1691806378907005E-015 -6.5367872780652423E-007  2.0629128272699979E-004  1.5426935031967437E+001  5.5697199412459633E-013  1.0515134761006697E-011 -3.1687171613164599E-003
  6.3280000000000001E+001  4.7802291951040707E-012 -4.7018935139241387E-012  5.8788394906606227E-004  1.0684657352839534E-016  2.1772007159315814E-015 -6.4564322974070259E-007  2.0629128272699979E-004  1.5426935031967437E+001  5.1794032261074120E-013  1.0554012206192060E-011 -3.1297649673144392E-003
  6.3359999999999999E+001  4.7802209619334489E-012 -4.7020680118961412E-012  5.8793527820882147E-004  9.9173896547018241E-017  2.1852670925496803E-015 -6.3756419741909081E-007  2.0629128272699979E-004  1.5426935031967437E+001  4.8074690909905224E-013  1.0593114084404444E-011 -3.0906017403713130E-003
  6.3440000000000005E+001  4.7802133272806232E-012 -4.7022431566589467E-012  5.8798595933764932E-004  9.1884374325724521E-017  2.1933591179009508E-015 -6.2944413049419211E-007  2.0629128272699979E-004  1.5426935031967437E+001  4.4541084388005961E-013  1.0632340295255255E-011 -3.0512395975910243E-003
  6.3520000000000003E+001  4.7802062604335568E-012 -4.7024189493550054E-012  5.8803598926970054E-004  8.4976607407597835E-017  2.2014528664475556E-015 -6.2128552513483260E-007  2.0629128272699979E-004  1.5426935031967437E+001  4.1192534305559498E-013  1.0671574859309078E-011 -3.0116906391902268E-003
  6.3600000000000001E+001  4.7801997310234380E-012 -4.7025953891175783E-012  5.8808536502167089E-004  7.8443735994521545E-017  2.2095233735060133E-015 -6.1309087335056781E-007  2.0629128272699979E-004  1.5426935031967437E+001  3.8025715365312171E-013  1.0710696759913399E-011 -2.9719669452176979E-003
  6.3680000000000000E+001  4.7801937094357976E-012 -4.7027724730947663E-012  5.8813408380943664E-004  7.2274803896519092E-017  2.2175475613683222E-015 -6.0486266229779328E-007  2.0629128272699979E-004  1.5426935031967437E+001  3.5035316540178879E-013  1.0749594127555871E-011 -2.9320805721995313E-003
  6.3759999999999998E+001  4.7801881670548145E-012 -4.7029501967273972E-012  5.8818214304763854E-004  6.6457338250802296E-017  2.2255071660238822E-015 -5.9660337357365792E-007  2.0629128272699979E-004  1.5426935031967437E+001  3.2215291588013267E-013  1.0788178427151691E-011 -2.8920435497189288E-003
  6.3840000000000003E+001  4.7801830762616775E-012 -4.7031285542413302E-012  5.8822954034920842E-004  6.0980691363757816E-017  2.2333909430872155E-015 -5.8831548250184583E-007  2.0629128272699979E-004  1.5426935031967437E+001  2.9560479025334328E-013  1.0826395151390332E-011 -2.8518678769409319E-003
  6.3920000000000002E+001  4.7801784101441963E-012 -4.7033075392782912E-012  5.8827627352483884E-004  5.5839130657655878E-017  2.2411955945997211E-015 -5.8000145740480557E-007  2.0629128272699979E-004  1.5426935031967437E+001  2.7068099978728855E-013  1.0864228313357518E-011 -2.8115655190936628E-003
  6.4000000000000000E+001  4.7801741420007723E-012 -4.7034871455364661E-012  5.8832234058239319E-004  5.1033560982460499E-017  2.2489252927444906E-015 -5.7166375887055844E-007  2.0629128272699979E-004  1.5426935031967437E+001  2.4738593072726577E-013  1.0901698137767161E-011 -2.7711484039178234E-003
  6.4079999999999998E+001  4.7801702447744391E-012 -4.7036673673251303E-012  5.8836773972625813E-004  4.6571305476580896E-017  2.2565900521978058E-015 -5.6330483901950680E-007  2.0629128272699979E-004  1.5426935031967437E+001  2.2575508212119560E-013  1.0938853170938245E-011 -2.7306284180946797E-003
  6.4159999999999997E+001  4.7801666905918960E-012 -4.7038481999448178E-012  5.8841246935663631E-004  4.2463795766994875E-017  2.2642032256207209E-015 -5.5492714075904503E-007  2.0629128272699979E-004  1.5426935031967437E+001  2.0584386896763884E-013  1.0975758140112535E-011 -2.6900174036593775E-003
  6.4239999999999995E+001  4.7801634505671164E-012 -4.7040296398412296E-012  5.8845652806877957E-004  3.8722931814146807E-017  2.2717787824297273E-015 -5.4653309704494682E-007  2.0629128272699979E-004  1.5426935031967437E+001  1.8770997642388295E-013  1.1012480762171286E-011 -2.6493271544019590E-003
  6.4320000000000007E+001  4.7801604949228058E-012 -4.7042116845500065E-012  5.8849991465216350E-004  3.5357358675277250E-017  2.2793290293497199E-015 -5.3812513013597619E-007  2.0629128272699979E-004  1.5426935031967437E+001  1.7139531155918593E-013  1.1049080694132174E-011 -2.6085694122543234E-003
  6.4400000000000006E+001  4.7801577933897283E-012 -4.7043943324859256E-012  5.8854262808960133E-004  3.2369740458618703E-017  2.2868633543757803E-015 -5.2970565084375508E-007  2.0629128272699979E-004  1.5426935031967437E+001  1.5691278872976814E-013  1.1085603444524004E-011 -2.5677558636591873E-003
  6.4480000000000004E+001  4.7801553157643324E-012 -4.7045775826867067E-012  5.8858466755629850E-004  2.9756025539220981E-017  2.2943882977075490E-015 -5.2127705777924287E-007  2.0629128272699979E-004  1.5426935031967437E+001  1.4424276756057076E-013  1.1122080717038956E-011 -2.5268981359178383E-003
  6.4560000000000002E+001  4.7801530324256421E-012 -4.7047614346135588E-012  5.8862603241884601E-004  2.7506836362734441E-017  2.3019087366864629E-015 -5.1284173659447247E-007  2.0629128272699979E-004  1.5426935031967437E+001  1.3333979022524033E-013  1.1158536154602441E-011 -2.4860077935170031E-003
  6.4640000000000001E+001  4.7801509146705144E-012 -4.7049458880845765E-012  5.8866672223415362E-004  2.5610516629546759E-017  2.3094299294781387E-015 -5.0440205922293118E-007  2.0629128272699979E-004  1.5426935031967437E+001  1.2414735265668240E-013  1.1194995246273589E-011 -2.4450963344404266E-003
  6.4719999999999999E+001  4.7801489347429813E-012 -4.7051309434022753E-012  5.8870673674832168E-004  2.4057068955206955E-017  2.3169597030317358E-015 -4.9596038311790864E-007  2.0629128272699979E-004  1.5426935031967437E+001  1.1661699241570498E-013  1.1231495933333478E-011 -2.4041751864760865E-003
  6.4799999999999997E+001  4.7801470655394815E-012 -4.7053166016370616E-012  5.8874607589545248E-004  2.2841905284300584E-017  2.3245100566410638E-015 -4.8751905049355536E-007  2.0629128272699979E-004  1.5426935031967437E+001  1.1072646883899996E-013  1.1268096382529701E-011 -2.3632557035339358E-003
  6.4879999999999995E+001  4.7801452800381359E-012 -4.7055028650113378E-012  5.8878473979640065E-004  2.1968562828736979E-017  2.3320978518356294E-015 -4.7908038756661877E-007  2.0629128272699979E-004  1.5426935031967437E+001  1.0649292853875012E-013  1.1304878330328092E-011 -2.3223491619908045E-003
  6.4960000000000008E+001  4.7801435505694289E-012 -4.7056897372933553E-012  5.8882272875746314E-004  2.1449659823854110E-017  2.3397442418107967E-015 -4.7064670381647528E-007  2.0629128272699979E-004  1.5426935031967437E+001  1.0397753864273383E-013  1.1341944317187009E-011 -2.2814667570785641E-003
  6.5040000000000006E+001  4.7801418480925640E-012 -4.7058772240900276E-012  5.8886004326901128E-004  2.1305773159841834E-017  2.3474730800795090E-015 -4.6222029124922803E-007  2.0629128272699979E-004  1.5426935031967437E+001  1.0328004595159794E-013  1.1379409973371049E-011 -2.2406195993293992E-003
  6.5120000000000005E+001  4.7801401416457234E-012 -4.7060653329861680E-012  5.8889668400406302E-004  2.1562331143202111E-017  2.3553087340679279E-015 -4.5380342367739007E-007  2.0629128272699979E-004  1.5426935031967437E+001  1.0452371451712205E-013  1.1417393420290033E-011 -2.1998187110887310E-003
  6.5200000000000003E+001  4.7801383981195811E-012 -4.7062540734874784E-012  5.8893265181679966E-004  2.2245074287601820E-017  2.3632736290695807E-015 -4.4539835601989635E-007  2.0629128272699979E-004  1.5426935031967437E+001  1.0783332185951699E-013  1.1456003364921395E-011 -2.1590750231026026E-003
  6.5280000000000001E+001  4.7801365824338373E-012 -4.7064434567668191E-012  5.8896794774102620E-004  2.3375129201899252E-017  2.3713861261615622E-015 -4.3700732360956959E-007  2.0629128272699979E-004  1.5426935031967437E+001  1.1331127953504278E-013  1.1495328812818387E-011 -2.1183993711825170E-003
  6.5359999999999999E+001  4.7801346580989088E-012 -4.7066334952676643E-012  5.8900257298857720E-004  2.4965045065179824E-017  2.3796590024873509E-015 -4.2863254152362539E-007  2.0629128272699979E-004  1.5426935031967437E+001  1.2101841986256872E-013  1.1535431701388002E-011 -2.0778024929470592E-003
  6.5439999999999998E+001  4.7801325880266269E-012 -4.7068242022072171E-012  5.8903652894766998E-004  2.7016905636485281E-017  2.3880987611587654E-015 -4.2027620392569710E-007  2.0629128272699979E-004  1.5426935031967437E+001  1.3096484389696552E-013  1.1576343554585165E-011 -2.0372950246364823E-003
  6.5519999999999996E+001  4.7801303353940070E-012 -4.7070155910694497E-012  5.8906981718120531E-004  2.9523057107109775E-017  2.3967059289430394E-015 -4.1194048342276836E-007  2.0629128272699979E-004  1.5426935031967437E+001  1.4311344966955518E-013  1.1618066925877282E-011 -1.9968874979942545E-003
  6.5599999999999994E+001  4.7801278643374898E-012 -4.7072076751558480E-012  5.8910243942501763E-004  3.2469329152204515E-017  2.4054761790857825E-015 -4.0362753043430297E-007  2.0629128272699979E-004  1.5426935031967437E+001  1.5739554635016796E-013  1.1660580841262271E-011 -1.9565903372089416E-003
  6.5680000000000007E+001  4.7801251403013426E-012 -4.7074004672581034E-012  5.8913439758607480E-004  3.5839719204503451E-017  2.4144019231136423E-015 -3.9533947257221680E-007  2.0629128272699979E-004  1.5426935031967437E+001  1.7373356126483110E-013  1.1703848515539501E-011 -1.9164138559109711E-003
  6.5760000000000005E+001  4.7801221299824171E-012 -4.7075939794635462E-012  5.8916569374062918E-004  3.9620938297475138E-017  2.4234738681946682E-015 -3.8707841403236927E-007  2.0629128272699979E-004  1.5426935031967437E+001  1.9206307594854332E-013  1.1747824901553370E-011 -1.8763682542216498E-003
  6.5840000000000003E+001  4.7801188009512150E-012 -4.7077882230770146E-012  5.8919633013231997E-004  4.3805269700343572E-017  2.4326820945935658E-015 -3.7884643499689697E-007  2.0629128272699979E-004  1.5426935031967437E+001  2.1234668343802245E-013  1.1792461913229970E-011 -1.8364636158555135E-003
  6.5920000000000002E+001  4.7801151211392650E-012 -4.7079832085986811E-012  5.8922630917022868E-004  4.8390904955163333E-017  2.4420162101622167E-015 -3.7064559104874441E-007  2.0629128272699979E-004  1.5426935031967437E+001  2.3457561715621869E-013  1.1837709174515942E-011 -1.7967099052806645E-003
  6.6000000000000000E+001  4.7801110584064222E-012 -4.7081789456706405E-012  5.8925563342688777E-004  5.3379604102752923E-017  2.4514645479734745E-015 -3.6247791259974745E-007  2.0629128272699979E-004  1.5426935031967437E+001  2.5875840898523394E-013  1.1883510129808354E-011 -1.7571169649442458E-003
  6.6079999999999998E+001  4.7801065804026086E-012 -4.7083754429263569E-012  5.8928430563624464E-004  5.8772288754792871E-017  2.4610127716403278E-015 -3.5434540433159148E-007  2.0629128272699979E-004  1.5426935031967437E+001  2.8489952645007862E-013  1.1929795283209394E-011 -1.7176945125711898E-003
  6.6159999999999997E+001  4.7801016548402214E-012 -4.7085727077141030E-012  5.8931232869158083E-004  6.4564084962579261E-017  2.4706424297289227E-015 -3.4625004465574328E-007  2.0629128272699979E-004  1.5426935031967437E+001  3.1297534298437122E-013  1.1976475191136053E-011 -1.6784521385440133E-003
  6.6239999999999995E+001  4.7800962501490145E-012 -4.7087707457151135E-012  5.8933970564338956E-004  7.0740069497269229E-017  2.4803299185061844E-015 -3.3819378519371157E-007  2.0629128272699979E-004  1.5426935031967437E+001  3.4291351803194842E-013  1.2023435434196235E-011 -1.6393993033703134E-003
  6.6320000000000007E+001  4.7800903364291019E-012 -4.7089695605010640E-012  5.8936643969721182E-004  7.7272868183680945E-017  2.4900462164685586E-015 -3.3017855026950486E-007  2.0629128272699979E-004  1.5426935031967437E+001  3.7458135490307363E-013  1.2070535330175998E-011 -1.6005453352433592E-003
  6.6400000000000006E+001  4.7800838864901052E-012 -4.7091691531097485E-012  5.8939253421143268E-004  8.4122737310739030E-017  2.4997574722945596E-015 -3.2220623643054963E-007  2.0629128272699979E-004  1.5426935031967437E+001  4.0778619534465755E-013  1.2117610784334286E-011 -1.5618994277000464E-003
  6.6480000000000004E+001  4.7800768767911322E-012 -4.7093695216966311E-012  5.8941799269504071E-004  9.1240238170341492E-017  2.5094262200237788E-015 -3.1427871198216103E-007  2.0629128272699979E-004  1.5426935031967437E+001  4.4228838450512863E-013  1.2164480179910973E-011 -1.5234706373793083E-003
  6.6560000000000002E+001  4.7800692880519979E-012 -4.7095706613049523E-012  5.8944281880534983E-004  9.8570969682579101E-017  2.5190130024594215E-015 -3.0639781654640810E-007  2.0629128272699979E-004  1.5426935031967437E+001  4.7782421237821521E-013  1.2210952247542305E-011 -1.4852678818825045E-003
  6.6640000000000001E+001  4.7800611054359830E-012 -4.7097725637770246E-012  5.8946701634568814E-004  1.0606141697767008E-016  2.5284781990637853E-015 -2.9856536064605120E-007  2.0629128272699979E-004  1.5426935031967437E+001  5.1413426481135133E-013  1.2256834926039933E-011 -1.4472999377352523E-003
  6.6719999999999999E+001  4.7800523182252815E-012 -4.7099752178168025E-012  5.8949058926305320E-004  1.1366468692718512E-016  2.5377838108639740E-015 -2.9078312529796620E-007  2.0629128272699979E-004  1.5426935031967437E+001  5.5099122669458314E-013  1.2301944014863214E-011 -1.4095754384480974E-003
  6.6799999999999997E+001  4.7800429190860746E-012 -4.7101786091867628E-012  5.8951354164573581E-004  1.2134463484331218E-016  2.5468951145606870E-015 -2.8305286163706183E-007  2.0629128272699979E-004  1.5426935031967437E+001  5.8821988617204193E-013  1.2346111192357709E-011 -1.3721028726723444E-003
  6.6879999999999995E+001  4.7800329030837065E-012 -4.7103827210351322E-012  5.8953587772091513E-004  1.2907749247067033E-016  2.5557819778685826E-015 -2.7537629055374960E-007  2.0629128272699979E-004  1.5426935031967437E+001  6.2570502624713565E-013  1.2389190391771228E-011 -1.3348905824481620E-003
  6.6960000000000008E+001  4.7800222666872793E-012 -4.7105875343032218E-012  5.8955760185222441E-004  1.3685048301919054E-016  2.5644195803609639E-015 -2.6775510235106485E-007  2.0629128272699979E-004  1.5426935031967437E+001  6.6338471122701603E-013  1.2431061295745343E-011 -1.2979467615449314E-003
  6.7040000000000006E+001  4.7800110070064235E-012 -4.7107930281679900E-012  5.8957871853729130E-004  1.4465789503999352E-016  2.5727884696063837E-015 -2.6019095642211662E-007  2.0629128272699979E-004  1.5426935031967437E+001  7.0123125479826536E-013  1.2471629608348495E-011 -1.2612794538977201E-003
  6.7120000000000005E+001  4.7799991214240729E-012 -4.7109991804583588E-012  5.8959923240525195E-004  1.5249584712033108E-016  2.5808739242082706E-015 -2.5268548094989915E-007  2.0629128272699979E-004  1.5426935031967437E+001  7.3922584174900869E-013  1.2510823967399965E-011 -1.2248965521469979E-003
  6.7200000000000003E+001  4.7799866076708842E-012 -4.7112059679958633E-012  5.8961914821424328E-004  1.6035758295053991E-016  2.5886650164261276E-015 -2.4524027263014272E-007  2.0629128272699979E-004  1.5426935031967437E+001  7.7733572080620636E-013  1.2548591400500770E-011 -1.1888057962894934E-003
  6.7280000000000001E+001  4.7799734642108008E-012 -4.7114133668609870E-012  5.8963847084887277E-004  1.6823088138640471E-016  2.5961538583425759E-015 -2.3785689641110512E-007  2.0629128272699979E-004  1.5426935031967437E+001  8.1550164973511889E-013  1.2584893670831879E-011 -1.1530147724457011E-003
  6.7359999999999999E+001  4.7799596907298624E-012 -4.7116213526131981E-012  5.8965720531766906E-004  1.7609841819931231E-016  2.6033353443640088E-015 -2.3053688527063256E-007  2.0629128272699979E-004  1.5426935031967437E+001  8.5363964909404496E-013  1.2619706029006625E-011 -1.1175309117446462E-003
  6.7439999999999998E+001  4.7799452884638889E-012 -4.7118299005160852E-012  5.8967535675051607E-004  1.8394103258139053E-016  2.6102075396380311E-015 -2.2328174000609555E-007  2.0629128272699979E-004  1.5426935031967437E+001  8.9165683663561065E-013  1.2653019095775224E-011 -1.0823614893208425E-003
  6.7519999999999996E+001  4.7799302601646494E-012 -4.7120389858195402E-012  5.8969293039607003E-004  1.9174281053993794E-016  2.6167725450135673E-015 -2.1609292904736397E-007  2.0629128272699979E-004  1.5426935031967437E+001  9.2947606902111950E-013  1.2684843055023585E-011 -1.0475136234137934E-003
  6.7599999999999994E+001  4.7799146096142025E-012 -4.7122485841232874E-012  5.8970993161916365E-004  1.9949643962971267E-016  2.6230373619302872E-015 -2.0897188829349916E-007  2.0629128272699979E-004  1.5426935031967437E+001  9.6706189903604783E-013  1.2715211846340444E-011 -1.0129942745580175E-003
  6.7680000000000007E+001  4.7798983407343086E-012 -4.7124586717974490E-012  5.8972636589819699E-004  2.0720722551964178E-016  2.6290144124407637E-015 -2.0192002095689981E-007  2.0629128272699979E-004  1.5426935031967437E+001  1.0044400460314713E-012  1.2744185685822556E-011 -9.7881024485147123E-004
  6.7760000000000005E+001  4.7798814564581194E-012 -4.7126692264292779E-012  5.8974223882251675E-004  2.1489465791579692E-016  2.6347215832099784E-015 -1.9493869742980962E-007  2.0629128272699979E-004  1.5426935031967437E+001  1.0417049866267628E-012  1.2771851279336254E-011 -9.4496817729167561E-004
  6.7840000000000003E+001  4.7798639575890421E-012 -4.7128802272507626E-012  5.8975755608978576E-004  2.2259104574367588E-016  2.6401817372445001E-015 -1.8802925515963402E-007  2.0629128272699979E-004  1.5426935031967437E+001  1.0790133388025271E-012  1.2798319455583638E-011 -9.1147455517098688E-004
  6.7920000000000002E+001  4.7798458418908004E-012 -4.7130916555072371E-012  5.8977232350334230E-004  2.3033761437436324E-016  2.6454219192911966E-015 -1.8119299853238844E-007  2.0629128272699979E-004  1.5426935031967437E+001  1.1165649431775349E-012  1.2823721314439228E-011 -8.7833570152470069E-004
  6.8000000000000000E+001  4.7798271035707422E-012 -4.7133034947578492E-012  5.8978654696955094E-004  2.3817888441124122E-016  2.6504722839204149E-015 -1.7443119877240962E-007  2.0629128272699979E-004  1.5426935031967437E+001  1.1545756139939468E-012  1.2848203030609878E-011 -8.4555777862773622E-004
  6.8079999999999998E+001  4.7798077332692946E-012 -4.7135157310726643E-012  5.8980023249514588E-004  2.4615651504588082E-016  2.6553648903080767E-015 -1.6774509384613265E-007  2.0629128272699979E-004  1.5426935031967437E+001  1.1932472947659778E-012  1.2871920011378748E-011 -8.1314678753720618E-004
  6.8159999999999997E+001  4.7797877185283349E-012 -4.7137283531402985E-012  5.8981338618456633E-004  2.5430395374337405E-016  2.6601322195305864E-015 -1.6113588837535480E-007  2.0629128272699979E-004  1.5426935031967437E+001  1.2327421225802944E-012  1.2895029709293575E-011 -7.8110856767875630E-004
  6.8239999999999995E+001  4.7797670446366957E-012 -4.7139413522277892E-012  5.8982601423728594E-004  2.6264302280459390E-016  2.6648053720795092E-015 -1.5460475356269664E-007  2.0629128272699979E-004  1.5426935031967437E+001  1.2731658814240922E-012  1.2917682884393135E-011 -7.4944879647369602E-004
  6.8320000000000007E+001  4.7797456956446861E-012 -4.7141547219998312E-012  5.8983812294513636E-004  2.7118331854448536E-016  2.6694123567477991E-015 -1.4815282712112889E-007  2.0629128272699979E-004  1.5426935031967437E+001  1.3145650895136045E-012  1.2940015309711773E-011 -7.1817298900156434E-004
  6.8400000000000006E+001  4.7797236553057285E-012 -4.7143684582048689E-012  5.8984971868962532E-004  2.7992442377806078E-016  2.6739767706648187E-015 -1.4178121320892025E-007  2.0629128272699979E-004  1.5426935031967437E+001  1.3569377245357099E-012  1.2962141372727265E-011 -6.8728649768944310E-004
  6.8480000000000004E+001  4.7797009077368816E-012 -4.7145825582831376E-012  5.8986080793924978E-004  2.8886026058574310E-016  2.6785171239051862E-015 -1.3549098237136160E-007  2.0629128272699979E-004  1.5426935031967437E+001  1.4002543237431026E-012  1.2984150801235902E-011 -6.5679451201607010E-004
  6.8560000000000002E+001  4.7796774376640348E-012 -4.7147970209446937E-012  5.8987139724680474E-004  2.9798410502514752E-016  2.6830469794743518E-015 -1.2928317147706909E-007  2.0629128272699979E-004  1.5426935031967437E+001  1.4444822926755209E-012  1.3006109342123276E-011 -6.2670205821658447E-004
  6.8640000000000001E+001  4.7796532302800776E-012 -4.7150118457998535E-012  5.8988149324668612E-004  3.0729255096906577E-016  2.6875757191928251E-015 -1.2315878365428724E-007  2.0629128272699979E-004  1.5426935031967437E+001  1.4896051200657648E-012  1.3028062473926012E-011 -5.9701399897299945E-004
  6.8719999999999999E+001  4.7796282708558798E-012 -4.7152270330597645E-012  5.8989110265218942E-004  3.1678711219739877E-016  2.6921093907131677E-015 -1.1711878822244872E-007  2.0629128272699979E-004  1.5426935031967437E+001  1.5356301440099743E-012  1.3050039512690328E-011 -5.6773503307600535E-004
  6.8799999999999997E+001  4.7796025443421260E-012 -4.7154425833023676E-012  5.8990023225280171E-004  3.2647277068609388E-016  2.6966512976838767E-015 -1.1116412061289204E-007  2.0629128272699979E-004  1.5426935031967437E+001  1.5825815147124947E-012  1.3072056472928091E-011 -5.3886969504488556E-004
  6.8879999999999995E+001  4.7795760352125700E-012 -4.7156584972673940E-012  5.8990888891148749E-004  3.3635391417290707E-016  2.7012020476414449E-015 -1.0529568228144774E-007  2.0629128272699979E-004  1.5426935031967437E+001  1.6304805018005733E-012  1.3094116299676231E-011 -5.1042235469372617E-004
  6.8960000000000008E+001  4.7795487277158584E-012 -4.7158747756299902E-012  5.8991707956196674E-004  3.4642909628831059E-016  2.7057591102987418E-015 -9.9514340602728730E-008  2.0629128272699979E-004  1.5426935031967437E+001  1.6793200939671456E-012  1.3116206727348045E-011 -4.8239721663366920E-004
  6.9040000000000006E+001  4.7795206065571639E-012 -4.7160914187250418E-012  5.8992481120598392E-004  3.5668623180945421E-016  2.7103161491261284E-015 -9.3820928753578486E-008  2.0629128272699979E-004  1.5426935031967437E+001  1.7290417079138914E-012  1.3138297039507153E-011 -4.5479831970298795E-004
  6.9120000000000005E+001  4.7794916579187688E-012 -4.7163084262138504E-012  5.8993209091056731E-004  3.6709970542057650E-016  2.7148624625754041E-015 -8.8216245579578710E-008  2.0629128272699979E-004  1.5426935031967437E+001  1.7795211730253534E-012  1.3160335360211740E-011 -4.2762953631947929E-004
  6.9200000000000003E+001  4.7794618706042966E-012 -4.7165257967190538E-012  5.8993892580527665E-004  3.7763029829971576E-016  2.7193827006300923E-015 -8.2701055445293884E-008  2.0629128272699979E-004  1.5426935031967437E+001  1.8305683755147105E-012  1.3182247280079433E-011 -4.0089457175299413E-004
  6.9280000000000001E+001  4.7794312370710409E-012 -4.7167435274459512E-012  5.8994532307943856E-004  3.8822775918426971E-016  2.7238567503007026E-015 -7.7276088068930441E-008  2.0629128272699979E-004  1.5426935031967437E+001  1.8819397216113498E-012  1.3203935301085434E-011 -3.7459696331940839E-004
  6.9359999999999999E+001  4.7793997541628271E-012 -4.7169616137991019E-012  5.8995128997936768E-004  3.9883543377534316E-016  2.7282599907461337E-015 -7.1942038338700023E-008  2.0629128272699979E-004  1.5426935031967437E+001  1.9333605788015772E-012  1.3225280073320981E-011 -3.4874007950041222E-004
  6.9439999999999998E+001  4.7793674234016368E-012 -4.7171800490444706E-012  5.8995683380557275E-004  4.0939588212411513E-016  2.7325639360653074E-015 -6.6699566117663089E-008  2.0629128272699979E-004  1.5426935031967437E+001  1.9845525061132980E-012  1.3246143510980341E-011 -3.2332711899578788E-004
  6.9519999999999996E+001  4.7793342508216872E-012 -4.7173988240288724E-012  5.8996196190994651E-004  4.1985619190412285E-016  2.7367373546062267E-015 -6.1549296038408132E-008  2.0629128272699979E-004  1.5426935031967437E+001  2.0352590102195412E-012  1.3266374218180319E-011 -2.9836110971631939E-004
  6.9600000000000009E+001  4.7793002464109322E-012 -4.7176179270212076E-012  5.8996668169293890E-004  4.3017198128587018E-016  2.7407480398261798E-015 -5.6491817282823108E-008  2.0629128272699979E-004  1.5426935031967437E+001  2.0852649496180651E-012  1.3285816073246404E-011 -2.7384490772632534E-004
  6.9680000000000007E+001  4.7792654233046815E-012 -4.7178373437152446E-012  5.8997100060071176E-004  4.4030934414412651E-016  2.7445650748955663E-015 -5.1527683354412983E-008  2.0629128272699979E-004  1.5426935031967437E+001  2.1344059638322439E-012  1.3304319206407838E-011 -2.4978119614526493E-004
  6.9760000000000005E+001  4.7792297969158691E-012 -4.7180570574331909E-012  5.8997492612227560E-004  4.5024433692725819E-016  2.7481612008103722E-015 -4.6657411845873889E-008  2.0629128272699979E-004  1.5426935031967437E+001  2.1825659861634435E-012  1.3321751479192183E-011 -2.2617248401801983E-004
  6.9840000000000003E+001  4.7791933842107731E-012 -4.7182770495073742E-012  5.8997846578660710E-004  4.5996031135821143E-016  2.7515146204526890E-015 -4.1881484204634410E-008  2.0629128272699979E-004  1.5426935031967437E+001  2.2296643138548032E-012  1.3338007229753143E-011 -2.0302110516321565E-004
  6.9920000000000002E+001  4.7791562032660518E-012 -4.7184972997724633E-012  5.8998162715974834E-004  4.6944390050322944E-016  2.7546096751077285E-015 -3.7200345489587713E-008  2.0629128272699979E-004  1.5426935031967437E+001  2.2756361504795349E-012  1.3353010552331152E-011 -1.8032921700819572E-004
  7.0000000000000000E+001  4.7791182731866926E-012 -4.7187177870553915E-012  5.8998441784188544E-004  4.7868099409691513E-016  2.7574362472468928E-015 -3.2614404129178943E-008  2.0629128272699979E-004  1.5426935031967437E+001  2.3204130963276735E-012  1.3366712401989365E-011 -1.5809879941797026E-004
  7.0079999999999998E+001  4.7790796143069963E-012 -4.7189384895720228E-012  5.8998684546440901E-004  4.8765416866311820E-016  2.7599882807054953E-015 -2.8124031681525490E-008  2.0629128272699979E-004  1.5426935031967437E+001  2.3639106908051574E-012  1.3379083421358901E-011 -1.3633165352379729E-004
  7.0159999999999997E+001  4.7790402485197065E-012 -4.7191593851803044E-012  5.8998891768695448E-004  4.9634247198551403E-016  2.7622619800705104E-015 -2.3729562591826752E-008  2.0629128272699979E-004  1.5426935031967437E+001  2.4060273678150750E-012  1.3390105212173894E-011 -1.1502940055529515E-004
  7.0239999999999995E+001  4.7790001995114786E-012 -4.7193804514888341E-012  5.8999064219442370E-004  5.0472381266699766E-016  2.7642544864595306E-015 -1.9431293953839661E-008  2.0629128272699979E-004  1.5426935031967437E+001  2.4466560389595700E-012  1.3399763915926262E-011 -9.4193480678437060E-005
  7.0320000000000007E+001  4.7789594927096798E-012 -4.7196016658981379E-012  5.8999202669398709E-004  5.1277913811879135E-016  2.7659634738511746E-015 -1.5229485271354200E-008  2.0629128272699979E-004  1.5426935031967437E+001  2.4857043464891279E-012  1.3408048257209557E-011 -7.3825151840577931E-005
  7.0400000000000006E+001  4.7789181548493796E-012 -4.7198230056446503E-012  5.8999307891206712E-004  5.2049703738838389E-016  2.7673877014139391E-015 -1.1124358220346558E-008  2.0629128272699979E-004  1.5426935031967437E+001  2.5231169757114566E-012  1.3414952221090984E-011 -5.3925488622759417E-005
  7.0480000000000004E+001  4.7788762131836977E-012 -4.7200444479303641E-012  5.8999380659130235E-004  5.2787728493981140E-016  2.7685282778242999E-015 -7.1160964151980276E-009  2.0629128272699979E-004  1.5426935031967437E+001  2.5588928332990161E-012  1.3420481181892949E-011 -3.4495381098735463E-005
  7.0560000000000002E+001  4.7788336944837892E-012 -4.7202659701691022E-012  5.8999421748749355E-004  5.3493222219270258E-016  2.7693900771521299E-015 -3.2048451742362934E-009  2.0629128272699979E-004  1.5426935031967437E+001  2.5930917444560300E-012  1.3424658766692248E-011 -1.5535533699277690E-005
  7.0640000000000001E+001  4.7787906240281468E-012 -4.7204875503427085E-012  5.8999431936653023E-004  5.4168564083854921E-016  2.7699829813683743E-015  6.0928871404566584E-010  2.0629128272699979E-004  1.5426935031967437E+001  2.6258290397982076E-012  1.3427532878502340E-011  2.9535359206536876E-006
  7.0719999999999999E+001  4.7787470247812551E-012 -4.7207091674461211E-012  5.8999412000129931E-004  5.4816957568315085E-016  2.7703226010988603E-015  4.3262372261259219E-009  2.0629128272699979E-004  1.5426935031967437E+001  2.6572600084833757E-012  1.3429179190089750E-011  2.0971498015151622E-005
  7.0799999999999997E+001  4.7787029168960375E-012 -4.7209308019588843E-012  5.8999362716857405E-004  5.5441994292486042E-016  2.7704301840608969E-015  7.9459713385899439E-009  2.0629128272699979E-004  1.5426935031967437E+001  2.6875587547858663E-012  1.3429700700061036E-011  3.8518211884732070E-005
  7.0879999999999995E+001  4.7786583175903871E-012 -4.7211524362755709E-012  5.8999284864588513E-004  5.6047192700708210E-016  2.7703317179933720E-015  1.1468501259201186E-008  2.0629128272699979E-004  1.5426935031967437E+001  2.7168958358344132E-012  1.3429223384375095E-011  5.5593727021316394E-005
  7.0960000000000008E+001  4.7786132413877164E-012 -4.7213740550337632E-012  5.8999179220837257E-004  5.6635597753161708E-016  2.7700559988386325E-015  1.4893876671524201E-008  2.0629128272699979E-004  1.5426935031967437E+001  2.7454188565215141E-012  1.3427886831757702E-011  7.2198284263380876E-005
  7.1040000000000006E+001  4.7785677006339820E-012 -4.7215956452353851E-012  5.8999046562561769E-004  5.7209524614482180E-016  2.7696318356454756E-015  1.8222186972771497E-008  2.0629128272699979E-004  1.5426935031967437E+001  2.7732400447824472E-012  1.3425830694490970E-011  8.8332316962373849E-005
  7.1120000000000005E+001  4.7785217061483332E-012 -4.7218171961274665E-012  5.8998887665845693E-004  5.7770477888540485E-016  2.7690848872646875E-015  2.1453561515716139E-008  2.0629128272699979E-004  1.5426935031967437E+001  2.8004323365111102E-012  1.3423179354240851E-011  1.0399645215978265E-004
  7.1200000000000003E+001  4.7784752678693604E-012 -4.7220386988173474E-012  5.8998703305577517E-004  5.8319242919310600E-016  2.7684347612745671E-015  2.4588169853992500E-008  2.0629128272699979E-004  1.5426935031967437E+001  2.8270338013510898E-012  1.3420027859030121E-011  1.1919151177243192E-004
  7.1280000000000001E+001  4.7784283953596623E-012 -4.7222601456892704E-012  5.8998494255128029E-004  5.8856127849746059E-016  2.7676933059569656E-015  2.7626221988752246E-008  2.0629128272699979E-004  1.5426935031967437E+001  2.8530593766129634E-012  1.3416433643580426E-011  1.3391851378178406E-004
  7.1359999999999999E+001  4.7783810980648008E-012 -4.7224815297463005E-012  5.8998261286025697E-004  5.9381277218349793E-016  2.7668645856545330E-015  3.0567968612609832E-008  2.0629128272699979E-004  1.5426935031967437E+001  2.8785160688114712E-012  1.3412416409841728E-011  1.4817867342124997E-004
  7.1439999999999998E+001  4.7783333853161130E-012 -4.7227028440229751E-012  5.8998005167630227E-004  5.9894958885934507E-016  2.7659465447042976E-015  3.3413701351555107E-008  2.0629128272699979E-004  1.5426935031967437E+001  2.9034168625086890E-012  1.3407966192958290E-011  1.6197340435397361E-004
  7.1519999999999996E+001  4.7782852661305833E-012 -4.7229240811934532E-012  5.8997726666804072E-004  6.0397721802755005E-016  2.7649338559449747E-015  3.6163753006188300E-008  2.0629128272699979E-004  1.5426935031967437E+001  2.9277883681807827E-012  1.3403057169420334E-011  1.7530431983254496E-004
  7.1600000000000009E+001  4.7782367489612286E-012 -4.7231452334399263E-012  5.8997426547582128E-004  6.0890356213062993E-016  2.7638208897672709E-015  3.8818497782112981E-008  2.0629128272699979E-004  1.5426935031967437E+001  2.9516688930182784E-012  1.3397662049632050E-011  1.8817323383196643E-004
  7.1680000000000007E+001  4.7781878415606424E-012 -4.7233662925358160E-012  5.8997105570839559E-004  6.1373676496972212E-016  2.7626036960707411E-015  4.1378351521684275E-008  2.0629128272699979E-004  1.5426935031967437E+001  2.9750979142396450E-012  1.3391761685470635E-011  2.0058216214812155E-004
  7.1760000000000005E+001  4.7781385510788334E-012 -4.7235872500312977E-012  5.8996764493957782E-004  6.1848182122332784E-016  2.7612805875260853E-015  4.3843771918138791E-008  2.0629128272699979E-004  1.5426935031967437E+001  2.9980996435902494E-012  1.3385347897541727E-011  2.1253332345585928E-004
  7.1840000000000003E+001  4.7780888844692466E-012 -4.7238080974298201E-012  5.8996404070488868E-004  6.2313716952240765E-016  2.7598511102896341E-015  4.6215258724981167E-008  2.0629128272699979E-004  1.5426935031967437E+001  3.0206665123143318E-012  1.3378418485801480E-011  2.2402914032325312E-004
  7.1920000000000002E+001  4.7780388491317098E-012 -4.7240288262089440E-012  5.8996025049818182E-004  6.2769243156240539E-016  2.7583138043350997E-015  4.8493353959949605E-008  2.0629128272699979E-004  1.5426935031967437E+001  3.0427482114703644E-012  1.3370966372760692E-011  2.3507224018117043E-004
  7.2000000000000000E+001  4.7779884536801967E-012 -4.7242494276385138E-012  5.8995628176825509E-004  6.3212787014949532E-016  2.7566637806888178E-015  5.0678642091363116E-008  2.0629128272699979E-004  1.5426935031967437E+001  3.0642490646855084E-012  1.3362967859067599E-011  2.4566545624958932E-004
  7.2079999999999998E+001  4.7779377086724859E-012 -4.7244698924138542E-012  5.8995214191544720E-004  6.3641570985723607E-016  2.7548906655143404E-015  5.2771750222435892E-008  2.0629128272699979E-004  1.5426935031967437E+001  3.0850344301908600E-012  1.3354372657417502E-011  2.5581182842379137E-004
  7.2159999999999997E+001  4.7778866271666195E-012 -4.7246902101449961E-012  5.8994783828821950E-004  6.4052282661564145E-016  2.7529775247271524E-015  5.4773348267460158E-008  2.0629128272699979E-004  1.5426935031967437E+001  3.1049437385341370E-012  1.3345098679583708E-011  2.6551460412435059E-004
  7.2239999999999995E+001  4.7778352250202274E-012 -4.7249103688178106E-012  5.8994337817972441E-004  6.4441421659385144E-016  2.7509012302432259E-015  5.6684149121212762E-008  2.0629128272699979E-004  1.5426935031967437E+001  3.1238073081555435E-012  1.3335033811811294E-011  2.7477723911448215E-004
  7.2320000000000007E+001  4.7777835208919645E-012 -4.7251303543418350E-012  5.8993876882436011E-004  6.4805645754507943E-016  2.7486342540380455E-015  5.8504908818874995E-008  2.0629128272699979E-004  1.5426935031967437E+001  3.1414631242491478E-012  1.3324044611598483E-011  2.8360339828672863E-004
  7.2400000000000006E+001  4.7777315359870202E-012 -4.7253501502984566E-012  5.8993401739431339E-004  6.5142066338731402E-016  2.7461477526003209E-015  6.0236426691886655E-008  2.0629128272699979E-004  1.5426935031967437E+001  3.1577711611073845E-012  1.3311991259625290E-011  2.9199695641839120E-004
  7.2480000000000004E+001  4.7776792935858225E-012 -4.7255697379822510E-012  5.8992913099608941E-004  6.5448460267728929E-016  2.7434154862908375E-015  6.1879545520411973E-008  2.0629128272699979E-004  1.5426935031967437E+001  3.1726236514812930E-012  1.3298746558853258E-011  2.9996199889215065E-004
  7.2560000000000002E+001  4.7776268184505918E-012 -4.7257890967762632E-012  5.8992411666703012E-004  6.5723360070890194E-016  2.7404177995231147E-015  6.3435151669542517E-008  2.0629128272699979E-004  1.5426935031967437E+001  3.1859494595092011E-012  1.3284215228567424E-011  3.0750282237572516E-004
  7.2640000000000001E+001  4.7775741362097091E-012 -4.7260082048301747E-012  5.8991898137182228E-004  6.5966018213523991E-016  2.7371446968514061E-015  6.4904175220756701E-008  2.0629128272699979E-004  1.5426935031967437E+001  3.1977123483561585E-012  1.3268348815670428E-011  3.1462393545273365E-004
  7.2719999999999999E+001  4.7775212728214502E-012 -4.7262270399277594E-012  5.8991373199899480E-004  6.6176255569931204E-016  2.7335971064608124E-015  6.6287590089826771E-008  2.0629128272699979E-004  1.5426935031967437E+001  3.2079036348345678E-012  1.3251151819529757E-011  3.2133005919626517E-004
  7.2799999999999997E+001  4.7774682542007972E-012 -4.7264455803672084E-012  5.8990837535740791E-004  6.6354230313160435E-016  2.7297860182616429E-015  6.7586414132528522E-008  2.0629128272699979E-004  1.5426935031967437E+001  3.2165309864705051E-012  1.3232677513942562E-011  3.2762612767658938E-004
  7.2879999999999995E+001  4.7774151060529491E-012 -4.7266638056906813E-012  5.8990291817273359E-004  6.6500205258848691E-016  2.7257296632004973E-015  6.8801709234087970E-008  2.0629128272699979E-004  1.5426935031967437E+001  3.2236071432681839E-012  1.3213014273648429E-011  3.3351728839438864E-004
  7.2960000000000008E+001  4.7773618538723830E-012 -4.7268816971133205E-012  5.8989736708393045E-004  6.6614395419429168E-016  2.7214495774123289E-015  6.9934581378976873E-008  2.0629128272699979E-004  1.5426935031967437E+001  3.2291425279215902E-012  1.3192266495389087E-011  3.3900890263040024E-004
  7.3040000000000006E+001  4.7773085230202780E-012 -4.7270992376230672E-012  5.8989172863971296E-004  6.6696937854246113E-016  2.7169668817454181E-015  7.0986180707155715E-008  2.0629128272699979E-004  1.5426935031967437E+001  3.2331437844868899E-012  1.3170536562818905E-011  3.4410654570136089E-004
  7.3120000000000005E+001  4.7772551387718162E-012 -4.7273164118143998E-012  5.8988600929501731E-004  6.6747996648387296E-016  2.7122998793227199E-015  7.1957701543211641E-008  2.0629128272699979E-004  1.5426935031967437E+001  3.2356188669811715E-012  1.3147913200553524E-011  3.4881600711086198E-004
  7.3200000000000003E+001  4.7772017262256406E-012 -4.7275332056037589E-012  5.8988021540746604E-004  6.6767969356951818E-016  2.7074636232662827E-015  7.2850382401779467E-008  2.0629128272699979E-004  1.5426935031967437E+001  3.2365870469148408E-012  1.3124469378822421E-011  3.5314329058244107E-004
  7.3280000000000001E+001  4.7771483100208451E-012 -4.7277496059941224E-012  5.8987435323383302E-004  6.6757699333084314E-016  2.7024713796669339E-015  7.3665505969923396E-008  2.0629128272699979E-004  1.5426935031967437E+001  3.2360892060181268E-012  1.3100269405185121E-011  3.5709461396112729E-004
  7.3359999999999999E+001  4.7770949139067077E-012 -4.7279656010245056E-012  5.8986842892651086E-004  6.6718634095903750E-016  2.6973372615668610E-015  7.4404399055637413E-008  2.0629128272699979E-004  1.5426935031967437E+001  3.2341955129496207E-012  1.3075381692846395E-011  3.6067640896882646E-004
  7.3439999999999998E+001  4.7770415602062917E-012 -4.7281811799559731E-012  5.8986244852998412E-004  6.6652888395956939E-016  2.6920790859033147E-015  7.5068432505174870E-008  2.0629128272699979E-004  1.5426935031967437E+001  3.2310084805707233E-012  1.3049892609692623E-011  3.6389532079856294E-004
  7.3519999999999996E+001  4.7769882692852741E-012 -4.7283963336782501E-012  5.8985641797731003E-004  6.6563187020404774E-016  2.6867205299135356E-015  7.5659021082430996E-008  2.0629128272699979E-004  1.5426935031967437E+001  3.2266601933345019E-012  1.3023916931443843E-011  3.6675820753305087E-004
  7.3600000000000009E+001  4.7769350591070590E-012 -4.7286110552407593E-012  5.8985034308661093E-004  6.6452713326174844E-016  2.6812918785205090E-015  7.6177623306990195E-008  2.0629128272699979E-004  1.5426935031967437E+001  3.2213049648941528E-012  1.2997601464673407E-011  3.6927213937476252E-004
  7.3680000000000007E+001  4.7768819449439523E-012 -4.7288253403788134E-012  5.8984422955758091E-004  6.6324883287478988E-016  2.6758290856414986E-015  7.6625741258292031E-008  2.0629128272699979E-004  1.5426935031967437E+001  3.2151083851475673E-012  1.2971120496541983E-011  3.7144439767776817E-004
  7.3760000000000005E+001  4.7768289392937991E-012 -4.7290391878944619E-012  5.8983808296800961E-004  6.6183072608505117E-016  2.6703712160673791E-015  7.7004920334396241E-008  2.0629128272699979E-004  1.5426935031967437E+001  3.2082340918188625E-012  1.2944663394221397E-011  3.7328247377583763E-004
  7.3840000000000003E+001  4.7767760520277787E-012 -4.7292525997733842E-012  5.8983190877032741E-004  6.6030324742898350E-016  2.6649566031723399E-015  7.7316748965346790E-008  2.0629128272699979E-004  1.5426935031967437E+001  3.2008296167536697E-012  1.2918415979295161E-011  3.7479406760587301E-004
  7.3920000000000002E+001  4.7767232907742104E-012 -4.7294655809509695E-012  5.8982571228817515E-004  6.5869081509247689E-016  2.6596184360638467E-015  7.7562858286555963E-008  2.0629128272699979E-004  1.5426935031967437E+001  3.1930133274706870E-012  1.2892539136448359E-011  3.7598708612982115E-004
  7.4000000000000000E+001  4.7766706614973639E-012 -4.7296781387231544E-012  5.8981949871300156E-004  6.5700987386938564E-016  2.6543806035554216E-015  7.7744921778307146E-008  2.0629128272699979E-004  1.5426935031967437E+001  3.1848649403826330E-012  1.2867148667014870E-011  3.7686964156120618E-004
  7.4079999999999998E+001  4.7766181691943913E-012 -4.7298902818475383E-012  5.8981327310069062E-004  6.5526813702202211E-016  2.6492547180683401E-015  7.7864654857146129E-008  2.0629128272699979E-004  1.5426935031967437E+001  3.1764218456602048E-012  1.2842300862392519E-011  3.7745004940423828E-004
  7.4159999999999997E+001  4.7765658185954403E-012 -4.7301020194780453E-012  5.8980704036822441E-004  6.5346522499848146E-016  2.6442392207175281E-015  7.7923814433391095E-008  2.0629128272699979E-004  1.5426935031967437E+001  3.1676822033464352E-012  1.2817988165878513E-011  3.7773682631438003E-004
  7.4239999999999995E+001  4.7765136147583916E-012 -4.7303133601228531E-012  5.8980080529038128E-004  6.5159455056534266E-016  2.6393207975756327E-015  7.7924198439504678E-008  2.0629128272699979E-004  1.5426935031967437E+001  3.1586140817372867E-012  1.2794146037995704E-011  3.7773868778965110E-004
  7.4320000000000007E+001  4.7764615634673499E-012 -4.7305243108056574E-012  5.8979457249647409E-004  6.4964591187550552E-016  2.6344776576033922E-015  7.7867645316453179E-008  2.0629128272699979E-004  1.5426935031967437E+001  3.1491680272950599E-012  1.2770668846374852E-011  3.7746454570195117E-004
  7.4400000000000006E+001  4.7764096714124915E-012 -4.7307348765480697E-012  5.8978834646713065E-004  6.4760785047819711E-016  2.6296838834510305E-015  7.7756033475671242E-008  2.0629128272699979E-004  1.5426935031967437E+001  3.1392884949920688E-012  1.2747430956297620E-011  3.7692350567714603E-004
  7.4480000000000004E+001  4.7763579462112734E-012 -4.7309450602270096E-012  5.8978213153111799E-004  6.4546914430323700E-016  2.6249134866930348E-015  7.7591280728500460E-008  2.0629128272699979E-004  1.5426935031967437E+001  3.1289210856363671E-012  1.2724306388507332E-011  3.7612486433137105E-004
  7.4560000000000002E+001  4.7763063963494030E-012 -4.7311548627059406E-012  5.8977593186221409E-004  6.4321913405507676E-016  2.6201429297243313E-015  7.7375343685812418E-008  2.0629128272699979E-004  1.5426935031967437E+001  3.1180141281537645E-012  1.2701181044052300E-011  3.7507810636892592E-004
  7.4640000000000001E+001  4.7762550311498246E-012 -4.7313642830957655E-012  5.8976975147612826E-004  6.4084689205380402E-016  2.6153516266074420E-015  7.7110217133237197E-008  2.0629128272699979E-004  1.5426935031967437E+001  3.1065146504682478E-012  1.2677955132342470E-011  3.7379290154454091E-004
  7.4719999999999999E+001  4.7762038608466744E-012 -4.7315733189661978E-012  5.8976359422747277E-004  6.3833972687293494E-016  2.6105205316450783E-015  7.6797933377931562E-008  2.0629128272699979E-004  1.5426935031967437E+001  3.0943611307086792E-012  1.2654536329100402E-011  3.7227910149019027E-004
  7.4799999999999997E+001  4.7761528967935249E-012 -4.7317819663808287E-012  5.8975746380678779E-004  6.3568166150177246E-016  2.6056295531987432E-015  7.6440561562821085E-008  2.0629128272699979E-004  1.5426935031967437E+001  3.0814761200865561E-012  1.2630827239776728E-011  3.7054673640450614E-004
  7.4879999999999995E+001  4.7761021517808341E-012 -4.7319902196947096E-012  5.8975136373762272E-004  6.3285230337347255E-016  2.6006548127694288E-015  7.6040206954414852E-008  2.0629128272699979E-004  1.5426935031967437E+001  3.0677607653180923E-012  1.2606712113020670E-011  3.6860601160150621E-004
  7.4960000000000008E+001  4.7760516404249851E-012 -4.7321980711508718E-012  5.8974529737367508E-004  6.2982650042168960E-016  2.5955667347172915E-015  7.5599010202159842E-008  2.0629128272699979E-004  1.5426935031967437E+001  3.0530931413775825E-012  1.2582047580491719E-011  3.6646730391483155E-004
  7.5040000000000006E+001  4.7760013795407666E-012 -4.7324055103722643E-012  5.8973926789599037E-004  6.2657491234208952E-016  2.5903296463785925E-015  7.5119146567979769E-008  2.0629128272699979E-004  1.5426935031967437E+001  3.0373310207586849E-012  1.2556660718448575E-011  3.6414115795387921E-004
  7.5120000000000005E+001  4.7759513884390104E-012 -4.7326125238942924E-012  5.8973327831022420E-004  6.2306560305639276E-016  2.5849031653400780E-015  7.4602825120577334E-008  2.0629128272699979E-004  1.5426935031967437E+001  3.0203195928420523E-012  1.2530355772504970E-011  3.6163828220894573E-004
  7.5200000000000003E+001  4.7759016890442776E-012 -4.7328190948787187E-012  5.8972733144397108E-004  6.1926653703178555E-016  2.5792452238837266E-015  7.4052287899243306E-008  2.0629128272699979E-004  1.5426935031967437E+001  3.0019035649248678E-012  1.2502928818822559E-011  3.5896954500363787E-004
  7.5280000000000001E+001  4.7758523057930853E-012 -4.7330252031301138E-012  5.8972142994416033E-004  6.1514865009806724E-016  2.5733161190213562E-015  7.3469809050560539E-008  2.0629128272699979E-004  1.5426935031967437E+001  2.9819420480079779E-012  1.2474187396619239E-011  3.5614597029423812E-004
  7.5359999999999999E+001  4.7758032652602619E-012 -4.7332308254577622E-012  5.8971557627452299E-004  6.1068905846313077E-016  2.5670830567373345E-015  7.2857693928516168E-008  2.0629128272699979E-004  1.5426935031967437E+001  2.9603241125233424E-012  1.2443972536336363E-011  3.5317873331727729E-004
  7.5439999999999998E+001  4.7757545955437312E-012 -4.7334359364191917E-012  5.8970977271313176E-004  6.0587358647573853E-016  2.5605242467295113E-015  7.2218278165475875E-008  2.0629128272699979E-004  1.5426935031967437E+001  2.9369810418778135E-012  1.2412178609194542E-011  3.5007915608806038E-004
  7.5519999999999996E+001  4.7757063254864258E-012 -4.7336405093372389E-012  5.8970402135001651E-004  6.0069801838748236E-016  2.5536315239366322E-015  7.1553926716053096E-008  2.0629128272699979E-004  1.5426935031967437E+001  2.9118924001404008E-012  1.2378766034983003E-011  3.4685870275409414E-004
  7.5600000000000009E+001  4.7756584838607892E-012 -4.7338445174630216E-012  5.8969832408485719E-004  5.9516778096059373E-016  2.5464109831157214E-015  7.0867032867096913E-008  2.0629128272699979E-004  1.5426935031967437E+001  2.8850844935970342E-012  1.2343764358098011E-011  3.4352897480812095E-004
  7.5680000000000007E+001  4.7756110986414721E-012 -4.7340479350945374E-012  5.8969268262475778E-004  5.8929616241439502E-016  2.5388813152265716E-015  7.0160017221930146E-008  2.0629128272699979E-004  1.5426935031967437E+001  2.8566217371106288E-012  1.2307264183262160E-011  3.4010170616573731E-004
  7.5760000000000005E+001  4.7755641964748029E-012 -4.7342507384734579E-012  5.8968709848210169E-004  5.8310169244279066E-016  2.5310702737034443E-015  6.9435326662225768E-008  2.0629128272699979E-004  1.5426935031967437E+001  2.8265939536513503E-012  1.2269400045647063E-011  3.3658875811245299E-004
  7.5840000000000003E+001  4.7755178023706812E-012 -4.7344529063383300E-012  5.8968157297249182E-004  5.7660542175738464E-016  2.5230103202306494E-015  6.8695433273969131E-008  2.0629128272699979E-004  1.5426935031967437E+001  2.7951031868117986E-012  1.2230329303693215E-011  3.3300211412471450E-004
  7.5920000000000002E+001  4.7754719396073217E-012 -4.7346544201246948E-012  5.8967610721277785E-004  5.6982898011640453E-016  2.5147346397201750E-015  6.7942833256479530E-008  2.0629128272699979E-004  1.5426935031967437E+001  2.7622542871588994E-012  1.2190212821759416E-011  3.2935387456909049E-004
  7.6000000000000000E+001  4.7754266297338626E-012 -4.7348552638806852E-012  5.8967070211917078E-004  5.6279376877347269E-016  2.5062745885221010E-015  6.7180045805681965E-008  2.0629128272699979E-004  1.5426935031967437E+001  2.7281509976291029E-012  1.2149202600271963E-011  3.2565625128367270E-004
  7.6079999999999998E+001  4.7753818926043180E-012 -4.7350554240588583E-012  5.8966535840544894E-004  5.5552117500738274E-016  2.4976592044069247E-015  6.6409611971629100E-008  2.0629128272699979E-004  1.5426935031967437E+001  2.6928969933585772E-012  1.2107439400195018E-011  3.2192156204584853E-004
  7.6159999999999997E+001  4.7753377463458614E-012 -4.7352548893533903E-012  5.8966007658125532E-004  5.4803365255104412E-016  2.4889166086831466E-015  6.5634093495694438E-008  2.0629128272699979E-004  1.5426935031967437E+001  2.6566011191075232E-012  1.2065059539989402E-011  3.1816222493085436E-004
  7.6239999999999995E+001  4.7752942072199098E-012 -4.7354536507162476E-012  5.8965485695048963E-004  5.4035607771532223E-016  2.4800765431587960E-015  6.4856071624048561E-008  2.0629128272699979E-004  1.5426935031967437E+001  2.6193839631795018E-012  1.2022207193522073E-011  3.1439075256570062E-004
  7.6320000000000007E+001  4.7752512893734270E-012 -4.7356517016002957E-012  5.8964969960979548E-004  5.3251694202555813E-016  2.4711730153674882E-015  6.4078145900806592E-008  2.0629128272699979E-004  1.5426935031967437E+001  2.5813836386559588E-012  1.1979047212774642E-011  3.1061974628291067E-004
  7.6400000000000006E+001  4.7752090045091857E-012 -4.7358490383987064E-012  5.8964460444714550E-004  5.2454896382227288E-016  2.4622460883865342E-015  6.3302932944234993E-008  2.0629128272699979E-004  1.5426935031967437E+001  2.5427587481520858E-012  1.1935773804121063E-011  3.0686189017792558E-004
  7.6480000000000004E+001  4.7751673615392154E-012 -4.7360456609744375E-012  5.8963957114052440E-004  5.1648882537484861E-016  2.4533420704765771E-015  6.2533065201951944E-008  2.0629128272699979E-004  1.5426935031967437E+001  2.5036871095504918E-012  1.1892611447500175E-011  3.0312994507316503E-004
  7.6560000000000002E+001  4.7751263662971257E-012 -4.7362415731299827E-012  5.8963459915671319E-004  5.0837591558618256E-016  2.4445119665665685E-015  6.1771189683766051E-008  2.0629128272699979E-004  1.5426935031967437E+001  2.4643596610959486E-012  1.1849807390057415E-011  2.9943674239104782E-004
  7.6640000000000001E+001  4.7750860213927216E-012 -4.7364367828890882E-012  5.8962968775017500E-004  5.0025006405600110E-016  2.4358082718787629E-015  6.1019966681640165E-008  2.0629128272699979E-004  1.5426935031967437E+001  2.4249694773482002E-012  1.1807616103203169E-011  2.9579517793835140E-004
  7.6719999999999999E+001  4.7750463262868768E-012 -4.7366313024534833E-012  5.8962483596204413E-004  4.9214861827168876E-016  2.4272806556857412E-015  6.0282068470004016E-008  2.0629128272699979E-004  1.5426935031967437E+001  2.3856976008254629E-012  1.1766278359428278E-011  2.9221820560553418E-004
  7.6799999999999997E+001  4.7750072776137982E-012 -4.7368251477939979E-012  5.8962004261921979E-004  4.8410343443083872E-016  2.4189713852406330E-015  5.9560177991159089E-008  2.0629128272699979E-004  1.5426935031967437E+001  2.3466984548873853E-012  1.1725999049803656E-011  2.8871883098705720E-004
  7.6879999999999995E+001  4.7749688697373678E-012 -4.7370183378751218E-012  5.8961530633356554E-004  4.7613848994678123E-016  2.4109113662759747E-015  5.8856987521032321E-008  2.0629128272699979E-004  1.5426935031967437E+001  2.3080882703863326E-012  1.1686927990364290E-011  2.8531010493183432E-004
  7.6960000000000008E+001  4.7749310954554067E-012 -4.7372108936126021E-012  5.8961062550121643E-004  4.6826874794831265E-016  2.4031177662074533E-015  5.8175197328831163E-008  2.0629128272699979E-004  1.5426935031967437E+001  2.2699395813411065E-012  1.1649148400453378E-011  2.8200511703589621E-004
  7.7040000000000006E+001  4.7748939467376961E-012 -4.7374028367177149E-012  5.8960599830199293E-004  4.6050058187114038E-016  2.3955938349804394E-015  5.7517514325856629E-008  2.0629128272699979E-004  1.5426935031967437E+001  2.2322832830563471E-012  1.1612676034170976E-011  2.7881698909137373E-004
  7.7120000000000005E+001  4.7748574153623073E-012 -4.7375941886261989E-012  5.8960142269892429E-004  4.5283351368827505E-016  2.3883310810841036E-015  5.6886650707540067E-008  2.0629128272699979E-004  1.5426935031967437E+001  2.1951170582557088E-012  1.1577469728782733E-011  2.7575886850648832E-004
  7.7200000000000003E+001  4.7748214933755060E-012 -4.7377849696906884E-012  5.8959689643787972E-004  4.4526259513905329E-016  2.3813130950201217E-015  5.6285322594124693E-008  2.0629128272699979E-004  1.5426935031967437E+001  2.1584169202360470E-012  1.1543449939060663E-011  2.7284392171035007E-004
  7.7280000000000001E+001  4.7747861733470850E-012 -4.7379751987214022E-012  5.8959241704730923E-004  4.3778070553832860E-016  2.3745200188598220E-015  5.5716248666603727E-008  2.0629128272699979E-004  1.5426935031967437E+001  2.1221483513757731E-012  1.1510520403361963E-011  2.7008532755435814E-004
  7.7359999999999999E+001  4.7747514484626199E-012 -4.7381648928937060E-012  5.8958798183809307E-004  4.3038010862691550E-016  2.3679324577119028E-015  5.5182148810790053E-008  2.0629128272699979E-004  1.5426935031967437E+001  2.0862738499800672E-012  1.1478587104658554E-011  2.6749627071940587E-004
  7.7439999999999998E+001  4.7747173125297047E-012 -4.7383540679146361E-012  5.8958358790349951E-004  4.2305300743994194E-016  2.3615335482545653E-015  5.4685742757320122E-008  2.0629128272699979E-004  1.5426935031967437E+001  2.0507556201538432E-012  1.1447568297785890E-011  2.6508993513541326E-004
  7.7519999999999996E+001  4.7746837599814295E-012 -4.7385427382614267E-012  5.8957923211925189E-004  4.1579116815272618E-016  2.3553088432967643E-015  5.4229748725045978E-008  2.0629128272699979E-004  1.5426935031967437E+001  2.0155537483543924E-012  1.1417393949743667E-011  2.6287949741729668E-004
  7.7600000000000009E+001  4.7746507859428003E-012 -4.7387309173295635E-012  5.8957491114370350E-004  4.0858492589894164E-016  2.3492442674041517E-015  5.3816882075946940E-008  2.0629128272699979E-004  1.5426935031967437E+001  1.9806213839972824E-012  1.1387995829706486E-011  2.6087812031952814E-004
  7.7680000000000007E+001  4.7746183863932856E-012 -4.7389186173442114E-012  5.8957062141811974E-004  4.0142208044612899E-016  2.3433230363581138E-015  5.3449853966653152E-008  2.0629128272699979E-004  1.5426935031967437E+001  1.9458993862382443E-012  1.1359292575935891E-011  2.5909894621001722E-004
  7.7760000000000005E+001  4.7745865584099289E-012 -4.7391058490153808E-012  5.8956635916706883E-004  3.9428701797767627E-016  2.3375226907711862E-015  5.3131370005390140E-008  2.0629128272699979E-004  1.5426935031967437E+001  1.9113120669085591E-012  1.1331175316152525E-011  2.5755509056316783E-004
  7.7840000000000003E+001  4.7745553004704092E-012 -4.7392926209747348E-012  5.8956212039891888E-004  3.8716036444840449E-016  2.3318133420188589E-015  5.2864128912989130E-008  2.0629128272699979E-004  1.5426935031967437E+001  1.8767655100669412E-012  1.1303499164861283E-011  2.5625963547152685E-004
  7.7920000000000002E+001  4.7745246127516172E-012 -4.7394789391501039E-012  5.8955790090644276E-004  3.8001945109580541E-016  2.3261578240845722E-015  5.2650821189318374E-008  2.0629128272699979E-004  1.5426935031967437E+001  1.8421498285003304E-012  1.1276083959228447E-011  2.5522562317526750E-004
  7.8000000000000000E+001  4.7744944973582339E-012 -4.7396648062265883E-012  5.8955369626752859E-004  3.7283960761656803E-016  2.3205138448503006E-015  5.2494127783780237E-008  2.0629128272699979E-004  1.5426935031967437E+001  1.8073454325557554E-012  1.1248724687605768E-011  2.5446604960856304E-004
  7.8079999999999998E+001  4.7744649584143985E-012 -4.7398502213652799E-012  5.8954950184599735E-004  3.6559617803057104E-016  2.3148378775612822E-015  5.2396718763097778E-008  2.0629128272699979E-004  1.5426935031967437E+001  1.7722328020695734E-012  1.1221210353453633E-011  2.5399385796145366E-004
  7.8159999999999997E+001  4.7744360019697490E-012 -4.7400351802869981E-012  5.8954531279252649E-004  3.5826694522783561E-016  2.3090899693434435E-015  5.2361251988588100E-008  2.0629128272699979E-004  1.5426935031967437E+001  1.7367042392244275E-012  1.1193347284593536E-011  2.5382193225496858E-004
  7.8239999999999995E+001  4.7744076357031621E-012 -4.7402196757603749E-012  5.8954112404567918E-004  3.5083452128017708E-016  2.3032384666695486E-015  5.2390371792080444E-008  2.0629128272699979E-004  1.5426935031967437E+001  1.7006754557842854E-012  1.1164982040080990E-011  2.5396309092617231E-004
  7.8320000000000007E+001  4.7743798684463442E-012 -4.7404036984416652E-012  5.8953693033303976E-004  3.4328802679859228E-016  2.2972635270296854E-015  5.2486707653867171E-008  2.0629128272699979E-004  1.5426935031967437E+001  1.6640937137963335E-012  1.1136018433083145E-011  2.5443008041887402E-004
  7.8400000000000006E+001  4.7743527096188743E-012 -4.7405872379246996E-012  5.8953272617245456E-004  3.3562375710041930E-016  2.2911585637508397E-015  5.2652872880654730E-008  2.0629128272699979E-004  1.5426935031967437E+001  1.6269410547365652E-012  1.1106424534608978E-011  2.5523556877555322E-004
  7.8480000000000004E+001  4.7743261686452081E-012 -4.7407702838118654E-012  5.8952850587337886E-004  3.2784466490843471E-016  2.2849292861816276E-015  5.2891463282159386E-008  2.0629128272699979E-004  1.5426935031967437E+001  1.5892317919358747E-012  1.1076228020771122E-011  2.5639213922715924E-004
  7.8560000000000002E+001  4.7743002544724889E-012 -4.7409528266104887E-012  5.8952426353832941E-004  3.1995890889727498E-016  2.2785905541643404E-015  5.3205055851768702E-008  2.0629128272699979E-004  1.5426935031967437E+001  1.5510054747002541E-012  1.1045500924922886E-011  2.5791228378003886E-004
  7.8640000000000001E+001  4.7742749752197845E-012 -4.7411348583005317E-012  5.8951999306444257E-004  3.1197809981709268E-016  2.2721619126732759E-015  5.3596207439749128E-008  2.0629128272699979E-004  1.5426935031967437E+001  1.5123183863537373E-012  1.1014337991586991E-011  2.5980839680299610E-004
  7.8719999999999999E+001  4.7742503379765182E-012 -4.7413163725165164E-012  5.8951568814513905E-004  3.0391565776455871E-016  2.2656631509746527E-015  5.4067453431874603E-008  2.0629128272699979E-004  1.5426935031967437E+001  1.4732355809892803E-012  1.0982835149516016E-011  2.6209276862150635E-004
  7.8799999999999997E+001  4.7742263487145422E-012 -4.7414973644046876E-012  5.8951134227189347E-004  2.9578579603409093E-016  2.2591111328497020E-015  5.4621306435509052E-008  2.0629128272699979E-004  1.5426935031967437E+001  1.4338259577626103E-012  1.0951074146153337E-011  2.6477757912919827E-004
  7.8879999999999995E+001  4.7742030122491527E-012 -4.7416778302977723E-012  5.8950694873610937E-004  2.8760319777323538E-016  2.2525188212142281E-015  5.5260254962978365E-008  2.0629128272699979E-004  1.5426935031967437E+001  1.3941606934169734E-012  1.0919117819402361E-011  2.6787489142786943E-004
  7.8960000000000008E+001  4.7741803322028985E-012 -4.7418577674160819E-012  5.8950250063109940E-004  2.7938331962217074E-016  2.2458966485252485E-015  5.5986762129172545E-008  2.0629128272699979E-004  1.5426935031967437E+001  1.3543147142482071E-012  1.0887016740769140E-011  2.7139664550611213E-004
  7.9040000000000006E+001  4.7741583109180132E-012 -4.7420371737615364E-012  5.8949799085416870E-004  2.7114303710037860E-016  2.2392555531861351E-015  5.6803264358634611E-008  2.0629128272699979E-004  1.5426935031967437E+001  1.3143698246253226E-012  1.0854823934315396E-011  2.7535465196353666E-004
  7.9120000000000005E+001  4.7741369493169624E-012 -4.7422160483045917E-012  5.8949341210880201E-004  2.6290133060008664E-016  2.2326106562038882E-015  5.7712170098070522E-008  2.0629128272699979E-004  1.5426935031967437E+001  1.2744180322385677E-012  1.0822612699356082E-011  2.7976058578368701E-004
  7.9200000000000003E+001  4.7741162467051172E-012 -4.7423943914665290E-012  5.8948875690695301E-004  2.5467986896158497E-016  2.2259842249483927E-015  5.8715858543766878E-008  2.0629128272699979E-004  1.5426935031967437E+001  1.2345643770941011E-012  1.0790490977247466E-011  2.8462598015532734E-004
  7.9280000000000001E+001  4.7740962005379286E-012 -4.7425722057805834E-012  5.8948401757143501E-004  2.4650319081783318E-016  2.2194068917897929E-015  5.9816678376462505E-008  2.0629128272699979E-004  1.5426935031967437E+001  1.1949278106011762E-012  1.0758607258873490E-011  2.8996222033977182E-004
  7.9359999999999999E+001  4.7740768061945863E-012 -4.7427494965692154E-012  5.8947918623841278E-004  2.3839832859179848E-016  2.2129166597349044E-015  6.1016946503673940E-008  2.0629128272699979E-004  1.5426935031967437E+001  1.1556393728275108E-012  1.0727145764398355E-011  2.9578053758165361E-004
  7.9439999999999998E+001  4.7740580568053539E-012 -4.7429262724461410E-012  5.8947425485999442E-004  2.3039378648108348E-016  2.2065557650327299E-015  6.2318946812862930E-008  2.0629128272699979E-004  1.5426935031967437E+001  1.1168372382876548E-012  1.0696311234595447E-011  3.0209200306177838E-004
  7.9519999999999996E+001  4.7740399431887494E-012 -4.7431025454916206E-012  5.8946921520692272E-004  2.2251794225854890E-016  2.2003661267268850E-015  6.3724928934768329E-008  2.0629128272699979E-004  1.5426935031967437E+001  1.0786589686207629E-012  1.0666306872678852E-011  3.0890752189309967E-004
  7.9600000000000009E+001  4.7740224539345925E-012 -4.7432783310264173E-012  5.8946405887136486E-004  2.1479712189129795E-016  2.1943843819714809E-015  6.5237107012836634E-008  2.0629128272699979E-004  1.5426935031967437E+001  1.0412321793466217E-012  1.0637310277800921E-011  3.1623782716407473E-004
  7.9680000000000007E+001  4.7740055756492468E-012 -4.7434536469927360E-012  5.8945877726980067E-004  2.0725376668231656E-016  2.1886377809554845E-015  6.6857658483494538E-008  2.0629128272699979E-004  1.5426935031967437E+001  1.0046656550145653E-012  1.0609453545625674E-011  3.2409347403747633E-004
  7.9760000000000005E+001  4.7739892933319233E-012 -4.7436285130713702E-012  5.8945336164600750E-004  1.9990513454036607E-016  2.1831419822018329E-015  6.8588722876072655E-008  2.0629128272699979E-004  1.5426935031967437E+001  9.6904305357776337E-013  1.0582812581051836E-011  3.3248483391673723E-004
  7.9840000000000003E+001  4.7739735908277203E-012 -4.7438029497098883E-012  5.8944780307414050E-004  1.9276288044229683E-016  2.1779012877312872E-015  7.0432400627637014E-008  2.0629128272699979E-004  1.5426935031967437E+001  9.3442087271605444E-013  1.0557408238201228E-011  3.4142208869529251E-004
  7.9920000000000002E+001  4.7739584512710526E-012 -4.7439769772774072E-012  5.8944209246190708E-004  1.8583365892588012E-016  2.1729113190351330E-015  7.2390751915438851E-008  2.0629128272699979E-004  1.5426935031967437E+001  9.0083137041558702E-013  1.0533219292190023E-011  3.5091522510609456E-004
  8.0000000000000000E+001  4.7739438574422922E-012 -4.7441506155209340E-012  5.8943622055383402E-004  1.7912042907021813E-016  2.1681633727132393E-015  7.4465795512403685E-008  2.0629128272699979E-004  1.5426935031967437E+001  8.6828889083674521E-013  1.0510203553177991E-011  3.6097402918766787E-004
  8.0079999999999998E+001  4.7739297920024013E-012 -4.7443238834170413E-012  5.8943017793462510E-004  1.7262410019338302E-016  2.1636491437490675E-015  7.6659507676501721E-008  2.0629128272699979E-004  1.5426935031967437E+001  8.3679784190886973E-013  1.0488320762504813E-011  3.7160808087971124E-004
  8.0159999999999997E+001  4.7739162375862612E-012 -4.7444967993839338E-012  5.8942395503260578E-004  1.6634512215056353E-016  2.1593644800079529E-015  7.8973821063157545E-008  2.0629128272699979E-004  1.5426935031967437E+001  8.0636040431389122E-013  1.0467550792559491E-011  3.8282674875637755E-004
  8.0239999999999995E+001  4.7739031767828573E-012 -4.7446693817338426E-012  5.8941754212325499E-004  1.6028449252137645E-016  2.1553110808856120E-015  8.1410623667475378E-008  2.0629128272699979E-004  1.5426935031967437E+001  7.7698141386454953E-013  1.0447901881215540E-011  3.9463918490069422E-004
  8.0320000000000007E+001  4.7738905920674578E-012 -4.7448416491568755E-012  5.8941092933281899E-004  1.5444404973290852E-016  2.1514956857734816E-015  8.3971757796279895E-008  2.0629128272699979E-004  1.5426935031967437E+001  7.4866978232373370E-013  1.0429406697803404E-011  4.0705431992071553E-004
  8.0400000000000006E+001  4.7738784657349000E-012 -4.7450136210435663E-012  5.8940410664200759E-004  1.4882620205002347E-016  2.1479271090120416E-015  8.6659019067939717E-008  2.0629128272699979E-004  1.5426935031967437E+001  7.2143718378061226E-013  1.0412107969942646E-011  4.2008085810756019E-004
  8.0480000000000004E+001  4.7738667798751298E-012 -4.7451853174943174E-012  5.8939706388976812E-004  1.4343317083939718E-016  2.1446122001555763E-015  8.9474155446072224E-008  2.0629128272699979E-004  1.5426935031967437E+001  6.9529438638810787E-013  1.0396038900933281E-011  4.3372727273685157E-004
  8.0560000000000002E+001  4.7738555164275657E-012 -4.7453567589955912E-012  5.8938979077713621E-004  1.3826597137637425E-016  2.1415520813454708E-015  9.2418866298320549E-008  2.0629128272699979E-004  1.5426935031967437E+001  6.7024631165108761E-013  1.0381204930403330E-011  4.4800180151678703E-004
  8.0640000000000001E+001  4.7738446573197096E-012 -4.7455279658273327E-012  5.8938227687116039E-004  1.3332357603141721E-016  2.1387397610577210E-015  9.5494801488334256E-008  2.0629128272699979E-004  1.5426935031967437E+001  6.4628797817004349E-013  1.0367572166830351E-011  4.6291244218670951E-004
  8.0719999999999999E+001  4.7738341846554007E-012 -4.7456989573573604E-012  5.8937451160889808E-004  1.2860245195975069E-016  2.1361599934206362E-015  9.8703560500276082E-008  2.0629128272699979E-004  1.5426935031967437E+001  6.2340226042705039E-013  1.0355066705613412E-011  4.7846694826902080E-004
  8.0799999999999997E+001  4.7738240809273960E-012 -4.7458697514262800E-012  5.8936648430148034E-004  1.2409671608665470E-016  2.1337914618171648E-015  1.0204669159382188E-007  2.0629128272699979E-004  1.5426935031967437E+001  6.0156064011277394E-013  1.0343585214143918E-011  4.9467282497494777E-004
  8.0879999999999995E+001  4.7738143291808268E-012 -4.7460403639912512E-012  5.8935818413824307E-004  1.1979909078279009E-016  2.1316107328476031E-015  1.0552569099100896E-007  2.0629128272699979E-004  1.5426935031967437E+001  5.8072783879184816E-013  1.0333014098647847E-011  5.1153732526200424E-004
  8.0960000000000008E+001  4.7738049130728708E-012 -4.7462108091435356E-012  5.8934960019092178E-004  1.1570249239529669E-016  2.1295970102805642E-015  1.0914200209290008E-007  2.0629128272699979E-004  1.5426935031967437E+001  5.6086951839108160E-013  1.0323252549143857E-011  5.2906744603880239E-004
  8.1040000000000006E+001  4.7737958167820435E-012 -4.7463810995128961E-012  5.8934072141790821E-004  1.1180193090563244E-016  2.1277364388306904E-015  1.1289701472538523E-007  2.0629128272699979E-004  1.5426935031967437E+001  5.4196148974763258E-013  1.0314233401937555E-011  5.4726992451139633E-004
  8.1120000000000005E+001  4.7737870247639259E-012 -4.7465512469737485E-012  5.8933153666856572E-004  1.0809634160148643E-016  2.1260248830745464E-015  1.1679206441615438E-007  2.0629128272699979E-004  1.5426935031967437E+001  5.2399859157227294E-013  1.0305936610446997E-011  5.6615123466426847E-004
  8.1200000000000003E+001  4.7737785213673873E-012 -4.7467212634941880E-012  5.8932203468760162E-004  1.0458977838477695E-016  2.1244683118492855E-015  1.2082843169199890E-007  2.0629128272699979E-004  1.5426935031967437E+001  5.0700047525525452E-013  1.0298391108725366E-011  5.8571758386796789E-004
  8.1280000000000001E+001  4.7737702903993843E-012 -4.7468911619036444E-012  5.8931220411949500E-004  1.0129153017975323E-016  2.1230807238791593E-015  1.2500734140321809E-007  2.0629128272699979E-004  1.5426935031967437E+001  4.9101216900781982E-013  1.0291664755822124E-011  6.0597490960419883E-004
  8.1359999999999999E+001  4.7737623147225585E-012 -4.7470609564100087E-012  5.8930203351297711E-004  9.8215273077916255E-017  2.1218801044052080E-015  1.2932996207106503E-007  2.0629128272699979E-004  1.5426935031967437E+001  4.7609996787011272E-013  1.0285844735430575E-011  6.2692887629824221E-004
  8.1439999999999998E+001  4.7737545759556918E-012 -4.7472306627203493E-012  5.8929151132556363E-004  9.5377401471850424E-017  2.1208836053789207E-015  1.3379740525416590E-007  2.0629128272699979E-004  1.5426935031967437E+001  4.6234334388898335E-013  1.0281014191883188E-011  6.4858487224859877E-004
  8.1519999999999996E+001  4.7737470543383230E-012 -4.7474002977868693E-012  5.8928062592813644E-004  9.2794894803679718E-017  2.1201033525037026E-015  1.3841072493459049E-007  2.0629128272699979E-004  1.5426935031967437E+001  4.4982460515327027E-013  1.0277231904703818E-011  6.7094800664509061E-004
  8.1600000000000009E+001  4.7737397287725232E-012 -4.7475698792567499E-012  5.8926936560957410E-004  9.0483381955366117E-017  2.1195439304472839E-015  1.4317091691747530E-007  2.0629128272699979E-004  1.5426935031967437E+001  4.3861951293000894E-013  1.0274520098139647E-011  6.9402310666924960E-004
  8.1680000000000007E+001  4.7737325769972102E-012 -4.7477394248157409E-012  5.8925771858142964E-004  8.8455803300224671E-017  2.1192023690940830E-015  1.4807891825029769E-007  2.0629128272699979E-004  1.5426935031967437E+001  4.2879079585409831E-013  1.0272864374512867E-011  7.1781471467409312E-004
  8.1760000000000005E+001  4.7737255758439952E-012 -4.7479089516358049E-012  5.8924567298265405E-004  8.6721900874111141E-017  2.1190704395217151E-015  1.5313560665909079E-007  2.0629128272699979E-004  1.5426935031967437E+001  4.2038567858732799E-013  1.0272224843987654E-011  7.4232708544358047E-004
  8.1840000000000003E+001  4.7737187014930703E-012 -4.7480784760860643E-012  5.8923321688436419E-004  8.5288595337338723E-017  2.1191384044249656E-015  1.5834179999685565E-007  2.0629128272699979E-004  1.5426935031967437E+001  4.1343770910812434E-013  1.0272554304833596E-011  7.6756418353454204E-004
  8.1920000000000002E+001  4.7737119296687412E-012 -4.7482480137805129E-012  5.8922033829465455E-004  8.4161145456320497E-017  2.1193990558618367E-015  1.6369825571433501E-007  2.0629128272699979E-004  1.5426935031967437E+001  4.0797237936368665E-013  1.0273817816444694E-011  7.9352968070535337E-004
  8.2000000000000000E+001  4.7737052357097973E-012 -4.7484175799350022E-012  5.8920702516344989E-004  8.3344648716435192E-017  2.1198508165245121E-015  1.6920567035111594E-007  2.0629128272699979E-004  1.5426935031967437E+001  4.0401439951113664E-013  1.0276007732841506E-011  8.2022695343604178E-004
  8.2079999999999998E+001  4.7736985945249466E-012 -4.7485871899111568E-012  5.8919326538739837E-004  8.2845464154469875E-017  2.1204989819037200E-015  1.7486467904096262E-007  2.0629128272699979E-004  1.5426935031967437E+001  4.0159459508218718E-013  1.0279149723968619E-011  8.4765908054397433E-004
  8.2159999999999997E+001  4.7736919804355326E-012 -4.7487568597721068E-012  5.8917904681480334E-004  8.2672091848914676E-017  2.1213548642143541E-015  1.8067585503815545E-007  2.0629128272699979E-004  1.5426935031967437E+001  4.0075417030952830E-013  1.0283298625961022E-011  8.7582884089799213E-004
  8.2239999999999995E+001  4.7736853669902508E-012 -4.7489266066894311E-012  5.8916435725059227E-004  8.2835146176947011E-017  2.1224330544852015E-015  1.8663970927229059E-007  2.0629128272699979E-004  1.5426935031967437E+001  4.0154457851698248E-013  1.0288525169033797E-011  9.0473871123217416E-004
  8.2320000000000007E+001  4.7736787268121443E-012 -4.7490964490608245E-012  5.8914918446131977E-004  8.3346480655929862E-017  2.1237475651023226E-015  1.9275668991459907E-007  2.0629128272699979E-004  1.5426935031967437E+001  4.0402327985475023E-013  1.0294897278377759E-011  9.3439086405883306E-004
  8.2400000000000006E+001  4.7736720315533458E-012 -4.7492664062998475E-012  5.8913351618020593E-004  8.4217509333233533E-017  2.1253078800367722E-015  1.9902718196594996E-007  2.0629128272699979E-004  1.5426935031967437E+001  4.0824560407850624E-013  1.0302460927766482E-011  9.6478716567944840E-004
  8.2480000000000004E+001  4.7736652520106510E-012 -4.7494364983216303E-012  5.8911734011220522E-004  8.5457160256379923E-017  2.1271159375942626E-015  2.0545150686992575E-007  2.0629128272699979E-004  1.5426935031967437E+001  4.1425482998156411E-013  1.0311225513151984E-011  9.9592917429252876E-004
  8.2560000000000002E+001  4.7736583584077048E-012 -4.7496067448498626E-012  5.8910064393910674E-004  8.7070075406052779E-017  2.1291649051993207E-015  2.1202992213945017E-007  2.0629128272699979E-004  1.5426935031967437E+001  4.2207345966802940E-013  1.0321157913495579E-011  1.0278181381990553E-003
  8.2640000000000001E+001  4.7736513207985860E-012 -4.7497771647064622E-012  5.8908341532466291E-004  8.9055538824716296E-017  2.1314400495353710E-015  2.1876262100916592E-007  2.0629128272699979E-004  1.5426935031967437E+001  4.3169802253271106E-013  1.0332186708816275E-011  1.0604549941090140E-003
  8.2719999999999999E+001  4.7736441095214929E-012 -4.7499477752577882E-012  5.8906564191974528E-004  9.1407474132649901E-017  2.1339215816138740E-015  2.2564973210949637E-007  2.0629128272699979E-004  1.5426935031967437E+001  4.4309906323952775E-013  1.0344215971719256E-011  1.0938403655560813E-003
  8.2799999999999997E+001  4.7736366956027248E-012 -4.7501185921595205E-012  5.8904731136752539E-004  9.4115509427061427E-017  2.1365887393882570E-015  2.3269131916171370E-007  2.0629128272699979E-004  1.5426935031967437E+001  4.5622630380757461E-013  1.0357145057915371E-011  1.1279745614311302E-003
  8.2879999999999995E+001  4.7736290510399845E-012 -4.7502896294560904E-012  5.8902841130867940E-004  9.7166855215327999E-017  2.1394239430642170E-015  2.3988738070350023E-007  2.0629128272699979E-004  1.5426935031967437E+001  4.7101774698541332E-013  1.0370888749071197E-011  1.1628575746482105E-003
  8.2960000000000008E+001  4.7736211489058903E-012 -4.7504608999904107E-012  5.8900892938661283E-004  1.0054855320121480E-016  2.1424158669518539E-015  2.4723784984568057E-007  2.0629128272699979E-004  1.5426935031967437E+001  4.8741057729405282E-013  1.0385392143731073E-011  1.1984890809583941E-003
  8.3040000000000006E+001  4.7736129632714723E-012 -4.7506324159948026E-012  5.8898885325270409E-004  1.0424952186557336E-016  2.1455605759453906E-015  2.5474259405876927E-007  2.0629128272699979E-004  1.5426935031967437E+001  5.0535107683508714E-013  1.0400636166409350E-011  1.2348684379267952E-003
  8.3120000000000005E+001  4.7736044689823918E-012 -4.7508041896825620E-012  5.8896817057156343E-004  1.0826193286075157E-016  2.1488605094602305E-015  2.6240141500153140E-007  2.0629128272699979E-004  1.5426935031967437E+001  5.2480129759886067E-013  1.0416632642202975E-011  1.2719946840857659E-003
  8.3200000000000003E+001  4.7735956413622146E-012 -4.7509762336763163E-012  5.8894686902630385E-004  1.1258168375663258E-016  2.1523217490308267E-015  2.7021404838206914E-007  2.0629128272699979E-004  1.5426935031967437E+001  5.4574135301987478E-013  1.0433411051480050E-011  1.3098665382727213E-003
  8.3280000000000001E+001  4.7735864559129908E-012 -4.7511485611624069E-012  5.8892493632382230E-004  1.1720791499522795E-016  2.1559504475753403E-015  2.7818016385753306E-007  2.0629128272699979E-004  1.5426935031967437E+001  5.6816707636236154E-013  1.0451001220589635E-011  1.3484823991547950E-003
  8.3359999999999999E+001  4.7735768880958154E-012 -4.7513211857479283E-012  5.8890236020008664E-004  1.2214177963622125E-016  2.1597495636074180E-015  2.8629936497787914E-007  2.0629128272699979E-004  1.5426935031967437E+001  5.9208405715030992E-013  1.0469417490931414E-011  1.3878403449357971E-003
  8.3439999999999998E+001  4.7735669132282490E-012 -4.7514941210925841E-012  5.8887912842542584E-004  1.2738497535876763E-016  2.1637168279289074E-015  2.9457118916011897E-007  2.0629128272699979E-004  1.5426935031967437E+001  6.1750052488227514E-013  1.0488648862554055E-011  1.4279381332352290E-003
  8.3519999999999996E+001  4.7735565064997580E-012 -4.7516673804403970E-012  5.8885522880982102E-004  1.3293846702684441E-016  2.1678444520214278E-015  3.0299510769577365E-007  2.0629128272699979E-004  1.5426935031967437E+001  6.4442115670980484E-013  1.0508657580513691E-011  1.4687732011257138E-003
  8.3600000000000009E+001  4.7735456430735247E-012 -4.7518409762049075E-012  5.8883064920819451E-004  1.3880176558203132E-016  2.1721205577753509E-015  3.1157052578611034E-007  2.0629128272699979E-004  1.5426935031967437E+001  6.7284358190689171E-013  1.0529386065485723E-011  1.5103426653146580E-003
  8.3680000000000007E+001  4.7735342982172648E-012 -4.7520149197296410E-012  5.8880537752569525E-004  1.4497308269558890E-016  2.1765318061914312E-015  3.2029678260787203E-007  2.0629128272699979E-004  1.5426935031967437E+001  7.0275913157444305E-013  1.0550769656470756E-011  1.5526433224578302E-003
  8.3760000000000005E+001  4.7735224473802934E-012 -4.7521892212938982E-012  5.8877940172297725E-004  1.5145023242763787E-016  2.1810665961272108E-015  3.2917315140611235E-007  2.0629128272699979E-004  1.5426935031967437E+001  7.3415720930142685E-013  1.0572752116783016E-011  1.5956716495957094E-003
  8.3840000000000003E+001  4.7735100661800764E-012 -4.7523638903850214E-012  5.8875270982147027E-004  1.5823198554356130E-016  2.1857179595806249E-015  3.3819883960600392E-007  2.0629128272699979E-004  1.5426935031967437E+001  7.6703185636666233E-013  1.0595299668913207E-011  1.6394238047067421E-003
  8.3920000000000002E+001  4.7734971302626064E-012 -4.7525389361674311E-012  5.8872528990864029E-004  1.6531957653873174E-016  2.1904854336607160E-015  3.4737298894971886E-007  2.0629128272699979E-004  1.5426935031967437E+001  8.0138905701557014E-013  1.0618410069008308E-011  1.6838956273743729E-003
  8.4000000000000000E+001  4.7734836150478302E-012 -4.7527143680544071E-012  5.8869713014323831E-004  1.7271784777712463E-016  2.1953754868502021E-015  3.5669467565770390E-007  2.0629128272699979E-004  1.5426935031967437E+001  8.3725228467693556E-013  1.0642114673150099E-011  1.7290826395669544E-003
  8.4079999999999998E+001  4.7734694954069621E-012 -4.7528901962453271E-012  5.8866821876053506E-004  1.8043579441371246E-016  2.2004003065224786E-015  3.6616291061367231E-007  2.0629128272699979E-004  1.5426935031967437E+001  8.7466514351734785E-013  1.0666472559754639E-011  1.7749800465318749E-003
  8.4159999999999997E+001  4.7734547453207240E-012 -4.7530664321034507E-012  5.8863854407754013E-004  1.8848638365570281E-016  2.2055752543767367E-015  3.7577663957534578E-007  2.0629128272699979E-004  1.5426935031967437E+001  9.1369049221165489E-013  1.0691558194912841E-011  1.8215827378078447E-003
  8.4239999999999995E+001  4.7734393375855772E-012 -4.7532430882860274E-012  5.8860809449820300E-004  1.9688579119566927E-016  2.2109156454216990E-015  3.8553474340552495E-007  2.0629128272699979E-004  1.5426935031967437E+001  9.5440674268960263E-013  1.0717445818358303E-011  1.8688852883620699E-003
  8.4320000000000007E+001  4.7734232435941327E-012 -4.7534201786067182E-012  5.8857685851859524E-004  2.0565216850342210E-016  2.2164337064712821E-015  3.9543603833568607E-007  2.0629128272699979E-004  1.5426935031967437E+001  9.9690188447932805E-013  1.0744194699709397E-011  1.9168819598612515E-003
  8.4400000000000006E+001  4.7734064332386166E-012 -4.7535977176790628E-012  5.8854482473206929E-004  2.1480419565878434E-016  2.2221365462401415E-015  4.0547927625939322E-007  2.0629128272699979E-004  1.5426935031967437E+001  1.0412664695279432E-012  1.0771839298626818E-011  1.9655667020860687E-003
  8.4480000000000004E+001  4.7733888749228273E-012 -4.7537757204541166E-012  5.8851198183439374E-004  2.2435978355044718E-016  2.2280256155204747E-015  4.1566314505146035E-007  2.0629128272699979E-004  1.5426935031967437E+001  1.0875873211275268E-012  1.0800386647811798E-011  2.0149331544975051E-003
  8.4560000000000002E+001  4.7733705356732486E-012 -4.7539542017775461E-012  5.8847831862886106E-004  2.3433499036226375E-016  2.2340977318328199E-015  4.2598626892709321E-007  2.0629128272699979E-004  1.5426935031967437E+001  1.1359422815442861E-012  1.0829821320117745E-011  2.0649746479602400E-003
  8.4640000000000001E+001  4.7733513813243694E-012 -4.7541331760912098E-012  5.8844382403136540E-004  2.4474339500312023E-016  2.2403472488364593E-015  4.3644720883016927E-007  2.0629128272699979E-004  1.5426935031967437E+001  1.1863971747591869E-012  1.0860115944890930E-011  2.1156842066241402E-003
  8.4719999999999999E+001  4.7733313767300481E-012 -4.7543126573373599E-012  5.8840848707544823E-004  2.5559586978877737E-016  2.2467685738079731E-015  4.4704446285065555E-007  2.0629128272699979E-004  1.5426935031967437E+001  1.2390047044666381E-012  1.0891243411314707E-011  2.1670545499606923E-003
  8.4799999999999997E+001  4.7733104859852032E-012 -4.7544926590630191E-012  5.8837229691730930E-004  2.6690071187493258E-016  2.2533583370465942E-015  4.5777646667794067E-007  2.0629128272699979E-004  1.5426935031967437E+001  1.2938050912531441E-012  1.0923187384662366E-011  2.2190780949477851E-003
  8.4879999999999995E+001  4.7732886726161481E-012 -4.7546731946712874E-012  5.8833524284077976E-004  2.7866398376745192E-016  2.2601165819914217E-015  4.6864159407788378E-007  2.0629128272699979E-004  1.5426935031967437E+001  1.3508277232373887E-012  1.0955948075527631E-011  2.2717469583939803E-003
  8.4960000000000008E+001  4.7732658997478004E-012 -4.7548542777161377E-012  5.8829731426225684E-004  2.9088986031514550E-016  2.2670467655849280E-015  4.7963815740103438E-007  2.0629128272699979E-004  1.5426935031967437E+001  1.4100928380150881E-012  1.0989542241494882E-011  2.3250529593924177E-003
  8.5040000000000006E+001  4.7732421302384976E-012 -4.7550359221537809E-012  5.8825850073559560E-004  3.0358079527175228E-016  2.2741546347482272E-015  4.9076440811253604E-007  2.0629128272699979E-004  1.5426935031967437E+001  1.4716123301907132E-012  1.1023997740881693E-011  2.3789876218947765E-003
  8.5120000000000005E+001  4.7732173268205569E-012 -4.7552181424576975E-012  5.8821879195695883E-004  3.1673755406711532E-016  2.2814463403900940E-015  5.0201853734574723E-007  2.0629128272699979E-004  1.5426935031967437E+001  1.5353899102140496E-012  1.1059344390294365E-011  2.4335421773973606E-003
  8.5200000000000003E+001  4.7731914522298469E-012 -4.7554009535682434E-012  5.8817817776962028E-004  3.3035910739552550E-016  2.2889262653611332E-015  5.1339867648093418E-007  2.0629128272699979E-004  1.5426935031967437E+001  1.6014205885164273E-012  1.1095603435619380E-011  2.4887075677343246E-003
  8.5280000000000001E+001  4.7731644693633736E-012 -4.7555843706601552E-012  5.8813664816872188E-004  3.4444239942945487E-016  2.2965949241854573E-015  5.2490289773954920E-007  2.0629128272699979E-004  1.5426935031967437E+001  1.6696895519528875E-012  1.1132777371046268E-011  2.5444744479769721E-003
  8.5359999999999999E+001  4.7731363414459382E-012 -4.7557684087561130E-012  5.8809419330598195E-004  3.5898221250403676E-016  2.3044474827587802E-015  5.3652921480900218E-007  2.0629128272699979E-004  1.5426935031967437E+001  1.7401715077921057E-012  1.1170842763207765E-011  2.6008331894420535E-003
  8.5439999999999998E+001  4.7731070322093729E-012 -4.7559530822573966E-012  5.8805080349435244E-004  3.7397096932881097E-016  2.3124730896770969E-015  5.4827558348437277E-007  2.0629128272699979E-004  1.5426935031967437E+001  1.8128297249623085E-012  1.1209747009718993E-011  2.6577738828150012E-003
  8.5519999999999996E+001  4.7730765060908456E-012 -4.7561384044504614E-012  5.8800646921262445E-004  3.8939842808099316E-016  2.3206551915942439E-015  5.6013990233790521E-007  2.0629128272699979E-004  1.5426935031967437E+001  1.8876145561343840E-012  1.1249409867995389E-011  2.7152863413950879E-003
  8.5600000000000009E+001  4.7730447284608800E-012 -4.7563243870880517E-012  5.8796118110997838E-004  4.0525137896791886E-016  2.3289728348853067E-015  5.7212001341493059E-007  2.0629128272699979E-004  1.5426935031967437E+001  1.9644619666414884E-012  1.1289729765103542E-011  2.7733601044682751E-003
  8.5680000000000007E+001  4.7730116658702107E-012 -4.7565110401040430E-012  5.8791493001047806E-004  4.2151320743791569E-016  2.3374025442260951E-015  5.8421370295757180E-007  2.0629128272699979E-004  1.5426935031967437E+001  2.0432914171852967E-012  1.1330592904016659E-011  2.8319844408105049E-003
  8.5760000000000005E+001  4.7729772863476899E-012 -4.7566983714951279E-012  5.8786770691750517E-004  4.3816346937176397E-016  2.3459204417436413E-015  5.9641870215419832E-007  2.0629128272699979E-004  1.5426935031967437E+001  2.1240038046135777E-012  1.1371883536372419E-011  2.8911483523203965E-003
  8.5840000000000003E+001  4.7729415597151112E-012 -4.7568863873747220E-012  5.8781950301813339E-004  4.5517784567964945E-016  2.3545039394396476E-015  6.0873268791259783E-007  2.0629128272699979E-004  1.5426935031967437E+001  2.2064812417556249E-012  1.1413492166564308E-011  2.9508405777768977E-003
  8.5920000000000002E+001  4.7729044578923812E-012 -4.7570750921254382E-012  5.8777030968743915E-004  4.7252858403297808E-016  2.3631327578585642E-015  6.2115328366160825E-007  2.0629128272699979E-004  1.5426935031967437E+001  2.2905891988395054E-012  1.1455320489651319E-011  3.0110495967151591E-003
  8.6000000000000000E+001  4.7728659551416660E-012 -4.7572644886159794E-012  5.8772011849274753E-004  4.9018552803881862E-016  2.3717890714096518E-015  6.3367806017172322E-007  2.0629128272699979E-004  1.5426935031967437E+001  2.3761814923128298E-012  1.1497282095759331E-011  3.0717636334130359E-003
  8.6079999999999998E+001  4.7728260282078950E-012 -4.7574545783768638E-012  5.8766892119781167E-004  5.0811762611750637E-016  2.3804567535899165E-015  6.4630453640009220E-007  2.0629128272699979E-004  1.5426935031967437E+001  2.4631075991366406E-012  1.1539298811474763E-011  3.1329706609810552E-003
  8.6159999999999997E+001  4.7727846563214872E-012 -4.7576453616965538E-012  5.8761670976692352E-004  5.2629472603624695E-016  2.3891202181335555E-015  6.5903018035584930E-007  2.0629128272699979E-004  1.5426935031967437E+001  2.5512213559154235E-012  1.1581295082143875E-011  3.1946584055501490E-003
  8.6239999999999995E+001  4.7727418210517292E-012 -4.7578368376117651E-012  5.8756347636895474E-004  5.4468930419319479E-016  2.3977630763782701E-015  6.7185240997967230E-007  2.0629128272699979E-004  1.5426935031967437E+001  2.6403893416383533E-012  1.1623191463454812E-011  3.2568143505537750E-003
  8.6320000000000007E+001  4.7726975060328162E-012 -4.7580290037887743E-012  5.8750921338132677E-004  5.6327769797722138E-016  2.4063669860837019E-015  6.8476859404909148E-007  2.0629128272699979E-004  1.5426935031967437E+001  2.7304968514738976E-012  1.1664899041146903E-011  3.3194257411039521E-003
  8.6400000000000006E+001  4.7726516966200528E-012 -4.7582218563295385E-012  5.8745391339390688E-004  5.8204071389510737E-016  2.4149109969772793E-015  6.9777605310209433E-007  2.0629128272699979E-004  1.5426935031967437E+001  2.8214508446640743E-012  1.1706316258509618E-011  3.3824795884638838E-003
  8.6480000000000004E+001  4.7726043795185930E-012 -4.7584153895482906E-012  5.8739756921283044E-004  6.0096344619159449E-016  2.4233714829954842E-015  7.1087206037699332E-007  2.0629128272699979E-004  1.5426935031967437E+001  2.9131790652929577E-012  1.1747328587829148E-011  3.4459626746226580E-003
  8.6560000000000002E+001  4.7725555424686622E-012 -4.7586095957668178E-012  5.8734017386424657E-004  6.2003432919645992E-016  2.4317227241678499E-015  7.2405384278278681E-007  2.0629128272699979E-004  1.5426935031967437E+001  3.0056254486262281E-012  1.1787811351111028E-011  3.5098615569793042E-003
  8.6640000000000001E+001  4.7725051740259216E-012 -4.7588044651841575E-012  5.8728172059798519E-004  6.3924381093757678E-016  2.4399382362047826E-015  7.3731858188849360E-007  2.0629128272699979E-004  1.5426935031967437E+001  3.0987436913832033E-012  1.1827636165466287E-011  3.5741625731438814E-003
  8.6719999999999999E+001  4.7724532634589121E-012 -4.7589999858846106E-012  5.8722220289114441E-004  6.5858293727064225E-016  2.4479926523536502E-015  7.5066341493620426E-007  2.0629128272699979E-004  1.5426935031967437E+001  3.1924903881723982E-012  1.1866680065174423E-011  3.6388518458622065E-003
  8.6799999999999997E+001  4.7723998007559583E-012 -4.7591961440085341E-012  5.8716161445159540E-004  6.7804234602472543E-016  2.4558638572258789E-015  7.6408543588733628E-007  2.0629128272699979E-004  1.5426935031967437E+001  3.2868201557590629E-012  1.1904835845519250E-011  3.7039152880687840E-003
  8.6879999999999995E+001  4.7723447766835482E-012 -4.7593929241017667E-012  5.8709994922140243E-004  6.9761200640806262E-016  2.4635351033928031E-015  7.7758169649125080E-007  2.0629128272699979E-004  1.5426935031967437E+001  3.3816843697337376E-012  1.1942022323138669E-011  3.7693386080700016E-003
  8.6960000000000008E+001  4.7722881828349330E-012 -4.7595903096250769E-012  5.8703720138015680E-004  7.1728195417088523E-016  2.4709965187537054E-015  7.9114920737758635E-007  2.0629128272699979E-004  1.5426935031967437E+001  3.4770347282345994E-012  1.1978191642874700E-011  3.8351073148571537E-003
  8.7040000000000006E+001  4.7722300115708808E-012 -4.7597882835447673E-012  5.8697336534822202E-004  7.3704400740944302E-016  2.4782456892074137E-015  8.0478493918315140E-007  2.0629128272699979E-004  1.5426935031967437E+001  3.5728315693517235E-012  1.2013332102310884E-011  3.9012067235464232E-003
  8.7120000000000005E+001  4.7721702557937475E-012 -4.7599868289353501E-012  5.8690843578988749E-004  7.5689392724213955E-016  2.4852871393521089E-015  8.1848582369846825E-007  2.0629128272699979E-004  1.5426935031967437E+001  3.6690543450621717E-012  1.2047465634528395E-011  3.9676219609404350E-003
  8.7200000000000003E+001  4.7721089085425221E-012 -4.7601859294870637E-012  5.8684240761643026E-004  7.7683345544356131E-016  2.4921307499066561E-015  8.3224875503396792E-007  2.0629128272699979E-004  1.5426935031967437E+001  3.7657114986606344E-012  1.2080640136439545E-011  4.0343379712033797E-003
  8.7280000000000001E+001  4.7720459624408765E-012 -4.7603855698553352E-012  5.8677527598908206E-004  7.9687150792918056E-016  2.4987895375960085E-015  8.4607059081735596E-007  2.0629128272699979E-004  1.5426935031967437E+001  3.8628462501701416E-012  1.2112918706793730E-011  4.1013395216393054E-003
  8.7359999999999999E+001  4.7719814091012534E-012 -4.7605857358130790E-012  5.8670703632189949E-004  8.1702387162577064E-016  2.5052773248434719E-015  8.5994815340385312E-007  2.0629128272699979E-004  1.5426935031967437E+001  3.9605351269645221E-012  1.2144368350043148E-011  4.1686112085616619E-003
  8.7439999999999998E+001  4.7719152386214164E-012 -4.7607864142273101E-012  5.8663768428453744E-004  8.3731139855801032E-016  2.5116067686584754E-015  8.7387823109998856E-007  2.0629128272699979E-004  1.5426935031967437E+001  4.0588792094934050E-012  1.2175050421223875E-011  4.2361374632422493E-003
  8.7519999999999996E+001  4.7718474392774842E-012 -4.7609875928960644E-012  5.8656721580492349E-004  8.5775693210308475E-016  2.5177881993878808E-015  8.8785757940704419E-007  2.0629128272699979E-004  1.5426935031967437E+001  4.1579892313502689E-012  1.2205014996798269E-011  4.3039025579296678E-003
  8.7600000000000009E+001  4.7717779975122799E-012 -4.7611892603392122E-012  5.8649562707183231E-004  8.7838166409413404E-016  2.5238295399921618E-015  9.0188292227737395E-007  2.0629128272699979E-004  1.5426935031967437E+001  4.2579679203019492E-012  1.2234300483418598E-011  4.3718906119307099E-003
  8.7680000000000007E+001  4.7717068982112291E-012 -4.7613914056224631E-012  5.8642291453735911E-004  8.9920185590538568E-016  2.5297372295856915E-015  9.1595095337817698E-007  2.0629128272699979E-004  1.5426935031967437E+001  4.3588941036037001E-012  1.2262938094833736E-011  4.4400855977518930E-003
  8.7760000000000005E+001  4.7716341252153350E-012 -4.7615940182959459E-012  5.8634907491929181E-004  9.2022663896153816E-016  2.5355179232363557E-015  9.3005833737221143E-007  2.0629128272699979E-004  1.5426935031967437E+001  4.4608120459449912E-012  1.2290960091579715E-011  4.5084713473011913E-003
  8.7840000000000003E+001  4.7715596619489952E-012 -4.7617970884901809E-012  5.8627410520337955E-004  9.4145739296390641E-016  2.5411804441400713E-015  9.4420171121273842E-007  2.0629128272699979E-004  1.5426935031967437E+001  4.5637284354402507E-012  1.2318409244172358E-011  4.5770315581511083E-003
  8.7920000000000002E+001  4.7714834920324608E-012 -4.7620006071670083E-012  5.8619800264549777E-004  9.6288875069474229E-016  2.5467373836780889E-015  9.5837768544253178E-007  2.0629128272699979E-004  1.5426935031967437E+001  4.6676172544071241E-012  1.2345346589582475E-011  4.6457497998633511E-003
  8.8000000000000000E+001  4.7714055997488841E-012 -4.7622045664715694E-012  5.8612076477370875E-004  9.8451083638291630E-016  2.5522058179197892E-015  9.7258284551457182E-007  2.0629128272699979E-004  1.5426935031967437E+001  4.7724306299664474E-012  1.2371854904304362E-011  4.7146095203729858E-003
  8.8079999999999998E+001  4.7713259702986395E-012 -4.7624089600978755E-012  5.8604238939021544E-004  1.0063119654964310E-015  2.5576066452370069E-015  9.8681375312019296E-007  2.0629128272699979E-004  1.5426935031967437E+001  4.8781119211530342E-012  1.2398035493443374E-011  4.7835940524270336E-003
  8.8159999999999997E+001  4.7712445898344047E-012 -4.7626137835348074E-012  5.8596287457320952E-004  1.0282810937049342E-015  2.5629624827944361E-015  1.0010669475260406E-006  2.0629128272699979E-004  1.5426935031967437E+001  4.9846075903522257E-012  1.2423997994063037E-011  4.8526866200698402E-003
  8.8239999999999995E+001  4.7711614453236468E-012 -4.7628190340951226E-012  5.8588221867861127E-004  1.0504092034018410E-015  2.5682944539344199E-015  1.0153389469198370E-006  2.0629128272699979E-004  1.5426935031967437E+001  5.0918739246531476E-012  1.2449844801905820E-011  4.9218703451657242E-003
  8.8320000000000007E+001  4.7710765243618604E-012 -4.7630247106474369E-012  5.8580042034170234E-004  1.0726891703729567E-015  2.5736184806821569E-015  1.0296262497615683E-006  2.0629128272699979E-004  1.5426935031967437E+001  5.1998763893304188E-012  1.2475653099173545E-011  4.9911282539484986E-003
  8.8400000000000006E+001  4.7709898150563871E-012 -4.7632308130520317E-012  5.8571747847864942E-004  1.0951141263080401E-015  2.5789419930067557E-015  1.0439253361380595E-006  2.0629128272699979E-004  1.5426935031967437E+001  5.3085816901064119E-012  1.2501458902726078E-011  5.0604432835872921E-003
  8.8480000000000004E+001  4.7709013061016511E-012 -4.7634373413663179E-012  5.8563339228792026E-004  1.1176746322553816E-015  2.5842618146740083E-015  1.0582326691182273E-006  2.0629128272699979E-004  1.5426935031967437E+001  5.4179440715287291E-012  1.2527246815820916E-011  5.1297982887585167E-003
  8.8560000000000002E+001  4.7708109871152262E-012 -4.7636442949423796E-012  5.8554816125159050E-004  1.1403554985859174E-015  2.5895638017032338E-015  1.0725446961096880E-006  2.0629128272699979E-004  1.5426935031967437E+001  5.5278899016632455E-012  1.2552948275249404E-011  5.1991760482148633E-003
  8.8640000000000001E+001  4.7707188492218773E-012 -4.7638516715745905E-012  5.8546178513654271E-004  1.1631332169114571E-015  2.5948242411981541E-015  1.0868578502085894E-006  2.0629128272699979E-004  1.5426935031967437E+001  5.6383052232772365E-012  1.2578448332351222E-011  5.2685592713438405E-003
  8.8719999999999999E+001  4.7706248858005204E-012 -4.7640594668209713E-012  5.8537426399555713E-004  1.1859749486514073E-015  2.6000127544307561E-015  1.1011685515535078E-006  2.0629128272699979E-004  1.5426935031967437E+001  5.7490308508337123E-012  1.2603599725875768E-011  5.3379306047105978E-003
  8.8799999999999997E+001  4.7705290932300931E-012 -4.7642676736152994E-012  5.8528559816829414E-004  1.2088395368901393E-015  2.6050959329978154E-015  1.1154732086678261E-006  2.0629128272699979E-004  1.5426935031967437E+001  5.8598672755901940E-012  1.2628240508092786E-011  5.4072726385822004E-003
  8.8879999999999995E+001  4.7704314714746180E-012 -4.7644762821702509E-012  5.8519578828217028E-004  1.2316804616342187E-015  2.6100408406615450E-015  1.1297682198034673E-006  2.0629128272699979E-004  1.5426935031967437E+001  5.9705889912172351E-012  1.2652211020067981E-011  5.4765679134325699E-003
  8.8960000000000008E+001  4.7703320243562316E-012 -4.7646852801498052E-012  5.8510483525312559E-004  1.2544501812030047E-015  2.6148176503311100E-015  1.1440499742792056E-006  2.0629128272699979E-004  1.5426935031967437E+001  6.0809655387297877E-012  1.2675366674567259E-011  5.5457989264282807E-003
  8.9040000000000006E+001  4.7702307594456255E-012 -4.7648946529943039E-012  5.8501274028628560E-004  1.2771047718465381E-015  2.6194007912910511E-015  1.1583148538122029E-006  2.0629128272699979E-004  1.5426935031967437E+001  6.1907839970992669E-012  1.2697583517185653E-011  5.6149481378949904E-003
  8.9120000000000005E+001  4.7701276875927362E-012 -4.7651043842764118E-012  5.8491950487651564E-004  1.2996076702783806E-015  2.6237684252865726E-015  1.1725592338502223E-006  2.0629128272699979E-004  1.5426935031967437E+001  6.2998671252461487E-012  1.2718755686621311E-011  5.6839979777625659E-003
  8.9200000000000003E+001  4.7700228222183809E-012 -4.7653144559423498E-012  5.8482513080886957E-004  1.3219316812344792E-015  2.6279005506219425E-015  1.1867794848957093E-006  2.0629128272699979E-004  1.5426935031967437E+001  6.4080830937683966E-012  1.2738786224405662E-011  5.7529308519845461E-003
  8.9280000000000001E+001  4.7699161785237387E-012 -4.7655248483645113E-012  5.8472962015893232E-004  1.3440588267186922E-015  2.6317764340534775E-015  1.2009719738210653E-006  2.0629128272699979E-004  1.5426935031967437E+001  6.5153447540185386E-012  1.2757574625838071E-011  5.8217291489252396E-003
  8.9359999999999999E+001  4.7698077728061060E-012 -4.7657355401717983E-012  5.8463297529305820E-004  1.3659782855687865E-015  2.6353721960623303E-015  1.2151330651798543E-006  2.0629128272699979E-004  1.5426935031967437E+001  6.6215996502977266E-012  1.2775005134585327E-011  5.8903752457060057E-003
  8.9439999999999998E+001  4.7696976219980477E-012 -4.7659465079158813E-012  5.8453519886850355E-004  1.3876832133397719E-015  2.6386594255390092E-015  1.2292591225064901E-006  2.0629128272699979E-004  1.5426935031967437E+001  6.7268146040669154E-012  1.2790940027414465E-011  5.9588515145012335E-003
  8.9519999999999996E+001  4.7695857434919716E-012 -4.7661577256798846E-012  5.8443629383345716E-004  1.4091673363231056E-015  2.6416053994123523E-015  1.2433465095983056E-006  2.0629128272699979E-004  1.5426935031967437E+001  6.8309592034049720E-012  1.2805220678706136E-011  6.0271403287738765E-003
  8.9600000000000009E+001  4.7694721552242360E-012 -4.7663691647797873E-012  5.8433626342696782E-004  1.4304223932897090E-015  2.6441751558517161E-015  1.2573915917928784E-006  2.0629128272699979E-004  1.5426935031967437E+001  6.9339934018741105E-012  1.2817677610486716E-011  6.0952240694397706E-003
  8.9680000000000007E+001  4.7693568759090452E-012 -4.7665807937048208E-012  5.8423511117877030E-004  1.4514371887912484E-015  2.6463349673350279E-015  1.2713907372196068E-006  2.0629128272699979E-004  1.5426935031967437E+001  7.0358629293581290E-012  1.2828147328155557E-011  6.1630851309492571E-003
  8.9760000000000005E+001  4.7692399252740294E-012 -4.7667925783745609E-012  5.8413284090901268E-004  1.4721984203104554E-015  2.6480565438662954E-015  1.2853403180323119E-006  2.0629128272699979E-004  1.5426935031967437E+001  7.1365033017783438E-012  1.2836492695499881E-011  6.2307059272741824E-003
  8.9840000000000003E+001  4.7691213241617956E-012 -4.7670044827518394E-012  5.8402945672788513E-004  1.4926930742020897E-015  2.6493208832075235E-015  1.2992367116276100E-006  2.0629128272699979E-004  1.5426935031967437E+001  7.2358514352680411E-012  1.2842621598868757E-011  6.2980688977888419E-003
  8.9920000000000002E+001  4.7690010943821570E-012 -4.7672164697158741E-012  5.8392496303515226E-004  1.5129117429780012E-015  2.6501208655419439E-015  1.3130763018321138E-006  2.0629128272699979E-004  1.5426935031967437E+001  7.3338617268683613E-012  1.2846499524882034E-011  6.3651565130352908E-003
  9.0000000000000000E+001  4.7688792582829191E-012 -4.7674285020903262E-012  5.8381936451959199E-004  1.5328517169905952E-015  2.6504620854307067E-015  1.3268554800645619E-006  2.0629128272699979E-004  1.5426935031967437E+001  7.4305210415502942E-012  1.2848153593268399E-011  6.4319512803666509E-003
  9.0079999999999998E+001  4.7687558381074385E-012 -4.7676405436495430E-012  5.8371266615834193E-004  1.5525189531772158E-015  2.6503616037970633E-015  1.3405706464762637E-006  2.0629128272699979E-004  1.5426935031967437E+001  7.5258582556483162E-012  1.2847666507077490E-011  6.4984357494658846E-003
  9.0159999999999997E+001  4.7686308552504107E-012 -4.7678525599469337E-012  5.8360487321615579E-004  1.5719281498012463E-015  2.6498450254807022E-015  1.3542182110651171E-006  2.0629128272699979E-004  1.5426935031967437E+001  7.6199446191947283E-012  1.2845162386163018E-011  6.5645925177409839E-003
  9.0239999999999995E+001  4.7685043296034703E-012 -4.7680645188536199E-012  5.8349599124457151E-004  1.5911006365054093E-015  2.6489426769453928E-015  1.3677945947611662E-006  2.0629128272699979E-004  1.5426935031967437E+001  7.7128835279428612E-012  1.2840788238491404E-011  6.6304042355997145E-003
  9.0320000000000007E+001  4.7683762791485699E-012 -4.7682763907752449E-012  5.8338602608099400E-004  1.6100604787070955E-015  2.6476857026266704E-015  1.3812962304911519E-006  2.0629128272699979E-004  1.5426935031967437E+001  7.8047916393761252E-012  1.2834695037147150E-011  6.6958536116077053E-003
  9.0400000000000006E+001  4.7682467199268772E-012 -4.7684881485660402E-012  5.8327498384769293E-004  1.6288296893565571E-015  2.6461028800845292E-015  1.3947195642220571E-006  2.0629128272699979E-004  1.5426935031967437E+001  7.8957756616009359E-012  1.2827022281808403E-011  6.7609234175331464E-003
  9.0480000000000004E+001  4.7681156663982728E-012 -4.7686997672360585E-012  5.8316287095071847E-004  1.6474237923781281E-015  2.6442188421558050E-015  1.4080610559761902E-006  2.0629128272699979E-004  1.5426935031967437E+001  7.9859108470421471E-012  1.2817889380486622E-011  6.8255964932804804E-003
  9.0560000000000002E+001  4.7679831321200967E-012 -4.7689112235807851E-012  5.8304969407873674E-004  1.6658487864064470E-015  2.6420539578147209E-015  1.4213171808252637E-006  2.0629128272699979E-004  1.5426935031967437E+001  8.0752262741777057E-012  1.2807395072098580E-011  6.8898557517150126E-003
  9.0640000000000001E+001  4.7678491305924478E-012 -4.7691224958693088E-012  5.8293546020178643E-004  1.6841002645287580E-015  2.6396256638205826E-015  1.4344844298675309E-006  2.0629128272699979E-004  1.5426935031967437E+001  8.1637005804050085E-012  1.2795623881585233E-011  6.9536841833807636E-003
  9.0719999999999999E+001  4.7677136760777721E-012 -4.7693335636869964E-012  5.8282017656995793E-004  1.7021646969601213E-015  2.6369506881746203E-015  1.4475593111778183E-006  2.0629128272699979E-004  1.5426935031967437E+001  8.2512681799202852E-012  1.2782656898126147E-011  7.0170648611151036E-003
  9.0799999999999997E+001  4.7675767842409342E-012 -4.7695444079794168E-012  5.8270385071199798E-004  1.7200223684130630E-015  2.6340473384022640E-015  1.4605383507365513E-006  2.0629128272699979E-004  1.5426935031967437E+001  8.3378335025909028E-012  1.2768582867767525E-011  7.0799809445653067E-003
  9.0879999999999995E+001  4.7674384724988260E-012 -4.7697550112611407E-012  5.8258649043384009E-004  1.7376509717338650E-015  2.6309369904277589E-015  1.4734180933479379E-006  2.0629128272699979E-004  1.5426935031967437E+001  8.4232884141529149E-012  1.2753505410629804E-011  7.1424156846137832E-003
  9.0960000000000008E+001  4.7672987600854567E-012 -4.7699653578978852E-012  5.8246810381706231E-004  1.7550288100063620E-015  2.6276443569837732E-015  1.4861951035317249E-006  2.0629128272699979E-004  1.5426935031967437E+001  8.5075277385076931E-012  1.2737544322015517E-011  7.2043524277199235E-003
  9.1040000000000006E+001  4.7671576678892250E-012 -4.7701754343582581E-012  5.8234869921727501E-004  1.7721367398255847E-015  2.6241962339915125E-015  1.4988659664041124E-006  2.0629128272699979E-004  1.5426935031967437E+001  8.5904586776719567E-012  1.2720829495559012E-011  7.2657746201869947E-003
  9.1120000000000005E+001  4.7670152182070847E-012 -4.7703852292953239E-012  5.8222828526243765E-004  1.7889583413433537E-015  2.6206189024239784E-015  1.5114272885451152E-006  2.0629128272699979E-004  1.5426935031967437E+001  8.6720016362081151E-012  1.2703488328649641E-011  7.3266658123620678E-003
  9.1200000000000003E+001  4.7668714345546101E-012 -4.7705947333826460E-012  5.8210687085110779E-004  1.8054784650779456E-015  2.6169348819956686E-015  1.5238756988510170E-006  2.0629128272699979E-004  1.5426935031967437E+001  8.7520831768239415E-012  1.2685629985917361E-011  7.3870096627753597E-003
  9.1280000000000001E+001  4.7667263416526722E-012 -4.7708039388764432E-012  5.8198446515062149E-004  1.8216806769135272E-015  2.6131597168812921E-015  1.5362078493793706E-006  2.0629128272699979E-004  1.5426935031967437E+001  8.8306236348585476E-012  1.2667329818015242E-011  7.4467899422225878E-003
  9.1359999999999999E+001  4.7665799656463039E-012 -4.7710128389373470E-012  5.8186107759520709E-004  1.8375444136368636E-015  2.6092996029029459E-015  1.5484204161770568E-006  2.0629128272699979E-004  1.5426935031967437E+001  8.9075233298408684E-012  1.2648617859245837E-011  7.5059905377903519E-003
  9.1439999999999998E+001  4.7664323345464903E-012 -4.7712214268129076E-012  5.8173671788403316E-004  1.8530428799275456E-015  2.6053503377468385E-015  1.5605101000981799E-006  2.0629128272699979E-004  1.5426935031967437E+001  8.9826523710955230E-012  1.2629473738835693E-011  7.5645954568210666E-003
  9.1519999999999996E+001  4.7662834787855155E-012 -4.7714296949913865E-012  5.8161139597919138E-004  1.8681424084441209E-015  2.6012978224011469E-015  1.5724736276084101E-006  2.0629128272699979E-004  1.5426935031967437E+001  9.0558475556822892E-012  1.2609829111638824E-011  7.6225888308117306E-003
  9.1600000000000009E+001  4.7661334317611392E-012 -4.7716376344644918E-012  5.8148512210361581E-004  1.8828037208049985E-015  2.5971200558002819E-015  1.5843077515750956E-006  2.0629128272699979E-004  1.5426935031967437E+001  9.1269184810802646E-012  1.2589577327129489E-011  7.6799549192409838E-003
  9.1680000000000007E+001  4.7659822301901867E-012 -4.7718452342003145E-012  5.8135790673893937E-004  1.8969850234724397E-015  2.5927901547056019E-015  1.5960092520424674E-006  2.0629128272699979E-004  1.5426935031967437E+001  9.1956625524683860E-012  1.2568588068435445E-011  7.7366781133219762E-003
  9.1760000000000005E+001  4.7658299141573836E-012 -4.7720524808892447E-012  5.8122976062328902E-004  1.9106462630576078E-015  2.5882798524310078E-015  1.6075749369892254E-006  2.0629128272699979E-004  1.5426935031967437E+001  9.2618856104924404E-012  1.2546724312407125E-011  7.7927429396840798E-003
  9.1840000000000003E+001  4.7656765267880975E-012 -4.7722593589767035E-012  5.8110069474902109E-004  1.9237535901474293E-015  2.5835628069444017E-015  1.6190016430746052E-006  2.0629128272699979E-004  1.5426935031967437E+001  9.3254235696289714E-012  1.2523858365652926E-011  7.8481340639930518E-003
  9.1920000000000002E+001  4.7655221135829600E-012 -4.7724658509383558E-012  5.8097072036039708E-004  1.9362829868631650E-015  2.5786170385665291E-015  1.6302862363790234E-006  2.0629128272699979E-004  1.5426935031967437E+001  9.3861600028377264E-012  1.2499883681366604E-011  7.9028362945249703E-003
  9.2000000000000000E+001  4.7653667215101994E-012 -4.7726719377028741E-012  5.8083984895120045E-004  1.9482220922971665E-015  2.5734262281457276E-015  1.6414256131332041E-006  2.0629128272699979E-004  1.5426935031967437E+001  9.4440349904634054E-012  1.2474721152202323E-011  7.9568345857124450E-003
  9.2079999999999998E+001  4.7652103980481925E-012 -4.7728775991348591E-012  5.8070809226229577E-004  1.9595698702168946E-015  2.5679796958583947E-015  1.6524167004479818E-006  2.0629128272699979E-004  1.5426935031967437E+001  9.4990435093320900E-012  1.2448319007531446E-011  8.0101140416812787E-003
  9.2159999999999997E+001  4.7650531903309647E-012 -4.7730828144542115E-012  5.8057546227912877E-004  1.9703343967051424E-015  2.5622712079161359E-015  1.6632564570461385E-006  2.0629128272699979E-004  1.5426935031967437E+001  9.5512247083880424E-012  1.2420647029003081E-011  8.0626599197922231E-003
  9.2239999999999995E+001  4.7648951445447197E-012 -4.7732875625281257E-012  5.8044197122916839E-004  1.9805294758180093E-015  2.5562972860709235E-015  1.6739418739928843E-006  2.0629128272699979E-004  1.5426935031967437E+001  9.6006455030006903E-012  1.2391688355792709E-011  8.1144576341966312E-003
  9.2320000000000007E+001  4.7647363056148338E-012 -4.7734918220199828E-012  5.8030763157928991E-004  1.9901711675114455E-015  2.5500554124049658E-015  1.6844699754365038E-006  2.0629128272699979E-004  1.5426935031967437E+001  9.6473837440133924E-012  1.2361430782240890E-011  8.1654927594083122E-003
  9.2400000000000006E+001  4.7645767171579178E-012 -4.7736955713941105E-012  5.8017245603309855E-004  1.9992751654877982E-015  2.5435427894180689E-015  1.6948378193462903E-006  2.0629128272699979E-004  1.5426935031967437E+001  9.6915155069035057E-012  1.2329860747380254E-011  8.2157510338877471E-003
  9.2480000000000004E+001  4.7644164215883557E-012 -4.7738987888662897E-012  5.8003645752819450E-004  2.0078556628769381E-015  2.5367560449759876E-015  1.7050424982518369E-006  2.0629128272699979E-004  1.5426935031967437E+001  9.7331095930703721E-012  1.2296961904742334E-011  8.2652183636298983E-003
  9.2560000000000002E+001  4.7642554602518575E-012 -4.7741014523613067E-012  5.7989964923337825E-004  2.0159258341709509E-015  2.5296919620105492E-015  1.7150811399823263E-006  2.0629128272699979E-004  1.5426935031967437E+001  9.7722298660651207E-012  1.2262718659584714E-011  8.3138808257431623E-003
  9.2640000000000001E+001  4.7640938734548884E-012 -4.7743035395802114E-012  5.7976204454579733E-004  2.0234996660377693E-015  2.5223492109844193E-015  1.7249509083983679E-006  2.0629128272699979E-004  1.5426935031967437E+001  9.8089441264354717E-012  1.2227124566970477E-011  8.3617246720046178E-003
  9.2719999999999999E+001  4.7639317003052915E-012 -4.7745050282350642E-012  5.7962365708803451E-004  2.0305943349858066E-015  2.5147305420863324E-015  1.7346490041190901E-006  2.0629128272699979E-004  1.5426935031967437E+001  9.8433356375778651E-012  1.2190192958445296E-011  8.4087363323757033E-003
  9.2799999999999997E+001  4.7637689783612906E-012 -4.7747058964669452E-012  5.7948450070513828E-004  2.0372323822118206E-015  2.5068450179876571E-015  1.7441726652363591E-006  2.0629128272699979E-004  1.5426935031967437E+001  9.8755136682784482E-012  1.2151967765421920E-011  8.4549024184630440E-003
  9.2879999999999995E+001  4.7636057431241376E-012 -4.7749061234379422E-012  5.7934458946159670E-004  2.0434428328190956E-015  2.4987096407537858E-015  1.7535191680127338E-006  2.0629128272699979E-004  1.5426935031967437E+001  9.9056189181009079E-012  1.2112531405706932E-011  8.5002097269117182E-003
  9.2960000000000008E+001  4.7634420275080396E-012 -4.7751056900094658E-012  5.7920393763825624E-004  2.0492607599976669E-015  2.4903500467384537E-015  1.7626858275679013E-006  2.0629128272699979E-004  1.5426935031967437E+001  9.9338214048862954E-012  1.2072008151883501E-011  8.5446452427225105E-003
  9.3040000000000006E+001  4.7632778614025380E-012 -4.7753045794454203E-012  5.7906255972918583E-004  2.0547252070258566E-015  2.4817999323788276E-015  1.7716699985447838E-006  2.0629128272699979E-004  1.5426935031967437E+001  9.9603103915109558E-012  1.2030561347895853E-011  8.5881961424901457E-003
  9.3120000000000005E+001  4.7631132714749155E-012 -4.7755027779986464E-012  5.7892047043848907E-004  2.0598757558338834E-015  2.4730990792260628E-015  1.7804690757634476E-006  2.0629128272699979E-004  1.5426935031967437E+001  9.9852777519363316E-012  1.1988383835413594E-011  8.6308497975647255E-003
  9.3200000000000003E+001  4.7629482812816046E-012 -4.7757002752980965E-012  5.7877768467706368E-004  2.0647484444909060E-015  2.4642903815275096E-015  1.7890804948573948E-006  2.0629128272699979E-004  1.5426935031967437E+001  1.0008898181214000E-011  1.1945683544912824E-011  8.6725937771426325E-003
  9.3280000000000001E+001  4.7627829117237969E-012 -4.7758970644596908E-012  5.7863421755931189E-004  2.0693720333761594E-015  2.4554163397362032E-015  1.7975017328976568E-006  2.0629128272699979E-004  1.5426935031967437E+001  1.0031311095726768E-011  1.1902666497961061E-011  8.7134158512950990E-003
  9.3359999999999999E+001  4.7626171817562644E-012 -4.7760931419124543E-012  5.7849008439980005E-004  2.0737654745939502E-015  2.4465157115855372E-015  1.8057303090101120E-006  2.0629128272699979E-004  1.5426935031967437E+001  1.0052608366091111E-011  1.1859520573257326E-011  8.7533039939427047E-003
  9.3439999999999998E+001  4.7624511092478619E-012 -4.7762885069735445E-012  5.7834530070987027E-004  2.0779370507899840E-015  2.4376208522724347E-015  1.8137637849751850E-006  2.0629128272699979E-004  1.5426935031967437E+001  1.0072830142522035E-011  1.1816402613104157E-011  8.7922463857826611E-003
  9.3519999999999996E+001  4.7622847118281380E-012 -4.7764831612488179E-012  5.7819988219420403E-004  2.0818853675661515E-015  2.4287563506291768E-015  1.8215997658248360E-006  2.0629128272699979E-004  1.5426935031967437E+001  1.0091969665631368E-011  1.1773431812173648E-011  8.8302314171738033E-003
  9.3600000000000009E+001  4.7621180075890513E-012 -4.7766771079896452E-012  5.7805384474733830E-004  2.0856017643404297E-015  2.4199390943072947E-015  1.8292359004300619E-006  2.0629128272699979E-004  1.5426935031967437E+001  1.0109984953158427E-011  1.1730690033612625E-011  8.8672476909821517E-003
  9.3680000000000007E+001  4.7619510155458435E-012 -4.7768703515039071E-012  5.7790720445013522E-004  2.0890733242866860E-015  2.4111795419918532E-015  1.8366698820795901E-006  2.0629128272699979E-004  1.5426935031967437E+001  1.0126813390625763E-011  1.1688227976084982E-011  8.9032840253878854E-003
  9.3760000000000005E+001  4.7617837558571654E-012 -4.7770628967163639E-012  5.7775997756620557E-004  2.0922856828360109E-015  2.4024838848702336E-015  1.8438994490497618E-006  2.0629128272699979E-004  1.5426935031967437E+001  1.0142385345516525E-011  1.1646075651436232E-011  8.9383294566525561E-003
  9.3840000000000003E+001  4.7616162498365897E-012 -4.7772547489254863E-012  5.7761218053828725E-004  2.0952248477012578E-015  2.3938563503331688E-015  1.8509223851656065E-006  2.0629128272699979E-004  1.5426935031967437E+001  1.0156632990022334E-011  1.1604253551990937E-011  8.9723732418433878E-003
  9.3920000000000002E+001  4.7614485198815332E-012 -4.7774459137324172E-012  5.7746382998457907E-004  2.0978777181216990E-015  2.3853010440369012E-015  1.8577365203564962E-006  2.0629128272699979E-004  1.5426935031967437E+001  1.0169492818058788E-011  1.1562781580016704E-011  9.0054048615100767E-003
  9.4000000000000000E+001  4.7612805894016903E-012 -4.7776363970925322E-012  5.7731494269503021E-004  2.1002314105421994E-015  2.3768228945975643E-015  1.8643397311968906E-006  2.0629128272699979E-004  1.5426935031967437E+001  1.0180902376402180E-011  1.1521683627047819E-011  9.0374140223091724E-003
  9.4079999999999998E+001  4.7611124828558465E-012 -4.7778262053955528E-012  5.7716553562758757E-004  2.1022717000462113E-015  2.3684274241626638E-015  1.8707299414321755E-006  2.0629128272699979E-004  1.5426935031967437E+001  1.0190792709500705E-011  1.1480986461749813E-011  9.0683906595724235E-003
  9.4159999999999997E+001  4.7609442259296829E-012 -4.7780153454803982E-012  5.7701562590440107E-004  2.1039813146643165E-015  2.3601193653725651E-015  1.8769051225011127E-006  2.0629128272699979E-004  1.5426935031967437E+001  1.0199080091258333E-011  1.1440713025659955E-011  9.0983249398184397E-003
  9.4239999999999995E+001  4.7607758458455002E-012 -4.7782038244940124E-012  5.7686523080798739E-004  2.1053386627106080E-015  2.3519005115188895E-015  1.8828632940427043E-006  2.0629128272699979E-004  1.5426935031967437E+001  1.0205659855698575E-011  1.1400872011780756E-011  9.1272072632109773E-003
  9.4320000000000007E+001  4.7606073717436492E-012 -4.7783916495622413E-012  5.7671436777735423E-004  2.1063174983107147E-015  2.3437674756595259E-015  1.8886025243895050E-006  2.0629128272699979E-004  1.5426935031967437E+001  1.0210404775536375E-011  1.1361447001893158E-011  9.1550282659711244E-003
  9.4400000000000006E+001  4.7604388350457705E-012 -4.7785788272901179E-012  5.7656305440408507E-004  2.1068877763099282E-015  2.3357099615415496E-015  1.8941209310616115E-006  2.0629128272699979E-004  1.5426935031967437E+001  1.0213169206451810E-011  1.1322388084780264E-011  9.1817788227537278E-003
  9.4480000000000004E+001  4.7602702696994396E-012 -4.7787653631560879E-012  5.7641130842838438E-004  2.1070177016858720E-015  2.3277102803690134E-015  1.8994166812525207E-006  2.0629128272699979E-004  1.5426935031967437E+001  1.0213799021623311E-011  1.1283609513698130E-011  9.2074500489999940E-003
  9.4560000000000002E+001  4.7601017122135007E-012 -4.7789512609349770E-012  5.7625914773508466E-004  2.1066765187940545E-015  2.3197444345892836E-015  1.9044879923109219E-006  2.0629128272699979E-004  1.5426935031967437E+001  1.0212145132603387E-011  1.1244994960163490E-011  9.2320333032782712E-003
  9.4640000000000001E+001  4.7599332014564325E-012 -4.7791365222656222E-012  5.7610659034961463E-004  2.1058375716029211E-015  2.3117846835968703E-015  1.9093331322231669E-006  2.0629128272699979E-004  1.5426935031967437E+001  1.0208078323863406E-011  1.1206409951213341E-011  9.2555201896240107E-003
  9.4719999999999999E+001  4.7597647782020443E-012 -4.7793211464843525E-012  5.7595365443392896E-004  2.1044810084240054E-015  2.3038032096924850E-015  1.9139504200957401E-006  2.0629128272699979E-004  1.5426935031967437E+001  1.0201502364069288E-011  1.1167719640116023E-011  9.2779025598881959E-003
  9.4799999999999997E+001  4.7595964844950847E-012 -4.7795051307791730E-012  5.7580035828239931E-004  2.1025955633643260E-015  2.2957761239515340E-015  1.9183382266458595E-006  2.0629128272699979E-004  1.5426935031967437E+001  1.0192362641668984E-011  1.1128808224969203E-011  9.2991725161015865E-003
  9.4879999999999995E+001  4.7594283629119060E-012 -4.7796884706641847E-012  5.7564672031766562E-004  2.1001791107302575E-015  2.2876869069854758E-015  1.9224949746947894E-006  2.0629128272699979E-004  1.5426935031967437E+001  1.0180648852315953E-011  1.1089595627810109E-011  9.3193224128601381E-003
  9.4960000000000008E+001  4.7592604558373679E-012 -4.7798711606842907E-012  5.7549275908644814E-004  2.0972379844816455E-015  2.2795286186510262E-015  1.9264191396611515E-006  2.0629128272699979E-004  1.5426935031967437E+001  1.0166391699942485E-011  1.1050048206211752E-011  9.3383448597349570E-003
  9.5040000000000006E+001  4.7590928048343889E-012 -4.7800531952431689E-012  5.7533849325531984E-004  2.0937854755035312E-015  2.2713045040720381E-015  1.9301092500657575E-006  2.0629128272699979E-004  1.5426935031967437E+001  1.0149655612317141E-011  1.1010181690913645E-011  9.3562327237082278E-003
  9.5120000000000005E+001  4.7589254501612873E-012 -4.7802345694049422E-012  5.7518394160643762E-004  2.0898399510677762E-015  2.2630268674944900E-015  1.9335638880384730E-006  2.0629128272699979E-004  1.5426935031967437E+001  1.0130529625093589E-011  1.0970055726949202E-011  9.3729791316345765E-003
  9.5200000000000003E+001  4.7587584304422181E-012 -4.7804152795419680E-012  5.7502912303323368E-004  2.0854231119730035E-015  2.2547146960506372E-015  1.9367816898305029E-006  2.0629128272699979E-004  1.5426935031967437E+001  1.0109118933217255E-011  1.0929762354730495E-011  9.3885774727251632E-003
  9.5280000000000001E+001  4.7585917824633716E-012 -4.7805953237563103E-012  5.7487405653606474E-004  2.0805587864229744E-015  2.2463906303968204E-015  1.9397613463320985E-006  2.0629128272699979E-004  1.5426935031967437E+001  1.0085539044228952E-011  1.0889411325122125E-011  9.4030214010493527E-003
  9.5359999999999999E+001  4.7584255410363904E-012 -4.7807747020428315E-012  5.7471876121782054E-004  2.0752723931417394E-015  2.2380780740898200E-015  1.9425016035889086E-006  2.0629128272699979E-004  1.5426935031967437E+001  1.0059913175734822E-011  1.0849116087232414E-011  9.4163048380459316E-003
  9.5439999999999998E+001  4.7582597388804689E-012 -4.7809534162481647E-012  5.7456325627949052E-004  2.0695910047803854E-015  2.2297992237519505E-015  1.9450012633210408E-006  2.0629128272699979E-004  1.5426935031967437E+001  1.0032372562812151E-011  1.0808984239548736E-011  9.4284219750328351E-003
  9.5519999999999996E+001  4.7580944064756255E-012 -4.7811314699186318E-012  5.7440756101568918E-004  2.0635437555246206E-015  2.2215743773069420E-015  1.9472591834360253E-006  2.0629128272699979E-004  1.5426935031967437E+001  1.0003058433901963E-011  1.0769114176520263E-011  9.4393672757015629E-003
  9.5600000000000009E+001  4.7579295718795850E-012 -4.7813088681485338E-012  5.7425169481014075E-004  2.0571622956755553E-015  2.2134226912510686E-015  1.9492742785377120E-006  2.0629128272699979E-004  1.5426935031967437E+001  9.9721242142786275E-012  1.0729598759531010E-011  9.4491354785806291E-003
  9.5680000000000007E+001  4.7577652605083174E-012 -4.7814856175492320E-012  5.7409567713112314E-004  2.0504811781940701E-015  2.2053641493016065E-015  1.9510455204256811E-006  2.0629128272699979E-004  1.5426935031967437E+001  9.9397373998887914E-012  1.0690534859987111E-011  9.4577215994520267E-003
  9.5760000000000005E+001  4.7576014948910739E-012 -4.7816617264124220E-012  5.7393952752687264E-004  2.0435378945517042E-015  2.1974219686674575E-015  1.9525719385804236E-006  2.0629128272699979E-004  1.5426935031967437E+001  9.9060797312183682E-012  1.0652035023600489E-011  9.4651209337060487E-003
  9.5840000000000003E+001  4.7574382944451892E-012 -4.7818372050642188E-012  5.7378326562095028E-004  2.0363724377496764E-015  2.1896246483662480E-015  1.9538526206329366E-006  2.0629128272699979E-004  1.5426935031967437E+001  9.8713450749490984E-012  1.0614237399768344E-011  9.4713290586227183E-003
  9.5920000000000002E+001  4.7572756753010340E-012 -4.7820120663561606E-012  5.7362691110757137E-004  2.0290264706095800E-015  2.1820069941629041E-015  1.9548867128194101E-006  2.0629128272699979E-004  1.5426935031967437E+001  9.8357353921532488E-012  1.0577310709959722E-011  9.4763418355719095E-003
  9.6000000000000000E+001  4.7571136502098916E-012 -4.7821863261832848E-012  5.7347048374689917E-004  2.0215421077115608E-015  2.1746095431530503E-015  1.9556734204189742E-006  2.0629128272699979E-004  1.5426935031967437E+001  9.7994548338885765E-012  1.0541451458364498E-011  9.4801554121282713E-003
  9.6079999999999998E+001  4.7569522285638001E-012 -4.7823600038830651E-012  5.7331400336030434E-004  2.0139604713825363E-015  2.1674762671251196E-015  1.9562120081697610E-006  2.0629128272699979E-004  1.5426935031967437E+001  9.7627027412804048E-012  1.0506872798873791E-011  9.4827662241006826E-003
  9.6159999999999997E+001  4.7567914165344704E-012 -4.7825331223860249E-012  5.7315748982559201E-004  2.0063202149485818E-015  2.1606511458647011E-015  1.9565018006720931E-006  2.0629128272699979E-004  1.5426935031967437E+001  9.7256664868766319E-012  1.0473787924068673E-011  9.4841709974786605E-003
  9.6240000000000009E+001  4.7566312173294084E-012 -4.7827057080664035E-012  5.7300096307219680E-004  1.9986561383635585E-015  2.1541742148730526E-015  1.9565421827726971E-006  2.0629128272699979E-004  1.5426935031967437E+001  9.6885147639131292E-012  1.0442390906660042E-011  9.4843667502998840E-003
  9.6320000000000007E+001  4.7564716315523323E-012 -4.7828777902604045E-012  5.7284444307634838E-004  1.9909981010704335E-015  2.1480779968632882E-015  1.9563325999360430E-006  2.0629128272699979E-004  1.5426935031967437E+001  9.6513923164875928E-012  1.0412839400987746E-011  9.4833507944436964E-003
  9.6400000000000006E+001  4.7563126576332371E-012 -4.7830494005459016E-012  5.7268794985620704E-004  1.9833704538548213E-015  2.1423851853466915E-015  1.9558725585987430E-006  2.0629128272699979E-004  1.5426935031967437E+001  9.6144171854187414E-012  1.0385243414179612E-011  9.4811207373553079E-003
  9.6480000000000004E+001  4.7561542922797155E-012 -4.7832205718900600E-012  5.7253150346697258E-004  1.9757919372548447E-015  2.1371079367733105E-015  1.9551616265117526E-006  2.0629128272699979E-004  1.5426935031967437E+001  9.5776802157386922E-012  1.0359661874812197E-011  9.4776744837042608E-003
  9.6560000000000002E+001  4.7559965309232763E-012 -4.7833913378157853E-012  5.7237512399596516E-004  1.9682759839132183E-015  2.1322489369911221E-015  1.9541994330717299E-006  2.0629128272699979E-004  1.5426935031967437E+001  9.5412465223824661E-012  1.0336107802537330E-011  9.4730102369787478E-003
  9.6640000000000001E+001  4.7558393681222894E-012 -4.7835617317199786E-012  5.7221883155768110E-004  1.9608314341763264E-015  2.1278037699189135E-015  1.9529856696327440E-006  2.0629128272699979E-004  1.5426935031967437E+001  9.5051589590043635E-012  1.0314559790365370E-011  9.4671265010144463E-003
  9.6719999999999999E+001  4.7556827978938081E-012 -4.7837317864189724E-012  5.7206264628882392E-004  1.9534634825253601E-015  2.1237640307120074E-015  1.9515200898084957E-006  2.0629128272699979E-004  1.5426935031967437E+001  9.4694427059720829E-012  1.0294977095690310E-011  9.4600220814529158E-003
  9.6799999999999997E+001  4.7555268139650853E-012 -4.7839015339648925E-012  5.7190658834331174E-004  1.9461747954414455E-015  2.1201203559019545E-015  1.9498025097575990E-006  2.0629128272699979E-004  1.5426935031967437E+001  9.4341106891050245E-012  1.0277314328920260E-011  9.4516960871207211E-003
  9.6879999999999995E+001  4.7553714099265375E-012 -4.7840710056759167E-012  5.7175067788726270E-004  1.9389666355210740E-015  2.1168645952252689E-015  1.9478328084492102E-006  2.0629128272699979E-004  1.5426935031967437E+001  9.3991690288229578E-012  1.0261531981572451E-011  9.4421479313169885E-003
  9.6960000000000008E+001  4.7552165793034019E-012 -4.7842402323001286E-012  5.7159493509395987E-004  1.9318397087455308E-015  2.1139907245614250E-015  1.9456109279062956E-006  2.0629128272699979E-004  1.5426935031967437E+001  9.3646211473843151E-012  1.0247600851630124E-011  9.4313773329948222E-003
  9.7040000000000006E+001  4.7550623155731382E-012 -4.7844092441918465E-012  5.7143938013879769E-004  1.9247946664589637E-015  2.1114942781095161E-015  1.9431368734224724E-006  2.0629128272699979E-004  1.5426935031967437E+001  9.3304702021991502E-012  1.0235499291084492E-011  9.4193843178217978E-003
  9.7120000000000005E+001  4.7549086121567685E-012 -4.7845780713846261E-012  5.7128403319421227E-004  1.9178320706635522E-015  2.1093706570502784E-015  1.9404107137564871E-006  2.0629128272699979E-004  1.5426935031967437E+001  9.2967189175939626E-012  1.0225205007047333E-011  9.4061692191068844E-003
  9.7200000000000003E+001  4.7547554624418320E-012 -4.7847467434969745E-012  5.7112891442459666E-004  1.9109518524746997E-015  2.1076129685872280E-015  1.9374325812941684E-006  2.0629128272699979E-004  1.5426935031967437E+001  9.2633669596539334E-012  1.0216684586576093E-011  9.3917326785853319E-003
  9.7280000000000001E+001  4.7546028598603725E-012 -4.7849152894596000E-012  5.7097404398120521E-004  1.9041524092804566E-015  2.1062101238906848E-015  1.9342026721764984E-006  2.0629128272699979E-004  1.5426935031967437E+001  9.2304065596595281E-012  1.0209884276483094E-011  9.3760756470584964E-003
  9.7359999999999999E+001  4.7544507980563472E-012 -4.7850837371167971E-012  5.7081944199704842E-004  1.8974296710230333E-015  2.1051458719615199E-015  1.9307212464066777E-006  2.0629128272699979E-004  1.5426935031967437E+001  9.1978179879257901E-012  1.0204725299762841E-011  9.3591993848906509E-003
  9.7439999999999998E+001  4.7542992711130089E-012 -4.7852521127991139E-012  5.7066512858178014E-004  1.8907764783896045E-015  2.1043992516017538E-015  1.9269886279205985E-006  2.0629128272699979E-004  1.5426935031967437E+001  9.1655665396588082E-012  1.0201106046669245E-011  9.3411054623681912E-003
  9.7519999999999996E+001  4.7541482738198048E-012 -4.7854204409970533E-012  5.7051112381658112E-004  1.8841826280588469E-015  2.1039464712006743E-015  1.9230052046342785E-006  2.0629128272699979E-004  1.5426935031967437E+001  9.1336027540662040E-012  1.0198911187073483E-011  9.3217957599273302E-003
  9.7600000000000009E+001  4.7539978018925194E-012 -4.7855887442345060E-012  5.7035744774903865E-004  1.8776357249382979E-015  2.1037637335636959E-015  1.9187714284689330E-006  2.0629128272699979E-004  1.5426935031967437E+001  9.1018665457421325E-012  1.0198025363731641E-011  9.3012724682542056E-003
  9.7680000000000007E+001  4.7538478521038147E-012 -4.7857570431944235E-012  5.7020412038802609E-004  1.8711227285639708E-015  2.1038304555048876E-015  1.9142878153401328E-006  2.0629128272699979E-004  1.5426935031967437E+001  9.0702947008944387E-012  1.0198348799309730E-011  9.2795380882571433E-003
  9.7760000000000005E+001  4.7536984222559492E-012 -4.7859253571073868E-012  5.7005116169858423E-004  1.8646319121562646E-015  2.1041320479392154E-015  1.9095549451259562E-006  2.0629128272699979E-004  1.5426935031967437E+001  9.0388303737742310E-012  1.0199810773026731E-011  9.2565954309058469E-003
  9.7840000000000003E+001  4.7535495109978697E-012 -4.7860937043220938E-012  5.6989859159680594E-004  1.8581547362517041E-015  2.1046615645690180E-015  1.9045734616060018E-006  2.0629128272699979E-004  1.5426935031967437E+001  9.0074321691786516E-012  1.0202377612620014E-011  9.2324476169278174E-003
  9.7920000000000002E+001  4.7534011174981489E-012 -4.7862621029577178E-012  5.6974642994472727E-004  1.8516873068460588E-015  2.1054199593025722E-015  1.8993440723638112E-006  2.0629128272699979E-004  1.5426935031967437E+001  8.9760812108517313E-012  1.0206053942136552E-011  9.2070980763492884E-003
  9.8000000000000000E+001  4.7532532410287743E-012 -4.7864305715155822E-012  5.6959469654522773E-004  1.8452309060894730E-015  2.1064149065574175E-015  1.8938675486594747E-006  2.0629128272699979E-004  1.5426935031967437E+001  8.9447837140834405E-012  1.0210876963429033E-011  9.1805505478665030E-003
  9.8079999999999998E+001  4.7531058805531746E-012 -4.7865991293427670E-012  5.6944341113694175E-004  1.8387915303042760E-015  2.1076585769048430E-015  1.8881447252629352E-006  2.0629128272699979E-004  1.5426935031967437E+001  8.9135687460999921E-012  1.0216905673584546E-011  9.1528090780333190E-003
  9.8159999999999997E+001  4.7529590343839256E-012 -4.7867677968878870E-012  5.6929259338918566E-004  1.8323785493556326E-015  2.1091649180417905E-015  1.8821765002425693E-006  2.0629128272699979E-004  1.5426935031967437E+001  8.8824817274607974E-012  1.0224207684203487E-011  9.1238780202523712E-003
  9.8240000000000009E+001  4.7528126999852777E-012 -4.7869365957296537E-012  5.6914226289690294E-004  1.8260027338833370E-015  2.1109471866180001E-015  1.8759638347164978E-006  2.0629128272699979E-004  1.5426935031967437E+001  8.8515748690238713E-012  1.0232847257093055E-011  9.0937620335592630E-003
  9.8320000000000007E+001  4.7526668739465043E-012 -4.7871055484377459E-012  5.6899243917563102E-004  1.8196742839371486E-015  2.1130162953641544E-015  1.8695077525584961E-006  2.0629128272699979E-004  1.5426935031967437E+001  8.8208976156561197E-012  1.0242877291912807E-011  9.0624660811922716E-003
  9.8400000000000006E+001  4.7525215520998478E-012 -4.7872746783369120E-012  5.6884314165649358E-004  1.8134013036151511E-015  2.1153803143096434E-015  1.8628093400557930E-006  2.0629128272699979E-004  1.5426935031967437E+001  8.7904892521069106E-012  1.0254336908210572E-011  9.0299954289437372E-003
  9.8480000000000004E+001  4.7523767297379259E-012 -4.7874440092880354E-012  5.6869438968122209E-004  1.8071891856664181E-015  2.1180451869874868E-015  1.8558697455235012E-006  2.0629128272699979E-004  1.5426935031967437E+001  8.7603759198220323E-012  1.0267254917356534E-011  8.9963556432932929E-003
  9.8560000000000002E+001  4.7522324018301412E-012 -4.7876135655668299E-012  5.6854620249720982E-004  1.8010411847316204E-015  2.1210162691245693E-015  1.8486901788783905E-006  2.0629128272699979E-004  1.5426935031967437E+001  8.7305733956697854E-012  1.0281657281317104E-011  8.9615525893269061E-003
  9.8640000000000001E+001  4.7520885631483688E-012 -4.7877833718910953E-012  5.6839859925260155E-004  1.7949599976851171E-015  2.1243000740159570E-015  1.8412719111631935E-006  2.0629128272699979E-004  1.5426935031967437E+001  8.7010947528156581E-012  1.0297575573397227E-011  8.9255924284487188E-003
  9.8719999999999999E+001  4.7519452082305115E-012 -4.7879534535786725E-012  5.6825159899142371E-004  1.7889499729705559E-015  2.1279056799032394E-015  1.8336162740377091E-006  2.0629128272699979E-004  1.5426935031967437E+001  8.6719610703973437E-012  1.0315053800494721E-011  8.8884816158947850E-003
  9.8799999999999997E+001  4.7518023311526935E-012 -4.7881238367998799E-012  5.6810522064875552E-004  1.7830192604020876E-015  2.1318452841512087E-015  1.8257246592258587E-006  2.0629128272699979E-004  1.5426935031967437E+001  8.6432118547543043E-012  1.0334151089527375E-011  8.8502268980588366E-003
  9.8879999999999995E+001  4.7516599251488472E-012 -4.7882945488241367E-012  5.6795948304594758E-004  1.7771812127366918E-015  2.1361335543220439E-015  1.8175985179227634E-006  2.0629128272699979E-004  1.5426935031967437E+001  8.6149118336082884E-012  1.0354938541695647E-011  8.8108353096406616E-003
  9.8960000000000008E+001  4.7515179821586557E-012 -4.7884656181685714E-012  5.6781440488588787E-004  1.7714546224384716E-015  2.1407859828310811E-015  1.8092393601781040E-006  2.0629128272699979E-004  1.5426935031967437E+001  8.5871521036687482E-012  1.0377491256692431E-011  8.7703141706277805E-003
  9.9040000000000006E+001  4.7513764924092570E-012 -4.7886370745813897E-012  5.6767000474831908E-004  1.7658626454754790E-015  2.1458166821096141E-015  1.8006487542395009E-006  2.0629128272699979E-004  1.5426935031967437E+001  8.5600449138409861E-012  1.0401877644786112E-011  8.7286710831208526E-003
  9.9120000000000005E+001  4.7512354441353796E-012 -4.7888089488377089E-012  5.6752630108520955E-004  1.7604306591218574E-015  2.1512361938081555E-015  1.7918283258660790E-006  2.0629128272699979E-004  1.5426935031967437E+001  8.5337132808281036E-012  1.0428148806746578E-011  8.6859139280125227E-003
  9.9200000000000003E+001  4.7510948235037975E-012 -4.7889812723723990E-012  5.6738331221618051E-004  1.7551836023934478E-015  2.1570499006490415E-015  1.7827797576162820E-006  2.0629128272699979E-004  1.5426935031967437E+001  8.5082780968402988E-012  1.0456330835394908E-011  8.6420508615279515E-003
  9.9280000000000001E+001  4.7509546147589966E-012 -4.7891540768218128E-012  5.6724105632399095E-004  1.7501435595131385E-015  2.1632573495408601E-015  1.7735047881065492E-006  2.0629128272699979E-004  1.5426935031967437E+001  8.4838464155031580E-012  1.0486421534365887E-011  8.5970903116329850E-003
  9.9359999999999999E+001  4.7508148005342754E-012 -4.7893273935483255E-012  5.6709955145008346E-004  1.7453281317120544E-015  2.1698528006660319E-015  1.7640052112422098E-006  2.0629128272699979E-004  1.5426935031967437E+001  8.4605035590653605E-012  1.0518393079831864E-011  8.5510409743133897E-003
  9.9439999999999998E+001  4.7506753622579227E-012 -4.7895012532699193E-012  5.6695881549019219E-004  1.7407500421983074E-015  2.1768267572954126E-015  1.7542828754260153E-006  2.0629128272699979E-004  1.5426935031967437E+001  8.4383112034090243E-012  1.0552199436252371E-011  8.5039118097263861E-003
  9.9519999999999996E+001  4.7505362805275237E-012 -4.7896756858294928E-012  5.6681886619001530E-004  1.7364180265171636E-015  2.1841679120255287E-015  1.7443396827355009E-006  2.0629128272699979E-004  1.5426935031967437E+001  8.4173116942409868E-012  1.0587785790805276E-011  8.4557120382245145E-003
  9.9600000000000009E+001  4.7503975353736800E-012 -4.7898507201358434E-012  5.6667972114095451E-004  1.7323385936975294E-015  2.1918651380351588E-015  1.7341775880786630E-006  2.0629128272699979E-004  1.5426935031967437E+001  8.3975365841760052E-012  1.0625098206106482E-011  8.4064511362518524E-003
  9.9680000000000007E+001  4.7502591063525321E-012 -4.7900263842515784E-012  5.6654139777592271E-004  1.7285182446449371E-015  2.1999089288461001E-015  1.7237985983211768E-006  2.0629128272699979E-004  1.5426935031967437E+001  8.3790173864537244E-012  1.0664090599315949E-011  8.3561388321131986E-003
  9.9760000000000005E+001  4.7501209724545368E-012 -4.7902027055644588E-012  5.6640391336522313E-004  1.7249655162076302E-015  2.2082919670653750E-015  1.7132047713851531E-006  2.0629128272699979E-004  1.5426935031967437E+001  8.3617954835677421E-012  1.0704727499280118E-011  8.3047851016174509E-003
  9.9840000000000003E+001  4.7499831118699389E-012 -4.7903797109663089E-012  5.6626728501250109E-004  1.7216921229220885E-015  2.2170088089367949E-015  1.7023982153248558E-006  2.0629128272699979E-004  1.5426935031967437E+001  8.3459276618893113E-012  1.0746982517301146E-011  8.2524001635963379E-003
  9.9920000000000002E+001  4.7498455017148692E-012 -4.7905574269738887E-012  5.6613152965077115E-004  1.7187128950754563E-015  2.2260548257931238E-015  1.6913810873807355E-006  2.0629128272699979E-004  1.5426935031967437E+001  8.3314858114914177E-012  1.0790833215851464E-011  8.1989944752989263E-003
  1.0000000000000000E+002  4.7497081178067268E-012 -4.7907358797384358E-012  5.6599666403852017E-004  1.7160445308462349E-015  2.2354248752609042E-015  1.6801555930009374E-006  2.0629128272699979E-004  1.5426935031967437E+001  8.3185508770033761E-012  1.0836254667235813E-011  8.1445787276614463E-003
  1.0008000000000000E+002  4.7495709345899338E-012 -4.7909150949539304E-012  5.6586270475589100E-004  1.7137034194217890E-015  2.2451122408698417E-015  1.6687239848363811E-006  2.0629128272699979E-004  1.5426935031967437E+001  8.3072023052216702E-012  1.0883214313251333E-011  8.0891638404516873E-003
  1.0016000000000000E+002  4.7494339252596193E-012 -4.7910950976969749E-012  5.6572966820094635E-004  1.7117031579267497E-015  2.2551081728019677E-015  1.6570885617188998E-006  2.0629128272699979E-004  1.5426935031967437E+001  8.2975060084706053E-012  1.0931669739016827E-011  8.0327609572881497E-003
  1.0024000000000001E+002  4.7492970620846656E-012 -4.7912759122615787E-012  5.6559757058601598E-004  1.7100524128450819E-015  2.2654022228129491E-015  1.6452516676054992E-006  2.0629128272699979E-004  1.5426935031967437E+001  8.2895039976267793E-012  1.0981570296476423E-011  7.9753814405360973E-003
  1.0032000000000001E+002  4.7491603168735641E-012 -4.7914575620526250E-012  5.6546642793412947E-004  1.7087538242481107E-015  2.2759833077529042E-015  1.6332156905016085E-006  2.0629128272699979E-004  1.5426935031967437E+001  8.2832090704921691E-012  1.1032862259956265E-011  7.9170368660852215E-003
  1.0040000000000001E+002  4.7490236614727859E-012 -4.7916400695908192E-012  5.6533625607553572E-004  1.7078041909912943E-015  2.2868412143394052E-015  1.6209830613599378E-006  2.0629128272699979E-004  1.5426935031967437E+001  8.2786057094532971E-012  1.1085496120388429E-011  7.8577390180157858E-003
  1.0048000000000000E+002  4.7488870682030055E-012 -4.7918234566469193E-012  5.6520707064431188E-004  1.7071958431605426E-015  2.2979680109635385E-015  1.6085562529603620E-006  2.0629128272699979E-004  1.5426935031967437E+001  8.2756567344770459E-012  1.1139433429185296E-011  7.7974998831614644E-003
  1.0056000000000000E+002  4.7487505101378802E-012 -4.7920077444725734E-012  5.6507888707506206E-004  1.7069188725215220E-015  2.3093589877546198E-015  1.5959377787681198E-006  2.0629128272699979E-004  1.5426935031967437E+001  8.2743141152716509E-012  1.1194651355247323E-011  7.7363316455773207E-003
  1.0064000000000000E+002  4.7486139611834021E-012 -4.7921929540849601E-012  5.6495172059970898E-004  1.7069635110678137E-015  2.3210129083795461E-015  1.5831301917710076E-006  2.0629128272699979E-004  1.5426935031967437E+001  8.2745305012748539E-012  1.1251143905358695E-011  7.6742466809208848E-003
  1.0072000000000000E+002  4.7484773959761093E-012 -4.7923791065379141E-012  5.6482558624437870E-004  1.7073220358587287E-015  2.3329314225446321E-015  1.5701360833104733E-006  2.0629128272699979E-004  1.5426935031967437E+001  8.2762684554373899E-012  1.1308919076486404E-011  7.6112575507534981E-003
  1.0080000000000000E+002  4.7483407896576647E-012 -4.7925662231125672E-012  5.6470049882637930E-004  1.7079897694211532E-015  2.3451178622216367E-015  1.5569580818876392E-006  2.0629128272699979E-004  1.5426935031967437E+001  8.2795053035982920E-012  1.1367993020462986E-011  7.5473769967683820E-003
  1.0088000000000000E+002  4.7482041176130019E-012 -4.7927543253958696E-012  5.6457647295127668E-004  1.7089649906095291E-015  2.3575758217991076E-015  1.5435988519571270E-006  2.0629128272699979E-004  1.5426935031967437E+001  8.2842327024955798E-012  1.1428383161112858E-011  7.4826179349514188E-003
  1.0096000000000001E+002  4.7480673552591671E-012 -4.7929434352440551E-012  5.6445352301006616E-004  1.7102478176595910E-015  2.3703078941075925E-015  1.5300610927120734E-006  2.0629128272699979E-004  1.5426935031967437E+001  8.2904512253057797E-012  1.1490102067212211E-011  7.4169934496804407E-003
  1.0104000000000001E+002  4.7479304779621764E-012 -4.7931335746589268E-012  5.6433166317644274E-004  1.7118385020223302E-015  2.3833149623178954E-015  1.5163475368549161E-006  2.0629128272699979E-004  1.5426935031967437E+001  8.2981620909632637E-012  1.1553154019950414E-011  7.3505167877689487E-003
  1.0112000000000000E+002  4.7477934610988436E-012 -4.7933247656380259E-012  5.6421090740416938E-004  1.7137356248335899E-015  2.3965961754901755E-015  1.5024609493580155E-006  2.0629128272699979E-004  1.5426935031967437E+001  8.3073584214550910E-012  1.1617534894384931E-011  7.2832013524607537E-003
  1.0120000000000000E+002  4.7476562802622030E-012 -4.7935170300470052E-012  5.6409126942454546E-004  1.7159346465813003E-015  2.4101495325430627E-015  1.4884041262161441E-006  2.0629128272699979E-004  1.5426935031967437E+001  8.3180182114073941E-012  1.1683234990269356E-011  7.2150606973831301E-003
  1.0128000000000000E+002  4.7475189115553906E-012 -4.7937103895632328E-012  5.6397276274397479E-004  1.7184273487080780E-015  2.4239728604664236E-015  1.4741798931935555E-006  2.0629128272699979E-004  1.5426935031967437E+001  8.3301016213093979E-012  1.1750243773861799E-011  7.1461085204676264E-003
  1.0136000000000000E+002  4.7473813318864097E-012 -4.7939048657046798E-012  5.6385540064163449E-004  1.7212021290667721E-015  2.4380647676288418E-015  1.4597911045642772E-006  2.0629128272699979E-004  1.5426935031967437E+001  8.3435524095738346E-012  1.1818554499236264E-011  7.0763586578492920E-003
  1.0144000000000000E+002  4.7472435192147399E-012 -4.7941004799260534E-012  5.6373919616724451E-004  1.7242450838640210E-015  2.4524250881347624E-015  1.4452406418517252E-006  2.0629128272699979E-004  1.5426935031967437E+001  8.3583031773047120E-012  1.1888166362222182E-011  7.0058250777562496E-003
  1.0152000000000000E+002  4.7471054526729915E-012 -4.7942972537187814E-012  5.6362416213893822E-004  1.7275417331275070E-015  2.4670546766247305E-015  1.4305314125689971E-006  2.0629128272699979E-004  1.5426935031967437E+001  8.3742837326610878E-012  1.1959083505680286E-011  6.9345218744015988E-003
  1.0160000000000001E+002  4.7469671125374395E-012 -4.7944952086743134E-012  5.6351031114123347E-004  1.7310787664084385E-015  2.4819545885719180E-015  1.4156663489618747E-006  2.0629128272699979E-004  1.5426935031967437E+001  8.3914295530349459E-012  1.2031311046029645E-011  6.8624632618884207E-003
  1.0168000000000001E+002  4.7468284800703661E-012 -4.7946943664529529E-012  5.6339765552310432E-004  1.7348453118252437E-015  2.4971247907204735E-015  1.4006484067558933E-006  2.0629128272699979E-004  1.5426935031967437E+001  8.4096879368444411E-012  1.2104848822044124E-011  6.7896635681361991E-003
  1.0176000000000001E+002  4.7466895372875474E-012 -4.7948947486408287E-012  5.6328620739615253E-004  1.7388335470634787E-015  2.5125629186283344E-015  1.3854805639067983E-006  2.0629128272699979E-004  1.5426935031967437E+001  8.4290209653031827E-012  1.2179685372113085E-011  6.7161372288340329E-003
  1.0184000000000000E+002  4.7465502667028360E-012 -4.7950963765199334E-012  5.6317597863287923E-004  1.7430384648178192E-015  2.5282634152109232E-015  1.3701658193625223E-006  2.0629128272699979E-004  1.5426935031967437E+001  8.4494043653933215E-012  1.2255793758154369E-011  6.6418987814234349E-003
  1.0192000000000000E+002  4.7464106511331766E-012 -4.7952992707872624E-012  5.6306698086505452E-004  1.7474568725366272E-015  2.5442173453828167E-015  1.3547071918271940E-006  2.0629128272699979E-004  1.5426935031967437E+001  8.4708226612080283E-012  1.2333130667204727E-011  6.5669628591122275E-003
  1.0200000000000000E+002  4.7462706736032301E-012 -4.7955034512951947E-012  5.6295922548218688E-004  1.7520861144874798E-015  2.5604130716407490E-015  1.3391077185298918E-006  2.0629128272699979E-004  1.5426935031967437E+001  8.4932629790511722E-012  1.2411639686325261E-011  6.4913441849217919E-003
  1.0208000000000000E+002  4.7461303173548586E-012 -4.7957089368787249E-012  5.6285272363008974E-004  1.7569228239180564E-015  2.5768375142266252E-015  1.3233704540103368E-006  2.0629128272699979E-004  1.5426935031967437E+001  8.5167089985127828E-012  1.2491257411179673E-011  6.4150575657727542E-003
  1.0216000000000000E+002  4.7459895659514032E-012 -4.7959157452974709E-012  5.6274748620954522E-004  1.7619621176506116E-015  2.5934776937607982E-015  1.3074984689052645E-006  2.0629128272699979E-004  1.5426935031967437E+001  8.5411370483423535E-012  1.2571920924007549E-011  6.3381178866187167E-003
  1.0224000000000001E+002  4.7458484034160345E-012 -4.7961238933097266E-012  5.6264352387506490E-004  1.7671973863585704E-015  2.6103220887189638E-015  1.2914948487503808E-006  2.0629128272699979E-004  1.5426935031967437E+001  8.5665150897231975E-012  1.2653574374119168E-011  6.2605401046426845E-003
  1.0232000000000001E+002  4.7457068143695859E-012 -4.7963333968316660E-012  5.6254084703374516E-004  1.7726206021086850E-015  2.6273613426352332E-015  1.2753626928019702E-006  2.0629128272699979E-004  1.5426935031967437E+001  8.5928042071207063E-012  1.2736172405884270E-011  6.1823392435349841E-003
  1.0240000000000001E+002  4.7455647841196971E-012 -4.7965442711245483E-012  5.6243946584421658E-004  1.7782231169356581E-015  2.6445881450586047E-015  1.2591051128774773E-006  2.0629128272699979E-004  1.5426935031967437E+001  8.6199624794262081E-012  1.2819679581713135E-011  6.1035303878731921E-003
  1.0248000000000000E+002  4.7454222986708762E-012 -4.7967565309348754E-012  5.6233939021568477E-004  1.7839966541108721E-015  2.6619962697787972E-015  1.2427252322198042E-006  2.0629128272699979E-004  1.5426935031967437E+001  8.6479497850305670E-012  1.2904065720014848E-011  6.0241286776229917E-003
  1.0256000000000000E+002  4.7452793446550394E-012 -4.7969701905277129E-012  5.6224062980706141E-004  1.7899342492016999E-015  2.6795791373727439E-015  1.2262261843900700E-006  2.0629128272699979E-004  1.5426935031967437E+001  8.6767323637905436E-012  1.2989298926967196E-011  5.9441493027738469E-003
  1.0264000000000000E+002  4.7451359091910039E-012 -4.7971852635968550E-012  5.6214319402618236E-004  1.7960309666045935E-015  2.6973283434652974E-015  1.2096111121935723E-006  2.0629128272699979E-004  1.5426935031967437E+001  8.7062862902654348E-012  1.3075338462240492E-011  5.8636074981159017E-003
  1.0272000000000000E+002  4.7449919797003826E-012 -4.7974017630626673E-012  5.6204709202911044E-004  1.8022843653138063E-015  2.7152327124344074E-015  1.1928831666287892E-006  2.0629128272699979E-004  1.5426935031967437E+001  8.7365997316383728E-012  1.3162130151788384E-011  5.7825185381562838E-003
  1.0280000000000000E+002  4.7448475436925537E-012 -4.7976197008308445E-012  5.6195233271952175E-004  1.8086945631308838E-015  2.7332782740759840E-015  1.1760455058634853E-006  2.0629128272699979E-004  1.5426935031967437E+001  8.7676732590128535E-012  1.3249606274877497E-011  5.7008977321660057E-003
  1.0288000000000000E+002  4.7447025885702817E-012 -4.7978390875865195E-012  5.6185892474817228E-004  1.8152640025458935E-015  2.7514492607038867E-015  1.1591012942419900E-006  2.0629128272699979E-004  1.5426935031967437E+001  8.7995187123434085E-012  1.3337690397443153E-011  5.6187604193444389E-003
  1.0296000000000001E+002  4.7445571014521463E-012 -4.7980599327125571E-012  5.6176687651244303E-004  1.8219970745530091E-015  2.7697299486668221E-015  1.1420537013046711E-006  2.0629128272699979E-004  1.5426935031967437E+001  8.8321573770434680E-012  1.3426306298827802E-011  5.5361219640875864E-003
  1.0304000000000001E+002  4.7444110690383532E-012 -4.7982822443783062E-012  5.6167619615596354E-004  1.8288995691388395E-015  2.7881068156923304E-015  1.1249059008331601E-006  2.0629128272699979E-004  1.5426935031967437E+001  8.8656173201608593E-012  1.3515388429598640E-011  5.4529977513488584E-003
  1.0312000000000000E+002  4.7442644775210841E-012 -4.7985060298030679E-012  5.6158689156830973E-004  1.8359781544928672E-015  2.8065703685601207E-015  1.1076610699111615E-006  2.0629128272699979E-004  1.5426935031967437E+001  8.8999308658431616E-012  1.3604890771226128E-011  5.3694031820856504E-003
  1.0320000000000000E+002  4.7441173125336344E-012 -4.7987312956372758E-012  5.6149897038477775E-004  1.8432399402082233E-015  2.8251160555301480E-015  1.0903223880001710E-006  2.0629128272699979E-004  1.5426935031967437E+001  8.9351324779360363E-012  1.3694791259152010E-011  5.2853536687904653E-003
  1.0328000000000000E+002  4.7439695591306508E-012 -4.7989580483719527E-012  5.6141243998622970E-004  1.8506921577942831E-015  2.8437439622588228E-015  1.0728930360409423E-006  2.0629128272699979E-004  1.5426935031967437E+001  8.9712572112907790E-012  1.3785090308570505E-011  5.2008646311102998E-003
  1.0336000000000000E+002  4.7438212017883873E-012 -4.7991862946712372E-012  5.6132730749901120E-004  1.8583418673718703E-015  2.8624572628800894E-015  1.0553761955637642E-006  2.0629128272699979E-004  1.5426935031967437E+001  9.0083392899737090E-012  1.3875803306107405E-011  5.1159514915617215E-003
  1.0344000000000000E+002  4.7436722244318713E-012 -4.7994160415340135E-012  5.6124357979493950E-004  1.8661957041724899E-015  2.8812598324150297E-015  1.0377750478278750E-006  2.0629128272699979E-004  1.5426935031967437E+001  9.0464108783681895E-012  1.3966949035997019E-011  5.0306296713510572E-003
  1.0352000000000000E+002  4.7435226104757197E-012 -4.7996472962444236E-012  5.6116126349135874E-004  1.8742596680727630E-015  2.9001536889945066E-015  1.0200927729852715E-006  2.0629128272699979E-004  1.5426935031967437E+001  9.0855010609202981E-012  1.4058537281156175E-011  4.9449145863094193E-003
  1.0360000000000001E+002  4.7433723428849797E-012 -4.7998800661242527E-012  5.6108036495126185E-004  1.8825388877439487E-015  2.9191370249532222E-015  1.0023325492655244E-006  2.0629128272699979E-004  1.5426935031967437E+001  9.1256346989430090E-012  1.4150559278922368E-011  4.8588216429511473E-003
  1.0368000000000001E+002  4.7432214042536806E-012 -4.8001143581684161E-012  5.6100089028347626E-004  1.8910374607996948E-015  2.9382032974106711E-015  9.8449755219108732E-007  2.0629128272699979E-004  1.5426935031967437E+001  9.1668316557128072E-012  1.4242983312582327E-011  4.7723662346621466E-003
  1.0376000000000001E+002  4.7430697768912517E-012 -4.8003501786518384E-012  5.6092284534291128E-004  1.8997584476012706E-015  2.9573417504894863E-015  9.6659095381564433E-007  2.0629128272699979E-004  1.5426935031967437E+001  9.2091067663529611E-012  1.4335757242848557E-011  4.6855637380220968E-003
  1.0384000000000000E+002  4.7429174429020644E-012 -4.8005875328484945E-012  5.6084623573086575E-004  1.9087039938452896E-015  2.9765392689896303E-015  9.4861592199566198E-007  2.0629128272699979E-004  1.5426935031967437E+001  9.2524704321570113E-012  1.4428817493611501E-011  4.5984295092621951E-003
  1.0392000000000000E+002  4.7427643842522365E-012 -4.8008264249348767E-012  5.6077106679539197E-004  1.9178755139530439E-015  2.9957829487824754E-015  9.3057561968701297E-007  2.0629128272699979E-004  1.5426935031967437E+001  9.2969295095743225E-012  1.4522101511912147E-011  4.5109788808583798E-003
  1.0400000000000000E+002  4.7426105828198319E-012 -4.8010668581202997E-012  5.6069734363171583E-004  1.9272737602731695E-015  3.0150627412088741E-015  9.1247320427006030E-007  2.0629128272699979E-004  1.5426935031967437E+001  9.3424876456200689E-012  1.4615560586705253E-011  4.4232271582590812E-003
  1.0408000000000000E+002  4.7424560204505928E-012 -4.8013088349734701E-012  5.6062507108270876E-004  1.9368986508146194E-015  3.0343733041381172E-015  8.9431182690320179E-007  2.0629128272699979E-004  1.5426935031967437E+001  9.3891444428086661E-012  1.4709168821992586E-011  4.3351896167462640E-003
  1.0416000000000000E+002  4.7423006790357016E-012 -4.8015523578489618E-012  5.6055425373941132E-004  1.9467487745134935E-015  3.0537144859725957E-015  8.7609463190080903E-007  2.0629128272699979E-004  1.5426935031967437E+001  9.4368930609989608E-012  1.4802925482880834E-011  4.2468814984285702E-003
  1.0424000000000001E+002  4.7421445406466706E-012 -4.8017974292912257E-012  5.6048489594160463E-004  1.9568206163065722E-015  3.0730902577951925E-015  8.5782475613894907E-007  2.0629128272699979E-004  1.5426935031967437E+001  9.4857164608997251E-012  1.4896849819218949E-011  4.1583180093653464E-003
  1.0432000000000001E+002  4.7419875877370926E-012 -4.8020440522902090E-012  5.6041700177842909E-004  1.9671076602633629E-015  3.0925062937195779E-015  8.3950532849227694E-007  2.0629128272699979E-004  1.5426935031967437E+001  9.5355830564289913E-012  1.4990969336377796E-011  4.0695143168200699E-003
  1.0440000000000001E+002  4.7418298034210285E-012 -4.8022922302982209E-012  5.6035057508904587E-004  1.9775995485972662E-015  3.1119668417554156E-015  8.2113946929328980E-007  2.0629128272699979E-004  1.5426935031967437E+001  9.5864426380636844E-012  1.5085304626649394E-011  3.9804855466412667E-003
  1.0448000000000000E+002  4.7416711718093170E-012 -4.8025419669848898E-012  5.6028561946334216E-004  1.9882816069252960E-015  3.1314718069213284E-015  8.0273028981258754E-007  2.0629128272699979E-004  1.5426935031967437E+001  9.6382240715301615E-012  1.5179855229609221E-011  3.8912467807687679E-003
  1.0456000000000000E+002  4.7415116783639204E-012 -4.8027932657873283E-012  5.6022213824267586E-004  1.9991348887674085E-015  3.1510149132974384E-015  7.8428089177640277E-007  2.0629128272699979E-004  1.5426935031967437E+001  9.6908355134801361E-012  1.5274590722614585E-011  3.8018130548634617E-003
  1.0464000000000000E+002  4.7413513102271142E-012 -4.8030461293710174E-012  5.6016013452065794E-004  2.0101368244521224E-015  3.1705834563407138E-015  7.6579436690039394E-007  2.0629128272699979E-004  1.5426935031967437E+001  9.7441675570623423E-012  1.5369449520246489E-011  3.7121993560597769E-003
  1.0472000000000000E+002  4.7411900564720081E-012 -4.8033005591403428E-012  5.6009961114397179E-004  2.0212624078914872E-015  3.1901598897853334E-015  7.4727379644986582E-007  2.0629128272699979E-004  1.5426935031967437E+001  9.7980989849301625E-012  1.5464346566734075E-011  3.6224206208419554E-003
  1.0480000000000000E+002  4.7410279082418516E-012 -4.8035565549533831E-012  5.6004057071322596E-004  2.0324857049336205E-015  3.2097247813492507E-015  7.2872225083183838E-007  2.0629128272699979E-004  1.5426935031967437E+001  9.8525040809404515E-012  1.5559187663776681E-011  3.5324917330473203E-003
  1.0488000000000000E+002  4.7408648587592187E-012 -4.8038141151053587E-012  5.5998301558383870E-004  2.0437815494111303E-015  3.2292603653648630E-015  7.1014278920812223E-007  2.0629128272699979E-004  1.5426935031967437E+001  9.9072608516987705E-012  1.5653886692036254E-011  3.4424275220016807E-003
  1.0496000000000001E+002  4.7407009031939458E-012 -4.8040732366118415E-012  5.5992694786695266E-004  2.0551268872389282E-015  3.2487537677383175E-015  6.9153845913685419E-007  2.0629128272699979E-004  1.5426935031967437E+001  9.9622575422128811E-012  1.5748381244168158E-011  3.3522427607930636E-003
  1.0504000000000001E+002  4.7405360384572605E-012 -4.8043339157081968E-012  5.5987236943037680E-004  2.0665015985208886E-015  3.2681990406956782E-015  6.7291229624859197E-007  2.0629128272699979E-004  1.5426935031967437E+001  1.0017396620958149E-011  1.5842642488275148E-011  3.2619521646896819E-003
  1.0512000000000000E+002  4.7403702629381824E-012 -4.8045961484583528E-012  5.5981928189955288E-004  2.0778887189054813E-015  3.2875974454803821E-015  6.5426732395154662E-007  2.0629128272699979E-004  1.5426935031967437E+001  1.0072595853006793E-011  1.5936676538223470E-011  3.1715703897062459E-003
  1.0520000000000000E+002  4.7402035762622356E-012 -4.8048599312994737E-012  5.5976768665854455E-004  2.0892738397738038E-015  3.3069558982593906E-015  6.3560655316595308E-007  2.0629128272699979E-004  1.5426935031967437E+001  1.0127785392383387E-011  1.6030516920234724E-011  3.0811120313196630E-003
  1.0528000000000000E+002  4.7400359791238186E-012 -4.8051252614020743E-012  5.5971758485104633E-004  2.1006441004514740E-015  3.3262840587190541E-015  6.1693298208961140E-007  2.0629128272699979E-004  1.5426935031967437E+001  1.0182902896735189E-011  1.6124210459811129E-011  2.9905916233314836E-003
  1.0536000000000000E+002  4.7398674732061634E-012 -4.8053921367488687E-012  5.5966897738141022E-004  2.1119870636893024E-015  3.3455907705581000E-015  5.9824959598917785E-007  2.0629128272699979E-004  1.5426935031967437E+001  1.0237888076355146E-011  1.6217800026878804E-011  2.9000236368709503E-003
  1.0544000000000000E+002  4.7396980611936283E-012 -4.8056605559253636E-012  5.5962186491568806E-004  2.1232898348653823E-015  3.3648808885199402E-015  5.7955936702465969E-007  2.0629128272699979E-004  1.5426935031967437E+001  1.0292678424372879E-011  1.6311309154874111E-011  2.8094224795299980E-003
  1.0552000000000000E+002  4.7395277468325849E-012 -4.8059305176910319E-012  5.5957624788268627E-004  2.1345388968064508E-015  3.3841533127734383E-015  5.6086525409694923E-007  2.0629128272699979E-004  1.5426935031967437E+001  1.0347208416116552E-011  1.6404732512373411E-011  2.7188024946203787E-003
  1.0560000000000001E+002  4.7393565349701393E-012 -4.8062020204554073E-012  5.5953212647503255E-004  2.1457207382664304E-015  3.4034007584342593E-015  5.4217020271500908E-007  2.0629128272699979E-004  1.5426935031967437E+001  1.0401412555605534E-011  1.6498034785802651E-011  2.6281779605431530E-003
  1.0568000000000001E+002  4.7391844315144623E-012 -4.8064750618123814E-012  5.5948950065025187E-004  2.1568231573871771E-015  3.4226113373407936E-015  5.2347714489016242E-007  2.0629128272699979E-004  1.5426935031967437E+001  1.0455231694130069E-011  1.6591158347080756E-011  2.5375630902614394E-003
  1.0576000000000001E+002  4.7390114432649574E-012 -4.8067496382693819E-012  5.5944837013185012E-004  2.1678370094355936E-015  3.4417714704579374E-015  5.0478899904461347E-007  2.0629128272699979E-004  1.5426935031967437E+001  1.0508621502483130E-011  1.6684037371618469E-011  2.4469720308677926E-003
  1.0584000000000000E+002  4.7388375775929526E-012 -4.8070257452476547E-012  5.5940873441040473E-004  2.1787578560252671E-015  3.4608692994821506E-015  4.8610866993894141E-007  2.0629128272699979E-004  1.5426935031967437E+001  1.0561560465500815E-011  1.6776614376186135E-011  2.3564188632372975E-003
  1.0592000000000000E+002  4.7386628420079933E-012 -4.8073033773572990E-012  5.5937059274465989E-004  2.1895870170757398E-015  3.4798976556544722E-015  4.6743904861992324E-007  2.0629128272699979E-004  1.5426935031967437E+001  1.0614054981536992E-011  1.6868854610086305E-011  2.2659176017563944E-003
  1.0600000000000000E+002  4.7384872436702205E-012 -4.8075825288725594E-012  5.5933394416262554E-004  2.2003317791020803E-015  3.4988557485741404E-015  4.4878301237445510E-007  2.0629128272699979E-004  1.5426935031967437E+001  1.0666140372081398E-011  1.6960754241858930E-011  2.1754821941161011E-003
  1.0608000000000000E+002  4.7383107889233370E-012 -4.8078631942770709E-012  5.5929878746267998E-004  2.2110046251654705E-015  3.5177490643257268E-015  4.3014342469770389E-007  2.0629128272699979E-004  1.5426935031967437E+001  1.0717877148931869E-011  1.7052339865377078E-011  2.0851265211575005E-003
  1.0616000000000000E+002  4.7381334829301940E-012 -4.8081453687228515E-012  5.5926512121467391E-004  2.2216215478771206E-015  3.5365874168235686E-015  4.1152313527345608E-007  2.0629128272699979E-004  1.5426935031967437E+001  1.0769342836529187E-011  1.7143659053700363E-011  1.9948643967578586E-003
  1.0624000000000001E+002  4.7379553294756767E-012 -4.8084290482637626E-012  5.5923294376103623E-004  2.2321998655586534E-015  3.5553817155924175E-015  3.9292497995311129E-007  2.0629128272699979E-004  1.5426935031967437E+001  1.0820621385696630E-011  1.7234764690933056E-011  1.9047095677478046E-003
  1.0632000000000001E+002  4.7377763309517046E-012 -4.8087142297973463E-012  5.5920225321788141E-004  2.2427560361305687E-015  3.5741402567681316E-015  3.7435178074416266E-007  2.0629128272699979E-004  1.5426935031967437E+001  1.0871792576437133E-011  1.7325696992718753E-011  1.8146757138532948E-003
  1.0640000000000001E+002  4.7375964885098958E-012 -4.8090009107048455E-012  5.5917304747611716E-004  2.2533038149036728E-015  3.5928654892829321E-015  3.5580634580545346E-007  2.0629128272699979E-004  1.5426935031967437E+001  1.0922923087771579E-011  1.7416467830298246E-011  1.7247764476598351E-003
  1.0648000000000000E+002  4.7374158023413200E-012 -4.8092890882756315E-012  5.5914532420255254E-004  2.2638532957937480E-015  3.6115520950379684E-015  3.3729146944040081E-007  2.0629128272699979E-004  1.5426935031967437E+001  1.0974061850125493E-011  1.7507051424089516E-011  1.6350253145996643E-003
  1.0656000000000000E+002  4.7372342719825688E-012 -4.8095787590400516E-012  5.5911908084100670E-004  2.2744109288153317E-015  3.6301868652806101E-015  3.1880993210241671E-007  2.0629128272699979E-004  1.5426935031967437E+001  1.1025240130107621E-011  1.7597383744445175E-011  1.5454357929645572E-003
  1.0664000000000000E+002  4.7370518965927096E-012 -4.8098699181740764E-012  5.5909431461341615E-004  2.2849803994609400E-015  3.6487504296663827E-015  3.0036450040575005E-007  2.0629128272699979E-004  1.5426935031967437E+001  1.1076475793156187E-011  1.7687370893368487E-011  1.4560212939472366E-003
  1.0672000000000000E+002  4.7368686751186550E-012 -4.8101625591087982E-012  5.5907102252094178E-004  2.2955641589751030E-015  3.6672203625029109E-015  2.8195792713429577E-007  2.0629128272699979E-004  1.5426935031967437E+001  1.1127780721685289E-011  1.7776904162028586E-011  1.3667951617131865E-003
  1.0680000000000000E+002  4.7366846063272735E-012 -4.8104566734320769E-012  5.5904920134507467E-004  2.3061649264919414E-015  3.6855748638652034E-015  2.6359295126734462E-007  2.0629128272699979E-004  1.5426935031967437E+001  1.1179168096732255E-011  1.7865877874931281E-011  1.2777706735023829E-003
  1.0688000000000000E+002  4.7364996887304163E-012 -4.8107522510870167E-012  5.5902884764873900E-004  2.3167867688835087E-015  3.7037961510816031E-015  2.4527229800397777E-007  2.0629128272699979E-004  1.5426935031967437E+001  1.1230657632535928E-011  1.7954205830309033E-011  1.1889610397577137E-003
  1.0696000000000001E+002  4.7363139204442522E-012 -4.8110492808162500E-012  5.5900995777739403E-004  2.3274353262503176E-015  3.7218726723204006E-015  2.2699867879355995E-007  2.0629128272699979E-004  1.5426935031967437E+001  1.1282276669568054E-011  1.8041832030515039E-011  1.1003794042742444E-003
  1.0704000000000001E+002  4.7361272990782163E-012 -4.8113477507145879E-012  5.5899252786013203E-004  2.3381170704880138E-015  3.7397996386885059E-015  2.0877479137233128E-007  2.0629128272699979E-004  1.5426935031967437E+001  1.1334056580473358E-011  1.8128733261295032E-011  1.0120388443614274E-003
  1.0712000000000000E+002  4.7359398217129741E-012 -4.8116476487584401E-012  5.5897655381077446E-004  2.3488377937844436E-015  3.7575778642499836E-015  1.9060331979390047E-007  2.0629128272699979E-004  1.5426935031967437E+001  1.1386025442920832E-011  1.8214913468838730E-011  9.2395237100909510E-004
  1.0720000000000000E+002  4.7357514850312107E-012 -4.8119489631728679E-012  5.5896203132896501E-004  2.3596006777910804E-015  3.7752111590944585E-015  1.7248693446312614E-007  2.0629128272699979E-004  1.5426935031967437E+001  1.1438198680017664E-011  1.8300391122620492E-011  8.3613292904761484E-004
  1.0728000000000000E+002  4.7355622856045275E-012 -4.8122516825438952E-012  5.5894895590126036E-004  2.3704044628295873E-015  3.7927030256128886E-015  1.5442829216796524E-007  2.0629128272699979E-004  1.5426935031967437E+001  1.1490570185466946E-011  1.8385183200538597E-011  7.4859339729277223E-004
  1.0736000000000000E+002  4.7353722203171580E-012 -4.8125557956569660E-012  5.5893732280221813E-004  2.3812423129822449E-015  3.8100536458213594E-015  1.3643003610251236E-007  2.0629128272699979E-004  1.5426935031967437E+001  1.1543106822079896E-011  1.8469290584942873E-011  6.6134658866654611E-004
  1.0744000000000000E+002  4.7351812868344504E-012 -4.8128612911272267E-012  5.5892712709548396E-004  2.3921016088575607E-015  3.8272578343011136E-015  1.1849479588597325E-007  2.0629128272699979E-004  1.5426935031967437E+001  1.1595747417137067E-011  1.8552688139373930E-011  5.7440525028574108E-004
  1.0752000000000000E+002  4.7349894840597408E-012 -4.8131681569104542E-012  5.5891836363487638E-004  2.4029647380718100E-015  3.8443045844003203E-015  1.0062518757282925E-007  2.0629128272699979E-004  1.5426935031967437E+001  1.1648406594315194E-011  1.8635322508917722E-011  4.8778206351131543E-004
  1.0760000000000001E+002  4.7347968124763589E-012 -4.8134763798607307E-012  5.5891102706547230E-004  2.4138107561836814E-015  3.8611784029059471E-015  8.2823813652159635E-008  2.0629128272699979E-004  1.5426935031967437E+001  1.1700982825218489E-011  1.8717118590096688E-011  4.0148964395219006E-004
  1.0768000000000001E+002  4.7346032743387514E-012 -4.8137859454549191E-012  5.5890511182469203E-004  2.4246175133774488E-015  3.8778620144911838E-015  6.5093263041542983E-008  2.0629128272699979E-004  1.5426935031967437E+001  1.1753368738269040E-011  1.8797992640470199E-011  3.1554054141842182E-004
  1.0776000000000001E+002  4.7344088736742185E-012 -4.8140968377830493E-012  5.5890061214338566E-004  2.4353638016439060E-015  3.8943398495055318E-015  4.7436111062662632E-008  2.0629128272699979E-004  1.5426935031967437E+001  1.1805461527283584E-011  1.8877869185889037E-011  2.2994723981998390E-004
  1.0784000000000000E+002  4.7342136161304884E-012 -4.8144090398308400E-012  5.5889752204692201E-004  2.4460309211173361E-015  3.9106013399088722E-015  2.9854919408780611E-008  2.0629128272699979E-004  1.5426935031967437E+001  1.1857170544402331E-011  1.8956696997644947E-011  1.4472215700908647E-004
  1.0792000000000000E+002  4.7340175087268397E-012 -4.8147225339974347E-012  5.5889583535628025E-004  2.4566034821892806E-015  3.9266432201805644E-015  1.2352236104080060E-008  2.0629128272699979E-004  1.5426935031967437E+001  1.1908421188283910E-011  1.9034460246075008E-011  5.9877644565951736E-005
  1.0800000000000000E+002  4.7338205595733381E-012 -4.8150373027460689E-012  5.5889554568914535E-004  2.4670692374925254E-015  3.9424701267376140E-015 -5.0694045546106382E-009  2.0629128272699979E-004  1.5426935031967437E+001  1.1959154089651185E-011  1.9111181406308777E-011 -2.4574012469921860E-005
  1.0808000000000000E+002  4.7336227776488409E-012 -4.8153533292177127E-012  5.5889664646100899E-004  2.4774180856745387E-015  3.9580933415026560E-015 -2.2407482062869986E-008  2.0629128272699979E-004  1.5426935031967437E+001  1.2009320282091657E-011  1.9186915167627059E-011 -1.0862059591899236E-004
  1.0816000000000000E+002  4.7334241726796302E-012 -4.8156705976807093E-012  5.5889913088627541E-004  2.4876405854460585E-015  3.9735278821557960E-015 -3.9659489784577527E-008  2.0629128272699979E-004  1.5426935031967437E+001  1.2058873998776333E-011  1.9261734328410781E-011 -1.9224995482590586E-004
  1.0824000000000001E+002  4.7332247551551695E-012 -4.8159890936788577E-012  5.5890299197937452E-004  2.4977264713664360E-015  3.9887885644539916E-015 -5.6822935035939510E-008  2.0629128272699979E-004  1.5426935031967437E+001  1.2107765477781955E-011  1.9335710708279862E-011 -2.7545000586260180E-004
  1.0832000000000001E+002  4.7330245364442115E-012 -4.8163088038510220E-012  5.5890822255588116E-004  2.5076636487212466E-015  4.0038860552406124E-015 -7.3895339172225065E-008  2.0629128272699979E-004  1.5426935031967437E+001  1.2155936089819450E-011  1.9408896014956627E-011 -3.5820873376466166E-004
  1.0840000000000001E+002  4.7328235289713741E-012 -4.8166297154476962E-012  5.5891481523364208E-004  2.5174378754586214E-015  4.0188238541702155E-015 -9.0874237685344399E-008  2.0629128272699979E-004  1.5426935031967437E+001  1.2203316796400565E-011  1.9481307213030271E-011 -4.4051419179696441E-004
  1.0848000000000000E+002  4.7326217463841382E-012 -4.8169518156676892E-012  5.5892276243391082E-004  2.5270333575432037E-015  4.0335968965235488E-015 -1.0775718030684800E-007  2.0629128272699979E-004  1.5426935031967437E+001  1.2249831035690405E-011  1.9552919751156702E-011 -5.2235450224741092E-004
  1.0856000000000000E+002  4.7324192036341672E-012 -4.8172750909511399E-012  5.5893205638249117E-004  2.5364340320251583E-015  4.0481921136799711E-015 -1.2454173111499161E-007  2.0629128272699979E-004  1.5426935031967437E+001  1.2295400942261588E-011  1.9623670279041581E-011 -6.0371785695072222E-004
  1.0864000000000000E+002  4.7322159169390141E-012 -4.8175995264058780E-012  5.5894268911088922E-004  2.5456251283435779E-015  4.0625908686150563E-015 -1.4122546865196557E-007  2.0629128272699979E-004  1.5426935031967437E+001  1.2339954915651108E-011  1.9693468453478400E-011 -6.8459251784746774E-004
  1.0872000000000000E+002  4.7320119036136322E-012 -4.8179251054901183E-012  5.5895465245747549E-004  2.5545946721301330E-015  4.0767725449577042E-015 -1.5780598604383470E-007  2.0629128272699979E-004  1.5426935031967437E+001  1.2383434909908306E-011  1.9762214336282242E-011 -7.6496681758586517E-004
  1.0880000000000000E+002  4.7318071817914733E-012 -4.8182518100130712E-012  5.5896793806865623E-004  2.5633345530970219E-015  4.0907183775724776E-015 -1.7428089113741881E-007  2.0629128272699979E-004  1.5426935031967437E+001  1.2425801610293829E-011  1.9829816963149338E-011 -8.4482916017500863E-004
  1.0888000000000000E+002  4.7316017700851367E-012 -4.8185796204305299E-012  5.5898253740005747E-004  2.5718407770029299E-015  4.1044145764538367E-015 -1.9064780665072577E-007  2.0629128272699979E-004  1.5426935031967437E+001  1.2467035654665999E-011  1.9896209486874450E-011 -9.2416802169780063E-004
  1.0896000000000001E+002  4.7313956872671528E-012 -4.8189085163453038E-012  5.5899844171772035E-004  2.5801128964968284E-015  4.1178538856616994E-015 -2.0690437032948317E-007  2.0629128272699979E-004  1.5426935031967437E+001  1.2507134874472400E-011  1.9961356734159706E-011 -1.0029719510901197E-003
  1.0904000000000001E+002  4.7311889520216972E-012 -4.8192384770522358E-012  5.5901564209931019E-004  2.5881528311335217E-015  4.1310351148718553E-015 -2.2304823512196595E-007  2.0629128272699979E-004  1.5426935031967437E+001  1.2546108574822959E-011  2.0025252934893691E-011 -1.0812295709900709E-003
  1.0912000000000000E+002  4.7309815828141715E-012 -4.8195694819636833E-012  5.5903412943533986E-004  2.5959633085895473E-015  4.1439608275868968E-015 -2.3907706937144227E-007  2.0629128272699979E-004  1.5426935031967437E+001  1.2583969978147939E-011  2.0087910515694745E-011 -1.1589295786581290E-003
  1.0920000000000000E+002  4.7307735978923229E-012 -4.8199015107846497E-012  5.5905389443040962E-004  2.6035462730877059E-015  4.1566338031569061E-015 -2.5498855702013904E-007  2.0629128272699979E-004  1.5426935031967437E+001  1.2620728509095581E-011  2.0149342949491513E-011 -1.2360607469661907E-003
  1.0928000000000000E+002  4.7305650154104775E-012 -4.8202345433721884E-012  5.5907492760446308E-004  2.6109016319538803E-015  4.1690532747686937E-015 -2.7078039782472713E-007  2.0629128272699979E-004  1.5426935031967437E+001  1.2656383718417176E-011  2.0209546519172137E-011 -1.3126119254514869E-003
  1.0936000000000000E+002  4.7303558536312103E-012 -4.8205685593086127E-012  5.5909721929406158E-004  2.6180266772418909E-015  4.1812119705333035E-015 -2.8645030758603666E-007  2.0629128272699979E-004  1.5426935031967437E+001  1.2690922479305582E-011  2.0268485974109030E-011 -1.3885720414302729E-003
  1.0944000000000000E+002  4.7301461311421187E-012 -4.8209035372874738E-012  5.5912075965367685E-004  2.6249162867933143E-015  4.1930949101815693E-015 -3.0199601839164727E-007  2.0629128272699979E-004  1.5426935031967437E+001  1.2724319962017685E-011  2.0326088697279180E-011 -1.4639301011663446E-003
  1.0952000000000000E+002  4.7299358670253234E-012 -4.8212394544942418E-012  5.5914553865700424E-004  2.6315637771513695E-015  4.2046803244291198E-015 -3.1741527886932036E-007  2.0629128272699979E-004  1.5426935031967437E+001  1.2756543768419147E-011  2.0382249161714050E-011 -1.5386751910906723E-003
  1.0960000000000001E+002  4.7297250809377745E-012 -4.8215762861393824E-012  5.5917154609829594E-004  2.6379622151399916E-015  4.2159426868932164E-015 -3.3270585444449712E-007  2.0629128272699979E-004  1.5426935031967437E+001  1.2787560289848845E-011  2.0436843627896543E-011 -1.6127964790705908E-003
  1.0968000000000001E+002  4.7295137930709010E-012 -4.8219140053241447E-012  5.5919877159371536E-004  2.6441058237578536E-015  4.2268571166080834E-015 -3.4786552761338196E-007  2.0629128272699979E-004  1.5426935031967437E+001  1.2817341522157738E-011  2.0489751485051002E-011 -1.6862832157296301E-003
  1.0976000000000001E+002  4.7293020240059733E-012 -4.8222525832780397E-012  5.5922720458271408E-004  2.6499910401960873E-015  4.2374039614658012E-015 -3.6289209822890078E-007  2.0629128272699979E-004  1.5426935031967437E+001  1.2845870194617592E-011  2.0540877469254101E-011 -1.7591247358216121E-003
  1.0984000000000000E+002  4.7290897945044696E-012 -4.8225919899579792E-012  5.5925683432943199E-004  2.6556170131715396E-015  4.2475724797657802E-015 -3.7778338379546852E-007  2.0629128272699979E-004  1.5426935031967437E+001  1.2873142180624434E-011  2.0590169509923386E-011 -1.8313104596643494E-003
  1.0992000000000000E+002  4.7288771252838658E-012 -4.8229321948748022E-012  5.5928764992412136E-004  2.6609853812884125E-015  4.2573626198546703E-015 -3.9253721977663145E-007  2.0629128272699979E-004  1.5426935031967437E+001  1.2899165423326978E-011  2.0637627356697253E-011 -1.9028298946384553E-003
  1.1000000000000000E+002  4.7286640368434634E-012 -4.8232731679771559E-012  5.5931964028459625E-004  2.6660994443480859E-015  4.2667843914408232E-015 -4.0715145991965023E-007  2.0629128272699979E-004  1.5426935031967437E+001  1.2923955918582286E-011  2.0683299531784048E-011 -1.9736726367549791E-003
  1.1008000000000000E+002  4.7284505493727701E-012 -4.8236148803774328E-012  5.5935279415770850E-004  2.6709629657749602E-015  4.2758548902078571E-015 -4.2162397659431311E-007  2.0629128272699979E-004  1.5426935031967437E+001  1.2947531909582688E-011  2.0727268906761590E-011 -2.0438283722918351E-003
  1.1016000000000000E+002  4.7282366827689394E-012 -4.8239573047595892E-012  5.5938710012085134E-004  2.6755789163056084E-015  4.2845938116573524E-015 -4.3595266114123581E-007  2.0629128272699979E-004  1.5426935031967437E+001  1.2969907797035236E-011  2.0769630955868344E-011 -2.1132868794938951E-003
  1.1024000000000001E+002  4.7280224567461612E-012 -4.8243004153872979E-012  5.5942254658349110E-004  2.6799485089581916E-015  4.2930186053975811E-015 -4.5013542423506933E-007  2.0629128272699979E-004  1.5426935031967437E+001  1.2991089461116683E-011  2.0810470266344225E-011 -2.1820380303261629E-003
  1.1032000000000001E+002  4.7278078910075061E-012 -4.8246441877364528E-012  5.5945912178872895E-004  2.6840707470517634E-015  4.3011405576223869E-015 -4.6417019625448388E-007  2.0629128272699979E-004  1.5426935031967437E+001  1.3011072070354864E-011  2.0849841548138907E-011 -2.2500717922648442E-003
  1.1040000000000001E+002  4.7275930054266330E-012 -4.8249885978765175E-012  5.5949681381489182E-004  2.6879426590924443E-015  4.3089628502407272E-015 -4.7805492765283053E-007  2.0629128272699979E-004  1.5426935031967437E+001  1.3029841220404880E-011  2.0887760225619455E-011 -2.3173782301083431E-003
  1.1048000000000000E+002  4.7273778201820513E-012 -4.8253336217924913E-012  5.5953561057715340E-004  2.6915601131353599E-015  4.3164811158964876E-015 -4.9178758933557908E-007  2.0629128272699979E-004  1.5426935031967437E+001  1.3047376881629211E-011  2.0924205127969098E-011 -2.3839475077898019E-003
  1.1056000000000000E+002  4.7271623558085313E-012 -4.8256792348550610E-012  5.5957549982918551E-004  2.6949190127179684E-015  4.3236863274460704E-015 -5.0536617303030204E-007  2.0629128272699979E-004  1.5426935031967437E+001  1.3063659196316694E-011  2.0959132495988802E-011 -2.4497698901747339E-003
  1.1064000000000000E+002  4.7269466331400165E-012 -4.8260254116048827E-012  5.5961646916483825E-004  2.6980166777225785E-015  4.3305691503804256E-015 -5.1878869164920477E-007  2.0629128272699979E-004  1.5426935031967437E+001  1.3078675172570574E-011  2.0992497080519726E-011 -2.5148357448310397E-003
  1.1072000000000000E+002  4.7267306731400957E-012 -4.8263721259191218E-012  5.5965850601984938E-004  2.7008528914939069E-015  4.3371244944237321E-015 -5.3205317964962265E-007  2.0629128272699979E-004  1.5426935031967437E+001  1.3092423760161602E-011  2.1024274206318817E-011 -2.5791355437634043E-003
  1.1080000000000000E+002  4.7265144966773774E-012 -4.8267193515239905E-012  5.5970159767358219E-004  2.7034303618771590E-015  4.3433549021314854E-015 -5.4515769338435395E-007  2.0629128272699979E-004  1.5426935031967437E+001  1.3104918085422581E-011  2.1054476198478414E-011 -2.6426598651087649E-003
  1.1088000000000000E+002  4.7262981242821953E-012 -4.8270670627034629E-012  5.5974573125079088E-004  2.7057545025230669E-015  4.3492717282993976E-015 -5.5810031144047298E-007  2.0629128272699979E-004  1.5426935031967437E+001  1.3116184391110715E-011  2.1083158099562338E-011 -2.7053993947932986E-003
  1.1096000000000001E+002  4.7260815759569737E-012 -4.8274152350005184E-012  5.5979089372341266E-004  2.7078323923084114E-015  4.3548936544209305E-015 -5.7087913497678804E-007  2.0629128272699979E-004  1.5426935031967437E+001  1.3126256992130648E-011  2.1110410468402825E-011 -2.7673449281535273E-003
  1.1104000000000001E+002  4.7258648710994260E-012 -4.8277638456881702E-012  5.5983707191238716E-004  2.7096712301985842E-015  4.3602428006859811E-015 -5.8349228804910206E-007  2.0629128272699979E-004  1.5426935031967437E+001  1.3135170785611121E-011  2.1136340532909702E-011 -2.8284873715243215E-003
  1.1112000000000000E+002  4.7256480285601420E-012 -4.8281128738486282E-012  5.5988425248950052E-004  2.7112766383610807E-015  4.3653395169846495E-015 -5.9593791793140748E-007  2.0629128272699979E-004  1.5426935031967437E+001  1.3142953025064341E-011  2.1161046939457315E-011 -2.8888177437949715E-003
  1.1120000000000000E+002  4.7254310668372882E-012 -4.8284623000108878E-012  5.5993242197925619E-004  2.7126511879018503E-015  4.3701972550084325E-015 -6.0821419543369303E-007  2.0629128272699979E-004  1.5426935031967437E+001  1.3149616173986578E-011  2.1184594895348681E-011 -2.9483271779316483E-003
  1.1128000000000000E+002  4.7252140043700777E-012 -4.8288121054094295E-012  5.5998156676076991E-004  2.7137936483089524E-015  4.3748188666371772E-015 -6.2031931520348748E-007  2.0629128272699979E-004  1.5426935031967437E+001  1.3155154267480211E-011  2.1206998225082571E-011 -3.0070069224614623E-003
  1.1136000000000000E+002  4.7249968598535588E-012 -4.8291622710295497E-012  5.6003167306968875E-004  2.7146990379295571E-015  4.3791954681358876E-015 -6.3225149602265992E-007  2.0629128272699979E-004  1.5426935031967437E+001  1.3159543156853006E-011  2.1228213864625544E-011 -3.0648483429108809E-003
  1.1144000000000000E+002  4.7247796525240089E-012 -4.8295127766843312E-012  5.6008272700013354E-004  2.7153594596172440E-015  4.3833081689541268E-015 -6.4400898109676628E-007  2.0629128272699979E-004  1.5426935031967437E+001  1.3162744560609025E-011  2.1248150241786514E-011 -3.1218429231902487E-003
  1.1152000000000000E+002  4.7245624023400200E-012 -4.8298636003365824E-012  5.6013471450666423E-004  2.7157656214942686E-015  4.3871322536531182E-015 -6.5559003832609984E-007  2.0629128272699979E-004  1.5426935031967437E+001  1.3164713436220286E-011  2.1266687548113237E-011 -3.1779822669167359E-003
  1.1160000000000001E+002  4.7243451300245699E-012 -4.8302147178449157E-012  5.6018762140626571E-004  2.7159085385788086E-015  4.3906427592053569E-015 -6.6699296056251163E-007  2.0629128272699979E-004  1.5426935031967437E+001  1.3165406228868651E-011  2.1283704774945422E-011 -3.2332580986700107E-003
  1.1168000000000001E+002  4.7241278569738474E-012 -4.8305661031780552E-012  5.6024143338035423E-004  2.7157809519924330E-015  4.3938198563739891E-015 -6.7821606585674403E-007  2.0629128272699979E-004  1.5426935031967437E+001  1.3164787751051194E-011  2.1299105799763233E-011 -3.2876622651776721E-003
  1.1176000000000001E+002  4.7239106050722511E-012 -4.8309177290219356E-012  5.6029613597680279E-004  2.7153781671771945E-015  4.3966526505935899E-015 -6.8925769768882379E-007  2.0629128272699979E-004  1.5426935031967437E+001  1.3162835245794733E-011  2.1312837811029912E-011 -3.3411867364304478E-003
  1.1184000000000000E+002  4.7236933964670991E-012 -4.8312695676021502E-012  5.6035171461198444E-004  2.7146980332312595E-015  4.3991404530535361E-015 -7.0011622518151425E-007  2.0629128272699979E-004  1.5426935031967437E+001  1.3159538286572928E-011  2.1324897469722754E-011 -3.3938236067299820E-003
  1.1192000000000000E+002  4.7234762533869341E-012 -4.8316215914944242E-012  5.6040815457283183E-004  2.7137399736273108E-015  4.4012911196270455E-015 -7.1079004330563619E-007  2.0629128272699979E-004  1.5426935031967437E+001  1.3154894078663938E-011  2.1335322857292360E-011 -3.4455650956745501E-003
  1.1200000000000000E+002  4.7232591980713187E-012 -4.8319737741812905E-012  5.6046544101891335E-004  2.7125034291803490E-015  4.4031171512426841E-015 -7.2127757307251369E-007  2.0629128272699979E-004  1.5426935031967437E+001  1.3148899911438103E-011  2.1344174572153527E-011 -3.4964035490902133E-003
  1.1208000000000000E+002  4.7230422528382652E-012 -4.8323260902386230E-012  5.6052355898452344E-004  2.7109861348018715E-015  4.4046306937936477E-015 -7.3157726171490037E-007  2.0629128272699979E-004  1.5426935031967437E+001  1.3141544804826149E-011  2.1351511491727043E-011 -3.5463314399165826E-003
  1.1216000000000000E+002  4.7228254402897504E-012 -4.8326785150922975E-012  5.6058249338078773E-004  2.7091827432518746E-015  4.4058388474976133E-015 -7.4168758286383986E-007  2.0629128272699979E-004  1.5426935031967437E+001  1.3132802837977276E-011  2.1357368034426233E-011 -3.5953413690571726E-003
  1.1224000000000001E+002  4.7226087835993449E-012 -4.8330310244542226E-012  5.6064222899778165E-004  2.7070842344499058E-015  4.4067408050810311E-015 -7.5160703671807243E-007  2.0629128272699979E-004  1.5426935031967437E+001  1.3122630285961521E-011  2.1361740286975192E-011 -3.6434260662038830E-003
  1.1232000000000001E+002  4.7223923068122384E-012 -4.8333835936211105E-012  5.6070275050666262E-004  2.7046784368401773E-015  4.4073276035037717E-015 -7.6133415021005339E-007  2.0629128272699979E-004  1.5426935031967437E+001  1.3110968147003626E-011  2.1364584800880383E-011 -3.6905783906432555E-003
  1.1240000000000001E+002  4.7221760350494505E-012 -4.8337361968707832E-012  5.6076404246181526E-004  2.7019515882759297E-015  4.4075846360406090E-015 -7.7086747717129396E-007  2.0629128272699979E-004  1.5426935031967437E+001  1.3097749708860190E-011  2.1365830769843082E-011 -3.7367913320490395E-003
  1.1248000000000000E+002  4.7219599945581143E-012 -4.8340888071628770E-012  5.6082608930301003E-004  2.6988905571892080E-015  4.4074962209142486E-015 -7.8020559849160346E-007  2.0629128272699979E-004  1.5426935031967437E+001  1.3082911316047768E-011  2.1365402176241419E-011 -3.7820580112620122E-003
  1.1256000000000000E+002  4.7217442125603002E-012 -4.8344413962661295E-012  5.6088887535757392E-004  2.6954851969254075E-015  4.4070509919239429E-015 -7.8934712227562097E-007  2.0629128272699979E-004  1.5426935031967437E+001  1.3066403782542683E-011  2.1363243922239852E-011 -3.8263716810549389E-003
  1.1264000000000000E+002  4.7215287169266062E-012 -4.8347939353215848E-012  5.6095238484257413E-004  2.6917301684234347E-015  4.4062465459191713E-015 -7.9829068400002470E-007  2.0629128272699979E-004  1.5426935031967437E+001  1.3048201227136531E-011  2.1359344358485082E-011 -3.8697257268789972E-003
  1.1272000000000000E+002  4.7213135357333525E-012 -4.8351463957134765E-012  5.6101660186701392E-004  2.6876257522299952E-015  4.4050919867182870E-015 -8.0703494666125447E-007  2.0629128272699979E-004  1.5426935031967437E+001  1.3028305009812861E-011  2.1353747615909411E-011 -3.9121136675884221E-003
  1.1280000000000000E+002  4.7210986968062494E-012 -4.8354987500394597E-012  5.6108151043403993E-004  2.6831774156131193E-015  4.4036077388565645E-015 -8.1557860091916855E-007  2.0629128272699979E-004  1.5426935031967437E+001  1.3006741633213646E-011  2.1346552702760990E-011 -3.9535291561423411E-003
  1.1288000000000000E+002  4.7208842273468544E-012 -4.8358509729516936E-012  5.6114709444316099E-004  2.6783942242380603E-015  4.4018226318654167E-015 -8.2392036524070044E-007  2.0629128272699979E-004  1.5426935031967437E+001  1.2983555043281699E-011  2.1337899370613013E-011 -3.9939659802860116E-003
  1.1296000000000001E+002  4.7206701537303713E-012 -4.8362030416605582E-012  5.6121333769247844E-004  2.6732864472461713E-015  4.3997689890692620E-015 -8.3205898603538409E-007  2.0629128272699979E-004  1.5426935031967437E+001  1.2958795019876674E-011  2.1327944307245364E-011 -4.0334180632167682E-003
  1.1304000000000001E+002  4.7204565015152950E-012 -4.8365549359899447E-012  5.6128022388092665E-004  2.6678630402660759E-015  4.3974771414555134E-015 -8.3999323778816875E-007  2.0629128272699979E-004  1.5426935031967437E+001  1.2932504975502621E-011  2.1316834542500503E-011 -4.0718794642419023E-003
  1.1312000000000000E+002  4.7202432956439287E-012 -4.8369066380031911E-012  5.6134773661052455E-004  2.6621296740691984E-015  4.3949708554822113E-015 -8.4772192320036518E-007  2.0629128272699979E-004  1.5426935031967437E+001  1.2904712399295609E-011  2.1304685284696380E-011 -4.1093443794358187E-003
  1.1320000000000000E+002  4.7200305607674439E-012 -4.8372581313268218E-012  5.6141585938863871E-004  2.6560877692110134E-015  4.3922648492289248E-015 -8.5524387332449334E-007  2.0629128272699979E-004  1.5426935031967437E+001  1.2875424177422684E-011  2.1291567879946443E-011 -4.1458071423020552E-003
  1.1328000000000000E+002  4.7198183216008550E-012 -4.8376094003790677E-012  5.6148457563025647E-004  2.6497348560444436E-015  4.3893650000602831E-015 -8.6255794769845239E-007  2.0629128272699979E-004  1.5426935031967437E+001  1.2844628338236392E-011  2.1277510818847618E-011 -4.1812622244427299E-003
  1.1336000000000000E+002  4.7196066031904768E-012 -4.8379604297268315E-012  5.6155386866027046E-004  2.6430661787454481E-015  4.3862709853940226E-015 -8.6966303448985510E-007  2.0629128272699979E-004  1.5426935031967437E+001  1.2812301827823919E-011  2.1262512537641557E-011 -4.2157042362345378E-003
  1.1344000000000000E+002  4.7193954310122557E-012 -4.8383112037367308E-012  5.6162372171577484E-004  2.6360770851803878E-015  4.3829804618311031E-015 -8.7655805063629653E-007  2.0629128272699979E-004  1.5426935031967437E+001  1.2778422094901170E-011  2.1246561676714194E-011 -4.2491279275074642E-003
  1.1352000000000000E+002  4.7191848308568479E-012 -4.8386617066007245E-012  5.6169411794837227E-004  2.6287655544517065E-015  4.3794935669842075E-015 -8.8324194198020163E-007  2.0629128272699979E-004  1.5426935031967437E+001  1.2742979343120517E-011  2.1229658903122168E-011 -4.2815281882207087E-003
  1.1360000000000001E+002  4.7189748285235434E-012 -4.8390119227074482E-012  5.6176504042649168E-004  2.6211340461141107E-015  4.3758163472891584E-015 -8.8971368340841632E-007  2.0629128272699979E-004  1.5426935031967437E+001  1.2705985495196628E-011  2.1211833527045212E-011 -4.3129000491300973E-003
  1.1368000000000001E+002  4.7187654494094697E-012 -4.8393618372162907E-012  5.6183647213771761E-004  2.6131901539219034E-015  4.3719620743095848E-015 -8.9597227899044325E-007  2.0629128272699979E-004  1.5426935031967437E+001  1.2667477361994293E-011  2.1193149882594510E-011 -4.3432386824424005E-003
  1.1376000000000001E+002  4.7185567180989159E-012 -4.8397114366393378E-012  5.6190839599113015E-004  2.6049457339925330E-015  4.3679501683620907E-015 -9.0201676210651316E-007  2.0629128272699979E-004  1.5426935031967437E+001  1.2627512416203561E-011  2.1173702110044571E-011 -4.3725394024539252E-003
  1.1384000000000000E+002  4.7183486580920309E-012 -4.8400607092432287E-012  5.6198079481965466E-004  2.5964147488005148E-015  4.3638030402403090E-015 -9.0784619557701153E-007  2.0629128272699979E-004  1.5426935031967437E+001  1.2586158341131502E-011  2.1153598846051525E-011 -4.4007976661727469E-003
  1.1392000000000000E+002  4.7181412917391078E-012 -4.8404096451257762E-012  5.6205365138242247E-004  2.5876103156310037E-015  4.3595418150031439E-015 -9.1345967178716185E-007  2.0629128272699979E-004  1.5426935031967437E+001  1.2543478723010657E-011  2.1132942494584728E-011 -4.4280090739253763E-003
  1.1400000000000000E+002  4.7179346404415299E-012 -4.8407582359336292E-012  5.6212694836714060E-004  2.5785418136690827E-015  4.3551820792597104E-015 -9.1885631281035359E-007  2.0629128272699979E-004  1.5426935031967437E+001  1.2499519027555452E-011  2.1111808612010804E-011 -4.4541693699489820E-003
  1.1408000000000000E+002  4.7177287250489208E-012 -4.8411064742584578E-012  5.6220066839247212E-004  2.5692129321837027E-015  4.3507309355399944E-015 -9.2403527052672681E-007  2.0629128272699979E-004  1.5426935031967437E+001  1.2454297138575315E-011  2.1090231627961561E-011 -4.4792744429694997E-003
  1.1416000000000000E+002  4.7175235663723805E-012 -4.8414543528833156E-012  5.6227479401042488E-004  2.5596211305227317E-015  4.3461862331643061E-015 -9.2899572673904628E-007  2.0629128272699979E-004  1.5426935031967437E+001  1.2407800740228760E-011  2.1068201116934630E-011 -4.5033203267642779E-003
  1.1424000000000001E+002  4.7173191856680372E-012 -4.8418018640557641E-012  5.6234930770875037E-004  2.5497588325922538E-015  4.3415380606570402E-015 -9.3373689328518747E-007  2.0629128272699979E-004  1.5426935031967437E+001  1.2359993107270346E-011  2.1045669032936133E-011 -4.5263032007059716E-003
  1.1432000000000001E+002  4.7171156049591658E-012 -4.8421489989730207E-012  5.6242419191335051E-004  2.5396160015168099E-015  4.3367720533129721E-015 -9.3825801214520149E-007  2.0629128272699979E-004  1.5426935031967437E+001  1.2310825585756143E-011  2.1022565742868060E-011 -4.5482193902827948E-003
  1.1440000000000001E+002  4.7169128471077945E-012 -4.8424957475842941E-012  5.6249942899069360E-004  2.5291834892311540E-015  4.3318736210827645E-015 -9.4255835554363666E-007  2.0629128272699979E-004  1.5426935031967437E+001  1.2260253830394281E-011  2.0998820521231890E-011 -4.5690653675896633E-003
  1.1448000000000000E+002  4.7167109356008888E-012 -4.8428420987523939E-012  5.6257500125023749E-004  2.5184563009154212E-015  4.3268318723090493E-015 -9.4663722604237336E-007  2.0629128272699979E-004  1.5426935031967437E+001  1.2208253628678945E-011  2.0974380570578431E-011 -4.5888377517853364E-003
  1.1456000000000000E+002  4.7165098940996480E-012 -4.8431880406838636E-012  5.6265089094686038E-004  2.5074359070669232E-015  4.3216421461946014E-015 -9.5049395662736018E-007  2.0629128272699979E-004  1.5426935031967437E+001  1.2154832108837863E-011  2.0949223297593971E-011 -4.6075333095124144E-003
  1.1464000000000000E+002  4.7163097458557581E-012 -4.8435335614957851E-012  5.6272708028329787E-004  2.4961309996252197E-015  4.3163066241455587E-015 -9.5412791078857383E-007  2.0629128272699979E-004  1.5426935031967437E+001  1.2100031405223703E-011  2.0923359276682057E-011 -4.6251489552794622E-003
  1.1472000000000000E+002  4.7161105131397080E-012 -4.8438786497437269E-012  5.6280355141258656E-004  2.4845564606368278E-015  4.3108329877536769E-015 -9.5753848259116990E-007  2.0629128272699979E-004  1.5426935031967437E+001  1.2043923658771746E-011  2.0896825744499331E-011 -4.6416817518070913E-003
  1.1480000000000000E+002  4.7159122168220562E-012 -4.8442232947738257E-012  5.6288028644051245E-004  2.4727308977780235E-015  4.3052317356998999E-015 -9.6072509673985739E-007  2.0629128272699979E-004  1.5426935031967437E+001  1.1986599070474804E-011  2.0869673593526514E-011 -4.6571289103419971E-003
  1.1488000000000000E+002  4.7157148761960635E-012 -4.8445674868214389E-012  5.6295726742806493E-004  2.4606732558829712E-015  4.2995130522315256E-015 -9.6368720863785218E-007  2.0629128272699979E-004  1.5426935031967437E+001  1.1928149475622432E-011  2.0841952192031125E-011 -4.6714877909444256E-003
  1.1496000000000001E+002  4.7155185091011149E-012 -4.8449112168621827E-012  5.6303447639389451E-004  2.4483995974673173E-015  4.2936842180878982E-015 -9.6642430444176478E-007  2.0629128272699979E-004  1.5426935031967437E+001  1.1868652737523804E-011  2.0813696833542030E-011 -4.6847559027552018E-003
  1.1504000000000001E+002  4.7153231322604687E-012 -4.8452544762963329E-012  5.6311189531677562E-004  2.4359209300260271E-015  4.2877483783930759E-015 -9.6893590111716567E-007  2.0629128272699979E-004  1.5426935031967437E+001  1.1808162215234012E-011  2.0784922764125238E-011 -4.6969309042484645E-003
  1.1512000000000000E+002  4.7151287617523107E-012 -4.8455972566027256E-012  5.6318950613807326E-004  2.4232425531998682E-015  4.2817049577304575E-015 -9.7122154648330867E-007  2.0629128272699979E-004  1.5426935031967437E+001  1.1746703598770441E-011  2.0755627194394588E-011 -4.7080106034757358E-003
  1.1520000000000000E+002  4.7149354134519567E-012 -4.8459395490895698E-012  5.6326729076421294E-004  2.4103653421624884E-015  4.2755515757192032E-015 -9.7328081926598576E-007  2.0629128272699979E-004  1.5426935031967437E+001  1.1684281130545919E-011  2.0725798585397177E-011 -4.7179929583061764E-003
  1.1528000000000000E+002  4.7147431032975647E-012 -4.8462813448548407E-012  5.6334523106915581E-004  2.3972884712276934E-015  4.2692869118945104E-015 -9.7511332914767147E-007  2.0629128272699979E-004  1.5426935031967437E+001  1.1620890808075032E-011  2.0695430536184078E-011 -4.7268760766669355E-003
  1.1536000000000000E+002  4.7145518472965603E-012 -4.8466226349954729E-012  5.6342330889687657E-004  2.3840128166041165E-015  4.2629135912270130E-015 -9.7671871681495668E-007  2.0629128272699979E-004  1.5426935031967437E+001  1.1556536878775005E-011  2.0664535771338487E-011 -4.7346582167866842E-003
  1.1544000000000000E+002  4.7143616612469081E-012 -4.8469634110294370E-012  5.6350150606384621E-004  2.3705440546369577E-015  4.2564403912520967E-015 -9.7809665401411405E-007  2.0629128272699979E-004  1.5426935031967437E+001  1.1491246858828611E-011  2.0633156840103610E-011 -4.7413377874448367E-003
  1.1552000000000000E+002  4.7141725602478184E-012 -4.8473036654580732E-012  5.6357980436151883E-004  2.3568944879869006E-015  4.2498831311628391E-015 -9.7924684359988702E-007  2.0629128272699979E-004  1.5426935031967437E+001  1.1425080385531776E-011  2.0601370426234383E-011 -4.7469133482287923E-003
  1.1560000000000001E+002  4.7139845581288302E-012 -4.8476433923304230E-012  5.6365818555882219E-004  2.3430831446403603E-015  4.2432639464467278E-015 -9.8016901959376576E-007  2.0629128272699979E-004  1.5426935031967437E+001  1.1358129697334127E-011  2.0569283831821897E-011 -4.7513836098018085E-003
  1.1568000000000001E+002  4.7137976669446759E-012 -4.8479825876895047E-012  5.6373663140465383E-004  2.3291339081198109E-015  4.2366093549420331E-015 -9.8086294724090777E-007  2.0629128272699979E-004  1.5426935031967437E+001  1.1290510569981622E-011  2.0537025602510932E-011 -4.7547474341846155E-003
  1.1576000000000001E+002  4.7136118967035310E-012 -4.8483212498272138E-012  5.6381512363038074E-004  2.3150721326924252E-015  4.2299475852423385E-015 -9.8132842307112420E-007  2.0629128272699979E-004  1.5426935031967437E+001  1.1222345908617472E-011  2.0504732576810426E-011 -4.7570038350542342E-003
  1.1584000000000000E+002  4.7134272554034451E-012 -4.8486593793031435E-012  5.6389364395234521E-004  2.3009207454783378E-015  4.2233059562041129E-015 -9.8156527496528730E-007  2.0629128272699979E-004  1.5426935031967437E+001  1.1153746852803617E-011  2.0472537183229442E-011 -4.7581519780633286E-003
  1.1592000000000000E+002  4.7132437493842545E-012 -4.8489969787802064E-012  5.6397217407437518E-004  2.2866967108391765E-015  4.2167090627433324E-015 -9.8157336222580351E-007  2.0629128272699979E-004  1.5426935031967437E+001  1.1084795637538109E-011  2.0440558646019724E-011 -4.7581911811824962E-003
  1.1600000000000000E+002  4.7130613839297109E-012 -4.8493340527531824E-012  5.6405069569030134E-004  2.2724087259146720E-015  4.2101781222749499E-015 -9.8135257565521816E-007  2.0629128272699979E-004  1.5426935031967437E+001  1.1015534422363749E-011  2.0408899816916085E-011 -4.7571209150663180E-003
  1.1608000000000000E+002  4.7128801639881081E-012 -4.8496706072797704E-012  5.6412919048648002E-004  2.2580569233394794E-015  4.2037315707686210E-015 -9.8090283763278721E-007  2.0629128272699979E-004  1.5426935031967437E+001  1.0945963850212424E-011  2.0377650064495042E-011 -4.7549408034420846E-003
  1.1616000000000000E+002  4.7127000948219766E-012 -4.8500066498045054E-012  5.6420764014432259E-004  2.2436345162642897E-015  4.1973865463373212E-015 -9.8022410219647006E-007  2.0629128272699979E-004  1.5426935031967437E+001  1.0876051021692011E-011  2.0346892466079345E-011 -4.7516506235184162E-003
  1.1624000000000001E+002  4.7125211824655058E-012 -4.8503421891271844E-012  5.6428602634283145E-004  2.2291309877621221E-015  4.1911606683622868E-015 -9.7931635513508674E-007  2.0629128272699979E-004  1.5426935031967437E+001  1.0805744955864572E-011  2.0316712431853497E-011 -4.7472503064098920E-003
  1.1632000000000001E+002  4.7123434338639346E-012 -4.8506772355114434E-012  5.6436433076114420E-004  2.2145360362587118E-015  4.1850734451288416E-015 -9.7817961407979746E-007  2.0629128272699979E-004  1.5426935031967437E+001  1.0734995715713216E-011  2.0287204528480866E-011 -4.7417399375734286E-003
  1.1640000000000001E+002  4.7121668566997044E-012 -4.8510118008784050E-012  5.6444253508108422E-004  2.1998431112954399E-015  4.1791468051576640E-015 -9.7681392858948351E-007  2.0629128272699979E-004  1.5426935031967437E+001  1.0663771547782264E-011  2.0258475054831743E-011 -4.7351197572523792E-003
  1.1648000000000000E+002  4.7119914589661273E-012 -4.8513458990002686E-012  5.6452062098971852E-004  2.1850517053002672E-015  4.1734045455373163E-015 -9.7521938024764786E-007  2.0629128272699979E-004  1.5426935031967437E+001  1.0592069991600372E-011  2.0230639367622999E-011 -4.7273901609248071E-003
  1.1656000000000000E+002  4.7118172484268564E-012 -4.8516795456056910E-012  5.6459857018192384E-004  2.1701677379308651E-015  4.1678708333712534E-015 -9.7339608275524999E-007  2.0629128272699979E-004  1.5426935031967437E+001  1.0519919742816710E-011  2.0203814617248474E-011 -4.7185516997529401E-003
  1.1664000000000000E+002  4.7116442321280584E-012 -4.8520127583336080E-012  5.6467636436295936E-004  2.1552019200200115E-015  4.1625681756865650E-015 -9.7134418202083012E-007  2.0629128272699979E-004  1.5426935031967437E+001  1.0447372722332349E-011  2.0178109906827222E-011 -4.7086050810313546E-003
  1.1672000000000000E+002  4.7114724161196532E-012 -4.8523455565138008E-012  5.6475398525104718E-004  2.1401666791334702E-015  4.1575153610194582E-015 -9.6906385625266647E-007  2.0629128272699979E-004  1.5426935031967437E+001  1.0374489172977655E-011  2.0153616314065040E-011 -4.6975511686320887E-003
  1.1680000000000000E+002  4.7113018054593970E-012 -4.8526779607913711E-012  5.6483141457995979E-004  2.1250726091960955E-015  4.1527259625131924E-015 -9.6655531605228766E-007  2.0629128272699979E-004  1.5426935031967437E+001  1.0301320448952262E-011  2.0130399635015590E-011 -4.6853909834458024E-003
  1.1688000000000000E+002  4.7111324045021818E-012 -4.8530099926678029E-012  5.6490863410161554E-004  2.1099254067630726E-015  4.1482077229700811E-015 -9.6381880450324177E-007  2.0629128272699979E-004  1.5426935031967437E+001  1.0227894164343403E-011  2.0108497402981195E-011 -4.6721257038193275E-003
  1.1696000000000001E+002  4.7109642173943150E-012 -4.8533416740270463E-012  5.6498562558868030E-004  2.0947242911221139E-015  4.1439630075188114E-015 -9.6085459725783252E-007  2.0629128272699979E-004  1.5426935031967437E+001  1.0154206534693202E-011  2.0087921082938040E-011 -4.6577566659913540E-003
  1.1704000000000001E+002  4.7107972486156023E-012 -4.8536730267490059E-012  5.6506237083717679E-004  2.0794624820983049E-015  4.1399901340252058E-015 -9.5766300263334220E-007  2.0629128272699979E-004  1.5426935031967437E+001  1.0080224693005094E-011  2.0068662520767227E-011 -4.6422853645293385E-003
  1.1712000000000000E+002  4.7106315033971792E-012 -4.8540040724484904E-012  5.6513885166910164E-004  2.0641295985749582E-015  4.1362851978827432E-015 -9.5424436169944549E-007  2.0629128272699979E-004  1.5426935031967437E+001  1.0005898316622519E-011  2.0050702788803535E-011 -4.6257134527717828E-003
  1.1720000000000000E+002  4.7104669878798303E-012 -4.8543348323806672E-012  5.6521504993504871E-004  2.0487154086853451E-015  4.1328438468410487E-015 -9.5059904837172188E-007  2.0629128272699979E-004  1.5426935031967437E+001  9.9311778064533251E-012  2.0034020789451478E-011 -4.6080427432806867E-003
  1.1728000000000000E+002  4.7103037089317896E-012 -4.8546653274639849E-012  5.6529094751684111E-004  2.0332140173186214E-015  4.1296625374429591E-015 -9.4672746950923386E-007  2.0629128272699979E-004  1.5426935031967437E+001  9.8560345858596049E-012  2.0018599345781369E-011 -4.5892752083092122E-003
  1.1736000000000000E+002  4.7101416736370593E-012 -4.8549955783866581E-012  5.6536652633017018E-004  2.0176273257381159E-015  4.1267389921397559E-015 -9.4263006501278277E-007  2.0629128272699979E-004  1.5426935031967437E+001  9.7804778712424702E-012  2.0004427417337388E-011 -4.5694129802893715E-003
  1.1744000000000000E+002  4.7099808885596715E-012 -4.8553256057027273E-012  5.6544176832724316E-004  2.0019669094388409E-015  4.1240717398585743E-015 -9.3830730793468425E-007  2.0629128272699979E-004  1.5426935031967437E+001  9.7045637749532964E-012  1.9991497873040758E-011 -4.5484583523437636E-003
  1.1752000000000000E+002  4.7098213589315491E-012 -4.8556554298650354E-012  5.6551665549943973E-004  1.9862538424776342E-015  4.1216590296715169E-015 -9.3375970458651082E-007  2.0629128272699979E-004  1.5426935031967437E+001  9.6283944538085177E-012  1.9979802225214770E-011 -4.5264137788239046E-003
  1.1760000000000001E+002  4.7096630879448751E-012 -4.8559850711474747E-012  5.6559116987997700E-004  1.9705164965285152E-015  4.1194975328178045E-015 -9.2898779465496600E-007  2.0629128272699979E-004  1.5426935031967437E+001  9.5521074399328972E-012  1.9969324337688531E-011 -4.5032818758754638E-003
  1.1768000000000001E+002  4.7095060762921045E-012 -4.8563145494702863E-012  5.6566529354658453E-004  1.9547869180497056E-015  4.1175813604671878E-015 -9.2399215132792285E-007  2.0629128272699979E-004  1.5426935031967437E+001  9.4758580789531237E-012  1.9960035664292225E-011 -4.4790654220279525E-003
  1.1776000000000001E+002  4.7093503220379871E-012 -4.8566438841651495E-012  5.6573900862418947E-004  1.9390967257222464E-015  4.1159017326205109E-015 -9.1877338141504138E-007  2.0629128272699979E-004  1.5426935031967437E+001  9.3997996429341362E-012  1.9951893643846379E-011 -4.4537673588036222E-003
  1.1784000000000000E+002  4.7091958208159890E-012 -4.8569730937475056E-012  5.6581229728761093E-004  1.9234735637566115E-015  4.1144475827785370E-015 -9.1333212547855050E-007  2.0629128272699979E-004  1.5426935031967437E+001  9.3240661375879542E-012  1.9944844631302443E-011 -4.4273907913382031E-003
  1.1792000000000000E+002  4.7090425662677860E-012 -4.8573021957783940E-012  5.6588514176426604E-004  1.9079390728667286E-015  4.1132069115212388E-015 -9.0766905796199702E-007  2.0629128272699979E-004  1.5426935031967437E+001  9.2487624665722761E-012  1.9938830459284133E-011 -4.3999389890053194E-003
  1.1800000000000000E+002  4.7088905505643303E-012 -4.8576312068533490E-012  5.6595752433688485E-004  1.8925087580392214E-015  4.1121686233798826E-015 -9.0178488731763938E-007  2.0629128272699979E-004  1.5426935031967437E+001  9.1739637905462881E-012  1.9933797342368831E-011 -4.3714153860371545E-003
  1.1808000000000000E+002  4.7087397648664998E-012 -4.8579601427581348E-012  5.6602942734623686E-004  1.8771937389867280E-015  4.1113244432161945E-015 -8.9568035613384143E-007  2.0629128272699979E-004  1.5426935031967437E+001  9.0997240124380388E-012  1.9929705166732577E-011 -4.3418235821360267E-003
  1.1816000000000000E+002  4.7085901995660924E-012 -4.8582890187642635E-012  5.6610083319386627E-004  1.8620037826453409E-015  4.1106704319763065E-015 -8.8935624125365703E-007  2.0629128272699979E-004  1.5426935031967437E+001  9.0260904776397476E-012  1.9926534837717913E-011 -4.3111673430743357E-003
  1.1824000000000001E+002  4.7084418442612765E-012 -4.8586178500272510E-012  5.6617172434483744E-004  1.8469506504540538E-015  4.1102077531252932E-015 -8.8281335390493431E-007  2.0629128272699979E-004  1.5426935031967437E+001  8.9531201999365836E-012  1.9924291995234115E-011 -4.2794506012830127E-003
  1.1832000000000001E+002  4.7082946874620198E-012 -4.8589466520047636E-012  5.6624208333049106E-004  1.8320506971680305E-015  4.1099426030759503E-015 -8.7605253981551216E-007  2.0629128272699979E-004  1.5426935031967437E+001  8.8808924592131109E-012  1.9923006676489993E-011 -4.2466774564305781E-003
  1.1840000000000001E+002  4.7081487161497296E-012 -4.8592754408437432E-012  5.6631189275120793E-004  1.8173259286794270E-015  4.1098853114733692E-015 -8.6907467932570621E-007  2.0629128272699979E-004  1.5426935031967437E+001  8.8095139293280072E-012  1.9922728954630047E-011 -4.2128521759957618E-003
  1.1848000000000000E+002  4.7080039153134311E-012 -4.8596042336545993E-012  5.6638113527918317E-004  1.8028032965258308E-015  4.1100488357958936E-015 -8.6188068751570255E-007  2.0629128272699979E-004  1.5426935031967437E+001  8.7391152582793979E-012  1.9923521641190487E-011 -4.1779791958364305E-003
  1.1856000000000000E+002  4.7078602676222855E-012 -4.8599330486574705E-012  5.6644979366121044E-004  1.7885121674163282E-015  4.1104470662003198E-015 -8.5447151431736613E-007  2.0629128272699979E-004  1.5426935031967437E+001  8.6698388016217908E-012  1.9925452068850660E-011 -4.1420631207564809E-003
  1.1864000000000000E+002  4.7077177533666445E-012 -4.8602619051851914E-012  5.6651785072147395E-004  1.7744806607611051E-015  4.1110933151246311E-015 -8.4684814462875958E-007  2.0629128272699979E-004  1.5426935031967437E+001  8.6018208685551142E-012  1.9928584769936243E-011 -4.1051087250706768E-003
  1.1872000000000000E+002  4.7075763507165637E-012 -4.8605908235878905E-012  5.6658528936435104E-004  1.7607318701564526E-015  4.1119993710689056E-015 -8.3901159843476070E-007  2.0629128272699979E-004  1.5426935031967437E+001  8.5351734056842586E-012  1.9932976889330519E-011 -4.0671209531654082E-003
  1.1880000000000000E+002  4.7074360362674194E-012 -4.8609198250845624E-012  5.6665209257722351E-004  1.7472808102431531E-015  4.1131753443420864E-015 -8.3096293091683795E-007  2.0629128272699979E-004  1.5426935031967437E+001  8.4699691966856545E-012  1.9938677436896899E-011 -4.0281049200512420E-003
  1.1888000000000000E+002  4.7072967857869248E-012 -4.8612489316429852E-012  5.6671824343329773E-004  1.7341328865233211E-015  4.1146302053150296E-015 -8.2270323256553642E-007  2.0629128272699979E-004  1.5426935031967437E+001  8.4062344447983401E-012  1.9945729896671680E-011 -3.9880659119012028E-003
  1.1896000000000001E+002  4.7071585750055757E-012 -4.8615781659174128E-012  5.6678372509443400E-004  1.7212843020390258E-015  4.1163728160183277E-015 -8.1423362928957567E-007  2.0629128272699979E-004  1.5426935031967437E+001  8.3439507442347965E-012  1.9954177227455447E-011 -3.9470093865672465E-003
  1.1904000000000001E+002  4.7070213802985986E-012 -4.8619075512935481E-012  5.6684852081398407E-004  1.7087241768661009E-015  4.1184132231017419E-015 -8.0555528251275029E-007  2.0629128272699979E-004  1.5426935031967437E+001  8.2830653543618202E-012  1.9964068130555694E-011 -3.9049409740666450E-003
  1.1912000000000000E+002  4.7068851791372771E-012 -4.8622371120331091E-012  5.6691261393963604E-004  1.6964378635715733E-015  4.1207635877459614E-015 -7.9666938926676472E-007  2.0629128272699979E-004  1.5426935031967437E+001  8.2235072715822493E-012  1.9975461557447735E-011 -3.8618664770301153E-003
  1.1920000000000000E+002  4.7067499502404271E-012 -4.8625668734675875E-012  5.6697598791626675E-004  1.6844106600903813E-015  4.1234384744891929E-015 -7.8757718227525893E-007  2.0629128272699979E-004  1.5426935031967437E+001  8.1652052274122668E-012  1.9988428109921399E-011 -3.8177918711045063E-003
  1.1928000000000000E+002  4.7066156734316627E-012 -4.8628968621890274E-012  5.6703862628880008E-004  1.6726309252791396E-015  4.1264544116561944E-015 -7.7827993002563679E-007  2.0629128272699979E-004  1.5426935031967437E+001  8.1081027912168882E-012  2.0003047909302525E-011 -3.7727233053043408E-003
  1.1936000000000000E+002  4.7064823292923825E-012 -4.8632271061734525E-012  5.6710051270507085E-004  1.6610918824970303E-015  4.1298286993932332E-015 -7.6877893683208534E-007  2.0629128272699979E-004  1.5426935031967437E+001  8.0521671131359669E-012  2.0019404818277791E-011 -3.7266671023082169E-003
  1.1944000000000000E+002  4.7063498987304631E-012 -4.8635576347809303E-012  5.6716163091869321E-004  1.6497917837797489E-015  4.1335776982816843E-015 -7.5907554288233100E-007  2.0629128272699979E-004  1.5426935031967437E+001  7.9973897198785544E-012  2.0037578145011370E-011 -3.6796297586975764E-003
  1.1952000000000000E+002  4.7062183626069777E-012 -4.8638884786051776E-012  5.6722196479193202E-004  1.6387325619652553E-015  4.1377149388032095E-015 -7.4917112427694190E-007  2.0629128272699979E-004  1.5426935031967437E+001  7.9437799809391236E-012  2.0057633478765434E-011 -3.6316179451365239E-003
  1.1960000000000001E+002  4.7060877015205487E-012 -4.8642196691711388E-012  5.6728149829857752E-004  1.6279174347326159E-015  4.1422494857799277E-015 -7.3906709305236718E-007  2.0629128272699979E-004  1.5426935031967437E+001  7.8913534940215674E-012  2.0079614761340497E-011 -3.5826385064922760E-003
  1.1968000000000001E+002  4.7059578958174205E-012 -4.8645512385229023E-012  5.6734021552682040E-004  1.6173483099690668E-015  4.1471849170810083E-015 -7.2876489719245663E-007  2.0629128272699979E-004  1.5426935031967437E+001  7.8401195076615456E-012  2.0103539336517932E-011 -3.5326984618966766E-003
  1.1976000000000001E+002  4.7058289257909536E-012 -4.8648832187578718E-012  5.6739810068212832E-004  1.6070237727080553E-015  4.1525191678800712E-015 -7.1826602063455934E-007  2.0629128272699979E-004  1.5426935031967437E+001  7.7900711628045963E-012  2.0129397195013555E-011 -3.4818050047503179E-003
  1.1984000000000000E+002  4.7057007720137872E-012 -4.8652156415897632E-012  5.6745513809012193E-004  1.5969381889983973E-015  4.1582453084190282E-015 -7.0757198325529353E-007  2.0629128272699979E-004  1.5426935031967437E+001  7.7411811487493584E-012  2.0157154744730445E-011 -3.4299655026722923E-003
  1.1992000000000000E+002  4.7055734156807139E-012 -4.8655485380072188E-012  5.6751131219944916E-004  1.5870823438037115E-015  4.1643530164541966E-015 -6.9668434084886252E-007  2.0629128272699979E-004  1.5426935031967437E+001  7.6934047955029783E-012  2.0186761948483478E-011 -3.3771874974004240E-003
  1.2000000000000000E+002  4.7054468388387786E-012 -4.8658819380723958E-012  5.6756660758465775E-004  1.5774453584923011E-015  4.1708305117603335E-015 -6.8560468509791680E-007  2.0629128272699979E-004  1.5426935031967437E+001  7.6466893687467279E-012  2.0218161701384385E-011 -3.3234787046486761E-003
  1.2008000000000000E+002  4.7053210244233551E-012 -4.8662158708891005E-012  5.6762100894906483E-004  1.5680174684858212E-015  4.1776665156257834E-015 -6.7433464354102793E-007  2.0629128272699979E-004  1.5426935031967437E+001  7.6009875345327449E-012  2.0251299329747801E-011 -3.2688470139298396E-003
  1.2016000000000000E+002  4.7051959560438209E-012 -4.8665503647148960E-012  5.6767450112762431E-004  1.5587929070520202E-015  4.1848516910777258E-015 -6.6287587952932052E-007  2.0629128272699979E-004  1.5426935031967437E+001  7.5562713385250537E-012  2.0286129572499951E-011 -3.2133004883521691E-003
  1.2024000000000001E+002  4.7050716175582268E-012 -4.8668854471596729E-012  5.6772706908978952E-004  1.5497722966968157E-015  4.1923792841642451E-015 -6.5123009217497255E-007  2.0629128272699979E-004  1.5426935031967437E+001  7.5125437983293520E-012  2.0322619689706743E-011 -3.1568473643980377E-003
  1.2032000000000001E+002  4.7049479924763494E-012 -4.8672211454003622E-012  5.6777869794237231E-004  1.5409638808374380E-015  4.2002449059863819E-015 -6.3939901631055785E-007  2.0629128272699979E-004  1.5426935031967437E+001  7.4698448740437869E-012  2.0360748406129179E-011 -3.0994960516908952E-003
  1.2040000000000001E+002  4.7048250633372928E-012 -4.8675574863446307E-012  5.6782937293239921E-004  1.5323833308255958E-015  4.2084455704897777E-015 -6.2738442243619121E-007  2.0629128272699979E-004  1.5426935031967437E+001  7.4282505327832230E-012  2.0400501246855103E-011 -3.0412551327540960E-003
  1.2048000000000000E+002  4.7047028111434173E-012 -4.8678944966916406E-012  5.6787907944996210E-004  1.5240523287998810E-015  4.2169782756812970E-015 -6.1518811666735115E-007  2.0629128272699979E-004  1.5426935031967437E+001  7.3878658790136546E-012  2.0441863659662724E-011 -2.9821333627619031E-003
  1.2056000000000000E+002  4.7045812149646848E-012 -4.8682322028687397E-012  5.6792780303106599E-004  1.5159960766977944E-015  4.2258386309555167E-015 -6.0281194068338034E-007  2.0629128272699979E-004  1.5426935031967437E+001  7.3488130795315973E-012  2.0484814361010868E-011 -2.9221396692797629E-003
  1.2064000000000000E+002  4.7044602517711456E-012 -4.8685706308725935E-012  5.6797552936047144E-004  1.5082404274930136E-015  4.2350198262138195E-015 -5.9025777166920972E-007  2.0629128272699979E-004  1.5426935031967437E+001  7.3112174569850784E-012  2.0529320338830699E-011 -2.8612831519882380E-003
  1.2072000000000000E+002  4.7043398964962859E-012 -4.8689098060409339E-012  5.6802224427453306E-004  1.5008093469969337E-015  4.2445123521810170E-015 -5.7752752225301686E-007  2.0629128272699979E-004  1.5426935031967437E+001  7.2751951859458298E-012  2.0575335496821249E-011 -2.7995730823832175E-003
  1.2080000000000000E+002  4.7042201222756261E-012 -4.8692497528489424E-012  5.6806793376403192E-004  1.4937231671817837E-015  4.2543045638262173E-015 -5.6462314043914099E-007  2.0629128272699979E-004  1.5426935031967437E+001  7.2408448259729636E-012  2.0622803385524577E-011 -2.7370189034443310E-003
  1.2088000000000000E+002  4.7041009007895369E-012 -4.8695904947711461E-012  5.6811258397700332E-004  1.4869978808102354E-015  4.2643838492855541E-015 -5.5154660953218881E-007  2.0629128272699979E-004  1.5426935031967437E+001  7.2082439022601775E-012  2.0671662868727728E-011 -2.6736302292638468E-003
  1.2096000000000001E+002  4.7039822026146965E-012 -4.8699320542648281E-012  5.6815618122155707E-004  1.4806455554851417E-015  4.2747382648969511E-015 -5.3829994804758781E-007  2.0629128272699979E-004  1.5426935031967437E+001  7.1774509126746761E-012  2.0721856049321926E-011 -2.6094168446294357E-003
  1.2104000000000001E+002  4.7038639975006592E-012 -4.8702744528935296E-012  5.6819871196869094E-004  1.4746756223074684E-015  4.2853581227164293E-015 -5.2488520961875150E-007  2.0629128272699979E-004  1.5426935031967437E+001  7.1485115745686886E-012  2.0773335964879255E-011 -2.5443887045556277E-003
  1.2112000000000000E+002  4.7037462545151273E-012 -4.8706177115644628E-012  5.6824016285509607E-004  1.4690965229875716E-015  4.2962372226102937E-015 -5.1130448288662627E-007  2.0629128272699979E-004  1.5426935031967437E+001  7.1214668092859785E-012  2.0826072560211212E-011 -2.4785559337601160E-003
  1.2120000000000000E+002  4.7036289420569812E-012 -4.8709618508491473E-012  5.6828052068595280E-004  1.4639171274168853E-015  4.3073733461451687E-015 -4.9755989137907392E-007  2.0629128272699979E-004  1.5426935031967437E+001  7.0963596137749786E-012  2.0880055081377463E-011 -2.4119288260819635E-003
  1.2128000000000000E+002  4.7035120277747406E-012 -4.8713068912998460E-012  5.6831977243771673E-004  1.4591476128300492E-015  4.3187678308908860E-015 -4.8365359338212264E-007  2.0629128272699979E-004  1.5426935031967437E+001  7.0732393223064441E-012  2.0935290012248318E-011 -2.3445178438391413E-003
  1.2136000000000000E+002  4.7033954784389284E-012 -4.8716528537020898E-012  5.6835790526089394E-004  1.4547994478610841E-015  4.3304243372983611E-015 -4.6958778179088923E-007  2.0629128272699979E-004  1.5426935031967437E+001  7.0521615292340837E-012  2.0991795096966883E-011 -2.2763336171228044E-003
  1.2144000000000000E+002  4.7032792598630828E-012 -4.8719997591938137E-012  5.6839490648280327E-004  1.4508844634747662E-015  4.3423469975295628E-015 -4.5536468395101452E-007  2.0629128272699979E-004  1.5426935031967437E+001  7.0331835853592810E-012  2.1049590366258647E-011 -2.2073869430255942E-003
  1.2152000000000000E+002  4.7031633369247725E-012 -4.8723476292216946E-012  5.6843076361032610E-004  1.4474132472042831E-015  4.3545384683720942E-015 -4.4098656148722389E-007  2.0629128272699979E-004  1.5426935031967437E+001  7.0163568138815204E-012  2.1108688698879349E-011 -2.1376887848013129E-003
  1.2160000000000001E+002  4.7030476737435301E-012 -4.8726964853487533E-012  5.6846546433264122E-004  1.4443931721298811E-015  4.3669983187115776E-015 -4.2645571011291428E-007  2.0629128272699979E-004  1.5426935031967437E+001  7.0017169559269745E-012  2.1169088005019261E-011 -2.0672502709536706E-003
  1.2168000000000001E+002  4.7029322340172317E-012 -4.8730463489526884E-012  5.6849899652394416E-004  1.4418265962817615E-015  4.3797220756536688E-015 -4.1177445942686629E-007  2.0629128272699979E-004  1.5426935031967437E+001  6.9892754420986037E-012  2.1230766602261238E-011 -1.9960826942523550E-003
  1.2176000000000001E+002  4.7028169814881250E-012 -4.8733972408808578E-012  5.6853134824614952E-004  1.4397096781976169E-015  4.3927011401247761E-015 -3.9694517269775898E-007  2.0629128272699979E-004  1.5426935031967437E+001  6.9790136508225381E-012  2.1293682806465054E-011 -1.9241975106751217E-003
  1.2184000000000000E+002  4.7027018804687201E-012 -4.8737491811351084E-012  5.6856250775157581E-004  1.4380321246739431E-015  4.4059235398265411E-015 -3.8197024662835590E-007  2.0629128272699979E-004  1.5426935031967437E+001  6.9708816856691973E-012  2.1357778581754097E-011 -1.8516063382746858E-003
  1.2192000000000000E+002  4.7025868963481772E-012 -4.8741021886472301E-012  5.6859246348561006E-004  1.4367779820351799E-015  4.4193752558348244E-015 -3.6685211110681622E-007  2.0629128272699979E-004  1.5426935031967437E+001  6.9648022109393303E-012  2.1422985971179464E-011 -1.7783209559687470E-003
  1.2200000000000000E+002  4.7024719959915944E-012 -4.8744562811760419E-012  5.6862120408935290E-004  1.4359273289762015E-015  4.4330417443464702E-015 -3.5159322894106520E-007  2.0629128272699979E-004  1.5426935031967437E+001  6.9606786578296355E-012  2.1489234473430764E-011 -1.7043533022506072E-003
  1.2208000000000000E+002  4.7023571479755410E-012 -4.8748114753263255E-012  5.6864871840224063E-004  1.4354586010791823E-015  4.4469092502122308E-015 -3.3619609557351349E-007  2.0629128272699979E-004  1.5426935031967437E+001  6.9584064925057853E-012  2.1556457410255089E-011 -1.6297154738167930E-003
  1.2216000000000000E+002  4.7022423226154218E-012 -4.8751677866560759E-012  5.6867499546464466E-004  1.4353510205203316E-015  4.4609656315930245E-015 -3.2066323878154630E-007  2.0629128272699979E-004  1.5426935031967437E+001  6.9578849941721037E-012  2.1624595923890348E-011 -1.5544197241071673E-003
  1.2224000000000001E+002  4.7021274918122578E-012 -4.8755252298273804E-012  5.6870002452044568E-004  1.4355865948339053E-015  4.4752005350744343E-015 -3.0499721835903896E-007  2.0629128272699979E-004  1.5426935031967437E+001  6.9590269441145525E-012  2.1693599825995565E-011 -1.4784784617523535E-003
  1.2232000000000001E+002  4.7020126287602483E-012 -4.8758838187416878E-012  5.6872379501958210E-004  1.4361513504937623E-015  4.4896049272777058E-015 -2.8920062577144517E-007  2.0629128272699979E-004  1.5426935031967437E+001  6.9617646054069972E-012  2.1763425327180942E-011 -1.4019042489228886E-003
  1.2240000000000001E+002  4.7018977075961788E-012 -4.8762435666157448E-012  5.6874629662056911E-004  1.4370355494272840E-015  4.5041701495241796E-015 -2.7327608379529972E-007  2.0629128272699979E-004  1.5426935031967437E+001  6.9660507726196879E-012  2.1834030454326225E-011 -1.3247097995741891E-003
  1.2248000000000000E+002  4.7017827030723400E-012 -4.8766044859656117E-012  5.6876751919298935E-004  1.4382329415538895E-015  4.5188867458984812E-015 -2.5722624613807015E-007  2.0629128272699979E-004  1.5426935031967437E+001  6.9718551484155995E-012  2.1905369369762856E-011 -1.2469079775810868E-003
  1.2256000000000000E+002  4.7016675903255301E-012 -4.8769665884950886E-012  5.6878745281995120E-004  1.4397393726992352E-015  4.5337435094513160E-015 -2.4105379702209413E-007  2.0629128272699979E-004  1.5426935031967437E+001  6.9791575953355646E-012  2.1977387747663710E-011 -1.1685117947554473E-003
  1.2264000000000000E+002  4.7015523447727081E-012 -4.8773298849271239E-012  5.6880608780051289E-004  1.4415512100742867E-015  4.5487269678268182E-015 -2.2476145075428673E-007  2.0629128272699979E-004  1.5426935031967437E+001  6.9879405034366140E-012  2.2050020280548747E-011 -1.0895344087405484E-003
  1.2272000000000000E+002  4.7014369421319183E-012 -4.8776943848099409E-012  5.6882341465207189E-004  1.4436640795071713E-015  4.5638215080262667E-015 -2.0835195126535453E-007  2.0629128272699979E-004  1.5426935031967437E+001  6.9981826688363149E-012  2.2123191284169441E-011 -1.0099891207769264E-003
  1.2280000000000000E+002  4.7013213585199869E-012 -4.8780600963684081E-012  5.6883942411271534E-004  1.4460723064298347E-015  4.5790101813390340E-015 -1.9182807161987172E-007  2.0629128272699979E-004  1.5426935031967437E+001  7.0098565839301440E-012  2.2196818599441970E-011 -9.2988937333658825E-004
  1.2288000000000000E+002  4.7012055705628895E-012 -4.8784270264389551E-012  5.6885410714353107E-004  1.4487692822427160E-015  4.5942759636065736E-015 -1.7519261350196170E-007  2.0629128272699979E-004  1.5426935031967437E+001  7.0229302134652260E-012  2.2270819701514864E-011 -8.4924874762582598E-004
  1.2296000000000001E+002  4.7010895554348281E-012 -4.8787951805225851E-012  5.6886745493087566E-004  1.4517487514782608E-015  4.6096032386444285E-015 -1.5844840667455129E-007  2.0629128272699979E-004  1.5426935031967437E+001  7.0373732340134113E-012  2.2345118890659598E-011 -7.6808096096088799E-004
  1.2304000000000001E+002  4.7009732907626530E-012 -4.8791645629571382E-012  5.6887945888859899E-004  1.4550066650964585E-015  4.6249791210496361E-015 -1.4159830841355267E-007  2.0629128272699979E-004  1.5426935031967437E+001  7.0531660177809036E-012  2.2419653704754229E-011 -6.8639986402467838E-004
  1.2312000000000000E+002  4.7008567543684127E-012 -4.8795351771819531E-012  5.6889011066022183E-004  1.4585430644209986E-015  4.6403943516752373E-015 -1.2464520291697321E-007  2.0629128272699979E-004  1.5426935031967437E+001  7.0703087650539772E-012  2.2494379259936989E-011 -6.0421943801561859E-004
  1.2320000000000000E+002  4.7007399238723456E-012 -4.8799070260534063E-012  5.6889940212106571E-004  1.4623634795258612E-015  4.6558435778791093E-015 -1.0759200070115040E-007  2.0629128272699979E-004  1.5426935031967437E+001  7.0888282829722799E-012  2.2569269609131681E-011 -5.2155379170122022E-004
  1.2328000000000000E+002  4.7006227762116885E-012 -4.8802801121544137E-012  5.6890732538033401E-004  1.4664793992651495E-015  4.6713250618448540E-015 -9.0441637973269831E-008  2.0629128272699979E-004  1.5426935031967437E+001  7.1087802639194671E-012  2.2644316328308278E-011 -4.3841715838865693E-004
  1.2336000000000000E+002  4.7005052871684632E-012 -4.8806544380633015E-012  5.6891387278314143E-004  1.4709074817104143E-015  4.6868399204531007E-015 -7.3197075992363549E-008  2.0629128272699979E-004  1.5426935031967437E+001  7.1302454581188715E-012  2.2719524831550795E-011 -3.5482389282305940E-004
  1.2344000000000000E+002  4.7003874310146149E-012 -4.8810300065416862E-012  5.6891903691249279E-004  1.4756675681800721E-015  4.7023910628411142E-015 -5.5861300416078230E-008  2.0629128272699979E-004  1.5426935031967437E+001  7.1533200466510507E-012  2.2794909220946387E-011 -2.7078846802209222E-004
  1.2352000000000000E+002  4.7002691803575544E-012 -4.8814068206333560E-012  5.6892281059120801E-004  1.4807799059643426E-015  4.7179820499648861E-015 -3.8437320634568482E-008  2.0629128272699979E-004  1.5426935031967437E+001  7.1781021785640494E-012  2.2870486758318774E-011 -1.8632547205332621E-004
  1.2360000000000001E+002  4.7001505062296606E-012 -4.8817848836696806E-012  5.6892518688379432E-004  1.4862621886503988E-015  4.7336160719324786E-015 -2.0928169097613868E-008  2.0629128272699979E-004  1.5426935031967437E+001  7.2046776238067530E-012  2.2946272907703775E-011 -1.0144960475944090E-004
  1.2368000000000001E+002  4.7000313784073703E-012 -4.8821641992048652E-012  5.6892615909826362E-004  1.4921271003239005E-015  4.7492951817916319E-015 -3.3369006281834101E-009  2.0629128272699979E-004  1.5426935031967437E+001  7.2331078686488770E-012  2.3022277621274221E-011 -1.6175674435401065E-005
  1.2376000000000001E+002  4.6999117658936088E-012 -4.8825447708987673E-012  5.6892572078789483E-004  1.4983808727386122E-015  4.7650199014981592E-015  1.4333408274164313E-008  2.0629128272699979E-004  1.5426935031967437E+001  7.2634231215931399E-012  2.3098503429256818E-011  6.9481405538926870E-005
  1.2384000000000000E+002  4.6997916374677321E-012 -4.8829266023891049E-012  5.6892386575293976E-004  1.5050232042341237E-015  4.7807892067041844E-015  3.2079660134624443E-008  2.0629128272699979E-004  1.5426935031967437E+001  7.2956219203419411E-012  2.3174945366106001E-011  1.5550662010826798E-004
  1.2392000000000000E+002  4.6996709621809313E-012 -4.8833096971718399E-012  5.6892058804227329E-004  1.5120484788730476E-015  4.7966007551567243E-015  4.9898737214653516E-008  2.0629128272699979E-004  1.5426935031967437E+001  7.3296770415324233E-012  2.3251592077705261E-011  2.4188485599286515E-004
  1.2400000000000000E+002  4.6995497097111124E-012 -4.8836940585099300E-012  5.6891588195498541E-004  1.5194478028633579E-015  4.8124512391481195E-015  6.7787502234996789E-008  2.0629128272699979E-004  1.5426935031967437E+001  7.3655453724273786E-012  2.3328427529889055E-011  3.2860090518275863E-004
  1.2408000000000000E+002  4.6994278505324732E-012 -4.8840796893701036E-012  5.6890974204191569E-004  1.5272112739938320E-015  4.8283367021862583E-015  8.5742799104814200E-008  2.0629128272699979E-004  1.5426935031967437E+001  7.4031789119131292E-012  2.3405432543522512E-011  4.1563946848037725E-004
  1.2416000000000000E+002  4.6993053559072734E-012 -4.8844665923822798E-012  5.6890216310712864E-004  1.5353297594008890E-015  4.8442527104336156E-015  1.0376145366368123E-007  2.0629128272699979E-004  1.5426935031967437E+001  7.4425333882654391E-012  2.3482585625532347E-011  5.0298515909916240E-004
  1.2424000000000001E+002  4.6991821977709690E-012 -4.8848547698037730E-012  5.6889314020932950E-004  1.5437955526127314E-015  4.8601942401361706E-015  1.2184027443781992E-007  2.0629128272699979E-004  1.5426935031967437E+001  7.4835714442493901E-012  2.3559862423126521E-011  5.9062250632764296E-004
  1.2432000000000001E+002  4.6990583486188554E-012 -4.8852442234607016E-012  5.6888266866321859E-004  1.5526017704254237E-015  4.8761553041097586E-015  1.3997605341394817E-007  2.0629128272699979E-004  1.5426935031967437E+001  7.5262597134377152E-012  2.3637233913362329E-011  6.7853595926842074E-004
  1.2440000000000001E+002  4.6989337814877009E-012 -4.8856349546524306E-012  5.6887074404078327E-004  1.5617406195596522E-015  4.8921283739202841E-015  1.5816556682397105E-007  2.0629128272699979E-004  1.5426935031967437E+001  7.5705604178447413E-012  2.3714663602100055E-011  7.6670989065973029E-004
  1.2448000000000000E+002  4.6988084701197258E-012 -4.8860269640005289E-012  5.6885736217252676E-004  1.5712009521562217E-015  4.9081036978333197E-015  1.7640557595271144E-007  2.0629128272699979E-004  1.5426935031967437E+001  7.6164195180132599E-012  2.3792104217638094E-011  8.5512860078385520E-004
  1.2456000000000000E+002  4.6986823893353559E-012 -4.8864202512440839E-012  5.6884251914863084E-004  1.5809659923016461E-015  4.9240686944640603E-015  1.9469282796258131E-007  2.0629128272699979E-004  1.5426935031967437E+001  7.6637556924457803E-012  2.3869494771526188E-011  9.4377632146232162E-004
  1.2464000000000000E+002  4.6985555155609576E-012 -4.8868148149916431E-012  5.6882621132005274E-004  1.5910119622691649E-015  4.9400074858473976E-015  2.1302405673316073E-007  2.0629128272699979E-004  1.5426935031967437E+001  7.7124536783093077E-012  2.3946758295077560E-011  1.0326372201331581E-003
  1.2472000000000000E+002  4.6984278274213929E-012 -4.8872106524418195E-012  5.6880843529955353E-004  1.6013081461476328E-015  4.9559006333853491E-015  2.3139598372042816E-007  2.0629128272699979E-004  1.5426935031967437E+001  7.7623645797402747E-012  2.4023800559433109E-011  1.1216954040012947E-003
  1.2480000000000000E+002  4.6982993062575740E-012 -4.8876077590929848E-012  5.6878918796265747E-004  1.6118185993094119E-015  4.9717252323185159E-015  2.4980531882276688E-007  2.0629128272699979E-004  1.5426935031967437E+001  7.8133141546527152E-012  2.4100510533456138E-011  1.2109349242498731E-003
  1.2488000000000001E+002  4.6981699364455034E-012 -4.8880061284789905E-012  5.6876846644854189E-004  1.6225052189649866E-015  4.9874553086758418E-015  2.6824876125849115E-007  2.0629128272699979E-004  1.5426935031967437E+001  7.8651176992077922E-012  2.4176762307874966E-011  1.3003397802981676E-003
  1.2496000000000001E+002  4.6980397054225396E-012 -4.8884057519423729E-012  5.6874626816085612E-004  1.6333315917544043E-015  5.0030625544778301E-015  2.8672300045489200E-007  2.0629128272699979E-004  1.5426935031967437E+001  7.9175986991178961E-012  2.4252418659381752E-011  1.3898939240911392E-003
  1.2504000000000001E+002  4.6979086033908227E-012 -4.8888066184877069E-012  5.6872259076846910E-004  1.6442666225326837E-015  5.0185173676899824E-015  3.0522471693389484E-007  2.0629128272699979E-004  1.5426935031967437E+001  7.9706064202195403E-012  2.4327336091700757E-011  1.4795812644063993E-003
  1.2512000000000000E+002  4.6977766227629343E-012 -4.8892087147212033E-012  5.6869743220614669E-004  1.6552871373533171E-015  5.0337899799026176E-015  3.2375058319907240E-007  2.0629128272699979E-004  1.5426935031967437E+001  8.0240285264232580E-012  2.4401370302015235E-011  1.5693856711664557E-003
  1.2520000000000000E+002  4.6976437574488461E-012 -4.8896120248844913E-012  5.6867079067515725E-004  1.6663788400372179E-015  5.0488515642954799E-015  3.4229726462943390E-007  2.0629128272699979E-004  1.5426935031967437E+001  8.0777957168412827E-012  2.4474381551936845E-011  1.6592909797472865E-003
  1.2528000000000000E+002  4.6975100021485284E-012 -4.8900165309714906E-012  5.6864266464380598E-004  1.6775354384278579E-015  5.0636751458797246E-015  3.6086142036576029E-007  2.0629128272699979E-004  1.5426935031967437E+001  8.1318774901911324E-012  2.4546239079724109E-011  1.7492809952780887E-003
  1.2536000000000000E+002  4.6973753517786977E-012 -4.8904222129078321E-012  5.6861305284789873E-004  1.6887562396352561E-015  5.0782362054750711E-015  3.7943970419287380E-007  2.0629128272699979E-004  1.5426935031967437E+001  8.1862704876019281E-012  2.4616824028331007E-011  1.8393394969308629E-003
  1.2544000000000000E+002  4.6972398011501867E-012 -4.8908290487643666E-012  5.6858195429113512E-004  1.7000430039375205E-015  5.0925129223659412E-015  3.9802876542190742E-007  2.0629128272699979E-004  1.5426935031967437E+001  8.2409832420609929E-012  2.4686030621578108E-011  1.9294502422016885E-003
  1.2552000000000000E+002  4.6971033448980677E-012 -4.8912370149754106E-012  5.6854936824543123E-004  1.7113969626493364E-015  5.1064860899577137E-015  4.1662524977731786E-007  2.0629128272699979E-004  1.5426935031967437E+001  8.2960217224074720E-012  2.4753765755157370E-011  2.0195969711876141E-003
  1.2560000000000001E+002  4.6969659776361628E-012 -4.8916460865387598E-012  5.6851529425117075E-004  1.7228168769586845E-015  5.1201388799312948E-015  4.3522580027779978E-007  2.0629128272699979E-004  1.5426935031967437E+001  8.3513799234789391E-012  2.4819947853571849E-011  2.1097634108638639E-003
  1.2568000000000001E+002  4.6968276941977543E-012 -4.8920562371961997E-012  5.6847973211738678E-004  1.7342987757927792E-015  5.1334565533811874E-015  4.5382705811448953E-007  2.0629128272699979E-004  1.5426935031967437E+001  8.4070385954377367E-012  2.4884505469770635E-011  2.1999332793656979E-003
  1.2576000000000001E+002  4.6966884898320360E-012 -4.8924674395873008E-012  5.6844268192187243E-004  1.7458373956343716E-015  5.1464262746089768E-015  4.7242566354204385E-007  2.0629128272699979E-004  1.5426935031967437E+001  8.4629722233161914E-012  2.4947376382455172E-011  2.2900902902782414E-003
  1.2584000000000000E+002  4.6965483602144528E-012 -4.8928796654001371E-012  5.6840414401122005E-004  1.7574289061737541E-015  5.1590370946140491E-015  4.9101825676429751E-007  2.0629128272699979E-004  1.5426935031967437E+001  8.5191622396463898E-012  2.5008507516218489E-011  2.3802181569364659E-003
  1.2592000000000000E+002  4.6964073012070482E-012 -4.8932928855224390E-012  5.6836411900079015E-004  1.7690739889564564E-015  5.1712801563438394E-015  5.0960147882195381E-007  2.0629128272699979E-004  1.5426935031967437E+001  8.5756119481768176E-012  2.5067855936421147E-011  2.4703005967366990E-003
  1.2600000000000000E+002  4.6962653083762198E-012 -4.8937070702251521E-012  5.6832260777460854E-004  1.7807802973721415E-015  5.1831490682630158E-015  5.2817197248569616E-007  2.0629128272699979E-004  1.5426935031967437E+001  8.6323584488614680E-012  2.5125390659969502E-011  2.5603213354606891E-003
  1.2608000000000000E+002  4.6961223763594687E-012 -4.8941221893733611E-012  5.6827961148519244E-004  1.7925634762768892E-015  5.1946403865507028E-015  5.4672638315065485E-007  2.0629128272699979E-004  1.5426935031967437E+001  8.6894775803711302E-012  2.5181094992875034E-011  2.6502641116132207E-003
  1.2616000000000000E+002  4.6959784982200155E-012 -4.8945382126870002E-012  5.6823513155330443E-004  1.8044461701590110E-015  5.2057540986053206E-015  5.6526135973358435E-007  2.0629128272699979E-004  1.5426935031967437E+001  8.7470791121561875E-012  2.5234968874049101E-011  2.7401126807741522E-003
  1.2624000000000001E+002  4.6958336649722432E-012 -4.8949551100291380E-012  5.6818916966763506E-004  1.8164550705929785E-015  5.2164939447029353E-015  5.8377355557613923E-007  2.0629128272699979E-004  1.5426935031967437E+001  8.8052924320593408E-012  2.5287030434572439E-011  2.8298508199651956E-003
  1.2632000000000001E+002  4.6956878654087206E-012 -4.8953728517181527E-012  5.6814172778441225E-004  1.8286167163439641E-015  5.2268674674291758E-015  6.0225962934747253E-007  2.0629128272699979E-004  1.5426935031967437E+001  8.8642461871111796E-012  2.5337316237188982E-011  2.9194623320305596E-003
  1.2640000000000001E+002  4.6955410862976282E-012 -4.8957914088239267E-012  5.6809280812693947E-004  1.8409529246590823E-015  5.2368855841595379E-015  6.2071624594751160E-007  2.0629128272699979E-004  1.5426935031967437E+001  8.9240461367032974E-012  2.5385879204043131E-011  3.0089310500288069E-003
  1.2648000000000000E+002  4.6953933129407751E-012 -4.8962107534116182E-012  5.6804241318506065E-004  1.8534769846007899E-015  5.2465617696783170E-015  6.3914007741768799E-007  2.0629128272699979E-004  1.5426935031967437E+001  8.9847566998280130E-012  2.5432784654406682E-011  3.0982408416312815E-003
  1.2656000000000000E+002  4.6952445299800921E-012 -4.8966308587070752E-012  5.6799054571455264E-004  1.8661916018130550E-015  5.2559108468258104E-015  6.5752780384624628E-007  2.0629128272699979E-004  1.5426935031967437E+001  9.0463909920981419E-012  2.5478104442152313E-011  3.1873756135206016E-003
  1.2664000000000000E+002  4.6950947222844850E-012 -4.8970516991471103E-012  5.6793720873644525E-004  1.8790889767460660E-015  5.2649476150617403E-015  6.7587611427558569E-007  2.0629128272699979E-004  1.5426935031967437E+001  9.1089112050825124E-012  2.5521910307892480E-011  3.2763193157813891E-003
  1.2672000000000000E+002  4.6949438757438127E-012 -4.8974732503254851E-012  5.6788240553626854E-004  1.8921530020465853E-015  5.2736855609187499E-015  6.9418170760485848E-007  2.0629128272699979E-004  1.5426935031967437E+001  9.1722392581621959E-012  2.5564267627802217E-011  3.3650559462747127E-003
  1.2680000000000000E+002  4.6947919778041576E-012 -4.8978954888368573E-012  5.6782613966322847E-004  1.9053628941504387E-015  5.2821357943503212E-015  7.1244129348511432E-007  2.0629128272699979E-004  1.5426935031967437E+001  9.2362744026873094E-012  2.5605230257537603E-011  3.4535695549876089E-003
  1.2688000000000001E+002  4.6946390176807486E-012 -4.8983183920525811E-012  5.6776841492931092E-004  1.9186972569738829E-015  5.2903064418657606E-015  7.3065159321105658E-007  2.0629128272699979E-004  1.5426935031967437E+001  9.3009129208525575E-012  2.5644837590476533E-011  3.5418442483493282E-003
  1.2696000000000001E+002  4.6944849862430418E-012 -4.8987419378675559E-012  5.6770923540831470E-004  1.9321374347264376E-015  5.2982025017029096E-015  7.4880934060263422E-007  2.0629128272699979E-004  1.5426935031967437E+001  9.3660643784261331E-012  2.5683113855636316E-011  3.6298641935064492E-003
  1.2704000000000001E+002  4.6943298756911924E-012 -4.8991661044528536E-012  5.6764860543481450E-004  1.9456691948124673E-015  5.3058261163070127E-015  7.6691128287850220E-007  2.0629128272699979E-004  1.5426935031967437E+001  9.4316597826721092E-012  2.5720069438569488E-011  3.7176136225497117E-003
  1.2712000000000000E+002  4.6941736791718718E-012 -4.8995908700461650E-012  5.6758652960305414E-004  1.9592823929502610E-015  5.3131771867687963E-015  7.8495418151525165E-007  2.0629128272699979E-004  1.5426935031967437E+001  9.4976499590739096E-012  2.5755703859780105E-011  3.8050768366864902E-003
  1.2720000000000000E+002  4.6940163905083203E-012 -4.9000162128027366E-012  5.6752301276577206E-004  1.9729687788916840E-015  5.3202540717577553E-015  8.0293481309376522E-007  2.0629128272699979E-004  1.5426935031967437E+001  9.5639949144351042E-012  2.5790009162898211E-011  3.8922382103544822E-003
  1.2728000000000000E+002  4.6938580041672491E-012 -4.9004421106976462E-012  5.6745806003295914E-004  1.9867187321384713E-015  5.3270542352665708E-015  8.2084997013947376E-007  2.0629128272699979E-004  1.5426935031967437E+001  9.6306480132398262E-012  2.5822973054637239E-011  3.9790821952745250E-003
  1.2736000000000000E+002  4.6936985155111782E-012 -4.9008685414803792E-012  5.6739167677054975E-004  2.0005178967499585E-015  5.3335746784878431E-015  8.3869646194567236E-007  2.0629128272699979E-004  1.5426935031967437E+001  9.6975396648271988E-012  2.5854580998207711E-011  4.0655933244433352E-003
  1.2744000000000000E+002  4.6935379213037691E-012 -4.9012954826462043E-012  5.6732386859904783E-004  2.0143449204450085E-015  5.3398120284795336E-015  8.5647111538328380E-007  2.0629128272699979E-004  1.5426935031967437E+001  9.7645663637110871E-012  2.5884816643198374E-011  4.1517562160698351E-003
  1.2752000000000000E+002  4.6933762203239070E-012 -4.9017229114049360E-012  5.6725464139208842E-004  2.0281711397543706E-015  5.3457622243018225E-015  8.7417077570181296E-007  2.0629128272699979E-004  1.5426935031967437E+001  9.8315891633672706E-012  2.5913660304189583E-011  4.2375555774609450E-003
  1.2760000000000001E+002  4.6932134139214084E-012 -4.9021508046020926E-012  5.6718400127493554E-004  2.0419623769019351E-015  5.3514198858072158E-015  8.9179230732488015E-007  2.0629128272699979E-004  1.5426935031967437E+001  9.8984423864777830E-012  2.5941085900823568E-011  4.3229762088635663E-003
  1.2768000000000001E+002  4.6930495063436027E-012 -4.9025791385866651E-012  5.6711195462291644E-004  2.0556825876187277E-015  5.3567776103906122E-015  9.0933259463423476E-007  2.0629128272699979E-004  1.5426935031967437E+001  9.9649513079019261E-012  2.5967057548821825E-011  4.4080030072687739E-003
  1.2776000000000001E+002  4.6928845047073894E-012 -4.9030078890197551E-012  5.6703850805979407E-004  2.0692985171892990E-015  5.3618253631001112E-015  9.2678854274563750E-007  2.0629128272699979E-004  1.5426935031967437E+001  1.0030954724957117E-011  2.5991526603639350E-011  4.4926209701821700E-003
  1.2784000000000000E+002  4.6927184185808524E-012 -4.9034370306447611E-012  5.6696366845607714E-004  2.0827841885527821E-015  5.3665502472993705E-015  9.4415707828135443E-007  2.0629128272699979E-004  1.5426935031967437E+001  1.0096326713448839E-011  2.6014430548668022E-011  4.5768151993618184E-003
  1.2792000000000000E+002  4.6925512592372210E-012 -4.9038665370593230E-012  5.6688744292726905E-004  2.0961241319877913E-015  5.3709367376857585E-015  9.6143515013451947E-007  2.0629128272699979E-004  1.5426935031967437E+001  1.0160992283700604E-011  2.6035694124782015E-011  4.6605709045231128E-003
  1.2800000000000000E+002  4.6923830387197343E-012 -4.9042963805227909E-012  5.6680983883205562E-004  2.1093145446546488E-015  5.3749675485775610E-015  9.7861973022672069E-007  2.0629128272699979E-004  1.5426935031967437E+001  1.0224933001414392E-011  2.6055233539321058E-011  4.7438734070091764E-003
