# Real time calculation:
# Ac_ext: External vector potential field
# E_ext: External electric field
# Ac_tot: Total vector potential field
# E_tot: Total electric field
# Jm: Matter current density (electrons)
# 1:Time[a.u.] 2:Ac_ext_x[a.u.] 3:Ac_ext_y[a.u.] 4:Ac_ext_z[a.u.] 5:E_ext_x[a.u.] 6:E_ext_y[a.u.] 7:E_ext_z[a.u.] 8:Ac_tot_x[a.u.] 9:Ac_tot_y[a.u.] 10:Ac_tot_z[a.u.] 11:E_tot_x[a.u.] 12:E_tot_y[a.u.] 13:E_tot_z[a.u.]  14:Jm_x[a.u.] 15:Jm_y[a.u.] 16:Jm_z[a.u.]
      0.08000000 -0.000000000000000E+000 -0.000000000000000E+000 -0.138027298532963E-008  0.000000000000000E+000  0.000000000000000E+000  0.172534123166204E-007 -0.000000000000000E+000 -0.000000000000000E+000 -0.138027298532963E-008  0.000000000000000E+000  0.000000000000000E+000  0.172534123166204E-007   0.633726174343518E-012  0.624510239287930E-013 -0.384266887796624E-010
      0.16000000 -0.000000000000000E+000 -0.000000000000000E+000 -0.580666842821145E-008 -0.000000000000000E+000 -0.000000000000000E+000  0.553299430360227E-007  0.000000000000000E+000  0.000000000000000E+000 -0.580666842821145E-008 -0.000000000000000E+000 -0.000000000000000E+000  0.553299430360227E-007   0.562067906795580E-012  0.457299510598168E-014 -0.161930772078224E-009
      0.24000000 -0.000000000000000E+000 -0.000000000000000E+000 -0.137040236926158E-007 -0.000000000000000E+000 -0.000000000000000E+000  0.987169408050548E-007  0.000000000000000E+000  0.000000000000000E+000 -0.137040236926158E-007 -0.000000000000000E+000 -0.000000000000000E+000  0.987169408050548E-007   0.496482368051514E-012 -0.494790310691725E-013 -0.381863620440894E-009
      0.32000000 -0.000000000000000E+000 -0.000000000000000E+000 -0.254921426599183E-007 -0.000000000000000E+000 -0.000000000000000E+000  0.147351487091281E-006  0.000000000000000E+000  0.000000000000000E+000 -0.254921426599183E-007 -0.000000000000000E+000 -0.000000000000000E+000  0.147351487091281E-006   0.438414044932259E-012 -0.966001701232687E-013 -0.709264233420136E-009
      0.40000000 -0.000000000000000E+000 -0.000000000000000E+000 -0.415853860811687E-007 -0.000000000000000E+000 -0.000000000000000E+000  0.201165542765630E-006  0.000000000000000E+000  0.000000000000000E+000 -0.415853860811687E-007 -0.000000000000000E+000 -0.000000000000000E+000  0.201165542765630E-006   0.388571518771534E-012 -0.134682084268501E-012 -0.115475708504007E-008
      0.48000000 -0.000000000000000E+000 -0.000000000000000E+000 -0.623922660893541E-007 -0.000000000000000E+000 -0.000000000000000E+000  0.260086000102317E-006  0.000000000000000E+000  0.000000000000000E+000 -0.623922660893541E-007 -0.000000000000000E+000 -0.000000000000000E+000  0.260086000102317E-006   0.347564492417844E-012 -0.163179128934720E-012 -0.172857330646067E-008
      0.56000000 -0.000000000000000E+000 -0.000000000000000E+000 -0.883150451563447E-007 -0.000000000000000E+000 -0.000000000000000E+000  0.324034738337382E-006  0.000000000000000E+000  0.000000000000000E+000 -0.883150451563447E-007 -0.000000000000000E+000 -0.000000000000000E+000  0.324034738337382E-006   0.316262927937584E-012 -0.182641434578563E-012 -0.244057587333242E-008
      0.64000000 -0.000000000000000E+000 -0.000000000000000E+000 -0.119749339776354E-006 -0.000000000000000E+000 -0.000000000000000E+000  0.392928682750115E-006  0.000000000000000E+000  0.000000000000000E+000 -0.119749339776354E-006 -0.000000000000000E+000 -0.000000000000000E+000  0.392928682750115E-006   0.295595870392202E-012 -0.193625503854159E-012 -0.330028244711313E-008
      0.72000000 -0.000000000000000E+000 -0.000000000000000E+000 -0.157083729154640E-006 -0.000000000000000E+000 -0.000000000000000E+000  0.466679867228570E-006  0.000000000000000E+000  0.000000000000000E+000 -0.157083729154640E-006 -0.000000000000000E+000 -0.000000000000000E+000  0.466679867228570E-006   0.286038686467415E-012 -0.195956014744926E-012 -0.431688329447336E-008
      0.80000000 -0.000000000000000E+000 -0.000000000000000E+000 -0.200699369176947E-006 -0.000000000000000E+000 -0.000000000000000E+000  0.545195500278843E-006  0.000000000000000E+000  0.000000000000000E+000 -0.200699369176947E-006 -0.000000000000000E+000 -0.000000000000000E+000  0.545195500278843E-006   0.287347525291130E-012 -0.188895346114094E-012 -0.549925443160335E-008
      0.88000000 -0.000000000000000E+000 -0.000000000000000E+000 -0.250969611931724E-006 -0.000000000000000E+000 -0.000000000000000E+000  0.628378034434710E-006  0.000000000000000E+000  0.000000000000000E+000 -0.250969611931724E-006 -0.000000000000000E+000 -0.000000000000000E+000  0.628378034434710E-006   0.298865483323458E-012 -0.171920353096322E-012 -0.685596688770667E-008
      0.96000000 -0.000000000000000E+000 -0.000000000000000E+000 -0.308259631053633E-006 -0.000000000000000E+000 -0.000000000000000E+000  0.716125239023860E-006  0.000000000000000E+000  0.000000000000000E+000 -0.308259631053633E-006 -0.000000000000000E+000 -0.000000000000000E+000  0.716125239023860E-006   0.320108623160118E-012 -0.145361020904905E-012 -0.839529249833816E-008
      1.04000000 -0.000000000000000E+000 -0.000000000000000E+000 -0.372926053152936E-006 -0.000000000000000E+000 -0.000000000000000E+000  0.808330276241288E-006  0.000000000000000E+000  0.000000000000000E+000 -0.372926053152936E-006 -0.000000000000000E+000 -0.000000000000000E+000  0.808330276241288E-006   0.351079041678228E-012 -0.110327336901080E-012 -0.101252060359305E-007
      1.12000000 -0.000000000000000E+000 -0.000000000000000E+000 -0.445316595591649E-006 -0.000000000000000E+000 -0.000000000000000E+000  0.904881780483914E-006  0.000000000000000E+000  0.000000000000000E+000 -0.445316595591649E-006 -0.000000000000000E+000 -0.000000000000000E+000  0.904881780483914E-006   0.391884444324717E-012 -0.681366928080606E-013 -0.120533840068858E-007
      1.20000000 -0.000000000000000E+000 -0.000000000000000E+000 -0.525769710862960E-006 -0.000000000000000E+000 -0.000000000000000E+000  0.100566394089138E-005  0.000000000000000E+000  0.000000000000000E+000 -0.525769710862960E-006 -0.000000000000000E+000 -0.000000000000000E+000  0.100566394089138E-005   0.441939613903057E-012 -0.198549554839547E-013 -0.141872011654584E-007
      1.28000000 -0.000000000000000E+000 -0.000000000000000E+000 -0.614614237826428E-006 -0.000000000000000E+000 -0.000000000000000E+000  0.111055658704336E-005  0.000000000000000E+000  0.000000000000000E+000 -0.614614237826428E-006 -0.000000000000000E+000 -0.000000000000000E+000  0.111055658704336E-005   0.499358476831503E-012  0.335784136378066E-013 -0.165337266079661E-007
      1.36000000 -0.000000000000000E+000 -0.000000000000000E+000 -0.712169060046796E-006 -0.000000000000000E+000 -0.000000000000000E+000  0.121943527775460E-005  0.000000000000000E+000  0.000000000000000E+000 -0.712169060046796E-006 -0.000000000000000E+000 -0.000000000000000E+000  0.121943527775460E-005   0.561091015540898E-012  0.908089079835282E-013 -0.190997209137509E-007
      1.44000000 -0.000000000000000E+000 -0.000000000000000E+000 -0.818742771479869E-006 -0.000000000000000E+000 -0.000000000000000E+000  0.133217139291341E-005  0.000000000000000E+000  0.000000000000000E+000 -0.818742771479869E-006 -0.000000000000000E+000 -0.000000000000000E+000  0.133217139291341E-005   0.623701115770804E-012  0.149705461173472E-012 -0.218916349407199E-007
      1.52000000 -0.000000000000000E+000 -0.000000000000000E+000 -0.934633349743988E-006 -0.000000000000000E+000 -0.000000000000000E+000  0.144863222830149E-005  0.000000000000000E+000  0.000000000000000E+000 -0.934633349743988E-006 -0.000000000000000E+000 -0.000000000000000E+000  0.144863222830149E-005   0.684209598258591E-012  0.207560800807070E-012 -0.249156097940825E-007
      1.60000000 -0.000000000000000E+000 -0.000000000000000E+000 -0.106012783721099E-005 -0.000000000000000E+000 -0.000000000000000E+000  0.156868109333749E-005  0.000000000000000E+000  0.000000000000000E+000 -0.106012783721099E-005 -0.000000000000000E+000 -0.000000000000000E+000  0.156868109333749E-005   0.740439775806441E-012  0.261736692060976E-012 -0.281774771249782E-007
      1.68000000 -0.000000000000000E+000 -0.000000000000000E+000 -0.119550203014506E-005 -0.000000000000000E+000 -0.000000000000000E+000  0.169217741167586E-005  0.000000000000000E+000  0.000000000000000E+000 -0.119550203014506E-005 -0.000000000000000E+000 -0.000000000000000E+000  0.169217741167586E-005   0.790752467243156E-012  0.310195076286679E-012 -0.316827591471062E-007
      1.76000000 -0.000000000000000E+000 -0.000000000000000E+000 -0.134102017611332E-005 -0.000000000000000E+000 -0.000000000000000E+000  0.181897682460332E-005  0.000000000000000E+000  0.000000000000000E+000 -0.134102017611332E-005 -0.000000000000000E+000 -0.000000000000000E+000  0.181897682460332E-005   0.833584171469875E-012  0.351545343480087E-012 -0.354366681356651E-007
      1.84000000 -0.000000000000000E+000 -0.000000000000000E+000 -0.149693467988603E-005 -0.000000000000000E+000 -0.000000000000000E+000  0.194893129715889E-005  0.000000000000000E+000  0.000000000000000E+000 -0.149693467988603E-005 -0.000000000000000E+000 -0.000000000000000E+000  0.194893129715889E-005   0.867319795426583E-012  0.384733028975939E-012 -0.394441053691533E-007
      1.92000000 -0.000000000000000E+000 -0.000000000000000E+000 -0.166348581803923E-005 -0.000000000000000E+000 -0.000000000000000E+000  0.208188922691497E-005  0.000000000000000E+000  0.000000000000000E+000 -0.166348581803923E-005 -0.000000000000000E+000 -0.000000000000000E+000  0.208188922691497E-005   0.890596062799651E-012  0.408822139030946E-012 -0.437096594289784E-007
      2.00000000 -0.000000000000000E+000 -0.000000000000000E+000 -0.184090146246687E-005 -0.000000000000000E+000 -0.000000000000000E+000  0.221769555534549E-005  0.000000000000000E+000  0.000000000000000E+000 -0.184090146246687E-005 -0.000000000000000E+000 -0.000000000000000E+000  0.221769555534549E-005   0.902730538091917E-012  0.423111489230518E-012 -0.482376036440070E-007
      2.08000000 -0.000000000000000E+000 -0.000000000000000E+000 -0.202939681300383E-005 -0.000000000000000E+000 -0.000000000000000E+000  0.235619188171197E-005  0.000000000000000E+000  0.000000000000000E+000 -0.202939681300383E-005 -0.000000000000000E+000 -0.000000000000000E+000  0.235619188171197E-005   0.903831512520649E-012  0.427465179851787E-012 -0.530318925820302E-007
      2.16000000 -0.000000000000000E+000 -0.000000000000000E+000 -0.222917413935519E-005 -0.000000000000000E+000 -0.000000000000000E+000  0.249721657939207E-005  0.000000000000000E+000  0.000000000000000E+000 -0.222917413935519E-005 -0.000000000000000E+000 -0.000000000000000E+000  0.249721657939207E-005   0.894421540161394E-012  0.422395197261766E-012 -0.580961577503425E-007
      2.24000000 -0.000000000000000E+000 -0.000000000000000E+000 -0.244042253252139E-005 -0.000000000000000E+000 -0.000000000000000E+000  0.264060491457752E-005  0.000000000000000E+000  0.000000000000000E+000 -0.244042253252139E-005 -0.000000000000000E+000 -0.000000000000000E+000  0.264060491457752E-005   0.874910592238833E-012  0.408699712025909E-012 -0.634337026881665E-007
      2.32000000 -0.000000000000000E+000 -0.000000000000000E+000 -0.266331766590237E-005 -0.000000000000000E+000 -0.000000000000000E+000  0.278618916726214E-005  0.000000000000000E+000  0.000000000000000E+000 -0.266331766590237E-005 -0.000000000000000E+000 -0.000000000000000E+000  0.278618916726214E-005   0.845328214768002E-012  0.386940093912404E-012 -0.690474975123645E-007
      2.40000000 -0.000000000000000E+000 -0.000000000000000E+000 -0.289802156625826E-005 -0.000000000000000E+000 -0.000000000000000E+000  0.293379875444863E-005  0.000000000000000E+000  0.000000000000000E+000 -0.289802156625826E-005 -0.000000000000000E+000 -0.000000000000000E+000  0.293379875444863E-005   0.805512272341242E-012  0.357246276018550E-012 -0.749401727580804E-007
      2.48000000 -0.000000000000000E+000 -0.000000000000000E+000 -0.314468239469689E-005 -0.000000000000000E+000 -0.000000000000000E+000  0.308326035548290E-005  0.000000000000000E+000  0.000000000000000E+000 -0.314468239469689E-005 -0.000000000000000E+000 -0.000000000000000E+000  0.308326035548290E-005   0.755561290325141E-012  0.319672420266209E-012 -0.811140123586225E-007
      2.56000000 -0.000000000000000E+000 -0.000000000000000E+000 -0.340343423785275E-005 -0.000000000000000E+000 -0.000000000000000E+000  0.323439803944824E-005  0.000000000000000E+000  0.000000000000000E+000 -0.340343423785275E-005 -0.000000000000000E+000 -0.000000000000000E+000  0.323439803944824E-005   0.696213807161778E-012  0.274824079920849E-012 -0.875709459649105E-007
      2.64000000 -0.000000000000000E+000 -0.000000000000000E+000 -0.367439690941518E-005 -0.000000000000000E+000 -0.000000000000000E+000  0.338703339453036E-005  0.000000000000000E+000  0.000000000000000E+000 -0.367439690941518E-005 -0.000000000000000E+000 -0.000000000000000E+000  0.338703339453036E-005   0.628909561770079E-012  0.224157828147905E-012 -0.943125411734082E-007
      2.72000000 -0.000000000000000E+000 -0.000000000000000E+000 -0.395767576215651E-005 -0.000000000000000E+000 -0.000000000000000E+000  0.354098565926669E-005  0.000000000000000E+000  0.000000000000000E+000 -0.395767576215651E-005 -0.000000000000000E+000 -0.000000000000000E+000  0.354098565926669E-005   0.555605140275720E-012  0.169704239840198E-012 -0.101339996352101E-006
      2.80000000 -0.000000000000000E+000 -0.000000000000000E+000 -0.425336151060500E-005 -0.000000000000000E+000 -0.000000000000000E+000  0.369607185560612E-005  0.000000000000000E+000  0.000000000000000E+000 -0.425336151060500E-005 -0.000000000000000E+000 -0.000000000000000E+000  0.369607185560612E-005   0.478572052642493E-012  0.113460124773031E-012 -0.108654134376986E-006
      2.88000000 -0.000000000000000E+000 -0.000000000000000E+000 -0.456153006449949E-005 -0.000000000000000E+000 -0.000000000000000E+000  0.385210692368109E-005  0.000000000000000E+000  0.000000000000000E+000 -0.456153006449949E-005 -0.000000000000000E+000 -0.000000000000000E+000  0.385210692368109E-005   0.400246430377665E-012  0.570190591108052E-013 -0.116255397140203E-006
      2.96000000 -0.000000000000000E+000 -0.000000000000000E+000 -0.488224237315662E-005 -0.000000000000000E+000 -0.000000000000000E+000  0.400890385821413E-005  0.000000000000000E+000  0.000000000000000E+000 -0.488224237315662E-005 -0.000000000000000E+000 -0.000000000000000E+000  0.400890385821413E-005   0.322544384482614E-012  0.159803218513525E-014 -0.124109909221051E-006
      3.04000000 -0.000000000000000E+000 -0.000000000000000E+000 -0.521554428087393E-005 -0.000000000000000E+000 -0.000000000000000E+000  0.416627384646642E-005  0.000000000000000E+000  0.000000000000000E+000 -0.521554428087393E-005 -0.000000000000000E+000 -0.000000000000000E+000  0.416627384646642E-005   0.248493001399576E-012 -0.511430346977489E-013 -0.132258271353541E-006
      3.12000000 -0.000000000000000E+000 -0.000000000000000E+000 -0.556146639348520E-005 -0.000000000000000E+000 -0.000000000000000E+000  0.432402640764085E-005  0.000000000000000E+000  0.000000000000000E+000 -0.556146639348520E-005 -0.000000000000000E+000 -0.000000000000000E+000  0.432402640764085E-005   0.179753849819747E-012 -0.993700951039619E-013 -0.140688966872280E-006
      3.20000000 -0.000000000000000E+000 -0.000000000000000E+000 -0.592002395617706E-005 -0.000000000000000E+000 -0.000000000000000E+000  0.448196953364830E-005  0.000000000000000E+000  0.000000000000000E+000 -0.592002395617706E-005 -0.000000000000000E+000 -0.000000000000000E+000  0.448196953364830E-005   0.117537328530981E-012 -0.141255184923611E-012 -0.149400483392365E-006
      3.28000000 -0.000000000000000E+000 -0.000000000000000E+000 -0.629121674266917E-005 -0.000000000000000E+000 -0.000000000000000E+000  0.463990983115131E-005  0.000000000000000E+000  0.000000000000000E+000 -0.629121674266917E-005 -0.000000000000000E+000 -0.000000000000000E+000  0.463990983115131E-005   0.625132044292214E-013 -0.175697747346579E-012 -0.158390857555649E-006
      3.36000000 -0.000000000000000E+000 -0.000000000000000E+000 -0.667502895585160E-005 -0.000000000000000E+000 -0.000000000000000E+000  0.479765266478041E-005  0.000000000000000E+000  0.000000000000000E+000 -0.667502895585160E-005 -0.000000000000000E+000 -0.000000000000000E+000  0.479765266478041E-005   0.150807284391961E-013 -0.202685852886324E-012 -0.167657675620146E-006
      3.44000000 -0.000000000000000E+000 -0.000000000000000E+000 -0.707142913996781E-005 -0.000000000000000E+000 -0.000000000000000E+000  0.495500230145257E-005  0.000000000000000E+000  0.000000000000000E+000 -0.707142913996781E-005 -0.000000000000000E+000 -0.000000000000000E+000  0.495500230145257E-005  -0.244242294173411E-013 -0.222981946893799E-012 -0.177198072115342E-006
      3.52000000 -0.000000000000000E+000 -0.000000000000000E+000 -0.748037010442165E-005 -0.000000000000000E+000 -0.000000000000000E+000  0.511176205567306E-005  0.000000000000000E+000  0.000000000000000E+000 -0.748037010442165E-005 -0.000000000000000E+000 -0.000000000000000E+000  0.511176205567306E-005  -0.557536669284521E-013 -0.237329671341450E-012 -0.187008728876726E-006
      3.60000000 -0.000000000000000E+000 -0.000000000000000E+000 -0.790178885928141E-005 -0.000000000000000E+000 -0.000000000000000E+000  0.526773443574693E-005  0.000000000000000E+000  0.000000000000000E+000 -0.790178885928141E-005 -0.000000000000000E+000 -0.000000000000000E+000  0.526773443574693E-005  -0.789500471733896E-013 -0.245887153853489E-012 -0.197085873916954E-006
      3.68000000 -0.000000000000000E+000 -0.000000000000000E+000 -0.833560656254501E-005 -0.000000000000000E+000 -0.000000000000000E+000  0.542272129079504E-005  0.000000000000000E+000  0.000000000000000E+000 -0.833560656254501E-005 -0.000000000000000E+000 -0.000000000000000E+000  0.542272129079504E-005  -0.944236081608406E-013 -0.248304282207955E-012 -0.207425280458260E-006
      3.76000000 -0.000000000000000E+000 -0.000000000000000E+000 -0.878172847922367E-005 -0.000000000000000E+000 -0.000000000000000E+000  0.557652395848324E-005  0.000000000000000E+000  0.000000000000000E+000 -0.878172847922367E-005 -0.000000000000000E+000 -0.000000000000000E+000  0.557652395848324E-005  -0.102780562712596E-012 -0.244327532792959E-012 -0.218022266545699E-006
      3.84000000 -0.000000000000000E+000 -0.000000000000000E+000 -0.924004395229296E-005 -0.000000000000000E+000 -0.000000000000000E+000  0.572894341336617E-005  0.000000000000000E+000  0.000000000000000E+000 -0.924004395229296E-005 -0.000000000000000E+000 -0.000000000000000E+000  0.572894341336617E-005  -0.104472421803933E-012 -0.234357127546701E-012 -0.228871695243211E-006
      3.92000000 -0.000000000000000E+000 -0.000000000000000E+000 -0.971042638555355E-005 -0.000000000000000E+000 -0.000000000000000E+000  0.587978041575730E-005  0.000000000000000E+000  0.000000000000000E+000 -0.971042638555355E-005 -0.000000000000000E+000 -0.000000000000000E+000  0.587978041575730E-005  -0.996461952183125E-013 -0.219461277161568E-012 -0.239967974827459E-006
      4.00000000 -0.000000000000000E+000 -0.000000000000000E+000 -0.101927332384345E-004 -0.000000000000000E+000 -0.000000000000000E+000  0.602883566101221E-005  0.000000000000000E+000  0.000000000000000E+000 -0.101927332384345E-004 -0.000000000000000E+000 -0.000000000000000E+000  0.602883566101221E-005  -0.884143295284132E-013 -0.200890850781229E-012 -0.251305058413658E-006
      4.08000000 -0.000000000000000E+000 -0.000000000000000E+000 -0.106868060327668E-004 -0.000000000000000E+000 -0.000000000000000E+000  0.617590992915373E-005  0.000000000000000E+000  0.000000000000000E+000 -0.106868060327668E-004 -0.000000000000000E+000 -0.000000000000000E+000  0.617590992915373E-005  -0.714293186833453E-013 -0.179626895015776E-012 -0.262876442934197E-006
      4.16000000 -0.000000000000000E+000 -0.000000000000000E+000 -0.111924703715439E-004 -0.000000000000000E+000 -0.000000000000000E+000  0.632080423471290E-005  0.000000000000000E+000  0.000000000000000E+000 -0.111924703715439E-004 -0.000000000000000E+000 -0.000000000000000E+000  0.632080423471290E-005  -0.502880491777540E-013 -0.156406025605240E-012 -0.274675168015337E-006
      4.24000000 -0.000000000000000E+000 -0.000000000000000E+000 -0.117095359696808E-004 -0.000000000000000E+000 -0.000000000000000E+000  0.646331997671177E-005  0.000000000000000E+000  0.000000000000000E+000 -0.117095359696808E-004 -0.000000000000000E+000 -0.000000000000000E+000  0.646331997671177E-005  -0.273966035545280E-013 -0.132138287971888E-012 -0.286693815540439E-006
      4.32000000 -0.000000000000000E+000 -0.000000000000000E+000 -0.122377966967753E-004 -0.000000000000000E+000 -0.000000000000000E+000  0.660325908868121E-005  0.000000000000000E+000  0.000000000000000E+000 -0.122377966967753E-004 -0.000000000000000E+000 -0.000000000000000E+000  0.660325908868121E-005  -0.529708078173975E-014 -0.108296031677629E-012 -0.298924510324535E-006
      4.40000000 -0.000000000000000E+000 -0.000000000000000E+000 -0.127770306318642E-004 -0.000000000000000E+000 -0.000000000000000E+000  0.674042418861159E-005  0.000000000000000E+000  0.000000000000000E+000 -0.127770306318642E-004 -0.000000000000000E+000 -0.000000000000000E+000  0.674042418861159E-005   0.140660012893943E-013 -0.867672279089821E-013 -0.311358921953850E-006
      4.48000000 -0.000000000000000E+000 -0.000000000000000E+000 -0.133270001301641E-004 -0.000000000000000E+000 -0.000000000000000E+000  0.687461872874792E-005  0.000000000000000E+000  0.000000000000000E+000 -0.133270001301641E-004 -0.000000000000000E+000 -0.000000000000000E+000  0.687461872874792E-005   0.296329163504326E-013 -0.692469105622585E-013 -0.323988267423954E-006
      4.56000000 -0.000000000000000E+000 -0.000000000000000E+000 -0.138874519017743E-004 -0.000000000000000E+000 -0.000000000000000E+000  0.700564714512845E-005  0.000000000000000E+000  0.000000000000000E+000 -0.138874519017743E-004 -0.000000000000000E+000 -0.000000000000000E+000  0.700564714512845E-005   0.409322866761509E-013 -0.566328843670021E-013 -0.336803314380956E-006
      4.64000000 -0.000000000000000E+000 -0.000000000000000E+000 -0.144581171023155E-004 -0.000000000000000E+000 -0.000000000000000E+000  0.713331500676405E-005  0.000000000000000E+000  0.000000000000000E+000 -0.144581171023155E-004 -0.000000000000000E+000 -0.000000000000000E+000  0.713331500676405E-005   0.475292277323652E-013 -0.489366426191595E-013 -0.349794384928615E-006
      4.72000000 -0.000000000000000E+000 -0.000000000000000E+000 -0.150387114354654E-004 -0.000000000000000E+000 -0.000000000000000E+000  0.725742916437389E-005  0.000000000000000E+000  0.000000000000000E+000 -0.150387114354654E-004 -0.000000000000000E+000 -0.000000000000000E+000  0.725742916437389E-005   0.487338355755598E-013 -0.457039954605857E-013 -0.362951360013754E-006
      4.80000000 -0.000000000000000E+000 -0.000000000000000E+000 -0.156289352673503E-004 -0.000000000000000E+000 -0.000000000000000E+000  0.737779789856154E-005  0.000000000000000E+000  0.000000000000000E+000 -0.156289352673503E-004 -0.000000000000000E+000 -0.000000000000000E+000  0.737779789856154E-005   0.438369601678205E-013 -0.465997241437481E-013 -0.376263684319615E-006
      4.88000000 -0.000000000000000E+000 -0.000000000000000E+000 -0.162284737527385E-004 -0.000000000000000E+000 -0.000000000000000E+000  0.749423106735300E-005  0.000000000000000E+000  0.000000000000000E+000 -0.162284737527385E-004 -0.000000000000000E+000 -0.000000000000000E+000  0.749423106735300E-005   0.325781625947894E-013 -0.516059122277464E-013 -0.389720371360622E-006
      4.96000000 -0.000000000000000E+000 -0.000000000000000E+000 -0.168369969729782E-004 -0.000000000000000E+000 -0.000000000000000E+000  0.760654025299555E-005  0.000000000000000E+000  0.000000000000000E+000 -0.168369969729782E-004 -0.000000000000000E+000 -0.000000000000000E+000  0.760654025299555E-005   0.154010431714479E-013 -0.607960480401116E-013 -0.403310008572352E-006
      5.04000000 -0.000000000000000E+000 -0.000000000000000E+000 -0.174541600856104E-004 -0.000000000000000E+000 -0.000000000000000E+000  0.771453890790306E-005  0.000000000000000E+000  0.000000000000000E+000 -0.174541600856104E-004 -0.000000000000000E+000 -0.000000000000000E+000  0.771453890790306E-005  -0.679062925681984E-014 -0.739719243653498E-013 -0.417020762393866E-006
      5.12000000 -0.000000000000000E+000 -0.000000000000000E+000 -0.180796034855855E-004 -0.000000000000000E+000 -0.000000000000000E+000  0.781804249968854E-005  0.000000000000000E+000  0.000000000000000E+000 -0.180796034855855E-004 -0.000000000000000E+000 -0.000000000000000E+000  0.781804249968854E-005  -0.332029586920112E-013 -0.905726881881161E-013 -0.430840383574412E-006
      5.20000000 -0.000000000000000E+000 -0.000000000000000E+000 -0.187129529779974E-004 -0.000000000000000E+000 -0.000000000000000E+000  0.791686865514923E-005  0.000000000000000E+000  0.000000000000000E+000 -0.187129529779974E-004 -0.000000000000000E+000 -0.000000000000000E+000  0.791686865514923E-005  -0.635669814292142E-013 -0.109937681416552E-012 -0.444756212945035E-006
      5.28000000 -0.000000000000000E+000 -0.000000000000000E+000 -0.193538199622486E-004 -0.000000000000000E+000 -0.000000000000000E+000  0.801083730313920E-005  0.000000000000000E+000  0.000000000000000E+000 -0.193538199622486E-004 -0.000000000000000E+000 -0.000000000000000E+000  0.801083730313920E-005  -0.980678749329530E-013 -0.131625881225563E-012 -0.458755187783726E-006
      5.36000000 -0.000000000000000E+000 -0.000000000000000E+000 -0.200018016275461E-004 -0.000000000000000E+000 -0.000000000000000E+000  0.809977081621961E-005  0.000000000000000E+000  0.000000000000000E+000 -0.200018016275461E-004 -0.000000000000000E+000 -0.000000000000000E+000  0.809977081621961E-005  -0.136821948748090E-012 -0.155419956528973E-012 -0.472823848641852E-006
      5.44000000 -0.000000000000000E+000 -0.000000000000000E+000 -0.206564811596262E-004 -0.000000000000000E+000 -0.000000000000000E+000  0.818349415100089E-005  0.000000000000000E+000  0.000000000000000E+000 -0.206564811596262E-004 -0.000000000000000E+000 -0.000000000000000E+000  0.818349415100089E-005  -0.179356886260436E-012 -0.181007152896904E-012 -0.486948346591513E-006
      5.52000000 -0.000000000000000E+000 -0.000000000000000E+000 -0.213174279585922E-004 -0.000000000000000E+000 -0.000000000000000E+000  0.826183498707535E-005  0.000000000000000E+000  0.000000000000000E+000 -0.213174279585922E-004 -0.000000000000000E+000 -0.000000000000000E+000  0.826183498707535E-005  -0.224457078237392E-012 -0.207628401063497E-012 -0.501114451031377E-006
      5.60000000 -0.000000000000000E+000 -0.000000000000000E+000 -0.219841978677499E-004 -0.000000000000000E+000 -0.000000000000000E+000  0.833462386447042E-005  0.000000000000000E+000  0.000000000000000E+000 -0.219841978677499E-004 -0.000000000000000E+000 -0.000000000000000E+000  0.833462386447042E-005  -0.270473539760197E-012 -0.234054348529726E-012 -0.515307558308237E-006
      5.68000000 -0.000000000000000E+000 -0.000000000000000E+000 -0.226563334133091E-004 -0.000000000000000E+000 -0.000000000000000E+000  0.840169431949015E-005  0.000000000000000E+000  0.000000000000000E+000 -0.226563334133091E-004 -0.000000000000000E+000 -0.000000000000000E+000  0.840169431949015E-005  -0.315814545588299E-012 -0.258935181911855E-012 -0.529512701422907E-006
      5.76000000 -0.000000000000000E+000 -0.000000000000000E+000 -0.233333640548219E-004 -0.000000000000000E+000 -0.000000000000000E+000  0.846288301890990E-005  0.000000000000000E+000  0.000000000000000E+000 -0.233333640548219E-004 -0.000000000000000E+000 -0.000000000000000E+000  0.846288301890990E-005  -0.359261042390389E-012 -0.281234749522430E-012 -0.543714560712383E-006
      5.84000000 -0.000000000000000E+000 -0.000000000000000E+000 -0.240148064462127E-004 -0.000000000000000E+000 -0.000000000000000E+000  0.851802989238495E-005  0.000000000000000E+000  0.000000000000000E+000 -0.240148064462127E-004 -0.000000000000000E+000 -0.000000000000000E+000  0.851802989238495E-005  -0.399971440817623E-012 -0.300403128459258E-012 -0.557897475323264E-006
      5.92000000 -0.000000000000000E+000 -0.000000000000000E+000 -0.247001647072537E-004 -0.000000000000000E+000 -0.000000000000000E+000  0.856697826301279E-005  0.000000000000000E+000  0.000000000000000E+000 -0.247001647072537E-004 -0.000000000000000E+000 -0.000000000000000E+000  0.856697826301279E-005  -0.437310307042851E-012 -0.316197101556378E-012 -0.572045455243679E-006
      6.00000000 -0.000000000000000E+000 -0.000000000000000E+000 -0.253889307053306E-004 -0.000000000000000E+000 -0.000000000000000E+000  0.860957497596183E-005  0.000000000000000E+000  0.000000000000000E+000 -0.253889307053306E-004 -0.000000000000000E+000 -0.000000000000000E+000  0.860957497596183E-005  -0.470721376334089E-012 -0.328449545825165E-012 -0.586142193900437E-006
      6.08000000 -0.000000000000000E+000 -0.000000000000000E+000 -0.260805843473360E-004 -0.000000000000000E+000 -0.000000000000000E+000  0.864567052506687E-005  0.000000000000000E+000  0.000000000000000E+000 -0.260805843473360E-004 -0.000000000000000E+000 -0.000000000000000E+000  0.864567052506687E-005  -0.499759567135332E-012 -0.337007696426598E-012 -0.600171081556968E-006
      6.16000000 -0.000000000000000E+000 -0.000000000000000E+000 -0.267745938815213E-004 -0.000000000000000E+000 -0.000000000000000E+000  0.867511917731635E-005  0.000000000000000E+000  0.000000000000000E+000 -0.267745938815213E-004 -0.000000000000000E+000 -0.000000000000000E+000  0.867511917731635E-005  -0.524207438183378E-012 -0.341921074294904E-012 -0.614115219690049E-006
      6.24000000 -0.000000000000000E+000 -0.000000000000000E+000 -0.274704162091332E-004 -0.000000000000000E+000 -0.000000000000000E+000  0.869777909514919E-005  0.000000000000000E+000  0.000000000000000E+000 -0.274704162091332E-004 -0.000000000000000E+000 -0.000000000000000E+000  0.869777909514919E-005  -0.544125198336929E-012 -0.343615298302230E-012 -0.627957436262932E-006
      6.32000000 -0.000000000000000E+000 -0.000000000000000E+000 -0.281674972056511E-004 -0.000000000000000E+000 -0.000000000000000E+000  0.871351245647282E-005  0.000000000000000E+000  0.000000000000000E+000 -0.281674972056511E-004 -0.000000000000000E+000 -0.000000000000000E+000  0.871351245647282E-005  -0.559796638016577E-012 -0.342777959929401E-012 -0.641680301603196E-006
      6.40000000 -0.000000000000000E+000 -0.000000000000000E+000 -0.288652720514376E-004 -0.000000000000000E+000 -0.000000000000000E+000  0.872218557233170E-005  0.000000000000000E+000  0.000000000000000E+000 -0.288652720514376E-004 -0.000000000000000E+000 -0.000000000000000E+000  0.872218557233170E-005  -0.571624088837249E-012 -0.340011603278913E-012 -0.655266144632234E-006
      6.48000000 -0.000000000000000E+000 -0.000000000000000E+000 -0.295631655716078E-004 -0.000000000000000E+000 -0.000000000000000E+000  0.872366900212810E-005  0.000000000000000E+000  0.000000000000000E+000 -0.295631655716078E-004 -0.000000000000000E+000 -0.000000000000000E+000  0.872366900212810E-005  -0.580060774161127E-012 -0.335548958621409E-012 -0.668697069464451E-006
      6.56000000 -0.000000000000000E+000 -0.000000000000000E+000 -0.302605925849153E-004 -0.000000000000000E+000 -0.000000000000000E+000  0.871783766634323E-005  0.000000000000000E+000  0.000000000000000E+000 -0.302605925849153E-004 -0.000000000000000E+000 -0.000000000000000E+000  0.871783766634323E-005  -0.585562865777966E-012 -0.329326845581123E-012 -0.681954972672380E-006
      6.64000000 -0.000000000000000E+000 -0.000000000000000E+000 -0.309569582614482E-004 -0.000000000000000E+000 -0.000000000000000E+000  0.870457095666094E-005  0.000000000000000E+000  0.000000000000000E+000 -0.309569582614482E-004 -0.000000000000000E+000 -0.000000000000000E+000  0.870457095666094E-005  -0.588565983321061E-012 -0.321371743788336E-012 -0.695021561484609E-006
      6.72000000 -0.000000000000000E+000 -0.000000000000000E+000 -0.316516584889227E-004 -0.000000000000000E+000 -0.000000000000000E+000  0.868375284343165E-005  0.000000000000000E+000  0.000000000000000E+000 -0.316516584889227E-004 -0.000000000000000E+000 -0.000000000000000E+000  0.868375284343165E-005  -0.589414468647475E-012 -0.312166931843924E-012 -0.707878373038740E-006
      6.80000000 -0.000000000000000E+000 -0.000000000000000E+000 -0.323440802473540E-004 -0.000000000000000E+000 -0.000000000000000E+000  0.865527198039159E-005  0.000000000000000E+000  0.000000000000000E+000 -0.323440802473540E-004 -0.000000000000000E+000 -0.000000000000000E+000  0.865527198039159E-005  -0.588379351218622E-012 -0.302638608276688E-012 -0.720506794381581E-006
      6.88000000 -0.000000000000000E+000 -0.000000000000000E+000 -0.330336019918806E-004 -0.000000000000000E+000 -0.000000000000000E+000  0.861902180658145E-005  0.000000000000000E+000  0.000000000000000E+000 -0.330336019918806E-004 -0.000000000000000E+000 -0.000000000000000E+000  0.861902180658145E-005  -0.585770432017352E-012 -0.293783728355819E-012 -0.732888082889475E-006
      6.96000000 -0.000000000000000E+000 -0.000000000000000E+000 -0.337195940435109E-004 -0.000000000000000E+000 -0.000000000000000E+000  0.857490064537979E-005  0.000000000000000E+000  0.000000000000000E+000 -0.337195940435109E-004 -0.000000000000000E+000 -0.000000000000000E+000  0.857490064537979E-005  -0.582159452259717E-012 -0.286257748763447E-012 -0.745003386828820E-006
      7.04000000 -0.000000000000000E+000 -0.000000000000000E+000 -0.344014189875582E-004 -0.000000000000000E+000 -0.000000000000000E+000  0.852281180059125E-005  0.000000000000000E+000  0.000000000000000E+000 -0.344014189875582E-004 -0.000000000000000E+000 -0.000000000000000E+000  0.852281180059125E-005  -0.578498397671049E-012 -0.280316787667495E-012 -0.756833766001512E-006
      7.12000000 -0.000000000000000E+000 -0.000000000000000E+000 -0.350784320795200E-004 -0.000000000000000E+000 -0.000000000000000E+000  0.846266364952208E-005  0.000000000000000E+000  0.000000000000000E+000 -0.350784320795200E-004 -0.000000000000000E+000 -0.000000000000000E+000  0.846266364952208E-005  -0.575972158422394E-012 -0.276107315260066E-012 -0.768360212541610E-006
      7.20000000 -0.000000000000000E+000 -0.000000000000000E+000 -0.357499816581577E-004 -0.000000000000000E+000 -0.000000000000000E+000  0.839436973297158E-005  0.000000000000000E+000  0.000000000000000E+000 -0.357499816581577E-004 -0.000000000000000E+000 -0.000000000000000E+000  0.839436973297158E-005  -0.575622970031036E-012 -0.274005110241771E-012 -0.779563671782517E-006
      7.28000000 -0.000000000000000E+000 -0.000000000000000E+000 -0.364154095655253E-004 -0.000000000000000E+000 -0.000000000000000E+000  0.831784884209451E-005  0.000000000000000E+000  0.000000000000000E+000 -0.364154095655253E-004 -0.000000000000000E+000 -0.000000000000000E+000  0.831784884209451E-005  -0.577986833440161E-012 -0.274617229204702E-012 -0.790425063100400E-006
      7.36000000 -0.000000000000000E+000 -0.000000000000000E+000 -0.370740515736886E-004 -0.000000000000000E+000 -0.000000000000000E+000  0.823302510204090E-005  0.000000000000000E+000  0.000000000000000E+000 -0.370740515736886E-004 -0.000000000000000E+000 -0.000000000000000E+000  0.823302510204090E-005  -0.583009534023636E-012 -0.278395035050228E-012 -0.800925300631219E-006
      7.44000000 -0.000000000000000E+000 -0.000000000000000E+000 -0.377252378178772E-004 -0.000000000000000E+000 -0.000000000000000E+000  0.813982805235768E-005  0.000000000000000E+000  0.000000000000000E+000 -0.377252378178772E-004 -0.000000000000000E+000 -0.000000000000000E+000  0.813982805235768E-005  -0.590347213046892E-012 -0.285217134028023E-012 -0.811045313970064E-006
      7.52000000 -0.000000000000000E+000 -0.000000000000000E+000 -0.383682932358016E-004 -0.000000000000000E+000 -0.000000000000000E+000  0.803819272405543E-005  0.000000000000000E+000  0.000000000000000E+000 -0.383682932358016E-004 -0.000000000000000E+000 -0.000000000000000E+000  0.803819272405543E-005  -0.599789857788420E-012 -0.294342670715808E-012 -0.820766069110929E-006
      7.60000000 -0.000000000000000E+000 -0.000000000000000E+000 -0.390025380128661E-004 -0.000000000000000E+000 -0.000000000000000E+000  0.792805971330613E-005  0.000000000000000E+000  0.000000000000000E+000 -0.390025380128661E-004 -0.000000000000000E+000 -0.000000000000000E+000  0.792805971330613E-005  -0.611468318650830E-012 -0.304828043885051E-012 -0.830068589914635E-006
      7.68000000 -0.000000000000000E+000 -0.000000000000000E+000 -0.396272880330037E-004 -0.000000000000000E+000 -0.000000000000000E+000  0.780937525171953E-005  0.000000000000000E+000  0.000000000000000E+000 -0.396272880330037E-004 -0.000000000000000E+000 -0.000000000000000E+000  0.780937525171953E-005  -0.625642108961069E-012 -0.316067947980363E-012 -0.838933980129412E-006
      7.76000000 -0.000000000000000E+000 -0.000000000000000E+000 -0.402418553348542E-004 -0.000000000000000E+000 -0.000000000000000E+000  0.768209127313167E-005  0.000000000000000E+000  0.000000000000000E+000 -0.402418553348542E-004 -0.000000000000000E+000 -0.000000000000000E+000  0.768209127313167E-005  -0.642299358713131E-012 -0.328009675968770E-012 -0.847343445835764E-006
      7.84000000 -0.000000000000000E+000 -0.000000000000000E+000 -0.408455485730047E-004 -0.000000000000000E+000 -0.000000000000000E+000  0.754616547688158E-005  0.000000000000000E+000  0.000000000000000E+000 -0.408455485730047E-004 -0.000000000000000E+000 -0.000000000000000E+000  0.754616547688158E-005  -0.660875144616014E-012 -0.340863089988148E-012 -0.855278318038593E-006
      7.92000000 -0.000000000000000E+000 -0.000000000000000E+000 -0.414376734840046E-004 -0.000000000000000E+000 -0.000000000000000E+000  0.740156138749878E-005  0.000000000000000E+000  0.000000000000000E+000 -0.414376734840046E-004 -0.000000000000000E+000 -0.000000000000000E+000  0.740156138749878E-005  -0.680420455473125E-012 -0.354570914047061E-012 -0.862720075360336E-006
      8.00000000 -0.000000000000000E+000 -0.000000000000000E+000 -0.420175333568675E-004 -0.000000000000000E+000 -0.000000000000000E+000  0.724824841078545E-005  0.000000000000000E+000  0.000000000000000E+000 -0.420175333568675E-004 -0.000000000000000E+000 -0.000000000000000E+000  0.724824841078545E-005  -0.700047046106019E-012 -0.368527376533771E-012 -0.869650366833788E-006
      8.08000000 -0.000000000000000E+000 -0.000000000000000E+000 -0.425844295077661E-004 -0.000000000000000E+000 -0.000000000000000E+000  0.708620188623250E-005  0.000000000000000E+000  0.000000000000000E+000 -0.425844295077661E-004 -0.000000000000000E+000 -0.000000000000000E+000  0.708620188623250E-005  -0.719324582366989E-012 -0.381736455546651E-012 -0.876051034893831E-006
      8.16000000 -0.000000000000000E+000 -0.000000000000000E+000 -0.431376617586253E-004 -0.000000000000000E+000 -0.000000000000000E+000  0.691540313574072E-005  0.000000000000000E+000  0.000000000000000E+000 -0.431376617586253E-004 -0.000000000000000E+000 -0.000000000000000E+000  0.691540313574072E-005  -0.738237395526863E-012 -0.393262088073940E-012 -0.881904138478810E-006
      8.24000000 -0.000000000000000E+000 -0.000000000000000E+000 -0.436765289193127E-004 -0.000000000000000E+000 -0.000000000000000E+000  0.673583950859242E-005  0.000000000000000E+000  0.000000000000000E+000 -0.436765289193127E-004 -0.000000000000000E+000 -0.000000000000000E+000  0.673583950859242E-005  -0.756798174013703E-012 -0.402560176792339E-012 -0.887191976025368E-006
      8.32000000 -0.000000000000000E+000 -0.000000000000000E+000 -0.442003292731261E-004 -0.000000000000000E+000 -0.000000000000000E+000  0.654750442266755E-005  0.000000000000000E+000  0.000000000000000E+000 -0.442003292731261E-004 -0.000000000000000E+000 -0.000000000000000E+000  0.654750442266755E-005  -0.774587828261781E-012 -0.409426320730473E-012 -0.891897108124786E-006
      8.40000000 -0.000000000000000E+000 -0.000000000000000E+000 -0.447083610652728E-004 -0.000000000000000E+000 -0.000000000000000E+000  0.635039740183380E-005  0.000000000000000E+000  0.000000000000000E+000 -0.447083610652728E-004 -0.000000000000000E+000 -0.000000000000000E+000  0.635039740183380E-005  -0.790670873500494E-012 -0.413693611732368E-012 -0.896002379866885E-006
      8.48000000 -0.000000000000000E+000 -0.000000000000000E+000 -0.451999229940338E-004 -0.000000000000000E+000 -0.000000000000000E+000  0.614452410951168E-005  0.000000000000000E+000  0.000000000000000E+000 -0.451999229940338E-004 -0.000000000000000E+000 -0.000000000000000E+000  0.614452410951168E-005  -0.803937560541724E-012 -0.415000815217806E-012 -0.899490943056094E-006
      8.56000000 -0.000000000000000E+000 -0.000000000000000E+000 -0.456743147043032E-004 -0.000000000000000E+000 -0.000000000000000E+000  0.592989637836750E-005  0.000000000000000E+000  0.000000000000000E+000 -0.456743147043032E-004 -0.000000000000000E+000 -0.000000000000000E+000  0.592989637836750E-005  -0.813609730883167E-012 -0.412865318918498E-012 -0.902346278536218E-006
      8.64000000 -0.000000000000000E+000 -0.000000000000000E+000 -0.461308372831921E-004 -0.000000000000000E+000 -0.000000000000000E+000  0.570653223611122E-005  0.000000000000000E+000  0.000000000000000E+000 -0.461308372831921E-004 -0.000000000000000E+000 -0.000000000000000E+000  0.570653223611122E-005  -0.819519826098521E-012 -0.406983656152199E-012 -0.904552218734708E-006
      8.72000000 -0.000000000000000E+000 -0.000000000000000E+000 -0.465687937573828E-004 -0.000000000000000E+000 -0.000000000000000E+000  0.547445592738483E-005  0.000000000000000E+000  0.000000000000000E+000 -0.465687937573828E-004 -0.000000000000000E+000 -0.000000000000000E+000  0.547445592738483E-005  -0.821957740265054E-012 -0.397474552578198E-012 -0.906092970265041E-006
      8.80000000 -0.000000000000000E+000 -0.000000000000000E+000 -0.469874895919189E-004 -0.000000000000000E+000 -0.000000000000000E+000  0.523369793170104E-005  0.000000000000000E+000  0.000000000000000E+000 -0.469874895919189E-004 -0.000000000000000E+000 -0.000000000000000E+000  0.523369793170104E-005  -0.821285886028955E-012 -0.384810694242534E-012 -0.906953136319402E-006
      8.88000000 -0.000000000000000E+000 -0.000000000000000E+000 -0.473862331901132E-004 -0.000000000000000E+000 -0.000000000000000E+000  0.498429497742895E-005  0.000000000000000E+000  0.000000000000000E+000 -0.473862331901132E-004 -0.000000000000000E+000 -0.000000000000000E+000  0.498429497742895E-005  -0.817623408926881E-012 -0.369568163938430E-012 -0.907117738732995E-006
      8.96000000 -0.000000000000000E+000 -0.000000000000000E+000 -0.477643363942584E-004 -0.000000000000000E+000 -0.000000000000000E+000  0.472629005181513E-005  0.000000000000000E+000  0.000000000000000E+000 -0.477643363942584E-004 -0.000000000000000E+000 -0.000000000000000E+000  0.472629005181513E-005  -0.810851063033086E-012 -0.352151993998310E-012 -0.906572239687702E-006
      9.04000000 -0.000000000000000E+000 -0.000000000000000E+000 -0.481211149868177E-004 -0.000000000000000E+000 -0.000000000000000E+000  0.445973240699103E-005  0.000000000000000E+000  0.000000000000000E+000 -0.481211149868177E-004 -0.000000000000000E+000 -0.000000000000000E+000  0.445973240699103E-005  -0.800862693410137E-012 -0.332791235683638E-012 -0.905302563122817E-006
      9.12000000 -0.000000000000000E+000 -0.000000000000000E+000 -0.484558891917782E-004 -0.000000000000000E+000 -0.000000000000000E+000  0.418467756200579E-005  0.000000000000000E+000  0.000000000000000E+000 -0.484558891917782E-004 -0.000000000000000E+000 -0.000000000000000E+000  0.418467756200579E-005  -0.787823462698705E-012 -0.311683763420074E-012 -0.903295115750893E-006
      9.20000000 -0.000000000000000E+000 -0.000000000000000E+000 -0.487679841758446E-004 -0.000000000000000E+000 -0.000000000000000E+000  0.390118730083002E-005  0.000000000000000E+000  0.000000000000000E+000 -0.487679841758446E-004 -0.000000000000000E+000 -0.000000000000000E+000  0.390118730083002E-005  -0.772201484221777E-012 -0.289137629161548E-012 -0.900536807404488E-006
      9.28000000 -0.000000000000000E+000 -0.000000000000000E+000 -0.490567305491525E-004 -0.000000000000000E+000 -0.000000000000000E+000  0.360932966634909E-005  0.000000000000000E+000  0.000000000000000E+000 -0.490567305491525E-004 -0.000000000000000E+000 -0.000000000000000E+000  0.360932966634909E-005  -0.754596865638633E-012 -0.265593997281773E-012 -0.897015070371681E-006
      9.36000000 -0.000000000000000E+000 -0.000000000000000E+000 -0.493214648651794E-004 -0.000000000000000E+000 -0.000000000000000E+000  0.330917895033632E-005  0.000000000000000E+000  0.000000000000000E+000 -0.493214648651794E-004 -0.000000000000000E+000 -0.000000000000000E+000  0.330917895033632E-005  -0.735546300577182E-012 -0.241529102832093E-012 -0.892717877486512E-006
      9.44000000 -0.000000000000000E+000 -0.000000000000000E+000 -0.495615301195310E-004 -0.000000000000000E+000 -0.000000000000000E+000  0.300081567939520E-005  0.000000000000000E+000  0.000000000000000E+000 -0.495615301195310E-004 -0.000000000000000E+000 -0.000000000000000E+000  0.300081567939520E-005  -0.715442573147941E-012 -0.217425925755843E-012 -0.887633758935104E-006
      9.52000000 -0.000000000000000E+000 -0.000000000000000E+000 -0.497762762472816E-004 -0.000000000000000E+000 -0.000000000000000E+000  0.268432659688134E-005  0.000000000000000E+000  0.000000000000000E+000 -0.497762762472816E-004 -0.000000000000000E+000 -0.000000000000000E+000  0.268432659688134E-005  -0.694615719762643E-012 -0.193848220564042E-012 -0.881751817809280E-006
      9.60000000 -0.000000000000000E+000 -0.000000000000000E+000 -0.499650606185463E-004 -0.000000000000000E+000 -0.000000000000000E+000  0.235980464080903E-005  0.000000000000000E+000  0.000000000000000E+000 -0.499650606185463E-004 -0.000000000000000E+000 -0.000000000000000E+000  0.235980464080903E-005  -0.673479991483850E-012 -0.171525863626136E-012 -0.875061744374863E-006
      9.68000000 -0.000000000000000E+000 -0.000000000000000E+000 -0.501272485319644E-004 -0.000000000000000E+000 -0.000000000000000E+000  0.202734891772640E-005  0.000000000000000E+000  0.000000000000000E+000 -0.501272485319644E-004 -0.000000000000000E+000 -0.000000000000000E+000  0.202734891772640E-005  -0.652572936250624E-012 -0.151280869171329E-012 -0.867553828883881E-006
      9.76000000 -0.000000000000000E+000 -0.000000000000000E+000 -0.502622137057725E-004 -0.000000000000000E+000 -0.000000000000000E+000  0.168706467260159E-005  0.000000000000000E+000  0.000000000000000E+000 -0.502622137057725E-004 -0.000000000000000E+000 -0.000000000000000E+000  0.168706467260159E-005  -0.632526117890694E-012 -0.133775946742537E-012 -0.859218972619477E-006
      9.84000000 -0.000000000000000E+000 -0.000000000000000E+000 -0.503693387661481E-004 -0.000000000000000E+000 -0.000000000000000E+000  0.133906325469508E-005  0.000000000000000E+000  0.000000000000000E+000 -0.503693387661481E-004 -0.000000000000000E+000 -0.000000000000000E+000  0.133906325469508E-005  -0.613962421093006E-012 -0.119267462970679E-012 -0.850048697078215E-006
      9.92000000 -0.000000000000000E+000 -0.000000000000000E+000 -0.504480157325049E-004 -0.000000000000000E+000 -0.000000000000000E+000  0.983462079459240E-006  0.000000000000000E+000  0.000000000000000E+000 -0.504480157325049E-004 -0.000000000000000E+000 -0.000000000000000E+000  0.983462079459240E-006  -0.597410466696792E-012 -0.107586525258445E-012 -0.840035151266347E-006
     10.00000000 -0.000000000000000E+000 -0.000000000000000E+000 -0.504976464994215E-004 -0.000000000000000E+000 -0.000000000000000E+000  0.620384586458465E-006  0.000000000000000E+000  0.000000000000000E+000 -0.504976464994215E-004 -0.000000000000000E+000 -0.000000000000000E+000  0.620384586458465E-006  -0.583234361163164E-012 -0.984014161787910E-013 -0.829171117222314E-006
     10.08000000 -0.000000000000000E+000 -0.000000000000000E+000 -0.505176433148889E-004 -0.000000000000000E+000 -0.000000000000000E+000  0.249960193342280E-006  0.000000000000000E+000  0.000000000000000E+000 -0.505176433148889E-004 -0.000000000000000E+000 -0.000000000000000E+000  0.249960193342280E-006  -0.571547879463432E-012 -0.915346566045629E-013 -0.817450013823289E-006
     10.16000000 -0.000000000000000E+000 -0.000000000000000E+000 -0.505074292545600E-004 -0.000000000000000E+000 -0.000000000000000E+000 -0.127675754111827E-006  0.000000000000000E+000  0.000000000000000E+000 -0.505074292545600E-004 -0.000000000000000E+000 -0.000000000000000E+000 -0.127675754111827E-006  -0.562192000008539E-012 -0.870524395881180E-013 -0.804865898807728E-006
     10.24000000 -0.000000000000000E+000 -0.000000000000000E+000 -0.504664386916901E-004 -0.000000000000000E+000 -0.000000000000000E+000 -0.512382035873600E-006  0.000000000000000E+000  0.000000000000000E+000 -0.504664386916901E-004 -0.000000000000000E+000 -0.000000000000000E+000 -0.512382035873600E-006  -0.554782292064149E-012 -0.850678200600195E-013 -0.791413468992036E-006
     10.32000000 -0.000000000000000E+000 -0.000000000000000E+000 -0.503941177624572E-004 -0.000000000000000E+000 -0.000000000000000E+000 -0.904011615410714E-006  0.000000000000000E+000  0.000000000000000E+000 -0.503941177624572E-004 -0.000000000000000E+000 -0.000000000000000E+000 -0.904011615410714E-006  -0.548892995962416E-012 -0.854096376334136E-013 -0.777088058597543E-006
     10.40000000 -0.000000000000000E+000 -0.000000000000000E+000 -0.502899248263533E-004 -0.000000000000000E+000 -0.000000000000000E+000 -0.130241170129967E-005  0.000000000000000E+000  0.000000000000000E+000 -0.502899248263533E-004 -0.000000000000000E+000 -0.000000000000000E+000 -0.130241170129967E-005  -0.544269521206396E-012 -0.875449725572601E-013 -0.761885635994841E-006
     10.48000000 -0.000000000000000E+000 -0.000000000000000E+000 -0.501533309213397E-004 -0.000000000000000E+000 -0.000000000000000E+000 -0.170742381266985E-005  0.000000000000000E+000  0.000000000000000E+000 -0.501533309213397E-004 -0.000000000000000E+000 -0.000000000000000E+000 -0.170742381266985E-005  -0.540911269226139E-012 -0.907965385417983E-013 -0.745802799022209E-006
     10.56000000 -0.000000000000000E+000 -0.000000000000000E+000 -0.499838202134650E-004 -0.000000000000000E+000 -0.000000000000000E+000 -0.211888384843371E-005  0.000000000000000E+000  0.000000000000000E+000 -0.499838202134650E-004 -0.000000000000000E+000 -0.000000000000000E+000 -0.211888384843371E-005  -0.538952936832242E-012 -0.947230309195632E-013 -0.728836769074073E-006
     10.64000000 -0.000000000000000E+000 -0.000000000000000E+000 -0.497808904406422E-004 -0.000000000000000E+000 -0.000000000000000E+000 -0.253662216028520E-005  0.000000000000000E+000  0.000000000000000E+000 -0.497808904406422E-004 -0.000000000000000E+000 -0.000000000000000E+000 -0.253662216028520E-005  -0.538405165770193E-012 -0.992740992914700E-013 -0.710985383980290E-006
     10.72000000 -0.000000000000000E+000 -0.000000000000000E+000 -0.495440533502886E-004 -0.000000000000000E+000 -0.000000000000000E+000 -0.296046362941991E-005  0.000000000000000E+000  0.000000000000000E+000 -0.495440533502886E-004 -0.000000000000000E+000 -0.000000000000000E+000 -0.296046362941991E-005  -0.538957524864630E-012 -0.104552823175177E-012 -0.692247089608625E-006
     10.80000000 -0.000000000000000E+000 -0.000000000000000E+000 -0.492728351305332E-004 -0.000000000000000E+000 -0.000000000000000E+000 -0.339022774694141E-005  0.000000000000000E+000  0.000000000000000E+000 -0.492728351305332E-004 -0.000000000000000E+000 -0.000000000000000E+000 -0.339022774694141E-005  -0.540017749604903E-012 -0.110375144193541E-012 -0.672620930186818E-006
     10.88000000 -0.000000000000000E+000 -0.000000000000000E+000 -0.489667768347008E-004 -0.000000000000000E+000 -0.000000000000000E+000 -0.382572869790621E-005  0.000000000000000E+000  0.000000000000000E+000 -0.489667768347008E-004 -0.000000000000000E+000 -0.000000000000000E+000 -0.382572869790621E-005  -0.540957472300942E-012 -0.116004704606491E-012 -0.652106537532210E-006
     10.96000000 -0.000000000000000E+000 -0.000000000000000E+000 -0.486254347987824E-004 -0.000000000000000E+000 -0.000000000000000E+000 -0.426677544897987E-005  0.000000000000000E+000  0.000000000000000E+000 -0.486254347987824E-004 -0.000000000000000E+000 -0.000000000000000E+000 -0.426677544897987E-005  -0.541336653689760E-012 -0.120331164938059E-012 -0.630704119407028E-006
     11.04000000 -0.000000000000000E+000 -0.000000000000000E+000 -0.482483810516118E-004 -0.000000000000000E+000 -0.000000000000000E+000 -0.471317183963191E-005  0.000000000000000E+000  0.000000000000000E+000 -0.482483810516118E-004 -0.000000000000000E+000 -0.000000000000000E+000 -0.471317183963191E-005  -0.540931995808643E-012 -0.122360131346685E-012 -0.608414447243893E-006
     11.12000000 -0.000000000000000E+000 -0.000000000000000E+000 -0.478352037174637E-004 -0.000000000000000E+000 -0.000000000000000E+000 -0.516471667685078E-005  0.000000000000000E+000  0.000000000000000E+000 -0.478352037174637E-004 -0.000000000000000E+000 -0.000000000000000E+000 -0.516471667685078E-005  -0.539507696229821E-012 -0.121635676239075E-012 -0.585238843330551E-006
     11.20000000 -0.000000000000000E+000 -0.000000000000000E+000 -0.473855074107994E-004 -0.000000000000000E+000 -0.000000000000000E+000 -0.562120383330477E-005  0.000000000000000E+000  0.000000000000000E+000 -0.473855074107994E-004 -0.000000000000000E+000 -0.000000000000000E+000 -0.562120383330477E-005  -0.536579795714388E-012 -0.118293494544353E-012 -0.561179167542184E-006
     11.28000000 -0.000000000000000E+000 -0.000000000000000E+000 -0.468989136228864E-004 -0.000000000000000E+000 -0.000000000000000E+000 -0.608242234891147E-005  0.000000000000000E+000  0.000000000000000E+000 -0.468989136228864E-004 -0.000000000000000E+000 -0.000000000000000E+000 -0.608242234891147E-005  -0.531402820941923E-012 -0.112703000294821E-012 -0.536237803761547E-006
     11.36000000 -0.000000000000000E+000 -0.000000000000000E+000 -0.463750611000265E-004 -0.000000000000000E+000 -0.000000000000000E+000 -0.654815653574941E-005  0.000000000000000E+000  0.000000000000000E+000 -0.463750611000265E-004 -0.000000000000000E+000 -0.000000000000000E+000 -0.654815653574941E-005  -0.523257909481025E-012 -0.105058007177446E-012 -0.510417646233829E-006
     11.44000000 -0.000000000000000E+000 -0.000000000000000E+000 -0.458136062131251E-004 -0.000000000000000E+000 -0.000000000000000E+000 -0.701818608626781E-005  0.000000000000000E+000  0.000000000000000E+000 -0.458136062131251E-004 -0.000000000000000E+000 -0.000000000000000E+000 -0.701818608626781E-005  -0.511825755007849E-012 -0.952296846181111E-013 -0.483722086161082E-006
     11.52000000 -0.000000000000000E+000 -0.000000000000000E+000 -0.452142233183471E-004 -0.000000000000000E+000 -0.000000000000000E+000 -0.749228618472504E-005  0.000000000000000E+000  0.000000000000000E+000 -0.452142233183471E-004 -0.000000000000000E+000 -0.000000000000000E+000 -0.749228618472504E-005  -0.497345664282329E-012 -0.829487454080602E-013 -0.456154998730541E-006
     11.60000000 -0.000000000000000E+000 -0.000000000000000E+000 -0.445766051086035E-004 -0.000000000000000E+000 -0.000000000000000E+000 -0.797022762179497E-005  0.000000000000000E+000  0.000000000000000E+000 -0.445766051086035E-004 -0.000000000000000E+000 -0.000000000000000E+000 -0.797022762179497E-005  -0.480431500025887E-012 -0.681235543859009E-013 -0.427720730574838E-006
     11.68000000 -0.000000000000000E+000 -0.000000000000000E+000 -0.439004629556202E-004 -0.000000000000000E+000 -0.000000000000000E+000 -0.845177691229148E-005  0.000000000000000E+000  0.000000000000000E+000 -0.439004629556202E-004 -0.000000000000000E+000 -0.000000000000000E+000 -0.845177691229148E-005  -0.461661810838773E-012 -0.509911743644289E-013 -0.398424087622667E-006
     11.76000000 -0.000000000000000E+000 -0.000000000000000E+000 -0.431855272423460E-004 -0.000000000000000E+000 -0.000000000000000E+000 -0.893669641592654E-005  0.000000000000000E+000  0.000000000000000E+000 -0.431855272423460E-004 -0.000000000000000E+000 -0.000000000000000E+000 -0.893669641592654E-005  -0.441260468156376E-012 -0.319735645315119E-013 -0.368270323279957E-006
     11.84000000 -0.000000000000000E+000 -0.000000000000000E+000 -0.424315476854617E-004 -0.000000000000000E+000 -0.000000000000000E+000 -0.942474446105367E-005  0.000000000000000E+000  0.000000000000000E+000 -0.424315476854617E-004 -0.000000000000000E+000 -0.000000000000000E+000 -0.942474446105367E-005  -0.419098240350164E-012 -0.114386913087735E-013 -0.337265127123040E-006
     11.92000000 -0.000000000000000E+000 -0.000000000000000E+000 -0.416382936477571E-004 -0.000000000000000E+000 -0.000000000000000E+000 -0.991567547130750E-005  0.000000000000000E+000  0.000000000000000E+000 -0.416382936477571E-004 -0.000000000000000E+000 -0.000000000000000E+000 -0.991567547130750E-005  -0.394963768480928E-012  0.104418208683636E-013 -0.305414614237814E-006
     12.00000000 -0.000000000000000E+000 -0.000000000000000E+000 -0.408055544401495E-004 -0.000000000000000E+000 -0.000000000000000E+000 -0.104092400950953E-004  0.000000000000000E+000  0.000000000000000E+000 -0.408055544401495E-004 -0.000000000000000E+000 -0.000000000000000E+000 -0.104092400950953E-004  -0.368845564021205E-012  0.336074293474751E-013 -0.272725315441230E-006
     12.08000000 -0.000000000000000E+000 -0.000000000000000E+000 -0.399331396131220E-004 -0.000000000000000E+000 -0.000000000000000E+000 -0.109051853378442E-004  0.000000000000000E+000  0.000000000000000E+000 -0.399331396131220E-004 -0.000000000000000E+000 -0.000000000000000E+000 -0.109051853378442E-004  -0.341015081078257E-012  0.579058024684631E-013 -0.239204168378469E-006
     12.16000000 -0.000000000000000E+000 -0.000000000000000E+000 -0.390208792373667E-004 -0.000000000000000E+000 -0.000000000000000E+000 -0.114032546969409E-004  0.000000000000000E+000  0.000000000000000E+000 -0.390208792373667E-004 -0.000000000000000E+000 -0.000000000000000E+000 -0.114032546969409E-004  -0.311872293127288E-012  0.829639754369110E-013 -0.204858509449295E-006
     12.24000000 -0.000000000000000E+000 -0.000000000000000E+000 -0.380686241734241E-004 -0.000000000000000E+000 -0.000000000000000E+000 -0.119031882992825E-004  0.000000000000000E+000  0.000000000000000E+000 -0.380686241734241E-004 -0.000000000000000E+000 -0.000000000000000E+000 -0.119031882992825E-004  -0.281726681662868E-012  0.108208178926176E-012 -0.169696066534367E-006
     12.32000000 -0.000000000000000E+000 -0.000000000000000E+000 -0.370762463301141E-004 -0.000000000000000E+000 -0.000000000000000E+000 -0.124047230413746E-004  0.000000000000000E+000  0.000000000000000E+000 -0.370762463301141E-004 -0.000000000000000E+000 -0.000000000000000E+000 -0.124047230413746E-004  -0.250752540215353E-012  0.133025804074567E-012 -0.133724952596424E-006
     12.40000000 -0.000000000000000E+000 -0.000000000000000E+000 -0.360436389115639E-004 -0.000000000000000E+000 -0.000000000000000E+000 -0.129075927318786E-004  0.000000000000000E+000  0.000000000000000E+000 -0.360436389115639E-004 -0.000000000000000E+000 -0.000000000000000E+000 -0.129075927318786E-004  -0.219121597875792E-012  0.156893643524534E-012 -0.969536603128251E-007
     12.48000000 -0.000000000000000E+000 -0.000000000000000E+000 -0.349707166526410E-004 -0.000000000000000E+000 -0.000000000000000E+000 -0.134115282365356E-004  0.000000000000000E+000  0.000000000000000E+000 -0.349707166526410E-004 -0.000000000000000E+000 -0.000000000000000E+000 -0.134115282365356E-004  -0.187192810894004E-012  0.179439369450436E-012 -0.593910579034564E-007
     12.56000000 -0.000000000000000E+000 -0.000000000000000E+000 -0.338574160426100E-004 -0.000000000000000E+000 -0.000000000000000E+000 -0.139162576253880E-004  0.000000000000000E+000  0.000000000000000E+000 -0.338574160426100E-004 -0.000000000000000E+000 -0.000000000000000E+000 -0.139162576253880E-004  -0.155578995435150E-012  0.200452822813663E-012 -0.210463861455560E-007
     12.64000000 -0.000000000000000E+000 -0.000000000000000E+000 -0.327036955368329E-004 -0.000000000000000E+000 -0.000000000000000E+000 -0.144215063222139E-004  0.000000000000000E+000  0.000000000000000E+000 -0.327036955368329E-004 -0.000000000000000E+000 -0.000000000000000E+000 -0.144215063222139E-004  -0.124991522394789E-012  0.219897202479643E-012  0.180707434542435E-007
     12.72000000 -0.000000000000000E+000 -0.000000000000000E+000 -0.315095357563462E-004 -0.000000000000000E+000 -0.000000000000000E+000 -0.149269972560830E-004  0.000000000000000E+000  0.000000000000000E+000 -0.315095357563462E-004 -0.000000000000000E+000 -0.000000000000000E+000 -0.149269972560830E-004  -0.959997873978821E-013  0.237894261340672E-012  0.579503494205910E-007
     12.80000000 -0.000000000000000E+000 -0.000000000000000E+000 -0.302749396751503E-004 -0.000000000000000E+000 -0.000000000000000E+000 -0.154324510149491E-004  0.000000000000000E+000  0.000000000000000E+000 -0.302749396751503E-004 -0.000000000000000E+000 -0.000000000000000E+000 -0.154324510149491E-004  -0.688723561066008E-013  0.254639710939466E-012  0.985820799952497E-007
     12.88000000 -0.000000000000000E+000 -0.000000000000000E+000 -0.289999327950547E-004 -0.000000000000000E+000 -0.000000000000000E+000 -0.159375860011953E-004  0.000000000000000E+000  0.000000000000000E+000 -0.289999327950547E-004 -0.000000000000000E+000 -0.000000000000000E+000 -0.159375860011953E-004  -0.435683375348419E-013  0.270248891313249E-012  0.139955211692198E-006
     12.96000000 -0.000000000000000E+000 -0.000000000000000E+000 -0.276845633079312E-004 -0.000000000000000E+000 -0.000000000000000E+000 -0.164421185890432E-004  0.000000000000000E+000  0.000000000000000E+000 -0.276845633079312E-004 -0.000000000000000E+000 -0.000000000000000E+000 -0.164421185890432E-004  -0.198676574645453E-013  0.284607445986907E-012  0.182058646758991E-006
     13.04000000 -0.000000000000000E+000 -0.000000000000000E+000 -0.263289022452329E-004 -0.000000000000000E+000 -0.000000000000000E+000 -0.169457632837290E-004  0.000000000000000E+000  0.000000000000000E+000 -0.263289022452329E-004 -0.000000000000000E+000 -0.000000000000000E+000 -0.169457632837290E-004   0.248196565216282E-014  0.297396034755279E-012  0.224880909705042E-006
     13.12000000 -0.000000000000000E+000 -0.000000000000000E+000 -0.249330436146445E-004 -0.000000000000000E+000 -0.000000000000000E+000 -0.174482328823546E-004  0.000000000000000E+000  0.000000000000000E+000 -0.249330436146445E-004 -0.000000000000000E+000 -0.000000000000000E+000 -0.174482328823546E-004   0.236769639006916E-013  0.308293975462044E-012  0.268410143200165E-006
     13.20000000 -0.000000000000000E+000 -0.000000000000000E+000 -0.234971045237384E-004 -0.000000000000000E+000 -0.000000000000000E+000 -0.179492386363270E-004  0.000000000000000E+000  0.000000000000000E+000 -0.234971045237384E-004 -0.000000000000000E+000 -0.000000000000000E+000 -0.179492386363270E-004   0.438225646232808E-013  0.317251840032881E-012  0.312634103676257E-006
     13.28000000 -0.000000000000000E+000 -0.000000000000000E+000 -0.220212252905150E-004 -0.000000000000000E+000 -0.000000000000000E+000 -0.184484904152915E-004  0.000000000000000E+000  0.000000000000000E+000 -0.220212252905150E-004 -0.000000000000000E+000 -0.000000000000000E+000 -0.184484904152915E-004   0.629253352742011E-013  0.324593533364876E-012  0.357540156848779E-006
     13.36000000 -0.000000000000000E+000 -0.000000000000000E+000 -0.205055695407182E-004 -0.000000000000000E+000 -0.000000000000000E+000 -0.189456968724604E-004  0.000000000000000E+000  0.000000000000000E+000 -0.205055695407182E-004 -0.000000000000000E+000 -0.000000000000000E+000 -0.189456968724604E-004   0.808893091537967E-013  0.330849119892374E-012  0.403115273292638E-006
     13.44000000 -0.000000000000000E+000 -0.000000000000000E+000 -0.189503242918197E-004 -0.000000000000000E+000 -0.000000000000000E+000 -0.194405656112319E-004  0.000000000000000E+000  0.000000000000000E+000 -0.189503242918197E-004 -0.000000000000000E+000 -0.000000000000000E+000 -0.194405656112319E-004   0.975688784122483E-013  0.336457199549782E-012  0.449346024207041E-006
     13.52000000 -0.000000000000000E+000 -0.000000000000000E+000 -0.173557000235776E-004 -0.000000000000000E+000 -0.000000000000000E+000 -0.199328033530259E-004  0.000000000000000E+000  0.000000000000000E+000 -0.173557000235776E-004 -0.000000000000000E+000 -0.000000000000000E+000 -0.199328033530259E-004   0.112864282897160E-012  0.341580562783572E-012  0.496218577451789E-006
     13.60000000 -0.000000000000000E+000 -0.000000000000000E+000 -0.157219307350807E-004 -0.000000000000000E+000 -0.000000000000000E+000 -0.204221161062104E-004  0.000000000000000E+000  0.000000000000000E+000 -0.157219307350807E-004 -0.000000000000000E+000 -0.000000000000000E+000 -0.204221161062104E-004   0.126816640223005E-012  0.346193252739648E-012  0.543718693975338E-006
     13.68000000 -0.000000000000000E+000 -0.000000000000000E+000 -0.140492739881969E-004 -0.000000000000000E+000 -0.000000000000000E+000 -0.209082093360480E-004  0.000000000000000E+000  0.000000000000000E+000 -0.140492739881969E-004 -0.000000000000000E+000 -0.000000000000000E+000 -0.209082093360480E-004   0.139652376225572E-012  0.350375367614203E-012  0.591831724721510E-006
     13.76000000 -0.000000000000000E+000 -0.000000000000000E+000 -0.123380109373535E-004 -0.000000000000000E+000 -0.000000000000000E+000 -0.213907881355421E-004  0.000000000000000E+000  0.000000000000000E+000 -0.123380109373535E-004 -0.000000000000000E+000 -0.000000000000000E+000 -0.213907881355421E-004   0.151686211706040E-012  0.354490617080471E-012  0.640542607908866E-006
     13.84000000 -0.000000000000000E+000 -0.000000000000000E+000 -0.105884463455868E-004 -0.000000000000000E+000 -0.000000000000000E+000 -0.218695573970847E-004  0.000000000000000E+000  0.000000000000000E+000 -0.105884463455868E-004 -0.000000000000000E+000 -0.000000000000000E+000 -0.218695573970847E-004   0.163230317833679E-012  0.359096260475344E-012  0.689835866508526E-006
     13.92000000 -0.000000000000000E+000 -0.000000000000000E+000 -0.880090858680157E-005 -0.000000000000000E+000 -0.000000000000000E+000 -0.223442219848150E-004  0.000000000000000E+000  0.000000000000000E+000 -0.880090858680157E-005 -0.000000000000000E+000 -0.000000000000000E+000 -0.223442219848150E-004   0.174534652148927E-012  0.364581123065577E-012  0.739695605772792E-006
     14.00000000 -0.000000000000000E+000 -0.000000000000000E+000 -0.697574963419467E-005 -0.000000000000000E+000 -0.000000000000000E+000 -0.228144869075862E-004  0.000000000000000E+000  0.000000000000000E+000 -0.697574963419467E-005 -0.000000000000000E+000 -0.000000000000000E+000 -0.228144869075862E-004   0.185842359537601E-012  0.370864638088898E-012  0.790105510693638E-006
     14.08000000 -0.000000000000000E+000 -0.000000000000000E+000 -0.511334503480009E-005 -0.000000000000000E+000 -0.000000000000000E+000 -0.232800574924323E-004  0.000000000000000E+000  0.000000000000000E+000 -0.511334503480009E-005 -0.000000000000000E+000 -0.000000000000000E+000 -0.232800574924323E-004   0.197458075963869E-012  0.377437591673991E-012  0.841048843335554E-006
     14.16000000 -0.000000000000000E+000 -0.000000000000000E+000 -0.321409387012618E-005 -0.000000000000000E+000 -0.000000000000000E+000 -0.237406395584238E-004  0.000000000000000E+000  0.000000000000000E+000 -0.321409387012618E-005 -0.000000000000000E+000 -0.000000000000000E+000 -0.237406395584238E-004   0.209749997238425E-012  0.383724747307663E-012  0.892508440061810E-006
     14.24000000 -0.000000000000000E+000 -0.000000000000000E+000 -0.127841870285900E-005 -0.000000000000000E+000 -0.000000000000000E+000 -0.241959395908397E-004  0.000000000000000E+000  0.000000000000000E+000 -0.127841870285900E-005 -0.000000000000000E+000 -0.000000000000000E+000 -0.241959395908397E-004   0.223010278200846E-012  0.389543807186437E-012  0.944466708585573E-006
     14.32000000  0.000000000000000E+000  0.000000000000000E+000  0.693234490382637E-006 -0.000000000000000E+000 -0.000000000000000E+000 -0.246456649155205E-004  0.000000000000000E+000  0.000000000000000E+000  0.693234490382637E-006 -0.000000000000000E+000 -0.000000000000000E+000 -0.246456649155205E-004   0.237273698651378E-012  0.395257947917478E-012  0.996905624806083E-006
     14.40000000  0.000000000000000E+000  0.000000000000000E+000  0.270039640024798E-005 -0.000000000000000E+000 -0.000000000000000E+000 -0.250895238733167E-004  0.000000000000000E+000  0.000000000000000E+000  0.270039640024798E-005 -0.000000000000000E+000 -0.000000000000000E+000 -0.250895238733167E-004   0.252285413104786E-012  0.401544519035673E-012  0.104980672947129E-005
     14.48000000  0.000000000000000E+000  0.000000000000000E+000  0.474257447981001E-005 -0.000000000000000E+000 -0.000000000000000E+000 -0.255272259945254E-004  0.000000000000000E+000  0.000000000000000E+000  0.474257447981001E-005 -0.000000000000000E+000 -0.000000000000000E+000 -0.255272259945254E-004   0.267641987673935E-012  0.408941267501457E-012  0.110315112479144E-005
     14.56000000  0.000000000000000E+000  0.000000000000000E+000  0.681925305366674E-005 -0.000000000000000E+000 -0.000000000000000E+000 -0.259584821732092E-004  0.000000000000000E+000  0.000000000000000E+000  0.681925305366674E-005 -0.000000000000000E+000 -0.000000000000000E+000 -0.259584821732092E-004   0.283090571353837E-012  0.417532653667958E-012  0.115691947119368E-005
     14.64000000  0.000000000000000E+000  0.000000000000000E+000  0.892989344097045E-005 -0.000000000000000E+000 -0.000000000000000E+000 -0.263830048412963E-004  0.000000000000000E+000  0.000000000000000E+000  0.892989344097045E-005 -0.000000000000000E+000 -0.000000000000000E+000 -0.263830048412963E-004   0.298707100961930E-012  0.426977660564775E-012  0.121109198442397E-005
     14.72000000  0.000000000000000E+000  0.000000000000000E+000  0.110739340923590E-004 -0.000000000000000E+000 -0.000000000000000E+000 -0.268005081423575E-004  0.000000000000000E+000  0.000000000000000E+000  0.110739340923590E-004 -0.000000000000000E+000 -0.000000000000000E+000 -0.268005081423575E-004   0.314857453571901E-012  0.436790287791827E-012  0.126564843302207E-005
     14.80000000  0.000000000000000E+000  0.000000000000000E+000  0.132507907407554E-004 -0.000000000000000E+000 -0.000000000000000E+000 -0.272107081049546E-004  0.000000000000000E+000  0.000000000000000E+000  0.132507907407554E-004 -0.000000000000000E+000 -0.000000000000000E+000 -0.272107081049546E-004   0.331947972095742E-012  0.446642392024649E-012  0.132056813617449E-005
     14.88000000  0.000000000000000E+000  0.000000000000000E+000  0.154598565659921E-004 -0.000000000000000E+000 -0.000000000000000E+000 -0.276133228154591E-004  0.000000000000000E+000  0.000000000000000E+000  0.154598565659921E-004 -0.000000000000000E+000 -0.000000000000000E+000 -0.276133228154591E-004   0.350158353757553E-012  0.456417352261225E-012  0.137582996192257E-005
     14.96000000  0.000000000000000E+000  0.000000000000000E+000  0.177005023732110E-004 -0.000000000000000E+000 -0.000000000000000E+000 -0.280080725902364E-004  0.000000000000000E+000  0.000000000000000E+000  0.177005023732110E-004 -0.000000000000000E+000 -0.000000000000000E+000 -0.280080725902364E-004   0.369368244837979E-012  0.466069368237978E-012  0.143141232573855E-005
     15.04000000  0.000000000000000E+000  0.000000000000000E+000  0.199720767849784E-004 -0.000000000000000E+000 -0.000000000000000E+000 -0.283946801470925E-004  0.000000000000000E+000  0.000000000000000E+000  0.199720767849784E-004 -0.000000000000000E+000 -0.000000000000000E+000 -0.283946801470925E-004   0.389274864061289E-012  0.475436210683450E-012  0.148729318963617E-005
     15.12000000  0.000000000000000E+000  0.000000000000000E+000  0.222739064470488E-004 -0.000000000000000E+000 -0.000000000000000E+000 -0.287728707758793E-004  0.000000000000000E+000  0.000000000000000E+000  0.222739064470488E-004 -0.000000000000000E+000 -0.000000000000000E+000 -0.287728707758793E-004   0.409612680778478E-012  0.484213141236599E-012  0.154345006186046E-005
     15.20000000  0.000000000000000E+000  0.000000000000000E+000  0.246052962477015E-004 -0.000000000000000E+000 -0.000000000000000E+000 -0.291423725081589E-004  0.000000000000000E+000  0.000000000000000E+000  0.246052962477015E-004 -0.000000000000000E+000 -0.000000000000000E+000 -0.291423725081589E-004   0.430222224159310E-012  0.492110972057406E-012  0.159985999718371E-005
     15.28000000  0.000000000000000E+000  0.000000000000000E+000  0.269655295505672E-004 -0.000000000000000E+000 -0.000000000000000E+000 -0.295029162858212E-004  0.000000000000000E+000  0.000000000000000E+000  0.269655295505672E-004 -0.000000000000000E+000 -0.000000000000000E+000 -0.295029162858212E-004   0.450987959913670E-012  0.499057734458191E-012  0.165649959771059E-005
     15.36000000  0.000000000000000E+000  0.000000000000000E+000  0.293538684408515E-004 -0.000000000000000E+000 -0.000000000000000E+000 -0.298542361285533E-004  0.000000000000000E+000  0.000000000000000E+000  0.293538684408515E-004 -0.000000000000000E+000 -0.000000000000000E+000 -0.298542361285533E-004   0.471687917975533E-012  0.505279731298106E-012  0.171334501409688E-005
     15.44000000  0.000000000000000E+000  0.000000000000000E+000  0.317695539848570E-004 -0.000000000000000E+000 -0.000000000000000E+000 -0.301960693000692E-004  0.000000000000000E+000  0.000000000000000E+000  0.317695539848570E-004 -0.000000000000000E+000 -0.000000000000000E+000 -0.301960693000692E-004   0.491952868777549E-012  0.511194182647050E-012  0.177037194714953E-005
     15.52000000  0.000000000000000E+000  0.000000000000000E+000  0.342118065026948E-004 -0.000000000000000E+000 -0.000000000000000E+000 -0.305281564729728E-004  0.000000000000000E+000  0.000000000000000E+000  0.342118065026948E-004 -0.000000000000000E+000 -0.000000000000000E+000 -0.305281564729728E-004   0.511403226864814E-012  0.517210322120863E-012  0.182755564986652E-005
     15.60000000  0.000000000000000E+000  0.000000000000000E+000  0.366798258540704E-004 -0.000000000000000E+000 -0.000000000000000E+000 -0.308502418921947E-004  0.000000000000000E+000  0.000000000000000E+000  0.366798258540704E-004 -0.000000000000000E+000 -0.000000000000000E+000 -0.308502418921947E-004   0.529854677115086E-012  0.523528051251908E-012  0.188487092995410E-005
     15.68000000  0.000000000000000E+000  0.000000000000000E+000  0.391727917370197E-004 -0.000000000000000E+000 -0.000000000000000E+000 -0.311620735368658E-004  0.000000000000000E+000  0.000000000000000E+000  0.391727917370197E-004 -0.000000000000000E+000 -0.000000000000000E+000 -0.311620735368658E-004   0.547414654426695E-012  0.530065518297562E-012  0.194229215285128E-005
     15.76000000  0.000000000000000E+000  0.000000000000000E+000  0.416898639994636E-004 -0.000000000000000E+000 -0.000000000000000E+000 -0.314634032805491E-004  0.000000000000000E+000  0.000000000000000E+000  0.416898639994636E-004 -0.000000000000000E+000 -0.000000000000000E+000 -0.314634032805491E-004   0.564399794773690E-012  0.536477336852279E-012  0.199979324516293E-005
     15.84000000  0.000000000000000E+000  0.000000000000000E+000  0.442301829634420E-004 -0.000000000000000E+000 -0.000000000000000E+000 -0.317539870497302E-004  0.000000000000000E+000  0.000000000000000E+000  0.442301829634420E-004 -0.000000000000000E+000 -0.000000000000000E+000 -0.317539870497302E-004   0.581106073302466E-012  0.542281426458973E-012  0.205734769849139E-005
     15.92000000  0.000000000000000E+000  0.000000000000000E+000  0.467928697618790E-004 -0.000000000000000E+000 -0.000000000000000E+000 -0.320335849804625E-004  0.000000000000000E+000  0.000000000000000E+000  0.467928697618790E-004 -0.000000000000000E+000 -0.000000000000000E+000 -0.320335849804625E-004   0.597601294059304E-012  0.547026571788236E-012  0.211492857368555E-005
     16.00000000  0.000000000000000E+000  0.000000000000000E+000  0.493770266877256E-004 -0.000000000000000E+000 -0.000000000000000E+000 -0.323019615730821E-004  0.000000000000000E+000  0.000000000000000E+000  0.493770266877256E-004 -0.000000000000000E+000 -0.000000000000000E+000 -0.323019615730821E-004   0.613671518607328E-012  0.550463795850067E-012  0.217250850569132E-005
     16.08000000  0.000000000000000E+000  0.000000000000000E+000  0.519817375553165E-004 -0.000000000000000E+000 -0.000000000000000E+000 -0.325588858448861E-004  0.000000000000000E+000  0.000000000000000E+000  0.519817375553165E-004 -0.000000000000000E+000 -0.000000000000000E+000 -0.325588858448861E-004   0.628919908622617E-012  0.552650859013259E-012  0.223005970915863E-005
     16.16000000  0.000000000000000E+000  0.000000000000000E+000  0.546060680737714E-004 -0.000000000000000E+000 -0.000000000000000E+000 -0.328041314806861E-004  0.000000000000000E+000  0.000000000000000E+000  0.546060680737714E-004 -0.000000000000000E+000 -0.000000000000000E+000 -0.328041314806861E-004   0.642922014765925E-012  0.553934481603392E-012  0.228755398490892E-005
     16.24000000  0.000000000000000E+000  0.000000000000000E+000  0.572490662322640E-004 -0.000000000000000E+000 -0.000000000000000E+000 -0.330374769811580E-004  0.000000000000000E+000  0.000000000000000E+000  0.572490662322640E-004 -0.000000000000000E+000 -0.000000000000000E+000 -0.330374769811580E-004   0.655346554545940E-012  0.554781556212118E-012  0.234496272726042E-005
     16.32000000  0.000000000000000E+000  0.000000000000000E+000  0.599097626969723E-004 -0.000000000000000E+000 -0.000000000000000E+000 -0.332587058088533E-004  0.000000000000000E+000  0.000000000000000E+000  0.599097626969723E-004 -0.000000000000000E+000 -0.000000000000000E+000 -0.332587058088533E-004   0.666004241823655E-012  0.555556660878301E-012  0.240225693211793E-005
     16.40000000  0.000000000000000E+000  0.000000000000000E+000  0.625871712195203E-004 -0.000000000000000E+000 -0.000000000000000E+000 -0.334676065318506E-004  0.000000000000000E+000  0.000000000000000E+000  0.625871712195203E-004 -0.000000000000000E+000 -0.000000000000000E+000 -0.334676065318506E-004   0.674865228161899E-012  0.556409386639879E-012  0.245940720582217E-005
     16.48000000  0.000000000000000E+000  0.000000000000000E+000  0.652802890567113E-004 -0.000000000000000E+000 -0.000000000000000E+000 -0.336639729648871E-004  0.000000000000000E+000  0.000000000000000E+000  0.652802890567113E-004 -0.000000000000000E+000 -0.000000000000000E+000 -0.336639729648871E-004   0.682064303984093E-012  0.557302584012136E-012  0.251638377475559E-005
     16.56000000  0.000000000000000E+000  0.000000000000000E+000  0.679880974013450E-004 -0.000000000000000E+000 -0.000000000000000E+000 -0.338476043079209E-004  0.000000000000000E+000  0.000000000000000E+000  0.679880974013450E-004 -0.000000000000000E+000 -0.000000000000000E+000 -0.338476043079209E-004   0.687891527252697E-012  0.558179089439418E-012  0.257315649586073E-005
     16.64000000  0.000000000000000E+000  0.000000000000000E+000  0.707095618239097E-004 -0.000000000000000E+000 -0.000000000000000E+000 -0.340183052820599E-004  0.000000000000000E+000  0.000000000000000E+000  0.707095618239097E-004 -0.000000000000000E+000 -0.000000000000000E+000 -0.340183052820599E-004   0.692741469255004E-012  0.559066387697772E-012  0.262969486805519E-005
     16.72000000  0.000000000000000E+000  0.000000000000000E+000  0.734436327249252E-004 -0.000000000000000E+000 -0.000000000000000E+000 -0.341758862626935E-004  0.000000000000000E+000  0.000000000000000E+000  0.734436327249252E-004 -0.000000000000000E+000 -0.000000000000000E+000 -0.341758862626935E-004   0.697008878966998E-012  0.560005531901678E-012  0.268596804454542E-005
     16.80000000  0.000000000000000E+000  0.000000000000000E+000  0.761892457977135E-004 -0.000000000000000E+000 -0.000000000000000E+000 -0.343201634098532E-004  0.000000000000000E+000  0.000000000000000E+000  0.761892457977135E-004 -0.000000000000000E+000 -0.000000000000000E+000 -0.343201634098532E-004   0.700989741824958E-012  0.560877582563090E-012  0.274194484587190E-005
     16.88000000  0.000000000000000E+000  0.000000000000000E+000  0.789453225013617E-004 -0.000000000000000E+000 -0.000000000000000E+000 -0.344509587956033E-004  0.000000000000000E+000  0.000000000000000E+000  0.789453225013617E-004 -0.000000000000000E+000 -0.000000000000000E+000 -0.344509587956033E-004   0.704817657888672E-012  0.561274974281869E-012  0.279759377354351E-005
     16.96000000  0.000000000000000E+000  0.000000000000000E+000  0.817107705436415E-004 -0.000000000000000E+000 -0.000000000000000E+000 -0.345681005284969E-004  0.000000000000000E+000  0.000000000000000E+000  0.817107705436415E-004 -0.000000000000000E+000 -0.000000000000000E+000 -0.345681005284969E-004   0.708492109652379E-012  0.560614670312526E-012  0.285288302414544E-005
     17.04000000  0.000000000000000E+000  0.000000000000000E+000  0.844844843736343E-004 -0.000000000000000E+000 -0.000000000000000E+000 -0.346714228749104E-004  0.000000000000000E+000  0.000000000000000E+000  0.844844843736343E-004 -0.000000000000000E+000 -0.000000000000000E+000 -0.346714228749104E-004   0.711923414773461E-012  0.558468646711290E-012  0.290778050386067E-005
     17.12000000  0.000000000000000E+000  0.000000000000000E+000  0.872653456838170E-004 -0.000000000000000E+000 -0.000000000000000E+000 -0.347607663772831E-004  0.000000000000000E+000  0.000000000000000E+000  0.872653456838170E-004 -0.000000000000000E+000 -0.000000000000000E+000 -0.347607663772831E-004   0.714956674893760E-012  0.554880005282998E-012  0.296225384343231E-005
     17.20000000  0.000000000000000E+000  0.000000000000000E+000  0.900522239213431E-004 -0.000000000000000E+000 -0.000000000000000E+000 -0.348359779690759E-004  0.000000000000000E+000  0.000000000000000E+000  0.900522239213431E-004 -0.000000000000000E+000 -0.000000000000000E+000 -0.348359779690759E-004   0.717379452393296E-012  0.550409643716142E-012  0.301627041355464E-005
     17.28000000  0.000000000000000E+000  0.000000000000000E+000  0.928439768082635E-004 -0.000000000000000E+000 -0.000000000000000E+000 -0.348969110865054E-004  0.000000000000000E+000  0.000000000000000E+000  0.928439768082635E-004 -0.000000000000000E+000 -0.000000000000000E+000 -0.348969110865054E-004   0.718970593118372E-012  0.545850672464094E-012  0.306979734076204E-005
     17.36000000  0.000000000000000E+000  0.000000000000000E+000  0.956394508704104E-004 -0.000000000000000E+000 -0.000000000000000E+000 -0.349434257768370E-004  0.000000000000000E+000  0.000000000000000E+000  0.956394508704104E-004 -0.000000000000000E+000 -0.000000000000000E+000 -0.349434257768370E-004   0.719627369164119E-012  0.541793879313987E-012  0.312280152386125E-005
     17.44000000  0.000000000000000E+000  0.000000000000000E+000  0.984374819746758E-004 -0.000000000000000E+000 -0.000000000000000E+000 -0.349753888033173E-004  0.000000000000000E+000  0.000000000000000E+000  0.984374819746758E-004 -0.000000000000000E+000 -0.000000000000000E+000 -0.349753888033173E-004   0.719511232037519E-012  0.538344657752005E-012  0.317524965102382E-005
     17.52000000  0.000000000000000E+000  0.000000000000000E+000  0.101236895874398E-003 -0.000000000000000E+000 -0.000000000000000E+000 -0.349926737465310E-004  0.000000000000000E+000  0.000000000000000E+000  0.101236895874398E-003 -0.000000000000000E+000 -0.000000000000000E+000 -0.349926737465310E-004   0.719099493964854E-012  0.535167048912049E-012  0.322710821758834E-005
     17.60000000  0.000000000000000E+000  0.000000000000000E+000  0.104036508762579E-003 -0.000000000000000E+000 -0.000000000000000E+000 -0.349951611022556E-004  0.000000000000000E+000  0.000000000000000E+000  0.104036508762579E-003 -0.000000000000000E+000 -0.000000000000000E+000 -0.349951611022556E-004   0.719089899528545E-012  0.531797829925650E-012  0.327834354464219E-005
     17.68000000  0.000000000000000E+000  0.000000000000000E+000  0.106835127832629E-003 -0.000000000000000E+000 -0.000000000000000E+000 -0.349827383756241E-004  0.000000000000000E+000  0.000000000000000E+000  0.106835127832629E-003 -0.000000000000000E+000 -0.000000000000000E+000 -0.349827383756241E-004   0.720129124377018E-012  0.527943645299718E-012  0.332892179831934E-005
     17.76000000  0.000000000000000E+000  0.000000000000000E+000  0.109631551846361E-003 -0.000000000000000E+000 -0.000000000000000E+000 -0.349553001716515E-004  0.000000000000000E+000  0.000000000000000E+000  0.109631551846361E-003 -0.000000000000000E+000 -0.000000000000000E+000 -0.349553001716515E-004   0.722556662829149E-012  0.523547347289879E-012  0.337880900981814E-005
     17.84000000  0.000000000000000E+000  0.000000000000000E+000  0.112424571708916E-003 -0.000000000000000E+000 -0.000000000000000E+000 -0.349127482819449E-004  0.000000000000000E+000  0.000000000000000E+000  0.112424571708916E-003 -0.000000000000000E+000 -0.000000000000000E+000 -0.349127482819449E-004   0.726297189437061E-012  0.518631932024990E-012  0.342797109609919E-005
     17.92000000  0.000000000000000E+000  0.000000000000000E+000  0.115212971050330E-003 -0.000000000000000E+000 -0.000000000000000E+000 -0.348549917676695E-004  0.000000000000000E+000  0.000000000000000E+000  0.115212971050330E-003 -0.000000000000000E+000 -0.000000000000000E+000 -0.348549917676695E-004   0.730972981214439E-012  0.513090640978216E-012  0.347637388124192E-005
     18.00000000  0.000000000000000E+000  0.000000000000000E+000  0.117995526813416E-003 -0.000000000000000E+000 -0.000000000000000E+000 -0.347819470385816E-004  0.000000000000000E+000  0.000000000000000E+000  0.117995526813416E-003 -0.000000000000000E+000 -0.000000000000000E+000 -0.347819470385816E-004   0.736115526544582E-012  0.506670053938429E-012  0.352398311850626E-005
     18.08000000  0.000000000000000E+000  0.000000000000000E+000  0.120771009847673E-003 -0.000000000000000E+000 -0.000000000000000E+000 -0.346935379282069E-004  0.000000000000000E+000  0.000000000000000E+000  0.120771009847673E-003 -0.000000000000000E+000 -0.000000000000000E+000 -0.346935379282069E-004   0.741325780300396E-012  0.499164451574527E-012  0.357076451299445E-005
     18.16000000  0.000000000000000E+000  0.000000000000000E+000  0.123538185508872E-003 -0.000000000000000E+000 -0.000000000000000E+000 -0.345896957649858E-004  0.000000000000000E+000  0.000000000000000E+000  0.123538185508872E-003 -0.000000000000000E+000 -0.000000000000000E+000 -0.345896957649858E-004   0.746296098609603E-012  0.490655275539700E-012  0.361668374490880E-005
     18.24000000  0.000000000000000E+000  0.000000000000000E+000  0.126295814264028E-003 -0.000000000000000E+000 -0.000000000000000E+000 -0.344703594394541E-004  0.000000000000000E+000  0.000000000000000E+000  0.126295814264028E-003 -0.000000000000000E+000 -0.000000000000000E+000 -0.344703594394541E-004   0.750752180832291E-012  0.481579203066308E-012  0.366170649327583E-005
     18.32000000  0.000000000000000E+000  0.000000000000000E+000  0.129042652301414E-003 -0.000000000000000E+000 -0.000000000000000E+000 -0.343354754673205E-004  0.000000000000000E+000  0.000000000000000E+000  0.129042652301414E-003 -0.000000000000000E+000 -0.000000000000000E+000 -0.343354754673205E-004   0.754412694574737E-012  0.472564632965041E-012  0.370579846017292E-005
     18.40000000  0.000000000000000E+000  0.000000000000000E+000  0.131777452145290E-003 -0.000000000000000E+000 -0.000000000000000E+000 -0.341849980484534E-004  0.000000000000000E+000  0.000000000000000E+000  0.131777452145290E-003 -0.000000000000000E+000 -0.000000000000000E+000 -0.341849980484534E-004   0.757078698777197E-012  0.464099446174608E-012  0.374892539539575E-005
     18.48000000  0.000000000000000E+000  0.000000000000000E+000  0.134498963275027E-003 -0.000000000000000E+000 -0.000000000000000E+000 -0.340188891217104E-004  0.000000000000000E+000  0.000000000000000E+000  0.134498963275027E-003 -0.000000000000000E+000 -0.000000000000000E+000 -0.340188891217104E-004   0.758766702174558E-012  0.456278344241158E-012  0.379105312166946E-005
     18.56000000  0.000000000000000E+000  0.000000000000000E+000  0.137205932748273E-003 -0.000000000000000E+000 -0.000000000000000E+000 -0.338371184155782E-004  0.000000000000000E+000  0.000000000000000E+000  0.137205932748273E-003 -0.000000000000000E+000 -0.000000000000000E+000 -0.338371184155782E-004   0.759757430559466E-012  0.448778570216852E-012  0.383214756032729E-005
     18.64000000  0.000000000000000E+000  0.000000000000000E+000  0.139897105827840E-003 -0.000000000000000E+000 -0.000000000000000E+000 -0.336396634945884E-004  0.000000000000000E+000  0.000000000000000E+000  0.139897105827840E-003 -0.000000000000000E+000 -0.000000000000000E+000 -0.336396634945884E-004   0.760483759178469E-012  0.441024551536016E-012  0.387217475739304E-005
     18.72000000  0.000000000000000E+000  0.000000000000000E+000  0.142571226611957E-003 -0.000000000000000E+000 -0.000000000000000E+000 -0.334265098014545E-004  0.000000000000000E+000  0.000000000000000E+000  0.142571226611957E-003 -0.000000000000000E+000 -0.000000000000000E+000 -0.334265098014545E-004   0.761269945294356E-012  0.432446154713876E-012  0.391110091005065E-005
     18.80000000  0.000000000000000E+000  0.000000000000000E+000  0.145227038667553E-003 -0.000000000000000E+000 -0.000000000000000E+000 -0.331976506949504E-004  0.000000000000000E+000  0.000000000000000E+000  0.145227038667553E-003 -0.000000000000000E+000 -0.000000000000000E+000 -0.331976506949504E-004   0.762102996802067E-012  0.422652091939300E-012  0.394889239341349E-005
     18.88000000  0.000000000000000E+000  0.000000000000000E+000  0.147863285666226E-003 -0.000000000000000E+000 -0.000000000000000E+000 -0.329530874834150E-004  0.000000000000000E+000  0.000000000000000E+000  0.147863285666226E-003 -0.000000000000000E+000 -0.000000000000000E+000 -0.329530874834150E-004   0.762568243514589E-012  0.411488687342275E-012  0.398551578770943E-005
     18.96000000  0.000000000000000E+000  0.000000000000000E+000  0.150478712022542E-003 -0.000000000000000E+000 -0.000000000000000E+000 -0.326928294539565E-004  0.000000000000000E+000  0.000000000000000E+000  0.150478712022542E-003 -0.000000000000000E+000 -0.000000000000000E+000 -0.326928294539565E-004   0.761990677472561E-012  0.398993485689559E-012  0.402093790596774E-005
     19.04000000  0.000000000000000E+000  0.000000000000000E+000  0.153072063534321E-003 -0.000000000000000E+000 -0.000000000000000E+000 -0.324168938972365E-004  0.000000000000000E+000  0.000000000000000E+000  0.153072063534321E-003 -0.000000000000000E+000 -0.000000000000000E+000 -0.324168938972365E-004   0.759649874190338E-012  0.385320029333677E-012  0.405512582224950E-005
     19.12000000  0.000000000000000E+000  0.000000000000000E+000  0.155642088024553E-003 -0.000000000000000E+000 -0.000000000000000E+000 -0.321253061278973E-004  0.000000000000000E+000  0.000000000000000E+000  0.155642088024553E-003 -0.000000000000000E+000 -0.000000000000000E+000 -0.321253061278973E-004   0.754996506324002E-012  0.370691123075937E-012  0.408804690042411E-005
     19.20000000  0.000000000000000E+000  0.000000000000000E+000  0.158187535984595E-003 -0.000000000000000E+000 -0.000000000000000E+000 -0.318180995005210E-004  0.000000000000000E+000  0.000000000000000E+000  0.158187535984595E-003 -0.000000000000000E+000 -0.000000000000000E+000 -0.318180995005210E-004   0.747727162907258E-012  0.355356370585237E-012  0.411966882334721E-005
     19.28000000  0.000000000000000E+000  0.000000000000000E+000  0.160707161218292E-003 -0.000000000000000E+000 -0.000000000000000E+000 -0.314953154212161E-004  0.000000000000000E+000  0.000000000000000E+000  0.160707161218292E-003 -0.000000000000000E+000 -0.000000000000000E+000 -0.314953154212161E-004   0.737793170289795E-012  0.339582386712753E-012  0.414995962231375E-005
     19.36000000  0.000000000000000E+000  0.000000000000000E+000  0.163199721486667E-003 -0.000000000000000E+000 -0.000000000000000E+000 -0.311570033546859E-004  0.000000000000000E+000  0.000000000000000E+000  0.163199721486667E-003 -0.000000000000000E+000 -0.000000000000000E+000 -0.311570033546859E-004   0.725358319044397E-012  0.323626671733207E-012  0.417888770663785E-005
     19.44000000  0.000000000000000E+000  0.000000000000000E+000  0.165663979152819E-003 -0.000000000000000E+000 -0.000000000000000E+000 -0.308032208269009E-004  0.000000000000000E+000  0.000000000000000E+000  0.165663979152819E-003 -0.000000000000000E+000 -0.000000000000000E+000 -0.308032208269009E-004   0.710776211921681E-012  0.307705449943055E-012  0.420642189327844E-005
     19.52000000  0.000000000000000E+000  0.000000000000000E+000  0.168098701826678E-003 -0.000000000000000E+000 -0.000000000000000E+000 -0.304340334232383E-004  0.000000000000000E+000  0.000000000000000E+000  0.168098701826678E-003 -0.000000000000000E+000 -0.000000000000000E+000 -0.304340334232383E-004   0.694534390043289E-012  0.291933462558600E-012  0.423253143643647E-005
     19.60000000  0.000000000000000E+000  0.000000000000000E+000  0.170502663009254E-003 -0.000000000000000E+000 -0.000000000000000E+000 -0.300495147822002E-004  0.000000000000000E+000  0.000000000000000E+000  0.170502663009254E-003 -0.000000000000000E+000 -0.000000000000000E+000 -0.300495147822002E-004   0.677189139222913E-012  0.276256862879724E-012  0.425718605703424E-005
     19.68000000  0.000000000000000E+000  0.000000000000000E+000  0.172874642736022E-003 -0.000000000000000E+000 -0.000000000000000E+000 -0.296497465845998E-004  0.000000000000000E+000  0.000000000000000E+000  0.172874642736022E-003 -0.000000000000000E+000 -0.000000000000000E+000 -0.296497465845998E-004   0.659240866447973E-012  0.260404104441201E-012  0.428035597193964E-005
     19.76000000  0.000000000000000E+000  0.000000000000000E+000  0.175213428219086E-003 -0.000000000000000E+000 -0.000000000000000E+000 -0.292348185383008E-004  0.000000000000000E+000  0.000000000000000E+000  0.175213428219086E-003 -0.000000000000000E+000 -0.000000000000000E+000 -0.292348185383008E-004   0.641041357426559E-012  0.243949976954482E-012  0.430201192285349E-005
     19.84000000  0.000000000000000E+000  0.000000000000000E+000  0.177517814487762E-003 -0.000000000000000E+000 -0.000000000000000E+000 -0.288048283584438E-004  0.000000000000000E+000  0.000000000000000E+000  0.177517814487762E-003 -0.000000000000000E+000 -0.000000000000000E+000 -0.288048283584438E-004   0.622742058386996E-012  0.226499728180937E-012  0.432212520473093E-005
     19.92000000  0.000000000000000E+000  0.000000000000000E+000  0.179786605027219E-003 -0.000000000000000E+000 -0.000000000000000E+000 -0.283598817432215E-004  0.000000000000000E+000  0.000000000000000E+000  0.179786605027219E-003 -0.000000000000000E+000 -0.000000000000000E+000 -0.283598817432215E-004   0.604323357567623E-012  0.207915599191752E-012  0.434066769369606E-005
     20.00000000  0.000000000000000E+000  0.000000000000000E+000  0.182018612414831E-003 -0.000000000000000E+000 -0.000000000000000E+000 -0.279000923451435E-004  0.000000000000000E+000  0.000000000000000E+000  0.182018612414831E-003 -0.000000000000000E+000 -0.000000000000000E+000 -0.279000923451435E-004   0.585645530421245E-012  0.188480097434950E-012  0.435761187451655E-005
     20.08000000  0.000000000000000E+000  0.000000000000000E+000  0.184212658953861E-003 -0.000000000000000E+000 -0.000000000000000E+000 -0.274255817378783E-004  0.000000000000000E+000  0.000000000000000E+000  0.184212658953861E-003 -0.000000000000000E+000 -0.000000000000000E+000 -0.274255817378783E-004   0.566523329712919E-012  0.168847250553966E-012  0.437293086763226E-005
     20.16000000  0.000000000000000E+000  0.000000000000000E+000  0.186367577304149E-003 -0.000000000000000E+000 -0.000000000000000E+000 -0.269364793786016E-004  0.000000000000000E+000  0.000000000000000E+000  0.186367577304149E-003 -0.000000000000000E+000 -0.000000000000000E+000 -0.269364793786016E-004   0.546811189254299E-012  0.149801925803015E-012  0.438659845586286E-005
     20.24000000  0.000000000000000E+000  0.000000000000000E+000  0.188482211109423E-003 -0.000000000000000E+000 -0.000000000000000E+000 -0.264329225659270E-004  0.000000000000000E+000  0.000000000000000E+000  0.188482211109423E-003 -0.000000000000000E+000 -0.000000000000000E+000 -0.264329225659270E-004   0.526511721169507E-012  0.131972341292426E-012  0.439858911084151E-005
     20.32000000  0.000000000000000E+000  0.000000000000000E+000  0.190555415620896E-003 -0.000000000000000E+000 -0.000000000000000E+000 -0.259150563934030E-004  0.000000000000000E+000  0.000000000000000E+000  0.190555415620896E-003 -0.000000000000000E+000 -0.000000000000000E+000 -0.259150563934030E-004   0.505886976370715E-012  0.115648822772555E-012  0.440887801912566E-005
     20.40000000  0.000000000000000E+000  0.000000000000000E+000  0.192586058316785E-003 -0.000000000000000E+000 -0.000000000000000E+000 -0.253830336986159E-004  0.000000000000000E+000  0.000000000000000E+000  0.192586058316785E-003 -0.000000000000000E+000 -0.000000000000000E+000 -0.253830336986159E-004   0.485495395021489E-012  0.100832774184826E-012  0.441744110791875E-005
     20.48000000  0.000000000000000E+000  0.000000000000000E+000  0.194573019517416E-003 -0.000000000000000E+000 -0.000000000000000E+000 -0.248370150078829E-004  0.000000000000000E+000  0.000000000000000E+000  0.194573019517416E-003 -0.000000000000000E+000 -0.000000000000000E+000 -0.248370150078829E-004   0.466105876236410E-012  0.874011543939436E-013  0.442425507010546E-005
     20.56000000  0.000000000000000E+000  0.000000000000000E+000  0.196515192995545E-003 -0.000000000000000E+000 -0.000000000000000E+000 -0.242771684766176E-004  0.000000000000000E+000  0.000000000000000E+000  0.196515192995545E-003 -0.000000000000000E+000 -0.000000000000000E+000 -0.242771684766176E-004   0.448488675135693E-012  0.752486246257783E-013  0.442929738840967E-005
     20.64000000  0.000000000000000E+000  0.000000000000000E+000  0.198411486581572E-003 -0.000000000000000E+000 -0.000000000000000E+000 -0.237036698253399E-004  0.000000000000000E+000  0.000000000000000E+000  0.198411486581572E-003 -0.000000000000000E+000 -0.000000000000000E+000 -0.237036698253399E-004   0.433171164220235E-012  0.642606208507708E-013  0.443254635835312E-005
     20.72000000  0.000000000000000E+000  0.000000000000000E+000  0.200260822763283E-003 -0.000000000000000E+000 -0.000000000000000E+000 -0.231167022713837E-004  0.000000000000000E+000  0.000000000000000E+000  0.200260822763283E-003 -0.000000000000000E+000 -0.000000000000000E+000 -0.231167022713837E-004   0.420303969288521E-012  0.541876781879410E-013  0.443398110993554E-005
     20.80000000  0.000000000000000E+000  0.000000000000000E+000  0.202062139279791E-003 -0.000000000000000E+000 -0.000000000000000E+000 -0.225164564563462E-004  0.000000000000000E+000  0.000000000000000E+000  0.202062139279791E-003 -0.000000000000000E+000 -0.000000000000000E+000 -0.225164564563462E-004   0.409688968455785E-012  0.445811909222779E-013  0.443358162799128E-005
     20.88000000  0.000000000000000E+000  0.000000000000000E+000  0.203814389709332E-003 -0.000000000000000E+000 -0.000000000000000E+000 -0.219031303692720E-004  0.000000000000000E+000  0.000000000000000E+000  0.203814389709332E-003 -0.000000000000000E+000 -0.000000000000000E+000 -0.219031303692720E-004   0.400925384130211E-012  0.349054025580295E-013  0.443132877130801E-005
     20.96000000  0.000000000000000E+000  0.000000000000000E+000  0.205516544050586E-003 -0.000000000000000E+000 -0.000000000000000E+000 -0.212769292656691E-004  0.000000000000000E+000  0.000000000000000E+000  0.205516544050586E-003 -0.000000000000000E+000 -0.000000000000000E+000 -0.212769292656691E-004   0.393561959571895E-012  0.247941785234930E-013  0.442720429064512E-005
     21.04000000  0.000000000000000E+000  0.000000000000000E+000  0.207167589297172E-003 -0.000000000000000E+000 -0.000000000000000E+000 -0.206380655823232E-004  0.000000000000000E+000  0.000000000000000E+000  0.207167589297172E-003 -0.000000000000000E+000 -0.000000000000000E+000 -0.206380655823232E-004   0.387157948025738E-012  0.142925586348896E-013  0.442119084572328E-005
     21.12000000  0.000000000000000E+000  0.000000000000000E+000  0.208766530005014E-003 -0.000000000000000E+000 -0.000000000000000E+000 -0.199867588480292E-004  0.000000000000000E+000  0.000000000000000E+000  0.208766530005014E-003 -0.000000000000000E+000 -0.000000000000000E+000 -0.199867588480292E-004   0.381268207953254E-012  0.384995171995100E-014  0.441327202136068E-005
     21.20000000  0.000000000000000E+000  0.000000000000000E+000  0.210312388852230E-003 -0.000000000000000E+000 -0.000000000000000E+000 -0.193232355902046E-004  0.000000000000000E+000  0.000000000000000E+000  0.210312388852230E-003 -0.000000000000000E+000 -0.000000000000000E+000 -0.193232355902046E-004   0.375432500300706E-012 -0.593352226437952E-014  0.440343234281459E-005
     21.28000000  0.000000000000000E+000  0.000000000000000E+000  0.211804207191231E-003 -0.000000000000000E+000 -0.000000000000000E+000 -0.186477292375078E-004  0.000000000000000E+000  0.000000000000000E+000  0.211804207191231E-003 -0.000000000000000E+000 -0.000000000000000E+000 -0.186477292375078E-004   0.369244872669659E-012 -0.146707755355249E-013  0.439165729054787E-005
     21.36000000  0.000000000000000E+000  0.000000000000000E+000  0.213241045592707E-003 -0.000000000000000E+000 -0.000000000000000E+000 -0.179604800184502E-004  0.000000000000000E+000  0.000000000000000E+000  0.213241045592707E-003 -0.000000000000000E+000 -0.000000000000000E+000 -0.179604800184502E-004   0.362480276060697E-012 -0.224242036775389E-013  0.437793331452275E-005
     21.44000000  0.000000000000000E+000  0.000000000000000E+000  0.214621984381193E-003 -0.000000000000000E+000 -0.000000000000000E+000 -0.172617348560779E-004  0.000000000000000E+000  0.000000000000000E+000  0.214621984381193E-003 -0.000000000000000E+000 -0.000000000000000E+000 -0.172617348560779E-004   0.355175322123986E-012 -0.296797747150202E-013  0.436224784815923E-005
     21.52000000  0.000000000000000E+000  0.000000000000000E+000  0.215946124161896E-003 -0.000000000000000E+000 -0.000000000000000E+000 -0.165517472587850E-004  0.000000000000000E+000  0.000000000000000E+000  0.215946124161896E-003 -0.000000000000000E+000 -0.000000000000000E+000 -0.165517472587850E-004   0.347556772747793E-012 -0.371275554727833E-013  0.434458932193860E-005
     21.60000000  0.000000000000000E+000  0.000000000000000E+000  0.217212586338480E-003 -0.000000000000000E+000 -0.000000000000000E+000 -0.158307772072941E-004  0.000000000000000E+000  0.000000000000000E+000  0.217212586338480E-003 -0.000000000000000E+000 -0.000000000000000E+000 -0.158307772072941E-004   0.339832710171426E-012 -0.454170932291735E-013  0.432494717662591E-005
     21.68000000  0.000000000000000E+000  0.000000000000000E+000  0.218420513621509E-003 -0.000000000000000E+000 -0.000000000000000E+000 -0.150990910378691E-004  0.000000000000000E+000  0.000000000000000E+000  0.218420513621509E-003 -0.000000000000000E+000 -0.000000000000000E+000 -0.150990910378691E-004   0.331974328749388E-012 -0.550466386139563E-013  0.430331187595737E-005
     21.76000000  0.000000000000000E+000  0.000000000000000E+000  0.219569070527256E-003 -0.000000000000000E+000 -0.000000000000000E+000 -0.143569613218357E-004  0.000000000000000E+000  0.000000000000000E+000  0.219569070527256E-003 -0.000000000000000E+000 -0.000000000000000E+000 -0.143569613218357E-004   0.323593798572754E-012 -0.663930944345783E-013  0.427967491866257E-005
     21.84000000  0.000000000000000E+000  0.000000000000000E+000  0.220657443866571E-003 -0.000000000000000E+000 -0.000000000000000E+000 -0.136046667414335E-004  0.000000000000000E+000  0.000000000000000E+000  0.220657443866571E-003 -0.000000000000000E+000 -0.000000000000000E+000 -0.136046667414335E-004   0.314032581516274E-012 -0.797664067361261E-013  0.425402884969626E-005
     21.92000000  0.000000000000000E+000  0.000000000000000E+000  0.221684843223540E-003 -0.000000000000000E+000 -0.000000000000000E+000 -0.128424919621210E-004  0.000000000000000E+000  0.000000000000000E+000  0.221684843223540E-003 -0.000000000000000E+000 -0.000000000000000E+000 -0.128424919621210E-004   0.302545825417023E-012 -0.953918486366607E-013  0.422636727056511E-005
     22.00000000  0.000000000000000E+000  0.000000000000000E+000  0.222650501423647E-003 -0.000000000000000E+000 -0.000000000000000E+000 -0.120707275013335E-004  0.000000000000000E+000  0.000000000000000E+000  0.222650501423647E-003 -0.000000000000000E+000 -0.000000000000000E+000 -0.120707275013335E-004   0.288500045502037E-012 -0.113290433329537E-012  0.419668484868858E-005
     22.08000000  0.000000000000000E+000  0.000000000000000E+000  0.223553674991153E-003 -0.000000000000000E+000 -0.000000000000000E+000 -0.112896695938240E-004  0.000000000000000E+000  0.000000000000000E+000  0.223553674991153E-003 -0.000000000000000E+000 -0.000000000000000E+000 -0.112896695938240E-004   0.271487643744723E-012 -0.133158713457414E-012  0.416497732571555E-005
     22.16000000 -0.000000000000000E+000 -0.000000000000000E+000  0.224393644595442E-003  0.000000000000000E+000  0.000000000000000E+000 -0.104996200536086E-004  0.000000000000000E+000  0.000000000000000E+000  0.224393644595442E-003 -0.000000000000000E+000 -0.000000000000000E+000 -0.104996200536086E-004   0.251340796440608E-012 -0.154385721269249E-012  0.413124152483126E-005
     22.24000000 -0.000000000000000E+000 -0.000000000000000E+000  0.225169715486052E-003 -0.000000000000000E+000 -0.000000000000000E+000 -0.970088613263177E-005  0.000000000000000E+000  0.000000000000000E+000  0.225169715486052E-003 -0.000000000000000E+000 -0.000000000000000E+000 -0.970088613263177E-005   0.228100613674984E-012 -0.176230393286376E-012  0.409547535707892E-005
     22.32000000 -0.000000000000000E+000 -0.000000000000000E+000  0.225881217916147E-003 -0.000000000000000E+000 -0.000000000000000E+000 -0.889378037617978E-005  0.000000000000000E+000  0.000000000000000E+000  0.225881217916147E-003 -0.000000000000000E+000 -0.000000000000000E+000 -0.889378037617978E-005   0.202008759343616E-012 -0.198066577154968E-012  0.405767782674102E-005
     22.40000000 -0.000000000000000E+000 -0.000000000000000E+000  0.226527507554160E-003 -0.000000000000000E+000 -0.000000000000000E+000 -0.807862047516575E-005  0.000000000000000E+000  0.000000000000000E+000  0.226527507554160E-003 -0.000000000000000E+000 -0.000000000000000E+000 -0.807862047516575E-005   0.173491459672643E-012 -0.219605604548544E-012  0.401784903587589E-005
     22.48000000 -0.000000000000000E+000 -0.000000000000000E+000  0.227107965883386E-003 -0.000000000000000E+000 -0.000000000000000E+000 -0.725572911532530E-005  0.000000000000000E+000  0.000000000000000E+000  0.227107965883386E-003 -0.000000000000000E+000 -0.000000000000000E+000 -0.725572911532530E-005   0.143105887915317E-012 -0.240942310781717E-012  0.397599018801650E-005
     22.56000000 -0.000000000000000E+000 -0.000000000000000E+000  0.227622000589261E-003 -0.000000000000000E+000 -0.000000000000000E+000 -0.642543382343636E-005  0.000000000000000E+000  0.000000000000000E+000  0.227622000589261E-003 -0.000000000000000E+000 -0.000000000000000E+000 -0.642543382343636E-005   0.111456792969521E-012 -0.262461335147156E-012  0.393210359107960E-005
     22.64000000 -0.000000000000000E+000 -0.000000000000000E+000  0.228069045934109E-003 -0.000000000000000E+000 -0.000000000000000E+000 -0.558806681060557E-005  0.000000000000000E+000  0.000000000000000E+000  0.228069045934109E-003 -0.000000000000000E+000 -0.000000000000000E+000 -0.558806681060557E-005   0.790695686671881E-013 -0.284600164264261E-012  0.388619265946208E-005
     22.72000000 -0.000000000000000E+000 -0.000000000000000E+000  0.228448563119129E-003 -0.000000000000000E+000 -0.000000000000000E+000 -0.474396481275229E-005  0.000000000000000E+000  0.000000000000000E+000  0.228448563119129E-003 -0.000000000000000E+000 -0.000000000000000E+000 -0.474396481275229E-005   0.463119806517613E-013 -0.307651860239007E-012  0.383826191528931E-005
     22.80000000 -0.000000000000000E+000 -0.000000000000000E+000  0.228760040633396E-003 -0.000000000000000E+000 -0.000000000000000E+000 -0.389346892833508E-005  0.000000000000000E+000  0.000000000000000E+000  0.228760040633396E-003 -0.000000000000000E+000 -0.000000000000000E+000 -0.389346892833508E-005   0.133797173764654E-013 -0.331613192299506E-012  0.378831698871244E-005
     22.88000000 -0.000000000000000E+000 -0.000000000000000E+000  0.229002994589670E-003 -0.000000000000000E+000 -0.000000000000000E+000 -0.303692445342656E-005  0.000000000000000E+000  0.000000000000000E+000  0.229002994589670E-003 -0.000000000000000E+000 -0.000000000000000E+000 -0.303692445342656E-005  -0.196465758419665E-013 -0.356153414032185E-012  0.373636461708713E-005
     22.96000000 -0.000000000000000E+000 -0.000000000000000E+000  0.229176969046808E-003 -0.000000000000000E+000 -0.000000000000000E+000 -0.217468071422586E-005  0.000000000000000E+000  0.000000000000000E+000  0.229176969046808E-003 -0.000000000000000E+000 -0.000000000000000E+000 -0.217468071422586E-005  -0.527278747525614E-013 -0.380684056135946E-012  0.368241264287178E-005
     23.04000000 -0.000000000000000E+000 -0.000000000000000E+000  0.229281536318576E-003 -0.000000000000000E+000 -0.000000000000000E+000 -0.130709089709402E-005  0.000000000000000E+000  0.000000000000000E+000  0.229281536318576E-003 -0.000000000000000E+000 -0.000000000000000E+000 -0.130709089709402E-005  -0.857834672798411E-013 -0.404492667528623E-012  0.362647001013634E-005
     23.12000000 -0.000000000000000E+000 -0.000000000000000E+000  0.229316297268671E-003 -0.000000000000000E+000 -0.000000000000000E+000 -0.434511876192952E-006  0.000000000000000E+000  0.000000000000000E+000  0.229316297268671E-003 -0.000000000000000E+000 -0.000000000000000E+000 -0.434511876192952E-006  -0.118633595966253E-012 -0.426867279497625E-012  0.356854675968160E-005
     23.20000000 -0.000000000000000E+000 -0.000000000000000E+000  0.229280881591780E-003 -0.000000000000000E+000 -0.000000000000000E+000  0.442695961142605E-006  0.000000000000000E+000  0.000000000000000E+000  0.229280881591780E-003 -0.000000000000000E+000 -0.000000000000000E+000  0.442695961142605E-006  -0.150924898493048E-012 -0.447192470278959E-012  0.350865402296665E-005
     23.28000000 -0.000000000000000E+000 -0.000000000000000E+000  0.229174948080480E-003 -0.000000000000000E+000 -0.000000000000000E+000  0.132416889125473E-005  0.000000000000000E+000  0.000000000000000E+000  0.229174948080480E-003 -0.000000000000000E+000 -0.000000000000000E+000  0.132416889125473E-005  -0.182133674341271E-012 -0.465002569518143E-012  0.344680401503015E-005
     23.36000000 -0.000000000000000E+000 -0.000000000000000E+000  0.228998184877831E-003 -0.000000000000000E+000 -0.000000000000000E+000  0.220954003310243E-005  0.000000000000000E+000  0.000000000000000E+000  0.228998184877831E-003 -0.000000000000000E+000 -0.000000000000000E+000  0.220954003310243E-005  -0.211604121741293E-012 -0.480030996998235E-012  0.338301002668892E-005
     23.44000000 -0.000000000000000E+000 -0.000000000000000E+000  0.228750309715495E-003 -0.000000000000000E+000 -0.000000000000000E+000  0.309843952920244E-005  0.000000000000000E+000  0.000000000000000E+000  0.228750309715495E-003 -0.000000000000000E+000 -0.000000000000000E+000  0.309843952920244E-005  -0.238681259855271E-012 -0.492268087257645E-012  0.331728641609852E-005
     23.52000000 -0.000000000000000E+000 -0.000000000000000E+000  0.228431070137216E-003 -0.000000000000000E+000 -0.000000000000000E+000  0.399049472849144E-005  0.000000000000000E+000  0.000000000000000E+000  0.228431070137216E-003 -0.000000000000000E+000 -0.000000000000000E+000  0.399049472849144E-005  -0.262887280283844E-012 -0.502035812703475E-012  0.324964859974662E-005
     23.60000000 -0.000000000000000E+000 -0.000000000000000E+000  0.228040243707538E-003 -0.000000000000000E+000 -0.000000000000000E+000  0.488533037096944E-005  0.000000000000000E+000  0.000000000000000E+000  0.228040243707538E-003 -0.000000000000000E+000 -0.000000000000000E+000  0.488533037096944E-005  -0.284044619322052E-012 -0.509983229460446E-012  0.318011304287762E-005
     23.68000000 -0.000000000000000E+000 -0.000000000000000E+000  0.227577638205611E-003 -0.000000000000000E+000 -0.000000000000000E+000  0.578256877408627E-005  0.000000000000000E+000  0.000000000000000E+000  0.227577638205611E-003 -0.000000000000000E+000 -0.000000000000000E+000  0.578256877408627E-005  -0.302293347106533E-012 -0.516944252382445E-012  0.310869724931436E-005
     23.76000000 -0.000000000000000E+000 -0.000000000000000E+000  0.227043091803956E-003 -0.000000000000000E+000 -0.000000000000000E+000  0.668183002068944E-005  0.000000000000000E+000  0.000000000000000E+000  0.227043091803956E-003 -0.000000000000000E+000 -0.000000000000000E+000  0.668183002068944E-005  -0.317981117079458E-012 -0.523672464471556E-012  0.303541975077103E-005
     23.84000000 -0.000000000000000E+000 -0.000000000000000E+000  0.226436473232075E-003 -0.000000000000000E+000 -0.000000000000000E+000  0.758273214851691E-005  0.000000000000000E+000  0.000000000000000E+000  0.226436473232075E-003 -0.000000000000000E+000 -0.000000000000000E+000  0.758273214851691E-005  -0.331533283336748E-012 -0.530536535625953E-012  0.296030009569204E-005
     23.92000000 -0.000000000000000E+000 -0.000000000000000E+000  0.225757681924790E-003 -0.000000000000000E+000 -0.000000000000000E+000  0.848489134105631E-005  0.000000000000000E+000  0.000000000000000E+000  0.225757681924790E-003 -0.000000000000000E+000 -0.000000000000000E+000  0.848489134105631E-005  -0.343343837167730E-012 -0.537391246501594E-012  0.288335883762374E-005
     24.00000000 -0.000000000000000E+000 -0.000000000000000E+000  0.225006648155213E-003 -0.000000000000000E+000 -0.000000000000000E+000  0.938792211971469E-005  0.000000000000000E+000  0.000000000000000E+000  0.225006648155213E-003 -0.000000000000000E+000 -0.000000000000000E+000  0.938792211971469E-005  -0.353753444431962E-012 -0.543659531496065E-012  0.280461752308164E-005
     24.08000000 -0.000000000000000E+000 -0.000000000000000E+000  0.224183333152239E-003 -0.000000000000000E+000 -0.000000000000000E+000  0.102914375371758E-004  0.000000000000000E+000  0.000000000000000E+000  0.224183333152239E-003 -0.000000000000000E+000 -0.000000000000000E+000  0.102914375371758E-004  -0.363080199756969E-012 -0.548647353647012E-012  0.272409867875968E-005
     24.16000000 -0.000000000000000E+000 -0.000000000000000E+000  0.223287729202492E-003 -0.000000000000000E+000 -0.000000000000000E+000  0.111950493718383E-004  0.000000000000000E+000  0.000000000000000E+000  0.223287729202492E-003 -0.000000000000000E+000 -0.000000000000000E+000  0.111950493718383E-004  -0.371625715136556E-012 -0.551885919997307E-012  0.264182579792586E-005
     24.24000000 -0.000000000000000E+000 -0.000000000000000E+000  0.222319859736634E-003 -0.000000000000000E+000 -0.000000000000000E+000  0.120983683232311E-004  0.000000000000000E+000  0.000000000000000E+000  0.222319859736634E-003 -0.000000000000000E+000 -0.000000000000000E+000  0.120983683232311E-004  -0.379643621849911E-012 -0.553323429023570E-012  0.255782332589057E-005
     24.32000000 -0.000000000000000E+000 -0.000000000000000E+000  0.221279779399970E-003 -0.000000000000000E+000 -0.000000000000000E+000  0.130010042082987E-004  0.000000000000000E+000  0.000000000000000E+000  0.221279779399970E-003 -0.000000000000000E+000 -0.000000000000000E+000  0.130010042082987E-004  -0.387306581602731E-012 -0.553302413571460E-012  0.247211664446565E-005
     24.40000000 -0.000000000000000E+000 -0.000000000000000E+000  0.220167574107294E-003 -0.000000000000000E+000 -0.000000000000000E+000  0.139025661584518E-004  0.000000000000000E+000  0.000000000000000E+000  0.220167574107294E-003 -0.000000000000000E+000 -0.000000000000000E+000  0.139025661584518E-004  -0.394721858882865E-012 -0.552388520988290E-012  0.238473205545251E-005
     24.48000000 -0.000000000000000E+000 -0.000000000000000E+000  0.218983361081913E-003 -0.000000000000000E+000 -0.000000000000000E+000  0.148026628172614E-004  0.000000000000000E+000  0.000000000000000E+000  0.218983361081913E-003 -0.000000000000000E+000 -0.000000000000000E+000  0.148026628172614E-004  -0.402018588945319E-012 -0.551214444228078E-012  0.229569676319602E-005
     24.56000000 -0.000000000000000E+000 -0.000000000000000E+000  0.217727288878816E-003 -0.000000000000000E+000 -0.000000000000000E+000  0.157009025387109E-004  0.000000000000000E+000  0.000000000000000E+000  0.217727288878816E-003 -0.000000000000000E+000 -0.000000000000000E+000  0.157009025387109E-004  -0.409446581758571E-012 -0.550410849640086E-012  0.220503885636725E-005
     24.64000000 -0.000000000000000E+000 -0.000000000000000E+000  0.216399537391946E-003 -0.000000000000000E+000 -0.000000000000000E+000  0.165968935858732E-004  0.000000000000000E+000  0.000000000000000E+000  0.216399537391946E-003 -0.000000000000000E+000 -0.000000000000000E+000  0.165968935858732E-004  -0.417435956135727E-012 -0.550621920462606E-012  0.211278728913255E-005
     24.72000000 -0.000000000000000E+000 -0.000000000000000E+000  0.215000317845552E-003 -0.000000000000000E+000 -0.000000000000000E+000  0.174902443299188E-004  0.000000000000000E+000  0.000000000000000E+000  0.215000317845552E-003 -0.000000000000000E+000 -0.000000000000000E+000  0.174902443299188E-004  -0.426533498321862E-012 -0.552441484515389E-012  0.201897186189584E-005
     24.80000000 -0.000000000000000E+000 -0.000000000000000E+000  0.213529872769605E-003 -0.000000000000000E+000 -0.000000000000000E+000  0.183805634493407E-004  0.000000000000000E+000  0.000000000000000E+000  0.213529872769605E-003 -0.000000000000000E+000 -0.000000000000000E+000  0.183805634493407E-004  -0.437262585583062E-012 -0.556272623319865E-012  0.192362320190980E-005
     24.88000000 -0.000000000000000E+000 -0.000000000000000E+000  0.211988475959263E-003 -0.000000000000000E+000 -0.000000000000000E+000  0.192674601292743E-004  0.000000000000000E+000  0.000000000000000E+000  0.211988475959263E-003 -0.000000000000000E+000 -0.000000000000000E+000  0.192674601292743E-004  -0.449978006265100E-012 -0.562098035569285E-012  0.182677274387815E-005
     24.96000000 -0.000000000000000E+000 -0.000000000000000E+000  0.210376432418396E-003 -0.000000000000000E+000 -0.000000000000000E+000  0.201505442608395E-004  0.000000000000000E+000  0.000000000000000E+000  0.210376432418396E-003 -0.000000000000000E+000 -0.000000000000000E+000  0.201505442608395E-004  -0.464798163025366E-012 -0.569378270449381E-012  0.172845271073034E-005
     25.04000000 -0.000000000000000E+000 -0.000000000000000E+000  0.208694078287169E-003 -0.000000000000000E+000 -0.000000000000000E+000  0.210294266403328E-004  0.000000000000000E+000  0.000000000000000E+000  0.208694078287169E-003 -0.000000000000000E+000 -0.000000000000000E+000  0.210294266403328E-004  -0.481604745564434E-012 -0.577155047336930E-012  0.162869609456386E-005
     25.12000000 -0.000000000000000E+000 -0.000000000000000E+000  0.206941780753711E-003 -0.000000000000000E+000 -0.000000000000000E+000  0.219037191682313E-004  0.000000000000000E+000  0.000000000000000E+000  0.206941780753711E-003 -0.000000000000000E+000 -0.000000000000000E+000  0.219037191682313E-004  -0.500136351734625E-012 -0.584387173004377E-012  0.152753663763943E-005
     25.20000000 -0.000000000000000E+000 -0.000000000000000E+000  0.205119937949884E-003 -0.000000000000000E+000 -0.000000000000000E+000  0.227730350478351E-004  0.000000000000000E+000  0.000000000000000E+000  0.205119937949884E-003 -0.000000000000000E+000 -0.000000000000000E+000  0.227730350478351E-004  -0.520049388832461E-012 -0.590353707970045E-012  0.142500881323484E-005
     25.28000000 -0.000000000000000E+000 -0.000000000000000E+000  0.203228978831206E-003 -0.000000000000000E+000 -0.000000000000000E+000  0.236369889834788E-004  0.000000000000000E+000  0.000000000000000E+000  0.203228978831206E-003 -0.000000000000000E+000 -0.000000000000000E+000  0.236369889834788E-004  -0.540988127615423E-012 -0.594892501265967E-012  0.132114780615650E-005
     25.36000000 -0.000000000000000E+000 -0.000000000000000E+000  0.201269363040951E-003 -0.000000000000000E+000 -0.000000000000000E+000  0.244951973781830E-004  0.000000000000000E+000  0.000000000000000E+000  0.201269363040951E-003 -0.000000000000000E+000 -0.000000000000000E+000  0.244951973781830E-004  -0.562630027474160E-012 -0.598411340152168E-012  0.121598949270107E-005
     25.44000000 -0.000000000000000E+000 -0.000000000000000E+000  0.199241580758499E-003 -0.000000000000000E+000 -0.000000000000000E+000  0.253472785306573E-004  0.000000000000000E+000  0.000000000000000E+000  0.199241580758499E-003 -0.000000000000000E+000 -0.000000000000000E+000  0.253472785306573E-004  -0.584720251205537E-012 -0.601631743606347E-012  0.110957042004084E-005
     25.52000000 -0.000000000000000E+000 -0.000000000000000E+000  0.197146152531979E-003 -0.000000000000000E+000 -0.000000000000000E+000  0.261928528314963E-004  0.000000000000000E+000  0.000000000000000E+000  0.197146152531979E-003 -0.000000000000000E+000 -0.000000000000000E+000  0.261928528314963E-004  -0.607089569155876E-012 -0.605280393366131E-012  0.100192778503809E-005
     25.60000000 -0.000000000000000E+000 -0.000000000000000E+000  0.194983629095296E-003 -0.000000000000000E+000 -0.000000000000000E+000  0.270315429585388E-004  0.000000000000000E+000  0.000000000000000E+000  0.194983629095296E-003 -0.000000000000000E+000 -0.000000000000000E+000  0.270315429585388E-004  -0.629619426327342E-012 -0.609838152670889E-012  0.893099412691475E-006
     25.68000000 -0.000000000000000E+000 -0.000000000000000E+000  0.192754591169601E-003 -0.000000000000000E+000 -0.000000000000000E+000  0.278629740711908E-004  0.000000000000000E+000  0.000000000000000E+000  0.192754591169601E-003 -0.000000000000000E+000 -0.000000000000000E+000  0.278629740711908E-004  -0.652185785222920E-012 -0.615447952746328E-012  0.783123734342863E-006
     25.76000000 -0.000000000000000E+000 -0.000000000000000E+000  0.190459649249305E-003 -0.000000000000000E+000 -0.000000000000000E+000  0.286867740036970E-004  0.000000000000000E+000  0.000000000000000E+000  0.190459649249305E-003 -0.000000000000000E+000 -0.000000000000000E+000  0.286867740036970E-004  -0.674584605519042E-012 -0.621920911519528E-012  0.672039765883149E-006
     25.84000000 -0.000000000000000E+000 -0.000000000000000E+000  0.188099443372732E-003 -0.000000000000000E+000 -0.000000000000000E+000  0.295025734571568E-004  0.000000000000000E+000  0.000000000000000E+000  0.188099443372732E-003 -0.000000000000000E+000 -0.000000000000000E+000  0.295025734571568E-004  -0.696500387646157E-012 -0.628808311843587E-012  0.559887086079599E-006
     25.92000000 -0.000000000000000E+000 -0.000000000000000E+000  0.185674642877510E-003 -0.000000000000000E+000 -0.000000000000000E+000  0.303100061902764E-004  0.000000000000000E+000  0.000000000000000E+000  0.185674642877510E-003 -0.000000000000000E+000 -0.000000000000000E+000  0.303100061902764E-004  -0.717530050082836E-012 -0.635463220572066E-012  0.446705815193281E-006
     26.00000000 -0.000000000000000E+000 -0.000000000000000E+000  0.183185946140817E-003 -0.000000000000000E+000 -0.000000000000000E+000  0.311087092086582E-004  0.000000000000000E+000  0.000000000000000E+000  0.183185946140817E-003 -0.000000000000000E+000 -0.000000000000000E+000  0.311087092086582E-004  -0.737238102948683E-012 -0.641128273045857E-012  0.332536593973397E-006
     26.08000000 -0.000000000000000E+000 -0.000000000000000E+000  0.180634080304609E-003 -0.000000000000000E+000 -0.000000000000000E+000  0.318983229526100E-004  0.000000000000000E+000  0.000000000000000E+000  0.180634080304609E-003 -0.000000000000000E+000 -0.000000000000000E+000  0.318983229526100E-004  -0.755220736650390E-012 -0.645045918635061E-012  0.217420563109516E-006
     26.16000000 -0.000000000000000E+000 -0.000000000000000E+000  0.178019800985947E-003 -0.000000000000000E+000 -0.000000000000000E+000  0.326784914832752E-004  0.000000000000000E+000  0.000000000000000E+000  0.178019800985947E-003 -0.000000000000000E+000 -0.000000000000000E+000  0.326784914832752E-004  -0.771131089062790E-012 -0.646644932123552E-012  0.101399343106777E-006
     26.24000000 -0.000000000000000E+000 -0.000000000000000E+000  0.175343891972579E-003 -0.000000000000000E+000 -0.000000000000000E+000  0.334488626670908E-004  0.000000000000000E+000  0.000000000000000E+000  0.175343891972579E-003 -0.000000000000000E+000 -0.000000000000000E+000  0.334488626670908E-004  -0.784705460131935E-012 -0.645709747767302E-012 -0.154849855202760E-007
     26.32000000 -0.000000000000000E+000 -0.000000000000000E+000  0.172607164903912E-003 -0.000000000000000E+000 -0.000000000000000E+000  0.342090883583450E-004  0.000000000000000E+000  0.000000000000000E+000  0.172607164903912E-003 -0.000000000000000E+000 -0.000000000000000E+000  0.342090883583450E-004  -0.795826837840303E-012 -0.642505364404112E-012 -0.133189901921169E-006
     26.40000000 -0.000000000000000E+000 -0.000000000000000E+000  0.169810458937523E-003 -0.000000000000000E+000 -0.000000000000000E+000  0.349588245798619E-004  0.000000000000000E+000  0.000000000000000E+000  0.169810458937523E-003 -0.000000000000000E+000 -0.000000000000000E+000  0.349588245798619E-004  -0.804565038031541E-012 -0.637751045770773E-012 -0.251672464682741E-006
     26.48000000 -0.000000000000000E+000 -0.000000000000000E+000  0.166954640401396E-003 -0.000000000000000E+000 -0.000000000000000E+000  0.356977317015884E-004  0.000000000000000E+000  0.000000000000000E+000  0.166954640401396E-003 -0.000000000000000E+000 -0.000000000000000E+000  0.356977317015884E-004  -0.811223953790549E-012 -0.632441521008404E-012 -0.370889331773494E-006
     26.56000000 -0.000000000000000E+000 -0.000000000000000E+000  0.164040602432027E-003 -0.000000000000000E+000 -0.000000000000000E+000  0.364254746171039E-004  0.000000000000000E+000  0.000000000000000E+000  0.164040602432027E-003 -0.000000000000000E+000 -0.000000000000000E+000  0.364254746171039E-004  -0.816269302152737E-012 -0.627531044886745E-012 -0.490796780733903E-006
     26.64000000 -0.000000000000000E+000 -0.000000000000000E+000  0.161069264598601E-003 -0.000000000000000E+000 -0.000000000000000E+000  0.371417229178338E-004  0.000000000000000E+000  0.000000000000000E+000  0.161069264598601E-003 -0.000000000000000E+000 -0.000000000000000E+000  0.371417229178338E-004  -0.820195358841851E-012 -0.623621354129036E-012 -0.611350729016884E-006
     26.72000000 -0.000000000000000E+000 -0.000000000000000E+000  0.158041572513402E-003 -0.000000000000000E+000 -0.000000000000000E+000  0.378461510649865E-004  0.000000000000000E+000  0.000000000000000E+000  0.158041572513402E-003 -0.000000000000000E+000 -0.000000000000000E+000  0.378461510649865E-004  -0.823354276488105E-012 -0.620747860484843E-012 -0.732506754437945E-006
     26.80000000 -0.000000000000000E+000 -0.000000000000000E+000  0.154958497428680E-003 -0.000000000000000E+000 -0.000000000000000E+000  0.385384385590195E-004  0.000000000000000E+000  0.000000000000000E+000  0.154958497428680E-003 -0.000000000000000E+000 -0.000000000000000E+000  0.385384385590195E-004  -0.825863686760677E-012 -0.618401757160611E-012 -0.854220115705401E-006
     26.88000000 -0.000000000000000E+000 -0.000000000000000E+000  0.151821035820153E-003 -0.000000000000000E+000 -0.000000000000000E+000  0.392182701065969E-004  0.000000000000000E+000  0.000000000000000E+000  0.151821035820153E-003 -0.000000000000000E+000 -0.000000000000000E+000  0.392182701065969E-004  -0.827643779078118E-012 -0.615732379131807E-012 -0.976445773083703E-006
     26.96000000 -0.000000000000000E+000 -0.000000000000000E+000  0.148630208957357E-003 -0.000000000000000E+000 -0.000000000000000E+000  0.398853357849437E-004  0.000000000000000E+000  0.000000000000000E+000  0.148630208957357E-003 -0.000000000000000E+000 -0.000000000000000E+000  0.398853357849437E-004  -0.828571388575579E-012 -0.611892676134059E-012 -0.109913840922671E-005
     27.04000000 -0.000000000000000E+000 -0.000000000000000E+000  0.145387062461080E-003 -0.000000000000000E+000 -0.000000000000000E+000  0.405393312034631E-004  0.000000000000000E+000  0.000000000000000E+000  0.145387062461080E-003 -0.000000000000000E+000 -0.000000000000000E+000  0.405393312034631E-004  -0.828635480735254E-012 -0.606325779344032E-012 -0.122225245018939E-005
     27.12000000 -0.000000000000000E+000 -0.000000000000000E+000  0.142092665848073E-003 -0.000000000000000E+000 -0.000000000000000E+000  0.411799576625850E-004  0.000000000000000E+000  0.000000000000000E+000  0.142092665848073E-003 -0.000000000000000E+000 -0.000000000000000E+000  0.411799576625850E-004  -0.828030079308284E-012 -0.598910723170869E-012 -0.134574208646841E-005
     27.20000000 -0.000000000000000E+000 -0.000000000000000E+000  0.138748112063298E-003 -0.000000000000000E+000 -0.000000000000000E+000  0.418069223096946E-004  0.000000000000000E+000  0.000000000000000E+000  0.138748112063298E-003 -0.000000000000000E+000 -0.000000000000000E+000  0.418069223096946E-004  -0.827133130897677E-012 -0.589929360776698E-012 -0.146956129395355E-005
     27.28000000 -0.000000000000000E+000 -0.000000000000000E+000  0.135354516999928E-003 -0.000000000000000E+000 -0.000000000000000E+000  0.424199382921219E-004  0.000000000000000E+000  0.000000000000000E+000  0.135354516999928E-003 -0.000000000000000E+000 -0.000000000000000E+000  0.424199382921219E-004  -0.826418953876079E-012 -0.579911114105688E-012 -0.159366385455691E-005
     27.36000000 -0.000000000000000E+000 -0.000000000000000E+000  0.131913019007365E-003 -0.000000000000000E+000 -0.000000000000000E+000  0.430187249070308E-004  0.000000000000000E+000  0.000000000000000E+000  0.131913019007365E-003 -0.000000000000000E+000 -0.000000000000000E+000  0.430187249070308E-004  -0.826359416118446E-012 -0.569493507085844E-012 -0.171800337648075E-005
     27.44000000 -0.000000000000000E+000 -0.000000000000000E+000  0.128424778387509E-003 -0.000000000000000E+000 -0.000000000000000E+000  0.436030077482067E-004  0.000000000000000E+000  0.000000000000000E+000  0.128424778387509E-003 -0.000000000000000E+000 -0.000000000000000E+000  0.436030077482067E-004  -0.827386636941477E-012 -0.559322226533051E-012 -0.184253331407564E-005
     27.52000000 -0.000000000000000E+000 -0.000000000000000E+000  0.124890976879543E-003 -0.000000000000000E+000 -0.000000000000000E+000  0.441725188495698E-004  0.000000000000000E+000  0.000000000000000E+000  0.124890976879543E-003 -0.000000000000000E+000 -0.000000000000000E+000  0.441725188495698E-004  -0.829841791930334E-012 -0.549979048305831E-012 -0.196720698738105E-005
     27.60000000 -0.000000000000000E+000 -0.000000000000000E+000  0.121312817133509E-003 -0.000000000000000E+000 -0.000000000000000E+000  0.447269968254335E-004  0.000000000000000E+000  0.000000000000000E+000  0.121312817133509E-003 -0.000000000000000E+000 -0.000000000000000E+000  0.447269968254335E-004  -0.833953067745445E-012 -0.541865743346042E-012 -0.209197760140003E-005
     27.68000000 -0.000000000000000E+000 -0.000000000000000E+000  0.117691522172923E-003 -0.000000000000000E+000 -0.000000000000000E+000  0.452661870073190E-004  0.000000000000000E+000  0.000000000000000E+000  0.117691522172923E-003 -0.000000000000000E+000 -0.000000000000000E+000  0.452661870073190E-004  -0.839760579365245E-012 -0.535059488276384E-012 -0.221679826516987E-005
     27.76000000 -0.000000000000000E+000 -0.000000000000000E+000  0.114028334846733E-003 -0.000000000000000E+000 -0.000000000000000E+000  0.457898415773709E-004  0.000000000000000E+000  0.000000000000000E+000  0.114028334846733E-003 -0.000000000000000E+000 -0.000000000000000E+000  0.457898415773709E-004  -0.847068736215874E-012 -0.529174803296529E-012 -0.234162201064262E-005
     27.84000000 -0.000000000000000E+000 -0.000000000000000E+000  0.110324517270880E-003 -0.000000000000000E+000 -0.000000000000000E+000  0.462977196981699E-004  0.000000000000000E+000  0.000000000000000E+000  0.110324517270880E-003 -0.000000000000000E+000 -0.000000000000000E+000  0.462977196981699E-004  -0.855447448346088E-012 -0.523392915740990E-012 -0.246640181140768E-005
     27.92000000 -0.000000000000000E+000 -0.000000000000000E+000  0.106581350259760E-003 -0.000000000000000E+000 -0.000000000000000E+000  0.467895876390005E-004  0.000000000000000E+000  0.000000000000000E+000  0.106581350259760E-003 -0.000000000000000E+000 -0.000000000000000E+000  0.467895876390005E-004  -0.864317238807528E-012 -0.516671334100303E-012 -0.259109060129692E-005
     28.00000000 -0.000000000000000E+000 -0.000000000000000E+000  0.102800132747890E-003 -0.000000000000000E+000 -0.000000000000000E+000  0.472652188983764E-004  0.000000000000000E+000  0.000000000000000E+000  0.102800132747890E-003 -0.000000000000000E+000 -0.000000000000000E+000  0.472652188983764E-004  -0.873097177519761E-012 -0.508122051118167E-012 -0.271564129285289E-005
     28.08000000 -0.000000000000000E+000 -0.000000000000000E+000  0.989821812020598E-004 -0.000000000000000E+000 -0.000000000000000E+000  0.477243943228731E-004  0.000000000000000E+000  0.000000000000000E+000  0.989821812020598E-004 -0.000000000000000E+000 -0.000000000000000E+000  0.477243943228731E-004  -0.881335307278003E-012 -0.497342200105804E-012 -0.284000679571487E-005
     28.16000000 -0.000000000000000E+000 -0.000000000000000E+000  0.951288290242924E-004 -0.000000000000000E+000 -0.000000000000000E+000  0.481669022220921E-004  0.000000000000000E+000  0.000000000000000E+000  0.951288290242924E-004 -0.000000000000000E+000 -0.000000000000000E+000  0.481669022220921E-004  -0.888811375171613E-012 -0.484549502161004E-012 -0.296414003481093E-005
     28.24000000 -0.000000000000000E+000 -0.000000000000000E+000  0.912414259459087E-004 -0.000000000000000E+000 -0.000000000000000E+000  0.485925384797967E-004  0.000000000000000E+000  0.000000000000000E+000  0.912414259459087E-004 -0.000000000000000E+000 -0.000000000000000E+000  0.485925384797967E-004  -0.895515918524965E-012 -0.470439843413158E-012 -0.308799396825784E-005
     28.32000000 -0.000000000000000E+000 -0.000000000000000E+000  0.873213374130247E-004 -0.000000000000000E+000 -0.000000000000000E+000  0.490011066610502E-004  0.000000000000000E+000  0.000000000000000E+000  0.873213374130247E-004 -0.000000000000000E+000 -0.000000000000000E+000  0.490011066610502E-004  -0.901581277012819E-012 -0.455872577813515E-012 -0.321152160485124E-005
     28.40000000 -0.000000000000000E+000 -0.000000000000000E+000  0.833699439637919E-004 -0.000000000000000E+000 -0.000000000000000E+000  0.493924181154101E-004  0.000000000000000E+000  0.000000000000000E+000  0.833699439637919E-004 -0.000000000000000E+000 -0.000000000000000E+000  0.493924181154101E-004  -0.907133890192141E-012 -0.441532845341322E-012 -0.333467602105738E-005
     28.48000000 -0.000000000000000E+000 -0.000000000000000E+000  0.793886405977121E-004 -0.000000000000000E+000 -0.000000000000000E+000  0.497662920759967E-004  0.000000000000000E+000  0.000000000000000E+000  0.793886405977121E-004 -0.000000000000000E+000 -0.000000000000000E+000  0.497662920759967E-004  -0.912174015811920E-012 -0.427750643256567E-012 -0.345741037748559E-005
     28.56000000 -0.000000000000000E+000 -0.000000000000000E+000  0.753788361373508E-004 -0.000000000000000E+000 -0.000000000000000E+000  0.501225557545165E-004  0.000000000000000E+000  0.000000000000000E+000  0.753788361373508E-004 -0.000000000000000E+000 -0.000000000000000E+000  0.501225557545165E-004  -0.916472620931699E-012 -0.414492188873639E-012 -0.357967793489256E-005
     28.64000000 -0.000000000000000E+000 -0.000000000000000E+000  0.713419525827876E-004 -0.000000000000000E+000 -0.000000000000000E+000  0.504610444320398E-004  0.000000000000000E+000  0.000000000000000E+000  0.713419525827876E-004 -0.000000000000000E+000 -0.000000000000000E+000  0.504610444320398E-004  -0.919575224314002E-012 -0.401454030317688E-012 -0.370143206983689E-005
     28.72000000 -0.000000000000000E+000 -0.000000000000000E+000  0.672794244591367E-004 -0.000000000000000E+000 -0.000000000000000E+000  0.507816015456363E-004  0.000000000000000E+000  0.000000000000000E+000  0.672794244591367E-004 -0.000000000000000E+000 -0.000000000000000E+000  0.507816015456363E-004  -0.920876835876152E-012 -0.388180888508942E-012 -0.382262629003449E-005
     28.80000000 -0.000000000000000E+000 -0.000000000000000E+000  0.631926981574831E-004 -0.000000000000000E+000 -0.000000000000000E+000  0.510840787706700E-004  0.000000000000000E+000  0.000000000000000E+000  0.631926981574831E-004 -0.000000000000000E+000 -0.000000000000000E+000  0.510840787706700E-004  -0.919757455107760E-012 -0.374152869180793E-012 -0.394321424949728E-005
     28.88000000 -0.000000000000000E+000 -0.000000000000000E+000  0.590832312695776E-004 -0.000000000000000E+000 -0.000000000000000E+000  0.513683360988197E-004  0.000000000000000E+000  0.000000000000000E+000  0.590832312695776E-004 -0.000000000000000E+000 -0.000000000000000E+000  0.513683360988197E-004  -0.915731910320685E-012 -0.358852910795784E-012 -0.406314976346933E-005
     28.96000000 -0.000000000000000E+000 -0.000000000000000E+000  0.549524919166378E-004 -0.000000000000000E+000 -0.000000000000000E+000  0.516342419117468E-004  0.000000000000000E+000  0.000000000000000E+000  0.549524919166378E-004 -0.000000000000000E+000 -0.000000000000000E+000  0.516342419117468E-004  -0.908540580269705E-012 -0.341868136617996E-012 -0.418238682316951E-005
     29.04000000 -0.000000000000000E+000 -0.000000000000000E+000  0.508019580726126E-004 -0.000000000000000E+000 -0.000000000000000E+000  0.518816730503158E-004  0.000000000000000E+000  0.000000000000000E+000  0.508019580726126E-004 -0.000000000000000E+000 -0.000000000000000E+000  0.518816730503158E-004  -0.898158348357410E-012 -0.323026831861825E-012 -0.430087961032632E-005
     29.12000000 -0.000000000000000E+000 -0.000000000000000E+000  0.466331168822574E-004 -0.000000000000000E+000 -0.000000000000000E+000  0.521105148794396E-004  0.000000000000000E+000  0.000000000000000E+000  0.466331168822574E-004 -0.000000000000000E+000 -0.000000000000000E+000  0.521105148794396E-004  -0.884779692093626E-012 -0.302516024413698E-012 -0.441858251158800E-005
     29.20000000 -0.000000000000000E+000 -0.000000000000000E+000  0.424474639743869E-004 -0.000000000000000E+000 -0.000000000000000E+000  0.523206613483813E-004  0.000000000000000E+000  0.000000000000000E+000  0.424474639743869E-004 -0.000000000000000E+000 -0.000000000000000E+000  0.523206613483813E-004  -0.868784923750271E-012 -0.280913849270810E-012 -0.453545013275580E-005
     29.28000000 -0.000000000000000E+000 -0.000000000000000E+000  0.382465027706578E-004 -0.000000000000000E+000 -0.000000000000000E+000  0.525120150466137E-004  0.000000000000000E+000  0.000000000000000E+000  0.382465027706578E-004 -0.000000000000000E+000 -0.000000000000000E+000  0.525120150466137E-004  -0.850704664419195E-012 -0.259057471383838E-012 -0.465143731287978E-005
     29.36000000 -0.000000000000000E+000 -0.000000000000000E+000  0.340317437902523E-004 -0.000000000000000E+000 -0.000000000000000E+000  0.526844872550681E-004  0.000000000000000E+000  0.000000000000000E+000  0.340317437902523E-004 -0.000000000000000E+000 -0.000000000000000E+000  0.526844872550681E-004  -0.831171463748989E-012 -0.237805140925985E-012 -0.476649913811300E-005
     29.44000000 -0.000000000000000E+000 -0.000000000000000E+000  0.298047039508215E-004 -0.000000000000000E+000 -0.000000000000000E+000  0.528379979928860E-004  0.000000000000000E+000  0.000000000000000E+000  0.298047039508215E-004 -0.000000000000000E+000 -0.000000000000000E+000  0.528379979928860E-004  -0.810837684931974E-012 -0.217767414805940E-012 -0.488059095524314E-005
     29.52000000 -0.000000000000000E+000 -0.000000000000000E+000  0.255669058660616E-004 -0.000000000000000E+000 -0.000000000000000E+000  0.529724760594987E-004  0.000000000000000E+000  0.000000000000000E+000  0.255669058660616E-004 -0.000000000000000E+000 -0.000000000000000E+000  0.529724760594987E-004  -0.790219311075809E-012 -0.199126585807725E-012 -0.499366838479968E-005
     29.60000000 -0.000000000000000E+000 -0.000000000000000E+000  0.213198771402885E-004 -0.000000000000000E+000 -0.000000000000000E+000  0.530878590721636E-004  0.000000000000000E+000  0.000000000000000E+000  0.213198771402885E-004 -0.000000000000000E+000 -0.000000000000000E+000  0.530878590721636E-004  -0.769587569408413E-012 -0.181621684962587E-012 -0.510568733365175E-005
     29.68000000 -0.000000000000000E+000 -0.000000000000000E+000  0.170651496603858E-004 -0.000000000000000E+000 -0.000000000000000E+000  0.531840934987836E-004  0.000000000000000E+000  0.000000000000000E+000  0.170651496603858E-004 -0.000000000000000E+000 -0.000000000000000E+000  0.531840934987836E-004  -0.748932161013040E-012 -0.164699631378532E-012 -0.521660400709907E-005
     29.76000000 -0.000000000000000E+000 -0.000000000000000E+000  0.128042588854945E-004 -0.000000000000000E+000 -0.000000000000000E+000  0.532611346861412E-004  0.000000000000000E+000  0.000000000000000E+000  0.128042588854945E-004 -0.000000000000000E+000 -0.000000000000000E+000  0.532611346861412E-004  -0.728080975069124E-012 -0.147767130552848E-012 -0.532637492045583E-005
     29.84000000 -0.000000000000000E+000 -0.000000000000000E+000  0.853874313482370E-005 -0.000000000000000E+000 -0.000000000000000E+000  0.533189468833847E-004  0.000000000000000E+000  0.000000000000000E+000  0.853874313482370E-005 -0.000000000000000E+000 -0.000000000000000E+000  0.533189468833847E-004  -0.706903092156557E-012 -0.130434840716915E-012 -0.543495691015025E-005
     29.92000000 -0.000000000000000E+000 -0.000000000000000E+000  0.427014287395186E-005 -0.000000000000000E+000 -0.000000000000000E+000  0.533575032608980E-004  0.000000000000000E+000  0.000000000000000E+000  0.427014287395186E-005 -0.000000000000000E+000 -0.000000000000000E+000  0.533575032608980E-004  -0.685516292771343E-012 -0.112635433417766E-012 -0.554230714440795E-005
     30.00000000 -0.000000000000000E+000 -0.000000000000000E+000 -0.000000000000000E+000 -0.000000000000000E+000 -0.000000000000000E+000  0.533767859243983E-004  0.000000000000000E+000  0.000000000000000E+000  0.000000000000000E+000 -0.000000000000000E+000 -0.000000000000000E+000  0.533767859243983E-004  -0.664360427946923E-012 -0.946373771911278E-013 -0.564838313353427E-005
     30.08000000 -0.000000000000000E+000 -0.000000000000000E+000 -0.427014287395205E-005 -0.000000000000000E+000 -0.000000000000000E+000  0.533767859244006E-004  0.000000000000000E+000  0.000000000000000E+000 -0.427014287395205E-005 -0.000000000000000E+000 -0.000000000000000E+000  0.533767859244006E-004  -0.644118791507178E-012 -0.769097664123703E-013 -0.575314273995966E-005
     30.16000000 -0.000000000000000E+000 -0.000000000000000E+000 -0.853874313482370E-005 -0.000000000000000E+000 -0.000000000000000E+000  0.533575032608957E-004  0.000000000000000E+000  0.000000000000000E+000 -0.853874313482370E-005 -0.000000000000000E+000 -0.000000000000000E+000  0.533575032608957E-004  -0.625541079890575E-012 -0.599620423340997E-013 -0.585654418816348E-005
     30.24000000 -0.000000000000000E+000 -0.000000000000000E+000 -0.128042588854947E-004 -0.000000000000000E+000 -0.000000000000000E+000  0.533189468833871E-004  0.000000000000000E+000  0.000000000000000E+000 -0.128042588854947E-004 -0.000000000000000E+000 -0.000000000000000E+000  0.533189468833871E-004  -0.609251516725548E-012 -0.442171740584295E-013 -0.595854607465563E-005
     30.32000000 -0.000000000000000E+000 -0.000000000000000E+000 -0.170651496603858E-004 -0.000000000000000E+000 -0.000000000000000E+000  0.532611346861388E-004  0.000000000000000E+000  0.000000000000000E+000 -0.170651496603858E-004 -0.000000000000000E+000 -0.000000000000000E+000  0.532611346861388E-004  -0.595666178650261E-012 -0.299427343994294E-013 -0.605910737809304E-005
     30.40000000 -0.000000000000000E+000 -0.000000000000000E+000 -0.213198771402887E-004 -0.000000000000000E+000 -0.000000000000000E+000  0.531840934987860E-004  0.000000000000000E+000  0.000000000000000E+000 -0.213198771402887E-004 -0.000000000000000E+000 -0.000000000000000E+000  0.531840934987860E-004  -0.584951444017265E-012 -0.172381424375617E-013 -0.615818746956831E-005
     30.48000000 -0.000000000000000E+000 -0.000000000000000E+000 -0.255669058660616E-004 -0.000000000000000E+000 -0.000000000000000E+000  0.530878590721613E-004  0.000000000000000E+000  0.000000000000000E+000 -0.255669058660616E-004 -0.000000000000000E+000 -0.000000000000000E+000  0.530878590721613E-004  -0.577067665661282E-012 -0.600645870288806E-014 -0.625574612296398E-005
     30.56000000 -0.000000000000000E+000 -0.000000000000000E+000 -0.298047039508216E-004 -0.000000000000000E+000 -0.000000000000000E+000  0.529724760595011E-004  0.000000000000000E+000  0.000000000000000E+000 -0.298047039508216E-004 -0.000000000000000E+000 -0.000000000000000E+000  0.529724760595011E-004  -0.571777547364883E-012  0.404687219828321E-014 -0.635174352530369E-005
     30.64000000 -0.000000000000000E+000 -0.000000000000000E+000 -0.340317437902523E-004 -0.000000000000000E+000 -0.000000000000000E+000  0.528379979928836E-004  0.000000000000000E+000  0.000000000000000E+000 -0.340317437902523E-004 -0.000000000000000E+000 -0.000000000000000E+000  0.528379979928836E-004  -0.568654262324195E-012  0.134177031023021E-013 -0.644614028706638E-005
     30.72000000 -0.000000000000000E+000 -0.000000000000000E+000 -0.382465027706578E-004 -0.000000000000000E+000 -0.000000000000000E+000  0.526844872550681E-004  0.000000000000000E+000  0.000000000000000E+000 -0.382465027706578E-004 -0.000000000000000E+000 -0.000000000000000E+000  0.526844872550681E-004  -0.567109317897657E-012  0.227118753913263E-013 -0.653889745259389E-005
     30.80000000 -0.000000000000000E+000 -0.000000000000000E+000 -0.424474639743869E-004 -0.000000000000000E+000 -0.000000000000000E+000  0.525120150466137E-004  0.000000000000000E+000  0.000000000000000E+000 -0.424474639743869E-004 -0.000000000000000E+000 -0.000000000000000E+000  0.525120150466137E-004  -0.566471400444421E-012  0.324904250398174E-013 -0.662997651070836E-005
     30.88000000 -0.000000000000000E+000 -0.000000000000000E+000 -0.466331168822574E-004 -0.000000000000000E+000 -0.000000000000000E+000  0.523206613483813E-004  0.000000000000000E+000  0.000000000000000E+000 -0.466331168822574E-004 -0.000000000000000E+000 -0.000000000000000E+000  0.523206613483813E-004  -0.566118513468013E-012  0.430827662981216E-013 -0.671933940581771E-005
     30.96000000 -0.000000000000000E+000 -0.000000000000000E+000 -0.508019580726126E-004 -0.000000000000000E+000 -0.000000000000000E+000  0.521105148794396E-004  0.000000000000000E+000  0.000000000000000E+000 -0.508019580726126E-004 -0.000000000000000E+000 -0.000000000000000E+000  0.521105148794396E-004  -0.565610427217150E-012  0.544657148078386E-013 -0.680694854957694E-005
     31.04000000 -0.000000000000000E+000 -0.000000000000000E+000 -0.549524919166378E-004 -0.000000000000000E+000 -0.000000000000000E+000  0.518816730503158E-004  0.000000000000000E+000  0.000000000000000E+000 -0.549524919166378E-004 -0.000000000000000E+000 -0.000000000000000E+000  0.518816730503158E-004  -0.564742919162063E-012  0.663133325418376E-013 -0.689276683317452E-005
     31.12000000 -0.000000000000000E+000 -0.000000000000000E+000 -0.590832312695776E-004 -0.000000000000000E+000 -0.000000000000000E+000  0.516342419117468E-004  0.000000000000000E+000  0.000000000000000E+000 -0.590832312695776E-004 -0.000000000000000E+000 -0.000000000000000E+000  0.516342419117468E-004  -0.563500397873177E-012  0.781874758341265E-013 -0.697675764018662E-005
     31.20000000 -0.000000000000000E+000 -0.000000000000000E+000 -0.631926981574831E-004 -0.000000000000000E+000 -0.000000000000000E+000  0.513683360988197E-004  0.000000000000000E+000  0.000000000000000E+000 -0.631926981574831E-004 -0.000000000000000E+000 -0.000000000000000E+000  0.513683360988197E-004  -0.561918683934628E-012  0.897998545741231E-013 -0.705888485992271E-005
     31.28000000 -0.000000000000000E+000 -0.000000000000000E+000 -0.672794244591367E-004 -0.000000000000000E+000 -0.000000000000000E+000  0.510840787706700E-004  0.000000000000000E+000  0.000000000000000E+000 -0.672794244591367E-004 -0.000000000000000E+000 -0.000000000000000E+000  0.510840787706700E-004  -0.559926073936908E-012  0.101182367646162E-012 -0.713911290119476E-005
     31.36000000 -0.000000000000000E+000 -0.000000000000000E+000 -0.713419525827876E-004 -0.000000000000000E+000 -0.000000000000000E+000  0.507816015456363E-004  0.000000000000000E+000  0.000000000000000E+000 -0.713419525827876E-004 -0.000000000000000E+000 -0.000000000000000E+000  0.507816015456363E-004  -0.557226129939912E-012  0.112703626722743E-012 -0.721740670646081E-005
     31.44000000 -0.000000000000000E+000 -0.000000000000000E+000 -0.753788361373510E-004 -0.000000000000000E+000 -0.000000000000000E+000  0.504610444320422E-004  0.000000000000000E+000  0.000000000000000E+000 -0.753788361373510E-004 -0.000000000000000E+000 -0.000000000000000E+000  0.504610444320422E-004  -0.553270593241588E-012  0.124926911474490E-012 -0.729373176626166E-005
     31.52000000 -0.000000000000000E+000 -0.000000000000000E+000 -0.793886405977121E-004 -0.000000000000000E+000 -0.000000000000000E+000  0.501225557545141E-004  0.000000000000000E+000  0.000000000000000E+000 -0.793886405977121E-004 -0.000000000000000E+000 -0.000000000000000E+000  0.501225557545141E-004  -0.547346471411601E-012  0.138414631449590E-012 -0.736805413391231E-005
     31.60000000 -0.000000000000000E+000 -0.000000000000000E+000 -0.833699439637920E-004 -0.000000000000000E+000 -0.000000000000000E+000  0.497662920759987E-004  0.000000000000000E+000  0.000000000000000E+000 -0.833699439637920E-004 -0.000000000000000E+000 -0.000000000000000E+000  0.497662920759987E-004  -0.538718616900359E-012  0.153572483556240E-012 -0.744034044035042E-005
     31.68000000 -0.000000000000000E+000 -0.000000000000000E+000 -0.873213374130247E-004 -0.000000000000000E+000 -0.000000000000000E+000  0.493924181154080E-004  0.000000000000000E+000  0.000000000000000E+000 -0.873213374130247E-004 -0.000000000000000E+000 -0.000000000000000E+000  0.493924181154080E-004  -0.526784665050867E-012  0.170592463434989E-012 -0.751055790917434E-005
     31.76000000 -0.000000000000000E+000 -0.000000000000000E+000 -0.912414259459089E-004 -0.000000000000000E+000 -0.000000000000000E+000  0.490011066610521E-004  0.000000000000000E+000  0.000000000000000E+000 -0.912414259459089E-004 -0.000000000000000E+000 -0.000000000000000E+000  0.490011066610521E-004  -0.511181778571084E-012  0.189461748889310E-012 -0.757867437200704E-005
     31.84000000 -0.000000000000000E+000 -0.000000000000000E+000 -0.951288290242924E-004 -0.000000000000000E+000 -0.000000000000000E+000  0.485925384797949E-004  0.000000000000000E+000  0.000000000000000E+000 -0.951288290242924E-004 -0.000000000000000E+000 -0.000000000000000E+000  0.485925384797949E-004  -0.491821677804951E-012  0.210008750118016E-012 -0.764465828444145E-005
     31.92000000 -0.000000000000000E+000 -0.000000000000000E+000 -0.989821812020600E-004 -0.000000000000000E+000 -0.000000000000000E+000  0.481669022220941E-004  0.000000000000000E+000  0.000000000000000E+000 -0.989821812020600E-004 -0.000000000000000E+000 -0.000000000000000E+000  0.481669022220941E-004  -0.468852595024075E-012  0.231918578419174E-012 -0.770847874290000E-005
     32.00000000 -0.000000000000000E+000 -0.000000000000000E+000 -0.102800132747890E-003 -0.000000000000000E+000 -0.000000000000000E+000  0.477243943228711E-004  0.000000000000000E+000  0.000000000000000E+000 -0.102800132747890E-003 -0.000000000000000E+000 -0.000000000000000E+000  0.477243943228711E-004  -0.442600870564865E-012  0.254769675910302E-012 -0.777010550265034E-005
     32.08000000 -0.000000000000000E+000 -0.000000000000000E+000 -0.106581350259760E-003 -0.000000000000000E+000 -0.000000000000000E+000  0.472652188983764E-004  0.000000000000000E+000  0.000000000000000E+000 -0.106581350259760E-003 -0.000000000000000E+000 -0.000000000000000E+000  0.472652188983764E-004  -0.413503646712139E-012  0.278094732381132E-012 -0.782950899703649E-005
     32.16000000 -0.000000000000000E+000 -0.000000000000000E+000 -0.110324517270880E-003 -0.000000000000000E+000 -0.000000000000000E+000  0.467895876390027E-004  0.000000000000000E+000  0.000000000000000E+000 -0.110324517270880E-003 -0.000000000000000E+000 -0.000000000000000E+000  0.467895876390027E-004  -0.382072379778514E-012  0.301491841364532E-012 -0.788666035787564E-005
     32.24000000 -0.000000000000000E+000 -0.000000000000000E+000 -0.114028334846734E-003 -0.000000000000000E+000 -0.000000000000000E+000  0.462977196981694E-004  0.000000000000000E+000  0.000000000000000E+000 -0.114028334846734E-003 -0.000000000000000E+000 -0.000000000000000E+000  0.462977196981694E-004  -0.348846578301981E-012  0.324739704648463E-012 -0.794153143669411E-005
     32.32000000 -0.000000000000000E+000 -0.000000000000000E+000 -0.117691522172923E-003 -0.000000000000000E+000 -0.000000000000000E+000  0.457898415773692E-004  0.000000000000000E+000  0.000000000000000E+000 -0.117691522172923E-003 -0.000000000000000E+000 -0.000000000000000E+000  0.457898415773692E-004  -0.314351448637847E-012  0.347865808765778E-012 -0.799409482661858E-005
     32.40000000 -0.000000000000000E+000 -0.000000000000000E+000 -0.121312817133509E-003 -0.000000000000000E+000 -0.000000000000000E+000  0.452661870073190E-004  0.000000000000000E+000  0.000000000000000E+000 -0.121312817133509E-003 -0.000000000000000E+000 -0.000000000000000E+000  0.452661870073190E-004  -0.279014331331152E-012  0.371100350166487E-012 -0.804432388467326E-005
     32.48000000 -0.000000000000000E+000 -0.000000000000000E+000 -0.124890976879543E-003 -0.000000000000000E+000 -0.000000000000000E+000  0.447269968254355E-004  0.000000000000000E+000  0.000000000000000E+000 -0.124890976879543E-003 -0.000000000000000E+000 -0.000000000000000E+000  0.447269968254355E-004  -0.243113114174967E-012  0.394726329460018E-012 -0.809219275443387E-005
     32.56000000 -0.000000000000000E+000 -0.000000000000000E+000 -0.128424778387509E-003 -0.000000000000000E+000 -0.000000000000000E+000  0.441725188495695E-004  0.000000000000000E+000  0.000000000000000E+000 -0.128424778387509E-003 -0.000000000000000E+000 -0.000000000000000E+000  0.441725188495695E-004  -0.206795276773696E-012  0.418889357256889E-012 -0.813767638897716E-005
     32.64000000 -0.000000000000000E+000 -0.000000000000000E+000 -0.131913019007365E-003 -0.000000000000000E+000 -0.000000000000000E+000  0.436030077482050E-004  0.000000000000000E+000  0.000000000000000E+000 -0.131913019007365E-003 -0.000000000000000E+000 -0.000000000000000E+000  0.436030077482050E-004  -0.170176482668406E-012  0.443438576863709E-012 -0.818075057400201E-005
     32.72000000 -0.000000000000000E+000 -0.000000000000000E+000 -0.135354516999928E-003 -0.000000000000000E+000 -0.000000000000000E+000  0.430187249070308E-004  0.000000000000000E+000  0.000000000000000E+000 -0.135354516999928E-003 -0.000000000000000E+000 -0.000000000000000E+000  0.430187249070308E-004  -0.133492029078772E-012  0.467887071328004E-012 -0.822139195096368E-005
     32.80000000 -0.000000000000000E+000 -0.000000000000000E+000 -0.138748112063297E-003 -0.000000000000000E+000 -0.000000000000000E+000  0.424199382921202E-004  0.000000000000000E+000  0.000000000000000E+000 -0.138748112063297E-003 -0.000000000000000E+000 -0.000000000000000E+000  0.424199382921202E-004  -0.972135868661612E-013  0.491481310853908E-012 -0.825957803997120E-005
     32.88000000 -0.000000000000000E+000 -0.000000000000000E+000 -0.142092665848073E-003 -0.000000000000000E+000 -0.000000000000000E+000  0.418069223096976E-004  0.000000000000000E+000  0.000000000000000E+000 -0.142092665848073E-003 -0.000000000000000E+000 -0.000000000000000E+000  0.418069223096976E-004  -0.620345256564509E-013  0.513396571208728E-012 -0.829528726223688E-005
     32.96000000 -0.000000000000000E+000 -0.000000000000000E+000 -0.145387062461080E-003 -0.000000000000000E+000 -0.000000000000000E+000  0.411799576625836E-004  0.000000000000000E+000  0.000000000000000E+000 -0.145387062461080E-003 -0.000000000000000E+000 -0.000000000000000E+000  0.411799576625836E-004  -0.287612825547174E-013  0.532925942537094E-012 -0.832849896205105E-005
     33.04000000 -0.000000000000000E+000 -0.000000000000000E+000 -0.148630208957357E-003 -0.000000000000000E+000 -0.000000000000000E+000  0.405393312034631E-004  0.000000000000000E+000  0.000000000000000E+000 -0.148630208957357E-003 -0.000000000000000E+000 -0.000000000000000E+000  0.405393312034631E-004   0.189204070925900E-014  0.549653717381722E-012 -0.835919342837376E-005
     33.12000000 -0.000000000000000E+000 -0.000000000000000E+000 -0.151821035820152E-003 -0.000000000000000E+000 -0.000000000000000E+000  0.398853357849420E-004  0.000000000000000E+000  0.000000000000000E+000 -0.151821035820152E-003 -0.000000000000000E+000 -0.000000000000000E+000  0.398853357849420E-004   0.294433267854010E-013  0.563507200739864E-012 -0.838735191623383E-005
     33.20000000 -0.000000000000000E+000 -0.000000000000000E+000 -0.154958497428680E-003 -0.000000000000000E+000 -0.000000000000000E+000  0.392182701065999E-004  0.000000000000000E+000  0.000000000000000E+000 -0.154958497428680E-003 -0.000000000000000E+000 -0.000000000000000E+000  0.392182701065999E-004   0.536903764860490E-013  0.574721465461578E-012 -0.841295666801240E-005
     33.28000000 -0.000000000000000E+000 -0.000000000000000E+000 -0.158041572513402E-003 -0.000000000000000E+000 -0.000000000000000E+000  0.385384385590181E-004  0.000000000000000E+000  0.000000000000000E+000 -0.158041572513402E-003 -0.000000000000000E+000 -0.000000000000000E+000  0.385384385590181E-004   0.746573215916409E-013  0.583726753336607E-012 -0.843599093462875E-005
     33.36000000 -0.000000000000000E+000 -0.000000000000000E+000 -0.161069264598601E-003 -0.000000000000000E+000 -0.000000000000000E+000  0.378461510649865E-004  0.000000000000000E+000  0.000000000000000E+000 -0.161069264598601E-003 -0.000000000000000E+000 -0.000000000000000E+000  0.378461510649865E-004   0.924981976161052E-013  0.591008607241753E-012 -0.845643899640641E-005
     33.44000000 -0.000000000000000E+000 -0.000000000000000E+000 -0.164040602432027E-003 -0.000000000000000E+000 -0.000000000000000E+000  0.371417229178338E-004  0.000000000000000E+000  0.000000000000000E+000 -0.164040602432027E-003 -0.000000000000000E+000 -0.000000000000000E+000  0.371417229178338E-004   0.107420681226827E-012  0.596989725479559E-012 -0.847428618342505E-005
     33.52000000 -0.000000000000000E+000 -0.000000000000000E+000 -0.166954640401396E-003 -0.000000000000000E+000 -0.000000000000000E+000  0.364254746171052E-004  0.000000000000000E+000  0.000000000000000E+000 -0.166954640401396E-003 -0.000000000000000E+000 -0.000000000000000E+000  0.364254746171052E-004   0.119688499331836E-012  0.601942796190179E-012 -0.848951889518758E-005
     33.60000000 -0.000000000000000E+000 -0.000000000000000E+000 -0.169810458937523E-003 -0.000000000000000E+000 -0.000000000000000E+000  0.356977317015884E-004  0.000000000000000E+000  0.000000000000000E+000 -0.169810458937523E-003 -0.000000000000000E+000 -0.000000000000000E+000  0.356977317015884E-004   0.129628889746007E-012  0.605945412109088E-012 -0.850212461957793E-005
     33.68000000 -0.000000000000000E+000 -0.000000000000000E+000 -0.172607164903912E-003 -0.000000000000000E+000 -0.000000000000000E+000  0.349588245798605E-004  0.000000000000000E+000  0.000000000000000E+000 -0.172607164903912E-003 -0.000000000000000E+000 -0.000000000000000E+000  0.349588245798605E-004   0.137617787024012E-012  0.608869478263227E-012 -0.851209195113765E-005
     33.76000000 -0.000000000000000E+000 -0.000000000000000E+000 -0.175343891972579E-003 -0.000000000000000E+000 -0.000000000000000E+000  0.342090883583450E-004  0.000000000000000E+000  0.000000000000000E+000 -0.175343891972579E-003 -0.000000000000000E+000 -0.000000000000000E+000  0.342090883583450E-004   0.144044408702975E-012  0.610413693613998E-012 -0.851941060867366E-005
     33.84000000 -0.000000000000000E+000 -0.000000000000000E+000 -0.178019800985947E-003 -0.000000000000000E+000 -0.000000000000000E+000  0.334488626670925E-004  0.000000000000000E+000  0.000000000000000E+000 -0.178019800985947E-003 -0.000000000000000E+000 -0.000000000000000E+000  0.334488626670925E-004   0.149246199156553E-012  0.610202127371320E-012 -0.852407145209791E-005
     33.92000000 -0.000000000000000E+000 -0.000000000000000E+000 -0.180634080304609E-003 -0.000000000000000E+000 -0.000000000000000E+000  0.326784914832752E-004  0.000000000000000E+000  0.000000000000000E+000 -0.180634080304609E-003 -0.000000000000000E+000 -0.000000000000000E+000  0.326784914832752E-004   0.153477557891448E-012  0.607954671386420E-012 -0.852606649825845E-005
     34.00000000 -0.000000000000000E+000 -0.000000000000000E+000 -0.183185946140817E-003 -0.000000000000000E+000 -0.000000000000000E+000  0.318983229526083E-004  0.000000000000000E+000  0.000000000000000E+000 -0.183185946140817E-003 -0.000000000000000E+000 -0.000000000000000E+000  0.318983229526083E-004   0.156958716987564E-012  0.603674413878682E-012 -0.852538893548049E-005
     34.08000000 -0.000000000000000E+000 -0.000000000000000E+000 -0.185674642877510E-003 -0.000000000000000E+000 -0.000000000000000E+000  0.311087092086582E-004  0.000000000000000E+000  0.000000000000000E+000 -0.185674642877510E-003 -0.000000000000000E+000 -0.000000000000000E+000  0.311087092086582E-004   0.159960479779889E-012  0.597766345017111E-012 -0.852203313663379E-005
     34.16000000 -0.000000000000000E+000 -0.000000000000000E+000 -0.188099443372732E-003 -0.000000000000000E+000 -0.000000000000000E+000  0.303100061902774E-004  0.000000000000000E+000  0.000000000000000E+000 -0.188099443372732E-003 -0.000000000000000E+000 -0.000000000000000E+000  0.303100061902774E-004   0.162890244520725E-012  0.591043374744336E-012 -0.851599467060488E-005
     34.24000000 -0.000000000000000E+000 -0.000000000000000E+000 -0.190459649249305E-003 -0.000000000000000E+000 -0.000000000000000E+000  0.295025734571571E-004  0.000000000000000E+000  0.000000000000000E+000 -0.190459649249305E-003 -0.000000000000000E+000 -0.000000000000000E+000  0.295025734571571E-004   0.166317705994522E-012  0.584565907246129E-012 -0.850727031224045E-005
     34.32000000 -0.000000000000000E+000 -0.000000000000000E+000 -0.192754591169601E-003 -0.000000000000000E+000 -0.000000000000000E+000  0.286867740036957E-004  0.000000000000000E+000  0.000000000000000E+000 -0.192754591169601E-003 -0.000000000000000E+000 -0.000000000000000E+000  0.286867740036957E-004   0.170916765370924E-012  0.579374248561464E-012 -0.849585805077475E-005
     34.40000000 -0.000000000000000E+000 -0.000000000000000E+000 -0.194983629095296E-003 -0.000000000000000E+000 -0.000000000000000E+000  0.278629740711908E-004  0.000000000000000E+000  0.000000000000000E+000 -0.194983629095296E-003 -0.000000000000000E+000 -0.000000000000000E+000  0.278629740711908E-004   0.177343912586773E-012  0.576235467711810E-012 -0.848175709679878E-005
     34.48000000 -0.000000000000000E+000 -0.000000000000000E+000 -0.197146152531979E-003 -0.000000000000000E+000 -0.000000000000000E+000  0.270315429585394E-004  0.000000000000000E+000  0.000000000000000E+000 -0.197146152531979E-003 -0.000000000000000E+000 -0.000000000000000E+000  0.270315429585394E-004   0.186113356372559E-012  0.575480800507551E-012 -0.846496788773033E-005
     34.56000000 -0.000000000000000E+000 -0.000000000000000E+000 -0.199241580758499E-003 -0.000000000000000E+000 -0.000000000000000E+000  0.261928528314963E-004  0.000000000000000E+000  0.000000000000000E+000 -0.199241580758499E-003 -0.000000000000000E+000 -0.000000000000000E+000  0.261928528314963E-004   0.197513403905011E-012  0.577005524814545E-012 -0.844549209177724E-005
     34.64000000 -0.000000000000000E+000 -0.000000000000000E+000 -0.201269363040951E-003 -0.000000000000000E+000 -0.000000000000000E+000  0.253472785306567E-004  0.000000000000000E+000  0.000000000000000E+000 -0.201269363040951E-003 -0.000000000000000E+000 -0.000000000000000E+000  0.253472785306567E-004   0.211594021845916E-012  0.580375010083004E-012 -0.842333261043932E-005
     34.72000000 -0.000000000000000E+000 -0.000000000000000E+000 -0.203228978831206E-003 -0.000000000000000E+000 -0.000000000000000E+000  0.244951973781830E-004  0.000000000000000E+000  0.000000000000000E+000 -0.203228978831206E-003 -0.000000000000000E+000 -0.000000000000000E+000  0.244951973781830E-004   0.228246689337963E-012  0.585000938850330E-012 -0.839849357972073E-005
     34.80000000 -0.000000000000000E+000 -0.000000000000000E+000 -0.205119937949884E-003 -0.000000000000000E+000 -0.000000000000000E+000  0.236369889834801E-004  0.000000000000000E+000  0.000000000000000E+000 -0.205119937949884E-003 -0.000000000000000E+000 -0.000000000000000E+000  0.236369889834801E-004   0.247271238817702E-012  0.590305217780799E-012 -0.837098037026090E-005
     34.88000000 -0.000000000000000E+000 -0.000000000000000E+000 -0.206941780753711E-003 -0.000000000000000E+000 -0.000000000000000E+000  0.227730350478340E-004  0.000000000000000E+000  0.000000000000000E+000 -0.206941780753711E-003 -0.000000000000000E+000 -0.000000000000000E+000  0.227730350478340E-004   0.268478432834835E-012  0.595844050549730E-012 -0.834079958656325E-005
     34.96000000 -0.000000000000000E+000 -0.000000000000000E+000 -0.208694078287169E-003 -0.000000000000000E+000 -0.000000000000000E+000  0.219037191682309E-004  0.000000000000000E+000  0.000000000000000E+000 -0.208694078287169E-003 -0.000000000000000E+000 -0.000000000000000E+000  0.219037191682309E-004   0.291693812969927E-012  0.601402499848802E-012 -0.830795906541742E-005
     35.04000000 -0.000000000000000E+000 -0.000000000000000E+000 -0.210376432418396E-003 -0.000000000000000E+000 -0.000000000000000E+000  0.210294266403328E-004  0.000000000000000E+000  0.000000000000000E+000 -0.210376432418396E-003 -0.000000000000000E+000 -0.000000000000000E+000  0.210294266403328E-004   0.316755246325047E-012  0.607037174834918E-012 -0.827246787344210E-005
     35.12000000 -0.000000000000000E+000 -0.000000000000000E+000 -0.211988475959263E-003 -0.000000000000000E+000 -0.000000000000000E+000  0.201505442608385E-004  0.000000000000000E+000  0.000000000000000E+000 -0.211988475959263E-003 -0.000000000000000E+000 -0.000000000000000E+000  0.201505442608385E-004   0.343457397306389E-012  0.613070540323665E-012 -0.823433630361509E-005
     35.20000000 -0.000000000000000E+000 -0.000000000000000E+000 -0.213529872769605E-003 -0.000000000000000E+000 -0.000000000000000E+000  0.192674601292760E-004  0.000000000000000E+000  0.000000000000000E+000 -0.213529872769605E-003 -0.000000000000000E+000 -0.000000000000000E+000  0.192674601292760E-004   0.371535815702530E-012  0.619999797376873E-012 -0.819357587064542E-005
     35.28000000 -0.000000000000000E+000 -0.000000000000000E+000 -0.215000317845552E-003 -0.000000000000000E+000 -0.000000000000000E+000  0.183805634493401E-004  0.000000000000000E+000  0.000000000000000E+000 -0.215000317845552E-003 -0.000000000000000E+000 -0.000000000000000E+000  0.183805634493401E-004   0.400667799528656E-012  0.628316749135000E-012 -0.815019930506665E-005
     35.36000000 -0.000000000000000E+000 -0.000000000000000E+000 -0.216399537391946E-003 -0.000000000000000E+000 -0.000000000000000E+000  0.174902443299188E-004  0.000000000000000E+000  0.000000000000000E+000 -0.216399537391946E-003 -0.000000000000000E+000 -0.000000000000000E+000  0.174902443299188E-004   0.430493894103117E-012  0.638291896259926E-012 -0.810422054601149E-005
     35.44000000 -0.000000000000000E+000 -0.000000000000000E+000 -0.217727288878816E-003 -0.000000000000000E+000 -0.000000000000000E+000  0.165968935858732E-004  0.000000000000000E+000  0.000000000000000E+000 -0.217727288878816E-003 -0.000000000000000E+000 -0.000000000000000E+000  0.165968935858732E-004   0.460630893187501E-012  0.649796000848801E-012 -0.805565473264315E-005
     35.52000000 -0.000000000000000E+000 -0.000000000000000E+000 -0.218983361081913E-003 -0.000000000000000E+000 -0.000000000000000E+000  0.157009025387116E-004  0.000000000000000E+000  0.000000000000000E+000 -0.218983361081913E-003 -0.000000000000000E+000 -0.000000000000000E+000  0.157009025387116E-004   0.490655152061120E-012  0.662236353667306E-012 -0.800451819420990E-005
     35.60000000 -0.000000000000000E+000 -0.000000000000000E+000 -0.220167574107294E-003 -0.000000000000000E+000 -0.000000000000000E+000  0.148026628172607E-004  0.000000000000000E+000  0.000000000000000E+000 -0.220167574107294E-003 -0.000000000000000E+000 -0.000000000000000E+000  0.148026628172607E-004   0.520061702558246E-012  0.674636138752580E-012 -0.795082843867884E-005
     35.68000000 -0.000000000000000E+000 -0.000000000000000E+000 -0.221279779399970E-003 -0.000000000000000E+000 -0.000000000000000E+000  0.139025661584518E-004  0.000000000000000E+000  0.000000000000000E+000 -0.221279779399970E-003 -0.000000000000000E+000 -0.000000000000000E+000  0.139025661584518E-004   0.548265007994076E-012  0.685851996398180E-012 -0.789460413994806E-005
     35.76000000 -0.000000000000000E+000 -0.000000000000000E+000 -0.222319859736634E-003 -0.000000000000000E+000 -0.000000000000000E+000  0.130010042082987E-004  0.000000000000000E+000  0.000000000000000E+000 -0.222319859736634E-003 -0.000000000000000E+000 -0.000000000000000E+000  0.130010042082987E-004   0.574643223459661E-012  0.694825033274142E-012 -0.783586512368160E-005
     35.84000000 -0.000000000000000E+000 -0.000000000000000E+000 -0.223287729202492E-003 -0.000000000000000E+000 -0.000000000000000E+000  0.120983683232321E-004  0.000000000000000E+000  0.000000000000000E+000 -0.223287729202492E-003 -0.000000000000000E+000 -0.000000000000000E+000  0.120983683232321E-004   0.598649938667069E-012  0.700824655730970E-012 -0.777463235196333E-005
     35.92000000 -0.000000000000000E+000 -0.000000000000000E+000 -0.224183333152239E-003 -0.000000000000000E+000 -0.000000000000000E+000  0.111950493718383E-004  0.000000000000000E+000  0.000000000000000E+000 -0.224183333152239E-003 -0.000000000000000E+000 -0.000000000000000E+000  0.111950493718383E-004   0.619920889042371E-012  0.703567284918080E-012 -0.771092790695569E-005
     36.00000000 -0.000000000000000E+000 -0.000000000000000E+000 -0.225006648155213E-003 -0.000000000000000E+000 -0.000000000000000E+000  0.102914375371748E-004  0.000000000000000E+000  0.000000000000000E+000 -0.225006648155213E-003 -0.000000000000000E+000 -0.000000000000000E+000  0.102914375371748E-004   0.638337974099339E-012  0.703214484276290E-012 -0.764477497381396E-005
     36.08000000 -0.000000000000000E+000 -0.000000000000000E+000 -0.225757681924790E-003 -0.000000000000000E+000 -0.000000000000000E+000  0.938792211971469E-005  0.000000000000000E+000  0.000000000000000E+000 -0.225757681924790E-003 -0.000000000000000E+000 -0.000000000000000E+000  0.938792211971469E-005   0.653977048336356E-012  0.700273834095448E-012 -0.757619782298356E-005
     36.16000000 -0.000000000000000E+000 -0.000000000000000E+000 -0.226436473232075E-003 -0.000000000000000E+000 -0.000000000000000E+000  0.848489134105699E-005  0.000000000000000E+000  0.000000000000000E+000 -0.226436473232075E-003 -0.000000000000000E+000 -0.000000000000000E+000  0.848489134105699E-005   0.667013466396458E-012  0.695414078306671E-012 -0.750522179192258E-005
     36.24000000 -0.000000000000000E+000 -0.000000000000000E+000 -0.227043091803956E-003 -0.000000000000000E+000 -0.000000000000000E+000  0.758273214851623E-005  0.000000000000000E+000  0.000000000000000E+000 -0.227043091803956E-003 -0.000000000000000E+000 -0.000000000000000E+000  0.758273214851623E-005   0.677592105045917E-012  0.689280211041125E-012 -0.743187326621993E-005
     36.32000000 -0.000000000000000E+000 -0.000000000000000E+000 -0.227577638205611E-003 -0.000000000000000E+000 -0.000000000000000E+000  0.668183002068944E-005  0.000000000000000E+000  0.000000000000000E+000 -0.227577638205611E-003 -0.000000000000000E+000 -0.000000000000000E+000  0.668183002068944E-005   0.685782513093397E-012  0.682343645160216E-012 -0.735617966013765E-005
     36.40000000 -0.000000000000000E+000 -0.000000000000000E+000 -0.228040243707538E-003 -0.000000000000000E+000 -0.000000000000000E+000  0.578256877408627E-005  0.000000000000000E+000  0.000000000000000E+000 -0.228040243707538E-003 -0.000000000000000E+000 -0.000000000000000E+000  0.578256877408627E-005   0.691607139798186E-012  0.674782545950529E-012 -0.727816939664192E-005
     36.48000000 -0.000000000000000E+000 -0.000000000000000E+000 -0.228431070137216E-003 -0.000000000000000E+000 -0.000000000000000E+000  0.488533037097011E-005  0.000000000000000E+000  0.000000000000000E+000 -0.228431070137216E-003 -0.000000000000000E+000 -0.000000000000000E+000  0.488533037097011E-005   0.695117554784869E-012  0.666479053106731E-012 -0.719787188709489E-005
     36.56000000 -0.000000000000000E+000 -0.000000000000000E+000 -0.228750309715495E-003 -0.000000000000000E+000 -0.000000000000000E+000  0.399049472849077E-005  0.000000000000000E+000  0.000000000000000E+000 -0.228750309715495E-003 -0.000000000000000E+000 -0.000000000000000E+000  0.399049472849077E-005   0.696463635451264E-012  0.657065911463904E-012 -0.711531751074169E-005
     36.64000000 -0.000000000000000E+000 -0.000000000000000E+000 -0.228998184877831E-003 -0.000000000000000E+000 -0.000000000000000E+000  0.309843952920244E-005  0.000000000000000E+000  0.000000000000000E+000 -0.228998184877831E-003 -0.000000000000000E+000 -0.000000000000000E+000  0.309843952920244E-005   0.695922994524336E-012  0.646039414245237E-012 -0.703053759410672E-005
     36.72000000 -0.000000000000000E+000 -0.000000000000000E+000 -0.229174948080480E-003 -0.000000000000000E+000 -0.000000000000000E+000  0.220954003310243E-005  0.000000000000000E+000  0.000000000000000E+000 -0.229174948080480E-003 -0.000000000000000E+000 -0.000000000000000E+000  0.220954003310243E-005   0.693854994578746E-012  0.632945631349356E-012 -0.694356439019943E-005
     36.80000000 -0.000000000000000E+000 -0.000000000000000E+000 -0.229280881591780E-003 -0.000000000000000E+000 -0.000000000000000E+000  0.132416889125507E-005  0.000000000000000E+000  0.000000000000000E+000 -0.229280881591780E-003 -0.000000000000000E+000 -0.000000000000000E+000  0.132416889125507E-005   0.690675926332393E-012  0.617573689971221E-012 -0.685443105741147E-005
     36.88000000 -0.000000000000000E+000 -0.000000000000000E+000 -0.229316297268671E-003 -0.000000000000000E+000 -0.000000000000000E+000  0.442695961142605E-006  0.000000000000000E+000  0.000000000000000E+000 -0.229316297268671E-003 -0.000000000000000E+000 -0.000000000000000E+000  0.442695961142605E-006   0.686823322332683E-012  0.600098468909582E-012 -0.676317163789519E-005
     36.96000000 -0.000000000000000E+000 -0.000000000000000E+000 -0.229281536318576E-003 -0.000000000000000E+000 -0.000000000000000E+000 -0.434511876193291E-006  0.000000000000000E+000  0.000000000000000E+000 -0.229281536318576E-003 -0.000000000000000E+000 -0.000000000000000E+000 -0.434511876193291E-006   0.682772571601906E-012  0.581127431332346E-012 -0.666982103531914E-005
     37.04000000 -0.000000000000000E+000 -0.000000000000000E+000 -0.229176969046808E-003 -0.000000000000000E+000 -0.000000000000000E+000 -0.130709089709402E-005  0.000000000000000E+000  0.000000000000000E+000 -0.229176969046808E-003 -0.000000000000000E+000 -0.000000000000000E+000 -0.130709089709402E-005   0.679046187307055E-012  0.561622816957475E-012 -0.657441499198924E-005
     37.12000000 -0.000000000000000E+000 -0.000000000000000E+000 -0.229002994589670E-003 -0.000000000000000E+000 -0.000000000000000E+000 -0.217468071422586E-005  0.000000000000000E+000  0.000000000000000E+000 -0.229002994589670E-003 -0.000000000000000E+000 -0.000000000000000E+000 -0.217468071422586E-005   0.676180879138292E-012  0.542682730340591E-012 -0.647699006543130E-005
     37.20000000 -0.000000000000000E+000 -0.000000000000000E+000 -0.228760040633396E-003 -0.000000000000000E+000 -0.000000000000000E+000 -0.303692445342724E-005  0.000000000000000E+000  0.000000000000000E+000 -0.228760040633396E-003 -0.000000000000000E+000 -0.000000000000000E+000 -0.303692445342724E-005   0.674674824190374E-012  0.525287989204659E-012 -0.637758360457449E-005
     37.28000000 -0.000000000000000E+000 -0.000000000000000E+000 -0.228448563119129E-003 -0.000000000000000E+000 -0.000000000000000E+000 -0.389346892833441E-005  0.000000000000000E+000  0.000000000000000E+000 -0.228448563119129E-003 -0.000000000000000E+000 -0.000000000000000E+000 -0.389346892833441E-005   0.674906151523483E-012  0.510064333053375E-012 -0.627623372567426E-005
     37.36000000 -0.000000000000000E+000 -0.000000000000000E+000 -0.228069045934109E-003 -0.000000000000000E+000 -0.000000000000000E+000 -0.474396481275229E-005  0.000000000000000E+000  0.000000000000000E+000 -0.228069045934109E-003 -0.000000000000000E+000 -0.000000000000000E+000 -0.474396481275229E-005   0.677076033093914E-012  0.497185080137084E-012 -0.617297928809195E-005
     37.44000000 -0.000000000000000E+000 -0.000000000000000E+000 -0.227622000589261E-003 -0.000000000000000E+000 -0.000000000000000E+000 -0.558806681060523E-005  0.000000000000000E+000  0.000000000000000E+000 -0.227622000589261E-003 -0.000000000000000E+000 -0.000000000000000E+000 -0.558806681060523E-005   0.681201863319299E-012  0.486390010891588E-012 -0.606785987003401E-005
     37.52000000 -0.000000000000000E+000 -0.000000000000000E+000 -0.227107965883386E-003 -0.000000000000000E+000 -0.000000000000000E+000 -0.642543382343669E-005  0.000000000000000E+000  0.000000000000000E+000 -0.227107965883386E-003 -0.000000000000000E+000 -0.000000000000000E+000 -0.642543382343669E-005   0.687164703213535E-012  0.477125679008607E-012 -0.596091574436257E-005
     37.60000000 -0.000000000000000E+000 -0.000000000000000E+000 -0.226527507554160E-003 -0.000000000000000E+000 -0.000000000000000E+000 -0.725572911532597E-005  0.000000000000000E+000  0.000000000000000E+000 -0.226527507554160E-003 -0.000000000000000E+000 -0.000000000000000E+000 -0.725572911532597E-005   0.694799918433540E-012  0.468719899971936E-012 -0.585218785457946E-005
     37.68000000 -0.000000000000000E+000 -0.000000000000000E+000 -0.225881217916147E-003 -0.000000000000000E+000 -0.000000000000000E+000 -0.807862047516508E-005  0.000000000000000E+000  0.000000000000000E+000 -0.225881217916147E-003 -0.000000000000000E+000 -0.000000000000000E+000 -0.807862047516508E-005   0.703964080576638E-012  0.460546773906307E-012 -0.574171779103930E-005
     37.76000000 -0.000000000000000E+000 -0.000000000000000E+000 -0.225169715486052E-003 -0.000000000000000E+000 -0.000000000000000E+000 -0.889378037617978E-005  0.000000000000000E+000  0.000000000000000E+000 -0.225169715486052E-003 -0.000000000000000E+000 -0.000000000000000E+000 -0.889378037617978E-005   0.714560886639722E-012  0.452157303579259E-012 -0.562954776739182E-005
     37.84000000 -0.000000000000000E+000 -0.000000000000000E+000 -0.224393644595442E-003 -0.000000000000000E+000 -0.000000000000000E+000 -0.970088613263177E-005  0.000000000000000E+000  0.000000000000000E+000 -0.224393644595442E-003 -0.000000000000000E+000 -0.000000000000000E+000 -0.970088613263177E-005   0.726519693322073E-012  0.443358818484586E-012 -0.551572059717674E-005
     37.92000000 -0.000000000000000E+000 -0.000000000000000E+000 -0.223553674991153E-003 -0.000000000000000E+000 -0.000000000000000E+000 -0.104996200536093E-004  0.000000000000000E+000  0.000000000000000E+000 -0.223553674991153E-003 -0.000000000000000E+000 -0.000000000000000E+000 -0.104996200536093E-004   0.739736591390203E-012  0.434247017785019E-012 -0.540027967039373E-005
     38.00000000 -0.000000000000000E+000 -0.000000000000000E+000 -0.222650501423647E-003 -0.000000000000000E+000 -0.000000000000000E+000 -0.112896695938234E-004  0.000000000000000E+000  0.000000000000000E+000 -0.222650501423647E-003 -0.000000000000000E+000 -0.000000000000000E+000 -0.112896695938234E-004   0.754019419310595E-012  0.425160526429917E-012 -0.528326892996393E-005
     38.08000000 -0.000000000000000E+000 -0.000000000000000E+000 -0.221684843223540E-003 -0.000000000000000E+000 -0.000000000000000E+000 -0.120707275013335E-004  0.000000000000000E+000  0.000000000000000E+000 -0.221684843223540E-003 -0.000000000000000E+000 -0.000000000000000E+000 -0.120707275013335E-004   0.769058196152952E-012  0.416578841614105E-012 -0.516473284793068E-005
     38.16000000 -0.000000000000000E+000 -0.000000000000000E+000 -0.220657443866571E-003 -0.000000000000000E+000 -0.000000000000000E+000 -0.128424919621214E-004  0.000000000000000E+000  0.000000000000000E+000 -0.220657443866571E-003 -0.000000000000000E+000 -0.000000000000000E+000 -0.128424919621214E-004   0.784438067265309E-012  0.408923130706504E-012 -0.504471640139049E-005
     38.24000000 -0.000000000000000E+000 -0.000000000000000E+000 -0.219569070527256E-003 -0.000000000000000E+000 -0.000000000000000E+000 -0.136046667414335E-004  0.000000000000000E+000  0.000000000000000E+000 -0.219569070527256E-003 -0.000000000000000E+000 -0.000000000000000E+000 -0.136046667414335E-004   0.799682576489350E-012  0.402363057041663E-012 -0.492326504812911E-005
     38.32000000 -0.000000000000000E+000 -0.000000000000000E+000 -0.218420513621509E-003 -0.000000000000000E+000 -0.000000000000000E+000 -0.143569613218354E-004  0.000000000000000E+000  0.000000000000000E+000 -0.218420513621509E-003 -0.000000000000000E+000 -0.000000000000000E+000 -0.143569613218354E-004   0.814289231254309E-012  0.396681425811597E-012 -0.480042470199023E-005
     38.40000000 -0.000000000000000E+000 -0.000000000000000E+000 -0.217212586338480E-003 -0.000000000000000E+000 -0.000000000000000E+000 -0.150990910378691E-004  0.000000000000000E+000  0.000000000000000E+000 -0.217212586338480E-003 -0.000000000000000E+000 -0.000000000000000E+000 -0.150990910378691E-004   0.827763826861721E-012  0.391254844860509E-012 -0.467624170793396E-005
     38.48000000 -0.000000000000000E+000 -0.000000000000000E+000 -0.215946124161896E-003 -0.000000000000000E+000 -0.000000000000000E+000 -0.158307772072944E-004  0.000000000000000E+000  0.000000000000000E+000 -0.215946124161896E-003 -0.000000000000000E+000 -0.000000000000000E+000 -0.158307772072944E-004   0.839604333534527E-012  0.385189401543874E-012 -0.455076281683709E-005
     38.56000000 -0.000000000000000E+000 -0.000000000000000E+000 -0.214621984381193E-003 -0.000000000000000E+000 -0.000000000000000E+000 -0.165517472587854E-004  0.000000000000000E+000  0.000000000000000E+000 -0.214621984381193E-003 -0.000000000000000E+000 -0.000000000000000E+000 -0.165517472587854E-004   0.849335649363234E-012  0.377534626011620E-012 -0.442403516006262E-005
     38.64000000 -0.000000000000000E+000 -0.000000000000000E+000 -0.213241045592707E-003 -0.000000000000000E+000 -0.000000000000000E+000 -0.172617348560772E-004  0.000000000000000E+000  0.000000000000000E+000 -0.213241045592707E-003 -0.000000000000000E+000 -0.000000000000000E+000 -0.172617348560772E-004   0.856519611356949E-012  0.367521158112269E-012 -0.429610622390135E-005
     38.72000000 -0.000000000000000E+000 -0.000000000000000E+000 -0.211804207191231E-003 -0.000000000000000E+000 -0.000000000000000E+000 -0.179604800184502E-004  0.000000000000000E+000  0.000000000000000E+000 -0.211804207191231E-003 -0.000000000000000E+000 -0.000000000000000E+000 -0.179604800184502E-004   0.860827455535659E-012  0.354721014810606E-012 -0.416702382404423E-005
     38.80000000 -0.000000000000000E+000 -0.000000000000000E+000 -0.210312388852230E-003 -0.000000000000000E+000 -0.000000000000000E+000 -0.186477292375092E-004  0.000000000000000E+000  0.000000000000000E+000 -0.210312388852230E-003 -0.000000000000000E+000 -0.000000000000000E+000 -0.186477292375092E-004   0.862076583681534E-012  0.339115587984899E-012 -0.403683608025326E-005
     38.88000000 -0.000000000000000E+000 -0.000000000000000E+000 -0.208766530005014E-003 -0.000000000000000E+000 -0.000000000000000E+000 -0.193232355902043E-004  0.000000000000000E+000  0.000000000000000E+000 -0.208766530005014E-003 -0.000000000000000E+000 -0.000000000000000E+000 -0.193232355902043E-004   0.860258628865864E-012  0.321042127003000E-012 -0.390559139130854E-005
     38.96000000 -0.000000000000000E+000 -0.000000000000000E+000 -0.207167589297172E-003 -0.000000000000000E+000 -0.000000000000000E+000 -0.199867588480281E-004  0.000000000000000E+000  0.000000000000000E+000 -0.207167589297172E-003 -0.000000000000000E+000 -0.000000000000000E+000 -0.199867588480281E-004   0.855496153618959E-012  0.301085467080948E-012 -0.377333841030822E-005
     39.04000000 -0.000000000000000E+000 -0.000000000000000E+000 -0.205516544050586E-003 -0.000000000000000E+000 -0.000000000000000E+000 -0.206380655823232E-004  0.000000000000000E+000  0.000000000000000E+000 -0.205516544050586E-003 -0.000000000000000E+000 -0.000000000000000E+000 -0.206380655823232E-004   0.847971363386332E-012  0.279937886615211E-012 -0.364012602026117E-005
     39.12000000 -0.000000000000000E+000 -0.000000000000000E+000 -0.203814389709332E-003 -0.000000000000000E+000 -0.000000000000000E+000 -0.212769292656684E-004  0.000000000000000E+000  0.000000000000000E+000 -0.203814389709332E-003 -0.000000000000000E+000 -0.000000000000000E+000 -0.212769292656684E-004   0.837868999190937E-012  0.258251782930401E-012 -0.350600330989356E-005
     39.20000000 -0.000000000000000E+000 -0.000000000000000E+000 -0.202062139279790E-003 -0.000000000000000E+000 -0.000000000000000E+000 -0.219031303692737E-004  0.000000000000000E+000  0.000000000000000E+000 -0.202062139279790E-003 -0.000000000000000E+000 -0.000000000000000E+000 -0.219031303692737E-004   0.825351623846985E-012  0.236509632267591E-012 -0.337101954962989E-005
     39.28000000 -0.000000000000000E+000 -0.000000000000000E+000 -0.200260822763283E-003 -0.000000000000000E+000 -0.000000000000000E+000 -0.225164564563452E-004  0.000000000000000E+000  0.000000000000000E+000 -0.200260822763283E-003 -0.000000000000000E+000 -0.000000000000000E+000 -0.225164564563452E-004   0.810585072853021E-012  0.214944139298206E-012 -0.323522416769430E-005
     39.36000000 -0.000000000000000E+000 -0.000000000000000E+000 -0.198411486581572E-003 -0.000000000000000E+000 -0.000000000000000E+000 -0.231167022713837E-004  0.000000000000000E+000  0.000000000000000E+000 -0.198411486581572E-003 -0.000000000000000E+000 -0.000000000000000E+000 -0.231167022713837E-004   0.793790904930774E-012  0.193515412911480E-012 -0.309866672639764E-005
     39.44000000 -0.000000000000000E+000 -0.000000000000000E+000 -0.196515192995545E-003 -0.000000000000000E+000 -0.000000000000000E+000 -0.237036698253389E-004  0.000000000000000E+000  0.000000000000000E+000 -0.196515192995545E-003 -0.000000000000000E+000 -0.000000000000000E+000 -0.237036698253389E-004   0.775283316348430E-012  0.171955959349752E-012 -0.296139689861983E-005
     39.52000000 -0.000000000000000E+000 -0.000000000000000E+000 -0.194573019517415E-003 -0.000000000000000E+000 -0.000000000000000E+000 -0.242771684766196E-004  0.000000000000000E+000  0.000000000000000E+000 -0.194573019517415E-003 -0.000000000000000E+000 -0.000000000000000E+000 -0.242771684766196E-004   0.755458834976650E-012  0.149914790998198E-012 -0.282346444455650E-005
     39.60000000 -0.000000000000000E+000 -0.000000000000000E+000 -0.192586058316785E-003 -0.000000000000000E+000 -0.000000000000000E+000 -0.248370150078826E-004  0.000000000000000E+000  0.000000000000000E+000 -0.192586058316785E-003 -0.000000000000000E+000 -0.000000000000000E+000 -0.248370150078826E-004   0.734769134922981E-012  0.127114563670668E-012 -0.268491918878189E-005
     39.68000000 -0.000000000000000E+000 -0.000000000000000E+000 -0.190555415620896E-003 -0.000000000000000E+000 -0.000000000000000E+000 -0.253830336986152E-004  0.000000000000000E+000  0.000000000000000E+000 -0.190555415620896E-003 -0.000000000000000E+000 -0.000000000000000E+000 -0.253830336986152E-004   0.713678243674447E-012  0.103534799749604E-012 -0.254581099761976E-005
     39.76000000 -0.000000000000000E+000 -0.000000000000000E+000 -0.188482211109423E-003 -0.000000000000000E+000 -0.000000000000000E+000 -0.259150563934030E-004  0.000000000000000E+000  0.000000000000000E+000 -0.188482211109423E-003 -0.000000000000000E+000 -0.000000000000000E+000 -0.259150563934030E-004   0.692656276563465E-012  0.794927214813366E-013 -0.240618975685800E-005
     39.84000000 -0.000000000000000E+000 -0.000000000000000E+000 -0.186367577304149E-003 -0.000000000000000E+000 -0.000000000000000E+000 -0.264329225659287E-004  0.000000000000000E+000  0.000000000000000E+000 -0.186367577304149E-003 -0.000000000000000E+000 -0.000000000000000E+000 -0.264329225659287E-004   0.672190379429632E-012  0.556238181579880E-013 -0.226610534982691E-005
     39.92000000 -0.000000000000000E+000 -0.000000000000000E+000 -0.184212658953861E-003 -0.000000000000000E+000 -0.000000000000000E+000 -0.269364793786013E-004  0.000000000000000E+000  0.000000000000000E+000 -0.184212658953861E-003 -0.000000000000000E+000 -0.000000000000000E+000 -0.269364793786013E-004   0.652781191159168E-012  0.327506596623773E-013 -0.212560763577172E-005
     40.00000000 -0.000000000000000E+000 -0.000000000000000E+000 -0.182018612414831E-003 -0.000000000000000E+000 -0.000000000000000E+000 -0.274255817378770E-004  0.000000000000000E+000  0.000000000000000E+000 -0.182018612414831E-003 -0.000000000000000E+000 -0.000000000000000E+000 -0.274255817378770E-004   0.634920762100663E-012  0.116839416047806E-013 -0.198474642854991E-005
     40.08000000 -0.000000000000000E+000 -0.000000000000000E+000 -0.179786605027219E-003 -0.000000000000000E+000 -0.000000000000000E+000 -0.279000923451435E-004  0.000000000000000E+000  0.000000000000000E+000 -0.179786605027219E-003 -0.000000000000000E+000 -0.000000000000000E+000 -0.279000923451435E-004   0.619036268412022E-012 -0.698368701393984E-014 -0.184357147551731E-005
     40.16000000 -0.000000000000000E+000 -0.000000000000000E+000 -0.177517814487762E-003 -0.000000000000000E+000 -0.000000000000000E+000 -0.283598817432229E-004  0.000000000000000E+000  0.000000000000000E+000 -0.177517814487762E-003 -0.000000000000000E+000 -0.000000000000000E+000 -0.283598817432229E-004   0.605424993560459E-012 -0.230001143034724E-013 -0.170213243655869E-005
     40.24000000 -0.000000000000000E+000 -0.000000000000000E+000 -0.175213428219086E-003 -0.000000000000000E+000 -0.000000000000000E+000 -0.288048283584438E-004  0.000000000000000E+000  0.000000000000000E+000 -0.175213428219086E-003 -0.000000000000000E+000 -0.000000000000000E+000 -0.288048283584438E-004   0.594234359677623E-012 -0.364786717663234E-013 -0.156047886321680E-005
     40.32000000 -0.000000000000000E+000 -0.000000000000000E+000 -0.172874642736022E-003 -0.000000000000000E+000 -0.000000000000000E+000 -0.292348185382995E-004  0.000000000000000E+000  0.000000000000000E+000 -0.172874642736022E-003 -0.000000000000000E+000 -0.000000000000000E+000 -0.292348185382995E-004   0.585452370518226E-012 -0.478344933871012E-013 -0.141866017791247E-005
     40.40000000 -0.000000000000000E+000 -0.000000000000000E+000 -0.170502663009254E-003 -0.000000000000000E+000 -0.000000000000000E+000 -0.296497465845998E-004  0.000000000000000E+000  0.000000000000000E+000 -0.170502663009254E-003 -0.000000000000000E+000 -0.000000000000000E+000 -0.296497465845998E-004   0.578952287867760E-012 -0.576492970496257E-013 -0.127672565336832E-005
     40.48000000 -0.000000000000000E+000 -0.000000000000000E+000 -0.168098701826678E-003 -0.000000000000000E+000 -0.000000000000000E+000 -0.300495147822026E-004  0.000000000000000E+000  0.000000000000000E+000 -0.168098701826678E-003 -0.000000000000000E+000 -0.000000000000000E+000 -0.300495147822026E-004   0.574542032009814E-012 -0.665540389766566E-013 -0.113472439229044E-005
     40.56000000 -0.000000000000000E+000 -0.000000000000000E+000 -0.165663979152819E-003 -0.000000000000000E+000 -0.000000000000000E+000 -0.304340334232373E-004  0.000000000000000E+000  0.000000000000000E+000 -0.165663979152819E-003 -0.000000000000000E+000 -0.000000000000000E+000 -0.304340334232373E-004   0.571998043970039E-012 -0.750963306115892E-013 -0.992705307416044E-006
     40.64000000 -0.000000000000000E+000 -0.000000000000000E+000 -0.163199721486667E-003 -0.000000000000000E+000 -0.000000000000000E+000 -0.308032208268995E-004  0.000000000000000E+000  0.000000000000000E+000 -0.163199721486667E-003 -0.000000000000000E+000 -0.000000000000000E+000 -0.308032208268995E-004   0.571076300207110E-012 -0.836663328980197E-013 -0.850717101967043E-006
     40.72000000 -0.000000000000000E+000 -0.000000000000000E+000 -0.160707161218292E-003 -0.000000000000000E+000 -0.000000000000000E+000 -0.311570033546859E-004  0.000000000000000E+000  0.000000000000000E+000 -0.160707161218292E-003 -0.000000000000000E+000 -0.000000000000000E+000 -0.311570033546859E-004   0.571507937907149E-012 -0.924428794628996E-013 -0.708808250469205E-006
     40.80000000 -0.000000000000000E+000 -0.000000000000000E+000 -0.158187535984595E-003 -0.000000000000000E+000 -0.000000000000000E+000 -0.314953154212178E-004  0.000000000000000E+000  0.000000000000000E+000 -0.158187535984595E-003 -0.000000000000000E+000 -0.000000000000000E+000 -0.314953154212178E-004   0.572984537441184E-012 -0.101389126255319E-012 -0.567026979901892E-006
     40.88000000 -0.000000000000000E+000 -0.000000000000000E+000 -0.155642088024553E-003 -0.000000000000000E+000 -0.000000000000000E+000 -0.318180995005207E-004  0.000000000000000E+000  0.000000000000000E+000 -0.155642088024553E-003 -0.000000000000000E+000 -0.000000000000000E+000 -0.318180995005207E-004   0.575158055355429E-012 -0.110309285436853E-012 -0.425421251133001E-006
     40.96000000 -0.000000000000000E+000 -0.000000000000000E+000 -0.153072063534321E-003 -0.000000000000000E+000 -0.000000000000000E+000 -0.321253061278959E-004  0.000000000000000E+000  0.000000000000000E+000 -0.153072063534321E-003 -0.000000000000000E+000 -0.000000000000000E+000 -0.321253061278959E-004   0.577634481788576E-012 -0.118962932164082E-012 -0.284038740607252E-006
     41.04000000 -0.000000000000000E+000 -0.000000000000000E+000 -0.150478712022542E-003 -0.000000000000000E+000 -0.000000000000000E+000 -0.324168938972365E-004  0.000000000000000E+000  0.000000000000000E+000 -0.150478712022542E-003 -0.000000000000000E+000 -0.000000000000000E+000 -0.324168938972365E-004   0.579983904729043E-012 -0.127227856523375E-012 -0.142926822295812E-006
     41.12000000 -0.000000000000000E+000 -0.000000000000000E+000 -0.147863285666226E-003 -0.000000000000000E+000 -0.000000000000000E+000 -0.326928294539558E-004  0.000000000000000E+000  0.000000000000000E+000 -0.147863285666226E-003 -0.000000000000000E+000 -0.000000000000000E+000 -0.326928294539558E-004   0.581742090139255E-012 -0.135219867118035E-012 -0.213254988398332E-008
     41.20000000 -0.000000000000000E+000 -0.000000000000000E+000 -0.145227038667553E-003 -0.000000000000000E+000 -0.000000000000000E+000 -0.329530874834171E-004  0.000000000000000E+000  0.000000000000000E+000 -0.145227038667553E-003 -0.000000000000000E+000 -0.000000000000000E+000 -0.329530874834171E-004   0.582421726286641E-012 -0.143359406256780E-012  0.138297360778084E-006
     41.28000000 -0.000000000000000E+000 -0.000000000000000E+000 -0.142571226611957E-003 -0.000000000000000E+000 -0.000000000000000E+000 -0.331976506949491E-004  0.000000000000000E+000  0.000000000000000E+000 -0.142571226611957E-003 -0.000000000000000E+000 -0.000000000000000E+000 -0.331976506949491E-004   0.581520632308561E-012 -0.152299569219370E-012  0.278316548990007E-006
     41.36000000 -0.000000000000000E+000 -0.000000000000000E+000 -0.139897105827840E-003 -0.000000000000000E+000 -0.000000000000000E+000 -0.334265098014545E-004  0.000000000000000E+000  0.000000000000000E+000 -0.139897105827840E-003 -0.000000000000000E+000 -0.000000000000000E+000 -0.334265098014545E-004   0.578561832784130E-012 -0.162768264498111E-012  0.417879026271152E-006
     41.44000000 -0.000000000000000E+000 -0.000000000000000E+000 -0.137205932748273E-003 -0.000000000000000E+000 -0.000000000000000E+000 -0.336396634945873E-004  0.000000000000000E+000  0.000000000000000E+000 -0.137205932748273E-003 -0.000000000000000E+000 -0.000000000000000E+000 -0.336396634945873E-004   0.573117538931021E-012 -0.175369674043503E-012  0.556939193198210E-006
     41.52000000 -0.000000000000000E+000 -0.000000000000000E+000 -0.134498963275027E-003 -0.000000000000000E+000 -0.000000000000000E+000 -0.338371184155812E-004  0.000000000000000E+000  0.000000000000000E+000 -0.134498963275027E-003 -0.000000000000000E+000 -0.000000000000000E+000 -0.338371184155812E-004   0.564851912601016E-012 -0.190440802023046E-012  0.695451855960404E-006
     41.60000000 -0.000000000000000E+000 -0.000000000000000E+000 -0.131777452145290E-003 -0.000000000000000E+000 -0.000000000000000E+000 -0.340188891217094E-004  0.000000000000000E+000  0.000000000000000E+000 -0.131777452145290E-003 -0.000000000000000E+000 -0.000000000000000E+000 -0.340188891217094E-004   0.553552095794820E-012 -0.207996053518241E-012  0.833372242630539E-006
     41.68000000 -0.000000000000000E+000 -0.000000000000000E+000 -0.129042652301414E-003 -0.000000000000000E+000 -0.000000000000000E+000 -0.341849980484524E-004  0.000000000000000E+000  0.000000000000000E+000 -0.129042652301414E-003 -0.000000000000000E+000 -0.000000000000000E+000 -0.341849980484524E-004   0.539139365646774E-012 -0.227765647406013E-012  0.970656019172330E-006
     41.76000000 -0.000000000000000E+000 -0.000000000000000E+000 -0.126295814264028E-003 -0.000000000000000E+000 -0.000000000000000E+000 -0.343354754673205E-004  0.000000000000000E+000  0.000000000000000E+000 -0.126295814264028E-003 -0.000000000000000E+000 -0.000000000000000E+000 -0.343354754673205E-004   0.521657454656174E-012 -0.249292658978429E-012  0.110725930518997E-005
     41.84000000 -0.000000000000000E+000 -0.000000000000000E+000 -0.123538185508872E-003 -0.000000000000000E+000 -0.000000000000000E+000 -0.344703594394558E-004  0.000000000000000E+000  0.000000000000000E+000 -0.123538185508872E-003 -0.000000000000000E+000 -0.000000000000000E+000 -0.344703594394558E-004   0.501250577774216E-012 -0.272041384444011E-012  0.124313868950690E-005
     41.92000000 -0.000000000000000E+000 -0.000000000000000E+000 -0.120771009847673E-003 -0.000000000000000E+000 -0.000000000000000E+000 -0.345896957649852E-004  0.000000000000000E+000  0.000000000000000E+000 -0.120771009847673E-003 -0.000000000000000E+000 -0.000000000000000E+000 -0.345896957649852E-004   0.478136408162898E-012 -0.295486566249016E-012  0.137825124561112E-005
     42.00000000 -0.000000000000000E+000 -0.000000000000000E+000 -0.117995526813416E-003 -0.000000000000000E+000 -0.000000000000000E+000 -0.346935379282059E-004  0.000000000000000E+000  0.000000000000000E+000 -0.117995526813416E-003 -0.000000000000000E+000 -0.000000000000000E+000 -0.346935379282059E-004   0.452567402047111E-012 -0.319189113054442E-012  0.151255454692217E-005
     42.08000000 -0.000000000000000E+000 -0.000000000000000E+000 -0.115212971050330E-003 -0.000000000000000E+000 -0.000000000000000E+000 -0.347819470385816E-004  0.000000000000000E+000  0.000000000000000E+000 -0.115212971050330E-003 -0.000000000000000E+000 -0.000000000000000E+000 -0.347819470385816E-004   0.424832294010133E-012 -0.342848174568706E-012  0.164600668183530E-005
     42.16000000 -0.000000000000000E+000 -0.000000000000000E+000 -0.112424571708916E-003 -0.000000000000000E+000 -0.000000000000000E+000 -0.348549917676705E-004  0.000000000000000E+000  0.000000000000000E+000 -0.112424571708916E-003 -0.000000000000000E+000 -0.000000000000000E+000 -0.348549917676705E-004   0.395244346199668E-012 -0.366322345229297E-012  0.177856626836271E-005
     42.24000000 -0.000000000000000E+000 -0.000000000000000E+000 -0.109631551846361E-003 -0.000000000000000E+000 -0.000000000000000E+000 -0.349127482819446E-004  0.000000000000000E+000  0.000000000000000E+000 -0.109631551846361E-003 -0.000000000000000E+000 -0.000000000000000E+000 -0.349127482819446E-004   0.364141895950330E-012 -0.389622863594848E-012  0.191019246822256E-005
     42.32000000 -0.000000000000000E+000 -0.000000000000000E+000 -0.106835127832629E-003 -0.000000000000000E+000 -0.000000000000000E+000 -0.349553001716508E-004  0.000000000000000E+000  0.000000000000000E+000 -0.106835127832629E-003 -0.000000000000000E+000 -0.000000000000000E+000 -0.349553001716508E-004   0.331892688576773E-012 -0.412846278621734E-012  0.204084500024531E-005
     42.40000000 -0.000000000000000E+000 -0.000000000000000E+000 -0.104036508762579E-003 -0.000000000000000E+000 -0.000000000000000E+000 -0.349827383756241E-004  0.000000000000000E+000  0.000000000000000E+000 -0.104036508762579E-003 -0.000000000000000E+000 -0.000000000000000E+000 -0.349827383756241E-004   0.298898494016964E-012 -0.436052006847764E-012  0.217048415296559E-005
     42.48000000 -0.000000000000000E+000 -0.000000000000000E+000 -0.101236895874398E-003 -0.000000000000000E+000 -0.000000000000000E+000 -0.349951611022569E-004  0.000000000000000E+000  0.000000000000000E+000 -0.101236895874398E-003 -0.000000000000000E+000 -0.000000000000000E+000 -0.349951611022569E-004   0.265582947956577E-012 -0.459138993854198E-012  0.229907079649800E-005
     42.56000000 -0.000000000000000E+000 -0.000000000000000E+000 -0.984374819746758E-004 -0.000000000000000E+000 -0.000000000000000E+000 -0.349926737465306E-004  0.000000000000000E+000  0.000000000000000E+000 -0.984374819746758E-004 -0.000000000000000E+000 -0.000000000000000E+000 -0.349926737465306E-004   0.232414653617358E-012 -0.481780075361170E-012  0.242656639367827E-005
     42.64000000 -0.000000000000000E+000 -0.000000000000000E+000 -0.956394508704104E-004 -0.000000000000000E+000 -0.000000000000000E+000 -0.349753888033163E-004  0.000000000000000E+000  0.000000000000000E+000 -0.956394508704104E-004 -0.000000000000000E+000 -0.000000000000000E+000 -0.349753888033163E-004   0.199896589955215E-012 -0.503418535136763E-012  0.255293301065944E-005
     42.72000000 -0.000000000000000E+000 -0.000000000000000E+000 -0.928439768082635E-004 -0.000000000000000E+000 -0.000000000000000E+000 -0.349434257768370E-004  0.000000000000000E+000  0.000000000000000E+000 -0.928439768082635E-004 -0.000000000000000E+000 -0.000000000000000E+000 -0.349434257768370E-004   0.168547530392564E-012 -0.523388806815534E-012  0.267813332703775E-005
     42.80000000 -0.000000000000000E+000 -0.000000000000000E+000 -0.900522239213429E-004 -0.000000000000000E+000 -0.000000000000000E+000 -0.348969110865067E-004  0.000000000000000E+000  0.000000000000000E+000 -0.900522239213429E-004 -0.000000000000000E+000 -0.000000000000000E+000 -0.348969110865067E-004   0.138870807756854E-012 -0.541057672408525E-012  0.280213064569866E-005
     42.88000000 -0.000000000000000E+000 -0.000000000000000E+000 -0.872653456838169E-004 -0.000000000000000E+000 -0.000000000000000E+000 -0.348359779690758E-004  0.000000000000000E+000  0.000000000000000E+000 -0.872653456838169E-004 -0.000000000000000E+000 -0.000000000000000E+000 -0.348359779690758E-004   0.111283328151105E-012 -0.555988472000493E-012  0.292488890246883E-005
     42.96000000 -0.000000000000000E+000 -0.000000000000000E+000 -0.844844843736343E-004 -0.000000000000000E+000 -0.000000000000000E+000 -0.347607663772820E-004  0.000000000000000E+000  0.000000000000000E+000 -0.844844843736343E-004 -0.000000000000000E+000 -0.000000000000000E+000 -0.347607663772820E-004   0.860853124273065E-013 -0.568015933024717E-012  0.304637267566715E-005
     43.04000000 -0.000000000000000E+000 -0.000000000000000E+000 -0.817107705436415E-004 -0.000000000000000E+000 -0.000000000000000E+000 -0.346714228749104E-004  0.000000000000000E+000  0.000000000000000E+000 -0.817107705436415E-004 -0.000000000000000E+000 -0.000000000000000E+000 -0.346714228749104E-004   0.634268949793474E-013 -0.577244732189276E-012  0.316654719563944E-005
     43.12000000 -0.000000000000000E+000 -0.000000000000000E+000 -0.789453225013619E-004 -0.000000000000000E+000 -0.000000000000000E+000 -0.345681005284954E-004  0.000000000000000E+000  0.000000000000000E+000 -0.789453225013619E-004 -0.000000000000000E+000 -0.000000000000000E+000 -0.345681005284954E-004   0.433294531620073E-013 -0.583978702094648E-012  0.328537835425445E-005
     43.20000000 -0.000000000000000E+000 -0.000000000000000E+000 -0.761892457977134E-004 -0.000000000000000E+000 -0.000000000000000E+000 -0.344509587956056E-004  0.000000000000000E+000  0.000000000000000E+000 -0.761892457977134E-004 -0.000000000000000E+000 -0.000000000000000E+000 -0.344509587956056E-004   0.257212951105216E-013 -0.588611053755955E-012  0.340283271431177E-005
     43.28000000 -0.000000000000000E+000 -0.000000000000000E+000 -0.734436327249252E-004 -0.000000000000000E+000 -0.000000000000000E+000 -0.343201634098524E-004  0.000000000000000E+000  0.000000000000000E+000 -0.734436327249252E-004 -0.000000000000000E+000 -0.000000000000000E+000 -0.343201634098524E-004   0.104818698409734E-013 -0.591536474660864E-012  0.351887751875726E-005
     43.36000000 -0.000000000000000E+000 -0.000000000000000E+000 -0.707095618239097E-004 -0.000000000000000E+000 -0.000000000000000E+000 -0.341758862626935E-004  0.000000000000000E+000  0.000000000000000E+000 -0.707095618239097E-004 -0.000000000000000E+000 -0.000000000000000E+000 -0.341758862626935E-004  -0.255756440933935E-014 -0.593084064088952E-012  0.363348069961150E-005
     43.44000000 -0.000000000000000E+000 -0.000000000000000E+000 -0.679880974013451E-004 -0.000000000000000E+000 -0.000000000000000E+000 -0.340183052820582E-004  0.000000000000000E+000  0.000000000000000E+000 -0.679880974013451E-004 -0.000000000000000E+000 -0.000000000000000E+000 -0.340183052820582E-004  -0.136015117615835E-013 -0.593499345143577E-012  0.374661088647621E-005
     43.52000000 -0.000000000000000E+000 -0.000000000000000E+000 -0.652802890567112E-004 -0.000000000000000E+000 -0.000000000000000E+000 -0.338476043079236E-004  0.000000000000000E+000  0.000000000000000E+000 -0.652802890567112E-004 -0.000000000000000E+000 -0.000000000000000E+000 -0.338476043079236E-004  -0.229022113492424E-013 -0.592932773714690E-012  0.385823741464648E-005
     43.60000000 -0.000000000000000E+000 -0.000000000000000E+000 -0.625871712195203E-004 -0.000000000000000E+000 -0.000000000000000E+000 -0.336639729648861E-004  0.000000000000000E+000  0.000000000000000E+000 -0.625871712195203E-004 -0.000000000000000E+000 -0.000000000000000E+000 -0.336639729648861E-004  -0.307460182831876E-013 -0.591458256501355E-012  0.396833033280000E-005
     43.68000000 -0.000000000000000E+000 -0.000000000000000E+000 -0.599097626969723E-004 -0.000000000000000E+000 -0.000000000000000E+000 -0.334676065318506E-004  0.000000000000000E+000  0.000000000000000E+000 -0.599097626969723E-004 -0.000000000000000E+000 -0.000000000000000E+000 -0.334676065318506E-004  -0.374483365123585E-013 -0.589092065822151E-012  0.407686041031918E-005
     43.76000000 -0.000000000000000E+000 -0.000000000000000E+000 -0.572490662322640E-004 -0.000000000000000E+000 -0.000000000000000E+000 -0.332587058088533E-004  0.000000000000000E+000  0.000000000000000E+000 -0.572490662322640E-004 -0.000000000000000E+000 -0.000000000000000E+000 -0.332587058088533E-004  -0.433249815809640E-013 -0.585850548785526E-012  0.418379914435759E-005
     43.84000000 -0.000000000000000E+000 -0.000000000000000E+000 -0.546060680737713E-004 -0.000000000000000E+000 -0.000000000000000E+000 -0.330374769811590E-004  0.000000000000000E+000  0.000000000000000E+000 -0.546060680737713E-004 -0.000000000000000E+000 -0.000000000000000E+000 -0.330374769811590E-004  -0.487125505787430E-013 -0.581825320475056E-012  0.428911876660228E-005
     43.92000000 -0.000000000000000E+000 -0.000000000000000E+000 -0.519817375553163E-004 -0.000000000000000E+000 -0.000000000000000E+000 -0.328041314806870E-004  0.000000000000000E+000  0.000000000000000E+000 -0.519817375553163E-004 -0.000000000000000E+000 -0.000000000000000E+000 -0.328041314806870E-004  -0.539892194977766E-013 -0.577250925694187E-012  0.439279224980492E-005
     44.00000000 -0.000000000000000E+000 -0.000000000000000E+000 -0.493770266877256E-004 -0.000000000000000E+000 -0.000000000000000E+000 -0.325588858448843E-004  0.000000000000000E+000  0.000000000000000E+000 -0.493770266877256E-004 -0.000000000000000E+000 -0.000000000000000E+000 -0.325588858448843E-004  -0.595850991200443E-013 -0.572548747397408E-012  0.449479331405180E-005
     44.08000000 -0.000000000000000E+000 -0.000000000000000E+000 -0.467928697618791E-004 -0.000000000000000E+000 -0.000000000000000E+000 -0.323019615730812E-004  0.000000000000000E+000  0.000000000000000E+000 -0.467928697618791E-004 -0.000000000000000E+000 -0.000000000000000E+000 -0.323019615730812E-004  -0.659876602948228E-013 -0.568273594674899E-012  0.459509643274948E-005
     44.16000000 -0.000000000000000E+000 -0.000000000000000E+000 -0.442301829634419E-004 -0.000000000000000E+000 -0.000000000000000E+000 -0.320335849804645E-004  0.000000000000000E+000  0.000000000000000E+000 -0.442301829634419E-004 -0.000000000000000E+000 -0.000000000000000E+000 -0.320335849804645E-004  -0.736935589711823E-013 -0.565022290203940E-012  0.469367683833856E-005
     44.24000000 -0.000000000000000E+000 -0.000000000000000E+000 -0.416898639994635E-004 -0.000000000000000E+000 -0.000000000000000E+000 -0.317539870497299E-004  0.000000000000000E+000  0.000000000000000E+000 -0.416898639994635E-004 -0.000000000000000E+000 -0.000000000000000E+000 -0.317539870497299E-004  -0.831415760348640E-013 -0.563281026127774E-012  0.479051052770484E-005
     44.32000000 -0.000000000000000E+000 -0.000000000000000E+000 -0.391727917370197E-004 -0.000000000000000E+000 -0.000000000000000E+000 -0.314634032805484E-004  0.000000000000000E+000  0.000000000000000E+000 -0.391727917370197E-004 -0.000000000000000E+000 -0.000000000000000E+000 -0.314634032805484E-004  -0.946565969333896E-013 -0.563331534388703E-012  0.488557426727821E-005
     44.40000000 -0.000000000000000E+000 -0.000000000000000E+000 -0.366798258540705E-004 -0.000000000000000E+000 -0.000000000000000E+000 -0.311620735368648E-004  0.000000000000000E+000  0.000000000000000E+000 -0.366798258540705E-004 -0.000000000000000E+000 -0.000000000000000E+000 -0.311620735368648E-004  -0.108424904666137E-012 -0.565202017544766E-012  0.497884559777760E-005
     44.48000000 -0.000000000000000E+000 -0.000000000000000E+000 -0.342118065026947E-004 -0.000000000000000E+000 -0.000000000000000E+000 -0.308502418921965E-004  0.000000000000000E+000  0.000000000000000E+000 -0.342118065026947E-004 -0.000000000000000E+000 -0.000000000000000E+000 -0.308502418921965E-004  -0.124505821405169E-012 -0.568720156468037E-012  0.507030283854948E-005
     44.56000000 -0.000000000000000E+000 -0.000000000000000E+000 -0.317695539848569E-004 -0.000000000000000E+000 -0.000000000000000E+000 -0.305281564729726E-004  0.000000000000000E+000  0.000000000000000E+000 -0.317695539848569E-004 -0.000000000000000E+000 -0.000000000000000E+000 -0.305281564729726E-004  -0.142862988229853E-012 -0.573616332414791E-012  0.515992509146735E-005
     44.64000000 -0.000000000000000E+000 -0.000000000000000E+000 -0.293538684408515E-004 -0.000000000000000E+000 -0.000000000000000E+000 -0.301960693000685E-004  0.000000000000000E+000  0.000000000000000E+000 -0.293538684408515E-004 -0.000000000000000E+000 -0.000000000000000E+000 -0.301960693000685E-004  -0.163398605837694E-012 -0.579616858624403E-012  0.524769224433837E-005
     44.72000000 -0.000000000000000E+000 -0.000000000000000E+000 -0.269655295505672E-004 -0.000000000000000E+000 -0.000000000000000E+000 -0.298542361285533E-004  0.000000000000000E+000  0.000000000000000E+000 -0.269655295505672E-004 -0.000000000000000E+000 -0.000000000000000E+000 -0.298542361285533E-004  -0.185963753036956E-012 -0.586495751475027E-012  0.533358497383388E-005
     44.80000000 -0.000000000000000E+000 -0.000000000000000E+000 -0.246052962477014E-004 -0.000000000000000E+000 -0.000000000000000E+000 -0.295029162858228E-004  0.000000000000000E+000  0.000000000000000E+000 -0.246052962477014E-004 -0.000000000000000E+000 -0.000000000000000E+000 -0.295029162858228E-004  -0.210343883283850E-012 -0.594086144974108E-012  0.541758474792558E-005
     44.88000000 -0.000000000000000E+000 -0.000000000000000E+000 -0.222739064470487E-004 -0.000000000000000E+000 -0.000000000000000E+000 -0.291423725081587E-004  0.000000000000000E+000  0.000000000000000E+000 -0.222739064470487E-004 -0.000000000000000E+000 -0.000000000000000E+000 -0.291423725081587E-004  -0.236272383734979E-012 -0.602255963219219E-012  0.549967382785508E-005
     44.96000000 -0.000000000000000E+000 -0.000000000000000E+000 -0.199720767849784E-004 -0.000000000000000E+000 -0.000000000000000E+000 -0.287728707758786E-004  0.000000000000000E+000  0.000000000000000E+000 -0.199720767849784E-004 -0.000000000000000E+000 -0.000000000000000E+000 -0.287728707758786E-004  -0.263439049341404E-012 -0.610896329975671E-012  0.557983526965116E-005
     45.04000000 -0.000000000000000E+000 -0.000000000000000E+000 -0.177005023732110E-004 -0.000000000000000E+000 -0.000000000000000E+000 -0.283946801470917E-004  0.000000000000000E+000  0.000000000000000E+000 -0.177005023732110E-004 -0.000000000000000E+000 -0.000000000000000E+000 -0.283946801470917E-004  -0.291511056388309E-012 -0.619910008872792E-012  0.565805292525708E-005
     45.12000000 -0.000000000000000E+000 -0.000000000000000E+000 -0.154598565659922E-004 -0.000000000000000E+000 -0.000000000000000E+000 -0.280080725902357E-004  0.000000000000000E+000  0.000000000000000E+000 -0.154598565659922E-004 -0.000000000000000E+000 -0.000000000000000E+000 -0.280080725902357E-004  -0.320178758492041E-012 -0.629196182661067E-012  0.573431144326850E-005
     45.20000000 -0.000000000000000E+000 -0.000000000000000E+000 -0.132507907407553E-004 -0.000000000000000E+000 -0.000000000000000E+000 -0.276133228154613E-004  0.000000000000000E+000  0.000000000000000E+000 -0.132507907407553E-004 -0.000000000000000E+000 -0.000000000000000E+000 -0.276133228154613E-004  -0.349150228696258E-012 -0.638636645696695E-012  0.580859626941448E-005
     45.28000000 -0.000000000000000E+000 -0.000000000000000E+000 -0.110739340923590E-004 -0.000000000000000E+000 -0.000000000000000E+000 -0.272107081049538E-004  0.000000000000000E+000  0.000000000000000E+000 -0.110739340923590E-004 -0.000000000000000E+000 -0.000000000000000E+000 -0.272107081049538E-004  -0.378134682221491E-012 -0.648037507746028E-012  0.588089364680004E-005
     45.36000000 -0.000000000000000E+000 -0.000000000000000E+000 -0.892989344097045E-005 -0.000000000000000E+000 -0.000000000000000E+000 -0.268005081423567E-004  0.000000000000000E+000  0.000000000000000E+000 -0.892989344097045E-005 -0.000000000000000E+000 -0.000000000000000E+000 -0.268005081423567E-004  -0.406806042503664E-012 -0.657097952398801E-012  0.595119061603920E-005
     45.44000000 -0.000000000000000E+000 -0.000000000000000E+000 -0.681925305366680E-005 -0.000000000000000E+000 -0.000000000000000E+000 -0.263830048412956E-004  0.000000000000000E+000  0.000000000000000E+000 -0.681925305366680E-005 -0.000000000000000E+000 -0.000000000000000E+000 -0.263830048412956E-004  -0.434773580396932E-012 -0.665404184358920E-012  0.601947501524588E-005
     45.52000000 -0.000000000000000E+000 -0.000000000000000E+000 -0.474257447980990E-005 -0.000000000000000E+000 -0.000000000000000E+000 -0.259584821732113E-004  0.000000000000000E+000  0.000000000000000E+000 -0.474257447980990E-005 -0.000000000000000E+000 -0.000000000000000E+000 -0.259584821732113E-004  -0.461591127382417E-012 -0.672473299476815E-012  0.608573547993359E-005
     45.60000000 -0.000000000000000E+000 -0.000000000000000E+000 -0.270039640024792E-005 -0.000000000000000E+000 -0.000000000000000E+000 -0.255272259945247E-004  0.000000000000000E+000  0.000000000000000E+000 -0.270039640024792E-005 -0.000000000000000E+000 -0.000000000000000E+000 -0.255272259945247E-004  -0.486797364721718E-012 -0.677846162476794E-012  0.614996144270992E-005
     45.68000000 -0.000000000000000E+000 -0.000000000000000E+000 -0.693234490382637E-006 -0.000000000000000E+000 -0.000000000000000E+000 -0.250895238733160E-004  0.000000000000000E+000  0.000000000000000E+000 -0.693234490382637E-006 -0.000000000000000E+000 -0.000000000000000E+000 -0.250895238733160E-004  -0.509983586343661E-012 -0.681197610586472E-012  0.621214313271688E-005
     45.76000000  0.000000000000000E+000  0.000000000000000E+000  0.127841870285895E-005 -0.000000000000000E+000 -0.000000000000000E+000 -0.246456649155198E-004  0.000000000000000E+000  0.000000000000000E+000  0.127841870285895E-005 -0.000000000000000E+000 -0.000000000000000E+000 -0.246456649155198E-004  -0.530840517053255E-012 -0.682373167332844E-012  0.627227157473072E-005
     45.84000000  0.000000000000000E+000  0.000000000000000E+000  0.321409387012629E-005 -0.000000000000000E+000 -0.000000000000000E+000 -0.241959395908418E-004  0.000000000000000E+000  0.000000000000000E+000  0.321409387012629E-005 -0.000000000000000E+000 -0.000000000000000E+000 -0.241959395908418E-004  -0.549192665176354E-012 -0.681394826208729E-012  0.633033858795793E-005
     45.92000000  0.000000000000000E+000  0.000000000000000E+000  0.511334503480014E-005 -0.000000000000000E+000 -0.000000000000000E+000 -0.237406395584231E-004  0.000000000000000E+000  0.000000000000000E+000  0.511334503480014E-005 -0.000000000000000E+000 -0.000000000000000E+000 -0.237406395584231E-004  -0.564985363081058E-012 -0.678392856112933E-012  0.638633678452591E-005
     46.00000000  0.000000000000000E+000  0.000000000000000E+000  0.697574963419467E-005 -0.000000000000000E+000 -0.000000000000000E+000 -0.232800574924316E-004  0.000000000000000E+000  0.000000000000000E+000  0.697574963419467E-005 -0.000000000000000E+000 -0.000000000000000E+000 -0.232800574924316E-004  -0.578250199951358E-012 -0.673529583443359E-012  0.644025956781297E-005
     46.08000000  0.000000000000000E+000  0.000000000000000E+000  0.880090858680157E-005 -0.000000000000000E+000 -0.000000000000000E+000 -0.228144869075862E-004  0.000000000000000E+000  0.000000000000000E+000  0.880090858680157E-005 -0.000000000000000E+000 -0.000000000000000E+000 -0.228144869075862E-004  -0.589093610559274E-012 -0.666943506996415E-012  0.649210113069720E-005
     46.16000000  0.000000000000000E+000  0.000000000000000E+000  0.105884463455869E-004 -0.000000000000000E+000 -0.000000000000000E+000 -0.223442219848162E-004  0.000000000000000E+000  0.000000000000000E+000  0.105884463455869E-004 -0.000000000000000E+000 -0.000000000000000E+000 -0.223442219848162E-004  -0.597692595426973E-012 -0.658747316286376E-012  0.654185645382621E-005
     46.24000000  0.000000000000000E+000  0.000000000000000E+000  0.123380109373535E-004 -0.000000000000000E+000 -0.000000000000000E+000 -0.218695573970835E-004  0.000000000000000E+000  0.000000000000000E+000  0.123380109373535E-004 -0.000000000000000E+000 -0.000000000000000E+000 -0.218695573970835E-004  -0.604306746184894E-012 -0.649045093717910E-012  0.658952130391926E-005
     46.32000000  0.000000000000000E+000  0.000000000000000E+000  0.140492739881969E-004 -0.000000000000000E+000 -0.000000000000000E+000 -0.213907881355421E-004  0.000000000000000E+000  0.000000000000000E+000  0.140492739881969E-004 -0.000000000000000E+000 -0.000000000000000E+000 -0.213907881355421E-004  -0.609281956203486E-012 -0.637974435840477E-012  0.663509223213493E-005
     46.40000000  0.000000000000000E+000  0.000000000000000E+000  0.157219307350807E-004 -0.000000000000000E+000 -0.000000000000000E+000 -0.209082093360480E-004  0.000000000000000E+000  0.000000000000000E+000  0.157219307350807E-004 -0.000000000000000E+000 -0.000000000000000E+000 -0.209082093360480E-004  -0.613020076986854E-012 -0.625711279051892E-012  0.667856657248149E-005
     46.48000000  0.000000000000000E+000  0.000000000000000E+000  0.173557000235777E-004 -0.000000000000000E+000 -0.000000000000000E+000 -0.204221161062115E-004  0.000000000000000E+000  0.000000000000000E+000  0.173557000235777E-004 -0.000000000000000E+000 -0.000000000000000E+000 -0.204221161062115E-004  -0.615923168597437E-012 -0.612477610233351E-012  0.671994244024177E-005
     46.56000000  0.000000000000000E+000  0.000000000000000E+000  0.189503242918197E-004 -0.000000000000000E+000 -0.000000000000000E+000 -0.199328033530248E-004  0.000000000000000E+000  0.000000000000000E+000  0.189503242918197E-004 -0.000000000000000E+000 -0.000000000000000E+000 -0.199328033530248E-004  -0.618340188029741E-012 -0.598498765246097E-012  0.675921873045977E-005
     46.64000000  0.000000000000000E+000  0.000000000000000E+000  0.205055695407182E-004 -0.000000000000000E+000 -0.000000000000000E+000 -0.194405656112319E-004  0.000000000000000E+000  0.000000000000000E+000  0.205055695407182E-004 -0.000000000000000E+000 -0.000000000000000E+000 -0.194405656112319E-004  -0.620534216188001E-012 -0.584001540361660E-012  0.679639511646263E-005
     46.72000000  0.000000000000000E+000  0.000000000000000E+000  0.220212252905150E-004 -0.000000000000000E+000 -0.000000000000000E+000 -0.189456968724604E-004  0.000000000000000E+000  0.000000000000000E+000  0.220212252905150E-004 -0.000000000000000E+000 -0.000000000000000E+000 -0.189456968724604E-004  -0.622710946804100E-012 -0.569215960113733E-012  0.683147204846156E-005
     46.80000000  0.000000000000000E+000  0.000000000000000E+000  0.234971045237385E-004 -0.000000000000000E+000 -0.000000000000000E+000 -0.184484904152936E-004  0.000000000000000E+000  0.000000000000000E+000  0.234971045237385E-004 -0.000000000000000E+000 -0.000000000000000E+000 -0.184484904152936E-004  -0.625069141241310E-012 -0.554395382723179E-012  0.686445075222568E-005
     46.88000000  0.000000000000000E+000  0.000000000000000E+000  0.249330436146446E-004 -0.000000000000000E+000 -0.000000000000000E+000 -0.179492386363259E-004  0.000000000000000E+000  0.000000000000000E+000  0.249330436146446E-004 -0.000000000000000E+000 -0.000000000000000E+000 -0.179492386363259E-004  -0.627856064604675E-012 -0.539836797768152E-012  0.689533322782900E-005
     46.96000000  0.000000000000000E+000  0.000000000000000E+000  0.263289022452329E-004 -0.000000000000000E+000 -0.000000000000000E+000 -0.174482328823536E-004  0.000000000000000E+000  0.000000000000000E+000  0.263289022452329E-004 -0.000000000000000E+000 -0.000000000000000E+000 -0.174482328823536E-004  -0.631383691551819E-012 -0.525856050156669E-012  0.692412224844559E-005
     47.04000000  0.000000000000000E+000  0.000000000000000E+000  0.276845633079312E-004 -0.000000000000000E+000 -0.000000000000000E+000 -0.169457632837290E-004  0.000000000000000E+000  0.000000000000000E+000  0.276845633079312E-004 -0.000000000000000E+000 -0.000000000000000E+000 -0.169457632837290E-004  -0.635989902646996E-012 -0.512751430760463E-012  0.695082135920215E-005
     47.12000000  0.000000000000000E+000  0.000000000000000E+000  0.289999327950547E-004 -0.000000000000000E+000 -0.000000000000000E+000 -0.164421185890432E-004  0.000000000000000E+000  0.000000000000000E+000  0.289999327950547E-004 -0.000000000000000E+000 -0.000000000000000E+000 -0.164421185890432E-004  -0.641993482190782E-012 -0.500741493655798E-012  0.697543487606873E-005
     47.20000000  0.000000000000000E+000  0.000000000000000E+000  0.302749396751504E-004 -0.000000000000000E+000 -0.000000000000000E+000 -0.159375860011964E-004  0.000000000000000E+000  0.000000000000000E+000  0.302749396751504E-004 -0.000000000000000E+000 -0.000000000000000E+000 -0.159375860011964E-004  -0.649633792659051E-012 -0.489940021845112E-012  0.699796788482231E-005
     47.28000000  0.000000000000000E+000  0.000000000000000E+000  0.315095357563462E-004 -0.000000000000000E+000 -0.000000000000000E+000 -0.154324510149480E-004  0.000000000000000E+000  0.000000000000000E+000  0.315095357563462E-004 -0.000000000000000E+000 -0.000000000000000E+000 -0.154324510149480E-004  -0.659055552705259E-012 -0.480356083223936E-012  0.701842624011998E-005
     47.36000000  0.000000000000000E+000  0.000000000000000E+000  0.327036955368329E-004 -0.000000000000000E+000 -0.000000000000000E+000 -0.149269972560830E-004  0.000000000000000E+000  0.000000000000000E+000  0.327036955368329E-004 -0.000000000000000E+000 -0.000000000000000E+000 -0.149269972560830E-004  -0.670305860874891E-012 -0.471933020950550E-012  0.703681656475159E-005
     47.44000000  0.000000000000000E+000  0.000000000000000E+000  0.338574160426100E-004 -0.000000000000000E+000 -0.000000000000000E+000 -0.144215063222139E-004  0.000000000000000E+000  0.000000000000000E+000  0.338574160426100E-004 -0.000000000000000E+000 -0.000000000000000E+000 -0.144215063222139E-004  -0.683336443568161E-012 -0.464598223847096E-012  0.705314624915546E-005
     47.52000000  0.000000000000000E+000  0.000000000000000E+000  0.349707166526411E-004 -0.000000000000000E+000 -0.000000000000000E+000 -0.139162576253889E-004  0.000000000000000E+000  0.000000000000000E+000  0.349707166526411E-004 -0.000000000000000E+000 -0.000000000000000E+000 -0.139162576253889E-004  -0.697997817414431E-012 -0.458273545783238E-012  0.706742345127115E-005
     47.60000000  0.000000000000000E+000  0.000000000000000E+000  0.360436389115639E-004 -0.000000000000000E+000 -0.000000000000000E+000 -0.134115282365348E-004  0.000000000000000E+000  0.000000000000000E+000  0.360436389115639E-004 -0.000000000000000E+000 -0.000000000000000E+000 -0.134115282365348E-004  -0.714001833349788E-012 -0.452858798196139E-012  0.707965709681893E-005
     47.68000000  0.000000000000000E+000  0.000000000000000E+000  0.370762463301141E-004 -0.000000000000000E+000 -0.000000000000000E+000 -0.129075927318786E-004  0.000000000000000E+000  0.000000000000000E+000  0.370762463301141E-004 -0.000000000000000E+000 -0.000000000000000E+000 -0.129075927318786E-004  -0.730919941391632E-012 -0.448187340466750E-012  0.708985688000246E-005
     47.76000000  0.000000000000000E+000  0.000000000000000E+000  0.380686241734241E-004 -0.000000000000000E+000 -0.000000000000000E+000 -0.124047230413746E-004  0.000000000000000E+000  0.000000000000000E+000  0.380686241734241E-004 -0.000000000000000E+000 -0.000000000000000E+000 -0.124047230413746E-004  -0.748204656084875E-012 -0.443997615597224E-012  0.709803326464193E-005
     47.84000000  0.000000000000000E+000  0.000000000000000E+000  0.390208792373668E-004 -0.000000000000000E+000 -0.000000000000000E+000 -0.119031882992832E-004  0.000000000000000E+000  0.000000000000000E+000  0.390208792373668E-004 -0.000000000000000E+000 -0.000000000000000E+000 -0.119031882992832E-004  -0.765264205578328E-012 -0.439942397049994E-012  0.710419748557120E-005
     47.92000000  0.000000000000000E+000  0.000000000000000E+000  0.399331396131220E-004 -0.000000000000000E+000 -0.000000000000000E+000 -0.114032546969401E-004  0.000000000000000E+000  0.000000000000000E+000  0.399331396131220E-004 -0.000000000000000E+000 -0.000000000000000E+000 -0.114032546969401E-004  -0.781553605109138E-012 -0.435648226116322E-012  0.710836155014951E-005
     48.00000000  0.000000000000000E+000  0.000000000000000E+000  0.408055544401495E-004 -0.000000000000000E+000 -0.000000000000000E+000 -0.109051853378442E-004  0.000000000000000E+000  0.000000000000000E+000  0.408055544401495E-004 -0.000000000000000E+000 -0.000000000000000E+000 -0.109051853378442E-004  -0.796653863743857E-012 -0.430782099384918E-012  0.711053823963274E-005
     48.08000000  0.000000000000000E+000  0.000000000000000E+000  0.416382936477571E-004 -0.000000000000000E+000 -0.000000000000000E+000 -0.104092400950953E-004  0.000000000000000E+000  0.000000000000000E+000  0.416382936477571E-004 -0.000000000000000E+000 -0.000000000000000E+000 -0.104092400950953E-004  -0.810291598147884E-012 -0.425097219312925E-012  0.711074111012477E-005
     48.16000000  0.000000000000000E+000  0.000000000000000E+000  0.424315476854618E-004 -0.000000000000000E+000 -0.000000000000000E+000 -0.991567547130792E-005  0.000000000000000E+000  0.000000000000000E+000  0.424315476854618E-004 -0.000000000000000E+000 -0.000000000000000E+000 -0.991567547130792E-005  -0.822312862153579E-012 -0.418427283592530E-012  0.710898449283947E-005
     48.24000000  0.000000000000000E+000  0.000000000000000E+000  0.431855272423460E-004 -0.000000000000000E+000 -0.000000000000000E+000 -0.942474446105325E-005  0.000000000000000E+000  0.000000000000000E+000  0.431855272423460E-004 -0.000000000000000E+000 -0.000000000000000E+000 -0.942474446105325E-005  -0.832597136650562E-012 -0.410653156475012E-012  0.710528349347624E-005
     48.32000000  0.000000000000000E+000  0.000000000000000E+000  0.439004629556202E-004 -0.000000000000000E+000 -0.000000000000000E+000 -0.893669641592654E-005  0.000000000000000E+000  0.000000000000000E+000  0.439004629556202E-004 -0.000000000000000E+000 -0.000000000000000E+000 -0.893669641592654E-005  -0.841007236182696E-012 -0.401652381842499E-012  0.709965399053730E-005
     48.40000000  0.000000000000000E+000  0.000000000000000E+000  0.445766051086035E-004 -0.000000000000000E+000 -0.000000000000000E+000 -0.845177691229148E-005  0.000000000000000E+000  0.000000000000000E+000  0.445766051086035E-004 -0.000000000000000E+000 -0.000000000000000E+000 -0.845177691229148E-005  -0.847353483595469E-012 -0.391278156713054E-012  0.709211263254381E-005
     48.48000000  0.000000000000000E+000  0.000000000000000E+000  0.452142233183471E-004 -0.000000000000000E+000 -0.000000000000000E+000 -0.797022762179539E-005  0.000000000000000E+000  0.000000000000000E+000  0.452142233183471E-004 -0.000000000000000E+000 -0.000000000000000E+000 -0.797022762179539E-005  -0.851408664496789E-012 -0.379372316820447E-012  0.708267683409243E-005
     48.56000000  0.000000000000000E+000  0.000000000000000E+000  0.458136062131251E-004 -0.000000000000000E+000 -0.000000000000000E+000 -0.749228618472461E-005  0.000000000000000E+000  0.000000000000000E+000  0.458136062131251E-004 -0.000000000000000E+000 -0.000000000000000E+000 -0.749228618472461E-005  -0.852934637393090E-012 -0.365797639564578E-012  0.707136477082393E-005
     48.64000000  0.000000000000000E+000  0.000000000000000E+000  0.463750611000265E-004 -0.000000000000000E+000 -0.000000000000000E+000 -0.701818608626781E-005  0.000000000000000E+000  0.000000000000000E+000  0.463750611000265E-004 -0.000000000000000E+000 -0.000000000000000E+000 -0.701818608626781E-005  -0.851729615695872E-012 -0.350468236557513E-012  0.705819537328960E-005
     48.72000000  0.000000000000000E+000  0.000000000000000E+000  0.468989136228864E-004 -0.000000000000000E+000 -0.000000000000000E+000 -0.654815653574941E-005  0.000000000000000E+000  0.000000000000000E+000  0.468989136228864E-004 -0.000000000000000E+000 -0.000000000000000E+000 -0.654815653574941E-005  -0.847657551859333E-012 -0.333366777379666E-012  0.704318831976101E-005
     48.80000000  0.000000000000000E+000  0.000000000000000E+000  0.473855074107994E-004 -0.000000000000000E+000 -0.000000000000000E+000 -0.608242234891181E-005  0.000000000000000E+000  0.000000000000000E+000  0.473855074107994E-004 -0.000000000000000E+000 -0.000000000000000E+000 -0.608242234891181E-005  -0.840658822293168E-012 -0.314533112986165E-012  0.702636402793387E-005
     48.88000000  0.000000000000000E+000  0.000000000000000E+000  0.478352037174638E-004 -0.000000000000000E+000 -0.000000000000000E+000 -0.562120383330485E-005  0.000000000000000E+000  0.000000000000000E+000  0.478352037174638E-004 -0.000000000000000E+000 -0.000000000000000E+000 -0.562120383330485E-005  -0.830792595323159E-012 -0.294060185102412E-012  0.700774364546790E-005
     48.96000000  0.000000000000000E+000  0.000000000000000E+000  0.482483810516118E-004 -0.000000000000000E+000 -0.000000000000000E+000 -0.516471667685035E-005  0.000000000000000E+000  0.000000000000000E+000  0.482483810516118E-004 -0.000000000000000E+000 -0.000000000000000E+000 -0.516471667685035E-005  -0.818259628298659E-012 -0.272109032636228E-012  0.698734903923272E-005
     49.04000000  0.000000000000000E+000  0.000000000000000E+000  0.486254347987824E-004 -0.000000000000000E+000 -0.000000000000000E+000 -0.471317183963191E-005  0.000000000000000E+000  0.000000000000000E+000  0.486254347987824E-004 -0.000000000000000E+000 -0.000000000000000E+000 -0.471317183963191E-005  -0.803435279791938E-012 -0.248932969637280E-012  0.696520278311411E-005
     49.12000000  0.000000000000000E+000  0.000000000000000E+000  0.489667768347008E-004 -0.000000000000000E+000 -0.000000000000000E+000 -0.426677544897987E-005  0.000000000000000E+000  0.000000000000000E+000  0.489667768347008E-004 -0.000000000000000E+000 -0.000000000000000E+000 -0.426677544897987E-005  -0.786874900241342E-012 -0.224913124791758E-012  0.694132814422176E-005
     49.20000000  0.000000000000000E+000  0.000000000000000E+000  0.492728351305333E-004 -0.000000000000000E+000 -0.000000000000000E+000 -0.382572869790688E-005  0.000000000000000E+000  0.000000000000000E+000  0.492728351305333E-004 -0.000000000000000E+000 -0.000000000000000E+000 -0.382572869790688E-005  -0.769266797654829E-012 -0.200541260080593E-012  0.691574906733636E-005
     49.28000000  0.000000000000000E+000  0.000000000000000E+000  0.495440533502886E-004 -0.000000000000000E+000 -0.000000000000000E+000 -0.339022774694073E-005  0.000000000000000E+000  0.000000000000000E+000  0.495440533502886E-004 -0.000000000000000E+000 -0.000000000000000E+000 -0.339022774694073E-005  -0.751342128613713E-012 -0.176383205559243E-012  0.688849015754844E-005
     49.36000000  0.000000000000000E+000  0.000000000000000E+000  0.497808904406422E-004 -0.000000000000000E+000 -0.000000000000000E+000 -0.296046362941991E-005  0.000000000000000E+000  0.000000000000000E+000  0.497808904406422E-004 -0.000000000000000E+000 -0.000000000000000E+000 -0.296046362941991E-005  -0.733757858397176E-012 -0.152972261955343E-012  0.685957666110470E-005
     49.44000000  0.000000000000000E+000  0.000000000000000E+000  0.499838202134650E-004 -0.000000000000000E+000 -0.000000000000000E+000 -0.253662216028520E-005  0.000000000000000E+000  0.000000000000000E+000  0.499838202134650E-004 -0.000000000000000E+000 -0.000000000000000E+000 -0.253662216028520E-005  -0.717013018662105E-012 -0.130735885261387E-012  0.682903444456786E-005
     49.52000000  0.000000000000000E+000  0.000000000000000E+000  0.501533309213397E-004 -0.000000000000000E+000 -0.000000000000000E+000 -0.211888384843380E-005  0.000000000000000E+000  0.000000000000000E+000  0.501533309213397E-004 -0.000000000000000E+000 -0.000000000000000E+000 -0.211888384843380E-005  -0.701404116115128E-012 -0.109943888223017E-012  0.679688997252775E-005
     49.60000000  0.000000000000000E+000  0.000000000000000E+000  0.502899248263533E-004 -0.000000000000000E+000 -0.000000000000000E+000 -0.170742381266977E-005  0.000000000000000E+000  0.000000000000000E+000  0.502899248263533E-004 -0.000000000000000E+000 -0.000000000000000E+000 -0.170742381266977E-005  -0.687071325046566E-012 -0.907142676747247E-013  0.676317028410842E-005
     49.68000000  0.000000000000000E+000  0.000000000000000E+000  0.503941177624572E-004 -0.000000000000000E+000 -0.000000000000000E+000 -0.130241170129967E-005  0.000000000000000E+000  0.000000000000000E+000  0.503941177624572E-004 -0.000000000000000E+000 -0.000000000000000E+000 -0.130241170129967E-005  -0.674075415992079E-012 -0.730815594712685E-013  0.672790296851119E-005
     49.76000000  0.000000000000000E+000  0.000000000000000E+000  0.504664386916901E-004 -0.000000000000000E+000 -0.000000000000000E+000 -0.904011615410714E-006  0.000000000000000E+000  0.000000000000000E+000  0.504664386916901E-004 -0.000000000000000E+000 -0.000000000000000E+000 -0.904011615410714E-006  -0.662474392764003E-012 -0.570819235119095E-013  0.669111613985125E-005
     49.84000000  0.000000000000000E+000  0.000000000000000E+000  0.505074292545600E-004 -0.000000000000000E+000 -0.000000000000000E+000 -0.512382035873854E-006  0.000000000000000E+000  0.000000000000000E+000  0.505074292545600E-004 -0.000000000000000E+000 -0.000000000000000E+000 -0.512382035873854E-006  -0.652386166113187E-012 -0.427968639420463E-013  0.665283841137667E-005
     49.92000000  0.000000000000000E+000  0.000000000000000E+000  0.505176433148889E-004 -0.000000000000000E+000 -0.000000000000000E+000 -0.127675754111573E-006  0.000000000000000E+000  0.000000000000000E+000  0.505176433148889E-004 -0.000000000000000E+000 -0.000000000000000E+000 -0.127675754111573E-006  -0.643985580957061E-012 -0.303717785473271E-013  0.661309886918297E-005
     50.00000000  0.000000000000000E+000  0.000000000000000E+000  0.504976464994215E-004 -0.000000000000000E+000 -0.000000000000000E+000  0.249960193342280E-006  0.000000000000000E+000  0.000000000000000E+000  0.504976464994215E-004 -0.000000000000000E+000 -0.000000000000000E+000  0.249960193342280E-006  -0.637473413216963E-012 -0.199709927234104E-013  0.657192704537930E-005
     50.08000000  0.000000000000000E+000  0.000000000000000E+000  0.504480157325049E-004 -0.000000000000000E+000 -0.000000000000000E+000  0.620384586458465E-006  0.000000000000000E+000  0.000000000000000E+000  0.504480157325049E-004 -0.000000000000000E+000 -0.000000000000000E+000  0.620384586458465E-006  -0.633031241408537E-012 -0.117266915458581E-013  0.652935289066776E-005
     50.16000000  0.000000000000000E+000  0.000000000000000E+000  0.503693387661481E-004 -0.000000000000000E+000 -0.000000000000000E+000  0.983462079459748E-006  0.000000000000000E+000  0.000000000000000E+000  0.503693387661481E-004 -0.000000000000000E+000 -0.000000000000000E+000  0.983462079459748E-006  -0.630779813529290E-012 -0.569114384926589E-014  0.648540674629236E-005
     50.24000000  0.000000000000000E+000  0.000000000000000E+000  0.502622137057725E-004 -0.000000000000000E+000 -0.000000000000000E+000  0.133906325469457E-005  0.000000000000000E+000  0.000000000000000E+000  0.502622137057725E-004 -0.000000000000000E+000 -0.000000000000000E+000  0.133906325469457E-005  -0.630749587378168E-012 -0.179652023910850E-014  0.644011931534667E-005
     50.32000000  0.000000000000000E+000  0.000000000000000E+000  0.501272485319644E-004 -0.000000000000000E+000 -0.000000000000000E+000  0.168706467260159E-005  0.000000000000000E+000  0.000000000000000E+000  0.501272485319644E-004 -0.000000000000000E+000 -0.000000000000000E+000  0.168706467260159E-005  -0.632841081382501E-012  0.138523391734881E-015  0.639352163344358E-005
     50.40000000  0.000000000000000E+000  0.000000000000000E+000  0.499650606185463E-004 -0.000000000000000E+000 -0.000000000000000E+000  0.202734891772640E-005  0.000000000000000E+000  0.000000000000000E+000  0.499650606185463E-004 -0.000000000000000E+000 -0.000000000000000E+000  0.202734891772640E-005  -0.636790102828881E-012  0.431394507468428E-015  0.634564503891077E-005
     50.48000000  0.000000000000000E+000  0.000000000000000E+000  0.497762762472816E-004 -0.000000000000000E+000 -0.000000000000000E+000  0.235980464080861E-005  0.000000000000000E+000  0.000000000000000E+000  0.497762762472816E-004 -0.000000000000000E+000 -0.000000000000000E+000  0.235980464080861E-005  -0.642138149896773E-012 -0.468285741250873E-015  0.629652114264178E-005
     50.56000000  0.000000000000000E+000  0.000000000000000E+000  0.495615301195310E-004 -0.000000000000000E+000 -0.000000000000000E+000  0.268432659688177E-005  0.000000000000000E+000  0.000000000000000E+000  0.495615301195310E-004 -0.000000000000000E+000 -0.000000000000000E+000  0.268432659688177E-005  -0.648244518582774E-012 -0.198547785481834E-014  0.624618179784797E-005
     50.64000000  0.000000000000000E+000  0.000000000000000E+000  0.493214648651794E-004 -0.000000000000000E+000 -0.000000000000000E+000  0.300081567939520E-005  0.000000000000000E+000  0.000000000000000E+000  0.493214648651794E-004 -0.000000000000000E+000 -0.000000000000000E+000  0.300081567939520E-005  -0.654346049267552E-012 -0.346013235023379E-014  0.619465906995335E-005
     50.72000000  0.000000000000000E+000  0.000000000000000E+000  0.490567305491525E-004 -0.000000000000000E+000 -0.000000000000000E+000  0.330917895033632E-005  0.000000000000000E+000  0.000000000000000E+000  0.490567305491525E-004 -0.000000000000000E+000 -0.000000000000000E+000  0.330917895033632E-005  -0.659659762764704E-012 -0.422051922289757E-014  0.614198520692070E-005
     50.80000000  0.000000000000000E+000  0.000000000000000E+000  0.487679841758446E-004 -0.000000000000000E+000 -0.000000000000000E+000  0.360932966634934E-005  0.000000000000000E+000  0.000000000000000E+000  0.487679841758446E-004 -0.000000000000000E+000 -0.000000000000000E+000  0.360932966634934E-005  -0.663512439044558E-012 -0.369468643966933E-014  0.608819261021744E-005
     50.88000000  0.000000000000000E+000  0.000000000000000E+000  0.484558891917782E-004 -0.000000000000000E+000 -0.000000000000000E+000  0.390118730082994E-005  0.000000000000000E+000  0.000000000000000E+000  0.484558891917782E-004 -0.000000000000000E+000 -0.000000000000000E+000  0.390118730082994E-005  -0.665414224020843E-012 -0.147583456916893E-014  0.603331380664971E-005
     50.96000000  0.000000000000000E+000  0.000000000000000E+000  0.481211149868177E-004 -0.000000000000000E+000 -0.000000000000000E+000  0.418467756200562E-005  0.000000000000000E+000  0.000000000000000E+000  0.481211149868177E-004 -0.000000000000000E+000 -0.000000000000000E+000  0.418467756200562E-005  -0.665091447497130E-012  0.264139231119959E-014  0.597738142115755E-005
     51.04000000  0.000000000000000E+000  0.000000000000000E+000  0.477643363942584E-004 -0.000000000000000E+000 -0.000000000000000E+000  0.445973240699103E-005  0.000000000000000E+000  0.000000000000000E+000  0.477643363942584E-004 -0.000000000000000E+000 -0.000000000000000E+000  0.445973240699103E-005  -0.662432728781907E-012  0.869877087028570E-014  0.592042815062241E-005
     51.12000000  0.000000000000000E+000  0.000000000000000E+000  0.473862331901132E-004 -0.000000000000000E+000 -0.000000000000000E+000  0.472629005181513E-005  0.000000000000000E+000  0.000000000000000E+000  0.473862331901132E-004 -0.000000000000000E+000 -0.000000000000000E+000  0.472629005181513E-005  -0.657406526375999E-012  0.166826097930164E-013  0.586248673857679E-005
     51.20000000  0.000000000000000E+000  0.000000000000000E+000  0.469874895919189E-004 -0.000000000000000E+000 -0.000000000000000E+000  0.498429497742921E-005  0.000000000000000E+000  0.000000000000000E+000  0.469874895919189E-004 -0.000000000000000E+000 -0.000000000000000E+000  0.498429497742921E-005  -0.649969300527163E-012  0.266077127055823E-013  0.580358995075404E-005
     51.28000000  0.000000000000000E+000  0.000000000000000E+000  0.465687937573828E-004 -0.000000000000000E+000 -0.000000000000000E+000  0.523369793170079E-005  0.000000000000000E+000  0.000000000000000E+000  0.465687937573828E-004 -0.000000000000000E+000 -0.000000000000000E+000  0.523369793170079E-005  -0.640020126318586E-012  0.385814853934772E-013  0.574377055131465E-005
     51.36000000  0.000000000000000E+000  0.000000000000000E+000  0.461308372831921E-004 -0.000000000000000E+000 -0.000000000000000E+000  0.547445592738483E-005  0.000000000000000E+000  0.000000000000000E+000  0.461308372831921E-004 -0.000000000000000E+000 -0.000000000000000E+000  0.547445592738483E-005  -0.627402672839796E-012  0.527911334318169E-013  0.568306127965593E-005
     51.44000000  0.000000000000000E+000  0.000000000000000E+000  0.456743147043032E-004 -0.000000000000000E+000 -0.000000000000000E+000  0.570653223611122E-005  0.000000000000000E+000  0.000000000000000E+000  0.456743147043032E-004 -0.000000000000000E+000 -0.000000000000000E+000  0.570653223611122E-005  -0.611929595225813E-012  0.694445402895119E-013  0.562149482779666E-005
     51.52000000  0.000000000000000E+000  0.000000000000000E+000  0.451999229940337E-004 -0.000000000000000E+000 -0.000000000000000E+000  0.592989637836793E-005  0.000000000000000E+000  0.000000000000000E+000  0.451999229940337E-004 -0.000000000000000E+000 -0.000000000000000E+000  0.592989637836793E-005  -0.593432599449279E-012  0.886778077224725E-013  0.555910381834459E-005
     51.60000000  0.000000000000000E+000  0.000000000000000E+000  0.447083610652728E-004 -0.000000000000000E+000 -0.000000000000000E+000  0.614452410951125E-005  0.000000000000000E+000  0.000000000000000E+000  0.447083610652728E-004 -0.000000000000000E+000 -0.000000000000000E+000  0.614452410951125E-005  -0.571818153496942E-012  0.110496106270781E-012  0.549592078312012E-005
     51.68000000  0.000000000000000E+000  0.000000000000000E+000  0.442003292731261E-004 -0.000000000000000E+000 -0.000000000000000E+000  0.635039740183380E-005  0.000000000000000E+000  0.000000000000000E+000  0.442003292731261E-004 -0.000000000000000E+000 -0.000000000000000E+000  0.635039740183380E-005  -0.547102744018089E-012  0.134729828566808E-012  0.543197814250506E-005
     51.76000000  0.000000000000000E+000  0.000000000000000E+000  0.436765289193127E-004 -0.000000000000000E+000 -0.000000000000000E+000  0.654750442266755E-005  0.000000000000000E+000  0.000000000000000E+000  0.436765289193127E-004 -0.000000000000000E+000 -0.000000000000000E+000  0.654750442266755E-005  -0.519458832442181E-012  0.161036386550892E-012  0.536730818557490E-005
     51.84000000  0.000000000000000E+000  0.000000000000000E+000  0.431376617586253E-004 -0.000000000000000E+000 -0.000000000000000E+000  0.673583950859276E-005  0.000000000000000E+000  0.000000000000000E+000  0.431376617586253E-004 -0.000000000000000E+000 -0.000000000000000E+000  0.673583950859276E-005  -0.489233055018934E-012  0.188918767892693E-012  0.530194305103624E-005
     51.92000000  0.000000000000000E+000  0.000000000000000E+000  0.425844295077661E-004 -0.000000000000000E+000 -0.000000000000000E+000  0.691540313574038E-005  0.000000000000000E+000  0.000000000000000E+000  0.425844295077661E-004 -0.000000000000000E+000 -0.000000000000000E+000  0.691540313574038E-005  -0.456954798054390E-012  0.217749760380564E-012  0.523591470898350E-005
     52.00000000  0.000000000000000E+000  0.000000000000000E+000  0.420175333568675E-004 -0.000000000000000E+000 -0.000000000000000E+000  0.708620188623250E-005  0.000000000000000E+000  0.000000000000000E+000  0.420175333568675E-004 -0.000000000000000E+000 -0.000000000000000E+000  0.708620188623250E-005  -0.423307566942439E-012  0.246820407978510E-012  0.516925494347404E-005
     52.08000000  0.000000000000000E+000  0.000000000000000E+000  0.414376734840046E-004 -0.000000000000000E+000 -0.000000000000000E+000  0.724824841078545E-005  0.000000000000000E+000  0.000000000000000E+000  0.414376734840046E-004 -0.000000000000000E+000 -0.000000000000000E+000  0.724824841078545E-005  -0.389057827115148E-012  0.275403529011233E-012  0.510199533591016E-005
     52.16000000  0.000000000000000E+000  0.000000000000000E+000  0.408455485730047E-004 -0.000000000000000E+000 -0.000000000000000E+000  0.740156138749921E-005  0.000000000000000E+000  0.000000000000000E+000  0.408455485730047E-004 -0.000000000000000E+000 -0.000000000000000E+000  0.740156138749921E-005  -0.354946806940262E-012  0.302829044372722E-012  0.503416724921569E-005
     52.24000000  0.000000000000000E+000  0.000000000000000E+000  0.402418553348542E-004 -0.000000000000000E+000 -0.000000000000000E+000  0.754616547688116E-005  0.000000000000000E+000  0.000000000000000E+000  0.402418553348542E-004 -0.000000000000000E+000 -0.000000000000000E+000  0.754616547688116E-005  -0.321592485091899E-012  0.328575037458149E-012  0.496580181279120E-005
     52.32000000  0.000000000000000E+000  0.000000000000000E+000  0.396272880330037E-004 -0.000000000000000E+000 -0.000000000000000E+000  0.768209127313167E-005  0.000000000000000E+000  0.000000000000000E+000  0.396272880330037E-004 -0.000000000000000E+000 -0.000000000000000E+000  0.768209127313167E-005  -0.289426147155365E-012  0.352309438976710E-012  0.489692990822155E-005
     52.40000000  0.000000000000000E+000  0.000000000000000E+000  0.390025380128661E-004 -0.000000000000000E+000 -0.000000000000000E+000  0.780937525171953E-005  0.000000000000000E+000  0.000000000000000E+000  0.390025380128661E-004 -0.000000000000000E+000 -0.000000000000000E+000  0.780937525171953E-005  -0.258675560164689E-012  0.373885561393921E-012  0.482758215566686E-005
     52.48000000  0.000000000000000E+000  0.000000000000000E+000  0.383682932358016E-004 -0.000000000000000E+000 -0.000000000000000E+000  0.792805971330664E-005  0.000000000000000E+000  0.000000000000000E+000  0.383682932358016E-004 -0.000000000000000E+000 -0.000000000000000E+000  0.792805971330664E-005  -0.229427697462897E-012  0.393267467674303E-012  0.475778890092031E-005
     52.56000000  0.000000000000000E+000  0.000000000000000E+000  0.377252378178771E-004 -0.000000000000000E+000 -0.000000000000000E+000  0.803819272405534E-005  0.000000000000000E+000  0.000000000000000E+000  0.377252378178771E-004 -0.000000000000000E+000 -0.000000000000000E+000  0.803819272405534E-005  -0.201709477631564E-012  0.410435102085444E-012  0.468758020304412E-005
     52.64000000  0.000000000000000E+000  0.000000000000000E+000  0.370740515736886E-004 -0.000000000000000E+000 -0.000000000000000E+000  0.813982805235725E-005  0.000000000000000E+000  0.000000000000000E+000  0.370740515736886E-004 -0.000000000000000E+000 -0.000000000000000E+000  0.813982805235725E-005  -0.175579163235909E-012  0.425287966113192E-012  0.461698582256310E-005
     52.72000000  0.000000000000000E+000  0.000000000000000E+000  0.364154095655253E-004 -0.000000000000000E+000 -0.000000000000000E+000  0.823302510204090E-005  0.000000000000000E+000  0.000000000000000E+000  0.364154095655253E-004 -0.000000000000000E+000 -0.000000000000000E+000  0.823302510204090E-005  -0.151173574315780E-012  0.437605758158199E-012  0.454603521020471E-005
     52.80000000  0.000000000000000E+000  0.000000000000000E+000  0.357499816581577E-004 -0.000000000000000E+000 -0.000000000000000E+000  0.831784884209442E-005  0.000000000000000E+000  0.000000000000000E+000  0.357499816581577E-004 -0.000000000000000E+000 -0.000000000000000E+000  0.831784884209442E-005  -0.128698950468739E-012  0.447093960221707E-012  0.447475749616333E-005
     52.88000000  0.000000000000000E+000  0.000000000000000E+000  0.350784320795200E-004 -0.000000000000000E+000 -0.000000000000000E+000  0.839436973297217E-005  0.000000000000000E+000  0.000000000000000E+000  0.350784320795200E-004 -0.000000000000000E+000 -0.000000000000000E+000  0.839436973297217E-005  -0.108395414367046E-012  0.453464088693165E-012  0.440318147991010E-005
     52.96000000  0.000000000000000E+000  0.000000000000000E+000  0.344014189875582E-004 -0.000000000000000E+000 -0.000000000000000E+000  0.846266364952158E-005  0.000000000000000E+000  0.000000000000000E+000  0.344014189875582E-004 -0.000000000000000E+000 -0.000000000000000E+000  0.846266364952158E-005  -0.904585088997444E-013  0.456545436693432E-012  0.433133562054150E-005
     53.04000000  0.000000000000000E+000  0.000000000000000E+000  0.337195940435109E-004 -0.000000000000000E+000 -0.000000000000000E+000  0.852281180059125E-005  0.000000000000000E+000  0.000000000000000E+000  0.337195940435109E-004 -0.000000000000000E+000 -0.000000000000000E+000  0.852281180059125E-005  -0.749879194293588E-013  0.456361239277399E-012  0.425924802765659E-005
     53.12000000  0.000000000000000E+000  0.000000000000000E+000  0.330336019918805E-004 -0.000000000000000E+000 -0.000000000000000E+000  0.857490064538004E-005  0.000000000000000E+000  0.000000000000000E+000  0.330336019918805E-004 -0.000000000000000E+000 -0.000000000000000E+000  0.857490064538004E-005  -0.619453500277639E-013  0.453162952292675E-012  0.418694645269520E-005
     53.20000000  0.000000000000000E+000  0.000000000000000E+000  0.323440802473540E-004 -0.000000000000000E+000 -0.000000000000000E+000  0.861902180658153E-005  0.000000000000000E+000  0.000000000000000E+000  0.323440802473540E-004 -0.000000000000000E+000 -0.000000000000000E+000  0.861902180658153E-005  -0.511338686718824E-013  0.447399342327788E-012  0.411445828065592E-005
     53.28000000  0.000000000000000E+000  0.000000000000000E+000  0.316516584889227E-004 -0.000000000000000E+000 -0.000000000000000E+000  0.865527198039125E-005  0.000000000000000E+000  0.000000000000000E+000  0.316516584889227E-004 -0.000000000000000E+000 -0.000000000000000E+000  0.865527198039125E-005  -0.421961024988176E-013  0.439663822595547E-012  0.404181052211312E-005
     53.36000000  0.000000000000000E+000  0.000000000000000E+000  0.309569582614482E-004 -0.000000000000000E+000 -0.000000000000000E+000  0.868375284343165E-005  0.000000000000000E+000  0.000000000000000E+000  0.309569582614482E-004 -0.000000000000000E+000 -0.000000000000000E+000  0.868375284343165E-005  -0.346262423332416E-013  0.430629680637284E-012  0.396902980542762E-005
     53.44000000  0.000000000000000E+000  0.000000000000000E+000  0.302605925849153E-004 -0.000000000000000E+000 -0.000000000000000E+000  0.870457095666094E-005  0.000000000000000E+000  0.000000000000000E+000  0.302605925849153E-004 -0.000000000000000E+000 -0.000000000000000E+000  0.870457095666094E-005  -0.278202982187900E-013  0.420981976873894E-012  0.389614236912616E-005
     53.52000000  0.000000000000000E+000  0.000000000000000E+000  0.295631655716078E-004 -0.000000000000000E+000 -0.000000000000000E+000  0.871783766634374E-005  0.000000000000000E+000  0.000000000000000E+000  0.295631655716078E-004 -0.000000000000000E+000 -0.000000000000000E+000  0.871783766634374E-005  -0.211347535007292E-013  0.411355423585940E-012  0.382317405445502E-005
     53.60000000 -0.000000000000000E+000 -0.000000000000000E+000  0.288652720514376E-004  0.000000000000000E+000  0.000000000000000E+000  0.872366900212759E-005  0.000000000000000E+000  0.000000000000000E+000  0.288652720514376E-004 -0.000000000000000E+000 -0.000000000000000E+000  0.872366900212759E-005  -0.139865036709332E-013  0.402275164385547E-012  0.375015029819646E-005
     53.68000000 -0.000000000000000E+000 -0.000000000000000E+000  0.281674972056511E-004 -0.000000000000000E+000 -0.000000000000000E+000  0.872218557233170E-005  0.000000000000000E+000  0.000000000000000E+000  0.281674972056511E-004 -0.000000000000000E+000 -0.000000000000000E+000  0.872218557233170E-005  -0.592382267049938E-014  0.394113656600282E-012  0.367709612585923E-005
     53.76000000 -0.000000000000000E+000 -0.000000000000000E+000  0.274704162091332E-004 -0.000000000000000E+000 -0.000000000000000E+000  0.871351245647282E-005  0.000000000000000E+000  0.000000000000000E+000  0.274704162091332E-004 -0.000000000000000E+000 -0.000000000000000E+000  0.871351245647282E-005   0.331800072362997E-014  0.387091009835360E-012  0.360403614535730E-005
     53.84000000 -0.000000000000000E+000 -0.000000000000000E+000  0.267745938815213E-004 -0.000000000000000E+000 -0.000000000000000E+000  0.869777909514965E-005  0.000000000000000E+000  0.000000000000000E+000  0.267745938815213E-004 -0.000000000000000E+000 -0.000000000000000E+000  0.869777909514965E-005   0.138405401927624E-013  0.381297825746490E-012  0.353099454121643E-005
     53.92000000 -0.000000000000000E+000 -0.000000000000000E+000  0.260805843473360E-004 -0.000000000000000E+000 -0.000000000000000E+000  0.867511917731588E-005  0.000000000000000E+000  0.000000000000000E+000  0.260805843473360E-004 -0.000000000000000E+000 -0.000000000000000E+000  0.867511917731588E-005   0.256384992085070E-013  0.376785126335771E-012  0.345799506936686E-005
     54.00000000 -0.000000000000000E+000 -0.000000000000000E+000  0.253889307053306E-004 -0.000000000000000E+000 -0.000000000000000E+000  0.864567052506687E-005  0.000000000000000E+000  0.000000000000000E+000  0.253889307053306E-004 -0.000000000000000E+000 -0.000000000000000E+000  0.864567052506687E-005   0.386939957132269E-013  0.373642322895279E-012  0.338506105237742E-005
     54.08000000 -0.000000000000000E+000 -0.000000000000000E+000  0.247001647072537E-004 -0.000000000000000E+000 -0.000000000000000E+000  0.860957497596183E-005  0.000000000000000E+000  0.000000000000000E+000  0.247001647072537E-004 -0.000000000000000E+000 -0.000000000000000E+000  0.860957497596183E-005   0.530541177115531E-013  0.372076823802554E-012  0.331221537505619E-005
     54.16000000 -0.000000000000000E+000 -0.000000000000000E+000  0.240148064462126E-004 -0.000000000000000E+000 -0.000000000000000E+000  0.856697826301321E-005  0.000000000000000E+000  0.000000000000000E+000  0.240148064462126E-004 -0.000000000000000E+000 -0.000000000000000E+000  0.856697826301321E-005   0.688526630297794E-013  0.372408561809363E-012  0.323948048024554E-005
     54.24000000 -0.000000000000000E+000 -0.000000000000000E+000  0.233333640548219E-004 -0.000000000000000E+000 -0.000000000000000E+000  0.851802989238452E-005  0.000000000000000E+000  0.000000000000000E+000  0.233333640548219E-004 -0.000000000000000E+000 -0.000000000000000E+000  0.851802989238452E-005   0.862979633741033E-013  0.375001330915772E-012  0.316687836467459E-005
     54.32000000 -0.000000000000000E+000 -0.000000000000000E+000  0.226563334133091E-004 -0.000000000000000E+000 -0.000000000000000E+000  0.846288301890990E-005  0.000000000000000E+000  0.000000000000000E+000  0.226563334133091E-004 -0.000000000000000E+000 -0.000000000000000E+000  0.846288301890990E-005   0.105612216944758E-012  0.380171995481009E-012  0.309443057475278E-005
     54.40000000 -0.000000000000000E+000 -0.000000000000000E+000  0.219841978677499E-004 -0.000000000000000E+000 -0.000000000000000E+000  0.840169431949015E-005  0.000000000000000E+000  0.000000000000000E+000  0.219841978677499E-004 -0.000000000000000E+000 -0.000000000000000E+000  0.840169431949015E-005   0.126955918791670E-012  0.388069221959494E-012  0.302215820225667E-005
     54.48000000 -0.000000000000000E+000 -0.000000000000000E+000  0.213174279585922E-004 -0.000000000000000E+000 -0.000000000000000E+000  0.833462386447042E-005  0.000000000000000E+000  0.000000000000000E+000  0.213174279585922E-004 -0.000000000000000E+000 -0.000000000000000E+000  0.833462386447042E-005   0.150375713701639E-012  0.398612303295204E-012  0.295008187990444E-005
     54.56000000 -0.000000000000000E+000 -0.000000000000000E+000  0.206564811596261E-004 -0.000000000000000E+000 -0.000000000000000E+000  0.826183498707611E-005  0.000000000000000E+000  0.000000000000000E+000  0.206564811596261E-004 -0.000000000000000E+000 -0.000000000000000E+000  0.826183498707611E-005   0.175769943917494E-012  0.411496201465665E-012  0.287822177685645E-005
     54.64000000 -0.000000000000000E+000 -0.000000000000000E+000  0.200018016275461E-004 -0.000000000000000E+000 -0.000000000000000E+000  0.818349415100013E-005  0.000000000000000E+000  0.000000000000000E+000  0.200018016275461E-004 -0.000000000000000E+000 -0.000000000000000E+000  0.818349415100013E-005   0.202888546741224E-012  0.426234964508532E-012  0.280659759429124E-005
     54.72000000 -0.000000000000000E+000 -0.000000000000000E+000  0.193538199622486E-004 -0.000000000000000E+000 -0.000000000000000E+000  0.809977081621961E-005  0.000000000000000E+000  0.000000000000000E+000  0.193538199622486E-004 -0.000000000000000E+000 -0.000000000000000E+000  0.809977081621961E-005   0.231344763917440E-012  0.442243851824484E-012  0.273522856116280E-005
     54.80000000 -0.000000000000000E+000 -0.000000000000000E+000  0.187129529779974E-004 -0.000000000000000E+000 -0.000000000000000E+000  0.801083730313958E-005  0.000000000000000E+000  0.000000000000000E+000  0.187129529779974E-004 -0.000000000000000E+000 -0.000000000000000E+000  0.801083730313958E-005   0.260661612747048E-012  0.458920208381081E-012  0.266413343030309E-005
     54.88000000 -0.000000000000000E+000 -0.000000000000000E+000  0.180796034855855E-004 -0.000000000000000E+000 -0.000000000000000E+000  0.791686865514927E-005  0.000000000000000E+000  0.000000000000000E+000  0.180796034855855E-004 -0.000000000000000E+000 -0.000000000000000E+000  0.791686865514927E-005   0.290305479288450E-012  0.475709519479152E-012  0.259333047502181E-005
     54.96000000 -0.000000000000000E+000 -0.000000000000000E+000  0.174541600856104E-004 -0.000000000000000E+000 -0.000000000000000E+000  0.781804249968812E-005  0.000000000000000E+000  0.000000000000000E+000  0.174541600856104E-004 -0.000000000000000E+000 -0.000000000000000E+000  0.781804249968812E-005   0.319771235004349E-012  0.492145746587225E-012  0.252283748625075E-005
     55.04000000 -0.000000000000000E+000 -0.000000000000000E+000  0.168369969729782E-004 -0.000000000000000E+000 -0.000000000000000E+000  0.771453890790306E-005  0.000000000000000E+000  0.000000000000000E+000  0.168369969729782E-004 -0.000000000000000E+000 -0.000000000000000E+000  0.771453890790306E-005   0.348629763968647E-012  0.507886076774080E-012  0.245267177032515E-005
     55.12000000 -0.000000000000000E+000 -0.000000000000000E+000  0.162284737527385E-004 -0.000000000000000E+000 -0.000000000000000E+000  0.760654025299555E-005  0.000000000000000E+000  0.000000000000000E+000  0.162284737527385E-004 -0.000000000000000E+000 -0.000000000000000E+000  0.760654025299555E-005   0.376587138219467E-012  0.522700845400911E-012  0.238285014734896E-005
     55.20000000 -0.000000000000000E+000 -0.000000000000000E+000  0.156289352673503E-004 -0.000000000000000E+000 -0.000000000000000E+000  0.749423106735342E-005  0.000000000000000E+000  0.000000000000000E+000  0.156289352673503E-004 -0.000000000000000E+000 -0.000000000000000E+000  0.749423106735342E-005   0.403503612629846E-012  0.536460258911253E-012  0.231338895010142E-005
     55.28000000 -0.000000000000000E+000 -0.000000000000000E+000  0.150387114354654E-004 -0.000000000000000E+000 -0.000000000000000E+000  0.737779789856111E-005  0.000000000000000E+000  0.000000000000000E+000  0.150387114354654E-004 -0.000000000000000E+000 -0.000000000000000E+000  0.737779789856111E-005   0.429364330116403E-012  0.549088274075235E-012  0.224430402342429E-005
     55.36000000 -0.000000000000000E+000 -0.000000000000000E+000  0.144581171023155E-004 -0.000000000000000E+000 -0.000000000000000E+000  0.725742916437389E-005  0.000000000000000E+000  0.000000000000000E+000  0.144581171023155E-004 -0.000000000000000E+000 -0.000000000000000E+000  0.725742916437389E-005   0.454225088692196E-012  0.560481619130089E-012  0.217561072395703E-005
     55.44000000 -0.000000000000000E+000 -0.000000000000000E+000  0.138874519017743E-004 -0.000000000000000E+000 -0.000000000000000E+000  0.713331500676405E-005  0.000000000000000E+000  0.000000000000000E+000  0.138874519017743E-004 -0.000000000000000E+000 -0.000000000000000E+000  0.713331500676405E-005   0.478128251298359E-012  0.570464823734355E-012  0.210732392016152E-005
     55.52000000 -0.000000000000000E+000 -0.000000000000000E+000  0.133270001301640E-004 -0.000000000000000E+000 -0.000000000000000E+000  0.700564714512883E-005  0.000000000000000E+000  0.000000000000000E+000  0.133270001301640E-004 -0.000000000000000E+000 -0.000000000000000E+000  0.700564714512883E-005   0.501047742621671E-012  0.578753048401448E-012  0.203945799252350E-005
     55.60000000 -0.000000000000000E+000 -0.000000000000000E+000  0.127770306318642E-004 -0.000000000000000E+000 -0.000000000000000E+000  0.687461872874754E-005  0.000000000000000E+000  0.000000000000000E+000  0.127770306318642E-004 -0.000000000000000E+000 -0.000000000000000E+000  0.687461872874754E-005   0.522868638988657E-012  0.584994426861032E-012  0.197202683388544E-005
     55.68000000 -0.000000000000000E+000 -0.000000000000000E+000  0.122377966967753E-004 -0.000000000000000E+000 -0.000000000000000E+000  0.674042418861159E-005  0.000000000000000E+000  0.000000000000000E+000  0.122377966967753E-004 -0.000000000000000E+000 -0.000000000000000E+000  0.674042418861159E-005   0.543402400904169E-012  0.588820950528066E-012  0.190504384987388E-005
     55.76000000 -0.000000000000000E+000 -0.000000000000000E+000  0.117095359696808E-004 -0.000000000000000E+000 -0.000000000000000E+000  0.660325908868121E-005  0.000000000000000E+000  0.000000000000000E+000  0.117095359696808E-004 -0.000000000000000E+000 -0.000000000000000E+000  0.660325908868121E-005   0.562459541952964E-012  0.589974039694141E-012  0.183852195944038E-005
     55.84000000 -0.000000000000000E+000 -0.000000000000000E+000  0.111924703715438E-004 -0.000000000000000E+000 -0.000000000000000E+000  0.646331997671211E-005  0.000000000000000E+000  0.000000000000000E+000  0.111924703715438E-004 -0.000000000000000E+000 -0.000000000000000E+000  0.646331997671211E-005   0.579910771527918E-012  0.588368893938085E-012  0.177247359556922E-005
     55.92000000 -0.000000000000000E+000 -0.000000000000000E+000  0.106868060327668E-004 -0.000000000000000E+000 -0.000000000000000E+000  0.632080423471256E-005  0.000000000000000E+000  0.000000000000000E+000  0.106868060327668E-004 -0.000000000000000E+000 -0.000000000000000E+000  0.632080423471256E-005   0.595736718048272E-012  0.584136819178005E-012  0.170691070620307E-005
     56.00000000 -0.000000000000000E+000 -0.000000000000000E+000  0.101927332384345E-004 -0.000000000000000E+000 -0.000000000000000E+000  0.617590992915373E-005  0.000000000000000E+000  0.000000000000000E+000  0.101927332384345E-004 -0.000000000000000E+000 -0.000000000000000E+000  0.617590992915373E-005   0.610044952690545E-012  0.577601921842084E-012  0.164184475539863E-005
     56.08000000 -0.000000000000000E+000 -0.000000000000000E+000  0.971042638555355E-005 -0.000000000000000E+000 -0.000000000000000E+000  0.602883566101221E-005  0.000000000000000E+000  0.000000000000000E+000  0.971042638555355E-005 -0.000000000000000E+000 -0.000000000000000E+000  0.602883566101221E-005   0.623052365079888E-012  0.569205631080258E-012  0.157728672475614E-005
     56.16000000 -0.000000000000000E+000 -0.000000000000000E+000  0.924004395229293E-005 -0.000000000000000E+000 -0.000000000000000E+000  0.587978041575763E-005  0.000000000000000E+000  0.000000000000000E+000  0.924004395229293E-005 -0.000000000000000E+000 -0.000000000000000E+000  0.587978041575763E-005   0.635059426037124E-012  0.559420419611751E-012  0.151324711508677E-005
     56.24000000 -0.000000000000000E+000 -0.000000000000000E+000  0.878172847922364E-005 -0.000000000000000E+000 -0.000000000000000E+000  0.572894341336614E-005  0.000000000000000E+000  0.000000000000000E+000  0.878172847922364E-005 -0.000000000000000E+000 -0.000000000000000E+000  0.572894341336614E-005   0.646407805312711E-012  0.548670075211707E-012  0.144973594828759E-005
     56.32000000 -0.000000000000000E+000 -0.000000000000000E+000  0.833560656254501E-005 -0.000000000000000E+000 -0.000000000000000E+000  0.557652395848292E-005  0.000000000000000E+000  0.000000000000000E+000  0.833560656254501E-005 -0.000000000000000E+000 -0.000000000000000E+000  0.557652395848292E-005   0.657430395889939E-012  0.537298178787886E-012  0.138676276941983E-005
     56.40000000 -0.000000000000000E+000 -0.000000000000000E+000  0.790178885928141E-005 -0.000000000000000E+000 -0.000000000000000E+000  0.542272129079504E-005  0.000000000000000E+000  0.000000000000000E+000  0.790178885928141E-005 -0.000000000000000E+000 -0.000000000000000E+000  0.542272129079504E-005   0.668427662315312E-012  0.525546825658167E-012  0.132433664897211E-005
     56.48000000 -0.000000000000000E+000 -0.000000000000000E+000  0.748037010442163E-005 -0.000000000000000E+000 -0.000000000000000E+000  0.526773443574721E-005  0.000000000000000E+000  0.000000000000000E+000  0.748037010442163E-005 -0.000000000000000E+000 -0.000000000000000E+000  0.526773443574721E-005   0.679616175729594E-012  0.513588947072954E-012  0.126246618533467E-005
     56.56000000 -0.000000000000000E+000 -0.000000000000000E+000  0.707142913996779E-005 -0.000000000000000E+000 -0.000000000000000E+000  0.511176205567304E-005  0.000000000000000E+000  0.000000000000000E+000  0.707142913996779E-005 -0.000000000000000E+000 -0.000000000000000E+000  0.511176205567304E-005   0.691121631304647E-012  0.501547487292069E-012  0.120115950751580E-005
     56.64000000 -0.000000000000000E+000 -0.000000000000000E+000  0.667502895585160E-005 -0.000000000000000E+000 -0.000000000000000E+000  0.495500230145231E-005  0.000000000000000E+000  0.000000000000000E+000  0.667502895585160E-005 -0.000000000000000E+000 -0.000000000000000E+000  0.495500230145231E-005   0.702956810579417E-012  0.489532592723164E-012  0.114042427807499E-005
     56.72000000 -0.000000000000000E+000 -0.000000000000000E+000  0.629121674266917E-005 -0.000000000000000E+000 -0.000000000000000E+000  0.479765266478041E-005  0.000000000000000E+000  0.000000000000000E+000  0.629121674266917E-005 -0.000000000000000E+000 -0.000000000000000E+000  0.479765266478041E-005   0.715063300656024E-012  0.477675346420566E-012  0.108026769630665E-005
     56.80000000 -0.000000000000000E+000 -0.000000000000000E+000  0.592002395617706E-005 -0.000000000000000E+000 -0.000000000000000E+000  0.463990983115136E-005  0.000000000000000E+000  0.000000000000000E+000  0.592002395617706E-005 -0.000000000000000E+000 -0.000000000000000E+000  0.463990983115136E-005   0.727347551200210E-012  0.466156496933119E-012  0.102069650162867E-005
     56.88000000 -0.000000000000000E+000 -0.000000000000000E+000  0.556146639348518E-005 -0.000000000000000E+000 -0.000000000000000E+000  0.448196953364848E-005  0.000000000000000E+000  0.000000000000000E+000  0.556146639348518E-005 -0.000000000000000E+000 -0.000000000000000E+000  0.448196953364848E-005   0.739733265499650E-012  0.455221366586002E-012  0.961716977214087E-006
     56.96000000 -0.000000000000000E+000 -0.000000000000000E+000  0.521554428087393E-005 -0.000000000000000E+000 -0.000000000000000E+000  0.432402640764062E-005  0.000000000000000E+000  0.000000000000000E+000  0.521554428087393E-005 -0.000000000000000E+000 -0.000000000000000E+000  0.432402640764062E-005   0.752196371254442E-012  0.445171500865246E-012  0.903334953865140E-006
     57.04000000 -0.000000000000000E+000 -0.000000000000000E+000  0.488224237315662E-005 -0.000000000000000E+000 -0.000000000000000E+000  0.416627384646642E-005  0.000000000000000E+000  0.000000000000000E+000  0.488224237315662E-005 -0.000000000000000E+000 -0.000000000000000E+000  0.416627384646642E-005   0.764767251724633E-012  0.436328427705257E-012  0.845555814202731E-006
     57.12000000 -0.000000000000000E+000 -0.000000000000000E+000  0.456153006449947E-005 -0.000000000000000E+000 -0.000000000000000E+000  0.400890385821435E-005  0.000000000000000E+000  0.000000000000000E+000  0.456153006449947E-005 -0.000000000000000E+000 -0.000000000000000E+000  0.400890385821435E-005   0.777504547691338E-012  0.428959917686612E-012  0.788384497255612E-006
     57.20000000 -0.000000000000000E+000 -0.000000000000000E+000  0.425336151060498E-005 -0.000000000000000E+000 -0.000000000000000E+000  0.385210692368108E-005  0.000000000000000E+000  0.000000000000000E+000  0.425336151060498E-005 -0.000000000000000E+000 -0.000000000000000E+000  0.385210692368108E-005   0.790445169713237E-012  0.423214051744362E-012  0.731825503489590E-006
     57.28000000 -0.000000000000000E+000 -0.000000000000000E+000  0.395767576215651E-005 -0.000000000000000E+000 -0.000000000000000E+000  0.369607185560591E-005  0.000000000000000E+000  0.000000000000000E+000  0.395767576215651E-005 -0.000000000000000E+000 -0.000000000000000E+000  0.369607185560591E-005   0.803562015998665E-012  0.419062507355508E-012  0.675926075903965E-006
     57.36000000 -0.000000000000000E+000 -0.000000000000000E+000  0.367439690941518E-005 -0.000000000000000E+000 -0.000000000000000E+000  0.354098565926669E-005  0.000000000000000E+000  0.000000000000000E+000  0.367439690941518E-005 -0.000000000000000E+000 -0.000000000000000E+000  0.354098565926669E-005   0.816756499943689E-012  0.416307685913412E-012  0.620675062379221E-006
     57.44000000 -0.000000000000000E+000 -0.000000000000000E+000  0.340343423785276E-005 -0.000000000000000E+000 -0.000000000000000E+000  0.338703339453018E-005  0.000000000000000E+000  0.000000000000000E+000  0.340343423785276E-005 -0.000000000000000E+000 -0.000000000000000E+000  0.338703339453018E-005   0.829863580880383E-012  0.414627171040223E-012  0.566075230388194E-006
     57.52000000 -0.000000000000000E+000 -0.000000000000000E+000  0.314468239469687E-005 -0.000000000000000E+000 -0.000000000000000E+000  0.323439803944858E-005  0.000000000000000E+000  0.000000000000000E+000  0.314468239469687E-005 -0.000000000000000E+000 -0.000000000000000E+000  0.323439803944858E-005   0.842678374714875E-012  0.413658329233753E-012  0.512128825463874E-006
     57.60000000 -0.000000000000000E+000 -0.000000000000000E+000  0.289802156625826E-005 -0.000000000000000E+000 -0.000000000000000E+000  0.308326035548273E-005  0.000000000000000E+000  0.000000000000000E+000  0.289802156625826E-005 -0.000000000000000E+000 -0.000000000000000E+000  0.308326035548273E-005   0.854993169643598E-012  0.413069558263440E-012  0.458837601930227E-006
     57.68000000 -0.000000000000000E+000 -0.000000000000000E+000  0.266331766590237E-005 -0.000000000000000E+000 -0.000000000000000E+000  0.293379875444863E-005  0.000000000000000E+000  0.000000000000000E+000  0.266331766590237E-005 -0.000000000000000E+000 -0.000000000000000E+000  0.293379875444863E-005   0.866621587799484E-012  0.412627001242076E-012  0.406202851536940E-006
     57.76000000 -0.000000000000000E+000 -0.000000000000000E+000  0.244042253252139E-005 -0.000000000000000E+000 -0.000000000000000E+000  0.278618916726214E-005  0.000000000000000E+000  0.000000000000000E+000  0.244042253252139E-005 -0.000000000000000E+000 -0.000000000000000E+000  0.278618916726214E-005   0.877417245325047E-012  0.412196262024393E-012  0.354225427824326E-006
     57.84000000 -0.000000000000000E+000 -0.000000000000000E+000  0.222917413935518E-005 -0.000000000000000E+000 -0.000000000000000E+000  0.264060491457766E-005  0.000000000000000E+000  0.000000000000000E+000  0.222917413935518E-005 -0.000000000000000E+000 -0.000000000000000E+000  0.264060491457766E-005   0.887263634156000E-012  0.411713113176416E-012  0.302905765742362E-006
     57.92000000 -0.000000000000000E+000 -0.000000000000000E+000  0.202939681300383E-005 -0.000000000000000E+000 -0.000000000000000E+000  0.249721657939193E-005  0.000000000000000E+000  0.000000000000000E+000  0.202939681300383E-005 -0.000000000000000E+000 -0.000000000000000E+000  0.249721657939193E-005   0.896085943338549E-012  0.411139206316719E-012  0.252243897240901E-006
     58.00000000 -0.000000000000000E+000 -0.000000000000000E+000  0.184090146246687E-005 -0.000000000000000E+000 -0.000000000000000E+000  0.235619188171197E-005  0.000000000000000E+000  0.000000000000000E+000  0.184090146246687E-005 -0.000000000000000E+000 -0.000000000000000E+000  0.235619188171197E-005   0.903840219517401E-012  0.410410688211663E-012  0.202239463829922E-006
     58.08000000 -0.000000000000000E+000 -0.000000000000000E+000  0.166348581803923E-005 -0.000000000000000E+000 -0.000000000000000E+000  0.221769555534549E-005  0.000000000000000E+000  0.000000000000000E+000  0.166348581803923E-005 -0.000000000000000E+000 -0.000000000000000E+000  0.221769555534549E-005   0.910514127885062E-012  0.409417022943926E-012  0.152891726985751E-006
     58.16000000 -0.000000000000000E+000 -0.000000000000000E+000  0.149693467988602E-005 -0.000000000000000E+000 -0.000000000000000E+000  0.208188922691508E-005  0.000000000000000E+000  0.000000000000000E+000  0.149693467988602E-005 -0.000000000000000E+000 -0.000000000000000E+000  0.208188922691508E-005   0.916109421486017E-012  0.407980368981738E-012  0.104199577094900E-006
     58.24000000 -0.000000000000000E+000 -0.000000000000000E+000  0.134102017611331E-005 -0.000000000000000E+000 -0.000000000000000E+000  0.194893129715888E-005  0.000000000000000E+000  0.000000000000000E+000  0.134102017611331E-005 -0.000000000000000E+000 -0.000000000000000E+000  0.194893129715888E-005   0.920649620229199E-012  0.405863992788519E-012  0.561615415203650E-007
     58.32000000 -0.000000000000000E+000 -0.000000000000000E+000  0.119550203014506E-005 -0.000000000000000E+000 -0.000000000000000E+000  0.181897682460322E-005  0.000000000000000E+000  0.000000000000000E+000  0.119550203014506E-005 -0.000000000000000E+000 -0.000000000000000E+000  0.181897682460322E-005   0.924155596010320E-012  0.402799787229268E-012  0.877579248715933E-008
     58.40000000 -0.000000000000000E+000 -0.000000000000000E+000  0.106012783721099E-005 -0.000000000000000E+000 -0.000000000000000E+000  0.169217741167586E-005  0.000000000000000E+000  0.000000000000000E+000  0.106012783721099E-005 -0.000000000000000E+000 -0.000000000000000E+000  0.169217741167586E-005   0.926655827206444E-012  0.398516725854245E-012 -0.379598445792273E-007
     58.48000000 -0.000000000000000E+000 -0.000000000000000E+000  0.934633349743987E-006 -0.000000000000000E+000 -0.000000000000000E+000  0.156868109333751E-005  0.000000000000000E+000  0.000000000000000E+000  0.934633349743987E-006 -0.000000000000000E+000 -0.000000000000000E+000  0.156868109333751E-005   0.928187116457981E-012  0.392796304279786E-012 -0.840478818733779E-007
     58.56000000 -0.000000000000000E+000 -0.000000000000000E+000  0.818742771479863E-006 -0.000000000000000E+000 -0.000000000000000E+000  0.144863222830155E-005  0.000000000000000E+000  0.000000000000000E+000  0.818742771479863E-006 -0.000000000000000E+000 -0.000000000000000E+000  0.144863222830155E-005   0.928825398825559E-012  0.385513818927263E-012 -0.129491159160739E-006
     58.64000000 -0.000000000000000E+000 -0.000000000000000E+000  0.712169060046796E-006 -0.000000000000000E+000 -0.000000000000000E+000  0.133217139291334E-005  0.000000000000000E+000  0.000000000000000E+000  0.712169060046796E-006 -0.000000000000000E+000 -0.000000000000000E+000  0.133217139291334E-005   0.928684022375885E-012  0.376687980817226E-012 -0.174292833092252E-006
     58.72000000 -0.000000000000000E+000 -0.000000000000000E+000  0.614614237826428E-006 -0.000000000000000E+000 -0.000000000000000E+000  0.121943527775460E-005  0.000000000000000E+000  0.000000000000000E+000  0.614614237826428E-006 -0.000000000000000E+000 -0.000000000000000E+000  0.121943527775460E-005   0.927934293310966E-012  0.366473256132798E-012 -0.218456366301063E-006
     58.80000000 -0.000000000000000E+000 -0.000000000000000E+000  0.525769710862955E-006 -0.000000000000000E+000 -0.000000000000000E+000  0.111055658704341E-005  0.000000000000000E+000  0.000000000000000E+000  0.525769710862955E-006 -0.000000000000000E+000 -0.000000000000000E+000  0.111055658704341E-005   0.926763551727298E-012  0.355147103503692E-012 -0.261985516551220E-006
     58.88000000 -0.000000000000000E+000 -0.000000000000000E+000  0.445316595591641E-006 -0.000000000000000E+000 -0.000000000000000E+000  0.100566394089142E-005  0.000000000000000E+000  0.000000000000000E+000  0.445316595591641E-006 -0.000000000000000E+000 -0.000000000000000E+000  0.100566394089142E-005   0.925350894020276E-012  0.343027212738428E-012 -0.304884326058949E-006
     58.96000000 -0.000000000000000E+000 -0.000000000000000E+000  0.372926053152936E-006 -0.000000000000000E+000 -0.000000000000000E+000  0.904881780483821E-006  0.000000000000000E+000  0.000000000000000E+000  0.372926053152936E-006 -0.000000000000000E+000 -0.000000000000000E+000  0.904881780483821E-006   0.923818170961561E-012  0.330404588217609E-012 -0.347157110992655E-006
     59.04000000 -0.000000000000000E+000 -0.000000000000000E+000  0.308259631053633E-006 -0.000000000000000E+000 -0.000000000000000E+000  0.808330276241288E-006  0.000000000000000E+000  0.000000000000000E+000  0.308259631053633E-006 -0.000000000000000E+000 -0.000000000000000E+000  0.808330276241288E-006   0.922210504937400E-012  0.317468389589990E-012 -0.388808451160111E-006
     59.12000000 -0.000000000000000E+000 -0.000000000000000E+000  0.250969611931723E-006 -0.000000000000000E+000 -0.000000000000000E+000  0.716125239023865E-006  0.000000000000000E+000  0.000000000000000E+000  0.250969611931723E-006 -0.000000000000000E+000 -0.000000000000000E+000  0.716125239023865E-006   0.920494720114232E-012  0.304295758342087E-012 -0.429843179827683E-006
     59.20000000 -0.000000000000000E+000 -0.000000000000000E+000  0.200699369176944E-006 -0.000000000000000E+000 -0.000000000000000E+000  0.628378034434737E-006  0.000000000000000E+000  0.000000000000000E+000  0.200699369176944E-006 -0.000000000000000E+000 -0.000000000000000E+000  0.628378034434737E-006   0.918594020845957E-012  0.290864278844958E-012 -0.470266373714540E-006
     59.28000000 -0.000000000000000E+000 -0.000000000000000E+000  0.157083729154640E-006 -0.000000000000000E+000 -0.000000000000000E+000  0.545195500278811E-006  0.000000000000000E+000  0.000000000000000E+000  0.157083729154640E-006 -0.000000000000000E+000 -0.000000000000000E+000  0.545195500278811E-006   0.916438217339568E-012  0.277122351357293E-012 -0.510083343125539E-006
     59.36000000 -0.000000000000000E+000 -0.000000000000000E+000  0.119749339776354E-006 -0.000000000000000E+000 -0.000000000000000E+000  0.466679867228570E-006  0.000000000000000E+000  0.000000000000000E+000  0.119749339776354E-006 -0.000000000000000E+000 -0.000000000000000E+000  0.466679867228570E-006   0.913996045922699E-012  0.263043245778029E-012 -0.549299622168989E-006
     59.44000000 -0.000000000000000E+000 -0.000000000000000E+000  0.883150451563462E-007 -0.000000000000000E+000 -0.000000000000000E+000  0.392928682750096E-006  0.000000000000000E+000  0.000000000000000E+000  0.883150451563462E-007 -0.000000000000000E+000 -0.000000000000000E+000  0.392928682750096E-006   0.911298876931125E-012  0.248679983107021E-012 -0.587920959056917E-006
     59.52000000 -0.000000000000000E+000 -0.000000000000000E+000  0.623922660893529E-007 -0.000000000000000E+000 -0.000000000000000E+000  0.324034738337417E-006  0.000000000000000E+000  0.000000000000000E+000  0.623922660893529E-007 -0.000000000000000E+000 -0.000000000000000E+000  0.324034738337417E-006   0.908441590854548E-012  0.234175450398774E-012 -0.625953306456957E-006
     59.60000000 -0.000000000000000E+000 -0.000000000000000E+000  0.415853860811687E-007 -0.000000000000000E+000 -0.000000000000000E+000  0.260086000102302E-006  0.000000000000000E+000  0.000000000000000E+000  0.415853860811687E-007 -0.000000000000000E+000 -0.000000000000000E+000  0.260086000102302E-006   0.905535212003211E-012  0.219755087166266E-012 -0.663402811955798E-006
     59.68000000 -0.000000000000000E+000 -0.000000000000000E+000  0.254921426599183E-007 -0.000000000000000E+000 -0.000000000000000E+000  0.201165542765630E-006  0.000000000000000E+000  0.000000000000000E+000  0.254921426599183E-007 -0.000000000000000E+000 -0.000000000000000E+000  0.201165542765630E-006   0.902690708469469E-012  0.205689215127826E-012 -0.700275808690724E-006
     59.76000000 -0.000000000000000E+000 -0.000000000000000E+000  0.137040236926163E-007 -0.000000000000000E+000 -0.000000000000000E+000  0.147351487091274E-006  0.000000000000000E+000  0.000000000000000E+000  0.137040236926163E-007 -0.000000000000000E+000 -0.000000000000000E+000  0.147351487091274E-006   0.899955835594429E-012  0.192249249489942E-012 -0.736578806113607E-006
     59.84000000 -0.000000000000000E+000 -0.000000000000000E+000  0.580666842821112E-008 -0.000000000000000E+000 -0.000000000000000E+000  0.987169408050653E-007  0.000000000000000E+000  0.000000000000000E+000  0.580666842821112E-008 -0.000000000000000E+000 -0.000000000000000E+000  0.987169408050653E-007   0.897290584812089E-012  0.179666829544823E-012 -0.772318480809361E-006
     59.92000000 -0.000000000000000E+000 -0.000000000000000E+000  0.138027298532963E-008 -0.000000000000000E+000 -0.000000000000000E+000  0.553299430360186E-007  0.000000000000000E+000  0.000000000000000E+000  0.138027298532963E-008 -0.000000000000000E+000 -0.000000000000000E+000  0.553299430360186E-007   0.894555185647244E-012  0.168090212159400E-012 -0.807501667264671E-006
     60.00000000  0.000000000000000E+000  0.000000000000000E+000  0.000000000000000E+000 -0.000000000000000E+000 -0.000000000000000E+000  0.172534123166204E-007  0.000000000000000E+000  0.000000000000000E+000  0.000000000000000E+000 -0.000000000000000E+000 -0.000000000000000E+000  0.172534123166204E-007   0.891504999173445E-012  0.157560375156340E-012 -0.842135348448085E-006
     60.08000000  0.000000000000000E+000  0.000000000000000E+000  0.000000000000000E+000 -0.000000000000000E+000 -0.000000000000000E+000 -0.000000000000000E+000  0.000000000000000E+000  0.000000000000000E+000  0.000000000000000E+000 -0.000000000000000E+000 -0.000000000000000E+000 -0.000000000000000E+000   0.887832043709125E-012  0.147977802830680E-012 -0.876261185675672E-006
     60.16000000  0.000000000000000E+000  0.000000000000000E+000  0.000000000000000E+000 -0.000000000000000E+000 -0.000000000000000E+000 -0.000000000000000E+000  0.000000000000000E+000  0.000000000000000E+000  0.000000000000000E+000 -0.000000000000000E+000 -0.000000000000000E+000 -0.000000000000000E+000   0.883225054347527E-012  0.139123710211249E-012 -0.909912750833799E-006
     60.24000000  0.000000000000000E+000  0.000000000000000E+000  0.000000000000000E+000 -0.000000000000000E+000 -0.000000000000000E+000 -0.000000000000000E+000  0.000000000000000E+000  0.000000000000000E+000  0.000000000000000E+000 -0.000000000000000E+000 -0.000000000000000E+000 -0.000000000000000E+000   0.877424617146902E-012  0.130703015363579E-012 -0.943084862947172E-006
     60.32000000  0.000000000000000E+000  0.000000000000000E+000  0.000000000000000E+000 -0.000000000000000E+000 -0.000000000000000E+000 -0.000000000000000E+000  0.000000000000000E+000  0.000000000000000E+000  0.000000000000000E+000 -0.000000000000000E+000 -0.000000000000000E+000 -0.000000000000000E+000   0.870299664864205E-012  0.122411302426581E-012 -0.975772220788300E-006
     60.40000000  0.000000000000000E+000  0.000000000000000E+000  0.000000000000000E+000 -0.000000000000000E+000 -0.000000000000000E+000 -0.000000000000000E+000  0.000000000000000E+000  0.000000000000000E+000  0.000000000000000E+000 -0.000000000000000E+000 -0.000000000000000E+000 -0.000000000000000E+000   0.861869727694960E-012  0.114008861076180E-012 -0.100796948508958E-005
     60.48000000  0.000000000000000E+000  0.000000000000000E+000  0.000000000000000E+000 -0.000000000000000E+000 -0.000000000000000E+000 -0.000000000000000E+000  0.000000000000000E+000  0.000000000000000E+000  0.000000000000000E+000 -0.000000000000000E+000 -0.000000000000000E+000 -0.000000000000000E+000   0.852293646778835E-012  0.105367863374297E-012 -0.103967135642073E-005
     60.56000000  0.000000000000000E+000  0.000000000000000E+000  0.000000000000000E+000 -0.000000000000000E+000 -0.000000000000000E+000 -0.000000000000000E+000  0.000000000000000E+000  0.000000000000000E+000  0.000000000000000E+000 -0.000000000000000E+000 -0.000000000000000E+000 -0.000000000000000E+000   0.841818132822125E-012  0.964883981652762E-013 -0.107087264053658E-005
     60.64000000  0.000000000000000E+000  0.000000000000000E+000  0.000000000000000E+000 -0.000000000000000E+000 -0.000000000000000E+000 -0.000000000000000E+000  0.000000000000000E+000  0.000000000000000E+000  0.000000000000000E+000 -0.000000000000000E+000 -0.000000000000000E+000 -0.000000000000000E+000   0.830699056031700E-012  0.874482742721107E-013 -0.110156829745081E-005
     60.72000000  0.000000000000000E+000  0.000000000000000E+000  0.000000000000000E+000 -0.000000000000000E+000 -0.000000000000000E+000 -0.000000000000000E+000  0.000000000000000E+000  0.000000000000000E+000  0.000000000000000E+000 -0.000000000000000E+000 -0.000000000000000E+000 -0.000000000000000E+000   0.819122083017926E-012  0.783476446195114E-013 -0.113175347450852E-005
     60.80000000  0.000000000000000E+000  0.000000000000000E+000  0.000000000000000E+000 -0.000000000000000E+000 -0.000000000000000E+000 -0.000000000000000E+000  0.000000000000000E+000  0.000000000000000E+000  0.000000000000000E+000 -0.000000000000000E+000 -0.000000000000000E+000 -0.000000000000000E+000   0.807143014303586E-012  0.692445659750605E-013 -0.116142352607054E-005
     60.88000000  0.000000000000000E+000  0.000000000000000E+000  0.000000000000000E+000 -0.000000000000000E+000 -0.000000000000000E+000 -0.000000000000000E+000  0.000000000000000E+000  0.000000000000000E+000  0.000000000000000E+000 -0.000000000000000E+000 -0.000000000000000E+000 -0.000000000000000E+000   0.794674975679882E-012  0.601102525201057E-013 -0.119057402296773E-005
     60.96000000  0.000000000000000E+000  0.000000000000000E+000  0.000000000000000E+000 -0.000000000000000E+000 -0.000000000000000E+000 -0.000000000000000E+000  0.000000000000000E+000  0.000000000000000E+000  0.000000000000000E+000 -0.000000000000000E+000 -0.000000000000000E+000 -0.000000000000000E+000   0.781517433414159E-012  0.508280097176243E-013 -0.121920075450926E-005
     61.04000000  0.000000000000000E+000  0.000000000000000E+000  0.000000000000000E+000 -0.000000000000000E+000 -0.000000000000000E+000 -0.000000000000000E+000  0.000000000000000E+000  0.000000000000000E+000  0.000000000000000E+000 -0.000000000000000E+000 -0.000000000000000E+000 -0.000000000000000E+000   0.767427845457086E-012  0.412161591648255E-013 -0.124729972528710E-005
     61.12000000  0.000000000000000E+000  0.000000000000000E+000  0.000000000000000E+000 -0.000000000000000E+000 -0.000000000000000E+000 -0.000000000000000E+000  0.000000000000000E+000  0.000000000000000E+000  0.000000000000000E+000 -0.000000000000000E+000 -0.000000000000000E+000 -0.000000000000000E+000   0.752197562872941E-012  0.310657101011357E-013 -0.127486714880382E-005
     61.20000000  0.000000000000000E+000  0.000000000000000E+000  0.000000000000000E+000 -0.000000000000000E+000 -0.000000000000000E+000 -0.000000000000000E+000  0.000000000000000E+000  0.000000000000000E+000  0.000000000000000E+000 -0.000000000000000E+000 -0.000000000000000E+000 -0.000000000000000E+000   0.735734922893331E-012  0.201756941091392E-013 -0.130189943978880E-005
     61.28000000  0.000000000000000E+000  0.000000000000000E+000  0.000000000000000E+000 -0.000000000000000E+000 -0.000000000000000E+000 -0.000000000000000E+000  0.000000000000000E+000  0.000000000000000E+000  0.000000000000000E+000 -0.000000000000000E+000 -0.000000000000000E+000 -0.000000000000000E+000   0.718116708615723E-012  0.839458540215863E-014 -0.132839320678623E-005
     61.36000000  0.000000000000000E+000  0.000000000000000E+000  0.000000000000000E+000 -0.000000000000000E+000 -0.000000000000000E+000 -0.000000000000000E+000  0.000000000000000E+000  0.000000000000000E+000  0.000000000000000E+000 -0.000000000000000E+000 -0.000000000000000E+000 -0.000000000000000E+000   0.699592625352966E-012 -0.435715128417600E-014 -0.135434524587180E-005
     61.44000000  0.000000000000000E+000  0.000000000000000E+000  0.000000000000000E+000 -0.000000000000000E+000 -0.000000000000000E+000 -0.000000000000000E+000  0.000000000000000E+000  0.000000000000000E+000  0.000000000000000E+000 -0.000000000000000E+000 -0.000000000000000E+000 -0.000000000000000E+000   0.680552010607148E-012 -0.180595455481820E-013 -0.137975253559911E-005
     61.52000000  0.000000000000000E+000  0.000000000000000E+000  0.000000000000000E+000 -0.000000000000000E+000 -0.000000000000000E+000 -0.000000000000000E+000  0.000000000000000E+000  0.000000000000000E+000  0.000000000000000E+000 -0.000000000000000E+000 -0.000000000000000E+000 -0.000000000000000E+000   0.661439006543361E-012 -0.326029707467213E-013 -0.140461223261930E-005
     61.60000000  0.000000000000000E+000  0.000000000000000E+000  0.000000000000000E+000 -0.000000000000000E+000 -0.000000000000000E+000 -0.000000000000000E+000  0.000000000000000E+000  0.000000000000000E+000  0.000000000000000E+000 -0.000000000000000E+000 -0.000000000000000E+000 -0.000000000000000E+000   0.642652992835341E-012 -0.477837439413835E-013 -0.142892166724531E-005
     61.68000000  0.000000000000000E+000  0.000000000000000E+000  0.000000000000000E+000 -0.000000000000000E+000 -0.000000000000000E+000 -0.000000000000000E+000  0.000000000000000E+000  0.000000000000000E+000  0.000000000000000E+000 -0.000000000000000E+000 -0.000000000000000E+000 -0.000000000000000E+000   0.624453087527995E-012 -0.633597055652712E-013 -0.145267833838323E-005
     61.76000000  0.000000000000000E+000  0.000000000000000E+000  0.000000000000000E+000 -0.000000000000000E+000 -0.000000000000000E+000 -0.000000000000000E+000  0.000000000000000E+000  0.000000000000000E+000  0.000000000000000E+000 -0.000000000000000E+000 -0.000000000000000E+000 -0.000000000000000E+000   0.606884239334443E-012 -0.790856083340500E-013 -0.147587990764919E-005
     61.84000000  0.000000000000000E+000  0.000000000000000E+000  0.000000000000000E+000 -0.000000000000000E+000 -0.000000000000000E+000 -0.000000000000000E+000  0.000000000000000E+000  0.000000000000000E+000  0.000000000000000E+000 -0.000000000000000E+000 -0.000000000000000E+000 -0.000000000000000E+000   0.589775980803527E-012 -0.947726404471634E-013 -0.149852419271975E-005
     61.92000000  0.000000000000000E+000  0.000000000000000E+000  0.000000000000000E+000 -0.000000000000000E+000 -0.000000000000000E+000 -0.000000000000000E+000  0.000000000000000E+000  0.000000000000000E+000  0.000000000000000E+000 -0.000000000000000E+000 -0.000000000000000E+000 -0.000000000000000E+000   0.572792843971798E-012 -0.110305369007478E-012 -0.152060916011740E-005
     62.00000000  0.000000000000000E+000  0.000000000000000E+000  0.000000000000000E+000 -0.000000000000000E+000 -0.000000000000000E+000 -0.000000000000000E+000  0.000000000000000E+000  0.000000000000000E+000  0.000000000000000E+000 -0.000000000000000E+000 -0.000000000000000E+000 -0.000000000000000E+000   0.555529482539953E-012 -0.125644614662876E-012 -0.154213291765927E-005
     62.08000000  0.000000000000000E+000  0.000000000000000E+000  0.000000000000000E+000 -0.000000000000000E+000 -0.000000000000000E+000 -0.000000000000000E+000  0.000000000000000E+000  0.000000000000000E+000  0.000000000000000E+000 -0.000000000000000E+000 -0.000000000000000E+000 -0.000000000000000E+000   0.537630651893806E-012 -0.140791108998851E-012 -0.156309370673748E-005
     62.16000000  0.000000000000000E+000  0.000000000000000E+000  0.000000000000000E+000 -0.000000000000000E+000 -0.000000000000000E+000 -0.000000000000000E+000  0.000000000000000E+000  0.000000000000000E+000  0.000000000000000E+000 -0.000000000000000E+000 -0.000000000000000E+000 -0.000000000000000E+000   0.518889291754984E-012 -0.155748081030485E-012 -0.158348989464356E-005
     62.24000000  0.000000000000000E+000  0.000000000000000E+000  0.000000000000000E+000 -0.000000000000000E+000 -0.000000000000000E+000 -0.000000000000000E+000  0.000000000000000E+000  0.000000000000000E+000  0.000000000000000E+000 -0.000000000000000E+000 -0.000000000000000E+000 -0.000000000000000E+000   0.499308496617187E-012 -0.170486612174554E-012 -0.160331996712754E-005
     62.32000000  0.000000000000000E+000  0.000000000000000E+000  0.000000000000000E+000 -0.000000000000000E+000 -0.000000000000000E+000 -0.000000000000000E+000  0.000000000000000E+000  0.000000000000000E+000  0.000000000000000E+000 -0.000000000000000E+000 -0.000000000000000E+000 -0.000000000000000E+000   0.479079360375963E-012 -0.184937290653501E-012 -0.162258252142336E-005
     62.40000000  0.000000000000000E+000  0.000000000000000E+000  0.000000000000000E+000 -0.000000000000000E+000 -0.000000000000000E+000 -0.000000000000000E+000  0.000000000000000E+000  0.000000000000000E+000  0.000000000000000E+000 -0.000000000000000E+000 -0.000000000000000E+000 -0.000000000000000E+000   0.458523337681679E-012 -0.199004510415476E-012 -0.164127625990204E-005
     62.48000000  0.000000000000000E+000  0.000000000000000E+000  0.000000000000000E+000 -0.000000000000000E+000 -0.000000000000000E+000 -0.000000000000000E+000  0.000000000000000E+000  0.000000000000000E+000  0.000000000000000E+000 -0.000000000000000E+000 -0.000000000000000E+000 -0.000000000000000E+000   0.437986811803546E-012 -0.212590983891371E-012 -0.165939998454119E-005
     62.56000000  0.000000000000000E+000  0.000000000000000E+000  0.000000000000000E+000 -0.000000000000000E+000 -0.000000000000000E+000 -0.000000000000000E+000  0.000000000000000E+000  0.000000000000000E+000  0.000000000000000E+000 -0.000000000000000E+000 -0.000000000000000E+000 -0.000000000000000E+000   0.417730428708419E-012 -0.225599539210504E-012 -0.167695259247783E-005
     62.64000000  0.000000000000000E+000  0.000000000000000E+000  0.000000000000000E+000 -0.000000000000000E+000 -0.000000000000000E+000 -0.000000000000000E+000  0.000000000000000E+000  0.000000000000000E+000  0.000000000000000E+000 -0.000000000000000E+000 -0.000000000000000E+000 -0.000000000000000E+000   0.397838016800105E-012 -0.237967830481421E-012 -0.169393307285270E-005
     62.72000000  0.000000000000000E+000  0.000000000000000E+000  0.000000000000000E+000 -0.000000000000000E+000 -0.000000000000000E+000 -0.000000000000000E+000  0.000000000000000E+000  0.000000000000000E+000  0.000000000000000E+000 -0.000000000000000E+000 -0.000000000000000E+000 -0.000000000000000E+000   0.378180899350766E-012 -0.249652702693066E-012 -0.171034050521214E-005
     62.80000000  0.000000000000000E+000  0.000000000000000E+000  0.000000000000000E+000 -0.000000000000000E+000 -0.000000000000000E+000 -0.000000000000000E+000  0.000000000000000E+000  0.000000000000000E+000  0.000000000000000E+000 -0.000000000000000E+000 -0.000000000000000E+000 -0.000000000000000E+000   0.358436949605074E-012 -0.260630034605856E-012 -0.172617405951135E-005
     62.88000000  0.000000000000000E+000  0.000000000000000E+000  0.000000000000000E+000 -0.000000000000000E+000 -0.000000000000000E+000 -0.000000000000000E+000  0.000000000000000E+000  0.000000000000000E+000  0.000000000000000E+000 -0.000000000000000E+000 -0.000000000000000E+000 -0.000000000000000E+000   0.338162460835612E-012 -0.270902410736915E-012 -0.174143299766951E-005
     62.96000000  0.000000000000000E+000  0.000000000000000E+000  0.000000000000000E+000 -0.000000000000000E+000 -0.000000000000000E+000 -0.000000000000000E+000  0.000000000000000E+000  0.000000000000000E+000  0.000000000000000E+000 -0.000000000000000E+000 -0.000000000000000E+000 -0.000000000000000E+000   0.316913637470620E-012 -0.280492562689846E-012 -0.175611667633682E-005
     63.04000000  0.000000000000000E+000  0.000000000000000E+000  0.000000000000000E+000 -0.000000000000000E+000 -0.000000000000000E+000 -0.000000000000000E+000  0.000000000000000E+000  0.000000000000000E+000  0.000000000000000E+000 -0.000000000000000E+000 -0.000000000000000E+000 -0.000000000000000E+000   0.294375373465781E-012 -0.289443256217008E-012 -0.177022455055156E-005
     63.12000000  0.000000000000000E+000  0.000000000000000E+000  0.000000000000000E+000 -0.000000000000000E+000 -0.000000000000000E+000 -0.000000000000000E+000  0.000000000000000E+000  0.000000000000000E+000  0.000000000000000E+000 -0.000000000000000E+000 -0.000000000000000E+000 -0.000000000000000E+000   0.270447815557819E-012 -0.297808501652738E-012 -0.178375617789450E-005
     63.20000000  0.000000000000000E+000  0.000000000000000E+000  0.000000000000000E+000 -0.000000000000000E+000 -0.000000000000000E+000 -0.000000000000000E+000  0.000000000000000E+000  0.000000000000000E+000  0.000000000000000E+000 -0.000000000000000E+000 -0.000000000000000E+000 -0.000000000000000E+000   0.245302368831995E-012 -0.305640547753811E-012 -0.179671122286516E-005
     63.28000000  0.000000000000000E+000  0.000000000000000E+000  0.000000000000000E+000 -0.000000000000000E+000 -0.000000000000000E+000 -0.000000000000000E+000  0.000000000000000E+000  0.000000000000000E+000  0.000000000000000E+000 -0.000000000000000E+000 -0.000000000000000E+000 -0.000000000000000E+000   0.219331971998027E-012 -0.312987762485758E-012 -0.180908946130885E-005
     63.36000000  0.000000000000000E+000  0.000000000000000E+000  0.000000000000000E+000 -0.000000000000000E+000 -0.000000000000000E+000 -0.000000000000000E+000  0.000000000000000E+000  0.000000000000000E+000  0.000000000000000E+000 -0.000000000000000E+000 -0.000000000000000E+000 -0.000000000000000E+000   0.193068389077555E-012 -0.319888579309757E-012 -0.182089078478261E-005
     63.44000000  0.000000000000000E+000  0.000000000000000E+000  0.000000000000000E+000 -0.000000000000000E+000 -0.000000000000000E+000 -0.000000000000000E+000  0.000000000000000E+000  0.000000000000000E+000  0.000000000000000E+000 -0.000000000000000E+000 -0.000000000000000E+000 -0.000000000000000E+000   0.167039227481947E-012 -0.326402103306462E-012 -0.183211520479401E-005
     63.52000000  0.000000000000000E+000  0.000000000000000E+000  0.000000000000000E+000 -0.000000000000000E+000 -0.000000000000000E+000 -0.000000000000000E+000  0.000000000000000E+000  0.000000000000000E+000  0.000000000000000E+000 -0.000000000000000E+000 -0.000000000000000E+000 -0.000000000000000E+000   0.141659999662681E-012 -0.332620839759705E-012 -0.184276285688202E-005
     63.60000000  0.000000000000000E+000  0.000000000000000E+000  0.000000000000000E+000 -0.000000000000000E+000 -0.000000000000000E+000 -0.000000000000000E+000  0.000000000000000E+000  0.000000000000000E+000  0.000000000000000E+000 -0.000000000000000E+000 -0.000000000000000E+000 -0.000000000000000E+000   0.117130826251307E-012 -0.338667640069400E-012 -0.185283400446060E-005
     63.68000000  0.000000000000000E+000  0.000000000000000E+000  0.000000000000000E+000 -0.000000000000000E+000 -0.000000000000000E+000 -0.000000000000000E+000  0.000000000000000E+000  0.000000000000000E+000  0.000000000000000E+000 -0.000000000000000E+000 -0.000000000000000E+000 -0.000000000000000E+000   0.934381258588053E-013 -0.344681455033834E-012 -0.186232904237318E-005
     63.76000000  0.000000000000000E+000  0.000000000000000E+000  0.000000000000000E+000 -0.000000000000000E+000 -0.000000000000000E+000 -0.000000000000000E+000  0.000000000000000E+000  0.000000000000000E+000  0.000000000000000E+000 -0.000000000000000E+000 -0.000000000000000E+000 -0.000000000000000E+000   0.703652299669958E-013 -0.350784824344797E-012 -0.187124850002161E-005
     63.84000000  0.000000000000000E+000  0.000000000000000E+000  0.000000000000000E+000 -0.000000000000000E+000 -0.000000000000000E+000 -0.000000000000000E+000  0.000000000000000E+000  0.000000000000000E+000  0.000000000000000E+000 -0.000000000000000E+000 -0.000000000000000E+000 -0.000000000000000E+000   0.476069040417602E-013 -0.357047107577519E-012 -0.187959304397963E-005
     63.92000000  0.000000000000000E+000  0.000000000000000E+000  0.000000000000000E+000 -0.000000000000000E+000 -0.000000000000000E+000 -0.000000000000000E+000  0.000000000000000E+000  0.000000000000000E+000  0.000000000000000E+000 -0.000000000000000E+000 -0.000000000000000E+000 -0.000000000000000E+000   0.248490695211205E-013 -0.363466281389891E-012 -0.188736348005471E-005
     64.00000000  0.000000000000000E+000  0.000000000000000E+000  0.000000000000000E+000 -0.000000000000000E+000 -0.000000000000000E+000 -0.000000000000000E+000  0.000000000000000E+000  0.000000000000000E+000  0.000000000000000E+000 -0.000000000000000E+000 -0.000000000000000E+000 -0.000000000000000E+000   0.189432405911208E-014 -0.369974465941869E-012 -0.189456075487928E-005
     64.08000000  0.000000000000000E+000  0.000000000000000E+000  0.000000000000000E+000 -0.000000000000000E+000 -0.000000000000000E+000 -0.000000000000000E+000  0.000000000000000E+000  0.000000000000000E+000  0.000000000000000E+000 -0.000000000000000E+000 -0.000000000000000E+000 -0.000000000000000E+000  -0.212802704984221E-013 -0.376459421211330E-012 -0.190118595730765E-005
     64.16000000  0.000000000000000E+000  0.000000000000000E+000  0.000000000000000E+000 -0.000000000000000E+000 -0.000000000000000E+000 -0.000000000000000E+000  0.000000000000000E+000  0.000000000000000E+000  0.000000000000000E+000 -0.000000000000000E+000 -0.000000000000000E+000 -0.000000000000000E+000  -0.444829396179055E-013 -0.382815743171233E-012 -0.190724031999496E-005
     64.24000000  0.000000000000000E+000  0.000000000000000E+000  0.000000000000000E+000 -0.000000000000000E+000 -0.000000000000000E+000 -0.000000000000000E+000  0.000000000000000E+000  0.000000000000000E+000  0.000000000000000E+000 -0.000000000000000E+000 -0.000000000000000E+000 -0.000000000000000E+000  -0.673588595664106E-013 -0.388979932961427E-012 -0.191272522154641E-005
     64.32000000  0.000000000000000E+000  0.000000000000000E+000  0.000000000000000E+000 -0.000000000000000E+000 -0.000000000000000E+000 -0.000000000000000E+000  0.000000000000000E+000  0.000000000000000E+000  0.000000000000000E+000 -0.000000000000000E+000 -0.000000000000000E+000 -0.000000000000000E+000  -0.894782004004373E-013 -0.394947631436649E-012 -0.191764218947388E-005
     64.40000000  0.000000000000000E+000  0.000000000000000E+000  0.000000000000000E+000 -0.000000000000000E+000 -0.000000000000000E+000 -0.000000000000000E+000  0.000000000000000E+000  0.000000000000000E+000  0.000000000000000E+000 -0.000000000000000E+000 -0.000000000000000E+000 -0.000000000000000E+000  -0.110463828417632E-012 -0.400786049845602E-012 -0.192199290398079E-005
     64.48000000  0.000000000000000E+000  0.000000000000000E+000  0.000000000000000E+000 -0.000000000000000E+000 -0.000000000000000E+000 -0.000000000000000E+000  0.000000000000000E+000  0.000000000000000E+000  0.000000000000000E+000 -0.000000000000000E+000 -0.000000000000000E+000 -0.000000000000000E+000  -0.130116061686768E-012 -0.406623107229466E-012 -0.192577920227596E-005
     64.56000000  0.000000000000000E+000  0.000000000000000E+000  0.000000000000000E+000 -0.000000000000000E+000 -0.000000000000000E+000 -0.000000000000000E+000  0.000000000000000E+000  0.000000000000000E+000  0.000000000000000E+000 -0.000000000000000E+000 -0.000000000000000E+000 -0.000000000000000E+000  -0.148496876667448E-012 -0.412617483101476E-012 -0.192900308308103E-005
     64.64000000  0.000000000000000E+000  0.000000000000000E+000  0.000000000000000E+000 -0.000000000000000E+000 -0.000000000000000E+000 -0.000000000000000E+000  0.000000000000000E+000  0.000000000000000E+000  0.000000000000000E+000 -0.000000000000000E+000 -0.000000000000000E+000 -0.000000000000000E+000  -0.165926596624997E-012 -0.418931320398473E-012 -0.193166671081220E-005
     64.72000000  0.000000000000000E+000  0.000000000000000E+000  0.000000000000000E+000 -0.000000000000000E+000 -0.000000000000000E+000 -0.000000000000000E+000  0.000000000000000E+000  0.000000000000000E+000  0.000000000000000E+000 -0.000000000000000E+000 -0.000000000000000E+000 -0.000000000000000E+000  -0.182922890450868E-012 -0.425681517949277E-012 -0.193377241912808E-005
     64.80000000  0.000000000000000E+000  0.000000000000000E+000  0.000000000000000E+000 -0.000000000000000E+000 -0.000000000000000E+000 -0.000000000000000E+000  0.000000000000000E+000  0.000000000000000E+000  0.000000000000000E+000 -0.000000000000000E+000 -0.000000000000000E+000 -0.000000000000000E+000  -0.200069398479955E-012 -0.432908582249777E-012 -0.193532271362464E-005
     64.88000000  0.000000000000000E+000  0.000000000000000E+000  0.000000000000000E+000 -0.000000000000000E+000 -0.000000000000000E+000 -0.000000000000000E+000  0.000000000000000E+000  0.000000000000000E+000  0.000000000000000E+000 -0.000000000000000E+000 -0.000000000000000E+000 -0.000000000000000E+000  -0.217887102945628E-012 -0.440537375830664E-012 -0.193632027363168E-005
     64.96000000  0.000000000000000E+000  0.000000000000000E+000  0.000000000000000E+000 -0.000000000000000E+000 -0.000000000000000E+000 -0.000000000000000E+000  0.000000000000000E+000  0.000000000000000E+000  0.000000000000000E+000 -0.000000000000000E+000 -0.000000000000000E+000 -0.000000000000000E+000  -0.236728708618096E-012 -0.448402028308184E-012 -0.193676795317693E-005
     65.04000000  0.000000000000000E+000  0.000000000000000E+000  0.000000000000000E+000 -0.000000000000000E+000 -0.000000000000000E+000 -0.000000000000000E+000  0.000000000000000E+000  0.000000000000000E+000  0.000000000000000E+000 -0.000000000000000E+000 -0.000000000000000E+000 -0.000000000000000E+000  -0.256727173066970E-012 -0.456269085857329E-012 -0.193666878126579E-005
     65.12000000  0.000000000000000E+000  0.000000000000000E+000  0.000000000000000E+000 -0.000000000000000E+000 -0.000000000000000E+000 -0.000000000000000E+000  0.000000000000000E+000  0.000000000000000E+000  0.000000000000000E+000 -0.000000000000000E+000 -0.000000000000000E+000 -0.000000000000000E+000  -0.277809414791506E-012 -0.463906396448615E-012 -0.193602596167415E-005
     65.20000000  0.000000000000000E+000  0.000000000000000E+000  0.000000000000000E+000 -0.000000000000000E+000 -0.000000000000000E+000 -0.000000000000000E+000  0.000000000000000E+000  0.000000000000000E+000  0.000000000000000E+000 -0.000000000000000E+000 -0.000000000000000E+000 -0.000000000000000E+000  -0.299751202963370E-012 -0.471156124088138E-012 -0.193484287243063E-005
     65.28000000  0.000000000000000E+000  0.000000000000000E+000  0.000000000000000E+000 -0.000000000000000E+000 -0.000000000000000E+000 -0.000000000000000E+000  0.000000000000000E+000  0.000000000000000E+000  0.000000000000000E+000 -0.000000000000000E+000 -0.000000000000000E+000 -0.000000000000000E+000  -0.322273205441458E-012 -0.477979904332218E-012 -0.193312306526046E-005
     65.36000000  0.000000000000000E+000  0.000000000000000E+000  0.000000000000000E+000 -0.000000000000000E+000 -0.000000000000000E+000 -0.000000000000000E+000  0.000000000000000E+000  0.000000000000000E+000  0.000000000000000E+000 -0.000000000000000E+000 -0.000000000000000E+000 -0.000000000000000E+000  -0.345119785925479E-012 -0.484467355776402E-012 -0.193087026511650E-005
     65.44000000  0.000000000000000E+000  0.000000000000000E+000  0.000000000000000E+000 -0.000000000000000E+000 -0.000000000000000E+000 -0.000000000000000E+000  0.000000000000000E+000  0.000000000000000E+000  0.000000000000000E+000 -0.000000000000000E+000 -0.000000000000000E+000 -0.000000000000000E+000  -0.368141425406666E-012 -0.490795815748254E-012 -0.192808836996909E-005
     65.52000000  0.000000000000000E+000  0.000000000000000E+000  0.000000000000000E+000 -0.000000000000000E+000 -0.000000000000000E+000 -0.000000000000000E+000  0.000000000000000E+000  0.000000000000000E+000  0.000000000000000E+000 -0.000000000000000E+000 -0.000000000000000E+000 -0.000000000000000E+000  -0.391326472978201E-012 -0.497175562498429E-012 -0.192478145087140E-005
     65.60000000  0.000000000000000E+000  0.000000000000000E+000  0.000000000000000E+000 -0.000000000000000E+000 -0.000000000000000E+000 -0.000000000000000E+000  0.000000000000000E+000  0.000000000000000E+000  0.000000000000000E+000 -0.000000000000000E+000 -0.000000000000000E+000 -0.000000000000000E+000  -0.414816633111110E-012 -0.503771299638481E-012 -0.192095375226017E-005
     65.68000000  0.000000000000000E+000  0.000000000000000E+000  0.000000000000000E+000 -0.000000000000000E+000 -0.000000000000000E+000 -0.000000000000000E+000  0.000000000000000E+000  0.000000000000000E+000  0.000000000000000E+000 -0.000000000000000E+000 -0.000000000000000E+000 -0.000000000000000E+000  -0.438847353608702E-012 -0.510642316714018E-012 -0.191660969233904E-005
     65.76000000  0.000000000000000E+000  0.000000000000000E+000  0.000000000000000E+000 -0.000000000000000E+000 -0.000000000000000E+000 -0.000000000000000E+000  0.000000000000000E+000  0.000000000000000E+000  0.000000000000000E+000 -0.000000000000000E+000 -0.000000000000000E+000 -0.000000000000000E+000  -0.463673402907584E-012 -0.517714021870437E-012 -0.191175386340089E-005
     65.84000000  0.000000000000000E+000  0.000000000000000E+000  0.000000000000000E+000 -0.000000000000000E+000 -0.000000000000000E+000 -0.000000000000000E+000  0.000000000000000E+000  0.000000000000000E+000  0.000000000000000E+000 -0.000000000000000E+000 -0.000000000000000E+000 -0.000000000000000E+000  -0.489453485116318E-012 -0.524773133717455E-012 -0.190639103189854E-005
     65.92000000  0.000000000000000E+000  0.000000000000000E+000  0.000000000000000E+000 -0.000000000000000E+000 -0.000000000000000E+000 -0.000000000000000E+000  0.000000000000000E+000  0.000000000000000E+000  0.000000000000000E+000 -0.000000000000000E+000 -0.000000000000000E+000 -0.000000000000000E+000  -0.516160696460717E-012 -0.531503983780880E-012 -0.190052613815040E-005
     66.00000000  0.000000000000000E+000  0.000000000000000E+000  0.000000000000000E+000 -0.000000000000000E+000 -0.000000000000000E+000 -0.000000000000000E+000  0.000000000000000E+000  0.000000000000000E+000  0.000000000000000E+000 -0.000000000000000E+000 -0.000000000000000E+000 -0.000000000000000E+000  -0.543537810728276E-012 -0.537542516296092E-012 -0.189416429564676E-005
     66.08000000  0.000000000000000E+000  0.000000000000000E+000  0.000000000000000E+000 -0.000000000000000E+000 -0.000000000000000E+000 -0.000000000000000E+000  0.000000000000000E+000  0.000000000000000E+000  0.000000000000000E+000 -0.000000000000000E+000 -0.000000000000000E+000 -0.000000000000000E+000  -0.571115720744016E-012 -0.542546487788982E-012 -0.188731078991931E-005
     66.16000000  0.000000000000000E+000  0.000000000000000E+000  0.000000000000000E+000 -0.000000000000000E+000 -0.000000000000000E+000 -0.000000000000000E+000  0.000000000000000E+000  0.000000000000000E+000  0.000000000000000E+000 -0.000000000000000E+000 -0.000000000000000E+000 -0.000000000000000E+000  -0.598312901873115E-012 -0.546263664647467E-012 -0.187997107706892E-005
     66.24000000  0.000000000000000E+000  0.000000000000000E+000  0.000000000000000E+000 -0.000000000000000E+000 -0.000000000000000E+000 -0.000000000000000E+000  0.000000000000000E+000  0.000000000000000E+000  0.000000000000000E+000 -0.000000000000000E+000 -0.000000000000000E+000 -0.000000000000000E+000  -0.624540013939119E-012 -0.548595015041999E-012 -0.187215078196224E-005
     66.32000000  0.000000000000000E+000  0.000000000000000E+000  0.000000000000000E+000 -0.000000000000000E+000 -0.000000000000000E+000 -0.000000000000000E+000  0.000000000000000E+000  0.000000000000000E+000  0.000000000000000E+000 -0.000000000000000E+000 -0.000000000000000E+000 -0.000000000000000E+000  -0.649319766299400E-012 -0.549594983740700E-012 -0.186385569617351E-005
     66.40000000  0.000000000000000E+000  0.000000000000000E+000  0.000000000000000E+000 -0.000000000000000E+000 -0.000000000000000E+000 -0.000000000000000E+000  0.000000000000000E+000  0.000000000000000E+000  0.000000000000000E+000 -0.000000000000000E+000 -0.000000000000000E+000 -0.000000000000000E+000  -0.672341941607355E-012 -0.549449974460830E-012 -0.185509177569575E-005
     66.48000000  0.000000000000000E+000  0.000000000000000E+000  0.000000000000000E+000 -0.000000000000000E+000 -0.000000000000000E+000 -0.000000000000000E+000  0.000000000000000E+000  0.000000000000000E+000  0.000000000000000E+000 -0.000000000000000E+000 -0.000000000000000E+000 -0.000000000000000E+000  -0.693479926381920E-012 -0.548402944862552E-012 -0.184586513845590E-005
     66.56000000  0.000000000000000E+000  0.000000000000000E+000  0.000000000000000E+000 -0.000000000000000E+000 -0.000000000000000E+000 -0.000000000000000E+000  0.000000000000000E+000  0.000000000000000E+000  0.000000000000000E+000 -0.000000000000000E+000 -0.000000000000000E+000 -0.000000000000000E+000  -0.712754138007201E-012 -0.546661381375925E-012 -0.183618206169765E-005
     66.64000000  0.000000000000000E+000  0.000000000000000E+000  0.000000000000000E+000 -0.000000000000000E+000 -0.000000000000000E+000 -0.000000000000000E+000  0.000000000000000E+000  0.000000000000000E+000  0.000000000000000E+000 -0.000000000000000E+000 -0.000000000000000E+000 -0.000000000000000E+000  -0.730275527509406E-012 -0.544318613730182E-012 -0.182604897926572E-005
     66.72000000  0.000000000000000E+000  0.000000000000000E+000  0.000000000000000E+000 -0.000000000000000E+000 -0.000000000000000E+000 -0.000000000000000E+000  0.000000000000000E+000  0.000000000000000E+000  0.000000000000000E+000 -0.000000000000000E+000 -0.000000000000000E+000 -0.000000000000000E+000  -0.746181673116988E-012 -0.541318061128338E-012 -0.181547247885529E-005
     66.80000000  0.000000000000000E+000  0.000000000000000E+000  0.000000000000000E+000 -0.000000000000000E+000 -0.000000000000000E+000 -0.000000000000000E+000  0.000000000000000E+000  0.000000000000000E+000  0.000000000000000E+000 -0.000000000000000E+000 -0.000000000000000E+000 -0.000000000000000E+000  -0.760591576308259E-012 -0.537476633446023E-012 -0.180445929917031E-005
     66.88000000  0.000000000000000E+000  0.000000000000000E+000  0.000000000000000E+000 -0.000000000000000E+000 -0.000000000000000E+000 -0.000000000000000E+000  0.000000000000000E+000  0.000000000000000E+000  0.000000000000000E+000 -0.000000000000000E+000 -0.000000000000000E+000 -0.000000000000000E+000  -0.773565424107291E-012 -0.532541865925273E-012 -0.179301632692669E-005
     66.96000000  0.000000000000000E+000  0.000000000000000E+000  0.000000000000000E+000 -0.000000000000000E+000 -0.000000000000000E+000 -0.000000000000000E+000  0.000000000000000E+000  0.000000000000000E+000  0.000000000000000E+000 -0.000000000000000E+000 -0.000000000000000E+000 -0.000000000000000E+000  -0.785082980081312E-012 -0.526278166202490E-012 -0.178115059352297E-005
     67.04000000  0.000000000000000E+000  0.000000000000000E+000  0.000000000000000E+000 -0.000000000000000E+000 -0.000000000000000E+000 -0.000000000000000E+000  0.000000000000000E+000  0.000000000000000E+000  0.000000000000000E+000 -0.000000000000000E+000 -0.000000000000000E+000 -0.000000000000000E+000  -0.795049694020729E-012 -0.518556177162778E-012 -0.176886927128490E-005
     67.12000000  0.000000000000000E+000  0.000000000000000E+000  0.000000000000000E+000 -0.000000000000000E+000 -0.000000000000000E+000 -0.000000000000000E+000  0.000000000000000E+000  0.000000000000000E+000  0.000000000000000E+000 -0.000000000000000E+000 -0.000000000000000E+000 -0.000000000000000E+000  -0.803330770231692E-012 -0.509392159579970E-012 -0.175617966919330E-005
     67.20000000  0.000000000000000E+000  0.000000000000000E+000  0.000000000000000E+000 -0.000000000000000E+000 -0.000000000000000E+000 -0.000000000000000E+000  0.000000000000000E+000  0.000000000000000E+000  0.000000000000000E+000 -0.000000000000000E+000 -0.000000000000000E+000 -0.000000000000000E+000  -0.809814589849571E-012 -0.498976147240821E-012 -0.174308922824384E-005
     67.28000000  0.000000000000000E+000  0.000000000000000E+000  0.000000000000000E+000 -0.000000000000000E+000 -0.000000000000000E+000 -0.000000000000000E+000  0.000000000000000E+000  0.000000000000000E+000  0.000000000000000E+000 -0.000000000000000E+000 -0.000000000000000E+000 -0.000000000000000E+000  -0.814502716936389E-012 -0.487638482241841E-012 -0.172960551656755E-005
     67.36000000  0.000000000000000E+000  0.000000000000000E+000  0.000000000000000E+000 -0.000000000000000E+000 -0.000000000000000E+000 -0.000000000000000E+000  0.000000000000000E+000  0.000000000000000E+000  0.000000000000000E+000 -0.000000000000000E+000 -0.000000000000000E+000 -0.000000000000000E+000  -0.817563315013689E-012 -0.475808143728994E-012 -0.171573622460111E-005
     67.44000000  0.000000000000000E+000  0.000000000000000E+000  0.000000000000000E+000 -0.000000000000000E+000 -0.000000000000000E+000 -0.000000000000000E+000  0.000000000000000E+000  0.000000000000000E+000  0.000000000000000E+000 -0.000000000000000E+000 -0.000000000000000E+000 -0.000000000000000E+000  -0.819348052083354E-012 -0.463944918754138E-012 -0.170148916046198E-005
     67.52000000  0.000000000000000E+000  0.000000000000000E+000  0.000000000000000E+000 -0.000000000000000E+000 -0.000000000000000E+000 -0.000000000000000E+000  0.000000000000000E+000  0.000000000000000E+000  0.000000000000000E+000 -0.000000000000000E+000 -0.000000000000000E+000 -0.000000000000000E+000  -0.820343297977314E-012 -0.452448168168055E-012 -0.168687224567899E-005
     67.60000000  0.000000000000000E+000  0.000000000000000E+000  0.000000000000000E+000 -0.000000000000000E+000 -0.000000000000000E+000 -0.000000000000000E+000  0.000000000000000E+000  0.000000000000000E+000  0.000000000000000E+000 -0.000000000000000E+000 -0.000000000000000E+000 -0.000000000000000E+000  -0.821082668895923E-012 -0.441601497926386E-012 -0.167189351125712E-005
     67.68000000  0.000000000000000E+000  0.000000000000000E+000  0.000000000000000E+000 -0.000000000000000E+000 -0.000000000000000E+000 -0.000000000000000E+000  0.000000000000000E+000  0.000000000000000E+000  0.000000000000000E+000 -0.000000000000000E+000 -0.000000000000000E+000 -0.000000000000000E+000  -0.822039913252764E-012 -0.431519245430318E-012 -0.165656109405737E-005
     67.76000000  0.000000000000000E+000  0.000000000000000E+000  0.000000000000000E+000 -0.000000000000000E+000 -0.000000000000000E+000 -0.000000000000000E+000  0.000000000000000E+000  0.000000000000000E+000  0.000000000000000E+000 -0.000000000000000E+000 -0.000000000000000E+000 -0.000000000000000E+000  -0.823562542439449E-012 -0.422159656598548E-012 -0.164088323339564E-005
     67.84000000  0.000000000000000E+000  0.000000000000000E+000  0.000000000000000E+000 -0.000000000000000E+000 -0.000000000000000E+000 -0.000000000000000E+000  0.000000000000000E+000  0.000000000000000E+000  0.000000000000000E+000 -0.000000000000000E+000 -0.000000000000000E+000 -0.000000000000000E+000  -0.825844928306284E-012 -0.413370711981047E-012 -0.162486826776992E-005
     67.92000000  0.000000000000000E+000  0.000000000000000E+000  0.000000000000000E+000 -0.000000000000000E+000 -0.000000000000000E+000 -0.000000000000000E+000  0.000000000000000E+000  0.000000000000000E+000  0.000000000000000E+000 -0.000000000000000E+000 -0.000000000000000E+000 -0.000000000000000E+000  -0.828950766225068E-012 -0.404982282437890E-012 -0.160852463164828E-005
     68.00000000  0.000000000000000E+000  0.000000000000000E+000  0.000000000000000E+000 -0.000000000000000E+000 -0.000000000000000E+000 -0.000000000000000E+000  0.000000000000000E+000  0.000000000000000E+000  0.000000000000000E+000 -0.000000000000000E+000 -0.000000000000000E+000 -0.000000000000000E+000  -0.832872908241615E-012 -0.396891512570062E-012 -0.159186085221143E-005
     68.08000000  0.000000000000000E+000  0.000000000000000E+000  0.000000000000000E+000 -0.000000000000000E+000 -0.000000000000000E+000 -0.000000000000000E+000  0.000000000000000E+000  0.000000000000000E+000  0.000000000000000E+000 -0.000000000000000E+000 -0.000000000000000E+000 -0.000000000000000E+000  -0.837564265347406E-012 -0.389122538675509E-012 -0.157488554600142E-005
     68.16000000  0.000000000000000E+000  0.000000000000000E+000  0.000000000000000E+000 -0.000000000000000E+000 -0.000000000000000E+000 -0.000000000000000E+000  0.000000000000000E+000  0.000000000000000E+000  0.000000000000000E+000 -0.000000000000000E+000 -0.000000000000000E+000 -0.000000000000000E+000  -0.842968757687012E-012 -0.381832022446756E-012 -0.155760741547895E-005
     68.24000000  0.000000000000000E+000  0.000000000000000E+000  0.000000000000000E+000 -0.000000000000000E+000 -0.000000000000000E+000 -0.000000000000000E+000  0.000000000000000E+000  0.000000000000000E+000  0.000000000000000E+000 -0.000000000000000E+000 -0.000000000000000E+000 -0.000000000000000E+000  -0.849036860059669E-012 -0.375261553491641E-012 -0.154003524550846E-005
     68.32000000  0.000000000000000E+000  0.000000000000000E+000  0.000000000000000E+000 -0.000000000000000E+000 -0.000000000000000E+000 -0.000000000000000E+000  0.000000000000000E+000  0.000000000000000E+000  0.000000000000000E+000 -0.000000000000000E+000 -0.000000000000000E+000 -0.000000000000000E+000  -0.855736262989665E-012 -0.369658761829551E-012 -0.152217789988100E-005
     68.40000000  0.000000000000000E+000  0.000000000000000E+000  0.000000000000000E+000 -0.000000000000000E+000 -0.000000000000000E+000 -0.000000000000000E+000  0.000000000000000E+000  0.000000000000000E+000  0.000000000000000E+000 -0.000000000000000E+000 -0.000000000000000E+000 -0.000000000000000E+000  -0.863045627019102E-012 -0.365188845488309E-012 -0.150404431801981E-005
     68.48000000  0.000000000000000E+000  0.000000000000000E+000  0.000000000000000E+000 -0.000000000000000E+000 -0.000000000000000E+000 -0.000000000000000E+000  0.000000000000000E+000  0.000000000000000E+000  0.000000000000000E+000 -0.000000000000000E+000 -0.000000000000000E+000 -0.000000000000000E+000  -0.870972536292759E-012 -0.361877139662570E-012 -0.148564351192812E-005
     68.56000000  0.000000000000000E+000  0.000000000000000E+000  0.000000000000000E+000 -0.000000000000000E+000 -0.000000000000000E+000 -0.000000000000000E+000  0.000000000000000E+000  0.000000000000000E+000  0.000000000000000E+000 -0.000000000000000E+000 -0.000000000000000E+000 -0.000000000000000E+000  -0.879508994568642E-012 -0.359583839493865E-012 -0.146698456349516E-005
     68.64000000  0.000000000000000E+000  0.000000000000000E+000  0.000000000000000E+000 -0.000000000000000E+000 -0.000000000000000E+000 -0.000000000000000E+000  0.000000000000000E+000  0.000000000000000E+000  0.000000000000000E+000 -0.000000000000000E+000 -0.000000000000000E+000 -0.000000000000000E+000  -0.888612723232450E-012 -0.358017538794257E-012 -0.144807662218990E-005
     68.72000000  0.000000000000000E+000  0.000000000000000E+000  0.000000000000000E+000 -0.000000000000000E+000 -0.000000000000000E+000 -0.000000000000000E+000  0.000000000000000E+000  0.000000000000000E+000  0.000000000000000E+000 -0.000000000000000E+000 -0.000000000000000E+000 -0.000000000000000E+000  -0.898145435308758E-012 -0.356779479298478E-012 -0.142892890316197E-005
     68.80000000  0.000000000000000E+000  0.000000000000000E+000  0.000000000000000E+000 -0.000000000000000E+000 -0.000000000000000E+000 -0.000000000000000E+000  0.000000000000000E+000  0.000000000000000E+000  0.000000000000000E+000 -0.000000000000000E+000 -0.000000000000000E+000 -0.000000000000000E+000  -0.907839069590571E-012 -0.355425789891975E-012 -0.140955068581646E-005
     68.88000000  0.000000000000000E+000  0.000000000000000E+000  0.000000000000000E+000 -0.000000000000000E+000 -0.000000000000000E+000 -0.000000000000000E+000  0.000000000000000E+000  0.000000000000000E+000  0.000000000000000E+000 -0.000000000000000E+000 -0.000000000000000E+000 -0.000000000000000E+000  -0.917295150407910E-012 -0.353531950963141E-012 -0.138995131283276E-005
     68.96000000  0.000000000000000E+000  0.000000000000000E+000  0.000000000000000E+000 -0.000000000000000E+000 -0.000000000000000E+000 -0.000000000000000E+000  0.000000000000000E+000  0.000000000000000E+000  0.000000000000000E+000 -0.000000000000000E+000 -0.000000000000000E+000 -0.000000000000000E+000  -0.926044620529369E-012 -0.350759145066536E-012 -0.137014018963477E-005
     69.04000000  0.000000000000000E+000  0.000000000000000E+000  0.000000000000000E+000 -0.000000000000000E+000 -0.000000000000000E+000 -0.000000000000000E+000  0.000000000000000E+000  0.000000000000000E+000  0.000000000000000E+000 -0.000000000000000E+000 -0.000000000000000E+000 -0.000000000000000E+000  -0.933622920154772E-012 -0.346901478695988E-012 -0.135012678416808E-005
     69.12000000  0.000000000000000E+000  0.000000000000000E+000  0.000000000000000E+000 -0.000000000000000E+000 -0.000000000000000E+000 -0.000000000000000E+000  0.000000000000000E+000  0.000000000000000E+000  0.000000000000000E+000 -0.000000000000000E+000 -0.000000000000000E+000 -0.000000000000000E+000  -0.939649155759371E-012 -0.341895943643020E-012 -0.132992062681848E-005
     69.20000000  0.000000000000000E+000  0.000000000000000E+000  0.000000000000000E+000 -0.000000000000000E+000 -0.000000000000000E+000 -0.000000000000000E+000  0.000000000000000E+000  0.000000000000000E+000  0.000000000000000E+000 -0.000000000000000E+000 -0.000000000000000E+000 -0.000000000000000E+000  -0.943874378211138E-012 -0.335794492767568E-012 -0.130953131021082E-005
     69.28000000  0.000000000000000E+000  0.000000000000000E+000  0.000000000000000E+000 -0.000000000000000E+000 -0.000000000000000E+000 -0.000000000000000E+000  0.000000000000000E+000  0.000000000000000E+000  0.000000000000000E+000 -0.000000000000000E+000 -0.000000000000000E+000 -0.000000000000000E+000  -0.946175101902079E-012 -0.328700515789578E-012 -0.128896848869944E-005
     69.36000000  0.000000000000000E+000  0.000000000000000E+000  0.000000000000000E+000 -0.000000000000000E+000 -0.000000000000000E+000 -0.000000000000000E+000  0.000000000000000E+000  0.000000000000000E+000  0.000000000000000E+000 -0.000000000000000E+000 -0.000000000000000E+000 -0.000000000000000E+000  -0.946514951598335E-012 -0.320697411698522E-012 -0.126824187730687E-005
     69.44000000  0.000000000000000E+000  0.000000000000000E+000  0.000000000000000E+000 -0.000000000000000E+000 -0.000000000000000E+000 -0.000000000000000E+000  0.000000000000000E+000  0.000000000000000E+000  0.000000000000000E+000 -0.000000000000000E+000 -0.000000000000000E+000 -0.000000000000000E+000  -0.944911420349820E-012 -0.311782277994835E-012 -0.124736125004290E-005
     69.52000000  0.000000000000000E+000  0.000000000000000E+000  0.000000000000000E+000 -0.000000000000000E+000 -0.000000000000000E+000 -0.000000000000000E+000  0.000000000000000E+000  0.000000000000000E+000  0.000000000000000E+000 -0.000000000000000E+000 -0.000000000000000E+000 -0.000000000000000E+000  -0.941392598529764E-012 -0.301846182978855E-012 -0.122633643754809E-005
     69.60000000  0.000000000000000E+000  0.000000000000000E+000  0.000000000000000E+000 -0.000000000000000E+000 -0.000000000000000E+000 -0.000000000000000E+000  0.000000000000000E+000  0.000000000000000E+000  0.000000000000000E+000 -0.000000000000000E+000 -0.000000000000000E+000 -0.000000000000000E+000  -0.936003263938864E-012 -0.290712606490209E-012 -0.120517732409649E-005
     69.68000000  0.000000000000000E+000  0.000000000000000E+000  0.000000000000000E+000 -0.000000000000000E+000 -0.000000000000000E+000 -0.000000000000000E+000  0.000000000000000E+000  0.000000000000000E+000  0.000000000000000E+000 -0.000000000000000E+000 -0.000000000000000E+000 -0.000000000000000E+000  -0.928803253494241E-012 -0.278198972145698E-012 -0.118389384399834E-005
     69.76000000  0.000000000000000E+000  0.000000000000000E+000  0.000000000000000E+000 -0.000000000000000E+000 -0.000000000000000E+000 -0.000000000000000E+000  0.000000000000000E+000  0.000000000000000E+000  0.000000000000000E+000 -0.000000000000000E+000 -0.000000000000000E+000 -0.000000000000000E+000  -0.919862011097960E-012 -0.264203155378881E-012 -0.116249597750712E-005
     69.84000000  0.000000000000000E+000  0.000000000000000E+000  0.000000000000000E+000 -0.000000000000000E+000 -0.000000000000000E+000 -0.000000000000000E+000  0.000000000000000E+000  0.000000000000000E+000  0.000000000000000E+000 -0.000000000000000E+000 -0.000000000000000E+000 -0.000000000000000E+000  -0.909254436046215E-012 -0.248748225853624E-012 -0.114099374632908E-005
     69.92000000  0.000000000000000E+000  0.000000000000000E+000  0.000000000000000E+000 -0.000000000000000E+000 -0.000000000000000E+000 -0.000000000000000E+000  0.000000000000000E+000  0.000000000000000E+000  0.000000000000000E+000 -0.000000000000000E+000 -0.000000000000000E+000 -0.000000000000000E+000  -0.897047934844487E-012 -0.232007177563511E-012 -0.111939720887067E-005
     70.00000000  0.000000000000000E+000  0.000000000000000E+000  0.000000000000000E+000 -0.000000000000000E+000 -0.000000000000000E+000 -0.000000000000000E+000  0.000000000000000E+000  0.000000000000000E+000  0.000000000000000E+000 -0.000000000000000E+000 -0.000000000000000E+000 -0.000000000000000E+000  -0.883316533654858E-012 -0.214277091942711E-012 -0.109771645533768E-005
     70.08000000  0.000000000000000E+000  0.000000000000000E+000  0.000000000000000E+000 -0.000000000000000E+000 -0.000000000000000E+000 -0.000000000000000E+000  0.000000000000000E+000  0.000000000000000E+000  0.000000000000000E+000 -0.000000000000000E+000 -0.000000000000000E+000 -0.000000000000000E+000  -0.868171778308894E-012 -0.195928267451410E-012 -0.107596160281152E-005
     70.16000000  0.000000000000000E+000  0.000000000000000E+000  0.000000000000000E+000 -0.000000000000000E+000 -0.000000000000000E+000 -0.000000000000000E+000  0.000000000000000E+000  0.000000000000000E+000  0.000000000000000E+000 -0.000000000000000E+000 -0.000000000000000E+000 -0.000000000000000E+000  -0.851815642620750E-012 -0.177349240235782E-012 -0.105414279039672E-005
     70.24000000  0.000000000000000E+000  0.000000000000000E+000  0.000000000000000E+000 -0.000000000000000E+000 -0.000000000000000E+000 -0.000000000000000E+000  0.000000000000000E+000  0.000000000000000E+000  0.000000000000000E+000 -0.000000000000000E+000 -0.000000000000000E+000 -0.000000000000000E+000  -0.834556228236953E-012 -0.158902506515932E-012 -0.103227017446937E-005
     70.32000000  0.000000000000000E+000  0.000000000000000E+000  0.000000000000000E+000 -0.000000000000000E+000 -0.000000000000000E+000 -0.000000000000000E+000  0.000000000000000E+000  0.000000000000000E+000  0.000000000000000E+000 -0.000000000000000E+000 -0.000000000000000E+000 -0.000000000000000E+000  -0.816804462086322E-012 -0.140882482395692E-012 -0.101035392407736E-005
     70.40000000  0.000000000000000E+000  0.000000000000000E+000  0.000000000000000E+000 -0.000000000000000E+000 -0.000000000000000E+000 -0.000000000000000E+000  0.000000000000000E+000  0.000000000000000E+000  0.000000000000000E+000 -0.000000000000000E+000 -0.000000000000000E+000 -0.000000000000000E+000  -0.799007592874342E-012 -0.123497347993732E-012 -0.988404216534530E-006
     70.48000000  0.000000000000000E+000  0.000000000000000E+000  0.000000000000000E+000 -0.000000000000000E+000 -0.000000000000000E+000 -0.000000000000000E+000  0.000000000000000E+000  0.000000000000000E+000  0.000000000000000E+000 -0.000000000000000E+000 -0.000000000000000E+000 -0.000000000000000E+000  -0.781579291665608E-012 -0.106858784666891E-012 -0.966431233270763E-006
     70.56000000  0.000000000000000E+000  0.000000000000000E+000  0.000000000000000E+000 -0.000000000000000E+000 -0.000000000000000E+000 -0.000000000000000E+000  0.000000000000000E+000  0.000000000000000E+000  0.000000000000000E+000 -0.000000000000000E+000 -0.000000000000000E+000 -0.000000000000000E+000  -0.764827443768161E-012 -0.909993448324799E-013 -0.944445156039361E-006
     70.64000000  0.000000000000000E+000  0.000000000000000E+000  0.000000000000000E+000 -0.000000000000000E+000 -0.000000000000000E+000 -0.000000000000000E+000  0.000000000000000E+000  0.000000000000000E+000  0.000000000000000E+000 -0.000000000000000E+000 -0.000000000000000E+000 -0.000000000000000E+000  -0.748928233038919E-012 -0.759029730123548E-013 -0.922456163562537E-006
     70.72000000  0.000000000000000E+000  0.000000000000000E+000  0.000000000000000E+000 -0.000000000000000E+000 -0.000000000000000E+000 -0.000000000000000E+000  0.000000000000000E+000  0.000000000000000E+000  0.000000000000000E+000 -0.000000000000000E+000 -0.000000000000000E+000 -0.000000000000000E+000  -0.733950325364502E-012 -0.615623676570243E-013 -0.900474428674159E-006
     70.80000000  0.000000000000000E+000  0.000000000000000E+000  0.000000000000000E+000 -0.000000000000000E+000 -0.000000000000000E+000 -0.000000000000000E+000  0.000000000000000E+000  0.000000000000000E+000  0.000000000000000E+000 -0.000000000000000E+000 -0.000000000000000E+000 -0.000000000000000E+000  -0.719888642060843E-012 -0.480066089761469E-013 -0.878510115905683E-006
     70.88000000  0.000000000000000E+000  0.000000000000000E+000  0.000000000000000E+000 -0.000000000000000E+000 -0.000000000000000E+000 -0.000000000000000E+000  0.000000000000000E+000  0.000000000000000E+000  0.000000000000000E+000 -0.000000000000000E+000 -0.000000000000000E+000 -0.000000000000000E+000  -0.706699874521579E-012 -0.353258988258827E-013 -0.856573379471146E-006
     70.96000000  0.000000000000000E+000  0.000000000000000E+000  0.000000000000000E+000 -0.000000000000000E+000 -0.000000000000000E+000 -0.000000000000000E+000  0.000000000000000E+000  0.000000000000000E+000  0.000000000000000E+000 -0.000000000000000E+000 -0.000000000000000E+000 -0.000000000000000E+000  -0.694317191972659E-012 -0.236444375845444E-013 -0.834674361517809E-006
     71.04000000  0.000000000000000E+000  0.000000000000000E+000  0.000000000000000E+000 -0.000000000000000E+000 -0.000000000000000E+000 -0.000000000000000E+000  0.000000000000000E+000  0.000000000000000E+000  0.000000000000000E+000 -0.000000000000000E+000 -0.000000000000000E+000 -0.000000000000000E+000  -0.682638876423457E-012 -0.130559449929797E-013 -0.812823190500896E-006
     71.12000000  0.000000000000000E+000  0.000000000000000E+000  0.000000000000000E+000 -0.000000000000000E+000 -0.000000000000000E+000 -0.000000000000000E+000  0.000000000000000E+000  0.000000000000000E+000  0.000000000000000E+000 -0.000000000000000E+000 -0.000000000000000E+000 -0.000000000000000E+000  -0.671536940819185E-012 -0.356922642924927E-014 -0.791029979601450E-006
     71.20000000  0.000000000000000E+000  0.000000000000000E+000  0.000000000000000E+000 -0.000000000000000E+000 -0.000000000000000E+000 -0.000000000000000E+000  0.000000000000000E+000  0.000000000000000E+000  0.000000000000000E+000 -0.000000000000000E+000 -0.000000000000000E+000 -0.000000000000000E+000  -0.660850717691652E-012  0.494977870138383E-014 -0.769304825059212E-006
     71.28000000  0.000000000000000E+000  0.000000000000000E+000  0.000000000000000E+000 -0.000000000000000E+000 -0.000000000000000E+000 -0.000000000000000E+000  0.000000000000000E+000  0.000000000000000E+000  0.000000000000000E+000 -0.000000000000000E+000 -0.000000000000000E+000 -0.000000000000000E+000  -0.650421858560650E-012  0.127704399267282E-013 -0.747657804308876E-006
     71.36000000  0.000000000000000E+000  0.000000000000000E+000  0.000000000000000E+000 -0.000000000000000E+000 -0.000000000000000E+000 -0.000000000000000E+000  0.000000000000000E+000  0.000000000000000E+000  0.000000000000000E+000 -0.000000000000000E+000 -0.000000000000000E+000 -0.000000000000000E+000  -0.640111030145458E-012  0.202546890292320E-013 -0.726098973754692E-006
     71.44000000  0.000000000000000E+000  0.000000000000000E+000  0.000000000000000E+000 -0.000000000000000E+000 -0.000000000000000E+000 -0.000000000000000E+000  0.000000000000000E+000  0.000000000000000E+000  0.000000000000000E+000 -0.000000000000000E+000 -0.000000000000000E+000 -0.000000000000000E+000  -0.629794033071657E-012  0.277838017651041E-013 -0.704638366109169E-006
     71.52000000  0.000000000000000E+000  0.000000000000000E+000  0.000000000000000E+000 -0.000000000000000E+000 -0.000000000000000E+000 -0.000000000000000E+000  0.000000000000000E+000  0.000000000000000E+000  0.000000000000000E+000 -0.000000000000000E+000 -0.000000000000000E+000 -0.000000000000000E+000  -0.619331766961215E-012  0.356919337614137E-013 -0.683285987177598E-006
     71.60000000  0.000000000000000E+000  0.000000000000000E+000  0.000000000000000E+000 -0.000000000000000E+000 -0.000000000000000E+000 -0.000000000000000E+000  0.000000000000000E+000  0.000000000000000E+000  0.000000000000000E+000 -0.000000000000000E+000 -0.000000000000000E+000 -0.000000000000000E+000  -0.608531336938311E-012  0.442220138164606E-013 -0.662051812170887E-006
     71.68000000  0.000000000000000E+000  0.000000000000000E+000  0.000000000000000E+000 -0.000000000000000E+000 -0.000000000000000E+000 -0.000000000000000E+000  0.000000000000000E+000  0.000000000000000E+000  0.000000000000000E+000 -0.000000000000000E+000 -0.000000000000000E+000 -0.000000000000000E+000  -0.597114885577573E-012  0.535080458051458E-013 -0.640945781631973E-006
     71.76000000  0.000000000000000E+000  0.000000000000000E+000  0.000000000000000E+000 -0.000000000000000E+000 -0.000000000000000E+000 -0.000000000000000E+000  0.000000000000000E+000  0.000000000000000E+000  0.000000000000000E+000 -0.000000000000000E+000 -0.000000000000000E+000 -0.000000000000000E+000  -0.584733248581025E-012  0.636013968170635E-013 -0.619977797199108E-006
     71.84000000  0.000000000000000E+000  0.000000000000000E+000  0.000000000000000E+000 -0.000000000000000E+000 -0.000000000000000E+000 -0.000000000000000E+000  0.000000000000000E+000  0.000000000000000E+000  0.000000000000000E+000 -0.000000000000000E+000 -0.000000000000000E+000 -0.000000000000000E+000  -0.571013485749578E-012  0.745052429120500E-013 -0.599157717420021E-006
     71.92000000  0.000000000000000E+000  0.000000000000000E+000  0.000000000000000E+000 -0.000000000000000E+000 -0.000000000000000E+000 -0.000000000000000E+000  0.000000000000000E+000  0.000000000000000E+000  0.000000000000000E+000 -0.000000000000000E+000 -0.000000000000000E+000 -0.000000000000000E+000  -0.555624001879903E-012  0.862087729380256E-013 -0.578495353835445E-006
     72.00000000  0.000000000000000E+000  0.000000000000000E+000  0.000000000000000E+000 -0.000000000000000E+000 -0.000000000000000E+000 -0.000000000000000E+000  0.000000000000000E+000  0.000000000000000E+000  0.000000000000000E+000 -0.000000000000000E+000 -0.000000000000000E+000 -0.000000000000000E+000  -0.538328848478105E-012  0.987266911359820E-013 -0.558000467455230E-006
     72.08000000  0.000000000000000E+000  0.000000000000000E+000  0.000000000000000E+000 -0.000000000000000E+000 -0.000000000000000E+000 -0.000000000000000E+000  0.000000000000000E+000  0.000000000000000E+000  0.000000000000000E+000 -0.000000000000000E+000 -0.000000000000000E+000 -0.000000000000000E+000  -0.519011985544028E-012  0.112116590977851E-012 -0.537682765752644E-006
     72.16000000  0.000000000000000E+000  0.000000000000000E+000  0.000000000000000E+000 -0.000000000000000E+000 -0.000000000000000E+000 -0.000000000000000E+000  0.000000000000000E+000  0.000000000000000E+000  0.000000000000000E+000 -0.000000000000000E+000 -0.000000000000000E+000 -0.000000000000000E+000  -0.497651135483726E-012  0.126488146038669E-012 -0.517551900180578E-006
     72.24000000  0.000000000000000E+000  0.000000000000000E+000  0.000000000000000E+000 -0.000000000000000E+000 -0.000000000000000E+000 -0.000000000000000E+000  0.000000000000000E+000  0.000000000000000E+000  0.000000000000000E+000 -0.000000000000000E+000 -0.000000000000000E+000 -0.000000000000000E+000  -0.474303212385966E-012  0.141980696877366E-012 -0.497617464163652E-006
     72.32000000  0.000000000000000E+000  0.000000000000000E+000  0.000000000000000E+000 -0.000000000000000E+000 -0.000000000000000E+000 -0.000000000000000E+000  0.000000000000000E+000  0.000000000000000E+000  0.000000000000000E+000 -0.000000000000000E+000 -0.000000000000000E+000 -0.000000000000000E+000  -0.449083992729541E-012  0.158722520924173E-012 -0.477888991440726E-006
     72.40000000  0.000000000000000E+000  0.000000000000000E+000  0.000000000000000E+000 -0.000000000000000E+000 -0.000000000000000E+000 -0.000000000000000E+000  0.000000000000000E+000  0.000000000000000E+000  0.000000000000000E+000 -0.000000000000000E+000 -0.000000000000000E+000 -0.000000000000000E+000  -0.422159820232764E-012  0.176760685352984E-012 -0.458375954595503E-006
     72.48000000  0.000000000000000E+000  0.000000000000000E+000  0.000000000000000E+000 -0.000000000000000E+000 -0.000000000000000E+000 -0.000000000000000E+000  0.000000000000000E+000  0.000000000000000E+000  0.000000000000000E+000 -0.000000000000000E+000 -0.000000000000000E+000 -0.000000000000000E+000  -0.393762936773356E-012  0.195992906982599E-012 -0.439087763574014E-006
     72.56000000  0.000000000000000E+000  0.000000000000000E+000  0.000000000000000E+000 -0.000000000000000E+000 -0.000000000000000E+000 -0.000000000000000E+000  0.000000000000000E+000  0.000000000000000E+000  0.000000000000000E+000 -0.000000000000000E+000 -0.000000000000000E+000 -0.000000000000000E+000  -0.364181968514376E-012  0.216125398897810E-012 -0.420033764041369E-006
     72.64000000  0.000000000000000E+000  0.000000000000000E+000  0.000000000000000E+000 -0.000000000000000E+000 -0.000000000000000E+000 -0.000000000000000E+000  0.000000000000000E+000  0.000000000000000E+000  0.000000000000000E+000 -0.000000000000000E+000 -0.000000000000000E+000 -0.000000000000000E+000  -0.333742189911071E-012  0.236693954417068E-012 -0.401223235492954E-006
     72.72000000  0.000000000000000E+000  0.000000000000000E+000  0.000000000000000E+000 -0.000000000000000E+000 -0.000000000000000E+000 -0.000000000000000E+000  0.000000000000000E+000  0.000000000000000E+000  0.000000000000000E+000 -0.000000000000000E+000 -0.000000000000000E+000 -0.000000000000000E+000  -0.302761649662956E-012  0.257117810356798E-012 -0.382665389089218E-006
     72.80000000  0.000000000000000E+000  0.000000000000000E+000  0.000000000000000E+000 -0.000000000000000E+000 -0.000000000000000E+000 -0.000000000000000E+000  0.000000000000000E+000  0.000000000000000E+000  0.000000000000000E+000 -0.000000000000000E+000 -0.000000000000000E+000 -0.000000000000000E+000  -0.271523453286060E-012  0.276820921569687E-012 -0.364369365261281E-006
     72.88000000  0.000000000000000E+000  0.000000000000000E+000  0.000000000000000E+000 -0.000000000000000E+000 -0.000000000000000E+000 -0.000000000000000E+000  0.000000000000000E+000  0.000000000000000E+000  0.000000000000000E+000 -0.000000000000000E+000 -0.000000000000000E+000 -0.000000000000000E+000  -0.240269487539927E-012  0.295331167200272E-012 -0.346344231080254E-006
     72.96000000  0.000000000000000E+000  0.000000000000000E+000  0.000000000000000E+000 -0.000000000000000E+000 -0.000000000000000E+000 -0.000000000000000E+000  0.000000000000000E+000  0.000000000000000E+000  0.000000000000000E+000 -0.000000000000000E+000 -0.000000000000000E+000 -0.000000000000000E+000  -0.209223492601212E-012  0.312355479872147E-012 -0.328598977459647E-006
     73.04000000  0.000000000000000E+000  0.000000000000000E+000  0.000000000000000E+000 -0.000000000000000E+000 -0.000000000000000E+000 -0.000000000000000E+000  0.000000000000000E+000  0.000000000000000E+000  0.000000000000000E+000 -0.000000000000000E+000 -0.000000000000000E+000 -0.000000000000000E+000  -0.178634669327590E-012  0.327800180000100E-012 -0.311142516152324E-006
     73.12000000  0.000000000000000E+000  0.000000000000000E+000  0.000000000000000E+000 -0.000000000000000E+000 -0.000000000000000E+000 -0.000000000000000E+000  0.000000000000000E+000  0.000000000000000E+000  0.000000000000000E+000 -0.000000000000000E+000 -0.000000000000000E+000 -0.000000000000000E+000  -0.148804244720702E-012  0.341721513332531E-012 -0.293983676516451E-006
     73.20000000  0.000000000000000E+000  0.000000000000000E+000  0.000000000000000E+000 -0.000000000000000E+000 -0.000000000000000E+000 -0.000000000000000E+000  0.000000000000000E+000  0.000000000000000E+000  0.000000000000000E+000 -0.000000000000000E+000 -0.000000000000000E+000 -0.000000000000000E+000  -0.120072073747235E-012  0.354246510718145E-012 -0.277131201989767E-006
     73.28000000  0.000000000000000E+000  0.000000000000000E+000  0.000000000000000E+000 -0.000000000000000E+000 -0.000000000000000E+000 -0.000000000000000E+000  0.000000000000000E+000  0.000000000000000E+000  0.000000000000000E+000 -0.000000000000000E+000 -0.000000000000000E+000 -0.000000000000000E+000  -0.927850556763178E-013  0.365481796915315E-012 -0.260593746185920E-006
     73.36000000  0.000000000000000E+000  0.000000000000000E+000  0.000000000000000E+000 -0.000000000000000E+000 -0.000000000000000E+000 -0.000000000000000E+000  0.000000000000000E+000  0.000000000000000E+000  0.000000000000000E+000 -0.000000000000000E+000 -0.000000000000000E+000 -0.000000000000000E+000  -0.672383241428027E-013  0.375452591169296E-012 -0.244379868508425E-006
     73.44000000  0.000000000000000E+000  0.000000000000000E+000  0.000000000000000E+000 -0.000000000000000E+000 -0.000000000000000E+000 -0.000000000000000E+000  0.000000000000000E+000  0.000000000000000E+000  0.000000000000000E+000 -0.000000000000000E+000 -0.000000000000000E+000 -0.000000000000000E+000  -0.436519553725312E-013  0.384071237240281E-012 -0.228498029256536E-006
     73.52000000  0.000000000000000E+000  0.000000000000000E+000  0.000000000000000E+000 -0.000000000000000E+000 -0.000000000000000E+000 -0.000000000000000E+000  0.000000000000000E+000  0.000000000000000E+000  0.000000000000000E+000 -0.000000000000000E+000 -0.000000000000000E+000 -0.000000000000000E+000  -0.221554116379708E-013  0.391136982045451E-012 -0.212956584185061E-006
     73.60000000  0.000000000000000E+000  0.000000000000000E+000  0.000000000000000E+000 -0.000000000000000E+000 -0.000000000000000E+000 -0.000000000000000E+000  0.000000000000000E+000  0.000000000000000E+000  0.000000000000000E+000 -0.000000000000000E+000 -0.000000000000000E+000 -0.000000000000000E+000  -0.280165345454735E-014  0.396390851598244E-012 -0.197763778645785E-006
     73.68000000  0.000000000000000E+000  0.000000000000000E+000  0.000000000000000E+000 -0.000000000000000E+000 -0.000000000000000E+000 -0.000000000000000E+000  0.000000000000000E+000  0.000000000000000E+000  0.000000000000000E+000 -0.000000000000000E+000 -0.000000000000000E+000 -0.000000000000000E+000   0.144270007081687E-013  0.399584660978579E-012 -0.182927741462924E-006
     73.76000000  0.000000000000000E+000  0.000000000000000E+000  0.000000000000000E+000 -0.000000000000000E+000 -0.000000000000000E+000 -0.000000000000000E+000  0.000000000000000E+000  0.000000000000000E+000  0.000000000000000E+000 -0.000000000000000E+000 -0.000000000000000E+000 -0.000000000000000E+000   0.296165968489822E-013  0.400575944013210E-012 -0.168456478788291E-006
     73.84000000  0.000000000000000E+000  0.000000000000000E+000  0.000000000000000E+000 -0.000000000000000E+000 -0.000000000000000E+000 -0.000000000000000E+000  0.000000000000000E+000  0.000000000000000E+000  0.000000000000000E+000 -0.000000000000000E+000 -0.000000000000000E+000 -0.000000000000000E+000   0.429549120079040E-013  0.399413172319401E-012 -0.154357868132118E-006
     73.92000000  0.000000000000000E+000  0.000000000000000E+000  0.000000000000000E+000 -0.000000000000000E+000 -0.000000000000000E+000 -0.000000000000000E+000  0.000000000000000E+000  0.000000000000000E+000  0.000000000000000E+000 -0.000000000000000E+000 -0.000000000000000E+000 -0.000000000000000E+000   0.547372605201467E-013  0.396396859634311E-012 -0.140639652742825E-006
     74.00000000  0.000000000000000E+000  0.000000000000000E+000  0.000000000000000E+000 -0.000000000000000E+000 -0.000000000000000E+000 -0.000000000000000E+000  0.000000000000000E+000  0.000000000000000E+000  0.000000000000000E+000 -0.000000000000000E+000 -0.000000000000000E+000 -0.000000000000000E+000   0.653684488426802E-013  0.392085309341369E-012 -0.127309436408160E-006
     74.08000000  0.000000000000000E+000  0.000000000000000E+000  0.000000000000000E+000 -0.000000000000000E+000 -0.000000000000000E+000 -0.000000000000000E+000  0.000000000000000E+000  0.000000000000000E+000  0.000000000000000E+000 -0.000000000000000E+000 -0.000000000000000E+000 -0.000000000000000E+000   0.753111037837496E-013  0.387218682672297E-012 -0.114374678691847E-006
     74.16000000  0.000000000000000E+000  0.000000000000000E+000  0.000000000000000E+000 -0.000000000000000E+000 -0.000000000000000E+000 -0.000000000000000E+000  0.000000000000000E+000  0.000000000000000E+000  0.000000000000000E+000 -0.000000000000000E+000 -0.000000000000000E+000 -0.000000000000000E+000   0.850344713062520E-013  0.382610111680585E-012 -0.101842690614831E-006
     74.24000000  0.000000000000000E+000  0.000000000000000E+000  0.000000000000000E+000 -0.000000000000000E+000 -0.000000000000000E+000 -0.000000000000000E+000  0.000000000000000E+000  0.000000000000000E+000  0.000000000000000E+000 -0.000000000000000E+000 -0.000000000000000E+000 -0.000000000000000E+000   0.949561587310019E-013  0.378974059496738E-012 -0.897206307305963E-007
     74.32000000  0.000000000000000E+000  0.000000000000000E+000  0.000000000000000E+000 -0.000000000000000E+000 -0.000000000000000E+000 -0.000000000000000E+000  0.000000000000000E+000  0.000000000000000E+000  0.000000000000000E+000 -0.000000000000000E+000 -0.000000000000000E+000 -0.000000000000000E+000   0.105423246529439E-012  0.376819538460975E-012 -0.780155016075984E-007
     74.40000000  0.000000000000000E+000  0.000000000000000E+000  0.000000000000000E+000 -0.000000000000000E+000 -0.000000000000000E+000 -0.000000000000000E+000  0.000000000000000E+000  0.000000000000000E+000  0.000000000000000E+000 -0.000000000000000E+000 -0.000000000000000E+000 -0.000000000000000E+000   0.116726963451783E-012  0.376376888328731E-012 -0.667341466704900E-007
     74.48000000  0.000000000000000E+000  0.000000000000000E+000  0.000000000000000E+000 -0.000000000000000E+000 -0.000000000000000E+000 -0.000000000000000E+000  0.000000000000000E+000  0.000000000000000E+000  0.000000000000000E+000 -0.000000000000000E+000 -0.000000000000000E+000 -0.000000000000000E+000   0.129130573863333E-012  0.377620880066814E-012 -0.558832473502169E-007
     74.56000000  0.000000000000000E+000  0.000000000000000E+000  0.000000000000000E+000 -0.000000000000000E+000 -0.000000000000000E+000 -0.000000000000000E+000  0.000000000000000E+000  0.000000000000000E+000  0.000000000000000E+000 -0.000000000000000E+000 -0.000000000000000E+000 -0.000000000000000E+000   0.142900848720300E-012  0.380362694345485E-012 -0.454693204647818E-007
     74.64000000  0.000000000000000E+000  0.000000000000000E+000  0.000000000000000E+000 -0.000000000000000E+000 -0.000000000000000E+000 -0.000000000000000E+000  0.000000000000000E+000  0.000000000000000E+000  0.000000000000000E+000 -0.000000000000000E+000 -0.000000000000000E+000 -0.000000000000000E+000   0.158304834045004E-012  0.384381241260067E-012 -0.354987157056229E-007
     74.72000000  0.000000000000000E+000  0.000000000000000E+000  0.000000000000000E+000 -0.000000000000000E+000 -0.000000000000000E+000 -0.000000000000000E+000  0.000000000000000E+000  0.000000000000000E+000  0.000000000000000E+000 -0.000000000000000E+000 -0.000000000000000E+000 -0.000000000000000E+000   0.175593956572218E-012  0.389532531483843E-012 -0.259776131421439E-007
     74.80000000  0.000000000000000E+000  0.000000000000000E+000  0.000000000000000E+000 -0.000000000000000E+000 -0.000000000000000E+000 -0.000000000000000E+000  0.000000000000000E+000  0.000000000000000E+000  0.000000000000000E+000 -0.000000000000000E+000 -0.000000000000000E+000 -0.000000000000000E+000   0.194970684783335E-012  0.395823774961262E-012 -0.169120206491553E-007
     74.88000000  0.000000000000000E+000  0.000000000000000E+000  0.000000000000000E+000 -0.000000000000000E+000 -0.000000000000000E+000 -0.000000000000000E+000  0.000000000000000E+000  0.000000000000000E+000  0.000000000000000E+000 -0.000000000000000E+000 -0.000000000000000E+000 -0.000000000000000E+000   0.216579670824036E-012  0.403428588600210E-012 -0.830777120343523E-008
     74.96000000  0.000000000000000E+000  0.000000000000000E+000  0.000000000000000E+000 -0.000000000000000E+000 -0.000000000000000E+000 -0.000000000000000E+000  0.000000000000000E+000  0.000000000000000E+000  0.000000000000000E+000 -0.000000000000000E+000 -0.000000000000000E+000 -0.000000000000000E+000   0.240502180164660E-012  0.412642840632704E-012 -0.170520033767634E-009
     75.04000000  0.000000000000000E+000  0.000000000000000E+000  0.000000000000000E+000 -0.000000000000000E+000 -0.000000000000000E+000 -0.000000000000000E+000  0.000000000000000E+000  0.000000000000000E+000  0.000000000000000E+000 -0.000000000000000E+000 -0.000000000000000E+000 -0.000000000000000E+000   0.266763559795578E-012  0.423799285003143E-012  0.749425835707704E-008
     75.12000000  0.000000000000000E+000  0.000000000000000E+000  0.000000000000000E+000 -0.000000000000000E+000 -0.000000000000000E+000 -0.000000000000000E+000  0.000000000000000E+000  0.000000000000000E+000  0.000000000000000E+000 -0.000000000000000E+000 -0.000000000000000E+000 -0.000000000000000E+000   0.295321666125817E-012  0.437158763939055E-012  0.146812732742026E-007
     75.20000000  0.000000000000000E+000  0.000000000000000E+000  0.000000000000000E+000 -0.000000000000000E+000 -0.000000000000000E+000 -0.000000000000000E+000  0.000000000000000E+000  0.000000000000000E+000  0.000000000000000E+000 -0.000000000000000E+000 -0.000000000000000E+000 -0.000000000000000E+000   0.326051121464011E-012  0.452801903432274E-012  0.213854209784436E-007
     75.28000000  0.000000000000000E+000  0.000000000000000E+000  0.000000000000000E+000 -0.000000000000000E+000 -0.000000000000000E+000 -0.000000000000000E+000  0.000000000000000E+000  0.000000000000000E+000  0.000000000000000E+000 -0.000000000000000E+000 -0.000000000000000E+000 -0.000000000000000E+000   0.358710232048640E-012  0.470539756407943E-012  0.276017878207036E-007
     75.36000000  0.000000000000000E+000  0.000000000000000E+000  0.000000000000000E+000 -0.000000000000000E+000 -0.000000000000000E+000 -0.000000000000000E+000  0.000000000000000E+000  0.000000000000000E+000  0.000000000000000E+000 -0.000000000000000E+000 -0.000000000000000E+000 -0.000000000000000E+000   0.392912019521235E-012  0.489887160714885E-012  0.333256533653635E-007
     75.44000000  0.000000000000000E+000  0.000000000000000E+000  0.000000000000000E+000 -0.000000000000000E+000 -0.000000000000000E+000 -0.000000000000000E+000  0.000000000000000E+000  0.000000000000000E+000  0.000000000000000E+000 -0.000000000000000E+000 -0.000000000000000E+000 -0.000000000000000E+000   0.428149031839010E-012  0.510094812185004E-012  0.385524934000185E-007
     75.52000000  0.000000000000000E+000  0.000000000000000E+000  0.000000000000000E+000 -0.000000000000000E+000 -0.000000000000000E+000 -0.000000000000000E+000  0.000000000000000E+000  0.000000000000000E+000  0.000000000000000E+000 -0.000000000000000E+000 -0.000000000000000E+000 -0.000000000000000E+000   0.463825990559862E-012  0.530245694377620E-012  0.432779828414705E-007
     75.60000000  0.000000000000000E+000  0.000000000000000E+000  0.000000000000000E+000 -0.000000000000000E+000 -0.000000000000000E+000 -0.000000000000000E+000  0.000000000000000E+000  0.000000000000000E+000  0.000000000000000E+000 -0.000000000000000E+000 -0.000000000000000E+000 -0.000000000000000E+000   0.499335399136510E-012  0.549417573631046E-012  0.474979985037708E-007
     75.68000000  0.000000000000000E+000  0.000000000000000E+000  0.000000000000000E+000 -0.000000000000000E+000 -0.000000000000000E+000 -0.000000000000000E+000  0.000000000000000E+000  0.000000000000000E+000  0.000000000000000E+000 -0.000000000000000E+000 -0.000000000000000E+000 -0.000000000000000E+000   0.534110692163414E-012  0.566829047871479E-012  0.512086216894805E-007
     75.76000000  0.000000000000000E+000  0.000000000000000E+000  0.000000000000000E+000 -0.000000000000000E+000 -0.000000000000000E+000 -0.000000000000000E+000  0.000000000000000E+000  0.000000000000000E+000  0.000000000000000E+000 -0.000000000000000E+000 -0.000000000000000E+000 -0.000000000000000E+000   0.567644783516021E-012  0.581968893187048E-012  0.544061406591756E-007
     75.84000000  0.000000000000000E+000  0.000000000000000E+000  0.000000000000000E+000 -0.000000000000000E+000 -0.000000000000000E+000 -0.000000000000000E+000  0.000000000000000E+000  0.000000000000000E+000  0.000000000000000E+000 -0.000000000000000E+000 -0.000000000000000E+000 -0.000000000000000E+000   0.599513937621513E-012  0.594624769586162E-012  0.570870529383231E-007
     75.92000000  0.000000000000000E+000  0.000000000000000E+000  0.000000000000000E+000 -0.000000000000000E+000 -0.000000000000000E+000 -0.000000000000000E+000  0.000000000000000E+000  0.000000000000000E+000  0.000000000000000E+000 -0.000000000000000E+000 -0.000000000000000E+000 -0.000000000000000E+000   0.629337836184629E-012  0.604840798575842E-012  0.592480674390740E-007
     76.00000000  0.000000000000000E+000  0.000000000000000E+000  0.000000000000000E+000 -0.000000000000000E+000 -0.000000000000000E+000 -0.000000000000000E+000  0.000000000000000E+000  0.000000000000000E+000  0.000000000000000E+000 -0.000000000000000E+000 -0.000000000000000E+000 -0.000000000000000E+000   0.656782701543223E-012  0.612797324638844E-012  0.608861064182424E-007
     76.08000000  0.000000000000000E+000  0.000000000000000E+000  0.000000000000000E+000 -0.000000000000000E+000 -0.000000000000000E+000 -0.000000000000000E+000  0.000000000000000E+000  0.000000000000000E+000  0.000000000000000E+000 -0.000000000000000E+000 -0.000000000000000E+000 -0.000000000000000E+000   0.681558043559806E-012  0.618675920518442E-012  0.619983071563461E-007
     76.16000000  0.000000000000000E+000  0.000000000000000E+000  0.000000000000000E+000 -0.000000000000000E+000 -0.000000000000000E+000 -0.000000000000000E+000  0.000000000000000E+000  0.000000000000000E+000  0.000000000000000E+000 -0.000000000000000E+000 -0.000000000000000E+000 -0.000000000000000E+000   0.703441901203369E-012  0.622549201659029E-012  0.625820233920603E-007
     76.24000000  0.000000000000000E+000  0.000000000000000E+000  0.000000000000000E+000 -0.000000000000000E+000 -0.000000000000000E+000 -0.000000000000000E+000  0.000000000000000E+000  0.000000000000000E+000  0.000000000000000E+000 -0.000000000000000E+000 -0.000000000000000E+000 -0.000000000000000E+000   0.722264351633566E-012  0.624318411046190E-012  0.626348264880438E-007
     76.32000000  0.000000000000000E+000  0.000000000000000E+000  0.000000000000000E+000 -0.000000000000000E+000 -0.000000000000000E+000 -0.000000000000000E+000  0.000000000000000E+000  0.000000000000000E+000  0.000000000000000E+000 -0.000000000000000E+000 -0.000000000000000E+000 -0.000000000000000E+000   0.737926235275732E-012  0.623722588244246E-012  0.621545064088329E-007
     76.40000000  0.000000000000000E+000  0.000000000000000E+000  0.000000000000000E+000 -0.000000000000000E+000 -0.000000000000000E+000 -0.000000000000000E+000  0.000000000000000E+000  0.000000000000000E+000  0.000000000000000E+000 -0.000000000000000E+000 -0.000000000000000E+000 -0.000000000000000E+000   0.750376200851555E-012  0.620407663693308E-012  0.611390726468124E-007
     76.48000000  0.000000000000000E+000  0.000000000000000E+000  0.000000000000000E+000 -0.000000000000000E+000 -0.000000000000000E+000 -0.000000000000000E+000  0.000000000000000E+000  0.000000000000000E+000  0.000000000000000E+000 -0.000000000000000E+000 -0.000000000000000E+000 -0.000000000000000E+000   0.759594995741346E-012  0.614022468074298E-012  0.595867552262690E-007
     76.56000000  0.000000000000000E+000  0.000000000000000E+000  0.000000000000000E+000 -0.000000000000000E+000 -0.000000000000000E+000 -0.000000000000000E+000  0.000000000000000E+000  0.000000000000000E+000  0.000000000000000E+000 -0.000000000000000E+000 -0.000000000000000E+000 -0.000000000000000E+000   0.765608340884839E-012  0.604340025921162E-012  0.574960058696836E-007
     76.64000000  0.000000000000000E+000  0.000000000000000E+000  0.000000000000000E+000 -0.000000000000000E+000 -0.000000000000000E+000 -0.000000000000000E+000  0.000000000000000E+000  0.000000000000000E+000  0.000000000000000E+000 -0.000000000000000E+000 -0.000000000000000E+000 -0.000000000000000E+000   0.768512802806501E-012  0.591351782075645E-012  0.548654993545042E-007
     76.72000000  0.000000000000000E+000  0.000000000000000E+000  0.000000000000000E+000 -0.000000000000000E+000 -0.000000000000000E+000 -0.000000000000000E+000  0.000000000000000E+000  0.000000000000000E+000  0.000000000000000E+000 -0.000000000000000E+000 -0.000000000000000E+000 -0.000000000000000E+000   0.768521222941429E-012  0.575337925248763E-012  0.516941349406532E-007
     76.80000000  0.000000000000000E+000  0.000000000000000E+000  0.000000000000000E+000 -0.000000000000000E+000 -0.000000000000000E+000 -0.000000000000000E+000  0.000000000000000E+000  0.000000000000000E+000  0.000000000000000E+000 -0.000000000000000E+000 -0.000000000000000E+000 -0.000000000000000E+000   0.765984161246922E-012  0.556875813426155E-012  0.479810377794157E-007
     76.88000000  0.000000000000000E+000  0.000000000000000E+000  0.000000000000000E+000 -0.000000000000000E+000 -0.000000000000000E+000 -0.000000000000000E+000  0.000000000000000E+000  0.000000000000000E+000  0.000000000000000E+000 -0.000000000000000E+000 -0.000000000000000E+000 -0.000000000000000E+000   0.761386820280768E-012  0.536778912204065E-012  0.437255601202259E-007
     76.96000000  0.000000000000000E+000  0.000000000000000E+000  0.000000000000000E+000 -0.000000000000000E+000 -0.000000000000000E+000 -0.000000000000000E+000  0.000000000000000E+000  0.000000000000000E+000  0.000000000000000E+000 -0.000000000000000E+000 -0.000000000000000E+000 -0.000000000000000E+000   0.755303548112714E-012  0.515975969241261E-012  0.389272822342635E-007
     77.04000000  0.000000000000000E+000  0.000000000000000E+000  0.000000000000000E+000 -0.000000000000000E+000 -0.000000000000000E+000 -0.000000000000000E+000  0.000000000000000E+000  0.000000000000000E+000  0.000000000000000E+000 -0.000000000000000E+000 -0.000000000000000E+000 -0.000000000000000E+000   0.748341108449682E-012  0.495363911113724E-012  0.335860129686412E-007
     77.12000000  0.000000000000000E+000  0.000000000000000E+000  0.000000000000000E+000 -0.000000000000000E+000 -0.000000000000000E+000 -0.000000000000000E+000  0.000000000000000E+000  0.000000000000000E+000  0.000000000000000E+000 -0.000000000000000E+000 -0.000000000000000E+000 -0.000000000000000E+000   0.741088012756188E-012  0.475651236334172E-012  0.277017899189439E-007
     77.20000000  0.000000000000000E+000  0.000000000000000E+000  0.000000000000000E+000 -0.000000000000000E+000 -0.000000000000000E+000 -0.000000000000000E+000  0.000000000000000E+000  0.000000000000000E+000  0.000000000000000E+000 -0.000000000000000E+000 -0.000000000000000E+000 -0.000000000000000E+000   0.734078944368612E-012  0.457281495524987E-012  0.212748792082457E-007
     77.28000000  0.000000000000000E+000  0.000000000000000E+000  0.000000000000000E+000 -0.000000000000000E+000 -0.000000000000000E+000 -0.000000000000000E+000  0.000000000000000E+000  0.000000000000000E+000  0.000000000000000E+000 -0.000000000000000E+000 -0.000000000000000E+000 -0.000000000000000E+000   0.727782050240288E-012  0.440408966890724E-012  0.143057748453356E-007
     77.36000000  0.000000000000000E+000  0.000000000000000E+000  0.000000000000000E+000 -0.000000000000000E+000 -0.000000000000000E+000 -0.000000000000000E+000  0.000000000000000E+000  0.000000000000000E+000  0.000000000000000E+000 -0.000000000000000E+000 -0.000000000000000E+000 -0.000000000000000E+000   0.722603019499260E-012  0.424977784655690E-012  0.679519774035277E-008
     77.44000000  0.000000000000000E+000  0.000000000000000E+000  0.000000000000000E+000 -0.000000000000000E+000 -0.000000000000000E+000 -0.000000000000000E+000  0.000000000000000E+000  0.000000000000000E+000  0.000000000000000E+000 -0.000000000000000E+000 -0.000000000000000E+000 -0.000000000000000E+000   0.718879814526890E-012  0.410854143715382E-012 -0.125590558463978E-008
     77.52000000  0.000000000000000E+000  0.000000000000000E+000  0.000000000000000E+000 -0.000000000000000E+000 -0.000000000000000E+000 -0.000000000000000E+000  0.000000000000000E+000  0.000000000000000E+000  0.000000000000000E+000 -0.000000000000000E+000 -0.000000000000000E+000 -0.000000000000000E+000   0.716870655387676E-012  0.397942045496610E-012 -0.984636441043708E-008
     77.60000000  0.000000000000000E+000  0.000000000000000E+000  0.000000000000000E+000 -0.000000000000000E+000 -0.000000000000000E+000 -0.000000000000000E+000  0.000000000000000E+000  0.000000000000000E+000  0.000000000000000E+000 -0.000000000000000E+000 -0.000000000000000E+000 -0.000000000000000E+000   0.716754378971213E-012  0.386295776152732E-012 -0.189747852252854E-007
     77.68000000  0.000000000000000E+000  0.000000000000000E+000  0.000000000000000E+000 -0.000000000000000E+000 -0.000000000000000E+000 -0.000000000000000E+000  0.000000000000000E+000  0.000000000000000E+000  0.000000000000000E+000 -0.000000000000000E+000 -0.000000000000000E+000 -0.000000000000000E+000   0.718616072058551E-012  0.376134078742476E-012 -0.286395529124268E-007
     77.76000000  0.000000000000000E+000  0.000000000000000E+000  0.000000000000000E+000 -0.000000000000000E+000 -0.000000000000000E+000 -0.000000000000000E+000  0.000000000000000E+000  0.000000000000000E+000  0.000000000000000E+000 -0.000000000000000E+000 -0.000000000000000E+000 -0.000000000000000E+000   0.722487446559345E-012  0.367811624156378E-012 -0.388388316401229E-007
     77.84000000  0.000000000000000E+000  0.000000000000000E+000  0.000000000000000E+000 -0.000000000000000E+000 -0.000000000000000E+000 -0.000000000000000E+000  0.000000000000000E+000  0.000000000000000E+000  0.000000000000000E+000 -0.000000000000000E+000 -0.000000000000000E+000 -0.000000000000000E+000   0.728356555418961E-012  0.361731410090979E-012 -0.495705654183706E-007
     77.92000000  0.000000000000000E+000  0.000000000000000E+000  0.000000000000000E+000 -0.000000000000000E+000 -0.000000000000000E+000 -0.000000000000000E+000  0.000000000000000E+000  0.000000000000000E+000  0.000000000000000E+000 -0.000000000000000E+000 -0.000000000000000E+000 -0.000000000000000E+000   0.736194977984062E-012  0.358234772503014E-012 -0.608324783012932E-007
     78.00000000  0.000000000000000E+000  0.000000000000000E+000  0.000000000000000E+000 -0.000000000000000E+000 -0.000000000000000E+000 -0.000000000000000E+000  0.000000000000000E+000  0.000000000000000E+000  0.000000000000000E+000 -0.000000000000000E+000 -0.000000000000000E+000 -0.000000000000000E+000   0.745948323947606E-012  0.357498258657909E-012 -0.726220743075663E-007
     78.08000000  0.000000000000000E+000  0.000000000000000E+000  0.000000000000000E+000 -0.000000000000000E+000 -0.000000000000000E+000 -0.000000000000000E+000  0.000000000000000E+000  0.000000000000000E+000  0.000000000000000E+000 -0.000000000000000E+000 -0.000000000000000E+000 -0.000000000000000E+000   0.757517949483880E-012  0.359449942031400E-012 -0.849366370507469E-007
     78.16000000  0.000000000000000E+000  0.000000000000000E+000  0.000000000000000E+000 -0.000000000000000E+000 -0.000000000000000E+000 -0.000000000000000E+000  0.000000000000000E+000  0.000000000000000E+000  0.000000000000000E+000 -0.000000000000000E+000 -0.000000000000000E+000 -0.000000000000000E+000   0.770713187852915E-012  0.363741291529697E-012 -0.977732290833775E-007
     78.24000000  0.000000000000000E+000  0.000000000000000E+000  0.000000000000000E+000 -0.000000000000000E+000 -0.000000000000000E+000 -0.000000000000000E+000  0.000000000000000E+000  0.000000000000000E+000  0.000000000000000E+000 -0.000000000000000E+000 -0.000000000000000E+000 -0.000000000000000E+000   0.785225841536601E-012  0.369762782494928E-012 -0.111128690933986E-006
     78.32000000  0.000000000000000E+000  0.000000000000000E+000  0.000000000000000E+000 -0.000000000000000E+000 -0.000000000000000E+000 -0.000000000000000E+000  0.000000000000000E+000  0.000000000000000E+000  0.000000000000000E+000 -0.000000000000000E+000 -0.000000000000000E+000 -0.000000000000000E+000   0.800623969659847E-012  0.376721728115681E-012 -0.124999639885686E-006
     78.40000000  0.000000000000000E+000  0.000000000000000E+000  0.000000000000000E+000 -0.000000000000000E+000 -0.000000000000000E+000 -0.000000000000000E+000  0.000000000000000E+000  0.000000000000000E+000  0.000000000000000E+000 -0.000000000000000E+000 -0.000000000000000E+000 -0.000000000000000E+000   0.816384767174380E-012  0.383766046375417E-012 -0.139382468524173E-006
     78.48000000  0.000000000000000E+000  0.000000000000000E+000  0.000000000000000E+000 -0.000000000000000E+000 -0.000000000000000E+000 -0.000000000000000E+000  0.000000000000000E+000  0.000000000000000E+000  0.000000000000000E+000 -0.000000000000000E+000 -0.000000000000000E+000 -0.000000000000000E+000   0.831923147389491E-012  0.390128377375278E-012 -0.154273343290583E-006
     78.56000000  0.000000000000000E+000  0.000000000000000E+000  0.000000000000000E+000 -0.000000000000000E+000 -0.000000000000000E+000 -0.000000000000000E+000  0.000000000000000E+000  0.000000000000000E+000  0.000000000000000E+000 -0.000000000000000E+000 -0.000000000000000E+000 -0.000000000000000E+000   0.846643510617989E-012  0.395235192471465E-012 -0.169668203150849E-006
     78.64000000  0.000000000000000E+000  0.000000000000000E+000  0.000000000000000E+000 -0.000000000000000E+000 -0.000000000000000E+000 -0.000000000000000E+000  0.000000000000000E+000  0.000000000000000E+000  0.000000000000000E+000 -0.000000000000000E+000 -0.000000000000000E+000 -0.000000000000000E+000   0.859983472408960E-012  0.398777026984577E-012 -0.185562758662971E-006
     78.72000000  0.000000000000000E+000  0.000000000000000E+000  0.000000000000000E+000 -0.000000000000000E+000 -0.000000000000000E+000 -0.000000000000000E+000  0.000000000000000E+000  0.000000000000000E+000  0.000000000000000E+000 -0.000000000000000E+000 -0.000000000000000E+000 -0.000000000000000E+000   0.871431503918672E-012  0.400682451567321E-012 -0.201952491553024E-006
     78.80000000  0.000000000000000E+000  0.000000000000000E+000  0.000000000000000E+000 -0.000000000000000E+000 -0.000000000000000E+000 -0.000000000000000E+000  0.000000000000000E+000  0.000000000000000E+000  0.000000000000000E+000 -0.000000000000000E+000 -0.000000000000000E+000 -0.000000000000000E+000   0.880562682473317E-012  0.401032888798959E-012 -0.218832654901288E-006
     78.88000000  0.000000000000000E+000  0.000000000000000E+000  0.000000000000000E+000 -0.000000000000000E+000 -0.000000000000000E+000 -0.000000000000000E+000  0.000000000000000E+000  0.000000000000000E+000  0.000000000000000E+000 -0.000000000000000E+000 -0.000000000000000E+000 -0.000000000000000E+000   0.887048306836062E-012  0.399949018161443E-012 -0.236198273842941E-006
     78.96000000  0.000000000000000E+000  0.000000000000000E+000  0.000000000000000E+000 -0.000000000000000E+000 -0.000000000000000E+000 -0.000000000000000E+000  0.000000000000000E+000  0.000000000000000E+000  0.000000000000000E+000 -0.000000000000000E+000 -0.000000000000000E+000 -0.000000000000000E+000   0.890684327648318E-012  0.397458265703201E-012 -0.254044146650156E-006
     79.04000000  0.000000000000000E+000  0.000000000000000E+000  0.000000000000000E+000 -0.000000000000000E+000 -0.000000000000000E+000 -0.000000000000000E+000  0.000000000000000E+000  0.000000000000000E+000  0.000000000000000E+000 -0.000000000000000E+000 -0.000000000000000E+000 -0.000000000000000E+000   0.891383807205188E-012  0.393445977797411E-012 -0.272364845968112E-006
     79.12000000  0.000000000000000E+000  0.000000000000000E+000  0.000000000000000E+000 -0.000000000000000E+000 -0.000000000000000E+000 -0.000000000000000E+000  0.000000000000000E+000  0.000000000000000E+000  0.000000000000000E+000 -0.000000000000000E+000 -0.000000000000000E+000 -0.000000000000000E+000   0.889158894594349E-012  0.387638056841096E-012 -0.291154719947570E-006
     79.20000000  0.000000000000000E+000  0.000000000000000E+000  0.000000000000000E+000 -0.000000000000000E+000 -0.000000000000000E+000 -0.000000000000000E+000  0.000000000000000E+000  0.000000000000000E+000  0.000000000000000E+000 -0.000000000000000E+000 -0.000000000000000E+000 -0.000000000000000E+000   0.884085309792804E-012  0.379659624121837E-012 -0.310407893167453E-006
     79.28000000  0.000000000000000E+000  0.000000000000000E+000  0.000000000000000E+000 -0.000000000000000E+000 -0.000000000000000E+000 -0.000000000000000E+000  0.000000000000000E+000  0.000000000000000E+000  0.000000000000000E+000 -0.000000000000000E+000 -0.000000000000000E+000 -0.000000000000000E+000   0.876255107086396E-012  0.369144827914193E-012 -0.330118267227573E-006
     79.36000000  0.000000000000000E+000  0.000000000000000E+000  0.000000000000000E+000 -0.000000000000000E+000 -0.000000000000000E+000 -0.000000000000000E+000  0.000000000000000E+000  0.000000000000000E+000  0.000000000000000E+000 -0.000000000000000E+000 -0.000000000000000E+000 -0.000000000000000E+000   0.865752554583146E-012  0.355825627841906E-012 -0.350279521072909E-006
     79.44000000  0.000000000000000E+000  0.000000000000000E+000  0.000000000000000E+000 -0.000000000000000E+000 -0.000000000000000E+000 -0.000000000000000E+000  0.000000000000000E+000  0.000000000000000E+000  0.000000000000000E+000 -0.000000000000000E+000 -0.000000000000000E+000 -0.000000000000000E+000   0.852649451062200E-012  0.339624367171456E-012 -0.370885111163300E-006
     79.52000000  0.000000000000000E+000  0.000000000000000E+000  0.000000000000000E+000 -0.000000000000000E+000 -0.000000000000000E+000 -0.000000000000000E+000  0.000000000000000E+000  0.000000000000000E+000  0.000000000000000E+000 -0.000000000000000E+000 -0.000000000000000E+000 -0.000000000000000E+000   0.837038859719755E-012  0.320709459895164E-012 -0.391928271628635E-006
     79.60000000  0.000000000000000E+000  0.000000000000000E+000  0.000000000000000E+000 -0.000000000000000E+000 -0.000000000000000E+000 -0.000000000000000E+000  0.000000000000000E+000  0.000000000000000E+000  0.000000000000000E+000 -0.000000000000000E+000 -0.000000000000000E+000 -0.000000000000000E+000   0.819067685432676E-012  0.299497308915737E-012 -0.413402014643530E-006
     79.68000000  0.000000000000000E+000  0.000000000000000E+000  0.000000000000000E+000 -0.000000000000000E+000 -0.000000000000000E+000 -0.000000000000000E+000  0.000000000000000E+000  0.000000000000000E+000  0.000000000000000E+000 -0.000000000000000E+000 -0.000000000000000E+000 -0.000000000000000E+000   0.798980932292726E-012  0.276604929172028E-012 -0.435299131222166E-006
     79.76000000  0.000000000000000E+000  0.000000000000000E+000  0.000000000000000E+000 -0.000000000000000E+000 -0.000000000000000E+000 -0.000000000000000E+000  0.000000000000000E+000  0.000000000000000E+000  0.000000000000000E+000 -0.000000000000000E+000 -0.000000000000000E+000 -0.000000000000000E+000   0.777133281480324E-012  0.252758812415311E-012 -0.457612192615145E-006
     79.84000000  0.000000000000000E+000  0.000000000000000E+000  0.000000000000000E+000 -0.000000000000000E+000 -0.000000000000000E+000 -0.000000000000000E+000  0.000000000000000E+000  0.000000000000000E+000  0.000000000000000E+000 -0.000000000000000E+000 -0.000000000000000E+000 -0.000000000000000E+000   0.753978425676648E-012  0.228672461052498E-012 -0.480333552467778E-006
     79.92000000  0.000000000000000E+000  0.000000000000000E+000  0.000000000000000E+000 -0.000000000000000E+000 -0.000000000000000E+000 -0.000000000000000E+000  0.000000000000000E+000  0.000000000000000E+000  0.000000000000000E+000 -0.000000000000000E+000 -0.000000000000000E+000 -0.000000000000000E+000   0.730043509499358E-012  0.204932939690345E-012 -0.503455349719613E-006
     80.00000000  0.000000000000000E+000  0.000000000000000E+000  0.000000000000000E+000 -0.000000000000000E+000 -0.000000000000000E+000 -0.000000000000000E+000  0.000000000000000E+000  0.000000000000000E+000  0.000000000000000E+000 -0.000000000000000E+000 -0.000000000000000E+000 -0.000000000000000E+000   0.705889370403492E-012  0.181911561471764E-012 -0.526969512153523E-006
     80.08000000  0.000000000000000E+000  0.000000000000000E+000  0.000000000000000E+000 -0.000000000000000E+000 -0.000000000000000E+000 -0.000000000000000E+000  0.000000000000000E+000  0.000000000000000E+000  0.000000000000000E+000 -0.000000000000000E+000 -0.000000000000000E+000 -0.000000000000000E+000   0.682066718843655E-012  0.159751321118562E-012 -0.550867760379072E-006
     80.16000000  0.000000000000000E+000  0.000000000000000E+000  0.000000000000000E+000 -0.000000000000000E+000 -0.000000000000000E+000 -0.000000000000000E+000  0.000000000000000E+000  0.000000000000000E+000  0.000000000000000E+000 -0.000000000000000E+000 -0.000000000000000E+000 -0.000000000000000E+000   0.659067025923388E-012  0.138397270662303E-012 -0.575141611978497E-006
     80.24000000  0.000000000000000E+000  0.000000000000000E+000  0.000000000000000E+000 -0.000000000000000E+000 -0.000000000000000E+000 -0.000000000000000E+000  0.000000000000000E+000  0.000000000000000E+000  0.000000000000000E+000 -0.000000000000000E+000 -0.000000000000000E+000 -0.000000000000000E+000   0.637292236759622E-012  0.117722273845734E-012 -0.599782385687135E-006
     80.32000000  0.000000000000000E+000  0.000000000000000E+000  0.000000000000000E+000 -0.000000000000000E+000 -0.000000000000000E+000 -0.000000000000000E+000  0.000000000000000E+000  0.000000000000000E+000  0.000000000000000E+000 -0.000000000000000E+000 -0.000000000000000E+000 -0.000000000000000E+000   0.617009500273495E-012  0.976239094526564E-013 -0.624781205531054E-006
     80.40000000  0.000000000000000E+000  0.000000000000000E+000  0.000000000000000E+000 -0.000000000000000E+000 -0.000000000000000E+000 -0.000000000000000E+000  0.000000000000000E+000  0.000000000000000E+000  0.000000000000000E+000 -0.000000000000000E+000 -0.000000000000000E+000 -0.000000000000000E+000   0.598347462825145E-012  0.781294757863803E-013 -0.650129005039646E-006
     80.48000000  0.000000000000000E+000  0.000000000000000E+000  0.000000000000000E+000 -0.000000000000000E+000 -0.000000000000000E+000 -0.000000000000000E+000  0.000000000000000E+000  0.000000000000000E+000  0.000000000000000E+000 -0.000000000000000E+000 -0.000000000000000E+000 -0.000000000000000E+000   0.581295202834492E-012  0.594307132481915E-013 -0.675816531669762E-006
     80.56000000  0.000000000000000E+000  0.000000000000000E+000  0.000000000000000E+000 -0.000000000000000E+000 -0.000000000000000E+000 -0.000000000000000E+000  0.000000000000000E+000  0.000000000000000E+000  0.000000000000000E+000 -0.000000000000000E+000 -0.000000000000000E+000 -0.000000000000000E+000   0.565740436359186E-012  0.418594175686248E-013 -0.701834351571760E-006
     80.64000000  0.000000000000000E+000  0.000000000000000E+000  0.000000000000000E+000 -0.000000000000000E+000 -0.000000000000000E+000 -0.000000000000000E+000  0.000000000000000E+000  0.000000000000000E+000  0.000000000000000E+000 -0.000000000000000E+000 -0.000000000000000E+000 -0.000000000000000E+000   0.551525347734111E-012  0.258114123888731E-013 -0.728172854737323E-006
     80.72000000  0.000000000000000E+000  0.000000000000000E+000  0.000000000000000E+000 -0.000000000000000E+000 -0.000000000000000E+000 -0.000000000000000E+000  0.000000000000000E+000  0.000000000000000E+000  0.000000000000000E+000 -0.000000000000000E+000 -0.000000000000000E+000 -0.000000000000000E+000   0.538489593998812E-012  0.116391439772390E-013 -0.754822260462999E-006
     80.80000000  0.000000000000000E+000  0.000000000000000E+000  0.000000000000000E+000 -0.000000000000000E+000 -0.000000000000000E+000 -0.000000000000000E+000  0.000000000000000E+000  0.000000000000000E+000  0.000000000000000E+000 -0.000000000000000E+000 -0.000000000000000E+000 -0.000000000000000E+000   0.526506558911524E-012 -0.442932978505470E-015 -0.781772623027103E-006
     80.88000000  0.000000000000000E+000  0.000000000000000E+000  0.000000000000000E+000 -0.000000000000000E+000 -0.000000000000000E+000 -0.000000000000000E+000  0.000000000000000E+000  0.000000000000000E+000  0.000000000000000E+000 -0.000000000000000E+000 -0.000000000000000E+000 -0.000000000000000E+000   0.515482724513471E-012 -0.104300750938556E-013 -0.809013837443224E-006
     80.96000000  0.000000000000000E+000  0.000000000000000E+000  0.000000000000000E+000 -0.000000000000000E+000 -0.000000000000000E+000 -0.000000000000000E+000  0.000000000000000E+000  0.000000000000000E+000  0.000000000000000E+000 -0.000000000000000E+000 -0.000000000000000E+000 -0.000000000000000E+000   0.505334466943617E-012 -0.185581814210808E-013 -0.836535645228132E-006
     81.04000000  0.000000000000000E+000  0.000000000000000E+000  0.000000000000000E+000 -0.000000000000000E+000 -0.000000000000000E+000 -0.000000000000000E+000  0.000000000000000E+000  0.000000000000000E+000  0.000000000000000E+000 -0.000000000000000E+000 -0.000000000000000E+000 -0.000000000000000E+000   0.495941069074101E-012 -0.252704891176293E-013 -0.864327640114283E-006
     81.12000000  0.000000000000000E+000  0.000000000000000E+000  0.000000000000000E+000 -0.000000000000000E+000 -0.000000000000000E+000 -0.000000000000000E+000  0.000000000000000E+000  0.000000000000000E+000  0.000000000000000E+000 -0.000000000000000E+000 -0.000000000000000E+000 -0.000000000000000E+000   0.487106147508224E-012 -0.311610960499055E-013 -0.892379273597198E-006
     81.20000000  0.000000000000000E+000  0.000000000000000E+000  0.000000000000000E+000 -0.000000000000000E+000 -0.000000000000000E+000 -0.000000000000000E+000  0.000000000000000E+000  0.000000000000000E+000  0.000000000000000E+000 -0.000000000000000E+000 -0.000000000000000E+000 -0.000000000000000E+000   0.478535998151776E-012 -0.368630068800515E-013 -0.920679860177747E-006
     81.28000000  0.000000000000000E+000  0.000000000000000E+000  0.000000000000000E+000 -0.000000000000000E+000 -0.000000000000000E+000 -0.000000000000000E+000  0.000000000000000E+000  0.000000000000000E+000  0.000000000000000E+000 -0.000000000000000E+000 -0.000000000000000E+000 -0.000000000000000E+000   0.469835288266216E-012 -0.429311619569812E-013 -0.949218582112495E-006
     81.36000000  0.000000000000000E+000  0.000000000000000E+000  0.000000000000000E+000 -0.000000000000000E+000 -0.000000000000000E+000 -0.000000000000000E+000  0.000000000000000E+000  0.000000000000000E+000  0.000000000000000E+000 -0.000000000000000E+000 -0.000000000000000E+000 -0.000000000000000E+000   0.460540767878022E-012 -0.497440655451002E-013 -0.977984493516151E-006
     81.44000000  0.000000000000000E+000  0.000000000000000E+000  0.000000000000000E+000 -0.000000000000000E+000 -0.000000000000000E+000 -0.000000000000000E+000  0.000000000000000E+000  0.000000000000000E+000  0.000000000000000E+000 -0.000000000000000E+000 -0.000000000000000E+000 -0.000000000000000E+000   0.450146267666006E-012 -0.574491573441484E-013 -0.100696652372532E-005
     81.52000000  0.000000000000000E+000  0.000000000000000E+000  0.000000000000000E+000 -0.000000000000000E+000 -0.000000000000000E+000 -0.000000000000000E+000  0.000000000000000E+000  0.000000000000000E+000  0.000000000000000E+000 -0.000000000000000E+000 -0.000000000000000E+000 -0.000000000000000E+000   0.438176942967718E-012 -0.659677323075307E-013 -0.103615348000059E-005
     81.60000000  0.000000000000000E+000  0.000000000000000E+000  0.000000000000000E+000 -0.000000000000000E+000 -0.000000000000000E+000 -0.000000000000000E+000  0.000000000000000E+000  0.000000000000000E+000  0.000000000000000E+000 -0.000000000000000E+000 -0.000000000000000E+000 -0.000000000000000E+000   0.424222059350422E-012 -0.750738595176736E-013 -0.106553404977949E-005
     81.68000000  0.000000000000000E+000  0.000000000000000E+000  0.000000000000000E+000 -0.000000000000000E+000 -0.000000000000000E+000 -0.000000000000000E+000  0.000000000000000E+000  0.000000000000000E+000  0.000000000000000E+000 -0.000000000000000E+000 -0.000000000000000E+000 -0.000000000000000E+000   0.408009023039709E-012 -0.845020595240077E-013 -0.109509680274829E-005
     81.76000000  0.000000000000000E+000  0.000000000000000E+000  0.000000000000000E+000 -0.000000000000000E+000 -0.000000000000000E+000 -0.000000000000000E+000  0.000000000000000E+000  0.000000000000000E+000  0.000000000000000E+000 -0.000000000000000E+000 -0.000000000000000E+000 -0.000000000000000E+000   0.389419991549312E-012 -0.940700699102111E-013 -0.112483019307051E-005
     81.84000000  0.000000000000000E+000  0.000000000000000E+000  0.000000000000000E+000 -0.000000000000000E+000 -0.000000000000000E+000 -0.000000000000000E+000  0.000000000000000E+000  0.000000000000000E+000  0.000000000000000E+000 -0.000000000000000E+000 -0.000000000000000E+000 -0.000000000000000E+000   0.368498604769592E-012 -0.103755391724396E-012 -0.115472256198993E-005
     81.92000000  0.000000000000000E+000  0.000000000000000E+000  0.000000000000000E+000 -0.000000000000000E+000 -0.000000000000000E+000 -0.000000000000000E+000  0.000000000000000E+000  0.000000000000000E+000  0.000000000000000E+000 -0.000000000000000E+000 -0.000000000000000E+000 -0.000000000000000E+000   0.345430513750604E-012 -0.113719972646622E-012 -0.118476214100017E-005
     82.00000000  0.000000000000000E+000  0.000000000000000E+000  0.000000000000000E+000 -0.000000000000000E+000 -0.000000000000000E+000 -0.000000000000000E+000  0.000000000000000E+000  0.000000000000000E+000  0.000000000000000E+000 -0.000000000000000E+000 -0.000000000000000E+000 -0.000000000000000E+000   0.320480164437238E-012 -0.124274421791916E-012 -0.121493705557958E-005
     82.08000000  0.000000000000000E+000  0.000000000000000E+000  0.000000000000000E+000 -0.000000000000000E+000 -0.000000000000000E+000 -0.000000000000000E+000  0.000000000000000E+000  0.000000000000000E+000  0.000000000000000E+000 -0.000000000000000E+000 -0.000000000000000E+000 -0.000000000000000E+000   0.293933728981246E-012 -0.135786189832951E-012 -0.124523532942567E-005
     82.16000000  0.000000000000000E+000  0.000000000000000E+000  0.000000000000000E+000 -0.000000000000000E+000 -0.000000000000000E+000 -0.000000000000000E+000  0.000000000000000E+000  0.000000000000000E+000  0.000000000000000E+000 -0.000000000000000E+000 -0.000000000000000E+000 -0.000000000000000E+000   0.266043041697107E-012 -0.148566097203789E-012 -0.127564488904212E-005
     82.24000000  0.000000000000000E+000  0.000000000000000E+000  0.000000000000000E+000 -0.000000000000000E+000 -0.000000000000000E+000 -0.000000000000000E+000  0.000000000000000E+000  0.000000000000000E+000  0.000000000000000E+000 -0.000000000000000E+000 -0.000000000000000E+000 -0.000000000000000E+000   0.237002553491539E-012 -0.162784298141628E-012 -0.130615356846459E-005
     82.32000000  0.000000000000000E+000  0.000000000000000E+000  0.000000000000000E+000 -0.000000000000000E+000 -0.000000000000000E+000 -0.000000000000000E+000  0.000000000000000E+000  0.000000000000000E+000  0.000000000000000E+000 -0.000000000000000E+000 -0.000000000000000E+000 -0.000000000000000E+000   0.206946191692760E-012 -0.178392767258708E-012 -0.133674911388810E-005
     82.40000000  0.000000000000000E+000  0.000000000000000E+000  0.000000000000000E+000 -0.000000000000000E+000 -0.000000000000000E+000 -0.000000000000000E+000  0.000000000000000E+000  0.000000000000000E+000  0.000000000000000E+000 -0.000000000000000E+000 -0.000000000000000E+000 -0.000000000000000E+000   0.175995813095777E-012 -0.195107407445767E-012 -0.136741918810178E-005
     82.48000000  0.000000000000000E+000  0.000000000000000E+000  0.000000000000000E+000 -0.000000000000000E+000 -0.000000000000000E+000 -0.000000000000000E+000  0.000000000000000E+000  0.000000000000000E+000  0.000000000000000E+000 -0.000000000000000E+000 -0.000000000000000E+000 -0.000000000000000E+000   0.144298444299224E-012 -0.212449592132360E-012 -0.139815137459560E-005
     82.56000000  0.000000000000000E+000  0.000000000000000E+000  0.000000000000000E+000 -0.000000000000000E+000 -0.000000000000000E+000 -0.000000000000000E+000  0.000000000000000E+000  0.000000000000000E+000  0.000000000000000E+000 -0.000000000000000E+000 -0.000000000000000E+000 -0.000000000000000E+000   0.112073704758584E-012 -0.229823439788927E-012 -0.142893318146038E-005
     82.64000000  0.000000000000000E+000  0.000000000000000E+000  0.000000000000000E+000 -0.000000000000000E+000 -0.000000000000000E+000 -0.000000000000000E+000  0.000000000000000E+000  0.000000000000000E+000  0.000000000000000E+000 -0.000000000000000E+000 -0.000000000000000E+000 -0.000000000000000E+000   0.796354712537623E-013 -0.246628868104431E-012 -0.145975204517376E-005
     82.72000000  0.000000000000000E+000  0.000000000000000E+000  0.000000000000000E+000 -0.000000000000000E+000 -0.000000000000000E+000 -0.000000000000000E+000  0.000000000000000E+000  0.000000000000000E+000  0.000000000000000E+000 -0.000000000000000E+000 -0.000000000000000E+000 -0.000000000000000E+000   0.473970067677034E-013 -0.262387901531679E-012 -0.149059533459303E-005
     82.80000000  0.000000000000000E+000  0.000000000000000E+000  0.000000000000000E+000 -0.000000000000000E+000 -0.000000000000000E+000 -0.000000000000000E+000  0.000000000000000E+000  0.000000000000000E+000  0.000000000000000E+000 -0.000000000000000E+000 -0.000000000000000E+000 -0.000000000000000E+000   0.158349709976036E-013 -0.276832949437538E-012 -0.152145035533991E-005
     82.88000000  0.000000000000000E+000  0.000000000000000E+000  0.000000000000000E+000 -0.000000000000000E+000 -0.000000000000000E+000 -0.000000000000000E+000  0.000000000000000E+000  0.000000000000000E+000  0.000000000000000E+000 -0.000000000000000E+000 -0.000000000000000E+000 -0.000000000000000E+000  -0.145592578129030E-013 -0.289953178835301E-012 -0.155230435488095E-005
     82.96000000  0.000000000000000E+000  0.000000000000000E+000  0.000000000000000E+000 -0.000000000000000E+000 -0.000000000000000E+000 -0.000000000000000E+000  0.000000000000000E+000  0.000000000000000E+000  0.000000000000000E+000 -0.000000000000000E+000 -0.000000000000000E+000 -0.000000000000000E+000  -0.433414506621586E-013 -0.301964091219976E-012 -0.158314452841682E-005
     83.04000000  0.000000000000000E+000  0.000000000000000E+000  0.000000000000000E+000 -0.000000000000000E+000 -0.000000000000000E+000 -0.000000000000000E+000  0.000000000000000E+000  0.000000000000000E+000  0.000000000000000E+000 -0.000000000000000E+000 -0.000000000000000E+000 -0.000000000000000E+000  -0.701797598682741E-013 -0.313217285826919E-012 -0.161395802557686E-005
     83.12000000  0.000000000000000E+000  0.000000000000000E+000  0.000000000000000E+000 -0.000000000000000E+000 -0.000000000000000E+000 -0.000000000000000E+000  0.000000000000000E+000  0.000000000000000E+000  0.000000000000000E+000 -0.000000000000000E+000 -0.000000000000000E+000 -0.000000000000000E+000  -0.948994045118632E-013 -0.324070204034580E-012 -0.164473195781628E-005
     83.20000000  0.000000000000000E+000  0.000000000000000E+000  0.000000000000000E+000 -0.000000000000000E+000 -0.000000000000000E+000 -0.000000000000000E+000  0.000000000000000E+000  0.000000000000000E+000  0.000000000000000E+000 -0.000000000000000E+000 -0.000000000000000E+000 -0.000000000000000E+000  -0.117505901224397E-012 -0.334770190255385E-012 -0.167545340622769E-005
     83.28000000  0.000000000000000E+000  0.000000000000000E+000  0.000000000000000E+000 -0.000000000000000E+000 -0.000000000000000E+000 -0.000000000000000E+000  0.000000000000000E+000  0.000000000000000E+000  0.000000000000000E+000 -0.000000000000000E+000 -0.000000000000000E+000 -0.000000000000000E+000  -0.138167757611024E-012 -0.345364800558097E-012 -0.170610942942696E-005
     83.36000000  0.000000000000000E+000  0.000000000000000E+000  0.000000000000000E+000 -0.000000000000000E+000 -0.000000000000000E+000 -0.000000000000000E+000  0.000000000000000E+000  0.000000000000000E+000  0.000000000000000E+000 -0.000000000000000E+000 -0.000000000000000E+000 -0.000000000000000E+000  -0.157168183090479E-012 -0.355688736776776E-012 -0.173668707116354E-005
     83.44000000  0.000000000000000E+000  0.000000000000000E+000  0.000000000000000E+000 -0.000000000000000E+000 -0.000000000000000E+000 -0.000000000000000E+000  0.000000000000000E+000  0.000000000000000E+000  0.000000000000000E+000 -0.000000000000000E+000 -0.000000000000000E+000 -0.000000000000000E+000  -0.174829660548388E-012 -0.365411386768257E-012 -0.176717336741028E-005
     83.52000000  0.000000000000000E+000  0.000000000000000E+000  0.000000000000000E+000 -0.000000000000000E+000 -0.000000000000000E+000 -0.000000000000000E+000  0.000000000000000E+000  0.000000000000000E+000  0.000000000000000E+000 -0.000000000000000E+000 -0.000000000000000E+000 -0.000000000000000E+000  -0.191446431411562E-012 -0.374133969679729E-012 -0.179755535272520E-005
     83.60000000  0.000000000000000E+000  0.000000000000000E+000  0.000000000000000E+000 -0.000000000000000E+000 -0.000000000000000E+000 -0.000000000000000E+000  0.000000000000000E+000  0.000000000000000E+000  0.000000000000000E+000 -0.000000000000000E+000 -0.000000000000000E+000 -0.000000000000000E+000  -0.207251869193738E-012 -0.381503415826639E-012 -0.182782006592591E-005
     83.68000000  0.000000000000000E+000  0.000000000000000E+000  0.000000000000000E+000 -0.000000000000000E+000 -0.000000000000000E+000 -0.000000000000000E+000  0.000000000000000E+000  0.000000000000000E+000  0.000000000000000E+000 -0.000000000000000E+000 -0.000000000000000E+000 -0.000000000000000E+000  -0.222387483862080E-012 -0.387327775245476E-012 -0.185795455510153E-005
     83.76000000  0.000000000000000E+000  0.000000000000000E+000  0.000000000000000E+000 -0.000000000000000E+000 -0.000000000000000E+000 -0.000000000000000E+000  0.000000000000000E+000  0.000000000000000E+000  0.000000000000000E+000 -0.000000000000000E+000 -0.000000000000000E+000 -0.000000000000000E+000  -0.236942970558815E-012 -0.391640610267797E-012 -0.188794588212462E-005
     83.84000000  0.000000000000000E+000  0.000000000000000E+000  0.000000000000000E+000 -0.000000000000000E+000 -0.000000000000000E+000 -0.000000000000000E+000  0.000000000000000E+000  0.000000000000000E+000  0.000000000000000E+000 -0.000000000000000E+000 -0.000000000000000E+000 -0.000000000000000E+000  -0.250995062437838E-012 -0.394720383916160E-012 -0.191778112674587E-005
     83.92000000  0.000000000000000E+000  0.000000000000000E+000  0.000000000000000E+000 -0.000000000000000E+000 -0.000000000000000E+000 -0.000000000000000E+000  0.000000000000000E+000  0.000000000000000E+000  0.000000000000000E+000 -0.000000000000000E+000 -0.000000000000000E+000 -0.000000000000000E+000  -0.264663616543481E-012 -0.397059809860068E-012 -0.194744739038574E-005
     84.00000000  0.000000000000000E+000  0.000000000000000E+000  0.000000000000000E+000 -0.000000000000000E+000 -0.000000000000000E+000 -0.000000000000000E+000  0.000000000000000E+000  0.000000000000000E+000  0.000000000000000E+000 -0.000000000000000E+000 -0.000000000000000E+000 -0.000000000000000E+000  -0.278159911503680E-012 -0.399268693093927E-012 -0.197693179969054E-005
     84.08000000  0.000000000000000E+000  0.000000000000000E+000  0.000000000000000E+000 -0.000000000000000E+000 -0.000000000000000E+000 -0.000000000000000E+000  0.000000000000000E+000  0.000000000000000E+000  0.000000000000000E+000 -0.000000000000000E+000 -0.000000000000000E+000 -0.000000000000000E+000  -0.291796100417665E-012 -0.401940046027105E-012 -0.200622150996920E-005
     84.16000000  0.000000000000000E+000  0.000000000000000E+000  0.000000000000000E+000 -0.000000000000000E+000 -0.000000000000000E+000 -0.000000000000000E+000  0.000000000000000E+000  0.000000000000000E+000  0.000000000000000E+000 -0.000000000000000E+000 -0.000000000000000E+000 -0.000000000000000E+000  -0.305974209215585E-012 -0.405536736150690E-012 -0.203530370863851E-005
     84.24000000  0.000000000000000E+000  0.000000000000000E+000  0.000000000000000E+000 -0.000000000000000E+000 -0.000000000000000E+000 -0.000000000000000E+000  0.000000000000000E+000  0.000000000000000E+000  0.000000000000000E+000 -0.000000000000000E+000 -0.000000000000000E+000 -0.000000000000000E+000  -0.321144249059712E-012 -0.410272883103868E-012 -0.206416561886013E-005
     84.32000000  0.000000000000000E+000  0.000000000000000E+000  0.000000000000000E+000 -0.000000000000000E+000 -0.000000000000000E+000 -0.000000000000000E+000  0.000000000000000E+000  0.000000000000000E+000  0.000000000000000E+000 -0.000000000000000E+000 -0.000000000000000E+000 -0.000000000000000E+000  -0.337737630017824E-012 -0.416088539792489E-012 -0.209279450351269E-005
     84.40000000  0.000000000000000E+000  0.000000000000000E+000  0.000000000000000E+000 -0.000000000000000E+000 -0.000000000000000E+000 -0.000000000000000E+000  0.000000000000000E+000  0.000000000000000E+000  0.000000000000000E+000 -0.000000000000000E+000 -0.000000000000000E+000 -0.000000000000000E+000  -0.356094753675199E-012 -0.422670250568880E-012 -0.212117766964606E-005
     84.48000000  0.000000000000000E+000  0.000000000000000E+000  0.000000000000000E+000 -0.000000000000000E+000 -0.000000000000000E+000 -0.000000000000000E+000  0.000000000000000E+000  0.000000000000000E+000  0.000000000000000E+000 -0.000000000000000E+000 -0.000000000000000E+000 -0.000000000000000E+000  -0.376405186005433E-012 -0.429566806377951E-012 -0.214930247340072E-005
     84.56000000  0.000000000000000E+000  0.000000000000000E+000  0.000000000000000E+000 -0.000000000000000E+000 -0.000000000000000E+000 -0.000000000000000E+000  0.000000000000000E+000  0.000000000000000E+000  0.000000000000000E+000 -0.000000000000000E+000 -0.000000000000000E+000 -0.000000000000000E+000  -0.398664382645392E-012 -0.436320545153907E-012 -0.217715632533001E-005
     84.64000000  0.000000000000000E+000  0.000000000000000E+000  0.000000000000000E+000 -0.000000000000000E+000 -0.000000000000000E+000 -0.000000000000000E+000  0.000000000000000E+000  0.000000000000000E+000  0.000000000000000E+000 -0.000000000000000E+000 -0.000000000000000E+000 -0.000000000000000E+000  -0.422682224728568E-012 -0.442603840827067E-012 -0.220472669598322E-005
     84.72000000  0.000000000000000E+000  0.000000000000000E+000  0.000000000000000E+000 -0.000000000000000E+000 -0.000000000000000E+000 -0.000000000000000E+000  0.000000000000000E+000  0.000000000000000E+000  0.000000000000000E+000 -0.000000000000000E+000 -0.000000000000000E+000 -0.000000000000000E+000  -0.448113820014710E-012 -0.448306199392554E-012 -0.223200112150998E-005
     84.80000000  0.000000000000000E+000  0.000000000000000E+000  0.000000000000000E+000 -0.000000000000000E+000 -0.000000000000000E+000 -0.000000000000000E+000  0.000000000000000E+000  0.000000000000000E+000  0.000000000000000E+000 -0.000000000000000E+000 -0.000000000000000E+000 -0.000000000000000E+000  -0.474539895477029E-012 -0.453559480414307E-012 -0.225896720909890E-005
     84.88000000  0.000000000000000E+000  0.000000000000000E+000  0.000000000000000E+000 -0.000000000000000E+000 -0.000000000000000E+000 -0.000000000000000E+000  0.000000000000000E+000  0.000000000000000E+000  0.000000000000000E+000 -0.000000000000000E+000 -0.000000000000000E+000 -0.000000000000000E+000  -0.501538246978276E-012 -0.458689504715194E-012 -0.228561264205310E-005
     84.96000000  0.000000000000000E+000  0.000000000000000E+000  0.000000000000000E+000 -0.000000000000000E+000 -0.000000000000000E+000 -0.000000000000000E+000  0.000000000000000E+000  0.000000000000000E+000  0.000000000000000E+000 -0.000000000000000E+000 -0.000000000000000E+000 -0.000000000000000E+000  -0.528767882143377E-012 -0.464116541432752E-012 -0.231192518438354E-005
     85.04000000  0.000000000000000E+000  0.000000000000000E+000  0.000000000000000E+000 -0.000000000000000E+000 -0.000000000000000E+000 -0.000000000000000E+000  0.000000000000000E+000  0.000000000000000E+000  0.000000000000000E+000 -0.000000000000000E+000 -0.000000000000000E+000 -0.000000000000000E+000  -0.555983460577118E-012 -0.470220760537362E-012 -0.233789268490704E-005
     85.12000000  0.000000000000000E+000  0.000000000000000E+000  0.000000000000000E+000 -0.000000000000000E+000 -0.000000000000000E+000 -0.000000000000000E+000  0.000000000000000E+000  0.000000000000000E+000  0.000000000000000E+000 -0.000000000000000E+000 -0.000000000000000E+000 -0.000000000000000E+000  -0.583047260996593E-012 -0.477231570173705E-012 -0.236350308096894E-005
     85.20000000  0.000000000000000E+000  0.000000000000000E+000  0.000000000000000E+000 -0.000000000000000E+000 -0.000000000000000E+000 -0.000000000000000E+000  0.000000000000000E+000  0.000000000000000E+000  0.000000000000000E+000 -0.000000000000000E+000 -0.000000000000000E+000 -0.000000000000000E+000  -0.609882431286835E-012 -0.485134236987952E-012 -0.238874440194153E-005
     85.28000000  0.000000000000000E+000  0.000000000000000E+000  0.000000000000000E+000 -0.000000000000000E+000 -0.000000000000000E+000 -0.000000000000000E+000  0.000000000000000E+000  0.000000000000000E+000  0.000000000000000E+000 -0.000000000000000E+000 -0.000000000000000E+000 -0.000000000000000E+000  -0.636411206043133E-012 -0.493639659474702E-012 -0.241360477280116E-005
     85.36000000  0.000000000000000E+000  0.000000000000000E+000  0.000000000000000E+000 -0.000000000000000E+000 -0.000000000000000E+000 -0.000000000000000E+000  0.000000000000000E+000  0.000000000000000E+000  0.000000000000000E+000 -0.000000000000000E+000 -0.000000000000000E+000 -0.000000000000000E+000  -0.662502072796828E-012 -0.502236063589869E-012 -0.243807241800807E-005
     85.44000000  0.000000000000000E+000  0.000000000000000E+000  0.000000000000000E+000 -0.000000000000000E+000 -0.000000000000000E+000 -0.000000000000000E+000  0.000000000000000E+000  0.000000000000000E+000  0.000000000000000E+000 -0.000000000000000E+000 -0.000000000000000E+000 -0.000000000000000E+000  -0.687920602191929E-012 -0.510274825383763E-012 -0.246213566581018E-005
     85.52000000  0.000000000000000E+000  0.000000000000000E+000  0.000000000000000E+000 -0.000000000000000E+000 -0.000000000000000E+000 -0.000000000000000E+000  0.000000000000000E+000  0.000000000000000E+000  0.000000000000000E+000 -0.000000000000000E+000 -0.000000000000000E+000 -0.000000000000000E+000  -0.712329042162215E-012 -0.517118463593745E-012 -0.248578295303039E-005
     85.60000000  0.000000000000000E+000  0.000000000000000E+000  0.000000000000000E+000 -0.000000000000000E+000 -0.000000000000000E+000 -0.000000000000000E+000  0.000000000000000E+000  0.000000000000000E+000  0.000000000000000E+000 -0.000000000000000E+000 -0.000000000000000E+000 -0.000000000000000E+000  -0.735296674822685E-012 -0.522284016346517E-012 -0.250900283019465E-005
     85.68000000  0.000000000000000E+000  0.000000000000000E+000  0.000000000000000E+000 -0.000000000000000E+000 -0.000000000000000E+000 -0.000000000000000E+000  0.000000000000000E+000  0.000000000000000E+000  0.000000000000000E+000 -0.000000000000000E+000 -0.000000000000000E+000 -0.000000000000000E+000  -0.756365297763265E-012 -0.525551380813128E-012 -0.253178396680319E-005
     85.76000000  0.000000000000000E+000  0.000000000000000E+000  0.000000000000000E+000 -0.000000000000000E+000 -0.000000000000000E+000 -0.000000000000000E+000  0.000000000000000E+000  0.000000000000000E+000  0.000000000000000E+000 -0.000000000000000E+000 -0.000000000000000E+000 -0.000000000000000E+000  -0.775114858937826E-012 -0.526997820452841E-012 -0.255411515650645E-005
     85.84000000  0.000000000000000E+000  0.000000000000000E+000  0.000000000000000E+000 -0.000000000000000E+000 -0.000000000000000E+000 -0.000000000000000E+000  0.000000000000000E+000  0.000000000000000E+000  0.000000000000000E+000 -0.000000000000000E+000 -0.000000000000000E+000 -0.000000000000000E+000  -0.791243149288450E-012 -0.526966803486663E-012 -0.257598532198018E-005
     85.92000000  0.000000000000000E+000  0.000000000000000E+000  0.000000000000000E+000 -0.000000000000000E+000 -0.000000000000000E+000 -0.000000000000000E+000  0.000000000000000E+000  0.000000000000000E+000  0.000000000000000E+000 -0.000000000000000E+000 -0.000000000000000E+000 -0.000000000000000E+000  -0.804626089154706E-012 -0.525947727983426E-012 -0.259738351938887E-005
     86.00000000  0.000000000000000E+000  0.000000000000000E+000  0.000000000000000E+000 -0.000000000000000E+000 -0.000000000000000E+000 -0.000000000000000E+000  0.000000000000000E+000  0.000000000000000E+000  0.000000000000000E+000 -0.000000000000000E+000 -0.000000000000000E+000 -0.000000000000000E+000  -0.815350788157807E-012 -0.524434346388744E-012 -0.261829894234131E-005
     86.08000000  0.000000000000000E+000  0.000000000000000E+000  0.000000000000000E+000 -0.000000000000000E+000 -0.000000000000000E+000 -0.000000000000000E+000  0.000000000000000E+000  0.000000000000000E+000  0.000000000000000E+000 -0.000000000000000E+000 -0.000000000000000E+000 -0.000000000000000E+000  -0.823695632020712E-012 -0.522779042478710E-012 -0.263872092543025E-005
     86.16000000  0.000000000000000E+000  0.000000000000000E+000  0.000000000000000E+000 -0.000000000000000E+000 -0.000000000000000E+000 -0.000000000000000E+000  0.000000000000000E+000  0.000000000000000E+000  0.000000000000000E+000 -0.000000000000000E+000 -0.000000000000000E+000 -0.000000000000000E+000  -0.830079754982295E-012 -0.521100499498223E-012 -0.265863894746407E-005
     86.24000000  0.000000000000000E+000  0.000000000000000E+000  0.000000000000000E+000 -0.000000000000000E+000 -0.000000000000000E+000 -0.000000000000000E+000  0.000000000000000E+000  0.000000000000000E+000  0.000000000000000E+000 -0.000000000000000E+000 -0.000000000000000E+000 -0.000000000000000E+000  -0.834979488467428E-012 -0.519252128796051E-012 -0.267804263458665E-005
     86.32000000  0.000000000000000E+000  0.000000000000000E+000  0.000000000000000E+000 -0.000000000000000E+000 -0.000000000000000E+000 -0.000000000000000E+000  0.000000000000000E+000  0.000000000000000E+000  0.000000000000000E+000 -0.000000000000000E+000 -0.000000000000000E+000 -0.000000000000000E+000  -0.838837398532492E-012 -0.516880003866761E-012 -0.269692176350952E-005
     86.40000000  0.000000000000000E+000  0.000000000000000E+000  0.000000000000000E+000 -0.000000000000000E+000 -0.000000000000000E+000 -0.000000000000000E+000  0.000000000000000E+000  0.000000000000000E+000  0.000000000000000E+000 -0.000000000000000E+000 -0.000000000000000E+000 -0.000000000000000E+000  -0.841990210514289E-012 -0.513523068489421E-012 -0.271526626507003E-005
     86.48000000  0.000000000000000E+000  0.000000000000000E+000  0.000000000000000E+000 -0.000000000000000E+000 -0.000000000000000E+000 -0.000000000000000E+000  0.000000000000000E+000  0.000000000000000E+000  0.000000000000000E+000 -0.000000000000000E+000 -0.000000000000000E+000 -0.000000000000000E+000  -0.844635972762579E-012 -0.508749248522422E-012 -0.273306622826296E-005
     86.56000000  0.000000000000000E+000  0.000000000000000E+000  0.000000000000000E+000 -0.000000000000000E+000 -0.000000000000000E+000 -0.000000000000000E+000  0.000000000000000E+000  0.000000000000000E+000  0.000000000000000E+000 -0.000000000000000E+000 -0.000000000000000E+000 -0.000000000000000E+000  -0.846852861273450E-012 -0.502294097267960E-012 -0.275031190482160E-005
     86.64000000  0.000000000000000E+000  0.000000000000000E+000  0.000000000000000E+000 -0.000000000000000E+000 -0.000000000000000E+000 -0.000000000000000E+000  0.000000000000000E+000  0.000000000000000E+000  0.000000000000000E+000 -0.000000000000000E+000 -0.000000000000000E+000 -0.000000000000000E+000  -0.848637964763294E-012 -0.494142926045352E-012 -0.276699371430616E-005
     86.72000000  0.000000000000000E+000  0.000000000000000E+000  0.000000000000000E+000 -0.000000000000000E+000 -0.000000000000000E+000 -0.000000000000000E+000  0.000000000000000E+000  0.000000000000000E+000  0.000000000000000E+000 -0.000000000000000E+000 -0.000000000000000E+000 -0.000000000000000E+000  -0.849987451129568E-012 -0.484569831453683E-012 -0.278310224962880E-005
     86.80000000  0.000000000000000E+000  0.000000000000000E+000  0.000000000000000E+000 -0.000000000000000E+000 -0.000000000000000E+000 -0.000000000000000E+000  0.000000000000000E+000  0.000000000000000E+000  0.000000000000000E+000 -0.000000000000000E+000 -0.000000000000000E+000 -0.000000000000000E+000  -0.850956262317365E-012 -0.474106359168324E-012 -0.279862828289053E-005
     86.88000000  0.000000000000000E+000  0.000000000000000E+000  0.000000000000000E+000 -0.000000000000000E+000 -0.000000000000000E+000 -0.000000000000000E+000  0.000000000000000E+000  0.000000000000000E+000  0.000000000000000E+000 -0.000000000000000E+000 -0.000000000000000E+000 -0.000000000000000E+000  -0.851707648053243E-012 -0.463424480629636E-012 -0.281356277139574E-005
     86.96000000  0.000000000000000E+000  0.000000000000000E+000  0.000000000000000E+000 -0.000000000000000E+000 -0.000000000000000E+000 -0.000000000000000E+000  0.000000000000000E+000  0.000000000000000E+000  0.000000000000000E+000 -0.000000000000000E+000 -0.000000000000000E+000 -0.000000000000000E+000  -0.852530836583830E-012 -0.453201483131271E-012 -0.282789686369894E-005
     87.04000000  0.000000000000000E+000  0.000000000000000E+000  0.000000000000000E+000 -0.000000000000000E+000 -0.000000000000000E+000 -0.000000000000000E+000  0.000000000000000E+000  0.000000000000000E+000  0.000000000000000E+000 -0.000000000000000E+000 -0.000000000000000E+000 -0.000000000000000E+000  -0.853810758330158E-012 -0.443962899042104E-012 -0.284162190550386E-005
     87.12000000  0.000000000000000E+000  0.000000000000000E+000  0.000000000000000E+000 -0.000000000000000E+000 -0.000000000000000E+000 -0.000000000000000E+000  0.000000000000000E+000  0.000000000000000E+000  0.000000000000000E+000 -0.000000000000000E+000 -0.000000000000000E+000 -0.000000000000000E+000  -0.855970723968220E-012 -0.435977216975681E-012 -0.285472944523588E-005
     87.20000000  0.000000000000000E+000  0.000000000000000E+000  0.000000000000000E+000 -0.000000000000000E+000 -0.000000000000000E+000 -0.000000000000000E+000  0.000000000000000E+000  0.000000000000000E+000  0.000000000000000E+000 -0.000000000000000E+000 -0.000000000000000E+000 -0.000000000000000E+000  -0.859392175398168E-012 -0.429197183536342E-012 -0.286721123906150E-005
     87.28000000  0.000000000000000E+000  0.000000000000000E+000  0.000000000000000E+000 -0.000000000000000E+000 -0.000000000000000E+000 -0.000000000000000E+000  0.000000000000000E+000  0.000000000000000E+000  0.000000000000000E+000 -0.000000000000000E+000 -0.000000000000000E+000 -0.000000000000000E+000  -0.864331855459039E-012 -0.423313245702290E-012 -0.287905925526707E-005
     87.36000000  0.000000000000000E+000  0.000000000000000E+000  0.000000000000000E+000 -0.000000000000000E+000 -0.000000000000000E+000 -0.000000000000000E+000  0.000000000000000E+000  0.000000000000000E+000  0.000000000000000E+000 -0.000000000000000E+000 -0.000000000000000E+000 -0.000000000000000E+000  -0.870850639593090E-012 -0.417849113710125E-012 -0.289026567792688E-005
     87.44000000  0.000000000000000E+000  0.000000000000000E+000  0.000000000000000E+000 -0.000000000000000E+000 -0.000000000000000E+000 -0.000000000000000E+000  0.000000000000000E+000  0.000000000000000E+000  0.000000000000000E+000 -0.000000000000000E+000 -0.000000000000000E+000 -0.000000000000000E+000  -0.878782113307698E-012 -0.412310798446953E-012 -0.290082291001792E-005
     87.52000000  0.000000000000000E+000  0.000000000000000E+000  0.000000000000000E+000 -0.000000000000000E+000 -0.000000000000000E+000 -0.000000000000000E+000  0.000000000000000E+000  0.000000000000000E+000  0.000000000000000E+000 -0.000000000000000E+000 -0.000000000000000E+000 -0.000000000000000E+000  -0.887752470547874E-012 -0.406329258323996E-012 -0.291072357618459E-005
     87.60000000  0.000000000000000E+000  0.000000000000000E+000  0.000000000000000E+000 -0.000000000000000E+000 -0.000000000000000E+000 -0.000000000000000E+000  0.000000000000000E+000  0.000000000000000E+000  0.000000000000000E+000 -0.000000000000000E+000 -0.000000000000000E+000 -0.000000000000000E+000  -0.897240679638618E-012 -0.399769918252430E-012 -0.291996052543618E-005
     87.68000000  0.000000000000000E+000  0.000000000000000E+000  0.000000000000000E+000 -0.000000000000000E+000 -0.000000000000000E+000 -0.000000000000000E+000  0.000000000000000E+000  0.000000000000000E+000  0.000000000000000E+000 -0.000000000000000E+000 -0.000000000000000E+000 -0.000000000000000E+000  -0.906672803101564E-012 -0.392756290945303E-012 -0.292852683398604E-005
     87.76000000  0.000000000000000E+000  0.000000000000000E+000  0.000000000000000E+000 -0.000000000000000E+000 -0.000000000000000E+000 -0.000000000000000E+000  0.000000000000000E+000  0.000000000000000E+000  0.000000000000000E+000 -0.000000000000000E+000 -0.000000000000000E+000 -0.000000000000000E+000  -0.915525961600512E-012 -0.385638007007912E-012 -0.293641580838149E-005
     87.84000000  0.000000000000000E+000  0.000000000000000E+000  0.000000000000000E+000 -0.000000000000000E+000 -0.000000000000000E+000 -0.000000000000000E+000  0.000000000000000E+000  0.000000000000000E+000  0.000000000000000E+000 -0.000000000000000E+000 -0.000000000000000E+000 -0.000000000000000E+000  -0.923417430011765E-012 -0.378895326090225E-012 -0.294362098888064E-005
     87.92000000  0.000000000000000E+000  0.000000000000000E+000  0.000000000000000E+000 -0.000000000000000E+000 -0.000000000000000E+000 -0.000000000000000E+000  0.000000000000000E+000  0.000000000000000E+000  0.000000000000000E+000 -0.000000000000000E+000 -0.000000000000000E+000 -0.000000000000000E+000  -0.930135941754078E-012 -0.372992092469176E-012 -0.295013615297860E-005
     88.00000000  0.000000000000000E+000  0.000000000000000E+000  0.000000000000000E+000 -0.000000000000000E+000 -0.000000000000000E+000 -0.000000000000000E+000  0.000000000000000E+000  0.000000000000000E+000  0.000000000000000E+000 -0.000000000000000E+000 -0.000000000000000E+000 -0.000000000000000E+000  -0.935637071894407E-012 -0.368250311429293E-012 -0.295595531889597E-005
     88.08000000  0.000000000000000E+000  0.000000000000000E+000  0.000000000000000E+000 -0.000000000000000E+000 -0.000000000000000E+000 -0.000000000000000E+000  0.000000000000000E+000  0.000000000000000E+000  0.000000000000000E+000 -0.000000000000000E+000 -0.000000000000000E+000 -0.000000000000000E+000  -0.939983538265784E-012 -0.364734863937526E-012 -0.296107274884740E-005
     88.16000000  0.000000000000000E+000  0.000000000000000E+000  0.000000000000000E+000 -0.000000000000000E+000 -0.000000000000000E+000 -0.000000000000000E+000  0.000000000000000E+000  0.000000000000000E+000  0.000000000000000E+000 -0.000000000000000E+000 -0.000000000000000E+000 -0.000000000000000E+000  -0.943259413468477E-012 -0.362216748425011E-012 -0.296548295193765E-005
     88.24000000  0.000000000000000E+000  0.000000000000000E+000  0.000000000000000E+000 -0.000000000000000E+000 -0.000000000000000E+000 -0.000000000000000E+000  0.000000000000000E+000  0.000000000000000E+000  0.000000000000000E+000 -0.000000000000000E+000 -0.000000000000000E+000 -0.000000000000000E+000  -0.945496560497720E-012 -0.360200553767393E-012 -0.296918068663186E-005
     88.32000000  0.000000000000000E+000  0.000000000000000E+000  0.000000000000000E+000 -0.000000000000000E+000 -0.000000000000000E+000 -0.000000000000000E+000  0.000000000000000E+000  0.000000000000000E+000  0.000000000000000E+000 -0.000000000000000E+000 -0.000000000000000E+000 -0.000000000000000E+000  -0.946603317338038E-012 -0.358016837074517E-012 -0.297216096276889E-005
     88.40000000  0.000000000000000E+000  0.000000000000000E+000  0.000000000000000E+000 -0.000000000000000E+000 -0.000000000000000E+000 -0.000000000000000E+000  0.000000000000000E+000  0.000000000000000E+000  0.000000000000000E+000 -0.000000000000000E+000 -0.000000000000000E+000 -0.000000000000000E+000  -0.946342922594880E-012 -0.354968120547969E-012 -0.297441904317867E-005
     88.48000000  0.000000000000000E+000  0.000000000000000E+000  0.000000000000000E+000 -0.000000000000000E+000 -0.000000000000000E+000 -0.000000000000000E+000  0.000000000000000E+000  0.000000000000000E+000  0.000000000000000E+000 -0.000000000000000E+000 -0.000000000000000E+000 -0.000000000000000E+000  -0.944354078442899E-012 -0.350481276849337E-012 -0.297595044504120E-005
     88.56000000  0.000000000000000E+000  0.000000000000000E+000  0.000000000000000E+000 -0.000000000000000E+000 -0.000000000000000E+000 -0.000000000000000E+000  0.000000000000000E+000  0.000000000000000E+000  0.000000000000000E+000 -0.000000000000000E+000 -0.000000000000000E+000 -0.000000000000000E+000  -0.940210211058733E-012 -0.344223279979787E-012 -0.297675094111411E-005
     88.64000000  0.000000000000000E+000  0.000000000000000E+000  0.000000000000000E+000 -0.000000000000000E+000 -0.000000000000000E+000 -0.000000000000000E+000  0.000000000000000E+000  0.000000000000000E+000  0.000000000000000E+000 -0.000000000000000E+000 -0.000000000000000E+000 -0.000000000000000E+000  -0.933524163893277E-012 -0.336157056750311E-012 -0.297681656102086E-005
     88.72000000  0.000000000000000E+000  0.000000000000000E+000  0.000000000000000E+000 -0.000000000000000E+000 -0.000000000000000E+000 -0.000000000000000E+000  0.000000000000000E+000  0.000000000000000E+000  0.000000000000000E+000 -0.000000000000000E+000 -0.000000000000000E+000 -0.000000000000000E+000  -0.924037165745930E-012 -0.326519974152648E-012 -0.297614359271312E-005
     88.80000000  0.000000000000000E+000  0.000000000000000E+000  0.000000000000000E+000 -0.000000000000000E+000 -0.000000000000000E+000 -0.000000000000000E+000  0.000000000000000E+000  0.000000000000000E+000  0.000000000000000E+000 -0.000000000000000E+000 -0.000000000000000E+000 -0.000000000000000E+000  -0.911705622403370E-012 -0.315738061650321E-012 -0.297472858417675E-005
     88.88000000  0.000000000000000E+000  0.000000000000000E+000  0.000000000000000E+000 -0.000000000000000E+000 -0.000000000000000E+000 -0.000000000000000E+000  0.000000000000000E+000  0.000000000000000E+000  0.000000000000000E+000 -0.000000000000000E+000 -0.000000000000000E+000 -0.000000000000000E+000  -0.896745265753565E-012 -0.304289265426716E-012 -0.297256834534430E-005
     88.96000000  0.000000000000000E+000  0.000000000000000E+000  0.000000000000000E+000 -0.000000000000000E+000 -0.000000000000000E+000 -0.000000000000000E+000  0.000000000000000E+000  0.000000000000000E+000  0.000000000000000E+000 -0.000000000000000E+000 -0.000000000000000E+000 -0.000000000000000E+000  -0.879604878949243E-012 -0.292565684436813E-012 -0.296965995013224E-005
     89.04000000  0.000000000000000E+000  0.000000000000000E+000  0.000000000000000E+000 -0.000000000000000E+000 -0.000000000000000E+000 -0.000000000000000E+000  0.000000000000000E+000  0.000000000000000E+000  0.000000000000000E+000 -0.000000000000000E+000 -0.000000000000000E+000 -0.000000000000000E+000  -0.860904691136949E-012 -0.280772222852302E-012 -0.296600073837775E-005
     89.12000000  0.000000000000000E+000  0.000000000000000E+000  0.000000000000000E+000 -0.000000000000000E+000 -0.000000000000000E+000 -0.000000000000000E+000  0.000000000000000E+000  0.000000000000000E+000  0.000000000000000E+000 -0.000000000000000E+000 -0.000000000000000E+000 -0.000000000000000E+000  -0.841325110958114E-012 -0.268867062593835E-012 -0.296158831754798E-005
     89.20000000  0.000000000000000E+000  0.000000000000000E+000  0.000000000000000E+000 -0.000000000000000E+000 -0.000000000000000E+000 -0.000000000000000E+000  0.000000000000000E+000  0.000000000000000E+000  0.000000000000000E+000 -0.000000000000000E+000 -0.000000000000000E+000 -0.000000000000000E+000  -0.821472308569169E-012 -0.256589431706246E-012 -0.295642056407136E-005
     89.28000000  0.000000000000000E+000  0.000000000000000E+000  0.000000000000000E+000 -0.000000000000000E+000 -0.000000000000000E+000 -0.000000000000000E+000  0.000000000000000E+000  0.000000000000000E+000  0.000000000000000E+000 -0.000000000000000E+000 -0.000000000000000E+000 -0.000000000000000E+000  -0.801797398157510E-012 -0.243522503393898E-012 -0.295049562419195E-005
     89.36000000  0.000000000000000E+000  0.000000000000000E+000  0.000000000000000E+000 -0.000000000000000E+000 -0.000000000000000E+000 -0.000000000000000E+000  0.000000000000000E+000  0.000000000000000E+000  0.000000000000000E+000 -0.000000000000000E+000 -0.000000000000000E+000 -0.000000000000000E+000  -0.782525532876236E-012 -0.229234982534519E-012 -0.294381191435854E-005
     89.44000000  0.000000000000000E+000  0.000000000000000E+000  0.000000000000000E+000 -0.000000000000000E+000 -0.000000000000000E+000 -0.000000000000000E+000  0.000000000000000E+000  0.000000000000000E+000  0.000000000000000E+000 -0.000000000000000E+000 -0.000000000000000E+000 -0.000000000000000E+000  -0.763687133882276E-012 -0.213403172789361E-012 -0.293636812111766E-005
     89.52000000  0.000000000000000E+000  0.000000000000000E+000  0.000000000000000E+000 -0.000000000000000E+000 -0.000000000000000E+000 -0.000000000000000E+000  0.000000000000000E+000  0.000000000000000E+000  0.000000000000000E+000 -0.000000000000000E+000 -0.000000000000000E+000 -0.000000000000000E+000  -0.745160260304762E-012 -0.195934246625613E-012 -0.292816320054018E-005
     89.60000000  0.000000000000000E+000  0.000000000000000E+000  0.000000000000000E+000 -0.000000000000000E+000 -0.000000000000000E+000 -0.000000000000000E+000  0.000000000000000E+000  0.000000000000000E+000  0.000000000000000E+000 -0.000000000000000E+000 -0.000000000000000E+000 -0.000000000000000E+000  -0.726788513972531E-012 -0.177022879319609E-012 -0.291919637718162E-005
     89.68000000  0.000000000000000E+000  0.000000000000000E+000  0.000000000000000E+000 -0.000000000000000E+000 -0.000000000000000E+000 -0.000000000000000E+000  0.000000000000000E+000  0.000000000000000E+000  0.000000000000000E+000 -0.000000000000000E+000 -0.000000000000000E+000 -0.000000000000000E+000  -0.708476791532102E-012 -0.157144998481106E-012 -0.290946714256340E-005
     89.76000000  0.000000000000000E+000  0.000000000000000E+000  0.000000000000000E+000 -0.000000000000000E+000 -0.000000000000000E+000 -0.000000000000000E+000  0.000000000000000E+000  0.000000000000000E+000  0.000000000000000E+000 -0.000000000000000E+000 -0.000000000000000E+000 -0.000000000000000E+000  -0.690270005305551E-012 -0.136970875963172E-012 -0.289897525327332E-005
     89.84000000  0.000000000000000E+000  0.000000000000000E+000  0.000000000000000E+000 -0.000000000000000E+000 -0.000000000000000E+000 -0.000000000000000E+000  0.000000000000000E+000  0.000000000000000E+000  0.000000000000000E+000 -0.000000000000000E+000 -0.000000000000000E+000 -0.000000000000000E+000  -0.672400151468300E-012 -0.117234346226098E-012 -0.288772072874543E-005
     89.92000000  0.000000000000000E+000  0.000000000000000E+000  0.000000000000000E+000 -0.000000000000000E+000 -0.000000000000000E+000 -0.000000000000000E+000  0.000000000000000E+000  0.000000000000000E+000  0.000000000000000E+000 -0.000000000000000E+000 -0.000000000000000E+000 -0.000000000000000E+000  -0.655244283160457E-012 -0.985816811031939E-013 -0.287570384890124E-005
     90.00000000  0.000000000000000E+000  0.000000000000000E+000  0.000000000000000E+000 -0.000000000000000E+000 -0.000000000000000E+000 -0.000000000000000E+000  0.000000000000000E+000  0.000000000000000E+000  0.000000000000000E+000 -0.000000000000000E+000 -0.000000000000000E+000 -0.000000000000000E+000  -0.639262834441569E-012 -0.814381496106269E-013 -0.286292515177864E-005
     90.08000000  0.000000000000000E+000  0.000000000000000E+000  0.000000000000000E+000 -0.000000000000000E+000 -0.000000000000000E+000 -0.000000000000000E+000  0.000000000000000E+000  0.000000000000000E+000  0.000000000000000E+000 -0.000000000000000E+000 -0.000000000000000E+000 -0.000000000000000E+000  -0.624886061908768E-012 -0.659370285553132E-013 -0.284938543125637E-005
     90.16000000  0.000000000000000E+000  0.000000000000000E+000  0.000000000000000E+000 -0.000000000000000E+000 -0.000000000000000E+000 -0.000000000000000E+000  0.000000000000000E+000  0.000000000000000E+000  0.000000000000000E+000 -0.000000000000000E+000 -0.000000000000000E+000 -0.000000000000000E+000  -0.612396417043159E-012 -0.519237410751560E-013 -0.283508573487688E-005
     90.24000000  0.000000000000000E+000  0.000000000000000E+000  0.000000000000000E+000 -0.000000000000000E+000 -0.000000000000000E+000 -0.000000000000000E+000  0.000000000000000E+000  0.000000000000000E+000  0.000000000000000E+000 -0.000000000000000E+000 -0.000000000000000E+000 -0.000000000000000E+000  -0.601838505227176E-012 -0.390240243448042E-013 -0.282002736171549E-005
     90.32000000  0.000000000000000E+000  0.000000000000000E+000  0.000000000000000E+000 -0.000000000000000E+000 -0.000000000000000E+000 -0.000000000000000E+000  0.000000000000000E+000  0.000000000000000E+000  0.000000000000000E+000 -0.000000000000000E+000 -0.000000000000000E+000 -0.000000000000000E+000  -0.592968899481661E-012 -0.267748407136619E-013 -0.280421186019606E-005
     90.40000000  0.000000000000000E+000  0.000000000000000E+000  0.000000000000000E+000 -0.000000000000000E+000 -0.000000000000000E+000 -0.000000000000000E+000  0.000000000000000E+000  0.000000000000000E+000  0.000000000000000E+000 -0.000000000000000E+000 -0.000000000000000E+000 -0.000000000000000E+000  -0.585286732786188E-012 -0.147550308439360E-013 -0.278764102574812E-005
     90.48000000  0.000000000000000E+000  0.000000000000000E+000  0.000000000000000E+000 -0.000000000000000E+000 -0.000000000000000E+000 -0.000000000000000E+000  0.000000000000000E+000  0.000000000000000E+000  0.000000000000000E+000 -0.000000000000000E+000 -0.000000000000000E+000 -0.000000000000000E+000  -0.578113845214941E-012 -0.270527566156787E-014 -0.277031689825031E-005
     90.56000000  0.000000000000000E+000  0.000000000000000E+000  0.000000000000000E+000 -0.000000000000000E+000 -0.000000000000000E+000 -0.000000000000000E+000  0.000000000000000E+000  0.000000000000000E+000  0.000000000000000E+000 -0.000000000000000E+000 -0.000000000000000E+000 -0.000000000000000E+000  -0.570722757438971E-012  0.940049362137263E-014 -0.275224175932048E-005
     90.64000000  0.000000000000000E+000  0.000000000000000E+000  0.000000000000000E+000 -0.000000000000000E+000 -0.000000000000000E+000 -0.000000000000000E+000  0.000000000000000E+000  0.000000000000000E+000  0.000000000000000E+000 -0.000000000000000E+000 -0.000000000000000E+000 -0.000000000000000E+000  -0.562483305556414E-012  0.213635113750783E-013 -0.273341812950935E-005
     90.72000000  0.000000000000000E+000  0.000000000000000E+000  0.000000000000000E+000 -0.000000000000000E+000 -0.000000000000000E+000 -0.000000000000000E+000  0.000000000000000E+000  0.000000000000000E+000  0.000000000000000E+000 -0.000000000000000E+000 -0.000000000000000E+000 -0.000000000000000E+000  -0.552959285669468E-012  0.328152131099216E-013 -0.271384876554614E-005
     90.80000000  0.000000000000000E+000  0.000000000000000E+000  0.000000000000000E+000 -0.000000000000000E+000 -0.000000000000000E+000 -0.000000000000000E+000  0.000000000000000E+000  0.000000000000000E+000  0.000000000000000E+000 -0.000000000000000E+000 -0.000000000000000E+000 -0.000000000000000E+000  -0.541956628600932E-012  0.433411836271790E-013 -0.269353665777809E-005
     90.88000000  0.000000000000000E+000  0.000000000000000E+000  0.000000000000000E+000 -0.000000000000000E+000 -0.000000000000000E+000 -0.000000000000000E+000  0.000000000000000E+000  0.000000000000000E+000  0.000000000000000E+000 -0.000000000000000E+000 -0.000000000000000E+000 -0.000000000000000E+000  -0.529511101979698E-012  0.526320827299223E-013 -0.267248502794275E-005
     90.96000000  0.000000000000000E+000  0.000000000000000E+000  0.000000000000000E+000 -0.000000000000000E+000 -0.000000000000000E+000 -0.000000000000000E+000  0.000000000000000E+000  0.000000000000000E+000  0.000000000000000E+000 -0.000000000000000E+000 -0.000000000000000E+000 -0.000000000000000E+000  -0.515800754139060E-012  0.605787124364278E-013 -0.265069732739082E-005
     91.04000000  0.000000000000000E+000  0.000000000000000E+000  0.000000000000000E+000 -0.000000000000000E+000 -0.000000000000000E+000 -0.000000000000000E+000  0.000000000000000E+000  0.000000000000000E+000  0.000000000000000E+000 -0.000000000000000E+000 -0.000000000000000E+000 -0.000000000000000E+000  -0.501032384847703E-012  0.673664289038000E-013 -0.262817723580135E-005
     91.12000000  0.000000000000000E+000  0.000000000000000E+000  0.000000000000000E+000 -0.000000000000000E+000 -0.000000000000000E+000 -0.000000000000000E+000  0.000000000000000E+000  0.000000000000000E+000  0.000000000000000E+000 -0.000000000000000E+000 -0.000000000000000E+000 -0.000000000000000E+000  -0.485330106141539E-012  0.734612995253725E-013 -0.260492866034120E-005
     91.20000000  0.000000000000000E+000  0.000000000000000E+000  0.000000000000000E+000 -0.000000000000000E+000 -0.000000000000000E+000 -0.000000000000000E+000  0.000000000000000E+000  0.000000000000000E+000  0.000000000000000E+000 -0.000000000000000E+000 -0.000000000000000E+000 -0.000000000000000E+000  -0.468648115247263E-012  0.795237113424607E-013 -0.258095573514605E-005
     91.28000000  0.000000000000000E+000  0.000000000000000E+000  0.000000000000000E+000 -0.000000000000000E+000 -0.000000000000000E+000 -0.000000000000000E+000  0.000000000000000E+000  0.000000000000000E+000  0.000000000000000E+000 -0.000000000000000E+000 -0.000000000000000E+000 -0.000000000000000E+000  -0.450747247455506E-012  0.862856898039544E-013 -0.255626282090123E-005
     91.36000000  0.000000000000000E+000  0.000000000000000E+000  0.000000000000000E+000 -0.000000000000000E+000 -0.000000000000000E+000 -0.000000000000000E+000  0.000000000000000E+000  0.000000000000000E+000  0.000000000000000E+000 -0.000000000000000E+000 -0.000000000000000E+000 -0.000000000000000E+000  -0.431226044536423E-012  0.943903013195182E-013 -0.253085450427430E-005
     91.44000000  0.000000000000000E+000  0.000000000000000E+000  0.000000000000000E+000 -0.000000000000000E+000 -0.000000000000000E+000 -0.000000000000000E+000  0.000000000000000E+000  0.000000000000000E+000  0.000000000000000E+000 -0.000000000000000E+000 -0.000000000000000E+000 -0.000000000000000E+000  -0.409617460554027E-012  0.104261236286878E-012 -0.250473559699641E-005
     91.52000000  0.000000000000000E+000  0.000000000000000E+000  0.000000000000000E+000 -0.000000000000000E+000 -0.000000000000000E+000 -0.000000000000000E+000  0.000000000000000E+000  0.000000000000000E+000  0.000000000000000E+000 -0.000000000000000E+000 -0.000000000000000E+000 -0.000000000000000E+000  -0.385503418868507E-012  0.116026663214102E-012 -0.247791113450931E-005
     91.60000000  0.000000000000000E+000  0.000000000000000E+000  0.000000000000000E+000 -0.000000000000000E+000 -0.000000000000000E+000 -0.000000000000000E+000  0.000000000000000E+000  0.000000000000000E+000  0.000000000000000E+000 -0.000000000000000E+000 -0.000000000000000E+000 -0.000000000000000E+000  -0.358640781872256E-012  0.129527560261161E-012 -0.245038637424284E-005
     91.68000000  0.000000000000000E+000  0.000000000000000E+000  0.000000000000000E+000 -0.000000000000000E+000 -0.000000000000000E+000 -0.000000000000000E+000  0.000000000000000E+000  0.000000000000000E+000  0.000000000000000E+000 -0.000000000000000E+000 -0.000000000000000E+000 -0.000000000000000E+000  -0.329049144762731E-012  0.144371172430371E-012 -0.242216679370796E-005
     91.76000000  0.000000000000000E+000  0.000000000000000E+000  0.000000000000000E+000 -0.000000000000000E+000 -0.000000000000000E+000 -0.000000000000000E+000  0.000000000000000E+000  0.000000000000000E+000  0.000000000000000E+000 -0.000000000000000E+000 -0.000000000000000E+000 -0.000000000000000E+000  -0.297041310407551E-012  0.160061463173347E-012 -0.239325808873894E-005
     91.84000000  0.000000000000000E+000  0.000000000000000E+000  0.000000000000000E+000 -0.000000000000000E+000 -0.000000000000000E+000 -0.000000000000000E+000  0.000000000000000E+000  0.000000000000000E+000  0.000000000000000E+000 -0.000000000000000E+000 -0.000000000000000E+000 -0.000000000000000E+000  -0.263188717600632E-012  0.176136013738234E-012 -0.236366617214060E-005
     91.92000000  0.000000000000000E+000  0.000000000000000E+000  0.000000000000000E+000 -0.000000000000000E+000 -0.000000000000000E+000 -0.000000000000000E+000  0.000000000000000E+000  0.000000000000000E+000  0.000000000000000E+000 -0.000000000000000E+000 -0.000000000000000E+000 -0.000000000000000E+000  -0.228218469713778E-012  0.192269498220377E-012 -0.233339717296848E-005
     92.00000000  0.000000000000000E+000  0.000000000000000E+000  0.000000000000000E+000 -0.000000000000000E+000 -0.000000000000000E+000 -0.000000000000000E+000  0.000000000000000E+000  0.000000000000000E+000  0.000000000000000E+000 -0.000000000000000E+000 -0.000000000000000E+000 -0.000000000000000E+000  -0.192874965904147E-012  0.208351078531294E-012 -0.230245743650860E-005
     92.08000000  0.000000000000000E+000  0.000000000000000E+000  0.000000000000000E+000 -0.000000000000000E+000 -0.000000000000000E+000 -0.000000000000000E+000  0.000000000000000E+000  0.000000000000000E+000  0.000000000000000E+000 -0.000000000000000E+000 -0.000000000000000E+000 -0.000000000000000E+000  -0.157788347988005E-012  0.224494737949659E-012 -0.227085352483480E-005
     92.16000000  0.000000000000000E+000  0.000000000000000E+000  0.000000000000000E+000 -0.000000000000000E+000 -0.000000000000000E+000 -0.000000000000000E+000  0.000000000000000E+000  0.000000000000000E+000  0.000000000000000E+000 -0.000000000000000E+000 -0.000000000000000E+000 -0.000000000000000E+000  -0.123366525700067E-012  0.240957820394183E-012 -0.223859221773976E-005
     92.24000000  0.000000000000000E+000  0.000000000000000E+000  0.000000000000000E+000 -0.000000000000000E+000 -0.000000000000000E+000 -0.000000000000000E+000  0.000000000000000E+000  0.000000000000000E+000  0.000000000000000E+000 -0.000000000000000E+000 -0.000000000000000E+000 -0.000000000000000E+000  -0.897751555953266E-013  0.258033300632336E-012 -0.220568051374064E-005
     92.32000000  0.000000000000000E+000  0.000000000000000E+000  0.000000000000000E+000 -0.000000000000000E+000 -0.000000000000000E+000 -0.000000000000000E+000  0.000000000000000E+000  0.000000000000000E+000  0.000000000000000E+000 -0.000000000000000E+000 -0.000000000000000E+000 -0.000000000000000E+000  -0.569611054930132E-013  0.275927260650807E-012 -0.217212563084525E-005
     92.40000000  0.000000000000000E+000  0.000000000000000E+000  0.000000000000000E+000 -0.000000000000000E+000 -0.000000000000000E+000 -0.000000000000000E+000  0.000000000000000E+000  0.000000000000000E+000  0.000000000000000E+000 -0.000000000000000E+000 -0.000000000000000E+000 -0.000000000000000E+000  -0.247591354528583E-013  0.294639563920434E-012 -0.213793500685324E-005
     92.48000000  0.000000000000000E+000  0.000000000000000E+000  0.000000000000000E+000 -0.000000000000000E+000 -0.000000000000000E+000 -0.000000000000000E+000  0.000000000000000E+000  0.000000000000000E+000  0.000000000000000E+000 -0.000000000000000E+000 -0.000000000000000E+000 -0.000000000000000E+000   0.699869744165608E-014  0.313909095155364E-012 -0.210311629898602E-005
     92.56000000  0.000000000000000E+000  0.000000000000000E+000  0.000000000000000E+000 -0.000000000000000E+000 -0.000000000000000E+000 -0.000000000000000E+000  0.000000000000000E+000  0.000000000000000E+000  0.000000000000000E+000 -0.000000000000000E+000 -0.000000000000000E+000 -0.000000000000000E+000   0.383653567176285E-013  0.333230183215269E-012 -0.206767738272279E-005
     92.64000000  0.000000000000000E+000  0.000000000000000E+000  0.000000000000000E+000 -0.000000000000000E+000 -0.000000000000000E+000 -0.000000000000000E+000  0.000000000000000E+000  0.000000000000000E+000  0.000000000000000E+000 -0.000000000000000E+000 -0.000000000000000E+000 -0.000000000000000E+000   0.692050445471189E-013  0.351936306030567E-012 -0.203162634976215E-005
     92.72000000  0.000000000000000E+000  0.000000000000000E+000  0.000000000000000E+000 -0.000000000000000E+000 -0.000000000000000E+000 -0.000000000000000E+000  0.000000000000000E+000  0.000000000000000E+000  0.000000000000000E+000 -0.000000000000000E+000 -0.000000000000000E+000 -0.000000000000000E+000   0.991914687804813E-013  0.369332081174126E-012 -0.199497150512175E-005
     92.80000000  0.000000000000000E+000  0.000000000000000E+000  0.000000000000000E+000 -0.000000000000000E+000 -0.000000000000000E+000 -0.000000000000000E+000  0.000000000000000E+000  0.000000000000000E+000  0.000000000000000E+000 -0.000000000000000E+000 -0.000000000000000E+000 -0.000000000000000E+000   0.127849338023816E-012  0.384834438270111E-012 -0.195772136337778E-005
     92.88000000  0.000000000000000E+000  0.000000000000000E+000  0.000000000000000E+000 -0.000000000000000E+000 -0.000000000000000E+000 -0.000000000000000E+000  0.000000000000000E+000  0.000000000000000E+000  0.000000000000000E+000 -0.000000000000000E+000 -0.000000000000000E+000 -0.000000000000000E+000   0.154658451321847E-012  0.398082607288818E-012 -0.191988464420806E-005
     92.96000000  0.000000000000000E+000  0.000000000000000E+000  0.000000000000000E+000 -0.000000000000000E+000 -0.000000000000000E+000 -0.000000000000000E+000  0.000000000000000E+000  0.000000000000000E+000  0.000000000000000E+000 -0.000000000000000E+000 -0.000000000000000E+000 -0.000000000000000E+000   0.179173654838423E-012  0.408990243322927E-012 -0.188147026739612E-005
     93.04000000  0.000000000000000E+000  0.000000000000000E+000  0.000000000000000E+000 -0.000000000000000E+000 -0.000000000000000E+000 -0.000000000000000E+000  0.000000000000000E+000  0.000000000000000E+000  0.000000000000000E+000 -0.000000000000000E+000 -0.000000000000000E+000 -0.000000000000000E+000   0.201131210873688E-012  0.417730397085856E-012 -0.184248734757497E-005
     93.12000000  0.000000000000000E+000  0.000000000000000E+000  0.000000000000000E+000 -0.000000000000000E+000 -0.000000000000000E+000 -0.000000000000000E+000  0.000000000000000E+000  0.000000000000000E+000  0.000000000000000E+000 -0.000000000000000E+000 -0.000000000000000E+000 -0.000000000000000E+000   0.220525307903218E-012  0.424661425504558E-012 -0.180294518886068E-005
     93.20000000  0.000000000000000E+000  0.000000000000000E+000  0.000000000000000E+000 -0.000000000000000E+000 -0.000000000000000E+000 -0.000000000000000E+000  0.000000000000000E+000  0.000000000000000E+000  0.000000000000000E+000 -0.000000000000000E+000 -0.000000000000000E+000 -0.000000000000000E+000   0.237616436290782E-012  0.430217810552966E-012 -0.176285327954314E-005
     93.28000000  0.000000000000000E+000  0.000000000000000E+000  0.000000000000000E+000 -0.000000000000000E+000 -0.000000000000000E+000 -0.000000000000000E+000  0.000000000000000E+000  0.000000000000000E+000  0.000000000000000E+000 -0.000000000000000E+000 -0.000000000000000E+000 -0.000000000000000E+000   0.252879484870027E-012  0.434784590821356E-012 -0.172222128685570E-005
     93.36000000  0.000000000000000E+000  0.000000000000000E+000  0.000000000000000E+000 -0.000000000000000E+000 -0.000000000000000E+000 -0.000000000000000E+000  0.000000000000000E+000  0.000000000000000E+000  0.000000000000000E+000 -0.000000000000000E+000 -0.000000000000000E+000 -0.000000000000000E+000   0.266902633319526E-012  0.438622477027547E-012 -0.168105905178893E-005
     93.44000000  0.000000000000000E+000  0.000000000000000E+000  0.000000000000000E+000 -0.000000000000000E+000 -0.000000000000000E+000 -0.000000000000000E+000  0.000000000000000E+000  0.000000000000000E+000  0.000000000000000E+000 -0.000000000000000E+000 -0.000000000000000E+000 -0.000000000000000E+000   0.280266682719736E-012  0.441809482286332E-012 -0.163937658382613E-005
     93.52000000  0.000000000000000E+000  0.000000000000000E+000  0.000000000000000E+000 -0.000000000000000E+000 -0.000000000000000E+000 -0.000000000000000E+000  0.000000000000000E+000  0.000000000000000E+000  0.000000000000000E+000 -0.000000000000000E+000 -0.000000000000000E+000 -0.000000000000000E+000   0.293430801474748E-012  0.444280370504354E-012 -0.159718405551597E-005
     93.60000000  0.000000000000000E+000  0.000000000000000E+000  0.000000000000000E+000 -0.000000000000000E+000 -0.000000000000000E+000 -0.000000000000000E+000  0.000000000000000E+000  0.000000000000000E+000  0.000000000000000E+000 -0.000000000000000E+000 -0.000000000000000E+000 -0.000000000000000E+000   0.306655662405501E-012  0.445880347979081E-012 -0.155449179676471E-005
     93.68000000  0.000000000000000E+000  0.000000000000000E+000  0.000000000000000E+000 -0.000000000000000E+000 -0.000000000000000E+000 -0.000000000000000E+000  0.000000000000000E+000  0.000000000000000E+000  0.000000000000000E+000 -0.000000000000000E+000 -0.000000000000000E+000 -0.000000000000000E+000   0.319999997898153E-012  0.446477685652394E-012 -0.151131028881942E-005
     93.76000000  0.000000000000000E+000  0.000000000000000E+000  0.000000000000000E+000 -0.000000000000000E+000 -0.000000000000000E+000 -0.000000000000000E+000  0.000000000000000E+000  0.000000000000000E+000  0.000000000000000E+000 -0.000000000000000E+000 -0.000000000000000E+000 -0.000000000000000E+000   0.333365980039318E-012  0.446056568728991E-012 -0.146765015789999E-005
     93.84000000  0.000000000000000E+000  0.000000000000000E+000  0.000000000000000E+000 -0.000000000000000E+000 -0.000000000000000E+000 -0.000000000000000E+000  0.000000000000000E+000  0.000000000000000E+000  0.000000000000000E+000 -0.000000000000000E+000 -0.000000000000000E+000 -0.000000000000000E+000   0.346591048022569E-012  0.444781106266043E-012 -0.142352216845999E-005
     93.92000000  0.000000000000000E+000  0.000000000000000E+000  0.000000000000000E+000 -0.000000000000000E+000 -0.000000000000000E+000 -0.000000000000000E+000  0.000000000000000E+000  0.000000000000000E+000  0.000000000000000E+000 -0.000000000000000E+000 -0.000000000000000E+000 -0.000000000000000E+000   0.359550468654498E-012  0.443017631103705E-012 -0.137893721614326E-005
     94.00000000  0.000000000000000E+000  0.000000000000000E+000  0.000000000000000E+000 -0.000000000000000E+000 -0.000000000000000E+000 -0.000000000000000E+000  0.000000000000000E+000  0.000000000000000E+000  0.000000000000000E+000 -0.000000000000000E+000 -0.000000000000000E+000 -0.000000000000000E+000   0.372241256614539E-012  0.441279184698324E-012 -0.133390632050506E-005
     94.08000000  0.000000000000000E+000  0.000000000000000E+000  0.000000000000000E+000 -0.000000000000000E+000 -0.000000000000000E+000 -0.000000000000000E+000  0.000000000000000E+000  0.000000000000000E+000  0.000000000000000E+000 -0.000000000000000E+000 -0.000000000000000E+000 -0.000000000000000E+000   0.384821680071630E-012  0.440135452046414E-012 -0.128844061768706E-005
     94.16000000  0.000000000000000E+000  0.000000000000000E+000  0.000000000000000E+000 -0.000000000000000E+000 -0.000000000000000E+000 -0.000000000000000E+000  0.000000000000000E+000  0.000000000000000E+000  0.000000000000000E+000 -0.000000000000000E+000 -0.000000000000000E+000 -0.000000000000000E+000   0.397619558595422E-012  0.440104619043243E-012 -0.124255135320381E-005
     94.24000000  0.000000000000000E+000  0.000000000000000E+000  0.000000000000000E+000 -0.000000000000000E+000 -0.000000000000000E+000 -0.000000000000000E+000  0.000000000000000E+000  0.000000000000000E+000  0.000000000000000E+000 -0.000000000000000E+000 -0.000000000000000E+000 -0.000000000000000E+000   0.411060906591075E-012  0.441548580829241E-012 -0.119624987504539E-005
     94.32000000  0.000000000000000E+000  0.000000000000000E+000  0.000000000000000E+000 -0.000000000000000E+000 -0.000000000000000E+000 -0.000000000000000E+000  0.000000000000000E+000  0.000000000000000E+000  0.000000000000000E+000 -0.000000000000000E+000 -0.000000000000000E+000 -0.000000000000000E+000   0.425597954321697E-012  0.444620500788117E-012 -0.114954762721453E-005
     94.40000000  0.000000000000000E+000  0.000000000000000E+000  0.000000000000000E+000 -0.000000000000000E+000 -0.000000000000000E+000 -0.000000000000000E+000  0.000000000000000E+000  0.000000000000000E+000  0.000000000000000E+000 -0.000000000000000E+000 -0.000000000000000E+000 -0.000000000000000E+000   0.441605607102814E-012  0.449265390795798E-012 -0.110245614375185E-005
     94.48000000  0.000000000000000E+000  0.000000000000000E+000  0.000000000000000E+000 -0.000000000000000E+000 -0.000000000000000E+000 -0.000000000000000E+000  0.000000000000000E+000  0.000000000000000E+000  0.000000000000000E+000 -0.000000000000000E+000 -0.000000000000000E+000 -0.000000000000000E+000   0.459300588164661E-012  0.455268488722924E-012 -0.105498704321344E-005
     94.56000000  0.000000000000000E+000  0.000000000000000E+000  0.000000000000000E+000 -0.000000000000000E+000 -0.000000000000000E+000 -0.000000000000000E+000  0.000000000000000E+000  0.000000000000000E+000  0.000000000000000E+000 -0.000000000000000E+000 -0.000000000000000E+000 -0.000000000000000E+000   0.478704109721966E-012  0.462324049054908E-012 -0.100715202354044E-005
     94.64000000  0.000000000000000E+000  0.000000000000000E+000  0.000000000000000E+000 -0.000000000000000E+000 -0.000000000000000E+000 -0.000000000000000E+000  0.000000000000000E+000  0.000000000000000E+000  0.000000000000000E+000 -0.000000000000000E+000 -0.000000000000000E+000 -0.000000000000000E+000   0.499636436904719E-012  0.470147617046355E-012 -0.958962857244477E-006
     94.72000000  0.000000000000000E+000  0.000000000000000E+000  0.000000000000000E+000 -0.000000000000000E+000 -0.000000000000000E+000 -0.000000000000000E+000  0.000000000000000E+000  0.000000000000000E+000  0.000000000000000E+000 -0.000000000000000E+000 -0.000000000000000E+000 -0.000000000000000E+000   0.521771996349161E-012  0.478527362933223E-012 -0.910431386866744E-006
     94.80000000  0.000000000000000E+000  0.000000000000000E+000  0.000000000000000E+000 -0.000000000000000E+000 -0.000000000000000E+000 -0.000000000000000E+000  0.000000000000000E+000  0.000000000000000E+000  0.000000000000000E+000 -0.000000000000000E+000 -0.000000000000000E+000 -0.000000000000000E+000   0.544711729877616E-012  0.487357015075764E-012 -0.861569520708607E-006
     94.88000000  0.000000000000000E+000  0.000000000000000E+000  0.000000000000000E+000 -0.000000000000000E+000 -0.000000000000000E+000 -0.000000000000000E+000  0.000000000000000E+000  0.000000000000000E+000  0.000000000000000E+000 -0.000000000000000E+000 -0.000000000000000E+000 -0.000000000000000E+000   0.568076769064257E-012  0.496629580871911E-012 -0.812389228841597E-006
     94.96000000  0.000000000000000E+000  0.000000000000000E+000  0.000000000000000E+000 -0.000000000000000E+000 -0.000000000000000E+000 -0.000000000000000E+000  0.000000000000000E+000  0.000000000000000E+000  0.000000000000000E+000 -0.000000000000000E+000 -0.000000000000000E+000 -0.000000000000000E+000   0.591579814136873E-012  0.506380737098429E-012 -0.762902539427199E-006
     95.04000000  0.000000000000000E+000  0.000000000000000E+000  0.000000000000000E+000 -0.000000000000000E+000 -0.000000000000000E+000 -0.000000000000000E+000  0.000000000000000E+000  0.000000000000000E+000  0.000000000000000E+000 -0.000000000000000E+000 -0.000000000000000E+000 -0.000000000000000E+000   0.615064370048830E-012  0.516617781289246E-012 -0.713121535357335E-006
     95.12000000  0.000000000000000E+000  0.000000000000000E+000  0.000000000000000E+000 -0.000000000000000E+000 -0.000000000000000E+000 -0.000000000000000E+000  0.000000000000000E+000  0.000000000000000E+000  0.000000000000000E+000 -0.000000000000000E+000 -0.000000000000000E+000 -0.000000000000000E+000   0.638488806448377E-012  0.527249423119494E-012 -0.663058351192466E-006
     95.20000000  0.000000000000000E+000  0.000000000000000E+000  0.000000000000000E+000 -0.000000000000000E+000 -0.000000000000000E+000 -0.000000000000000E+000  0.000000000000000E+000  0.000000000000000E+000  0.000000000000000E+000 -0.000000000000000E+000 -0.000000000000000E+000 -0.000000000000000E+000   0.661895818313565E-012  0.538034572417056E-012 -0.612725170360392E-006
     95.28000000  0.000000000000000E+000  0.000000000000000E+000  0.000000000000000E+000 -0.000000000000000E+000 -0.000000000000000E+000 -0.000000000000000E+000  0.000000000000000E+000  0.000000000000000E+000  0.000000000000000E+000 -0.000000000000000E+000 -0.000000000000000E+000 -0.000000000000000E+000   0.685335004380167E-012  0.548593619884620E-012 -0.562134222485586E-006
     95.36000000  0.000000000000000E+000  0.000000000000000E+000  0.000000000000000E+000 -0.000000000000000E+000 -0.000000000000000E+000 -0.000000000000000E+000  0.000000000000000E+000  0.000000000000000E+000  0.000000000000000E+000 -0.000000000000000E+000 -0.000000000000000E+000 -0.000000000000000E+000   0.708800837475858E-012  0.558444464736307E-012 -0.511297780717888E-006
     95.44000000  0.000000000000000E+000  0.000000000000000E+000  0.000000000000000E+000 -0.000000000000000E+000 -0.000000000000000E+000 -0.000000000000000E+000  0.000000000000000E+000  0.000000000000000E+000  0.000000000000000E+000 -0.000000000000000E+000 -0.000000000000000E+000 -0.000000000000000E+000   0.732195080350738E-012  0.567082490168206E-012 -0.460228158870129E-006
     95.52000000  0.000000000000000E+000  0.000000000000000E+000  0.000000000000000E+000 -0.000000000000000E+000 -0.000000000000000E+000 -0.000000000000000E+000  0.000000000000000E+000  0.000000000000000E+000  0.000000000000000E+000 -0.000000000000000E+000 -0.000000000000000E+000 -0.000000000000000E+000   0.755307750400023E-012  0.574080705240285E-012 -0.408937708152991E-006
     95.60000000  0.000000000000000E+000  0.000000000000000E+000  0.000000000000000E+000 -0.000000000000000E+000 -0.000000000000000E+000 -0.000000000000000E+000  0.000000000000000E+000  0.000000000000000E+000  0.000000000000000E+000 -0.000000000000000E+000 -0.000000000000000E+000 -0.000000000000000E+000   0.777834173260718E-012  0.579156588951992E-012 -0.357438813387788E-006
     95.68000000  0.000000000000000E+000  0.000000000000000E+000  0.000000000000000E+000 -0.000000000000000E+000 -0.000000000000000E+000 -0.000000000000000E+000  0.000000000000000E+000  0.000000000000000E+000  0.000000000000000E+000 -0.000000000000000E+000 -0.000000000000000E+000 -0.000000000000000E+000   0.799427919735606E-012  0.582208781952728E-012 -0.305743888610569E-006
     95.76000000  0.000000000000000E+000  0.000000000000000E+000  0.000000000000000E+000 -0.000000000000000E+000 -0.000000000000000E+000 -0.000000000000000E+000  0.000000000000000E+000  0.000000000000000E+000  0.000000000000000E+000 -0.000000000000000E+000 -0.000000000000000E+000 -0.000000000000000E+000   0.819742835191628E-012  0.583309590237516E-012 -0.253865372097267E-006
     95.84000000  0.000000000000000E+000  0.000000000000000E+000  0.000000000000000E+000 -0.000000000000000E+000 -0.000000000000000E+000 -0.000000000000000E+000  0.000000000000000E+000  0.000000000000000E+000  0.000000000000000E+000 -0.000000000000000E+000 -0.000000000000000E+000 -0.000000000000000E+000   0.838490797167985E-012  0.582635749301326E-012 -0.201815720983864E-006
     95.92000000  0.000000000000000E+000  0.000000000000000E+000  0.000000000000000E+000 -0.000000000000000E+000 -0.000000000000000E+000 -0.000000000000000E+000  0.000000000000000E+000  0.000000000000000E+000  0.000000000000000E+000 -0.000000000000000E+000 -0.000000000000000E+000 -0.000000000000000E+000   0.855471098007920E-012  0.580396142237431E-012 -0.149607405647832E-006
     96.00000000  0.000000000000000E+000  0.000000000000000E+000  0.000000000000000E+000 -0.000000000000000E+000 -0.000000000000000E+000 -0.000000000000000E+000  0.000000000000000E+000  0.000000000000000E+000  0.000000000000000E+000 -0.000000000000000E+000 -0.000000000000000E+000 -0.000000000000000E+000   0.870582913685658E-012  0.576753368251088E-012 -0.972529041165453E-007
     96.08000000  0.000000000000000E+000  0.000000000000000E+000  0.000000000000000E+000 -0.000000000000000E+000 -0.000000000000000E+000 -0.000000000000000E+000  0.000000000000000E+000  0.000000000000000E+000  0.000000000000000E+000 -0.000000000000000E+000 -0.000000000000000E+000 -0.000000000000000E+000   0.883818080811368E-012  0.571773508711790E-012 -0.447646966770470E-007
     96.16000000  0.000000000000000E+000  0.000000000000000E+000  0.000000000000000E+000 -0.000000000000000E+000 -0.000000000000000E+000 -0.000000000000000E+000  0.000000000000000E+000  0.000000000000000E+000  0.000000000000000E+000 -0.000000000000000E+000 -0.000000000000000E+000 -0.000000000000000E+000   0.895232862199592E-012  0.565420846436164E-012  0.784473913237747E-008
     96.24000000  0.000000000000000E+000  0.000000000000000E+000  0.000000000000000E+000 -0.000000000000000E+000 -0.000000000000000E+000 -0.000000000000000E+000  0.000000000000000E+000  0.000000000000000E+000  0.000000000000000E+000 -0.000000000000000E+000 -0.000000000000000E+000 -0.000000000000000E+000   0.904897256402121E-012  0.557590429650022E-012  0.605629330473608E-007
     96.32000000  0.000000000000000E+000  0.000000000000000E+000  0.000000000000000E+000 -0.000000000000000E+000 -0.000000000000000E+000 -0.000000000000000E+000  0.000000000000000E+000  0.000000000000000E+000  0.000000000000000E+000 -0.000000000000000E+000 -0.000000000000000E+000 -0.000000000000000E+000   0.912881711462891E-012  0.548185091502136E-012  0.113377426057769E-006
     96.40000000  0.000000000000000E+000  0.000000000000000E+000  0.000000000000000E+000 -0.000000000000000E+000 -0.000000000000000E+000 -0.000000000000000E+000  0.000000000000000E+000  0.000000000000000E+000  0.000000000000000E+000 -0.000000000000000E+000 -0.000000000000000E+000 -0.000000000000000E+000   0.919227884336764E-012  0.537179077924375E-012  0.166275773848794E-006
     96.48000000  0.000000000000000E+000  0.000000000000000E+000  0.000000000000000E+000 -0.000000000000000E+000 -0.000000000000000E+000 -0.000000000000000E+000  0.000000000000000E+000  0.000000000000000E+000  0.000000000000000E+000 -0.000000000000000E+000 -0.000000000000000E+000 -0.000000000000000E+000   0.923951629974676E-012  0.524687867490907E-012  0.219245549711452E-006
     96.56000000  0.000000000000000E+000  0.000000000000000E+000  0.000000000000000E+000 -0.000000000000000E+000 -0.000000000000000E+000 -0.000000000000000E+000  0.000000000000000E+000  0.000000000000000E+000  0.000000000000000E+000 -0.000000000000000E+000 -0.000000000000000E+000 -0.000000000000000E+000   0.927053621234501E-012  0.510994730104894E-012  0.272274347086425E-006
     96.64000000  0.000000000000000E+000  0.000000000000000E+000  0.000000000000000E+000 -0.000000000000000E+000 -0.000000000000000E+000 -0.000000000000000E+000  0.000000000000000E+000  0.000000000000000E+000  0.000000000000000E+000 -0.000000000000000E+000 -0.000000000000000E+000 -0.000000000000000E+000   0.928553733901207E-012  0.496531287655093E-012  0.325349781895643E-006
     96.72000000  0.000000000000000E+000  0.000000000000000E+000  0.000000000000000E+000 -0.000000000000000E+000 -0.000000000000000E+000 -0.000000000000000E+000  0.000000000000000E+000  0.000000000000000E+000  0.000000000000000E+000 -0.000000000000000E+000 -0.000000000000000E+000 -0.000000000000000E+000   0.928507480380887E-012  0.481810752008333E-012  0.378459494909933E-006
     96.80000000  0.000000000000000E+000  0.000000000000000E+000  0.000000000000000E+000 -0.000000000000000E+000 -0.000000000000000E+000 -0.000000000000000E+000  0.000000000000000E+000  0.000000000000000E+000  0.000000000000000E+000 -0.000000000000000E+000 -0.000000000000000E+000 -0.000000000000000E+000   0.927018304603596E-012  0.467347958072054E-012  0.431591154419052E-006
     96.88000000  0.000000000000000E+000  0.000000000000000E+000  0.000000000000000E+000 -0.000000000000000E+000 -0.000000000000000E+000 -0.000000000000000E+000  0.000000000000000E+000  0.000000000000000E+000  0.000000000000000E+000 -0.000000000000000E+000 -0.000000000000000E+000 -0.000000000000000E+000   0.924236780918412E-012  0.453557333844589E-012  0.484732459386278E-006
     96.96000000  0.000000000000000E+000  0.000000000000000E+000  0.000000000000000E+000 -0.000000000000000E+000 -0.000000000000000E+000 -0.000000000000000E+000  0.000000000000000E+000  0.000000000000000E+000  0.000000000000000E+000 -0.000000000000000E+000 -0.000000000000000E+000 -0.000000000000000E+000   0.920344395733990E-012  0.440678104519734E-012  0.537871143148166E-006
     97.04000000  0.000000000000000E+000  0.000000000000000E+000  0.000000000000000E+000 -0.000000000000000E+000 -0.000000000000000E+000 -0.000000000000000E+000  0.000000000000000E+000  0.000000000000000E+000  0.000000000000000E+000 -0.000000000000000E+000 -0.000000000000000E+000 -0.000000000000000E+000   0.915525142927483E-012  0.428759286325566E-012  0.590994977597266E-006
     97.12000000  0.000000000000000E+000  0.000000000000000E+000  0.000000000000000E+000 -0.000000000000000E+000 -0.000000000000000E+000 -0.000000000000000E+000  0.000000000000000E+000  0.000000000000000E+000  0.000000000000000E+000 -0.000000000000000E+000 -0.000000000000000E+000 -0.000000000000000E+000   0.909957725620024E-012  0.417671881540132E-012  0.644091777611250E-006
     97.20000000  0.000000000000000E+000  0.000000000000000E+000  0.000000000000000E+000 -0.000000000000000E+000 -0.000000000000000E+000 -0.000000000000000E+000  0.000000000000000E+000  0.000000000000000E+000  0.000000000000000E+000 -0.000000000000000E+000 -0.000000000000000E+000 -0.000000000000000E+000   0.903794955080591E-012  0.407185222135673E-012  0.697149405414644E-006
     97.28000000  0.000000000000000E+000  0.000000000000000E+000  0.000000000000000E+000 -0.000000000000000E+000 -0.000000000000000E+000 -0.000000000000000E+000  0.000000000000000E+000  0.000000000000000E+000  0.000000000000000E+000 -0.000000000000000E+000 -0.000000000000000E+000 -0.000000000000000E+000   0.897171789131411E-012  0.397063518484027E-012  0.750155774554313E-006
     97.36000000  0.000000000000000E+000  0.000000000000000E+000  0.000000000000000E+000 -0.000000000000000E+000 -0.000000000000000E+000 -0.000000000000000E+000  0.000000000000000E+000  0.000000000000000E+000  0.000000000000000E+000 -0.000000000000000E+000 -0.000000000000000E+000 -0.000000000000000E+000   0.890211724172305E-012  0.387152207024651E-012  0.803098853288478E-006
     97.44000000  0.000000000000000E+000  0.000000000000000E+000  0.000000000000000E+000 -0.000000000000000E+000 -0.000000000000000E+000 -0.000000000000000E+000  0.000000000000000E+000  0.000000000000000E+000  0.000000000000000E+000 -0.000000000000000E+000 -0.000000000000000E+000 -0.000000000000000E+000   0.883044638337543E-012  0.377434091357394E-012  0.855966667295908E-006
     97.52000000  0.000000000000000E+000  0.000000000000000E+000  0.000000000000000E+000 -0.000000000000000E+000 -0.000000000000000E+000 -0.000000000000000E+000  0.000000000000000E+000  0.000000000000000E+000  0.000000000000000E+000 -0.000000000000000E+000 -0.000000000000000E+000 -0.000000000000000E+000   0.875815178753356E-012  0.368038278377345E-012  0.908747301827876E-006
     97.60000000  0.000000000000000E+000  0.000000000000000E+000  0.000000000000000E+000 -0.000000000000000E+000 -0.000000000000000E+000 -0.000000000000000E+000  0.000000000000000E+000  0.000000000000000E+000  0.000000000000000E+000 -0.000000000000000E+000 -0.000000000000000E+000 -0.000000000000000E+000   0.868688853147907E-012  0.359184938676090E-012  0.961428903560121E-006
     97.68000000  0.000000000000000E+000  0.000000000000000E+000  0.000000000000000E+000 -0.000000000000000E+000 -0.000000000000000E+000 -0.000000000000000E+000  0.000000000000000E+000  0.000000000000000E+000  0.000000000000000E+000 -0.000000000000000E+000 -0.000000000000000E+000 -0.000000000000000E+000   0.861845368533233E-012  0.351117741421468E-012  0.101399968239559E-005
     97.76000000  0.000000000000000E+000  0.000000000000000E+000  0.000000000000000E+000 -0.000000000000000E+000 -0.000000000000000E+000 -0.000000000000000E+000  0.000000000000000E+000  0.000000000000000E+000  0.000000000000000E+000 -0.000000000000000E+000 -0.000000000000000E+000 -0.000000000000000E+000   0.855449615997514E-012  0.343997146025279E-012  0.106644791361358E-005
     97.84000000  0.000000000000000E+000  0.000000000000000E+000  0.000000000000000E+000 -0.000000000000000E+000 -0.000000000000000E+000 -0.000000000000000E+000  0.000000000000000E+000  0.000000000000000E+000  0.000000000000000E+000 -0.000000000000000E+000 -0.000000000000000E+000 -0.000000000000000E+000   0.849637707837515E-012  0.337823215481678E-012  0.111876194046517E-005
     97.92000000  0.000000000000000E+000  0.000000000000000E+000  0.000000000000000E+000 -0.000000000000000E+000 -0.000000000000000E+000 -0.000000000000000E+000  0.000000000000000E+000  0.000000000000000E+000  0.000000000000000E+000 -0.000000000000000E+000 -0.000000000000000E+000 -0.000000000000000E+000   0.844473512596213E-012  0.332415844986860E-012  0.117093017741060E-005
     98.00000000  0.000000000000000E+000  0.000000000000000E+000  0.000000000000000E+000 -0.000000000000000E+000 -0.000000000000000E+000 -0.000000000000000E+000  0.000000000000000E+000  0.000000000000000E+000  0.000000000000000E+000 -0.000000000000000E+000 -0.000000000000000E+000 -0.000000000000000E+000   0.839949350508220E-012  0.327408952924368E-012  0.122294111394546E-005
     98.08000000  0.000000000000000E+000  0.000000000000000E+000  0.000000000000000E+000 -0.000000000000000E+000 -0.000000000000000E+000 -0.000000000000000E+000  0.000000000000000E+000  0.000000000000000E+000  0.000000000000000E+000 -0.000000000000000E+000 -0.000000000000000E+000 -0.000000000000000E+000   0.835968533829241E-012  0.322327197203811E-012  0.127478331888340E-005
     98.16000000  0.000000000000000E+000  0.000000000000000E+000  0.000000000000000E+000 -0.000000000000000E+000 -0.000000000000000E+000 -0.000000000000000E+000  0.000000000000000E+000  0.000000000000000E+000  0.000000000000000E+000 -0.000000000000000E+000 -0.000000000000000E+000 -0.000000000000000E+000   0.832379821877614E-012  0.316682438133601E-012  0.132644544501097E-005
     98.24000000  0.000000000000000E+000  0.000000000000000E+000  0.000000000000000E+000 -0.000000000000000E+000 -0.000000000000000E+000 -0.000000000000000E+000  0.000000000000000E+000  0.000000000000000E+000  0.000000000000000E+000 -0.000000000000000E+000 -0.000000000000000E+000 -0.000000000000000E+000   0.829005280512635E-012  0.310068978554565E-012  0.137791623390078E-005
     98.32000000  0.000000000000000E+000  0.000000000000000E+000  0.000000000000000E+000 -0.000000000000000E+000 -0.000000000000000E+000 -0.000000000000000E+000  0.000000000000000E+000  0.000000000000000E+000  0.000000000000000E+000 -0.000000000000000E+000 -0.000000000000000E+000 -0.000000000000000E+000   0.825692720626713E-012  0.302248971113169E-012  0.142918452073108E-005
     98.40000000  0.000000000000000E+000  0.000000000000000E+000  0.000000000000000E+000 -0.000000000000000E+000 -0.000000000000000E+000 -0.000000000000000E+000  0.000000000000000E+000  0.000000000000000E+000  0.000000000000000E+000 -0.000000000000000E+000 -0.000000000000000E+000 -0.000000000000000E+000   0.822340280672824E-012  0.293189828757868E-012  0.148023923904401E-005
     98.48000000  0.000000000000000E+000  0.000000000000000E+000  0.000000000000000E+000 -0.000000000000000E+000 -0.000000000000000E+000 -0.000000000000000E+000  0.000000000000000E+000  0.000000000000000E+000  0.000000000000000E+000 -0.000000000000000E+000 -0.000000000000000E+000 -0.000000000000000E+000   0.818919840662958E-012  0.283044967601902E-012  0.153106942529799E-005
     98.56000000  0.000000000000000E+000  0.000000000000000E+000  0.000000000000000E+000 -0.000000000000000E+000 -0.000000000000000E+000 -0.000000000000000E+000  0.000000000000000E+000  0.000000000000000E+000  0.000000000000000E+000 -0.000000000000000E+000 -0.000000000000000E+000 -0.000000000000000E+000   0.815464953642679E-012  0.272092419245717E-012  0.158166422319998E-005
     98.64000000  0.000000000000000E+000  0.000000000000000E+000  0.000000000000000E+000 -0.000000000000000E+000 -0.000000000000000E+000 -0.000000000000000E+000  0.000000000000000E+000  0.000000000000000E+000  0.000000000000000E+000 -0.000000000000000E+000 -0.000000000000000E+000 -0.000000000000000E+000   0.812037242952966E-012  0.260631597663988E-012  0.163201288777553E-005
     98.72000000  0.000000000000000E+000  0.000000000000000E+000  0.000000000000000E+000 -0.000000000000000E+000 -0.000000000000000E+000 -0.000000000000000E+000  0.000000000000000E+000  0.000000000000000E+000  0.000000000000000E+000 -0.000000000000000E+000 -0.000000000000000E+000 -0.000000000000000E+000   0.808682130892474E-012  0.248890469916009E-012  0.168210478911729E-005
     98.80000000  0.000000000000000E+000  0.000000000000000E+000  0.000000000000000E+000 -0.000000000000000E+000 -0.000000000000000E+000 -0.000000000000000E+000  0.000000000000000E+000  0.000000000000000E+000  0.000000000000000E+000 -0.000000000000000E+000 -0.000000000000000E+000 -0.000000000000000E+000   0.805379732892192E-012  0.236962466622047E-012  0.173192941579568E-005
     98.88000000  0.000000000000000E+000  0.000000000000000E+000  0.000000000000000E+000 -0.000000000000000E+000 -0.000000000000000E+000 -0.000000000000000E+000  0.000000000000000E+000  0.000000000000000E+000  0.000000000000000E+000 -0.000000000000000E+000 -0.000000000000000E+000 -0.000000000000000E+000   0.802016290043062E-012  0.224771825641683E-012  0.178147637781623E-005
     98.96000000  0.000000000000000E+000  0.000000000000000E+000  0.000000000000000E+000 -0.000000000000000E+000 -0.000000000000000E+000 -0.000000000000000E+000  0.000000000000000E+000  0.000000000000000E+000  0.000000000000000E+000 -0.000000000000000E+000 -0.000000000000000E+000 -0.000000000000000E+000   0.798380157798916E-012  0.212110415795925E-012  0.183073540908716E-005
     99.04000000  0.000000000000000E+000  0.000000000000000E+000  0.000000000000000E+000 -0.000000000000000E+000 -0.000000000000000E+000 -0.000000000000000E+000  0.000000000000000E+000  0.000000000000000E+000  0.000000000000000E+000 -0.000000000000000E+000 -0.000000000000000E+000 -0.000000000000000E+000   0.794179014674288E-012  0.198716558616127E-012  0.187969636934276E-005
     99.12000000  0.000000000000000E+000  0.000000000000000E+000  0.000000000000000E+000 -0.000000000000000E+000 -0.000000000000000E+000 -0.000000000000000E+000  0.000000000000000E+000  0.000000000000000E+000  0.000000000000000E+000 -0.000000000000000E+000 -0.000000000000000E+000 -0.000000000000000E+000   0.789094094438640E-012  0.184350955373484E-012  0.192834924551986E-005
     99.20000000  0.000000000000000E+000  0.000000000000000E+000  0.000000000000000E+000 -0.000000000000000E+000 -0.000000000000000E+000 -0.000000000000000E+000  0.000000000000000E+000  0.000000000000000E+000  0.000000000000000E+000 -0.000000000000000E+000 -0.000000000000000E+000 -0.000000000000000E+000   0.782829350418348E-012  0.168895476719905E-012  0.197668415272097E-005
     99.28000000  0.000000000000000E+000  0.000000000000000E+000  0.000000000000000E+000 -0.000000000000000E+000 -0.000000000000000E+000 -0.000000000000000E+000  0.000000000000000E+000  0.000000000000000E+000  0.000000000000000E+000 -0.000000000000000E+000 -0.000000000000000E+000 -0.000000000000000E+000   0.775176617302131E-012  0.152390966207647E-012  0.202469133489414E-005
     99.36000000  0.000000000000000E+000  0.000000000000000E+000  0.000000000000000E+000 -0.000000000000000E+000 -0.000000000000000E+000 -0.000000000000000E+000  0.000000000000000E+000  0.000000000000000E+000  0.000000000000000E+000 -0.000000000000000E+000 -0.000000000000000E+000 -0.000000000000000E+000   0.766049480161278E-012  0.135051047804761E-012  0.207236116544229E-005
     99.44000000  0.000000000000000E+000  0.000000000000000E+000  0.000000000000000E+000 -0.000000000000000E+000 -0.000000000000000E+000 -0.000000000000000E+000  0.000000000000000E+000  0.000000000000000E+000  0.000000000000000E+000 -0.000000000000000E+000 -0.000000000000000E+000 -0.000000000000000E+000   0.755492094635100E-012  0.117211569447403E-012  0.211968414788759E-005
     99.52000000  0.000000000000000E+000  0.000000000000000E+000  0.000000000000000E+000 -0.000000000000000E+000 -0.000000000000000E+000 -0.000000000000000E+000  0.000000000000000E+000  0.000000000000000E+000  0.000000000000000E+000 -0.000000000000000E+000 -0.000000000000000E+000 -0.000000000000000E+000   0.743651881851355E-012  0.992579818230633E-013  0.216665091671609E-005
     99.60000000  0.000000000000000E+000  0.000000000000000E+000  0.000000000000000E+000 -0.000000000000000E+000 -0.000000000000000E+000 -0.000000000000000E+000  0.000000000000000E+000  0.000000000000000E+000  0.000000000000000E+000 -0.000000000000000E+000 -0.000000000000000E+000 -0.000000000000000E+000   0.730730969219504E-012  0.815348378568674E-013  0.221325223838240E-005
     99.68000000  0.000000000000000E+000  0.000000000000000E+000  0.000000000000000E+000 -0.000000000000000E+000 -0.000000000000000E+000 -0.000000000000000E+000  0.000000000000000E+000  0.000000000000000E+000  0.000000000000000E+000 -0.000000000000000E+000 -0.000000000000000E+000 -0.000000000000000E+000   0.716918093750231E-012  0.642648572703707E-013  0.225947901245884E-005
     99.76000000  0.000000000000000E+000  0.000000000000000E+000  0.000000000000000E+000 -0.000000000000000E+000 -0.000000000000000E+000 -0.000000000000000E+000  0.000000000000000E+000  0.000000000000000E+000  0.000000000000000E+000 -0.000000000000000E+000 -0.000000000000000E+000 -0.000000000000000E+000   0.702320990003299E-012  0.475062903311263E-013  0.230532227286603E-005
     99.84000000  0.000000000000000E+000  0.000000000000000E+000  0.000000000000000E+000 -0.000000000000000E+000 -0.000000000000000E+000 -0.000000000000000E+000  0.000000000000000E+000  0.000000000000000E+000  0.000000000000000E+000 -0.000000000000000E+000 -0.000000000000000E+000 -0.000000000000000E+000   0.686935770411197E-012  0.311540346813118E-013  0.235077318918307E-005
     99.92000000  0.000000000000000E+000  0.000000000000000E+000  0.000000000000000E+000 -0.000000000000000E+000 -0.000000000000000E+000 -0.000000000000000E+000  0.000000000000000E+000  0.000000000000000E+000  0.000000000000000E+000 -0.000000000000000E+000 -0.000000000000000E+000 -0.000000000000000E+000   0.670637157671648E-012  0.149811191214080E-013  0.239582306803325E-005
    100.00000000  0.000000000000000E+000  0.000000000000000E+000  0.000000000000000E+000 -0.000000000000000E+000 -0.000000000000000E+000 -0.000000000000000E+000  0.000000000000000E+000  0.000000000000000E+000  0.000000000000000E+000 -0.000000000000000E+000 -0.000000000000000E+000 -0.000000000000000E+000   0.653215903275090E-012 -0.130039459540637E-014  0.244046335458307E-005
    100.08000000  0.000000000000000E+000  0.000000000000000E+000  0.000000000000000E+000 -0.000000000000000E+000 -0.000000000000000E+000 -0.000000000000000E+000  0.000000000000000E+000  0.000000000000000E+000  0.000000000000000E+000 -0.000000000000000E+000 -0.000000000000000E+000 -0.000000000000000E+000   0.634435827330774E-012 -0.179373115411706E-013  0.248468563412232E-005
    100.16000000  0.000000000000000E+000  0.000000000000000E+000  0.000000000000000E+000 -0.000000000000000E+000 -0.000000000000000E+000 -0.000000000000000E+000  0.000000000000000E+000  0.000000000000000E+000  0.000000000000000E+000 -0.000000000000000E+000 -0.000000000000000E+000 -0.000000000000000E+000   0.614118484215581E-012 -0.350898451744146E-013  0.252848163373814E-005
    100.24000000  0.000000000000000E+000  0.000000000000000E+000  0.000000000000000E+000 -0.000000000000000E+000 -0.000000000000000E+000 -0.000000000000000E+000  0.000000000000000E+000  0.000000000000000E+000  0.000000000000000E+000 -0.000000000000000E+000 -0.000000000000000E+000 -0.000000000000000E+000   0.592195453243246E-012 -0.527806663633433E-013  0.257184322398419E-005
    100.32000000  0.000000000000000E+000  0.000000000000000E+000  0.000000000000000E+000 -0.000000000000000E+000 -0.000000000000000E+000 -0.000000000000000E+000  0.000000000000000E+000  0.000000000000000E+000  0.000000000000000E+000 -0.000000000000000E+000 -0.000000000000000E+000 -0.000000000000000E+000   0.568756696340004E-012 -0.709054349543003E-013  0.261476242049550E-005
    100.40000000  0.000000000000000E+000  0.000000000000000E+000  0.000000000000000E+000 -0.000000000000000E+000 -0.000000000000000E+000 -0.000000000000000E+000  0.000000000000000E+000  0.000000000000000E+000  0.000000000000000E+000 -0.000000000000000E+000 -0.000000000000000E+000 -0.000000000000000E+000   0.544044831599921E-012 -0.892670788814274E-013  0.265723138550527E-005
    100.48000000  0.000000000000000E+000  0.000000000000000E+000  0.000000000000000E+000 -0.000000000000000E+000 -0.000000000000000E+000 -0.000000000000000E+000  0.000000000000000E+000  0.000000000000000E+000  0.000000000000000E+000 -0.000000000000000E+000 -0.000000000000000E+000 -0.000000000000000E+000   0.518421162871686E-012 -0.107641919456386E-012  0.269924242927339E-005
    100.56000000  0.000000000000000E+000  0.000000000000000E+000  0.000000000000000E+000 -0.000000000000000E+000 -0.000000000000000E+000 -0.000000000000000E+000  0.000000000000000E+000  0.000000000000000E+000  0.000000000000000E+000 -0.000000000000000E+000 -0.000000000000000E+000 -0.000000000000000E+000   0.492283662875938E-012 -0.125849761274219E-012  0.274078801145136E-005
    100.64000000  0.000000000000000E+000  0.000000000000000E+000  0.000000000000000E+000 -0.000000000000000E+000 -0.000000000000000E+000 -0.000000000000000E+000  0.000000000000000E+000  0.000000000000000E+000  0.000000000000000E+000 -0.000000000000000E+000 -0.000000000000000E+000 -0.000000000000000E+000   0.466005353879848E-012 -0.143794715687788E-012  0.278186074244386E-005
    100.72000000  0.000000000000000E+000  0.000000000000000E+000  0.000000000000000E+000 -0.000000000000000E+000 -0.000000000000000E+000 -0.000000000000000E+000  0.000000000000000E+000  0.000000000000000E+000  0.000000000000000E+000 -0.000000000000000E+000 -0.000000000000000E+000 -0.000000000000000E+000   0.439842603267253E-012 -0.161495190793560E-012  0.282245338481670E-005
    100.80000000  0.000000000000000E+000  0.000000000000000E+000  0.000000000000000E+000 -0.000000000000000E+000 -0.000000000000000E+000 -0.000000000000000E+000  0.000000000000000E+000  0.000000000000000E+000  0.000000000000000E+000 -0.000000000000000E+000 -0.000000000000000E+000 -0.000000000000000E+000   0.413907203826884E-012 -0.179061018028420E-012  0.286255885475717E-005
    100.88000000  0.000000000000000E+000  0.000000000000000E+000  0.000000000000000E+000 -0.000000000000000E+000 -0.000000000000000E+000 -0.000000000000000E+000  0.000000000000000E+000  0.000000000000000E+000  0.000000000000000E+000 -0.000000000000000E+000 -0.000000000000000E+000 -0.000000000000000E+000   0.388163627608799E-012 -0.196659181593073E-012  0.290217022358717E-005
    100.96000000  0.000000000000000E+000  0.000000000000000E+000  0.000000000000000E+000 -0.000000000000000E+000 -0.000000000000000E+000 -0.000000000000000E+000  0.000000000000000E+000  0.000000000000000E+000  0.000000000000000E+000 -0.000000000000000E+000 -0.000000000000000E+000 -0.000000000000000E+000   0.362456675840491E-012 -0.214450404420683E-012  0.294128071924748E-005
    101.04000000  0.000000000000000E+000  0.000000000000000E+000  0.000000000000000E+000 -0.000000000000000E+000 -0.000000000000000E+000 -0.000000000000000E+000  0.000000000000000E+000  0.000000000000000E+000  0.000000000000000E+000 -0.000000000000000E+000 -0.000000000000000E+000 -0.000000000000000E+000   0.336608177212028E-012 -0.232535453315246E-012  0.297988372774263E-005
    101.12000000  0.000000000000000E+000  0.000000000000000E+000  0.000000000000000E+000 -0.000000000000000E+000 -0.000000000000000E+000 -0.000000000000000E+000  0.000000000000000E+000  0.000000000000000E+000  0.000000000000000E+000 -0.000000000000000E+000 -0.000000000000000E+000 -0.000000000000000E+000   0.310477729549855E-012 -0.250920092116366E-012  0.301797279438424E-005
    101.20000000  0.000000000000000E+000  0.000000000000000E+000  0.000000000000000E+000 -0.000000000000000E+000 -0.000000000000000E+000 -0.000000000000000E+000  0.000000000000000E+000  0.000000000000000E+000  0.000000000000000E+000 -0.000000000000000E+000 -0.000000000000000E+000 -0.000000000000000E+000   0.284046269718692E-012 -0.269495277692491E-012  0.305554162480010E-005
    101.28000000  0.000000000000000E+000  0.000000000000000E+000  0.000000000000000E+000 -0.000000000000000E+000 -0.000000000000000E+000 -0.000000000000000E+000  0.000000000000000E+000  0.000000000000000E+000  0.000000000000000E+000 -0.000000000000000E+000 -0.000000000000000E+000 -0.000000000000000E+000   0.257454025215077E-012 -0.288058698922127E-012  0.309258408560762E-005
    101.36000000  0.000000000000000E+000  0.000000000000000E+000  0.000000000000000E+000 -0.000000000000000E+000 -0.000000000000000E+000 -0.000000000000000E+000  0.000000000000000E+000  0.000000000000000E+000  0.000000000000000E+000 -0.000000000000000E+000 -0.000000000000000E+000 -0.000000000000000E+000   0.230989173211865E-012 -0.306350408546483E-012  0.312909420472507E-005
    101.44000000  0.000000000000000E+000  0.000000000000000E+000  0.000000000000000E+000 -0.000000000000000E+000 -0.000000000000000E+000 -0.000000000000000E+000  0.000000000000000E+000  0.000000000000000E+000  0.000000000000000E+000 -0.000000000000000E+000 -0.000000000000000E+000 -0.000000000000000E+000   0.205041081578841E-012 -0.324100420899711E-012  0.316506617134152E-005
    101.52000000  0.000000000000000E+000  0.000000000000000E+000  0.000000000000000E+000 -0.000000000000000E+000 -0.000000000000000E+000 -0.000000000000000E+000  0.000000000000000E+000  0.000000000000000E+000  0.000000000000000E+000 -0.000000000000000E+000 -0.000000000000000E+000 -0.000000000000000E+000   0.180014190603769E-012 -0.341084249161298E-012  0.320049433566235E-005
    101.60000000  0.000000000000000E+000  0.000000000000000E+000  0.000000000000000E+000 -0.000000000000000E+000 -0.000000000000000E+000 -0.000000000000000E+000  0.000000000000000E+000  0.000000000000000E+000  0.000000000000000E+000 -0.000000000000000E+000 -0.000000000000000E+000 -0.000000000000000E+000   0.156244654911475E-012 -0.357151715770046E-012  0.323537320855429E-005
    101.68000000  0.000000000000000E+000  0.000000000000000E+000  0.000000000000000E+000 -0.000000000000000E+000 -0.000000000000000E+000 -0.000000000000000E+000  0.000000000000000E+000  0.000000000000000E+000  0.000000000000000E+000 -0.000000000000000E+000 -0.000000000000000E+000 -0.000000000000000E+000   0.133916744449107E-012 -0.372244212822268E-012  0.326969746125468E-005
    101.76000000  0.000000000000000E+000  0.000000000000000E+000  0.000000000000000E+000 -0.000000000000000E+000 -0.000000000000000E+000 -0.000000000000000E+000  0.000000000000000E+000  0.000000000000000E+000  0.000000000000000E+000 -0.000000000000000E+000 -0.000000000000000E+000 -0.000000000000000E+000   0.113026142234821E-012 -0.386380369521404E-012  0.330346192529475E-005
    101.84000000  0.000000000000000E+000  0.000000000000000E+000  0.000000000000000E+000 -0.000000000000000E+000 -0.000000000000000E+000 -0.000000000000000E+000  0.000000000000000E+000  0.000000000000000E+000  0.000000000000000E+000 -0.000000000000000E+000 -0.000000000000000E+000 -0.000000000000000E+000   0.933812187972770E-013 -0.399638852264249E-012  0.333666159267618E-005
    101.92000000  0.000000000000000E+000  0.000000000000000E+000  0.000000000000000E+000 -0.000000000000000E+000 -0.000000000000000E+000 -0.000000000000000E+000  0.000000000000000E+000  0.000000000000000E+000  0.000000000000000E+000 -0.000000000000000E+000 -0.000000000000000E+000 -0.000000000000000E+000   0.746571551967241E-013 -0.412120737806116E-012  0.336929161627871E-005
    102.00000000  0.000000000000000E+000  0.000000000000000E+000  0.000000000000000E+000 -0.000000000000000E+000 -0.000000000000000E+000 -0.000000000000000E+000  0.000000000000000E+000  0.000000000000000E+000  0.000000000000000E+000 -0.000000000000000E+000 -0.000000000000000E+000 -0.000000000000000E+000   0.564770634331070E-013 -0.423920596183444E-012  0.340134731036032E-005
    102.08000000  0.000000000000000E+000  0.000000000000000E+000  0.000000000000000E+000 -0.000000000000000E+000 -0.000000000000000E+000 -0.000000000000000E+000  0.000000000000000E+000  0.000000000000000E+000  0.000000000000000E+000 -0.000000000000000E+000 -0.000000000000000E+000 -0.000000000000000E+000   0.384966214762077E-013 -0.435107719208829E-012  0.343282415090320E-005
    102.16000000  0.000000000000000E+000  0.000000000000000E+000  0.000000000000000E+000 -0.000000000000000E+000 -0.000000000000000E+000 -0.000000000000000E+000  0.000000000000000E+000  0.000000000000000E+000  0.000000000000000E+000 -0.000000000000000E+000 -0.000000000000000E+000 -0.000000000000000E+000   0.204918966532901E-013 -0.445721887314063E-012  0.346371777557720E-005
    102.24000000  0.000000000000000E+000  0.000000000000000E+000  0.000000000000000E+000 -0.000000000000000E+000 -0.000000000000000E+000 -0.000000000000000E+000  0.000000000000000E+000  0.000000000000000E+000  0.000000000000000E+000 -0.000000000000000E+000 -0.000000000000000E+000 -0.000000000000000E+000   0.239957030261752E-014 -0.455777958084475E-012  0.349402398303182E-005
    102.32000000  0.000000000000000E+000  0.000000000000000E+000  0.000000000000000E+000 -0.000000000000000E+000 -0.000000000000000E+000 -0.000000000000000E+000  0.000000000000000E+000  0.000000000000000E+000  0.000000000000000E+000 -0.000000000000000E+000 -0.000000000000000E+000 -0.000000000000000E+000  -0.156936058417023E-013 -0.465280367212006E-012  0.352373873139527E-005
    102.40000000  0.000000000000000E+000  0.000000000000000E+000  0.000000000000000E+000 -0.000000000000000E+000 -0.000000000000000E+000 -0.000000000000000E+000  0.000000000000000E+000  0.000000000000000E+000  0.000000000000000E+000 -0.000000000000000E+000 -0.000000000000000E+000 -0.000000000000000E+000  -0.335883423697848E-013 -0.474252151232124E-012  0.355285813592221E-005
    102.48000000  0.000000000000000E+000  0.000000000000000E+000  0.000000000000000E+000 -0.000000000000000E+000 -0.000000000000000E+000 -0.000000000000000E+000  0.000000000000000E+000  0.000000000000000E+000  0.000000000000000E+000 -0.000000000000000E+000 -0.000000000000000E+000 -0.000000000000000E+000  -0.510620914763911E-013 -0.482738353725639E-012  0.358137846596823E-005
    102.56000000  0.000000000000000E+000  0.000000000000000E+000  0.000000000000000E+000 -0.000000000000000E+000 -0.000000000000000E+000 -0.000000000000000E+000  0.000000000000000E+000  0.000000000000000E+000  0.000000000000000E+000 -0.000000000000000E+000 -0.000000000000000E+000 -0.000000000000000E+000  -0.679532430397760E-013 -0.490822403547780E-012  0.360929614156066E-005
    102.64000000  0.000000000000000E+000  0.000000000000000E+000  0.000000000000000E+000 -0.000000000000000E+000 -0.000000000000000E+000 -0.000000000000000E+000  0.000000000000000E+000  0.000000000000000E+000  0.000000000000000E+000 -0.000000000000000E+000 -0.000000000000000E+000 -0.000000000000000E+000  -0.842391078707257E-013 -0.498626331417650E-012  0.363660772998040E-005
    102.72000000  0.000000000000000E+000  0.000000000000000E+000  0.000000000000000E+000 -0.000000000000000E+000 -0.000000000000000E+000 -0.000000000000000E+000  0.000000000000000E+000  0.000000000000000E+000  0.000000000000000E+000 -0.000000000000000E+000 -0.000000000000000E+000 -0.000000000000000E+000  -0.100073081000774E-012 -0.506306168082343E-012  0.366330994273111E-005
    102.80000000  0.000000000000000E+000  0.000000000000000E+000  0.000000000000000E+000 -0.000000000000000E+000 -0.000000000000000E+000 -0.000000000000000E+000  0.000000000000000E+000  0.000000000000000E+000  0.000000000000000E+000 -0.000000000000000E+000 -0.000000000000000E+000 -0.000000000000000E+000  -0.115772477536163E-012 -0.514034235681457E-012  0.368939963322073E-005
    102.88000000  0.000000000000000E+000  0.000000000000000E+000  0.000000000000000E+000 -0.000000000000000E+000 -0.000000000000000E+000 -0.000000000000000E+000  0.000000000000000E+000  0.000000000000000E+000  0.000000000000000E+000 -0.000000000000000E+000 -0.000000000000000E+000 -0.000000000000000E+000  -0.131767331712190E-012 -0.521994162926830E-012  0.371487379528018E-005
    102.96000000  0.000000000000000E+000  0.000000000000000E+000  0.000000000000000E+000 -0.000000000000000E+000 -0.000000000000000E+000 -0.000000000000000E+000  0.000000000000000E+000  0.000000000000000E+000  0.000000000000000E+000 -0.000000000000000E+000 -0.000000000000000E+000 -0.000000000000000E+000  -0.148504074314232E-012 -0.530354894618098E-012  0.373972956251575E-005
    103.04000000  0.000000000000000E+000  0.000000000000000E+000  0.000000000000000E+000 -0.000000000000000E+000 -0.000000000000000E+000 -0.000000000000000E+000  0.000000000000000E+000  0.000000000000000E+000  0.000000000000000E+000 -0.000000000000000E+000 -0.000000000000000E+000 -0.000000000000000E+000  -0.166350754333937E-012 -0.539265487472270E-012  0.376396420829861E-005
    103.12000000  0.000000000000000E+000  0.000000000000000E+000  0.000000000000000E+000 -0.000000000000000E+000 -0.000000000000000E+000 -0.000000000000000E+000  0.000000000000000E+000  0.000000000000000E+000  0.000000000000000E+000 -0.000000000000000E+000 -0.000000000000000E+000 -0.000000000000000E+000  -0.185514624796731E-012 -0.548834937438024E-012  0.378757514614052E-005
    103.20000000  0.000000000000000E+000  0.000000000000000E+000  0.000000000000000E+000 -0.000000000000000E+000 -0.000000000000000E+000 -0.000000000000000E+000  0.000000000000000E+000  0.000000000000000E+000  0.000000000000000E+000 -0.000000000000000E+000 -0.000000000000000E+000 -0.000000000000000E+000  -0.205998296069929E-012 -0.559124776000323E-012  0.381055993015474E-005
    103.28000000  0.000000000000000E+000  0.000000000000000E+000  0.000000000000000E+000 -0.000000000000000E+000 -0.000000000000000E+000 -0.000000000000000E+000  0.000000000000000E+000  0.000000000000000E+000  0.000000000000000E+000 -0.000000000000000E+000 -0.000000000000000E+000 -0.000000000000000E+000  -0.227598172051681E-012 -0.570144136809552E-012  0.383291625537843E-005
    103.36000000  0.000000000000000E+000  0.000000000000000E+000  0.000000000000000E+000 -0.000000000000000E+000 -0.000000000000000E+000 -0.000000000000000E+000  0.000000000000000E+000  0.000000000000000E+000  0.000000000000000E+000 -0.000000000000000E+000 -0.000000000000000E+000 -0.000000000000000E+000  -0.249967713367745E-012 -0.581847962732371E-012  0.385464195778709E-005
    103.44000000  0.000000000000000E+000  0.000000000000000E+000  0.000000000000000E+000 -0.000000000000000E+000 -0.000000000000000E+000 -0.000000000000000E+000  0.000000000000000E+000  0.000000000000000E+000  0.000000000000000E+000 -0.000000000000000E+000 -0.000000000000000E+000 -0.000000000000000E+000  -0.272692980663684E-012 -0.594130430115345E-012  0.387573501393331E-005
    103.52000000  0.000000000000000E+000  0.000000000000000E+000  0.000000000000000E+000 -0.000000000000000E+000 -0.000000000000000E+000 -0.000000000000000E+000  0.000000000000000E+000  0.000000000000000E+000  0.000000000000000E+000 -0.000000000000000E+000 -0.000000000000000E+000 -0.000000000000000E+000  -0.295397654141690E-012 -0.606842605218102E-012  0.389619354019853E-005
    103.60000000  0.000000000000000E+000  0.000000000000000E+000  0.000000000000000E+000 -0.000000000000000E+000 -0.000000000000000E+000 -0.000000000000000E+000  0.000000000000000E+000  0.000000000000000E+000  0.000000000000000E+000 -0.000000000000000E+000 -0.000000000000000E+000 -0.000000000000000E+000  -0.317821503947687E-012 -0.619793294759896E-012  0.391601579173276E-005
    103.68000000  0.000000000000000E+000  0.000000000000000E+000  0.000000000000000E+000 -0.000000000000000E+000 -0.000000000000000E+000 -0.000000000000000E+000  0.000000000000000E+000  0.000000000000000E+000  0.000000000000000E+000 -0.000000000000000E+000 -0.000000000000000E+000 -0.000000000000000E+000  -0.339874798799373E-012 -0.632775593563501E-012  0.393520016117742E-005
    103.76000000  0.000000000000000E+000  0.000000000000000E+000  0.000000000000000E+000 -0.000000000000000E+000 -0.000000000000000E+000 -0.000000000000000E+000  0.000000000000000E+000  0.000000000000000E+000  0.000000000000000E+000 -0.000000000000000E+000 -0.000000000000000E+000 -0.000000000000000E+000  -0.361625284768329E-012 -0.645577652539975E-012  0.395374517729041E-005
    103.84000000  0.000000000000000E+000  0.000000000000000E+000  0.000000000000000E+000 -0.000000000000000E+000 -0.000000000000000E+000 -0.000000000000000E+000  0.000000000000000E+000  0.000000000000000E+000  0.000000000000000E+000 -0.000000000000000E+000 -0.000000000000000E+000 -0.000000000000000E+000  -0.383262176466336E-012 -0.658004434761289E-012  0.397164950353479E-005
    103.92000000  0.000000000000000E+000  0.000000000000000E+000  0.000000000000000E+000 -0.000000000000000E+000 -0.000000000000000E+000 -0.000000000000000E+000  0.000000000000000E+000  0.000000000000000E+000  0.000000000000000E+000 -0.000000000000000E+000 -0.000000000000000E+000 -0.000000000000000E+000  -0.405002823049604E-012 -0.669902688501334E-012  0.398891193675393E-005
    104.00000000  0.000000000000000E+000  0.000000000000000E+000  0.000000000000000E+000 -0.000000000000000E+000 -0.000000000000000E+000 -0.000000000000000E+000  0.000000000000000E+000  0.000000000000000E+000  0.000000000000000E+000 -0.000000000000000E+000 -0.000000000000000E+000 -0.000000000000000E+000  -0.427010106318677E-012 -0.681149965673364E-012  0.400553140592528E-005
    104.08000000  0.000000000000000E+000  0.000000000000000E+000  0.000000000000000E+000 -0.000000000000000E+000 -0.000000000000000E+000 -0.000000000000000E+000  0.000000000000000E+000  0.000000000000000E+000  0.000000000000000E+000 -0.000000000000000E+000 -0.000000000000000E+000 -0.000000000000000E+000  -0.449313037716687E-012 -0.691668521954376E-012  0.402150697103503E-005
    104.16000000  0.000000000000000E+000  0.000000000000000E+000  0.000000000000000E+000 -0.000000000000000E+000 -0.000000000000000E+000 -0.000000000000000E+000  0.000000000000000E+000  0.000000000000000E+000  0.000000000000000E+000 -0.000000000000000E+000 -0.000000000000000E+000 -0.000000000000000E+000  -0.471767572702920E-012 -0.701391552169536E-012  0.403683782206197E-005
    104.24000000  0.000000000000000E+000  0.000000000000000E+000  0.000000000000000E+000 -0.000000000000000E+000 -0.000000000000000E+000 -0.000000000000000E+000  0.000000000000000E+000  0.000000000000000E+000  0.000000000000000E+000 -0.000000000000000E+000 -0.000000000000000E+000 -0.000000000000000E+000  -0.494063743648633E-012 -0.710253485929817E-012  0.405152327808912E-005
    104.32000000  0.000000000000000E+000  0.000000000000000E+000  0.000000000000000E+000 -0.000000000000000E+000 -0.000000000000000E+000 -0.000000000000000E+000  0.000000000000000E+000  0.000000000000000E+000  0.000000000000000E+000 -0.000000000000000E+000 -0.000000000000000E+000 -0.000000000000000E+000  -0.515779732914578E-012 -0.718163832509453E-012  0.406556278651517E-005
    104.40000000  0.000000000000000E+000  0.000000000000000E+000  0.000000000000000E+000 -0.000000000000000E+000 -0.000000000000000E+000 -0.000000000000000E+000  0.000000000000000E+000  0.000000000000000E+000  0.000000000000000E+000 -0.000000000000000E+000 -0.000000000000000E+000 -0.000000000000000E+000  -0.536466843431669E-012 -0.724993465939428E-012  0.407895592238610E-005
    104.48000000  0.000000000000000E+000  0.000000000000000E+000  0.000000000000000E+000 -0.000000000000000E+000 -0.000000000000000E+000 -0.000000000000000E+000  0.000000000000000E+000  0.000000000000000E+000  0.000000000000000E+000 -0.000000000000000E+000 -0.000000000000000E+000 -0.000000000000000E+000  -0.555747531659094E-012 -0.730585059449497E-012  0.409170238778876E-005
    104.56000000  0.000000000000000E+000  0.000000000000000E+000  0.000000000000000E+000 -0.000000000000000E+000 -0.000000000000000E+000 -0.000000000000000E+000  0.000000000000000E+000  0.000000000000000E+000  0.000000000000000E+000 -0.000000000000000E+000 -0.000000000000000E+000 -0.000000000000000E+000  -0.573398376406531E-012 -0.734760721815289E-012  0.410380201123745E-005
    104.64000000  0.000000000000000E+000  0.000000000000000E+000  0.000000000000000E+000 -0.000000000000000E+000 -0.000000000000000E+000 -0.000000000000000E+000  0.000000000000000E+000  0.000000000000000E+000  0.000000000000000E+000 -0.000000000000000E+000 -0.000000000000000E+000 -0.000000000000000E+000  -0.589395085270997E-012 -0.737366649923621E-012  0.411525474691062E-005
    104.72000000  0.000000000000000E+000  0.000000000000000E+000  0.000000000000000E+000 -0.000000000000000E+000 -0.000000000000000E+000 -0.000000000000000E+000  0.000000000000000E+000  0.000000000000000E+000  0.000000000000000E+000 -0.000000000000000E+000 -0.000000000000000E+000 -0.000000000000000E+000  -0.603911112781026E-012 -0.738300267457149E-012  0.412606067362227E-005
    104.80000000  0.000000000000000E+000  0.000000000000000E+000  0.000000000000000E+000 -0.000000000000000E+000 -0.000000000000000E+000 -0.000000000000000E+000  0.000000000000000E+000  0.000000000000000E+000  0.000000000000000E+000 -0.000000000000000E+000 -0.000000000000000E+000 -0.000000000000000E+000  -0.617273399599787E-012 -0.737554021140736E-012  0.413621999336133E-005
    104.88000000  0.000000000000000E+000  0.000000000000000E+000  0.000000000000000E+000 -0.000000000000000E+000 -0.000000000000000E+000 -0.000000000000000E+000  0.000000000000000E+000  0.000000000000000E+000  0.000000000000000E+000 -0.000000000000000E+000 -0.000000000000000E+000 -0.000000000000000E+000  -0.629876421644938E-012 -0.735227323027609E-012  0.414573302932437E-005
    104.96000000  0.000000000000000E+000  0.000000000000000E+000  0.000000000000000E+000 -0.000000000000000E+000 -0.000000000000000E+000 -0.000000000000000E+000  0.000000000000000E+000  0.000000000000000E+000  0.000000000000000E+000 -0.000000000000000E+000 -0.000000000000000E+000 -0.000000000000000E+000  -0.642090958491379E-012 -0.731532700836957E-012  0.415460022339768E-005
    105.04000000  0.000000000000000E+000  0.000000000000000E+000  0.000000000000000E+000 -0.000000000000000E+000 -0.000000000000000E+000 -0.000000000000000E+000  0.000000000000000E+000  0.000000000000000E+000  0.000000000000000E+000 -0.000000000000000E+000 -0.000000000000000E+000 -0.000000000000000E+000  -0.654172234844130E-012 -0.726771558506195E-012  0.416282213317719E-005
    105.12000000  0.000000000000000E+000  0.000000000000000E+000  0.000000000000000E+000 -0.000000000000000E+000 -0.000000000000000E+000 -0.000000000000000E+000  0.000000000000000E+000  0.000000000000000E+000  0.000000000000000E+000 -0.000000000000000E+000 -0.000000000000000E+000 -0.000000000000000E+000  -0.666214973582023E-012 -0.721290001979671E-012  0.417039942863203E-005
    105.20000000  0.000000000000000E+000  0.000000000000000E+000  0.000000000000000E+000 -0.000000000000000E+000 -0.000000000000000E+000 -0.000000000000000E+000  0.000000000000000E+000  0.000000000000000E+000  0.000000000000000E+000 -0.000000000000000E+000 -0.000000000000000E+000 -0.000000000000000E+000  -0.678142431261280E-012 -0.715427561716334E-012  0.417733288863590E-005
    105.28000000  0.000000000000000E+000  0.000000000000000E+000  0.000000000000000E+000 -0.000000000000000E+000 -0.000000000000000E+000 -0.000000000000000E+000  0.000000000000000E+000  0.000000000000000E+000  0.000000000000000E+000 -0.000000000000000E+000 -0.000000000000000E+000 -0.000000000000000E+000  -0.689747194233933E-012 -0.709460182980364E-012  0.418362339752495E-005
    105.36000000  0.000000000000000E+000  0.000000000000000E+000  0.000000000000000E+000 -0.000000000000000E+000 -0.000000000000000E+000 -0.000000000000000E+000  0.000000000000000E+000  0.000000000000000E+000  0.000000000000000E+000 -0.000000000000000E+000 -0.000000000000000E+000 -0.000000000000000E+000  -0.700763084341346E-012 -0.703562262200933E-012  0.418927194185961E-005
    105.44000000  0.000000000000000E+000  0.000000000000000E+000  0.000000000000000E+000 -0.000000000000000E+000 -0.000000000000000E+000 -0.000000000000000E+000  0.000000000000000E+000  0.000000000000000E+000  0.000000000000000E+000 -0.000000000000000E+000 -0.000000000000000E+000 -0.000000000000000E+000  -0.710952736348589E-012 -0.697798742084281E-012  0.419427960746271E-005
    105.52000000  0.000000000000000E+000  0.000000000000000E+000  0.000000000000000E+000 -0.000000000000000E+000 -0.000000000000000E+000 -0.000000000000000E+000  0.000000000000000E+000  0.000000000000000E+000  0.000000000000000E+000 -0.000000000000000E+000 -0.000000000000000E+000 -0.000000000000000E+000  -0.720185567891923E-012 -0.692128209370065E-012  0.419864757673779E-005
    105.60000000  0.000000000000000E+000  0.000000000000000E+000  0.000000000000000E+000 -0.000000000000000E+000 -0.000000000000000E+000 -0.000000000000000E+000  0.000000000000000E+000  0.000000000000000E+000  0.000000000000000E+000 -0.000000000000000E+000 -0.000000000000000E+000 -0.000000000000000E+000  -0.728482627300885E-012 -0.686459957245002E-012  0.420237712622250E-005
    105.68000000  0.000000000000000E+000  0.000000000000000E+000  0.000000000000000E+000 -0.000000000000000E+000 -0.000000000000000E+000 -0.000000000000000E+000  0.000000000000000E+000  0.000000000000000E+000  0.000000000000000E+000 -0.000000000000000E+000 -0.000000000000000E+000 -0.000000000000000E+000  -0.736018730882015E-012 -0.680694291813496E-012  0.420546962429168E-005
    105.76000000  0.000000000000000E+000  0.000000000000000E+000  0.000000000000000E+000 -0.000000000000000E+000 -0.000000000000000E+000 -0.000000000000000E+000  0.000000000000000E+000  0.000000000000000E+000  0.000000000000000E+000 -0.000000000000000E+000 -0.000000000000000E+000 -0.000000000000000E+000  -0.743085131729888E-012 -0.674782799683954E-012  0.420792652897512E-005
    105.84000000  0.000000000000000E+000  0.000000000000000E+000  0.000000000000000E+000 -0.000000000000000E+000 -0.000000000000000E+000 -0.000000000000000E+000  0.000000000000000E+000  0.000000000000000E+000  0.000000000000000E+000 -0.000000000000000E+000 -0.000000000000000E+000 -0.000000000000000E+000  -0.750010312484095E-012 -0.668758963127633E-012  0.420974938591596E-005
    105.92000000  0.000000000000000E+000  0.000000000000000E+000  0.000000000000000E+000 -0.000000000000000E+000 -0.000000000000000E+000 -0.000000000000000E+000  0.000000000000000E+000  0.000000000000000E+000  0.000000000000000E+000 -0.000000000000000E+000 -0.000000000000000E+000 -0.000000000000000E+000  -0.757081519961600E-012 -0.662745698295413E-012  0.421093982648272E-005
    106.00000000  0.000000000000000E+000  0.000000000000000E+000  0.000000000000000E+000 -0.000000000000000E+000 -0.000000000000000E+000 -0.000000000000000E+000  0.000000000000000E+000  0.000000000000000E+000  0.000000000000000E+000 -0.000000000000000E+000 -0.000000000000000E+000 -0.000000000000000E+000  -0.764460098504032E-012 -0.656923339129195E-012  0.421149956616964E-005
    106.08000000  0.000000000000000E+000  0.000000000000000E+000  0.000000000000000E+000 -0.000000000000000E+000 -0.000000000000000E+000 -0.000000000000000E+000  0.000000000000000E+000  0.000000000000000E+000  0.000000000000000E+000 -0.000000000000000E+000 -0.000000000000000E+000 -0.000000000000000E+000  -0.772142911705244E-012 -0.651488527025641E-012  0.421143040332257E-005
    106.16000000  0.000000000000000E+000  0.000000000000000E+000  0.000000000000000E+000 -0.000000000000000E+000 -0.000000000000000E+000 -0.000000000000000E+000  0.000000000000000E+000  0.000000000000000E+000  0.000000000000000E+000 -0.000000000000000E+000 -0.000000000000000E+000 -0.000000000000000E+000  -0.779942541918170E-012 -0.646583688253334E-012  0.421073421820048E-005
    106.24000000  0.000000000000000E+000  0.000000000000000E+000  0.000000000000000E+000 -0.000000000000000E+000 -0.000000000000000E+000 -0.000000000000000E+000  0.000000000000000E+000  0.000000000000000E+000  0.000000000000000E+000 -0.000000000000000E+000 -0.000000000000000E+000 -0.000000000000000E+000  -0.787531956874596E-012 -0.642242538739138E-012  0.420941297233162E-005
    106.32000000  0.000000000000000E+000  0.000000000000000E+000  0.000000000000000E+000 -0.000000000000000E+000 -0.000000000000000E+000 -0.000000000000000E+000  0.000000000000000E+000  0.000000000000000E+000  0.000000000000000E+000 -0.000000000000000E+000 -0.000000000000000E+000 -0.000000000000000E+000  -0.794515678020826E-012 -0.638353691266249E-012  0.420746870798182E-005
    106.40000000  0.000000000000000E+000  0.000000000000000E+000  0.000000000000000E+000 -0.000000000000000E+000 -0.000000000000000E+000 -0.000000000000000E+000  0.000000000000000E+000  0.000000000000000E+000  0.000000000000000E+000 -0.000000000000000E+000 -0.000000000000000E+000 -0.000000000000000E+000  -0.800499437495591E-012 -0.634660817602573E-012  0.420490354758705E-005
    106.48000000  0.000000000000000E+000  0.000000000000000E+000  0.000000000000000E+000 -0.000000000000000E+000 -0.000000000000000E+000 -0.000000000000000E+000  0.000000000000000E+000  0.000000000000000E+000  0.000000000000000E+000 -0.000000000000000E+000 -0.000000000000000E+000 -0.000000000000000E+000  -0.805186922343206E-012 -0.630792925348340E-012  0.420171969293828E-005
    106.56000000  0.000000000000000E+000  0.000000000000000E+000  0.000000000000000E+000 -0.000000000000000E+000 -0.000000000000000E+000 -0.000000000000000E+000  0.000000000000000E+000  0.000000000000000E+000  0.000000000000000E+000 -0.000000000000000E+000 -0.000000000000000E+000 -0.000000000000000E+000  -0.808432024274236E-012 -0.626320667180601E-012  0.419791942397885E-005
    106.64000000  0.000000000000000E+000  0.000000000000000E+000  0.000000000000000E+000 -0.000000000000000E+000 -0.000000000000000E+000 -0.000000000000000E+000  0.000000000000000E+000  0.000000000000000E+000  0.000000000000000E+000 -0.000000000000000E+000 -0.000000000000000E+000 -0.000000000000000E+000  -0.810242230557990E-012 -0.620847126471943E-012  0.419350509709131E-005
    106.72000000  0.000000000000000E+000  0.000000000000000E+000  0.000000000000000E+000 -0.000000000000000E+000 -0.000000000000000E+000 -0.000000000000000E+000  0.000000000000000E+000  0.000000000000000E+000  0.000000000000000E+000 -0.000000000000000E+000 -0.000000000000000E+000 -0.000000000000000E+000  -0.810776237522875E-012 -0.614071623090293E-012  0.418847914291120E-005
    106.80000000  0.000000000000000E+000  0.000000000000000E+000  0.000000000000000E+000 -0.000000000000000E+000 -0.000000000000000E+000 -0.000000000000000E+000  0.000000000000000E+000  0.000000000000000E+000  0.000000000000000E+000 -0.000000000000000E+000 -0.000000000000000E+000 -0.000000000000000E+000  -0.810269882481870E-012 -0.605847351042041E-012  0.418284406367081E-005
    106.88000000  0.000000000000000E+000  0.000000000000000E+000  0.000000000000000E+000 -0.000000000000000E+000 -0.000000000000000E+000 -0.000000000000000E+000  0.000000000000000E+000  0.000000000000000E+000  0.000000000000000E+000 -0.000000000000000E+000 -0.000000000000000E+000 -0.000000000000000E+000  -0.808971251973749E-012 -0.596199221377937E-012  0.417660243023987E-005
    106.96000000  0.000000000000000E+000  0.000000000000000E+000  0.000000000000000E+000 -0.000000000000000E+000 -0.000000000000000E+000 -0.000000000000000E+000  0.000000000000000E+000  0.000000000000000E+000  0.000000000000000E+000 -0.000000000000000E+000 -0.000000000000000E+000 -0.000000000000000E+000  -0.807070626993400E-012 -0.585292013754270E-012  0.416975687899593E-005
    107.04000000  0.000000000000000E+000  0.000000000000000E+000  0.000000000000000E+000 -0.000000000000000E+000 -0.000000000000000E+000 -0.000000000000000E+000  0.000000000000000E+000  0.000000000000000E+000  0.000000000000000E+000 -0.000000000000000E+000 -0.000000000000000E+000 -0.000000000000000E+000  -0.804646912361709E-012 -0.573368852226121E-012  0.416231010867697E-005
    107.12000000  0.000000000000000E+000  0.000000000000000E+000  0.000000000000000E+000 -0.000000000000000E+000 -0.000000000000000E+000 -0.000000000000000E+000  0.000000000000000E+000  0.000000000000000E+000  0.000000000000000E+000 -0.000000000000000E+000 -0.000000000000000E+000 -0.000000000000000E+000  -0.801660673487296E-012 -0.560677558807012E-012  0.415426487744127E-005
    107.20000000  0.000000000000000E+000  0.000000000000000E+000  0.000000000000000E+000 -0.000000000000000E+000 -0.000000000000000E+000 -0.000000000000000E+000  0.000000000000000E+000  0.000000000000000E+000  0.000000000000000E+000 -0.000000000000000E+000 -0.000000000000000E+000 -0.000000000000000E+000  -0.797972056321038E-012 -0.547388979665944E-012  0.414562400017449E-005
    107.28000000  0.000000000000000E+000  0.000000000000000E+000  0.000000000000000E+000 -0.000000000000000E+000 -0.000000000000000E+000 -0.000000000000000E+000  0.000000000000000E+000  0.000000000000000E+000  0.000000000000000E+000 -0.000000000000000E+000 -0.000000000000000E+000 -0.000000000000000E+000  -0.793398171014800E-012 -0.533553305081403E-012  0.413639034620069E-005
    107.36000000  0.000000000000000E+000  0.000000000000000E+000  0.000000000000000E+000 -0.000000000000000E+000 -0.000000000000000E+000 -0.000000000000000E+000  0.000000000000000E+000  0.000000000000000E+000  0.000000000000000E+000 -0.000000000000000E+000 -0.000000000000000E+000 -0.000000000000000E+000  -0.787773573336516E-012 -0.519092161290792E-012  0.412656683741771E-005
    107.44000000  0.000000000000000E+000  0.000000000000000E+000  0.000000000000000E+000 -0.000000000000000E+000 -0.000000000000000E+000 -0.000000000000000E+000  0.000000000000000E+000  0.000000000000000E+000  0.000000000000000E+000 -0.000000000000000E+000 -0.000000000000000E+000 -0.000000000000000E+000  -0.781019857399078E-012 -0.503834068920923E-012  0.411615644681140E-005
    107.52000000  0.000000000000000E+000  0.000000000000000E+000  0.000000000000000E+000 -0.000000000000000E+000 -0.000000000000000E+000 -0.000000000000000E+000  0.000000000000000E+000  0.000000000000000E+000  0.000000000000000E+000 -0.000000000000000E+000 -0.000000000000000E+000 -0.000000000000000E+000  -0.773184199047572E-012 -0.487581899939019E-012  0.410516219732077E-005
    107.60000000  0.000000000000000E+000  0.000000000000000E+000  0.000000000000000E+000 -0.000000000000000E+000 -0.000000000000000E+000 -0.000000000000000E+000  0.000000000000000E+000  0.000000000000000E+000  0.000000000000000E+000 -0.000000000000000E+000 -0.000000000000000E+000 -0.000000000000000E+000  -0.764451215324426E-012 -0.470196956778276E-012  0.409358716088798E-005
    107.68000000  0.000000000000000E+000  0.000000000000000E+000  0.000000000000000E+000 -0.000000000000000E+000 -0.000000000000000E+000 -0.000000000000000E+000  0.000000000000000E+000  0.000000000000000E+000  0.000000000000000E+000 -0.000000000000000E+000 -0.000000000000000E+000 -0.000000000000000E+000  -0.755131322597614E-012 -0.451670630823248E-012  0.408143445758914E-005
    107.76000000  0.000000000000000E+000  0.000000000000000E+000  0.000000000000000E+000 -0.000000000000000E+000 -0.000000000000000E+000 -0.000000000000000E+000  0.000000000000000E+000  0.000000000000000E+000  0.000000000000000E+000 -0.000000000000000E+000 -0.000000000000000E+000 -0.000000000000000E+000  -0.745599174707993E-012 -0.432164676504998E-012  0.406870725466418E-005
    107.84000000  0.000000000000000E+000  0.000000000000000E+000  0.000000000000000E+000 -0.000000000000000E+000 -0.000000000000000E+000 -0.000000000000000E+000  0.000000000000000E+000  0.000000000000000E+000  0.000000000000000E+000 -0.000000000000000E+000 -0.000000000000000E+000 -0.000000000000000E+000  -0.736230538058510E-012 -0.412010522882910E-012  0.405540876529239E-005
    107.92000000  0.000000000000000E+000  0.000000000000000E+000  0.000000000000000E+000 -0.000000000000000E+000 -0.000000000000000E+000 -0.000000000000000E+000  0.000000000000000E+000  0.000000000000000E+000  0.000000000000000E+000 -0.000000000000000E+000 -0.000000000000000E+000 -0.000000000000000E+000  -0.727344995293978E-012 -0.391661816208206E-012  0.404154224700529E-005
    108.00000000  0.000000000000000E+000  0.000000000000000E+000  0.000000000000000E+000 -0.000000000000000E+000 -0.000000000000000E+000 -0.000000000000000E+000  0.000000000000000E+000  0.000000000000000E+000  0.000000000000000E+000 -0.000000000000000E+000 -0.000000000000000E+000 -0.000000000000000E+000  -0.719142516713283E-012 -0.371611431274879E-012  0.402711099963565E-005
    108.08000000  0.000000000000000E+000  0.000000000000000E+000  0.000000000000000E+000 -0.000000000000000E+000 -0.000000000000000E+000 -0.000000000000000E+000  0.000000000000000E+000  0.000000000000000E+000  0.000000000000000E+000 -0.000000000000000E+000 -0.000000000000000E+000 -0.000000000000000E+000  -0.711692301520087E-012 -0.352292149716649E-012  0.401211836276405E-005
    108.16000000  0.000000000000000E+000  0.000000000000000E+000  0.000000000000000E+000 -0.000000000000000E+000 -0.000000000000000E+000 -0.000000000000000E+000  0.000000000000000E+000  0.000000000000000E+000  0.000000000000000E+000 -0.000000000000000E+000 -0.000000000000000E+000 -0.000000000000000E+000  -0.704936275629687E-012 -0.333993192250965E-012  0.399656771271959E-005
    108.24000000  0.000000000000000E+000  0.000000000000000E+000  0.000000000000000E+000 -0.000000000000000E+000 -0.000000000000000E+000 -0.000000000000000E+000  0.000000000000000E+000  0.000000000000000E+000  0.000000000000000E+000 -0.000000000000000E+000 -0.000000000000000E+000 -0.000000000000000E+000  -0.698720852518362E-012 -0.316797898135789E-012  0.398046245918960E-005
    108.32000000  0.000000000000000E+000  0.000000000000000E+000  0.000000000000000E+000 -0.000000000000000E+000 -0.000000000000000E+000 -0.000000000000000E+000  0.000000000000000E+000  0.000000000000000E+000  0.000000000000000E+000 -0.000000000000000E+000 -0.000000000000000E+000 -0.000000000000000E+000  -0.692855321525915E-012 -0.300590309439047E-012  0.396380604164518E-005
    108.40000000  0.000000000000000E+000  0.000000000000000E+000  0.000000000000000E+000 -0.000000000000000E+000 -0.000000000000000E+000 -0.000000000000000E+000  0.000000000000000E+000  0.000000000000000E+000  0.000000000000000E+000 -0.000000000000000E+000 -0.000000000000000E+000 -0.000000000000000E+000  -0.687152315952742E-012 -0.285088012325543E-012  0.394660192573244E-005
    108.48000000  0.000000000000000E+000  0.000000000000000E+000  0.000000000000000E+000 -0.000000000000000E+000 -0.000000000000000E+000 -0.000000000000000E+000  0.000000000000000E+000  0.000000000000000E+000  0.000000000000000E+000 -0.000000000000000E+000 -0.000000000000000E+000 -0.000000000000000E+000  -0.681475146766756E-012 -0.269935662795891E-012  0.392885359985445E-005
    108.56000000  0.000000000000000E+000  0.000000000000000E+000  0.000000000000000E+000 -0.000000000000000E+000 -0.000000000000000E+000 -0.000000000000000E+000  0.000000000000000E+000  0.000000000000000E+000  0.000000000000000E+000 -0.000000000000000E+000 -0.000000000000000E+000 -0.000000000000000E+000  -0.675743800851518E-012 -0.254790800786520E-012  0.391056457211496E-005
    108.64000000  0.000000000000000E+000  0.000000000000000E+000  0.000000000000000E+000 -0.000000000000000E+000 -0.000000000000000E+000 -0.000000000000000E+000  0.000000000000000E+000  0.000000000000000E+000  0.000000000000000E+000 -0.000000000000000E+000 -0.000000000000000E+000 -0.000000000000000E+000  -0.669939751149487E-012 -0.239421655746488E-012  0.389173836772823E-005
    108.72000000  0.000000000000000E+000  0.000000000000000E+000  0.000000000000000E+000 -0.000000000000000E+000 -0.000000000000000E+000 -0.000000000000000E+000  0.000000000000000E+000  0.000000000000000E+000  0.000000000000000E+000 -0.000000000000000E+000 -0.000000000000000E+000 -0.000000000000000E+000  -0.664070457573946E-012 -0.223751332895467E-012  0.387237852695431E-005
    108.80000000  0.000000000000000E+000  0.000000000000000E+000  0.000000000000000E+000 -0.000000000000000E+000 -0.000000000000000E+000 -0.000000000000000E+000  0.000000000000000E+000  0.000000000000000E+000  0.000000000000000E+000 -0.000000000000000E+000 -0.000000000000000E+000 -0.000000000000000E+000  -0.658142808071334E-012 -0.207844367861938E-012  0.385248860356229E-005
    108.88000000  0.000000000000000E+000  0.000000000000000E+000  0.000000000000000E+000 -0.000000000000000E+000 -0.000000000000000E+000 -0.000000000000000E+000  0.000000000000000E+000  0.000000000000000E+000  0.000000000000000E+000 -0.000000000000000E+000 -0.000000000000000E+000 -0.000000000000000E+000  -0.652122171919204E-012 -0.191877355847116E-012  0.383207216374500E-005
    108.96000000  0.000000000000000E+000  0.000000000000000E+000  0.000000000000000E+000 -0.000000000000000E+000 -0.000000000000000E+000 -0.000000000000000E+000  0.000000000000000E+000  0.000000000000000E+000  0.000000000000000E+000 -0.000000000000000E+000 -0.000000000000000E+000 -0.000000000000000E+000  -0.645905498461762E-012 -0.176044090711125E-012  0.381113278543584E-005
    109.04000000  0.000000000000000E+000  0.000000000000000E+000  0.000000000000000E+000 -0.000000000000000E+000 -0.000000000000000E+000 -0.000000000000000E+000  0.000000000000000E+000  0.000000000000000E+000  0.000000000000000E+000 -0.000000000000000E+000 -0.000000000000000E+000 -0.000000000000000E+000  -0.639319268670483E-012 -0.160468315058027E-012  0.378967405787507E-005
    109.12000000  0.000000000000000E+000  0.000000000000000E+000  0.000000000000000E+000 -0.000000000000000E+000 -0.000000000000000E+000 -0.000000000000000E+000  0.000000000000000E+000  0.000000000000000E+000  0.000000000000000E+000 -0.000000000000000E+000 -0.000000000000000E+000 -0.000000000000000E+000  -0.632115528269219E-012 -0.145137359282712E-012  0.376769958139324E-005
    109.20000000  0.000000000000000E+000  0.000000000000000E+000  0.000000000000000E+000 -0.000000000000000E+000 -0.000000000000000E+000 -0.000000000000000E+000  0.000000000000000E+000  0.000000000000000E+000  0.000000000000000E+000 -0.000000000000000E+000 -0.000000000000000E+000 -0.000000000000000E+000  -0.624008212271569E-012 -0.129857084437561E-012  0.374521296723596E-005
    109.28000000  0.000000000000000E+000  0.000000000000000E+000  0.000000000000000E+000 -0.000000000000000E+000 -0.000000000000000E+000 -0.000000000000000E+000  0.000000000000000E+000  0.000000000000000E+000  0.000000000000000E+000 -0.000000000000000E+000 -0.000000000000000E+000 -0.000000000000000E+000  -0.614702804937533E-012 -0.114283646595397E-012  0.372221783740616E-005
    109.36000000  0.000000000000000E+000  0.000000000000000E+000  0.000000000000000E+000 -0.000000000000000E+000 -0.000000000000000E+000 -0.000000000000000E+000  0.000000000000000E+000  0.000000000000000E+000  0.000000000000000E+000 -0.000000000000000E+000 -0.000000000000000E+000 -0.000000000000000E+000  -0.603931315583453E-012 -0.979672564538373E-013  0.369871782444865E-005
    109.44000000  0.000000000000000E+000  0.000000000000000E+000  0.000000000000000E+000 -0.000000000000000E+000 -0.000000000000000E+000 -0.000000000000000E+000  0.000000000000000E+000  0.000000000000000E+000  0.000000000000000E+000 -0.000000000000000E+000 -0.000000000000000E+000 -0.000000000000000E+000  -0.591491257406926E-012 -0.804641309897566E-013  0.367471657118919E-005
    109.52000000  0.000000000000000E+000  0.000000000000000E+000  0.000000000000000E+000 -0.000000000000000E+000 -0.000000000000000E+000 -0.000000000000000E+000  0.000000000000000E+000  0.000000000000000E+000  0.000000000000000E+000 -0.000000000000000E+000 -0.000000000000000E+000 -0.000000000000000E+000  -0.577266913660667E-012 -0.614242377905224E-013  0.365021773048676E-005
    109.60000000  0.000000000000000E+000  0.000000000000000E+000  0.000000000000000E+000 -0.000000000000000E+000 -0.000000000000000E+000 -0.000000000000000E+000  0.000000000000000E+000  0.000000000000000E+000  0.000000000000000E+000 -0.000000000000000E+000 -0.000000000000000E+000 -0.000000000000000E+000  -0.561236448964674E-012 -0.406776627998336E-013  0.362522496515973E-005
    109.68000000  0.000000000000000E+000  0.000000000000000E+000  0.000000000000000E+000 -0.000000000000000E+000 -0.000000000000000E+000 -0.000000000000000E+000  0.000000000000000E+000  0.000000000000000E+000  0.000000000000000E+000 -0.000000000000000E+000 -0.000000000000000E+000 -0.000000000000000E+000  -0.543459495944268E-012 -0.182719199230358E-013  0.359974194818809E-005
    109.76000000  0.000000000000000E+000  0.000000000000000E+000  0.000000000000000E+000 -0.000000000000000E+000 -0.000000000000000E+000 -0.000000000000000E+000  0.000000000000000E+000  0.000000000000000E+000  0.000000000000000E+000 -0.000000000000000E+000 -0.000000000000000E+000 -0.000000000000000E+000  -0.524059906878594E-012  0.554308198814039E-014  0.357377236339038E-005
    109.84000000  0.000000000000000E+000  0.000000000000000E+000  0.000000000000000E+000 -0.000000000000000E+000 -0.000000000000000E+000 -0.000000000000000E+000  0.000000000000000E+000  0.000000000000000E+000  0.000000000000000E+000 -0.000000000000000E+000 -0.000000000000000E+000 -0.000000000000000E+000  -0.503204634847741E-012  0.303764757528503E-013  0.354731990664717E-005
    109.92000000  0.000000000000000E+000  0.000000000000000E+000  0.000000000000000E+000 -0.000000000000000E+000 -0.000000000000000E+000 -0.000000000000000E+000  0.000000000000000E+000  0.000000000000000E+000  0.000000000000000E+000 -0.000000000000000E+000 -0.000000000000000E+000 -0.000000000000000E+000  -0.481071228247335E-012  0.557899533179670E-013  0.352038828767522E-005
    110.00000000  0.000000000000000E+000  0.000000000000000E+000  0.000000000000000E+000 -0.000000000000000E+000 -0.000000000000000E+000 -0.000000000000000E+000  0.000000000000000E+000  0.000000000000000E+000  0.000000000000000E+000 -0.000000000000000E+000 -0.000000000000000E+000 -0.000000000000000E+000  -0.457840818108654E-012  0.814027551781770E-013  0.349298123226515E-005
    110.08000000  0.000000000000000E+000  0.000000000000000E+000  0.000000000000000E+000 -0.000000000000000E+000 -0.000000000000000E+000 -0.000000000000000E+000  0.000000000000000E+000  0.000000000000000E+000  0.000000000000000E+000 -0.000000000000000E+000 -0.000000000000000E+000 -0.000000000000000E+000  -0.433685601084934E-012  0.106965618234571E-012  0.346510248474300E-005
    110.16000000  0.000000000000000E+000  0.000000000000000E+000  0.000000000000000E+000 -0.000000000000000E+000 -0.000000000000000E+000 -0.000000000000000E+000  0.000000000000000E+000  0.000000000000000E+000  0.000000000000000E+000 -0.000000000000000E+000 -0.000000000000000E+000 -0.000000000000000E+000  -0.408763387570861E-012  0.132391420066328E-012  0.343675581041941E-005
    110.24000000  0.000000000000000E+000  0.000000000000000E+000  0.000000000000000E+000 -0.000000000000000E+000 -0.000000000000000E+000 -0.000000000000000E+000  0.000000000000000E+000  0.000000000000000E+000  0.000000000000000E+000 -0.000000000000000E+000 -0.000000000000000E+000 -0.000000000000000E+000  -0.383232788815089E-012  0.157745413832947E-012  0.340794499775200E-005
    110.32000000  0.000000000000000E+000  0.000000000000000E+000  0.000000000000000E+000 -0.000000000000000E+000 -0.000000000000000E+000 -0.000000000000000E+000  0.000000000000000E+000  0.000000000000000E+000  0.000000000000000E+000 -0.000000000000000E+000 -0.000000000000000E+000 -0.000000000000000E+000  -0.357255712342042E-012  0.183162346539570E-012  0.337867385995942E-005
    110.40000000  0.000000000000000E+000  0.000000000000000E+000  0.000000000000000E+000 -0.000000000000000E+000 -0.000000000000000E+000 -0.000000000000000E+000  0.000000000000000E+000  0.000000000000000E+000  0.000000000000000E+000 -0.000000000000000E+000 -0.000000000000000E+000 -0.000000000000000E+000  -0.330999200076155E-012  0.208772939086881E-012  0.334894623599545E-005
    110.48000000  0.000000000000000E+000  0.000000000000000E+000  0.000000000000000E+000 -0.000000000000000E+000 -0.000000000000000E+000 -0.000000000000000E+000  0.000000000000000E+000  0.000000000000000E+000  0.000000000000000E+000 -0.000000000000000E+000 -0.000000000000000E+000 -0.000000000000000E+000  -0.304654908593823E-012  0.234608928732779E-012  0.331876599080137E-005
    110.56000000  0.000000000000000E+000  0.000000000000000E+000  0.000000000000000E+000 -0.000000000000000E+000 -0.000000000000000E+000 -0.000000000000000E+000  0.000000000000000E+000  0.000000000000000E+000  0.000000000000000E+000 -0.000000000000000E+000 -0.000000000000000E+000 -0.000000000000000E+000  -0.278426843082436E-012  0.260540844922697E-012  0.328813701491180E-005
    110.64000000  0.000000000000000E+000  0.000000000000000E+000  0.000000000000000E+000 -0.000000000000000E+000 -0.000000000000000E+000 -0.000000000000000E+000  0.000000000000000E+000  0.000000000000000E+000  0.000000000000000E+000 -0.000000000000000E+000 -0.000000000000000E+000 -0.000000000000000E+000  -0.252540022173712E-012  0.286272197514205E-012  0.325706322354993E-005
    110.72000000  0.000000000000000E+000  0.000000000000000E+000  0.000000000000000E+000 -0.000000000000000E+000 -0.000000000000000E+000 -0.000000000000000E+000  0.000000000000000E+000  0.000000000000000E+000  0.000000000000000E+000 -0.000000000000000E+000 -0.000000000000000E+000 -0.000000000000000E+000  -0.227230102731241E-012  0.311384115287844E-012  0.322554855539333E-005
    110.80000000  0.000000000000000E+000  0.000000000000000E+000  0.000000000000000E+000 -0.000000000000000E+000 -0.000000000000000E+000 -0.000000000000000E+000  0.000000000000000E+000  0.000000000000000E+000  0.000000000000000E+000 -0.000000000000000E+000 -0.000000000000000E+000 -0.000000000000000E+000  -0.202731937752972E-012  0.335405404983345E-012  0.319359697118766E-005
    110.88000000  0.000000000000000E+000  0.000000000000000E+000  0.000000000000000E+000 -0.000000000000000E+000 -0.000000000000000E+000 -0.000000000000000E+000  0.000000000000000E+000  0.000000000000000E+000  0.000000000000000E+000 -0.000000000000000E+000 -0.000000000000000E+000 -0.000000000000000E+000  -0.179252269785810E-012  0.357923674744092E-012  0.316121245237582E-005
    110.96000000  0.000000000000000E+000  0.000000000000000E+000  0.000000000000000E+000 -0.000000000000000E+000 -0.000000000000000E+000 -0.000000000000000E+000  0.000000000000000E+000  0.000000000000000E+000  0.000000000000000E+000 -0.000000000000000E+000 -0.000000000000000E+000 -0.000000000000000E+000  -0.156957416446903E-012  0.378674739134888E-012  0.312839899985519E-005
    111.04000000  0.000000000000000E+000  0.000000000000000E+000  0.000000000000000E+000 -0.000000000000000E+000 -0.000000000000000E+000 -0.000000000000000E+000  0.000000000000000E+000  0.000000000000000E+000  0.000000000000000E+000 -0.000000000000000E+000 -0.000000000000000E+000 -0.000000000000000E+000  -0.135955895832863E-012  0.397605510397134E-012  0.309516063286510E-005
    111.12000000  0.000000000000000E+000  0.000000000000000E+000  0.000000000000000E+000 -0.000000000000000E+000 -0.000000000000000E+000 -0.000000000000000E+000  0.000000000000000E+000  0.000000000000000E+000  0.000000000000000E+000 -0.000000000000000E+000 -0.000000000000000E+000 -0.000000000000000E+000  -0.116279507191853E-012  0.414881700550795E-012  0.306150138803676E-005
    111.20000000  0.000000000000000E+000  0.000000000000000E+000  0.000000000000000E+000 -0.000000000000000E+000 -0.000000000000000E+000 -0.000000000000000E+000  0.000000000000000E+000  0.000000000000000E+000  0.000000000000000E+000 -0.000000000000000E+000 -0.000000000000000E+000 -0.000000000000000E+000  -0.978866342265949E-013  0.430853592479284E-012  0.302742531848429E-005
    111.28000000  0.000000000000000E+000  0.000000000000000E+000  0.000000000000000E+000 -0.000000000000000E+000 -0.000000000000000E+000 -0.000000000000000E+000  0.000000000000000E+000  0.000000000000000E+000  0.000000000000000E+000 -0.000000000000000E+000 -0.000000000000000E+000 -0.000000000000000E+000  -0.806643756018329E-013  0.445968778469747E-012  0.299293649294555E-005
    111.36000000  0.000000000000000E+000  0.000000000000000E+000  0.000000000000000E+000 -0.000000000000000E+000 -0.000000000000000E+000 -0.000000000000000E+000  0.000000000000000E+000  0.000000000000000E+000  0.000000000000000E+000 -0.000000000000000E+000 -0.000000000000000E+000 -0.000000000000000E+000  -0.644427798663300E-013  0.460656590535798E-012  0.295803899486378E-005
    111.44000000  0.000000000000000E+000  0.000000000000000E+000  0.000000000000000E+000 -0.000000000000000E+000 -0.000000000000000E+000 -0.000000000000000E+000  0.000000000000000E+000  0.000000000000000E+000  0.000000000000000E+000 -0.000000000000000E+000 -0.000000000000000E+000 -0.000000000000000E+000  -0.490075803108852E-013  0.475253965082300E-012  0.292273692150633E-005
    111.52000000  0.000000000000000E+000  0.000000000000000E+000  0.000000000000000E+000 -0.000000000000000E+000 -0.000000000000000E+000 -0.000000000000000E+000  0.000000000000000E+000  0.000000000000000E+000  0.000000000000000E+000 -0.000000000000000E+000 -0.000000000000000E+000 -0.000000000000000E+000  -0.341276373299881E-013  0.489932871381201E-012  0.288703438307190E-005
    111.60000000  0.000000000000000E+000  0.000000000000000E+000  0.000000000000000E+000 -0.000000000000000E+000 -0.000000000000000E+000 -0.000000000000000E+000  0.000000000000000E+000  0.000000000000000E+000  0.000000000000000E+000 -0.000000000000000E+000 -0.000000000000000E+000 -0.000000000000000E+000  -0.195733299540879E-013  0.504697361136173E-012  0.285093550192786E-005
    111.68000000  0.000000000000000E+000  0.000000000000000E+000  0.000000000000000E+000 -0.000000000000000E+000 -0.000000000000000E+000 -0.000000000000000E+000  0.000000000000000E+000  0.000000000000000E+000  0.000000000000000E+000 -0.000000000000000E+000 -0.000000000000000E+000 -0.000000000000000E+000  -0.514008880910930E-014  0.519428488082906E-012  0.281444441198949E-005
    111.76000000  0.000000000000000E+000  0.000000000000000E+000  0.000000000000000E+000 -0.000000000000000E+000 -0.000000000000000E+000 -0.000000000000000E+000  0.000000000000000E+000  0.000000000000000E+000  0.000000000000000E+000 -0.000000000000000E+000 -0.000000000000000E+000 -0.000000000000000E+000   0.934403329129500E-014  0.533959860818267E-012  0.277756525827945E-005
    111.84000000  0.000000000000000E+000  0.000000000000000E+000  0.000000000000000E+000 -0.000000000000000E+000 -0.000000000000000E+000 -0.000000000000000E+000  0.000000000000000E+000  0.000000000000000E+000  0.000000000000000E+000 -0.000000000000000E+000 -0.000000000000000E+000 -0.000000000000000E+000   0.240140024514541E-013  0.548165840639257E-012  0.274030219674908E-005
    111.92000000  0.000000000000000E+000  0.000000000000000E+000  0.000000000000000E+000 -0.000000000000000E+000 -0.000000000000000E+000 -0.000000000000000E+000  0.000000000000000E+000  0.000000000000000E+000  0.000000000000000E+000 -0.000000000000000E+000 -0.000000000000000E+000 -0.000000000000000E+000   0.389727498641456E-013  0.562045192007149E-012  0.270265939434644E-005
    112.00000000  0.000000000000000E+000  0.000000000000000E+000  0.000000000000000E+000 -0.000000000000000E+000 -0.000000000000000E+000 -0.000000000000000E+000  0.000000000000000E+000  0.000000000000000E+000  0.000000000000000E+000 -0.000000000000000E+000 -0.000000000000000E+000 -0.000000000000000E+000   0.543092415958310E-013  0.575744035258067E-012  0.266464102942455E-005
    112.08000000  0.000000000000000E+000  0.000000000000000E+000  0.000000000000000E+000 -0.000000000000000E+000 -0.000000000000000E+000 -0.000000000000000E+000  0.000000000000000E+000  0.000000000000000E+000  0.000000000000000E+000 -0.000000000000000E+000 -0.000000000000000E+000 -0.000000000000000E+000   0.701106582930053E-013  0.589550591736067E-012  0.262625129250850E-005
    112.16000000  0.000000000000000E+000  0.000000000000000E+000  0.000000000000000E+000 -0.000000000000000E+000 -0.000000000000000E+000 -0.000000000000000E+000  0.000000000000000E+000  0.000000000000000E+000  0.000000000000000E+000 -0.000000000000000E+000 -0.000000000000000E+000 -0.000000000000000E+000   0.864826122900684E-013  0.603827669118408E-012  0.258749438745621E-005
    112.24000000  0.000000000000000E+000  0.000000000000000E+000  0.000000000000000E+000 -0.000000000000000E+000 -0.000000000000000E+000 -0.000000000000000E+000  0.000000000000000E+000  0.000000000000000E+000  0.000000000000000E+000 -0.000000000000000E+000 -0.000000000000000E+000 -0.000000000000000E+000   0.103541114976286E-012  0.618930961762401E-012  0.254837453296362E-005
    112.32000000  0.000000000000000E+000  0.000000000000000E+000  0.000000000000000E+000 -0.000000000000000E+000 -0.000000000000000E+000 -0.000000000000000E+000  0.000000000000000E+000  0.000000000000000E+000  0.000000000000000E+000 -0.000000000000000E+000 -0.000000000000000E+000 -0.000000000000000E+000   0.121412311266643E-012  0.635117056653019E-012  0.250889596434455E-005
    112.40000000  0.000000000000000E+000  0.000000000000000E+000  0.000000000000000E+000 -0.000000000000000E+000 -0.000000000000000E+000 -0.000000000000000E+000  0.000000000000000E+000  0.000000000000000E+000  0.000000000000000E+000 -0.000000000000000E+000 -0.000000000000000E+000 -0.000000000000000E+000   0.140206930829407E-012  0.652462570241838E-012  0.246906293542755E-005
    112.48000000  0.000000000000000E+000  0.000000000000000E+000  0.000000000000000E+000 -0.000000000000000E+000 -0.000000000000000E+000 -0.000000000000000E+000  0.000000000000000E+000  0.000000000000000E+000  0.000000000000000E+000 -0.000000000000000E+000 -0.000000000000000E+000 -0.000000000000000E+000   0.160005360479403E-012  0.670841800831704E-012  0.242887972043856E-005
    112.56000000  0.000000000000000E+000  0.000000000000000E+000  0.000000000000000E+000 -0.000000000000000E+000 -0.000000000000000E+000 -0.000000000000000E+000  0.000000000000000E+000  0.000000000000000E+000  0.000000000000000E+000 -0.000000000000000E+000 -0.000000000000000E+000 -0.000000000000000E+000   0.180827036548354E-012  0.689934091614542E-012  0.238835061577696E-005
    112.64000000  0.000000000000000E+000  0.000000000000000E+000  0.000000000000000E+000 -0.000000000000000E+000 -0.000000000000000E+000 -0.000000000000000E+000  0.000000000000000E+000  0.000000000000000E+000  0.000000000000000E+000 -0.000000000000000E+000 -0.000000000000000E+000 -0.000000000000000E+000   0.202619401081086E-012  0.709293997876813E-012  0.234747994164445E-005
    112.72000000  0.000000000000000E+000  0.000000000000000E+000  0.000000000000000E+000 -0.000000000000000E+000 -0.000000000000000E+000 -0.000000000000000E+000  0.000000000000000E+000  0.000000000000000E+000  0.000000000000000E+000 -0.000000000000000E+000 -0.000000000000000E+000 -0.000000000000000E+000   0.225249677459324E-012  0.728434714599879E-012  0.230627204358210E-005
    112.80000000  0.000000000000000E+000  0.000000000000000E+000  0.000000000000000E+000 -0.000000000000000E+000 -0.000000000000000E+000 -0.000000000000000E+000  0.000000000000000E+000  0.000000000000000E+000  0.000000000000000E+000 -0.000000000000000E+000 -0.000000000000000E+000 -0.000000000000000E+000   0.248514269581220E-012  0.746927339435433E-012  0.226473129407085E-005
    112.88000000  0.000000000000000E+000  0.000000000000000E+000  0.000000000000000E+000 -0.000000000000000E+000 -0.000000000000000E+000 -0.000000000000000E+000  0.000000000000000E+000  0.000000000000000E+000  0.000000000000000E+000 -0.000000000000000E+000 -0.000000000000000E+000 -0.000000000000000E+000   0.272152659977953E-012  0.764469135278945E-012  0.222286209429876E-005
    112.96000000  0.000000000000000E+000  0.000000000000000E+000  0.000000000000000E+000 -0.000000000000000E+000 -0.000000000000000E+000 -0.000000000000000E+000  0.000000000000000E+000  0.000000000000000E+000  0.000000000000000E+000 -0.000000000000000E+000 -0.000000000000000E+000 -0.000000000000000E+000   0.295872609232138E-012  0.780920737980050E-012  0.218066887625753E-005
    113.04000000  0.000000000000000E+000  0.000000000000000E+000  0.000000000000000E+000 -0.000000000000000E+000 -0.000000000000000E+000 -0.000000000000000E+000  0.000000000000000E+000  0.000000000000000E+000  0.000000000000000E+000 -0.000000000000000E+000 -0.000000000000000E+000 -0.000000000000000E+000   0.319391358672055E-012  0.796286094586796E-012  0.213815610515672E-005
    113.12000000  0.000000000000000E+000  0.000000000000000E+000  0.000000000000000E+000 -0.000000000000000E+000 -0.000000000000000E+000 -0.000000000000000E+000  0.000000000000000E+000  0.000000000000000E+000  0.000000000000000E+000 -0.000000000000000E+000 -0.000000000000000E+000 -0.000000000000000E+000   0.342451431614421E-012  0.810651782156274E-012  0.209532828216522E-005
    113.20000000  0.000000000000000E+000  0.000000000000000E+000  0.000000000000000E+000 -0.000000000000000E+000 -0.000000000000000E+000 -0.000000000000000E+000  0.000000000000000E+000  0.000000000000000E+000  0.000000000000000E+000 -0.000000000000000E+000 -0.000000000000000E+000 -0.000000000000000E+000   0.364853078365372E-012  0.824116594093943E-012  0.205218994729184E-005
    113.28000000  0.000000000000000E+000  0.000000000000000E+000  0.000000000000000E+000 -0.000000000000000E+000 -0.000000000000000E+000 -0.000000000000000E+000  0.000000000000000E+000  0.000000000000000E+000  0.000000000000000E+000 -0.000000000000000E+000 -0.000000000000000E+000 -0.000000000000000E+000   0.386453579018238E-012  0.836720164012553E-012  0.200874568224930E-005
    113.36000000  0.000000000000000E+000  0.000000000000000E+000  0.000000000000000E+000 -0.000000000000000E+000 -0.000000000000000E+000 -0.000000000000000E+000  0.000000000000000E+000  0.000000000000000E+000  0.000000000000000E+000 -0.000000000000000E+000 -0.000000000000000E+000 -0.000000000000000E+000   0.407175604107929E-012  0.848389699280967E-012  0.196500011311146E-005
    113.44000000  0.000000000000000E+000  0.000000000000000E+000  0.000000000000000E+000 -0.000000000000000E+000 -0.000000000000000E+000 -0.000000000000000E+000  0.000000000000000E+000  0.000000000000000E+000  0.000000000000000E+000 -0.000000000000000E+000 -0.000000000000000E+000 -0.000000000000000E+000   0.426974488269529E-012  0.858941958438262E-012  0.192095791263178E-005
    113.52000000  0.000000000000000E+000  0.000000000000000E+000  0.000000000000000E+000 -0.000000000000000E+000 -0.000000000000000E+000 -0.000000000000000E+000  0.000000000000000E+000  0.000000000000000E+000  0.000000000000000E+000 -0.000000000000000E+000 -0.000000000000000E+000 -0.000000000000000E+000   0.445822576316515E-012  0.868116362527299E-012  0.187662380215028E-005
    113.60000000  0.000000000000000E+000  0.000000000000000E+000  0.000000000000000E+000 -0.000000000000000E+000 -0.000000000000000E+000 -0.000000000000000E+000  0.000000000000000E+000  0.000000000000000E+000  0.000000000000000E+000 -0.000000000000000E+000 -0.000000000000000E+000 -0.000000000000000E+000   0.463685527650907E-012  0.875640461581041E-012  0.183200255312880E-005
    113.68000000  0.000000000000000E+000  0.000000000000000E+000  0.000000000000000E+000 -0.000000000000000E+000 -0.000000000000000E+000 -0.000000000000000E+000  0.000000000000000E+000  0.000000000000000E+000  0.000000000000000E+000 -0.000000000000000E+000 -0.000000000000000E+000 -0.000000000000000E+000   0.480514442495973E-012  0.881309864416049E-012  0.178709898842207E-005
    113.76000000  0.000000000000000E+000  0.000000000000000E+000  0.000000000000000E+000 -0.000000000000000E+000 -0.000000000000000E+000 -0.000000000000000E+000  0.000000000000000E+000  0.000000000000000E+000  0.000000000000000E+000 -0.000000000000000E+000 -0.000000000000000E+000 -0.000000000000000E+000   0.496245918365086E-012  0.885049601714740E-012  0.174191798338806E-005
    113.84000000  0.000000000000000E+000  0.000000000000000E+000  0.000000000000000E+000 -0.000000000000000E+000 -0.000000000000000E+000 -0.000000000000000E+000  0.000000000000000E+000  0.000000000000000E+000  0.000000000000000E+000 -0.000000000000000E+000 -0.000000000000000E+000 -0.000000000000000E+000   0.510809774751231E-012  0.886948960788663E-012  0.169646446695608E-005
    113.92000000  0.000000000000000E+000  0.000000000000000E+000  0.000000000000000E+000 -0.000000000000000E+000 -0.000000000000000E+000 -0.000000000000000E+000  0.000000000000000E+000  0.000000000000000E+000  0.000000000000000E+000 -0.000000000000000E+000 -0.000000000000000E+000 -0.000000000000000E+000   0.524167072483190E-012  0.887262137605640E-012  0.165074342270942E-005
    114.00000000  0.000000000000000E+000  0.000000000000000E+000  0.000000000000000E+000 -0.000000000000000E+000 -0.000000000000000E+000 -0.000000000000000E+000  0.000000000000000E+000  0.000000000000000E+000  0.000000000000000E+000 -0.000000000000000E+000 -0.000000000000000E+000 -0.000000000000000E+000   0.536320145607305E-012  0.886369895937520E-012  0.160475988998243E-005
    114.08000000  0.000000000000000E+000  0.000000000000000E+000  0.000000000000000E+000 -0.000000000000000E+000 -0.000000000000000E+000 -0.000000000000000E+000  0.000000000000000E+000  0.000000000000000E+000  0.000000000000000E+000 -0.000000000000000E+000 -0.000000000000000E+000 -0.000000000000000E+000   0.547332911104290E-012  0.884704705960872E-012  0.155851896487832E-005
    114.16000000  0.000000000000000E+000  0.000000000000000E+000  0.000000000000000E+000 -0.000000000000000E+000 -0.000000000000000E+000 -0.000000000000000E+000  0.000000000000000E+000  0.000000000000000E+000  0.000000000000000E+000 -0.000000000000000E+000 -0.000000000000000E+000 -0.000000000000000E+000   0.557341146724268E-012  0.882686218165465E-012  0.151202580116108E-005
    114.24000000  0.000000000000000E+000  0.000000000000000E+000  0.000000000000000E+000 -0.000000000000000E+000 -0.000000000000000E+000 -0.000000000000000E+000  0.000000000000000E+000  0.000000000000000E+000  0.000000000000000E+000 -0.000000000000000E+000 -0.000000000000000E+000 -0.000000000000000E+000   0.566539318934264E-012  0.880642561068375E-012  0.146528561087678E-005
    114.32000000  0.000000000000000E+000  0.000000000000000E+000  0.000000000000000E+000 -0.000000000000000E+000 -0.000000000000000E+000 -0.000000000000000E+000  0.000000000000000E+000  0.000000000000000E+000  0.000000000000000E+000 -0.000000000000000E+000 -0.000000000000000E+000 -0.000000000000000E+000   0.575168701116483E-012  0.878792222238093E-012  0.141830366468518E-005
    114.40000000  0.000000000000000E+000  0.000000000000000E+000  0.000000000000000E+000 -0.000000000000000E+000 -0.000000000000000E+000 -0.000000000000000E+000  0.000000000000000E+000  0.000000000000000E+000  0.000000000000000E+000 -0.000000000000000E+000 -0.000000000000000E+000 -0.000000000000000E+000   0.583487042761562E-012  0.877229262236429E-012  0.137108529185817E-005
    114.48000000  0.000000000000000E+000  0.000000000000000E+000  0.000000000000000E+000 -0.000000000000000E+000 -0.000000000000000E+000 -0.000000000000000E+000  0.000000000000000E+000  0.000000000000000E+000  0.000000000000000E+000 -0.000000000000000E+000 -0.000000000000000E+000 -0.000000000000000E+000   0.591733857430956E-012  0.875969284288674E-012  0.132363588001796E-005
    114.56000000  0.000000000000000E+000  0.000000000000000E+000  0.000000000000000E+000 -0.000000000000000E+000 -0.000000000000000E+000 -0.000000000000000E+000  0.000000000000000E+000  0.000000000000000E+000  0.000000000000000E+000 -0.000000000000000E+000 -0.000000000000000E+000 -0.000000000000000E+000   0.600109683123858E-012  0.874989504086954E-012  0.127596087468001E-005
    114.64000000  0.000000000000000E+000  0.000000000000000E+000  0.000000000000000E+000 -0.000000000000000E+000 -0.000000000000000E+000 -0.000000000000000E+000  0.000000000000000E+000  0.000000000000000E+000  0.000000000000000E+000 -0.000000000000000E+000 -0.000000000000000E+000 -0.000000000000000E+000   0.608752822125031E-012  0.874289505518488E-012  0.122806577875369E-005
    114.72000000  0.000000000000000E+000  0.000000000000000E+000  0.000000000000000E+000 -0.000000000000000E+000 -0.000000000000000E+000 -0.000000000000000E+000  0.000000000000000E+000  0.000000000000000E+000  0.000000000000000E+000 -0.000000000000000E+000 -0.000000000000000E+000 -0.000000000000000E+000   0.617738770543809E-012  0.873921982565670E-012  0.117995615212217E-005
    114.80000000  0.000000000000000E+000  0.000000000000000E+000  0.000000000000000E+000 -0.000000000000000E+000 -0.000000000000000E+000 -0.000000000000000E+000  0.000000000000000E+000  0.000000000000000E+000  0.000000000000000E+000 -0.000000000000000E+000 -0.000000000000000E+000 -0.000000000000000E+000   0.627092810368627E-012  0.873999465877040E-012  0.113163761143895E-005
    114.88000000  0.000000000000000E+000  0.000000000000000E+000  0.000000000000000E+000 -0.000000000000000E+000 -0.000000000000000E+000 -0.000000000000000E+000  0.000000000000000E+000  0.000000000000000E+000  0.000000000000000E+000 -0.000000000000000E+000 -0.000000000000000E+000 -0.000000000000000E+000   0.636803039217997E-012  0.874660441449395E-012  0.108311583022603E-005
    114.96000000  0.000000000000000E+000  0.000000000000000E+000  0.000000000000000E+000 -0.000000000000000E+000 -0.000000000000000E+000 -0.000000000000000E+000  0.000000000000000E+000  0.000000000000000E+000  0.000000000000000E+000 -0.000000000000000E+000 -0.000000000000000E+000 -0.000000000000000E+000   0.646857375766878E-012  0.876039984811175E-012  0.103439653930281E-005
    115.04000000  0.000000000000000E+000  0.000000000000000E+000  0.000000000000000E+000 -0.000000000000000E+000 -0.000000000000000E+000 -0.000000000000000E+000  0.000000000000000E+000  0.000000000000000E+000  0.000000000000000E+000 -0.000000000000000E+000 -0.000000000000000E+000 -0.000000000000000E+000   0.657256010001622E-012  0.878209895494442E-012  0.985485527532130E-006
    115.12000000  0.000000000000000E+000  0.000000000000000E+000  0.000000000000000E+000 -0.000000000000000E+000 -0.000000000000000E+000 -0.000000000000000E+000  0.000000000000000E+000  0.000000000000000E+000  0.000000000000000E+000 -0.000000000000000E+000 -0.000000000000000E+000 -0.000000000000000E+000   0.668020340860664E-012  0.881140935427694E-012  0.936388642765973E-006
    115.20000000  0.000000000000000E+000  0.000000000000000E+000  0.000000000000000E+000 -0.000000000000000E+000 -0.000000000000000E+000 -0.000000000000000E+000  0.000000000000000E+000  0.000000000000000E+000  0.000000000000000E+000 -0.000000000000000E+000 -0.000000000000000E+000 -0.000000000000000E+000   0.679188941095044E-012  0.884684595516409E-012  0.887111792913635E-006
    115.28000000  0.000000000000000E+000  0.000000000000000E+000  0.000000000000000E+000 -0.000000000000000E+000 -0.000000000000000E+000 -0.000000000000000E+000  0.000000000000000E+000  0.000000000000000E+000  0.000000000000000E+000 -0.000000000000000E+000 -0.000000000000000E+000 -0.000000000000000E+000   0.690790111393137E-012  0.888587783068865E-012  0.837660946952387E-006
    115.36000000  0.000000000000000E+000  0.000000000000000E+000  0.000000000000000E+000 -0.000000000000000E+000 -0.000000000000000E+000 -0.000000000000000E+000  0.000000000000000E+000  0.000000000000000E+000  0.000000000000000E+000 -0.000000000000000E+000 -0.000000000000000E+000 -0.000000000000000E+000   0.702820160950048E-012  0.892519988589744E-012  0.788042135847437E-006
    115.44000000  0.000000000000000E+000  0.000000000000000E+000  0.000000000000000E+000 -0.000000000000000E+000 -0.000000000000000E+000 -0.000000000000000E+000  0.000000000000000E+000  0.000000000000000E+000  0.000000000000000E+000 -0.000000000000000E+000 -0.000000000000000E+000 -0.000000000000000E+000   0.715220783782278E-012  0.896120621996787E-012  0.738261453299861E-006
    115.52000000  0.000000000000000E+000  0.000000000000000E+000  0.000000000000000E+000 -0.000000000000000E+000 -0.000000000000000E+000 -0.000000000000000E+000  0.000000000000000E+000  0.000000000000000E+000  0.000000000000000E+000 -0.000000000000000E+000 -0.000000000000000E+000 -0.000000000000000E+000   0.727861796572720E-012  0.899051066120789E-012  0.688325056374780E-006
    115.60000000  0.000000000000000E+000  0.000000000000000E+000  0.000000000000000E+000 -0.000000000000000E+000 -0.000000000000000E+000 -0.000000000000000E+000  0.000000000000000E+000  0.000000000000000E+000  0.000000000000000E+000 -0.000000000000000E+000 -0.000000000000000E+000 -0.000000000000000E+000   0.740549997505911E-012  0.901030569569886E-012  0.638239166097610E-006
    115.68000000  0.000000000000000E+000  0.000000000000000E+000  0.000000000000000E+000 -0.000000000000000E+000 -0.000000000000000E+000 -0.000000000000000E+000  0.000000000000000E+000  0.000000000000000E+000  0.000000000000000E+000 -0.000000000000000E+000 -0.000000000000000E+000 -0.000000000000000E+000   0.753036668344727E-012  0.901844990870267E-012  0.588010068094717E-006
    115.76000000  0.000000000000000E+000  0.000000000000000E+000  0.000000000000000E+000 -0.000000000000000E+000 -0.000000000000000E+000 -0.000000000000000E+000  0.000000000000000E+000  0.000000000000000E+000  0.000000000000000E+000 -0.000000000000000E+000 -0.000000000000000E+000 -0.000000000000000E+000   0.765053356113752E-012  0.901350841134830E-012  0.537644113387656E-006
    115.84000000  0.000000000000000E+000  0.000000000000000E+000  0.000000000000000E+000 -0.000000000000000E+000 -0.000000000000000E+000 -0.000000000000000E+000  0.000000000000000E+000  0.000000000000000E+000  0.000000000000000E+000 -0.000000000000000E+000 -0.000000000000000E+000 -0.000000000000000E+000   0.776350121844529E-012  0.899430081114691E-012  0.487147719351988E-006
    115.92000000  0.000000000000000E+000  0.000000000000000E+000  0.000000000000000E+000 -0.000000000000000E+000 -0.000000000000000E+000 -0.000000000000000E+000  0.000000000000000E+000  0.000000000000000E+000  0.000000000000000E+000 -0.000000000000000E+000 -0.000000000000000E+000 -0.000000000000000E+000   0.786718629815297E-012  0.895975336144974E-012  0.436527370821198E-006
    116.00000000  0.000000000000000E+000  0.000000000000000E+000  0.000000000000000E+000 -0.000000000000000E+000 -0.000000000000000E+000 -0.000000000000000E+000  0.000000000000000E+000  0.000000000000000E+000  0.000000000000000E+000 -0.000000000000000E+000 -0.000000000000000E+000 -0.000000000000000E+000   0.796018799599533E-012  0.890847220742634E-012  0.385789621251537E-006
    116.08000000  0.000000000000000E+000  0.000000000000000E+000  0.000000000000000E+000 -0.000000000000000E+000 -0.000000000000000E+000 -0.000000000000000E+000  0.000000000000000E+000  0.000000000000000E+000  0.000000000000000E+000 -0.000000000000000E+000 -0.000000000000000E+000 -0.000000000000000E+000   0.804183880985431E-012  0.883884341877334E-012  0.334941093856837E-006
    116.16000000  0.000000000000000E+000  0.000000000000000E+000  0.000000000000000E+000 -0.000000000000000E+000 -0.000000000000000E+000 -0.000000000000000E+000  0.000000000000000E+000  0.000000000000000E+000  0.000000000000000E+000 -0.000000000000000E+000 -0.000000000000000E+000 -0.000000000000000E+000   0.811205494244671E-012  0.874912309394218E-012  0.283988482602430E-006
    116.24000000  0.000000000000000E+000  0.000000000000000E+000  0.000000000000000E+000 -0.000000000000000E+000 -0.000000000000000E+000 -0.000000000000000E+000  0.000000000000000E+000  0.000000000000000E+000  0.000000000000000E+000 -0.000000000000000E+000 -0.000000000000000E+000 -0.000000000000000E+000   0.817103642656364E-012  0.863784159437835E-012  0.232938553004296E-006
    116.32000000  0.000000000000000E+000  0.000000000000000E+000  0.000000000000000E+000 -0.000000000000000E+000 -0.000000000000000E+000 -0.000000000000000E+000  0.000000000000000E+000  0.000000000000000E+000  0.000000000000000E+000 -0.000000000000000E+000 -0.000000000000000E+000 -0.000000000000000E+000   0.821890652745904E-012  0.850422239541198E-012  0.181798142714028E-006
    116.40000000  0.000000000000000E+000  0.000000000000000E+000  0.000000000000000E+000 -0.000000000000000E+000 -0.000000000000000E+000 -0.000000000000000E+000  0.000000000000000E+000  0.000000000000000E+000  0.000000000000000E+000 -0.000000000000000E+000 -0.000000000000000E+000 -0.000000000000000E+000   0.825545216426982E-012  0.834856979394310E-012  0.130574161840893E-006
    116.48000000  0.000000000000000E+000  0.000000000000000E+000  0.000000000000000E+000 -0.000000000000000E+000 -0.000000000000000E+000 -0.000000000000000E+000  0.000000000000000E+000  0.000000000000000E+000  0.000000000000000E+000 -0.000000000000000E+000 -0.000000000000000E+000 -0.000000000000000E+000   0.827988702940931E-012  0.817236442866076E-012  0.792735930968230E-007
    116.56000000  0.000000000000000E+000  0.000000000000000E+000  0.000000000000000E+000 -0.000000000000000E+000 -0.000000000000000E+000 -0.000000000000000E+000  0.000000000000000E+000  0.000000000000000E+000  0.000000000000000E+000 -0.000000000000000E+000 -0.000000000000000E+000 -0.000000000000000E+000   0.829097991845073E-012  0.797815013651917E-012  0.279034917173783E-007
    116.64000000  0.000000000000000E+000  0.000000000000000E+000  0.000000000000000E+000 -0.000000000000000E+000 -0.000000000000000E+000 -0.000000000000000E+000  0.000000000000000E+000  0.000000000000000E+000  0.000000000000000E+000 -0.000000000000000E+000 -0.000000000000000E+000 -0.000000000000000E+000   0.828733270500785E-012  0.776915587738562E-012 -0.235290147332697E-007
    116.72000000  0.000000000000000E+000  0.000000000000000E+000  0.000000000000000E+000 -0.000000000000000E+000 -0.000000000000000E+000 -0.000000000000000E+000  0.000000000000000E+000  0.000000000000000E+000  0.000000000000000E+000 -0.000000000000000E+000 -0.000000000000000E+000 -0.000000000000000E+000   0.826784977266865E-012  0.754877286750392E-012 -0.750167266662372E-007
    116.80000000  0.000000000000000E+000  0.000000000000000E+000  0.000000000000000E+000 -0.000000000000000E+000 -0.000000000000000E+000 -0.000000000000000E+000  0.000000000000000E+000  0.000000000000000E+000  0.000000000000000E+000 -0.000000000000000E+000 -0.000000000000000E+000 -0.000000000000000E+000   0.823206859626883E-012  0.732008474098489E-012 -0.126552372794705E-006
    116.88000000  0.000000000000000E+000  0.000000000000000E+000  0.000000000000000E+000 -0.000000000000000E+000 -0.000000000000000E+000 -0.000000000000000E+000  0.000000000000000E+000  0.000000000000000E+000  0.000000000000000E+000 -0.000000000000000E+000 -0.000000000000000E+000 -0.000000000000000E+000   0.818058405143928E-012  0.708547680535119E-012 -0.178128610417195E-006
    116.96000000  0.000000000000000E+000  0.000000000000000E+000  0.000000000000000E+000 -0.000000000000000E+000 -0.000000000000000E+000 -0.000000000000000E+000  0.000000000000000E+000  0.000000000000000E+000  0.000000000000000E+000 -0.000000000000000E+000 -0.000000000000000E+000 -0.000000000000000E+000   0.811508426605982E-012  0.684661254547076E-012 -0.229738025605857E-006
    117.04000000  0.000000000000000E+000  0.000000000000000E+000  0.000000000000000E+000 -0.000000000000000E+000 -0.000000000000000E+000 -0.000000000000000E+000  0.000000000000000E+000  0.000000000000000E+000  0.000000000000000E+000 -0.000000000000000E+000 -0.000000000000000E+000 -0.000000000000000E+000   0.803817898754172E-012  0.660450812732003E-012 -0.281373133247053E-006
    117.12000000  0.000000000000000E+000  0.000000000000000E+000  0.000000000000000E+000 -0.000000000000000E+000 -0.000000000000000E+000 -0.000000000000000E+000  0.000000000000000E+000  0.000000000000000E+000  0.000000000000000E+000 -0.000000000000000E+000 -0.000000000000000E+000 -0.000000000000000E+000   0.795293102427907E-012  0.636003881827785E-012 -0.333026376965559E-006
    117.20000000  0.000000000000000E+000  0.000000000000000E+000  0.000000000000000E+000 -0.000000000000000E+000 -0.000000000000000E+000 -0.000000000000000E+000  0.000000000000000E+000  0.000000000000000E+000  0.000000000000000E+000 -0.000000000000000E+000 -0.000000000000000E+000 -0.000000000000000E+000   0.786236161856322E-012  0.611427860592678E-012 -0.384690128904507E-006
    117.28000000  0.000000000000000E+000  0.000000000000000E+000  0.000000000000000E+000 -0.000000000000000E+000 -0.000000000000000E+000 -0.000000000000000E+000  0.000000000000000E+000  0.000000000000000E+000  0.000000000000000E+000 -0.000000000000000E+000 -0.000000000000000E+000 -0.000000000000000E+000   0.776887122161107E-012  0.586895752557229E-012 -0.436356689455169E-006
    117.36000000  0.000000000000000E+000  0.000000000000000E+000  0.000000000000000E+000 -0.000000000000000E+000 -0.000000000000000E+000 -0.000000000000000E+000  0.000000000000000E+000  0.000000000000000E+000  0.000000000000000E+000 -0.000000000000000E+000 -0.000000000000000E+000 -0.000000000000000E+000   0.767380402075076E-012  0.562660807020140E-012 -0.488018286934372E-006
    117.44000000  0.000000000000000E+000  0.000000000000000E+000  0.000000000000000E+000 -0.000000000000000E+000 -0.000000000000000E+000 -0.000000000000000E+000  0.000000000000000E+000  0.000000000000000E+000  0.000000000000000E+000 -0.000000000000000E+000 -0.000000000000000E+000 -0.000000000000000E+000   0.757738659415853E-012  0.539041020478602E-012 -0.539667077325672E-006
    117.52000000  0.000000000000000E+000  0.000000000000000E+000  0.000000000000000E+000 -0.000000000000000E+000 -0.000000000000000E+000 -0.000000000000000E+000  0.000000000000000E+000  0.000000000000000E+000  0.000000000000000E+000 -0.000000000000000E+000 -0.000000000000000E+000 -0.000000000000000E+000   0.747891524442988E-012  0.516369573279673E-012 -0.591295144133543E-006
    117.60000000  0.000000000000000E+000  0.000000000000000E+000  0.000000000000000E+000 -0.000000000000000E+000 -0.000000000000000E+000 -0.000000000000000E+000  0.000000000000000E+000  0.000000000000000E+000  0.000000000000000E+000 -0.000000000000000E+000 -0.000000000000000E+000 -0.000000000000000E+000   0.737715860902525E-012  0.494934475699347E-012 -0.642894498498230E-006
    117.68000000  0.000000000000000E+000  0.000000000000000E+000  0.000000000000000E+000 -0.000000000000000E+000 -0.000000000000000E+000 -0.000000000000000E+000  0.000000000000000E+000  0.000000000000000E+000  0.000000000000000E+000 -0.000000000000000E+000 -0.000000000000000E+000 -0.000000000000000E+000   0.727100412083474E-012  0.474906897410470E-012 -0.694457079661673E-006
    117.76000000  0.000000000000000E+000  0.000000000000000E+000  0.000000000000000E+000 -0.000000000000000E+000 -0.000000000000000E+000 -0.000000000000000E+000  0.000000000000000E+000  0.000000000000000E+000  0.000000000000000E+000 -0.000000000000000E+000 -0.000000000000000E+000 -0.000000000000000E+000   0.716015100410567E-012  0.456302124408808E-012 -0.745974755927373E-006
    117.84000000  0.000000000000000E+000  0.000000000000000E+000  0.000000000000000E+000 -0.000000000000000E+000 -0.000000000000000E+000 -0.000000000000000E+000  0.000000000000000E+000  0.000000000000000E+000  0.000000000000000E+000 -0.000000000000000E+000 -0.000000000000000E+000 -0.000000000000000E+000   0.704540871363918E-012  0.438960863552816E-012 -0.797439326155028E-006
    117.92000000  0.000000000000000E+000  0.000000000000000E+000  0.000000000000000E+000 -0.000000000000000E+000 -0.000000000000000E+000 -0.000000000000000E+000  0.000000000000000E+000  0.000000000000000E+000  0.000000000000000E+000 -0.000000000000000E+000 -0.000000000000000E+000 -0.000000000000000E+000   0.692888279013204E-012  0.422591187133233E-012 -0.848842521826835E-006
    118.00000000  0.000000000000000E+000  0.000000000000000E+000  0.000000000000000E+000 -0.000000000000000E+000 -0.000000000000000E+000 -0.000000000000000E+000  0.000000000000000E+000  0.000000000000000E+000  0.000000000000000E+000 -0.000000000000000E+000 -0.000000000000000E+000 -0.000000000000000E+000   0.681368579983082E-012  0.406832061849968E-012 -0.900176009562510E-006
    118.08000000  0.000000000000000E+000  0.000000000000000E+000  0.000000000000000E+000 -0.000000000000000E+000 -0.000000000000000E+000 -0.000000000000000E+000  0.000000000000000E+000  0.000000000000000E+000  0.000000000000000E+000 -0.000000000000000E+000 -0.000000000000000E+000 -0.000000000000000E+000   0.670321352919266E-012  0.391324349497974E-012 -0.951431393982802E-006
    118.16000000  0.000000000000000E+000  0.000000000000000E+000  0.000000000000000E+000 -0.000000000000000E+000 -0.000000000000000E+000 -0.000000000000000E+000  0.000000000000000E+000  0.000000000000000E+000  0.000000000000000E+000 -0.000000000000000E+000 -0.000000000000000E+000 -0.000000000000000E+000   0.660040672351707E-012  0.375789929130520E-012 -0.100260022069156E-005
    118.24000000  0.000000000000000E+000  0.000000000000000E+000  0.000000000000000E+000 -0.000000000000000E+000 -0.000000000000000E+000 -0.000000000000000E+000  0.000000000000000E+000  0.000000000000000E+000  0.000000000000000E+000 -0.000000000000000E+000 -0.000000000000000E+000 -0.000000000000000E+000   0.650702038738592E-012  0.360070500956103E-012 -0.105367397920821E-005
    118.32000000  0.000000000000000E+000  0.000000000000000E+000  0.000000000000000E+000 -0.000000000000000E+000 -0.000000000000000E+000 -0.000000000000000E+000  0.000000000000000E+000  0.000000000000000E+000  0.000000000000000E+000 -0.000000000000000E+000 -0.000000000000000E+000 -0.000000000000000E+000   0.642308239383009E-012  0.344131120536371E-012 -0.110464410568845E-005
    118.40000000  0.000000000000000E+000  0.000000000000000E+000  0.000000000000000E+000 -0.000000000000000E+000 -0.000000000000000E+000 -0.000000000000000E+000  0.000000000000000E+000  0.000000000000000E+000  0.000000000000000E+000 -0.000000000000000E+000 -0.000000000000000E+000 -0.000000000000000E+000   0.634688261972010E-012  0.328030291370356E-012 -0.115550198530167E-005
    118.48000000  0.000000000000000E+000  0.000000000000000E+000  0.000000000000000E+000 -0.000000000000000E+000 -0.000000000000000E+000 -0.000000000000000E+000  0.000000000000000E+000  0.000000000000000E+000  0.000000000000000E+000 -0.000000000000000E+000 -0.000000000000000E+000 -0.000000000000000E+000   0.627535158078737E-012  0.311855727170621E-012 -0.120623895426225E-005
    118.56000000  0.000000000000000E+000  0.000000000000000E+000  0.000000000000000E+000 -0.000000000000000E+000 -0.000000000000000E+000 -0.000000000000000E+000  0.000000000000000E+000  0.000000000000000E+000  0.000000000000000E+000 -0.000000000000000E+000 -0.000000000000000E+000 -0.000000000000000E+000   0.620483054394095E-012  0.295647894528391E-012 -0.125684630154775E-005
    118.64000000  0.000000000000000E+000  0.000000000000000E+000  0.000000000000000E+000 -0.000000000000000E+000 -0.000000000000000E+000 -0.000000000000000E+000  0.000000000000000E+000  0.000000000000000E+000  0.000000000000000E+000 -0.000000000000000E+000 -0.000000000000000E+000 -0.000000000000000E+000   0.613201046642669E-012  0.279339527733880E-012 -0.130731527042607E-005
    118.72000000  0.000000000000000E+000  0.000000000000000E+000  0.000000000000000E+000 -0.000000000000000E+000 -0.000000000000000E+000 -0.000000000000000E+000  0.000000000000000E+000  0.000000000000000E+000  0.000000000000000E+000 -0.000000000000000E+000 -0.000000000000000E+000 -0.000000000000000E+000   0.605477936005849E-012  0.262736305382299E-012 -0.135763705996720E-005
    118.80000000  0.000000000000000E+000  0.000000000000000E+000  0.000000000000000E+000 -0.000000000000000E+000 -0.000000000000000E+000 -0.000000000000000E+000  0.000000000000000E+000  0.000000000000000E+000  0.000000000000000E+000 -0.000000000000000E+000 -0.000000000000000E+000 -0.000000000000000E+000   0.597274843545869E-012  0.245519470027153E-012 -0.140780282673039E-005
    118.88000000  0.000000000000000E+000  0.000000000000000E+000  0.000000000000000E+000 -0.000000000000000E+000 -0.000000000000000E+000 -0.000000000000000E+000  0.000000000000000E+000  0.000000000000000E+000  0.000000000000000E+000 -0.000000000000000E+000 -0.000000000000000E+000 -0.000000000000000E+000   0.588732587800036E-012  0.227302568093944E-012 -0.145780368679428E-005
    118.96000000  0.000000000000000E+000  0.000000000000000E+000  0.000000000000000E+000 -0.000000000000000E+000 -0.000000000000000E+000 -0.000000000000000E+000  0.000000000000000E+000  0.000000000000000E+000  0.000000000000000E+000 -0.000000000000000E+000 -0.000000000000000E+000 -0.000000000000000E+000   0.580128679349415E-012  0.207716395614539E-012 -0.150763071824521E-005
    119.04000000  0.000000000000000E+000  0.000000000000000E+000  0.000000000000000E+000 -0.000000000000000E+000 -0.000000000000000E+000 -0.000000000000000E+000  0.000000000000000E+000  0.000000000000000E+000  0.000000000000000E+000 -0.000000000000000E+000 -0.000000000000000E+000 -0.000000000000000E+000   0.571779889442354E-012  0.186490766646856E-012 -0.155727496414893E-005
    119.12000000  0.000000000000000E+000  0.000000000000000E+000  0.000000000000000E+000 -0.000000000000000E+000 -0.000000000000000E+000 -0.000000000000000E+000  0.000000000000000E+000  0.000000000000000E+000  0.000000000000000E+000 -0.000000000000000E+000 -0.000000000000000E+000 -0.000000000000000E+000   0.563950341523786E-012  0.163527072752334E-012 -0.160672743591899E-005
    119.20000000  0.000000000000000E+000  0.000000000000000E+000  0.000000000000000E+000 -0.000000000000000E+000 -0.000000000000000E+000 -0.000000000000000E+000  0.000000000000000E+000  0.000000000000000E+000  0.000000000000000E+000 -0.000000000000000E+000 -0.000000000000000E+000 -0.000000000000000E+000   0.556746352408551E-012  0.138920113607457E-012 -0.165597911700175E-005
    119.28000000  0.000000000000000E+000  0.000000000000000E+000  0.000000000000000E+000 -0.000000000000000E+000 -0.000000000000000E+000 -0.000000000000000E+000  0.000000000000000E+000  0.000000000000000E+000  0.000000000000000E+000 -0.000000000000000E+000 -0.000000000000000E+000 -0.000000000000000E+000   0.550060117766469E-012  0.112938136891952E-012 -0.170502096668441E-005
    119.36000000  0.000000000000000E+000  0.000000000000000E+000  0.000000000000000E+000 -0.000000000000000E+000 -0.000000000000000E+000 -0.000000000000000E+000  0.000000000000000E+000  0.000000000000000E+000  0.000000000000000E+000 -0.000000000000000E+000 -0.000000000000000E+000 -0.000000000000000E+000   0.543564117187377E-012  0.859539711220462E-013 -0.175384392394452E-005
    119.44000000  0.000000000000000E+000  0.000000000000000E+000  0.000000000000000E+000 -0.000000000000000E+000 -0.000000000000000E+000 -0.000000000000000E+000  0.000000000000000E+000  0.000000000000000E+000  0.000000000000000E+000 -0.000000000000000E+000 -0.000000000000000E+000 -0.000000000000000E+000   0.536770499096374E-012  0.583584423190578E-013 -0.180243891120434E-005
    119.52000000  0.000000000000000E+000  0.000000000000000E+000  0.000000000000000E+000 -0.000000000000000E+000 -0.000000000000000E+000 -0.000000000000000E+000  0.000000000000000E+000  0.000000000000000E+000  0.000000000000000E+000 -0.000000000000000E+000 -0.000000000000000E+000 -0.000000000000000E+000   0.529126283994447E-012  0.304686176281754E-013 -0.185079683800053E-005
    119.60000000  0.000000000000000E+000  0.000000000000000E+000  0.000000000000000E+000 -0.000000000000000E+000 -0.000000000000000E+000 -0.000000000000000E+000  0.000000000000000E+000  0.000000000000000E+000  0.000000000000000E+000 -0.000000000000000E+000 -0.000000000000000E+000 -0.000000000000000E+000   0.520145593956206E-012  0.246310178922520E-014 -0.189890860452666E-005
    119.68000000  0.000000000000000E+000  0.000000000000000E+000  0.000000000000000E+000 -0.000000000000000E+000 -0.000000000000000E+000 -0.000000000000000E+000  0.000000000000000E+000  0.000000000000000E+000  0.000000000000000E+000 -0.000000000000000E+000 -0.000000000000000E+000 -0.000000000000000E+000   0.509505835919001E-012 -0.256361601427089E-013 -0.194676510507689E-005
    119.76000000  0.000000000000000E+000  0.000000000000000E+000  0.000000000000000E+000 -0.000000000000000E+000 -0.000000000000000E+000 -0.000000000000000E+000  0.000000000000000E+000  0.000000000000000E+000  0.000000000000000E+000 -0.000000000000000E+000 -0.000000000000000E+000 -0.000000000000000E+000   0.497122933267000E-012 -0.539371230814432E-013 -0.199435723132691E-005
    119.84000000  0.000000000000000E+000  0.000000000000000E+000  0.000000000000000E+000 -0.000000000000000E+000 -0.000000000000000E+000 -0.000000000000000E+000  0.000000000000000E+000  0.000000000000000E+000  0.000000000000000E+000 -0.000000000000000E+000 -0.000000000000000E+000 -0.000000000000000E+000   0.483147851364787E-012 -0.826143086915390E-013 -0.204167587544240E-005
    119.92000000  0.000000000000000E+000  0.000000000000000E+000  0.000000000000000E+000 -0.000000000000000E+000 -0.000000000000000E+000 -0.000000000000000E+000  0.000000000000000E+000  0.000000000000000E+000  0.000000000000000E+000 -0.000000000000000E+000 -0.000000000000000E+000 -0.000000000000000E+000   0.467908162824850E-012 -0.111826699661282E-012 -0.208871193290165E-005
    120.00000000  0.000000000000000E+000  0.000000000000000E+000  0.000000000000000E+000 -0.000000000000000E+000 -0.000000000000000E+000 -0.000000000000000E+000  0.000000000000000E+000  0.000000000000000E+000  0.000000000000000E+000 -0.000000000000000E+000 -0.000000000000000E+000 -0.000000000000000E+000   0.451798191726350E-012 -0.141634967894051E-012 -0.213545630495911E-005
    120.08000000  0.000000000000000E+000  0.000000000000000E+000  0.000000000000000E+000 -0.000000000000000E+000 -0.000000000000000E+000 -0.000000000000000E+000  0.000000000000000E+000  0.000000000000000E+000  0.000000000000000E+000 -0.000000000000000E+000 -0.000000000000000E+000 -0.000000000000000E+000   0.435157399761710E-012 -0.171949159996683E-012 -0.218189990069069E-005
    120.16000000  0.000000000000000E+000  0.000000000000000E+000  0.000000000000000E+000 -0.000000000000000E+000 -0.000000000000000E+000 -0.000000000000000E+000  0.000000000000000E+000  0.000000000000000E+000  0.000000000000000E+000 -0.000000000000000E+000 -0.000000000000000E+000 -0.000000000000000E+000   0.418154620047704E-012 -0.202525219048479E-012 -0.222803363861484E-005
    120.24000000  0.000000000000000E+000  0.000000000000000E+000  0.000000000000000E+000 -0.000000000000000E+000 -0.000000000000000E+000 -0.000000000000000E+000  0.000000000000000E+000  0.000000000000000E+000  0.000000000000000E+000 -0.000000000000000E+000 -0.000000000000000E+000 -0.000000000000000E+000   0.400731256476364E-012 -0.232992961032817E-012 -0.227384844794504E-005
    120.32000000  0.000000000000000E+000  0.000000000000000E+000  0.000000000000000E+000 -0.000000000000000E+000 -0.000000000000000E+000 -0.000000000000000E+000  0.000000000000000E+000  0.000000000000000E+000  0.000000000000000E+000 -0.000000000000000E+000 -0.000000000000000E+000 -0.000000000000000E+000   0.382603594922805E-012 -0.262943987320111E-012 -0.231933526958554E-005
    120.40000000  0.000000000000000E+000  0.000000000000000E+000  0.000000000000000E+000 -0.000000000000000E+000 -0.000000000000000E+000 -0.000000000000000E+000  0.000000000000000E+000  0.000000000000000E+000  0.000000000000000E+000 -0.000000000000000E+000 -0.000000000000000E+000 -0.000000000000000E+000   0.363332831662767E-012 -0.292009122804095E-012 -0.236448505699503E-005
    120.48000000  0.000000000000000E+000  0.000000000000000E+000  0.000000000000000E+000 -0.000000000000000E+000 -0.000000000000000E+000 -0.000000000000000E+000  0.000000000000000E+000  0.000000000000000E+000  0.000000000000000E+000 -0.000000000000000E+000 -0.000000000000000E+000 -0.000000000000000E+000   0.342443774687550E-012 -0.319950668707086E-012 -0.240928877712279E-005
    120.56000000  0.000000000000000E+000  0.000000000000000E+000  0.000000000000000E+000 -0.000000000000000E+000 -0.000000000000000E+000 -0.000000000000000E+000  0.000000000000000E+000  0.000000000000000E+000  0.000000000000000E+000 -0.000000000000000E+000 -0.000000000000000E+000 -0.000000000000000E+000   0.319569347524814E-012 -0.346709072715035E-012 -0.245373741153359E-005
    120.64000000  0.000000000000000E+000  0.000000000000000E+000  0.000000000000000E+000 -0.000000000000000E+000 -0.000000000000000E+000 -0.000000000000000E+000  0.000000000000000E+000  0.000000000000000E+000  0.000000000000000E+000 -0.000000000000000E+000 -0.000000000000000E+000 -0.000000000000000E+000   0.294555052368870E-012 -0.372404076926765E-012 -0.249782195785959E-005
    120.72000000  0.000000000000000E+000  0.000000000000000E+000  0.000000000000000E+000 -0.000000000000000E+000 -0.000000000000000E+000 -0.000000000000000E+000  0.000000000000000E+000  0.000000000000000E+000  0.000000000000000E+000 -0.000000000000000E+000 -0.000000000000000E+000 -0.000000000000000E+000   0.267544398184638E-012 -0.397296107457025E-012 -0.254153343168040E-005
    120.80000000  0.000000000000000E+000  0.000000000000000E+000  0.000000000000000E+000 -0.000000000000000E+000 -0.000000000000000E+000 -0.000000000000000E+000  0.000000000000000E+000  0.000000000000000E+000  0.000000000000000E+000 -0.000000000000000E+000 -0.000000000000000E+000 -0.000000000000000E+000   0.238964651229231E-012 -0.421689643412030E-012 -0.258486286883506E-005
    120.88000000  0.000000000000000E+000  0.000000000000000E+000  0.000000000000000E+000 -0.000000000000000E+000 -0.000000000000000E+000 -0.000000000000000E+000  0.000000000000000E+000  0.000000000000000E+000  0.000000000000000E+000 -0.000000000000000E+000 -0.000000000000000E+000 -0.000000000000000E+000   0.209454090105636E-012 -0.445848010394423E-012 -0.262780132816632E-005
    120.96000000  0.000000000000000E+000  0.000000000000000E+000  0.000000000000000E+000 -0.000000000000000E+000 -0.000000000000000E+000 -0.000000000000000E+000  0.000000000000000E+000  0.000000000000000E+000  0.000000000000000E+000 -0.000000000000000E+000 -0.000000000000000E+000 -0.000000000000000E+000   0.179739261528154E-012 -0.469913918773912E-012 -0.267033989460622E-005
    121.04000000  0.000000000000000E+000  0.000000000000000E+000  0.000000000000000E+000 -0.000000000000000E+000 -0.000000000000000E+000 -0.000000000000000E+000  0.000000000000000E+000  0.000000000000000E+000  0.000000000000000E+000 -0.000000000000000E+000 -0.000000000000000E+000 -0.000000000000000E+000   0.150479703999317E-012 -0.493865223972097E-012 -0.271246968249908E-005
    121.12000000  0.000000000000000E+000  0.000000000000000E+000  0.000000000000000E+000 -0.000000000000000E+000 -0.000000000000000E+000 -0.000000000000000E+000  0.000000000000000E+000  0.000000000000000E+000  0.000000000000000E+000 -0.000000000000000E+000 -0.000000000000000E+000 -0.000000000000000E+000   0.122151547663871E-012 -0.517524514122513E-012 -0.275418183904040E-005
    121.20000000  0.000000000000000E+000  0.000000000000000E+000  0.000000000000000E+000 -0.000000000000000E+000 -0.000000000000000E+000 -0.000000000000000E+000  0.000000000000000E+000  0.000000000000000E+000  0.000000000000000E+000 -0.000000000000000E+000 -0.000000000000000E+000 -0.000000000000000E+000   0.949658964727363E-013 -0.540605139472311E-012 -0.279546754769947E-005
    121.28000000  0.000000000000000E+000  0.000000000000000E+000  0.000000000000000E+000 -0.000000000000000E+000 -0.000000000000000E+000 -0.000000000000000E+000  0.000000000000000E+000  0.000000000000000E+000  0.000000000000000E+000 -0.000000000000000E+000 -0.000000000000000E+000 -0.000000000000000E+000   0.688801332494066E-013 -0.562798217598812E-012 -0.283631803156109E-005
    121.36000000  0.000000000000000E+000  0.000000000000000E+000  0.000000000000000E+000 -0.000000000000000E+000 -0.000000000000000E+000 -0.000000000000000E+000  0.000000000000000E+000  0.000000000000000E+000  0.000000000000000E+000 -0.000000000000000E+000 -0.000000000000000E+000 -0.000000000000000E+000   0.436695985041339E-013 -0.583851124878319E-012 -0.287672455656127E-005
    121.44000000  0.000000000000000E+000  0.000000000000000E+000  0.000000000000000E+000 -0.000000000000000E+000 -0.000000000000000E+000 -0.000000000000000E+000  0.000000000000000E+000  0.000000000000000E+000  0.000000000000000E+000 -0.000000000000000E+000 -0.000000000000000E+000 -0.000000000000000E+000   0.190445833775211E-013 -0.603641599445846E-012 -0.291667843457383E-005
    121.52000000  0.000000000000000E+000  0.000000000000000E+000  0.000000000000000E+000 -0.000000000000000E+000 -0.000000000000000E+000 -0.000000000000000E+000  0.000000000000000E+000  0.000000000000000E+000  0.000000000000000E+000 -0.000000000000000E+000 -0.000000000000000E+000 -0.000000000000000E+000  -0.520867312959166E-014 -0.622209586120325E-012 -0.295617102638959E-005
    121.60000000  0.000000000000000E+000  0.000000000000000E+000  0.000000000000000E+000 -0.000000000000000E+000 -0.000000000000000E+000 -0.000000000000000E+000  0.000000000000000E+000  0.000000000000000E+000  0.000000000000000E+000 -0.000000000000000E+000 -0.000000000000000E+000 -0.000000000000000E+000  -0.291161487020355E-013 -0.639748862197676E-012 -0.299519374462637E-005
    121.68000000  0.000000000000000E+000  0.000000000000000E+000  0.000000000000000E+000 -0.000000000000000E+000 -0.000000000000000E+000 -0.000000000000000E+000  0.000000000000000E+000  0.000000000000000E+000  0.000000000000000E+000 -0.000000000000000E+000 -0.000000000000000E+000 -0.000000000000000E+000  -0.524641997958856E-013 -0.656553023853837E-012 -0.303373805657118E-005
    121.76000000  0.000000000000000E+000  0.000000000000000E+000  0.000000000000000E+000 -0.000000000000000E+000 -0.000000000000000E+000 -0.000000000000000E+000  0.000000000000000E+000  0.000000000000000E+000  0.000000000000000E+000 -0.000000000000000E+000 -0.000000000000000E+000 -0.000000000000000E+000  -0.748147063365861E-013 -0.672936182026267E-012 -0.307179548701259E-005
    121.84000000  0.000000000000000E+000  0.000000000000000E+000  0.000000000000000E+000 -0.000000000000000E+000 -0.000000000000000E+000 -0.000000000000000E+000  0.000000000000000E+000  0.000000000000000E+000  0.000000000000000E+000 -0.000000000000000E+000 -0.000000000000000E+000 -0.000000000000000E+000  -0.956028007490812E-013 -0.689152429532998E-012 -0.310935762107549E-005
    121.92000000  0.000000000000000E+000  0.000000000000000E+000  0.000000000000000E+000 -0.000000000000000E+000 -0.000000000000000E+000 -0.000000000000000E+000  0.000000000000000E+000  0.000000000000000E+000  0.000000000000000E+000 -0.000000000000000E+000 -0.000000000000000E+000 -0.000000000000000E+000  -0.114252922263416E-012 -0.705322724184733E-012 -0.314641610713062E-005
    122.00000000  0.000000000000000E+000  0.000000000000000E+000  0.000000000000000E+000 -0.000000000000000E+000 -0.000000000000000E+000 -0.000000000000000E+000  0.000000000000000E+000  0.000000000000000E+000  0.000000000000000E+000 -0.000000000000000E+000 -0.000000000000000E+000 -0.000000000000000E+000  -0.130338043297539E-012 -0.721410573292379E-012 -0.318296265983708E-005
    122.08000000  0.000000000000000E+000  0.000000000000000E+000  0.000000000000000E+000 -0.000000000000000E+000 -0.000000000000000E+000 -0.000000000000000E+000  0.000000000000000E+000  0.000000000000000E+000  0.000000000000000E+000 -0.000000000000000E+000 -0.000000000000000E+000 -0.000000000000000E+000  -0.143686311532793E-012 -0.737243891885560E-012 -0.321898906337515E-005
    122.16000000  0.000000000000000E+000  0.000000000000000E+000  0.000000000000000E+000 -0.000000000000000E+000 -0.000000000000000E+000 -0.000000000000000E+000  0.000000000000000E+000  0.000000000000000E+000  0.000000000000000E+000 -0.000000000000000E+000 -0.000000000000000E+000 -0.000000000000000E+000  -0.154439561193103E-012 -0.752566800973362E-012 -0.325448717494005E-005
    122.24000000  0.000000000000000E+000  0.000000000000000E+000  0.000000000000000E+000 -0.000000000000000E+000 -0.000000000000000E+000 -0.000000000000000E+000  0.000000000000000E+000  0.000000000000000E+000  0.000000000000000E+000 -0.000000000000000E+000 -0.000000000000000E+000 -0.000000000000000E+000  -0.163035142368705E-012 -0.767127814340477E-012 -0.328944892854691E-005
    122.32000000  0.000000000000000E+000  0.000000000000000E+000  0.000000000000000E+000 -0.000000000000000E+000 -0.000000000000000E+000 -0.000000000000000E+000  0.000000000000000E+000  0.000000000000000E+000  0.000000000000000E+000 -0.000000000000000E+000 -0.000000000000000E+000 -0.000000000000000E+000  -0.170123233032400E-012 -0.780757996975205E-012 -0.332386633916754E-005
    122.40000000  0.000000000000000E+000  0.000000000000000E+000  0.000000000000000E+000 -0.000000000000000E+000 -0.000000000000000E+000 -0.000000000000000E+000  0.000000000000000E+000  0.000000000000000E+000  0.000000000000000E+000 -0.000000000000000E+000 -0.000000000000000E+000 -0.000000000000000E+000  -0.176425798140421E-012 -0.793430503580004E-012 -0.335773150720062E-005
    122.48000000  0.000000000000000E+000  0.000000000000000E+000  0.000000000000000E+000 -0.000000000000000E+000 -0.000000000000000E+000 -0.000000000000000E+000  0.000000000000000E+000  0.000000000000000E+000  0.000000000000000E+000 -0.000000000000000E+000 -0.000000000000000E+000 -0.000000000000000E+000  -0.182606377453456E-012 -0.805285959192208E-012 -0.339103662329546E-005
    122.56000000  0.000000000000000E+000  0.000000000000000E+000  0.000000000000000E+000 -0.000000000000000E+000 -0.000000000000000E+000 -0.000000000000000E+000  0.000000000000000E+000  0.000000000000000E+000  0.000000000000000E+000 -0.000000000000000E+000 -0.000000000000000E+000 -0.000000000000000E+000  -0.189142485983749E-012 -0.816588596680862E-012 -0.342377397345428E-005
    122.64000000  0.000000000000000E+000  0.000000000000000E+000  0.000000000000000E+000 -0.000000000000000E+000 -0.000000000000000E+000 -0.000000000000000E+000  0.000000000000000E+000  0.000000000000000E+000  0.000000000000000E+000 -0.000000000000000E+000 -0.000000000000000E+000 -0.000000000000000E+000  -0.196276849241691E-012 -0.827681312049159E-012 -0.345593594437330E-005
    122.72000000  0.000000000000000E+000  0.000000000000000E+000  0.000000000000000E+000 -0.000000000000000E+000 -0.000000000000000E+000 -0.000000000000000E+000  0.000000000000000E+000  0.000000000000000E+000  0.000000000000000E+000 -0.000000000000000E+000 -0.000000000000000E+000 -0.000000000000000E+000  -0.204027806306254E-012 -0.838897778303618E-012 -0.348751502889543E-005
    122.80000000  0.000000000000000E+000  0.000000000000000E+000  0.000000000000000E+000 -0.000000000000000E+000 -0.000000000000000E+000 -0.000000000000000E+000  0.000000000000000E+000  0.000000000000000E+000  0.000000000000000E+000 -0.000000000000000E+000 -0.000000000000000E+000 -0.000000000000000E+000  -0.212264734658061E-012 -0.850488182122776E-012 -0.351850383142359E-005
    122.88000000  0.000000000000000E+000  0.000000000000000E+000  0.000000000000000E+000 -0.000000000000000E+000 -0.000000000000000E+000 -0.000000000000000E+000  0.000000000000000E+000  0.000000000000000E+000  0.000000000000000E+000 -0.000000000000000E+000 -0.000000000000000E+000 -0.000000000000000E+000  -0.220821192699435E-012 -0.862564127563874E-012 -0.354889507312829E-005
    122.96000000  0.000000000000000E+000  0.000000000000000E+000  0.000000000000000E+000 -0.000000000000000E+000 -0.000000000000000E+000 -0.000000000000000E+000  0.000000000000000E+000  0.000000000000000E+000  0.000000000000000E+000 -0.000000000000000E+000 -0.000000000000000E+000 -0.000000000000000E+000  -0.229613816577086E-012 -0.875087039617114E-012 -0.357868159675988E-005
    123.04000000  0.000000000000000E+000  0.000000000000000E+000  0.000000000000000E+000 -0.000000000000000E+000 -0.000000000000000E+000 -0.000000000000000E+000  0.000000000000000E+000  0.000000000000000E+000  0.000000000000000E+000 -0.000000000000000E+000 -0.000000000000000E+000 -0.000000000000000E+000  -0.238734650286975E-012 -0.887887309910977E-012 -0.360785637094781E-005
    123.12000000  0.000000000000000E+000  0.000000000000000E+000  0.000000000000000E+000 -0.000000000000000E+000 -0.000000000000000E+000 -0.000000000000000E+000  0.000000000000000E+000  0.000000000000000E+000  0.000000000000000E+000 -0.000000000000000E+000 -0.000000000000000E+000 -0.000000000000000E+000  -0.248480261020158E-012 -0.900721437680320E-012 -0.363641249391019E-005
    123.20000000  0.000000000000000E+000  0.000000000000000E+000  0.000000000000000E+000 -0.000000000000000E+000 -0.000000000000000E+000 -0.000000000000000E+000  0.000000000000000E+000  0.000000000000000E+000  0.000000000000000E+000 -0.000000000000000E+000 -0.000000000000000E+000 -0.000000000000000E+000  -0.259317223385848E-012 -0.913347178027521E-012 -0.366434319656955E-005
    123.28000000  0.000000000000000E+000  0.000000000000000E+000  0.000000000000000E+000 -0.000000000000000E+000 -0.000000000000000E+000 -0.000000000000000E+000  0.000000000000000E+000  0.000000000000000E+000  0.000000000000000E+000 -0.000000000000000E+000 -0.000000000000000E+000 -0.000000000000000E+000  -0.271801103658934E-012 -0.925590701972739E-012 -0.369164184516737E-005
    123.36000000  0.000000000000000E+000  0.000000000000000E+000  0.000000000000000E+000 -0.000000000000000E+000 -0.000000000000000E+000 -0.000000000000000E+000  0.000000000000000E+000  0.000000000000000E+000  0.000000000000000E+000 -0.000000000000000E+000 -0.000000000000000E+000 -0.000000000000000E+000  -0.286458136680949E-012 -0.937405449056012E-012 -0.371830194346705E-005
    123.44000000  0.000000000000000E+000  0.000000000000000E+000  0.000000000000000E+000 -0.000000000000000E+000 -0.000000000000000E+000 -0.000000000000000E+000  0.000000000000000E+000  0.000000000000000E+000  0.000000000000000E+000 -0.000000000000000E+000 -0.000000000000000E+000 -0.000000000000000E+000  -0.303652658804023E-012 -0.948860937467332E-012 -0.374431713464233E-005
    123.52000000  0.000000000000000E+000  0.000000000000000E+000  0.000000000000000E+000 -0.000000000000000E+000 -0.000000000000000E+000 -0.000000000000000E+000  0.000000000000000E+000  0.000000000000000E+000  0.000000000000000E+000 -0.000000000000000E+000 -0.000000000000000E+000 -0.000000000000000E+000  -0.323508409620543E-012 -0.960134698285207E-012 -0.376968120294107E-005
    123.60000000  0.000000000000000E+000  0.000000000000000E+000  0.000000000000000E+000 -0.000000000000000E+000 -0.000000000000000E+000 -0.000000000000000E+000  0.000000000000000E+000  0.000000000000000E+000  0.000000000000000E+000 -0.000000000000000E+000 -0.000000000000000E+000 -0.000000000000000E+000  -0.345866753537504E-012 -0.971433806344428E-012 -0.379438807513201E-005
    123.68000000  0.000000000000000E+000  0.000000000000000E+000  0.000000000000000E+000 -0.000000000000000E+000 -0.000000000000000E+000 -0.000000000000000E+000  0.000000000000000E+000  0.000000000000000E+000  0.000000000000000E+000 -0.000000000000000E+000 -0.000000000000000E+000 -0.000000000000000E+000  -0.370314923494066E-012 -0.982923904145513E-012 -0.381843182174663E-005
    123.76000000  0.000000000000000E+000  0.000000000000000E+000  0.000000000000000E+000 -0.000000000000000E+000 -0.000000000000000E+000 -0.000000000000000E+000  0.000000000000000E+000  0.000000000000000E+000  0.000000000000000E+000 -0.000000000000000E+000 -0.000000000000000E+000 -0.000000000000000E+000  -0.396262815854746E-012 -0.994664347239898E-012 -0.384180665810835E-005
    123.84000000  0.000000000000000E+000  0.000000000000000E+000  0.000000000000000E+000 -0.000000000000000E+000 -0.000000000000000E+000 -0.000000000000000E+000  0.000000000000000E+000  0.000000000000000E+000  0.000000000000000E+000 -0.000000000000000E+000 -0.000000000000000E+000 -0.000000000000000E+000  -0.423056498345746E-012 -0.100656282409470E-011 -0.386450694518956E-005
    123.92000000  0.000000000000000E+000  0.000000000000000E+000  0.000000000000000E+000 -0.000000000000000E+000 -0.000000000000000E+000 -0.000000000000000E+000  0.000000000000000E+000  0.000000000000000E+000  0.000000000000000E+000 -0.000000000000000E+000 -0.000000000000000E+000 -0.000000000000000E+000  -0.450092610952241E-012 -0.101837777421490E-011 -0.388652719037453E-005
    124.00000000  0.000000000000000E+000  0.000000000000000E+000  0.000000000000000E+000 -0.000000000000000E+000 -0.000000000000000E+000 -0.000000000000000E+000  0.000000000000000E+000  0.000000000000000E+000  0.000000000000000E+000 -0.000000000000000E+000 -0.000000000000000E+000 -0.000000000000000E+000  -0.476902049510923E-012 -0.102975134136416E-011 -0.390786204827995E-005
    124.08000000  0.000000000000000E+000  0.000000000000000E+000  0.000000000000000E+000 -0.000000000000000E+000 -0.000000000000000E+000 -0.000000000000000E+000  0.000000000000000E+000  0.000000000000000E+000  0.000000000000000E+000 -0.000000000000000E+000 -0.000000000000000E+000 -0.000000000000000E+000  -0.503197335557004E-012 -0.104027529355876E-011 -0.392850632183031E-005
    124.16000000  0.000000000000000E+000  0.000000000000000E+000  0.000000000000000E+000 -0.000000000000000E+000 -0.000000000000000E+000 -0.000000000000000E+000  0.000000000000000E+000  0.000000000000000E+000  0.000000000000000E+000 -0.000000000000000E+000 -0.000000000000000E+000 -0.000000000000000E+000  -0.528845665618126E-012 -0.104956920483615E-011 -0.394845496374816E-005
    124.24000000  0.000000000000000E+000  0.000000000000000E+000  0.000000000000000E+000 -0.000000000000000E+000 -0.000000000000000E+000 -0.000000000000000E+000  0.000000000000000E+000  0.000000000000000E+000  0.000000000000000E+000 -0.000000000000000E+000 -0.000000000000000E+000 -0.000000000000000E+000  -0.553822959614234E-012 -0.105734299464632E-011 -0.396770307859449E-005
    124.32000000  0.000000000000000E+000  0.000000000000000E+000  0.000000000000000E+000 -0.000000000000000E+000 -0.000000000000000E+000 -0.000000000000000E+000  0.000000000000000E+000  0.000000000000000E+000  0.000000000000000E+000 -0.000000000000000E+000 -0.000000000000000E+000 -0.000000000000000E+000  -0.578116221173729E-012 -0.106343963010810E-011 -0.398624592539778E-005
    124.40000000  0.000000000000000E+000  0.000000000000000E+000  0.000000000000000E+000 -0.000000000000000E+000 -0.000000000000000E+000 -0.000000000000000E+000  0.000000000000000E+000  0.000000000000000E+000  0.000000000000000E+000 -0.000000000000000E+000 -0.000000000000000E+000 -0.000000000000000E+000  -0.601648651889811E-012 -0.106784731349561E-011 -0.400407892078301E-005
    124.48000000  0.000000000000000E+000  0.000000000000000E+000  0.000000000000000E+000 -0.000000000000000E+000 -0.000000000000000E+000 -0.000000000000000E+000  0.000000000000000E+000  0.000000000000000E+000  0.000000000000000E+000 -0.000000000000000E+000 -0.000000000000000E+000 -0.000000000000000E+000  -0.624226922954814E-012 -0.107067400147949E-011 -0.402119764243424E-005
    124.56000000  0.000000000000000E+000  0.000000000000000E+000  0.000000000000000E+000 -0.000000000000000E+000 -0.000000000000000E+000 -0.000000000000000E+000  0.000000000000000E+000  0.000000000000000E+000  0.000000000000000E+000 -0.000000000000000E+000 -0.000000000000000E+000 -0.000000000000000E+000  -0.645521233871370E-012 -0.107209287327119E-011 -0.403759783264276E-005
    124.64000000  0.000000000000000E+000  0.000000000000000E+000  0.000000000000000E+000 -0.000000000000000E+000 -0.000000000000000E+000 -0.000000000000000E+000  0.000000000000000E+000  0.000000000000000E+000  0.000000000000000E+000 -0.000000000000000E+000 -0.000000000000000E+000 -0.000000000000000E+000  -0.665106466708892E-012 -0.107227659233320E-011 -0.405327540165129E-005
    124.72000000  0.000000000000000E+000  0.000000000000000E+000  0.000000000000000E+000 -0.000000000000000E+000 -0.000000000000000E+000 -0.000000000000000E+000  0.000000000000000E+000  0.000000000000000E+000  0.000000000000000E+000 -0.000000000000000E+000 -0.000000000000000E+000 -0.000000000000000E+000  -0.682527797150186E-012 -0.107134083826887E-011 -0.406822643060908E-005
    124.80000000  0.000000000000000E+000  0.000000000000000E+000  0.000000000000000E+000 -0.000000000000000E+000 -0.000000000000000E+000 -0.000000000000000E+000  0.000000000000000E+000  0.000000000000000E+000  0.000000000000000E+000 -0.000000000000000E+000 -0.000000000000000E+000 -0.000000000000000E+000  -0.697388368801295E-012 -0.106929672490336E-011 -0.408244717388418E-005
    124.88000000  0.000000000000000E+000  0.000000000000000E+000  0.000000000000000E+000 -0.000000000000000E+000 -0.000000000000000E+000 -0.000000000000000E+000  0.000000000000000E+000  0.000000000000000E+000  0.000000000000000E+000 -0.000000000000000E+000 -0.000000000000000E+000 -0.000000000000000E+000  -0.709421906126166E-012 -0.106605966288358E-011 -0.409593406075273E-005
    124.96000000  0.000000000000000E+000  0.000000000000000E+000  0.000000000000000E+000 -0.000000000000000E+000 -0.000000000000000E+000 -0.000000000000000E+000  0.000000000000000E+000  0.000000000000000E+000  0.000000000000000E+000 -0.000000000000000E+000 -0.000000000000000E+000 -0.000000000000000E+000  -0.718555238026793E-012 -0.106147031088121E-011 -0.410868369639598E-005
    125.04000000  0.000000000000000E+000  0.000000000000000E+000  0.000000000000000E+000 -0.000000000000000E+000 -0.000000000000000E+000 -0.000000000000000E+000  0.000000000000000E+000  0.000000000000000E+000  0.000000000000000E+000 -0.000000000000000E+000 -0.000000000000000E+000 -0.000000000000000E+000  -0.724919286683985E-012 -0.105534721737281E-011 -0.412069286238959E-005
    125.12000000  0.000000000000000E+000  0.000000000000000E+000  0.000000000000000E+000 -0.000000000000000E+000 -0.000000000000000E+000 -0.000000000000000E+000  0.000000000000000E+000  0.000000000000000E+000  0.000000000000000E+000 -0.000000000000000E+000 -0.000000000000000E+000 -0.000000000000000E+000  -0.728825293413063E-012 -0.104756137535043E-011 -0.413195851681060E-005
    125.20000000  0.000000000000000E+000  0.000000000000000E+000  0.000000000000000E+000 -0.000000000000000E+000 -0.000000000000000E+000 -0.000000000000000E+000  0.000000000000000E+000  0.000000000000000E+000  0.000000000000000E+000 -0.000000000000000E+000 -0.000000000000000E+000 -0.000000000000000E+000  -0.730706316921635E-012 -0.103808760748126E-011 -0.414247779419753E-005
    125.28000000  0.000000000000000E+000  0.000000000000000E+000  0.000000000000000E+000 -0.000000000000000E+000 -0.000000000000000E+000 -0.000000000000000E+000  0.000000000000000E+000  0.000000000000000E+000  0.000000000000000E+000 -0.000000000000000E+000 -0.000000000000000E+000 -0.000000000000000E+000  -0.731047212923182E-012 -0.102703358558189E-011 -0.415224800554053E-005
    125.36000000  0.000000000000000E+000  0.000000000000000E+000  0.000000000000000E+000 -0.000000000000000E+000 -0.000000000000000E+000 -0.000000000000000E+000  0.000000000000000E+000  0.000000000000000E+000  0.000000000000000E+000 -0.000000000000000E+000 -0.000000000000000E+000 -0.000000000000000E+000  -0.730302224733040E-012 -0.101464408109235E-011 -0.416126663848961E-005
    125.44000000  0.000000000000000E+000  0.000000000000000E+000  0.000000000000000E+000 -0.000000000000000E+000 -0.000000000000000E+000 -0.000000000000000E+000  0.000000000000000E+000  0.000000000000000E+000  0.000000000000000E+000 -0.000000000000000E+000 -0.000000000000000E+000 -0.000000000000000E+000  -0.728843925377202E-012 -0.100126497935198E-011 -0.416953135783510E-005
    125.52000000  0.000000000000000E+000  0.000000000000000E+000  0.000000000000000E+000 -0.000000000000000E+000 -0.000000000000000E+000 -0.000000000000000E+000  0.000000000000000E+000  0.000000000000000E+000  0.000000000000000E+000 -0.000000000000000E+000 -0.000000000000000E+000 -0.000000000000000E+000  -0.726945944143540E-012 -0.987294314569730E-012 -0.417704000632561E-005
    125.60000000  0.000000000000000E+000  0.000000000000000E+000  0.000000000000000E+000 -0.000000000000000E+000 -0.000000000000000E+000 -0.000000000000000E+000  0.000000000000000E+000  0.000000000000000E+000  0.000000000000000E+000 -0.000000000000000E+000 -0.000000000000000E+000 -0.000000000000000E+000  -0.724778741205004E-012 -0.973107810232209E-012 -0.418379060573640E-005
    125.68000000  0.000000000000000E+000  0.000000000000000E+000  0.000000000000000E+000 -0.000000000000000E+000 -0.000000000000000E+000 -0.000000000000000E+000  0.000000000000000E+000  0.000000000000000E+000  0.000000000000000E+000 -0.000000000000000E+000 -0.000000000000000E+000 -0.000000000000000E+000  -0.722455441513548E-012 -0.959014854472138E-012 -0.418978135811430E-005
    125.76000000  0.000000000000000E+000  0.000000000000000E+000  0.000000000000000E+000 -0.000000000000000E+000 -0.000000000000000E+000 -0.000000000000000E+000  0.000000000000000E+000  0.000000000000000E+000  0.000000000000000E+000 -0.000000000000000E+000 -0.000000000000000E+000 -0.000000000000000E+000  -0.720083033737997E-012 -0.945205972731839E-012 -0.419501064709620E-005
    125.84000000  0.000000000000000E+000  0.000000000000000E+000  0.000000000000000E+000 -0.000000000000000E+000 -0.000000000000000E+000 -0.000000000000000E+000  0.000000000000000E+000  0.000000000000000E+000  0.000000000000000E+000 -0.000000000000000E+000 -0.000000000000000E+000 -0.000000000000000E+000  -0.717798073894893E-012 -0.931742193797906E-012 -0.419947703922287E-005
    125.92000000  0.000000000000000E+000  0.000000000000000E+000  0.000000000000000E+000 -0.000000000000000E+000 -0.000000000000000E+000 -0.000000000000000E+000  0.000000000000000E+000  0.000000000000000E+000  0.000000000000000E+000 -0.000000000000000E+000 -0.000000000000000E+000 -0.000000000000000E+000  -0.715797669186275E-012 -0.918575174300137E-012 -0.420317928520225E-005
    126.00000000  0.000000000000000E+000  0.000000000000000E+000  0.000000000000000E+000 -0.000000000000000E+000 -0.000000000000000E+000 -0.000000000000000E+000  0.000000000000000E+000  0.000000000000000E+000  0.000000000000000E+000 -0.000000000000000E+000 -0.000000000000000E+000 -0.000000000000000E+000  -0.714343718685818E-012 -0.905577166862695E-012 -0.420611632116638E-005
    126.08000000  0.000000000000000E+000  0.000000000000000E+000  0.000000000000000E+000 -0.000000000000000E+000 -0.000000000000000E+000 -0.000000000000000E+000  0.000000000000000E+000  0.000000000000000E+000  0.000000000000000E+000 -0.000000000000000E+000 -0.000000000000000E+000 -0.000000000000000E+000  -0.713729453655115E-012 -0.892598530504068E-012 -0.420828726995719E-005
    126.16000000  0.000000000000000E+000  0.000000000000000E+000  0.000000000000000E+000 -0.000000000000000E+000 -0.000000000000000E+000 -0.000000000000000E+000  0.000000000000000E+000  0.000000000000000E+000  0.000000000000000E+000 -0.000000000000000E+000 -0.000000000000000E+000 -0.000000000000000E+000  -0.714239182773436E-012 -0.879518410563342E-012 -0.420969144249445E-005
    126.24000000  0.000000000000000E+000  0.000000000000000E+000  0.000000000000000E+000 -0.000000000000000E+000 -0.000000000000000E+000 -0.000000000000000E+000  0.000000000000000E+000  0.000000000000000E+000  0.000000000000000E+000 -0.000000000000000E+000 -0.000000000000000E+000 -0.000000000000000E+000  -0.716107787147679E-012 -0.866281718276382E-012 -0.421032833925779E-005
    126.32000000  0.000000000000000E+000  0.000000000000000E+000  0.000000000000000E+000 -0.000000000000000E+000 -0.000000000000000E+000 -0.000000000000000E+000  0.000000000000000E+000  0.000000000000000E+000  0.000000000000000E+000 -0.000000000000000E+000 -0.000000000000000E+000 -0.000000000000000E+000  -0.719454401773644E-012 -0.852921476132413E-012 -0.421019765184078E-005
    126.40000000  0.000000000000000E+000  0.000000000000000E+000  0.000000000000000E+000 -0.000000000000000E+000 -0.000000000000000E+000 -0.000000000000000E+000  0.000000000000000E+000  0.000000000000000E+000  0.000000000000000E+000 -0.000000000000000E+000 -0.000000000000000E+000 -0.000000000000000E+000  -0.724278944583252E-012 -0.839536955890907E-012 -0.420929926449880E-005
    126.48000000  0.000000000000000E+000  0.000000000000000E+000  0.000000000000000E+000 -0.000000000000000E+000 -0.000000000000000E+000 -0.000000000000000E+000  0.000000000000000E+000  0.000000000000000E+000  0.000000000000000E+000 -0.000000000000000E+000 -0.000000000000000E+000 -0.000000000000000E+000  -0.730446797069396E-012 -0.826263725237816E-012 -0.420763325558099E-005
    126.56000000  0.000000000000000E+000  0.000000000000000E+000  0.000000000000000E+000 -0.000000000000000E+000 -0.000000000000000E+000 -0.000000000000000E+000  0.000000000000000E+000  0.000000000000000E+000  0.000000000000000E+000 -0.000000000000000E+000 -0.000000000000000E+000 -0.000000000000000E+000  -0.737698407506302E-012 -0.813224808995207E-012 -0.420519989870052E-005
    126.64000000  0.000000000000000E+000  0.000000000000000E+000  0.000000000000000E+000 -0.000000000000000E+000 -0.000000000000000E+000 -0.000000000000000E+000  0.000000000000000E+000  0.000000000000000E+000  0.000000000000000E+000 -0.000000000000000E+000 -0.000000000000000E+000 -0.000000000000000E+000  -0.745711516123099E-012 -0.800476975687666E-012 -0.420199966353589E-005
    126.72000000  0.000000000000000E+000  0.000000000000000E+000  0.000000000000000E+000 -0.000000000000000E+000 -0.000000000000000E+000 -0.000000000000000E+000  0.000000000000000E+000  0.000000000000000E+000  0.000000000000000E+000 -0.000000000000000E+000 -0.000000000000000E+000 -0.000000000000000E+000  -0.754120732984159E-012 -0.787977941430466E-012 -0.419803321622292E-005
    126.80000000  0.000000000000000E+000  0.000000000000000E+000  0.000000000000000E+000 -0.000000000000000E+000 -0.000000000000000E+000 -0.000000000000000E+000  0.000000000000000E+000  0.000000000000000E+000  0.000000000000000E+000 -0.000000000000000E+000 -0.000000000000000E+000 -0.000000000000000E+000  -0.762588294478517E-012 -0.775572361133997E-012 -0.419330141926362E-005
    126.88000000  0.000000000000000E+000  0.000000000000000E+000  0.000000000000000E+000 -0.000000000000000E+000 -0.000000000000000E+000 -0.000000000000000E+000  0.000000000000000E+000  0.000000000000000E+000  0.000000000000000E+000 -0.000000000000000E+000 -0.000000000000000E+000 -0.000000000000000E+000  -0.770822656383236E-012 -0.763007430474200E-012 -0.418780533098522E-005
    126.96000000  0.000000000000000E+000  0.000000000000000E+000  0.000000000000000E+000 -0.000000000000000E+000 -0.000000000000000E+000 -0.000000000000000E+000  0.000000000000000E+000  0.000000000000000E+000  0.000000000000000E+000 -0.000000000000000E+000 -0.000000000000000E+000 -0.000000000000000E+000  -0.778592436653155E-012 -0.749957895826565E-012 -0.418154620459219E-005
    127.04000000  0.000000000000000E+000  0.000000000000000E+000  0.000000000000000E+000 -0.000000000000000E+000 -0.000000000000000E+000 -0.000000000000000E+000  0.000000000000000E+000  0.000000000000000E+000  0.000000000000000E+000 -0.000000000000000E+000 -0.000000000000000E+000 -0.000000000000000E+000  -0.785731938326672E-012 -0.736082872232345E-012 -0.417452548686201E-005
    127.12000000  0.000000000000000E+000  0.000000000000000E+000  0.000000000000000E+000 -0.000000000000000E+000 -0.000000000000000E+000 -0.000000000000000E+000  0.000000000000000E+000  0.000000000000000E+000  0.000000000000000E+000 -0.000000000000000E+000 -0.000000000000000E+000 -0.000000000000000E+000  -0.792105198686766E-012 -0.721082305485441E-012 -0.416674481659449E-005
    127.20000000  0.000000000000000E+000  0.000000000000000E+000  0.000000000000000E+000 -0.000000000000000E+000 -0.000000000000000E+000 -0.000000000000000E+000  0.000000000000000E+000  0.000000000000000E+000  0.000000000000000E+000 -0.000000000000000E+000 -0.000000000000000E+000 -0.000000000000000E+000  -0.797591602751476E-012 -0.704744866010453E-012 -0.415820602294501E-005
    127.28000000  0.000000000000000E+000  0.000000000000000E+000  0.000000000000000E+000 -0.000000000000000E+000 -0.000000000000000E+000 -0.000000000000000E+000  0.000000000000000E+000  0.000000000000000E+000  0.000000000000000E+000 -0.000000000000000E+000 -0.000000000000000E+000 -0.000000000000000E+000  -0.802051153417225E-012 -0.686983715989630E-012 -0.414891112376150E-005
    127.36000000  0.000000000000000E+000  0.000000000000000E+000  0.000000000000000E+000 -0.000000000000000E+000 -0.000000000000000E+000 -0.000000000000000E+000  0.000000000000000E+000  0.000000000000000E+000  0.000000000000000E+000 -0.000000000000000E+000 -0.000000000000000E+000 -0.000000000000000E+000  -0.805317996613487E-012 -0.667846858976103E-012 -0.413886232410701E-005
    127.44000000  0.000000000000000E+000  0.000000000000000E+000  0.000000000000000E+000 -0.000000000000000E+000 -0.000000000000000E+000 -0.000000000000000E+000  0.000000000000000E+000  0.000000000000000E+000  0.000000000000000E+000 -0.000000000000000E+000 -0.000000000000000E+000 -0.000000000000000E+000  -0.807208370361905E-012 -0.647493116533669E-012 -0.412806201501330E-005
    127.52000000  0.000000000000000E+000  0.000000000000000E+000  0.000000000000000E+000 -0.000000000000000E+000 -0.000000000000000E+000 -0.000000000000000E+000  0.000000000000000E+000  0.000000000000000E+000  0.000000000000000E+000 -0.000000000000000E+000 -0.000000000000000E+000 -0.000000000000000E+000  -0.807536737052097E-012 -0.626149931188625E-012 -0.411651277255849E-005
    127.60000000  0.000000000000000E+000  0.000000000000000E+000  0.000000000000000E+000 -0.000000000000000E+000 -0.000000000000000E+000 -0.000000000000000E+000  0.000000000000000E+000  0.000000000000000E+000  0.000000000000000E+000 -0.000000000000000E+000 -0.000000000000000E+000 -0.000000000000000E+000  -0.806147923510770E-012 -0.604050733676488E-012 -0.410421735717734E-005
    127.68000000  0.000000000000000E+000  0.000000000000000E+000  0.000000000000000E+000 -0.000000000000000E+000 -0.000000000000000E+000 -0.000000000000000E+000  0.000000000000000E+000  0.000000000000000E+000  0.000000000000000E+000 -0.000000000000000E+000 -0.000000000000000E+000 -0.000000000000000E+000  -0.802946474269709E-012 -0.581384133262827E-012 -0.409117871309352E-005
    127.76000000  0.000000000000000E+000  0.000000000000000E+000  0.000000000000000E+000 -0.000000000000000E+000 -0.000000000000000E+000 -0.000000000000000E+000  0.000000000000000E+000  0.000000000000000E+000  0.000000000000000E+000 -0.000000000000000E+000 -0.000000000000000E+000 -0.000000000000000E+000  -0.797922874199988E-012 -0.558243393922019E-012 -0.407739996769813E-005
    127.84000000  0.000000000000000E+000  0.000000000000000E+000  0.000000000000000E+000 -0.000000000000000E+000 -0.000000000000000E+000 -0.000000000000000E+000  0.000000000000000E+000  0.000000000000000E+000  0.000000000000000E+000 -0.000000000000000E+000 -0.000000000000000E+000 -0.000000000000000E+000  -0.791160498197698E-012 -0.534617764484468E-012 -0.406288443074151E-005
    127.92000000  0.000000000000000E+000  0.000000000000000E+000  0.000000000000000E+000 -0.000000000000000E+000 -0.000000000000000E+000 -0.000000000000000E+000  0.000000000000000E+000  0.000000000000000E+000  0.000000000000000E+000 -0.000000000000000E+000 -0.000000000000000E+000 -0.000000000000000E+000  -0.782845172491857E-012 -0.510407926007827E-012 -0.404763559324969E-005
    128.00000000  0.000000000000000E+000  0.000000000000000E+000  0.000000000000000E+000 -0.000000000000000E+000 -0.000000000000000E+000 -0.000000000000000E+000  0.000000000000000E+000  0.000000000000000E+000  0.000000000000000E+000 -0.000000000000000E+000 -0.000000000000000E+000 -0.000000000000000E+000  -0.773226966054795E-012 -0.485466876990734E-012 -0.403165712620409E-005
