# xc field only; Ac_tot and E_tot in rt.data remain classical
# time [a.u.] Axc/c xyz [a.u.] Exc xyz [a.u.]
# extra columns: alpha_used K_estimate P_xyz (all atomic units); K held below field floor
  8.0000000000000002E-002  2.2686587586345479E-015  3.8795199691632478E-016  3.5259362623537611E-016 -5.3707281456672590E-014 -7.3474409186057798E-015  1.5326601308585535E-012  1.0000000000000000E+000  0.0000000000000000E+000 -5.3707281456672590E-014 -7.3474409186057798E-015  1.5326601308585535E-012
  1.6000000000000000E-001  8.5931650330676143E-015  1.1755905469769248E-015 -2.4522562093736856E-013 -1.0153904470223654E-013 -1.0028401679996767E-014  9.5469585651739974E-012  1.0000000000000000E+000  0.0000000000000000E+000 -1.0153904470223654E-013 -1.0028401679996767E-014  9.5469585651739974E-012
  2.3999999999999999E-001  1.8514905910992397E-014  1.9924962657158075E-015 -1.5271607768016042E-012 -1.4388105569612033E-013 -8.2321602414691359E-015  3.1298734265938700E-011  1.0000000000000000E+000  0.0000000000000000E+000 -1.4388105569612033E-013 -8.2321602414691359E-015  3.1298734265938700E-011
  3.2000000000000001E-001  3.1614133944446867E-014  2.4927361856119867E-015 -5.2530231034875606E-012 -1.8127691221547127E-013 -2.3889921937714905E-015  7.4943848420379882E-011  1.0000000000000000E+000  0.0000000000000000E+000 -1.8127691221547127E-013 -2.3889921937714897E-015  7.4943848420379882E-011
  4.0000000000000002E-001  4.7519211865467799E-014  2.3747350167192459E-015 -1.3518176524062386E-011 -2.1435633476362301E-013  6.8622979818992843E-015  1.4950470115878814E-010  1.0000000000000000E+000  0.0000000000000000E+000 -2.1435633476362298E-013  6.8622979818992843E-015  1.4950470115878814E-010
  4.7999999999999998E-001  6.5911147506626550E-014  1.3947685085081012E-015 -2.9173775288893665E-011 -2.4380177521119813E-013  1.8776746510028103E-014  2.6483791681881787E-010  1.0000000000000000E+000  0.0000000000000000E+000 -2.4380177521119813E-013  1.8776746510028103E-014  2.6483791681881787E-010
  5.6000000000000005E-001  8.6527495899259504E-014 -6.2954442488525048E-016 -5.5892243215073250E-011 -2.7035487202541524E-013  3.2609569050559435E-014  4.3160388401054162E-010  1.0000000000000000E+000  0.0000000000000000E+000 -2.7035487202541529E-013  3.2609569050559435E-014  4.3160388401054157E-010
  6.4000000000000001E-001  1.0916792703069299E-013 -3.8227625395814085E-015 -9.8230396730580330E-011 -2.9482922395860674E-013  4.7660246587868350E-014  6.6123821682836373E-010  1.0000000000000000E+000  0.0000000000000000E+000 -2.9482922395860674E-013  4.7660246587868350E-014  6.6123821682836373E-010
  7.1999999999999997E-001  1.3370017173263658E-013 -8.2551838789441872E-015 -1.6169035790761145E-010 -3.1809460623299145E-013  6.3243507331831749E-014  9.6592484649182363E-010  1.0000000000000000E+000  0.0000000000000000E+000 -3.1809460623299140E-013  6.3243507331831762E-014  9.6592484649182363E-010
  8.0000000000000004E-001  1.6006306402797162E-013 -1.3941723712674490E-014 -2.5277837216927212E-010 -3.4103005470333330E-013  7.8637561766192562E-014  1.3585703555348918E-009  1.0000000000000000E+000  0.0000000000000000E+000 -3.4103005470333320E-013  7.8637561766192562E-014  1.3585703555348918E-009
  8.8000000000000000E-001  1.8826498048516991E-013 -2.0837193761534997E-014 -3.7906161479319413E-010 -3.6447857504791671E-013  9.3070189734609223E-014  1.8527792083072916E-009  1.0000000000000000E+000  0.0000000000000000E+000 -3.6447857504791671E-013  9.3070189734609210E-014  1.8527792083072922E-009
  9.5999999999999996E-001  2.1837963603563830E-013 -2.8832954070211965E-014 -5.4922304549843878E-010 -3.8923753930725984E-013  1.0576144469465829E-013  2.4628295837490849E-009  1.0000000000000000E+000  0.0000000000000000E+000 -3.8923753930725974E-013  1.0576144469465829E-013  2.4628295837490853E-009
  1.0400000000000000E+000  2.5054298677433149E-013 -3.7759024912680324E-014 -7.7311434819304770E-010 -4.1608504590079375E-013  1.1598897900689766E-013  3.2036495251198304E-009  1.0000000000000000E+000  0.0000000000000000E+000 -4.1608504590079355E-013  1.1598897900689768E-013  3.2036495251198312E-009
  1.1200000000000001E+000  2.8495324337976530E-013 -4.7391190711315589E-014 -1.0618069695176117E-009 -4.4580358534091151E-013  1.2312754019526328E-013  4.0907931268324828E-009  1.0000000000000000E+000  0.0000000000000000E+000 -4.4580358534091131E-013  1.2312754019526328E-013  4.0907931268324837E-009
  1.2000000000000000E+000  3.2187156042887734E-013 -5.7459431343922450E-014 -1.4276412484862450E-009 -4.7915654767002233E-013  1.2664720612694396E-013  5.1404165337262526E-009  1.0000000000000000E+000  0.0000000000000000E+000 -4.7915654767002223E-013  1.2664720612694388E-013  5.1404165337262518E-009
  1.2800000000000000E+000  3.6161829100696887E-013 -6.7654743691626622E-014 -1.8842736149138121E-009 -5.1680847129940439E-013  1.2609826780078987E-013  6.3692536446632338E-009  1.0000000000000000E+000  0.0000000000000000E+000 -5.1680847129940460E-013  1.2609826780078980E-013  6.3692536446632321E-009
  1.3600000000000001E+000  4.0456091583678203E-013 -7.7635154192048831E-014 -2.4467218316323624E-009 -5.5922645099430058E-013  1.2112277493593647E-013  7.7945915455319171E-009  1.0000000000000000E+000  0.0000000000000000E+000 -5.5922645099430058E-013  1.2112277493593640E-013  7.7945915455319138E-009
  1.4399999999999999E+000  4.5109452316605696E-013 -8.7034387681376456E-014 -3.1314082621989188E-009 -6.0661813624676890E-013  1.1150220016965639E-013  9.4342457797107477E-009  1.0000000000000000E+000  0.0000000000000000E+000 -6.0661813624676869E-013  1.1150220016965638E-013  9.4342457797107444E-009
  1.5200000000000000E+000  5.0161981763626505E-013 -9.5475506219193852E-014 -3.9562011563860821E-009 -6.5893456480794448E-013  9.7211549690434618E-014  1.1306535569102841E-008  1.0000000000000000E+000  0.0000000000000000E+000 -6.5893456480794448E-013  9.7211549690434694E-014  1.1306535569102841E-008
  1.6000000000000001E+000  5.5652405353532809E-013 -1.0258823563184600E-013 -4.9404539532553733E-009 -7.1592053977054520E-013  7.8439649975712833E-014  1.3430259045865267E-008  1.0000000000000000E+000  0.0000000000000000E+000 -7.1592053977054580E-013  7.8439649975712870E-014  1.3430259045865271E-008
  1.6799999999999999E+000  6.1616710399955229E-013 -1.0802585021530791E-013 -6.1050426037245249E-009 -7.7716822949252877E-013  5.5562379241806718E-014  1.5824668496748644E-008  1.0000000000000000E+000  0.0000000000000000E+000 -7.7716822949252968E-013  5.5562379241806661E-014  1.5824668496748647E-008
  1.7600000000000000E+000  6.8087097025413268E-013 -1.1147821631053507E-013 -7.4724009127351563E-009 -8.4214169504105006E-013  2.9092762451136122E-014  1.8509445588059493E-008  1.0000000000000000E+000  0.0000000000000000E+000 -8.4214169504105087E-013  2.9092762451136009E-014  1.8509445588059499E-008
  1.8400000000000001E+000  7.5090977520612029E-013 -1.1268069220748969E-013 -9.0665538978140440E-009 -9.1017785371690865E-013 -3.5837244710499003E-016  2.1504676528252235E-008  1.0000000000000000E+000  0.0000000000000000E+000 -9.1017785371690926E-013 -3.5837244710501399E-016  2.1504676528252235E-008
  1.9199999999999999E+000  8.2649942684883807E-013 -1.1142087671899827E-013 -1.0913149157255514E-008 -9.8049448804595835E-013 -3.2100579167380507E-014  2.4830827120177501E-008  1.0000000000000000E+000  0.0000000000000000E+000 -9.8049448804595855E-013 -3.2100579167380412E-014  2.4830827120177505E-008
  2.0000000000000000E+000  9.0778889329347363E-013 -1.0754459954070880E-013 -1.3039486237042444E-008 -1.0522275520816215E-012 -6.5377924297839032E-014  2.8508717643096901E-008  1.0000000000000000E+000  0.0000000000000000E+000 -1.0522275520816213E-012 -6.5377924297838981E-014  2.8508717643096924E-008
  2.0800000000000001E+000  9.9485583518189750E-013 -1.0096040883134403E-013 -1.5474543980151019E-008 -1.1244900341061242E-012 -9.9400991061131169E-014  3.2559497492138408E-008  1.0000000000000000E+000  0.0000000000000000E+000 -1.1244900341061240E-012 -9.9400991061131207E-014  3.2559497492138415E-008
  2.1600000000000001E+000  1.0877072987504535E-012 -9.1640440970927816E-014 -1.8249005835784590E-008 -1.1964201562134053E-012 -1.3339540614567330E-013  3.7004619505433322E-008  1.0000000000000000E+000  0.0000000000000000E+000 -1.1964201562134057E-012 -1.3339540614567333E-013  3.7004619505433322E-008
  2.2400000000000002E+000  1.1862830601760424E-012 -7.9617143848036299E-014 -2.1395283101020350E-008 -1.2671934415094142E-012 -1.6663920251718038E-013  4.1865813922973669E-008  1.0000000000000000E+000  0.0000000000000000E+000 -1.2671934415094148E-012 -1.6663920251718033E-013  4.1865813922973682E-008
  2.3199999999999998E+000  1.2904582493919598E-012 -6.4978168568178954E-014 -2.4947536063460377E-008 -1.3360029937896882E-012 -1.9846479475471292E-013  4.7165061930994918E-008  1.0000000000000000E+000  0.0000000000000000E+000 -1.3360029937896882E-012 -1.9846479475471287E-013  4.7165061930994925E-008
  2.3999999999999999E+000  1.4000435391823925E-012 -4.7862776687282230E-014 -2.8941693009979537E-008 -1.4020366132740573E-012 -2.2823224955195105E-013  5.2924568741812715E-008  1.0000000000000000E+000  0.0000000000000000E+000 -1.4020366132740579E-012 -2.2823224955195105E-013  5.2924568741812722E-008
  2.4800000000000000E+000  1.5147841075158090E-012 -2.8461008639866784E-014 -3.3415467062150412E-008 -1.4644795557807121E-012 -2.5530899740334140E-013  5.9166736146480834E-008  1.0000000000000000E+000  0.0000000000000000E+000 -1.4644795557807131E-012 -2.5530899740334140E-013  5.9166736146480834E-008
  2.5600000000000001E+000  1.6343602681073064E-012 -7.0133371027476035E-015 -3.8408370793416471E-008 -1.5225505596801897E-012 -2.7908885741082371E-013  6.5914134479422144E-008  1.0000000000000000E+000  0.0000000000000000E+000 -1.5225505596801899E-012 -2.7908885741082366E-013  6.5914134479422157E-008
  2.6400000000000001E+000  1.7583921970646393E-012  1.6193208545865005E-014 -4.3961728578857955E-008 -1.5755554944374626E-012 -2.9904813373357380E-013  7.3189473964954892E-008  1.0000000000000000E+000  0.0000000000000000E+000 -1.5755554944374643E-012 -2.9904813373357380E-013  7.3189473964954905E-008
  2.7200000000000002E+000  1.8864491472173004E-012  4.0834364294624204E-014 -5.0118686627809253E-008 -1.6229360825192960E-012 -3.1480261645309784E-013  8.1015575465975267E-008  1.0000000000000000E+000  0.0000000000000000E+000 -1.6229360825192962E-012 -3.1480261645309789E-013  8.1015575465975280E-008
  2.8000000000000003E+000  2.0180619702677267E-012  6.6561627178360668E-014 -5.6924220653413998E-008 -1.6643031702360258E-012 -3.2612919103762704E-013  8.9415340695138737E-008  1.0000000000000000E+000  0.0000000000000000E+000 -1.6643031702360248E-012 -3.2612919103762704E-013  8.9415340695138763E-008
  2.8799999999999999E+000  2.1527376544550646E-012  9.3015034860644536E-014 -6.4425141139031450E-008 -1.5715672090679880E-012 -3.0793575114892011E-013  9.0820353415623515E-008  9.0028924567026569E-001  3.5254135284452958E-004 -1.6994559095568312E-012 -3.3294835839298048E-013  9.8411721955826324E-008
  2.9600000000000000E+000  2.2695127237186048E-012  1.1583134736218789E-013 -7.1455477199913762E-008 -1.5071642916719909E-012 -2.9230564803091832E-013  9.4384947648948391E-008  8.9529747556490502E-001  3.7225446899715467E-004 -1.7283675421512423E-012 -3.3529304204481808E-013  1.0802633421027650E-007
  3.0400000000000000E+000  2.3938839411225831E-012  1.3978393854559147E-013 -7.9526732762863193E-008 -1.5588979758694965E-012 -2.9671053278041990E-013  1.0529085204328295E-007  8.9014101942475143E-001  3.9285010846678317E-004 -1.7512090375865299E-012 -3.3331124194431353E-013  1.1828106143326018E-007
  3.1200000000000001E+000  2.5189363998577242E-012  1.6330503260705507E-013 -8.8302013526839035E-008 -1.5647771607218619E-012 -2.8961694167247953E-013  1.1432521918642799E-007  8.8484994409101203E-001  4.1423296046088753E-004 -1.7683389116353027E-012 -3.2729071675224510E-013  1.2919895096229303E-007
  3.2000000000000002E+000  2.6442482868380810E-012  1.8612264921318820E-013 -9.7818767832691673E-008 -1.5656399188600188E-012 -2.7937605497688191E-013  1.2382896137433243E-007  8.7942358183419134E-001  4.3642980169758647E-004 -1.7802305587693317E-012 -3.1766570555114219E-013  1.4080252897287883E-007
  3.2800000000000002E+000  2.7694387868753272E-012  2.0800520140335618E-013 -1.0811464734673222E-007 -1.5620318146385870E-012 -2.6652957783987077E-013  1.3380485218683738E-007  8.7386137743008985E-001  4.5946841948419189E-004 -1.7874325800877398E-012 -3.0498758826033455E-013  1.5311418261079938E-007
  3.3599999999999999E+000  2.8941733771802549E-012  2.2876738166756752E-013 -1.1922754418258566E-007 -1.5545407814728898E-012 -2.5165088762414964E-013  1.4425526730346894E-007  8.6816287364333666E-001  4.8337773889450862E-004 -1.7905363374024766E-012 -2.8985224425101841E-013  1.6615612393783119E-007
  3.4399999999999999E+000  3.0181653119109896E-012  2.4826934342322012E-013 -1.3119549011528725E-007 -1.5437702857180580E-012 -2.3527610264291744E-013  1.5518129592901700E-007  8.6232770539342352E-001  5.0818792151514306E-004 -1.7901625973633507E-012 -2.7282553225981350E-013  1.7995035384725072E-007
  3.5200000000000000E+000  3.1411766228951442E-012  2.6641155809043431E-013 -1.4405655153122838E-007 -1.5303324836467894E-012 -2.1787825112714259E-013  1.6658268849691845E-007  8.5635559562412866E-001  5.3393046348343019E-004 -1.7869554815095189E-012 -2.5441306753040355E-013  1.9451862588693345E-007
  3.6000000000000001E+000  3.2630185092944759E-012  2.8312986360356294E-013 -1.5784872027479421E-007 -1.5148338082762388E-012 -1.9988889412826742E-013  1.7845780688149073E-007  8.5024635383593095E-001  5.6063828855055402E-004 -1.7815673329454453E-012 -2.3508439452260598E-013  2.0988240999868067E-007
  3.6800000000000002E+000  3.3835500322193425E-012  2.9839378115095710E-013 -1.7260980063226689E-007 -1.4978516048576784E-012 -1.8173551591186830E-013  1.9080357760683028E-007  8.4399987610742655E-001  5.8834584087761070E-004 -1.7746323867320761E-012 -2.1531673708014825E-013  2.2606285617368923E-007
  3.7600000000000002E+000  3.5026747660717045E-012  3.1220754614946187E-013 -1.8837729269188705E-007 -1.4799149103494630E-012 -1.6385445523451493E-013  2.0361544806181363E-007  8.3761614546849683E-001  6.1708918260043328E-004 -1.7667442198971388E-012 -1.9561146448011170E-013  2.4308075805384755E-007
  3.8399999999999999E+000  3.6203364178752566E-012  3.2461049398847949E-013 -2.0518827232215707E-007 -1.4615035214977884E-012 -1.4666451244999721E-013  2.1688734591001031E-007  8.3109523260772555E-001  6.4690609661950725E-004 -1.7584541005164775E-012 -1.7646407806652531E-013  2.6095651652540394E-007
  3.9199999999999999E+000  3.7365153295113506E-012  3.3567386814146142E-013 -2.2307926803748870E-007 -1.4430637426735834E-012 -1.3052282805147289E-013  2.3061164223123102E-007  8.2443729810997501E-001  6.7783618942089750E-004 -1.7502893558355878E-012 -1.5831134187819453E-013  2.7971010332823073E-007
  4.0000000000000000E+000  3.8512266167030299E-012  3.4549414647671516E-013 -2.4208613507915404E-007 -1.4250195648478032E-012 -1.1569833562005132E-013  2.4477911909987046E-007  8.1764259712267173E-001  7.0992098942645153E-004 -1.7427669348457187E-012 -1.4149725676048263E-013  2.9936102465787541E-007
  4.0800000000000001E+000  3.9645184598869991E-012  3.5418560184066964E-013 -2.6224392709346797E-007 -1.4077559439899732E-012 -1.0237719861040393E-013  2.5937894210017240E-007  8.1071148617981637E-001  7.4320404135285096E-004 -1.7363731889172484E-012 -1.2627654692860242E-013  3.1992828471178958E-007
  4.1600000000000001E+000  4.0764675677414256E-012  3.6187449825437979E-013 -2.8358676581518163E-007 -1.3915714620921236E-012 -9.0682054882542626E-014  2.7439863787882305E-007  8.0364443073620162E-001  7.7773100283487875E-004 -1.7315044942028045E-012 -1.1283523010376179E-013  3.4143034914977094E-007
  4.2400000000000002E+000  4.1871698938217389E-012  3.6869473062187646E-013 -3.0614770915407966E-007 -1.3766250168268506E-012 -8.0676435699329820E-014  2.8982407653522572E-007  7.9644201178566487E-001  8.1354975128740056E-004 -1.7283971080935131E-012 -1.0129345756067666E-013  3.6388510849200200E-007
  4.3200000000000003E+000  4.2967275704337217E-012  3.7478272796627256E-013 -3.2995861806081775E-007 -1.3629112965691079E-012 -7.2343711311771744E-014  3.0563945873958366E-007  7.8910493094248690E-001  8.5071050497988123E-004 -1.7270893607200623E-012 -9.1676084774695985E-014  3.8730984152660096E-007
  4.4000000000000004E+000  4.4052357012727962E-012  3.8026972443175993E-013 -3.5505002255241304E-007 -1.3502822933745803E-012 -6.5559881991510995E-014  3.2182730774927649E-007  7.8163401417814482E-001  8.8926595865266678E-004 -1.7274401175403685E-012 -8.3873554391231556E-014  4.1172117881773638E-007
  4.4800000000000004E+000  4.5127727373736546E-012  3.8527230908491432E-013 -3.8145098730070199E-007 -1.3385000199774567E-012 -6.0091733180172596E-014  3.3836846678313852E-007  7.7403021512890258E-001  9.2927143020271065E-004 -1.7291880742459616E-012 -7.7632988852381927E-014  4.3713506639284854E-007
  4.5600000000000005E+000  4.6193957044691892E-012  3.8988440174058755E-013 -4.0918897723771521E-007 -1.3272865666017981E-012 -5.5632883383773526E-014  3.5524210224422400E-007  7.6629461841722202E-001  9.7078501694044432E-004 -1.7320106823670250E-012 -7.2597797055211504E-014  4.6356672966504491E-007
  4.6399999999999997E+000  4.7251385880299423E-012  3.9417357042631808E-013 -4.3828972365977783E-007 -1.3163458563308975E-012 -5.1859321442064697E-014  3.7242571308210224E-007  7.5842844307454860E-001  1.0138677615842439E-003 -1.7355491429433657E-012 -6.8375015975765040E-014  4.9103063763742777E-007
  4.7199999999999998E+000  4.8300110414821328E-012  3.9818189317131790E-013 -4.6877709133085157E-007 -1.3053589605956533E-012 -4.8471963440605221E-014  3.8989514652323548E-007  7.5043304605211258E-001  1.0585838286880406E-003 -1.7393996654756827E-012 -6.4589390452575233E-014  5.1954046743512252E-007
  4.7999999999999998E+000  4.9339960217252468E-012  4.0192908457681492E-013 -5.0067294710349551E-007 -1.2939782238395022E-012 -4.5206762103235456E-014  4.0762462045103628E-007  7.4230992594378920E-001  1.1050006914461816E-003 -1.7431024973054179E-012 -6.0897241668401879E-014  5.4910906920845728E-007
  4.8799999999999999E+000  5.0370475572964532E-012  4.0541497510783557E-013 -5.3399703060301738E-007 -1.2818426913935782E-012 -4.1821049908459955E-014  4.2558675292135486E-007  7.3406072739644190E-001  1.1531893266443808E-003 -1.7461591022159223E-012 -5.6969016213542107E-014  5.7974843143566680E-007
  4.9600000000000000E+000  5.1390908523482193E-012  4.0862045256216851E-013 -5.6876682757091228E-007 -1.2686137991571730E-012 -3.8081481342011029E-014  4.4375259934593942E-007  7.2568724642277194E-001  1.2032244165837344E-003 -1.7480782704465718E-012 -5.2472937802827792E-014  6.1146964663298581E-007
  5.0400000000000000E+000  5.2400257651616009E-012  4.1150801212255734E-013 -6.0499744649836769E-007 -1.2540091239640701E-012 -3.3769688347354361E-014  4.6209169766010214E-007  7.1719143646669858E-001  1.2551845587222997E-003 -1.7484226870031569E-012 -4.7082218906609336E-014  6.4428287747163457E-007
  5.1200000000000001E+000  5.3397323121824705E-012  4.1402360269774521E-013 -6.4270149919652863E-007 -1.2378106125880510E-012 -2.8700457389763482E-014  4.8057212153180157E-007  7.0857541473380126E-001  1.3091524859367527E-003 -1.7468229434852038E-012 -4.0500434404470697E-014  6.7819732331036574E-007
  5.2000000000000002E+000  5.4380754631756890E-012  4.1610008530491950E-013 -6.8188898594345595E-007 -1.2198443394150474E-012 -2.2733749951618758E-014  4.9916054154501386E-007  6.9984146837253980E-001  1.3652153002824195E-003 -1.7429521458803548E-012 -3.2480019620283975E-014  7.1322118717114364E-007
  5.2800000000000002E+000  5.5349074064888781E-012  4.1766100269000421E-013 -7.2256718584373084E-007 -1.1999519224138548E-012 -1.5769552349677525E-014  5.1782229437063454E-007  6.9099206033078009E-001  1.4234647219956717E-003 -1.7364867516258681E-012 -2.2817477114599393E-014  7.4936164320029413E-007
  5.3600000000000003E+000  5.6300677707619058E-012  4.1862321368086790E-013 -7.6474055304275748E-007 -1.1779801477854809E-012 -7.7340231678568752E-015  5.3652146016564470E-007  6.8202983511031179E-001  1.4839973529824776E-003 -1.7270911586786264E-012 -1.1335643604417950E-014  7.8662480465731726E-007
  5.4400000000000004E+000  5.7233842301345550E-012  4.1889844639686131E-013 -8.0841061947023399E-007 -1.1537995126497679E-012  1.4250067295631553E-015  5.5522094846356574E-007  6.7295762447014551E-001  1.5469149549222881E-003 -1.7144440052782853E-012  2.1214407726171434E-015  8.2501569246665184E-007
  5.5200000000000005E+000  5.8146756927858686E-012  4.1839521260413780E-013 -8.5357590479692800E-007 -1.1273392534899096E-012  1.1724496061347918E-014  5.7388259253650483E-007  6.6377845287783332E-001  1.6123247437905637E-003 -1.6982914466983723E-012  1.7666862931033175E-014  8.6453820437156745E-007
  5.6000000000000005E+000  5.9037585106929406E-012  4.1702252702704564E-013 -9.0023183427607476E-007 -1.0986153025964799E-012  2.3124063754850752E-014  5.9246725198385359E-007  6.5449554238803065E-001  1.6803397037233900E-003 -1.6784942219784686E-012  3.5334172914762076E-014  9.0519508474515192E-007
  5.6799999999999997E+000  5.9904541412013054E-012  4.1469536240336168E-013 -9.4837066511434457E-007 -1.0677347785552627E-012  3.5514406384457175E-014  6.1093492320951476E-007  6.4511231668204105E-001  1.7510789232171146E-003 -1.6550426985645287E-012  5.5053754132425287E-014  9.4698789513439768E-007
  5.7599999999999998E+000  6.0745960752617826E-012  4.1134022200553249E-013 -9.9798142198959713E-007 -1.0348788970625305E-012  4.8727147371253745E-014  6.2924485775701191E-007  6.3563240453355641E-001  1.8246679529671814E-003 -1.6280396750453812E-012  7.6660551389796665E-014  9.8991698561980930E-007
  5.8399999999999999E+000  6.1560347647313103E-012  4.0689901882396108E-013 -1.0490498423554665E-006 -1.0002786327981049E-012  6.2559622054135150E-014  6.4735568874611672E-007  6.2605964301257355E-001  1.9012391838488668E-003 -1.5976703757170608E-012  9.9926066509064183E-014  1.0339814670612352E-006
  5.9199999999999999E+000  6.2346406565094794E-012  4.0133068247687087E-013 -1.1015583321889758E-006 -9.6419607484737491E-013  7.6797775979324973E-014  6.6522556563177190E-007  6.1639808073713609E-001  1.9809322429171776E-003 -1.5641791058026419E-012  1.2459007570968963E-013  1.0791791842839128E-006
  6.0000000000000000E+000  6.3103061367068903E-012  3.9461137466726908E-013 -1.1554859328565500E-006 -9.2691429875608918E-013  9.1227301882350900E-014  6.8281229727003885E-007  6.0665198113587526E-001  2.0638944074793343E-003 -1.5278578384675643E-012  1.5037594160495138E-013  1.1255066902496773E-006
  6.0800000000000001E+000  6.3829469443104537E-012  3.8673431417569472E-013 -1.2108082997521820E-006 -8.8873012389907760E-013  1.0563689687949767E-013  7.0007350284689117E-007  5.9682582542765905E-001  2.1502810393368437E-003 -1.4890386007287874E-012  1.7699423129502190E-013  1.1729592212679735E-006
  6.1600000000000001E+000  6.4525029565307427E-012  3.7770947116654945E-013 -1.2674976933120526E-006 -8.4994378780257228E-013  1.1982425797196403E-013  7.1696677014830809E-007  5.8692431514731302E-001  2.2402560404700270E-003 -1.4480799205160391E-012  2.0415138212388197E-013  1.2215306733178543E-006
  6.2400000000000002E+000  6.5189379503588652E-012  3.6756243290018048E-013 -1.3255229829759113E-006 -8.1084554979572857E-013  1.3360992383526523E-013  7.3344982096464096E-007  5.7695237436273139E-001  2.3339923284943563E-003 -1.4053466150552267E-012  2.3157283702776733E-013  1.2712135795559736E-006
  6.3200000000000003E+000  6.5822382444980593E-012  3.5633188335290701E-013 -1.3848496646663951E-006 -7.7170359796552595E-013  1.4685108302448787E-013  7.4948068375386335E-007  5.6691515191723851E-001  2.4316723275950294E-003 -1.3611897416010864E-012  2.5902856735703253E-013  1.3219990890706188E-006
  6.4000000000000004E+000  6.6424105260333494E-012  3.4406625961626242E-013 -1.4454398923765295E-006 -7.3275674389562311E-013  1.5944351506133118E-013  7.6501787367660687E-007  5.5681802391242785E-001  2.5334884703611680E-003 -1.3159329125269333E-012  2.8634014988536511E-013  1.3738769469200361E-006
  6.4800000000000004E+000  6.6994793235213590E-012  3.3082092094309403E-013 -1.5072525244546522E-006 -6.9421178060741632E-013  1.7130919090620192E-013  7.8002057969501049E-007  5.4666659631657621E-001  2.6396437079213128E-003 -1.2698655180069983E-012  3.1336257236137802E-013  1.4268354754839034E-006
  6.5600000000000005E+000  6.7534844109305360E-012  3.1665678907127011E-013 -1.5702431851277312E-006 -6.5624378821573600E-013  1.8238036787692367E-013  7.9444885789436224E-007  5.3646670732259105E-001  2.7503520278252774E-003 -1.2232405724094346E-012  3.3995760452947930E-013  1.4808615571693766E-006
  6.6400000000000006E+000  6.8044783296358767E-012  3.0164006208278624E-013 -1.6343643417177502E-006 -6.1899813124608565E-013  1.9259495355029735E-013  8.0826383003792615E-007  5.2622442917643364E-001  2.8658389778963840E-003 -1.1762754184454734E-012  3.6598554810425763E-013  1.5359406185356562E-006
  6.7199999999999998E+000  6.8525241119299097E-012  2.8584159650322254E-013 -1.6995653979337993E-006 -5.8259440099968590E-013  2.0190792401991675E-013  8.2142788656776896E-007  5.1594606938535470E-001  2.9863421916232137E-003 -1.1291562003667321E-012  3.9132709512954803E-013  1.5920566159165901E-006
  6.7999999999999998E+000  6.8976934337958265E-012  2.6933479423959956E-013 -1.7657928035685932E-006 -5.4713120762424265E-013  2.1030855477507839E-013  8.3390489376295872E-007  5.0563817161308566E-001  3.1121119045549725E-003 -1.0820444475720882E-012  4.1591931673437251E-013  1.6491920226134029E-006
  6.8799999999999999E+000  6.9400651051497885E-012  2.5219222773920999E-013 -1.8329901809358727E-006 -5.1268802614352245E-013  2.1782774356314248E-013  8.4566040498358848E-007  4.9530751650549432E-001  3.2434114489592811E-003 -1.0350784562426493E-012  4.3977621019967277E-013  1.7073278177042452E-006
  6.9600000000000000E+000  6.9797235179787901E-012  2.3448235526949676E-013 -1.9010984683659674E-006 -4.7932048570325496E-013  2.2452877627225856E-013  8.5666187565785012E-007  4.8496112257280571E-001  3.3805177121072304E-003 -9.8836126087156649E-013  4.6297786928444339E-013  1.7664434764929769E-006
  7.0400000000000000E+000  7.0167563828623093E-012  2.1626762353564862E-013 -1.9700560810411288E-006 -4.4704992669623417E-013  2.3048977844700917E-013  8.6687888128488625E-007  4.7460624701234638E-001  3.5237215432359060E-003 -9.4193494687433593E-013  4.8564085074168104E-013  1.8265169626061901E-006
  7.1200000000000001E+000  7.0512515062501875E-012  1.9760399071797529E-013 -2.0397990893715492E-006 -4.1585509723168075E-013  2.3579231226493139E-013  8.7628333733911948E-007  4.6425038625139226E-001  3.6733280924613940E-003 -8.9575612463059822E-013  5.0789781485878351E-013  1.8875247217479150E-006
  7.2000000000000002E+000  7.0832931984193782E-012  1.7854085357325960E-013 -2.1102614150153879E-006 -3.8567488025907711E-013  2.4052269598238746E-013  8.8484972001191874E-007  4.5390127611906700E-001  3.8296570595684910E-003 -8.4969231949246095E-013  5.2990231187885695E-013  1.9494416771208799E-006
  7.2800000000000002E+000  7.1129594870916399E-012  1.5912035936079330E-013 -2.1813750445734562E-006 -3.5642437258914142E-013  2.4477913549891429E-013  8.9255528678048416E-007  4.4356689155037099E-001  3.9930428260870543E-003 -8.0354792735361304E-013  5.5184720545671584E-013  2.0122412265161965E-006
  7.3600000000000003E+000  7.1403210980336409E-012  1.3937619189343331E-013 -2.2530702609002653E-006 -3.2801710529338924E-013  2.4867107575328831E-013  8.9938029563478206E-007  4.3325544571617064E-001  4.1638344388532107E-003 -7.5710807265506120E-013  5.7396769602691299E-013  2.0758952410654611E-006
  7.4400000000000004E+000  7.1654422239385822E-012  1.1933298724026717E-013 -2.3252758918750213E-006 -3.0038085320541501E-013  2.5230476684623425E-013  9.0530822143359977E-007  4.2297538831130405E-001  4.3423954099356321E-003 -7.1017380277224005E-013  5.9651218279004308E-013  2.1403740656495126E-006
  7.5200000000000005E+000  7.1883820345465073E-012  9.9007429198035832E-014 -2.3979195763296413E-006 -2.7345925476772334E-013  2.5576297965450746E-013  9.1032596741967598E-007  4.1273540265988851E-001  4.5291032931609361E-003 -6.6256831993882758E-013  6.1969457497979635E-013  2.2056465209727524E-006
  7.6000000000000005E+000  7.2091957047014179E-012  7.8410910495545978E-014 -2.4709280466621695E-006 -2.4720283607896896E-013  2.5909363696426498E-013  9.1442406977184453E-007  4.0254440133313324E-001  4.7243489906132171E-003 -6.1411799288125757E-013  6.4366140356383073E-013  2.2716799073337749E-006
  7.6799999999999997E+000  7.2279344883191423E-012  5.7552447283753431E-014 -2.5442274274931364E-006 -2.2156123287214159E-013  2.6231552810685295E-013  9.1759689332003305E-007  3.9241152019136605E-001  4.9285357310650119E-003 -5.6463357577678160E-013  6.6849724323844731E-013  2.3384400101355367E-006
  7.7599999999999998E+000  7.2446455019609605E-012  3.6440425998449509E-014 -2.6177435495933748E-006 -1.9648590460709547E-013  2.6543526589136637E-013  9.1984281683060734E-007  3.8234611085577852E-001  5.1420776509122808E-003 -5.1391591706981358E-013  6.9426034819641266E-013  2.4058911071741438E-006
  7.8399999999999999E+000  7.2593722330562776E-012  1.5082804741134812E-014 -2.6914022781860336E-006 -1.7194263973464931E-013  2.6846095268956725E-013  9.2116440633430783E-007  3.7235773167513525E-001  5.3653978956163277E-003 -4.6178893693664778E-013  7.2101525883468938E-013  2.4739959777291180E-006
  7.9199999999999999E+000  7.2721563243185044E-012 -6.5133264318812498E-015 -2.7651298546068640E-006 -1.4792371760885362E-013  2.7140197785325038E-013  9.2156857464875326E-007  3.6245613707681251E-001  5.5989261509247759E-003 -4.0813711293308218E-013  7.4883261899609769E-013  2.5427159134650751E-006
  8.0000000000000000E+000  7.2830400278736942E-012 -2.8341511715385247E-014 -2.8388532501298341E-006 -1.2444918013157272E-013  2.7425735587827433E-013  9.2106672488398820E-007  3.5265126516658296E-001  5.8430955014073162E-003 -3.5291841286991641E-013  7.7775655061933102E-013  2.6120107311528401E-006
  8.0800000000000001E+000  7.2920681931395561E-012 -5.0394503372405138E-014 -2.9125005305883022E-006 -1.0155582824534361E-013  2.7700427905552041E-013  9.1967487560263099E-007  3.4295322339782325E-001  6.0983385024219279E-003 -2.9614354773099609E-013  8.0776710390254790E-013  2.6818387872219447E-006
  8.1600000000000001E+000  7.2992889603929491E-012 -7.2662196364268512E-014 -2.9860012302262551E-006 -7.9282760598198702E-014  2.7959692614329894E-013  9.1741376540748389E-007  3.3337227225090926E-001  6.3650823361538081E-003 -2.3784106861524204E-013  8.3876704564737156E-013  2.7521569941568503E-006
  8.2400000000000002E+000  7.3047534348352679E-012 -9.5130011555332971E-014 -3.0592867330534996E-006 -5.7664563959047431E-014  2.8197608093572002E-013  9.1430893498592262E-007  3.2391880692072977E-001  6.6437429078555809E-003 -1.7803964583361943E-013  8.7059993624202268E-013  2.8229208387370174E-006
  8.3200000000000003E+000  7.3085152906263967E-012 -1.1777836931398372E-013 -3.1322906598240027E-006 -3.6736215861747169E-014  2.8408111728824930E-013  9.1039078462038940E-007  3.1460333699704918E-001  6.9347177265721626E-003 -1.1678420574260008E-013  9.0307939614293514E-013  2.8940844021030237E-006
  8.4000000000000004E+000  7.3106312293731474E-012 -1.4058299032145286E-013 -3.2049492585927619E-006 -1.6543807397285196E-014  2.8585587124679742E-013  9.0569460484940017E-007  3.0543646399395780E-001  7.2383774092496080E-003 -5.4173857672109079E-014  9.3600419344144875E-013  2.9656003816226904E-006
  8.4800000000000004E+000  7.3111622998099624E-012 -1.6351530871347130E-013 -3.2772017965999067E-006  2.8497855015853699E-015  2.8724722438735858E-013  9.0026057767394972E-007  2.9642885654817780E-001  7.5550556447918030E-003  9.6104796895796491E-015  9.6915197051945574E-013  3.0374201145396094E-006
  8.5600000000000005E+000  7.3101752636928938E-012 -1.8654254622343024E-013 -3.3489909510205938E-006  2.1370322595932557E-014  2.8820208803258200E-013  8.9413374576105080E-007  2.8759122313853713E-001  7.8850374571364703E-003  7.4312371346575269E-014  1.0022666158849079E-012  3.1094936034033018E-006
  8.6400000000000006E+000  7.3077430481946131E-012 -2.0962764279868443E-013 -3.4202631959216749E-006  3.8945832244503506E-014  2.8866911222315250E-013  8.8736394740876672E-007  2.7893428228813083E-001  8.2285456148702679E-003  1.3963755362584277E-013  1.0350605748877358E-012  3.1817695432941389E-006
  8.7200000000000006E+000  7.3039439305337732E-012 -2.3272960417913464E-013 -3.4909691826059965E-006  5.5519438316647215E-014  2.8860603135813387E-013  8.8000571557270018E-007  2.7046873035098867E-001  8.5857250525095425E-003  2.0529665628038574E-013  1.0672389032369518E-012  3.2541953508541289E-006
  8.8000000000000007E+000  7.2988599380639496E-012 -2.5580460781598585E-013 -3.5610641104133069E-006  7.1054220240335103E-014  2.8798751145685789E-013  8.7211813964403878E-007  2.6220520702756117E-001  8.9566252036087507E-003  2.7102640133214610E-013  1.0985303131097811E-012  3.3267171951175068E-006
  8.8800000000000008E+000  7.2925752552953196E-012 -2.7880760601223190E-013 -3.6305080849490427E-006  8.5529836701316575E-014  2.8680814851642457E-013  8.6376468869406273E-007  2.5415425870033431E-001  9.3411802044082518E-003  3.3658277313037956E-013  1.1287054674370198E-012  3.3992800301196027E-006
  8.9600000000000009E+000  7.2851751641917389E-012 -3.0169391157861378E-013 -3.6992664606043569E-006  9.8936399218193882E-014  2.8507942847213899E-013  8.5501299495428319E-007  2.4632629967457736E-001  9.7391870087455909E-003  4.0172175200877826E-013  1.1575742737544895E-012  3.4718276292564304E-006
  9.0400000000000009E+000  7.2767454314204086E-012 -3.2442031456777414E-013 -3.7673101641417280E-006  1.1127167856056719E-013  2.8282420325964203E-013  8.4593459654751432E-007  2.3873157141643556E-001  1.0150281566029398E-002  4.6619030226650722E-013  1.1849720029417674E-012  3.5443026213688513E-006
  9.1200000000000010E+000  7.2673716956220482E-012 -3.4694578410015651E-013 -3.8346159960519592E-006  1.2254338079633741E-013  2.8007317668268106E-013  8.3660463899268974E-007  2.3138009998048356E-001  1.0573913353587686E-002  5.2973774851086087E-013  1.2107510029059158E-012  3.6166465285237997E-006
  9.2000000000000011E+000  7.2571384904929946E-012 -3.6923202283700311E-013 -3.9011669063805584E-006  1.3277345610523372E-013  2.7686437690165808E-013  8.2710153567593552E-007  2.2428165189790564E-001  1.1009318729623713E-002  5.9213874638768008E-013  1.2347838586091806E-012  3.6887998054500148E-006
  9.2799999999999994E+000  7.2461279426452108E-012 -3.9124408440442180E-013 -3.9669522417601089E-006  1.4200019290563834E-013  2.7324396808665328E-013  8.1750658798255660E-007  2.1744568883098681E-001  1.1455493786057829E-002  6.5321068038209648E-013  1.2569731236669135E-012  3.7607018805610614E-006
  9.3599999999999994E+000  7.2344184596280924E-012 -4.1295105773086764E-013 -4.0319679604577674E-006  1.5027656402374855E-013  2.6926609735561323E-013  8.0790356612096387E-007  2.1088132128522172E-001  1.1911167630985774E-002  7.1281640703072908E-013  1.2772580476714680E-012  3.8322911984753890E-006
  9.4399999999999995E+000  7.2220836924014110E-012 -4.3432665998131992E-013 -4.0962168123394631E-006  1.5766633026027070E-013  2.6499154493419583E-013  7.9837825195046333E-007  2.0459726165309861E-001  1.2374777309715925E-002  7.7085596197973399E-013  1.2956162488149856E-012  3.9035052639322539E-006
  9.5199999999999996E+000  7.2091918467864491E-012 -4.5534970492033898E-013 -4.1597084807698416E-006  1.6424060333581025E-013  2.6048682326456459E-013  7.8901794559038510E-007  1.9860177689712027E-001  1.2844445863941747E-002  8.2725829369615740E-013  1.3120672146677810E-012  3.9742806870020296E-006
  9.5999999999999996E+000  7.1958051958676814E-012 -4.7600455170365026E-013 -4.2224596836339247E-006  1.7007659613427952E-013  2.5582456093293760E-013  7.7991093827590490E-007  1.9290264124665904E-001  1.3317965308495411E-002  8.8198212214601712E-013  1.3266821780353881E-012  4.0445532294893952E-006
  9.6799999999999997E+000  7.1819795914049644E-012 -4.9628163466960899E-013 -4.2844942308939864E-006  1.7525786276850309E-013  2.5108385827722630E-013  7.7114595468993751E-007  1.8750708935541879E-001  1.3792786544843217E-002  9.3502423925539602E-013  1.3395944473472868E-012  4.1142578524197452E-006
  9.7599999999999998E+000  7.1677639378247209E-012 -5.1617796902800646E-013 -4.3458430363843147E-006  1.7987447950741770E-013  2.4634820708689608E-013  7.6281156872866238E-007  1.8242177042093224E-001  1.4266018392604978E-002  9.8642820142104867E-013  1.3509967199838414E-012  4.1833287644798797E-006
  9.8399999999999999E+000  7.1531996746837776E-012 -5.3569734780351237E-013 -4.4065440818905723E-006  1.8402221467112588E-013  2.4170025186281464E-013  7.5499559710332572E-007  1.7765270373793993E-001  1.4734437966272393E-002  1.0362877429803966E-012  1.3611184563723701E-012  4.2516994712677875E-006
  9.9199999999999999E+000  7.1383203834773408E-012 -5.5485000932605681E-013 -4.4666423319208469E-006  1.8780052718463526E-013  2.3721562151792709E-013  7.4778447557847075E-007  1.7320523616918193E-001  1.5194514495813402E-002  1.0847426584919886E-012  1.3701926159015350E-012  4.3193028252015700E-006
  1.0000000000000000E+001  7.1231515903342359E-012 -5.7365184724638071E-013 -4.5261895979831277E-006  1.9130987035698943E-013  2.3295944953357195E-013  7.4126262314545403E-007  1.6908400201443252E-001  1.5642448344965296E-002  1.1319684516063870E-012  1.3784321335590244E-012  4.3860710759411167E-006
  1.0080000000000000E+001  7.1077108042202224E-012 -5.9212352125142832E-013 -4.5852443516241195E-006  1.9464844582496368E-013  2.2898732751850893E-013  7.3551179994014719E-007  1.6529288578745410E-001  1.6074226380404961E-002  1.1781597412314509E-012  1.3860295764703586E-012  4.4519359211829412E-006
  1.0160000000000000E+001  7.0920078390022417E-012 -6.1028981964934214E-013 -4.6438714859735512E-006  1.9790879655767054E-013  2.2534883828956336E-013  7.3061046526782525E-007  1.6183498843352331E-001  1.6485693978626401E-002  1.2235093364103298E-012  1.3931730603180659E-012  4.5168285576881819E-006
  1.0240000000000000E+001  7.0760453967709952E-012 -6.2817933537775846E-013 -4.7021420260669715E-006  2.0117506804367918E-013  2.2209002864685121E-013  7.2663314242437738E-007  1.5871259749633038E-001  1.6872642850230692E-002  1.2681883080932374E-012  1.4000578707039914E-012  4.5806797324001729E-006
  1.0320000000000000E+001  7.0598198281152531E-012 -6.4582422423283833E-013 -4.7601327887614516E-006  2.0452205501283244E-013  2.1925238397202712E-013  7.2364979720528950E-007  1.5592716172677573E-001  1.7230912568803734E-002  1.3123353196142999E-012  1.4068769690117288E-012  4.6434197935037563E-006
  1.0400000000000000E+001  7.0433218679689420E-012 -6.6325971681328280E-013 -4.8179259936198179E-006  2.0801674923446040E-013  2.1686947563324532E-013  7.2172523692188744E-007  1.5347927052965449E-001  1.7556502328948863E-002  1.3560618203010523E-012  1.4137951534193558E-012  4.7049787412874513E-006
  1.0480000000000000E+001  7.0265371482377394E-012 -6.8052334033415758E-013 -4.8756088266689536E-006  2.1172145996139105E-013  2.1496478762757649E-013  7.2091853668583650E-007  1.5136863863148481E-001  1.7845688148576681E-002  1.3994690519183538E-012  1.4209288138633181E-012  4.7652862786881333E-006
  1.0560000000000000E+001  7.0094464343751194E-012 -6.9765408283369503E-013 -4.9332729594895517E-006  2.1569640852886918E-013  2.1355320758707240E-013  7.2128249970418965E-007  1.4959409629215556E-001  1.8095139656488058E-002  1.4426636201606890E-012  1.4283495966417726E-012  4.8242718614119850E-006
  1.0640000000000001E+001  6.9920257228731203E-012 -7.1469185354808917E-013 -4.9910140266216239E-006  2.1999990054869501E-013  2.1264542471929226E-013  7.2286315808894277E-007  1.4815358534031134E-001  1.8302029928844242E-002  1.4857579442647864E-012  1.4361094818502140E-012  4.8818647475341592E-006
  1.0720000000000001E+001  6.9742464502873282E-012 -7.3167735078878180E-013 -5.0489310647837825E-006  2.2468584159220158E-013  2.1225144875856768E-013  7.2569932035968869E-007  1.4704416124197001E-001  1.8464131704494659E-002  1.5288524518901793E-012  1.4442625587488799E-012  4.9379940464777162E-006
  1.0800000000000001E+001  6.9560759882183681E-012 -7.4865208534946000E-013 -5.1071259178791741E-006  2.2980044969769997E-013  2.1237995466435613E-013  7.2982217121509686E-007  1.4626200131392850E-001  1.8579893803672556E-002  1.5720114628689606E-012  1.4528596774436286E-012  4.9925887672695342E-006
  1.0880000000000001E+001  6.9374783783356962E-012 -7.6565814353507878E-013 -5.1657026121781980E-006  2.3538064792335492E-013  2.1303353383471462E-013  7.3525492835296726E-007  1.4580241907983479E-001  1.8648492698347296E-002  1.6152504717451944E-012  1.4619148713956299E-012  5.0455778659782952E-006
  1.0960000000000001E+001  6.9184150845506313E-012 -7.8273745076301434E-013 -5.2247667064156489E-006  2.4145504248511385E-013  2.1420345739215370E-013  7.4201256030201985E-007  1.4565988467566032E-001  1.8669855841000747E-002  1.6585422367848224E-012  1.4713683061774119E-012  5.0968902922558652E-006
  1.1040000000000001E+001  6.8988455715380780E-012 -7.9993069671782337E-013 -5.2844246218265212E-006  2.4804615890770136E-013  2.1586813508671533E-013  7.5010156840080201E-007  1.4582805111995434E-001  1.8644655382916920E-002  1.7018329827647585E-012  1.4810759580288017E-012  5.1464550349219021E-006
  1.1120000000000001E+001  6.8787276991253991E-012 -8.1727635237688879E-013 -5.3447829573597772E-006  2.5517136285878332E-013  2.1799655190897395E-013  7.5951983521196825E-007  1.4629978619426617E-001  1.8574273070416224E-002  1.7450505704462971E-012  1.4908357903322320E-012  5.1942011665448797E-006
  1.1200000000000001E+001  6.8580181534806727E-012 -8.3481014502325920E-013 -5.4059477954604361E-006  2.6284098514341220E-013  2.2055425685825781E-013  7.7025654074346894E-007  1.4706720959276112E-001  1.8460739153802148E-002  1.7880940701240654E-012  1.5004329571635691E-012  5.2400578869797892E-006
  1.1279999999999999E+001  6.8366731415024531E-012 -8.5256503347421004E-013 -5.4680240038787322E-006  2.7105485747588784E-013  2.2350760355200226E-013  7.8229214681715026E-007  1.4812173491551711E-001  1.8306649848258038E-002  1.8308133747903177E-012  1.5096728169571361E-012  5.2839545658319388E-006
  1.1359999999999999E+001  6.8146493762845306E-012 -8.7057136159157956E-013 -5.5311145389511802E-006  2.7980024594404086E-013  2.2682365777967539E-013  7.9559844889512148E-007  1.4945411600030323E-001  1.8115069077755334E-002  1.8729998040072358E-012  1.5183832572560268E-012  5.3258207838317538E-006
  1.1440000000000000E+001  6.7919051021514066E-012 -8.8885681871895810E-013 -5.5953197557019517E-006  2.8905353109857676E-013  2.3046690453203039E-013  8.1013869369483251E-007  1.5105449702525850E-001  1.7889420821608836E-002  1.9144031505867907E-012  1.5263947649278491E-012  5.3655863731275500E-006
  1.1520000000000000E+001  6.7684008113087583E-012 -9.0744606631670443E-013 -5.6607367299423534E-006  2.9878515113337417E-013  2.3439609206663152E-013  8.2586776008633229E-007  1.5291246578090487E-001  1.7633378366373798E-002  1.9547700073583978E-012  1.5335219021288959E-012  5.4031814565232146E-006
  1.1600000000000000E+001  6.7440994779700667E-012 -9.2636019344961915E-013 -5.7274585973157648E-006  3.0896477967121378E-013  2.3856400188361797E-013  8.4273240006203563E-007  1.5501710949421507E-001  1.7350756221795258E-002  1.9938810939307265E-012  1.5395647941206544E-012  5.4385364856954299E-006
  1.1680000000000000E+001  6.7189664465613641E-012 -9.4561630661808331E-013 -5.7955739139522791E-006  3.1956335489871345E-013  2.4292017758978955E-013  8.6067153588377962E-007  1.5735707256768203E-001  1.7045409522930124E-002  2.0315648263653127E-012  1.5443293832706675E-012  5.4715822784233298E-006
  1.1760000000000000E+001  6.6929693411862726E-012 -9.6522742186398548E-013 -5.8651660430571696E-006  3.3055085582090221E-013  2.4741400873326329E-013  8.7961660886981021E-007  1.5992061558825488E-001  1.6721144566247580E-002  2.0676817175251187E-012  1.5476479728265052E-012  5.5022500548594345E-006
  1.1840000000000000E+001  6.6660783096300198E-012 -9.8520254801540543E-013 -5.9363125713714487E-006  3.4189198610310743E-013  2.5199574290339685E-013  8.9949197468315762E-007  1.6269567494386344E-001  1.6381642874143731E-002  2.1020960658653801E-012  1.5493844630601165E-012  5.5304714728755548E-006
  1.1920000000000000E+001  6.6382666234097754E-012 -1.0055467407285290E-012 -6.0090847590064748E-006  3.5354331976753012E-013  2.5661520431374707E-013  9.2021533955958104E-007  1.6566992240903322E-001  1.6030399977009547E-002  2.1346585462186239E-012  1.5494243378777329E-012  5.5561786625299887E-006
  1.2000000000000000E+001  6.6095113784672149E-012 -1.0262609807056050E-012 -6.0835470257009817E-006  3.6545390753439526E-013  2.6122007908387208E-013  9.4169823166769771E-007  1.6883082408288017E-001  1.5670679049447436E-002  2.1652109195187090E-012  1.5476623678690993E-012  5.5793042597171502E-006
  1.2080000000000000E+001  6.5797939982042721E-012 -1.0473419533819485E-012 -6.1597564760733064E-006  3.7756849585678370E-013  2.6575603150484357E-013  9.6384650171790617E-007  1.7216569812378432E-001  1.5305478691800630E-002  2.1936053453226876E-012  1.5440018385964618E-012  5.5997814390699381E-006
  1.2160000000000000E+001  6.5491004191301296E-012 -1.0687819457463799E-012 -6.2377624659758467E-006  3.8983067304492545E-013  2.7016918087240905E-013  9.8656084699620144E-007  1.7566177077476211E-001  1.4937513538906681E-002  2.2197208402909092E-012  1.5383670474802469E-012  5.6175439461830489E-006
  1.2240000000000000E+001  6.5174210905170841E-012 -1.0905690223215340E-012 -6.3176062115926987E-006  4.0218377283984991E-013  2.7440967329800344E-013  1.0097373530529575E-006  1.7930623022517056E-001  1.4569205995838322E-002  2.2434647992825155E-012  1.5307201613057233E-012  5.6325261292223954E-006
  1.2320000000000000E+001  6.4847510154757536E-012 -1.1126874934740605E-012 -6.3993204424643199E-006  4.1456998757084179E-013  2.7843436653822330E-013  1.0332680474161680E-006  1.8308627790487386E-001  1.4202687218163951E-002  2.2647639681576444E-012  1.5210708019856937E-012  5.6446629699876270E-006
  1.2400000000000000E+001  6.4510898925057494E-012 -1.1351185209676497E-012 -6.4829290991792855E-006  4.2693001351834868E-013  2.8220765734966521E-013  1.0570414599281145E-006  1.8698917686419550E-001  1.3839805432509004E-002  2.2835589336812902E-012  1.5094740240817297E-012  5.6538901145039970E-006
  1.2480000000000000E+001  6.4164422133128178E-012 -1.1578407186500069E-012 -6.5684470760528182E-006  4.3920507553277953E-013  2.8570089190584808E-013  1.0809431846543550E-006  1.9100229695849574E-001  1.3482139789871008E-002  2.2998115100320821E-012  1.4960207035627308E-012  5.6601439032326485E-006
  1.2560000000000000E+001  6.3808170804205047E-012 -1.1808306636725854E-012 -6.6558800087239823E-006  4.5134115969812019E-013  2.8889102432662326E-013  1.1048564387881019E-006  1.9511315663404760E-001  1.3131018119048715E-002  2.3135223822852484E-012  1.4808250158721670E-012  5.6633614009946094E-006
  1.2640000000000001E+001  6.3442276277611185E-012 -1.2040632825422666E-012 -6.7452241062589145E-006  4.6329301058412698E-013  2.9175879835779296E-013  1.1286626144615610E-006  1.9930946117556966E-001  1.2787537168500604E-002  2.3247452029984459E-012  1.4640110148604347E-012  5.6634804267022615E-006
  1.2720000000000001E+001  6.3066901987270443E-012 -1.2275120714098322E-012 -6.8364660270378321E-006  4.7502531133276351E-013  2.9428660517673115E-013  1.1522418198474136E-006  2.0357913733888380E-001  1.2452584162691408E-002  2.3335848553901526E-012  1.4456993563076222E-012  5.6604395829872684E-006
  1.2800000000000001E+001  6.2682235779478764E-012 -1.2511491393705436E-012 -6.9295827974345007E-006  4.8651053912485537E-013  2.9645679190692249E-013  1.1754734063982278E-006  2.0791036434098428E-001  1.2126858734203109E-002  2.3401797411303318E-012  1.4259979974164167E-012  5.6541782858106350E-006
  1.2880000000000001E+001  6.2288485124670675E-012 -1.2749451581149398E-012 -7.0245417720615485E-006  4.9772494634408672E-013  2.9825170817253949E-013  1.1982364795258460E-006  2.1229160122869922E-001  1.1810894510555532E-002  2.3446773688759895E-012  1.4050024533263081E-012  5.6446367941431371E-006
  1.2960000000000001E+001  6.1885875865328225E-012 -1.2988694126781499E-012 -7.1213006341586360E-006  5.0864492697405821E-013  2.9965633873150095E-013  1.2204103905320326E-006  2.1671161069950007E-001  1.1505079826712859E-002  2.3472148086759650E-012  1.3828081998343018E-012  5.6317562398050898E-006
  1.3040000000000001E+001  6.1474653241512182E-012 -1.3228901723119800E-012 -7.2198074345466738E-006  5.1924526373406313E-013  3.0066231839630449E-013  1.2418752081064892E-006  2.2115947949445763E-001  1.1209677197836613E-002  2.3479102363484604E-012  1.3595280606046142E-012  5.6154786575465284E-006
  1.3120000000000001E+001  6.1055083443353724E-012 -1.3469753836215587E-012 -7.3200006674556743E-006  5.2949921374940186E-013  3.0127031741460214E-013  1.2625121681603612E-006  2.2562463552204293E-001  1.0924841321524416E-002  2.3468638791663462E-012  1.3353004601959214E-012  5.5957470154303203E-006
  1.3200000000000001E+001  6.0627454499513139E-012 -1.3710934230983163E-012 -7.4218093814523316E-006  5.3937970746256428E-013  3.0148823953895018E-013  1.2822041011359265E-006  2.3009686189544637E-001  1.0650635486457003E-002  2.3441638980253872E-012  1.3102786275761243E-012  5.5725052455552630E-006
  1.3280000000000001E+001  6.0192075911413621E-012 -1.3952135019477907E-012 -7.5251533236374225E-006  5.4886106817415664E-013  3.0132559081221516E-013  1.3008358362128880E-006  2.3456630807678661E-001  1.0387046347575125E-002  2.3398939820294878E-012  1.2846048126402141E-012  5.5456982751342614E-006
  1.3359999999999999E+001  5.9749276790434488E-012 -1.4193055176282708E-012 -7.6299431152463936E-006  5.5792101083447475E-013  3.0078774563443728E-013  1.3182945820797748E-006  2.3902349833042355E-001  1.0133997089279107E-002  2.3341413962523678E-012  1.2583871065099241E-012  5.5152720579286049E-006
  1.3440000000000000E+001  5.9299402294078462E-012 -1.4433395412493007E-012 -7.7360804567701865E-006  5.6654234505379383E-013  2.9987408148859309E-013  1.3344702841887218E-006  2.4345933769623268E-001  9.8913590413109969E-003  2.3270030687497258E-012  1.2316948537322379E-012  5.4811736060286173E-006
  1.3520000000000000E+001  5.8842809038348418E-012 -1.4672853706664457E-012 -7.8434583607165891E-006  5.7471333760625958E-013  2.9858074196938801E-013  1.3492559586221830E-006  2.4786511569567371E-001  9.6589618408310582E-003  2.3185857422973496E-012  1.2045733432389037E-012  5.4433510219622645E-006
  1.3600000000000000E+001  5.8379860953908446E-012 -1.4911124599644027E-012 -7.9519614101497358E-006  5.8242612473034796E-013  2.9690475698729666E-013  1.3625480028764033E-006  2.5223250798543223E-001  9.4366022514767497E-003  2.3089985053725428E-012  1.1770623906179749E-012  5.4017535311051792E-006
  1.3680000000000000E+001  5.7910927238779861E-012 -1.5147901317844131E-012 -8.0614660411768137E-006  5.8967346668979100E-013  2.9484472974179523E-013  1.3742464840088820E-006  2.5655357616890451E-001  9.2240517589832344E-003  2.2983397447145998E-012  1.1491996458038208E-012  5.3563315143573052E-006
  1.3760000000000000E+001  5.7436383407204781E-012 -1.5382876167230900E-012 -8.1718408475911569E-006  5.9644569072136309E-013  2.9239668807459790E-013  1.3842554046824058E-006  2.6082076596518272E-001  9.0210630654482937E-003  2.2866862011973351E-012  1.1210050064160339E-012  5.3070365410520905E-006
  1.3840000000000000E+001  5.6956614133625680E-012 -1.5615736018763488E-012 -8.2829469059259986E-006  6.0272932608406342E-013  2.8954861343918055E-013  1.3924829477258334E-006  2.6502690392999118E-001  8.8273756018367178E-003  2.2740895400157464E-012  1.0924615313138014E-012  5.2538214020753952E-006
  1.3920000000000000E+001  5.6472016485470279E-012 -1.5846153948733589E-012 -8.3946381192272902E-006  6.0850727267713229E-013  2.8627937195033918E-013  1.3988416999320266E-006  2.6916519291927071E-001  8.6427201726187401E-003  2.2605789412164424E-012  1.0635144359721646E-012  5.1966401431841424E-006
  1.4000000000000000E+001  5.5983002497342269E-012 -1.6073783013884031E-012 -8.5067615779151228E-006  6.1375908611737314E-013  2.8256488783635363E-013  1.4032488558828928E-006  2.7322920648013449E-001  8.4668228388619024E-003  2.2461638607489810E-012  1.0340966055259856E-012  5.1354480985254855E-006
  1.4080000000000000E+001  5.5490001947682482E-012 -1.6298257769271754E-012 -8.6191579361685531E-006  6.1845997549354850E-013  2.7838784731254725E-013  1.4056264026295776E-006  2.7721288234647895E-001  8.2994081374560876E-003  2.2308318433289224E-012  1.0041645163354701E-012  5.0702019243643181E-006
  1.4160000000000000E+001  5.4993466536552591E-012 -1.6519203569584106E-012 -8.7316618023358552E-006  6.2257897774300803E-013  2.7374373033180754E-013  1.4059012860645373E-006  2.8111051520666752E-001  8.1402017251136303E-003  2.2145435204008305E-012  9.7371802277620397E-013  5.0008596330284233E-006
  1.4240000000000000E+001  5.4493875583293669E-012 -1.6736247737802647E-012 -8.8441021419388790E-006  6.2607861123734383E-013  2.6863791465689941E-013  1.4040055597990781E-006  2.8491674889727925E-001  7.9889325268310239E-003  2.1972331093832595E-012  9.4278728059643998E-013  4.9273806270825279E-006
  1.4320000000000000E+001  5.3991740758572841E-012 -1.6949024233035145E-012 -8.9563026919037077E-006  6.2891827652931995E-013  2.6307538440651080E-013  1.3998765173257055E-006  2.8862656816554905E-001  7.8453344596994250E-003  2.1788217503091705E-012  9.1139521039228341E-013  4.8497257337468615E-006
  1.4400000000000000E+001  5.3487606340846757E-012 -1.7157168352853064E-012 -9.0680823847109919E-006  6.3106047490208473E-013  2.5705049976307408E-013  1.3934568082037808E-006  2.9223529013076827E-001  7.7091477946612018E-003  2.1592393858389240E-012  8.7952311171415737E-013  4.7678572395757665E-006
  1.4480000000000000E+001  5.2982043998729505E-012 -1.7360305032656064E-012 -9.1792557812163127E-006  6.3247622243142829E-013  2.5054414754505197E-013  1.3846945389404674E-006  2.9573855556020562E-001  7.5801202111987209E-003  2.1384422898077754E-012  8.4710368025267211E-013  4.6817389254052570E-006
  1.4560000000000000E+001  5.2475644384956472E-012 -1.7558038988925147E-012 -9.2896335109414667E-006  6.3314554320405699E-013  2.4352998483291098E-013  1.3735433591521825E-006  2.9913232005866658E-001  7.4580075930367456E-003  2.1164129874466646E-012  8.1404472340589546E-013  4.5913361015658519E-006
  1.4640000000000001E+001  5.1969011129603014E-012 -1.7749953008388721E-012 -9.3990227186806619E-006  6.3305215266668251E-013  2.3598468590853959E-013  1.3599625334976522E-006  3.0241284525370593E-001  7.3425746067195610E-003  2.0931410805540339E-012  7.8026431083658615E-013  4.4966156433411463E-006
  1.4720000000000001E+001  5.1462760940689780E-012 -1.7935614486378810E-012 -9.5072275163010911E-006  6.3217602832905317E-013  2.2789514137298245E-013  1.3439169997925458E-006  3.0557669004485161E-001  7.2335950992449948E-003  2.0685984983726807E-012  7.4571359290232204E-013  4.3975460266433043E-006
  1.4800000000000001E+001  5.0957529484276529E-012 -1.8114585234585493E-012 -9.6140494386474692E-006  6.3048907017183556E-013  2.1925886831066185E-013  1.3253774136530139E-006  3.0862070197395464E-001  7.1308523458375192E-003  2.0427262813459750E-012  7.1037628570966301E-013  4.2940973638754415E-006
  1.4880000000000001E+001  5.0453978428414843E-012 -1.8286428675675869E-012 -9.7192879024855733E-006  6.2795698931965776E-013  2.1007991930620313E-013  1.3043201799597125E-006  3.1154200876400973E-001  7.0341391744266537E-003  2.0154420283118431E-012  6.7425389593822806E-013  4.1862414399515593E-006
  1.4960000000000001E+001  4.9952798301365077E-012 -1.8450713105475418E-012 -9.8227406674410232E-006  6.2454565359003082E-013  2.0036557438399152E-013  1.2807274713777755E-006  3.1433801006386647E-001  6.9432579894737516E-003  1.9866609643680219E-012  6.3735442711825994E-013  4.0739517484451143E-006
  1.5040000000000001E+001  4.9454705382670794E-012 -1.8607013594690256E-012 -9.9242042979060174E-006  6.2022725581799110E-013  1.9012697070972919E-013  1.2545872340994763E-006  3.1700636942283461E-001  6.8580207145078108E-003  1.9563152400120514E-012  5.9969420396140283E-013  3.9572035278301259E-006
  1.5120000000000001E+001  4.8960434692056291E-012 -1.8754916258610985E-012 -1.0023474624896939E-005  6.1498247318998572E-013  1.7938246758250171E-013  1.2258931809242114E-006  3.1954500651168483E-001  6.7782486697233807E-003  1.9243597382184608E-012  5.6130822988460092E-013  3.8359737977702612E-006
  1.5200000000000001E+001  4.8470733425566817E-012 -1.8894025542822258E-012 -1.0120347206853891E-005  6.0879896797472598E-013  1.6815944446314171E-013  1.1946447717610945E-006  3.2195208959933008E-001  6.7037723984147580E-003  1.8907663420209495E-012  5.2225526535284075E-013  3.7102413954084948E-006
  1.5280000000000001E+001  4.7986356343296729E-012 -1.9023971369752012E-012 -1.0214617788378715E-005  6.0166967441458939E-013  1.5649146859211525E-013  1.1608471816252983E-006  3.2422602829256408E-001  6.6344314536667150E-003  1.8555179346580301E-012  4.8260851709221681E-013  3.5799870116127229E-006
  1.5359999999999999E+001  4.7508061946503474E-012 -1.9144411892569643E-012 -1.0306082755913939E-005  5.9359374382233815E-013  1.4441160586429433E-013  1.1245112561931665E-006  3.2636546654288617E-001  6.5700741547674857E-003  1.8186108995424621E-012  4.4243501846196493E-013  3.4451932271404243E-006
  1.5440000000000000E+001  4.7036606353180988E-012 -1.9255029939134883E-012 -1.0394539589369621E-005  5.8458000113138751E-013  1.3194579775551756E-013  1.0856534549623539E-006  3.2836927591874715E-001  6.5105573212257744E-003  1.7800652680723387E-012  4.0177606190415872E-013  3.3058445486905682E-006
  1.5520000000000000E+001  4.6572733944693254E-012 -1.9355525168978471E-012 -1.0479787308707916E-005  5.7464921480639677E-013  1.1911007191960780E-013  1.0442957820407008E-006  3.3023654913399458E-001  6.4557459909962180E-003  1.7399310242466443E-012  3.6063988171344222E-013  3.1619274448099263E-006
  1.5600000000000000E+001  4.6117167609490753E-012 -1.9445606054206255E-012 -1.0561626914496133E-005  5.6383183483906890E-013  1.0591304143392472E-013  1.0004657045815657E-006  3.3196659381963517E-001  6.4055131283413096E-003  1.6982807080874484E-012  3.1901034677853134E-013  3.0134303816171014E-006
  1.5680000000000000E+001  4.5670603008950744E-012 -1.9524986035272750E-012 -1.0639861821440966E-005  5.5216156663935480E-013  9.2362206007699779E-014  9.5419605889333601E-007  3.3355892652280439E-001  6.3597393257657717E-003  1.6551899348257771E-012  2.7686660399655253E-013  2.8603438583048861E-006
  1.5760000000000000E+001  4.5233709102867786E-012 -1.9593385583818575E-012 -1.0714298283919067E-005  5.3966853765421085E-013  7.8471203373172516E-014  9.0552494428041821E-007  3.3501326692109845E-001  6.3183125034247823E-003  1.6107173568577618E-012  2.3420488979055889E-013  2.7026604423843173E-006
  1.5840000000000000E+001  4.4807133348704006E-012 -1.9650539960669827E-012 -1.0784745812525833E-005  5.2637649716850606E-013  6.4265291887844782E-014  8.5449560469379343E-007  3.3632953223521173E-001  6.2811276088004511E-003  1.5648971221347155E-012  1.9105453925810883E-013  2.5403748046381444E-006
  1.5920000000000000E+001  4.4391506707398176E-012 -1.9696210050839126E-012 -1.0851017580670074E-005  5.1230589717668002E-013  4.9782937910143749E-014  8.0115629827881670E-007  3.3750783181991234E-001  6.2480863188850919E-003  1.5177488274402448E-012  1.4748221932822046E-013  2.3734837537510671E-006
  1.6000000000000000E+001  4.3987443913221318E-012 -1.9730192661326057E-012 -1.0912930820250444E-005  4.9748061887665978E-013  3.5072771656976270E-014  7.4556015492086647E-007  3.3854846190211940E-001  6.2190967468906287E-003  1.4692979149335795E-012  1.0358260462268834E-013  2.2019862705759924E-006
  1.6080000000000002E+001  4.3595537717195520E-012 -1.9752326485490288E-012 -1.0970307205457413E-005  4.8193422472475905E-013  2.0186670257213785E-014  6.8776502192073801E-007  3.3945190043344203E-001  6.1940731550912858E-003  1.4195942578443816E-012  5.9458018428155276E-014  2.0258835419819948E-006
  1.6160000000000000E+001  4.3216349153661704E-012 -1.9762491333737599E-012 -1.1022973223757762E-005  4.6571282572639388E-013  5.1715099533354927E-015  6.2783329799668390E-007  3.4021880202607252E-001  6.1729356750010404E-003  1.3687205809088399E-012  1.5194604803489230E-014  1.8451789942192932E-006
  1.6240000000000002E+001  4.2850397196033290E-012 -1.9760600901415625E-012 -1.1070760533136882E-005  4.4887416611649812E-013 -9.9366430358429727E-015  5.6583175588053124E-007  3.4084999294726259E-001  6.1556100356283359E-003  1.3167898381363652E-012 -2.9154036709131181E-014  1.6598783257325196E-006
  1.6320000000000000E+001  4.2498150487875307E-012 -1.9746592704880250E-012 -1.1113506304698647E-005  4.3148431673781103E-013 -2.5113014209943080E-014  5.0183135384766285E-007  3.4134646615539205E-001  6.1420273001211176E-003  1.2639358062815815E-012 -7.3567565392747956E-014  1.4699895393573854E-006
  1.6399999999999999E+001  4.2160022289252793E-012 -1.9720420078679716E-012 -1.1151053549752508E-005  4.1361338091424850E-013 -4.0339955446486308E-014  4.3590703657117511E-007  3.4170937635692006E-001  6.1321236110541385E-003  1.2103010274821594E-012 -1.1804620729347516E-013  1.2755229738397814E-006
  1.6480000000000000E+001  4.1836369078412509E-012 -1.9682048776165872E-012 -1.1183251430550035E-005  3.9533083392848935E-013 -5.5601537680115715E-014  3.6813752573897567E-007  3.4194003506480730E-001  6.1258399444490495E-003  1.1560238461963198E-012 -1.6259468611955576E-013  1.0764913346166712E-006
  1.6559999999999999E+001  4.1527492954967210E-012 -1.9631457618391531E-012 -1.1209955553870744E-005  3.7670089746257350E-013 -7.0880758188594023E-014  2.9860510092539648E-007  3.4203990562955211E-001  6.1231218727841440E-003  1.1012256129468482E-012 -2.0721395305761794E-013  8.7290972379201874E-007
  1.6640000000000001E+001  4.1233647642472391E-012 -1.9568639563064121E-012 -1.1231028246698098E-005  3.5777875092680236E-013 -8.6160451415497340E-014  2.2739537127962503E-007  3.4201059822663382E-001  6.1239193368455786E-003  1.0460002930865401E-012 -2.5190377214310555E-013  6.6479566923538223E-007
  1.6719999999999999E+001  4.0955046953484326E-012 -1.9493600896126735E-012 -1.1246338813275484E-005  3.3860891026023187E-013 -1.0142466379169458E-013  1.5459703866651437E-007  3.4185386478565860E-001  6.1281864262008904E-003  9.9041027915765995E-013 -2.9666664892708356E-013  4.5216915273135800E-007
  1.6800000000000001E+001  4.0691873386056020E-012 -1.9406360100997410E-012 -1.1255763772884740E-005  3.1922644758430244E-013 -1.1665668163180447E-013  8.0301652951204826E-008  3.4157159386171404E-001  6.1358811676507034E-003  9.3449033432598175E-013 -3.4150197350567428E-013  2.3505263711466517E-007
  1.6879999999999999E+001  4.0444284637349442E-012 -1.9306950205515848E-012 -1.1259187077747677E-005  2.9966048305084372E-013 -1.3183294284377592E-013  4.6033601624645594E-009  3.4116580545102493E-001  6.1469653209714325E-003  8.7825803833743658E-013 -3.8638807577947266E-013  1.3471092338048693E-008
  1.6960000000000001E+001  4.0212416613174670E-012 -1.9195427392447368E-012 -1.1256500310510735E-005  2.7993817998905209E-013 -1.4691679722304969E-013 -7.2401355704668604E-008  3.4063864575379627E-001  6.1614041812447576E-003  8.2172564763579451E-013 -4.3126366156324847E-013 -2.1254797956950925E-007
  1.7039999999999999E+001  3.9996383549366959E-012 -1.9071883329958969E-012 -1.1247602860834930E-005  2.6008773181242492E-013 -1.6185840680887427E-013 -1.5061393645884329E-007  3.3999238188492797E-001  6.1791663871382943E-003  7.6490902665876094E-013 -4.7602699424420106E-013 -4.4297452068975374E-007
  1.7120000000000001E+001  3.9796276242274791E-012 -1.8936453941553170E-012 -1.1232402080677320E-005  2.4014038411604657E-013 -1.7660349166767396E-013 -2.2993401823771012E-007  3.3922939652783979E-001  6.2002237346655397E-003  7.0783382307207212E-013 -5.2056094032397259E-013 -6.7777589458147309E-007
  1.7199999999999999E+001  3.9612158934781284E-012 -1.8789317743290690E-012 -1.1210813417916896E-005  2.2013199169101471E-013 -1.9110692185848418E-013 -3.1025970393906504E-007  3.3835218253123117E-001  6.2245509958487521E-003  6.5054037798058993E-013 -5.6477252628393827E-013 -9.1691686486095101E-007
  1.7280000000000001E+001  3.9444065055569167E-012 -1.8630682866579595E-012 -1.1182760528047069E-005  2.0010377012040450E-013 -2.0534287254674775E-013 -3.9148783867653550E-007  3.3736333744300512E-001  6.2521257418897188E-003  5.9308637616012321E-013 -6.0862293893114773E-013 -1.1603595750336183E-006
  1.7359999999999999E+001  3.9291992902588637E-012 -1.8460769147215894E-012 -1.1148175363728651E-005  1.8010064243283925E-013 -2.1930504776644995E-013 -4.7351428734920675E-007  3.3626555797872837E-001  6.2829281704020858E-003  5.3554245766882353E-013 -6.5212872100227098E-013 -1.4080635296185499E-006
  1.7440000000000001E+001  3.9155904027676624E-012 -1.8279794790153275E-012 -1.1106998242071196E-005  1.6016593566091778E-013 -2.3299718088404170E-013 -5.5623421338189008E-007  3.3506163441716352E-001  6.3169409364364527E-003  4.7797691362075802E-013 -6.9533426248491068E-013 -1.6599855766139527E-006
  1.7520000000000000E+001  3.9035727405531168E-012 -1.8087973657801427E-012 -1.1059177889587548E-005  1.4033354481933157E-013 -2.4642046558486542E-013 -6.3954235766730250E-007  3.3375444492227263E-001  6.3541489868887595E-003  4.2043248458066311E-013 -7.3827473075147287E-013 -1.9160798913584391E-006
  1.7600000000000001E+001  3.8931370355965694E-012 -1.7885522045217490E-012 -1.1004671464844428E-005  1.2062088231936242E-013 -2.5956601649434521E-013 -7.2333331672468800E-007  3.3234694979086760E-001  6.3945393979412245E-003  3.6290490884092714E-013 -7.8095332590498085E-013 -2.1762979618476605E-006
  1.7680000000000000E+001  3.8842733993820188E-012 -1.7672668031410475E-012 -1.0943444558911598E-005  1.0102691900967561E-013 -2.7241564129647045E-013 -8.0750181909317980E-007  3.3084218563794510E-001  6.4381012148696931E-003  3.0533614788470458E-013 -8.2334298491399552E-013 -2.4405885755661218E-006
  1.7760000000000002E+001  3.8769727285550213E-012 -1.7449657019143138E-012 -1.0875471173789519E-005  8.1537312315858950E-014 -2.8494743312303265E-013 -8.9194299898673685E-007  3.2924325952740457E-001  6.4848252937148108E-003  2.4762871639645789E-013 -8.6540262461757935E-013 -2.7088978078916210E-006
  1.7840000000000000E+001  3.8712274294114814E-012 -1.7216752138413623E-012 -1.0800733679073720E-005  6.2134233144928690E-014 -2.9714006395718055E-013 -9.7655266624811811E-007  3.2755334306097306E-001  6.5347041442067695E-003  1.8967456230580950E-013 -9.0708979579017404E-013 -2.9811690121283142E-006
  1.7920000000000002E+001  3.8670312512518327E-012 -1.6974232916811649E-012 -1.0719222747189820E-005  4.2805875088285716E-014 -3.0897218718615387E-013 -1.0612275716615292E-006  3.2577566643754985E-001  6.5877317733841912E-003  1.3138375547974951E-013 -9.4835869871030230E-013 -3.2573428112219587E-006
  1.8000000000000000E+001  3.8643784893973557E-012 -1.6722396638915777E-012 -1.0630937267607876E-005  2.3551452553443406E-014 -3.2041891620590641E-013 -1.1458656666900664E-006  3.2391351249014555E-001  6.6439035295326821E-003  7.2700215169388670E-014 -9.8914912650696816E-013 -3.5373570912118858E-006
  1.8080000000000002E+001  3.8632630188432817E-012 -1.6461562650882199E-012 -1.0535884240519410E-005  4.3811961588217465E-015 -3.3145071528481397E-013 -1.2303663567538674E-006  3.2197021072164222E-001  6.7032159456827164E-003  1.3602562895589538E-014 -1.0293825067274864E-012 -3.8211469964719138E-006
  1.8160000000000000E+001  3.8636774980119442E-012 -1.6192075494460074E-012 -1.0434078650527257E-005 -1.4686039987143629E-014 -3.4203790503464416E-013 -1.3146307472077381E-006  3.1994913135215014E-001  6.7656665821740295E-003 -4.5902312260810446E-014 -1.0689752958120555E-012 -4.1086449267880435E-006
  1.8240000000000002E+001  3.8656127852412247E-012 -1.5914302002826768E-012 -1.0325543320966172E-005 -3.3624671092993812E-014 -3.5215892901211342E-013 -1.3985618812313193E-006  3.1785367940219733E-001  6.8312538674572647E-003 -1.0578424343848623E-013 -1.1078646749562959E-012 -4.3997805363154286E-006
  1.8320000000000000E+001  3.8690574453868232E-012 -1.5628621208040693E-012 -1.0210308749530246E-005 -5.2402994507253731E-014 -3.6180708173895818E-013 -1.4820649688802741E-006  3.1568728882106745E-001  6.8999769367638474E-003 -1.6599083845476735E-013 -1.1460304283975498E-012 -4.6944807344533789E-006
  1.8400000000000002E+001  3.8739972643623853E-012 -1.5335410672044435E-012 -1.0088412925945328E-005 -7.0984421887157288E-014 -3.7099069871638464E-013 -1.5650476065848703E-006  3.1345341667855947E-001  6.9718354680121802E-003 -2.2645049418884470E-013 -1.1834969915631358E-012 -4.9926696886761261E-006
  1.8480000000000000E+001  3.8804149528887684E-012 -1.5035036090094477E-012 -9.9599011324766665E-006 -8.9331457656811692E-014 -3.7972598606511492E-013 -1.6474199864122022E-006  3.1115553742355118E-001  7.0468295148022600E-003 -2.8708431022691489E-013 -1.2203121031797666E-012 -5.2942688293587343E-006
  1.8559999999999999E+001  3.8882902975874752E-012 -1.4727849094340251E-012 -9.8248257281193754E-006 -1.0741176962906646E-013 -3.8802668383937285E-013 -1.7290950944692693E-006  3.0879713722854069E-001  7.1249593358716674E-003 -3.4782527553627586E-013 -1.2565143797580870E-012 -5.5991968566386045E-006
  1.8640000000000001E+001  3.8976008360294190E-012 -1.4414193395951481E-012 -9.6832459173615834E-006 -1.2520320732731949E-013 -3.9589589997668578E-013 -1.8099888979323083E-006  3.0638170843744950E-001  7.2062252204376015E-003 -4.0863492312579327E-013 -1.2921065046282018E-012 -5.9073697493474172E-006
  1.8719999999999999E+001  3.9083228107598463E-012 -1.4094415654377554E-012 -9.5352275044502061E-006 -1.4269402431274314E-013 -4.0332349389425203E-013 -1.8900205202187552E-006  3.0391274412954772E-001  7.2906273089904548E-003 -4.6950507130470629E-013 -1.3270453328781974E-012 -6.2187007760451643E-006
  1.8800000000000001E+001  3.9204318799194579E-012 -1.3768875805720678E-012 -9.3808426341265826E-006 -1.5987714166275986E-013 -4.1028884696776353E-013 -1.9691124038966468E-006  3.0139373281731846E-001  7.3781654089332960E-003 -5.3043998898856321E-013 -1.3612492627443245E-012 -6.5331005081837298E-006
  1.8879999999999999E+001  3.9339031534258879E-012 -1.3437953499229132E-012 -9.2201695198267426E-006 -1.7674115345447908E-013 -4.1676632743009665E-013 -2.0471904609299911E-006  2.9882815327808004E-001  7.4688388050786897E-003 -5.9142683860122945E-013 -1.3946148939155874E-012 -6.8504768354286468E-006
  1.8960000000000001E+001  3.9487104644721746E-012 -1.3102049681832523E-012 -9.0532921603777840E-006 -1.9326269409906403E-013 -4.2273066244281037E-013 -2.1241842098556262E-006  2.9621946952158962E-001  7.5626460649853800E-003 -6.5240919544071545E-013 -1.4270341808368609E-012 -7.1707349831757333E-006
  1.9039999999999999E+001  3.9648251844817381E-012 -1.2761584439320635E-012 -8.8803000462498424E-006 -2.0940342185901129E-013 -4.2816061434773490E-013 -2.2000268995807698E-006  2.9357112589930129E-001  7.6595848390440101E-003 -7.1327481750723141E-013 -1.4584067214377903E-012 -7.4937775323044232E-006
  1.9120000000000001E+001  3.9822150119696164E-012 -1.2416992698876147E-012 -8.7012878564448609E-006 -2.2511224253903052E-013 -4.3304103322213811E-013 -2.2746556195703272E-006  2.9088654236379591E-001  7.7596516551556895E-003 -7.7386067272780502E-013 -1.4886471675341749E-012 -7.8195044412113675E-006
  1.9199999999999999E+001  4.0008431432879830E-012 -1.2068718786165214E-012 -8.5163551471185900E-006 -2.4033083559600969E-013 -4.3736374944892349E-013 -2.3480113963309854E-006  2.8816910989838440E-001  7.8628417074352794E-003 -8.3396961949705538E-013 -1.5176890672806217E-012 -8.1478130701622199E-006
  1.9280000000000001E+001  4.0206679456649779E-012 -1.1717210699757869E-012 -8.3256060330319032E-006 -2.5499987199876554E-013 -4.4112779198257569E-013 -2.4200392762050619E-006  2.8542218613345294E-001  7.9691486384654061E-003 -8.9339043282493749E-013 -1.5454866175725413E-012 -8.4785982079886589E-006
  1.9359999999999999E+001  4.0416431228077855E-012 -1.1362914318993093E-012 -8.1291488629257801E-006 -2.6906452154815496E-013 -4.4433915964917016E-013 -2.4906883945449121E-006  2.8264909116618520E-001  8.0785643145930598E-003 -9.5191649239830513E-013 -1.5720149799103797E-012 -8.8117521011467229E-006
  1.9440000000000001E+001  4.0637182691126827E-012 -1.1006268044319197E-012 -7.9270958899047173E-006 -2.8247890866191205E-013 -4.4700992320378375E-013 -2.5599120313825285E-006  2.7985310359297771E-001  8.1910785940156848E-003 -1.0093618736369482E-012 -1.5972682647774303E-012 -9.1471644851433748E-006
  1.9520000000000000E+001  4.0868397481936914E-012 -1.0647698441867039E-012 -7.7195629379045756E-006 -2.9520941156842093E-013 -4.4915632977251722E-013 -2.6276676537365118E-006  2.7703745676161273E-001  8.3066790874916103E-003 -1.0655742977155470E-012 -1.6212538212774966E-012 -9.4847226183319705E-006
  1.9600000000000001E+001  4.1109517749636301E-012 -1.0287617916683170E-012 -7.5066690653068753E-006 -3.0723639393496064E-013 -4.5079560172561871E-013 -2.6939169447665439E-006  2.7420533525003843E-001  8.4253509115239014E-003 -1.1204432388861950E-012 -1.6439814342950296E-012 -9.8243113180707991E-006
  1.9680000000000000E+001  4.1359975712232851E-012 -9.9264254791060494E-013 -7.2885362267419285E-006 -3.1855372040022312E-013 -4.5194165558743397E-013 -2.7586258200689343E-006  2.7135987158046143E-001  8.5470764337900636E-003 -1.1739004391130304E-012 -1.6654478729878665E-012 -1.0165812999229755E-005
  1.9760000000000002E+001  4.1619203702276658E-012 -9.5645112677432753E-013 -7.0652889340958458E-006 -3.2916591032281313E-013 -4.5260124428483676E-013 -2.8217644314385861E-006  2.6850414317145144E-001  8.6718350108411536E-003 -1.2259117280680116E-012 -1.6856220362436938E-012 -1.0509107715021480E-005
  1.9840000000000000E+001  4.1886641168749352E-012 -9.2022634882503106E-013 -6.8370539177117548E-006 -3.3908388577946375E-013 -4.5277299426873293E-013 -2.8833071584615571E-006  2.6564116953268369E-001  8.7996027180324860E-003 -1.2764630647005538E-012 -1.7044400244491106E-012 -1.0854073200124857E-005
  1.9920000000000002E+001  4.2161737919523800E-012 -8.8400744769133026E-013 -6.6039597887419967E-006 -3.4832071707393991E-013 -4.5245084887745678E-013 -2.9432325883124578E-006  2.6277390969855391E-001  8.9303520720446089E-003 -1.3255456813387386E-012 -1.7218166375440182E-012 -1.1200584916061937E-005
  2.0000000000000000E+001  4.2443954316067656E-012 -8.4783421300463797E-013 -6.3661367035817615E-006 -3.5688845814628634E-013 -4.5163136958011396E-013 -3.0015234840457559E-006  2.5990525988809643E-001  9.0640517468431464E-003 -1.3731444368582933E-012 -1.7376724654090864E-012 -1.1548516098790440E-005
  2.0080000000000002E+001  4.2732759452557858E-012 -8.1174642855851202E-013 -6.1237160312946757E-006 -3.6479647335854369E-013 -4.5032175024655540E-013 -3.0581667417021117E-006  2.5703805138383307E-001  9.2006662838315517E-003 -1.4192311912636600E-012 -1.7519655593286430E-012 -1.1897737808476393E-005
  2.0160000000000000E+001  4.3027628673441326E-012 -7.7578273296518910E-013 -5.8768300249094236E-006 -3.7205150338297107E-013 -4.4854434119835623E-013 -3.1131533365298088E-006  2.5417504861217810E-001  9.3401557975708524E-003 -1.4637645720223487E-012 -1.7647115263829221E-012 -1.2248118981416198E-005
  2.0240000000000002E+001  4.3328041857970612E-012 -7.3997933396677502E-013 -5.6256114974499063E-006 -3.7865968107013299E-013 -4.4633551619859375E-013 -3.1664782586112535E-006  2.5131894741451055E-001  9.4824756783414808E-003 -1.5066974884393009E-012 -1.7759824970667397E-012 -1.2599526484084372E-005
  2.0320000000000000E+001  4.3633484163153539E-012 -7.0436905037341410E-013 -5.3701935035316230E-006 -3.8463060171062151E-013 -4.4373990167032957E-013 -3.2181404383182325E-006  2.4847237350458334E-001  9.6275762926745587E-003 -1.5479934363409099E-012 -1.7858873436293389E-012 -1.2951825169283058E-005
  2.0400000000000002E+001  4.3943450820707606E-012 -6.6898094969952229E-013 -5.1107090273189891E-006 -3.8998257274752216E-013 -4.4080365212272376E-013 -3.2681426620707155E-006  2.4563788110849785E-001  9.7754026830925243E-003 -1.5876487311965981E-012 -1.7945466075076341E-012 -1.3304877934364835E-005
  2.0480000000000000E+001  4.4257456279549574E-012 -6.3384046603377830E-013 -4.8472906776003085E-006 -3.9474701445382121E-013 -4.3757023994993006E-013 -3.3164914790377451E-006  2.4281795179858920E-001  9.9258942676247776E-003 -1.6257127820469139E-012 -1.8020759646507849E-012 -1.3658545781485804E-005
  2.0559999999999999E+001  4.4575046043833720E-012 -5.9896971130753348E-013 -4.5800703906729498E-006 -3.9896969536185017E-013 -4.3407948126669407E-013 -3.3631970994675304E-006  2.4001499352276931E-001  1.0078984540197304E-002 -1.6622965641017980E-012 -1.8085819558115737E-012 -1.4012687879826409E-005
  2.0640000000000001E+001  4.4895807792128535E-012 -5.6438774903110725E-013 -4.3091791416855036E-006 -4.0270753880619210E-013 -4.3036773657690710E-013 -3.4082732853375113E-006  2.3723133983779235E-001  1.0234600772680706E-002 -1.6975629576760351E-012 -1.8141623256306357E-012 -1.4367161629696921E-005
  2.0719999999999999E+001  4.5219378105923627E-012 -5.3011087345522834E-013 -4.0347466650189480E-006 -4.0602206353160802E-013 -4.2646667646106753E-013 -3.4517372339385606E-006  2.3446924933689195E-001  1.0392663720420128E-002 -1.7317019630163854E-012 -1.8189002575921842E-012 -1.4721822728428467E-005
  2.0800000000000001E+001  4.5545443093779107E-012 -4.9615308079733644E-013 -3.7569011842553339E-006 -4.0897227436547303E-013 -4.2240038021124226E-013 -3.4936094548361521E-006  2.3173090525945400E-001  1.0553087333412998E-002 -1.7649016805261576E-012 -1.8228510123565930E-012 -1.5076525237945540E-005
  2.0879999999999999E+001  4.5873733744908384E-012 -4.6252681262142958E-013 -3.4757691522451637E-006 -4.1160964077866455E-013 -4.1818308627697025E-013 -3.5339136405863341E-006  2.2901841526241570E-001  1.0715778475998108E-002 -1.7973262546295974E-012 -1.8260304760958054E-012 -1.5431121653917512E-005
  2.0960000000000001E+001  4.6204018519024971E-012 -4.2924378699302120E-013 -3.1914750017615204E-006 -4.1397614294706512E-013 -4.1382045985505406E-013 -3.5726765314801468E-006  2.2633381133099392E-001  1.0880636658361928E-002 -1.8291057483776816E-012 -1.8284184593390661E-012 -1.5785462976395637E-005
  2.1039999999999999E+001  4.6536095573623688E-012 -3.9631553904462092E-013 -2.9041409072083402E-006 -4.1610438706620448E-013 -4.0931525670150228E-013 -3.6099277746313408E-006  2.2367904981213146E-001  1.1047553783152310E-002 -1.8603345446815867E-012 -1.8299819288254015E-012 -1.6139398781850372E-005
  2.1120000000000001E+001  4.6869785538330898E-012 -3.6375334592078083E-013 -2.6138865578205059E-006 -4.1801814396555326E-013 -4.0467468749940603E-013 -3.6456997776825146E-006  2.2105601154898424E-001  1.1216413911116281E-002 -1.8910715909207465E-012 -1.8307076292395953E-012 -1.6492777296533729E-005
  2.1199999999999999E+001  4.7204924603968574E-012 -3.3156758904471596E-013 -2.3208289427791378E-006 -4.1973264573837355E-013 -3.9991499249800980E-013 -3.6800275574170471E-006  2.1846650210363397E-001  1.1387093049450811E-002 -1.9213396192509051E-012 -1.8306242864178181E-012 -1.6845445471100741E-005
  2.1280000000000001E+001  4.7541357771512296E-012 -2.9976694712109926E-013 -2.0250821486337784E-006 -4.2125538461780015E-013 -3.9506035001677685E-013 -3.7129485835248311E-006  2.1591225204699743E-001  1.1559458967372477E-002 -1.9511267141697195E-012 -1.8298001145058219E-012 -1.7197249056435240E-005
  2.1359999999999999E+001  4.7878933219357054E-012 -2.6835793304203166E-013 -1.7267571694151648E-006 -4.2258854459732869E-013 -3.9013671718492442E-013 -3.7445026177456477E-006  2.1339491730364110E-001  1.1733371043153569E-002 -1.9803957201189339E-012 -1.8283163153372993E-012 -1.7548032680638064E-005
  2.1440000000000001E+001  4.8217499442868021E-012 -2.3734507237151135E-013 -1.4259617297944747E-006 -4.2373302669706279E-013 -3.8516431040403339E-013 -3.7747315486880471E-006  2.1091607953876057E-001  1.1908680147134906E-002 -2.0091019440463214E-012 -1.8262321562015968E-012 -1.7897639927145343E-005
  2.1520000000000000E+001  4.8556906062072354E-012 -2.0673164337738632E-013 -1.1228001216250773E-006 -4.2469227985935993E-013 -3.8015265634006183E-013 -3.8036792226973825E-006  2.0847724658450351E-001  1.2085228564712600E-002 -2.0372112278411924E-012 -1.8235598629940848E-012 -1.8245913413949257E-005
  2.1600000000000001E+001  4.8897007090642997E-012 -1.7652064735710146E-013 -8.1737305416289352E-007 -4.2547355514571352E-013 -3.7509982374781898E-013 -3.8313912712406459E-006  2.0607985290333872E-001  1.2262849963304805E-002 -2.0647068071579611E-012 -1.8202580770460065E-012 -1.8592694873891836E-005
  2.1680000000000000E+001  4.9237663750305496E-012 -1.4671567157773528E-013 -5.0977751822657395E-007 -4.2608558607440342E-013 -3.6999461976577659E-013 -3.8579149353424203E-006  2.0372526009322342E-001  1.2441369406757460E-002 -2.0915790887147936E-012 -1.8162395277722814E-012 -1.8937825235995168E-005
  2.1760000000000002E+001  4.9578744028362043E-012 -1.1732150819457720E-013 -2.0010666450810630E-007 -4.2653367774915870E-013 -3.6481929634886679E-013 -3.8832988876508580E-006  2.0141475743702694E-001  1.2620603420667955E-002 -2.1178018138076792E-012 -1.8113819384503401E-012 -1.9281144707779966E-005
  2.1840000000000000E+001  4.9920117634704150E-012 -8.8344584161916592E-014  1.1155030379756335E-007 -4.2681485365131078E-013 -3.5955140206706277E-013 -3.9075930526635608E-006  1.9914956249797494E-001  1.2800360111968652E-002 -2.1433068690112401E-012 -1.8055355584035119E-012 -1.9622492858514318E-005
  2.1920000000000002E+001  5.0261647794204140E-012 -5.9793283863847157E-014  4.2510822391806342E-007 -4.2691547815457078E-013 -3.5416521687894099E-013 -3.9308484256367802E-006  1.9693082176171256E-001  1.2980439345957091E-002 -2.1679700052885721E-012 -1.7985292281886005E-012 -1.9961708703324772E-005
  2.2000000000000000E+001  5.0603182399751463E-012 -3.1678149461286032E-014  7.4048605189944814E-007 -4.2681201405150611E-013 -3.4863415568801390E-013 -3.9531168906506276E-006  1.9475961132253664E-001  1.3160632983911442E-002 -2.1916118401253344E-012 -1.7901819369099525E-012 -2.0298630788094919E-005
  2.2080000000000002E+001  5.0944547016686550E-012 -4.0118189537649341E-015  1.0576069264221639E-006 -4.2647413355928113E-013 -3.4293485708358713E-013 -3.9744510382892790E-006  1.9263693761234754E-001  1.3340725184012574E-002 -2.2140113476952048E-012 -1.7803239710384744E-012 -2.0633097275071082E-005
  2.2160000000000000E+001  5.1285541013446313E-012  2.3191427672087913E-014  1.3763982180257328E-006 -4.2586859797574210E-013 -3.3705178939562269E-013 -3.9949039833270532E-006  1.9056373816529387E-001  1.3520492768364612E-002 -2.2349244853026178E-012 -1.7688221936494079E-012 -2.0964946029092955E-005
  2.2240000000000002E+001  5.1625936773447737E-012  4.9916467349534702E-014  1.6967915637544925E-006 -4.2496274837174708E-013 -3.3098009068741333E-013 -4.0145291827536895E-006  1.8854088241233941E-001  1.3699705658385254E-002 -2.2541021417072416E-012 -1.7555975490671829E-012 -2.1294014704369361E-005
  2.2320000000000000E+001  5.1965481410841108E-012  7.6148242182074042E-014  2.0187228872663232E-006 -4.2372746976905603E-013 -3.2472507359839612E-013 -4.0333802544898408E-006  1.8656917249968422E-001  1.3878127380366149E-002 -2.2713065166279854E-012 -1.7406256702495292E-012 -2.1620140831722159E-005
  2.2400000000000002E+001  5.2303900725078227E-012  1.0187247912527808E-013  2.3421324044728670E-006 -4.2213978113024716E-013 -3.1829830952838097E-013 -4.0515107970920947E-006  1.8464934412340203E-001  1.4055515642585285E-002 -2.2863265253886360E-012 -1.7239187829813887E-012 -2.1943161906226835E-005
  2.2480000000000000E+001  5.2640905060649504E-012  1.2707597170661500E-013  2.6669646148010583E-006 -4.2018475155557903E-013 -3.1171199287045284E-013 -4.0689742107934121E-006  1.8278206737761601E-001  1.4231622984270933E-002 -2.2989904192921544E-012 -1.7054968663681782E-012 -2.2262915475182530E-005
  2.2559999999999999E+001  5.2976196327567153E-012  1.5174639798455053E-013  2.9931682781998129E-006 -4.1785630750052491E-013 -3.0497399619561506E-013 -4.0858235202504309E-006  1.8096794761210835E-001  1.4406197496104155E-002 -2.3091729265275477E-012 -1.6853607205310233E-012 -2.2579239226346372E-005
  2.2640000000000001E+001  5.3309475152650344E-012  1.7587181109791341E-013  3.3206963780411273E-006 -4.1515648867661253E-013 -2.9808558854717781E-013 -4.1021111993788987E-006  1.7920752629897679E-001  1.4578983610789147E-002 -2.3167939809930162E-012 -1.6634782605545666E-012 -2.2891971076368041E-005
  2.2719999999999999E+001  5.3640446709449733E-012  1.9944009215209899E-013  3.6495060701004367E-006 -4.1209329670606664E-013 -2.9104236671801582E-013 -4.1178889987112020E-006  1.7750128190861733E-001  1.4749722961255499E-002 -2.3218092429657742E-012 -1.6397881795744358E-012 -2.3200949259358098E-005
  2.2800000000000001E+001  5.3968824427380050E-012  2.2243858977279594E-013  3.9795586178349196E-006 -4.0867802381224326E-013 -2.8383758043030066E-013 -4.1332077757418268E-006  1.7584963079812022E-001  1.4918155302819310E-002 -2.3241969108869033E-012 -1.6142175774728952E-012 -2.3506012415518166E-005
  2.2879999999999999E+001  5.4294331547549323E-012  2.4485410502094710E-013  4.3108193142191290E-006 -4.0492303609538895E-013 -2.7646654284700312E-013 -4.1481173287975361E-006  1.7425292811764004E-001  1.5084019494353864E-002 -2.3239462365482833E-012 -1.5867069132196276E-012 -2.3806999679750149E-005
  2.2960000000000001E+001  5.4616701285132673E-012  2.6667323662831644E-013  4.6432573904425255E-006 -4.0084058619782170E-013 -2.6893053457076337E-013 -4.1626662349680978E-006  1.7271146873935742E-001  1.5247054532558792E-002 -2.3210512585245021E-012 -1.5572334144129024E-012 -2.4103750770148506E-005
  2.3039999999999999E+001  5.4935676485465837E-012  2.8788299055226924E-013  4.9768459118140246E-006 -3.9644276690312244E-013 -2.6123911633924516E-013 -4.1769016925596114E-006  1.7122548821096800E-001  1.5407000632671877E-002 -2.3155108048432061E-012 -1.5258263454663197E-012 -2.4396106076268830E-005
  2.3120000000000001E+001  5.5251009712177668E-012  3.0847149524259567E-013  5.3115616612520633E-006 -3.9174242689883984E-013 -2.5341058788414397E-013 -4.1908693684181444E-006  1.6979516373126552E-001  1.5563600348487024E-002 -2.3073341223133622E-012 -1.4925719475852698E-012 -2.4683906747061547E-005
  2.3199999999999999E+001  5.5562464368503981E-012  3.2842868461373227E-013  5.6473850107609278E-006 -3.8675493436899028E-013 -2.4547096531982353E-013 -4.2046132502800646E-006  1.6842061513801609E-001  1.5716599724522468E-002 -2.2965517825349903E-012 -1.4576095575942065E-012 -2.4966994778367476E-005
  2.3280000000000001E+001  5.5869817607168053E-012  3.4774684969376743E-013  5.9842997812968736E-006 -3.8150034302835876E-013 -2.3745204081307457E-013 -4.2181755042451370E-006  1.6710190590016766E-001  1.5865749472301374E-002 -2.2832294396216175E-012 -1.4211217560023223E-012 -2.5245213099887349E-005
  2.3359999999999999E+001  5.6172864917349355E-012  3.6642101114382421E-013  6.3222930914401497E-006 -3.7600519778800291E-013 -2.2938888332278053E-013 -4.2315963374584532E-006  1.6583904410397698E-001  1.6010806162374502E-002 -2.2674799277783150E-012 -1.3833204133416672E-012 -2.5518405661556110E-005
  2.3440000000000001E+001  5.6471425923628858E-012  3.8444907102541232E-013  6.6613551952902262E-006 -3.7030315773725878E-013 -2.2131677230114086E-013 -4.2449138661835714E-006  1.6463198343138294E-001  1.6151533422201804E-002 -2.2494685125144523E-012 -1.3444284499714320E-012 -2.5786417519267606E-005
  2.3520000000000000E+001  5.6765349969728969E-012  4.0183169471200674E-013  7.0014793100295211E-006 -3.6443360094516891E-013 -2.1326741604832317E-013 -4.2581639895759696E-006  1.6348062412990774E-001  1.6287703129402961E-002 -2.2294057709088878E-012 -1.3046562939729873E-012 -2.6049094919901411E-005
  2.3600000000000001E+001  5.7054519685141128E-012  4.1857185759314403E-013  7.3426614336223814E-006 -3.5843837544199910E-013 -2.0526487759581016E-013 -4.2713802694670105E-006  1.6238481397612514E-001  1.6419096589184425E-002 -2.2075284949246519E-012 -1.2641755322864305E-012 -2.6306285385606381E-005
  2.3680000000000000E+001  5.7338851370436168E-012  4.3467407512733637E-013  7.6849001531442429E-006 -3.5235780145538336E-013 -1.9732260157340105E-013 -4.2845938165108236E-006  1.6134434923583094E-001  1.6545505684363412E-002 -2.1840749762675085E-012 -1.2230984330127148E-012 -2.6557837797294061E-005
  2.3760000000000002E+001  5.7618292167469741E-012  4.5014347384488819E-013  8.0281964442641132E-006 -3.4622743655971694E-013 -1.8944314340162779E-013 -4.2978331829407580E-006  1.6035897561927556E-001  1.6666733986902809E-002 -2.1592639977000689E-012 -1.1814737643385549E-012 -2.6803602477297476E-005
  2.3840000000000000E+001  5.7892815268931715E-012  4.6498497807159682E-013  8.3725534624147641E-006 -3.4007649078616249E-013 -1.8162150691407949E-013 -4.3111242621434055E-006  1.5942838923210018E-001  1.6782597819722776E-002 -2.1332834216834205E-012 -1.1393054043346545E-012 -2.7043431271156000E-005
  2.3920000000000002E+001  5.8162414552727601E-012  4.7920291495114091E-013  8.7179763262070582E-006 -3.3392780100852069E-013 -1.7385108313196812E-013 -4.3244901953250556E-006  1.5855223752361128E-001  1.6892927257717086E-002 -2.1062883368632415E-012 -1.0965882930495526E-012 -2.7277177628488632E-005
  2.4000000000000000E+001  5.8427099750545348E-012  4.9280115137271172E-013  9.0644718936667731E-006 -3.2779861566378963E-013 -1.6612967069802761E-013 -4.3379512855573350E-006  1.5773012023524005E-001  1.6997567057205371E-002 -2.0784044455992540E-012 -1.0533462619296463E-012 -2.7504696682916848E-005
  2.4080000000000002E+001  5.8686892337789665E-012  5.0578366226282533E-013  9.4120485318962318E-006 -3.2170128083265271E-013 -1.5846282224238613E-013 -4.3515249195608104E-006  1.5696159035557986E-001  1.7096377503220156E-002 -2.0497310998316968E-012 -1.0096539865239232E-012 -2.7725845330990502E-005
  2.4160000000000000E+001  5.8941821799877592E-012  5.1815520293149350E-013  9.7607158807965028E-006 -3.1564365805788759E-013 -1.5086301103444926E-013 -4.3652254976032482E-006  1.5624615508770673E-001  1.7189235164884971E-002 -2.0203428632359560E-012 -9.6563265557815033E-013 -2.7940482310057923E-005
  2.4240000000000002E+001  5.9191922190682285E-012  5.2992174402833721E-013  1.0110484611512752E-005 -3.0962967253066532E-013 -1.4334553092403312E-013 -4.3790643718044176E-006  1.5558327683246023E-001  1.7276033550353318E-002 -1.9902920897564974E-012 -9.2142428161731522E-013 -2.8148468275010580E-005
  2.4320000000000000E+001  5.9437229275926657E-012  5.4109048787933880E-013  1.0461366180285210E-005 -3.0366023187493321E-013 -1.3592347816552405E-013 -4.3930497930708575E-006  1.5497237418993015E-001  1.7356683654088340E-002 -1.9596140816183915E-012 -8.7715924791351399E-013 -2.8349665873824828E-005
  2.4400000000000002E+001  5.9677778561682178E-012  5.5166950053482106E-013  1.0813372578404089E-005 -2.9773421776912494E-013 -1.2860405537008887E-013 -4.4071868667751058E-006  1.5441282297738829E-001  1.7431114391060331E-002 -1.9283329439989676E-012 -8.3293161053112403E-013 -2.8543939821821553E-005
  2.4480000000000000E+001  5.9913604024357257E-012  5.6166713673855302E-013  1.1166516078969227E-005 -2.9184881318902442E-013 -1.2138695608300073E-013 -4.4214775172277981E-006  1.5390395726205708E-001  1.7499272913814003E-002 -1.8964633260858402E-012 -7.8878749192246932E-013 -2.8731156974567493E-005
  2.4560000000000002E+001  6.0144736662784617E-012  5.7109141350810118E-013  1.1520808981160537E-005 -2.8599867369769706E-013 -1.1426413403850680E-013 -4.4359204609177393E-006  1.5344507040342614E-001  1.7561124810314906E-002 -1.8640047192576848E-012 -7.4472248016774272E-013 -2.8911186399350024E-005
  2.4640000000000001E+001  6.0371201902273572E-012  5.7994939818471410E-013  1.1876263352716065E-005 -2.8017413559451794E-013 -1.0721986902424980E-013 -4.4505111884299822E-006  1.5303541610047716E-001  1.7616654181915097E-002 -1.8309294177419128E-012 -7.0068116936363500E-013 -2.9083899445170016E-005
  2.4719999999999999E+001  6.0593015279735846E-012  5.8824659255198115E-013  1.2232890771309334E-005 -2.7435946342985354E-013 -1.0023109025345590E-013 -4.4652419549510456E-006  1.5267420943868062E-001  1.7665863602358462E-002 -1.7971706395636093E-012 -6.5655863316451518E-013 -2.9249169811211151E-005
  2.4800000000000001E+001  6.0810177043761338E-012  5.9598637262526705E-013  1.2590702065508232E-005 -2.6853234260270979E-013 -9.3268905352137642E-014 -4.4801017791760409E-006  1.5236062792895103E-001  1.7708773960596596E-002 -1.7626187962074124E-012 -6.1221006885110497E-013 -2.9406873613763378E-005
  2.4879999999999999E+001  6.1022667027900181E-012  6.0316961740832317E-013  1.2949707055977500E-005 -2.6266508681074178E-013 -8.6302331022269441E-014 -4.4950764504955942E-006  1.5209381253631052E-001  1.7745424190853547E-002 -1.7271291725334858E-012 -5.6747524249553900E-013 -2.9556889451594896E-005
  2.4960000000000001E+001  6.1230441182658524E-012  6.0979474558883016E-013  1.3309914297587527E-005 -2.5672710101767106E-013 -7.9303979235574614E-014 -4.5101485443882834E-006  1.5187286869448369E-001  1.7775870894907876E-002 -1.6905381257618672E-012 -5.2221619025479234E-013 -2.9699098469779234E-005
  2.5039999999999999E+001  6.1433430389528455E-012  6.1585825408601511E-013  1.3671330823079626E-005 -2.5068771883131463E-013 -7.2255685884058216E-014 -4.5252974459828137E-006  1.5169686730800616E-001  1.7800187862039695E-002 -1.6526820094182751E-012 -4.7635485754333986E-013 -2.9833384421991002E-005
  2.5120000000000001E+001  6.1631541532788628E-012  6.2135565533027947E-013  1.4033961888944778E-005 -2.4451844960534212E-013 -6.5151463853012589E-014 -4.5404993818897608E-006  1.5156484574609086E-001  1.7818465492804043E-002 -1.6134123655263128E-012 -4.2989316872968759E-013 -2.9959633731279133E-005
  2.5199999999999999E+001  6.1824659908897002E-012  6.2628248830249712E-013  1.4397810724181988E-005 -2.3819428438102570E-013 -5.7996008051517986E-014 -4.5557274604261926E-006  1.5147580883410061E-001  1.7830810133519247E-002 -1.5726049359036293E-012 -3.8290353349071069E-013 -3.0077735549314105E-005
  2.5280000000000001E+001  6.2012652387798269E-012  6.3063501661852235E-013  1.4762878282612968E-005 -2.3169421950638620E-013 -5.0799368287208234E-014 -4.5709517203344706E-006  1.5142872984788283E-001  1.7837343329254084E-002 -1.5301634352457139E-012 -3.3549368512127022E-013 -3.0187581814089759E-005
  2.5359999999999999E+001  6.2195370660107220E-012  6.3441038722845044E-013  1.5129162999435503E-005 -2.2500109968909235E-013 -4.3570155062059537E-014 -4.5861391880504911E-006  1.5142255151576509E-001  1.7838201003833057E-002 -1.4860187090421306E-012 -2.8776153146454482E-013 -3.0289067306044064E-005
  2.5440000000000001E+001  6.2372654147300817E-012  6.3760624142845188E-013  1.5496660552701047E-005 -2.1810099712820847E-013 -3.6310241033096766E-014 -4.6012539434385096E-006  1.5145618702775784E-001  1.7833532576629056E-002 -1.4401246978949427E-012 -2.3975980811420425E-013 -3.0382089702553739E-005
  2.5520000000000000E+001  6.2544332255512354E-012  6.4022002579374592E-013  1.5865363630385664E-005 -2.1098228957141442E-013 -2.9012862458685076E-014 -4.6162571937942393E-006  1.5152852105060721E-001  1.7823500026399260E-002 -1.3924523050804861E-012 -1.9148332263530513E-013 -3.0466549630756895E-005
  2.5600000000000001E+001  6.2710225810615080E-012  6.4224829942184149E-013  1.6235261703708125E-005 -2.0363485273457003E-013 -2.1664078091133646E-014 -4.6311073558124750E-006  1.5163841074244533E-001  1.7808276913290299E-002 -1.3429839452611575E-012 -1.4287858079382434E-013 -3.0542350718666077E-005
  2.5680000000000000E+001  6.2870148019887666E-012  6.4368627828832731E-013  1.6606340807315660E-005 -1.9604981178528632E-013 -1.4246286010164456E-014 -4.6457601451830178E-006  1.5178468676313836E-001  1.7788047369831479E-002 -1.2917117367991469E-012 -9.3867136577135668E-014 -3.0609399644547454E-005
  2.5760000000000002E+001  6.3023905509471538E-012  6.4452770518346780E-013  1.6978583326937408E-005 -1.8822009235479575E-013 -6.7422626720861548E-015 -4.6601686734804558E-006  1.5196615427407947E-001  1.7763005071917040E-002 -1.2386409211694685E-012 -4.4372382006501449E-014 -3.0667606184556493E-005
  2.5840000000000000E+001  6.3171300167655339E-012  6.4476504031586109E-013  1.7351967795072533E-005 -1.8014162666124182E-013  8.6125054557733598E-016 -4.6742835520223463E-006  1.5218159392452202E-001  1.7733352200020723E-002 -1.1837975214428607E-012  5.6567869280231445E-015 -3.0716883258635003E-005
  2.5920000000000002E+001  6.3312132112129525E-012  6.4438990509617543E-013  1.7726468695260984E-005 -1.7181462406246236E-013  8.5707373126726763E-015 -4.6880530024082017E-006  1.5242976282075144E-001  1.7699298400572369E-002 -1.1272363039337011E-012  5.6227648224649282E-014 -3.0757146974685918E-005
  2.6000000000000000E+001  6.3446203566155279E-012  6.4339372234583346E-013  1.8102056275457846E-005 -1.6324438204157804E-013  1.6383964337939727E-014 -4.7014229734568343E-006  1.5270939547670484E-001  1.7661059756571892E-002 -1.0690455778124404E-012  1.0729130796936620E-013 -3.0788316671052584E-005
  2.6080000000000002E+001  6.3573323123396050E-012  6.4176847080210507E-013  1.8478696371014077E-005 -1.5444138880765531E-013  2.4289207415682909E-014 -4.7143372643002338E-006  1.5301920474500297E-001  1.7618857775842600E-002 -1.0093472242284775E-012  1.5873827563660293E-013 -3.0810314957335899E-005
  2.6160000000000000E+001  6.3693309788247527E-012  6.3950744915932420E-013  1.8856350237745883E-005 -1.4542089135089644E-013  3.2266264593367202E-014 -4.7267376534359824E-006  1.5335788273020395E-001  1.7572918404244197E-002 -9.4829315119995027E-013  2.1040590966694747E-013 -3.0823067753584548E-005
  2.6240000000000002E+001  6.3805996549557484E-012  6.3660586846716632E-013  1.9234974395563834E-005 -1.3620215082806655E-013  4.0289649821786474E-014 -4.7385640336081672E-006  1.5372410168760980E-001  1.7523471070224124E-002 -8.8605968923216122E-013  2.6210009686258161E-013 -3.0826504327888010E-005
  2.6320000000000000E+001  6.3911233229572434E-012  6.3306110518783836E-013  1.9614520483123190E-005 -1.2680714006727570E-013  4.8333633474095815E-014 -4.7497545524162897E-006  1.5411651491258879E-001  1.7470747766106444E-002 -8.2283839731327167E-013  3.1362870134943814E-013 -3.0820557332390355E-005
  2.6400000000000002E+001  6.4008887973665125E-012  6.2887248711131099E-013  1.9994935123950441E-005 -1.1725858252207457E-013  5.6377968423369097E-014 -4.7602457585680397E-006  1.5453375762605262E-001  1.7414982170660547E-002 -7.5882272227839792E-013  3.6483895775643357E-013 -3.0805162837726200E-005
  2.6480000000000000E+001  6.4098846961607753E-012  6.2404063024009931E-013  2.0376159804494076E-005 -1.0757741466001915E-013  6.4412449663163008E-014 -4.7699727535912822E-006  1.5497444785794640E-001  1.7356408817231991E-002 -6.9419116260551436E-013  4.1564666042760065E-013 -3.0780260365867951E-005
  2.6560000000000002E+001  6.4181011837121156E-012  6.1856649516520491E-013  2.0758130764525046E-005 -9.7780352877228827E-014  7.2438497594481165E-014 -4.7788693487465929E-006  1.5543718733069081E-001  1.7295262310935387E-002 -6.2909143236778295E-013  4.6604556306340661E-013 -3.0745792921367655E-005
  2.6640000000000001E+001  6.4255295526211319E-012  6.1245047062498232E-013  2.1140778900293531E-005 -8.7878685903428200E-014  8.0466878520905912E-014 -4.7868682268221560E-006  1.5592056234106808E-001  1.7231776598109736E-002 -5.6363284592799939E-013  5.1609165902403785E-013 -3.0701707020977622E-005
  2.6719999999999999E+001  6.4321617734566641E-012  6.0569179460185996E-013  2.1524029680816591E-005 -7.7878931748612858E-014  8.8512113430973277E-014 -4.7939011084652847E-006  1.5642314464059162E-001  1.7166184290291597E-002 -4.9789086051480117E-013  5.6586642760859307E-013 -3.0647952721639427E-005
  2.6800000000000001E+001  6.4379901817009100E-012  5.9828853247602659E-013  2.1907803077647977E-005 -6.7785145009151131E-014  9.6585586657232781E-014 -4.7998989227582763E-006  1.5694349231492269E-001  1.7098716044196577E-002 -4.3192214198484985E-013  6.1543241231441126E-013 -3.0584483646833693E-005
  2.6879999999999999E+001  6.4430073966581283E-012  5.9023810073670272E-013  2.2292013508457915E-005 -5.7601609012910671E-014  1.0468993034918382E-013 -4.8047919817772279E-006  1.5748015066478568E-001  1.7029599998309195E-002 -3.6578184335129802E-013  6.6479777776610801E-013 -3.0511257011282129E-005
  2.6960000000000001E+001  6.4472064391429757E-012  5.8153814362015718E-013  2.2676569794732333E-005 -4.7334370003454347E-014  1.1281674821246667E-013 -4.8085101588797026E-006  1.5803165309059844E-001  1.6959061266127465E-002 -2.9953323664515012E-013  7.1390277997674266E-013 -3.0428233643989712E-005
  2.7039999999999999E+001  6.4505808958586810E-012  5.7218742102270805E-013  2.3061375133878667E-005 -3.6990838435728586E-014  1.2094828930518681E-013 -4.8109830704310322E-006  1.5859652198264060E-001  1.6887321485629218E-002 -2.3324496187271680E-013  7.6263151819586626E-013 -3.0335378009613069E-005
  2.7120000000000001E+001  6.4531249732926923E-012  5.6218641733132729E-013  2.3446327086001298E-005 -2.6577799076131361E-014  1.2906190211223462E-013 -4.8121402606045232E-006  1.5917326961590839E-001  1.6814598424388955E-002 -1.6697833947097527E-013  8.1084097829646233E-013 -3.0232658228146757E-005
  2.7199999999999999E+001  6.4548333437108620E-012  5.5153751668475051E-013  2.3831317575575391E-005 -1.6098916630650870E-014  1.3713530367783496E-013 -4.8119113888722422E-006  1.5976039904997330E-001  1.6741105639192594E-002 -1.0077181106273683E-013  8.5839458165436506E-013 -3.0120046092929877E-005
  2.7280000000000001E+001  6.4557007999535964E-012  5.4024476874287370E-013  2.4216232908220857E-005 -5.5528792667732494E-015  1.4515076112952917E-013 -4.8102264198042412E-006  1.6035640503270052E-001  1.6667052188809539E-002 -3.4629727671786549E-014  9.0518820064966048E-013 -2.9997517086989459E-005
  2.7359999999999999E+001  6.4557218043935457E-012  5.2831339490402584E-013  2.4600953802744070E-005  5.0673035983854639E-015  1.5309747610833542E-013 -4.8070158148503057E-006  1.6095977491082858E-001  1.6592642397749081E-002  3.1481407127994482E-014  9.5116438549732169E-013 -2.9865050397747952E-005
  2.7440000000000001E+001  6.4548900313778547E-012  5.1574917256554003E-013  2.4985355438596906E-005  1.5774142547594642E-014  1.6097248156290175E-013 -4.8022107258481258E-006  1.6156898955060839E-001  1.6518075668568267E-002  9.7631249250391411E-014  9.9631701484207752E-013 -2.9722628930125696E-005
  2.7520000000000000E+001  6.4531979415859306E-012  5.0255779785396156E-013  2.5369307518879770E-005  2.6584931666660622E-014  1.6878044631500268E-013 -4.7957431900212705E-006  1.6218252427434568E-001  1.6443546339795667E-002  1.6392038640526386E-013  1.0406890658356328E-012 -2.9570239318067428E-005
  2.7600000000000001E+001  6.4506364423111890E-012  4.8874430115513960E-013  2.5752674349000309E-005  3.7520516918806424E-014  1.7653224988835043E-013 -4.7875463262386067E-006  1.6279884981803264E-001  1.6369243586501228E-002  2.3047218079229500E-013  1.0843628575017077E-012 -2.9407871934516185E-005
  2.7680000000000000E+001  6.4471946588789215E-012  4.7431263787182549E-013  2.6135314931077947E-005  4.8603397733005669E-014  1.8424181875080105E-013 -4.7775545322669903E-006  1.6341643331549666E-001  1.6295351360438828E-002  2.9742072667672259E-013  1.1274398667666047E-012 -2.9235520899853389E-005
  2.7760000000000002E+001  6.4428598986739081E-012  4.5926561015501144E-013  2.6517083074163028E-005  5.9854976502157404E-014  1.9192103230067432E-013 -4.7657036827250902E-006  1.6403373931379761E-001  1.6222048366736932E-002  3.6489389929996736E-013  1.1700092384295211E-012 -2.9053184088820889E-005
  2.7840000000000000E+001  6.4376178626385763E-012  4.4360527270371760E-013  2.6897827520313961E-005  7.1292436156770146E-014  1.9957379493344380E-013 -4.7519313274259991E-006  1.6464923082500998E-001  1.6149508074060390E-002  4.3299454668244585E-013  1.2121119471910220E-012 -2.8860863135938877E-005
  2.7920000000000002E+001  6.4314531088888249E-012  4.2733380296566043E-013  2.7277392086551187E-005  8.2926116064831289E-014  2.0719155380406839E-013 -4.7361768897918852E-006  1.6526137041970376E-001  1.6077898755173219E-002  5.0178513416859051E-013  1.2537145171846737E-012 -2.8658563439430694E-005
  2.8000000000000000E+001  6.4243496840682033E-012  4.1045462409506666E-013  2.7655615822680663E-005  9.4758376364908558E-014  2.1475262151898002E-013 -4.7183818649867085E-006  1.6586862136661723E-001  1.6007383554980076E-002  5.7128171082168209E-013  1.2947062525934125E-012 -2.8446294163664701E-005
  2.8080000000000002E+001  6.4162917686704395E-012  3.9297338352262363E-013  2.8032333184949061E-005  1.0678429477597935E-013  2.2222621381160254E-013 -4.6984900174031179E-006  1.6646944882413944E-001  1.5938120583062012E-002  6.4145901021359262E-013  1.3349248226423714E-012 -2.8224068240121991E-005
  2.8160000000000000E+001  6.4072641969040466E-012  3.7489842988521025E-013  2.8407374225465162E-005  1.1899394372218881E-013  2.2957970267309806E-013 -4.6764475770927577E-006  1.6706232108699368E-001  1.5870263028066552E-002  7.1226487751157724E-013  1.3742004907330437E-012 -2.7991902366900958E-005
  2.8240000000000002E+001  6.3972527376748893E-012  3.5624063109492794E-013  2.8780564797283902E-005  1.3137527205753407E-013  2.3678598827168848E-013 -4.6522034346824405E-006  1.6764571089204003E-001  1.5803959291339358E-002  7.8363796925944038E-013  1.4124000645560103E-012 -2.7749817006778208E-005
  2.8320000000000000E+001  6.3862441533748412E-012  3.3701267176174009E-013  2.9151726775014352E-005  1.4391644904566261E-013  2.4382795336268060E-013 -4.6257093343243990E-006  1.6821809678720137E-001  1.5739353137274766E-002  8.5552185708095173E-013  1.4494525614050771E-012 -2.7497836383853846E-005
  2.8400000000000002E+001  6.3742261058275833E-012  3.1722815855689904E-013  2.9520678290775806E-005  1.5660679672523401E-013  2.5069859930017782E-013 -4.5969200642186649E-006  1.6877796456815214E-001  1.5676583857896397E-002  9.2787046376915015E-013  1.4853487783312706E-012 -2.7235988478817502E-005
  2.8480000000000000E+001  6.3611870658988038E-012  2.9690089587371164E-013  2.9887233985289339E-005  1.6943592727094622E-013  2.5739766041479719E-013 -4.5657936442508994E-006  1.6932380878836775E-001  1.5615786449183874E-002  1.0006427800093125E-012  1.5201201178751861E-012 -2.6964305022875784E-005
  2.8560000000000002E+001  6.3471163574642319E-012  2.7604453289053149E-013  3.0251205273855950E-005  1.8239134580670741E-013  2.6392685105812730E-013 -4.5322915102844012E-006  1.6985413434876678E-001  1.5557091796706508E-002  1.0737886454790573E-012  1.5538098311603944E-012 -2.6682821490380657E-005
  2.8640000000000001E+001  6.3320044505697306E-012  2.5467259970441127E-013  3.0612400626934843E-005  1.9545533431907069E-013  2.7028559619259037E-013 -4.4963786946218940E-006  1.7036745817347548E-001  1.5500626868205790E-002  1.1472305592888853E-012  1.5864476799280475E-012 -2.6391577090191479E-005
  2.8719999999999999E+001  6.3158435039731806E-012  2.3279883749971703E-013  3.0970625864995453E-005  2.0860232434436714E-013  2.7646813086351416E-013 -4.4580240020962229E-006  1.7086231097691201E-001  1.5446514911020566E-002  1.2208486416964914E-012  1.6180330766811126E-012 -2.6090614755796625E-005
  2.8800000000000001E+001  6.2986280786746318E-012  2.1043769876624900E-013  3.1325684467270239E-005  2.2179767949693145E-013  2.8246195969226699E-013 -4.4172001811916983E-006  1.7133723912707871E-001  1.5394875652371711E-002  1.2944740133358480E-012  1.6485264269887019E-012 -2.5779981134215354E-005
  2.8879999999999999E+001  6.2803558752536716E-012  1.8760492394895431E-013  3.1677377893986125E-005  2.3499843727836933E-013  2.8824736478683658E-013 -4.3738840895524281E-006  1.7179080660872842E-001  1.5345825500731439E-002  1.3678935879529858E-012  1.6778466581877649E-012 -2.5459726573696690E-005
  2.8960000000000001E+001  6.2610283287100927E-012  1.6431812040035515E-013  3.2025505921598627E-005  2.4815574138854757E-013  2.9379808397000298E-013 -4.3280568531792586E-006  1.7222159708928325E-001  1.5299477746644728E-002  1.4408644875766014E-012  1.7058755000843161E-012 -2.5129905110231135E-005
  2.9039999999999999E+001  6.2406509566315040E-012  1.4059723051375384E-013  3.2369866990494806E-005  2.6121801938041284E-013  2.9908366151407691E-013 -4.2797040185771791E-006  1.7262821608966322E-001  1.5255942761488627E-002  1.5131324447216860E-012  1.7324712988235090E-012 -2.4790574452891300E-005
  2.9120000000000001E+001  6.2192334456092267E-012  1.1646473455810284E-013  3.2710258564570976E-005  2.7413417994467886E-013  3.0407360856400767E-013 -4.2288156970899047E-006  1.7300929326206371E-001  1.5215328192692321E-002  1.5844499663397275E-012  1.7574930130745300E-012 -2.4441795968014727E-005
  2.9199999999999999E+001  6.1967894878403553E-012  9.1945453143512612E-014  3.3046477502029191E-005  2.8685652361269620E-013  3.0874266698157522E-013 -4.1753867006058203E-006  1.7336348477478725E-001  1.5177739154154921E-002  1.6545925509734835E-012  1.7808302080219102E-012 -2.4083634662240974E-005
  2.9280000000000001E+001  6.1733364018311953E-012  6.7065907841050804E-014  3.3378320436667907E-005  2.9934320879402532E-013  3.1307544257098950E-013 -4.1194166677791885E-006  1.7368947580399241E-001  1.5143278410611324E-002  1.7233721345002622E-012  1.8024290608480962E-012 -2.3716159164415552E-005
  2.9359999999999999E+001  6.1488945744333113E-012  4.1853382332154292E-014  3.3705584168873861E-005  3.1156015491761280E-013  3.1706849993372016E-013 -4.0609101798781675E-006  1.7398598313036573E-001  1.5112046554864120E-002  1.7906471796269895E-012  1.8223035653404890E-012 -2.3339441706375843E-005
  2.9440000000000001E+001  6.1234867770443772E-012  1.6334947851655575E-014  3.4028066065448414E-005  3.2348204171676130E-013  3.2072892010648908E-013 -3.9998768653372223E-006  1.7425175783809069E-001  1.5084142176818038E-002  1.8563275455742281E-012  1.8405264675697662E-012 -2.2953558102641598E-005
  2.9520000000000000E+001  6.0971374477586295E-012 -9.4632448848839635E-015  3.4345564467327816E-005  3.3509163500191160E-013  3.2406967798156940E-013 -3.9363314920822336E-006  1.7448558811255729E-001  1.5059662023287755E-002  1.9203698254145396E-012  1.8572022275943129E-012 -2.2558587729039884E-005
  2.9600000000000001E+001  6.0698721154440714E-012 -3.5516200625395533E-014  3.4657879104181571E-005  3.4637723682126741E-013  3.2710359050978157E-013 -3.8702940466867004E-006  1.7468630213242431E-001  1.5038701147557780E-002  1.9827621006339087E-012  1.8724321584251253E-012 -2.2154613500301828E-005
  2.9680000000000000E+001  6.0417170898672267E-012 -6.1799819366449014E-014  3.4964811514797688E-005  3.5732908352831908E-013  3.2983816341616492E-013 -3.8017897994124361E-006  1.7485277105086164E-001  1.5021353047660281E-002  2.0435028898507669E-012  1.8862850110787700E-012 -2.1741721846671796E-005
  2.9760000000000002E+001  6.0126994620795403E-012 -8.8290306771981923E-014  3.5266165472087561E-005  3.6793629226633184E-013  3.3227323417443844E-013 -3.7308493541801072E-006  1.7498391205935698E-001  1.5007709792378008E-002  2.1025834152940534E-012  1.8987836815560253E-012 -2.1320002689569602E-005
  2.9840000000000000E+001  5.9828472831046136E-012 -1.1496353683435916E-013  3.5561747411466506E-005  3.7818605170940606E-013  3.3440209619027446E-013 -3.6575086825106059E-006  1.7507869152600375E-001  1.4997862134007403E-002  2.1599827779830805E-012  1.9099117604068159E-012 -2.0889549416345358E-005
  2.9920000000000002E+001  5.9521896938060354E-012 -1.4179464216242583E-013  3.5851366861289258E-005  3.8806569097187506E-013  3.3621518652323410E-013 -3.5818091404792198E-006  1.7513612819855409E-001  1.4991899606948540E-002  2.2156795533801967E-012  1.9196345713722033E-012 -2.0450458854163032E-005
  3.0000000000000000E+001  5.9207567725491136E-012 -1.6875796667807662E-013  3.6134836873943181E-005  3.9756672490060304E-013  3.3770472155939805E-013 -3.5037974677330304E-006  1.7515529646062200E-001  1.4989910611235743E-002  2.2696746222089272E-012  1.9279254837965590E-012 -2.0002831243045343E-005
  3.0080000000000002E+001  5.8885790178219389E-012 -1.9582739761192952E-013  3.6411974456126543E-005  4.0668886070907997E-013  3.3886848965030996E-013 -3.4235257676449744E-006  1.7513532962763897E-001  1.4991982480148313E-002  2.3220137909870912E-012  1.9347873695406990E-012 -1.9546770208105585E-005
  3.0160000000000000E+001  5.8556865548356608E-012 -2.2297692502212622E-013  3.6682600996766377E-005  4.1544219302699078E-013  3.3971156202396358E-013 -3.3410514677039143E-006  1.7507542326687464E-001  1.4998201531112049E-002  2.3728001858430012E-012  1.9402622418905577E-012 -1.9082382730980661E-005
  3.0240000000000002E+001  5.8221082669376203E-012 -2.5018124753576369E-013  3.6946542690959169E-005  4.2384678157796360E-013  3.4024596965020837E-013 -3.2564372592779331E-006  1.7497483852359377E-001  1.5008653099165875E-002  2.4221918897076462E-012  1.9444294105462589E-012 -1.8609779120467897E-005
  3.0320000000000000E+001  5.7878710697831866E-012 -2.7741628016615956E-013  3.7203630958250846E-005  4.3193027374391525E-013  3.4048898694186929E-013 -3.1697510159485418E-006  1.7483290543327126E-001  1.5023421552322946E-002  2.4703885975226784E-012  1.9473958068845733E-012 -1.8129072982357952E-005
  3.0400000000000002E+001  5.7529994231385939E-012 -3.0465948544646278E-013  3.7453702853510936E-005  4.3972463713414052E-013  3.4046082986005326E-013 -3.0810656896930275E-006  1.7464902619800024E-001  1.5042590288178975E-002  2.5176133024293795E-012  1.9492830419580528E-012 -1.7640381188451498E-005
  3.0480000000000000E+001  5.7175151278417241E-012 -3.3189001294376808E-013  3.7696601468601730E-005  4.4726290251095109E-013  3.4018206580251122E-013 -2.9904591843016053E-006  1.7442267840407621E-001  1.5066241711087953E-002  2.5640940668165214E-012  1.9502128260036710E-012 -1.7143823844750207E-005
  3.0560000000000002E+001  5.6814373587368417E-012 -3.5908861597486458E-013  3.7932176322999193E-005  4.5457628117861462E-013  3.3967082970294429E-013 -2.8980142055427954E-006  1.7415341815666313E-001  1.5094457189198012E-002  2.6100478753375682E-012  1.9502912094638550E-012 -1.6639524258819500E-005
  3.0640000000000001E+001  5.6447829228531458E-012 -3.8623734569623916E-013  3.8160283741488578E-005  4.6169142160355262E-013  3.3894003278410811E-013 -2.8038180877257618E-006  1.7384088310637774E-001  1.5127316990629240E-002  2.6556651477251315E-012  1.9495926264518315E-012 -1.6127608906324698E-005
  3.0719999999999999E+001  5.6075667312802733E-012 -4.1331902122032188E-013  3.8380787217035314E-005  4.6862795399631959E-013  3.3799522110550331E-013 -2.7079625964484883E-006  1.7348479534096706E-001  1.5164900198147977E-002  2.7010956909340058E-012  1.9481474433120865E-012 -1.5608207396738286E-005
  3.0800000000000001E+001  5.5698024502137347E-012 -4.4031658107311970E-013  3.8593557756920336E-005  4.7539682322124256E-013  3.3683418656264001E-013 -2.6105437074704261E-006  1.7308496411390348E-001  1.5207284601760808E-002  2.7464389196676888E-012  1.9459393512948407E-012 -1.5081452438206197E-005
  3.0879999999999999E+001  5.5315032395648745E-012 -4.6721249107034428E-013  3.8798474210230583E-005  4.8200013045679038E-013  3.3544897127551318E-013 -2.5116613618132032E-006  1.7264128837997689E-001  1.5254546568796440E-002  2.7917425162241862E-012  1.9429164236413230E-012 -1.4547479801545154E-005
  3.0960000000000001E+001  5.4926824293406482E-012 -4.9398841647720181E-013  3.8995423574810448E-005  4.8843283371001352E-013  3.3382998888847935E-013 -2.4114191973840799E-006  1.7215375910774278E-001  1.5306760891069136E-002  2.8370116738515926E-012  1.9390144843970848E-012 -1.4006428283329368E-005
  3.1039999999999999E+001  5.4533539861712723E-012 -5.2062528929250097E-013  3.9184301281812035E-005  4.9468573479574559E-013  3.3197058237172242E-013 -2.3099242576326132E-006  1.7162246133872003E-001  1.5364000608758971E-002  2.8822258077067613E-012  1.9341833225030976E-012 -1.3458439668019310E-005
  3.1120000000000001E+001  5.4135327117733289E-012 -5.4710370965667740E-013  3.9365011456031666E-005  5.0074848364237596E-013  3.2986985313236345E-013 -2.2072866779786795E-006  1.7104757596427658E-001  1.5426336810624941E-002  2.9273555403881710E-012  1.9284032901680590E-012 -1.2903658689084864E-005
  3.1199999999999999E+001  5.3732342287884922E-012 -5.7340446579367912E-013  3.9537467150288624E-005  5.0661127766531157E-013  3.2753233164507149E-013 -2.1036193509874648E-006  1.7042938119231815E-001  1.5493838410180896E-002  2.9723723036604833E-012  1.9216837969517289E-012 -1.2342232989080490E-005
  3.1280000000000001E+001  5.3324749073468791E-012 -5.9950888271988884E-013  3.9701590552189661E-005  5.1226451648657239E-013  3.2496469463652137E-013 -1.9990375714985745E-006  1.6976825367726786E-001  1.5566571897508116E-002  3.0172460939753448E-012  1.9140445080629175E-012 -1.1774313078635792E-005
  3.1359999999999999E+001  5.2912719061506406E-012 -6.2539881693552254E-013  3.9857313161728396E-005  5.1769659646099960E-013  3.2217127631115060E-013 -1.8936586631479460E-006  1.6906466928842179E-001  1.5644601066451595E-002  3.0619321821304177E-012  1.9054890682881613E-012 -1.1200052294329568E-005
  3.1440000000000001E+001  5.2496434519131191E-012 -6.5105628692967293E-013  4.0004575938293332E-005  5.2289079199936903E-013  3.1915053318490476E-013 -1.7876015879533385E-006  1.6831920349413826E-001  1.5727986716990650E-002  3.1063520510576776E-012  1.8959838467602720E-012 -1.0619606755420670E-005
  3.1520000000000000E+001  5.2076093794307416E-012 -6.7646290224510731E-013  4.0143329415800930E-005  5.2782263583383446E-013  3.1589387997005271E-013 -1.6809865408561355E-006  1.6753253134139684E-001  1.5816786332706233E-002  3.1503767336438050E-012  1.8854501850433086E-012 -1.0033135319413712E-005
  3.1600000000000001E+001  5.1651918301797056E-012 -7.0159930772488137E-013  4.0273533784830314E-005  5.3245893191559537E-013  3.1238692832721137E-013 -1.5739345313268373E-006  1.6670542701362892E-001  1.5911053733312308E-002  3.1938193371762834E-012  1.8737707004430756E-012 -9.4407995364432027E-006
  3.1680000000000000E+001  5.1224159503242463E-012 -7.2644481077746113E-013  4.0395158940813224E-005  5.3675880790436723E-013  3.0861212943807577E-013 -1.4665669543351225E-006  1.6583876295152972E-001  1.6010838702495245E-002  3.2364394684543324E-012  1.8608041025634265E-012 -8.8427636024622125E-006
  3.1760000000000002E+001  5.0793104209150069E-012 -7.5097724843497350E-013  4.0508184497523933E-005  5.4067649963888545E-013  3.0455167222370293E-013 -1.3590051531538351E-006  1.6493350852352479E-001  1.6116186591632550E-002  3.2779581261992104E-012  1.8464019340704544E-012 -8.2391943112149575E-006
  3.1840000000000000E+001  5.0359077103820246E-012 -7.7517307833325360E-013  4.0612599765317838E-005  5.4416500549996028E-013  3.0018993512861528E-013 -1.2513699766197756E-006  1.6399072823432478E-001  1.6227137900386893E-002  3.3180782644542519E-012  1.8304231141101616E-012 -7.6302610049570185E-006
  3.1920000000000002E+001  4.9922440200350132E-012 -7.9900763805555194E-013  4.0708403693783098E-005  5.4717961316007607E-013  2.9551544899969523E-013 -1.1437813336174522E-006  1.6301157946221179E-001  1.6343727835622508E-002  3.3565052353674131E-012  1.8127460209686739E-012 -7.0161355238633610E-006
  3.2000000000000000E+001  4.9483589722764125E-012 -8.2245555017320484E-013  4.0795604778696630E-005  5.4968067575865803E-013  2.9052243920925262E-013 -1.0363577476883626E-006  1.6199730972012952E-001  1.6465985850353339E-002  3.3929633739909706E-012  1.7932784907954950E-012 -6.3969921540413471E-006
  3.2079999999999998E+001  4.9042951119136279E-012 -8.4549122832903237E-013  4.0874220933413236E-005  5.5163546139147283E-013  2.8521166078567258E-013 -9.2921591479174653E-007  1.6094925344180536E-001  1.6593935164535039E-002  3.4272075546820508E-012  1.7719639144638377E-012 -5.7730075740538740E-006
  3.2160000000000004E+001  4.8600972984537768E-012 -8.6808941589891245E-013  4.0944279325063310E-005  5.5301924168969016E-013  2.7959007364022020E-013 -8.2247026732673279E-007  1.5986882829997820E-001  1.6727592269676073E-002  3.4590305957416770E-012  1.7487804515140111E-012 -5.1443607998573888E-006
  3.2240000000000002E+001  4.8158120332432775E-012 -8.9022564011146760E-013  4.1005816176185513E-005  5.5381577896208037E-013  2.7366906338321796E-013 -7.1623254757357728E-007  1.5875753107262364E-001  1.6866966419045042E-002  3.4882673540648969E-012  1.7237311896734914E-012 -4.5112331280745982E-006
  3.2320000000000000E+001  4.7714867738198439E-012 -9.1187646604022733E-013  4.1058876532675082E-005  5.5401719733815752E-013  2.6746155327445513E-013 -6.1061139369470578E-007  1.5761693307607835E-001  1.7012059105748566E-002  3.5147952751424900E-012  1.6968269691369218E-012 -3.8738080775420905E-006
  3.2399999999999999E+001  4.7271692816691723E-012 -9.3301948863538042E-013  4.1103513999176666E-005  5.5362303350812830E-013  2.6097908417623855E-013 -5.0571194137156127E-007  1.5644867518997174E-001  1.7162863531085839E-002  3.5385299063412500E-012  1.6680683227796312E-012 -3.2322713290904170E-006
  3.2480000000000004E+001  4.6829070884585434E-012 -9.5363311950842550E-013  4.1139790443294532E-005  5.5263845248661647E-013  2.5423023622767440E-013 -4.0163544405440739E-007  1.5525446250066291E-001  1.7319364066236163E-002  3.5594150041614949E-012  1.6374352555945711E-012 -2.5868106635261317E-006
  3.2560000000000002E+001  4.6387471292713137E-012 -9.7369632643180832E-013  4.1167775670225371E-005  5.5107231189568632E-013  2.4722122412229683E-013 -2.9847891466374956E-007  1.5403605859401540E-001  1.7481535710690534E-002  3.5774113397994415E-012  1.6048906281258947E-012 -1.9376158977896908E-006
  3.2640000000000001E+001  4.5947355185552336E-012 -9.9318851536799299E-013  4.1187547069640732E-005  5.4893601152437419E-013  2.3995860865500761E-013 -1.9633479142558813E-007  1.5279527953289568E-001  1.7649343551100705E-002  3.5924902101771257E-012  1.5703975107610709E-012 -1.2848788192705240E-006
  3.2719999999999999E+001  4.5509173674274138E-012 -1.0120897038166095E-012  4.1199189236853465E-005  5.4624389664107372E-013  2.3245308620436339E-013 -9.5290630319557431E-008  1.5153398755876604E-001  1.7822742224495793E-002  3.6046369506470129E-012  1.5339444848334023E-012 -6.2879311827189667E-007
  3.2799999999999997E+001  4.5073364950926618E-012 -1.0303810091606911E-012  4.1202793570491861E-005  5.4301523946472250E-013  2.2472290266810336E-013  4.5711736166826158E-009  1.5025408456125428E-001  1.8001675389941248E-002  3.6138651752848101E-012  1.4955697495461258E-012  3.0445681365498364E-008
  3.2880000000000003E+001  4.4640349291130582E-012 -1.0480453682435061E-012  4.1198457849074796E-005  5.3927671179651522E-013  2.1679549414063409E-013  1.0317363415677308E-007  1.4895750536123167E-001  1.8186075213135252E-002  3.6202350997857145E-012  1.4553746342636202E-012  6.9264029345382140E-007
  3.2960000000000001E+001  4.4210522212052194E-012 -1.0650682882231926E-012  4.1186285789026777E-005  5.3506397568926664E-013  2.0870673809961876E-013  2.0044538925424374E-007  1.4764621085230020E-001  1.8375861869109410E-002  3.6238669321141614E-012  1.4135217337137874E-012  1.3575917424253385E-006
  3.3039999999999999E+001  4.3784246930027755E-012 -1.0814384463394451E-012  4.1166386586794117E-005  5.3042131958122203E-013  2.0049808823728718E-013  2.9632088253672853E-007  1.4632218104457304E-001  1.8570943068881154E-002  3.6249417017879798E-012  1.3702185473170348E-012  2.0250994380423311E-006
  3.3119999999999997E+001  4.3361848100722239E-012 -1.0971479823411585E-012  4.1138874447820901E-005  5.2539927593970802E-013  1.9221252803173891E-013  3.9074050985909788E-007  1.4498740805368548E-001  1.8771213616520760E-002  3.6236882870881934E-012  1.3256921105921713E-012  2.6949612518266349E-006
  3.3200000000000003E+001  4.2943608088524222E-012 -1.1121924508245233E-012  4.1103868105216661E-005  5.2005126137491594E-013  1.8389063608278082E-013  4.8365073015957330E-007  1.4364388907978415E-001  1.8976555003213869E-002  3.6203629389573353E-012  1.2801629639441137E-012  3.3669735951964838E-006
  3.3280000000000001E+001  4.2529766082522373E-012 -1.1265704841144035E-012  4.1061490330995369E-005  5.1443041695652087E-013  1.7556771208032551E-013  5.7500414019026794E-007  1.4229361942179322E-001  1.9186835045053738E-002  3.6152290310342276E-012  1.2338250351921863E-012  4.0409314993021296E-006
  3.3359999999999999E+001  4.2120519421393789E-012 -1.1402832847573754E-012  4.1011867442786218E-005  5.0858746732467684E-013  1.6727250191686281E-013  6.6475951303613693E-007  1.4093858557523434E-001  1.9401907570901832E-002  3.6085428102659179E-012  1.1868356207690519E-012  4.7166286965435357E-006
  3.3439999999999998E+001  4.1716026134802890E-012 -1.1533340844211015E-012  4.0955128808909587E-005  5.0256967177225114E-013  1.5902745778219050E-013  7.5288180068263070E-007  1.3958075846021900E-001  1.9621612166760647E-002  3.6005460551122005E-012  1.1393156874601994E-012  5.3938577037367947E-006
  3.3520000000000003E+001  4.1316407946558187E-012 -1.1657276780025259E-012  4.0891406354676997E-005  4.9642025611268839E-013  1.5085014150795334E-013  8.3934210122476262E-007  1.3822208682413514E-001  1.9845773983121210E-002  3.5914616878898540E-012  1.0913583865934098E-012  6.0724099068813003E-006
  3.3600000000000001E+001  4.0921753725022589E-012 -1.1774701070623741E-012  4.0820834072713625E-005  4.9017783659369278E-013  1.4275529059355870E-013  9.2411759161760575E-007  1.3686449085869842E-001  2.0074203612068204E-002  3.5814889923267404E-012  1.0430428582614391E-012  6.7520756474719206E-006
  3.3680000000000000E+001  4.0532123408008279E-012 -1.1885685244974953E-012  4.0743547540018180E-005  4.8387593237615009E-013  1.3475707940992042E-013  1.0071914271498721E-006  1.3550985606735427E-001  2.0306697040946977E-002  3.5707991252559397E-012  9.9445026264654649E-013  7.4326443103005440E-006
  3.3759999999999998E+001  4.0147552233220749E-012 -1.1990312397679613E-012  4.0659683444369645E-005  4.7754279253428058E-013  1.2687113792747708E-013  1.0885526090876878E-006  1.3416002741625335E-001  2.0543035689117604E-002  3.5595326374268601E-012  9.4567893577145753E-013  8.1139044126929965E-006
  3.3840000000000003E+001  3.9768054939953430E-012 -1.2088679065658916E-012  4.0569379122564150E-005  4.7120178324373254E-013  1.1911575758765190E-013  1.1681958221924556E-006  1.3281680380050018E-001  2.0782986533645159E-002  3.5478010131124788E-012  8.9685430293204479E-013  8.7956436951238598E-006
  3.3920000000000002E+001  3.9393629380030776E-012 -1.2180897609819856E-012  4.0472772112818852E-005  4.6487227448416597E-013  1.1151161003997487E-013  1.2461212440639453E-006  1.3148193285610876E-001  2.1026302328829318E-002  3.5356920628305587E-012  8.4812803098173521E-013  9.4776492131381140E-006
  3.4000000000000000E+001  3.9024259300778764E-012 -1.2267097641722876E-012  4.0369999723513919E-005  4.5857039542068891E-013  1.0407961832965738E-013  1.3223343284777783E-006  1.3015710614488116E-001  2.1272721923657426E-002  3.5232746118353980E-012  7.9966286757113110E-013  1.0159707430487671E-005
  3.4079999999999998E+001  3.8659916747357674E-012 -1.2347424999147308E-012  4.0261198620262408E-005  4.5230906529199022E-013  9.6837379503583450E-014  1.3968455650524922E-006  1.2884395473383220E-001  2.1521970680723104E-002  3.5105978439647000E-012  7.5160523721529936E-013  1.0841604313372242E-005
  3.4160000000000004E+001  3.8300564796311580E-012 -1.2422037448928609E-012  4.0146504433105520E-005  4.4609715891523194E-013  8.9795172756721845E-014  1.4696702177064343E-006  1.2754404518572932E-001  2.1773760999417763E-002  3.4976838149926755E-012  7.0405284842484146E-013  1.1523125425661788E-005
  3.4240000000000002E+001  3.7946161293093303E-012 -1.2491097275558063E-012  4.0026051385429378E-005  4.3993816474107643E-013  8.2952999264997852E-014  1.5408280444369430E-006  1.2625887597005689E-001  2.2027792945822411E-002  3.4845154969720658E-012  6.5702847714522285E-013  1.2204056024975600E-005
  3.4320000000000000E+001  3.7596663732725858E-012 -1.2554762247752606E-012  3.9899971945995609E-005  4.3382909254372415E-013  7.6299955902836086E-014  1.6103430010046757E-006  1.2498987430072239E-001  2.2283754990494599E-002  3.4710261181174479E-012  6.1047087091291909E-013  1.2884181159496208E-005
  3.4399999999999999E+001  3.7252034745023344E-012 -1.2613177205002601E-012  3.9768396505268630E-005  4.2776034331333485E-013  6.9816239936675517E-014  1.6782429311406679E-006  1.2373839340227416E-001  2.2541324854329445E-002  3.4570956909991402E-012  5.6424648226198816E-013  1.3563285765399149E-005
  3.4480000000000004E+001  3.6912247183424522E-012 -1.2666468231651287E-012  3.9631453077013103E-005  4.2171680097331159E-013  6.3477082327444379E-014  1.7445592459033239E-006  1.2250571020453975E-001  2.2800170461063821E-002  3.4425574002407668E-012  5.1817783153321372E-013  1.4241154764780313E-005
  3.4560000000000002E+001  3.6577287863466046E-012 -1.2714740536726512E-012  3.9489267025924099E-005  4.1567987404089300E-013  5.7257241901810652E-014  1.8093265947948357E-006  1.2129302346158971E-001  2.3059950993753426E-002  3.4272123298296641E-012  4.7207837852032985E-013  1.4917573163960615E-005
  3.4640000000000001E+001  3.6247159384959093E-012 -1.2758079818694184E-012  3.9341960821845929E-005  4.0962987816568510E-013  5.1134723628944405E-014  1.8725825311791880E-006  1.2010145228687073E-001  2.3320318051346899E-002  3.4108480327996272E-012  4.2578315712442789E-013  1.5592326152049276E-005
  3.4719999999999999E+001  3.5921880058400950E-012 -1.2796556094532823E-012  3.9189653820935428E-005  4.0354795566787575E-013  4.5092931952961539E-014  1.9343671744382813E-006  1.1893203509154986E-001  2.3580916900506243E-002  3.3932544043522722E-012  3.7916811916709453E-013  1.6265199199655676E-005
  3.4800000000000004E+001  3.5601482655890492E-012 -1.2830228509818922E-012  3.9032462073935804E-005  3.9741718705504885E-013  3.9121091664869339E-014  1.9947228711790816E-006  1.1778572891007193E-001  2.3841387816579372E-002  3.3742336872260457E-012  3.3215587290184937E-013  1.6935978157654941E-005
  3.4880000000000003E+001  3.5286012559112872E-012 -1.2859149841196614E-012  3.8870498161546775E-005  3.9122284454956109E-013  3.3213298150460505E-014  2.0536938576876878E-006  1.1666340909532311E-001  2.4101367506164994E-002  3.3536037003599442E-012  2.8470990216862821E-013  1.7604449355927908E-005
  3.4960000000000001E+001  3.4975526104611194E-012 -1.2883369786859659E-012  3.8703871056705774E-005  3.8495213458746961E-013  2.7366611045674995E-014  2.1113259257142287E-006  1.1556586936523945E-001  2.4360490602088520E-002  3.3311968105277538E-012  2.3682004015268691E-013  1.8270399702007135E-005
  3.5039999999999999E+001  3.4670089143772920E-012 -1.2902936418869694E-012  3.8532686013432499E-005  3.7859394744391312E-013  2.1578627597254892E-014  2.1676660935744164E-006  1.1449382218380456E-001  2.4618391219678168E-002  3.3068588481559548E-012  1.8848245316533810E-013  1.8933616779561516E-005
  3.5119999999999997E+001  3.4369775788700933E-012 -1.2917895591015267E-012  3.8357044481733867E-005  3.7213888243727078E-013  1.5845024204469985E-014  2.2227622844438073E-006  1.1344789945899782E-001  2.4874704561735732E-002  3.2804503424106975E-012  1.3967814455899479E-013  1.9593888946643804E-005
  3.5200000000000003E+001  3.4074666931873287E-012 -1.2928288457596846E-012  3.8177044047921490E-005  3.6557959423443967E-013  1.0157667294651793E-014  2.2766630135736490E-006  1.1242865353900379E-001  2.5129068558486355E-002  3.2518506138903408E-012  9.0355331050973245E-014  2.0251005433614225E-005
  3.5280000000000001E+001  3.3784848437925830E-012 -1.2934147858686710E-012  3.7992778399562083E-005  3.5891118896731159E-013  4.5040323450963912E-015  2.3294170859941813E-006  1.1143655848681258E-001  2.5381125527903951E-002  3.2209624692810932E-012  4.0422669190498295E-014  2.0904756440642707E-005
  3.5359999999999999E+001  3.3500409029525588E-012 -1.2935494909349000E-012  3.7804337314162421E-005  3.5213150391110077E-013 -1.1316007968070503E-015  2.3810733060889769E-006  1.1047201161131602E-001  2.5630523841415662E-002  3.1877160015358221E-012 -1.0241676625298779E-014  2.1554933234685833E-005
  3.5439999999999998E+001  3.3221438031668068E-012 -1.2932337297411818E-012  3.7611806670587847E-005  3.4524122624072927E-013 -6.7652919508551974E-015  2.4316802002432349E-006  1.0953533523241508E-001  2.5876919579552907E-002  3.1520710100441974E-012 -6.1765192509647860E-014  2.2201328245832018E-005
  3.5520000000000003E+001  3.2948023067540422E-012 -1.2924670442227632E-012  3.7415268482123503E-005  3.3824402825688117E-013 -1.2409680588206045E-014  2.4812857536102938E-006  1.0862677865772957E-001  2.6119978161807281E-002  3.1140195682342525E-012 -1.1424648669029215E-013  2.2843735162906139E-005
  3.5600000000000001E+001  3.2680247586457059E-012 -1.2912481808470689E-012  3.7214800950010200E-005  3.3114695232469146E-013 -1.8070478376777154E-014  2.5299371618838396E-006  1.0774652034872517E-001  2.6359375934895228E-002  3.0735908940494777E-012 -1.6772138638708759E-013  2.3481949028221688E-005
  3.5680000000000000E+001  3.2418187943820915E-012 -1.2895757676824788E-012  3.7010478536222089E-005  3.2396095929916728E-013 -2.3744392807426298E-014  2.5776805987948591E-006  1.0689467025367765E-001  2.6594801704054850E-002  3.0308578256273848E-012 -2.2214091179311800E-013  2.4115766331366764E-005
  3.5759999999999998E+001  3.2161910051578391E-012 -1.2874490779978807E-012  3.6802372054203023E-005  3.1670127209827271E-013 -2.9419121927358289E-014  2.6245609998777649E-006  1.0607127228481419E-001  2.6825958192657508E-002  2.9859414963692355E-012 -2.7736799298001088E-013  2.4744985101911952E-005
  3.5840000000000003E+001  3.1911465908463679E-012 -1.2848687081741015E-012  3.6590548776241646E-005  3.0938706088717126E-013 -3.5075412489538331E-014  2.6706218628571289E-006  1.0527630691542259E-001  2.7052563416809099E-002  2.9390097698841661E-012 -3.3319398054021536E-013  2.5369405000937749E-005
  3.5920000000000002E+001  3.1666890754158917E-012 -1.2818370119995545E-012  3.6375072556145882E-005  3.0204024389999447E-013 -4.0690521047129885E-014  2.7159050648401850E-006  1.0450969387388678E-001  2.7274351962570730E-002  2.8902669367757886E-012 -3.8936965816617741E-013  2.5988827411294508E-005
  3.6000000000000000E+001  3.1428201518223688E-012 -1.2783582248065607E-012  3.6156003965867217E-005  2.9468364604375033E-013 -4.6241992439623835E-014  2.7604506963596535E-006  1.0377129491177325E-001  2.7491076154906275E-002  2.8399365822501203E-012 -4.4564092893395223E-013  2.6603055526525295E-005
  3.6079999999999998E+001  3.1195396920488916E-012 -1.2744382932092147E-012  3.5933400444728337E-005  2.8733919735585054E-013 -5.1710853424303245E-014  2.8042969122069202E-006  1.0306091662603704E-001  2.7702507108347478E-002  2.7882439813526923E-012 -5.0178046166882179E-013  2.7211894438397196E-005
  3.6160000000000004E+001  3.0968458802454327E-012 -1.2700844882586722E-012  3.5707316459914109E-005  2.8002681283080373E-013 -5.7083513234697845E-014  2.8474797989367702E-006  1.0237831331786658E-001  2.7908435650505027E-002  2.7354043607633799E-012 -5.5760797816490655E-013  2.7815151222993441E-005
  3.6240000000000002E+001  3.0747354019959630E-012 -1.2653049310916631E-012  3.5477803676898454E-005  2.7276423162361488E-013 -6.2352092478557592E-014  2.8900332588525467E-006  1.0172318987275623E-001  2.8108673110900956E-002  2.6816201379056850E-012 -6.1299574973881841E-013  2.8412635025319142E-005
  3.6320000000000000E+001  3.0532036031856543E-012 -1.2601081534621030E-012  3.5244911138497702E-005  2.6556756902079427E-013 -6.7513399202382942E-014  2.9319889101781936E-006  1.0109520464663473E-001  2.8303051969588960E-002  2.6270851531801123E-012 -6.6786070398687206E-013  2.9004157142373443E-005
  3.6399999999999999E+001  3.0322445909526360E-012 -1.2545027872192818E-012  3.5008685451269943E-005  2.5845191288838681E-013 -7.2566873845747484E-014  2.9733760030170013E-006  1.0049397234360549E-001  2.8491426361967224E-002  2.5719895670644488E-012 -7.2214575163130183E-013  2.9589531104644625E-005
  3.6480000000000004E+001  3.0118512971235124E-012 -1.2484974536467834E-012  3.4769170978014982E-005  2.5143148014090945E-013 -7.7512128728962266E-014  3.0142213505919714E-006  9.9919066870573517E-002  2.8673672438488760E-002  2.5165205792811268E-012 -7.7579621559359220E-013  3.0168572755994098E-005
  3.6560000000000002E+001  2.9920155541300904E-012 -1.2421008466226478E-012  3.4526410035175228E-005  2.4451918884184264E-013 -8.2346752112194677E-014  3.0545492751895713E-006  9.9370024155768788E-002  2.8849688579656512E-002  2.4608573316716815E-012 -8.2873801417641765E-013  3.0741100331907559E-005
  3.6640000000000001E+001  2.9727282269088176E-012 -1.2353219733088322E-012  3.4280443093984650E-005  2.3772585263425235E-013 -8.7064814360770744E-014  3.0943815681984984E-006  9.8846344919735860E-002  2.9019395468353189E-002  2.4051618664726574E-012 -8.8086222720478330E-013  3.1306934536101494E-005
  3.6719999999999999E+001  2.9539794177086101E-012 -1.2281704763249245E-012  3.4031308984263468E-005  2.3105946151708478E-013 -9.1656591719237202E-014  3.1337374636598906E-006  9.8347497391322827E-002  2.9182736022322058E-002  2.3495707469085341E-012 -9.3202162902856692E-013  3.1865898615473740E-005
  3.6800000000000004E+001  2.9357587130660840E-012 -1.2206569186337543E-012  3.3779045099799068E-005  2.2452475513174123E-013 -9.6109775286355502E-014  3.1726336247593954E-006  9.7872919962381413E-002  2.9339675191101026E-002  2.2941895100720884E-012 -9.8204240188138989E-013  3.2417818433378176E-005
  3.6880000000000003E+001  2.9180554568875315E-012 -1.2127929122791076E-012  3.3523687604301965E-005  2.1812303473048765E-013 -1.0041194646546283E-013  3.2110841426785089E-006  9.7422023776960340E-002  2.9490199622756799E-002  2.2390895401254854E-012 -1.0307492882366219E-012  3.2962522541190440E-005
  3.6960000000000001E+001  2.9008590275092060E-012 -1.2045910071992802E-012  3.3265271636970506E-005  2.1185204400697379E-013 -1.0455371686162872E-013  3.2491005471899407E-006  9.6994195250163742E-002  2.9634317207527683E-002  2.1843057043681021E-012 -1.0779983242462990E-012  3.3499842248119012E-005
  3.7039999999999999E+001  2.8841591298464157E-012 -1.1960643175812470E-012  3.3003831516751574E-005  2.0570574148086728E-013 -1.0853167158917472E-013  3.2866918283060828E-006  9.6588798511506771E-002  2.9772056507018869E-002  2.1298329540117437E-012 -1.1237083341778919E-012  3.4029611689211350E-005
  3.7119999999999997E+001  2.8679461088722672E-012 -1.1872259397450123E-012  3.2739400944441533E-005  1.9967415772175684E-013 -1.1235011169896563E-013  3.3238644682370116E-006  9.6205177767082539E-002  2.9903466079025734E-002  2.0756238713539298E-012 -1.1678805560698146E-012  3.4551667891508174E-005
  3.7200000000000003E+001  2.8522112646109346E-012 -1.1780882997094125E-012  3.2472013201833652E-005  1.9374357227587572E-013 -1.1602096646823707E-013  3.3606224828820159E-006  9.5842659575259934E-002  3.0028613708996961E-002  2.0215896432207834E-012 -1.2105993848516245E-012  3.5065850838308402E-005
  3.7280000000000001E+001  2.8369471373081271E-012 -1.1686625851100943E-012  3.2201701347180411E-005  1.8789718747035905E-013 -1.1956185592462187E-013  3.3969674720797418E-006  9.5500555031473977E-002  3.0147585559722349E-002  1.9676064041922292E-012 -1.2520134777419458E-012  3.5572003531518351E-005
  3.7359999999999999E+001  2.8221477146156771E-012 -1.1589584027614730E-012  3.1928498406300894E-005  1.8211630458524684E-013 -1.2299293913740821E-013  3.4328986778586059E-006  9.5178161858795587E-002  3.0260485251083807E-002  1.9135271168075331E-012 -1.2923034542695643E-012  3.6069972052069001E-005
  3.7439999999999998E+001  2.8078085285744876E-012 -1.1489837148481090E-012  3.1652437558723034E-005  1.7638171064205145E-013 -1.2633354167249349E-013  3.4684130499483143E-006  9.4874766401878891E-002  3.0367432881815162E-002  1.8591960009510046E-012 -1.3316464579107111E-012  3.6559605618394037E-005
  3.7520000000000003E+001  2.7939266409129489E-012 -1.1387450360938741E-012  3.1373552318309163E-005  1.7067488134370194E-013 -1.2959945331293717E-013  3.5035053178245460E-006  9.4589645522419469E-002  3.0468564005251018E-002  1.8044613382896912E-012 -1.3701870855067189E-012  3.7040756642969902E-005
  3.7600000000000001E+001  2.7805005475594953E-012 -1.1282478023180391E-012  3.1091876707871106E-005  1.6497864147832646E-013 -1.3280145738511069E-013  3.5381680685741935E-006  9.4322068395009881E-002  3.0564028570816120E-002  1.7491827534238082E-012 -1.4080209086659405E-012  3.7513280786927582E-005
  3.7680000000000000E+001  2.7675300582764167E-012 -1.1174968029122564E-012  3.0807445427337292E-005  1.5927722397928913E-013 -1.3594515203777233E-013  3.5723918299079793E-006  9.4071298203374093E-002  3.0653989842479960E-002  1.6932321934634010E-012 -1.4451915756210702E-012  3.7977037012752332E-005
  3.7759999999999998E+001  2.7550161917228091E-012 -1.1064965779919955E-012  3.0520294015085830E-005  1.5355598351993870E-013 -1.3903187160150410E-013  3.6061651576984735E-006  9.3836593738079357E-002  3.0738623304705212E-002  1.6364911947747466E-012 -1.4816997387204928E-012  3.8431887635089574E-005
  3.7840000000000003E+001  2.7429611009132265E-012 -1.0952517034560157E-012  3.0230459002105537E-005  1.4780110134041182E-013 -1.4206036958421828E-013  3.6394747274773555E-006  9.3617210898079506E-002  3.0818115565531948E-002  1.5788479715762749E-012 -1.5175203836030465E-012  3.8877698369672314E-005
  3.7920000000000002E+001  2.7313680155083432E-012 -1.0837669188585206E-012  2.9937978058689453E-005  1.4199959748051042E-013 -1.4502888694512332E-013  3.6723054293991783E-006  9.3412404099894750E-002  3.0892663265362219E-002  1.5201977201877839E-012 -1.5526246170538308E-012  3.9314338380375135E-005
  3.8000000000000000E+001  2.7202411653163448E-012 -1.0720470815447960E-012  2.9642890133401668E-005  1.3613977007496869E-013 -1.4793714028956528E-013  3.7046404661878542E-006  9.3221427597296846E-002  3.0962471999707322E-002  1.4604474797597520E-012 -1.5870009188224281E-012  3.9741680324389439E-005
  3.8079999999999998E+001  2.7095856522963482E-012 -1.0600969764121901E-012  2.9345235584099396E-005  1.3021194661967091E-013 -1.5078773811259870E-013  3.7364614535996963E-006  9.3043536715350775E-002  3.1027755263107932E-002  1.3995243751412102E-012 -1.6206704935441890E-012  4.0159600395505224E-005
  3.8160000000000004E+001  2.6994072538571975E-012 -1.0479210434467802E-012  2.9045056300825717E-005  1.2420929198653366E-013 -1.5358646642004213E-013  3.7677485229416372E-006  9.2877989001164660E-002  3.1088733421244717E-002  1.3373845246044797E-012 -1.6536905724370133E-012  4.0567978365478069E-005
  3.8240000000000002E+001  2.6897121655785028E-012 -1.0355231417849834E-012  2.8742395820428734E-005  1.1812840397517457E-013 -1.5634112176931400E-013  3.7984804251751568E-006  9.2724045294055091E-002  3.1145632717369719E-002  1.2740196988542933E-012 -1.6861420199469399E-012  4.0966697623458852E-005
  3.8320000000000000E+001  2.6805067092211695E-012 -1.0229064639636899E-012  2.8437299432797692E-005  1.1196961639301464E-013 -1.5905914393344446E-013  3.8286346361656321E-006  9.2580970717420941E-002  3.1198684318568346E-002  1.2094608265445470E-012 -1.7181037992610703E-012  4.1355645213463623E-005
  3.8399999999999999E+001  2.6717970269556204E-012 -1.0100736787556323E-012  2.8129814278642233E-005  1.0573704645526938E-013 -1.6174469966172469E-013  3.8581874626735176E-006  9.2448035595525904E-002  3.1248123406252732E-002  1.1437787042199058E-012 -1.7496212500879547E-012  4.1734711869860589E-005
  3.8480000000000004E+001  2.6635887817883264E-012 -9.9702731201781399E-013  2.7819989438769929E-005  9.9438579483104566E-014 -1.6439621815798135E-013  3.8871141487001580E-006  9.2324516297441553E-002  3.1294188314873961E-002  1.0770839778040558E-012 -1.7806790199441300E-012  4.2103792050851433E-005
  3.8560000000000002E+001  2.6558868542383237E-012 -9.8377028385035526E-013  2.7507876014850208E-005  9.3085789257326180E-014 -1.6700522940311889E-013  3.9153889818056270E-006  9.2209696010783437E-002  3.1337119721961140E-002  1.0095263784881455E-012 -1.8111879810463497E-012  4.2462783969927422E-005
  3.8640000000000001E+001  2.6486950555071542E-012 -9.7030647531331497E-013  2.7193527201681029E-005  8.6693697116839884E-014 -1.6955686679807554E-013  3.9429853990321672E-006  9.2102865447129437E-002  3.1377159892165003E-002  9.4129216805933808E-013 -1.8409902124113054E-012  4.2811589625285981E-005
  3.8719999999999999E+001  2.6420158626996293E-012 -9.5664118516266318E-013  2.6876998351005061E-005  8.0280231431991821E-014 -1.7203182343019984E-013  3.9698760920541398E-006  9.2003323480537177E-002  3.1414551977495909E-002  8.7259828538363372E-013 -1.8698798993282203E-012  4.3150114827203801E-005
  3.8800000000000004E+001  2.6358502184780355E-012 -9.4278138356448300E-013  2.6558347026952366E-005  7.3865289768467880E-014 -1.7440913018498024E-013  3.9960331111930353E-006  9.1910377720577932E-002  3.1449539375326463E-002  8.0368212381494602E-013 -1.8976333634400405E-012  4.3478269223375702E-005
  3.8880000000000003E+001  2.6301974163366745E-012 -9.2873572433306634E-013  2.6237633053214175E-005  6.7469568087001782E-014 -1.7666896916640133E-013  4.0214279679975681E-006  9.1823345022354938E-002  3.1482365144760452E-002  7.3478871531305013E-013 -1.9240396720395563E-012  4.3795966322238173E-005
  3.8960000000000001E+001  2.6250550875841153E-012 -9.1451434849785878E-013  2.5914918552072755E-005  6.1113450431119832E-014 -1.7879487955659150E-013  4.0460317361351897E-006  9.1741551936012480E-002  3.1513271481428601E-002  6.6615852401365721E-013 -1.9489247758029142E-012  4.4103123514302845E-005
  3.9039999999999999E+001  2.6204192642676953E-012 -9.0012854360401170E-013  2.5590267975432545E-005  5.4816321544878458E-014 -1.8077504514669659E-013  4.0698151504012612E-006  9.1664335099636784E-002  3.1542499249771809E-002  5.9801982333344555E-013 -1.9721657099507606E-012  4.4399662091525620E-005
  3.9119999999999997E+001  2.6162844761369347E-012 -8.8559034127438733E-013  2.5263748128008553E-005  4.8596349554912437E-014 -1.8260252717494737E-013  4.0927487037112086E-006  9.1591041579548615E-002  3.1570287571411941E-002  5.3058620883035478E-013 -1.9936932967325849E-012  4.4685507264731810E-005
  3.9200000000000003E+001  2.6126438483389093E-012 -8.7091213925602012E-013  2.4935428182838752E-005  4.2470565374735095E-014 -1.8427448515006765E-013  4.1148027419361311E-006  9.1521029161476905E-002  3.1596873468037724E-002  4.6405738390883793E-013 -2.0134837533405044E-012  4.4960588179112745E-005
  3.9280000000000001E+001  2.6094891856769771E-012 -8.5610642365037651E-013  2.4605379689298772E-005  3.6454935532124634E-014 -1.8579063665130590E-013  4.1359475564551267E-006  9.1453666596148800E-002  3.1622491556905899E-002  3.9861991604083771E-013 -2.0315419042031365E-012  4.5224837927805713E-005
  3.9359999999999999E+001  2.6068110586537694E-012 -8.4118563739181118E-013  2.4273676573805931E-005  3.0564146802193257E-014 -1.8715135029814316E-013  4.1561534742828375E-006  9.1388333801554256E-002  3.1647373797285806E-002  3.3444487692948589E-013 -2.0478802862915240E-012  4.5478193563569389E-005
  3.9439999999999998E+001  2.6045989221886262E-012 -8.2616220760267360E-013  2.3940395133413518E-005  2.4811062588256879E-014 -1.8835582825527828E-013  4.1753909456397398E-006  9.1324422024647134E-002  3.1671749285778462E-002  2.7168190807831770E-013 -2.0624991411819732E-012  4.5720596108570088E-005
  3.9520000000000003E+001  2.6028412886396483E-012 -8.1104870487096665E-013  2.3605614022503573E-005  1.9206082063721192E-014 -1.8940098626325292E-013  4.1936306288561636E-006  9.1261333964593447E-002  3.1695844098527437E-002  2.1045222202531448E-013 -2.0753739711958910E-012  4.5951990562297139E-005
  3.9600000000000001E+001  2.6015259490584308E-012 -7.9585804980055313E-013  2.3269414232796532E-005  1.3756636792170596E-014 -1.9028143676880947E-013  4.2108434725029586E-006  9.1198483859803739E-002  3.1719881178172128E-002  1.5084310322932926E-013 -2.0864551453826455E-012  4.6172325907630674E-005
  3.9680000000000000E+001  2.6006402267529010E-012 -7.8060367498795714E-013  2.2931879066903100E-005  8.4669431343384326E-015 -1.9099071268875943E-013  4.2270007946883884E-006  9.1135297541504776E-002  3.1744080263113789E-002  9.2905208085432169E-014 -2.0956811199194563E-012  4.6381555115086739E-005
  3.9759999999999998E+001  2.6001712381569366E-012 -7.6529953577035162E-013  2.2593094105646390E-005  3.3379337518421759E-015 -1.9152344833297371E-013  4.2420743594724888E-006  9.1071212456098685E-002  3.1768657856810538E-002  3.6651827275915726E-014 -2.1030022207686940E-012  4.6579635145265852E-005
  3.9840000000000003E+001  2.6001061573526062E-012 -7.4995992325468134E-013  2.2253147169387501E-005 -1.6328275431139627E-015 -1.9187777493813504E-013  4.2560364503517705E-006  9.1005677658634057E-002  3.1793827234771567E-002 -1.7942038963808159E-014 -2.1084068823542671E-012  4.6766526949533249E-005
  3.9920000000000002E+001  2.6004324905638349E-012 -7.3459909178025002E-013  2.1912128273590107E-005 -6.4512566639416520E-015 -1.9205715766619454E-013  4.2688599408171486E-006  9.0938153780461287E-002  3.1819798486643555E-002 -7.0940901787360170E-014 -2.1119418614670815E-012  4.6942195468957195E-005
  4.0000000000000000E+001  2.6011383584188369E-012 -7.1923077802809022E-013  2.1570129578856758E-005 -1.1126764888503934E-014 -1.9207102285246214E-013  4.2805183619836364E-006  9.0868112973105764E-002  3.1846778591213293E-002 -1.2244897991775342E-013 -2.1137192455177679E-012  4.7106609631530058E-005
  4.0079999999999998E+001  2.6022127729459955E-012 -7.0386772812385607E-013  2.1227245335672725E-005 -1.5671987442322034E-014 -1.9193390791356912E-013  4.2909859673224668E-006  9.0795038831824701E-002  3.1874971521653077E-002 -1.7260726113826083E-013 -2.1139072557014016E-012  4.7259742347692746E-005
  4.0160000000000004E+001  2.6036458764096084E-012 -6.8852135276191916E-013  2.0883571824085163E-005 -2.0102070164626843E-014 -1.9166341848062106E-013  4.3002377945505710E-006  9.0718426301317184E-002  3.1904578378785596E-002 -2.2158571161716005E-013 -2.1127079036487052E-012  4.7401570504175784E-005
  4.0240000000000002E+001  2.6054291041723358E-012 -6.7320158116695670E-013  2.0539207288544634E-005 -2.4433648218592350E-014 -1.9127765706233059E-013  4.3082497247009622E-006  9.0637781565969106E-002  3.1935797550263101E-002 -2.6957208574668333E-013 -2.1103287522059134E-012  4.7532074956166801E-005
  4.0320000000000000E+001  2.6075552601245832E-012 -6.5791692763194626E-013  2.0194251868133009E-005 -2.8683719973160374E-014 -1.9079280216610371E-013  4.3149985384031620E-006  9.0552621926569168E-002  3.1968824893822557E-002 -3.1675955495451727E-013 -2.1069562255997766E-012  4.7651240517811974E-005
  4.0399999999999999E+001  2.6100184993680414E-012 -6.4267473282038011E-013  1.9848807522400128E-005 -3.2868651404110886E-014 -1.9022141878778544E-013  4.3204619693637811E-006  9.0462475664319641E-002  3.2003853943317194E-002 -3.6333574128995669E-013 -2.1027368739823075E-012  4.7759055951063208E-005
  4.0480000000000004E+001  2.6128142443492409E-012 -6.2748150062590059E-013  1.9502977953034804E-005 -3.7003524454163243E-014 -1.8957169219797109E-013  4.3246187550431237E-006  9.0366881893461426E-002  3.2041076136151300E-002 -4.0947551408505963E-013 -2.0977687405412563E-012  4.7855513952889560E-005
  4.0560000000000002E+001  2.6159390632807076E-012 -6.1234326206870474E-013  1.9156868521593228E-005 -4.1101788967193455E-014 -1.8884757098691472E-013  4.3274486845405225E-006  9.0265390403355808E-002  3.2080681061054543E-002 -4.5533711712425376E-013 -2.0921027257577264E-012  4.7940611140877818E-005
  4.0640000000000001E+001  2.6193905305839919E-012 -5.9726588926799424E-013  1.8810586163508320E-005 -4.5175078365188735E-014 -1.8804965783529116E-013  4.3289326437129249E-006  9.0157561491436500E-002  3.2122856725040408E-002 -5.0106009089133978E-013 -2.0857522192173420E-012  4.8014348037253143E-005
  4.0719999999999999E+001  2.6231670758191378E-012 -5.8225531681505815E-013  1.8464239298599160E-005 -4.9233050708461441E-014 -1.8717655840770762E-013  4.3290526576005289E-006  9.0042965789070534E-002  3.2167789838279455E-002 -5.4676346041591013E-013 -2.0787078507229051E-012  4.8076729051350592E-005
  4.0800000000000004E+001  2.6272678186973457E-012 -5.6731763992276102E-013  1.8117937738292236E-005 -5.3283162978701557E-014 -1.8622643245522958E-013  4.3277919302439172E-006  8.9921184082240688E-002  3.2215666115797272E-002 -5.9254315942984345E-013 -2.0709545704941763E-012  4.8127762460565437E-005
  4.0880000000000003E+001  2.6316923818957300E-012 -5.5245908762222142E-013  1.7771792589760133E-005 -5.7330395332876992E-014 -1.8519834594180091E-013  4.3251348819732427E-006  8.9791807128972223E-002  3.2266670595033277E-002 -6.3846886314170803E-013 -2.0624866340264894E-012  4.8167460389806832E-005
  4.0960000000000001E+001  2.6364406819506060E-012 -5.3768590457207288E-013  1.7425916157176517E-005 -6.1376956748917386E-014 -1.8409299812767127E-013  4.3210671842500394E-006  8.9654435475236646E-002  3.2320987968501989E-002 -6.8458056462746827E-013 -2.0533157453224519E-012  4.8195838789476443E-005
  4.1039999999999999E+001  2.6415126949755568E-012 -5.2300420792179401E-013  1.7080421840280127E-005 -6.5422009459959372E-014 -1.8291244807496419E-013  4.3155757921287228E-006  8.9508679270696848E-002  3.2378802931075520E-002 -7.3088530008817303E-013 -2.0434681137749536E-012  4.8212917411992564E-005
  4.1119999999999997E+001  2.6469082034641995E-012 -5.0841991288007860E-013  1.6735424030435921E-005 -6.9461441406673777E-014 -1.8165883115495651E-013  4.3086489744096070E-006  8.9354158085865609E-002  3.2440300541456593E-002 -7.7735433988290499E-013 -2.0329702048292974E-012  4.8218719786879756E-005
  4.1200000000000003E+001  2.6526265256006246E-012 -4.9393879493700097E-013  1.6391038004374590E-005 -7.3487691366975055E-014 -1.8033242225708538E-013  4.3002763415526430E-006  8.9190500731831657E-002  3.2505666597709232E-002 -8.2392089253994078E-013 -2.0218270338943048E-012  4.8213273194443990E-005
  4.1280000000000001E+001  2.6586662340829155E-012 -4.7956672531894494E-013  1.6047379815787498E-005 -7.7489650777906927E-014 -1.7892974015179307E-013  4.2904488714254625E-006  8.9017345084105207E-002  3.2575088026688792E-002 -8.7047858688374886E-013 -2.0100006748752586E-012  4.8196608638053264E-005
  4.1359999999999999E+001  2.6650248697250897E-012 -4.6531003651271408E-013  1.5704566184946516E-005 -8.1452744540714680E-014 -1.7744249500981422E-013  4.2791589329640786E-006  8.8834337911798344E-002  3.2648753287477780E-002 -9.1688188548745655E-013 -1.9973979615265595E-012  4.8168760815042819E-005
  4.1439999999999998E+001  2.6716986732094299E-012 -4.5117592611737467E-013  1.5362714386513246E-005 -8.5359245037704956E-014 -1.7585782028839718E-013  4.2664003078175739E-006  8.8641134713515257E-002  3.2726852789001865E-002 -9.6294906035606268E-013 -1.9838724439848948E-012  4.8129768086264045E-005
  4.1520000000000003E+001  2.6786823489311225E-012 -4.3717278526657053E-013  1.5021942135695704E-005 -8.9188825444272805E-014 -1.7415972113575840E-013  4.2521682100410568E-006  8.8437399560862440E-002  3.2809579322319975E-002 -1.0084678384173441E-012 -1.9692400249422329E-012  4.8079672444297698E-005
  4.1600000000000001E+001  2.6859688852805135E-012 -4.2331037073565332E-013  1.4682367472906677E-005 -9.2919373057636755E-014 -1.7233121383437718E-013  4.2364593039021116E-006  8.8222804950859282E-002  3.2897128508068495E-002 -1.0532039987531776E-012 -1.9533025507205814E-012  4.8018519480354058E-005
  4.1680000000000000E+001  2.6935494486203444E-012 -4.0959979105307018E-013  1.4344108647071366E-005 -9.6527945732974595E-014 -1.7035650043309192E-013  4.2192717198841660E-006  8.7997031668672399E-002  3.2989699259614119E-002 -1.0969116572108413E-012 -1.9358720826836111E-012  4.7946358349881945E-005
  4.1759999999999998E+001  2.7014133565977895E-012 -3.9605333066635861E-013  1.4007283997725210E-005 -9.9991716902649161E-014 -1.6822263680612453E-013  4.2006050689652646E-006  8.7759768661998638E-002  3.3087494262642826E-002 -1.1393435300229592E-012 -1.9167897504282334E-012  4.7863241736907454E-005
  4.1840000000000003E+001  2.7095481233247682E-012 -3.8268416916409025E-013  1.3672011836036924E-005 -1.0328879084658380E-013 -1.6592045274361190E-013  4.1804604552645414E-006  8.7510712928969711E-002  3.3190720471819563E-002 -1.1802598513201748E-012 -1.8959363886913360E-012  4.7769225817119577E-005
  4.1920000000000002E+001  2.7179395631332429E-012 -3.6950605822738071E-013  1.3338410324882883E-005 -1.0639883458543534E-013 -1.6344476142838310E-013  4.1588404871459284E-006  8.7249569421064349E-002  3.3299589625441016E-002 -1.2194353307576593E-012 -1.8732352706636150E-012  4.7664370219714860E-005
  4.2000000000000000E+001  2.7265719368584379E-012 -3.5653300733554896E-013  1.3006597358093575E-005 -1.0930346970302711E-013 -1.6079398396627594E-013  4.1357492868309989E-006  8.6976050961973292E-002  3.3414318779365265E-002 -1.2566634831660597E-012 -1.8486482434914768E-012  4.7548737988013527E-005
  4.2079999999999998E+001  2.7354281182857272E-012 -3.4377902079277656E-013  1.2676690438989924E-005 -1.1198652610962909E-013 -1.5796932981176513E-013  4.1111924985642868E-006  8.6689878183433045E-002  3.3535130861620362E-002 -1.2917594710083495E-012 -1.8221667519865508E-012  4.7422395538863226E-005
  4.2160000000000004E+001  2.7444897810359786E-012 -3.3125791456566654E-013  1.2348806558323289E-005 -1.1443425280022456E-013 -1.5497373279332904E-013  4.0851772953521681E-006  8.6390779478258378E-002  3.3662255249580726E-002 -1.3245625366167416E-012 -1.7937999311946306E-012  4.7285412620855309E-005
  4.2240000000000002E+001  2.7537375987337632E-012 -3.1898322354584391E-013  1.2023062071733577E-005 -1.1663548202921748E-013 -1.5181075399942721E-013  4.0577123842887884E-006  8.6078490971185834E-002  3.3795928371613798E-002 -1.3549379863027414E-012 -1.7635621228416649E-012  4.7137862271391895E-005
  4.2320000000000000E+001  2.7631514581606534E-012 -3.0696819392575818E-013  1.1699572576837083E-005 -1.1858180224914984E-013 -1.4848375951036890E-013  4.0288080105078796E-006  8.5752756508395200E-002  3.3936394335168325E-002 -1.3827793696838254E-012 -1.7314633571530016E-012  4.6979820772653177E-005
  4.2399999999999999E+001  2.7727106870936271E-012 -2.9522582202418489E-013  1.1378452790052316E-005 -1.2026775242030206E-013 -1.4499576456671017E-013  3.9984759598035247E-006  8.5413327666750374E-002  3.4083905583383131E-002 -1.4080110169875749E-012 -1.6975074257342218E-012  4.6811367606524739E-005
  4.2480000000000004E+001  2.7823942985479017E-012 -2.8376887159508455E-013  1.1059816423268519E-005 -1.2169097985221049E-013 -1.4135011888363823E-013  3.9667295600115503E-006  8.5059963785277387E-002  3.4238723581835113E-002 -1.4305902746665166E-012 -1.6616997857061433E-012  4.6632585408546193E-005
  4.2560000000000002E+001  2.7921812438699808E-012 -2.7260980300280277E-013  1.0743776060450468E-005 -1.2285242372038846E-013 -1.3755181607276219E-013  3.9335836812463378E-006  8.4692432020738825E-002  3.4401119537492683E-002 -1.4505101787294740E-012 -1.6240630229375285E-012  4.6443559920939145E-005
  4.2640000000000001E+001  2.8020506863431638E-012 -2.6176058102344260E-013  1.0430443034269105E-005 -1.2375652784371839E-013 -1.3360900012859481E-013  3.8990547350886237E-006  8.4310507430375797E-002  3.4571375151576524E-002 -1.4678026284723770E-012 -1.5846550785176112E-012  4.6244379944765638E-005
  4.2719999999999999E+001  2.8119822883249757E-012 -2.5123236298222760E-013  1.0119927302836288E-005 -1.2441134002774777E-013 -1.2953403130517867E-013  3.8631606728229291E-006  8.3913973084198415E-002  3.4749783408484565E-002 -1.4825403932862880E-012 -1.5435827848395193E-012  4.6035137291257751E-005
  4.2800000000000004E+001  2.8219565007476035E-012 -2.4103513601461401E-013  9.8123373266174363E-006 -1.2482843121845979E-013 -1.2534363532898931E-013  3.8259209828040420E-006  8.3502620209827044E-002  3.4936649402819576E-002 -1.4948371268122647E-012 -1.5010049256705569E-012  4.5815926732348292E-005
  4.2880000000000003E+001  2.8319548373199293E-012 -2.3117738132958931E-013  9.5077799455876412E-006 -1.2502246545937295E-013 -1.2105801843940957E-013  3.7873566870214253E-006  8.3076248372267611E-002  3.5132291206985723E-002 -1.5048432922485831E-012 -1.4571230798941962E-012  4.5586845950421591E-005
  4.2960000000000001E+001  2.8419600952211031E-012 -2.2166585306430848E-013  9.2063602566940083E-006 -1.2501043579171748E-013 -1.1669920357698422E-013  3.7474903368989762E-006  8.2634665691021972E-002  3.5337040781974340E-002 -1.5127380378717197E-012 -1.4121629036931877E-012  4.5347995487296150E-005
  4.3039999999999999E+001  2.8519565070466041E-012 -2.1250550875727183E-013  8.9081814916838050E-006 -1.2481070415218904E-013 -1.1228916591026953E-013  3.7063460083622951E-006  8.2177689096901013E-002  3.5551244934134626E-002 -1.5187185261679859E-012 -1.3663524770846280E-012  4.5099478692443889E-005
  4.3119999999999997E+001  2.8619298078854534E-012 -2.0369958651866536E-013  8.6133448953560411E-006 -1.2444202432144652E-013 -1.0784825923171673E-013  3.6639492961766524E-006  8.1705144630417767E-002  3.5775266321116328E-002 -1.5229887800936401E-012 -1.3199035397132711E-012  4.4841401670448130E-005
  4.3200000000000003E+001  2.8718672309380356E-012 -1.9524978728019715E-013  8.3219496042955406E-006 -1.2392277784468526E-013 -1.0339428251017337E-013  3.6203273075351397E-006  8.1216867783562116E-002  3.6009484510383084E-002 -1.5257508100245414E-012 -1.2729999494792469E-012  4.4573873227705478E-005
  4.3280000000000001E+001  2.8817574523406030E-012 -1.8715650131703762E-013  8.0340925261504187E-006 -1.2327049229922539E-013 -9.8942222852322932E-014  3.5755086548677092E-006  8.0712703886688428E-002  3.6254297093904334E-002 -1.5271989366226011E-012 -1.2257940483425741E-012  4.4297004818382719E-005
  4.3359999999999999E+001  2.8915905097059116E-012 -1.7941903162382548E-013  7.7498682195167072E-006 -1.2250152120117637E-013 -9.4504512849696984E-014  3.5295234478359659E-006  8.0192508542394333E-002  3.6510120862734495E-002 -1.5275159088398663E-012 -1.1784092267925816E-012  4.4010910489647971E-005
  4.3439999999999998E+001  2.9013576957327913E-012 -1.7203577926108610E-013  7.4693687744966641E-006 -1.2163077902504198E-013 -9.0091557850159539E-014  3.4824032844721344E-006  7.9656148108279978E-002  3.6777393045340258E-002 -1.5268695457930294E-012 -1.1309458904232803E-012  4.3715706826204463E-005
  4.3520000000000003E+001  2.9110514343499183E-012 -1.6500438236779996E-013  7.1926836940011656E-006 -1.2067149117828779E-013 -8.5712343092159561E-014  3.4341812414358388E-006  7.9103500231320303E-002  3.7056572613250488E-002 -1.5254093968685962E-012 -1.0834886056689497E-012  4.3411512894159559E-005
  4.3600000000000001E+001  2.9206651343213173E-012 -1.5832180436634057E-013  6.9198997758669299E-006 -1.1963496341678360E-013 -8.1374999747000336E-014  3.3848918633608219E-006  7.8534454436387555E-002  3.7348141657776307E-002 -1.5232634676832990E-012 -1.0361129644603078E-012  4.3098450184261701E-005
  4.3680000000000000E+001  2.9301930284966037E-012 -1.5198438240827990E-013  6.6511009958634341E-006 -1.1853042527217569E-013 -7.7087233565635688E-014  3.3345711512478459E-006  7.7948912771825404E-002  3.7652606841403626E-002 -1.5205356934914772E-012 -9.8889095156736750E-013  4.2776642554536934E-005
  4.3759999999999998E+001  2.9396300023648654E-012 -1.4598784699583886E-013  6.3863683916672745E-006 -1.1736499170887203E-013 -7.2856499243520412E-014  3.2832565498611765E-006  7.7346790515156319E-002  3.7970500927337184E-002 -1.5173047607677444E-012 -9.4189324698306046E-013  4.2446216172349864E-005
  4.3840000000000003E+001  2.9489714271700232E-012 -1.4032734252931664E-013  6.1257799478856459E-006 -1.1614366071387668E-013 -6.8689758890069842E-014  3.2309869340499943E-006  7.6728016941370519E-002  3.8302384390911604E-002 -1.5136232594813560E-012 -8.9518621221263721E-013  4.2107299455911472E-005
  4.3920000000000002E+001  2.9582129880790857E-012 -1.3499748557342768E-013  5.8694104822192754E-006 -1.1486919471151773E-013 -6.4592817119754459E-014  3.1778025938998402E-006  7.6092536156664836E-002  3.8648847116205358E-002 -1.5095151886782952E-012 -8.4882316236586751E-013  4.1760023015255182E-005
  4.4000000000000000E+001  2.9673504983238661E-012 -1.2999249179015592E-013  5.6173315328616714E-006 -1.1354192410250584E-013 -6.0569354367762452E-014  3.1237452186059443E-006  7.5440308000041353E-002  3.9010510181170806E-002 -1.5049722159335824E-012 -8.0283117544220376E-013  4.1404519592700915E-005
  4.4079999999999998E+001  2.9763796959354866E-012 -1.2530638887458569E-013  5.3696112472423243E-006 -1.1215952577358990E-013 -5.6620044146387215E-014  3.0688578789319186E-006  7.4771309015162032E-002  3.9388027734226401E-002 -1.4999493055569877E-012 -7.5719828175931148E-013  4.1040924002828867E-005
  4.4160000000000004E+001  2.9852960224476405E-012 -1.2093328472673397E-013  5.1263142722325644E-006 -1.1071695404485111E-013 -5.2742158950289369E-014  3.0131850081093406E-006  7.4085533494882741E-002  3.9782088964713566E-002 -1.4943620567863475E-012 -7.1186644636415796E-013  4.0669373071985346E-005
  4.4240000000000002E+001  2.9940944085826628E-012 -1.1686764344253939E-013  4.8875016459448298E-006 -1.0920673048340151E-013 -4.8929931630898961E-014  2.9567723810128214E-006  7.3382994600610596E-002  4.0193420169063319E-002 -1.4880886513861057E-012 -6.6673431371088942E-013  4.0290005577343609E-005
  4.4320000000000000E+001  3.0027690993249847E-012 -1.1310449566579013E-013  4.6532306912705129E-006 -1.0761959307496596E-013 -4.5175633559787841E-014  2.8996670914224362E-006  7.2663725558478859E-002  4.0622786913674512E-002 -1.4809767244673756E-012 -6.2166981129023029E-013  3.9902962185544285E-005
  4.4399999999999999E+001  3.0113135434746573E-012 -1.0963954207297334E-013  4.4235549113172400E-006 -1.0594535669998102E-013 -4.1471018878026874E-014  2.8419175271650465E-006  7.1927780934034805E-002  4.1070996294484755E-002 -1.4728534644033946E-012 -5.7652846921289156E-013  3.9508385390942055E-005
  4.4480000000000004E+001  3.0197203563969817E-012 -1.0646913264530583E-013  4.1985238869241055E-006 -1.0417377259425687E-013 -3.7808682605571241E-014  2.7835733429035737E-006  7.1175237986849438E-002  4.1538899291874300E-002 -1.4635362353605423E-012 -5.3117158225237948E-013  3.9106419453488972E-005
  4.4560000000000002E+001  3.0279813470897384E-012 -1.0359015285608194E-013  3.9781831764526682E-006 -1.0229522240612139E-013 -3.4182897211930210E-014  2.7246854303236689E-006  7.0406198106160819E-002  4.2027393217827079E-002 -1.4528414829751415E-012 -4.8547812269706636E-013  3.8697210336288296E-005
  4.4640000000000001E+001  3.0360875919819611E-012 -1.0099986909139700E-013  3.7625742180723185E-006 -1.0030118942126507E-013 -3.0589843398266603E-014  2.6653058854433944E-006  6.9620788328166303E-002  4.2537424250224144E-002 -1.4405910192124396E-012 -4.3934879505549861E-013  3.8280905642856064E-005
  4.4719999999999999E+001  3.0440295373971409E-012 -9.8695777912359284E-014  3.5517342347817251E-006 -9.8184575975514541E-014 -2.7027416784382975E-014  2.6054879727504435E-006  6.8819162935225317E-002  4.3069990046464224E-002 -1.4266165248574536E-012 -3.9270429065152141E-013  3.7857654554129174E-005
  4.4800000000000004E+001  3.0517971241380434E-012 -9.6675482405895723E-014  3.3456961424322475E-006 -9.5940007682049667E-014 -2.3494865064132326E-014  2.5452860858474249E-006  6.8001505136521645E-002  4.3626142425504680E-002 -1.4107642194046213E-012 -3.4548101479355604E-013  3.7427607765258794E-005
  4.4880000000000003E+001  3.0593799386262688E-012 -9.4936599502098112E-014  3.1444884610461371E-006 -9.3564113542476388E-014 -1.9992475455158329E-014  2.4847557042578620E-006  6.7168028829058590E-002  4.4206990103536320E-002 -1.3928995687238683E-012 -2.9762733046582297E-013  3.6990917422227566E-005
  4.4960000000000001E+001  3.0667673823048396E-012 -9.3476686333070390E-014  2.9481352297509896E-006 -9.1055718384251944E-014 -1.6521372209070573E-014  2.4239533460185809E-006  6.6318980436907538E-002  4.4813701463917159E-002 -1.3729111114008130E-012 -2.4910123873802733E-013  3.6547737058327316E-005
  4.5039999999999999E+001  3.0739488535677491E-012 -9.2293179948646820E-014  2.7566559256831642E-006 -8.8415932297069307E-014 -1.3083382811617403E-014  2.3629365156562530E-006  6.5454640825673066E-002  4.5447507336361728E-002 -1.3507131071716244E-012 -1.9986898518408879E-013  3.6098221530530986E-005
  4.5119999999999997E+001  3.0809139314723707E-012 -9.1383345083211606E-014  2.5700653872459890E-006 -8.5648046616573839E-014 -9.6809773479958250E-015  2.3017636471187016E-006  6.4575327287898138E-002  4.6109703753727652E-002 -1.3262455145764103E-012 -1.4990473752273445E-013  3.5642526955789966E-005
  4.5200000000000003E+001  3.0876525410264009E-012 -9.0744223572967488E-014  2.3883737421441719E-006 -8.2757318908913502E-014 -6.3172805600092098E-015  2.2404940412055155E-006  6.3681395593877449E-002  4.6801654646672540E-002 -1.2994723550888784E-012 -9.9191424388423978E-014  3.5180810647282644E-005
  4.5280000000000001E+001  3.0941551024977969E-012 -9.0372580193610132E-014  2.2115863406531066E-006 -7.9750814909673154E-014 -2.9962570162837978E-015  2.1791877970171837E-006  6.2773242100747806E-002  4.7524794426980897E-002 -1.2703809586521685E-012 -4.7724458250715037E-014  3.4713231050634061E-005
  4.5359999999999999E+001  3.1004126714119486E-012 -9.0264822450362081E-014  2.0397036946214225E-006 -7.6637378592164353E-014  2.7690526287724873E-016  2.1179057369175380E-006  6.1851305911059445E-002  4.8280630399030404E-002 -1.2389833296631622E-012  4.4809601550781250E-015  3.4239947680120490E-005
  4.5439999999999998E+001  3.1064170830725432E-012 -9.0416885035670492E-014  1.8727214227463005E-006 -7.3427748363572130E-014  3.4953650682965440E-015  2.0567093244839727E-006  6.0916071070055998E-002  4.9070744925579245E-002 -1.2053201447471384E-012  5.7381045625386950E-014  3.3761121054869089E-005
  4.5520000000000003E+001  3.1121611111501202E-012 -9.0824080861289528E-014  1.7106302027039869E-006 -7.0134692378846664E-014  6.6503437874164190E-015  1.9956605749077789E-006  5.9968068788993259E-002  4.9896797258180949E-002 -1.1694655564359645E-012  1.1089614497881636E-013  3.3276912635061908E-005
  4.5600000000000001E+001  3.1176386338531586E-012 -9.1480940041657119E-014  1.5534157307610558E-006 -6.6772992128842159E-014  9.7312121918585068E-015  1.9348219573008386E-006  5.9007879679548021E-002  5.0760524924074214E-002 -1.1315300167517992E-012  1.6490892345696074E-013  3.2787484758156166E-005
  4.5680000000000000E+001  3.1228447898907349E-012 -9.2381074811986889E-014  1.4010586895358527E-006 -6.3359151228671038E-014  1.2726066471359803E-014  1.8742562883654480E-006  5.8036135982120006E-002  5.1663744539634730E-002 -1.0916587787091840E-012  2.1927067437949137E-013  3.2293000575139095E-005
  4.5759999999999998E+001  3.1277760980497460E-012 -9.3517110677074687E-014  1.2535347246225842E-006 -5.9910843889731906E-014  1.5622609579495692E-014  1.8140266168964663E-006  5.7053523768379667E-002  5.2608351895180039E-002 -1.0500258145733073E-012  2.7381350549626400E-013  3.1793623986841193E-005
  4.5840000000000003E+001  3.1324305249130920E-012 -9.4880692344706199E-014  1.1108144308324181E-006 -5.6446211660504334E-014  1.8409059166884954E-014  1.7541960986040941E-006  5.6060785095813817E-002  5.3596321126620231E-002 -1.0068244872841229E-012  3.2836422523792690E-013  3.1289519580333644E-005
  4.5920000000000002E+001  3.1368074919154267E-012 -9.6462560143776280E-014  9.7286334884592912E-007 -5.2983164725255748E-014  2.1074836430234248E-014  1.6948278607718805E-006  5.5058720089131007E-002  5.4629702755871222E-002 -9.6225736615382648E-013  3.8275573253079339E-013  3.0780852565434293E-005
  4.6000000000000000E+001  3.1409078312691329E-012 -9.8252666173543679E-014  8.3964197310891719E-007 -4.9538846150240594E-014  2.3610871781822613E-014  1.6359848562997766E-006  5.4048188920333522E-002  5.5710620343624513E-002 -9.1652794363252981E-013  4.3683263011304512E-013  3.0267788711340738E-005
  4.6079999999999998E+001  3.1447337072994652E-012 -1.0024029962886790E-013  7.1110577183796486E-007 -4.6129245009603711E-014  2.6009592565133284E-014  1.5777297067321816E-006  5.3030113656123062E-002  5.6841265454612586E-002 -8.6983419121210450E-013  4.9045155373063614E-013  2.9750494283400330E-005
  4.6160000000000004E+001  3.1482885104706695E-012 -1.0241420098396500E-013  5.8720522003176813E-007 -4.2768883431458229E-014  2.8264784070632117E-014  1.5201245339378961E-006  5.2005479938123794E-002  5.8023890586681059E-002 -8.2236274297265461E-013  5.4347918666194776E-013  2.9229135980019394E-005
  4.6240000000000002E+001  3.1515767286484985E-012 -1.0476266508016904E-013  4.6788584640790148E-007 -3.9470526707517407E-014  3.0371490199528587E-014  1.4632307801939586E-006  5.0975338458233134E-002  5.9260799660699491E-002 -7.7428276930817999E-013  5.9579088306211920E-013  2.8703880869709574E-005
  4.6320000000000000E+001  3.1546037947438723E-012 -1.0727363941588958E-013  3.5308829520073474E-007 -3.6244903188241813E-014  3.2326037262901030E-014  1.4071090165296814E-006  4.9940806188285704E-002  6.0554335608824415E-002 -7.2573922121264487E-013  6.4727166424445472E-013  2.8174896328267408E-005
  4.6399999999999999E+001  3.1573759131586172E-012 -1.0993483104223320E-013  2.4274840376315244E-007 -3.3100521827778638E-014  3.4126140219116614E-014  1.3518187393139060E-006  4.8903067320313943E-002  6.1906864534296009E-002 -6.7684713988503126E-013  6.9781909284014952E-013  2.7642349976082752E-005
  4.6480000000000004E+001  3.1598998782363169E-012 -1.1273382185094824E-013  1.3679729691050977E-007 -3.0043693830092887E-014  3.5771010619786875E-014  1.2974181552179987E-006  4.7863373870987796E-002  6.3320755847980845E-002 -6.2768941006165966E-013  7.4734664841155920E-013  2.7106409615573822E-005
  4.6560000000000002E+001  3.1621829041714321E-012 -1.1565819274139910E-013  3.5161498928272625E-008 -2.7078775982350205E-014  3.7261374496811783E-014  1.2439639548548263E-006  4.6823045901259769E-002  6.4798357717266580E-002 -5.7831887579657257E-013  7.9578570343073707E-013  2.6567243168745761E-005
  4.6640000000000001E+001  3.1642324823934929E-012 -1.1869564177043812E-013 -6.2236935866262414E-008 -2.4208560709932922E-014  3.8599391495783526E-014  1.1915110755856824E-006  4.5783471300228251E-002  6.6341967094050810E-002 -5.2876389962786292E-013  8.4308571565504734E-013  2.6025018614868865E-005
  4.6719999999999999E+001  3.1660562738850213E-012 -1.2183409538072447E-013 -1.5548027316543654E-007 -2.1434640519997533E-014  3.9788569599869300E-014  1.1401124542031322E-006  4.4746105080632884E-002  6.7953793524704667E-002 -4.7903409310817890E-013  8.8921441567406309E-013  2.5479903928271899E-005
  4.6800000000000004E+001  3.1676620248766925E-012 -1.2506181290641721E-013 -2.4465492853876356E-007 -1.8757598399120203E-014  4.0833713969326837E-014  1.0898187704367677E-006  4.3712468132575913E-002  6.9635915891203715E-002 -4.2912288958636250E-013  9.3415886938753965E-013  2.4932067016244409E-005
  4.6880000000000003E+001  3.1690574896288806E-012 -1.2836748961581676E-013 -3.2985127643531938E-007 -1.6177000687883501E-014  4.1740936242774224E-014  1.0406781824900351E-006  4.2684145381916554E-002  7.1390231196831855E-002 -3.7900588135252310E-013  9.7792815660719278E-013  2.4381675657042223E-005
  4.6960000000000001E+001  3.1702503449867539E-012 -1.3174036270526109E-013 -4.1116343773716918E-007 -1.3691279077266281E-014  4.2517639115240449E-014  9.9273605609619221E-007  4.1662783300620759E-002  7.3218394501436287E-002 -3.2863629110626334E-013  1.0205558705241856E-012  2.3828897437991240E-005
  4.7039999999999999E+001  3.1712480942812432E-012 -1.3517031187425523E-013 -4.8868904541071012E-007 -1.1297674569464440E-014  4.3172385807784252E-014  9.4603468887886579E-007  4.0650086718192577E-002  7.5121749142664396E-002 -2.7794134733831075E-013  1.0621001697608708E-012  2.3273899693685331E-005
  4.7119999999999997E+001  3.1720579729178682E-012 -1.3864794443450657E-013 -5.6252898795778772E-007 -8.9923329466404112E-015  4.3714614455661552E-014  9.0061303211440943E-007  3.9647814886483126E-002  7.7101246465932000E-002 -2.2682201194479963E-013  1.1026398867375212E-012  2.2716849444274496E-005
  4.7200000000000003E+001  3.1726868675527056E-012 -1.4216465018716108E-013 -6.3278713054901564E-007 -6.7705590709998160E-015  4.4154242973834039E-014  8.5650641231018573E-007  3.8657776754403676E-002  7.9157354446183922E-002 -1.7515692095080631E-013  1.1422671473575575E-012  2.2157913333838855E-005
  4.7280000000000001E+001  3.1731412623692282E-012 -1.4571262331032001E-013 -6.9957001392741744E-007 -4.6271554801033874E-015  4.4501283175784005E-014  8.1374625533313500E-007  3.7681825415030991E-002  8.1289954839222814E-002 -1.2280934713623389E-013  1.1810789915603195E-012  2.1597257568841164E-005
  4.7359999999999999E+001  3.1734272124295222E-012 -1.4928485549528652E-013 -7.6298653140231724E-007 -2.5567395749021669E-015  4.4765563489749606E-014  7.7235981613904092E-007  3.6721851694861155E-002  8.3498228874239994E-002 -6.9634890593027907E-014  1.2191705557272991E-012  2.1035047856646300E-005
  4.7439999999999998E+001  3.1735503407012125E-012 -1.5287511346867995E-013 -8.2314758450966399E-007 -5.5401122414390712E-016  4.4956619251298881E-014  7.3236991745449364E-007  3.5779776864047562E-002  8.5780532016373826E-002 -1.5489198415305834E-014  1.2566318055192050E-012  2.0471449344090017E-005
  4.7520000000000003E+001  3.1735158542253852E-012 -1.5647791457549434E-013 -8.8016571819503622E-007  1.3860230180023334E-015  4.5083685449747097E-014  6.9379470104643961E-007  3.4857544457236156E-002  8.8134259012954130E-002  3.9764172023997848E-014  1.2935466763044184E-012  1.9906626556072954E-005
  4.7600000000000001E+001  3.1733285770183322E-012 -1.6008850314063949E-013 -9.3415473667709433E-007  3.2678127662469367E-015  4.5155684431392014E-014  6.5664739546186342E-007  3.3957111206971681E-002  9.0555701309844250E-002  9.6244158054566605E-014  1.3299919700635935E-012  1.9340743334149351E-005
  4.7680000000000000E+001  3.1729930041827857E-012 -1.6370282408451706E-013 -9.8522930146893437E-007  5.0950245865278379E-015  4.5181136805885104E-014  6.2093610432686456E-007  3.3080437105912540E-002  9.3039899995362371E-002  1.5404102904422342E-013  1.3660338156101090E-012  1.8773962775076495E-005
  4.7759999999999998E+001  3.1725133730844877E-012 -1.6731748502958110E-013 -1.0335045133693927E-006  6.8703805373246991E-015  4.5167993215467997E-014  5.8666361944506254E-007  3.2229474629656224E-002  9.5580498696434174E-002  2.1320601294328369E-013  1.4017212138526680E-012  1.8206447169290720E-005
  4.7840000000000003E+001  3.1718937432968137E-012 -1.7092970299899194E-013 -1.0790954805801444E-006  8.5956572143925292E-015  4.5123468844437811E-014  5.5382726302033260E-007  3.1406157169309806E-002  9.8169602287745641E-002  2.7374476740981179E-013  1.4370788143585568E-012  1.7638357939282194E-005
  4.7920000000000002E+001  3.1711380679301849E-012 -1.7453724004469115E-013 -1.1221168754526459E-006  1.0271900702999115E-014  4.5053987926052775E-014  5.2241876333208938E-007  3.0612386740880671E-002  1.0079764882638807E-001  3.3561747983731046E-013  1.4721024392852094E-012  1.7069855577853365E-005
  4.8000000000000000E+001  3.1702502391843339E-012 -1.7813834106716039E-013 -1.1626824827132787E-006  1.1899819773023979E-014  4.4965286697186590E-014  4.9242416810109279E-007  2.9850021057544307E-002  1.0345330369552008E-001  3.9874577859143028E-013  1.5067596523052590E-012  1.6501099586262075E-005
  4.8079999999999998E+001  3.1692340967665011E-012 -1.8173168591624101E-013 -1.2009047423488207E-006  1.3480235880191130E-014  4.4862628246911593E-014  4.6382379959537580E-007  2.9120860069989554E-002  1.0612338639263587E-001  4.6302359706709991E-013  1.5409948250531726E-012  1.5932248412271773E-005
  4.8160000000000004E+001  3.1680934014435033E-012 -1.8531636158666624E-013 -1.2368942906485388E-006  1.5014452143511832E-014  4.4751023791805960E-014  4.3659225522571262E-007  2.8426632099009478E-002  1.0879284154331555E-001  5.2832777547915836E-013  1.5747358051693909E-012  1.5363459388153205E-005
  4.8240000000000002E+001  3.1668317844235392E-012 -1.8889184972292996E-013 -1.2707595031849347E-006  1.6504431152495493E-014  4.4635367237209288E-014  4.1069845696507996E-007  2.7768979702604214E-002  1.1144476632902438E-001  5.9452417543132396E-013  1.6078990227720927E-012  1.4794888668700575E-005
  4.8320000000000000E+001  3.1654526924591040E-012 -1.9245802034461973E-013 -1.3026060437629516E-006  1.7952781244923047E-014  4.4520445819045505E-014  3.8610575239807542E-007  2.7149445436913885E-002  1.1406050632466033E-001  6.6146835034465428E-013  1.6403912443047932E-012  1.4226691169340034E-005
  4.8399999999999999E+001  3.1639593394243515E-012 -1.9601512105397724E-013 -1.3325364235686268E-006  1.9362631993395087E-014  4.4410857358919513E-014  3.6277206956505716E-007  2.6569457685291221E-002  1.1661983048436632E-001  7.2900277913578089E-013  1.6721084658470152E-012  1.3659020504416789E-005
  4.8480000000000004E+001  3.1623546713401608E-012 -1.9956375752204685E-013 -1.3606495748933608E-006  2.0737479696232935E-014  4.4310913146722407E-014  3.4065012702027575E-007  2.6030316742819571E-002  1.1910119346111131E-001  7.9695326505947121E-013  1.7029344847883552E-012  1.3092028925751340E-005
  4.8560000000000002E+001  3.1606413426729542E-012 -2.0310486715745283E-013 -1.3870404438918709E-006  2.2081067809596470E-014  4.4224581726484609E-014  3.1968769968054046E-007  2.5533181353164305E-002  1.2148208945960988E-001  8.6512699713506637E-013  1.7327412830437562E-012  1.2525867261554685E-005
  4.8640000000000001E+001  3.1588217004906254E-012 -2.0663969059828439E-013 -1.4117996068422472E-006  2.3397326334438876E-014  4.4155484718850463E-014  2.9982794011757987E-007  2.5079055901288366E-002  1.2373949640517072E-001  9.3331356725862489E-013  1.7613919180886397E-012  1.1960684855790143E-005
  4.8719999999999999E+001  3.1568977704594440E-012 -2.1016974471246890E-013 -1.4350129143106837E-006  2.4690363573536220E-014  4.4106923778119857E-014  2.8100975396119520E-007  2.4668778467799569E-002  1.2585040257370508E-001  1.0012890539608331E-012  1.7887453186461270E-012  1.1396629508068119E-005
  4.8800000000000004E+001  3.1548712423188596E-012 -2.1369679840278356E-013 -1.4567611674760385E-006  2.5964468652548064E-014  4.4081897083814274E-014  2.6316822705082480E-007  2.4303009948891254E-002  1.2779240040890680E-001  1.0688217089269332E-012  1.8146613142607602E-012  1.0833847414160324E-005
  4.8880000000000003E+001  3.1527434554750363E-012 -2.1722284824587918E-013 -1.4771198306388157E-006  2.7224138975542512E-014  4.4083090204748487E-014  2.4623510092826889E-007  2.3982224439059462E-002  1.2954432473168187E-001  1.1356797656315864E-012  1.8390050461843033E-012  1.0272483107224253E-005
  4.8960000000000001E+001  3.1505153800827728E-012 -2.2075009283554332E-013 -1.4961587836245615E-006  2.8474147939465782E-014  4.4112874215542000E-014  2.3013929222956705E-007  2.3706701062292244E-002  1.3108690578680249E-001  1.2016418545764591E-012  1.8616518148938491E-012  9.7126793998362279E-006
  4.9039999999999999E+001  3.1481875918047218E-012 -2.2428090812036590E-013 -1.5139421173955464E-006  2.9719649475403003E-014  4.4173342977101848E-014  2.1480745054151538E-007  2.3476517420911894E-002  1.3240340252454474E-001  1.2665096509000830E-012  1.8824934949847894E-012  9.1545773269423552E-006
  4.9120000000000005E+001  3.1457602361667083E-012 -2.2781782771187962E-013 -1.5305279757112040E-006  3.0966313099621439E-014  4.4266412957103245E-014  2.0016454836723198E-007  2.3291544810020590E-002  1.3348017907018062E-001  1.3301220581014142E-012  1.9014473387619511E-012  8.5983160898489207E-006
  4.9200000000000003E+001  3.1432329817087823E-012 -2.3136353419350242E-013 -1.5459684451343035E-006  3.2220428260968402E-014  4.4393952624907522E-014  1.8613449602763386E-007  2.3151445319865935E-002  1.3430718815305243E-001  1.3923677260172611E-012  1.9184655141568450E-012  8.0440330013865962E-006
  4.9280000000000001E+001  3.1406049676449534E-012 -2.3492086013186482E-013 -1.5603094950756254E-006  3.3488906410213703E-014  4.4557883519402413E-014  1.7264077363802083E-007  2.3055670918641292E-002  1.3487832962881011E-001  1.4531920830680028E-012  1.9335424927824385E-012  7.4918634323912044E-006
  4.9359999999999999E+001  3.1378747566831482E-012 -2.3849279555660681E-013 -1.5735909689163869E-006  3.4779131392642089E-014  4.4760180960048779E-014  1.5960707176913858E-007  2.3003464575380821E-002  1.3519165992317486E-001  1.5125960825484385E-012  1.9467167114830220E-012  6.9419407596450788E-006
  4.9439999999999998E+001  3.1350403066221306E-012 -2.4208248908547263E-013 -1.5858466265586875E-006  3.6098671357964112E-014  4.5002747154111590E-014  1.4695793205231509E-007  2.2993863447305519E-002  1.3524943854678584E-001  1.5706269176308097E-012  1.9580650373716912E-012  6.3943963154181764E-006
  4.9520000000000003E+001  3.1320989692658739E-012 -2.4569323510126466E-013 -1.5971042380447573E-006  3.7454915445768800E-014  4.5287205991345666E-014  1.3461937883181350E-007  2.3025704119077485E-002  1.3505800965655979E-001  1.6273636030218989E-012  1.9676922283110672E-012  5.8493593387343521E-006
  4.9600000000000001E+001  3.1290475201508076E-012 -2.4932844204408793E-013 -1.6073857271717777E-006  3.8854743248146930E-014  4.5614683256550494E-014  1.2251953301660234E-007  2.3097629844427727E-002  1.3462752860415839E-001  1.6829026206683667E-012  1.9757185545469770E-012  5.3069569284689054E-006
  4.9680000000000000E+001  3.1258822103461704E-012 -2.5299158442231274E-013 -1.6167073633274136E-006  4.0304326121395097E-014  4.5985671227776422E-014  1.1058919954000044E-007  2.3208099704284255E-002  1.3397155414278969E-001  1.7373484903099125E-012  1.9822703876328166E-012  4.7673139983641211E-006
  4.9759999999999998E+001  3.1225988279713844E-012 -2.5668614944053216E-013 -1.6250799990981778E-006  4.1809080637072975E-014  4.6400042426394581E-014  9.8762420291152815E-008  2.3355399560756839E-002  1.3310653529994895E-001  1.7908104826601557E-012  1.9874769269521436E-012  4.2305532340296235E-006
  4.9840000000000003E+001  3.1191927574442387E-012 -2.6041559121053588E-013 -1.6325093505739981E-006  4.3373760105501652E-014  4.6857187820022498E-014  8.6976985027982604E-008  2.3537654654845537E-002  1.3205122709436456E-001  1.8434049050152433E-012  1.9914720784503018E-012  3.6967950519805066E-006
  4.9920000000000002E+001  3.1156590263545041E-012 -2.6418329949173576E-013 -1.6389963167026550E-006  4.5002613428179248E-014  4.7356219998044507E-014  7.5174893595089739E-008  2.3752843667232397E-002  1.3082607100564481E-001  1.8952597748980532E-012  1.9943988241498766E-012  3.1661575607581204E-006
  5.0000000000000000E+001  3.1119923392957300E-012 -2.6799258641022300E-013 -1.6445373335492125E-006  4.6699526049836915E-014  4.7896160011529903E-014  6.3302763728106195E-008  2.3998814038004950E-002  1.2945257458423717E-001  1.9465181346650144E-012  1.9964125350007063E-012  2.6387565241756296E-006
  5.0079999999999998E+001  3.1081871021865302E-012 -2.7184668509358054E-013 -1.6491247588991520E-006  4.8468101006808465E-014  4.8476039317162271E-014  5.1312179799862176E-008  2.4273298322140271E-002  1.2795272040729391E-001  1.9973383208500344E-012  1.9976804423714769E-012  2.1147053267337473E-006
  5.0160000000000004E+001  3.1042374431346407E-012 -2.7574875270096896E-013 -1.6527472823171904E-006  5.0311663273676673E-014  4.9094905675444558E-014  3.9159979018767515E-008  2.4573931344030298E-002  1.2634842856351125E-001  2.0478907630475472E-012  1.9983771557872817E-012  1.5941149412553425E-006
  5.0240000000000002E+001  3.1001372360627420E-012 -2.7970187000165167E-013 -1.6553903555421548E-006  5.2233193077670179E-014  4.9751732212227874E-014  2.6808472794052495E-008  2.4898267906325326E-002  1.2466108989111753E-001  2.0983519390838454E-012  1.9986766623508165E-012  1.0770938987897813E-006
  5.0320000000000000E+001  3.0958801322422135E-012 -2.8370902985492542E-013 -1.6570366379642388E-006  5.4235179499895269E-014  5.0445271863420493E-014  1.4225602200266458E-008  2.5243800806116320E-002  1.2291118013701531E-001  2.1488955658342723E-012  1.9987429822247115E-012  5.6374826083817101E-007
  5.0399999999999999E+001  3.0914596073427587E-012 -2.8777311349979895E-013 -1.6576664518941974E-006  5.6319377612606393E-014  5.1173866554537835E-014  1.3850276703933325E-009  2.5607978914215731E-002  1.2111795873044547E-001  2.1996808132027277E-012  1.9987201855087435E-012  5.4181593943996985E-008
  5.0480000000000004E+001  3.0868690318241964E-012 -2.9189684850365147E-013 -1.6572582423915017E-006  5.8486467278833196E-014  5.1935202938502502E-014 -1.1733845807788837E-008  2.5988225081910423E-002  1.1929925042539991E-001  2.2508379433117538E-012  1.9987216611580949E-012 -4.5150505331810518E-007
  5.0560000000000002E+001  3.0821017725781454E-012 -2.9608274596995935E-013 -1.6557890365649512E-006  6.0735652296081537E-014  5.2726040712679951E-014 -2.5145905652832279E-008  2.6381953652312756E-002  1.1747130390862801E-001  2.3024532500509358E-012  1.9988198117019376E-012 -9.5321317093769550E-007
  5.0640000000000001E+001  3.0771513274568234E-012 -3.0033301501768027E-013 -1.6532348974870486E-006  6.3064290932169854E-014  5.3541952907533158E-014 -3.8860427510085338E-008  2.6786587370741632E-002  1.1564871863630045E-001  2.3545568727649489E-012  1.9990376361101397E-012 -1.4508468056497484E-006
  5.0719999999999999E+001  3.0720114860289982E-012 -3.0464945843516466E-013 -1.6495713681633376E-006  6.5467664032046018E-014  5.4377156488501748E-014 -5.2881225799029821E-008  2.7199573509059785E-002  1.1384442955796115E-001  2.4071171052462390E-012  1.9993448621730648E-012 -1.9443125767247104E-006
  5.0800000000000004E+001  3.0666765012116960E-012 -3.0903336005584055E-013 -1.6447739013592038E-006  6.7938978778679809E-014  5.5224527495994037E-014 -6.7206854160525714E-008  2.7618399042544848E-002  1.1206973881838002E-001  2.4600439933186093E-012  1.9996614703995676E-012 -2.4335196894102361E-006
  5.0880000000000003E+001  3.0611412494244095E-012 -3.1348538283452370E-013 -1.6388182714976534E-006  7.0469606748287236E-014  5.6075817127195341E-014 -8.1830850430926210E-008  2.8040604743006826E-002  1.1033438376776745E-001  2.5132010598412255E-012  1.9998682912399213E-012 -2.9183799460849220E-006
  5.0960000000000001E+001  3.0554013641319701E-012 -3.1800549079619180E-013 -1.6316809652902556E-006  7.3049475392192740E-014  5.6922008968973567E-014 -9.6742020376519671E-008  2.8463798078739971E-002  1.0864663141633642E-001  2.5664212867019442E-012  1.9998216689302400E-012 -3.3988077551972124E-006
  5.1039999999999999E+001  3.0494533333616586E-012 -3.2259290426955948E-013 -1.6233395482374103E-006  7.5667481781290251E-014  5.7753713414477542E-014 -1.1192475417914900E-007  2.8885664838717628E-002  1.0701339062907943E-001  2.6195222537531057E-012  1.9993680624029806E-012 -3.8747201380684110E-006
  5.1120000000000005E+001  3.0432945670469636E-012 -3.2724608494250821E-013 -1.6137730046215918E-006  7.8311793147487601E-014  5.8561431674159236E-014 -1.2735936956664999E-007  2.9303979425448927E-002  1.0544033468703901E-001  2.6723158239594218E-012  1.9983528071764484E-012 -4.3460367336363790E-006
  5.1200000000000003E+001  3.0369234464580606E-012 -3.3196273333742495E-013 -1.6029620491067463E-006  8.0969972706705358E-014  5.9335617726863433E-014 -1.4302247551777419E-007  2.9716613786005795E-002  1.0393202821017386E-001  2.7246108570355485E-012  1.9966211942765046E-012 -4.8126798012096123E-006
  5.1280000000000001E+001  3.0303393714138908E-012 -3.3673978377880636E-013 -1.5908894085387479E-006  8.3628954199747954E-014  6.0066567720122756E-014 -1.5888735062728543E-007  3.0121544974879986E-002  1.0249205374047611E-001  2.7762104341093784E-012  1.9940136263525421E-012 -5.2745742212923600E-006
  5.1359999999999999E+001  3.0235428137861009E-012 -3.4157338417264459E-013 -1.5775400730063806E-006  8.6274962866530507E-014  6.0744238008678400E-014 -1.7492433047687337E-007  3.0516861363754203E-002  1.0112313446589774E-001  2.8269073460757136E-012  1.9903587215995305E-012 -5.7316474945311837E-006
  5.1439999999999998E+001  3.0165353773552459E-012 -3.4645886186019490E-013 -1.5629015156624482E-006  8.8893463975482123E-014  6.1358138790811181E-014 -1.9110119870122455E-007  3.0900767532206171E-002  9.9827250590496547E-002  2.8764806367983378E-012  1.9854692946506771E-012 -6.1838297388292877E-006
  5.1520000000000003E+001  3.0093198595500238E-012 -3.5139068637917438E-013 -1.5469638812141847E-006  9.1469202319612706E-014  6.1897412122425841E-014 -2.0738357685149315E-007  3.1271587890031698E-002  9.8605747711334332E-002  2.9246951245853417E-012  1.9791444007301978E-012 -6.6310536846749379E-006
  5.1600000000000001E+001  3.0019003049841078E-012 -3.5636244779978303E-013 -1.5297201433662092E-006  9.3986380123453533E-014  6.2351110587200955E-014 -2.2373530862264639E-007  3.1627769095699206E-002  9.7459436253632833E-002  2.9713051547031904E-012  1.9711774441704675E-012 -7.0732546687335263E-006
  5.1680000000000000E+001  2.9942820387302712E-012 -3.6136686407312654E-013 -1.5111662318345613E-006  9.6428964231915699E-014  6.2708628773518545E-014 -2.4011883450984842E-007  3.1967881346780004E-002  9.6388681554524527E-002  3.0160619906037916E-012  1.9613684067769640E-012 -7.5103706257585339E-006
  5.1759999999999998E+001  2.9864716707070013E-012 -3.6639582840354600E-013 -1.4913011298446335E-006  9.8781116598463997E-014  6.2960215026793840E-014 -2.5649555347821714E-007  3.2290618627039462E-002  9.5393484591179301E-002  3.0587244536622023E-012  1.9495377581722562E-012 -7.9423420788817322E-006
  5.1840000000000003E+001  2.9784770600745170E-012 -3.7144049847741355E-013 -1.4701269432780465E-006  1.0102772898109187E-013  6.3097480742949595E-014 -2.7282616875584314E-007  3.2594798001300121E-002  9.4473553641759203E-002  3.0990721291606470E-012  1.9355395519945128E-012 -8.3691121283461781E-006
  5.1920000000000002E+001  2.9703072340700266E-012 -3.7649142532241794E-013 -1.4476489428436986E-006  1.0315501270814607E-013  6.3113869402119448E-014 -2.8907101537767300E-007  3.2879358053094068E-002  9.3628367368670390E-002  3.1369196432835799E-012  1.9192728108635825E-012 -8.7906264387469676E-006
  5.2000000000000000E+001  2.9619722580412136E-012 -3.8153871758175266E-013 -1.4238755808176189E-006  1.0515107636971247E-013  6.3005035577172762E-014 -3.0519036760781655E-007  3.3143356562008071E-002  9.2857229940787489E-002  3.1721301378834530E-012  1.9006900041292194E-012 -9.2068332248452685E-006
  5.2079999999999998E+001  2.9534830618508726E-012 -3.8657223101476558E-013 -1.3988184840264479E-006  1.0700637586312348E-013  6.2769070114307091E-014 -3.2114472484174472E-007  3.3385967517523450E-002  9.2159318881999505E-002  3.2046247536457566E-012  1.8798010466496297E-012 -9.6176832360206363E-006
  5.2160000000000004E+001  2.9448512379031139E-012 -3.9158176880004180E-013 -1.3724924248429397E-006  1.0871391594894136E-013  6.2406523151391871E-014 -3.3689507503008442E-007  3.3606477564415843E-002  9.1533726361413867E-002  3.2343849390079731E-012  1.8566717437142713E-012 -1.0023129739425670E-005
  5.2240000000000002E+001  2.9360888352990420E-012 -3.9655727471898828E-013 -1.3449152720216344E-006  1.1026915120119672E-013  6.1920176991680511E-014 -3.5240313506831733E-007  3.3804281971645381E-002  9.0979494637643973E-002  3.2614465106892596E-012  1.8314155804410363E-012 -1.0423128501905946E-005
  5.2320000000000000E+001  2.9272081737109224E-012 -4.0148899711871068E-013 -1.3161079232320089E-006  1.1166963471817621E-013  6.1314606538262045E-014 -3.6763156795799636E-007  3.3978880212399920E-002  9.0495646345200978E-002  3.2858872559791501E-012  1.8041802013836419E-012 -1.0817637770746455E-005
  5.2399999999999999E+001  2.9182216937441338E-012 -4.0636761176511021E-013 -1.2860942211483550E-006  1.1291452080828139E-013  6.0595655628685294E-014 -3.8254417686548391E-007  3.4129871238019784E-002  9.0081210271916429E-002  3.3078113242719524E-012  1.7751324013688166E-012 -1.1206618253301992E-005
  5.2480000000000004E+001  2.9091418503815974E-012 -4.1118430201930033E-013 -1.2549008549335315E-006  1.1400409775297019E-013  5.9769994305410915E-014 -3.9710607647907553E-007  3.4256948522454450E-002  8.9735243230175246E-002  3.3273354545770557E-012  1.7444462802060875E-012 -1.1590033095565479E-005
  5.2560000000000002E+001  2.8999810381036586E-012 -4.1593081085397595E-013 -1.2225572489117029E-006  1.1493949412826360E-013  5.8844891568841655E-014 -4.1128384229896454E-007  3.4359894947918072E-002  8.9456848572890116E-002  3.3445809415808342E-012  1.7122981774156976E-012 -1.1967847859724057E-005
  5.2640000000000001E+001  2.8907515313210752E-012 -4.2059948467031499E-013 -1.1890954401656972E-006  1.1572260912885483E-013  5.7828244119382340E-014 -4.2504563868651080E-007  3.4438577595567552E-002  8.9245191853850409E-002  3.3596724872155333E-012  1.6788692546877522E-012 -1.2340030500748346E-005
  5.2719999999999999E+001  2.8814654206430418E-012 -4.2518332991307713E-013 -1.1545499467218612E-006  1.1635622809678384E-013  5.6728790801624377E-014 -4.3836132664990319E-007  3.4492942498331021E-002  8.9099514081140932E-002  3.3727425967176010E-012  1.6443535057168966E-012 -1.2706551342059059E-005
  5.2800000000000004E+001  2.8721345348255898E-012 -4.2967609119857489E-013 -1.1189576279017127E-006  1.1684418702727449E-013  5.5556317447805267E-014 -4.5120255246204494E-007  3.4523009406476991E-002  8.9019142963601403E-002  3.3839374977089819E-012  1.6089655169817003E-012 -1.3067383050313781E-005
  5.2880000000000003E+001  2.8627703507186779E-012 -4.3407234070472597E-013 -1.0823575383279340E-006  1.1719147030514738E-013  5.4321683537849463E-014 -4.6354281829045547E-007  3.4528866609874406E-002  8.9003502505715232E-002  3.3934212723024132E-012  1.5729431950251054E-012 -1.3422500609356718E-005
  5.2960000000000001E+001  2.8533838995767662E-012 -4.3836756056463080E-013 -1.0447907769752398E-006  1.1740414384672505E-013  5.3036576637257217E-014 -4.7535753607496623E-007  3.4510665854827538E-002  8.9052121264830211E-002  3.4013754292330846E-012  1.5365428140096414E-012 -1.3771881293374782E-005
  5.3039999999999999E+001  2.8439856877032019E-012 -4.4255819296668712E-013 -1.0063003325559394E-006  1.1748910190785878E-013  5.1713001798971714E-014 -4.8662406592157087E-007  3.4468617387553954E-002  8.9164639547515051E-002  3.4079932863662486E-012  1.5000265469708081E-012 -1.4115504639302704E-005
  5.3120000000000005E+001  2.8345856432715088E-012 -4.4664164085246628E-013 -9.6693092642778845E-007  1.1745368084728459E-013  5.0362619102285890E-014 -4.9732174029205566E-007  3.4402985151122750E-002  8.9340815788458830E-002  3.4134706171445335E-012  1.4636455793080051E-012 -1.4453352418516775E-005
  5.3200000000000003E+001  2.8251930987676364E-012 -4.5061621202305287E-013 -9.2672885410921051E-007  1.1730518770649665E-013  4.8996085826559821E-014 -5.0743187526136399E-007  3.4314082157636490E-002  8.9580532326517193E-002  3.4179937858925193E-012  1.4276230875231866E-012 -1.4785408607850820E-005
  5.3280000000000001E+001  2.8158168132384693E-012 -4.5448101458471585E-013 -8.8574182638597020E-007  1.1705040590391016E-013  4.7622531019788843E-014 -5.1693777008858057E-007  3.4202266052760458E-002  8.9883800767784724E-002  3.4217269847393474E-012  1.3921405609262532E-012 -1.5111659359961582E-005
  5.3359999999999999E+001  2.8064650338230107E-012 -4.5823581698621908E-013 -8.4401881089503762E-007  1.1669512952567619E-013  4.6249213782407684E-014 -5.2582469630946711E-007  3.4067934885558072E-002  9.0250767104228399E-002  3.4247998785326299E-012  1.3573288207969400E-012 -1.5432092973063212E-005
  5.3439999999999998E+001  2.7971455925143611E-012 -4.6188088878990108E-013 -8.0160987497645546E-007  1.1624380253659498E-013  4.4881387292301481E-014 -5.3407987750683895E-007  3.3911523092493435E-002  9.0681716739514723E-002  3.4272977401547110E-012  1.3232643544964929E-012 -1.5746699860045362E-005
  5.3520000000000003E+001  2.7878660254171555E-012 -4.6541683895298732E-013 -7.5856603049394339E-007  1.1569932840427071E-013  4.3522361977177400E-014 -5.4169246085382976E-007  3.3733497700963684E-002  9.1177079559475752E-002  3.4292559422234916E-012  1.2899708584780995E-012 -1.6055472516988608E-005
  5.3600000000000001E+001  2.7786336999696778E-012 -4.6884446670624946E-013 -7.1493908123984270E-007  1.1506311466892219E-013  4.2173749495084774E-014 -5.4865348145920606E-007  3.3534354754540467E-002  9.1737435173692441E-002  3.4306607925103581E-012  1.2574256349592400E-012 -1.6358405491094669E-005
  5.3680000000000000E+001  2.7694559270701280E-012 -4.7216463887220088E-013 -6.7078147346047043E-007  1.1433536104429131E-013  4.0835853120296758E-014 -5.5495582047509095E-007  3.3314615959515938E-002  9.2363518445893411E-002  3.4314572055640154E-012  1.2255700821198067E-012 -1.6655495348056897E-005
  5.3759999999999998E+001  2.7603400422025912E-012 -4.7537820320549694E-013 -6.2614614996382814E-007  1.1351551966656019E-013  3.9508115168284294E-014 -5.6059415786028611E-007  3.3074825550281003E-002  9.3056225424208522E-002  3.4315614384418901E-012  1.1943218954623810E-012 -1.6946740638905559E-005
  5.3840000000000003E+001  2.7512934439234784E-012 -4.7848593729912637E-013 -5.8108640820282465E-007  1.1260278991229408E-013  3.8189526373373883E-014 -5.6556492062849596E-007  3.2815547369599136E-002  9.3816619777223484E-002  3.4308750968052346E-012  1.1635863420391070E-012 -1.7232141866368507E-005
  5.3920000000000002E+001  2.7423235958166242E-012 -4.8148852742523677E-013 -5.3565576266326878E-007  1.1159649352788852E-013  3.6878876868062506E-014 -5.6986622734488061E-007  3.2537362158318019E-002  9.4645939839880067E-002  3.4292959352291837E-012  1.1332630239558164E-012 -1.7511701450791839E-005
  5.4000000000000000E+001  2.7334380049590162E-012 -4.8438655759801637E-013 -4.8990781182764375E-007  1.1049623998674012E-013  3.5574781746145498E-014 -5.7349782957531553E-007  3.2240865048559629E-002  9.5545606371215799E-002  3.4267226354323143E-012  1.1032459259865745E-012 -1.7785423695661611E-005
  5.4079999999999998E+001  2.7246441974187457E-012 -4.8718049250462005E-013 -4.4389610993121830E-007  1.0930186358012381E-013  3.4275506438031838E-014 -5.7646105093112634E-007  3.1926663253173053E-002  9.6517231128692912E-002  3.4230527108953229E-012  1.0734171601186612E-012 -1.8053314752758957E-005
  5.4160000000000004E+001  2.7159497067861964E-012 -4.8987063862810146E-013 -3.9767404367866354E-007  1.0801323802127132E-013  3.2978711412170269E-014 -5.7875872428906678E-007  3.1595373943795531E-002  9.7562626366806876E-002  3.4181764396656698E-012  1.0436377446941846E-012 -1.8315382586971025E-005
  5.4240000000000002E+001  2.7073620793353423E-012 -4.9245708633056729E-013 -3.5129471404496762E-007  1.0663009129497346E-013  3.1681310984614052E-014 -5.8039512770839206E-007  3.1247622309092001E-002  9.8683815374120881E-002  3.4119704146095144E-012  1.0137413489851791E-012 -1.8571636940767831E-005
  5.4320000000000000E+001  2.6988888921790006E-012 -4.9493964838563971E-013 -3.0481082324532081E-007  1.0515192541718581E-013  3.0379546937357103E-014 -5.8137591950640029E-007  3.0884039784255694E-002  9.9883044171063251E-002  3.4042940073967598E-012  9.8353441592930793E-013 -1.8822089298344927E-005
  5.4399999999999999E+001  2.6905377712685926E-012 -4.9731781384054443E-013 -2.5827456692394358E-007  1.0357811279720045E-013  2.9069325550016957E-014 -5.8170807289755606E-007  3.0505262442357191E-002  1.0116279450173167E-001  3.3949912819673029E-012  9.5280476723168784E-013 -1.9066752849425304E-005
  5.4480000000000004E+001  2.6823163941314486E-012 -4.9959074047364243E-013 -2.1173753158171185E-007  1.0190814476117565E-013  2.7746758689745718E-014 -5.8139981054878016E-007  3.0111929537932201E-002  1.0252579826573194E-001  3.3838980166675704E-012  9.2133750622150000E-013 -1.9305642452711750E-005
  5.4560000000000002E+001  2.6742324681068045E-012 -5.0175729523090374E-013 -1.6525059723613875E-007  1.0014196771376013E-013  2.6408734631138857E-014 -5.8046053935637915E-007  2.9704682193084975E-002  1.0397505355155194E-001  3.3708521903628050E-012  8.8893316603106524E-013 -1.9538774598982187E-005
  5.4640000000000001E+001  2.6662936792972469E-012 -5.0381613801462464E-013 -1.1886384528469118E-007  9.8280333542248896E-014  2.5053384419266698E-014 -5.7890078570371610E-007  2.9284162216236833E-002  1.0551384245181912E-001  3.3557058507364562E-012  8.5542391939209738E-013 -1.9766167373828095E-005
  5.4719999999999999E+001  2.6585076147400447E-012 -5.0576583673798641E-013 -7.2626471523544175E-008  9.6325103660996634E-014  2.3680355868206150E-014 -5.7673213142164994E-007  2.8851011044055574E-002  1.0714575086122055E-001  3.3383365183101095E-012  8.2068476673877680E-013 -1.9987840420046256E-005
  5.4800000000000004E+001  2.6508816627114875E-012 -5.0760499495353763E-013 -2.6586704257227181E-008  9.4279452459220748E-014  2.2290864342124375E-014 -5.7396715064151574E-007  2.8405868797289270E-002  1.0887469048279451E-001  3.3186562632435297E-012  7.8463820433055420E-013 -2.0203814899704891E-005
  5.4880000000000003E+001  2.6434229023465693E-012 -5.0933237503272631E-013  1.9208272579098347E-008  9.2147950414843592E-014  2.0887557240842899E-014 -5.7061934769949545E-007  2.7949373441655226E-002  1.1070492329660793E-001  3.2966175795621098E-012  7.4725301521614487E-013 -2.0414113455917887E-005
  5.4960000000000001E+001  2.6361379906451125E-012 -5.1094700411207249E-013  6.4712391374692098E-008  8.9936493882643252E-014  1.9474255890066397E-014 -5.6670309622979360E-007  2.7482160045597715E-002  1.1264108877685530E-001  3.2722145109903978E-012  7.0853880457348983E-013 -2.0618760174368790E-005
  5.5039999999999999E+001  2.6290330633253464E-012 -5.1244825597513694E-013  1.0988076797586533E-007  8.7652081213521784E-014  1.8055624333308228E-014 -5.6223357956081431E-007  2.7004860127014845E-002  1.1468823418215855E-001  3.2454784710314778E-012  6.6853753163903761E-013 -2.0817780544631825E-005
  5.5120000000000005E+001  2.6221136576509490E-012 -5.1383590400540181E-013  1.5466976410442239E-007  8.5302482081924046E-014  1.6636830571473706E-014 -5.5722673251002217E-007  2.6518101081815373E-002  1.1685184828679855E-001  3.2164697949439532E-012  6.2731405475203801E-013 -2.1011201421338792E-005
  5.5200000000000003E+001  2.6153846661922386E-012 -5.1511014886657273E-013  1.9903704517746888E-007  8.2895845751858068E-014  1.5223256505708438E-014 -5.5169918465700974E-007  2.6022505687488241E-002  1.1913789897229296E-001  3.1852661649099806E-012  5.8494761057955145E-013 -2.1199050985236806E-005
  5.5280000000000001E+001  2.6088503223306517E-012 -5.1627162504631516E-013  2.4294163364954396E-007  8.0440352067768474E-014  1.3820292075018939E-014 -5.4566820515441547E-007  2.5518691675250390E-002  1.2155287515853376E-001  3.1519514472001307E-012  5.4152566926009189E-013 -2.1381358704177836E-005
  5.5359999999999999E+001  2.6025142098613956E-012 -5.1732139559857576E-013  2.8634395800217536E-007  7.7943979567709661E-014  1.2433274764819865E-014 -5.3915164912330196E-007  2.5007271364849808E-002  1.2410383362261010E-001  3.1166078704477868E-012  4.9714287353187890E-013 -2.1558155294073088E-005
  5.5439999999999998E+001  2.5963792855998182E-012 -5.1826094900868634E-013  3.2920589750927227E-007  7.5414434128405579E-014  1.1067556476953238E-014 -5.3216790566438660E-007  2.4488851356280018E-002  1.2679845133535503E-001  3.0793137368481646E-012  4.5190501581730111E-013 -2.1729472679837831E-005
  5.5520000000000003E+001  2.5904479004008507E-012 -5.1909220463488828E-013  3.7149082290847721E-007  7.2859220039446346E-014  9.7286370580086019E-015 -5.2473584750258895E-007  2.3964032273071909E-002  1.2964508404019887E-001  3.0401466970913634E-012  4.0593630093186901E-013 -2.1895343956345234E-005
  5.5600000000000001E+001  2.5847218103935068E-012 -5.1981753093796771E-013  4.1316363310968650E-007  7.0285773099900178E-014  8.4222705808160310E-015 -5.1687478227172391E-007  2.3433408552076023E-002  1.3265283191042310E-001  2.9991900418269502E-012  3.5938640192136985E-013 -2.2055803349401590E-005
  5.5680000000000000E+001  2.5792021767048667E-012 -5.2043976792781884E-013  4.5419078807195303E-007  6.7701579583755736E-014  7.1544631591272399E-015 -5.0860440543464160E-007  2.2897568274918335E-002  1.3583161325170245E-001  2.9565392002312372E-012  3.1243378682580592E-013 -2.2210886176751964E-005
  5.5759999999999998E+001  2.5738895576601059E-012 -5.2096224504342807E-013  4.9454033797922915E-007  6.5114196492427666E-014  5.9313023309179220E-015 -4.9994475482525054E-007  2.2357093036584307E-002  1.3919224737075164E-001  2.9123047225169520E-012  2.6528198721691767E-013 -2.2360628809124534E-005
  5.5840000000000003E+001  2.5687839052660783E-012 -5.2138877630076571E-013  5.3418194884399311E-007  6.2531145467815622E-014  4.7586322731809066E-015 -4.9091616679186878E-007  2.1812557846886696E-002  1.4274654791235877E-001  2.8666099099777167E-012  2.1814826987162866E-013 -2.2505068631324919E-005
  5.5920000000000002E+001  2.5638845743852554E-012 -5.2172362620713701E-013  5.7308692466592816E-007  5.9959720759389242E-014  3.6416765228589505E-015 -4.8153923391634066E-007  2.1264531060888672E-002  1.4650742818169060E-001  2.8195840103946689E-012  1.7124804134698507E-013 -2.2644244003395812E-005
  5.6000000000000000E+001  2.5591903499445760E-012 -5.2197144454442314E-013  6.1122822627060762E-007  5.7406765196940299E-014  2.5846979955060929E-015 -4.7183476428108596E-007  2.0713574334757054E-002  1.5048902022273347E-001  2.7713527435651163E-012  1.2477849170618154E-013 -2.2778194221859879E-005
  5.6079999999999998E+001  2.5546994919537449E-012 -5.2213717788641799E-013  6.4858048695090192E-007  5.4878479475842884E-014  1.5907955530984119E-015 -4.6182374225327059E-007  2.0160242603753268E-002  1.5470680972712442E-001  2.7220288508542991E-012  7.8906189589287881E-014 -2.2906959481066071E-005
  5.6160000000000004E+001  2.5504097932284411E-012 -5.2222597183291889E-013  6.8512002503113092E-007  5.2380298794086380E-014  6.6187184945326526E-016 -4.5152729075353378E-007  1.9605084079454885E-002  1.5917778920870249E-001  2.6717043792096184E-012  3.3761147561607510E-014 -2.3030580834659786E-005
  5.6240000000000002E+001  2.5463186441466911E-012 -5.2224307738233051E-013  7.2082485347146732E-007  4.9916848905278716E-014 -2.0124970522419104E-016 -4.4096663497618777E-007  1.9048640263542874E-002  1.6392063231261392E-001  2.6204456899556251E-012 -1.0562472231330833E-014 -2.3149100157194761E-005
  5.6320000000000000E+001  2.5424230974035965E-012 -5.2219377188008302E-013  7.5567468662732096E-007  4.7491988821613252E-014 -9.9862566190595757E-016 -4.3016306752437093E-007  1.8491445975652002E-002  1.6895589264965055E-001  2.5682921619075192E-012 -5.4001202391314561E-014 -2.3262560105903059E-005
  5.6399999999999999E+001  2.5387199259352330E-012 -5.2208329727642556E-013  7.8965094427536667E-007  4.5108912056100648E-014 -1.7309713979799650E-015 -4.1913791492233554E-007  1.7934029393029106E-002  1.7430623117545796E-001  2.5152578395793090E-012 -9.6515002569156699E-014 -2.3371004082638738E-005
  5.6480000000000004E+001  2.5352056714746204E-012 -5.2191681645640622E-013  8.2273675301489465E-007  4.2770294951337664E-014 -2.3994709531995411E-015 -4.0791250546658020E-007  1.7376912099913867E-002  1.7999667689669202E-001  2.4613360860575128E-012 -1.3808043347840155E-013 -2.3474476196011008E-005
  5.6560000000000002E+001  2.5318766787430189E-012 -5.2169938192391363E-013  8.5491694515001950E-007  4.0478469397048069E-014 -3.0056444056774190E-015 -3.9650813837630192E-007  1.6820609144720639E-002  1.8605492661341447E-001  2.4065065737761431E-012 -1.7868589085300246E-013 -2.3573021223725027E-005
  5.6640000000000001E+001  2.5287291163710927E-012 -5.2143591335149784E-013  8.8617805515510295E-007  3.8235590631442382E-014 -3.5512676501060279E-015 -3.8494605420500039E-007  1.6265629103359054E-002  1.9251169053801126E-001  2.3507434361007805E-012 -2.1832909405361178E-013 -2.3666684575148657E-005
  5.6719999999999999E+001  2.5257589842419882E-012 -5.2113117909989667E-013  9.1650831382281957E-007  3.6043765683664058E-014 -4.0383454070797827E-015 -3.7324740647518262E-007  1.5712474147121919E-002  1.9940109201945377E-001  2.2940226316513628E-012 -2.5701741161936099E-013 -2.3755512254123924E-005
  5.6800000000000004E+001  2.5229621138617065E-012 -5.2078977808636507E-013  9.4589764019113217E-007  3.3905109588148861E-014 -4.4691213677731191E-015 -3.6143323449879579E-007  1.5161640113807525E-002  2.0676113131014048E-001  2.2363261975771135E-012 -2.9477068535350842E-013 -2.3839550822041336E-005
  5.6880000000000003E+001  2.5203341667078843E-012 -5.2041611968105297E-013  9.7433763134262690E-007  3.1821735916819780E-014 -4.8461051017688757E-015 -3.4952443734662936E-007  1.4613616580799871E-002  2.1463422542871641E-001  2.1776429649091192E-012 -3.3162579989427327E-013 -2.3918847361195046E-005
  5.6960000000000001E+001  2.5178706361150153E-012 -5.2001440127008205E-013  1.0018215501665929E-006  2.9795695752045040E-014 -5.1720885626487120E-015 -3.3754174892961451E-007  1.4068886938982441E-002  2.2306783880246966E-001  2.1179657794389554E-012 -3.6764151459232322E-013 -2.3993449438438216E-005
  5.7039999999999999E+001  2.5155668553875571E-012 -5.1958858551102917E-013  1.0283443111713652E-006  2.7828905744886348E-014 -5.4501240575339304E-015 -3.2550571415601232E-007  1.3527928466446248E-002  2.3211522266115428E-001  2.0572872345197923E-012 -4.0290151173514338E-013 -2.4063405069160932E-005
  5.7120000000000005E+001  2.5134180111958335E-012 -5.1914238142087662E-013  1.0539024644315548E-006  2.5923102613200503E-014 -5.6834371329049760E-015 -3.1343666612920663E-007  1.2991212401076915E-002  2.4183628528540627E-001  1.9955963625431536E-012 -4.3751304555081815E-013 -2.4128762681619266E-005
  5.7200000000000003E+001  2.5114191589694451E-012 -5.1867923556976438E-013  1.0784941777520383E-006  2.4842666343153368E-014 -6.0679507544857512E-015 -3.1101428217047480E-007  1.2991212401076915E-002  2.4183628528540627E-001  1.9328783738469704E-012 -4.7160000432805709E-013 -2.4189571081649074E-005
  5.7280000000000001E+001  2.5094431845809290E-012 -5.1817150930015890E-013  1.1036647495788308E-006  2.4282110063358238E-014 -6.5643435717635631E-015 -3.1498339180368619E-007  1.2991212401076915E-002  2.4183628528540627E-001  1.8691180864184942E-012 -5.0529106669205185E-013 -2.4245881144824815E-005
  5.7359999999999999E+001  2.5075340213593077E-012 -5.1762894059828221E-013  1.1288915204406281E-006  2.3440113983436664E-014 -6.9984424363347043E-015 -3.1565716863516296E-007  1.2991212401076915E-002  2.4183628528540627E-001  1.8043053457808000E-012 -5.3870587442280865E-013 -2.4297745190356143E-005
  5.7439999999999998E+001  2.5056927663435791E-012 -5.1705175851034535E-013  1.1541698965604569E-006  2.2584450334879946E-014 -7.4302364850606323E-015 -3.1627386163997748E-007  1.2991212401076915E-002  2.4183628528540627E-001  1.7384405425478371E-012 -5.7194326870095406E-013 -2.4345215202066838E-005
  5.7520000000000003E+001  2.5039205093057269E-012 -5.1644010276067251E-013  1.1794953383030245E-006  2.1715316423086871E-014 -7.8606537995725066E-015 -3.1683414875602759E-007  1.2991212401076915E-002  2.4183628528540627E-001  1.6715388643240269E-012 -6.0507468871191315E-013 -2.4388343364300921E-005
  5.7600000000000001E+001  2.5022183157158852E-012 -5.1579405390241375E-013  1.2048633603614213E-006  2.0833123958289823E-014 -8.2902617029467888E-015 -3.1733870999973206E-007  1.2991212401076915E-002  2.4183628528540627E-001  1.6036320025496880E-012 -6.3814380421180084E-013 -2.4427182021396685E-005
  5.7680000000000000E+001  2.5005872094724006E-012 -5.1511366088820102E-013  1.2302695319029816E-006  1.9938489438817802E-014 -8.7193336782816903E-015 -3.1778822697039320E-007  1.2991212401076915E-002  2.4183628528540627E-001  1.5347674122519646E-012 -6.7117166659202150E-013 -2.4461783639535371E-005
  5.7759999999999998E+001  2.4990281574056744E-012 -5.1439896051388868E-013  1.2557094766766842E-006  1.9032202282143275E-014 -9.1479518465395500E-015 -3.1818338238211059E-007  1.2991212401076915E-002  2.4183628528540627E-001  1.4650058589269833E-012 -7.0416459712268024E-013 -2.4492200770709823E-005
  5.7840000000000003E+001  2.4975420571072576E-012 -5.1364998859275469E-013  1.2811788730841193E-006  1.8115188517123552E-014 -9.5760951142379876E-015 -3.1852485961855012E-007  1.2991212401076915E-002  2.4183628528540627E-001  1.3944186237477415E-012 -7.3712097213071256E-013 -2.4518486018452492E-005
  5.7920000000000002E+001  2.4961297272429346E-012 -5.1286678529561060E-013  1.3066734542156522E-006  1.7188473591258889E-014 -1.0003689084528548E-014 -3.1881334230599969E-007  1.2991212401076915E-002  2.4183628528540627E-001  1.3230846406479595E-012 -7.7003506491043793E-013 -2.4540692004971821E-005
  5.8000000000000000E+001  2.4947919013326562E-012 -5.1204939833923013E-013  1.3321890078530792E-006  1.6253144667745635E-014 -1.0430606251644601E-014 -3.1904951390105737E-007  1.2991212401076915E-002  2.4183628528540627E-001  1.2510875941337214E-012 -8.0289706069157322E-013 -2.4558871339414654E-005
  5.8079999999999998E+001  2.4935292240960953E-012 -5.1119788829534746E-013  1.3577213764398214E-006  1.5310318159828690E-014 -1.0856628488760387E-014 -3.1923405729026144E-007  1.2991212401076915E-002  2.4183628528540627E-001  1.1785134202376229E-012 -8.3569016913779679E-013 -2.4573076587047282E-005
  5.8160000000000004E+001  2.4923422504270836E-012 -5.1031233778102846E-013  1.3832664570195211E-006  1.4361115979560276E-014 -1.1281387814144099E-014 -3.1936765439977233E-007  1.2991212401076915E-002  2.4183628528540627E-001  1.1054484782627796E-012 -8.6838606481482329E-013 -2.4583360239210507E-005
  5.8240000000000002E+001  2.4912314455393656E-012 -5.0939286624508441E-013  1.4088202011437850E-006  1.3406646905940335E-014 -1.1704300812751348E-014 -3.1945098581388616E-007  1.2991212401076915E-002  2.4183628528540627E-001  1.0319781165941710E-012 -9.0093983928563354E-013 -2.4589774683955119E-005
  5.8320000000000000E+001  2.4901971869221332E-012 -5.0843964965098825E-013  1.4343786147497429E-006  1.2447996649828116E-014 -1.2124521729842614E-014 -3.1948473040183995E-007  1.2991212401076915E-002  2.4183628528540627E-001  9.5818590794459019E-013 -9.3328639048634505E-013 -2.4592372177315419E-005
  5.8399999999999999E+001  2.4892397660753931E-012 -5.0745294276830959E-013  1.4599377580080794E-006  1.1486225277292738E-014 -1.2540924650721415E-014 -3.1946956495306209E-007  1.2991212401076915E-002  2.4183628528540627E-001  8.8415345101591966E-013 -9.6533905100968547E-013 -2.4591204815231736E-005
  5.8480000000000004E+001  2.4883593908777663E-012 -5.0643310170687282E-013  1.4854937451422328E-006  1.0522358931223547E-014 -1.2952129276729679E-014 -3.1940616382150446E-007  1.2991212401076915E-002  2.4183628528540627E-001  8.0995973326934272E-013 -9.9699157221504673E-013 -2.4586324506173633E-005
  5.8560000000000002E+001  2.4875561886463974E-012 -5.0538060208403284E-013  1.5110427442195201E-006  9.5573651705234299E-015 -1.3356576961709509E-014 -3.1929519857998289E-007  1.2991212401076915E-002  2.4183628528540627E-001  7.3567923265800116E-013 -1.0281239771433287E-012 -2.4577782944532268E-005
  5.8640000000000001E+001  2.4868302124504826E-012 -5.0429604939299930E-013  1.5365809769150301E-006  8.5921131934094672E-015 -1.3752653980628132E-014 -3.1913733768528678E-007  1.2991212401076915E-002  2.4183628528540627E-001  6.6137885580994335E-013 -1.0586120491331083E-012 -2.4565631584842147E-005
  5.8719999999999999E+001  2.4861814505354519E-012 -5.0318017744713234E-013  1.5621047182491660E-006  7.6273242779371700E-015 -1.4138836599726377E-014 -3.1893324615450001E-007  1.2991212401076915E-002  2.4183628528540627E-001  5.8711412318246929E-013 -1.0883384986111094E-012 -2.4549921616866415E-005
  5.8800000000000004E+001  2.4856098405660126E-012 -5.0203383553704308E-013  1.5876102962997501E-006  6.6635333321475064E-015 -1.4513825534325246E-014 -3.1868358525264036E-007  1.2991212401076915E-002  2.4183628528540627E-001  5.1292620938093875E-013 -1.1172033129965689E-012 -2.4530703941552324E-005
  5.8880000000000003E+001  2.4851152852023083E-012 -5.0085796536164030E-013  1.6130940918895884E-006  5.7010848459129391E-015 -1.4876630767736090E-014 -3.1838901219147577E-007  1.2991212401076915E-002  2.4183628528540627E-001  4.3884163155103574E-013 -1.1451302856462537E-012 -2.4508029147847916E-005
  5.8960000000000001E+001  2.4846976669906666E-012 -4.9965357461420531E-013  1.6385525382503862E-006  4.7401669223640604E-015 -1.5226578590290453E-014 -3.1805017983935463E-007  1.2991212401076915E-002  2.4183628528540627E-001  3.6487486895176227E-013 -1.1720675576844952E-012 -2.4481947490365851E-005
  5.9039999999999999E+001  2.4843568584947300E-012 -4.9842171278719383E-013  1.6639821206638852E-006  3.7808808972828095E-015 -1.5563244808835502E-014 -3.1766773644184246E-007  1.2991212401076915E-002  2.4183628528540627E-001  2.9103372191580388E-013 -1.1979824767967992E-012 -2.4452508867879741E-005
  5.9120000000000005E+001  2.4840927260471013E-012 -4.9716345544479162E-013  1.6893793760810810E-006  2.8233218984338704E-015 -1.5886343613201831E-014 -3.1724232535301656E-007  1.2991212401076915E-002  2.4183628528540627E-001  2.1732551291373859E-013 -1.2228530427140822E-012 -2.4419762802640231E-005
  5.9200000000000003E+001  2.4839051269909806E-012 -4.9587989780908153E-013  1.7147408927203678E-006  1.8676422001047837E-015 -1.6195617631430998E-014 -3.1677458477724538E-007  1.2991212401076915E-002  2.4183628528540627E-001  1.4376196327533100E-013 -1.2466594442015640E-012 -2.4383758420498543E-005
  5.9280000000000001E+001  2.4837939032950846E-012 -4.9457215662376267E-013  1.7400633096454402E-006  9.1407045734225365E-016 -1.6490771029588375E-014 -3.1626514752129238E-007  1.2991212401076915E-002  2.4183628528540627E-001  7.0360673747909976E-014 -1.2693789094096540E-012 -2.4344544431824939E-005
  5.9359999999999999E+001  2.4837588757178058E-012 -4.9324137444434739E-013  1.7653433163237746E-006 -3.7111954667263961E-017 -1.6771467269753557E-014 -3.1571464075664263E-007  1.2991212401076915E-002  2.4183628528540627E-001 -2.8566967825807409E-015 -1.2909855332950669E-012 -2.4302169113213158E-005
  5.9439999999999998E+001  2.4837998412078313E-012 -4.9188872186060210E-013  1.7905776521665031E-006 -9.8562371616204946E-016 -1.7037383476033828E-014 -3.1512368579193939E-007  1.2991212401076915E-002  2.4183628528540627E-001 -7.5868493696733736E-014 -1.3114544624504689E-012 -2.4256680289964121E-005
  5.9520000000000003E+001  2.4839165755123918E-012 -4.9051539308818198E-013  1.8157631060504849E-006 -1.9312491134355414E-015 -1.7288298575861757E-014 -3.1449289785547933E-007  1.2991212401076915E-002  2.4183628528540627E-001 -1.4865811240816065E-013 -1.3307686797907008E-012 -2.4208125319343565E-005
  5.9600000000000001E+001  2.4841088410659810E-012 -4.8912259408846421E-013  1.8408965158233797E-006 -2.8738794308981483E-015 -1.7524182897015681E-014 -3.1382288588768282E-007  1.2991212401076915E-002  2.4183628528540627E-001 -2.2121718452247100E-013 -1.3489259012933024E-012 -2.4156551074607056E-005
  5.9680000000000000E+001  2.4843763962213355E-012 -4.8771152382465947E-013  1.8659747677925142E-006 -3.8135213109808352E-015 -1.7745264388852582E-014 -3.1311425234337926E-007  1.2991212401076915E-002  2.4183628528540627E-001 -2.9354622134137822E-013 -1.3659436733850660E-012 -2.4102003929781194E-005
  5.9759999999999998E+001  2.4847190044757379E-012 -4.8628335178624780E-013  1.8909947961983204E-006 -4.7502638765002360E-015 -1.7952052513509017E-014 -3.1236759300376309E-007  1.2991212401076915E-002  2.4183628528540627E-001 -3.6565208310393410E-013 -1.3818612119697766E-012 -2.4044529745189022E-005
  5.9840000000000003E+001  2.4851364384415755E-012 -4.8483919542249803E-013  1.9159535826731162E-006 -5.6842002758819334E-015 -1.8145318144634101E-014 -3.1158349679792925E-007  1.2991212401076915E-002  2.4183628528540627E-001 -4.3754193992019479E-013 -1.3967378551311673E-012 -2.3984173853712103E-005
  5.9920000000000002E+001  2.4856284765198791E-012 -4.8338010088310635E-013  1.9408481556859891E-006 -6.6153302356448907E-015 -1.8326029568343723E-014 -3.1076254563396290E-007  1.2991212401076915E-002  2.4183628528540627E-001 -5.0921577073856815E-013 -1.4106481367993362E-012 -2.3920981047789143E-005
  6.0000000000000000E+001  2.4861948912792787E-012 -4.8190703069156303E-013  1.9656755899745503E-006 -7.5434537245287953E-015 -1.8495253406277439E-014 -3.0990531423973033E-007  1.2991212401076915E-002  2.4183628528540627E-001 -5.8065817813139574E-013 -1.4236741602919659E-012 -2.3854995567160631E-005
  6.0079999999999998E+001  2.4868354291158037E-012 -4.8042086033810196E-013  1.9904330059643460E-006 -8.4680835428135595E-015 -1.8654025860952066E-014 -3.0901235206517034E-007  1.2991212401076915E-002  2.4183628528540627E-001 -6.5183165984669854E-013 -1.4358956874114467E-012 -2.3786259705795683E-005
  6.0160000000000004E+001  2.4875497846461289E-012 -4.7892238655381070E-013  2.0151175663049776E-006 -9.3884107002264572E-015 -1.8803217730416057E-014 -3.0808416946539222E-007  1.2991212401076915E-002  2.4183628528540627E-001 -7.2267394376896461E-013 -1.4473797479331239E-012 -2.3714812748335304E-005
  6.0240000000000002E+001  2.4883375748278399E-012 -4.7741234550123539E-013  2.0397264730788087E-006 -1.0303329654078874E-014 -1.8943432782553609E-014 -3.0712126204221891E-007  1.2991212401076915E-002  2.4183628528540627E-001 -7.9309993062874180E-013 -1.4581728169561171E-012 -2.3640692843784065E-005
  6.0320000000000000E+001  2.4891983173907815E-012 -4.7589143730860213E-013  2.0642569682317326E-006 -1.1211531948721831E-014 -1.9074963257120324E-014 -3.0612413084453313E-007  1.2991212401076915E-002  2.4183628528540627E-001 -8.6300890190918611E-013 -1.4682973896677235E-012 -2.3563938560434647E-005
  6.0399999999999999E+001  2.4901314199396354E-012 -4.7436035138009613E-013  2.0887063340139340E-006 -1.2111651168457117E-014 -1.9197818639519197E-014 -3.0509328245053485E-007  1.2991212401076915E-002  2.4183628528540627E-001 -9.3229567761155268E-013 -1.4777541962078339E-012 -2.3484588892199532E-005
  6.0480000000000004E+001  2.4911361815777346E-012 -4.7281978632627905E-013  2.1130718934238182E-006 -1.3002413587975478E-014 -1.9311817424446512E-014 -3.0402922896680691E-007  1.2991212401076915E-002  2.4183628528540627E-001 -1.0008622125905045E-012 -1.4865292651858531E-012 -2.3402683258539120E-005
  6.0560000000000002E+001  2.4922118061137115E-012 -4.7127046059218469E-013  2.1373510106486231E-006 -1.3882756226375586E-014 -1.9416711727171932E-014 -3.0293248795295558E-007  1.2991212401076915E-002  2.4183628528540627E-001 -1.0686266837745429E-012 -1.4946035156474361E-012 -2.3318261498660829E-005
  6.0640000000000001E+001  2.4933574225739547E-012 -4.6971311244993155E-013  2.1615410914962911E-006 -1.4751877268169311E-014 -1.9512294142371029E-014 -3.0180358228678935E-007  1.2991212401076915E-002  2.4183628528540627E-001 -1.1355273713286960E-012 -1.5019609825449316E-012 -2.3231363861141333E-005
  6.0719999999999999E+001  2.4945721064766186E-012 -4.6814849352940533E-013  2.1856395838145094E-006 -1.5609204341813999E-014 -1.9598449742273034E-014 -3.0064303998680999E-007  1.2991212401076915E-002  2.4183628528540627E-001 -1.2015202168906810E-012 -1.5085928193005965E-012 -2.3142030990262961E-005
  6.0800000000000004E+001  2.4958548952686449E-012 -4.6657736049116786E-013  2.2096439778941807E-006 -1.6454290553805163E-014 -1.9675145812536635E-014 -2.9945139400729668E-007  1.2991212401076915E-002  2.4183628528540627E-001 -1.2665708207835415E-012 -1.5144965077243794E-012 -2.3050303910239799E-005
  6.0880000000000003E+001  2.4972047929652274E-012 -4.6500047019939947E-013  2.2335518068556769E-006 -1.7286672863233665E-014 -1.9742364849423186E-014 -2.9822918201824164E-007  1.2991212401076915E-002  2.4183628528540627E-001 -1.3306435403828802E-012 -1.5196707004641860E-012 -2.2956224008278268E-005
  6.0960000000000001E+001  2.4986207629267623E-012 -4.6341858211526015E-013  2.2573606470170993E-006 -1.8105738878093173E-014 -1.9800013750548814E-014 -2.9697694617932459E-007  1.2991212401076915E-002  2.4183628528540627E-001 -1.3936912367466418E-012 -1.5241082309536951E-012 -2.2859833017179188E-005
  6.1039999999999999E+001  2.5001017111857223E-012 -4.6183246799931166E-013  2.2810681182443688E-006 -1.8910645962713728E-014 -1.9847844364478775E-014 -2.9569523291450944E-007  1.2991212401076915E-002  2.4183628528540627E-001 -1.4556490479014917E-012 -1.5277899977089931E-012 -2.2761172997987332E-005
  6.1120000000000005E+001  2.5016464662807965E-012 -4.6024292701694355E-013  2.3046718842834208E-006 -1.9700317020703188E-014 -1.9885405529133632E-014 -2.9438459269161712E-007  1.2991212401076915E-002  2.4183628528540627E-001 -1.5164340642346928E-012 -1.5306812724796316E-012 -2.2660286323023694E-005
  6.1200000000000003E+001  2.5032537619090348E-012 -4.5865080311465027E-013  2.3281696530750276E-006 -2.0473518899143456E-014 -1.9912033047766544E-014 -2.9304557980919889E-007  1.2991212401076915E-002  2.4183628528540627E-001 -1.5759513636653437E-012 -1.5327309286480426E-012 -2.2557215659479991E-005
  6.1280000000000001E+001  2.5049222293046595E-012 -4.5705700172930090E-013  2.3515591770528927E-006 -2.1229010712926508E-014 -1.9926879550546263E-014 -2.9167875219125528E-007  1.2991212401076915E-002  2.4183628528540627E-001 -1.6341054289257059E-012 -1.5338737398284946E-012 -2.2452003953616990E-005
  6.1359999999999999E+001  2.5066504036231030E-012 -4.5546250238656287E-013  2.3748382534256284E-006 -2.1965721236151016E-014 -1.9928977597113606E-014 -2.9028467118905413E-007  1.2991212401076915E-002  2.4183628528540627E-001 -1.6908138022844534E-012 -1.5340352371932138E-012 -2.2344694415510667E-005
  6.1439999999999998E+001  2.5084367447024436E-012 -4.5386836531376272E-013  2.3980047244431413E-006 -2.2682911320550231E-014 -1.9917328794318466E-014 -2.8886390138887804E-007  1.2991212401076915E-002  2.4183628528540627E-001 -1.7460195877228580E-012 -1.5331385693199194E-012 -2.2235330504251831E-005
  6.1520000000000003E+001  2.5102796694343911E-012 -4.5227572977947192E-013  2.4210564776478489E-006 -2.3380274934316391E-014 -1.9891002093919798E-014 -2.8741701042464204E-007  1.2991212401076915E-002  2.4183628528540627E-001 -1.7996992284088782E-012 -1.5311120686681234E-012 -2.2123955913523096E-005
  6.1600000000000001E+001  2.5121775886919343E-012 -4.5068580497873555E-013  2.4439914461110840E-006 -2.4057944380492598E-014 -1.9849229258530247E-014 -2.8594456879509075E-007  1.2991212401076915E-002  2.4183628528540627E-001 -1.8518629083840262E-012 -1.5278966000805993E-012 -2.2010614557528511E-005
  6.1680000000000000E+001  2.5141289405352699E-012 -4.4909985309810708E-013  2.4668076086550634E-006 -2.4716394149479827E-014 -1.9791473732149067E-014 -2.8444714968596637E-007  1.2991212401076915E-002  2.4183628528540627E-001 -1.9025471515985598E-012 -1.5234508621003331E-012 -2.1895350557303370E-005
  6.1759999999999998E+001  2.5161322117558510E-012 -4.4751916918159170E-013  2.4895029900608387E-006 -2.5356256739508629E-014 -1.9717452239012783E-014 -2.8292532879784135E-007  1.2991212401076915E-002  2.4183628528540627E-001 -1.9518006446730572E-012 -1.5177530495443602E-012 -2.1778208227462071E-005
  6.1840000000000003E+001  2.5181859416135913E-012 -4.4594506073986503E-013  2.5120756612627180E-006 -2.5978099423179726E-014 -1.9627107061508997E-014 -2.8137968418045991E-007  1.2991212401076915E-002  2.4183628528540627E-001 -1.9996670534785760E-012 -1.5107987195931118E-012 -2.1659232063447313E-005
  6.1920000000000002E+001  2.5202887076635598E-012 -4.4437883205175026E-013  2.5345237395297122E-006 -2.6582226564517663E-014 -1.9520538582324529E-014 -2.7981079607430580E-007  1.2991212401076915E-002  2.4183628528540627E-001 -2.0461698064695890E-012 -1.5025955992149262E-012 -2.1538466729333827E-005
  6.2000000000000000E+001  2.5224390978639141E-012 -4.4282177456669311E-013  2.5568453886346070E-006 -2.7168557564538475E-014 -1.9397927528169057E-014 -2.7821924675981987E-007  1.2991212401076915E-002  2.4183628528540627E-001 -2.0913026995300590E-012 -1.4931575998681120E-012 -2.1415957046222759E-005
  6.2079999999999998E+001  2.5246356768738860E-012 -4.4127516364724321E-013  2.5790388190112834E-006 -2.7736616584330800E-014 -1.9259474605075895E-014 -2.7660562041457708E-007  1.2991212401076915E-002  2.4183628528540627E-001 -2.1350291049074093E-012 -1.4825001709216430E-012 -2.1291747981246890E-005
  6.2160000000000004E+001  2.5268769565174070E-012 -4.3974025862988097E-013  2.6011022879009393E-006 -2.8285635584088223E-014 -1.9105378460959188E-014 -2.7497050297844677E-007  1.2991212401076915E-002  2.4183628528540627E-001 -2.1772899026533610E-012 -1.4706386033204695E-012 -2.1165884637191647E-005
  6.2240000000000002E+001  2.5291613785673401E-012 -4.3821830309348974E-013  2.6230340994878349E-006 -2.8814740533493716E-014 -1.8935851093278134E-014 -2.7331448202660129E-007  1.2991212401076915E-002  2.4183628528540627E-001 -2.2180178141882480E-012 -1.4575892155922679E-012 -2.1038412242720802E-005
  6.2320000000000000E+001  2.5314873150027660E-012 -4.3671052245495646E-013  2.6448326050251955E-006 -2.9323158311928849E-014 -1.8751155596715716E-014 -2.7163814665004460E-007  1.2991212401076915E-002  2.4183628528540627E-001 -2.2571533284679739E-012 -1.4433722594791457E-012 -2.0909376143178768E-005
  6.2399999999999999E+001  2.5338530838972487E-012 -4.3521811819801523E-013  2.6664962029518420E-006 -2.9810382143859195E-014 -1.8551640817222325E-014 -2.6994208734303103E-007  1.2991212401076915E-002  2.4183628528540627E-001 -2.2946574363902794E-012 -1.4280145874363866E-012 -2.0778821791925752E-005
  6.2480000000000004E+001  2.5362569761457835E-012 -4.3374225992420089E-013  2.6880233390000805E-006 -3.0276252294723222E-014 -1.8337755837627486E-014 -2.6822689589668059E-007  1.2991212401076915E-002  2.4183628528540627E-001 -2.3305178423696886E-012 -1.4115507676641128E-012 -2.0646794742148022E-005
  6.2560000000000002E+001  2.5386972842644044E-012 -4.3228407726399483E-013  2.7094125062953109E-006 -3.0720924471792292E-014 -1.8110050791317382E-014 -2.6649316529776384E-007  1.2991212401076915E-002  2.4183628528540627E-001 -2.3647465319901673E-012 -1.3940231467400379E-012 -2.0513340639067262E-005
  6.2640000000000001E+001  2.5411723240612703E-012 -4.3084465179759011E-013  2.7306622454477227E-006 -3.1144733387920501E-014 -1.7869158704842590E-014 -2.6474148963144128E-007  1.2991212401076915E-002  2.4183628528540627E-001 -2.3973692698105082E-012 -1.3754804519523609E-012 -2.0378505212454039E-005
  6.2719999999999999E+001  2.5436804416064717E-012 -4.2942501187122002E-013  2.7517711446363415E-006 -3.1547990450600048E-014 -1.7615767428138608E-014 -2.6297246398648042E-007  1.2991212401076915E-002  2.4183628528540627E-001 -2.4284100264565432E-012 -1.3559756306253814E-012 -2.0242334269331446E-005
  6.2800000000000004E+001  2.5462200025333663E-012 -4.2802612900908793E-013  2.7727378396855595E-006 -3.1930772807971265E-014 -1.7350599771144575E-014 -2.6118668436129334E-007  1.2991212401076915E-002  2.4183628528540627E-001 -2.4578747404147767E-012 -1.3355643211334245E-012 -2.0104873686742507E-005
  6.2880000000000003E+001  2.5487893652557471E-012 -4.2664891590783689E-013  2.7935610141341485E-006 -3.2292759643950662E-014 -1.7074389735324168E-014 -2.5938474756916426E-007  1.2991212401076915E-002  2.4183628528540627E-001 -2.4857387168324040E-012 -1.3143030233197135E-012 -1.9966169404455272E-005
  6.2960000000000001E+001  2.5513868440763984E-012 -4.2529422665143607E-013  2.8142393992966258E-006 -3.2633168953230607E-014 -1.6787858166657056E-014 -2.5756725114122991E-007  1.2991212401076915E-002  2.4183628528540627E-001 -2.5119417607646531E-012 -1.2922472243826430E-012 -1.9826267417495018E-005
  6.3039999999999999E+001  2.5540106722882640E-012 -4.2396285860117176E-013  2.8347717743167453E-006 -3.2950824368410391E-014 -1.6491691875520992E-014 -2.5573479322614048E-007  1.2991212401076915E-002  2.4183628528540627E-001 -2.5363933212021090E-012 -1.2694497916263690E-012 -1.9685213768419482E-005
  6.3120000000000005E+001  2.5566589759753440E-012 -4.2265555595135271E-013  2.8551569662128083E-006 -3.3244333889114134E-014 -1.6186527382745497E-014 -2.5388797248563640E-007  1.2991212401076915E-002  2.4183628528540627E-001 -2.5589862487630528E-012 -1.2459597213115791E-012 -1.9543054539281639E-005
  6.3200000000000003E+001  2.5593297657105222E-012 -4.2137301421993248E-013  2.8753938499144471E-006 -3.3512342696767310E-014 -1.5872945991782694E-014 -2.5202738798570189E-007  1.2991212401076915E-002  2.4183628528540627E-001 -2.5796162561386452E-012 -1.2218217593353172E-012 -1.9399835843251253E-005
  6.3280000000000001E+001  2.5620209508068268E-012 -4.2011588459266748E-013  2.8954813482905206E-006 -3.3753789233192484E-014 -1.5551476720757199E-014 -2.5015363908314202E-007  1.2991212401076915E-002  2.4183628528540627E-001 -2.5982016297718459E-012 -1.1970766269257345E-012 -1.9255603815884294E-005
  6.3359999999999999E+001  2.5647303719878330E-012 -4.1888477794461133E-013  2.9154184321677498E-006 -3.3968092460592755E-014 -1.5222603481561681E-014 -2.4826732530759363E-007  1.2991212401076915E-002  2.4183628528540627E-001 -2.6146976442148693E-012 -1.1717615732539138E-012 -1.9110404606040636E-005
  6.3440000000000005E+001  2.5674558456005216E-012 -4.1768026803561761E-013  2.9352041203397356E-006 -3.4155221841950435E-014 -1.4886759500333297E-014 -2.4636904623907085E-007  1.2991212401076915E-002  2.4183628528540627E-001 -2.6291019488772494E-012 -1.1459099459492649E-012 -1.8964284366457570E-005
  6.3520000000000003E+001  2.5701952074825451E-012 -4.1650289642455800E-013  2.9548374795660011E-006 -3.4315636931066149E-014 -1.4544299219111452E-014 -2.4445940138118013E-007  1.2991212401076915E-002  2.4183628528540627E-001 -2.6414499179630346E-012 -1.1195490282266182E-012 -1.8817289243990527E-005
  6.3600000000000001E+001  2.5729463475094922E-012 -4.1535318016055978E-013  2.9743176245607244E-006 -3.4450117194539150E-014 -1.4195465170157280E-014 -2.4253899003020338E-007  1.2991212401076915E-002  2.4183628528540627E-001 -2.6518015509995942E-012 -1.0926974890334541E-012 -1.8669465369536821E-005
  6.3680000000000000E+001  2.5757072262336714E-012 -4.1423162199733283E-013  2.9936437179708337E-006 -3.4559539033818070E-014 -1.3840363840614458E-014 -2.4060841114035885E-007  1.2991212401076915E-002  2.4183628528540627E-001 -2.6602243090839987E-012 -1.0653635252293247E-012 -1.8520858847663471E-005
  6.3759999999999998E+001  2.5784758737549031E-012 -4.1313872194606146E-013  3.0128149703431818E-006 -3.4644659201321460E-014 -1.3478965834486335E-014 -2.3866826318559445E-007  1.2991212401076915E-002  2.4183628528540627E-001 -2.6667764433170310E-012 -1.0375448740541796E-012 -1.8371515745967679E-005
  6.3840000000000003E+001  2.5812503717058828E-012 -4.1207498746381502E-013  3.0318306400805288E-006 -3.4705963243332097E-014 -1.3111142035611431E-014 -2.3671914401836090E-007  1.2991212401076915E-002  2.4183628528540627E-001 -2.6714953286773811E-012 -1.0092315967772870E-012 -1.8221482084207630E-005
  6.3920000000000002E+001  2.5840288278738363E-012 -4.1104093922036363E-013  3.0506900333861196E-006 -3.4743614881024224E-014 -1.2736728336655782E-014 -2.3476165072598672E-007  1.2991212401076915E-002  2.4183628528540627E-001 -2.6743935676198961E-012 -9.8041106121859067E-013 -1.8070803823246258E-005
  6.4000000000000000E+001  2.5868093500868467E-012 -4.1003711092995009E-013  3.0693925041966867E-006 -3.4757512045278181E-014 -1.2355596955368056E-014 -2.3279637948515264E-007  1.2991212401076915E-002  2.4183628528540627E-001 -2.6754633033631054E-012 -9.5107343132532015E-013 -1.7919526853848897E-005
  6.4079999999999998E+001  2.5895900298010808E-012 -4.0906404370750474E-013  3.0879374541037440E-006 -3.4747438167365687E-014 -1.1967713708513226E-014 -2.3082392541480436E-007  1.2991212401076915E-002  2.4183628528540627E-001 -2.6746878655055331E-012 -9.2121607583919224E-013 -1.7767696985361418E-005
  6.4159999999999997E+001  2.5923689401936252E-012 -4.0812227673658798E-013  3.1063243322630554E-006 -3.4713264414133526E-014 -1.1573157511259226E-014 -2.2884488242751416E-007  1.2991212401076915E-002  2.4183628528540627E-001 -2.6720573371008800E-012 -8.9084506926388976E-013 -1.7615359934269313E-005
  6.4239999999999995E+001  2.5951441521073421E-012 -4.0721233850570327E-013  3.1245526352921463E-006 -3.4655145991392484E-014 -1.1172095048904327E-014 -2.2685984307891543E-007  1.2991212401076915E-002  2.4183628528540627E-001 -2.6675836651335075E-012 -8.5997324221858331E-013 -1.7462561312607658E-005
  6.4320000000000007E+001  2.5979137635522480E-012 -4.0633474152876329E-013  3.1426219071556818E-006 -3.4573645849055629E-014 -1.0764728269058029E-014 -2.2486939841448511E-007  1.2991212401076915E-002  2.4183628528540627E-001 -2.6613101827348336E-012 -8.2861613964266027E-013 -1.7309346616166846E-005
  6.4400000000000006E+001  2.6006759354431910E-012 -4.0548998198265398E-013  3.1605317390384639E-006 -3.4469746274485564E-014 -1.0351226458329090E-014 -2.2287413781281865E-007  1.2991212401076915E-002  2.4183628528540627E-001 -2.6533125015821109E-012 -7.9678679239137023E-013 -1.7155761212428659E-005
  6.4480000000000004E+001  2.6034289229561657E-012 -4.0467854529543063E-013  3.1782817692057328E-006 -3.4344729296415213E-014 -9.9316575041637686E-015 -2.2087464882468591E-007  1.2991212401076915E-002  2.4183628528540627E-001 -2.6436893059779349E-012 -7.6449042610836755E-013 -1.7001850328178389E-005
  6.4560000000000002E+001  2.6061710921306175E-012 -4.0390091678198778E-013  3.1958716828504136E-006 -3.4199948502021114E-014 -9.5059403635008455E-015 -2.1887151700752615E-007  1.2991212401076915E-002  2.4183628528540627E-001 -2.6325447884437662E-012 -7.3172080249512983E-013 -1.6847659036764109E-005
  6.4640000000000001E+001  2.6089009147164891E-012 -4.0315759483727050E-013  3.2133012119269370E-006 -3.4036558817005140E-014 -9.0738272783755128E-015 -2.1686532575541150E-007  1.2991212401076915E-002  2.4183628528540627E-001 -2.6199678495120682E-012 -6.9845885035513188E-013 -1.6693232245008379E-005
  6.4719999999999999E+001  2.6116169415413383E-012 -4.0244910441744770E-013  3.2305701349712795E-006 -3.3855279705701579E-014 -8.6349254871893376E-015 -2.1485665612498961E-007  1.2991212401076915E-002  2.4183628528540627E-001 -2.6060138700290334E-012 -6.6467433682122188E-013 -1.6538614679810767E-005
  6.4799999999999997E+001  2.6143177594694013E-012 -4.0177600675932020E-013  3.2476782769069354E-006 -3.3656258338760738E-014 -8.1887604329034232E-015 -2.1284608665820759E-007  1.2991212401076915E-002  2.4183628528540627E-001 -2.5906941784718003E-012 -6.3033073281325970E-013 -1.6383850874500658E-005
  6.4879999999999995E+001  2.6170019428755400E-012 -4.0113890274818315E-013  3.2646255088365927E-006 -3.3439067871382399E-014 -7.7348755544118182E-015 -2.1083419320266429E-007  1.2991212401076915E-002  2.4183628528540627E-001 -2.5739759184147772E-012 -5.9539289449004211E-013 -1.6228985155010406E-005
  6.4960000000000008E+001  2.6196680103288225E-012 -4.0053842667061431E-013  3.2814117478193616E-006 -3.3202827448625780E-014 -7.2729395299775043E-015 -2.0882154873055961E-007  1.2991212401076915E-002  2.4183628528540627E-001 -2.5557912859522282E-012 -5.5983531832448816E-013 -1.6074061625938062E-005
  6.5040000000000006E+001  2.6223143952673201E-012 -3.9997523242338675E-013  3.2980369566334822E-006 -3.2946403841844008E-014 -6.8028285460878530E-015 -2.0680872315698746E-007  1.2991212401076915E-002  2.4183628528540627E-001 -2.5360530506848256E-012 -5.2364847375786767E-013 -1.5919124156560353E-005
  6.5120000000000005E+001  2.6249394349435175E-012 -3.9944997410324026E-013  3.3145011435244796E-006 -3.2668632707885957E-014 -6.3246607406120633E-015 -2.0479628315818361E-007  1.2991212401076915E-002  2.4183628528540627E-001 -2.5146715871704864E-012 -4.8684145446562996E-013 -1.5764216366842754E-005
  6.5200000000000003E+001  2.6275413765005819E-012 -3.9896328670488882E-013  3.3308043619387916E-006 -3.2368504201496339E-014 -5.8387569081090831E-015 -2.0278479199016276E-007  1.2991212401076915E-002  2.4183628528540627E-001 -2.4915691624602913E-012 -4.4943895364415984E-013 -1.5609381613478562E-005
  6.5280000000000001E+001  2.6301183956157570E-012 -3.9851577299794280E-013  3.3469467102429057E-006 -3.2045270153164229E-014 -5.3455397983999618E-015 -2.0077480930789546E-007  1.2991212401076915E-002  2.4183628528540627E-001 -2.4666881861240982E-012 -4.1147351250734564E-013 -1.5454662975970917E-005
  6.5359999999999999E+001  2.6326686197250882E-012 -3.9810800033714483E-013  3.3629283314280549E-006 -3.1698460388931050E-014 -4.8454055271638226E-015 -1.9876689098504635E-007  1.2991212401076915E-002  2.4183628528540627E-001 -2.4399924664694206E-012 -3.7297562210300088E-013 -1.5300103242755839E-005
  6.5439999999999998E+001  2.6351901492779859E-012 -3.9774050811359659E-013  3.3787494128005131E-006 -3.1327815273178013E-014 -4.3386114868350958E-015 -1.9676158893403516E-007  1.2991212401076915E-002  2.4183628528540627E-001 -2.4114620180161350E-012 -3.3396509524201465E-013 -1.5145744897352415E-005
  6.5519999999999996E+001  2.6376810701687966E-012 -3.9741382249925121E-013  3.3944101856575005E-006 -3.0933158921987607E-014 -3.8252136459953348E-015 -1.9475945092618521E-007  1.2991212401076915E-002  2.4183628528540627E-001 -2.3810833020807402E-012 -2.9444624011214729E-013 -1.4991630104518795E-005
  6.5599999999999994E+001  2.6401394547055039E-012 -3.9712847393023734E-013  3.4099109249487027E-006 -3.0514247869312058E-014 -3.3050731144667822E-015 -1.9276102041169712E-007  1.2991212401076915E-002  2.4183628528540627E-001 -2.3488375778371678E-012 -2.5440836562667086E-013 -1.4837800696393532E-005
  6.5680000000000007E+001  2.6425633498278866E-012 -3.9688501080093653E-013  3.4252519489233720E-006 -3.0070642662488382E-014 -2.7779346043640051E-015 -1.9076683633923872E-007  1.2991212401076915E-002  2.4183628528540627E-001 -2.3146910183683754E-012 -2.1383182097257089E-013 -1.4684298158609564E-005
  6.5760000000000005E+001  2.6449507575315021E-012 -3.9668400439353910E-013  3.4404336187629809E-006 -2.9601649108716261E-014 -2.2435507796223626E-015 -1.8877743297519091E-007  1.2991212401076915E-002  2.4183628528540627E-001 -2.2785901881077241E-012 -1.7269756742919269E-013 -1.4531163616379968E-005
  6.5840000000000003E+001  2.6472996136852812E-012 -3.9652604267619695E-013  3.4554563381994026E-006 -2.9106358154816693E-014 -1.7018238970766817E-015 -1.8679333972267637E-007  1.2991212401076915E-002  2.4183628528540627E-001 -2.2404651125867680E-012 -1.3099808120567702E-013 -1.4378437820567991E-005
  6.5920000000000002E+001  2.6496077748362727E-012 -3.9641171257000683E-013  3.4703205531186091E-006 -2.8583792257762776E-014 -1.1529310815640108E-015 -1.8481508094069952E-007  1.2991212401076915E-002  2.4183628528540627E-001 -2.2002405453236865E-012 -8.8746996505743647E-014 -1.4226161133766033E-005
  6.6000000000000000E+001  2.6518730204465232E-012 -3.9634157370314671E-013  3.4850267511499145E-006 -2.8033121522243130E-014 -5.9740267559882443E-016 -1.8284317576382646E-007  1.2991212401076915E-002  2.4183628528540627E-001 -2.1578526050361268E-012 -4.5985136502664781E-014 -1.4074373516414146E-005
  6.6079999999999998E+001  2.6540930742798316E-012 -3.9631612814191101E-013  3.4995754612408214E-006 -2.7453893491001869E-014 -3.6136049032874430E-017 -1.8087813792278864E-007  1.2991212401076915E-002  2.4183628528540627E-001 -2.1132664637772350E-012 -2.7815763392618289E-015 -1.3923114512991504E-005
  6.6159999999999997E+001  2.6562656434050835E-012 -3.9633579193530145E-013  3.5139672532175607E-006 -2.6846201666028247E-014  5.2966250915726734E-016 -1.7892047556643925E-007  1.2991212401076915E-002  2.4183628528540627E-001 -2.0664893188725498E-012  4.0770829758196116E-014 -1.3772423238311974E-005
  6.6239999999999995E+001  2.6583884665463962E-012 -3.9640087414337618E-013  3.5282027373314516E-006 -2.6210747987446018E-014  1.0986041754373533E-015 -1.7697069108542205E-007  1.2991212401076915E-002  2.4183628528540627E-001 -2.0175752022400605E-012  8.4565176945774740E-014 -1.3622338363950727E-005
  6.6320000000000007E+001  2.6604593630830749E-012 -3.9651156860337142E-013  3.5422825637912282E-006 -2.5548788668473328E-014  1.6692769566741986E-015 -1.7502928093784942E-007  1.2991212401076915E-002  2.4183628528540627E-001 -1.9666208110305197E-012  1.2849277689708270E-013 -1.3472898104825296E-005
  6.6400000000000006E+001  2.6624762727333519E-012 -3.9666795845644405E-013  3.5562074222815076E-006 -2.4861989149683488E-014  2.2403940162873557E-015 -1.7309673547723022E-007  1.2991212401076915E-002  2.4183628528540627E-001 -1.9137543427142494E-012  1.7245457522514391E-013 -1.3324140205950526E-005
  6.6480000000000004E+001  2.6644372813470242E-012 -3.9687003164597740E-013  3.5699780414675850E-006 -2.4152241870121426E-014  2.8108916346902466E-015 -1.7117353878287262E-007  1.2991212401076915E-002  2.4183628528540627E-001 -1.8591214679946784E-012  2.1636869199807919E-013 -1.3176101929384460E-005
  6.6560000000000002E+001  2.6663406314325713E-012 -3.9711770111799449E-013  3.5835951884867672E-006 -2.3421494453474267E-014  3.3799401648907028E-015 -1.6926016849295512E-007  1.2991212401076915E-002  2.4183628528540627E-001 -1.8028721054191136E-012  2.6017126504761825E-013 -1.3028820041378318E-005
  6.6640000000000001E+001  2.6681847204595801E-012 -3.9741082207235991E-013  3.5970596684264579E-006 -2.2671626258044345E-014  3.9468662785606768E-015 -1.6735709564035562E-007  1.2991212401076915E-002  2.4183628528540627E-001 -1.7451509187984493E-012  3.0381046485186256E-013 -1.2882330799739783E-005
  6.6719999999999999E+001  2.6699680916338584E-012 -3.9774919972256420E-013  3.6103723237892241E-006 -2.1904387494266933E-014  4.5110157438998203E-015 -1.6546478449133405E-007  1.2991212401076915E-002  2.4183628528540627E-001 -1.6860926307733936E-012  3.4723593184620337E-013 -1.2736669941414943E-005
  6.6799999999999997E+001  2.6716894224586628E-012 -3.9813258459138388E-013  3.6235340339450713E-006 -2.1121395041324066E-014  5.0716097844747674E-015 -1.6358369238710542E-007  1.2991212401076915E-002  2.4183628528540627E-001 -1.6258217007963837E-012  3.9038771962917779E-013 -1.2591872670293919E-005
  6.6879999999999995E+001  2.6733475148404703E-012 -3.9856065728808016E-013  3.6365457145711609E-006 -2.0324172663366882E-014  5.6276432884114963E-015 -1.6171426958845164E-007  1.2991212401076915E-002  2.4183628528540627E-001 -1.5644554207797616E-012  4.3318845960402963E-013 -1.2447973645250039E-005
  6.6960000000000008E+001  2.6749412900848015E-012 -3.9903300751752972E-013  3.6494083170792236E-006 -1.9514223364272048E-014  6.1778575256869924E-015 -1.5985695912363143E-007  1.2991212401076915E-002  2.4183628528540627E-001 -1.5021094846122174E-012  4.7554126088914021E-013 -1.2305006968432052E-005
  6.7040000000000006E+001  2.6764697905787538E-012 -3.9954911449219008E-013  3.6621228280309420E-006 -1.8693109796625097E-014  6.7208041208308621E-015 -1.5801219663996166E-007  1.2991212401076915E-002  2.4183628528540627E-001 -1.4389041776481358E-012  5.1733463462375097E-013 -1.2163006173839736E-005
  6.7120000000000005E+001  2.6779321876522615E-012 -4.0010833617686266E-013  3.6746902685416174E-006 -1.7862513792269297E-014  7.2549759280289073E-015 -1.5618041025956495E-007  1.2991212401076915E-002  2.4183628528540627E-001 -1.3749689590780390E-012  5.5845256809346091E-013 -1.2022004216220608E-005
  6.7200000000000003E+001  2.6793277927855169E-012 -4.0070991064067470E-013  3.6871116936724724E-006 -1.7024245232005228E-014  7.7789730021258300E-015 -1.5436202043976281E-007  1.2991212401076915E-002  2.4183628528540627E-001 -1.3104431446747883E-012  5.9878730036629255E-013 -1.1882033460323122E-005
  6.7280000000000001E+001  2.6806560668893824E-012 -4.0135297185720279E-013  3.6993881918119795E-006 -1.6180171186438920E-014  8.2916658105105603E-015 -1.5255743983840529E-007  1.2991212401076915E-002  2.4183628528540627E-001 -1.2454704524033498E-012  6.3825188554559901E-013 -1.1743125670530667E-005
  6.7359999999999999E+001  2.6819166201753471E-012 -4.0203657717035639E-013  3.7115208840466172E-006 -1.5332070527493278E-014  8.7923194007138357E-015 -1.5076707318424850E-007  1.2991212401076915E-002  2.4183628528540627E-001 -1.1801878111253468E-012  6.7678975058443243E-013 -1.1605312000883921E-005
  6.7439999999999998E+001  2.6831091981737813E-012 -4.0275974296131701E-013  3.7235109235214592E-006 -1.4481451997426189E-014  9.2806606662853947E-015 -1.4899131715226076E-007  1.2991212401076915E-002  2.4183628528540627E-001 -1.1147113564414650E-012  7.1437987308375771E-013 -1.1468622985481398E-005
  6.7519999999999996E+001  2.6842336524949353E-012 -4.0352148287696206E-013  3.7353594947909789E-006 -1.3629388853391441E-014  9.7568629556888917E-015 -1.4723056024351069E-007  1.2991212401076915E-002  2.4183628528540627E-001 -1.0491237024390384E-012  7.5103559656064540E-013 -1.1333088529235759E-005
  6.7599999999999994E+001  2.6852899003903239E-012 -4.0432084103422723E-013  3.7470678131604210E-006 -1.2776424318336965E-014  1.0221454520062518E-014 -1.4548518266935662E-007  1.2991212401076915E-002  2.4183628528540627E-001 -9.8346666376410882E-013  7.8679758320442307E-013 -1.1198737898958315E-005
  6.7680000000000007E+001  2.6862778803858692E-012 -4.0515691560017206E-013  3.7586371240180760E-006 -1.1922578139707990E-014  1.0675170401212142E-014 -1.4375555623955885E-007  1.2991212401076915E-002  2.4183628528540627E-001 -9.1774176047816126E-013  8.2172241293869121E-013 -1.1065599714745735E-005
  6.7760000000000005E+001  2.6871975128926772E-012 -4.0602886829842117E-013  3.7700687021587504E-006 -1.1067443298523177E-014  1.1118783358755139E-014 -1.4204204425401292E-007  1.2991212401076915E-002  2.4183628528540627E-001 -8.5191766225047270E-013  8.5586956901984578E-013 -1.0933701941647614E-005
  6.7840000000000003E+001  2.6880486713136329E-012 -4.0693592093757288E-013  3.7813638510987181E-006 -1.0210331186988672E-014  1.1552965458185460E-014 -1.4034500139798228E-007  1.2991212401076915E-002  2.4183628528540627E-001 -7.8594136342064340E-013  8.8929078376302962E-013 -1.0803071881600993E-005
  6.7920000000000002E+001  2.6888311658825954E-012 -4.0787734277173085E-013  3.7925239023824275E-006 -9.3504190930670955E-015  1.1978221360967618E-014 -1.3866477364068191E-007  1.2991212401076915E-002  2.4183628528540627E-001 -7.1974953563938936E-013  9.2202490353978710E-013 -1.0673736165624265E-005
  6.8000000000000000E+001  2.6895447383685237E-012 -4.0885243635532770E-013  3.8035502148812272E-006 -8.4868549199401240E-015  1.2394913872560086E-014 -1.3700169813723431E-007  1.2991212401076915E-002  2.4183628528540627E-001 -6.5327658866072208E-013  9.5409985534010523E-013 -1.0545720746269877E-005
  6.8079999999999998E+001  2.6901890626697858E-012 -4.0986052899134046E-013  3.8144441740843850E-006 -7.6188147549518475E-015  1.2803364892158372E-014 -1.3535610313405854E-007  1.2991212401076915E-002  2.4183628528540627E-001 -5.8645910171716121E-013  9.8554041738992797E-013 -1.0419050890341362E-005
  6.8159999999999997E+001  2.6907637487293160E-012 -4.1090097473807304E-013  3.8252071913826765E-006 -6.7455282969837841E-015  1.3203990270362875E-014 -1.3372830787776126E-007  1.2991212401076915E-002  2.4183628528540627E-001 -5.1923778079578449E-013  1.0163785998348185E-012 -1.0293751171882147E-005
  6.8239999999999995E+001  2.6912683471973032E-012 -4.1197316743459852E-013  3.8358407033448268E-006 -5.8662801224239096E-015  1.3597412808463366E-014 -1.3211862252769642E-007  1.2991212401076915E-002  2.4183628528540627E-001 -4.5155755608591728E-013  1.0466623428723543E-012 -1.0169845465442651E-005
  6.8320000000000007E+001  2.6917023535489038E-012 -4.1307656078742718E-013  3.8463461709871080E-006 -4.9803973329352165E-015  1.3984509529992195E-014 -1.3052734807213286E-007  1.2991212401076915E-002  2.4183628528540627E-001 -3.8336663116394392E-013  1.0764591554852020E-012 -1.0047356939627073E-005
  6.8400000000000006E+001  2.6920652107705729E-012 -4.1421068895939727E-013  3.8567250790363681E-006 -4.0872349087649016E-015  1.4366371983955809E-014 -1.2895477624790792E-007  1.2991212401076915E-002  2.4183628528540627E-001 -3.1461535556359324E-013  1.1058530597779164E-012 -9.9263080509110410E-006
  6.8480000000000004E+001  2.6923563111343062E-012 -4.1537518030486011E-013  3.8669789351867732E-006 -3.1861549780881465E-015  1.4744190729663633E-014 -1.2740118946343482E-007  1.2991212401076915E-002  2.4183628528540627E-001 -2.4525462903111884E-013  1.1349356991839515E-012 -9.8067205377131237E-006
  6.8560000000000002E+001  2.6925749955670670E-012 -4.1656975947614345E-013  3.8771092693505177E-006 -2.2765198832262070E-015  1.5119096842436061E-014 -1.2586686072466929E-007  1.2991212401076915E-002  2.4183628528540627E-001 -1.7523536779666283E-013  1.1637941383502090E-012 -9.6886154146961926E-006
  6.8640000000000001E+001  2.6927205543156224E-012 -4.1779423579964988E-013  3.8871176329027203E-006 -1.3577180917484114E-015  1.5491997319421827E-014 -1.2435205356365178E-007  1.2991212401076915E-002  2.4183628528540627E-001 -1.0451049908461915E-013  1.1924981934817340E-012 -9.5720129672687899E-006
  6.8719999999999999E+001  2.6927922304617467E-012 -4.1904847904725094E-013  3.8970055979207019E-006 -4.2923190187172764E-016  1.5863440514849988E-014 -1.2285702196929429E-007  1.2991212401076915E-002  2.4183628528540627E-001 -3.3040172742970820E-014  1.2210900742054434E-012 -9.4569327462547155E-006
  6.8799999999999997E+001  2.6927892314199218E-012 -4.2033238628202588E-013  3.9067747564178074E-006  5.0924522997407587E-016  1.6233536911858701E-014 -1.2138201031983475E-007  1.2991212401076915E-002  2.4183628528540627E-001  3.9199207453002312E-014  1.2495782849730614E-012 -9.3433935626955779E-006
  6.8879999999999995E+001  2.6927107512249509E-012 -4.2164584495314834E-013  3.9164267195718755E-006  1.4576734824767298E-015  1.6601945735652196E-014 -1.1992725331656202E-007  1.2991212401076915E-002  2.4183628528540627E-001  1.1220457625294156E-013  1.2779365946072660E-012 -9.2314134827496096E-006
  6.8960000000000008E+001  2.6925560036627256E-012 -4.2298869759973023E-013  3.9259631169484573E-006  2.4155622221396792E-015  1.6967929544480332E-014 -1.1849297591836672E-007  1.2991212401076915E-002  2.4183628528540627E-001  1.8593816709043271E-013  1.3061082384484532E-012 -9.1210098226509082E-006
  6.9040000000000006E+001  2.6923242612694085E-012 -4.2436071368026519E-013  3.9353855957188142E-006  3.3819356627936301E-015  1.7330467838366722E-014 -1.1707939327659904E-007  1.2991212401076915E-002  2.4183628528540627E-001  2.6032486871779835E-013  1.3340146633989542E-012 -9.0121991436987944E-006
  6.9120000000000005E+001  2.6920148939566786E-012 -4.2576157245386890E-013  3.9446958198727132E-006  4.3553786797248189E-015  1.7688400382964034E-014 -1.1568671067015434E-007  1.2991212401076915E-002  2.4183628528540627E-001  3.3525575175436410E-013  1.3615665602925145E-012 -8.9049972472593328E-006
  6.9200000000000003E+001  2.6916274006806525E-012 -4.2719085774153944E-013  3.9538954694260389E-006  5.3341488514152010E-015  1.8040561199027408E-014 -1.1431512344069623E-007  1.2991212401076915E-002  2.4183628528540627E-001  4.1059669311318447E-013  1.3886741777489380E-012 -8.7994191697781602E-006
  6.9280000000000001E+001  2.6911614301404522E-012 -4.2864806224571329E-013  3.9629862396232246E-006  6.3163102212032498E-015  1.8385865030852038E-014 -1.1296481692822389E-007  1.2991212401076915E-002  2.4183628528540627E-001  4.8619867231771311E-013  1.4152539780912240E-012 -8.6954791778217492E-006
  6.9359999999999999E+001  2.6906167910452600E-012 -4.3013259614647576E-013  3.9719698401345547E-006  7.2998437609817414E-015  1.8723323687204966E-014 -1.1163596640746514E-007  1.2991212401076915E-002  2.4183628528540627E-001  5.6190627445772964E-013  1.4412298951907479E-012 -8.5931907631814969E-006
  6.9439999999999998E+001  2.6899934551386951E-012 -4.3164379403566608E-013  3.9808479942484190E-006  8.2827206305390773E-015  1.9051990806731899E-014 -1.1032873702569896E-007  1.2991212401076915E-002  2.4183628528540627E-001  6.3756332933565583E-013  1.4665290827784822E-012 -8.4925666380875062E-006
  6.9519999999999996E+001  2.6892915557443738E-012 -4.3318091467555287E-013  3.9896224380586665E-006  9.2629356770286116E-015  1.9370861913606005E-014 -1.0904328374267439E-007  1.2991212401076915E-002  2.4183628528540627E-001  7.1301549009083918E-013  1.4910742212174299E-012 -8.3936187305838670E-006
  6.9600000000000009E+001  2.6885113854303705E-012 -4.3474313194184304E-013  3.9982949196472469E-006  1.0238521613437069E-014  1.9678784197370413E-014 -1.0777975127332459E-007  1.2991212401076915E-002  2.4183628528540627E-001  7.8811132458958434E-013  1.5147765727961925E-012 -8.2963581801180842E-006
  6.9680000000000007E+001  2.6876533922862238E-012 -4.3632952014713213E-013  4.0068671982623985E-006  1.1207565515632544E-014  1.9974418243589874E-014 -1.0653827403388501E-007  1.2991212401076915E-002  2.4183628528540627E-001  8.6270358528690856E-013  1.5375330359416288E-012 -8.2007953333942915E-006
  6.9760000000000005E+001  2.6867181749478693E-012 -4.3793903886081742E-013  4.0153410434926685E-006  1.2168221640066793E-014  2.0256276693408832E-014 -1.0531897609200841E-007  1.2991212401076915E-002  2.4183628528540627E-001  9.3665019587059661E-013  1.5592291210426120E-012 -8.1069397405340738E-006
  6.9840000000000003E+001  2.6857064768238132E-012 -4.3957052441807754E-013  4.0237182344371198E-006  1.3118719250913716E-014  2.0522831107209579E-014 -1.0412197112136390E-007  1.2991212401076915E-002  2.4183628528540627E-001  1.0098148537563636E-012  1.5797471762919121E-012 -8.0148001515806251E-006
  6.9920000000000002E+001  2.6846191798677231E-012 -4.4122269183797096E-013  4.0320005588720867E-006  1.4057361561344819E-014  2.0772654929559825E-014 -1.0294736236102701E-007  1.2991212401076915E-002  2.4183628528540627E-001  1.0820669485919917E-012  1.5989773924285976E-012 -7.9243845133726351E-006
  7.0000000000000000E+001  2.6834572989739980E-012 -4.4289414920680712E-013  4.0401898124148841E-006  1.4982525279809237E-014  2.1004565879016616E-014 -1.0179524257986724E-007  1.2991212401076915E-002  2.4183628528540627E-001  1.1532815273319655E-012  1.6168287632088465E-012 -7.8356999668043013E-006
  7.0079999999999998E+001  2.6822219758229536E-012 -4.4458342237861361E-013  4.0482877976848655E-006  1.5892683546958462E-014  2.1217728477094785E-014 -1.0066569404606547E-007  1.2991212401076915E-002  2.4183628528540627E-001  1.2233410598105157E-012  1.6332369775846113E-012 -7.7487528444783329E-006
  7.0159999999999997E+001  2.6809144696064846E-012 -4.4628898576314228E-013  4.0562963234622546E-006  1.6786472423456143E-014  2.1411701572571196E-014 -9.9558788501724161E-008  1.2991212401076915E-002  2.4183628528540627E-001  1.2921405566477015E-012  1.6481680778920990E-012 -7.6635486687500031E-006
  7.0239999999999995E+001  2.6795361402352006E-012 -4.4800929463022501E-013  4.0642172038451413E-006  1.7662793029915997E-014  2.1586434287062493E-014 -9.8474587142406168E-008  1.2991212401076915E-002  2.4183628528540627E-001  1.3595954314820096E-012  1.6616181477621675E-012 -7.5800921501553596E-006
  7.0320000000000007E+001  2.6780884227216981E-012 -4.4974281524907228E-013  4.0720522574050396E-006  1.8520920129066623E-014  2.1742217105686525E-014 -9.7413140601612912E-008  1.2991212401076915E-002  2.4183628528540627E-001  1.4256498590949405E-012  1.6736095473186326E-012 -7.4983871862134904E-006
  7.0400000000000006E+001  2.6765727930145500E-012 -4.5148804936713485E-013  4.0798033063413994E-006  1.9360574433317625E-014  2.1879601686932370E-014 -9.6374488939894688E-008  1.2991212401076915E-002  2.4183628528540627E-001  1.4902823412933670E-012  1.6841847405342095E-012 -7.4184368605890151E-006
  7.0480000000000004E+001  2.6749907308123672E-012 -4.5324355151898146E-013  4.0874721756354227E-006  2.0181924030734882E-014  2.1999305904823862E-014 -9.5358661638392045E-008  1.2991212401076915E-002  2.4183628528540627E-001  1.5535058166749650E-012  1.6933989858406343E-012 -7.3402434425968036E-006
  7.0560000000000002E+001  2.6733436851696324E-012 -4.5500793831190667E-013  4.0950606922035421E-006  2.0985511965069941E-014  2.2102122584248409E-014 -9.4365677596559381E-008  1.2991212401076915E-002  2.4183628528540627E-001  1.6153620860923158E-012  1.7013133110206091E-012 -7.2638083870243986E-006
  7.0640000000000001E+001  2.6716330488979561E-012 -4.5677989113246121E-013  4.1025706840508722E-006  2.1772132825900575E-014  2.2188853122702306E-014 -9.3395545133567846E-008  1.2991212401076915E-002  2.4183628528540627E-001  1.6759123131645990E-012  1.7079894037344025E-012 -7.1891323342403228E-006
  7.0719999999999999E+001  2.6698601439174883E-012 -4.5855815481153904E-013  4.1100039794249130E-006  2.2542708438591431E-014  2.2260286780238930E-014 -9.2448261992921669E-008  1.2991212401076915E-002  2.4183628528540627E-001  1.7352274555007359E-012  1.7134880173611778E-012 -7.1162151105508549E-006
  7.0799999999999997E+001  2.6680262155477814E-012 -4.6034153701729943E-013  4.1173624059697397E-006  2.3298193671499913E-014  2.2317224134160117E-014 -9.1523815349843225E-008  1.2991212401076915E-002  2.4183628528540627E-001  1.7933810141977498E-012  1.7178707764265045E-012 -7.0450557287676609E-006
  7.0879999999999995E+001  2.6661324329300483E-012 -4.6212891067300466E-013  4.1246477898808879E-006  2.4039518248613833E-014  2.2360527746510490E-014 -9.0622181820960979E-008  1.2991212401076915E-002  2.4183628528540627E-001  1.8504445548610466E-012  1.7212040767385857E-012 -6.9756523889525881E-006
  7.0960000000000008E+001  2.6641798926280032E-012 -4.6391922145674111E-013  4.1318619550610935E-006  2.4767554660148874E-014  2.2391171593137160E-014 -8.9743327475924420E-008  1.2991212401076915E-002  2.4183628528540627E-001  1.9064852375208160E-012  1.7235628901950027E-012 -6.9080024793130303E-006
  7.1040000000000006E+001  2.6621696241844245E-012 -4.6571149812790660E-013  4.1390067222770358E-006  2.5483087810207647E-014  2.2410242891748029E-014 -8.8887207850781892E-008  1.2991212401076915E-002  2.4183628528540627E-001  1.9615634802566605E-012  1.7250309054981036E-012 -6.8421025772322823E-006
  7.1120000000000005E+001  2.6601025985783700E-012 -4.6750486031942080E-013  4.1460839083172186E-006  2.6186783237017050E-014  2.2418882137073537E-014 -8.8053767963063071E-008  1.2991212401076915E-002  2.4183628528540627E-001  2.0157305129463660E-012  1.7256959123549928E-012 -6.7779484504281888E-006
  7.1200000000000003E+001  2.6579797388665018E-012 -4.6929851926983837E-013  4.1530953251511259E-006  2.6879156479911883E-014  2.2418164735161815E-014 -8.7242942328497281E-008  1.2991212401076915E-002  2.4183628528540627E-001  2.0690260192867995E-012  1.7256406902641075E-012 -6.7155350582417621E-006
  7.1280000000000001E+001  2.6558019335415841E-012 -4.7109176667704669E-013  4.1600427790897781E-006  2.7560557302063732E-014  2.2408956450202301E-014 -8.6454654979589982E-008  1.2991212401076915E-002  2.4183628528540627E-001  2.1214769223368914E-012  1.7249318815189830E-012 -6.6548565530670383E-006
  7.1359999999999999E+001  2.6535700496981716E-012 -4.7288395230187074E-013  4.1669280699478603E-006  2.8231180776771150E-014  2.2391794991609150E-014 -8.5688819486338021E-008  1.2991212401076915E-002  2.4183628528540627E-001  2.1730982378851357E-012  1.7236108763607447E-012 -6.5959062819444951E-006
  7.1439999999999998E+001  2.6512849446173007E-012 -4.7467445387570415E-013  4.1737529902075922E-006  2.8891085032990483E-014  2.2366831862115974E-014 -8.4945338979448925E-008  1.2991212401076915E-002  2.4183628528540627E-001  2.2238944404138203E-012  1.7216893367289713E-012 -6.5386767883499405E-006
  7.1519999999999996E+001  2.6489474760928931E-012 -4.7646264539980929E-013  4.1805193241845721E-006  2.9540191376345864E-014  2.2333846791614314E-014 -8.4224106176641271E-008  1.2991212401076915E-002  2.4183628528540627E-001  2.2738594724151352E-012  1.7191503073079105E-012 -6.4831598142184694E-006
  7.1600000000000009E+001  2.6465585139970854E-012 -4.7824786936236244E-013  4.1872288471958548E-006  3.0178248591633401E-014  2.2292319628942105E-014 -8.3525003412539654E-008  1.2991212401076915E-002  2.4183628528540627E-001  2.3229739965711163E-012  1.7159537494047954E-012 -6.4293463022445300E-006
  7.1680000000000007E+001  2.6441189563182317E-012 -4.8002941654044003E-013  4.1938833247305785E-006  3.0804760837925409E-014  2.2241534350441224E-014 -8.2847902672571891E-008  1.2991212401076915E-002  2.4183628528540627E-001  2.3711998454717518E-012  1.7120445470199312E-012 -6.3772263984924158E-006
  7.1760000000000005E+001  2.6416297522630173E-012 -4.8180651485843304E-013  4.2004845116234663E-006  3.1418906443392905E-014  2.2180678604710886E-014 -8.2192665631201967E-008  1.2991212401076915E-002  2.4183628528540627E-001  2.4184737708380957E-012  1.7073601693150429E-012 -6.3267894553391729E-006
  7.1840000000000003E+001  2.6390919312872889E-012 -4.8357832511719377E-013  4.2070341512315708E-006  3.2019488495693223E-014  2.2108911697082221E-014 -8.1559143694556970E-008  1.2991212401076915E-002  2.4183628528540627E-001  2.4647036402113198E-012  1.7018359037258784E-012 -6.2780240347544078E-006
  7.1920000000000002E+001  2.6365066341037064E-012 -4.8534394072996619E-013  4.2135339746145954E-006  3.2604943971723591E-014  2.2025396900452188E-014 -8.0947178047220367E-008  1.2991212401076915E-002  2.4183628528540627E-001  2.5097691397164991E-012  1.6954073430918753E-012 -6.2309179119041892E-006
  7.2000000000000000E+001  2.6338751402518131E-012 -4.8710238862126612E-013  4.2199856997191260E-006  3.3173414925153707E-014  2.1929295464681427E-014 -8.0356599702932219E-008  1.2991212401076915E-002  2.4183628528540627E-001  2.5535272537308196E-012  1.6880099245289149E-012 -6.1854580790525622E-006
  7.2079999999999998E+001  2.6311988877156818E-012 -4.8885262800431522E-013  4.2263910305670646E-006  3.3722860499357987E-014  2.1819731070230311E-014 -7.9787229558656354E-008  1.2991212401076915E-002  2.4183628528540627E-001  2.5958208870917050E-012  1.6795761932443616E-012 -6.1416307497242473E-006
  7.2159999999999997E+001  2.6284794825719158E-012 -4.9059354559250297E-013  4.2327516564485111E-006  3.4251167961183371E-014  2.1695740477490244E-014 -7.9238878451532743E-008  1.2991212401076915E-002  2.4183628528540627E-001  2.6364874119328153E-012  1.6700320037637009E-012 -6.0994213630869184E-006
  7.2239999999999995E+001  2.6257187008418925E-012 -4.9232394648071366E-013  4.2390692511193098E-006  3.4756242576276147E-014  2.1556231047034754E-014 -7.8711347218122165E-008  1.2991212401076915E-002  2.4183628528540627E-001  2.6753655858476029E-012  1.6592932500470596E-012 -6.0588145885131490E-006
  7.2320000000000007E+001  2.6229184837597116E-012 -4.9404254256002853E-013  4.2453454720034106E-006  3.5236079348680852E-014  2.1399971072149295E-014 -7.8204426755583154E-008  1.2991212401076915E-002  2.4183628528540627E-001  2.7123010740522234E-012  1.6472651213349981E-012 -6.0197943302889737E-006
  7.2400000000000006E+001  2.6200809281461035E-012 -4.9574794185225755E-013  4.2515819594002031E-006  3.5688819885773858E-014  2.1225637728559341E-014 -7.7717898084474207E-008  1.2991212401076915E-002  2.4183628528540627E-001  2.7471508265707155E-012  1.6338457930839117E-012 -5.9823437324475249E-006
  7.2480000000000004E+001  2.6172082725779878E-012 -4.9743864459659802E-013  4.2577803356969265E-006  3.6112812919338810E-014  2.1031936884907477E-014 -7.7251532413075342E-008  1.2991212401076915E-002  2.4183628528540627E-001  2.7797877368509602E-012  1.6189356493904883E-012 -5.9464451837207442E-006
  7.2560000000000002E+001  2.6143028780790093E-012 -4.9911305175384274E-013  4.2639422045862952E-006  3.6506677849453550E-014  2.0817780227064438E-014 -7.6805091203334909E-008  1.2991212401076915E-002  2.4183628528540627E-001  2.8101055330624695E-012  1.6024509171552719E-012 -5.9120803226161285E-006
  7.2640000000000001E+001  2.6113672041220753E-012 -5.0076948943292833E-013  4.2700691502894601E-006  3.6869353088731335E-014  2.0582473331134679E-014 -7.6378326238663989E-008  1.2991212401076915E-002  2.4183628528540627E-001  2.8380224993994874E-012  1.5843381430226768E-012 -5.8792300426347554E-006
  7.2719999999999999E+001  2.6084037815848123E-012 -5.0240624748682429E-013  4.2761627367844814E-006  3.7200111351694734E-014  2.0325864790241917E-014 -7.5970979693832496E-008  1.2991212401076915E-002  2.4183628528540627E-001  2.8634826529824483E-012  1.5645856724317222E-012 -5.8478744976514688E-006
  7.2799999999999997E+001  2.6054151863058041E-012 -5.0402162779936704E-013  4.2822245070404733E-006  3.7498537741741874E-014  2.0048404331217738E-014 -7.5582784207236967E-008  1.2991212401076915E-002  2.4183628528540627E-001  2.8864540571004089E-012  1.5432281231546627E-012 -5.8179931074774485E-006
  7.2879999999999995E+001  2.6024040155461336E-012 -5.0561399217981913E-013  4.2882559822576393E-006  3.7764490173727234E-014  1.9751086358780741E-014 -7.5213462955783569E-008  1.2991212401076915E-002  2.4183628528540627E-001  2.9069257747334483E-012  1.5203420396038643E-012 -5.7895645636237871E-006
  7.2960000000000008E+001  2.5993728678780077E-012 -5.0718180161677196E-013  4.2942586611133986E-006  3.7998068524837778E-014  1.9435302906563916E-014 -7.4862729732555726E-008  1.2991212401076915E-002  2.4183628528540627E-001  2.9249054939390939E-012  1.4960345737209676E-012 -5.7625668352821913E-006
  7.3040000000000006E+001  2.5963243245821595E-012 -5.0872364064486936E-013  4.3002340190148483E-006  3.8199618435362650E-014  1.9102646980677652E-014 -7.4530289027541656E-008  1.2991212401076915E-002  2.4183628528540627E-001  2.9404198204162461E-012  1.4704283473260778E-012 -5.7369771755377128E-006
  7.3120000000000005E+001  2.5932609289283497E-012 -5.1023822513368038E-013  4.3061835073578053E-006  3.8369771574594837E-014  1.8754731039668832E-014 -7.4215836111601800E-008  1.2991212401076915E-002  2.4183628528540627E-001  2.9535173769781776E-012  1.4436474795927725E-012 -5.7127721278309622E-006
  7.3200000000000003E+001  2.5901851611302244E-012 -5.1172439761121637E-013  4.3121085527927045E-006  3.8509492749107839E-014  1.8393072302676905E-014 -7.3919057123924980E-008  1.2991212401076915E-002  2.4183628528540627E-001  2.9642724297168953E-012  1.4158087586307454E-012 -5.6899275326907137E-006
  7.3280000000000001E+001  2.5870994100884925E-012 -5.1318111670210869E-013  4.3180105564976333E-006  3.8620103636286021E-014  1.8019066570055439E-014 -7.3639629163322663E-008  1.2991212401076915E-002  2.4183628528540627E-001  2.9727867148938373E-012  1.3870196263254072E-012 -5.6684185347636861E-006
  7.3359999999999999E+001  2.5840059445484186E-012 -5.1460744826242524E-013  4.3238908934588362E-006  3.8703259544941783E-014  1.7634041129620570E-014 -7.3377220383901338E-008  1.2991212401076915E-002  2.4183628528540627E-001  2.9791876500866021E-012  1.3573822508020228E-012 -5.6482195901759123E-006
  7.3439999999999998E+001  2.5809068885613018E-012 -5.1600256328284798E-013  4.3297509117590575E-006  3.8760883511916633E-014  1.7239355714478952E-014 -7.3131490095510031E-008  1.2991212401076915E-002  2.4183628528540627E-001  2.9836232612672154E-012  1.3270012976656398E-012 -5.6293044742653140E-006
  7.3519999999999996E+001  2.5778042031865120E-012 -5.1736574517674187E-013  4.3355919318741178E-006  3.8795080211211687E-014  1.6836519929207473E-014 -7.2902088869566487E-008  1.2991212401076915E-002  2.4183628528540627E-001  2.9862555559476355E-012  1.2959929688942107E-012 -5.6116462897276499E-006
  7.3600000000000009E+001  2.5746996757275079E-012 -5.1869640647152118E-013  4.3414152459781881E-006  3.8808049112554250E-014  1.6427282274862499E-014 -7.2688658650733168E-008  1.2991212401076915E-002  2.4183628528540627E-001  2.9872538385513361E-012  1.2644918555484628E-012 -5.5952174752144164E-006
  7.3680000000000007E+001  2.5715949153285033E-012 -5.1999411034071987E-013  4.3472221172582351E-006  3.8802008018337104E-014  1.6013654796864383E-014 -7.2490832874850710E-008  1.2991212401076915E-002  2.4183628528540627E-001  2.9867888246611914E-012  1.2326528350453898E-012 -5.5799898144100678E-006
  7.3760000000000005E+001  2.5684913544445740E-012 -5.2125859123901948E-013  4.3530137792381643E-006  3.8779120829107220E-014  1.5597852541887576E-014 -7.2308236593261185E-008  1.2991212401076915E-002  2.4183628528540627E-001  2.9850270807589051E-012  1.2006464108457182E-012 -5.5659344456000193E-006
  7.3840000000000003E+001  2.5653902559958461E-012 -5.2248976674742189E-013  4.3587914351131569E-006  3.8741409153675367E-014  1.5182139400734390E-014 -7.2140486603378228E-008  1.2991212401076915E-002  2.4183628528540627E-001  2.9821242204046298E-012  1.1686468461924138E-012 -5.5530218717232029E-006
  7.3920000000000002E+001  2.5622927289799859E-012 -5.2368773354313698E-013  4.3645562570947048E-006  3.8690643563143391E-014  1.4768597914493293E-014 -7.1987191585318745E-008  1.2991212401076915E-002  2.4183628528540627E-001  2.9782165335035078E-012  1.1368144449142654E-012 -5.5412219708882050E-006
  7.4000000000000000E+001  2.5591997530257432E-012 -5.2485274241374081E-013  4.3703093857668079E-006  3.8628230811905979E-014  1.4358864341228163E-014 -7.1847952244130334E-008  1.2991212401076915E-002  2.4183628528540627E-001  2.9734123051289948E-012  1.1052751581552382E-012 -5.5305040073221652E-006
  7.4079999999999998E+001  2.5561122120500810E-012 -5.2598515183773349E-013  4.3760519294537656E-006  3.8555126893960675E-014  1.3953900193818162E-014 -7.1722361457201490E-008  1.2991212401076915E-002  2.4183628528540627E-001  2.9677851230239376E-012  1.0741029984746916E-012 -5.5208366427181648E-006
  7.4159999999999997E+001  2.5530309327227095E-012 -5.2708536644475172E-013  4.3817849635999601E-006  3.8471803557019579E-014  1.3553859818622742E-014 -7.1610004426420478E-008  1.2991212401076915E-002  2.4183628528540627E-001  2.9613713000203377E-012  1.0433098467005763E-012 -5.5121879479458977E-006
  7.4239999999999995E+001  2.5499567234809578E-012 -5.2815376940871312E-013  4.3875095301619929E-006  3.8378271696819415E-014  1.3158103749459775E-014 -7.1510458834590566E-008  1.2991212401076915E-002  2.4183628528540627E-001  2.9541716748188477E-012  1.0128464798534833E-012 -5.5045254150920809E-006
  7.4320000000000007E+001  2.5468904092512184E-012 -5.2919066304466528E-013  4.3932266370134946E-006  3.8274144840237140E-014  1.2765356742961957E-014 -7.1423295005688649E-008  1.2991212401076915E-002  2.4183628528540627E-001  2.9461564986084302E-012  9.8261473593517471E-013 -5.4978159697985529E-006
  7.4400000000000006E+001  2.5438328603065199E-012 -5.3019622648758704E-013  4.3989372573629031E-006  3.8158704817723008E-014  1.2373959352556531E-014 -7.1348076068654954E-008  1.2991212401076915E-002  2.4183628528540627E-001  2.9372704902091812E-012  9.5248687886358649E-013 -5.4920259838674295E-006
  7.4480000000000004E+001  2.5407850164803827E-012 -5.3117049654107433E-013  4.4046423291844794E-006  3.8030945318214514E-014  1.1982145546189243E-014 -7.1284358124263829E-008  1.2991212401076915E-002  2.4183628528540627E-001  2.9274361887165764E-012  9.2232696812776473E-013 -5.4871212881066013E-006
  7.4560000000000002E+001  2.5377479090556056E-012 -5.3211336977497732E-013  4.4103427546627853E-006  3.7889584598591822E-014  1.1588260521720432E-014 -7.1231690414832082E-008  1.2991212401076915E-002  2.4183628528540627E-001  2.9165549318132312E-012  8.9200762515127277E-013 -5.4830671853940015E-006
  7.4640000000000001E+001  2.5347226829446080E-012 -5.3302461822454960E-013  4.4160393996508525E-006  3.7733063518543205E-014  1.1190862485724944E-014 -7.1189615496611364E-008  1.2991212401076915E-002  2.4183628528540627E-001  2.9045067045026189E-012  8.6141786772705068E-013 -5.4798284639471853E-006
  7.4719999999999999E+001  2.5317106188926387E-012 -5.3390390777269331E-013  4.4217330931422431E-006  3.7559553514171654E-014  1.0788699357651471E-014 -7.1157669414779883E-008  1.2991212401076915E-002  2.4183628528540627E-001  2.8911507528779301E-012  8.3046131681729425E-013 -5.4773694107932744E-006
  7.4799999999999997E+001  2.5287131543823405E-012 -5.3475081012177383E-013  4.4274246267572173E-006  3.7366990155605144E-014  1.0380590134149934E-014 -7.1135381881081091E-008  1.2991212401076915E-002  2.4183628528540627E-001  2.8763281672237081E-012  7.9904706455949003E-013 -5.4756538254416223E-006
  7.4879999999999995E+001  2.5257319004677418E-012 -5.3556480219415730E-013  4.4331147542432161E-006  3.7153128632264256E-014  9.9652598454659626E-015 -7.1122276454178181E-008  1.2991212401076915E-002  2.4183628528540627E-001  2.8598661529994133E-012  7.6707697001703114E-013 -5.4746450337675188E-006
  7.4960000000000008E+001  2.5227686538011782E-012 -5.3634525169704839E-013  4.4388041909898858E-006  3.6915606735829868E-014  9.5411895546006289E-015 -7.1117870722888483E-008  1.2991212401076915E-002  2.4183628528540627E-001  2.8415828789598656E-012  7.3443411284771462E-013 -5.4743059021180305E-006
  7.5040000000000006E+001  2.5198254033900090E-012 -5.3709139252289340E-013  4.4444936135588783E-006  3.6652006856965582E-014  9.1065336619873183E-015 -7.1121676492493658E-008  1.2991212401076915E-002  2.4183628528540627E-001  2.8212922493614562E-012  7.0097642782228074E-013 -5.4745988516509628E-006
  7.5120000000000005E+001  2.5169043327040637E-012 -5.3780229708296636E-013  4.4501836592286848E-006  3.6359920114668188E-014  8.6591381066989043E-015 -7.1133199974157438E-008  1.2991212401076915E-002  2.4183628528540627E-001  2.7988088403246005E-012  6.6653810586459283E-013 -5.4754858729162143E-006
  7.5200000000000003E+001  2.5140078161716621E-012 -5.3847685461996522E-013  4.4558749255547434E-006  3.6037024680116186E-014  8.1966713843613363E-015 -7.1151941977577981E-008  1.2991212401076915E-002  2.4183628528540627E-001  2.7739539288210075E-012  6.3093967916973967E-013 -5.4769285406863201E-006
  7.5280000000000001E+001  2.5111384087552452E-012 -5.3911376450446417E-013  4.4615679699450973E-006  3.5681189472612488E-014  7.7168582794915145E-015 -7.1177398106954232E-008  1.2991212401076915E-002  2.4183628528540627E-001  2.7465634746805014E-012  5.9400601277613103E-013 -5.4788880290382857E-006
  7.5359999999999999E+001  2.5082988258560441E-012 -5.3971155194468386E-013  4.4672633092518561E-006  3.5290610099993204E-014  7.2177738764494663E-015 -7.1209058960139253E-008  1.2991212401076915E-002  2.4183628528540627E-001  2.7164985846177065E-012  5.5558893609121787E-013 -5.4813251266857285E-006
  7.5439999999999998E+001  2.5054919111392462E-012 -5.4026860832469608E-013  4.4729614193787196E-006  3.4863946959495481E-014  6.6981347481617480E-015 -7.1246410331006983E-008  1.2991212401076915E-002  2.4183628528540627E-001  2.6836561425632966E-012  5.1558965717522235E-013 -5.4842002525563435E-006
  7.5519999999999996E+001  2.5027205943425249E-012 -5.4078325350438974E-013  4.4786627349048172E-006  3.4400433480598526E-014  6.1575233685542942E-015 -7.1288933414915958E-008  1.2991212401076915E-002  2.4183628528540627E-001  2.6479771416673417E-012  4.7397603691271742E-013 -5.4874734716060034E-006
  7.5600000000000009E+001  2.4999878417823505E-012 -5.4125381206366477E-013  4.4843676487251061E-006  3.3899928112996941E-014  5.5964779751003306E-015 -7.1336105017095303E-008  1.2991212401076915E-002  2.4183628528540627E-001  2.6094506860794869E-012  4.3078950619237079E-013 -5.4911045108598133E-006
  7.5680000000000007E+001  2.4972966058444454E-012 -5.4167868998040580E-013  4.4900765117075525E-006  3.3362899405908856E-014  5.0164220970231900E-015 -7.1387397763820629E-008  1.2991212401076915E-002  2.4183628528540627E-001  2.5681128424274899E-012  3.8613964133226982E-013 -5.4950527756675437E-006
  7.5760000000000005E+001  2.4946497778774051E-012 -5.4205643959918848E-013  4.4957896323673174E-006  3.2790373829963140E-014  4.4194509746948815E-015 -7.1442280316236914E-008  1.2991212401076915E-002  2.4183628528540627E-001  2.5240426234003124E-012  3.4018772368992876E-013 -5.4992773661614897E-006
  7.5840000000000003E+001  2.4920501460316513E-012 -5.4238580213635698E-013  4.5015072765581504E-006  3.2183861555881957E-014  3.8080358473804172E-015 -7.1500217586611309E-008  1.2991212401076915E-002  2.4183628528540627E-001  2.4773562745548110E-012  2.9312397717900037E-013 -5.5037370939053894E-006
  7.5920000000000002E+001  2.4895003600284639E-012 -5.4266572533476935E-013  4.5072296671811752E-006  3.1545290579763570E-014  3.1847353688295101E-015 -7.1560670956947048E-008  1.2991212401076915E-002  2.4183628528540627E-001  2.4282022036025652E-012  2.4514535445252019E-013 -5.5083904987204851E-006
  7.6000000000000000E+001  2.4870028995388891E-012 -5.4289535979536970E-013  4.5129569839112619E-006  3.0876959976603782E-014  2.5519915493767451E-015 -7.1623098499714939E-008  1.2991212401076915E-002  2.4183628528540627E-001  2.3767573820934512E-012  1.9643982952393273E-013 -5.5131958656747775E-006
  7.6079999999999998E+001  2.4845600464322073E-012 -5.4307404398266963E-013  4.5186893629411296E-006  3.0181493221217657E-014  1.9120583296138637E-015 -7.1686955200421860E-008  1.2991212401076915E-002  2.4183628528540627E-001  2.3232237522893298E-012  1.4718089971764129E-013 -5.5181112422177608E-006
  7.6159999999999997E+001  2.4821738606234943E-012 -5.4320128912810792E-013  4.5244268967433294E-006  2.9461780082901042E-014  1.2670575616230689E-015 -7.1751693181830966E-008  1.2991212401076915E-002  2.4183628528540627E-001  2.2678237544988028E-012  9.7531894830542462E-014 -5.5230944554396969E-006
  7.6239999999999995E+001  2.4798461616189432E-012 -5.4327677319252932E-013  4.5301696338502226E-006  2.8720913972815098E-014  6.1912468191558269E-016 -7.1816761929547741E-008  1.2991212401076915E-002  2.4183628528540627E-001  2.2107955043853255E-012  4.7657190322333706E-014 -5.5281031294349009E-006
  7.6320000000000007E+001  2.4775785143878438E-012 -5.4330034907721441E-013  4.5359175786520571E-006  2.7962128130389731E-014 -2.9417946365730399E-017 -7.1881608518707190E-008  1.2991212401076915E-002  2.4183628528540627E-001  2.1523878809089537E-012 -2.2644496492837640E-015 -5.5330947027507762E-006
  7.6400000000000006E+001  2.4753722211180808E-012 -5.4327206632111080E-013  4.5416706912132157E-006  2.7188734007798940E-014 -6.7592836066667998E-016 -7.1945677841635118E-008  1.2991212401076915E-002  2.4183628528540627E-001  2.0928557834638623E-012 -5.2029659726785938E-014 -5.5380264459130018E-006
  7.6480000000000004E+001  2.4732283169465960E-012 -5.4319220053950774E-013  4.5474288871067187E-006  2.6404079746423039E-014 -1.3173981221097762E-015 -7.2008412836525852E-008  1.2991212401076915E-002  2.4183628528540627E-001  2.0324569356001461E-012 -1.0140686499749019E-013 -5.5428554790279249E-006
  7.6560000000000002E+001  2.4711475683586531E-012 -5.4306128262157324E-013  4.5531920372670599E-006  2.5611510126388060E-014 -1.9505183597496300E-015 -7.2069254717242277E-008  1.2991212401076915E-002  2.4183628528540627E-001  1.9714488021350987E-012 -1.5014136475730860E-013 -5.5475387894717633E-006
  7.6640000000000001E+001  2.4691304753263739E-012 -5.4288011760194780E-013  4.5589599678614774E-006  2.4814306381320409E-014 -2.5718578095057317E-015 -7.2127643204444661E-008  1.2991212401076915E-002  2.4183628528540627E-001  1.9100839563874452E-012 -1.9796903707718087E-013 -5.5520332496807309E-006
  7.6719999999999999E+001  2.4671772793376419E-012 -5.4264978537205232E-013  4.5647324601797710E-006  2.4015588961471037E-014 -3.1781263612659972E-015 -7.2183016758148841E-008  1.2991212401076915E-002  2.4183628528540627E-001  1.8486025953575279E-012 -2.4463662537015714E-013 -5.5562956350525372E-006
  7.6799999999999997E+001  2.4652879810925386E-012 -5.4237161738414524E-013  4.5705092505427813E-006  2.3218185546408551E-014 -3.7664795277685970E-015 -7.2234812811745546E-008  1.2991212401076915E-002  2.4183628528540627E-001  1.7872223799899938E-012 -2.8992517491715385E-013 -5.5602826419613400E-006
  7.6879999999999995E+001  2.4634623696502165E-012 -5.4204714864760935E-013  4.5762900302296503E-006  2.2424489512957334E-014 -4.3347955611329117E-015 -7.2282468007417324E-008  1.2991212401076915E-002  2.4183628528540627E-001  1.7261275407288862E-012 -3.3367136394236263E-013 -5.5639509058773259E-006
  7.6960000000000008E+001  2.4617000627704654E-012 -5.4167805009436398E-013  4.5820744454239680E-006  2.1636343644056769E-014 -4.8818580519775847E-015 -7.2325418432635433E-008  1.2991212401076915E-002  2.4183628528540627E-001  1.6654599259931469E-012 -3.7578155920017568E-013 -5.5672570195715051E-006
  7.7040000000000006E+001  2.4600005546671674E-012 -5.4126605135929293E-013  4.5878620971788720E-006  2.0854976959690534E-014 -5.4073992997927603E-015 -7.2363099857429654E-008  1.2991212401076915E-002  2.4183628528540627E-001  1.6053141397306510E-012 -4.1623515441437508E-013 -5.5701575513796210E-006
  7.7120000000000005E+001  2.4583632664569149E-012 -5.4081286620639713E-013  4.5936525414011568E-006  2.0080997356895130E-014 -5.9119858607994277E-015 -7.2394947972028673E-008  1.2991212401076915E-002  2.4183628528540627E-001  1.5457369748824161E-012 -4.5507576031229084E-013 -5.5726090634951248E-006
  7.7200000000000003E+001  2.4567875950900642E-012 -5.4032013362156502E-013  4.5994452888543965E-006  1.9314429066213576E-014 -6.3967829518191101E-015 -7.2420398624484593E-008  1.2991212401076915E-002  2.4183628528540627E-001  1.4867302965974241E-012 -4.9239306958665718E-013 -5.5745681302602121E-006
  7.7280000000000001E+001  2.4552729578063207E-012 -5.3978938093410608E-013  4.6052398051810743E-006  1.8554775198939246E-014 -6.8632664505250901E-015 -7.2438888057852742E-008  1.2991212401076915E-002  2.4183628528540627E-001  1.4282558568130681E-012 -5.2830068808328559E-013 -5.5759913564223552E-006
  7.7359999999999999E+001  2.4538188310582339E-012 -5.3922201098948101E-013  4.6110355109436530E-006  1.7801084778767642E-014 -7.3129633744615170E-015 -7.2449853146519163E-008  1.2991212401076915E-002  2.4183628528540627E-001  1.3702404540234862E-012 -5.6291615814514216E-013 -5.5768353953257827E-006
  7.7439999999999998E+001  2.4524247842417179E-012 -5.3861930679419223E-013  4.6168317816845174E-006  1.7052020391995892E-014 -7.7473021789845229E-015 -7.2452731631358133E-008  1.2991212401076915E-002  2.4183628528540627E-001  1.3125811406624402E-012 -5.9634943527998502E-013 -5.5770569670120116E-006
  7.7519999999999996E+001  2.4510905077955146E-012 -5.3798244264084349E-013  4.6226279480046703E-006  1.6305934819611734E-014 -8.1675919023137096E-015 -7.2446962353449731E-008  1.2991212401076915E-002  2.4183628528540627E-001  1.2551511218658575E-012 -6.2870128284846471E-013 -5.5766128762122087E-006
  7.7600000000000009E+001  2.4498158346705800E-012 -5.3731249208982204E-013  4.6284232956610693E-006  1.5560953726614994E-014 -8.5751199068737912E-015 -7.2431985486389210E-008  1.2991212401076915E-002  2.4183628528540627E-001  1.1978061204915019E-012 -6.6007079571443843E-013 -5.5754600302267798E-006
  7.7680000000000007E+001  2.4486007551992562E-012 -5.3661042345574368E-013  4.6342170656824926E-006  1.4815065630470389E-014 -8.9713154343082250E-015 -7.2407242767188179E-008  1.2991212401076915E-002  2.4183628528540627E-001  1.1403913024503112E-012 -6.9056798991024669E-013 -5.5735554567012709E-006
  7.7760000000000005E+001  2.4474454241697048E-012 -5.3587708162033272E-013  4.6400084545038194E-006  1.4066198354378785E-014 -9.3579056999575836E-015 -7.2372177726138173E-008  1.2991212401076915E-002  2.4183628528540627E-001  1.0827471617055954E-012 -7.2032581802620084E-013 -5.5708563213191694E-006
  7.7840000000000003E+001  2.4463501634625556E-012 -5.3511315854375047E-013  4.6457966141186747E-006  1.3312269450758867E-014 -9.7370116405035644E-015 -7.2326235915922468E-008  1.2991212401076915E-002  2.4183628528540627E-001  1.0247134016264632E-012 -7.4950753939609516E-013 -5.5673199454368300E-006
  7.7920000000000002E+001  2.4453154610575833E-012 -5.3431915975785215E-013  4.6515806522503670E-006  1.2551217449049954E-014 -1.0111140984489843E-014 -7.2268865140293812E-008  1.2991212401076915E-002  2.4183628528540627E-001  9.6613134029034234E-013 -7.7830618669985489E-013 -5.5629038236880437E-006
  7.8000000000000000E+001  2.4443419686707076E-012 -5.3349537598623209E-013  4.6573596325411217E-006  1.1781023911280935E-014 -1.0483070577700397E-014 -7.2199515682741549E-008  1.2991212401076915E-002  2.4183628528540627E-001  9.0684560821307560E-013 -8.0693550794629179E-013 -5.5575656415836897E-006
  7.8079999999999998E+001  2.4434304972317784E-012 -5.3264186846542009E-013  4.6631325747596057E-006  1.0999749923437841E-014 -1.0855631631930144E-014 -7.2117640535344042E-008  1.2991212401076915E-002  2.4183628528540627E-001  8.4670695727581614E-013 -8.3561343597386417E-013 -5.5512632931293574E-006
  7.8159999999999997E+001  2.4425820086829575E-012 -5.3175847492512327E-013  4.6688984550267767E-006  1.0205606911312928E-014 -1.1231436868802063E-014 -7.2022695628192841E-008  1.2991212401076915E-002  2.4183628528540627E-001  7.8557771178234434E-013 -8.6454108531630800E-013 -5.5439548984839924E-006
  7.8239999999999995E+001  2.4417976001259683E-012 -5.3084483856641176E-013  4.6746562060601165E-006  9.3970655347580109E-015 -1.1612601157710226E-014 -7.1914140059637416E-008  1.2991212401076915E-002  2.4183628528540627E-001  7.2334015060676375E-013 -8.9388124827729302E-013 -5.5355988216832979E-006
  7.8320000000000007E+001  2.4410784781973962E-012 -5.2990045873988963E-013  4.6804047174363187E-006  8.5729810654199143E-015 -1.2000510710968725E-014 -7.1791436327657494E-008  1.2991212401076915E-002  2.4183628528540627E-001  6.5990615815890583E-013 -9.2374062870171747E-013 -5.5261536884505108E-006
  7.8400000000000006E+001  2.4404259231555011E-012 -5.2892475685265676E-013  4.6861428358725417E-006  7.7327049072341932E-015 -1.2395697039241994E-014 -7.1654050562643604E-008  1.2991212401076915E-002  2.4183628528540627E-001  5.9522580868553676E-013 -9.5416013968136143E-013 -5.5155784041141167E-006
  7.8480000000000004E+001  2.4398412454122388E-012 -5.2791714721361091E-013  4.6918693655263417E-006  6.8761641784171894E-015 -1.2797850112639519E-014 -7.1501452761675794E-008  1.2991212401076915E-002  2.4183628528540627E-001  5.2929349210298198E-013 -9.8511591663138932E-013 -5.5038321716415263E-006
  7.8560000000000002E+001  2.4393257368869544E-012 -5.2687710083463444E-013  4.6975830683144099E-006  6.0038995390756204E-015 -1.3205963110557760E-014 -7.1333117024263492E-008  1.2991212401076915E-002  2.4183628528540627E-001  4.6215082578268278E-013 -1.0165304594252590E-012 -5.4908745097838688E-006
  7.8640000000000001E+001  2.4388806214859867E-012 -5.2580419311592167E-013  4.7032826642502238E-006  5.1170533940378666E-015 -1.3618570366238017E-014 -7.1148521789207682E-008  1.2991212401076915E-002  2.4183628528540627E-001  3.9388574646160480E-013 -1.0482909482035005E-012 -5.4766652713113163E-006
  7.8719999999999999E+001  2.4385070083439083E-012 -5.2469812957603636E-013  4.7089668318006831E-006  4.2173262055628595E-015 -1.4034008281914454E-014 -7.0947150072235997E-008  1.2991212401076915E-002  2.4183628528540627E-001  3.2462914740849955E-013 -1.0802693273455765E-012 -5.4611646613026761E-006
  7.8799999999999997E+001  2.4382058492930966E-012 -5.2355875179081536E-013  4.7146342082617816E-006  3.3069050615282058E-015 -1.4450618452790338E-014 -7.0728489703722513E-008  1.2991212401076915E-002  2.4183628528540627E-001  2.5454937995282001E-013 -1.1123379409602277E-012 -5.4443332554445040E-006
  7.8879999999999995E+001  2.4379779035340638E-012 -5.2238603062358990E-013  4.7202833901532787E-006  2.3883686693444582E-015 -1.4866847496100068E-014 -7.0492033565946977E-008  1.2991212401076915E-002  2.4183628528540627E-001  1.8384494038044484E-013 -1.1443772172386437E-012 -5.4261320182947348E-006
  7.8960000000000008E+001  2.4378237103060015E-012 -5.2118005619143935E-013  4.7259129336323331E-006  1.4645725794676715E-015 -1.5281218991894751E-014 -7.0237279829443463E-008  1.2991212401076915E-002  2.4183628528540627E-001  1.1273563500106962E-013 -1.1762735085932294E-012 -5.4065223214750108E-006
  7.9040000000000006E+001  2.4377435719213490E-012 -5.1994103558488674E-013  4.7315213549259896E-006  5.3852355334529333E-016 -1.5692211192543573E-014 -6.9963732188126134E-008  1.2991212401076915E-002  2.4183628528540627E-001  4.1452909606929363E-014 -1.2079096783332540E-012 -5.3854659617702799E-006
  7.9120000000000005E+001  2.4377375465374663E-012 -5.1866930240063238E-013  4.7371071307824333E-006 -3.8673278378358848E-016 -1.6098100336426725E-014 -6.9670900093213273E-008  1.2991212401076915E-002  2.4183628528540627E-001 -2.9768798465052125E-014 -1.2391530397187942E-012 -5.3629251791336524E-006
  7.9200000000000003E+001  2.4378054491667544E-012 -5.1736533953105847E-013  4.7426686989409038E-006 -1.3081964677110799E-015 -1.6496825422357028E-014 -6.9358298986028990E-008  1.2991212401076915E-002  2.4183628528540627E-001 -1.0069856664053824E-013 -1.2698449469573116E-012 -5.3388626746090512E-006
  7.9280000000000001E+001  2.4379468579723000E-012 -5.1602981033305525E-013  4.7482044586201979E-006 -2.2229547178667816E-015 -1.6885940529687701E-014 -6.9025450530100842E-008  1.2991212401076915E-002  2.4183628528540627E-001 -1.7111218331570623E-013 -1.2997971250387528E-012 -5.3132416281932498E-006
  7.9359999999999999E+001  2.4381611219216130E-012 -5.1466358904630844E-013  4.7537127710257199E-006 -3.1281863793493695E-015 -1.7262670336696998E-014 -6.8671882842701581E-008  1.2991212401076915E-002  2.4183628528540627E-001 -2.4079248978248792E-013 -1.3287959432689967E-012 -5.2860257166612307E-006
  7.9439999999999998E+001  2.4384473677929959E-012 -5.1326778307918373E-013  4.7591919598750302E-006 -4.0211513971795186E-015 -1.7624059880678849E-014 -6.8297130726157972E-008  1.2991212401076915E-002  2.4183628528540627E-001 -3.0952857000830173E-013 -1.3566139430695311E-012 -5.2571791313717823E-006
  7.9519999999999996E+001  2.4388045061451618E-012 -5.1184373946539982E-013  4.7646403119419052E-006 -4.8991953866570643E-015 -1.7967201360800331E-014 -6.7900735899027256E-008  1.2991212401076915E-002  2.4183628528540627E-001 -3.7711610243957992E-013 -1.3830272961521960E-012 -5.2266665960601053E-006
  7.9600000000000009E+001  2.4392312390548611E-012 -5.1039303086145568E-013  4.7700560776188746E-006 -5.7597886621343822E-015 -1.8289490875448645E-014 -6.7482247226950690E-008  1.2991212401076915E-002  2.4183628528540627E-001 -4.4336036424567719E-013 -1.4078355669046320E-012 -5.1944533846092186E-006
  7.9680000000000007E+001  2.4397260723311033E-012 -5.0891742092532804E-013  4.7754374714982173E-006 -6.6006051928598841E-015 -1.8588861537037947E-014 -6.7041220952914159E-008  1.2991212401076915E-002  2.4183628528540627E-001 -5.0808230895469331E-013 -1.4308796564281426E-012 -5.1605053387745909E-006
  7.9760000000000005E+001  2.4402873358857186E-012 -5.0741881301552961E-013  4.7807826729713408E-006 -7.4196305736380531E-015 -1.8863944609214158E-014 -6.6577220926381172E-008  1.2991212401076915E-002  2.4183628528540627E-001 -5.7112687750561532E-013 -1.4520542060916362E-012 -5.1247888858210983E-006
  7.9840000000000003E+001  2.4409132132228854E-012 -5.0589918978785377E-013  4.7860898268464383E-006 -8.2152704695380839E-015 -1.9114119646419917E-014 -6.6089818830578280E-008  1.2991212401076915E-002  2.4183628528540627E-001 -6.3237134579189416E-013 -1.4713114570303485E-012 -5.0872710560177814E-006
  7.9920000000000002E+001  2.4416017791608447E-012 -5.0436055387210242E-013  4.7913570439842333E-006 -8.9864402362482455E-015 -1.9339442040791185E-014 -6.5578594407133497E-008  1.2991212401076915E-002  2.4183628528540627E-001 -6.9173222319893437E-013 -1.4886556730600623E-012 -5.0479194999302854E-006
  8.0000000000000000E+001  2.4423510436606851E-012 -5.0280487906132718E-013  4.7965824019515796E-006 -9.7326205977069153E-015 -1.9540465204022221E-014 -6.5043135677379549E-008  1.2991212401076915E-002  2.4183628528540627E-001 -7.4916953839504836E-013 -1.5041294531065467E-012 -5.0067025054553598E-006
  8.0079999999999998E+001  2.4431589984564778E-012 -5.0123407943945887E-013  4.8017639456926141E-006 -1.0453869892056155E-014 -1.9718009807114177E-014 -6.4483039159728991E-008  1.2991212401076915E-002  2.4183628528540627E-001 -8.0468778196493427E-013 -1.5177959684101598E-012 -4.9635890145540556E-006
  8.0159999999999997E+001  2.4440236628434141E-012 -4.9964999749218891E-013  4.8068996882171363E-006 -1.1150788025517333E-014 -1.9872942274430833E-014 -6.3897910082845935E-008  1.2991212401076915E-002  2.4183628528540627E-001 -8.5833313175561600E-013 -1.5297219120813945E-012 -4.9185486396597526E-006
  8.0239999999999995E+001  2.4449431245405606E-012 -4.9805440867554993E-013  4.8119876113058694E-006 -1.1824439166703282E-014 -2.0006034410542175E-014 -6.3287362594492608E-008  1.2991212401076915E-002  2.4183628528540627E-001 -9.1018750226293629E-013 -1.5399666938617159E-012 -4.8715516797531273E-006
  8.0320000000000007E+001  2.4459155731100866E-012 -4.9644903198650217E-013  4.8170256662322551E-006 -1.2476235177934800E-014 -2.0117938730821644E-014 -6.2651019966013692E-008  1.2991212401076915E-002  2.4183628528540627E-001 -9.6035957174426105E-013 -1.5485805411936516E-012 -4.8225691361043994E-006
  8.0400000000000006E+001  2.4469393221690302E-012 -4.9483553847861847E-013  4.8220117745004316E-006 -1.3107793595965652E-014 -2.0209268713135032E-014 -6.1988514792500805E-008  1.2991212401076915E-002  2.4183628528540627E-001 -1.0089738502682067E-012 -1.5556106766032130E-012 -4.7715727276815710E-006
  8.0480000000000004E+001  2.4480128200854411E-012 -4.9321554899240056E-013  4.8269438285990552E-006 -1.3720793133046371E-014 -2.0280751658482658E-014 -6.1299489188510040E-008  1.2991212401076915E-002  2.4183628528540627E-001 -1.0561595568945922E-012 -1.5611130841645959E-012 -4.7185349062131948E-006
  8.0560000000000002E+001  2.4491346490703176E-012 -4.9159061821326124E-013  4.8318196927705932E-006 -1.4316848477860125E-014 -2.0333386922625622E-014 -6.0583594978962026E-008  1.2991212401076915E-002  2.4183628528540627E-001 -1.1020409824623392E-012 -1.5651646893972686E-012 -4.6634288708835342E-006
  8.0640000000000001E+001  2.4503035158418987E-012 -4.8996220708478046E-013  4.8366372037956891E-006 -1.4897433962244145E-014 -2.0368551967638478E-014 -5.9840493884875071E-008  1.2991212401076915E-002  2.4183628528540627E-001 -1.1467316138260711E-012 -1.5678715225955685E-012 -4.6062285826311706E-006
  8.0719999999999999E+001  2.4515182385042767E-012 -4.8833164989843909E-013  4.8413941717921732E-006 -1.5463858587378173E-014 -2.0388013092929910E-014 -5.9069857703619069E-008  1.2991212401076915E-002  2.4183628528540627E-001 -1.1903322114953880E-012 -1.5693695448502130E-012 -4.5469087780231578E-006
  8.0799999999999997E+001  2.4527777332158792E-012 -4.8670012498991168E-013  4.8460883810282682E-006 -1.6017282236529518E-014 -2.0393831187136840E-014 -5.8271368483388406E-008  1.2991212401076915E-002  2.4183628528540627E-001 -1.2329320576118015E-012 -1.5698173932901623E-012 -4.4854449826835541E-006
  8.0879999999999995E+001  2.4540810036621214E-012 -4.8506863690849719E-013  4.8507175907495154E-006 -1.6558750400556120E-014 -2.0388181044844705E-014 -5.7444718691682107E-008  1.2991212401076915E-002  2.4183628528540627E-001 -1.2746116289488012E-012 -1.5693824729672678E-012 -4.4218135242647411E-006
  8.0960000000000008E+001  2.4554271332799682E-012 -4.8343801602273652E-013  4.8552795360189373E-006 -1.7089216518833611E-014 -2.0373117340944149E-014 -5.6589611377844164E-008  1.2991212401076915E-002  2.4183628528540627E-001 -1.3154443166070846E-012 -1.5682229427066704E-012 -4.3559915449578868E-006
  8.1040000000000006E+001  2.4568152783051348E-012 -4.8180893813394613E-013  4.8597719285699704E-006 -1.7609527845250882E-014 -2.0350341838215241E-014 -5.5705760329637574E-008  1.2991212401076915E-002  2.4183628528540627E-001 -1.3554953380477933E-012 -1.5664697958851220E-012 -4.2879570135441900E-006
  8.1120000000000005E+001  2.4582446577352083E-012 -4.8018196132862208E-013  4.8641924576716793E-006 -1.8120366852884225E-014 -2.0321017249853348E-014 -5.4792890223936801E-008  1.2991212401076915E-002  2.4183628528540627E-001 -1.3948172267110862E-012 -1.5642125324784205E-012 -4.2176887369957305E-006
  8.1200000000000003E+001  2.4597145370015962E-012 -4.7855757537396959E-013  4.8685387910058003E-006 -1.8622161341590715E-014 -2.0285668627071067E-014 -5.3850736771835101E-008  1.2991212401076915E-002  2.4183628528540627E-001 -1.4334429125374861E-012 -1.5614915683612222E-012 -4.1451663716447325E-006
  8.1280000000000001E+001  2.4612242035498629E-012 -4.7693625434829071E-013  4.8728085755551730E-006 -1.9114981054270159E-014 -2.0244203707242104E-014 -5.2879046858547898E-008  1.2991212401076915E-002  2.4183628528540627E-001 -1.4713777639942059E-012 -1.5582998016077409E-012 -4.0703704339531228E-006
  8.1359999999999999E+001  2.4627729339702795E-012 -4.7531850278081086E-013  4.8769994385031680E-006 -1.9598449572600413E-014 -2.0196045164650471E-014 -5.1877578678726297E-008  1.2991212401076915E-002  2.4183628528540627E-001 -1.5085928062399754E-012 -1.5545927925076577E-012 -3.9932823109279771E-006
  8.1439999999999998E+001  2.4643599554814789E-012 -4.7370488712194664E-013  4.8811089881437692E-006 -2.0071686720984987E-014 -2.0140342367589446E-014 -5.0846101867895422E-008  1.2991212401076915E-002  2.4183628528540627E-001 -1.5450202876617366E-012 -1.5503050635920877E-012 -3.9138842702383185E-006
  8.1519999999999996E+001  2.4659844038456371E-012 -4.7209604800199655E-013  4.8851348148020313E-006 -2.0533302541392476E-014 -2.0076208966495672E-014 -4.9784397630726966E-008  1.2991212401076915E-002  2.4183628528540627E-001 -1.5805532160870855E-012 -1.5453683880060205E-012 -3.8321594700892816E-006
  8.1600000000000009E+001  2.4676452838881017E-012 -4.7049269368730733E-013  4.8890744917646855E-006 -2.0981446885936722E-014 -2.0002916915424760E-014 -4.8692258866728296E-008  1.2991212401076915E-002  2.4183628528540627E-001 -1.6150491761798112E-012 -1.5397267243330122E-012 -3.7480919688980788E-006
  8.1680000000000007E+001  2.4693414353473869E-012 -4.6889558129552858E-013  4.8929255762207078E-006 -2.1413914516259855E-014 -1.9919993529089539E-014 -4.7569490293708090E-008  1.2991212401076915E-002  2.4183628528540627E-001 -1.6483384194754165E-012 -1.5333436875713448E-012 -3.6616667347969676E-006
  8.1760000000000005E+001  2.4710715102107033E-012 -4.6730549472265300E-013  4.8966856102116788E-006 -2.1828297304391400E-014 -1.9827198790593284E-014 -4.6415908569002635E-008  1.2991212401076915E-002  2.4183628528540627E-001 -1.6802355800589774E-012 -1.5262008023939762E-012 -3.5728696549642152E-006
  8.1840000000000003E+001  2.4728339629160896E-012 -4.6572322948903366E-013  4.9003521215917482E-006 -2.2222148563092269E-014 -1.9724399086976105E-014 -4.5231342408182199E-008  1.2991212401076915E-002  2.4183628528540627E-001 -1.7105523239117336E-012 -1.5182877839285919E-012 -3.4816875447617975E-006
  8.1920000000000002E+001  2.4746270539807981E-012 -4.6414959086873683E-013  4.9039226249969879E-006 -2.2593140755812983E-014 -1.9611388340954601E-014 -4.4015632700755734E-008  1.2991212401076915E-002  2.4183628528540627E-001 -1.7391094886525414E-012 -1.5095887693537511E-012 -3.3881081566421934E-006
  8.2000000000000000E+001  2.4764488654370196E-012 -4.6258540735448092E-013  4.9073946228238691E-006 -2.2939180238231422E-014 -1.9487714911818391E-014 -4.2768632622296861E-008  1.2991212401076915E-002  2.4183628528540627E-001 -1.7657459157800552E-012 -1.5000689935762096E-012 -3.2921201887790032E-006
  8.2079999999999998E+001  2.4782973228189151E-012 -4.6103155648284588E-013  4.9107656062165554E-006 -2.3258459493893140E-014 -1.9352574806107593E-014 -4.1490207742424689E-008  1.2991212401076915E-002  2.4183628528540627E-001 -1.7903224715167945E-012 -1.4896665691112149E-012 -3.1937132933787934E-006
  8.2159999999999997E+001  2.4801702189560425E-012 -4.5948899538550371E-013  4.9140330560626571E-006 -2.3549450580594781E-014 -1.9204811567802750E-014 -4.0180236128200067E-008  1.2991212401076915E-002  2.4183628528540627E-001 -1.8127215423439287E-012 -1.4782924776297453E-012 -3.0928780846400818E-006
  8.2239999999999995E+001  2.4820652349118102E-012 -4.5795878663199744E-013  4.9171944439970674E-006 -2.3810857467577314E-014 -1.9043018803118953E-014 -3.8838608442672576E-008  1.2991212401076915E-002  2.4183628528540627E-001 -1.8328433661514745E-012 -1.4658384618159286E-012 -2.9896061463398133E-006
  8.2320000000000007E+001  2.4839799561508549E-012 -4.5644211237700467E-013  4.9202472334134847E-006 -2.4041554765335661E-014 -1.8865726654198788E-014 -3.7465228038594135E-008  1.2991212401076915E-002  2.4183628528540627E-001 -1.8506013159588466E-012 -1.4521913791999151E-012 -2.8838900390457055E-006
  8.2400000000000006E+001  2.4859118836742640E-012 -4.5494027036732564E-013  4.9231888804832425E-006 -2.4240550002194291E-014 -1.8671637850142132E-014 -3.6060011047415694E-008  1.2991212401076915E-002  2.4183628528540627E-001 -1.8659189961503883E-012 -1.4372513722117361E-012 -2.7757233069661101E-006
  8.2480000000000004E+001  2.4878584441512060E-012 -4.5345465032098193E-013  4.9260168351810712E-006 -2.4406990431338736E-014 -1.8459851468259565E-014 -3.4622886463810534E-008  1.2991212401076915E-002  2.4183628528540627E-001 -1.8787307664461884E-012 -1.4209490922286109E-012 -2.6651004844582149E-006
  8.2560000000000002E+001  2.4898170021432782E-012 -4.5198669413240411E-013  4.9287285423174522E-006 -2.4540213833023707E-014 -1.8230024952381178E-014 -3.3153796226073578E-008  1.2991212401076915E-002  2.4183628528540627E-001 -1.8889856524085007E-012 -1.4032581709517595E-012 -2.5520171022159759E-006
  8.2640000000000001E+001  2.4917848783644898E-012 -4.5053784632860094E-013  4.9313214425772430E-006 -2.4639835218017698E-014 -1.7982437227148142E-014 -3.1652695292507877E-008  1.2991212401076915E-002  2.4183628528540627E-001 -1.8966540194489944E-012 -1.3842000786360252E-012 -2.4364696931506105E-006
  8.2719999999999999E+001  2.4937593757781610E-012 -4.4910950417606041E-013  4.9337929735642534E-006 -2.4705847454172466E-014 -1.7717927428346145E-014 -3.0119551713803579E-008  1.2991212401076915E-002  2.4183628528540627E-001 -1.9017353185698530E-012 -1.3638394078505808E-012 -2.3184557979599386E-006
  8.2799999999999997E+001  2.4957378139571574E-012 -4.4770297794006556E-013  4.9361405708514515E-006 -2.4738705856318689E-014 -1.7437722124105017E-014 -2.8554346701022907E-008  1.2991212401076915E-002  2.4183628528540627E-001 -1.9042645976804652E-012 -1.3422705738118120E-012 -2.1979739703626209E-006
  8.2879999999999995E+001  2.4977175687151720E-012 -4.4631946863620360E-013  4.9383616690364171E-006 -2.4739368778756030E-014 -1.7143192564969732E-014 -2.6957074688651178E-008  1.2991212401076915E-002  2.4183628528540627E-001 -1.9043156262078533E-012 -1.3195991286808984E-012 -2.0750237819537864E-006
  8.2960000000000008E+001  2.4996961129617583E-012 -4.4496006712967040E-013  4.9404537028016357E-006 -2.4709280762677520E-014 -1.6835603645803363E-014 -2.5327743392020342E-008  1.2991212401076915E-002  2.4183628528540627E-001 -1.9019995978688507E-012 -1.2959224378786874E-012 -1.9496058266218752E-006
  8.3040000000000006E+001  2.5016710536372004E-012 -4.4362577205287506E-013  4.9424141079791404E-006 -2.4650289636354749E-014 -1.6515925568427278E-014 -2.3666373858141544E-008  1.2991212401076915E-002  2.4183628528540627E-001 -1.8974587494476335E-012 -1.2713151827968115E-012 -1.8217217244621279E-006
  8.3120000000000005E+001  2.5036401593035751E-012 -4.4231751903872204E-013  4.9442403226189384E-006 -2.4564506496855882E-014 -1.6184760082773725E-014 -2.1973000509205563E-008  1.2991212401076915E-002  2.4183628528540627E-001 -1.8908555828724279E-012 -1.2458236832023516E-012 -1.6913741251264024E-006
  8.3200000000000003E+001  2.5056013746766973E-012 -4.4103621043963127E-013  4.9459297880606133E-006 -2.4454130399179434E-014 -1.5842394662748473E-014 -2.0247671178195253E-008  1.2991212401076915E-002  2.4183628528540627E-001 -1.8823593706429777E-012 -1.2194700674307530E-012 -1.5585667105646437E-006
  8.3280000000000001E+001  2.5075528201674438E-012 -4.3978273589268228E-013  4.9474799500074496E-006 -2.4321269966889276E-014 -1.5488963537665791E-014 -1.8490447136366464E-008  1.2991212401076915E-002  2.4183628528540627E-001 -1.8721324242895607E-012 -1.1922646677982137E-012 -1.4233041971384578E-006
  8.3359999999999999E+001  2.5094927778713996E-012 -4.3855797627360474E-013  4.9488882596024319E-006 -2.4167799089477335E-014 -1.5124662121343931E-014 -1.6701403112655691E-008  1.2991212401076915E-002  2.4183628528540627E-001 -1.8603189866615007E-012 -1.1642225263048188E-012 -1.2855923371148376E-006
  8.3439999999999998E+001  2.5114196680217602E-012 -4.3736278995326726E-013  4.9501521745054745E-006 -2.3995276909340454E-014 -1.4749943526647508E-014 -1.4880627305406183E-008  1.2991212401076915E-002  2.4183628528540627E-001 -1.8470390729159460E-012 -1.1353785213630174E-012 -1.1454379195718848E-006
  8.3519999999999996E+001  2.5133320221768941E-012 -4.3619798530934114E-013  4.9512691599712969E-006 -2.3804942089015863E-014 -1.4365639894413602E-014 -1.3028221387185441E-008  1.2991212401076915E-002  2.4183628528540627E-001 -1.8323880292375478E-012 -1.1057967071050981E-012 -1.0028487707664653E-006
  8.3600000000000009E+001  2.5152284587560027E-012 -4.3506428757016108E-013  4.9522366899274242E-006 -2.3597759116730665E-014 -1.3972974063481338E-014 -1.1144300503297620E-008  1.2991212401076915E-002  2.4183628528540627E-001 -1.8164400972133359E-012 -1.0755712116848433E-012 -8.5783375402042102E-007
  8.3680000000000007E+001  2.5171076636355710E-012 -4.3396230945918413E-013  4.9530522480518245E-006 -2.3374497673073994E-014 -1.3573452091329692E-014 -9.2289932647266850E-009  1.2991212401076915E-002  2.4183628528540627E-001 -1.7992545230911032E-012 -1.0448179640419588E-012 -7.1040276917932365E-007
  8.3760000000000005E+001  2.5189683783836946E-012 -4.3289253523554833E-013  4.9537133288497805E-006 -2.3135807293246048E-014 -1.3168662341332639E-014 -7.2824417361932435E-009  1.2991212401076915E-002  2.4183628528540627E-001 -1.7808813049142674E-012 -1.0136592286214279E-012 -5.6056675169027771E-007
  8.3840000000000003E+001  2.5208093928024903E-012 -4.3185532348457090E-013  4.9542174387296154E-006 -2.2882251028237590E-014 -1.2760031033358077E-014 -5.3048014196850521E-009  1.2991212401076915E-002  2.4183628528540627E-001 -1.7613637835944014E-012 -9.8220478885406955E-013 -4.0833767133545807E-007
  8.3920000000000002E+001  2.5226295385482126E-012 -4.3085093027021104E-013  4.9545620970769301E-006 -2.2614289771234088E-014 -1.2348583646465430E-014 -3.2962412338899960E-009  1.2991212401076915E-002  2.4183628528540627E-001 -1.7407374364351486E-012 -9.5053358110302038E-013 -2.5372853065019345E-007
  8.4000000000000000E+001  2.5244276791658878E-012 -4.2987955010113644E-013  4.9547448373270378E-006 -2.2332212341270010E-014 -1.1934772737549080E-014 -1.2569434898597743E-009  1.2991212401076915E-002  2.4183628528540627E-001 -1.7190244953132622E-012 -9.1868044098486055E-013 -9.6753363047141949E-008
  8.4079999999999998E+001  2.5262026925228158E-012 -4.2894136663220318E-013  4.9547632080353076E-006 -2.2036035556864903E-014 -1.1518425821248502E-014  8.1289613701100904E-010  1.2991212401076915E-002  2.4183628528540627E-001 -1.6962262548364083E-012 -8.8663209142001935E-013  6.2572769339247716E-008
  8.4159999999999997E+001  2.5279534448549862E-012 -4.2803660196973668E-013  4.9546147739451161E-006 -2.1725405114481880E-014 -1.1098821725800250E-014  2.9130686385844680E-009  1.2991212401076915E-002  2.4183628528540627E-001 -1.6723154424510783E-012 -8.5433302013290753E-013  2.2423377808355584E-007
  8.4239999999999995E+001  2.5296787573411329E-012 -4.2716555515607514E-013  4.9542971170531341E-006 -2.1399523950799060E-014 -1.0674887484096704E-014  5.0433517091948293E-009  1.2991212401076915E-002  2.4183628528540627E-001 -1.6472307041200665E-012 -8.2170063536272523E-013  3.8821255118350148E-007
  8.4320000000000007E+001  2.5313773686871140E-012 -4.2632861997228120E-013  4.9538078376716449E-006 -2.1057136973267983E-014 -1.0245470013500631E-014  7.2035097848925276E-009  1.2991212401076915E-002  2.4183628528540627E-001 -1.6208754289569651E-012 -7.8864617844687099E-013  5.5449095607841456E-007
  8.4400000000000006E+001  2.5330478992568558E-012 -4.2552627995391504E-013  4.9531445554875513E-006 -2.0696588018574543E-014 -9.8096102695467967E-015  9.3932940870452262E-009  1.2991212401076915E-002  2.4183628528540627E-001 -1.5931221336092441E-012 -7.5509582683241629E-013  7.2304984300476474E-007
  8.4480000000000004E+001  2.5346888227700860E-012 -4.2475908232915372E-013  4.9523049106177176E-006 -2.0315945526567103E-014 -9.3667465646321100E-015  1.1612442670756339E-008  1.2991212401076915E-002  2.4183628528540627E-001 -1.5638221360220188E-012 -7.2100634455454309E-013  8.9386904872663588E-007
  8.4560000000000002E+001  2.5362984505411065E-012 -4.2402760050357390E-013  4.9512865646602303E-006 -1.9913181790890981E-014 -8.9167895046658176E-015  1.3860680478704559E-008  1.2991212401076915E-002  2.4183628528540627E-001 -1.5328193532759858E-012 -6.8637085049326876E-013  1.0669274006758647E-006
  8.4640000000000001E+001  2.5378749318566285E-012 -4.2333239600840718E-013  4.9500872017411249E-006 -1.9486370261638213E-014 -8.4600577693553461E-015  1.6137719400568520E-008  1.2991212401076915E-002  2.4183628528540627E-001 -1.4999654889810274E-012 -6.5121387505402980E-013  1.2422027215283937E-006
  8.4719999999999999E+001  2.5394162697829686E-012 -4.2267399126047705E-013  4.9487045295561393E-006 -1.9033862406624596E-014 -7.9970977068454251E-015  1.8443258338280089E-008  1.2991212401076915E-002  2.4183628528540627E-001 -1.4651336471912962E-012 -6.1557747344524492E-013  1.4196718342281217E-006
  8.4799999999999997E+001  2.5409203498416885E-012 -4.2205286037531192E-013  4.9471362804070001E-006 -1.8554406791001037E-014 -7.5284445627009427E-015  2.0776983277063967E-008  1.2991212401076915E-002  2.4183628528540627E-001 -1.4282274985716267E-012 -5.7950284625297041E-013  1.5993105674524769E-006
  8.4879999999999995E+001  2.5423849748695288E-012 -4.2146944013044490E-013  4.9453802122318091E-006 -1.8047189252253185E-014 -7.0543957495615744E-015  2.3138567361861234E-008  1.2991212401076915E-002  2.4183628528540627E-001 -1.3891843728734146E-012 -5.4301288684779038E-013  1.7810937614985569E-006
  8.4960000000000008E+001  2.5438079001220490E-012 -4.2092415705538206E-013  4.9434341096291023E-006 -1.7511792221792420E-014 -6.5748609755412283E-015  2.5527670978866859E-008  1.2991212401076915E-002  2.4183628528540627E-001 -1.3479721277085486E-012 -5.0610064500187253E-013  1.9649952745560227E-006
  8.5040000000000006E+001  2.5451868616250156E-012 -4.2041746237435830E-013  4.9412957848751904E-006 -1.6948102817967620E-014 -6.0893340017754379E-015  2.7943941841519424E-008  1.2991212401076915E-002  2.4183628528540627E-001 -1.3045820739997287E-012 -4.6872715292306800E-013  2.1509879893276461E-006
  8.5120000000000005E+001  2.5465195965729238E-012 -4.1994986361509799E-013  4.9389630789344592E-006 -1.6356207216554966E-014 -5.5969918230488763E-015  3.0387015080561907E-008  1.2991212401076915E-002  2.4183628528540627E-001 -1.2590208451367803E-012 -4.3082905969462534E-013  2.3390438199626853E-006
  8.5200000000000003E+001  2.5478038547796644E-012 -4.1952194368267048E-013  4.9364338624623005E-006 -1.5736303096075617E-014 -5.0968998787141643E-015  3.2856513337882337E-008  1.2991212401076915E-002  2.4183628528540627E-001 -1.2113036574454432E-012 -3.9233442740815908E-013  2.5291337192791038E-006
  8.5280000000000001E+001  2.5490374050682959E-012 -4.1913435963450373E-013  4.9337060368003980E-006 -1.5088668481808727E-014 -4.5882814954512066E-015  3.5352046864012589E-008  1.2991212401076915E-002  2.4183628528540627E-001 -1.1614519119522444E-012 -3.5318347154965291E-013  2.7212276862688111E-006
  8.5359999999999999E+001  2.5502180417367538E-012 -4.1878781864339829E-013  4.9307775349640585E-006 -1.4413690149969063E-014 -4.0707761737151619E-015  3.7873213619502338E-008  1.2991212401076915E-002  2.4183628528540627E-001 -1.1094953807986460E-012 -3.1334844262707009E-013  2.9152947739011802E-006
  8.5439999999999998E+001  2.5513435954922909E-012 -4.1848303544670930E-013  4.9276463226212777E-006 -1.3711945037887357E-014 -3.5446264130329067E-015  4.0419599380554660E-008  1.2991212401076915E-002  2.4183628528540627E-001 -1.0554784737990957E-012 -2.7284800706812480E-013  3.1113030972539103E-006
  8.5519999999999996E+001  2.5524119529428157E-012 -4.1822067841731302E-013  4.9243103990631698E-006 -1.2984307416113399E-014 -3.0107430355708899E-015  4.2990777849378543E-008  1.2991212401076915E-002  2.4183628528540627E-001 -9.9946848802493003E-013 -2.3175227550902445E-013  3.3092198420075333E-006
  8.5600000000000009E+001  2.5534210846788691E-012 -4.1800131656101796E-013  4.9207677981653771E-006 -1.2232050889448785E-014 -2.4706191000865160E-015  4.5586310769687121E-008  1.2991212401076915E-002  2.4183628528540627E-001 -9.4156345934553407E-013 -1.9017617631141397E-013  3.5090112733365350E-006
  8.5680000000000007E+001  2.5543690810851275E-012 -4.1782537936129918E-013  4.9170165893400198E-006 -1.1456910988791072E-014 -1.9261130118516919E-015  4.8205748047622218E-008  1.2991212401076915E-002  2.4183628528540627E-001 -8.8189698044209605E-013 -1.4826276042502818E-013  3.7106427452164487E-006
  8.5760000000000005E+001  2.5552541904370756E-012 -4.1769313847912169E-013  4.9130548784777575E-006 -1.0661079628642489E-014 -1.3791574024025514E-015  5.0848627878078721E-008  1.2991212401076915E-002  2.4183628528540627E-001 -8.2063777417405244E-013 -1.0616079237438942E-013  3.9140787101488343E-006
  8.5840000000000003E+001  2.5560748538257103E-012 -4.1760471417691477E-013  4.9088808088795272E-006 -9.8471240454016247E-015 -8.3146627068960087E-016  5.3514476876269975E-008  1.2991212401076915E-002  2.4183628528540627E-001 -7.5798345384500139E-013 -6.4002207416809268E-014  4.1192827292882995E-006
  8.5920000000000002E+001  2.5568297302843399E-012 -4.1756010387581135E-013  4.9044925621775543E-006 -9.0178329957629219E-015 -2.8432081794897555E-016  5.6202810214163615E-008  1.2991212401076915E-002  2.4183628528540627E-001 -6.9414868430727517E-013 -2.1885626158005738E-014  4.3262174829430618E-006
  8.6000000000000000E+001  2.5575177071050324E-012 -4.1755922284604294E-013  4.8998883592452610E-006 -8.1760144478445347E-015  2.6150864726882631E-016  5.8913131761242557E-008  1.2991212401076915E-002  2.4183628528540627E-001 -6.2934960921477467E-013  2.0129656816881027E-014  4.5348447814122695E-006
  8.6079999999999998E+001  2.5581378925959950E-012 -4.1760194525937437E-013  4.8950664610957555E-006 -7.3242864406545325E-015  8.0569150983000955E-016  6.1644934229194111E-008  1.2991212401076915E-002  2.4183628528540627E-001 -5.6378775240763385E-013  6.2018192371579179E-014  4.7451255761231325E-006
  8.6159999999999997E+001  2.5586895929355371E-012 -4.1768813348761574E-013  4.8900251697685900E-006 -6.4649045480031475E-015  1.3481419438686925E-015  6.4397699320146041E-008  1.2991212401076915E-002  2.4183628528540627E-001 -4.9763673692751359E-013  1.0377337405065649E-013  4.9570199710389049E-006
  8.6239999999999995E+001  2.5591722773236755E-012 -4.1781764797039336E-013  4.8847628292045322E-006 -5.5996590163216845E-015  1.8887596225162750E-015  6.7170897878121343E-008  1.2991212401076915E-002  2.4183628528540627E-001 -4.3103436718952466E-013  1.4538747918242743E-013  5.1704872343209340E-006
  8.6320000000000007E+001  2.5595855383781486E-012 -4.1799033502721834E-013  4.8792778261080906E-006 -4.7298625883407512E-015  2.4271841269564699E-015  6.9963990043870583E-008  1.2991212401076915E-002  2.4183628528540627E-001 -3.6408169170952786E-013  1.8683276448893993E-013  5.3854858102447810E-006
  8.6400000000000006E+001  2.5599290553378101E-012 -4.1820599743070639E-013  4.8735685907975129E-006 -3.8564230491927751E-015  2.9626315338244153E-015  7.2776425413224702E-008  1.2991212401076915E-002  2.4183628528540627E-001 -2.9684858734765658E-013  2.2804888738318723E-013  5.6019733313879629E-006
  8.6480000000000004E+001  2.5602025660660194E-012 -4.1846435607263025E-013  4.8676335980419746E-006 -2.9799702896667924E-015  3.4938538059059806E-015  7.5607643199333587E-008  1.2991212401076915E-002  2.4183628528540627E-001 -2.2938354001658185E-013  2.6893978006366098E-013  5.8199066311212832E-006
  8.6560000000000002E+001  2.5604058505841567E-012 -4.1876501403965135E-013  4.8614713678856195E-006 -2.1009906609866253E-015  4.0192409599802115E-015  7.8457072399425687E-008  1.2991212401076915E-002  2.4183628528540627E-001 -1.6172398665514070E-013  3.0938151389527629E-013  6.0392417564446660E-006
  8.6640000000000001E+001  2.5605387245717773E-012 -4.1910743462622708E-013  4.8550804664580665E-006 -1.2199314031825298E-015  4.5370379605466321E-015  8.1324131966612764E-008  1.2991212401076915E-002  2.4183628528540627E-001 -9.3904353613670929E-014  3.4923899482780877E-013  6.2599339812097765E-006
  8.6719999999999999E+001  2.5606010396086660E-012 -4.1949094011333881E-013  4.8484595067709614E-006 -3.3724326047306030E-016  5.0456245730393218E-015  8.4208230987168589E-008  1.2991212401076915E-002  2.4183628528540627E-001 -2.5959336977956446E-014  3.8838750512777016E-013  6.4819378197671753E-006
  8.6799999999999997E+001  2.5605926834934530E-012 -4.1991473455791337E-013  4.8416071495001195E-006  5.4664958207256676E-016  5.5437992136883318E-015  8.7108768863710412E-008  1.2991212401076915E-002  2.4183628528540627E-001  4.2078411559920897E-014  4.2673455275265048E-013  6.7052070410679484E-006
  8.6879999999999995E+001  2.5605135756755343E-012 -4.2037794798752894E-013  4.8345221037527678E-006  1.4314363223630424E-015  6.0309857045835436E-015  9.0025135504574351E-008  1.2991212401076915E-002  2.4183628528540627E-001  1.1018496797474524E-013  4.6423578634456888E-013  6.9296946832393997E-006
  8.6960000000000008E+001  2.5603636536818749E-012 -4.2087969227064674E-013  4.8272031278193876E-006  2.3170412878040550E-015  6.5073090080860142E-015  9.2956711519442942E-008  1.2991212401076915E-002  2.4183628528540627E-001  1.7835450736022814E-013  5.0090082489500510E-013  7.1553530686431874E-006
  8.7040000000000006E+001  2.5601428490694857E-012 -4.2141911742882270E-013  4.8196490299096569E-006  3.2037391313385664E-015  6.9735191299855322E-015  9.5902868421145449E-008  1.2991212401076915E-002  2.4183628528540627E-001  2.4660817115678766E-013  5.3678740018194014E-013  7.3821338194112997E-006
  8.7120000000000005E+001  2.5598510554208607E-012 -4.2199545533144443E-013  4.8118586688720044E-006  4.0922245071785822E-015  7.4307786878820377E-015  9.8862968833487983E-008  1.2991212401076915E-002  2.4183628528540627E-001  3.1499943044872275E-013  5.7198500482265150E-013  7.6099878734408895E-006
  8.7200000000000003E+001  2.5594880931483371E-012 -4.2260804201888383E-013  4.8038309548962988E-006  4.9836102580027916E-015  7.8803652639229366E-015  1.0183636670453111E-007  1.2991212401076915E-002  2.4183628528540627E-001  3.8361394642337824E-013  6.0659198084313243E-013  7.8388655008127851E-006
  8.7280000000000001E+001  2.5590536777795803E-012 -4.2325631377367210E-013  4.7955648501992794E-006  5.8793408582299898E-015  8.3233710263379846E-015  1.0482240752476434E-007  1.2991212401076915E-002  2.4183628528540627E-001  4.5256290765766653E-013  6.4069239801267772E-013  8.0687163205859277E-006
  8.7359999999999999E+001  2.5585473986110203E-012 -4.2393978138309791E-013  4.7870593696923365E-006  6.7810258321423668E-015  8.7604797813348575E-015  1.0782042854948937E-007  1.2991212401076915E-002  2.4183628528540627E-001  5.2197020745975171E-013  6.7433889238917430E-013  8.2994893179136851E-006
  8.7439999999999998E+001  2.5579687136464375E-012 -4.2465799053868567E-013  4.7783135816313611E-006  7.6902198608165891E-015  9.1918711311622814E-015  1.1082975902467081E-007  1.2991212401076915E-002  2.4183628528540627E-001  5.9195551757578327E-013  7.0754528887545743E-013  8.5311328614314769E-006
  8.7519999999999996E+001  2.5573169634332897E-012 -4.2541048076408387E-013  4.7693266082483892E-006  8.6081969005252365E-015  9.6172762054637570E-015  1.1384972041590506E-007  1.2991212401076915E-002  2.4183628528540627E-001  6.6261690093000616E-013  7.4029089114629532E-013  8.7635947208795774E-006
  8.7600000000000009E+001  2.5565914021423535E-012 -4.2619675473155987E-013  4.7600976263648163E-006  9.5357659064676480E-015  1.0036164430233262E-014  1.1687962664021089E-007  1.2991212401076915E-002  2.4183628528540627E-001  7.3401662693746582E-013  7.7253485820935239E-013  8.9968220849444079E-006
  8.7680000000000007E+001  2.5557912408882548E-012 -4.2701626707292120E-013  4.7506258679859555E-006  1.0473166834765444E-014  1.0447999482917658E-014  1.1991878430066288E-007  1.2991212401076915E-002  2.4183628528540627E-001  8.0617316624707314E-013  8.0423590657726168E-013  9.2307615793212960E-006
  8.7760000000000005E+001  2.5549156954487910E-012 -4.2786843464882670E-013  4.7409106208767102E-006  1.1420069682331712E-014  1.0852490909177610E-014  1.2296649292415353E-007  1.2991212401076915E-002  2.4183628528540627E-001  8.7906111683515618E-013  8.3537167849539028E-013  9.4653592850159975E-006
  8.7840000000000003E+001  2.5539640297390818E-012 -4.2875266561838961E-013  4.7309512291180909E-006  1.2375673850091742E-014  1.1249779505897027E-014  1.2602204520253296E-007  1.2991212401076915E-002  2.4183628528540627E-001  9.5261885249964730E-013  8.6595301181931576E-013  9.7005607569064822E-006
  8.7920000000000002E+001  2.5529355876327763E-012 -4.2966839936977022E-013  4.7207470936443049E-006  1.3338870072067238E-014  1.1640496672144908E-014  1.2908472723733793E-007  1.2991212401076915E-002  2.4183628528540627E-001  1.0267609873702810E-012  8.9602850856169185E-013  9.9363110425808512E-006
  8.8000000000000000E+001  2.5518298105275510E-012 -4.3061514508593280E-013  4.7102976727601168E-006  1.4308416212567090E-014  1.2025682172534124E-014  1.3215381878818423E-007  1.2991212401076915E-002  2.4183628528540627E-001  1.1013919079162203E-012  9.2567820471763067E-013  1.0172554701455835E-005
  8.8079999999999998E+001  2.5506462410387656E-012 -4.3159250851737568E-013  4.6996024826381955E-006  1.5283079641782643E-014  1.2406576816535767E-014  1.3522859352463194E-007  1.2991212401076915E-002  2.4183628528540627E-001  1.1764167323226280E-012  9.5499761173230339E-013  1.0409235824165569E-005
  8.8159999999999997E+001  2.5493845177848658E-012 -4.3260019737657852E-013  4.6886610977961757E-006  1.6261704009334276E-014  1.2784336128595875E-014  1.3830831928125879E-007  1.2991212401076915E-002  2.4183628528540627E-001  1.2517464503919984E-012  9.8407567622680489E-013  1.0646298052196972E-005
  8.8239999999999995E+001  2.5480443683972721E-012 -4.3363800229795102E-013  4.6774731515531941E-006  1.7243193210599038E-014  1.3159739193195476E-014  1.4139225831556584E-007  1.2991212401076915E-002  2.4183628528540627E-001  1.3272966893506463E-012  1.0129723683145009E-012  1.0883684597739752E-005
  8.8320000000000007E+001  2.5466256068711699E-012 -4.3470575564748980E-013  4.6660383364656852E-006  1.8226420066480933E-014  1.3532959780178687E-014  1.4447966756815952E-007  1.2991212401076915E-002  2.4183628528540627E-001  1.4029806844640766E-012  1.0417010639481773E-012  1.1121338263715782E-005
  8.8400000000000006E+001  2.5451281411866352E-012 -4.3580327586277961E-013  4.6543564047422885E-006  1.9210086733150991E-014  1.3903461341108679E-014  1.4756979892484478E-007  1.2991212401076915E-002  2.4183628528540627E-001  1.4786985340613933E-012  1.0702204622530768E-012  1.1359201463953685E-005
  8.8480000000000004E+001  2.5435519929938658E-012 -4.3693030946206719E-013  4.6424271686377100E-006  2.0192584586214102E-014  1.4270047059500430E-014  1.5066189948029590E-007  1.2991212401076915E-002  2.4183628528540627E-001  1.5543264141029044E-012  1.0984384381489691E-012  1.1597216243482480E-005
  8.8560000000000002E+001  2.5418973276528409E-012 -4.3808648339229968E-013  4.6302505008254412E-006  2.1171895584951840E-014  1.4631049237650788E-014  1.5375521180300837E-007  1.2991212401076915E-002  2.4183628528540627E-001  1.6297089856829697E-012  1.1262266204221341E-012  1.1835324298928694E-005
  8.8640000000000001E+001  2.5401644897002735E-012 -4.3927127734009131E-013  4.6178263347492287E-006  2.2145578834880943E-014  1.4984607856369943E-014  1.5684897420158486E-007  1.2991212401076915E-002  2.4183628528540627E-001  1.7046583606810500E-012  1.1534418338913380E-012  1.2073466999014093E-005
  8.8719999999999999E+001  2.5383540350392599E-012 -4.4048402064931887E-013  4.6051546649531876E-006  2.3110857786135567E-014  1.5328966978840920E-014  1.5994242099247706E-007  1.2991212401076915E-002  2.4183628528540627E-001  1.7789608138666183E-012  1.1799489151274562E-012  1.2311585405163451E-005
  8.8799999999999997E+001  2.5364667524544918E-012 -4.4172391205670586E-013  4.5922355473904324E-006  2.4064798765120062E-014  1.5662715401217739E-014  1.6303478276934746E-007  1.2991212401076915E-002  2.4183628528540627E-001  1.8523905253925903E-012  1.2056392365595749E-012  1.2549620292239046E-005
  8.8879999999999995E+001  2.5345036672368407E-012 -4.4299005511351371E-013  4.5790690997100920E-006  2.5004557549317473E-014  1.5984911669238963E-014  1.6612528667429457E-007  1.2991212401076915E-002  2.4183628528540627E-001  1.9247285609188677E-012  1.2304403296426563E-012  1.2787512169419888E-005
  8.8960000000000008E+001  2.5324660232466010E-012 -4.4428149792378409E-013  4.5656555015225452E-006  2.5927635230456840E-014  1.6295066446291263E-014  1.6921315667117989E-007  1.2991212401076915E-002  2.4183628528540627E-001  1.9957825667069801E-012  1.2543145276371975E-012  1.3025201301238949E-005
  8.9040000000000006E+001  2.5303552455999676E-012 -4.4559726574492031E-013  4.5519949946427032E-006  2.6832088410901339E-014  1.6593000627538369E-014  1.7229761382098769E-007  1.2991212401076915E-002  2.4183628528540627E-001  2.0654029495104276E-012  1.2772480439287622E-012  1.3262627728779350E-005
  8.9120000000000005E+001  2.5281728891008568E-012 -4.4693637802419023E-013  4.5380878833111872E-006  2.7716649567479750E-014  1.6878619855586549E-014  1.7537787655905895E-007  1.2991212401076915E-002  2.4183628528540627E-001  2.1334921415942303E-012  1.2992336153466078E-012  1.3499731291016379E-005
  8.9200000000000003E+001  2.5259205816691709E-012 -4.4829784492181416E-013  4.5239345343932538E-006  2.8580719745761048E-014  1.7151672532585780E-014  1.7845316097396103E-007  1.2991212401076915E-002  2.4183628528540627E-001  2.2000040383753217E-012  1.3202518751186110E-012  1.3736451646281152E-005
  8.9280000000000001E+001  2.5235999739415350E-012 -4.4968064562940396E-013  4.5095353775553534E-006  2.9424249407534632E-014  1.7411554947513906E-014  1.8152268108744798E-007  1.2991212401076915E-002  2.4183628528540627E-001  2.2649348266443887E-012  1.3402563525226168E-012  1.3972728293811685E-005
  8.9359999999999999E+001  2.5212127017639653E-012 -4.5108369371341639E-013  4.4948909054192621E-006  3.0247540435894104E-014  1.7657222664069818E-014  1.8458564913507193E-007  1.2991212401076915E-002  2.4183628528540627E-001  2.3283077438857383E-012  1.3591666519597535E-012  1.4208500595353705E-005
  8.9439999999999998E+001  2.5187603674717920E-012 -4.5250580125565513E-013  4.4800016736937419E-006  3.1051027522735715E-014  1.7887238915775061E-014  1.8764127584696923E-007  1.2991212401076915E-002  2.4183628528540627E-001  2.3901562505560789E-012  1.3768721781727086E-012  1.4443707796772753E-005
  8.9519999999999996E+001  2.5162445373603276E-012 -4.5394565193994040E-013  4.4648683012837471E-006  3.1835097801884443E-014  1.8099950490147884E-014  1.9068877072826014E-007  1.2991212401076915E-002  2.4183628528540627E-001  2.4505101463235605E-012  1.3932456749493076E-012  1.4678289049639066E-005
  8.9600000000000009E+001  2.5136667518234905E-012 -4.5540179333407879E-013  4.4494914703772203E-006  3.2599993768690302E-014  1.8293757099733970E-014  1.9372734233864379E-007  1.2991212401076915E-002  2.4183628528540627E-001  2.5093880972946523E-012  1.4081639599871166E-012  1.4912183432747938E-005
  8.9680000000000007E+001  2.5110285383573372E-012 -4.5687265307589783E-013  4.4338719265095640E-006  3.3345827226117277E-014  1.8467406934859491E-014  1.9675619857062206E-007  1.2991212401076915E-002  2.4183628528540627E-001  2.5667987095148376E-012  1.4215306750991452E-012  1.5145329973537740E-005
  8.9760000000000005E+001  2.5083314194673117E-012 -4.5835657844365631E-013  4.4180104786059208E-006  3.4072683895441545E-014  1.8620243806676629E-014  1.9977454692597109E-007  1.2991212401076915E-002  2.4183628528540627E-001  2.6227485813883436E-012  1.4332953100769164E-012  1.5377667669371208E-005
  8.9840000000000003E+001  2.5055769089340665E-012 -4.5985189208496609E-013  4.4019079990014087E-006  3.4780793393011923E-014  1.8752341168073414E-014  2.0278159479008473E-007  1.2991212401076915E-002  2.4183628528540627E-001  2.6772553876592977E-012  1.4434635189644872E-012  1.5609135508651957E-005
  8.9920000000000002E+001  2.5027664925244298E-012 -4.6135695303054805E-013  4.3855654234395072E-006  3.5470701826745432E-014  1.8864489642096780E-014  2.0577654970391970E-007  1.2991212401076915E-002  2.4183628528540627E-001  2.7303611650444479E-012  1.4520961600576588E-012  1.5839672491757826E-005
  9.0000000000000000E+001  2.4999015966417873E-012 -4.6287021042770158E-013  4.3689837510487815E-006  3.6143390503525037E-014  1.8958036676385448E-014  2.0875861963347386E-007  1.2991212401076915E-002  2.4183628528540627E-001  2.7821414497485287E-012  1.4592969532862116E-012  1.6069217651785021E-005
  9.0079999999999998E+001  2.4969835500438658E-012 -4.6439023889876973E-013  4.3521640442981514E-006  3.6800303576287889E-014  1.9034619966073727E-014  2.1172701323687686E-007  1.2991212401076915E-002  2.4183628528540627E-001  2.8327074056025420E-012  1.4651919604128491E-012  1.6297710075106420E-005
  9.0159999999999997E+001  2.4940135480695812E-012 -4.6591574962227337E-013  4.3351074289308812E-006  3.7443255555655437E-014  1.9095866137754490E-014  2.1468094012916208E-007  1.2991212401076915E-002  2.4183628528540627E-001  2.8821987047606191E-012  1.4699063911980679E-012  1.6525088921751749E-005
  9.0239999999999995E+001  2.4909926291549609E-012 -4.6744557748081044E-013  4.3178150938774855E-006  3.8074230906855833E-014  1.9143127007273909E-014  2.1761961114476209E-007  1.2991212401076915E-002  2.4183628528540627E-001  2.9307681016514327E-012  1.4735443018148662E-012  1.6751293445615442E-005
  9.0320000000000007E+001  2.4879216711244843E-012 -4.6897864994343720E-013  4.3002882911477193E-006  3.8695110777772233E-014  1.9177319288542736E-014  2.2054223859781251E-007  1.2991212401076915E-002  2.4183628528540627E-001  2.9785603978397863E-012  1.4761762564172049E-012  1.6976263014491905E-005
  9.0400000000000006E+001  2.4848014114305173E-012 -4.7051394856697728E-013  4.2825283357018355E-006  3.9307389545033385E-014  1.9198900223838214E-014  2.2344803654008941E-007  1.2991212401076915E-002  2.4183628528540627E-001  3.0256906231305005E-012  1.4778374512795089E-012  1.7199937129929673E-005
  9.0480000000000004E+001  2.4816324887972789E-012 -4.7205047397925131E-013  4.2645366053013050E-006  3.9911948905687198E-014  1.9207973445854067E-014  2.2633622101636854E-007  1.2991212401076915E-002  2.4183628528540627E-001  3.0722266462505456E-012  1.4785358635397290E-012  1.7422255446889610E-005
  9.0560000000000002E+001  2.4784154996056074E-012 -4.7358722431831393E-013  4.2463145403392165E-006  4.0508940118455566E-014  1.9204494285910778E-014  2.2920601031707943E-007  1.2991212401076915E-002  2.4183628528540627E-001  3.1181801103567019E-012  1.4782680548213367E-012  1.7643157793192443E-005
  9.0640000000000001E+001  2.4751510583783260E-012 -4.7512319306499704E-013  4.2278636436505723E-006  4.1097808944799988E-014  1.9188507816982233E-014  2.3205662522811123E-007  1.2991212401076915E-002  2.4183628528540627E-001  3.1635083528765173E-012  1.4770374946214787E-012  1.7862584188745636E-005
  9.0719999999999999E+001  2.4718398501744394E-012 -4.7665738556903109E-013  4.2091854803027187E-006  4.1677447009753619E-014  1.9160353924285954E-014  2.3488728927767521E-007  1.2991212401076915E-002  2.4183628528540627E-001  3.2081260565255524E-012  1.4748703456420787E-012  1.8080474864547857E-005
  9.0799999999999997E+001  2.4684826668567655E-012 -4.7818884969288279E-013  4.1902816773661442E-006  4.2246418417897586E-014  1.9120779367257883E-014  2.3769722898043023E-007  1.2991212401076915E-002  2.4183628528540627E-001  3.2519226930963685E-012  1.4718240897725945E-012  1.8296770281480828E-005
  9.0879999999999995E+001  2.4650804232275758E-012 -4.7971671026779235E-013  4.1711539236658499E-006  4.2803205012652422E-014  1.9070907003735145E-014  2.4048567407915182E-007  1.2991212401076915E-002  2.4183628528540627E-001  3.2947814023195936E-012  1.4679851591183105E-012  1.8511411148909660E-005
  9.0960000000000008E+001  2.4616341540547411E-012 -4.8124019481348041E-013  4.1518039695134799E-006  4.3346399746581177E-014  1.9012077184290439E-014  2.4325185778426254E-007  1.2991212401076915E-002  2.4183628528540627E-001  3.3365938765643438E-012  1.4634567273116564E-012  1.8724338443123003E-005
  9.1040000000000006E+001  2.4581449992681228E-012 -4.8275864261727882E-013  4.1322336264203679E-006  4.3874795557982998E-014  1.8945590684016605E-014  2.4599501701182170E-007  1.2991212401076915E-002  2.4183628528540627E-001  3.3772672021238143E-012  1.4583389216580474E-012  1.8935493425650691E-005
  9.1120000000000005E+001  2.4546141867654638E-012 -4.8427148932292307E-013  4.1124447667915885E-006  4.4387357342978183E-014  1.8872409766737902E-014  2.4871439262038764E-007  1.2991212401076915E-002  2.4183628528540627E-001  3.4167217017633841E-012  1.4527058125208804E-012  1.9144817661496394E-005
  9.1200000000000003E+001  2.4510430220932463E-012 -4.8577822817995689E-013  4.0924393236011058E-006  4.4883090690979643E-014  1.8792911335923404E-014  2.5140922964715451E-007  1.2991212401076915E-002  2.4183628528540627E-001  3.4548808306189361E-012  1.4465864120861671E-012  1.9352253037315883E-005
  9.1280000000000001E+001  2.4474328922549070E-012 -4.8727835513667082E-013  4.0722192900480438E-006  4.5360853108475884E-014  1.8706748729988035E-014  2.5407877754364991E-007  1.2991212401076915E-002  2.4183628528540627E-001  3.4916566451270469E-012  1.4399540360403104E-012  1.9557741779557774E-005
  9.1359999999999999E+001  2.4437852855958901E-012 -4.8877130797675497E-013  4.0517867191941218E-006  4.5819169203208769E-014  1.8612860722929803E-014  2.5672229041087639E-007  1.2991212401076915E-002  2.4183628528540627E-001  3.5269355768067242E-012  1.4327269963953714E-012  1.9761226472564795E-005
  9.1439999999999998E+001  2.4401018251823936E-012 -4.9025641285233958E-013  4.0311437235823035E-006  4.6256112266036552E-014  1.8509631750175607E-014  2.5933902723369089E-007  1.2991212401076915E-002  2.4183628528540627E-001  3.5605693170103421E-012  1.4247809348911156E-012  1.9962650076615622E-005
  9.1519999999999996E+001  2.4363843076333243E-012 -4.9173284905678307E-013  4.0102924748367313E-006  4.6669295635201604E-014  1.8395159474503845E-014  2.6192825211402459E-007  1.2991212401076915E-002  2.4183628528540627E-001  3.5923741521872436E-012  1.4159694189110764E-012  2.0161955945875852E-005
  9.1600000000000009E+001  2.4326347378807614E-012 -4.9319963836826020E-013  3.9892352032440596E-006  4.7055989049956541E-014  1.8267557591577684E-014  2.6448923450250408E-007  1.2991212401076915E-002  2.4183628528540627E-001  3.6221399202168743E-012  1.4061472499720659E-012  2.0359087846225939E-005
  9.1680000000000007E+001  2.4288553493853312E-012 -4.9465565827143550E-013  3.9679741973163307E-006  4.7413346086077410E-014  1.8125226527065495E-014  2.6702124942812438E-007  1.2991212401076915E-002  2.4183628528540627E-001  3.6496475172822741E-012  1.3951913006644047E-012  2.0553989972943971E-005
  9.1760000000000005E+001  2.4250486025069890E-012 -4.9609967461259068E-013  3.9465118033355597E-006  4.7738693049495363E-014  1.7967028565827994E-014  2.6952357772609019E-007  1.2991212401076915E-002  2.4183628528540627E-001  3.6746911354890854E-012  1.3830139952402560E-012  2.0746606968241846E-005
  9.1840000000000003E+001  2.4212171584974120E-012 -4.9753038284196798E-013  3.9248504248801562E-006  4.8029815740985871E-014  1.7792324052577949E-014  2.7199550626404781E-007  1.2991212401076915E-002  2.4183628528540627E-001  3.6971003366094127E-012  1.3695660961637928E-012  2.0936883938677026E-005
  9.1920000000000002E+001  2.4173638319884313E-012 -4.9894644646100315E-013  3.9029925223333120E-006  4.8285174746816121E-014  1.7600882682354713E-014  2.7443632816715765E-007  1.2991212401076915E-002  2.4183628528540627E-001  3.7167566241019893E-012  1.3548298756854483E-012  2.1124766472481390E-005
  9.2000000000000000E+001  2.4134915305379214E-012 -5.0034652407114473E-013  3.8809406123734110E-006  4.8503995317330787E-014  1.7392700802161790E-014  2.7684534304284387E-007  1.2991212401076915E-002  2.4183628528540627E-001  3.7336003615267065E-012  1.3388050526153815E-012  2.1310200656860472E-005
  9.2079999999999998E+001  2.4096031927376583E-012 -5.0172927858934904E-013  3.8586972674464570E-006  4.8686216981012571E-014  1.7167773124608476E-014  2.7922185720584044E-007  1.2991212401076915E-002  2.4183628528540627E-001  3.7476268940823928E-012  1.3214912199561434E-012  2.1493133095314208E-005
  9.2159999999999997E+001  2.4057017358209594E-012 -5.0309336777108209E-013  3.8362651152204765E-006  4.8832318688277534E-014  1.6925901402685733E-014  2.8156518390395716E-007  1.2991212401076915E-002  2.4183628528540627E-001  3.7588730890299161E-012  1.3028731176223897E-012  2.1673510925017189E-005
  9.2239999999999995E+001  2.4017900217475339E-012 -5.0443742281377875E-013  3.8136468380218239E-006  4.8943077442408934E-014  1.6666601417105464E-014  2.8387464354487540E-007  1.2991212401076915E-002  2.4183628528540627E-001  3.7673987562817319E-012  1.2829134727813290E-012  2.1851281834276404E-005
  9.2320000000000007E+001  2.3978708434301740E-012 -5.0576002399781896E-013  3.7908451722532965E-006  4.9019328719801772E-014  1.6389129614488029E-014  2.8614956392387822E-007  1.2991212401076915E-002  2.4183628528540627E-001  3.7732682067252659E-012  1.2615550503300032E-012  2.2026394080059840E-005
  9.2400000000000006E+001  2.3939469291523656E-012 -5.0705968355209684E-013  3.7678629077940034E-006  4.9061794520103454E-014  1.6092635422207971E-014  2.8838928045211245E-007  1.2991212401076915E-002  2.4183628528540627E-001  3.7765370163631009E-012  1.2387323773471535E-012  2.2198796505567780E-005
  9.2480000000000004E+001  2.3900209563069574E-012 -5.0833484566537224E-013  3.7447028873809585E-006  4.9071023705001796E-014  1.5776404026750085E-014  2.9059313638483502E-007  1.2991212401076915E-002  2.4183628528540627E-001  3.7772474338835494E-012  1.2143904309841217E-012  2.2368438557801352E-005
  9.2560000000000002E+001  2.3860955653595654E-012 -5.0958390819637685E-013  3.7213680059724298E-006  4.9047450342483591E-014  1.5440119074014331E-014  2.9276048304884128E-007  1.2991212401076915E-002  2.4183628528540627E-001  3.7754328717171777E-012  1.1885048598492963E-012  2.2535270305069703E-005
  9.2640000000000001E+001  2.3821733642521600E-012 -5.1080526471721453E-013  3.6978612100931439E-006  4.8991551545247158E-014  1.5084073338338948E-014  2.9489068006824957E-007  1.2991212401076915E-002  2.4183628528540627E-001  3.7711300556665878E-012  1.1610982002794628E-012  2.2699242454369099E-005
  9.2719999999999999E+001  2.3782569171123258E-012 -5.1199735993051108E-013  3.6741854971615098E-006  4.8904044550358166E-014  1.4709267305684163E-014  2.9698309558771027E-007  1.2991212401076915E-002  2.4183628528540627E-001  3.7643941951334835E-012  1.1322474647912750E-012  2.2860306368564454E-005
  9.2799999999999997E+001  2.3743487171241027E-012 -5.1315874748612400E-013  3.6503439147991102E-006  4.8786063136563329E-014  1.4317365808089040E-014  2.9903710649214736E-007  1.2991212401076915E-002  2.4183628528540627E-001  3.7553125628613115E-012  1.1020808040135055E-012  2.3018414083304435E-005
  9.2879999999999995E+001  2.3704511470104757E-012 -5.1428813845980533E-013  3.6263395601227663E-006  4.8639258388709863E-014  1.3910524142838420E-014  3.0105209862223829E-007  1.2991212401076915E-002  2.4183628528540627E-001  3.7440122512874848E-012  1.0707641221911484E-012  2.3173518323607867E-005
  9.2960000000000008E+001  2.3665664357819092E-012 -5.1538443134897814E-013  3.6021755790195521E-006  4.8465783036811787E-014  1.3491129949820658E-014  3.0302746698497840E-007  1.2991212401076915E-002  2.4183628528540627E-001  3.7306589670410737E-012  1.0384812081666786E-012  2.3325572520072035E-005
  9.3040000000000006E+001  2.3626966217245858E-012 -5.1644671925177663E-013  3.5778551654051697E-006  4.8268158185305468E-014  1.3061525812383772E-014  3.0496261595892500E-007  1.2991212401076915E-002  2.4183628528540627E-001  3.7154467724125892E-012  1.0054123825503273E-012  2.3474530824670880E-005
  9.3120000000000005E+001  2.3588435304722603E-012 -5.1747427547895955E-013  3.5533815604661241E-006  4.8049045009476425E-014  1.2623778168695761E-014  3.0685695949391181E-007  1.2991212401076915E-002  2.4183628528540627E-001  3.6985805116615128E-012  9.7171670964671070E-013  2.3620348126128308E-005
  9.3200000000000003E+001  2.3550087745230696E-012 -5.1846652375876796E-013  3.5287580518861438E-006  4.7810972341131957E-014  1.2179541459380267E-014  3.0870992130521011E-007  1.2991212401076915E-002  2.4183628528540627E-001  3.6802548418937525E-012  9.3752154020440977E-013  2.3762980064864460E-005
  9.3280000000000001E+001  2.3511937748976792E-012 -5.1942300211246039E-013  3.5039879730572905E-006  4.7556086873387275E-014  1.1730044262432297E-014  3.1052093506223708E-007  1.2991212401076915E-002  2.4183628528540627E-001  3.6606350050473204E-012  9.0292144414943693E-013  2.3902383047520412E-005
  9.3359999999999999E+001  2.3473998006233276E-012 -5.2034333084075712E-013  3.4790747022761859E-006  4.7285982877397880E-014  1.1276179593191408E-014  3.1228944457182728E-007  1.2991212401076915E-002  2.4183628528540627E-001  3.6398437203197379E-012  8.6798516143548081E-013  2.4038514261066198E-005
  9.3439999999999998E+001  2.3436280176372955E-012 -5.2122719084737101E-013  3.4540216619257981E-006  4.7001647165235627E-014  1.0818664449665596E-014  3.1401490395608043E-007  1.2991212401076915E-002  2.4183628528540627E-001  3.6179569476781674E-012  8.3276788306292563E-013  2.4171331686490800E-005
  9.3519999999999996E+001  2.3398795370768899E-012 -5.2207431715270362E-013  3.4288323176432130E-006  4.6703526130393408E-014  1.0358209190303347E-014  3.1569677782466647E-007  1.2991212401076915E-002  2.4183628528540627E-001  3.5950090483103882E-012  7.9732428895129821E-013  2.4300794112064485E-005
  9.3600000000000009E+001  2.3361554534564326E-012 -5.2288450431781955E-013  3.4035101774738515E-006  4.6391692101942327E-014  9.8956385117071884E-015  3.1733454144132042E-007  1.2991212401076915E-002  2.4183628528540627E-001  3.5710055897551783E-012  7.6171786021196086E-013  2.4426861146155713E-005
  9.3680000000000007E+001  2.3324568663405791E-012 -5.2365761931457677E-013  3.3780587910126017E-006  4.6066051430528864E-014  9.4319260015989873E-015  3.1892768088425990E-007  1.2991212401076915E-002  2.4183628528540627E-001  3.5459393633430321E-012  7.2602353886670189E-013  2.4549493229579078E-005
  9.3760000000000005E+001  2.3287848852275479E-012 -5.2439361247807539E-013  3.3524817485323699E-006  4.5726530782729453E-014  8.9681219186425746E-015  3.2047569320017036E-007  1.2991212401076915E-002  2.4183628528540627E-001  3.5198047242255335E-012  6.9032216869144645E-013  2.4668651647447854E-005
  9.3840000000000003E+001  2.3251406214153424E-012 -5.2509251882155958E-013  3.3267826801005745E-006  4.5373192135722969E-014  8.5051994606132505E-015  3.2197808655136654E-007  1.2991212401076915E-002  2.4183628528540627E-001  3.4926064431030581E-012  6.5468866169164506E-013  2.4784298540502254E-005
  9.3920000000000002E+001  2.3215251744858323E-012 -5.2575444439177351E-013  3.3009652546841513E-006  4.5006246758586831E-014  8.0438561819499439E-015  3.2343438035579633E-007  1.2991212401076915E-002  2.4183628528540627E-001  3.4643607824359753E-012  6.1917671219685518E-013  2.4896396915886385E-005
  9.4000000000000000E+001  2.3179396219339685E-012 -5.2637953581067157E-013  3.2750331792436471E-006  4.4625972289131911E-014  7.5843326715625207E-015  3.2484410541961743E-007  1.2991212401076915E-002  2.4183628528540627E-001  3.4350891134252140E-012  5.8380483956477404E-013  2.5004910657352318E-005
  9.4079999999999998E+001  2.3143850189195712E-012 -5.2696793761922351E-013  3.2489901978170125E-006  4.4232565672675442E-014  7.1263068811882133E-015  3.2620680406215311E-007  1.2991212401076915E-002  2.4183628528540627E-001  3.4048065959577670E-012  5.4854825409498450E-013  2.5109804534880004E-005
  9.4159999999999997E+001  2.3108624114263405E-012 -5.2751974491166169E-013  3.2228400905937026E-006  4.3825971259760714E-014  6.6688914520896869E-015  3.2752203023332022E-007  1.2991212401076915E-002  2.4183628528540627E-001  3.3735089464110851E-012  5.1333865125139819E-013  2.5211044213715639E-005
  9.4239999999999995E+001  2.3073728635180095E-012 -5.2803496025155786E-013  3.1965866729796812E-006  4.3405741672244965E-014  6.2107416927441411E-015  3.2878934962372747E-007  1.2991212401076915E-002  2.4183628528540627E-001  3.3411617278036253E-012  4.7807252325649880E-013  2.5308596262845605E-005
  9.4320000000000007E+001  2.3039174927587813E-012 -5.2851346358250075E-013  3.1702337946539062E-006  4.2970973153469860E-014  5.7502452622421549E-015  3.3000833976780179E-007  1.2991212401076915E-002  2.4183628528540627E-001  3.3076953733671147E-012  4.4262575999180449E-013  2.5402428162936002E-005
  9.4400000000000006E+001  2.3004975078134543E-012 -5.2895499949351661E-013  3.1437853386168329E-006  4.2520332127014502E-014  5.2857388030468640E-015  3.3117859014046649E-007  1.2991212401076915E-002  2.4183628528540627E-001  3.2730072309101344E-012  4.0687032432844793E-013  2.5492508313774657E-005
  9.4480000000000004E+001  2.2971142396184589E-012 -5.2935918179098825E-013  3.1172452202314315E-006  4.2052177577569763E-014  4.8156991329346713E-015  3.3229970224786911E-007  1.2991212401076915E-002  2.4183628528540627E-001  3.2369709830994353E-012  3.7068896914769911E-013  2.5578806041253269E-005
  9.4560000000000002E+001  2.2937691594010431E-012 -5.2972551135478615E-013  3.0906173862571739E-006  4.1564744847029697E-014  4.3388735506974410E-015  3.3337128971253999E-007  1.2991212401076915E-002  2.4183628528540627E-001  3.1994507951839704E-012  3.3398526763658583E-013  2.5661291603923426E-005
  9.4640000000000001E+001  2.2904638804429342E-012 -5.3005340155909984E-013  3.0639058138774251E-006  4.1056351653355060E-014  3.8543160518050729E-015  3.3439297835338921E-007  1.2991212401076915E-002  2.4183628528540627E-001  3.1603171733189032E-012  2.9668640099253531E-013  2.5739936199154823E-005
  9.4719999999999999E+001  2.2872001431365063E-012 -5.3034220192307496E-013  3.0371145097206316E-006  4.0525578297168377E-014  3.3613385252252030E-015  3.3536440626085433E-007  1.2991212401076915E-002  2.4183628528540627E-001  3.1194608359887481E-012  2.5873940179335218E-013  2.5814711968919273E-005
  9.4799999999999997E+001  2.2839797879153872E-012 -5.3059121572313587E-013  3.0102475088756885E-006  3.9971381632780323E-014  2.8594181608416363E-015  3.3628522386746353E-007  1.2991212401076915E-002  2.4183628528540627E-001  3.0768014869396768E-012  2.2010402667299267E-013  2.5885592005222287E-005
  9.4879999999999995E+001  2.2808047220752615E-012 -5.3079970882880963E-013  2.9833088739018374E-006  3.9393122762892339E-014  2.3480910061312609E-015  3.3715509401410530E-007  1.2991212401076915E-002  2.4183628528540627E-001  3.0322899469820018E-012  1.8074456283508567E-013  2.5952550355204296E-005
  9.4960000000000008E+001  2.2776768882733245E-012 -5.3096691028411687E-013  2.9563026938334316E-006  3.8790508963504979E-014  1.8268782028819713E-015  3.3797369201231189E-007  1.2991212401076915E-002  2.4183628528540627E-001  2.9859036836539568E-012  1.4062415011627210E-013  2.6015562025935049E-005
  9.5040000000000006E+001  2.2745982406411007E-012 -5.3109200934127074E-013  2.9292330831798675E-006  3.8163478127932391E-014  1.2952785613470931E-015  3.3874070570289779E-007  1.2991212401076915E-002  2.4183628528540627E-001  2.9376379162865287E-012  9.9704209380765122E-014  2.6074602988926431E-005
  9.5120000000000005E+001  2.2715707317728553E-012 -5.3117415485393241E-013  2.9021041809209680E-006  3.7512071105058320E-014  7.5283453850720461E-016  3.3945583551122862E-007  1.2991212401076915E-002  2.4183628528540627E-001  2.8874957892266405E-012  5.7949521204415557E-014  2.6129650184388422E-005
  9.5200000000000003E+001  2.2685963092642913E-012 -5.3121246286743189E-013  2.8749201494980710E-006  3.6836328190523845E-014  1.9926131236803162E-016  3.4011879449948042E-007  1.2991212401076915E-002  2.4183628528540627E-001  2.8354804042361629E-012  1.5338161382953565E-014  2.6180681525250538E-005
  9.5280000000000001E+001  2.2656769192623715E-012 -5.3120603666391129E-013  2.8476851738010511E-006  3.6136241719685730E-014 -3.6540339351916388E-016  3.4072930841603493E-007  1.2991212401076915E-002  2.4183628528540627E-001  2.7815911713284138E-012 -2.8126966309113476E-014  2.6227675900964377E-005
  9.5359999999999999E+001  2.2628145105891416E-012 -5.3115399832446883E-013  2.8204034601515054E-006  3.5411781126185710E-014 -9.4067406925513270E-016  3.4128711574210343E-007  1.2991212401076915E-002  2.4183628528540627E-001  2.7258257376541729E-012 -7.2408489693950543E-014  2.6270613181092515E-005
  9.5439999999999998E+001  2.2600110342821818E-012 -5.3105552881283047E-013  2.7930792352823145E-006  3.4662969764683810E-014 -1.5255524586278144E-015  3.4179196773547864E-007  1.2991212401076915E-002  2.4183628528540627E-001  2.6681859009411092E-012 -1.1742956789013108E-013  2.6309474218676034E-005
  9.5519999999999996E+001  2.2572684354267922E-012 -5.3090990993108838E-013  2.7657167453138288E-006  3.3889991155826462E-014 -2.1185561968615667E-015  3.4224362847108643E-007  1.2991212401076915E-002  2.4183628528540627E-001  2.6086857877110787E-012 -1.6307609570647071E-013  2.6344240853356960E-005
  9.5600000000000009E+001  2.2545886356972495E-012 -5.3071655982133262E-013  2.7383202547269407E-006  3.3093296260977226E-014 -2.7178342223692477E-015  3.4264187487790589E-007  1.2991212401076915E-002  2.4183628528540627E-001  2.5473601107646492E-012 -2.0920558747416179E-013  2.6374895914218591E-005
  9.5680000000000007E+001  2.2519735080250358E-012 -5.3047505645550930E-013  2.7108940453333639E-006  3.2273674386483940E-014 -3.3213359907157173E-015  3.4298649677160389E-007  1.2991212401076915E-002  2.4183628528540627E-001  2.4842696270447962E-012 -2.5566020231035060E-013  2.6401423222298526E-005
  9.5760000000000005E+001  2.2494248477954121E-012 -5.3018514606281811E-013  2.6834424152434841E-006  3.1432274738847306E-014 -3.9269958599347045E-015  3.4327729688230454E-007  1.2991212401076915E-002  2.4183628528540627E-001  2.4195027968477067E-012 -3.0228093719796037E-013  2.6423807592726838E-005
  9.5840000000000003E+001  2.2469443440668203E-012 -5.2984673711791975E-013  2.6559696778321951E-006  3.0570576125704430E-014 -4.5328776020949811E-015  3.4351409087699848E-007  1.2991212401076915E-002  2.4183628528540627E-001  2.3531734515533221E-012 -3.4891875077951405E-013  2.6442034836450082E-005
  9.5920000000000002E+001  2.2445335556152994E-012 -5.2945988564648291E-013  2.6284801607031643E-006  2.9690311374522757E-014 -5.1372453753830350E-015  3.4369670737622684E-007  1.2991212401076915E-002  2.4183628528540627E-001  2.2854149757462858E-012 -3.9544002644106434E-013  2.6456091761515350E-005
  9.6000000000000000E+001  2.2421938942468966E-012 -5.2902477785785846E-013  2.6009782046519988E-006  2.8793370003254608E-014 -5.7385563782050769E-015  3.4382498796493115E-007  1.2991212401076915E-002  2.4183628528540627E-001  2.2163728152785427E-012 -4.4172600686060509E-013  2.6465966173905924E-005
  9.6079999999999998E+001  2.2399266164147787E-012 -5.2854171662597010E-013  2.5734681626287754E-006  2.7881698165009015E-014 -6.3353866424843553E-015  3.4389878719759378E-007  1.2991212401076915E-002  2.4183628528540627E-001  2.1461967754986615E-012 -4.8766708193912022E-013  2.6471646877937668E-005
  9.6159999999999997E+001  2.2377328225404952E-012 -5.2801111599506096E-013  2.5459543987003838E-006  2.6957217018090924E-014 -6.9263279788459125E-015  3.4391797259800238E-007  1.2991212401076915E-002  2.4183628528540627E-001  2.0750347377782233E-012 -5.3315485614503842E-013  2.6473123676239455E-005
  9.6240000000000009E+001  2.2356134616918841E-012 -5.2743350414935475E-013  2.5184412870130950E-006  2.6021782109274799E-014 -7.5098990995036173E-015  3.4388242465403796E-007  1.2991212401076915E-002  2.4183628528540627E-001  2.0030295330341548E-012 -5.7807530718848590E-013  2.6470387369352265E-005
  9.6320000000000007E+001  2.2335693374030112E-012 -5.2680953213914038E-013  2.4909332107557378E-006  2.5077176002486372E-014 -8.0845136860315266E-015  3.4379203680802931E-007  1.2991212401076915E-002  2.4183628528540627E-001  1.9303183743195544E-012 -6.2230632803457226E-013  2.6463429754988060E-005
  9.6400000000000006E+001  2.2316011135314863E-012 -5.2613998195958971E-013  2.4634345611238103E-006  2.4125123006444471E-014 -8.6485215443326048E-015  3.4364671544328255E-007  1.2991212401076915E-002  2.4183628528540627E-001  1.8570339904875681E-012 -6.6572089481163272E-013  2.6452243626991797E-005
  9.6480000000000004E+001  2.2297093177219801E-012 -5.2542576869204717E-013  2.4359497362848125E-006  2.3167317543893985E-014 -9.2003191055158390E-015  3.4344637986730188E-007  1.2991212401076915E-002  2.4183628528540627E-001  1.7833068099151104E-012 -7.0819557262824399E-013  2.6436822774049388E-005
  9.6560000000000002E+001  2.2278943427244632E-012 -5.2466793090270717E-013  2.4084831403450420E-006  2.2205445448936848E-014 -9.7385100097346901E-015  3.4319096229215700E-007  1.2991212401076915E-002  2.4183628528540627E-001  1.7092665998667434E-012 -7.4962287653207606E-013  2.6417161978177471E-005
  9.6640000000000001E+001  2.2261564464501502E-012 -5.2386760709048962E-013  2.3810391823180674E-006  2.1241181877593193E-014 -1.0262069389587552E-014  3.4288040781233054E-007  1.2991212401076915E-002  2.4183628528540627E-001  1.6350423056613152E-012 -7.8992391724247552E-013  2.6393257013018188E-005
  9.6719999999999999E+001  2.2244957536240483E-012 -5.2302599980037316E-013  2.3536222750950691E-006  2.0276162810530586E-014 -1.0770463359114462E-014  3.4251467438013820E-007  1.2991212401076915E-002  2.4183628528540627E-001  1.5607598570900314E-012 -8.2905759882901258E-013  2.6365104641945966E-005
  9.6799999999999997E+001  2.2229122604004653E-012 -5.2214433295303130E-013  2.3262368344172453E-006  1.9311941626995678E-014 -1.1263692255314275E-014  3.4209373277849665E-007  1.2991212401076915E-002  2.4183628528540627E-001  1.4865388256906522E-012 -8.6702394723222806E-013  2.6332702615972806E-005
  9.6879999999999995E+001  2.2214058429637290E-012 -5.2122380903952288E-013  2.2988872778505096E-006  1.8349939706011108E-014 -1.1742239305256571E-014  3.4161756659069242E-007  1.2991212401076915E-002  2.4183628528540627E-001  1.4124886222697718E-012 -9.0386015890889376E-013  2.6296049671420592E-005
  9.6960000000000008E+001  2.2199762700475035E-012 -5.2026557466419025E-013  2.2715780237627345E-006  1.7391405871733086E-014 -1.2206927405910446E-014  3.4108617216658791E-007  1.2991212401076915E-002  2.4183628528540627E-001  1.3387053752036757E-012 -9.3962957644346679E-013  2.6255145527319215E-005
  9.7040000000000006E+001  2.2186232180242517E-012 -5.1927070065457721E-013  2.2443134903038556E-006  1.6437399027035764E-014 -1.2658729238467213E-014  3.4049955858471134E-007  1.2991212401076915E-002  2.4183628528540627E-001  1.2652705936572167E-012 -9.7440707207727889E-013  2.6209990882489398E-005
  9.7120000000000005E+001  2.2173462862031778E-012 -5.1824017798603550E-013  2.2170980943891807E-006  1.5488789599842893E-014 -1.3098575921853009E-014  3.3985774760988400E-007  1.2991212401076915E-002  2.4183628528540627E-001  1.1922512789153165E-012 -1.0082643187919068E-012  2.6160587412281059E-005
  9.7200000000000003E+001  2.2161450116882769E-012 -5.1717492850708073E-013  2.1899362506862741E-006  1.4546275747123468E-014 -1.3527211675228405E-014  3.3916077364628929E-007  1.2991212401076915E-002  2.4183628528540627E-001  1.1197011716872919E-012 -1.0412586029389389E-012  2.6106937764960022E-005
  9.7280000000000001E+001  2.2150188820836381E-012 -5.1607582411799895E-013  2.1628323706057744E-006  1.3610406087071079E-014 -1.3945138323735349E-014  3.3840868368620337E-007  1.2991212401076915E-002  2.4183628528540627E-001  1.0476625019188119E-012 -1.0734285525637269E-012  2.6049045557761262E-005
  9.7359999999999999E+001  2.2139673467143455E-012 -5.1494370637528307E-013  2.1357908612964816E-006  1.2681594932530531E-014 -1.4352654846069652E-014  3.3760153725487721E-007  1.2991212401076915E-002  2.4183628528540627E-001  9.7616716138666321E-013 -1.1047971815840740E-012  2.5986915372647552E-005
  9.7439999999999998E+001  2.2129898268944332E-012 -5.1377939934262781E-013  2.1088161246449941E-006  1.1760124930655177E-014 -1.4749970966119547E-014  3.3673940635226861E-007  1.2991212401076915E-002  2.4183628528540627E-001  9.0523690688626933E-013 -1.1353806335193558E-012  2.5920552751824176E-005
  9.7519999999999996E+001  2.2120857267254407E-012 -5.1258371102070394E-013  2.0819125562801186E-006  1.0846136071954049E-014 -1.5137354561893009E-014  3.3582237539226497E-007  1.2991212401076915E-002  2.4183628528540627E-001  8.3488251420263336E-013 -1.1651995283087453E-012  2.5849964193059225E-005
  9.7600000000000009E+001  2.2112544451229205E-012 -5.1135742261272493E-013  2.0550845445822317E-006  9.9396071754335851E-015 -1.5515255012922143E-014  3.3485054113979899E-007  1.2991212401076915E-002  2.4183628528540627E-001  7.6510235292658286E-013 -1.1942884569908827E-012  2.5775157144843704E-005
  9.7680000000000007E+001  2.2104953895773713E-012 -5.1010127021863640E-013  2.0283364696977508E-006  9.0403376697856090E-015 -1.5884362732370829E-014  3.3382401264606660E-007  1.2991212401076915E-002  2.4183628528540627E-001  6.9588098405933722E-013 -1.2227005641947850E-012  2.5696140001405474E-005
  9.7760000000000005E+001  2.2098079910957548E-012 -5.0881592457554559E-013  2.0016727025588610E-006  8.1479479138112653E-015 -1.6245578138210230E-014  3.3274291118170394E-007  1.2991212401076915E-002  2.4183628528540627E-001  6.2718918467810728E-013 -1.2505051596926549E-012  2.5612922097565107E-005
  9.7840000000000003E+001  2.2091917179111615E-012 -5.0750197771652276E-013  1.9750976039086781E-006  7.2619018503579934E-015 -1.6599885063639001E-014  3.3160737016749481E-007  1.2991212401076915E-002  2.4183628528540627E-001  5.5898569172470609E-013 -1.2777779741529332E-012  2.5525513703401957E-005
  9.7920000000000002E+001  2.2086460867996976E-012 -5.0615994296536335E-013  1.9486155233320619E-006  6.3815595025288045E-015 -1.6948173783400511E-014  3.3041753510203933E-007  1.2991212401076915E-002  2.4183628528540627E-001  4.9122124290735692E-013 -1.3045875365716747E-012  2.5433926018686927E-005
  9.8000000000000000E+001  2.2081706683907569E-012 -5.0479026991117868E-013  1.9222307982923518E-006  5.5062516950163645E-015 -1.7291050747286416E-014  3.2917356348576448E-007  1.2991212401076915E-002  2.4183628528540627E-001  4.2384432838317957E-013 -1.3309805284881239E-012  2.5338171167032686E-005
  9.8079999999999998E+001  2.2077650865284949E-012 -5.0339337484579753E-013  1.8959477531743395E-006  4.6353634869302896E-015 -1.7628685160525318E-014  3.2787562474071544E-007  1.2991212401076915E-002  2.4183628528540627E-001  3.5680761300968109E-013 -1.3569699744932511E-012  2.5238262189719532E-005
  9.8159999999999997E+001  2.2074290102328480E-012 -5.0196968028549463E-013  1.8697706983338374E-006  3.7684087730123256E-015 -1.7960745556485699E-014  3.2652390012569339E-007  1.2991212401076915E-002  2.4183628528540627E-001  2.9007367878140684E-013 -1.3825303599067476E-012  2.5134213039163757E-005
  9.8240000000000009E+001  2.2071621411248130E-012 -5.0051965555675982E-013  1.8437039291542286E-006  2.9050725032069381E-015 -1.8286435987560687E-014  3.2511858264648994E-007  1.2991212401076915E-002  2.4183628528540627E-001  2.2361827468579688E-013 -1.4076004165742741E-012  2.5026038572007287E-005
  9.8320000000000007E+001  2.2069641986323349E-012 -4.9904385052748492E-013  1.8177517251103990E-006  2.0452111755087898E-015 -1.8604626089205557E-014  3.2365987696110542E-007  1.2991212401076915E-002  2.4183628528540627E-001  1.5743035464022297E-013 -1.4320931345609835E-012  2.4913754541822012E-005
  9.8400000000000006E+001  2.2068349073367316E-012 -4.9754291538248693E-013  1.7919183488404517E-006  1.1888133049538081E-015 -1.8914044966044160E-014  3.2214799927998563E-007  1.2991212401076915E-002  2.4183628528540627E-001  9.1509034588241488E-014 -1.4559106865558250E-012  2.4797377591431009E-005
  9.8480000000000004E+001  2.2067739885035423E-012 -4.9601760333291786E-013  1.7662080452256013E-006  3.3593495128715260E-016 -1.9213484511340679E-014  3.2058317726143710E-007  1.2991212401076915E-002  2.4183628528540627E-001  2.5858629734810182E-014 -1.4789600784102159E-012  2.4676925244857329E-005
  9.8560000000000002E+001  2.2067811577445256E-012 -4.9446875786067242E-013  1.7406250404786218E-006 -5.1337064902997224E-016 -1.9501960819513105E-014  3.1896564990241275E-007  1.2991212401076915E-002  2.4183628528540627E-001 -3.9516762037415308E-014 -1.5011655738841207E-012  2.4552415898917412E-005
  9.8640000000000001E+001  2.2068561278073871E-012 -4.9289728960179576E-013  1.7151735412412152E-006 -1.3590997177981168E-015 -1.9778790053706202E-014  3.1729566742492612E-007  1.2991212401076915E-002  2.4183628528540627E-001 -1.0461684990124113E-013 -1.5224745345605090E-012  2.4423868814478392E-005
  9.8719999999999999E+001  2.2069986136993733E-012 -4.9130415145207943E-013  1.6898577336906336E-006 -2.2013041029242582E-015 -2.0043562429825277E-014  3.1557349115841964E-007  1.2991212401076915E-002  2.4183628528540627E-001 -1.6944562485505873E-013 -1.5428554172637088E-012  2.4291304107402680E-005
  9.8799999999999997E+001  2.2072083364638550E-012 -4.8969031961302371E-013  1.6646817826558681E-006 -3.0400489229601370E-015 -2.0296035177594716E-014  3.1379939341839678E-007  1.2991212401076915E-002  2.4183628528540627E-001 -2.3400809940644535E-013 -1.5622895347252311E-012  2.4154742739206160E-005
  9.8879999999999995E+001  2.2074850215270469E-012 -4.8805678582366427E-013  1.6396498307436901E-006 -3.8753298488239076E-015 -2.0535974708141413E-014  3.1197365738175726E-007  1.2991212401076915E-002  2.4183628528540627E-001 -2.9830394032385547E-013 -1.5807589064157802E-012  2.4014206507461685E-005
  9.8960000000000008E+001  2.2078283892396668E-012 -4.8640456365972109E-013  1.6147659974747869E-006 -4.7069734560215017E-015 -2.0762999907852584E-014  3.1009657695930407E-007  1.2991212401076915E-002  2.4183628528540627E-001 -3.6231979823753459E-013 -1.5982341960732845E-012  2.3869718035985550E-005
  9.9040000000000006E+001  2.2082381372800104E-012 -4.8473470583840786E-013  1.5900343784302015E-006 -5.5345444348586702E-015 -2.0976485527239564E-014  3.0816845666597272E-007  1.2991212401076915E-002  2.4183628528540627E-001 -4.2602216513646273E-013 -1.6146672750497666E-012  2.3721300764848352E-005
  9.9120000000000005E+001  2.2087139163492442E-012 -4.8304832597536276E-013  1.5654590444082313E-006 -6.3572899248334514E-015 -2.1175545984767662E-014  3.0618961148934659E-007  1.2991212401076915E-002  2.4183628528540627E-001 -4.8935308950097979E-013 -1.6299899756093510E-012  2.3568978940253847E-005
  9.9200000000000003E+001  2.2092553036679837E-012 -4.8134661848084503E-013  1.5410440405919060E-006 -7.1741375788447155E-015 -2.1359109961937164E-014  3.0416036675695332E-007  1.2991212401076915E-002  2.4183628528540627E-001 -5.5223002729525926E-013 -1.6441198328930866E-012  2.3412777604324212E-005
  9.9280000000000001E+001  2.2098617783618594E-012 -4.7963086838145281E-013  1.5167933857271188E-006 -7.9837530367956855E-015 -2.1526065978803243E-014  3.0208105800271023E-007  1.2991212401076915E-002  2.4183628528540627E-001 -6.1455026600407843E-013 -1.6569712906101887E-012  2.3252722584819609E-005
  9.9359999999999999E+001  2.2105327041538710E-012 -4.7790244792423651E-013  1.4927110713114724E-006 -8.7846488604086054E-015 -2.1675434789084175E-014  2.9995203083270003E-007  1.2991212401076915E-002  2.4183628528540627E-001 -6.7619930990261480E-013 -1.6684689711706850E-012  2.3088840484806152E-005
  9.9439999999999998E+001  2.2112673221795247E-012 -4.7616279881519934E-013  1.4688010607938868E-006 -9.5753156514189568E-015 -2.1806522678746896E-014  2.9777364079028345E-007  1.2991212401076915E-002  2.4183628528540627E-001 -7.3706097289446986E-013 -1.6785594758607715E-012  2.2921158672272959E-005
  9.9519999999999996E+001  2.2120647546580981E-012 -4.7441340429563701E-013  1.4450672887850270E-006 -1.0354343564149959E-014 -2.1919010755504267E-014  2.9554625322042580E-007  1.2991212401076915E-002  2.4183628528540627E-001 -7.9702673195392810E-013 -1.6872182579115901E-012  2.2749705269688813E-005
  9.9600000000000009E+001  2.2129240171497887E-012 -4.7265575709431866E-013  1.4215136602786186E-006 -1.1120504395302281E-014 -2.2012959472346714E-014  2.9327024313306518E-007  1.2991212401076915E-002  2.4183628528540627E-001 -8.5600204599676245E-013 -1.6944499706987873E-012  2.2574509143484874E-005
  9.9680000000000007E+001  2.2138440353613464E-012 -4.7089133078006154E-013  1.3981440498837366E-006 -1.1872773053673216E-014 -2.2088724064643289E-014  2.9094599506535984E-007  1.2991212401076915E-002  2.4183628528540627E-001 -9.1390800851555192E-013 -1.7002819585038770E-012  2.2395599893451224E-005
  9.9760000000000005E+001  2.2148236608383764E-012 -4.6912156124397573E-013  1.3749623010681611E-006 -1.2610278509070846E-014 -2.2146805773395167E-014  2.8857390294270592E-007  1.2991212401076915E-002  2.4183628528540627E-001 -9.7067757186569318E-013 -1.7047528044079368E-012  2.2213007842038229E-005
  9.9840000000000003E+001  2.2158616799227978E-012 -4.6734784185631831E-013  1.3519722254129037E-006 -1.3332203695238104E-014 -2.2187681492985621E-014  2.8615436993841983E-007  1.2991212401076915E-002  2.4183628528540627E-001 -1.0262478422822730E-012 -1.7078992174084344E-012  2.2026764023556266E-005
  9.9920000000000002E+001  2.2169568134296145E-012 -4.6557153220509804E-013  1.3291776018780139E-006 -1.4037664425583037E-014 -2.2211655556274140E-014  2.8368780833203232E-007  1.2991212401076915E-002  2.4183628528540627E-001 -1.0805507594055867E-012 -1.7097446235605432E-012  2.1836900173267614E-005
  1.0000000000000000E+002  2.2181077062308911E-012 -4.6379397696731445E-013  1.3065821760797785E-006 -1.4725602677683570E-014 -2.2218764724198470E-014  2.8117463936608559E-007  1.2991212401076915E-002  2.4183628528540627E-001 -1.1335048818434562E-012 -1.7102918525415831E-012  2.1643448716362962E-005
  1.0008000000000000E+002  2.2193129098580439E-012 -4.6201652984922628E-013  1.2841896595794402E-006 -1.5394728962921542E-014 -2.2208767879137127E-014  2.7861529310131717E-007  1.2991212401076915E-002  2.4183628528540627E-001 -1.1850109510676908E-012 -1.7095223442961201E-012  2.1446442756814746E-005
  1.0016000000000000E+002  2.2205708628649585E-012 -4.6024057410665251E-013  1.2620037291835677E-006 -1.6043538333146999E-014 -2.2181212396901161E-014  2.7601020827016159E-007  1.2991212401076915E-002  2.4183628528540627E-001 -1.2349531235295450E-012 -1.7074012580274967E-012  2.1245916066100327E-005
  1.0024000000000001E+002  2.2218798759913474E-012 -4.5846753586572209E-013  1.2400280262562143E-006 -1.6670397556502813E-014 -2.2135550617734584E-014  2.7335983212851563E-007  1.2991212401076915E-002  2.4183628528540627E-001 -1.2832056810278980E-012 -1.7038864375659863E-012  2.1041903071791434E-005
  1.0032000000000001E+002  2.2232381264739989E-012 -4.5669888600781497E-013  1.2182661560430052E-006 -1.7273684595010042E-014 -2.2071277321203402E-014  2.7066462030579233E-007  1.2991212401076915E-002  2.4183628528540627E-001 -1.3296437670112281E-012 -1.6989389935132806E-012  2.0834438846012244E-005
  1.0040000000000001E+002  2.2246436655265490E-012 -4.5493613149432955E-013  1.1967216870072876E-006 -1.7851950235397088E-014 -2.1988043915280821E-014  2.6792503665335504E-007  1.2991212401076915E-002  2.4183628528540627E-001 -1.3741558281288251E-012 -1.6925320929598515E-012  2.0623559093772214E-005
  1.0048000000000000E+002  2.2260944385116625E-012 -4.5318079898137004E-013  1.1753981501784684E-006 -1.8404059091521633E-014 -2.1885720450437238E-014  2.6514155309141219E-007  1.2991212401076915E-002  2.4183628528540627E-001 -1.4166544679076894E-012 -1.6846557330263390E-012  2.0409300141181068E-005
  1.0056000000000000E+002  2.2275883149811925E-012 -4.5143441622225959E-013  1.1542990385126616E-006 -1.8929270334164149E-014 -2.1764386849706952E-014  2.6231464945446166E-007  1.2991212401076915E-002  2.4183628528540627E-001 -1.4570826609375944E-012 -1.6753160657971148E-012  2.0191698923552077E-005
  1.0064000000000000E+002  2.2291231217651287E-012 -4.4969849708541693E-013  1.1334278062657546E-006 -1.9427243780496402E-014 -2.1624266502787366E-014  2.5944481333532546E-007  1.2991212401076915E-002  2.4183628528540627E-001 -1.4954142216078258E-012 -1.6645302867186346E-012  1.9970792973396270E-005
  1.0072000000000000E+002  2.2306966739860719E-012 -4.4797453358181361E-013  1.1127878683790095E-006 -1.9897966309075623E-014 -2.1465623062027118E-014  2.5653253992774193E-007  1.2991212401076915E-002  2.4183628528540627E-001 -1.5316481398937098E-012 -1.6523186904593806E-012  1.9746620408305849E-005
  1.0080000000000000E+002  2.2323067963745808E-012 -4.4626399739549259E-013  1.0923825998773159E-006 -2.0341616112329253E-014 -2.1288653540294544E-014  2.5357833186746106E-007  1.2991212401076915E-002  2.4183628528540627E-001 -1.5657981321774752E-012 -1.6386964421065014E-012  1.9519219918722895E-005
  1.0088000000000000E+002  2.2339513325640446E-012 -4.4456834901536649E-013  1.0722153352802158E-006 -2.0758411013602581E-014 -2.1093411103628290E-014  2.5058269907180183E-007  1.2991212401076915E-002  2.4183628528540627E-001 -1.5978809654349027E-012 -1.6236676341216416E-012  1.9288630755589123E-005
  1.0096000000000001E+002  2.2356281421367573E-012 -4.4288905161891206E-013  1.0522893680258276E-006 -2.1148469725390023E-014 -2.0879778625547308E-014  2.4754615857765588E-007  1.2991212401076915E-002  2.4183628528540627E-001 -1.6279057775728743E-012 -1.6072232506810913E-012  1.9054892717875738E-005
  1.0104000000000001E+002  2.2373350877201070E-012 -4.4122758443527892E-013  1.0326079499077908E-006 -2.1511737724915043E-014 -2.0647503096822131E-014  2.4446923437795456E-007  1.2991212401076915E-002  2.4183628528540627E-001 -1.6558683716949750E-012 -1.5893438163716541E-012  1.8818046139996133E-005
  1.0112000000000000E+002  2.2390700201727437E-012 -4.3958545112342052E-013  1.0131742905253548E-006 -2.1847994943173809E-014 -2.0396276149735085E-014  2.4135245725674897E-007  1.2991212401076915E-002  2.4183628528540627E-001 -1.6817518079654502E-012 -1.5700055945543897E-012  1.8578131879111060E-005
  1.0120000000000000E+002  2.2408307669110148E-012 -4.3796418025132130E-013  9.9399155674671100E-007 -2.2156938445254816E-014 -2.0125843085496501E-014  2.3819636462312396E-007  1.2991212401076915E-002  2.4183628528540627E-001 -1.7055327679361921E-012 -1.5491889797620354E-012  1.8335191302343686E-005
  1.0128000000000000E+002  2.2426151303239844E-012 -4.3636531622974108E-013  9.7506287218565500E-007 -2.2438328259125435E-014 -1.9836111000085683E-014  2.3500150034422817E-007  1.2991212401076915E-002  2.4183628528540627E-001 -1.7271927797335429E-012 -1.5268868206974507E-012  1.8089266273927379E-005
  1.0136000000000000E+002  2.2444208994324749E-012 -4.3479040249130759E-013  9.5639131669163450E-007 -2.2692147032592250E-014 -1.9527227201355415E-014  2.3176841457779369E-007  1.2991212401076915E-002  2.4183628528540627E-001 -1.7467305076706206E-012 -1.5031104563987062E-012  1.7840399142314071E-005
  1.0144000000000000E+002  2.2462458738491992E-012 -4.3324095987752422E-013  9.3797992585320801E-007 -2.2918729498721866E-014 -1.9199614376004621E-014  2.2849766360451623E-007  1.2991212401076915E-002  2.4183628528540627E-001 -1.7641717178622487E-012 -1.4778924232208584E-012  1.7588632727271407E-005
  1.0152000000000000E+002  2.2480878961522704E-012 -4.3171846419114685E-013  9.1983169051491190E-007 -2.3118822891804733E-014 -1.8853952162616555E-014  2.2518980966058015E-007  1.2991212401076915E-002  2.4183628528540627E-001 -1.7795739287495531E-012 -1.4512850364184181E-012  1.7334010306991250E-005
  1.0160000000000001E+002  2.2499448855118880E-012 -4.3022432753150557E-013  9.0194955630751518E-007 -2.3293559295157613E-014 -1.8491114893556777E-014  2.2184542077049521E-007  1.2991212401076915E-002  2.4183628528540627E-001 -1.7930242825701629E-012 -1.4233555978211643E-012  1.7076575605222585E-005
  1.0168000000000001E+002  2.2518148656394956E-012 -4.2875988580817777E-013  8.8433642319163267E-007 -2.3444341229945627E-014 -1.8112085396243326E-014  2.1846507058027470E-007  1.2991212401076915E-002  2.4183628528540627E-001 -1.8046307385445861E-012 -1.3941797606774716E-012  1.6816372778430225E-005
  1.0176000000000001E+002  2.2536959801086793E-012 -4.2732639386810664E-013  8.6699514501467123E-007 -2.3572664729619995E-014 -1.7717867272967379E-014  2.1504933819080359E-007  1.2991212401076915E-002  2.4183628528540627E-001 -1.8145084540119433E-012 -1.3638347773837247E-012  1.6553446402968246E-005
  1.0184000000000000E+002  2.2555864919962348E-012 -4.2592502704450299E-013  8.4992852908110409E-007 -2.3679924004349105E-014 -1.7309413566505694E-014  2.1159880799115036E-007  1.2991212401076915E-002  2.4183628528540627E-001 -1.8227647484532273E-012 -1.3323940085122986E-012  1.6287841462249409E-005
  1.0192000000000000E+002  2.2574847679493751E-012 -4.2455688769746572E-013  8.3313933573608717E-007 -2.3767244892672804E-014 -1.6887583916376766E-014  2.0811406949158112E-007  1.2991212401076915E-002  2.4183628528540627E-001 -1.8294862834129874E-012 -1.2999236249094840E-012  1.6019603333891213E-005
  1.0200000000000000E+002  2.2593892511790625E-012 -4.2322301361788271E-013  8.1663027796245111E-007 -2.3835388592166377E-014 -1.6453136294539292E-014  2.0459571715610245E-007  1.2991212401076915E-002  2.4183628528540627E-001 -1.8347316521581808E-012 -1.2664819715499016E-012  1.5748777776825650E-005
  1.0208000000000000E+002  2.2612984301241217E-012 -4.2192438589033944E-013  8.0040402099111078E-007 -2.3884741524693318E-014 -1.6006743522387313E-014  2.0104435023455635E-007  1.2991212401076915E-002  2.4183628528540627E-001 -1.8385305995545533E-012 -1.2321208389342107E-012  1.5475410918375109E-005
  1.0216000000000000E+002  2.2632108098230134E-012 -4.2066193465430074E-013  7.8446318192492210E-007 -2.3915394819422484E-014 -1.5549021742087651E-014  1.9746057259456163E-007  1.2991212401076915E-002  2.4183628528540627E-001 -1.8408901402797331E-012 -1.1968876546732950E-012  1.5199549241315893E-005
  1.0224000000000001E+002  2.2651248932952293E-012 -4.1943654241160541E-013  7.6881032937598092E-007 -2.3927290335800645E-014 -1.5080558703243128E-014  1.9384499255384437E-007  1.2991212401076915E-002  2.4183628528540627E-001 -1.8418057989579695E-012 -1.1608276608573535E-012  1.4921239570971532E-005
  1.0232000000000001E+002  2.2670391762767415E-012 -4.1824904526178184E-013  7.5344798311630700E-007 -2.3920382110224904E-014 -1.4601932129734652E-014  1.9019822271370600E-007  1.2991212401076915E-002  2.4183628528540627E-001 -1.8412740375364062E-012 -1.1239853278454943E-012  1.4640529062394448E-005
  1.0240000000000001E+002  2.2689521544328653E-012 -4.1710023327084787E-013  7.3837861374178796E-007 -2.3894772819952209E-014 -1.4113705469541558E-014  1.8652087979450162E-007  1.2991212401076915E-002  2.4183628528540627E-001 -1.8393027596079468E-012 -1.0864040271077291E-012  1.4357465187701749E-005
  1.0248000000000000E+002  2.2708623399279338E-012 -4.1599085238665519E-013  7.2360464234918674E-007 -2.3850784349317509E-014 -1.3616406792912760E-014  1.8281358447391373E-007  1.2991212401076915E-002  2.4183628528540627E-001 -1.8359167422540997E-012 -1.0481244069094185E-012  1.4072095723626132E-005
  1.0256000000000000E+002  2.2727682799287561E-012 -4.1492160818398183E-013  7.0912844022596177E-007 -2.3788938209728978E-014 -1.3110497409589203E-014  1.7907696122857616E-007  1.2991212401076915E-002  2.4183628528540627E-001 -1.8311561288734528E-012 -1.0091819766184817E-012  1.3784468739324977E-005
  1.0264000000000000E+002  2.2746685700414905E-012 -4.1389317280112092E-013  6.9495232855261455E-007 -2.3709851683466655E-014 -1.2596331862552936E-014  1.7531163817925701E-007  1.2991212401076915E-002  2.4183628528540627E-001 -1.8250684348370329E-012 -9.6960402721986451E-013  1.3494632584463334E-005
  1.0272000000000000E+002  2.2765618561981108E-012 -4.1290619508597336E-013  6.8107857811728064E-007 -2.3614074131717505E-014 -1.2074120200563097E-014  1.7151824693939396E-007  1.2991212401076915E-002  2.4183628528540627E-001 -1.8176959472821730E-012 -9.2940672723986485E-013  1.3202635877554874E-005
  1.0280000000000000E+002  2.2784468219025653E-012 -4.1196131356903082E-013  6.6750940904231152E-007 -2.3501910311848528E-014 -1.1543901844295062E-014  1.6769742246640881E-007  1.2991212401076915E-002  2.4183628528540627E-001 -1.8090621249406954E-012 -8.8859311108931287E-013  1.2908527494516800E-005
  1.0288000000000000E+002  2.2803221618480065E-012 -4.1105917079088615E-013  6.5424699052265523E-007 -2.3373276622261632E-014 -1.1005531245100041E-014  1.6384980291499617E-007  1.2991212401076915E-002  2.4183628528540627E-001 -1.7991605325707613E-012 -8.4715197514498139E-013  1.2612356557376764E-005
  1.0296000000000001E+002  2.2821865461621271E-012 -4.1020042856981481E-013  6.4129344057591213E-007 -2.3227634007635520E-014 -1.0458679640034424E-014  1.5997602949152041E-007  1.2991212401076915E-002  2.4183628528540627E-001 -1.7879496763297044E-012 -8.0505801284318430E-013  1.2314172423064927E-005
  1.0304000000000001E+002  2.2840385832892282E-012 -4.0938578204848064E-013  6.2865082580401197E-007 -2.3064020169456878E-014 -9.9028530171445332E-015  1.5607674630874955E-007  1.2991212401076915E-002  2.4183628528540627E-001 -1.7753554831837777E-012 -7.6227319755956958E-013  1.2014024672232353E-005
  1.0312000000000000E+002  2.2858767893892402E-012 -4.0861597208707169E-013  6.1632116116651220E-007 -2.2881173854380571E-014 -9.3374232677961305E-015  1.5215260024040447E-007  1.2991212401076915E-002  2.4183628528540627E-001 -1.7612808680185508E-012 -7.1874918056315784E-013  1.1711963098054788E-005
  1.0320000000000000E+002  2.2876995711059291E-012 -4.0789179432563326E-013  6.0430640976554725E-007 -2.2677724753872933E-014 -8.7616736690311419E-015  1.4820424077527535E-007  1.2991212401076915E-002  2.4183628528540627E-001 -1.7456203511838845E-012 -6.7443079202562391E-013  1.1408037695002979E-005
  1.0328000000000000E+002  2.2895052253498599E-012 -4.0721410430002671E-013  5.9260848264246815E-007 -2.2452407001325208E-014 -8.1748507768612729E-015  1.4423231987092188E-007  1.2991212401076915E-002  2.4183628528540627E-001 -1.7282764924590200E-012 -6.2926003551322890E-013  1.1102298647581652E-005
  1.0336000000000000E+002  2.2912919562261412E-012 -4.0658381820133546E-013  5.8122923858619975E-007 -2.2204240607204177E-014 -7.5762198148812330E-015  1.4023749180720670E-007  1.2991212401076915E-002  2.4183628528540627E-001 -1.7091738570422430E-012 -5.8318035153155201E-013  1.0794796319055032E-005
  1.0344000000000000E+002  2.2930579038470126E-012 -4.0600190912964571E-013  5.7017048395331508E-007 -2.1932640763611619E-014 -6.9651244116588229E-015  1.3622041304000685E-007  1.2991212401076915E-002  2.4183628528540627E-001 -1.6882674292809858E-012 -5.3614121581764339E-013  1.0485581240186216E-005
  1.0352000000000000E+002  2.2948011787483190E-012 -4.0546939829547004E-013  5.5943397249979866E-007 -2.1637433319617331E-014 -6.3410405800595117E-015  1.3218174205549832E-007  1.2991212401076915E-002  2.4183628528540627E-001 -1.6655438038887709E-012 -4.8810229440430554E-013  1.0174704098020942E-005
  1.0360000000000001E+002  2.2965198931781514E-012 -4.0498734263683619E-013  5.4902140522443535E-007 -2.1318774906368702E-014 -5.7036210794433939E-015  1.2812213922538617E-007  1.2991212401076915E-002  2.4183628528540627E-001 -1.6410150375651958E-012 -4.3903685840518563E-013  9.8622157247436899E-006
  1.0368000000000001E+002  2.2982121827333380E-012 -4.0455681892275910E-013  5.3893443022373687E-007 -2.0977004011794126E-014 -5.0527255404355265E-015  1.2404226666334703E-007  1.2991212401076915E-002  2.4183628528540627E-001 -1.6147071854553134E-012 -3.8893410287224971E-013  9.5481670866272818E-006
  1.0376000000000001E+002  2.2998762138200384E-012 -4.0417890655036650E-013  5.2917464255829982E-007 -2.0612470548395929E-014 -4.3884311986861608E-015  1.1994278808284602E-007  1.2991212401076915E-002  2.4183628528540627E-001 -1.5866471821126053E-012 -3.3779997302811064E-013  9.2326092730885687E-006
  1.0384000000000000E+002  2.3015101780210814E-012 -4.0385466993096931E-013  5.1974358413048151E-007 -2.0225390899445613E-014 -3.7110267275514519E-015  1.1582436865640750E-007  1.2991212401076915E-002  2.4183628528540627E-001 -1.5568516836632186E-012 -2.8565668953606007E-013  8.9155934858555615E-006
  1.0392000000000000E+002  2.3031122763639497E-012 -4.0358514227395827E-013  5.1064274357327462E-007 -1.9815770177963438E-014 -3.0209817880631486E-015  1.1168767487630330E-007  1.2991212401076915E-002  2.4183628528540627E-001 -1.5253210836825809E-012 -2.3254040460555517E-013  8.5971710282440124E-006
  1.0400000000000000E+002  2.3046807012495555E-012 -4.0337131284487921E-013  5.0187355615027298E-007 -1.9383415910526871E-014 -2.3189093082462602E-015  1.0753337441657771E-007  1.2991212401076915E-002  2.4183628528540627E-001 -1.4920405665078497E-012 -1.7849829843856725E-013  8.2773932945368429E-006
  1.0408000000000000E+002  2.3062136229096340E-012 -4.0321411678463887E-013  4.9343740366662219E-007 -1.8928035906681593E-014 -1.6055262458106135E-015  1.0336213599630981E-007  1.2991212401076915E-002  2.4183628528540627E-001 -1.4569876407464352E-012 -1.2358555893345763E-013  7.9563117594584298E-006
  1.0416000000000000E+002  2.3077091869946246E-012 -4.0311442864554951E-013  4.8533561439086341E-007 -1.8449397752742676E-014 -8.8162467339437802E-016  9.9174629243981081E-008  1.2991212401076915E-002  2.4183628528540627E-001 -1.4201444163296509E-012 -6.7863155968501138E-014  7.6339779677345498E-006
  1.0424000000000001E+002  2.3091655265500728E-012 -4.0307305683689577E-013  4.7756946298758522E-007 -1.7947504961766477E-014 -1.4806545239911306E-016  9.4971524562834513E-008  1.2991212401076915E-002  2.4183628528540627E-001 -1.3815111636755887E-012 -1.1397354444527007E-014  7.3104435237285059E-006
  1.0432000000000001E+002  2.3105807877885072E-012 -4.0309073817316565E-013  4.7014017046080989E-007 -1.7422741317933205E-014  5.9420945884961040E-016  9.0753492997110566E-008  1.2991212401076915E-002  2.4183628528540627E-001 -1.3411174246130604E-012  4.5739338293043810E-014  6.9857600811443340E-006
  1.0440000000000001E+002  2.3119531651609422E-012 -4.0316813035031170E-013  4.6304890410804752E-007 -1.6875942967069012E-014  1.3441439785420579E-015  8.6521206099035546E-008  1.2991212401076915E-002  2.4183628528540627E-001 -1.2990275615592105E-012  1.0346563023099908E-013  6.6599793327882833E-006
  1.0448000000000000E+002  2.3132809386632382E-012 -4.0330580120973238E-013  4.5629677748496420E-007 -1.6308375409695660E-014  2.1005331701329977E-015  8.2275335796471047E-008  1.2991212401076915E-002  2.4183628528540627E-001 -1.2553389865555799E-012  1.6168877124655608E-013  6.3331530003812889E-006
  1.0456000000000000E+002  2.3145625052264935E-012 -4.0350421565753298E-013  4.4988485038061216E-007 -1.5721616436758098E-014  2.8619979015501653E-015  7.8016554261202647E-008  1.2991212401076915E-002  2.4183628528540627E-001 -1.2101731502329548E-012  2.2030260249714752E-013  6.0053328244202405E-006
  1.0464000000000000E+002  2.3157963972931195E-012 -4.0376372087398041E-013  4.4381412880317178E-007 -1.5117372563188761E-014  3.6269866762581227E-015  7.3745533777938317E-008  1.2991212401076915E-002  2.4183628528540627E-001 -1.1636614117658537E-012  2.7918769736670397E-013  5.6765705540943177E-006
  1.0472000000000000E+002  2.3169812848366037E-012 -4.0408453352573428E-013  4.3808556497614203E-007 -1.4497272792053028E-014  4.3938147705359839E-015  6.9462946614241884E-008  1.2991212401076915E-002  2.4183628528540627E-001 -1.1159291638437727E-012  3.3821437406193476E-013  5.3469179372730018E-006
  1.0480000000000000E+002  2.3181159609398480E-012 -4.0446673123726617E-013  4.3270005734489307E-007 -1.3862686096803747E-014  5.1607402319845605E-015  6.5169464891758214E-008  1.2991212401076915E-002  2.4183628528540627E-001 -1.0670817833485402E-012  3.9724854560585015E-013  5.0164267105936579E-006
  1.0488000000000000E+002  2.3191993146120923E-012 -4.0491025196285181E-013  4.2765845059346071E-007 -1.3214606567851455E-014  5.9260688424815930E-015  6.0865760459219812E-008  1.2991212401076915E-002  2.4183628528540627E-001 -1.0171957904987512E-012  4.5615979937258394E-013  4.6851485896862299E-006
  1.0496000000000001E+002  2.3202302979907042E-012 -4.0541490225206322E-013  4.2296153567141790E-007 -1.2553630631745761E-014  6.6882684829390216E-015  5.6552504767786402E-008  1.2991212401076915E-002  2.4183628528540627E-001 -9.6631709529329850E-013  5.1483020032716665E-013  4.3531352595773478E-006
  1.0504000000000001E+002  2.3212078955131716E-012 -4.0598037492012206E-013  4.1861004983061489E-007 -1.1880029412853532E-014  7.4460740980801705E-015  5.2230368749237286E-008  1.2991212401076915E-002  2.4183628528540627E-001 -9.1446656755987802E-013  5.7316237070089276E-013  4.0204383653143532E-006
  1.0512000000000000E+002  2.3221311026967608E-012 -4.0660627410775605E-013  4.1460467667153994E-007 -1.1193892185801060E-014  8.1985571101646212E-015  4.7900022697449601E-008  1.2991212401076915E-002  2.4183628528540627E-001 -8.6165107922283193E-013  6.3108483312032739E-013  3.6871095028419844E-006
  1.0520000000000000E+002  2.3229989182628998E-012 -4.0729214405774840E-013  4.1094604619902295E-007 -1.0495298882228797E-014  8.9451452313778378E-015  4.3562136153411279E-008  1.2991212401076915E-002  2.4183628528540627E-001 -8.0787678302909985E-013  6.8855353566816759E-013  3.3532002101512670E-006
  1.0528000000000000E+002  2.3238103505179174E-012 -4.0803749734477650E-013  4.0763473488699413E-007 -9.7844770955887172E-015  9.6855860049397401E-015  3.9217377793825624E-008  1.2991212401076915E-002  2.4183628528540627E-001 -7.5316119800929139E-013  7.4554904545603552E-013  3.0187619587048331E-006
  1.0536000000000000E+002  2.3245644345981939E-012 -4.0884183781853876E-013  4.0467126575201085E-007 -9.0619005205950345E-015  1.0419860993453465E-014  3.4866415323188398E-008  1.2991212401076915E-002  2.4183628528540627E-001 -6.9754078686628022E-013  8.0206994326328741E-013  2.6838461451294508E-006
  1.0544000000000000E+002  2.3252602546012126E-012 -4.0970467510372906E-013  4.0205610843528399E-007 -8.3283045175306477E-015  1.1148076131743622E-014  3.0509915369083300E-008  1.2991212401076915E-002  2.4183628528540627E-001 -6.4107215403868283E-013  8.5812438343469597E-013  2.3485040831565581E-006
  1.0552000000000000E+002  2.3258969633209988E-012 -4.1062552999961773E-013  3.9978967929295752E-007 -7.5846156501030865E-015  1.1870349581676558E-014  2.6148543380414264E-008  1.2991212401076915E-002  2.4183628528540627E-001 -5.8382662186906233E-013  9.1372146149286974E-013  2.0127869957885381E-006
  1.0560000000000001E+002  2.3264737931052291E-012 -4.1160393103679731E-013  3.9787234149441771E-007 -6.8318174012069086E-015  1.2586730849120837E-014  2.1782963528300619E-008  1.2991212401076915E-002  2.4183628528540627E-001 -5.2587989406135001E-013  9.6886498815747230E-013  1.6767460076701264E-006
  1.0568000000000001E+002  2.3269900541051920E-012 -4.1263940693547707E-013  3.9630440512842942E-007 -6.0707914729715482E-015  1.3297170498502975E-014  1.7413838609435263E-008  1.2991212401076915E-002  2.4183628528540627E-001 -4.6729983973403404E-013  1.0235511581198122E-012  1.3404321376495594E-006
  1.0576000000000001E+002  2.3274451197409046E-012 -4.1373147831655778E-013  3.9508612731690807E-007 -5.3021773752757165E-015  1.4001542130520537E-014  1.3041829951775487E-008  1.2991212401076915E-002  2.4183628528540627E-001 -4.0813568522955790E-013  1.0777702417797102E-012  1.0038962915188875E-006
  1.0584000000000000E+002  2.3278384024852361E-012 -4.1487965367636035E-013  3.9421771233614535E-007 -4.5262925732429480E-015  1.4699711586936569E-014  8.6675973224241659E-009  1.2991212401076915E-002  2.4183628528540627E-001 -3.4841186746099855E-013  1.1315119122921737E-012  6.6718925492324455E-007
  1.0592000000000000E+002  2.3281693265526234E-012 -4.1608343217046763E-013  3.9369931174532020E-007 -3.7431345691124247E-015  1.5391625981718920E-014  4.2917988375547592E-009  1.2991212401076915E-002  2.4183628528540627E-001 -2.8812819416317073E-013  1.1847720987490955E-012  3.3036168642729761E-007
  1.0600000000000000E+002  2.3284373040162941E-012 -4.1734231383343538E-013  3.9353102452213659E-007 -2.9524677554081228E-015  1.6077390012291295E-014 -8.4909125850849558E-011  1.2991212401076915E-002  2.4183628528540627E-001 -2.2726652942454546E-013  1.2375588602460798E-012 -6.5358892787966321E-009
  1.0608000000000000E+002  2.3286417213934887E-012 -4.1865581457243424E-013  3.9371289720545633E-007 -2.1539743121377450E-015  1.6757304270743918E-014 -4.4618720167735977E-009  1.2991212401076915E-002  2.4183628528540627E-001 -1.6580240901617442E-013  1.2898953348922733E-012 -3.4345308805848482E-007
  1.0616000000000000E+002  2.3287819399062361E-012 -4.2002348251675441E-013  3.9424492404482036E-007 -1.3474354404316739E-015  1.7431845545168945E-014 -8.8384371957753999E-009  1.2991212401076915E-002  2.4183628528540627E-001 -1.0371899087123785E-013  1.3418182235034322E-012 -6.8033967291940672E-007
  1.0624000000000001E+002  2.3288573110639578E-012 -4.2144490985966127E-013  3.9512704715678040E-007 -5.3289967454941971E-016  1.8101582155686343E-014 -1.3213954019796742E-008  1.2991212401076915E-002  2.4183628528540627E-001 -4.1020010919527229E-014  1.3933712725831310E-012 -1.0171455605406906E-006
  1.0632000000000001E+002  2.3288672038541640E-012 -4.2291973566166422E-013  3.9635915668798784E-007  2.8920899959120755E-016  1.8767042060647003E-014 -1.7587773926344145E-008  1.2991212401076915E-002  2.4183628528540627E-001  2.2261894476289647E-014  1.4445951217833466E-012 -1.3538208277532282E-006
  1.0640000000000001E+002  2.3288110376240232E-012 -4.2444763658936479E-013  3.9794109098499546E-007  1.1180562055374144E-015  1.9428562135621465E-014 -2.1959250517104891E-008  1.2991212401076915E-002  2.4183628528540627E-001  8.6062499096946335E-014  1.4955157021380995E-012 -1.6903157179759828E-006
  1.0648000000000000E+002  2.3286883148612780E-012 -4.2602830560336366E-013  3.9987263677072462E-007  1.9524487075432251E-015  2.0086153269957944E-014 -2.6327739640844748E-008  1.2991212401076915E-002  2.4183628528540627E-001  1.5028995349049822E-013  1.5461338518561361E-012 -2.0265806475969960E-006
  1.0656000000000000E+002  2.3284986458308163E-012 -4.2766142111255806E-013  4.0215352932753062E-007  2.7909633663381851E-015  2.0739410457671110E-014 -3.0692599475255506E-008  1.2991212401076915E-002  2.4183628528540627E-001  2.1483471135519589E-013  1.5964183955572938E-012 -2.3625662122736813E-006
  1.0664000000000000E+002  2.3282417607226639E-012 -4.2934661127659104E-013  4.0478345268676550E-007  3.6321050084455818E-015  2.1387499325955862E-014 -3.5053190607288441E-008  1.2991212401076915E-002  2.4183628528540627E-001  2.7958168154848494E-013  1.6463051073033956E-012 -2.6982231931164878E-006
  1.0672000000000000E+002  2.3279175090294650E-012 -4.3108342100471100E-013  4.0776203982469677E-007  4.4744648174438568E-015  2.2029222996901420E-014 -3.9408876111462183E-008  1.2991212401076915E-002  2.4183628528540627E-001  3.4442242027171955E-013  1.6957018572858850E-012 -3.0335025627165882E-006
  1.0680000000000000E+002  2.3275258463518729E-012 -4.3287128695609526E-013  4.1108887286459945E-007  5.3168389957214875E-015  2.2663152057103750E-014 -4.3759021625652970E-008  1.2991212401076915E-002  2.4183628528540627E-001  4.0926426507190940E-013  1.7444986162511783E-012 -3.3683554909798684E-006
  1.0688000000000000E+002  2.3270668147901496E-012 -4.3470952533384760E-013  4.1476348328480125E-007  6.1582752159695270E-015  2.3287793750635578E-014 -4.8102995423966618E-008  1.2991212401076915E-002  2.4183628528540627E-001  4.7403391045013415E-013  1.7925804791479774E-012 -3.7027333507362955E-006
  1.0696000000000001E+002  2.3265405223173178E-012 -4.3659733395619696E-013  4.1878535213243411E-007  6.9980489479176987E-015  2.3901753894060175E-014 -5.2440168486446018E-008  1.2991212401076915E-002  2.4183628528540627E-001  5.3867558560882012E-013  1.8398401285532658E-012 -4.0365877231057276E-006
  1.0704000000000001E+002  2.3259471269584827E-012 -4.3853380595689723E-013  4.2315391024263261E-007  7.8355755432928374E-015  2.4503850270490860E-014 -5.6769914565520214E-008  1.2991212401076915E-002  2.4183628528540627E-001  6.0314428718302447E-013  1.8861865631924815E-012 -4.3698704026126431E-006
  1.0712000000000000E+002  2.3252868302303909E-012 -4.4051794999947549E-013  4.2786853846291735E-007  8.6702908644602738E-015  2.5093155782427275E-014 -6.1091610249286366E-008  1.2991212401076915E-002  2.4183628528540627E-001  6.6739659061698468E-013  1.9315484196338068E-012 -4.7025334020573731E-006
  1.0720000000000000E+002  2.3245598804201691E-012 -4.4254871088208559E-013  4.3292856788251843E-007  9.5015376067249680E-015  2.5668960892660476E-014 -6.5404635021864152E-008  1.2991212401076915E-002  2.4183628528540627E-001  7.3138189980931805E-013  1.9758710811727250E-012 -5.0345289571620041E-006
  1.0728000000000000E+002  2.3237665842133149E-012 -4.4462498374230117E-013  4.3833328006641561E-007  1.0328490752008428E-014  2.6230670925239013E-014 -6.9708371321164745E-008  1.2991212401076915E-002  2.4183628528540627E-001  7.9503670890275159E-013  2.0191087725626190E-012 -5.3658095310170113E-006
  1.0736000000000000E+002  2.3229073218998477E-012 -4.4674561823012384E-013  4.4408190729390479E-007  1.1150144270945960E-014  2.6777676558705803E-014 -7.4002204594500174E-008  1.2991212401076915E-002  2.4183628528540627E-001  8.5828357867680419E-013  2.0612145912175069E-012 -5.6963278183617473E-006
  1.0744000000000000E+002  2.3219825611299636E-012 -4.4890941199169410E-013  4.5017363280153564E-007  1.1965365417830080E-014  2.7309238635798247E-014 -7.8285523352449331E-008  1.2991212401076915E-002  2.4183628528540627E-001  9.2103531590622798E-013  2.1021316404259755E-012 -6.0260367497309113E-006
  1.0752000000000000E+002  2.3209928634329949E-012 -4.5111509641185156E-013  4.5660759103029668E-007  1.2773005218307335E-014  2.7824426452969334E-014 -8.2557719221363753E-008  1.2991212401076915E-002  2.4183628528540627E-001  9.8320347816409396E-013  2.1417882791803730E-012 -6.3548894954961983E-006
  1.0760000000000001E+002  2.3199388802950344E-012 -4.5336132022416919E-013  4.6338286787695384E-007  1.3572035148850056E-014  2.8322134795404393E-014 -8.6818186994791125E-008  1.2991212401076915E-002  2.4183628528540627E-001  1.0447088947389739E-012  2.1800994334490648E-012 -6.6828394698245482E-006
  1.0768000000000001E+002  2.3188213378091789E-012 -4.5564663797911626E-013  4.7049850094946326E-007  1.4361683929293956E-014  2.8801181900852115E-014 -9.1066324683952490E-008  1.2991212401076915E-002  2.4183628528540627E-001  1.1054921962558554E-012  2.2169741369531257E-012 -7.0098403345636329E-006
  1.0776000000000001E+002  2.3176410108663474E-012 -4.5796950932830553E-013  4.7795347982638624E-007  1.5141536275182654E-014  2.9260465589055140E-014 -9.5301533567263234E-008  1.2991212401076915E-002  2.4183628528540627E-001  1.1655214161480798E-012  2.2523275492462557E-012 -7.3358460030537657E-006
  1.0784000000000000E+002  2.3163986920051497E-012 -4.6032831247336508E-013  4.8574674632022538E-007  1.5911566856815997E-014  2.9699139961814228E-014 -9.9523218238712897E-008  1.2991212401076915E-002  2.4183628528540627E-001  1.2247946046587399E-012  2.2860945572217720E-012 -7.6608106438520289E-006
  1.0792000000000000E+002  2.3150951601692568E-012 -4.6272137172219581E-013  4.9387719474458030E-007  1.6672111681570090E-014  3.0116767084133805E-014 -1.0373078665478716E-007  1.2991212401076915E-002  2.4183628528540627E-001  1.2833376259928394E-012  2.3182414507854165E-012 -7.9846886843439360E-006
  1.0800000000000000E+002  2.3137311541360985E-012 -4.6514699520682649E-013  5.0234367218499132E-007  1.7423776741726925E-014  3.0513400879258011E-014 -1.0792365017949722E-007  1.2991212401076915E-002  2.4183628528540627E-001  1.3411971264731298E-012  2.3487723806847398E-012 -8.3074348142095743E-006
  1.0808000000000000E+002  2.3123073558905805E-012 -4.6760351586287709E-013  5.1114497877329986E-007  1.8167307903106492E-014  3.0889576286400441E-014 -1.1210122362701439E-007  1.2991212401076915E-002  2.4183628528540627E-001  1.3984305192024646E-012  2.3777285239244008E-012 -8.6290039887055619E-006
  1.0816000000000000E+002  2.3108243848716014E-012 -4.7008932741265056E-013  5.2027986796531363E-007  1.8903456812675098E-014  3.1246203432210656E-014 -1.1626292530142068E-007  1.2991212401076915E-002  2.4183628528540627E-001  1.4550956622884555E-012  2.4051799376031052E-012 -8.9493514317249077E-006
  1.0824000000000001E+002  2.3092828028005525E-012 -4.7260290841203079E-013  5.2974704682152716E-007  1.9632865128274939E-014  3.1584386043568405E-014 -1.2040817703314319E-007  1.2991212401076915E-002  2.4183628528540627E-001  1.5112419474143774E-012  2.4312115812185752E-012 -9.2684326386012749E-006
  1.0832000000000001E+002  2.3076831264510775E-012 -4.7514282917962150E-013  5.3954517629061654E-007  2.0355995594246367E-014  3.1905210897109261E-014 -1.2453640421176470E-007  1.2991212401076915E-002  2.4183628528540627E-001  1.5669049943761484E-012  2.4559071095215687E-012 -9.5862033786346657E-006
  1.0840000000000001E+002  2.3060258435054731E-012 -4.7770774215556827E-013  5.4967287149540952E-007  2.1073114487594054E-014  3.2209557756179843E-014 -1.2864703581509940E-007  1.2991212401076915E-002  2.4183628528540627E-001  1.6221052998752948E-012  2.4793342423921523E-012 -9.9026196973297699E-006
  1.0848000000000000E+002  2.3043114281330624E-012 -4.8029635842061028E-013  5.6012870202103244E-007  2.1784319690239706E-014  3.2497974974225080E-014 -1.3273950443462373E-007  1.2991212401076915E-002  2.4183628528540627E-001  1.6768503983840747E-012  2.5015351893970098E-012 -1.0217637918353245E-005
  1.0856000000000000E+002  2.3025403523550347E-012 -4.8290741815144429E-013  5.7091119220494931E-007  2.2489596475167537E-014  3.2770648291858951E-014 -1.3681324629754093E-007  1.2991212401076915E-002  2.4183628528540627E-001  1.7311391562888055E-012  2.5225242479403062E-012 -1.0531214645232022E-005
  1.0864000000000000E+002  2.3007130926970356E-012 -4.8553966214730771E-013  5.8201882142863899E-007  2.3188878909115506E-014  3.3027465051622081E-014 -1.4086770128590347E-007  1.2991212401076915E-002  2.4183628528540627E-001  1.7849664983688457E-012  2.5422927462016267E-012 -1.0843306762825749E-005
  1.0872000000000000E+002  2.2988301317295762E-012 -4.8819181255970382E-013  5.9345002441069387E-007  2.3882095307785760E-014  3.3268152198577770E-014 -1.4490231295332738E-007  1.2991212401076915E-002  2.4183628528540627E-001  1.8383269067177831E-012  2.5608196657473049E-012 -1.1153871438613051E-005
  1.0880000000000000E+002  2.2968919574477899E-012 -4.9086256649908016E-013  6.0520319150117137E-007  2.4569181442726719E-014  3.3492430255374819E-014 -1.4891652853983256E-007  1.2991212401076915E-002  2.4183628528540627E-001  1.8912154373435945E-012  2.5780834937776011E-012 -1.1462866123833715E-005
  1.0888000000000000E+002  2.2948990626987399E-012 -4.9355060140056379E-013  6.1727666897706708E-007  2.5250058668996957E-014  3.3700145047936581E-014 -1.5290979898531522E-007  1.2991212401076915E-002  2.4183628528540627E-001  1.9436260365432162E-012  2.5940723627259635E-012 -1.1770248554526007E-005
  1.0896000000000001E+002  2.2928519480607504E-012 -4.9625458970675001E-013  6.2966875933882181E-007  2.5924576795729714E-014  3.3891334874302589E-014 -1.5688157894210646E-007  1.2991212401076915E-002  2.4183628528540627E-001  1.9955471433584549E-012  2.6087892205882930E-012 -1.2075976752493240E-005
  1.0904000000000001E+002  2.2907511304114232E-012 -4.9897321498045220E-013  6.4237772160780411E-007  2.6592441913049245E-014  3.4066203039859951E-014 -1.6083132678694653E-007  1.2991212401076915E-002  2.4183628528540627E-001  2.0469561340437447E-012  2.6222497168190592E-012 -1.2380009026225676E-005
  1.0912000000000000E+002  2.2885971573546625E-012 -5.0170518219312760E-013  6.5540177162473325E-007  2.7253141093098707E-014  3.4225010568913584E-014 -1.6475850463262826E-007  1.2991212401076915E-002  2.4183628528540627E-001  2.0978135259213329E-012  2.6344739437926889E-012 -1.2682303971796408E-005
  1.0920000000000000E+002  2.2863906278365274E-012 -5.0444921667147838E-013  6.6873908234902463E-007  2.7905883905712707E-014  3.4367911018012875E-014 -1.6866257833942734E-007  1.2991212401076915E-002  2.4183628528540627E-001  2.1480584755429645E-012  2.6454737215414999E-012 -1.2982820473741577E-005
  1.0928000000000000E+002  2.2841322159297485E-012 -5.0720404795600966E-013  6.8238778415904163E-007  2.8549578222836598E-014  3.4494778381716916E-014 -1.7254301752636456E-007  1.2991212401076915E-002  2.4183628528540627E-001  2.1976069162313287E-012  2.6552393507828181E-012 -1.3281517705927261E-005
  1.0936000000000000E+002  2.2818226953208735E-012 -5.0996838121255308E-013  6.9634596515324296E-007  2.9182839610792767E-014  3.4605074244269915E-014 -1.7639929558227943E-007  1.2991212401076915E-002  2.4183628528540627E-001  2.2463522810521680E-012  2.6637293869047875E-012 -1.3578355132401454E-005
  1.0944000000000000E+002  2.2794629615920216E-012 -5.1274085983509285E-013  7.1061167145220633E-007  2.9804039152982566E-014  3.4697795846401321E-014 -1.8023088967664577E-007  1.2991212401076915E-002  2.4183628528540627E-001  2.2941691839717831E-012  2.6708666424025311E-012 -1.3873292508226968E-005
  1.0952000000000000E+002  2.2770540490563963E-012 -5.1552002854797730E-013  7.2518290750150629E-007  3.0411382578817245E-014  3.4771527923844721E-014 -1.8403728077012649E-007  1.2991212401076915E-002  2.4183628528540627E-001  2.3409195108144868E-012  2.6765421771537423E-012 -1.4166289880294007E-005
  1.0960000000000001E+002  2.2745971403794109E-012 -5.1830430430290800E-013  7.4005763637542657E-007  3.1003004138945702E-014  3.4824585022929825E-014 -1.8781795362496630E-007  1.2991212401076915E-002  2.4183628528540627E-001  2.3864596453195004E-012  2.6806262531773566E-012 -1.4457307588119867E-005
  1.0968000000000001E+002  2.2720935683941650E-012 -5.2109196215164607E-013  7.5523378008150090E-007  3.1577057725300321E-014  3.4855218084933667E-014 -1.9157239681544796E-007  1.2991212401076915E-002  2.4183628528540627E-001  2.4306474831158580E-012  2.6829842364862711E-012 -1.4746306264653779E-005
  1.0976000000000001E+002  2.2695448111433628E-012 -5.2388113919649739E-013  7.7070921986589825E-007  3.2131792577474724E-014  3.4861832606423493E-014 -1.9530010273880308E-007  1.2991212401076915E-002  2.4183628528540627E-001  2.4733482592287725E-012  2.6834933900036671E-012 -1.5033246837116917E-005
  1.0984000000000000E+002  2.2669524815817691E-012 -5.2666985536867383E-013  7.8648179651970939E-007  3.2665609051620334E-014  3.4843167062265079E-014 -1.9900056762711232E-007  1.2991212401076915E-002  2.4183628528540627E-001  2.5144388408978258E-012  2.6820566076940274E-012 -1.5318090527918418E-005
  1.0992000000000000E+002  2.2643183136951035E-012 -5.2945604592645980E-013  8.0254931068623622E-007  3.3177086523569833E-014  3.4798390806988916E-014 -2.0267329156076390E-007  1.2991212401076915E-002  2.4183628528540627E-001  2.5538098754216290E-012  2.6786099505311946E-012 -1.5600798855691314E-005
  1.1000000000000000E+002  2.2616441477379979E-012 -5.3223759789779205E-013  8.1890952316943161E-007  3.3664990756376449E-014  3.4727098822350461E-014 -2.0631777848399536E-007  1.2991212401076915E-002  2.4183628528540627E-001  2.5913663572758686E-012  2.6731222421913487E-012 -1.5881333636488929E-005
  1.1008000000000000E+002  2.2589319151740833E-012 -5.3501238173803588E-013  8.3556015524367548E-007  3.4128271119290225E-014  3.4629213480404613E-014 -2.0993353622288046E-007  1.2991212401076915E-002  2.4183628528540627E-001  2.6270274140436120E-012  2.6655875072548388E-012 -1.6159656985169256E-005
  1.1016000000000000E+002  2.2561836243589115E-012 -5.3777827205465679E-013  8.5249888896509249E-007  3.4566048469238930E-014  3.4504831955434552E-014 -2.1352007650586370E-007  1.2991212401076915E-002  2.4183628528540627E-001  2.6607253735898439E-012  2.6560132257228027E-012 -1.6435731316975752E-005
  1.1024000000000001E+002  2.2534013474190051E-012 -5.4053315485090540E-013  8.6972336748461367E-007  3.4977608091171717E-014  3.4354062786051766E-014 -2.1707691498669448E-007  1.2991212401076915E-002  2.4183628528540627E-001  2.6924052206452821E-012  2.6444077523668319E-012 -1.6709519349302610E-005
  1.1032000000000001E+002  2.2505872070643240E-012 -5.4327492210042507E-013  8.8723119536296360E-007  3.5362401827132855E-014  3.4176910581085217E-014 -2.2060357126932253E-007  1.2991212401076915E-002  2.4183628528540627E-001  2.7220247606915672E-012  2.6307714419519310E-012 -1.6980984103611068E-005
  1.1040000000000001E+002  2.2477433631266638E-012 -5.4600146054387904E-013  9.0501993888770527E-007  3.5720052457264513E-014  3.3973241999363474E-014 -2.2409956893413480E-007  1.2991212401076915E-002  2.4183628528540627E-001  2.7495549571882950E-012  2.6150940305268729E-012 -1.7250088907449263E-005
  1.1048000000000000E+002  2.2448719986711617E-012 -5.4871064082032323E-013  9.2308712639242517E-007  3.6050369158842544E-014  3.3742839278578255E-014 -2.2756443556483746E-007  1.2991212401076915E-002  2.4183628528540627E-001  2.7749811215350941E-012  2.5973587558140864E-012 -1.7516797396521137E-005
  1.1056000000000000E+002  2.2419753040612490E-012 -5.5140031482845156E-013  9.4143024857807927E-007  3.6353366714171155E-014  3.3485535443381651E-014 -2.3099770277525860E-007  1.2991212401076915E-002  2.4183628528540627E-001  2.7983043916021446E-012  2.5775527648678671E-012 -1.7781073516749666E-005
  1.1064000000000000E+002  2.2390554599968943E-012 -5.5406832649126429E-013  9.6004675883646654E-007  3.6629282847148040E-014  3.3201384868262018E-014 -2.3439890623547514E-007  1.2991212401076915E-002  2.4183628528540627E-001  2.8195430662123907E-012  2.5556802431703910E-012 -1.8042881526288134E-005
  1.1072000000000000E+002  2.2361146188057053E-012 -5.5671253640737348E-013  9.7893407357575529E-007  3.6878594671004156E-014  3.2890813664164360E-014 -2.3776758569683481E-007  1.2991212401076915E-002  2.4183628528540627E-001  2.8387338712085888E-012  2.5317739906583090E-012 -1.8302185997445864E-005
  1.1080000000000000E+002  2.2331548848495336E-012 -5.5933085667753059E-013  9.9808957254796011E-007  3.7102023798698653E-014  3.2554710462699152E-014 -2.4110328501560548E-007  1.2991212401076915E-002  2.4183628528540627E-001  2.8559323528279573E-012  2.5059024098474614E-012 -1.8558951818509105E-005
  1.1088000000000000E+002  2.2301782949979136E-012 -5.6192129008140535E-013  1.0175105991782522E-006  3.7300521317655610E-014  3.2194423049155884E-014 -2.4440555217519994E-007  1.2991212401076915E-002  2.4183628528540627E-001  2.8712117211295084E-012  2.4781692466583641E-012 -1.8813144195451645E-005
  1.1096000000000001E+002  2.2271868014387087E-012 -5.6448196436539553E-013  1.0371944608959921E-006  3.7475232175460849E-014  3.1811650791195970E-014 -2.4767393930704657E-007  1.2991212401076915E-002  2.4183628528540627E-001  2.8846601085788170E-012  2.4487053101032051E-012 -1.9064728653540885E-005
  1.1104000000000001E+002  2.2241822578498398E-012 -5.6701115420799670E-013  1.0571384294673796E-006  3.7627444137658367E-014  3.1408257927017833E-014 -2.5090800271022338E-007  1.2991212401076915E-002  2.4183628528540627E-001  2.8963766410700076E-012  2.4176541001219242E-012 -1.9313671038849696E-005
  1.1112000000000000E+002  2.2211664103766834E-012 -5.6950728563371839E-013  1.0773397413296278E-006  3.7758517885488001E-014  3.0986050169794794E-014 -2.5410730287003047E-007  1.2991212401076915E-002  2.4183628528540627E-001  2.9064660571909961E-012  2.3851546116840070E-012 -1.9559937519685772E-005
  1.1120000000000000E+002  2.2181408949881617E-012 -5.7196892223516387E-013  1.0977955979265845E-006  3.7869808998781365E-014  3.0546565096721428E-014 -2.5727140447559247E-007  1.2991212401076915E-002  2.4183628528540627E-001  2.9150327028477339E-012  2.3513251999628038E-012 -1.9803494587946614E-005
  1.1128000000000000E+002  2.2151072409368784E-012 -5.7439473604919382E-013  1.1185031660457226E-006  3.7962592762505236E-014  3.0090925670360875E-014 -2.6039987643653712E-007  1.2991212401076915E-002  2.4183628528540627E-001  2.9221747432408711E-012  2.3162523051248424E-012 -2.0044309060403808E-005
  1.1136000000000000E+002  2.2120668801461609E-012 -5.7678347034242161E-013  1.1394595781564304E-006  3.8037997477606693E-014  2.9619799160882889E-014 -2.6349229189876600E-007  1.2991212401076915E-002  2.4183628528540627E-001  2.9279790294595977E-012  2.2799872903646205E-012 -2.0282348079916182E-005
  1.1144000000000000E+002  2.2090211613404613E-012 -5.7913390391493508E-013  1.1606619327495252E-006  3.8096951786650009E-014  2.9133454648224747E-014 -2.6654822825927492E-007  1.2991212401076915E-002  2.4183628528540627E-001  2.9325170438666864E-012  2.2425508681398964E-012 -2.0517579116570986E-005
  1.1152000000000000E+002  2.2059713678602969E-012 -5.8144482308613757E-013  1.1821072946779144E-006  3.8140152877466469E-014  2.8631896760255988E-014 -2.6956726718005325E-007  1.2991212401076915E-002  2.4183628528540627E-001  2.9358424525723212E-012  2.2039433946813562E-012 -2.0749969968754114E-005
  1.1160000000000001E+002  2.2029187368800666E-012 -5.8371500739657604E-013  1.2037926954983337E-006  3.8168058504352640E-014  2.8115038655809512E-014 -2.7254899460113345E-007  1.2991212401076915E-002  2.4183628528540627E-001  2.9379904912636843E-012  2.1641581853806612E-012 -2.0979488764154106E-005
  1.1168000000000001E+002  2.1998644784996005E-012 -5.8594322927106709E-013  1.2257151338140958E-006  3.8180900795244049E-014  2.7582853198504369E-014 -2.7549300075291283E-007  1.2991212401076915E-002  2.4183628528540627E-001  2.9389790280142121E-012  2.1231931514118981E-012 -2.1206103960710801E-005
  1.1176000000000001E+002  2.1968097927528276E-012 -5.8812826390833673E-013  1.2478715756187998E-006  3.8178716221815770E-014  2.7035461527248055E-014 -2.7839888016792726E-007  1.2991212401076915E-002  2.4183628528540627E-001  2.9388108702349249E-012  2.0810576174558514E-012 -2.1429784347521557E-005
  1.1184000000000000E+002  2.1937558839041099E-012 -5.9026890311542678E-013  1.2702589546409641E-006  3.8161381768712018E-014  2.6473136533955691E-014 -2.8126623169229804E-007  1.2991212401076915E-002  2.4183628528540627E-001  2.9374765488052149E-012  2.0377725893975503E-012 -2.1650499045722699E-005
  1.1192000000000000E+002  2.1907039716698337E-012 -5.9236396575376964E-013  1.2928741726895675E-006  3.8128650797601422E-014  2.5896217040550544E-014 -2.8409465849712979E-007  1.2991212401076915E-002  2.4183628528540627E-001  2.9349570787125907E-012  1.9933641480916942E-012 -2.1868217509366520E-005
  1.1200000000000000E+002  2.1876552997764937E-012 -5.9441229784191487E-013  1.3157141000005049E-006  3.8080176951030658E-014  2.5304966579787729E-014 -2.8688376809015315E-007  1.2991212401076915E-002  2.4183628528540627E-001  2.9312257990541915E-012  1.9478525790010854E-012 -2.2082909526317359E-005
  1.1208000000000000E+002  2.1846111433576688E-012 -5.9641276040653568E-013  1.3387755755839920E-006  3.8015522337175670E-014  2.4699422979423877E-014 -2.8963317232797243E-007  1.2991212401076915E-002  2.4183628528540627E-001  2.9262490030586378E-012  1.9012407939213200E-012 -2.2294545219194679E-005
  1.1216000000000000E+002  2.1815728162025456E-012 -5.9836420551862269E-013  1.3620554075729805E-006  3.7934148879627172E-014  2.4079285760960630E-014 -2.9234248742931760E-007  1.2991212401076915E-002  2.4183628528540627E-001  2.9199852722353149E-012  1.8535056634871409E-012 -2.2503095046393266E-005
  1.1224000000000001E+002  2.1785416795369284E-012 -6.0026544612828938E-013  1.3855503735726828E-006  3.7835403335538711E-014  2.3443881077399574E-014 -2.9501133398968744E-007  1.2991212401076915E-002  2.4183628528540627E-001  2.9123843231446608E-012  1.8045953182519086E-012 -2.2708529803210058E-005
  1.1232000000000001E+002  2.1755191516688594E-012 -6.0211522649100662E-013  1.4092572210113305E-006  3.7718506625913109E-014  2.2792216910664615E-014 -2.9763933699769595E-007  1.2991212401076915E-002  2.4183628528540627E-001  2.9033861860949437E-012  1.7544333975152918E-012 -2.2910820623102385E-005
  1.1240000000000001E+002  2.1725067184767823E-012 -6.0391220083399572E-013  1.4331726674923141E-006  3.7582556580222465E-014  2.2123128094013013E-014 -3.0022612585332720E-007  1.2991212401076915E-002  2.4183628528540627E-001  2.8929214164111015E-012  1.7029302124394975E-012 -2.3109938979093269E-005
  1.1248000000000000E+002  2.1695059426160238E-012 -6.0565492698604870E-013  1.4572934011478628E-006  3.7426551714548915E-014  2.1435474967777236E-014 -3.0277133438815430E-007  1.2991212401076915E-002  2.4183628528540627E-001  2.8809129247587490E-012  1.6499980375965559E-012 -2.3305856685327913E-005
  1.1256000000000000E+002  2.1665184702024545E-012 -6.0734187682884008E-013  1.4816160809944188E-006  3.7249438672031065E-014  2.0728349821815870E-014 -3.0527460088746150E-007  1.2991212401076915E-002  2.4183628528540627E-001  2.8672796288776386E-012  1.5955670018987060E-012 -2.3498545898776535E-005
  1.1264000000000000E+002  2.1635460324284989E-012 -6.0897146295753924E-013  1.5061373372898567E-006  3.7050181307404469E-014  2.0001243049490079E-014 -3.0773556811413980E-007  1.2991212401076915E-002  2.4183628528540627E-001  2.8519417713724611E-012  1.5395978783190517E-012 -2.3687979121073392E-005
  1.1272000000000000E+002  2.1605904411932698E-012 -6.1054207571675849E-013  1.5308537718926812E-006  3.6827839784236764E-014  1.9254129486333254E-014 -3.1015388333422100E-007  1.2991212401076915E-002  2.4183628528540627E-001  2.8348270082308448E-012  1.4820887298199841E-012 -2.3874129200482455E-005
  1.1280000000000000E+002  2.1576535780630210E-012 -6.1205212367535256E-013  1.5557619586233320E-006  3.6581649061677873E-014  1.8487459813834994E-014 -3.1252919834404102E-007  1.2991212401076915E-002  2.4183628528540627E-001  2.8158764503492232E-012  1.4230742476585717E-012 -2.4056969333988573E-005
  1.1288000000000000E+002  2.1547373773434013E-012 -6.1350006928697209E-013  1.5808584436277278E-006  3.6311085274792867E-014  1.7702064908825088E-014 -3.1486116949915943E-007  1.2991212401076915E-002  2.4183628528540627E-001  2.7950497731668565E-012  1.3626183886699967E-012 -2.4236473069523357E-005
  1.1296000000000001E+002  2.1518438044190541E-012 -6.1488445406076457E-013  1.6061397457431975E-006  3.6015911797932419E-014  1.6899005385386123E-014 -3.1714945774528676E-007  1.2991212401076915E-002  2.4183628528540627E-001  2.7723287623984529E-012  1.3008027937396369E-012 -2.4412614308345609E-005
  1.1304000000000001E+002  2.1489748314557321E-012 -6.1620391014863387E-013  1.6316023568669736E-006  3.5696190802340235E-014  1.6079412226893913E-014 -3.1939372865155169E-007  1.2991212401076915E-002  2.4183628528540627E-001  2.7477182036822851E-012  1.2377145204369631E-012 -2.4585367307602180E-005
  1.1312000000000000E+002  2.1461324138906797E-012 -6.1745716001706760E-013  1.6572427423274458E-006  3.5352265191750766E-014  1.5244369376010067E-014 -3.2159365244644573E-007  1.2991212401076915E-002  2.4183628528540627E-001  2.7212444920708260E-012  1.1734370053672403E-012 -2.4754706683095058E-005
  1.1320000000000000E+002  2.1433184690250520E-012 -6.1864300924879548E-013  1.6830573412584050E-006  3.4984715466896840E-014  1.4394864447912910E-014 -3.2374890405669405E-007  1.2991212401076915E-002  2.4183628528540627E-001  2.6929523116716342E-012  1.1080462703172316E-012 -2.4920607412273340E-005
  1.1328000000000000E+002  2.1405348594159762E-012 -6.1976033832873367E-013  1.7090425669765169E-006  3.4594300092320521E-014  1.3531813124389672E-014 -3.2585916314911350E-007  1.2991212401076915E-002  2.4183628528540627E-001  2.6629000453762897E-012  1.0416127999929716E-012 -2.5083044837454987E-005
  1.1336000000000000E+002  2.1377833810102807E-012 -6.2080809934869783E-013  1.7351948073622631E-006  3.4181891880892958E-014  1.2656148318261432E-014 -3.2792411417533061E-007  1.2991212401076915E-002  2.4183628528540627E-001  2.6311548780512432E-012  9.7420840546123081E-013 -2.5241994669269419E-005
  1.1344000000000000E+002  2.1350657567150333E-012 -6.2178532205965550E-013  1.7615104252445698E-006  3.3748427039915271E-014  1.1768935990080218E-014 -3.2994344641909375E-007  1.2991212401076915E-002  2.4183628528540627E-001  2.5977888743561450E-012  9.0591513915246166E-013 -2.5397432990299147E-005
  1.1352000000000000E+002  2.1323836326838943E-012 -6.2269112910711066E-013  1.7879857587893181E-006  3.3294879357953942E-014  1.0871472731011850E-014 -3.3191685404578080E-007  1.2991212401076915E-002  2.4183628528540627E-001  2.5628769917727033E-012  8.3683280631383920E-013 -2.5549336258890431E-005
  1.1360000000000001E+002  2.1297385760177607E-012 -6.2352475769661739E-013  1.8146171218918947E-006  3.2822254839587025E-014  9.9653321198992989E-015 -3.3384403615368836E-007  1.2991212401076915E-002  2.4183628528540627E-001  2.5264966676140065E-012  7.6708253334950561E-013 -2.5697681313101593E-005
  1.1368000000000001E+002  2.1271320719095604E-012 -6.2428558224629455E-013  1.8414008045739082E-006  3.2331602745135117E-014  9.0523355253729939E-015 -3.3572469682678206E-007  1.2991212401076915E-002  2.4183628528540627E-001  2.4887286688081311E-012  6.9680452030962199E-013 -2.5842445374763627E-005
  1.1376000000000001E+002  2.1245655195785391E-012 -6.2497313138067707E-013  1.8683330733841798E-006  3.1824030692622100E-014  8.1344494853268554E-015 -3.3755854518869356E-007  1.2991212401076915E-002  2.4183628528540627E-001  2.4496582543736889E-012  6.2615014166439050E-013 -2.5983606053636033E-005
  1.1384000000000000E+002  2.1220402269987408E-012 -6.2558709416394685E-013  1.8954101718040992E-006  3.1300715716262081E-014  7.2136330973307920E-015 -3.3934529545783461E-007  1.2991212401076915E-002  2.4183628528540627E-001  2.4093760266490364E-012  5.5527019916425438E-013 -2.6121141351649799E-005
  1.1392000000000000E+002  2.1195574050639371E-012 -6.2612731267625000E-013  1.9226283206574334E-006  3.0762891554153963E-014  6.2916669683870750E-015 -3.4108466700364401E-007  1.2991212401076915E-002  2.4183628528540627E-001  2.3679769527596595E-012  4.8430175522848230E-013 -2.6255029667236419E-005
  1.1400000000000000E+002  2.1171181643500762E-012 -6.2659376087888878E-013  1.9499837185246823E-006  3.0211810966200920E-014  5.3700017496228122E-015 -3.4277638440394897E-007  1.2991212401076915E-002  2.4183628528540627E-001  2.3255574640360399E-012  4.1335647388675591E-013 -2.6385249799744094E-005
  1.1408000000000000E+002  2.1147235153093450E-012 -6.2698651295618965E-013  1.9774725421620652E-006  2.9648692285048022E-014  4.4496654963659983E-015 -3.4442017750344077E-007  1.2991212401076915E-002  2.4183628528540627E-001  2.2822113417675760E-012  3.4251348981082024E-013 -2.6511780953938525E-005
  1.1416000000000000E+002  2.1123743735844685E-012 -6.2730570735830734E-013  2.0050909469252328E-006  2.9074650072277890E-014  3.5312434607236934E-015 -3.4601578147314447E-007  1.2991212401076915E-002  2.4183628528540627E-001  2.2380243794544337E-012  2.7181785284576674E-013 -2.6634602744580100E-005
  1.1424000000000001E+002  2.1100715712977805E-012 -6.2755151190990544E-013  2.0328350671977683E-006  2.8490627278569032E-014  2.6149323125656199E-015 -3.4756293687066144E-007  1.2991212401076915E-002  2.4183628528540627E-001  2.1930691608280923E-012  2.0128470167641314E-013 -2.6753695201061614E-005
  1.1432000000000001E+002  2.1078158732198975E-012 -6.2772409652831784E-013  2.0607010168245386E-006  2.7897340423030295E-014  1.7006446735343815E-015 -3.4906138970091488E-007  1.2991212401076915E-002  2.4183628528540627E-001  2.1474008400260626E-012  1.3090731034415443E-013 -2.6869038772084091E-005
  1.1440000000000001E+002  2.1056079968300957E-012 -6.2782361505767094E-013  2.0886848895499147E-006  2.7295246708293296E-014  7.8813075010805453E-016 -3.5051089147706207E-007  1.2991212401076915E-002  2.4183628528540627E-001  2.1010546102709410E-012  6.0666450965173542E-014 -2.6980614330345826E-005
  1.1448000000000000E+002  2.1034486337465705E-012 -6.2785019744833513E-013  2.1167827594608685E-006  2.6684544934990290E-014 -1.2291623785856047E-016 -3.5191119928128486E-007  1.2991212401076915E-002  2.4183628528540627E-001  2.0540457742632403E-012 -9.4614908958305921E-015 -2.7088403177220873E-005
  1.1456000000000000E+002  2.1013384696404972E-012 -6.2780394845961357E-013  2.1449906814349203E-006  2.6065205231619465E-014 -1.0327993388716771E-015 -3.5326207582518049E-007  1.2991212401076915E-002  2.4183628528540627E-001  2.0063720326410478E-012 -7.9499842430855725E-014 -2.7192387047408792E-005
  1.1464000000000000E+002  2.0992782009095114E-012 -6.2768494955411566E-013  2.1733046915928974E-006  2.5437021648845608E-014 -1.9418095453722200E-015 -3.5456328950968650E-007  1.2991212401076915E-002  2.4183628528540627E-001  1.9580175324310921E-012 -1.4947100281507340E-013 -2.7292548113546140E-005
  1.1472000000000000E+002  2.0972685461766819E-012 -6.2749325893235401E-013  2.2017208077564701E-006  2.4799677137306435E-014 -2.8502650159202273E-015 -3.5581461448450805E-007  1.2991212401076915E-002  2.4183628528540627E-001  1.9089578687243386E-012 -2.1939946233843974E-013 -2.7388868990781174E-005
  1.1480000000000000E+002  2.0953102525675424E-012 -6.2722890715156842E-013  2.2302350299104187E-006  2.4152802278455925E-014 -3.7585697678055640E-015 -3.5701583070720641E-007  1.2991212401076915E-002  2.4183628528540627E-001  1.8591646054878411E-012 -2.8931632027614815E-013 -2.7481332741323620E-005
  1.1488000000000000E+002  2.0934040978121290E-012 -6.2689188776950512E-013  2.2588433406696231E-006  2.3496020701063777E-014 -4.6672582587387995E-015 -3.5816672400227154E-007  1.2991212401076915E-002  2.4183628528540627E-001  1.8086087715043761E-012 -3.5926271656920554E-013 -2.7569922878990218E-005
  1.1496000000000001E+002  2.0915508892553722E-012 -6.2648214583017021E-013  2.2875417057507822E-006  2.2828968496988175E-014 -5.5770071022667942E-015 -3.5926708612044886E-007  1.2991212401076915E-002  2.4183628528540627E-001  1.7572623549049812E-012 -4.2929073361962835E-013 -2.7654623373771371E-005
  1.1504000000000001E+002  2.0897514628526109E-012 -6.2599956663314244E-013  2.3163260744488949E-006  2.2151287937402645E-014 -6.4886004142509857E-015 -3.6031671479866676E-007  1.2991212401076915E-002  2.4183628528540627E-001  1.7050978194742413E-012 -4.9946072883185299E-013 -2.7735418656444769E-005
  1.1512000000000000E+002  2.0880066831853878E-012 -6.2544396976389006E-013  2.3451923801185688E-006  2.1462610074833555E-014 -7.4028444275519242E-015 -3.6131541382084570E-007  1.2991212401076915E-002  2.4183628528540627E-001  1.6520867654397498E-012 -5.6983476206873843E-013 -2.7812293623256694E-005
  1.1520000000000000E+002  2.0863174452406375E-012 -6.2481511152473413E-013  2.3741365406602303E-006  2.0762534797611092E-014 -8.3204530089816768E-015 -3.6226299307977919E-007  1.2991212401076915E-002  2.4183628528540627E-001  1.5981983941615214E-012 -6.4046778330650250E-013 -2.7885233640683879E-005
  1.1528000000000000E+002  2.0846846776177700E-012 -6.2411269728245299E-013  2.4031544590113335E-006  2.0050627243376887E-014 -9.2419313335882297E-015 -3.6315926864006841E-007  1.2991212401076915E-002  2.4183628528540627E-001  1.5433992320619941E-012 -7.1139867844991348E-013 -2.7954224550278518E-005
  1.1536000000000000E+002  2.0831093448816972E-012 -6.2333640251136001E-013  2.4322420236426412E-006  1.9326439761284646E-014 -1.0167481308420697E-014 -3.6400406280205724E-007  1.2991212401076915E-002  2.4183628528540627E-001  1.4876548211682667E-012 -7.8264298931625789E-013 -2.8019252673590510E-005
  1.1544000000000000E+002  2.0815924472559645E-012 -6.2248590027310568E-013  2.4613951090596627E-006  1.8589556917027229E-014 -1.1096945711673667E-014 -3.6479720416666210E-007  1.2991212401076915E-002  2.4183628528540627E-001  1.4309331833789737E-012 -8.5418861373971920E-013 -2.8080304817156402E-005
  1.1552000000000000E+002  2.0801350157749728E-012 -6.2156089119749223E-013  2.4906095763093071E-006  1.7839661224478468E-014 -1.2029803979543295E-014 -3.6553852770088994E-007  1.2991212401076915E-002  2.4183628528540627E-001  1.3732098801647739E-012 -9.2599548126442225E-013 -2.8137368277543388E-005
  1.1560000000000001E+002  2.0787381014600479E-012 -6.2056113163637875E-013  2.5198812734918051E-006  1.7076603244115545E-014 -1.2965213694284653E-014 -3.6622787480400207E-007  1.2991212401076915E-002  2.4183628528540627E-001  1.3144734084016287E-012 -9.9799874669204927E-013 -2.8190430846442283E-005
  1.1568000000000001E+002  2.0774027592559144E-012 -6.1948645700640668E-013  2.5492060362779475E-006  1.6300463179497375E-014 -1.3902075267820279E-014 -3.6686509337432391E-007  1.2991212401076915E-002  2.4183628528540627E-001  1.2547299417676033E-012 -1.0701137691096555E-012 -2.8239480815809976E-005
  1.1576000000000001E+002  2.0761300273513283E-012 -6.1833679959352751E-013  2.5785796884316969E-006  1.5511589981427847E-014 -1.4839103269992915E-014 -3.6745003787679853E-007  1.2991212401076915E-002  2.4183628528540627E-001  1.1940063407892641E-012 -1.1422416023898594E-012 -2.8284506983069271E-005
  1.1584000000000000E+002  2.0749209048588859E-012 -6.1711220048320781E-013  2.6079980423382352E-006  1.4710601982311063E-014 -1.5774876367942799E-014 -3.6798256941144011E-007  1.2991212401076915E-002  2.4183628528540627E-001  1.1323502016709327E-012 -1.2142728392798401E-012 -2.8325498656378858E-005
  1.1592000000000000E+002  2.0737763310341585E-012 -6.1581281937465666E-013  2.6374568995375273E-006  1.3898355656297711E-014 -1.6707856092809467E-014 -3.6846255578287799E-007  1.2991212401076915E-002  2.4183628528540627E-001  1.0698274516045398E-012 -1.2860890559702266E-012 -2.8362445659985787E-005
  1.1600000000000000E+002  2.0726971679538783E-012 -6.1443894350835830E-013  2.6669520512634957E-006  1.3075888531468606E-014 -1.7636375747192531E-014 -3.6888987157107869E-007  1.2991212401076915E-002  2.4183628528540627E-001  1.0065179544279466E-012 -1.3575619582457310E-012 -2.8395338339668695E-005
  1.1608000000000000E+002  2.0716841888691236E-012 -6.1299099925510585E-013  2.6964792789888999E-006  1.2244345615138336E-014 -1.8558612334588394E-014 -3.6926439820323775E-007  1.2991212401076915E-002  2.4183628528540627E-001  9.4250984720454807E-013 -1.4285512207505298E-012 -2.8424167568273030E-005
  1.1616000000000000E+002  2.0707380726554561E-012 -6.1146956553482416E-013  2.7260343549760138E-006  1.1404910955776824E-014 -1.9472568369266884E-014 -3.6958602402680197E-007  1.2991212401076915E-002  2.4183628528540627E-001  8.7789427219534402E-013 -1.4989030868013918E-012 -2.8448924751331401E-005
  1.1624000000000001E+002  2.0698594031161993E-012 -6.0987538831602315E-013  2.7556130428331882E-006  1.0558762561693719E-014 -2.0376079374370808E-014 -3.6985464438341799E-007  1.2991212401076915E-002  2.4183628528540627E-001  8.1276190671930257E-013 -1.5684509455546740E-012 -2.8469601832755670E-005
  1.1632000000000001E+002  2.0690486706455851E-012 -6.0820939283492483E-013  2.7852110980773606E-006  9.7070616410665235E-015 -2.1266864151507897E-014 -3.7007016168360094E-007  1.2991212401076915E-002  2.4183628528540627E-001  7.4720213490321188E-013 -1.6370192015138354E-012 -2.8486191300584404E-005
  1.1640000000000001E+002  2.0683062732536286E-012 -6.0647269005178189E-013  2.8148242687025644E-006  8.8509740693247394E-015 -2.2142616963039503E-014 -3.7023248548186885E-007  1.2991212401076915E-002  2.4183628528540627E-001  6.8130470013629641E-013 -1.7044303702712557E-012 -2.8498686192766600E-005
  1.1648000000000000E+002  2.0676325147944932E-012 -6.0466657412083851E-013  2.8444482957544597E-006  7.9917176549690073E-015 -2.3001124825239437E-014 -3.7034153255211806E-007  1.2991212401076915E-002  2.4183628528540627E-001  6.1516334336157992E-013 -1.7705141071616710E-012 -2.8507080102964108E-005
  1.1656000000000000E+002  2.0670275984288336E-012 -6.0279251007974358E-013  2.8740789139109032E-006  7.1306150462101970E-015 -2.3840383885651554E-014 -3.7039722696305410E-007  1.2991212401076915E-002  2.4183628528540627E-001  5.4887987557013980E-013 -1.8351161654223909E-012 -2.8511367186356677E-005
  1.1664000000000000E+002  2.0664916163870995E-012 -6.0085211269913426E-013  2.9037118520685483E-006  6.2691255240379338E-015 -2.4658690274337236E-014 -3.7039950015344263E-007  1.2991212401076915E-002  2.4183628528540627E-001  4.8256662507630550E-013 -1.8981053894780102E-012 -2.8511542165436042E-005
  1.1672000000000000E+002  2.0660245383449875E-012 -5.9884711963584962E-013  2.9333428339354541E-006  5.4088379564128666E-015 -2.5454684137815335E-014 -3.7034829100713014E-007  1.2991212401076915E-002  2.4183628528540627E-001  4.1634589516559950E-013 -1.9593771044575685E-012 -2.8507600335780064E-005
  1.1680000000000000E+002  2.0656262023140735E-012 -5.9677936323708380E-013  2.9629675786296891E-006  4.5514221798880793E-015 -2.6227342087228570E-014 -3.7024354592774688E-007  1.2991212401076915E-002  2.4183628528540627E-001  3.5034622168984958E-013 -2.0188525348915238E-012 -2.8499537571801627E-005
  1.1688000000000000E+002  2.0652963107962054E-012 -5.9465074490189305E-013  2.9925818012838936E-006  3.6985411534420322E-015 -2.6975924926449055E-014 -3.7008521891304997E-007  1.2991212401076915E-002  2.4183628528540627E-001  2.8469561109901714E-013 -2.0764747810768681E-012 -2.8487350332473152E-005
  1.1696000000000001E+002  2.0650344357295228E-012 -5.9246321524885196E-013  3.0221812136557771E-006  2.8517392001224543E-015 -2.7699903854238437E-014 -3.6987327162905195E-007  1.2991212401076915E-002  2.4183628528540627E-001  2.1951293782902075E-013 -2.1322031384801561E-012 -2.8471035667032230E-005
  1.1704000000000001E+002  2.0648400325241858E-012 -5.9021876028521490E-013  3.0517615247445419E-006  2.0123373045297541E-015 -2.8398889317009702E-014 -3.6960767348404091E-007  1.2991212401076915E-002  2.4183628528540627E-001  1.5489988481461460E-013 -2.1860076211713191E-012 -2.8450591220678114E-005
  1.1712000000000000E+002  2.0647124617607980E-012 -5.8791939295813040E-013  3.0813184414132237E-006  1.1813616777588229E-015 -2.9072590049225220E-014 -3.6928840170258997E-007  1.2991212401076915E-002  2.4183628528540627E-001  9.0935444767331441E-014 -2.2378658089537108E-012 -2.8426015240269609E-005
  1.1720000000000000E+002  2.0646510146557444E-012 -5.8556714587733886E-013  3.1108476690169563E-006  3.5952237412639289E-016 -2.9720816078090316E-014 -3.6891544139973092E-007  1.2991212401076915E-002  2.4183628528540627E-001  2.7674274195962264E-014 -2.2877630786505291E-012 -2.8397306580034806E-005
  1.1728000000000000E+002  2.0646549381809378E-012 -5.8316406238563595E-013  3.1403449120371806E-006 -4.5275228954529633E-016 -3.0343523141436856E-014 -3.6848878565538986E-007  1.2991212401076915E-002  2.4183628528540627E-001 -3.4850657164734907E-014 -2.3356960231765255E-012 -2.8364464707300420E-005
  1.1736000000000000E+002  2.0647234550220717E-012 -5.8071218217470897E-013  3.1698058747218187E-006 -1.2552285860030516E-015 -3.0940888478738210E-014 -3.6800843558912996E-007  1.2991212401076915E-002  2.4183628528540627E-001 -9.6621358134182215E-014 -2.3816782855596203E-012 -2.8327489708244840E-005
  1.1744000000000000E+002  2.0648557747546983E-012 -5.7821352022903784E-013  3.1992262617314414E-006 -2.0477544125902218E-015 -3.1513386176485949E-014 -3.6747440043518792E-007  1.2991212401076915E-002  2.4183628528540627E-001 -1.5762612059381937E-013 -2.4257463586595698E-012 -2.8286382293674439E-005
  1.1752000000000000E+002  2.0650510957280861E-012 -5.7567004038647121E-013  3.2286017787914487E-006 -2.8301528732290080E-015 -3.2061828704239597E-014 -3.6688669761772499E-007  1.2991212401076915E-002  2.4183628528540627E-001 -2.1785132794817301E-013 -2.4679627824099008E-012 -2.8241143804816070E-005
  1.1760000000000001E+002  2.0653085992144149E-012 -5.7308362763635950E-013  3.2579281333502774E-006 -3.6021465167366183E-015 -3.2587351332333538E-014 -3.6624535282609902E-007  1.2991212401076915E-002  2.4183628528540627E-001 -2.7727562336199352E-013 -2.5084149443690615E-012 -2.8191776219110799E-005
  1.1768000000000001E+002  2.0656274391707640E-012 -5.7045606417329785E-013  3.2872010352436246E-006 -4.3633360899738133E-015 -3.3091327943271108E-014 -3.6555040008982425E-007  1.2991212401076915E-002  2.4183628528540627E-001 -3.3586827428143347E-013 -2.5472085992934541E-012 -2.8138282155984402E-005
  1.1776000000000001E+002  2.0660067329888107E-012 -5.6778901516543613E-013  3.3164161973646493E-006 -5.1132488956570574E-015 -3.3575229310961511E-014 -3.6480188185280583E-007  1.2991212401076915E-002  2.4183628528540627E-001 -3.9359289478119513E-013 -2.5844569601662254E-012 -2.8080664882560841E-005
  1.1784000000000000E+002  2.0664455589940691E-012 -5.6508402748354401E-013  3.3455693363400735E-006 -5.8514386699367552E-015 -3.4040451376218469E-014 -3.6399984904628253E-007  1.2991212401076915E-002  2.4183628528540627E-001 -4.5041513365217453E-013 -2.6202674796846904E-012 -2.8018928319277547E-005
  1.1792000000000000E+002  2.0669429631760006E-012 -5.6234254294524117E-013  3.3746561732120545E-006 -6.5776106262564747E-015 -3.4488155603620737E-014 -3.6314436115991670E-007  1.2991212401076915E-002  2.4183628528540627E-001 -5.0631229966725943E-013 -2.6547295617121324E-012 -2.7953077045358271E-005
  1.1800000000000000E+002  2.0674979766942701E-012 -5.5956592258696469E-013  3.4036724341256602E-006 -7.2917411362100963E-015 -3.4919164147538462E-014 -3.6223548631052829E-007  1.2991212401076915E-002  2.4183628528540627E-001 -5.6128257402711088E-013 -2.6879064916714605E-012 -2.7883116304102698E-005
  1.1808000000000000E+002  2.0681096417577942E-012 -5.5675547668163502E-013  3.4326138510217390E-006 -7.9941447769607028E-015 -3.5333924926301742E-014 -3.6127330130801259E-007  1.2991212401076915E-002  2.4183628528540627E-001 -6.1535017134320485E-013 -2.7198327481253782E-012 -2.7809052007960886E-005
  1.1816000000000000E+002  2.0687770398585838E-012 -5.5391249459875641E-013  3.4614761623349422E-006 -8.6854654025846881E-015 -3.5732554707483577E-014 -3.6025789171822708E-007  1.2991212401076915E-002  2.4183628528540627E-001 -6.6856465235404373E-013 -2.7505173192705181E-012 -2.7730890743373911E-005
  1.1824000000000001E+002  2.0694993162222078E-012 -5.5103826792843765E-013  3.4902551136966554E-006 -9.3665908810997830E-015 -3.6114943473276239E-014 -3.5918935192279994E-007  1.2991212401076915E-002  2.4183628528540627E-001 -7.2099436079765567E-013 -2.7799517364739829E-012 -2.7648639775377919E-005
  1.1832000000000001E+002  2.0702756943995598E-012 -5.4813410364303221E-013  3.5189464586425902E-006 -1.0038501727493774E-014 -3.6480880786796291E-014 -3.5806778517600036E-007  1.2991212401076915E-002  2.4183628528540627E-001 -7.7271477192251974E-013 -2.8081198013336820E-012 -2.7562307051982054E-005
  1.1840000000000001E+002  2.0711054764986068E-012 -5.4520132700255024E-013  3.5475459593248154E-006 -1.0702091038874488E-014 -3.6830168453591765E-014 -3.5689330365897774E-007  1.2991212401076915E-002  2.4183628528540627E-001 -8.2379463197672049E-013 -2.8350062578099509E-012 -2.7471901208342451E-005
  1.1848000000000000E+002  2.0719880289657797E-012 -5.4224127669045753E-013  3.5760493872280266E-006 -1.1358003540776117E-014 -3.7162684260765216E-014 -3.5566602853169015E-007  1.2991212401076915E-002  2.4183628528540627E-001 -8.7428356877875041E-013 -2.8606016985515901E-012 -2.7377431570759895E-005
  1.1856000000000000E+002  2.0729227570651309E-012 -5.3925529752082780E-013  3.6044525238898858E-006 -1.2006534327923290E-014 -3.7478372604121620E-014 -3.5438608998288452E-007  1.2991212401076915E-002  2.4183628528540627E-001 -9.2420429727766368E-013 -2.8849018434195506E-012 -2.7278908160527495E-005
  1.1864000000000000E+002  2.0739090744582475E-012 -5.3624473707379807E-013  3.6327511616252881E-006 -1.2647616415617239E-014 -3.7777163953343406E-014 -3.5305362727839610E-007  1.2991212401076915E-002  2.4183628528540627E-001 -9.7355166131913422E-013 -2.9079013403100413E-012 -2.7176341697648541E-005
  1.1872000000000000E+002  2.0749463756916297E-012 -5.3321095128829286E-013  3.6609411042544292E-006 -1.3280901116112048E-014 -3.8058852844763573E-014 -3.5166878880788078E-007  1.2991212401076915E-002  2.4183628528540627E-001 -1.0222988206250750E-012 -2.9295843736346885E-012 -2.7069743604432811E-005
  1.1880000000000000E+002  2.0760340186368254E-012 -5.3015532061863590E-013  3.6890181678345491E-006 -1.3905909789118754E-014 -3.8322967194061181E-014 -3.5023173212986144E-007  1.2991212401076915E-002  2.4183628528540627E-001 -1.0704089318071438E-012 -2.9499146046510667E-012 -2.6959126008964907E-005
  1.1888000000000000E+002  2.0771713212578887E-012 -5.2707927653724307E-013  3.7169781813952070E-006 -1.4522216767112959E-014 -3.8568668455066637E-014 -3.4874262401485778E-007  1.2991212401076915E-002  2.4183628528540627E-001 -1.1178492290609799E-012 -2.9688274861759106E-012 -2.6844501748423919E-005
  1.1896000000000001E+002  2.0783575733195635E-012 -5.2398433366582524E-013  3.7448169876769263E-006 -1.5129613766667706E-014 -3.8794725405307979E-014 -3.4720164048616298E-007  1.2991212401076915E-002  2.4183628528540627E-001 -1.1646036797469579E-012 -2.9862282447242498E-012 -2.6725884372222341E-005
  1.1904000000000001E+002  2.0795920594605555E-012 -5.2087212047239379E-013  3.7725304438729931E-006 -1.5728201322019145E-014 -3.8999574564306561E-014 -3.4560896685779084E-007  1.2991212401076915E-002  2.4183628528540627E-001 -1.2106800224986287E-012 -3.0019965312147056E-012 -2.6603288144926575E-005
  1.1912000000000000E+002  2.0808740855310865E-012 -5.1774440173553619E-013  3.8001144223741728E-006 -1.6318381828451835E-014 -3.9181460808138172E-014 -3.4396479776912466E-007  1.2991212401076915E-002  2.4183628528540627E-001 -1.2561092317372744E-012 -3.0159972447906731E-012 -2.6476728048923857E-005
  1.1920000000000000E+002  2.0822030005531078E-012 -5.1460308674309169E-013  3.8275648115160531E-006 -1.6900750179974476E-014 -3.9338627033662563E-014 -3.4226933721586840E-007  1.2991212401076915E-002  2.4183628528540627E-001 -1.3009370994945679E-012 -3.0280951322450646E-012 -2.6346219786807028E-005
  1.1928000000000000E+002  2.0835782055598824E-012 -5.1145022141015018E-013  3.8548775163287118E-006 -1.7475900497613053E-014 -3.9469504794750776E-014 -3.4052279857717552E-007  1.2991212401076915E-002  2.4183628528540627E-001 -1.3452093583015686E-012 -3.0381694622650410E-012 -2.6211779783459582E-005
  1.1936000000000000E+002  2.0849991446327259E-012 -5.0828796597593156E-013  3.8820484592884011E-006 -1.8044200686542635E-014 -3.9572858779554800E-014 -3.3872540463874127E-007  1.2991212401076915E-002  2.4183628528540627E-001 -1.3889543276997224E-012 -3.0461251465856009E-012 -2.6073425187834423E-005
  1.1944000000000000E+002  2.0864652776697293E-012 -5.0511856400542141E-013  3.9090735810709104E-006 -1.8605594945118202E-014 -3.9647850508159894E-014 -3.3687738761195349E-007  1.2991212401076915E-002  2.4183628528540627E-001 -1.4321677123510724E-012 -3.0518976431232451E-012 -2.5931173874428469E-005
  1.1952000000000000E+002  2.0879760398239448E-012 -5.0194430989462598E-013  3.9359488413063137E-006 -1.9159486605388616E-014 -3.9694009356270143E-014 -3.3497898914919224E-007  1.2991212401076915E-002  2.4183628528540627E-001 -1.4748035836747053E-012 -3.0554507255211346E-012 -2.5785044444460273E-005
  1.1960000000000001E+002  2.0895307955265914E-012 -4.9876752250841819E-013  3.9626702193347811E-006 -1.9704739158706665E-014 -3.9711122274737183E-014 -3.3303046035538113E-007  1.2991212401076915E-002  2.4183628528540627E-001 -1.5167744587927313E-012 -3.0567679942978306E-012 -2.5635056226759184E-005
  1.1968000000000001E+002  2.0911287980893379E-012 -4.9559053033066803E-013  3.9892337149631747E-006 -2.0239795975688477E-014 -3.9699080429814574E-014 -3.3103206179591242E-007  1.2991212401076915E-002  2.4183628528540627E-001 -1.5579605159877397E-012 -3.0558410719636912E-012 -2.5481229278375042E-005
  1.1976000000000001E+002  2.0927691628827016E-012 -4.9241566963964785E-013  4.0156353492221271E-006 -2.0762889101667998E-014 -3.9657730292862197E-014 -3.2898406350107806E-007  1.2991212401076915E-002  2.4183628528540627E-001 -1.5982256667551797E-012 -3.0526581406347251E-012 -2.5323584384918889E-005
  1.1984000000000000E+002  2.0944508603456048E-012 -4.8924529348381008E-013  4.0418711651233472E-006 -2.1272285340619441E-014 -3.9586771546708797E-014 -3.2688674496716549E-007  1.2991212401076915E-002  2.4183628528540627E-001 -1.6374364981404513E-012 -3.0471960833638057E-012 -2.5162143060648117E-005
  1.1992000000000000E+002  2.0961727285372007E-012 -4.8608178619217445E-013  4.0679372284168736E-006 -2.1766500168044605E-014 -3.9485730569149098E-014 -3.2474039515447778E-007  1.2991212401076915E-002  2.4183628528540627E-001 -1.6754787387080368E-012 -3.0394184430296930E-012 -2.4996927548314356E-005
  1.2000000000000000E+002  2.0979335003724919E-012 -4.8292757659274622E-013  4.0938296283480636E-006 -2.2244424191987262E-014 -3.9354019594799273E-014 -3.2254531248263781E-007  1.2991212401076915E-002  2.4183628528540627E-001 -1.7122669928900848E-012 -3.0292799763274797E-012 -2.4827960818799927E-005
  1.2008000000000000E+002  2.0997318364079187E-012 -4.7978514305700656E-013  4.1195444784140957E-006 -2.2705329331162054E-014 -3.9191066074357908E-014 -3.2030180482349444E-007  1.2991212401076915E-002  2.4183628528540627E-001 -1.7477452165496072E-012 -3.0167366112118504E-012 -2.4655266570573934E-005
  1.2016000000000000E+002  2.1015663530654778E-012 -4.7665700602084896E-013  4.1450779171198227E-006 -2.3148751638911207E-014 -3.8996471026480529E-014 -3.1801018949214920E-007  1.2991212401076915E-002  2.4183628528540627E-001 -1.7818776973419839E-012 -3.0017576360500438E-012 -2.4478869229001712E-005
  1.2024000000000001E+002  2.1034356366701445E-012 -4.7354570769276968E-013  4.1704261087328395E-006 -2.3574284453078518E-014 -3.8770154659201763E-014 -3.1567079323650604E-007  1.2991212401076915E-002  2.4183628528540627E-001 -1.8146331324029467E-012 -2.9843369088467920E-012 -2.4298793945539317E-005
  1.2032000000000001E+002  2.1053382385779704E-012 -4.7045378127537667E-013  4.1955852440376637E-006 -2.3981343230504961E-014 -3.8512441769858610E-014 -3.1328395222564052E-007  1.2991212401076915E-002  2.4183628528540627E-001 -1.8459665264589136E-012 -2.9644994309126747E-012 -2.4115066596838093E-005
  1.2040000000000001E+002  2.1072726515870253E-012 -4.6738371700959230E-013  4.2205515410889420E-006 -2.4368967972722992E-014 -3.8224061220807804E-014 -3.1085001203720020E-007  1.2991212401076915E-002  2.4183628528540627E-001 -1.8758039835223365E-012 -2.9423013065077066E-012 -2.3927713783774870E-005
  1.2048000000000000E+002  2.1092372734536061E-012 -4.6433793148004743E-013  4.2453212459636157E-006 -2.4735723724757106E-014 -3.7906057235509472E-014 -3.0836932764385208E-007  1.2991212401076915E-002  2.4183628528540627E-001 -1.9040350477763491E-012 -2.9178229148472593E-012 -2.3736762830410158E-005
  1.2056000000000000E+002  2.1112303673829864E-012 -4.6131874785191079E-013  4.2698906335119583E-006 -2.5079737848074593E-014 -3.7559628503507661E-014 -3.0584226339869777E-007  1.2991212401076915E-002  2.4183628528540627E-001 -1.9305155726648437E-012 -2.8911565251903743E-012 -2.3542241782863901E-005
  1.2064000000000000E+002  2.1132500315092980E-012 -4.5832839091948620E-013  4.2942560081074074E-006 -2.5398866668862881E-014 -3.7185942436811748E-014 -3.0326919301932281E-007  1.2991212401076915E-002  2.4183628528540627E-001 -1.9550805486605911E-012 -2.8623919992047024E-012 -2.3344179408088173E-005
  1.2072000000000000E+002  2.1152941860500044E-012 -4.5536899706202091E-013  4.3184137043950500E-006 -2.5690960802971235E-014 -3.6785968893592257E-014 -3.0065049957012013E-007  1.2991212401076915E-002  2.4183628528540627E-001 -1.9775645266827314E-012 -2.8316039918293507E-012 -2.3142605192506575E-005
  1.2080000000000000E+002  2.1173605852377734E-012 -4.5244263589651144E-013  4.3423600880386266E-006 -2.5954167468732864E-014 -3.6360384179872507E-014 -2.9798657544243776E-007  1.2991212401076915E-002  2.4183628528540627E-001 -1.9978248886592864E-012 -2.7988445617945886E-012 -2.2937549340485956E-005
  1.2088000000000000E+002  2.1194468528450017E-012 -4.4955133559324130E-013  4.3660915564658400E-006 -2.6187187593263407E-014 -3.5909569542811545E-014 -2.9527782233209004E-007  1.2991212401076915E-002  2.4183628528540627E-001 -2.0157616383126811E-012 -2.7641430556423303E-012 -2.2729042772605901E-005
  1.2096000000000001E+002  2.1215505352526956E-012 -4.4669710476966159E-013  4.3896045396117610E-006 -2.6389431333109262E-014 -3.5433695233585492E-014 -2.9252465121385137E-007  1.2991212401076915E-002  2.4183628528540627E-001 -2.0313293723780326E-012 -2.7275125784755971E-012 -2.2517117123694998E-005
  1.2104000000000001E+002  2.1236691618582992E-012 -4.4388194435586763E-013  4.4128955006600563E-006 -2.6561029121912609E-014 -3.4932868851539764E-014 -2.8972748231261478E-007  1.2991212401076915E-002  2.4183628528540627E-001 -2.0445381309991312E-012 -2.6889614127657567E-012 -2.2301804740610787E-005
  1.2112000000000000E+002  2.1258002999122016E-012 -4.4110784575341523E-013  4.4359609367817794E-006 -2.6702701541812277E-014 -3.4407301695225516E-014 -2.8688674507105637E-007  1.2991212401076915E-002  2.4183628528540627E-001 -2.0554433810656588E-012 -2.6485058232419722E-012 -2.2083138679749208E-005
  1.2120000000000000E+002  2.1279415941049892E-012 -4.3837677608463154E-013  4.4587973798714253E-006 -2.6815526295123837E-014 -3.3857446212116127E-014 -2.8400287811367353E-007  1.2991212401076915E-002  2.4183628528540627E-001 -2.0641280788311231E-012 -2.6061806370981793E-012 -2.1861152704279614E-005
  1.2128000000000000E+002  2.1300907841194214E-012 -4.3569065435947665E-013  4.4814013972799671E-006 -2.6900668638050009E-014 -3.3284064317085479E-014 -2.8107632920737669E-007  1.2991212401076915E-002  2.4183628528540627E-001 -2.0706819200200089E-012 -2.5620445028153343E-012 -2.1635881281109190E-005
  1.2136000000000000E+002  2.1322457010870772E-012 -4.3305132579389787E-013  4.5037695925446055E-006 -2.6959154936883025E-014 -3.2688209710778656E-014 -2.7810755521862949E-007  1.2991212401076915E-002  2.4183628528540627E-001 -2.0751839092901506E-012 -2.5161785291162489E-012 -2.1407359577584295E-005
  1.2144000000000000E+002  2.1344042489093227E-012 -4.3046054080575206E-013  4.5258986061149478E-006 -2.6991744267180002E-014 -3.2071130902521266E-014 -2.7509702206730663E-007  1.2991212401076915E-002  2.4183628528540627E-001 -2.0776924765654167E-012 -2.4686788201432822E-012 -2.1175623457938890E-005
  1.2152000000000000E+002  2.1365643801698260E-012 -4.2791994484949446E-013  4.5477851160753746E-006 -2.6998934077130441E-014 -3.1434119177569127E-014 -2.7204520467743363E-007  1.2991212401076915E-002  2.4183628528540627E-001 -2.0782459129753340E-012 -2.4196447727206355E-012 -2.0940709479500353E-005
  1.2160000000000001E+002  2.1387240783616636E-012 -4.2543108173734100E-013  4.5694258388633372E-006 -2.6981097235086482E-014 -3.0778344367832175E-014 -2.6895258692477664E-007  1.2991212401076915E-002  2.4183628528540627E-001 -2.0768729201020688E-012 -2.3691664347879155E-012 -2.0702654888659716E-005
  1.2168000000000001E+002  2.1408813557274398E-012 -4.2299540975064132E-013  4.5908175299833389E-006 -2.6938704129685416E-014 -3.0104723042327923E-014 -2.6581966158153653E-007  1.2991212401076915E-002  2.4183628528540627E-001 -2.0736097061621518E-012 -2.3173143593458549E-012 -2.0461497616611812E-005
  1.2176000000000001E+002  2.1430342710224132E-012 -4.2061432605056854E-013  4.6119569847163831E-006 -2.6872563837537955E-014 -2.9413855975986517E-014 -2.6264693025807296E-007  1.2991212401076915E-002  2.4183628528540627E-001 -2.0685185499168527E-012 -2.2641347911106510E-012 -2.0217276274868461E-005
  1.2184000000000000E+002  2.1451809659414459E-012 -4.1828919279448347E-013  4.6328410388246305E-006 -2.6784006636280930E-014 -2.8706048677511955E-014 -2.5943490334164278E-007  1.2991212401076915E-002  2.4183628528540627E-001 -2.0617018496334260E-012 -2.2096512466482802E-012 -1.9970030150544937E-005
  1.2192000000000000E+002  2.1473197120842182E-012 -4.1602135826216662E-013  4.6534665692510459E-006 -2.6674955425430944E-014 -2.7981411761113211E-014 -2.5618409993219491E-007  1.2991212401076915E-002  2.4183628528540627E-001 -2.0533076207129262E-012 -2.1538722404995710E-012 -1.9719799201416691E-005
  1.2200000000000000E+002  2.1494489588095148E-012 -4.1381216691270536E-013  4.6738304948137817E-006 -2.6547854098033795E-014 -2.7240011948824880E-014 -2.5289504777504709E-007  1.2991212401076915E-002  2.4183628528540627E-001 -2.0435239820904880E-012 -2.0968029086004866E-012 -1.9466624050737982E-005
  1.2208000000000000E+002  2.1515673687399036E-012 -4.1166295635035464E-013  4.6939297768950534E-006 -2.6405457754165934E-014 -2.6482024349748758E-014 -2.4956828319033862E-007  1.2991212401076915E-002  2.4183628528540627E-001 -2.0325630078972747E-012 -2.0384567299933690E-012 -1.9210545981809494E-005
  1.2216000000000000E+002  2.1536738320501814E-012 -4.0957504301674556E-013  4.7137614201242359E-006 -2.6250537092771191E-014 -2.5707846463815750E-014 -2.4620435099893091E-007  1.2991212401076915E-002  2.4183628528540627E-001 -2.0206379729882388E-012 -1.9788643022790122E-012 -1.8951606932276886E-005
  1.2224000000000001E+002  2.1557674546747470E-012 -4.0754970091614412E-013  4.7333224730548824E-006 -2.6085561840535008E-014 -2.4918139442522843E-014 -2.4280380444455451E-007  1.2991212401076915E-002  2.4183628528540627E-001 -2.0079389848457663E-012 -1.9180765176664585E-012 -1.8689849488137406E-005
  1.2232000000000001E+002  2.1578475219446670E-012 -4.0558814070594190E-013  4.7526100288353646E-006 -2.5912436591813880E-014 -2.4113782908626183E-014 -2.3936720511182691E-007  1.2991212401076915E-002  2.4183628528540627E-001 -1.9946126498297220E-012 -1.8561610852138314E-012 -1.8425316877428828E-005
  1.2240000000000001E+002  2.1599134445294372E-012 -4.0369149565076393E-013  4.7716212258727747E-006 -2.5732352908958920E-014 -2.3295758221824549E-014 -2.3589512283979169E-007  1.2991212401076915E-002  2.4183628528540627E-001 -1.9807506885828093E-012 -1.7931935451916231E-012 -1.8158052963574100E-005
  1.2248000000000000E+002  2.1619646984101004E-012 -4.0186081939044998E-013  4.7903532484897313E-006 -2.5545782378880822E-014 -2.2464987616345410E-014 -2.3238813563064011E-007  1.2991212401076915E-002  2.4183628528540627E-001 -1.9663894015590542E-012 -1.7292448866807348E-012 -1.7888102238354256E-005
  1.2256000000000000E+002  2.1640007697100581E-012 -4.0009709763214867E-013  4.8088033275736771E-006 -2.5352603641089895E-014 -2.1622182942615246E-014 -2.2884682955322345E-007  1.2991212401076915E-002  2.4183628528540627E-001 -1.9515194470215660E-012 -1.6643699044458119E-012 -1.7615509814484265E-005
  1.2264000000000000E+002  2.1660211149926748E-012 -3.9840127011963154E-013  4.8269687412182471E-006 -2.5152321063192887E-014 -2.0767740557455020E-014 -2.2527179864120793E-007  1.2991212401076915E-002  2.4183628528540627E-001 -1.9361026736125484E-012 -1.5985991080966110E-012 -1.7340321417771162E-005
  1.2272000000000000E+002  2.1680251410801690E-012 -3.9677425914295587E-013  4.8448468153562704E-006 -2.4944303350978082E-014 -1.9901705239616221E-014 -2.2166364478560207E-007  1.2991212401076915E-002  2.4183628528540627E-001 -1.9200904873906304E-012 -1.5319359444824998E-012 -1.7062583378840414E-005
  1.2280000000000000E+002  2.1700122035288313E-012 -3.9521699728129294E-013  4.8624349243839434E-006 -2.4727977558152655E-014 -1.9023818366044559E-014 -2.1802297762158781E-007  1.2991212401076915E-002  2.4183628528540627E-001 -1.9034387857520578E-012 -1.4643605060654441E-012 -1.6782342624427652E-005
  1.2288000000000000E+002  2.1719816174894734E-012 -3.9373044820438874E-013  4.8797304917757244E-006 -2.4502925107345283E-014 -1.8133633309673006E-014 -2.1435041440989886E-007  1.2991212401076915E-002  2.4183628528540627E-001 -1.8861153486577579E-012 -1.3958384136779782E-012 -1.6499646668245576E-005
  1.2296000000000001E+002  2.1739326715460065E-012 -3.9231561595174526E-013  4.8967309906895272E-006 -2.4268857232207308E-014 -1.7230665493999889E-014 -2.1064657991296327E-007  1.2991212401076915E-002  2.4183628528540627E-001 -1.8680979482866970E-012 -1.3263323669907387E-012 -1.6214543601450049E-005
  1.2304000000000001E+002  2.1758646346466266E-012 -3.9097354172534875E-013  4.9134339445617986E-006 -2.4025480655776820E-014 -1.6314538524705264E-014 -2.0691210626628678E-007  1.2991212401076915E-002  2.4183628528540627E-001 -1.8493640096121348E-012 -1.2558133930096150E-012 -1.5927082082741742E-005
  1.2312000000000000E+002  2.1777767484509308E-012 -3.8970528978779242E-013  4.9298369276921331E-006 -2.3772300159869338E-014 -1.5385090679009713E-014 -2.0314763284573339E-007  1.2991212401076915E-002  2.4183628528540627E-001 -1.8298754131598495E-012 -1.1842690431059632E-012 -1.5637311328147422E-005
  1.2320000000000000E+002  2.1796682026722057E-012 -3.8851192721670720E-013  4.9459375658171159E-006 -2.3508423960803936E-014 -1.4442412651138269E-014 -1.9935380613120062E-007  1.2991212401076915E-002  2.4183628528540627E-001 -1.8095635137836092E-012 -1.1117062984776496E-012 -1.5345281100528233E-005
  1.2328000000000000E+002  2.1815380962846594E-012 -3.8739450376361029E-013  4.9617335366731252E-006 -2.3232429120932911E-014 -1.3486811347479434E-014 -1.9553127956734091E-007  1.2991212401076915E-002  2.4183628528540627E-001 -1.7883187807018181E-012 -1.0381487832776393E-012 -1.5051041698858756E-005
  1.2336000000000000E+002  2.1833853913315549E-012 -3.8635403740111049E-013  4.9772225705478904E-006 -2.2942330546287033E-014 -1.2518708199463214E-014 -1.9168071342181057E-007  1.2991212401076915E-002  2.4183628528540627E-001 -1.7659884110882227E-012 -9.6362893723648925E-013 -1.4754643947313378E-005
  1.2344000000000000E+002  2.1852088691720654E-012 -3.8539151045169618E-013  4.9924024508206149E-006 -2.2635680358914256E-014 -1.1538512708569832E-014 -1.8780277464133251E-007  1.2991212401076915E-002  2.4183628528540627E-001 -1.7423839792688238E-012 -8.8817828177555552E-013 -1.4456139184189002E-005
  1.2352000000000000E+002  2.1870071001889812E-012 -3.8450787536773932E-013  5.0072710144905036E-006 -2.2309777052933240E-014 -1.0546505997498189E-014 -1.8389813670593765E-007  1.2991212401076915E-002  2.4183628528540627E-001 -1.7172975365318412E-012 -8.1181845634545392E-013 -1.4155579250685665E-005
  1.2360000000000001E+002  2.1887784335005347E-012 -3.8370406949209647E-013  5.0218261526935649E-006 -2.1961937256107984E-014 -9.5427693290631184E-015 -1.7996747948162363E-007  1.2991212401076915E-002  2.4183628528540627E-001 -1.6905225300055193E-012 -7.3455571616026856E-013 -1.3853016479562743E-005
  1.2368000000000001E+002  2.1905210101499585E-012 -3.8298103227508922E-013  5.0360658112075634E-006 -2.1589774524742211E-014 -8.5271902840768935E-015 -1.7601148907156280E-007  1.2991212401076915E-002  2.4183628528540627E-001 -1.6618752629242565E-012 -6.5638140774067093E-013 -1.3548503683687598E-005
  1.2376000000000001E+002  2.1922327974244934E-012 -3.8233971904664417E-013  5.0499879909450150E-006 -2.1191423555391915E-014 -7.4995395234519548E-015 -1.7203085766617217E-007  1.2991212401076915E-002  2.4183628528540627E-001 -1.6312121533503039E-012 -5.7727787768525448E-013 -1.3242094144493397E-005
  1.2384000000000000E+002  2.1939116379188212E-012 -3.8178110595133691E-013  5.0635907484341510E-006 -2.0765665505989635E-014 -6.4596048336272852E-015 -1.6802628339218268E-007  1.2991212401076915E-002  2.4183628528540627E-001 -1.5984393807822841E-012 -4.9722879083187068E-013 -1.2933841600361481E-005
  1.2392000000000000E+002  2.1955553039054518E-012 -3.8130618227326380E-013  5.0768721962877642E-006 -2.0311934884521192E-014 -5.4073474971392624E-015 -1.6399847016085621E-007  1.2991212401076915E-002  2.4183628528540627E-001 -1.5635134164103647E-012 -4.1623116689948671E-013 -1.2623800234938917E-005
  1.2400000000000000E+002  2.1971615475003446E-012 -3.8091593035179462E-013  5.0898305036598880E-006 -1.9830223503370219E-014 -4.3430402825264237E-015 -1.5994812751541376E-007  1.2991212401076915E-002  2.4183628528540627E-001 -1.5264336299918382E-012 -3.3430600227632434E-013 -1.2312024665392738E-005
  1.2408000000000000E+002  2.1987281396659910E-012 -3.8061129582805957E-013  5.1024638966902304E-006 -1.9320916331946988E-014 -3.2673540549197813E-015 -1.5587597047744720E-007  1.2991212401076915E-002  2.4183628528540627E-001 -1.4872296545891210E-012 -2.5150493687940776E-013 -1.1998569930588327E-005
  1.2416000000000000E+002  2.2002528941134561E-012 -3.8039315370300746E-013  5.1147706589362795E-006 -1.8784616738534734E-014 -2.1813695043651203E-015 -1.5178271939200755E-007  1.2991212401076915E-002  2.4183628528540627E-001 -1.4459479345421158E-012 -1.6791115694361152E-013 -1.1683491479165188E-005
  1.2424000000000001E+002  2.2017336783441566E-012 -3.8026227670736115E-013  5.1267491317929516E-006 -1.8222009615720611E-014 -1.0865157486089820E-015 -1.4766909977086151E-007  1.2991212401076915E-002  2.4183628528540627E-001 -1.4026411895328214E-012 -8.3634668964312682E-014 -1.1366845157471481E-005
  1.2432000000000001E+002  2.2031684156519714E-012 -3.8021931118323002E-013  5.1383977148996174E-006 -1.7633799122814006E-014  1.5545752778921891E-017 -1.4353584213333398E-007  1.2991212401076915E-002  2.4183628528540627E-001 -1.3573636223013029E-012  1.1966360258641817E-015 -1.1048687197311789E-005
  1.2440000000000001E+002  2.2045550862038068E-012 -3.8026476402780578E-013  5.1497148665342850E-006 -1.7020736080840073E-014  1.1230658076587376E-015 -1.3938368184412242E-007  1.2991212401076915E-002  2.4183628528540627E-001 -1.3101730273787614E-012  8.6448113770012626E-014 -1.0729074203464559E-005
  1.2448000000000000E+002  2.2058917334249058E-012 -3.8039900171245542E-013  5.1606991039946769E-006 -1.6383711682036008E-014  2.2343451927416409E-015 -1.3521335894771251E-007  1.2991212401076915E-002  2.4183628528540627E-001 -1.2611380043849764E-012  1.7198896636901672E-013 -1.0408063140935869E-005
  1.2456000000000000E+002  2.2071764800729326E-012 -3.8062225925864444E-013  5.1713490039659190E-006 -1.5723888961987590E-014  3.3478307765763899E-015 -1.3102561799917273E-007  1.2991212401076915E-002  2.4183628528540627E-001 -1.2103480781119291E-012  2.5769964135904373E-013 -1.0085711321932789E-005
  1.2464000000000000E+002  2.2084075556588238E-012 -3.8093465463670764E-013  5.1816632028745446E-006 -1.5042823248506162E-014  4.4621491443383582E-015 -1.2682120789130138E-007  1.2991212401076915E-002  2.4183628528540627E-001 -1.1579229700887186E-012  3.4347441998321929E-013 -9.7620763925610264E-006
  1.2472000000000000E+002  2.2095833317926936E-012 -3.8133620312173858E-013  5.1916403972285272E-006 -1.4342527130077179E-014  5.5760767182428465E-015 -1.2260088167854964E-007  1.2991212401076915E-002  2.4183628528540627E-001 -1.1040175995343555E-012  4.2921911720730216E-013 -9.4372163192706114E-006
  1.2480000000000000E+002  2.2107023599996362E-012 -3.8182682691162650E-013  5.2012793439431125E-006 -1.3625455769776838E-014  6.6884558085187651E-015 -1.1836539639823936E-007  1.2991212401076915E-002  2.4183628528540627E-001 -1.0488209528962963E-012  5.1484461973419134E-013 -9.1111893750908818E-006
  1.2488000000000001E+002  2.2117634047158579E-012 -3.8240635605110158E-013  5.2105788606522455E-006 -1.2894408926190479E-014  7.7980905439481877E-015 -1.1411551288959978E-007  1.2991212401076915E-002  2.4183628528540627E-001 -9.9254854189919793E-013  6.0025887524566917E-013 -8.7840541257054055E-006
  1.2496000000000001E+002  2.2127654654278267E-012 -3.8307452139865821E-013  5.2195378260054485E-006 -1.2152362750847019E-014  8.9036582951017602E-015 -1.0985199561148603E-007  1.2991212401076915E-002  2.4183628528540627E-001 -9.3542945613307963E-013  6.8536007419626101E-013 -8.4558694154194570E-006
  1.2504000000000001E+002  2.2137077827559934E-012 -3.8383094137831787E-013  5.2281551799500833E-006 -1.1402263385004723E-014  1.0003659340056377E-014 -1.0557561245933531E-007  1.2991212401076915E-002  2.4183628528540627E-001 -8.7769047514464851E-013  7.7003277532642200E-013 -8.1266943530680352E-006
  1.2512000000000000E+002  2.2145898275694274E-012 -3.8467510689306723E-013  5.2364299239989421E-006 -1.0646827200327031E-014  1.1096432627580713E-014 -1.0128713458176309E-007  1.2991212401076915E-002  2.4183628528540627E-001 -8.1954069194076663E-013  8.5414911903535171E-013 -7.7965882979000270E-006
  1.2520000000000000E+002  2.2154112751080457E-012 -3.8560637059873078E-013  5.2443611214831654E-006 -9.8883837940902486E-015  1.2180236984783119E-014 -9.6987336197148713E-008  1.2991212401076915E-002  2.4183628528540627E-001 -7.6115942752737870E-013  9.3757507834861949E-013 -7.4656108454597013E-006
  1.2528000000000000E+002  2.2161719689764819E-012 -3.8662394481063253E-013  5.2519478977904859E-006 -9.1287857707186370E-015  1.3253374106905476E-014 -9.2676994410226270E-008  1.2991212401076915E-002  2.4183628528540627E-001 -7.0268928633358608E-013  1.0201799260711453E-012 -7.1338218134701791E-006
  1.2536000000000000E+002  2.2168718808313607E-012 -3.8772691045583566E-013  5.2591894405888016E-006 -8.3693977332468879E-015  1.4314328835797379E-014 -8.8356889028622589E-008  1.2991212401076915E-002  2.4183628528540627E-001 -6.4423530882733717E-013  1.1018470327381148E-012 -6.8012812277089735E-006
  1.2544000000000000E+002  2.2175110726138014E-012 -3.8891423742436011E-013  5.2660850000350656E-006 -7.6111546308376383E-015  1.5361892947216500E-014 -8.4027802378992835E-008  1.2991212401076915E-002  2.4183628528540627E-001 -5.8586946282292749E-013  1.1824833951558881E-012 -6.4680493078559852E-006
  1.2552000000000000E+002  2.2180896655722947E-012 -3.9018481332739030E-013  5.2726338889694405E-006 -6.8546556145868318E-015  1.6395244793595430E-014 -7.9690519122489088E-008  1.2991212401076915E-002  2.4183628528540627E-001 -5.2763786804209783E-013  1.2620257669127565E-012 -6.1341864532895569E-006
  1.2560000000000001E+002  2.2186078175121352E-012 -3.9153747659133538E-013  5.2788354830946638E-006 -6.1002690651746934E-015  1.7413964809388345E-014 -7.5345826069260133E-008  1.2991212401076915E-002  2.4183628528540627E-001 -4.6956888062815612E-013  1.3404418519048341E-012 -5.7997532288070768E-006
  1.2568000000000001E+002  2.2190657086227227E-012 -3.9297104769689243E-013  5.2846892211405221E-006 -5.3482159987026235E-015  1.8417989446272714E-014 -7.0994511991738925E-008  1.2991212401076915E-002  2.4183628528540627E-001 -4.1167951331941402E-013  1.4177267584930081E-012 -5.4648103502530488E-006
  1.2576000000000001E+002  2.2194635320719277E-012 -3.9448435490273901E-013  5.2901946050133420E-006 -4.5986030495558189E-015  1.9407514935263261E-014 -6.6637367436595983E-008  1.2991212401076915E-002  2.4183628528540627E-001 -3.5397797430935222E-013  1.4938955915811672E-012 -5.1294186700446290E-006
  1.2584000000000000E+002  2.2198014851106516E-012 -3.9607625008653455E-013  5.2953511999303774E-006 -3.8514102944879251E-015  2.0382868227151259E-014 -6.2275184535348115E-008  1.2991212401076915E-002  2.4183628528540627E-001 -2.9646273000403663E-013  1.5689735182423570E-012 -4.7936391625918657E-006
  1.2592000000000000E+002  2.2200797577190457E-012 -3.9774561381908321E-013  5.3001586345389977E-006 -3.1064444226620632E-015  2.1344382864685730E-014 -5.7908756813601306E-008  1.2991212401076915E-002  2.4183628528540627E-001 -2.3911890028078992E-013  1.6429862129662787E-012 -4.4575329096148612E-006
  1.2600000000000000E+002  2.2202985162182775E-012 -3.9949135134488427E-013  5.3046166010205537E-006 -2.3632736013218717E-015  2.2292300885324585E-014 -5.3538878998970112E-008  1.2991212401076915E-002  2.4183628528540627E-001 -1.8191324476590616E-013  1.7159523066127921E-012 -4.1211610853601158E-006
  1.2608000000000000E+002  2.2204578814952572E-012 -4.0131238196073515E-013  5.3087248551788329E-006 -1.6211775250735491E-015  2.3226720182082491E-014 -4.9166346827737103E-008  1.2991212401076915E-002  2.4183628528540627E-001 -1.2479031787226885E-013  1.7878793345074626E-012 -3.7845849417151733E-006
  1.2616000000000000E+002  2.2205579046222893E-012 -4.0320762657401747E-013  5.3124832165129916E-006 -8.7913577075903673E-016  2.4147598085320362E-014 -4.4791956850088216E-008  1.2991212401076915E-002  2.4183628528540627E-001 -6.7671572415126816E-014  1.8587640121501591E-012 -3.4478657932171076E-006
  1.2624000000000001E+002  2.2205985432185787E-012 -4.0517599765438640E-013  5.3158915682748471E-006 -1.3585811902253916E-016  2.5054800496663795E-014 -4.0416506233855227E-008  1.2991212401076915E-002  2.4183628528540627E-001 -1.0457693618282223E-014  1.9285960173037482E-012 -3.1110650019470181E-006
  1.2632000000000001E+002  2.2205796419213329E-012 -4.0721639465348368E-013  5.3189498575104084E-006  6.1012961342750951E-016  2.5948181851030767E-014 -3.6040792566685911E-008  1.2991212401076915E-002  2.4183628528540627E-001  4.6964793938570692E-014  1.9973641450801000E-012 -2.7742439623030752E-006
  1.2640000000000001E+002  2.2205009224804303E-012 -4.0932770675055133E-013  5.3216580950855168E-006  1.3603634755506960E-015  2.6827665329847150E-014 -3.1665613656663073E-008  1.2991212401076915E-002  2.4183628528540627E-001  1.0471412779284652E-013  2.0650624823610329E-012 -2.4374640856494922E-006
  1.2648000000000000E+002  2.2203619837652448E-012 -4.1150882110625922E-013  5.3240163556954745E-006  2.1163095193557246E-015  2.7693296148503677E-014 -2.7291767331308923E-008  1.2991212401076915E-002  2.4183628528540627E-001  1.6290315745895241E-013  2.1316945096061817E-012 -2.1007867848463005E-006
  1.2656000000000000E+002  2.2201623129573334E-012 -4.1375863413431191E-013  5.3260247778585262E-006  2.8792289668882540E-015  2.8545253899597834E-014 -2.2920051235228907E-008  1.2991212401076915E-002  2.4183628528540627E-001  2.2162896564198032E-013  2.1972740509755027E-012 -1.7642734586750400E-006
  1.2664000000000000E+002  2.2199013071305427E-012 -4.1607606173019487E-013  5.3276835638931111E-006  3.6500807027164617E-015  2.9383811605070159E-014 -1.8551262626776154E-008  1.2991212401076915E-002  2.4183628528540627E-001  2.8096536258715634E-013  2.2618221223628175E-012 -1.4279854761855838E-006
  1.2672000000000000E+002  2.2195783000448987E-012 -4.1846004399112314E-013  5.3289929798788104E-006  4.4294662752807955E-015  3.0209249813782884E-014 -1.4186198174096527E-008  1.2991212401076915E-002  2.4183628528540627E-001  3.4095865255144665E-013  2.3253603190475428E-012 -1.0919841609952315E-006
  1.2680000000000000E+002  2.2191925925264977E-012 -4.2090954170040013E-013  5.3299533556009666E-006  5.2176218403370655E-015  3.1021746376998146E-014 -9.8256537509778063E-009  1.2991212401076915E-002  2.4183628528540627E-001  4.0162701364995369E-013  2.3879023311501215E-012 -7.5633077557577022E-007
  1.2688000000000001E+002  2.2187434805504448E-012 -4.2342352341144284E-013  5.3305650844789669E-006  6.0144565347682746E-015  3.1821267051749316E-014 -5.4704242330323807E-009  1.2991212401076915E-002  2.4183628528540627E-001  4.6296345168442382E-013  2.4494455228144491E-012 -4.2108650556581663E-007
  1.2696000000000001E+002  2.2182302794809348E-012 -4.2600094442868003E-013  5.3308286234782518E-006  6.8196077576117307E-015  3.2607477208126920E-014 -1.1213032947110995E-009  1.2991212401076915E-002  2.4183628528540627E-001  5.2494005540587947E-013  2.5099641358664798E-012 -8.6312444142720136E-008
  1.2704000000000001E+002  2.2176523433092269E-012 -4.2864071976474315E-013  5.3307444930061206E-006  7.6325065663908001E-015  3.3379696058307685E-014  3.2209167925817379E-009  1.2991212401076915E-002  2.4183628528540627E-001  5.8751303040507259E-013  2.5694057665888362E-012  2.4793042351544779E-007
  1.2712000000000000E+002  2.2170090784303123E-012 -4.3134169579800926E-013  5.3303132767914387E-006  8.4524272616423702E-015  3.4136909751395024E-014  7.5554453608593191E-009  1.2991212401076915E-002  2.4183628528540627E-001  6.5062651588561009E-013  2.6276923736975474E-012  5.8158123565370761E-007
  1.2720000000000000E+002  2.2162999549473641E-012 -4.3410262532496635E-013  5.3295356217483832E-006  9.2785108136749756E-015  3.4877838696679867E-014  1.1881493544255661E-008  1.2991212401076915E-002  2.4183628528540627E-001  7.1421438794313975E-013  2.6847254605573831E-012  9.1457926923528751E-007
  1.2728000000000000E+002  2.2155245167001243E-012 -4.3692214998947803E-013  5.3284122378243578E-006  1.0109762766122349E-014  3.5601048361216248E-014  1.6198274475992532E-008  1.2991212401076915E-002  2.4183628528540627E-001  7.7820009818988781E-013  2.7403946038373866E-012  1.2468639551035477E-006
  1.2736000000000000E+002  2.2146823929047846E-012 -4.3979879306276095E-013  5.3269438978322244E-006  1.0945029727522412E-014  3.6305084031890580E-014  2.0505003483726429E-008  1.2991212401076915E-002  2.4183628528540627E-001  8.4249486419111629E-013  2.7945878268360159E-012  1.5783748930182884E-006
  1.2744000000000000E+002  2.2137733119437207E-012 -4.4273096343458053E-013  5.3251314372669616E-006  1.1782976628952156E-014  3.6988598471949695E-014  2.4800898283455591E-008  1.2991212401076915E-002  2.4183628528540627E-001  9.0699591887013197E-013  2.8472014258564068E-012  1.9090518665831010E-006
  1.2752000000000000E+002  2.2127971166441522E-012 -4.4571696881827290E-013  5.3229757541068715E-006  1.2622076495513252E-014  3.7650445166194424E-014  2.9085179172325875E-008  1.2991212401076915E-002  2.4183628528540627E-001  9.7158572316669196E-013  2.8981471477652986E-012  2.2388348580859727E-006
  1.2760000000000001E+002  2.2117537797044386E-012 -4.4875503466117163E-013  5.3204778085993894E-006  1.3460625302463541E-014  3.8289717091522507E-014  3.3357069220621362E-008  1.2991212401076915E-002  2.4183628528540627E-001  1.0361331095892067E-012  2.9473551743599033E-012  2.5676640632754057E-006
  1.2768000000000001E+002  2.2106434165957581E-012 -4.5184332355291651E-013  5.3176386230315720E-006  1.4296788786263543E-014  3.8905726537284461E-014  3.7615794463019104E-008  1.2991212401076915E-002  2.4183628528540627E-001  1.1004968855004258E-012  2.9947725690374758E-012  2.8954799060862400E-006
  1.2776000000000001E+002  2.2094662934986364E-012 -4.5497995090713715E-013  5.3144592814853064E-006  1.5128678135555642E-014  3.9497932267835798E-014  4.1860584089298587E-008  1.2991212401076915E-002  2.4183628528540627E-001  1.1645316594392137E-012  3.0403576701248697E-012  3.2222230533179062E-006
  1.2784000000000000E+002  2.2082228280940692E-012 -4.5816299271577023E-013  5.3109409295772843E-006  1.5954442920107108E-014  4.0065835925185535E-014  4.6090670634310052E-008  1.2991212401076915E-002  2.4183628528540627E-001  1.2280949943351212E-012  3.0840721164611291E-012  3.5478344292554918E-006
  1.2792000000000000E+002  2.2069135826314193E-012 -4.6139048465516683E-013  5.3070847741838168E-006  1.6772372599644138E-014  4.0608881953576056E-014  5.0305290166910482E-008  1.2991212401076915E-002  2.4183628528540627E-001  1.2910552211627033E-012  3.1258731440808208E-012  3.8722552302151394E-006
  1.2800000000000000E+002  2.2055392484781261E-012 -4.6466041382834240E-013  5.3028920831505786E-006  1.7580983146173798E-014  4.1126386797201807E-014  5.4503682477666106E-008  1.2991212401076915E-002  2.4183628528540627E-001  1.3532981067045693E-012  3.1657081362007634E-012  4.1954269389932907E-006
