'Si' 0.0000000000 0.0000000000 0.0000000000 1
'Si' 2.5650000000 2.5650000000 2.5650000000 1
'Si' 5.1300000000 0.0000000000 5.1300000000 1
'Si' 0.0000000000 5.1300000000 5.1300000000 1
'Si' 5.1300000000 5.1300000000 0.0000000000 1
'Si' 7.6950000000 2.5650000000 7.6950000000 1
'Si' 2.5650000000 7.6950000000 7.6950000000 1
'Si' 7.6950000000 7.6950000000 2.5650000000 1
'Si' 10.2600000000 0.0000000000 0.0000000000 1
'Si' 12.8250000000 2.5650000000 2.5650000000 1
'Si' 15.3900000000 0.0000000000 5.1300000000 1
'Si' 10.2600000000 5.1300000000 5.1300000000 1
'Si' 15.3900000000 5.1300000000 0.0000000000 1
'Si' 17.9550000000 2.5650000000 7.6950000000 1
'Si' 12.8250000000 7.6950000000 7.6950000000 1
'Si' 17.9550000000 7.6950000000 2.5650000000 1
'Si' 20.5200000000 0.0000000000 0.0000000000 1
'Si' 23.0850000000 2.5650000000 2.5650000000 1
'Si' 25.6500000000 0.0000000000 5.1300000000 1
'Si' 20.5200000000 5.1300000000 5.1300000000 1
'Si' 25.6500000000 5.1300000000 0.0000000000 1
'Si' 28.2150000000 2.5650000000 7.6950000000 1
'Si' 23.0850000000 7.6950000000 7.6950000000 1
'Si' 28.2150000000 7.6950000000 2.5650000000 1
'Si' 30.7800000000 0.0000000000 0.0000000000 1
'Si' 33.3450000000 2.5650000000 2.5650000000 1
'Si' 35.9100000000 0.0000000000 5.1300000000 1
'Si' 30.7800000000 5.1300000000 5.1300000000 1
'Si' 35.9100000000 5.1300000000 0.0000000000 1
'Si' 38.4750000000 2.5650000000 7.6950000000 1
'Si' 33.3450000000 7.6950000000 7.6950000000 1
'Si' 38.4750000000 7.6950000000 2.5650000000 1
'Si' 41.0400000000 0.0000000000 0.0000000000 1
'Si' 43.6050000000 2.5650000000 2.5650000000 1
'Si' 46.1700000000 0.0000000000 5.1300000000 1
'Si' 41.0400000000 5.1300000000 5.1300000000 1
'Si' 46.1700000000 5.1300000000 0.0000000000 1
'Si' 48.7350000000 2.5650000000 7.6950000000 1
'Si' 43.6050000000 7.6950000000 7.6950000000 1
'Si' 48.7350000000 7.6950000000 2.5650000000 1
'Si' 51.3000000000 0.0000000000 0.0000000000 1
'Si' 53.8650000000 2.5650000000 2.5650000000 1
'Si' 56.4300000000 0.0000000000 5.1300000000 1
'Si' 51.3000000000 5.1300000000 5.1300000000 1
'Si' 56.4300000000 5.1300000000 0.0000000000 1
'Si' 58.9950000000 2.5650000000 7.6950000000 1
'Si' 53.8650000000 7.6950000000 7.6950000000 1
'Si' 58.9950000000 7.6950000000 2.5650000000 1
'Si' 61.5600000000 0.0000000000 0.0000000000 1
'Si' 64.1250000000 2.5650000000 2.5650000000 1
'Si' 66.6900000000 0.0000000000 5.1300000000 1
'Si' 61.5600000000 5.1300000000 5.1300000000 1
'Si' 66.6900000000 5.1300000000 0.0000000000 1
'Si' 69.2550000000 2.5650000000 7.6950000000 1
'Si' 64.1250000000 7.6950000000 7.6950000000 1
'Si' 69.2550000000 7.6950000000 2.5650000000 1
'Si' 71.8200000000 0.0000000000 0.0000000000 1
'Si' 74.3850000000 2.5650000000 2.5650000000 1
'Si' 76.9500000000 0.0000000000 5.1300000000 1
'Si' 71.8200000000 5.1300000000 5.1300000000 1
'Si' 76.9500000000 5.1300000000 0.0000000000 1
'Si' 79.5150000000 2.5650000000 7.6950000000 1
'Si' 74.3850000000 7.6950000000 7.6950000000 1
'Si' 79.5150000000 7.6950000000 2.5650000000 1
'Si' 82.0800000000 0.0000000000 0.0000000000 1
'Si' 84.6450000000 2.5650000000 2.5650000000 1
'Si' 87.2100000000 0.0000000000 5.1300000000 1
'Si' 82.0800000000 5.1300000000 5.1300000000 1
'Si' 87.2100000000 5.1300000000 0.0000000000 1
'Si' 89.7750000000 2.5650000000 7.6950000000 1
'Si' 84.6450000000 7.6950000000 7.6950000000 1
'Si' 89.7750000000 7.6950000000 2.5650000000 1
'Si' 92.3400000000 0.0000000000 0.0000000000 1
'Si' 94.9050000000 2.5650000000 2.5650000000 1
'Si' 97.4700000000 0.0000000000 5.1300000000 1
'Si' 92.3400000000 5.1300000000 5.1300000000 1
'Si' 97.4700000000 5.1300000000 0.0000000000 1
'Si' 100.0350000000 2.5650000000 7.6950000000 1
'Si' 94.9050000000 7.6950000000 7.6950000000 1
'Si' 100.0350000000 7.6950000000 2.5650000000 1
'Si' 0.0000000000 10.2600000000 0.0000000000 1
'Si' 2.5650000000 12.8250000000 2.5650000000 1
'Si' 5.1300000000 10.2600000000 5.1300000000 1
'Si' 0.0000000000 15.3900000000 5.1300000000 1
'Si' 5.1300000000 15.3900000000 0.0000000000 1
'Si' 7.6950000000 12.8250000000 7.6950000000 1
'Si' 2.5650000000 17.9550000000 7.6950000000 1
'Si' 7.6950000000 17.9550000000 2.5650000000 1
'Si' 10.2600000000 10.2600000000 0.0000000000 1
'Si' 12.8250000000 12.8250000000 2.5650000000 1
'Si' 15.3900000000 10.2600000000 5.1300000000 1
'Si' 10.2600000000 15.3900000000 5.1300000000 1
'Si' 15.3900000000 15.3900000000 0.0000000000 1
'Si' 17.9550000000 12.8250000000 7.6950000000 1
'Si' 12.8250000000 17.9550000000 7.6950000000 1
'Si' 17.9550000000 17.9550000000 2.5650000000 1
'Si' 20.5200000000 10.2600000000 0.0000000000 1
'Si' 23.0850000000 12.8250000000 2.5650000000 1
'Si' 25.6500000000 10.2600000000 5.1300000000 1
'Si' 20.5200000000 15.3900000000 5.1300000000 1
'Si' 25.6500000000 15.3900000000 0.0000000000 1
'Si' 28.2150000000 12.8250000000 7.6950000000 1
'Si' 23.0850000000 17.9550000000 7.6950000000 1
'Si' 28.2150000000 17.9550000000 2.5650000000 1
'Si' 30.7800000000 10.2600000000 0.0000000000 1
'Si' 33.3450000000 12.8250000000 2.5650000000 1
'Si' 35.9100000000 10.2600000000 5.1300000000 1
'Si' 30.7800000000 15.3900000000 5.1300000000 1
'Si' 35.9100000000 15.3900000000 0.0000000000 1
'Si' 38.4750000000 12.8250000000 7.6950000000 1
'Si' 33.3450000000 17.9550000000 7.6950000000 1
'Si' 38.4750000000 17.9550000000 2.5650000000 1
'Si' 41.0400000000 10.2600000000 0.0000000000 1
'Si' 43.6050000000 12.8250000000 2.5650000000 1
'Si' 46.1700000000 10.2600000000 5.1300000000 1
'Si' 41.0400000000 15.3900000000 5.1300000000 1
'Si' 46.1700000000 15.3900000000 0.0000000000 1
'Si' 48.7350000000 12.8250000000 7.6950000000 1
'Si' 43.6050000000 17.9550000000 7.6950000000 1
'Si' 48.7350000000 17.9550000000 2.5650000000 1
'Si' 51.3000000000 10.2600000000 0.0000000000 1
'Si' 53.8650000000 12.8250000000 2.5650000000 1
'Si' 56.4300000000 10.2600000000 5.1300000000 1
'Si' 51.3000000000 15.3900000000 5.1300000000 1
'Si' 56.4300000000 15.3900000000 0.0000000000 1
'Si' 58.9950000000 12.8250000000 7.6950000000 1
'Si' 53.8650000000 17.9550000000 7.6950000000 1
'Si' 58.9950000000 17.9550000000 2.5650000000 1
'Si' 61.5600000000 10.2600000000 0.0000000000 1
'Si' 64.1250000000 12.8250000000 2.5650000000 1
'Si' 66.6900000000 10.2600000000 5.1300000000 1
'Si' 61.5600000000 15.3900000000 5.1300000000 1
'Si' 66.6900000000 15.3900000000 0.0000000000 1
'Si' 69.2550000000 12.8250000000 7.6950000000 1
'Si' 64.1250000000 17.9550000000 7.6950000000 1
'Si' 69.2550000000 17.9550000000 2.5650000000 1
'Si' 71.8200000000 10.2600000000 0.0000000000 1
'Si' 74.3850000000 12.8250000000 2.5650000000 1
'Si' 76.9500000000 10.2600000000 5.1300000000 1
'Si' 71.8200000000 15.3900000000 5.1300000000 1
'Si' 76.9500000000 15.3900000000 0.0000000000 1
'Si' 79.5150000000 12.8250000000 7.6950000000 1
'Si' 74.3850000000 17.9550000000 7.6950000000 1
'Si' 79.5150000000 17.9550000000 2.5650000000 1
'Si' 82.0800000000 10.2600000000 0.0000000000 1
'Si' 84.6450000000 12.8250000000 2.5650000000 1
'Si' 87.2100000000 10.2600000000 5.1300000000 1
'Si' 82.0800000000 15.3900000000 5.1300000000 1
'Si' 87.2100000000 15.3900000000 0.0000000000 1
'Si' 89.7750000000 12.8250000000 7.6950000000 1
'Si' 84.6450000000 17.9550000000 7.6950000000 1
'Si' 89.7750000000 17.9550000000 2.5650000000 1
'Si' 92.3400000000 10.2600000000 0.0000000000 1
'Si' 94.9050000000 12.8250000000 2.5650000000 1
'Si' 97.4700000000 10.2600000000 5.1300000000 1
'Si' 92.3400000000 15.3900000000 5.1300000000 1
'Si' 97.4700000000 15.3900000000 0.0000000000 1
'Si' 100.0350000000 12.8250000000 7.6950000000 1
'Si' 94.9050000000 17.9550000000 7.6950000000 1
'Si' 100.0350000000 17.9550000000 2.5650000000 1
'Si' 0.0000000000 20.5200000000 0.0000000000 1
'Si' 2.5650000000 23.0850000000 2.5650000000 1
'Si' 5.1300000000 20.5200000000 5.1300000000 1
'Si' 0.0000000000 25.6500000000 5.1300000000 1
'Si' 5.1300000000 25.6500000000 0.0000000000 1
'Si' 7.6950000000 23.0850000000 7.6950000000 1
'Si' 2.5650000000 28.2150000000 7.6950000000 1
'Si' 7.6950000000 28.2150000000 2.5650000000 1
'Si' 10.2600000000 20.5200000000 0.0000000000 1
'Si' 12.8250000000 23.0850000000 2.5650000000 1
'Si' 15.3900000000 20.5200000000 5.1300000000 1
'Si' 10.2600000000 25.6500000000 5.1300000000 1
'Si' 15.3900000000 25.6500000000 0.0000000000 1
'Si' 17.9550000000 23.0850000000 7.6950000000 1
'Si' 12.8250000000 28.2150000000 7.6950000000 1
'Si' 17.9550000000 28.2150000000 2.5650000000 1
'Si' 20.5200000000 20.5200000000 0.0000000000 1
'Si' 23.0850000000 23.0850000000 2.5650000000 1
'Si' 25.6500000000 20.5200000000 5.1300000000 1
'Si' 20.5200000000 25.6500000000 5.1300000000 1
'Si' 25.6500000000 25.6500000000 0.0000000000 1
'Si' 28.2150000000 23.0850000000 7.6950000000 1
'Si' 23.0850000000 28.2150000000 7.6950000000 1
'Si' 28.2150000000 28.2150000000 2.5650000000 1
'Si' 30.7800000000 20.5200000000 0.0000000000 1
'Si' 33.3450000000 23.0850000000 2.5650000000 1
'Si' 35.9100000000 20.5200000000 5.1300000000 1
'Si' 30.7800000000 25.6500000000 5.1300000000 1
'Si' 35.9100000000 25.6500000000 0.0000000000 1
'Si' 38.4750000000 23.0850000000 7.6950000000 1
'Si' 33.3450000000 28.2150000000 7.6950000000 1
'Si' 38.4750000000 28.2150000000 2.5650000000 1
'Si' 41.0400000000 20.5200000000 0.0000000000 1
'Si' 43.6050000000 23.0850000000 2.5650000000 1
'Si' 46.1700000000 20.5200000000 5.1300000000 1
'Si' 41.0400000000 25.6500000000 5.1300000000 1
'Si' 46.1700000000 25.6500000000 0.0000000000 1
'Si' 48.7350000000 23.0850000000 7.6950000000 1
'Si' 43.6050000000 28.2150000000 7.6950000000 1
'Si' 48.7350000000 28.2150000000 2.5650000000 1
'Si' 51.3000000000 20.5200000000 0.0000000000 1
'Si' 53.8650000000 23.0850000000 2.5650000000 1
'Si' 56.4300000000 20.5200000000 5.1300000000 1
'Si' 51.3000000000 25.6500000000 5.1300000000 1
'Si' 56.4300000000 25.6500000000 0.0000000000 1
'Si' 58.9950000000 23.0850000000 7.6950000000 1
'Si' 53.8650000000 28.2150000000 7.6950000000 1
'Si' 58.9950000000 28.2150000000 2.5650000000 1
'Si' 61.5600000000 20.5200000000 0.0000000000 1
'Si' 64.1250000000 23.0850000000 2.5650000000 1
'Si' 66.6900000000 20.5200000000 5.1300000000 1
'Si' 61.5600000000 25.6500000000 5.1300000000 1
'Si' 66.6900000000 25.6500000000 0.0000000000 1
'Si' 69.2550000000 23.0850000000 7.6950000000 1
'Si' 64.1250000000 28.2150000000 7.6950000000 1
'Si' 69.2550000000 28.2150000000 2.5650000000 1
'Si' 71.8200000000 20.5200000000 0.0000000000 1
'Si' 74.3850000000 23.0850000000 2.5650000000 1
'Si' 76.9500000000 20.5200000000 5.1300000000 1
'Si' 71.8200000000 25.6500000000 5.1300000000 1
'Si' 76.9500000000 25.6500000000 0.0000000000 1
'Si' 79.5150000000 23.0850000000 7.6950000000 1
'Si' 74.3850000000 28.2150000000 7.6950000000 1
'Si' 79.5150000000 28.2150000000 2.5650000000 1
'Si' 82.0800000000 20.5200000000 0.0000000000 1
'Si' 84.6450000000 23.0850000000 2.5650000000 1
'Si' 87.2100000000 20.5200000000 5.1300000000 1
'Si' 82.0800000000 25.6500000000 5.1300000000 1
'Si' 87.2100000000 25.6500000000 0.0000000000 1
'Si' 89.7750000000 23.0850000000 7.6950000000 1
'Si' 84.6450000000 28.2150000000 7.6950000000 1
'Si' 89.7750000000 28.2150000000 2.5650000000 1
'Si' 92.3400000000 20.5200000000 0.0000000000 1
'Si' 94.9050000000 23.0850000000 2.5650000000 1
'Si' 97.4700000000 20.5200000000 5.1300000000 1
'Si' 92.3400000000 25.6500000000 5.1300000000 1
'Si' 97.4700000000 25.6500000000 0.0000000000 1
'Si' 100.0350000000 23.0850000000 7.6950000000 1
'Si' 94.9050000000 28.2150000000 7.6950000000 1
'Si' 100.0350000000 28.2150000000 2.5650000000 1
'Si' 0.0000000000 30.7800000000 0.0000000000 1
'Si' 2.5650000000 33.3450000000 2.5650000000 1
'Si' 5.1300000000 30.7800000000 5.1300000000 1
'Si' 0.0000000000 35.9100000000 5.1300000000 1
'Si' 5.1300000000 35.9100000000 0.0000000000 1
'Si' 7.6950000000 33.3450000000 7.6950000000 1
'Si' 2.5650000000 38.4750000000 7.6950000000 1
'Si' 7.6950000000 38.4750000000 2.5650000000 1
'Si' 10.2600000000 30.7800000000 0.0000000000 1
'Si' 12.8250000000 33.3450000000 2.5650000000 1
'Si' 15.3900000000 30.7800000000 5.1300000000 1
'Si' 10.2600000000 35.9100000000 5.1300000000 1
'Si' 15.3900000000 35.9100000000 0.0000000000 1
'Si' 17.9550000000 33.3450000000 7.6950000000 1
'Si' 12.8250000000 38.4750000000 7.6950000000 1
'Si' 17.9550000000 38.4750000000 2.5650000000 1
'Si' 20.5200000000 30.7800000000 0.0000000000 1
'Si' 23.0850000000 33.3450000000 2.5650000000 1
'Si' 25.6500000000 30.7800000000 5.1300000000 1
'Si' 20.5200000000 35.9100000000 5.1300000000 1
'Si' 25.6500000000 35.9100000000 0.0000000000 1
'Si' 28.2150000000 33.3450000000 7.6950000000 1
'Si' 23.0850000000 38.4750000000 7.6950000000 1
'Si' 28.2150000000 38.4750000000 2.5650000000 1
'Si' 30.7800000000 30.7800000000 0.0000000000 1
'Si' 33.3450000000 33.3450000000 2.5650000000 1
'Si' 35.9100000000 30.7800000000 5.1300000000 1
'Si' 30.7800000000 35.9100000000 5.1300000000 1
'Si' 35.9100000000 35.9100000000 0.0000000000 1
'Si' 38.4750000000 33.3450000000 7.6950000000 1
'Si' 33.3450000000 38.4750000000 7.6950000000 1
'Si' 38.4750000000 38.4750000000 2.5650000000 1
'Si' 41.0400000000 30.7800000000 0.0000000000 1
'Si' 43.6050000000 33.3450000000 2.5650000000 1
'Si' 46.1700000000 30.7800000000 5.1300000000 1
'Si' 41.0400000000 35.9100000000 5.1300000000 1
'Si' 46.1700000000 35.9100000000 0.0000000000 1
'Si' 48.7350000000 33.3450000000 7.6950000000 1
'Si' 43.6050000000 38.4750000000 7.6950000000 1
'Si' 48.7350000000 38.4750000000 2.5650000000 1
'Si' 51.3000000000 30.7800000000 0.0000000000 1
'Si' 53.8650000000 33.3450000000 2.5650000000 1
'Si' 56.4300000000 30.7800000000 5.1300000000 1
'Si' 51.3000000000 35.9100000000 5.1300000000 1
'Si' 56.4300000000 35.9100000000 0.0000000000 1
'Si' 58.9950000000 33.3450000000 7.6950000000 1
'Si' 53.8650000000 38.4750000000 7.6950000000 1
'Si' 58.9950000000 38.4750000000 2.5650000000 1
'Si' 61.5600000000 30.7800000000 0.0000000000 1
'Si' 64.1250000000 33.3450000000 2.5650000000 1
'Si' 66.6900000000 30.7800000000 5.1300000000 1
'Si' 61.5600000000 35.9100000000 5.1300000000 1
'Si' 66.6900000000 35.9100000000 0.0000000000 1
'Si' 69.2550000000 33.3450000000 7.6950000000 1
'Si' 64.1250000000 38.4750000000 7.6950000000 1
'Si' 69.2550000000 38.4750000000 2.5650000000 1
'Si' 71.8200000000 30.7800000000 0.0000000000 1
'Si' 74.3850000000 33.3450000000 2.5650000000 1
'Si' 76.9500000000 30.7800000000 5.1300000000 1
'Si' 71.8200000000 35.9100000000 5.1300000000 1
'Si' 76.9500000000 35.9100000000 0.0000000000 1
'Si' 79.5150000000 33.3450000000 7.6950000000 1
'Si' 74.3850000000 38.4750000000 7.6950000000 1
'Si' 79.5150000000 38.4750000000 2.5650000000 1
'Si' 82.0800000000 30.7800000000 0.0000000000 1
'Si' 84.6450000000 33.3450000000 2.5650000000 1
'Si' 87.2100000000 30.7800000000 5.1300000000 1
'Si' 82.0800000000 35.9100000000 5.1300000000 1
'Si' 87.2100000000 35.9100000000 0.0000000000 1
'Si' 89.7750000000 33.3450000000 7.6950000000 1
'Si' 84.6450000000 38.4750000000 7.6950000000 1
'Si' 89.7750000000 38.4750000000 2.5650000000 1
'Si' 92.3400000000 30.7800000000 0.0000000000 1
'Si' 94.9050000000 33.3450000000 2.5650000000 1
'Si' 97.4700000000 30.7800000000 5.1300000000 1
'Si' 92.3400000000 35.9100000000 5.1300000000 1
'Si' 97.4700000000 35.9100000000 0.0000000000 1
'Si' 100.0350000000 33.3450000000 7.6950000000 1
'Si' 94.9050000000 38.4750000000 7.6950000000 1
'Si' 100.0350000000 38.4750000000 2.5650000000 1
'Si' 0.0000000000 41.0400000000 0.0000000000 1
'Si' 2.5650000000 43.6050000000 2.5650000000 1
'Si' 5.1300000000 41.0400000000 5.1300000000 1
'Si' 0.0000000000 46.1700000000 5.1300000000 1
'Si' 5.1300000000 46.1700000000 0.0000000000 1
'Si' 7.6950000000 43.6050000000 7.6950000000 1
'Si' 2.5650000000 48.7350000000 7.6950000000 1
'Si' 7.6950000000 48.7350000000 2.5650000000 1
'Si' 10.2600000000 41.0400000000 0.0000000000 1
'Si' 12.8250000000 43.6050000000 2.5650000000 1
'Si' 15.3900000000 41.0400000000 5.1300000000 1
'Si' 10.2600000000 46.1700000000 5.1300000000 1
'Si' 15.3900000000 46.1700000000 0.0000000000 1
'Si' 17.9550000000 43.6050000000 7.6950000000 1
'Si' 12.8250000000 48.7350000000 7.6950000000 1
'Si' 17.9550000000 48.7350000000 2.5650000000 1
'Si' 20.5200000000 41.0400000000 0.0000000000 1
'Si' 23.0850000000 43.6050000000 2.5650000000 1
'Si' 25.6500000000 41.0400000000 5.1300000000 1
'Si' 20.5200000000 46.1700000000 5.1300000000 1
'Si' 25.6500000000 46.1700000000 0.0000000000 1
'Si' 28.2150000000 43.6050000000 7.6950000000 1
'Si' 23.0850000000 48.7350000000 7.6950000000 1
'Si' 28.2150000000 48.7350000000 2.5650000000 1
'Si' 30.7800000000 41.0400000000 0.0000000000 1
'Si' 33.3450000000 43.6050000000 2.5650000000 1
'Si' 35.9100000000 41.0400000000 5.1300000000 1
'Si' 30.7800000000 46.1700000000 5.1300000000 1
'Si' 35.9100000000 46.1700000000 0.0000000000 1
'Si' 38.4750000000 43.6050000000 7.6950000000 1
'Si' 33.3450000000 48.7350000000 7.6950000000 1
'Si' 38.4750000000 48.7350000000 2.5650000000 1
'Si' 41.0400000000 41.0400000000 0.0000000000 1
'Si' 43.6050000000 43.6050000000 2.5650000000 1
'Si' 46.1700000000 41.0400000000 5.1300000000 1
'Si' 41.0400000000 46.1700000000 5.1300000000 1
'Si' 46.1700000000 46.1700000000 0.0000000000 1
'Si' 48.7350000000 43.6050000000 7.6950000000 1
'Si' 43.6050000000 48.7350000000 7.6950000000 1
'Si' 48.7350000000 48.7350000000 2.5650000000 1
'Si' 51.3000000000 41.0400000000 0.0000000000 1
'Si' 53.8650000000 43.6050000000 2.5650000000 1
'Si' 56.4300000000 41.0400000000 5.1300000000 1
'Si' 51.3000000000 46.1700000000 5.1300000000 1
'Si' 56.4300000000 46.1700000000 0.0000000000 1
'Si' 58.9950000000 43.6050000000 7.6950000000 1
'Si' 53.8650000000 48.7350000000 7.6950000000 1
'Si' 58.9950000000 48.7350000000 2.5650000000 1
'Si' 61.5600000000 41.0400000000 0.0000000000 1
'Si' 64.1250000000 43.6050000000 2.5650000000 1
'Si' 66.6900000000 41.0400000000 5.1300000000 1
'Si' 61.5600000000 46.1700000000 5.1300000000 1
'Si' 66.6900000000 46.1700000000 0.0000000000 1
'Si' 69.2550000000 43.6050000000 7.6950000000 1
'Si' 64.1250000000 48.7350000000 7.6950000000 1
'Si' 69.2550000000 48.7350000000 2.5650000000 1
'Si' 71.8200000000 41.0400000000 0.0000000000 1
'Si' 74.3850000000 43.6050000000 2.5650000000 1
'Si' 76.9500000000 41.0400000000 5.1300000000 1
'Si' 71.8200000000 46.1700000000 5.1300000000 1
'Si' 76.9500000000 46.1700000000 0.0000000000 1
'Si' 79.5150000000 43.6050000000 7.6950000000 1
'Si' 74.3850000000 48.7350000000 7.6950000000 1
'Si' 79.5150000000 48.7350000000 2.5650000000 1
'Si' 82.0800000000 41.0400000000 0.0000000000 1
'Si' 84.6450000000 43.6050000000 2.5650000000 1
'Si' 87.2100000000 41.0400000000 5.1300000000 1
'Si' 82.0800000000 46.1700000000 5.1300000000 1
'Si' 87.2100000000 46.1700000000 0.0000000000 1
'Si' 89.7750000000 43.6050000000 7.6950000000 1
'Si' 84.6450000000 48.7350000000 7.6950000000 1
'Si' 89.7750000000 48.7350000000 2.5650000000 1
'Si' 92.3400000000 41.0400000000 0.0000000000 1
'Si' 94.9050000000 43.6050000000 2.5650000000 1
'Si' 97.4700000000 41.0400000000 5.1300000000 1
'Si' 92.3400000000 46.1700000000 5.1300000000 1
'Si' 97.4700000000 46.1700000000 0.0000000000 1
'Si' 100.0350000000 43.6050000000 7.6950000000 1
'Si' 94.9050000000 48.7350000000 7.6950000000 1
'Si' 100.0350000000 48.7350000000 2.5650000000 1
'Si' 0.0000000000 51.3000000000 0.0000000000 1
'Si' 2.5650000000 53.8650000000 2.5650000000 1
'Si' 5.1300000000 51.3000000000 5.1300000000 1
'Si' 0.0000000000 56.4300000000 5.1300000000 1
'Si' 5.1300000000 56.4300000000 0.0000000000 1
'Si' 7.6950000000 53.8650000000 7.6950000000 1
'Si' 2.5650000000 58.9950000000 7.6950000000 1
'Si' 7.6950000000 58.9950000000 2.5650000000 1
'Si' 10.2600000000 51.3000000000 0.0000000000 1
'Si' 12.8250000000 53.8650000000 2.5650000000 1
'Si' 15.3900000000 51.3000000000 5.1300000000 1
'Si' 10.2600000000 56.4300000000 5.1300000000 1
'Si' 15.3900000000 56.4300000000 0.0000000000 1
'Si' 17.9550000000 53.8650000000 7.6950000000 1
'Si' 12.8250000000 58.9950000000 7.6950000000 1
'Si' 17.9550000000 58.9950000000 2.5650000000 1
'Si' 20.5200000000 51.3000000000 0.0000000000 1
'Si' 23.0850000000 53.8650000000 2.5650000000 1
'Si' 25.6500000000 51.3000000000 5.1300000000 1
'Si' 20.5200000000 56.4300000000 5.1300000000 1
'Si' 25.6500000000 56.4300000000 0.0000000000 1
'Si' 28.2150000000 53.8650000000 7.6950000000 1
'Si' 23.0850000000 58.9950000000 7.6950000000 1
'Si' 28.2150000000 58.9950000000 2.5650000000 1
'Si' 30.7800000000 51.3000000000 0.0000000000 1
'Si' 33.3450000000 53.8650000000 2.5650000000 1
'Si' 35.9100000000 51.3000000000 5.1300000000 1
'Si' 30.7800000000 56.4300000000 5.1300000000 1
'Si' 35.9100000000 56.4300000000 0.0000000000 1
'Si' 38.4750000000 53.8650000000 7.6950000000 1
'Si' 33.3450000000 58.9950000000 7.6950000000 1
'Si' 38.4750000000 58.9950000000 2.5650000000 1
'Si' 41.0400000000 51.3000000000 0.0000000000 1
'Si' 43.6050000000 53.8650000000 2.5650000000 1
'Si' 46.1700000000 51.3000000000 5.1300000000 1
'Si' 41.0400000000 56.4300000000 5.1300000000 1
'Si' 46.1700000000 56.4300000000 0.0000000000 1
'Si' 48.7350000000 53.8650000000 7.6950000000 1
'Si' 43.6050000000 58.9950000000 7.6950000000 1
'Si' 48.7350000000 58.9950000000 2.5650000000 1
'Si' 51.3000000000 51.3000000000 0.0000000000 1
'Si' 53.8650000000 53.8650000000 2.5650000000 1
'Si' 56.4300000000 51.3000000000 5.1300000000 1
'Si' 51.3000000000 56.4300000000 5.1300000000 1
'Si' 56.4300000000 56.4300000000 0.0000000000 1
'Si' 58.9950000000 53.8650000000 7.6950000000 1
'Si' 53.8650000000 58.9950000000 7.6950000000 1
'Si' 58.9950000000 58.9950000000 2.5650000000 1
'Si' 61.5600000000 51.3000000000 0.0000000000 1
'Si' 64.1250000000 53.8650000000 2.5650000000 1
'Si' 66.6900000000 51.3000000000 5.1300000000 1
'Si' 61.5600000000 56.4300000000 5.1300000000 1
'Si' 66.6900000000 56.4300000000 0.0000000000 1
'Si' 69.2550000000 53.8650000000 7.6950000000 1
'Si' 64.1250000000 58.9950000000 7.6950000000 1
'Si' 69.2550000000 58.9950000000 2.5650000000 1
'Si' 71.8200000000 51.3000000000 0.0000000000 1
'Si' 74.3850000000 53.8650000000 2.5650000000 1
'Si' 76.9500000000 51.3000000000 5.1300000000 1
'Si' 71.8200000000 56.4300000000 5.1300000000 1
'Si' 76.9500000000 56.4300000000 0.0000000000 1
'Si' 79.5150000000 53.8650000000 7.6950000000 1
'Si' 74.3850000000 58.9950000000 7.6950000000 1
'Si' 79.5150000000 58.9950000000 2.5650000000 1
'Si' 82.0800000000 51.3000000000 0.0000000000 1
'Si' 84.6450000000 53.8650000000 2.5650000000 1
'Si' 87.2100000000 51.3000000000 5.1300000000 1
'Si' 82.0800000000 56.4300000000 5.1300000000 1
'Si' 87.2100000000 56.4300000000 0.0000000000 1
'Si' 89.7750000000 53.8650000000 7.6950000000 1
'Si' 84.6450000000 58.9950000000 7.6950000000 1
'Si' 89.7750000000 58.9950000000 2.5650000000 1
'Si' 92.3400000000 51.3000000000 0.0000000000 1
'Si' 94.9050000000 53.8650000000 2.5650000000 1
'Si' 97.4700000000 51.3000000000 5.1300000000 1
'Si' 92.3400000000 56.4300000000 5.1300000000 1
'Si' 97.4700000000 56.4300000000 0.0000000000 1
'Si' 100.0350000000 53.8650000000 7.6950000000 1
'Si' 94.9050000000 58.9950000000 7.6950000000 1
'Si' 100.0350000000 58.9950000000 2.5650000000 1
'Si' 0.0000000000 61.5600000000 0.0000000000 1
'Si' 2.5650000000 64.1250000000 2.5650000000 1
'Si' 5.1300000000 61.5600000000 5.1300000000 1
'Si' 0.0000000000 66.6900000000 5.1300000000 1
'Si' 5.1300000000 66.6900000000 0.0000000000 1
'Si' 7.6950000000 64.1250000000 7.6950000000 1
'Si' 2.5650000000 69.2550000000 7.6950000000 1
'Si' 7.6950000000 69.2550000000 2.5650000000 1
'Si' 10.2600000000 61.5600000000 0.0000000000 1
'Si' 12.8250000000 64.1250000000 2.5650000000 1
'Si' 15.3900000000 61.5600000000 5.1300000000 1
'Si' 10.2600000000 66.6900000000 5.1300000000 1
'Si' 15.3900000000 66.6900000000 0.0000000000 1
'Si' 17.9550000000 64.1250000000 7.6950000000 1
'Si' 12.8250000000 69.2550000000 7.6950000000 1
'Si' 17.9550000000 69.2550000000 2.5650000000 1
'Si' 20.5200000000 61.5600000000 0.0000000000 1
'Si' 23.0850000000 64.1250000000 2.5650000000 1
'Si' 25.6500000000 61.5600000000 5.1300000000 1
'Si' 20.5200000000 66.6900000000 5.1300000000 1
'Si' 25.6500000000 66.6900000000 0.0000000000 1
'Si' 28.2150000000 64.1250000000 7.6950000000 1
'Si' 23.0850000000 69.2550000000 7.6950000000 1
'Si' 28.2150000000 69.2550000000 2.5650000000 1
'Si' 30.7800000000 61.5600000000 0.0000000000 1
'Si' 33.3450000000 64.1250000000 2.5650000000 1
'Si' 35.9100000000 61.5600000000 5.1300000000 1
'Si' 30.7800000000 66.6900000000 5.1300000000 1
'Si' 35.9100000000 66.6900000000 0.0000000000 1
'Si' 38.4750000000 64.1250000000 7.6950000000 1
'Si' 33.3450000000 69.2550000000 7.6950000000 1
'Si' 38.4750000000 69.2550000000 2.5650000000 1
'Si' 41.0400000000 61.5600000000 0.0000000000 1
'Si' 43.6050000000 64.1250000000 2.5650000000 1
'Si' 46.1700000000 61.5600000000 5.1300000000 1
'Si' 41.0400000000 66.6900000000 5.1300000000 1
'Si' 46.1700000000 66.6900000000 0.0000000000 1
'Si' 48.7350000000 64.1250000000 7.6950000000 1
'Si' 43.6050000000 69.2550000000 7.6950000000 1
'Si' 48.7350000000 69.2550000000 2.5650000000 1
'Si' 51.3000000000 61.5600000000 0.0000000000 1
'Si' 53.8650000000 64.1250000000 2.5650000000 1
'Si' 56.4300000000 61.5600000000 5.1300000000 1
'Si' 51.3000000000 66.6900000000 5.1300000000 1
'Si' 56.4300000000 66.6900000000 0.0000000000 1
'Si' 58.9950000000 64.1250000000 7.6950000000 1
'Si' 53.8650000000 69.2550000000 7.6950000000 1
'Si' 58.9950000000 69.2550000000 2.5650000000 1
'Si' 61.5600000000 61.5600000000 0.0000000000 1
'Si' 64.1250000000 64.1250000000 2.5650000000 1
'Si' 66.6900000000 61.5600000000 5.1300000000 1
'Si' 61.5600000000 66.6900000000 5.1300000000 1
'Si' 66.6900000000 66.6900000000 0.0000000000 1
'Si' 69.2550000000 64.1250000000 7.6950000000 1
'Si' 64.1250000000 69.2550000000 7.6950000000 1
'Si' 69.2550000000 69.2550000000 2.5650000000 1
'Si' 71.8200000000 61.5600000000 0.0000000000 1
'Si' 74.3850000000 64.1250000000 2.5650000000 1
'Si' 76.9500000000 61.5600000000 5.1300000000 1
'Si' 71.8200000000 66.6900000000 5.1300000000 1
'Si' 76.9500000000 66.6900000000 0.0000000000 1
'Si' 79.5150000000 64.1250000000 7.6950000000 1
'Si' 74.3850000000 69.2550000000 7.6950000000 1
'Si' 79.5150000000 69.2550000000 2.5650000000 1
'Si' 82.0800000000 61.5600000000 0.0000000000 1
'Si' 84.6450000000 64.1250000000 2.5650000000 1
'Si' 87.2100000000 61.5600000000 5.1300000000 1
'Si' 82.0800000000 66.6900000000 5.1300000000 1
'Si' 87.2100000000 66.6900000000 0.0000000000 1
'Si' 89.7750000000 64.1250000000 7.6950000000 1
'Si' 84.6450000000 69.2550000000 7.6950000000 1
'Si' 89.7750000000 69.2550000000 2.5650000000 1
'Si' 92.3400000000 61.5600000000 0.0000000000 1
'Si' 94.9050000000 64.1250000000 2.5650000000 1
'Si' 97.4700000000 61.5600000000 5.1300000000 1
'Si' 92.3400000000 66.6900000000 5.1300000000 1
'Si' 97.4700000000 66.6900000000 0.0000000000 1
'Si' 100.0350000000 64.1250000000 7.6950000000 1
'Si' 94.9050000000 69.2550000000 7.6950000000 1
'Si' 100.0350000000 69.2550000000 2.5650000000 1
'Si' 0.0000000000 71.8200000000 0.0000000000 1
'Si' 2.5650000000 74.3850000000 2.5650000000 1
'Si' 5.1300000000 71.8200000000 5.1300000000 1
'Si' 0.0000000000 76.9500000000 5.1300000000 1
'Si' 5.1300000000 76.9500000000 0.0000000000 1
'Si' 7.6950000000 74.3850000000 7.6950000000 1
'Si' 2.5650000000 79.5150000000 7.6950000000 1
'Si' 7.6950000000 79.5150000000 2.5650000000 1
'Si' 10.2600000000 71.8200000000 0.0000000000 1
'Si' 12.8250000000 74.3850000000 2.5650000000 1
'Si' 15.3900000000 71.8200000000 5.1300000000 1
'Si' 10.2600000000 76.9500000000 5.1300000000 1
'Si' 15.3900000000 76.9500000000 0.0000000000 1
'Si' 17.9550000000 74.3850000000 7.6950000000 1
'Si' 12.8250000000 79.5150000000 7.6950000000 1
'Si' 17.9550000000 79.5150000000 2.5650000000 1
'Si' 20.5200000000 71.8200000000 0.0000000000 1
'Si' 23.0850000000 74.3850000000 2.5650000000 1
'Si' 25.6500000000 71.8200000000 5.1300000000 1
'Si' 20.5200000000 76.9500000000 5.1300000000 1
'Si' 25.6500000000 76.9500000000 0.0000000000 1
'Si' 28.2150000000 74.3850000000 7.6950000000 1
'Si' 23.0850000000 79.5150000000 7.6950000000 1
'Si' 28.2150000000 79.5150000000 2.5650000000 1
'Si' 30.7800000000 71.8200000000 0.0000000000 1
'Si' 33.3450000000 74.3850000000 2.5650000000 1
'Si' 35.9100000000 71.8200000000 5.1300000000 1
'Si' 30.7800000000 76.9500000000 5.1300000000 1
'Si' 35.9100000000 76.9500000000 0.0000000000 1
'Si' 38.4750000000 74.3850000000 7.6950000000 1
'Si' 33.3450000000 79.5150000000 7.6950000000 1
'Si' 38.4750000000 79.5150000000 2.5650000000 1
'Si' 41.0400000000 71.8200000000 0.0000000000 1
'Si' 43.6050000000 74.3850000000 2.5650000000 1
'Si' 46.1700000000 71.8200000000 5.1300000000 1
'Si' 41.0400000000 76.9500000000 5.1300000000 1
'Si' 46.1700000000 76.9500000000 0.0000000000 1
'Si' 48.7350000000 74.3850000000 7.6950000000 1
'Si' 43.6050000000 79.5150000000 7.6950000000 1
'Si' 48.7350000000 79.5150000000 2.5650000000 1
'Si' 51.3000000000 71.8200000000 0.0000000000 1
'Si' 53.8650000000 74.3850000000 2.5650000000 1
'Si' 56.4300000000 71.8200000000 5.1300000000 1
'Si' 51.3000000000 76.9500000000 5.1300000000 1
'Si' 56.4300000000 76.9500000000 0.0000000000 1
'Si' 58.9950000000 74.3850000000 7.6950000000 1
'Si' 53.8650000000 79.5150000000 7.6950000000 1
'Si' 58.9950000000 79.5150000000 2.5650000000 1
'Si' 61.5600000000 71.8200000000 0.0000000000 1
'Si' 64.1250000000 74.3850000000 2.5650000000 1
'Si' 66.6900000000 71.8200000000 5.1300000000 1
'Si' 61.5600000000 76.9500000000 5.1300000000 1
'Si' 66.6900000000 76.9500000000 0.0000000000 1
'Si' 69.2550000000 74.3850000000 7.6950000000 1
'Si' 64.1250000000 79.5150000000 7.6950000000 1
'Si' 69.2550000000 79.5150000000 2.5650000000 1
'Si' 71.8200000000 71.8200000000 0.0000000000 1
'Si' 74.3850000000 74.3850000000 2.5650000000 1
'Si' 76.9500000000 71.8200000000 5.1300000000 1
'Si' 71.8200000000 76.9500000000 5.1300000000 1
'Si' 76.9500000000 76.9500000000 0.0000000000 1
'Si' 79.5150000000 74.3850000000 7.6950000000 1
'Si' 74.3850000000 79.5150000000 7.6950000000 1
'Si' 79.5150000000 79.5150000000 2.5650000000 1
'Si' 82.0800000000 71.8200000000 0.0000000000 1
'Si' 84.6450000000 74.3850000000 2.5650000000 1
'Si' 87.2100000000 71.8200000000 5.1300000000 1
'Si' 82.0800000000 76.9500000000 5.1300000000 1
'Si' 87.2100000000 76.9500000000 0.0000000000 1
'Si' 89.7750000000 74.3850000000 7.6950000000 1
'Si' 84.6450000000 79.5150000000 7.6950000000 1
'Si' 89.7750000000 79.5150000000 2.5650000000 1
'Si' 92.3400000000 71.8200000000 0.0000000000 1
'Si' 94.9050000000 74.3850000000 2.5650000000 1
'Si' 97.4700000000 71.8200000000 5.1300000000 1
'Si' 92.3400000000 76.9500000000 5.1300000000 1
'Si' 97.4700000000 76.9500000000 0.0000000000 1
'Si' 100.0350000000 74.3850000000 7.6950000000 1
'Si' 94.9050000000 79.5150000000 7.6950000000 1
'Si' 100.0350000000 79.5150000000 2.5650000000 1
'Si' 0.0000000000 82.0800000000 0.0000000000 1
'Si' 2.5650000000 84.6450000000 2.5650000000 1
'Si' 5.1300000000 82.0800000000 5.1300000000 1
'Si' 0.0000000000 87.2100000000 5.1300000000 1
'Si' 5.1300000000 87.2100000000 0.0000000000 1
'Si' 7.6950000000 84.6450000000 7.6950000000 1
'Si' 2.5650000000 89.7750000000 7.6950000000 1
'Si' 7.6950000000 89.7750000000 2.5650000000 1
'Si' 10.2600000000 82.0800000000 0.0000000000 1
'Si' 12.8250000000 84.6450000000 2.5650000000 1
'Si' 15.3900000000 82.0800000000 5.1300000000 1
'Si' 10.2600000000 87.2100000000 5.1300000000 1
'Si' 15.3900000000 87.2100000000 0.0000000000 1
'Si' 17.9550000000 84.6450000000 7.6950000000 1
'Si' 12.8250000000 89.7750000000 7.6950000000 1
'Si' 17.9550000000 89.7750000000 2.5650000000 1
'Si' 20.5200000000 82.0800000000 0.0000000000 1
'Si' 23.0850000000 84.6450000000 2.5650000000 1
'Si' 25.6500000000 82.0800000000 5.1300000000 1
'Si' 20.5200000000 87.2100000000 5.1300000000 1
'Si' 25.6500000000 87.2100000000 0.0000000000 1
'Si' 28.2150000000 84.6450000000 7.6950000000 1
'Si' 23.0850000000 89.7750000000 7.6950000000 1
'Si' 28.2150000000 89.7750000000 2.5650000000 1
'Si' 30.7800000000 82.0800000000 0.0000000000 1
'Si' 33.3450000000 84.6450000000 2.5650000000 1
'Si' 35.9100000000 82.0800000000 5.1300000000 1
'Si' 30.7800000000 87.2100000000 5.1300000000 1
'Si' 35.9100000000 87.2100000000 0.0000000000 1
'Si' 38.4750000000 84.6450000000 7.6950000000 1
'Si' 33.3450000000 89.7750000000 7.6950000000 1
'Si' 38.4750000000 89.7750000000 2.5650000000 1
'Si' 41.0400000000 82.0800000000 0.0000000000 1
'Si' 43.6050000000 84.6450000000 2.5650000000 1
'Si' 46.1700000000 82.0800000000 5.1300000000 1
'Si' 41.0400000000 87.2100000000 5.1300000000 1
'Si' 46.1700000000 87.2100000000 0.0000000000 1
'Si' 48.7350000000 84.6450000000 7.6950000000 1
'Si' 43.6050000000 89.7750000000 7.6950000000 1
'Si' 48.7350000000 89.7750000000 2.5650000000 1
'Si' 51.3000000000 82.0800000000 0.0000000000 1
'Si' 53.8650000000 84.6450000000 2.5650000000 1
'Si' 56.4300000000 82.0800000000 5.1300000000 1
'Si' 51.3000000000 87.2100000000 5.1300000000 1
'Si' 56.4300000000 87.2100000000 0.0000000000 1
'Si' 58.9950000000 84.6450000000 7.6950000000 1
'Si' 53.8650000000 89.7750000000 7.6950000000 1
'Si' 58.9950000000 89.7750000000 2.5650000000 1
'Si' 61.5600000000 82.0800000000 0.0000000000 1
'Si' 64.1250000000 84.6450000000 2.5650000000 1
'Si' 66.6900000000 82.0800000000 5.1300000000 1
'Si' 61.5600000000 87.2100000000 5.1300000000 1
'Si' 66.6900000000 87.2100000000 0.0000000000 1
'Si' 69.2550000000 84.6450000000 7.6950000000 1
'Si' 64.1250000000 89.7750000000 7.6950000000 1
'Si' 69.2550000000 89.7750000000 2.5650000000 1
'Si' 71.8200000000 82.0800000000 0.0000000000 1
'Si' 74.3850000000 84.6450000000 2.5650000000 1
'Si' 76.9500000000 82.0800000000 5.1300000000 1
'Si' 71.8200000000 87.2100000000 5.1300000000 1
'Si' 76.9500000000 87.2100000000 0.0000000000 1
'Si' 79.5150000000 84.6450000000 7.6950000000 1
'Si' 74.3850000000 89.7750000000 7.6950000000 1
'Si' 79.5150000000 89.7750000000 2.5650000000 1
'Si' 82.0800000000 82.0800000000 0.0000000000 1
'Si' 84.6450000000 84.6450000000 2.5650000000 1
'Si' 87.2100000000 82.0800000000 5.1300000000 1
'Si' 82.0800000000 87.2100000000 5.1300000000 1
'Si' 87.2100000000 87.2100000000 0.0000000000 1
'Si' 89.7750000000 84.6450000000 7.6950000000 1
'Si' 84.6450000000 89.7750000000 7.6950000000 1
'Si' 89.7750000000 89.7750000000 2.5650000000 1
'Si' 92.3400000000 82.0800000000 0.0000000000 1
'Si' 94.9050000000 84.6450000000 2.5650000000 1
'Si' 97.4700000000 82.0800000000 5.1300000000 1
'Si' 92.3400000000 87.2100000000 5.1300000000 1
'Si' 97.4700000000 87.2100000000 0.0000000000 1
'Si' 100.0350000000 84.6450000000 7.6950000000 1
'Si' 94.9050000000 89.7750000000 7.6950000000 1
'Si' 100.0350000000 89.7750000000 2.5650000000 1
'Si' 0.0000000000 92.3400000000 0.0000000000 1
'Si' 2.5650000000 94.9050000000 2.5650000000 1
'Si' 5.1300000000 92.3400000000 5.1300000000 1
'Si' 0.0000000000 97.4700000000 5.1300000000 1
'Si' 5.1300000000 97.4700000000 0.0000000000 1
'Si' 7.6950000000 94.9050000000 7.6950000000 1
'Si' 2.5650000000 100.0350000000 7.6950000000 1
'Si' 7.6950000000 100.0350000000 2.5650000000 1
'Si' 10.2600000000 92.3400000000 0.0000000000 1
'Si' 12.8250000000 94.9050000000 2.5650000000 1
'Si' 15.3900000000 92.3400000000 5.1300000000 1
'Si' 10.2600000000 97.4700000000 5.1300000000 1
'Si' 15.3900000000 97.4700000000 0.0000000000 1
'Si' 17.9550000000 94.9050000000 7.6950000000 1
'Si' 12.8250000000 100.0350000000 7.6950000000 1
'Si' 17.9550000000 100.0350000000 2.5650000000 1
'Si' 20.5200000000 92.3400000000 0.0000000000 1
'Si' 23.0850000000 94.9050000000 2.5650000000 1
'Si' 25.6500000000 92.3400000000 5.1300000000 1
'Si' 20.5200000000 97.4700000000 5.1300000000 1
'Si' 25.6500000000 97.4700000000 0.0000000000 1
'Si' 28.2150000000 94.9050000000 7.6950000000 1
'Si' 23.0850000000 100.0350000000 7.6950000000 1
'Si' 28.2150000000 100.0350000000 2.5650000000 1
'Si' 30.7800000000 92.3400000000 0.0000000000 1
'Si' 33.3450000000 94.9050000000 2.5650000000 1
'Si' 35.9100000000 92.3400000000 5.1300000000 1
'Si' 30.7800000000 97.4700000000 5.1300000000 1
'Si' 35.9100000000 97.4700000000 0.0000000000 1
'Si' 38.4750000000 94.9050000000 7.6950000000 1
'Si' 33.3450000000 100.0350000000 7.6950000000 1
'Si' 38.4750000000 100.0350000000 2.5650000000 1
'Si' 41.0400000000 92.3400000000 0.0000000000 1
'Si' 43.6050000000 94.9050000000 2.5650000000 1
'Si' 46.1700000000 92.3400000000 5.1300000000 1
'Si' 41.0400000000 97.4700000000 5.1300000000 1
'Si' 46.1700000000 97.4700000000 0.0000000000 1
'Si' 48.7350000000 94.9050000000 7.6950000000 1
'Si' 43.6050000000 100.0350000000 7.6950000000 1
'Si' 48.7350000000 100.0350000000 2.5650000000 1
'Si' 51.3000000000 92.3400000000 0.0000000000 1
'Si' 53.8650000000 94.9050000000 2.5650000000 1
'Si' 56.4300000000 92.3400000000 5.1300000000 1
'Si' 51.3000000000 97.4700000000 5.1300000000 1
'Si' 56.4300000000 97.4700000000 0.0000000000 1
'Si' 58.9950000000 94.9050000000 7.6950000000 1
'Si' 53.8650000000 100.0350000000 7.6950000000 1
'Si' 58.9950000000 100.0350000000 2.5650000000 1
'Si' 61.5600000000 92.3400000000 0.0000000000 1
'Si' 64.1250000000 94.9050000000 2.5650000000 1
'Si' 66.6900000000 92.3400000000 5.1300000000 1
'Si' 61.5600000000 97.4700000000 5.1300000000 1
'Si' 66.6900000000 97.4700000000 0.0000000000 1
'Si' 69.2550000000 94.9050000000 7.6950000000 1
'Si' 64.1250000000 100.0350000000 7.6950000000 1
'Si' 69.2550000000 100.0350000000 2.5650000000 1
'Si' 71.8200000000 92.3400000000 0.0000000000 1
'Si' 74.3850000000 94.9050000000 2.5650000000 1
'Si' 76.9500000000 92.3400000000 5.1300000000 1
'Si' 71.8200000000 97.4700000000 5.1300000000 1
'Si' 76.9500000000 97.4700000000 0.0000000000 1
'Si' 79.5150000000 94.9050000000 7.6950000000 1
'Si' 74.3850000000 100.0350000000 7.6950000000 1
'Si' 79.5150000000 100.0350000000 2.5650000000 1
'Si' 82.0800000000 92.3400000000 0.0000000000 1
'Si' 84.6450000000 94.9050000000 2.5650000000 1
'Si' 87.2100000000 92.3400000000 5.1300000000 1
'Si' 82.0800000000 97.4700000000 5.1300000000 1
'Si' 87.2100000000 97.4700000000 0.0000000000 1
'Si' 89.7750000000 94.9050000000 7.6950000000 1
'Si' 84.6450000000 100.0350000000 7.6950000000 1
'Si' 89.7750000000 100.0350000000 2.5650000000 1
'Si' 92.3400000000 92.3400000000 0.0000000000 1
'Si' 94.9050000000 94.9050000000 2.5650000000 1
'Si' 97.4700000000 92.3400000000 5.1300000000 1
'Si' 92.3400000000 97.4700000000 5.1300000000 1
'Si' 97.4700000000 97.4700000000 0.0000000000 1
'Si' 100.0350000000 94.9050000000 7.6950000000 1
'Si' 94.9050000000 100.0350000000 7.6950000000 1
'Si' 100.0350000000 100.0350000000 2.5650000000 1
'Si' 0.0000000000 0.0000000000 10.2600000000 1
'Si' 2.5650000000 2.5650000000 12.8250000000 1
'Si' 5.1300000000 0.0000000000 15.3900000000 1
'Si' 0.0000000000 5.1300000000 15.3900000000 1
'Si' 5.1300000000 5.1300000000 10.2600000000 1
'Si' 7.6950000000 2.5650000000 17.9550000000 1
'Si' 2.5650000000 7.6950000000 17.9550000000 1
'Si' 7.6950000000 7.6950000000 12.8250000000 1
'Si' 10.2600000000 0.0000000000 10.2600000000 1
'Si' 12.8250000000 2.5650000000 12.8250000000 1
'Si' 15.3900000000 0.0000000000 15.3900000000 1
'Si' 10.2600000000 5.1300000000 15.3900000000 1
'Si' 15.3900000000 5.1300000000 10.2600000000 1
'Si' 17.9550000000 2.5650000000 17.9550000000 1
'Si' 12.8250000000 7.6950000000 17.9550000000 1
'Si' 17.9550000000 7.6950000000 12.8250000000 1
'Si' 20.5200000000 0.0000000000 10.2600000000 1
'Si' 23.0850000000 2.5650000000 12.8250000000 1
'Si' 25.6500000000 0.0000000000 15.3900000000 1
'Si' 20.5200000000 5.1300000000 15.3900000000 1
'Si' 25.6500000000 5.1300000000 10.2600000000 1
'Si' 28.2150000000 2.5650000000 17.9550000000 1
'Si' 23.0850000000 7.6950000000 17.9550000000 1
'Si' 28.2150000000 7.6950000000 12.8250000000 1
'Si' 30.7800000000 0.0000000000 10.2600000000 1
'Si' 33.3450000000 2.5650000000 12.8250000000 1
'Si' 35.9100000000 0.0000000000 15.3900000000 1
'Si' 30.7800000000 5.1300000000 15.3900000000 1
'Si' 35.9100000000 5.1300000000 10.2600000000 1
'Si' 38.4750000000 2.5650000000 17.9550000000 1
'Si' 33.3450000000 7.6950000000 17.9550000000 1
'Si' 38.4750000000 7.6950000000 12.8250000000 1
'Si' 41.0400000000 0.0000000000 10.2600000000 1
'Si' 43.6050000000 2.5650000000 12.8250000000 1
'Si' 46.1700000000 0.0000000000 15.3900000000 1
'Si' 41.0400000000 5.1300000000 15.3900000000 1
'Si' 46.1700000000 5.1300000000 10.2600000000 1
'Si' 48.7350000000 2.5650000000 17.9550000000 1
'Si' 43.6050000000 7.6950000000 17.9550000000 1
'Si' 48.7350000000 7.6950000000 12.8250000000 1
'Si' 51.3000000000 0.0000000000 10.2600000000 1
'Si' 53.8650000000 2.5650000000 12.8250000000 1
'Si' 56.4300000000 0.0000000000 15.3900000000 1
'Si' 51.3000000000 5.1300000000 15.3900000000 1
'Si' 56.4300000000 5.1300000000 10.2600000000 1
'Si' 58.9950000000 2.5650000000 17.9550000000 1
'Si' 53.8650000000 7.6950000000 17.9550000000 1
'Si' 58.9950000000 7.6950000000 12.8250000000 1
'Si' 61.5600000000 0.0000000000 10.2600000000 1
'Si' 64.1250000000 2.5650000000 12.8250000000 1
'Si' 66.6900000000 0.0000000000 15.3900000000 1
'Si' 61.5600000000 5.1300000000 15.3900000000 1
'Si' 66.6900000000 5.1300000000 10.2600000000 1
'Si' 69.2550000000 2.5650000000 17.9550000000 1
'Si' 64.1250000000 7.6950000000 17.9550000000 1
'Si' 69.2550000000 7.6950000000 12.8250000000 1
'Si' 71.8200000000 0.0000000000 10.2600000000 1
'Si' 74.3850000000 2.5650000000 12.8250000000 1
'Si' 76.9500000000 0.0000000000 15.3900000000 1
'Si' 71.8200000000 5.1300000000 15.3900000000 1
'Si' 76.9500000000 5.1300000000 10.2600000000 1
'Si' 79.5150000000 2.5650000000 17.9550000000 1
'Si' 74.3850000000 7.6950000000 17.9550000000 1
'Si' 79.5150000000 7.6950000000 12.8250000000 1
'Si' 82.0800000000 0.0000000000 10.2600000000 1
'Si' 84.6450000000 2.5650000000 12.8250000000 1
'Si' 87.2100000000 0.0000000000 15.3900000000 1
'Si' 82.0800000000 5.1300000000 15.3900000000 1
'Si' 87.2100000000 5.1300000000 10.2600000000 1
'Si' 89.7750000000 2.5650000000 17.9550000000 1
'Si' 84.6450000000 7.6950000000 17.9550000000 1
'Si' 89.7750000000 7.6950000000 12.8250000000 1
'Si' 92.3400000000 0.0000000000 10.2600000000 1
'Si' 94.9050000000 2.5650000000 12.8250000000 1
'Si' 97.4700000000 0.0000000000 15.3900000000 1
'Si' 92.3400000000 5.1300000000 15.3900000000 1
'Si' 97.4700000000 5.1300000000 10.2600000000 1
'Si' 100.0350000000 2.5650000000 17.9550000000 1
'Si' 94.9050000000 7.6950000000 17.9550000000 1
'Si' 100.0350000000 7.6950000000 12.8250000000 1
'Si' 0.0000000000 10.2600000000 10.2600000000 1
'Si' 2.5650000000 12.8250000000 12.8250000000 1
'Si' 5.1300000000 10.2600000000 15.3900000000 1
'Si' 0.0000000000 15.3900000000 15.3900000000 1
'Si' 5.1300000000 15.3900000000 10.2600000000 1
'Si' 7.6950000000 12.8250000000 17.9550000000 1
'Si' 2.5650000000 17.9550000000 17.9550000000 1
'Si' 7.6950000000 17.9550000000 12.8250000000 1
'Si' 10.2600000000 10.2600000000 10.2600000000 1
'Si' 12.8250000000 12.8250000000 12.8250000000 1
'Si' 15.3900000000 10.2600000000 15.3900000000 1
'Si' 10.2600000000 15.3900000000 15.3900000000 1
'Si' 15.3900000000 15.3900000000 10.2600000000 1
'Si' 17.9550000000 12.8250000000 17.9550000000 1
'Si' 12.8250000000 17.9550000000 17.9550000000 1
'Si' 17.9550000000 17.9550000000 12.8250000000 1
'Si' 20.5200000000 10.2600000000 10.2600000000 1
'Si' 23.0850000000 12.8250000000 12.8250000000 1
'Si' 25.6500000000 10.2600000000 15.3900000000 1
'Si' 20.5200000000 15.3900000000 15.3900000000 1
'Si' 25.6500000000 15.3900000000 10.2600000000 1
'Si' 28.2150000000 12.8250000000 17.9550000000 1
'Si' 23.0850000000 17.9550000000 17.9550000000 1
'Si' 28.2150000000 17.9550000000 12.8250000000 1
'Si' 30.7800000000 10.2600000000 10.2600000000 1
'Si' 33.3450000000 12.8250000000 12.8250000000 1
'Si' 35.9100000000 10.2600000000 15.3900000000 1
'Si' 30.7800000000 15.3900000000 15.3900000000 1
'Si' 35.9100000000 15.3900000000 10.2600000000 1
'Si' 38.4750000000 12.8250000000 17.9550000000 1
'Si' 33.3450000000 17.9550000000 17.9550000000 1
'Si' 38.4750000000 17.9550000000 12.8250000000 1
'Si' 41.0400000000 10.2600000000 10.2600000000 1
'Si' 43.6050000000 12.8250000000 12.8250000000 1
'Si' 46.1700000000 10.2600000000 15.3900000000 1
'Si' 41.0400000000 15.3900000000 15.3900000000 1
'Si' 46.1700000000 15.3900000000 10.2600000000 1
'Si' 48.7350000000 12.8250000000 17.9550000000 1
'Si' 43.6050000000 17.9550000000 17.9550000000 1
'Si' 48.7350000000 17.9550000000 12.8250000000 1
'Si' 51.3000000000 10.2600000000 10.2600000000 1
'Si' 53.8650000000 12.8250000000 12.8250000000 1
'Si' 56.4300000000 10.2600000000 15.3900000000 1
'Si' 51.3000000000 15.3900000000 15.3900000000 1
'Si' 56.4300000000 15.3900000000 10.2600000000 1
'Si' 58.9950000000 12.8250000000 17.9550000000 1
'Si' 53.8650000000 17.9550000000 17.9550000000 1
'Si' 58.9950000000 17.9550000000 12.8250000000 1
'Si' 61.5600000000 10.2600000000 10.2600000000 1
'Si' 64.1250000000 12.8250000000 12.8250000000 1
'Si' 66.6900000000 10.2600000000 15.3900000000 1
'Si' 61.5600000000 15.3900000000 15.3900000000 1
'Si' 66.6900000000 15.3900000000 10.2600000000 1
'Si' 69.2550000000 12.8250000000 17.9550000000 1
'Si' 64.1250000000 17.9550000000 17.9550000000 1
'Si' 69.2550000000 17.9550000000 12.8250000000 1
'Si' 71.8200000000 10.2600000000 10.2600000000 1
'Si' 74.3850000000 12.8250000000 12.8250000000 1
'Si' 76.9500000000 10.2600000000 15.3900000000 1
'Si' 71.8200000000 15.3900000000 15.3900000000 1
'Si' 76.9500000000 15.3900000000 10.2600000000 1
'Si' 79.5150000000 12.8250000000 17.9550000000 1
'Si' 74.3850000000 17.9550000000 17.9550000000 1
'Si' 79.5150000000 17.9550000000 12.8250000000 1
'Si' 82.0800000000 10.2600000000 10.2600000000 1
'Si' 84.6450000000 12.8250000000 12.8250000000 1
'Si' 87.2100000000 10.2600000000 15.3900000000 1
'Si' 82.0800000000 15.3900000000 15.3900000000 1
'Si' 87.2100000000 15.3900000000 10.2600000000 1
'Si' 89.7750000000 12.8250000000 17.9550000000 1
'Si' 84.6450000000 17.9550000000 17.9550000000 1
'Si' 89.7750000000 17.9550000000 12.8250000000 1
'Si' 92.3400000000 10.2600000000 10.2600000000 1
'Si' 94.9050000000 12.8250000000 12.8250000000 1
'Si' 97.4700000000 10.2600000000 15.3900000000 1
'Si' 92.3400000000 15.3900000000 15.3900000000 1
'Si' 97.4700000000 15.3900000000 10.2600000000 1
'Si' 100.0350000000 12.8250000000 17.9550000000 1
'Si' 94.9050000000 17.9550000000 17.9550000000 1
'Si' 100.0350000000 17.9550000000 12.8250000000 1
'Si' 0.0000000000 20.5200000000 10.2600000000 1
'Si' 2.5650000000 23.0850000000 12.8250000000 1
'Si' 5.1300000000 20.5200000000 15.3900000000 1
'Si' 0.0000000000 25.6500000000 15.3900000000 1
'Si' 5.1300000000 25.6500000000 10.2600000000 1
'Si' 7.6950000000 23.0850000000 17.9550000000 1
'Si' 2.5650000000 28.2150000000 17.9550000000 1
'Si' 7.6950000000 28.2150000000 12.8250000000 1
'Si' 10.2600000000 20.5200000000 10.2600000000 1
'Si' 12.8250000000 23.0850000000 12.8250000000 1
'Si' 15.3900000000 20.5200000000 15.3900000000 1
'Si' 10.2600000000 25.6500000000 15.3900000000 1
'Si' 15.3900000000 25.6500000000 10.2600000000 1
'Si' 17.9550000000 23.0850000000 17.9550000000 1
'Si' 12.8250000000 28.2150000000 17.9550000000 1
'Si' 17.9550000000 28.2150000000 12.8250000000 1
'Si' 20.5200000000 20.5200000000 10.2600000000 1
'Si' 23.0850000000 23.0850000000 12.8250000000 1
'Si' 25.6500000000 20.5200000000 15.3900000000 1
'Si' 20.5200000000 25.6500000000 15.3900000000 1
'Si' 25.6500000000 25.6500000000 10.2600000000 1
'Si' 28.2150000000 23.0850000000 17.9550000000 1
'Si' 23.0850000000 28.2150000000 17.9550000000 1
'Si' 28.2150000000 28.2150000000 12.8250000000 1
'Si' 30.7800000000 20.5200000000 10.2600000000 1
'Si' 33.3450000000 23.0850000000 12.8250000000 1
'Si' 35.9100000000 20.5200000000 15.3900000000 1
'Si' 30.7800000000 25.6500000000 15.3900000000 1
'Si' 35.9100000000 25.6500000000 10.2600000000 1
'Si' 38.4750000000 23.0850000000 17.9550000000 1
'Si' 33.3450000000 28.2150000000 17.9550000000 1
'Si' 38.4750000000 28.2150000000 12.8250000000 1
'Si' 41.0400000000 20.5200000000 10.2600000000 1
'Si' 43.6050000000 23.0850000000 12.8250000000 1
'Si' 46.1700000000 20.5200000000 15.3900000000 1
'Si' 41.0400000000 25.6500000000 15.3900000000 1
'Si' 46.1700000000 25.6500000000 10.2600000000 1
'Si' 48.7350000000 23.0850000000 17.9550000000 1
'Si' 43.6050000000 28.2150000000 17.9550000000 1
'Si' 48.7350000000 28.2150000000 12.8250000000 1
'Si' 51.3000000000 20.5200000000 10.2600000000 1
'Si' 53.8650000000 23.0850000000 12.8250000000 1
'Si' 56.4300000000 20.5200000000 15.3900000000 1
'Si' 51.3000000000 25.6500000000 15.3900000000 1
'Si' 56.4300000000 25.6500000000 10.2600000000 1
'Si' 58.9950000000 23.0850000000 17.9550000000 1
'Si' 53.8650000000 28.2150000000 17.9550000000 1
'Si' 58.9950000000 28.2150000000 12.8250000000 1
'Si' 61.5600000000 20.5200000000 10.2600000000 1
'Si' 64.1250000000 23.0850000000 12.8250000000 1
'Si' 66.6900000000 20.5200000000 15.3900000000 1
'Si' 61.5600000000 25.6500000000 15.3900000000 1
'Si' 66.6900000000 25.6500000000 10.2600000000 1
'Si' 69.2550000000 23.0850000000 17.9550000000 1
'Si' 64.1250000000 28.2150000000 17.9550000000 1
'Si' 69.2550000000 28.2150000000 12.8250000000 1
'Si' 71.8200000000 20.5200000000 10.2600000000 1
'Si' 74.3850000000 23.0850000000 12.8250000000 1
'Si' 76.9500000000 20.5200000000 15.3900000000 1
'Si' 71.8200000000 25.6500000000 15.3900000000 1
'Si' 76.9500000000 25.6500000000 10.2600000000 1
'Si' 79.5150000000 23.0850000000 17.9550000000 1
'Si' 74.3850000000 28.2150000000 17.9550000000 1
'Si' 79.5150000000 28.2150000000 12.8250000000 1
'Si' 82.0800000000 20.5200000000 10.2600000000 1
'Si' 84.6450000000 23.0850000000 12.8250000000 1
'Si' 87.2100000000 20.5200000000 15.3900000000 1
'Si' 82.0800000000 25.6500000000 15.3900000000 1
'Si' 87.2100000000 25.6500000000 10.2600000000 1
'Si' 89.7750000000 23.0850000000 17.9550000000 1
'Si' 84.6450000000 28.2150000000 17.9550000000 1
'Si' 89.7750000000 28.2150000000 12.8250000000 1
'Si' 92.3400000000 20.5200000000 10.2600000000 1
'Si' 94.9050000000 23.0850000000 12.8250000000 1
'Si' 97.4700000000 20.5200000000 15.3900000000 1
'Si' 92.3400000000 25.6500000000 15.3900000000 1
'Si' 97.4700000000 25.6500000000 10.2600000000 1
'Si' 100.0350000000 23.0850000000 17.9550000000 1
'Si' 94.9050000000 28.2150000000 17.9550000000 1
'Si' 100.0350000000 28.2150000000 12.8250000000 1
'Si' 0.0000000000 30.7800000000 10.2600000000 1
'Si' 2.5650000000 33.3450000000 12.8250000000 1
'Si' 5.1300000000 30.7800000000 15.3900000000 1
'Si' 0.0000000000 35.9100000000 15.3900000000 1
'Si' 5.1300000000 35.9100000000 10.2600000000 1
'Si' 7.6950000000 33.3450000000 17.9550000000 1
'Si' 2.5650000000 38.4750000000 17.9550000000 1
'Si' 7.6950000000 38.4750000000 12.8250000000 1
'Si' 10.2600000000 30.7800000000 10.2600000000 1
'Si' 12.8250000000 33.3450000000 12.8250000000 1
'Si' 15.3900000000 30.7800000000 15.3900000000 1
'Si' 10.2600000000 35.9100000000 15.3900000000 1
'Si' 15.3900000000 35.9100000000 10.2600000000 1
'Si' 17.9550000000 33.3450000000 17.9550000000 1
'Si' 12.8250000000 38.4750000000 17.9550000000 1
'Si' 17.9550000000 38.4750000000 12.8250000000 1
'Si' 20.5200000000 30.7800000000 10.2600000000 1
'Si' 23.0850000000 33.3450000000 12.8250000000 1
'Si' 25.6500000000 30.7800000000 15.3900000000 1
'Si' 20.5200000000 35.9100000000 15.3900000000 1
'Si' 25.6500000000 35.9100000000 10.2600000000 1
'Si' 28.2150000000 33.3450000000 17.9550000000 1
'Si' 23.0850000000 38.4750000000 17.9550000000 1
'Si' 28.2150000000 38.4750000000 12.8250000000 1
'Si' 30.7800000000 30.7800000000 10.2600000000 1
'Si' 33.3450000000 33.3450000000 12.8250000000 1
'Si' 35.9100000000 30.7800000000 15.3900000000 1
'Si' 30.7800000000 35.9100000000 15.3900000000 1
'Si' 35.9100000000 35.9100000000 10.2600000000 1
'Si' 38.4750000000 33.3450000000 17.9550000000 1
'Si' 33.3450000000 38.4750000000 17.9550000000 1
'Si' 38.4750000000 38.4750000000 12.8250000000 1
'Si' 41.0400000000 30.7800000000 10.2600000000 1
'Si' 43.6050000000 33.3450000000 12.8250000000 1
'Si' 46.1700000000 30.7800000000 15.3900000000 1
'Si' 41.0400000000 35.9100000000 15.3900000000 1
'Si' 46.1700000000 35.9100000000 10.2600000000 1
'Si' 48.7350000000 33.3450000000 17.9550000000 1
'Si' 43.6050000000 38.4750000000 17.9550000000 1
'Si' 48.7350000000 38.4750000000 12.8250000000 1
'Si' 51.3000000000 30.7800000000 10.2600000000 1
'Si' 53.8650000000 33.3450000000 12.8250000000 1
'Si' 56.4300000000 30.7800000000 15.3900000000 1
'Si' 51.3000000000 35.9100000000 15.3900000000 1
'Si' 56.4300000000 35.9100000000 10.2600000000 1
'Si' 58.9950000000 33.3450000000 17.9550000000 1
'Si' 53.8650000000 38.4750000000 17.9550000000 1
'Si' 58.9950000000 38.4750000000 12.8250000000 1
'Si' 61.5600000000 30.7800000000 10.2600000000 1
'Si' 64.1250000000 33.3450000000 12.8250000000 1
'Si' 66.6900000000 30.7800000000 15.3900000000 1
'Si' 61.5600000000 35.9100000000 15.3900000000 1
'Si' 66.6900000000 35.9100000000 10.2600000000 1
'Si' 69.2550000000 33.3450000000 17.9550000000 1
'Si' 64.1250000000 38.4750000000 17.9550000000 1
'Si' 69.2550000000 38.4750000000 12.8250000000 1
'Si' 71.8200000000 30.7800000000 10.2600000000 1
'Si' 74.3850000000 33.3450000000 12.8250000000 1
'Si' 76.9500000000 30.7800000000 15.3900000000 1
'Si' 71.8200000000 35.9100000000 15.3900000000 1
'Si' 76.9500000000 35.9100000000 10.2600000000 1
'Si' 79.5150000000 33.3450000000 17.9550000000 1
'Si' 74.3850000000 38.4750000000 17.9550000000 1
'Si' 79.5150000000 38.4750000000 12.8250000000 1
'Si' 82.0800000000 30.7800000000 10.2600000000 1
'Si' 84.6450000000 33.3450000000 12.8250000000 1
'Si' 87.2100000000 30.7800000000 15.3900000000 1
'Si' 82.0800000000 35.9100000000 15.3900000000 1
'Si' 87.2100000000 35.9100000000 10.2600000000 1
'Si' 89.7750000000 33.3450000000 17.9550000000 1
'Si' 84.6450000000 38.4750000000 17.9550000000 1
'Si' 89.7750000000 38.4750000000 12.8250000000 1
'Si' 92.3400000000 30.7800000000 10.2600000000 1
'Si' 94.9050000000 33.3450000000 12.8250000000 1
'Si' 97.4700000000 30.7800000000 15.3900000000 1
'Si' 92.3400000000 35.9100000000 15.3900000000 1
'Si' 97.4700000000 35.9100000000 10.2600000000 1
'Si' 100.0350000000 33.3450000000 17.9550000000 1
'Si' 94.9050000000 38.4750000000 17.9550000000 1
'Si' 100.0350000000 38.4750000000 12.8250000000 1
'Si' 0.0000000000 41.0400000000 10.2600000000 1
'Si' 2.5650000000 43.6050000000 12.8250000000 1
'Si' 5.1300000000 41.0400000000 15.3900000000 1
'Si' 0.0000000000 46.1700000000 15.3900000000 1
'Si' 5.1300000000 46.1700000000 10.2600000000 1
'Si' 7.6950000000 43.6050000000 17.9550000000 1
'Si' 2.5650000000 48.7350000000 17.9550000000 1
'Si' 7.6950000000 48.7350000000 12.8250000000 1
'Si' 10.2600000000 41.0400000000 10.2600000000 1
'Si' 12.8250000000 43.6050000000 12.8250000000 1
'Si' 15.3900000000 41.0400000000 15.3900000000 1
'Si' 10.2600000000 46.1700000000 15.3900000000 1
'Si' 15.3900000000 46.1700000000 10.2600000000 1
'Si' 17.9550000000 43.6050000000 17.9550000000 1
'Si' 12.8250000000 48.7350000000 17.9550000000 1
'Si' 17.9550000000 48.7350000000 12.8250000000 1
'Si' 20.5200000000 41.0400000000 10.2600000000 1
'Si' 23.0850000000 43.6050000000 12.8250000000 1
'Si' 25.6500000000 41.0400000000 15.3900000000 1
'Si' 20.5200000000 46.1700000000 15.3900000000 1
'Si' 25.6500000000 46.1700000000 10.2600000000 1
'Si' 28.2150000000 43.6050000000 17.9550000000 1
'Si' 23.0850000000 48.7350000000 17.9550000000 1
'Si' 28.2150000000 48.7350000000 12.8250000000 1
'Si' 30.7800000000 41.0400000000 10.2600000000 1
'Si' 33.3450000000 43.6050000000 12.8250000000 1
'Si' 35.9100000000 41.0400000000 15.3900000000 1
'Si' 30.7800000000 46.1700000000 15.3900000000 1
'Si' 35.9100000000 46.1700000000 10.2600000000 1
'Si' 38.4750000000 43.6050000000 17.9550000000 1
'Si' 33.3450000000 48.7350000000 17.9550000000 1
'Si' 38.4750000000 48.7350000000 12.8250000000 1
'Si' 41.0400000000 41.0400000000 10.2600000000 1
'Si' 43.6050000000 43.6050000000 12.8250000000 1
'Si' 46.1700000000 41.0400000000 15.3900000000 1
'Si' 41.0400000000 46.1700000000 15.3900000000 1
'Si' 46.1700000000 46.1700000000 10.2600000000 1
'Si' 48.7350000000 43.6050000000 17.9550000000 1
'Si' 43.6050000000 48.7350000000 17.9550000000 1
'Si' 48.7350000000 48.7350000000 12.8250000000 1
'Si' 51.3000000000 41.0400000000 10.2600000000 1
'Si' 53.8650000000 43.6050000000 12.8250000000 1
'Si' 56.4300000000 41.0400000000 15.3900000000 1
'Si' 51.3000000000 46.1700000000 15.3900000000 1
'Si' 56.4300000000 46.1700000000 10.2600000000 1
'Si' 58.9950000000 43.6050000000 17.9550000000 1
'Si' 53.8650000000 48.7350000000 17.9550000000 1
'Si' 58.9950000000 48.7350000000 12.8250000000 1
'Si' 61.5600000000 41.0400000000 10.2600000000 1
'Si' 64.1250000000 43.6050000000 12.8250000000 1
'Si' 66.6900000000 41.0400000000 15.3900000000 1
'Si' 61.5600000000 46.1700000000 15.3900000000 1
'Si' 66.6900000000 46.1700000000 10.2600000000 1
'Si' 69.2550000000 43.6050000000 17.9550000000 1
'Si' 64.1250000000 48.7350000000 17.9550000000 1
'Si' 69.2550000000 48.7350000000 12.8250000000 1
'Si' 71.8200000000 41.0400000000 10.2600000000 1
'Si' 74.3850000000 43.6050000000 12.8250000000 1
'Si' 76.9500000000 41.0400000000 15.3900000000 1
'Si' 71.8200000000 46.1700000000 15.3900000000 1
'Si' 76.9500000000 46.1700000000 10.2600000000 1
'Si' 79.5150000000 43.6050000000 17.9550000000 1
'Si' 74.3850000000 48.7350000000 17.9550000000 1
'Si' 79.5150000000 48.7350000000 12.8250000000 1
'Si' 82.0800000000 41.0400000000 10.2600000000 1
'Si' 84.6450000000 43.6050000000 12.8250000000 1
'Si' 87.2100000000 41.0400000000 15.3900000000 1
'Si' 82.0800000000 46.1700000000 15.3900000000 1
'Si' 87.2100000000 46.1700000000 10.2600000000 1
'Si' 89.7750000000 43.6050000000 17.9550000000 1
'Si' 84.6450000000 48.7350000000 17.9550000000 1
'Si' 89.7750000000 48.7350000000 12.8250000000 1
'Si' 92.3400000000 41.0400000000 10.2600000000 1
'Si' 94.9050000000 43.6050000000 12.8250000000 1
'Si' 97.4700000000 41.0400000000 15.3900000000 1
'Si' 92.3400000000 46.1700000000 15.3900000000 1
'Si' 97.4700000000 46.1700000000 10.2600000000 1
'Si' 100.0350000000 43.6050000000 17.9550000000 1
'Si' 94.9050000000 48.7350000000 17.9550000000 1
'Si' 100.0350000000 48.7350000000 12.8250000000 1
'Si' 0.0000000000 51.3000000000 10.2600000000 1
'Si' 2.5650000000 53.8650000000 12.8250000000 1
'Si' 5.1300000000 51.3000000000 15.3900000000 1
'Si' 0.0000000000 56.4300000000 15.3900000000 1
'Si' 5.1300000000 56.4300000000 10.2600000000 1
'Si' 7.6950000000 53.8650000000 17.9550000000 1
'Si' 2.5650000000 58.9950000000 17.9550000000 1
'Si' 7.6950000000 58.9950000000 12.8250000000 1
'Si' 10.2600000000 51.3000000000 10.2600000000 1
'Si' 12.8250000000 53.8650000000 12.8250000000 1
'Si' 15.3900000000 51.3000000000 15.3900000000 1
'Si' 10.2600000000 56.4300000000 15.3900000000 1
'Si' 15.3900000000 56.4300000000 10.2600000000 1
'Si' 17.9550000000 53.8650000000 17.9550000000 1
'Si' 12.8250000000 58.9950000000 17.9550000000 1
'Si' 17.9550000000 58.9950000000 12.8250000000 1
'Si' 20.5200000000 51.3000000000 10.2600000000 1
'Si' 23.0850000000 53.8650000000 12.8250000000 1
'Si' 25.6500000000 51.3000000000 15.3900000000 1
'Si' 20.5200000000 56.4300000000 15.3900000000 1
'Si' 25.6500000000 56.4300000000 10.2600000000 1
'Si' 28.2150000000 53.8650000000 17.9550000000 1
'Si' 23.0850000000 58.9950000000 17.9550000000 1
'Si' 28.2150000000 58.9950000000 12.8250000000 1
'Si' 30.7800000000 51.3000000000 10.2600000000 1
'Si' 33.3450000000 53.8650000000 12.8250000000 1
'Si' 35.9100000000 51.3000000000 15.3900000000 1
'Si' 30.7800000000 56.4300000000 15.3900000000 1
'Si' 35.9100000000 56.4300000000 10.2600000000 1
'Si' 38.4750000000 53.8650000000 17.9550000000 1
'Si' 33.3450000000 58.9950000000 17.9550000000 1
'Si' 38.4750000000 58.9950000000 12.8250000000 1
'Si' 41.0400000000 51.3000000000 10.2600000000 1
'Si' 43.6050000000 53.8650000000 12.8250000000 1
'Si' 46.1700000000 51.3000000000 15.3900000000 1
'Si' 41.0400000000 56.4300000000 15.3900000000 1
'Si' 46.1700000000 56.4300000000 10.2600000000 1
'Si' 48.7350000000 53.8650000000 17.9550000000 1
'Si' 43.6050000000 58.9950000000 17.9550000000 1
'Si' 48.7350000000 58.9950000000 12.8250000000 1
'Si' 51.3000000000 51.3000000000 10.2600000000 1
'Si' 53.8650000000 53.8650000000 12.8250000000 1
'Si' 56.4300000000 51.3000000000 15.3900000000 1
'Si' 51.3000000000 56.4300000000 15.3900000000 1
'Si' 56.4300000000 56.4300000000 10.2600000000 1
'Si' 58.9950000000 53.8650000000 17.9550000000 1
'Si' 53.8650000000 58.9950000000 17.9550000000 1
'Si' 58.9950000000 58.9950000000 12.8250000000 1
'Si' 61.5600000000 51.3000000000 10.2600000000 1
'Si' 64.1250000000 53.8650000000 12.8250000000 1
'Si' 66.6900000000 51.3000000000 15.3900000000 1
'Si' 61.5600000000 56.4300000000 15.3900000000 1
'Si' 66.6900000000 56.4300000000 10.2600000000 1
'Si' 69.2550000000 53.8650000000 17.9550000000 1
'Si' 64.1250000000 58.9950000000 17.9550000000 1
'Si' 69.2550000000 58.9950000000 12.8250000000 1
'Si' 71.8200000000 51.3000000000 10.2600000000 1
'Si' 74.3850000000 53.8650000000 12.8250000000 1
'Si' 76.9500000000 51.3000000000 15.3900000000 1
'Si' 71.8200000000 56.4300000000 15.3900000000 1
'Si' 76.9500000000 56.4300000000 10.2600000000 1
'Si' 79.5150000000 53.8650000000 17.9550000000 1
'Si' 74.3850000000 58.9950000000 17.9550000000 1
'Si' 79.5150000000 58.9950000000 12.8250000000 1
'Si' 82.0800000000 51.3000000000 10.2600000000 1
'Si' 84.6450000000 53.8650000000 12.8250000000 1
'Si' 87.2100000000 51.3000000000 15.3900000000 1
'Si' 82.0800000000 56.4300000000 15.3900000000 1
'Si' 87.2100000000 56.4300000000 10.2600000000 1
'Si' 89.7750000000 53.8650000000 17.9550000000 1
'Si' 84.6450000000 58.9950000000 17.9550000000 1
'Si' 89.7750000000 58.9950000000 12.8250000000 1
'Si' 92.3400000000 51.3000000000 10.2600000000 1
'Si' 94.9050000000 53.8650000000 12.8250000000 1
'Si' 97.4700000000 51.3000000000 15.3900000000 1
'Si' 92.3400000000 56.4300000000 15.3900000000 1
'Si' 97.4700000000 56.4300000000 10.2600000000 1
'Si' 100.0350000000 53.8650000000 17.9550000000 1
'Si' 94.9050000000 58.9950000000 17.9550000000 1
'Si' 100.0350000000 58.9950000000 12.8250000000 1
'Si' 0.0000000000 61.5600000000 10.2600000000 1
'Si' 2.5650000000 64.1250000000 12.8250000000 1
'Si' 5.1300000000 61.5600000000 15.3900000000 1
'Si' 0.0000000000 66.6900000000 15.3900000000 1
'Si' 5.1300000000 66.6900000000 10.2600000000 1
'Si' 7.6950000000 64.1250000000 17.9550000000 1
'Si' 2.5650000000 69.2550000000 17.9550000000 1
'Si' 7.6950000000 69.2550000000 12.8250000000 1
'Si' 10.2600000000 61.5600000000 10.2600000000 1
'Si' 12.8250000000 64.1250000000 12.8250000000 1
'Si' 15.3900000000 61.5600000000 15.3900000000 1
'Si' 10.2600000000 66.6900000000 15.3900000000 1
'Si' 15.3900000000 66.6900000000 10.2600000000 1
'Si' 17.9550000000 64.1250000000 17.9550000000 1
'Si' 12.8250000000 69.2550000000 17.9550000000 1
'Si' 17.9550000000 69.2550000000 12.8250000000 1
'Si' 20.5200000000 61.5600000000 10.2600000000 1
'Si' 23.0850000000 64.1250000000 12.8250000000 1
'Si' 25.6500000000 61.5600000000 15.3900000000 1
'Si' 20.5200000000 66.6900000000 15.3900000000 1
'Si' 25.6500000000 66.6900000000 10.2600000000 1
'Si' 28.2150000000 64.1250000000 17.9550000000 1
'Si' 23.0850000000 69.2550000000 17.9550000000 1
'Si' 28.2150000000 69.2550000000 12.8250000000 1
'Si' 30.7800000000 61.5600000000 10.2600000000 1
'Si' 33.3450000000 64.1250000000 12.8250000000 1
'Si' 35.9100000000 61.5600000000 15.3900000000 1
'Si' 30.7800000000 66.6900000000 15.3900000000 1
'Si' 35.9100000000 66.6900000000 10.2600000000 1
'Si' 38.4750000000 64.1250000000 17.9550000000 1
'Si' 33.3450000000 69.2550000000 17.9550000000 1
'Si' 38.4750000000 69.2550000000 12.8250000000 1
'Si' 41.0400000000 61.5600000000 10.2600000000 1
'Si' 43.6050000000 64.1250000000 12.8250000000 1
'Si' 46.1700000000 61.5600000000 15.3900000000 1
'Si' 41.0400000000 66.6900000000 15.3900000000 1
'Si' 46.1700000000 66.6900000000 10.2600000000 1
'Si' 48.7350000000 64.1250000000 17.9550000000 1
'Si' 43.6050000000 69.2550000000 17.9550000000 1
'Si' 48.7350000000 69.2550000000 12.8250000000 1
'Si' 51.3000000000 61.5600000000 10.2600000000 1
'Si' 53.8650000000 64.1250000000 12.8250000000 1
'Si' 56.4300000000 61.5600000000 15.3900000000 1
'Si' 51.3000000000 66.6900000000 15.3900000000 1
'Si' 56.4300000000 66.6900000000 10.2600000000 1
'Si' 58.9950000000 64.1250000000 17.9550000000 1
'Si' 53.8650000000 69.2550000000 17.9550000000 1
'Si' 58.9950000000 69.2550000000 12.8250000000 1
'Si' 61.5600000000 61.5600000000 10.2600000000 1
'Si' 64.1250000000 64.1250000000 12.8250000000 1
'Si' 66.6900000000 61.5600000000 15.3900000000 1
'Si' 61.5600000000 66.6900000000 15.3900000000 1
'Si' 66.6900000000 66.6900000000 10.2600000000 1
'Si' 69.2550000000 64.1250000000 17.9550000000 1
'Si' 64.1250000000 69.2550000000 17.9550000000 1
'Si' 69.2550000000 69.2550000000 12.8250000000 1
'Si' 71.8200000000 61.5600000000 10.2600000000 1
'Si' 74.3850000000 64.1250000000 12.8250000000 1
'Si' 76.9500000000 61.5600000000 15.3900000000 1
'Si' 71.8200000000 66.6900000000 15.3900000000 1
'Si' 76.9500000000 66.6900000000 10.2600000000 1
'Si' 79.5150000000 64.1250000000 17.9550000000 1
'Si' 74.3850000000 69.2550000000 17.9550000000 1
'Si' 79.5150000000 69.2550000000 12.8250000000 1
'Si' 82.0800000000 61.5600000000 10.2600000000 1
'Si' 84.6450000000 64.1250000000 12.8250000000 1
'Si' 87.2100000000 61.5600000000 15.3900000000 1
'Si' 82.0800000000 66.6900000000 15.3900000000 1
'Si' 87.2100000000 66.6900000000 10.2600000000 1
'Si' 89.7750000000 64.1250000000 17.9550000000 1
'Si' 84.6450000000 69.2550000000 17.9550000000 1
'Si' 89.7750000000 69.2550000000 12.8250000000 1
'Si' 92.3400000000 61.5600000000 10.2600000000 1
'Si' 94.9050000000 64.1250000000 12.8250000000 1
'Si' 97.4700000000 61.5600000000 15.3900000000 1
'Si' 92.3400000000 66.6900000000 15.3900000000 1
'Si' 97.4700000000 66.6900000000 10.2600000000 1
'Si' 100.0350000000 64.1250000000 17.9550000000 1
'Si' 94.9050000000 69.2550000000 17.9550000000 1
'Si' 100.0350000000 69.2550000000 12.8250000000 1
'Si' 0.0000000000 71.8200000000 10.2600000000 1
'Si' 2.5650000000 74.3850000000 12.8250000000 1
'Si' 5.1300000000 71.8200000000 15.3900000000 1
'Si' 0.0000000000 76.9500000000 15.3900000000 1
'Si' 5.1300000000 76.9500000000 10.2600000000 1
'Si' 7.6950000000 74.3850000000 17.9550000000 1
'Si' 2.5650000000 79.5150000000 17.9550000000 1
'Si' 7.6950000000 79.5150000000 12.8250000000 1
'Si' 10.2600000000 71.8200000000 10.2600000000 1
'Si' 12.8250000000 74.3850000000 12.8250000000 1
'Si' 15.3900000000 71.8200000000 15.3900000000 1
'Si' 10.2600000000 76.9500000000 15.3900000000 1
'Si' 15.3900000000 76.9500000000 10.2600000000 1
'Si' 17.9550000000 74.3850000000 17.9550000000 1
'Si' 12.8250000000 79.5150000000 17.9550000000 1
'Si' 17.9550000000 79.5150000000 12.8250000000 1
'Si' 20.5200000000 71.8200000000 10.2600000000 1
'Si' 23.0850000000 74.3850000000 12.8250000000 1
'Si' 25.6500000000 71.8200000000 15.3900000000 1
'Si' 20.5200000000 76.9500000000 15.3900000000 1
'Si' 25.6500000000 76.9500000000 10.2600000000 1
'Si' 28.2150000000 74.3850000000 17.9550000000 1
'Si' 23.0850000000 79.5150000000 17.9550000000 1
'Si' 28.2150000000 79.5150000000 12.8250000000 1
'Si' 30.7800000000 71.8200000000 10.2600000000 1
'Si' 33.3450000000 74.3850000000 12.8250000000 1
'Si' 35.9100000000 71.8200000000 15.3900000000 1
'Si' 30.7800000000 76.9500000000 15.3900000000 1
'Si' 35.9100000000 76.9500000000 10.2600000000 1
'Si' 38.4750000000 74.3850000000 17.9550000000 1
'Si' 33.3450000000 79.5150000000 17.9550000000 1
'Si' 38.4750000000 79.5150000000 12.8250000000 1
'Si' 41.0400000000 71.8200000000 10.2600000000 1
'Si' 43.6050000000 74.3850000000 12.8250000000 1
'Si' 46.1700000000 71.8200000000 15.3900000000 1
'Si' 41.0400000000 76.9500000000 15.3900000000 1
'Si' 46.1700000000 76.9500000000 10.2600000000 1
'Si' 48.7350000000 74.3850000000 17.9550000000 1
'Si' 43.6050000000 79.5150000000 17.9550000000 1
'Si' 48.7350000000 79.5150000000 12.8250000000 1
'Si' 51.3000000000 71.8200000000 10.2600000000 1
'Si' 53.8650000000 74.3850000000 12.8250000000 1
'Si' 56.4300000000 71.8200000000 15.3900000000 1
'Si' 51.3000000000 76.9500000000 15.3900000000 1
'Si' 56.4300000000 76.9500000000 10.2600000000 1
'Si' 58.9950000000 74.3850000000 17.9550000000 1
'Si' 53.8650000000 79.5150000000 17.9550000000 1
'Si' 58.9950000000 79.5150000000 12.8250000000 1
'Si' 61.5600000000 71.8200000000 10.2600000000 1
'Si' 64.1250000000 74.3850000000 12.8250000000 1
'Si' 66.6900000000 71.8200000000 15.3900000000 1
'Si' 61.5600000000 76.9500000000 15.3900000000 1
'Si' 66.6900000000 76.9500000000 10.2600000000 1
'Si' 69.2550000000 74.3850000000 17.9550000000 1
'Si' 64.1250000000 79.5150000000 17.9550000000 1
'Si' 69.2550000000 79.5150000000 12.8250000000 1
'Si' 71.8200000000 71.8200000000 10.2600000000 1
'Si' 74.3850000000 74.3850000000 12.8250000000 1
'Si' 76.9500000000 71.8200000000 15.3900000000 1
'Si' 71.8200000000 76.9500000000 15.3900000000 1
'Si' 76.9500000000 76.9500000000 10.2600000000 1
'Si' 79.5150000000 74.3850000000 17.9550000000 1
'Si' 74.3850000000 79.5150000000 17.9550000000 1
'Si' 79.5150000000 79.5150000000 12.8250000000 1
'Si' 82.0800000000 71.8200000000 10.2600000000 1
'Si' 84.6450000000 74.3850000000 12.8250000000 1
'Si' 87.2100000000 71.8200000000 15.3900000000 1
'Si' 82.0800000000 76.9500000000 15.3900000000 1
'Si' 87.2100000000 76.9500000000 10.2600000000 1
'Si' 89.7750000000 74.3850000000 17.9550000000 1
'Si' 84.6450000000 79.5150000000 17.9550000000 1
'Si' 89.7750000000 79.5150000000 12.8250000000 1
'Si' 92.3400000000 71.8200000000 10.2600000000 1
'Si' 94.9050000000 74.3850000000 12.8250000000 1
'Si' 97.4700000000 71.8200000000 15.3900000000 1
'Si' 92.3400000000 76.9500000000 15.3900000000 1
'Si' 97.4700000000 76.9500000000 10.2600000000 1
'Si' 100.0350000000 74.3850000000 17.9550000000 1
'Si' 94.9050000000 79.5150000000 17.9550000000 1
'Si' 100.0350000000 79.5150000000 12.8250000000 1
'Si' 0.0000000000 82.0800000000 10.2600000000 1
'Si' 2.5650000000 84.6450000000 12.8250000000 1
'Si' 5.1300000000 82.0800000000 15.3900000000 1
'Si' 0.0000000000 87.2100000000 15.3900000000 1
'Si' 5.1300000000 87.2100000000 10.2600000000 1
'Si' 7.6950000000 84.6450000000 17.9550000000 1
'Si' 2.5650000000 89.7750000000 17.9550000000 1
'Si' 7.6950000000 89.7750000000 12.8250000000 1
'Si' 10.2600000000 82.0800000000 10.2600000000 1
'Si' 12.8250000000 84.6450000000 12.8250000000 1
'Si' 15.3900000000 82.0800000000 15.3900000000 1
'Si' 10.2600000000 87.2100000000 15.3900000000 1
'Si' 15.3900000000 87.2100000000 10.2600000000 1
'Si' 17.9550000000 84.6450000000 17.9550000000 1
'Si' 12.8250000000 89.7750000000 17.9550000000 1
'Si' 17.9550000000 89.7750000000 12.8250000000 1
'Si' 20.5200000000 82.0800000000 10.2600000000 1
'Si' 23.0850000000 84.6450000000 12.8250000000 1
'Si' 25.6500000000 82.0800000000 15.3900000000 1
'Si' 20.5200000000 87.2100000000 15.3900000000 1
'Si' 25.6500000000 87.2100000000 10.2600000000 1
'Si' 28.2150000000 84.6450000000 17.9550000000 1
'Si' 23.0850000000 89.7750000000 17.9550000000 1
'Si' 28.2150000000 89.7750000000 12.8250000000 1
'Si' 30.7800000000 82.0800000000 10.2600000000 1
'Si' 33.3450000000 84.6450000000 12.8250000000 1
'Si' 35.9100000000 82.0800000000 15.3900000000 1
'Si' 30.7800000000 87.2100000000 15.3900000000 1
'Si' 35.9100000000 87.2100000000 10.2600000000 1
'Si' 38.4750000000 84.6450000000 17.9550000000 1
'Si' 33.3450000000 89.7750000000 17.9550000000 1
'Si' 38.4750000000 89.7750000000 12.8250000000 1
'Si' 41.0400000000 82.0800000000 10.2600000000 1
'Si' 43.6050000000 84.6450000000 12.8250000000 1
'Si' 46.1700000000 82.0800000000 15.3900000000 1
'Si' 41.0400000000 87.2100000000 15.3900000000 1
'Si' 46.1700000000 87.2100000000 10.2600000000 1
'Si' 48.7350000000 84.6450000000 17.9550000000 1
'Si' 43.6050000000 89.7750000000 17.9550000000 1
'Si' 48.7350000000 89.7750000000 12.8250000000 1
'Si' 51.3000000000 82.0800000000 10.2600000000 1
'Si' 53.8650000000 84.6450000000 12.8250000000 1
'Si' 56.4300000000 82.0800000000 15.3900000000 1
'Si' 51.3000000000 87.2100000000 15.3900000000 1
'Si' 56.4300000000 87.2100000000 10.2600000000 1
'Si' 58.9950000000 84.6450000000 17.9550000000 1
'Si' 53.8650000000 89.7750000000 17.9550000000 1
'Si' 58.9950000000 89.7750000000 12.8250000000 1
'Si' 61.5600000000 82.0800000000 10.2600000000 1
'Si' 64.1250000000 84.6450000000 12.8250000000 1
'Si' 66.6900000000 82.0800000000 15.3900000000 1
'Si' 61.5600000000 87.2100000000 15.3900000000 1
'Si' 66.6900000000 87.2100000000 10.2600000000 1
'Si' 69.2550000000 84.6450000000 17.9550000000 1
'Si' 64.1250000000 89.7750000000 17.9550000000 1
'Si' 69.2550000000 89.7750000000 12.8250000000 1
'Si' 71.8200000000 82.0800000000 10.2600000000 1
'Si' 74.3850000000 84.6450000000 12.8250000000 1
'Si' 76.9500000000 82.0800000000 15.3900000000 1
'Si' 71.8200000000 87.2100000000 15.3900000000 1
'Si' 76.9500000000 87.2100000000 10.2600000000 1
'Si' 79.5150000000 84.6450000000 17.9550000000 1
'Si' 74.3850000000 89.7750000000 17.9550000000 1
'Si' 79.5150000000 89.7750000000 12.8250000000 1
'Si' 82.0800000000 82.0800000000 10.2600000000 1
'Si' 84.6450000000 84.6450000000 12.8250000000 1
'Si' 87.2100000000 82.0800000000 15.3900000000 1
'Si' 82.0800000000 87.2100000000 15.3900000000 1
'Si' 87.2100000000 87.2100000000 10.2600000000 1
'Si' 89.7750000000 84.6450000000 17.9550000000 1
'Si' 84.6450000000 89.7750000000 17.9550000000 1
'Si' 89.7750000000 89.7750000000 12.8250000000 1
'Si' 92.3400000000 82.0800000000 10.2600000000 1
'Si' 94.9050000000 84.6450000000 12.8250000000 1
'Si' 97.4700000000 82.0800000000 15.3900000000 1
'Si' 92.3400000000 87.2100000000 15.3900000000 1
'Si' 97.4700000000 87.2100000000 10.2600000000 1
'Si' 100.0350000000 84.6450000000 17.9550000000 1
'Si' 94.9050000000 89.7750000000 17.9550000000 1
'Si' 100.0350000000 89.7750000000 12.8250000000 1
'Si' 0.0000000000 92.3400000000 10.2600000000 1
'Si' 2.5650000000 94.9050000000 12.8250000000 1
'Si' 5.1300000000 92.3400000000 15.3900000000 1
'Si' 0.0000000000 97.4700000000 15.3900000000 1
'Si' 5.1300000000 97.4700000000 10.2600000000 1
'Si' 7.6950000000 94.9050000000 17.9550000000 1
'Si' 2.5650000000 100.0350000000 17.9550000000 1
'Si' 7.6950000000 100.0350000000 12.8250000000 1
'Si' 10.2600000000 92.3400000000 10.2600000000 1
'Si' 12.8250000000 94.9050000000 12.8250000000 1
'Si' 15.3900000000 92.3400000000 15.3900000000 1
'Si' 10.2600000000 97.4700000000 15.3900000000 1
'Si' 15.3900000000 97.4700000000 10.2600000000 1
'Si' 17.9550000000 94.9050000000 17.9550000000 1
'Si' 12.8250000000 100.0350000000 17.9550000000 1
'Si' 17.9550000000 100.0350000000 12.8250000000 1
'Si' 20.5200000000 92.3400000000 10.2600000000 1
'Si' 23.0850000000 94.9050000000 12.8250000000 1
'Si' 25.6500000000 92.3400000000 15.3900000000 1
'Si' 20.5200000000 97.4700000000 15.3900000000 1
'Si' 25.6500000000 97.4700000000 10.2600000000 1
'Si' 28.2150000000 94.9050000000 17.9550000000 1
'Si' 23.0850000000 100.0350000000 17.9550000000 1
'Si' 28.2150000000 100.0350000000 12.8250000000 1
'Si' 30.7800000000 92.3400000000 10.2600000000 1
'Si' 33.3450000000 94.9050000000 12.8250000000 1
'Si' 35.9100000000 92.3400000000 15.3900000000 1
'Si' 30.7800000000 97.4700000000 15.3900000000 1
'Si' 35.9100000000 97.4700000000 10.2600000000 1
'Si' 38.4750000000 94.9050000000 17.9550000000 1
'Si' 33.3450000000 100.0350000000 17.9550000000 1
'Si' 38.4750000000 100.0350000000 12.8250000000 1
'Si' 41.0400000000 92.3400000000 10.2600000000 1
'Si' 43.6050000000 94.9050000000 12.8250000000 1
'Si' 46.1700000000 92.3400000000 15.3900000000 1
'Si' 41.0400000000 97.4700000000 15.3900000000 1
'Si' 46.1700000000 97.4700000000 10.2600000000 1
'Si' 48.7350000000 94.9050000000 17.9550000000 1
'Si' 43.6050000000 100.0350000000 17.9550000000 1
'Si' 48.7350000000 100.0350000000 12.8250000000 1
'Si' 51.3000000000 92.3400000000 10.2600000000 1
'Si' 53.8650000000 94.9050000000 12.8250000000 1
'Si' 56.4300000000 92.3400000000 15.3900000000 1
'Si' 51.3000000000 97.4700000000 15.3900000000 1
'Si' 56.4300000000 97.4700000000 10.2600000000 1
'Si' 58.9950000000 94.9050000000 17.9550000000 1
'Si' 53.8650000000 100.0350000000 17.9550000000 1
'Si' 58.9950000000 100.0350000000 12.8250000000 1
'Si' 61.5600000000 92.3400000000 10.2600000000 1
'Si' 64.1250000000 94.9050000000 12.8250000000 1
'Si' 66.6900000000 92.3400000000 15.3900000000 1
'Si' 61.5600000000 97.4700000000 15.3900000000 1
'Si' 66.6900000000 97.4700000000 10.2600000000 1
'Si' 69.2550000000 94.9050000000 17.9550000000 1
'Si' 64.1250000000 100.0350000000 17.9550000000 1
'Si' 69.2550000000 100.0350000000 12.8250000000 1
'Si' 71.8200000000 92.3400000000 10.2600000000 1
'Si' 74.3850000000 94.9050000000 12.8250000000 1
'Si' 76.9500000000 92.3400000000 15.3900000000 1
'Si' 71.8200000000 97.4700000000 15.3900000000 1
'Si' 76.9500000000 97.4700000000 10.2600000000 1
'Si' 79.5150000000 94.9050000000 17.9550000000 1
'Si' 74.3850000000 100.0350000000 17.9550000000 1
'Si' 79.5150000000 100.0350000000 12.8250000000 1
'Si' 82.0800000000 92.3400000000 10.2600000000 1
'Si' 84.6450000000 94.9050000000 12.8250000000 1
'Si' 87.2100000000 92.3400000000 15.3900000000 1
'Si' 82.0800000000 97.4700000000 15.3900000000 1
'Si' 87.2100000000 97.4700000000 10.2600000000 1
'Si' 89.7750000000 94.9050000000 17.9550000000 1
'Si' 84.6450000000 100.0350000000 17.9550000000 1
'Si' 89.7750000000 100.0350000000 12.8250000000 1
'Si' 92.3400000000 92.3400000000 10.2600000000 1
'Si' 94.9050000000 94.9050000000 12.8250000000 1
'Si' 97.4700000000 92.3400000000 15.3900000000 1
'Si' 92.3400000000 97.4700000000 15.3900000000 1
'Si' 97.4700000000 97.4700000000 10.2600000000 1
'Si' 100.0350000000 94.9050000000 17.9550000000 1
'Si' 94.9050000000 100.0350000000 17.9550000000 1
'Si' 100.0350000000 100.0350000000 12.8250000000 1
'Si' 0.0000000000 0.0000000000 20.5200000000 1
'Si' 2.5650000000 2.5650000000 23.0850000000 1
'Si' 5.1300000000 0.0000000000 25.6500000000 1
'Si' 0.0000000000 5.1300000000 25.6500000000 1
'Si' 5.1300000000 5.1300000000 20.5200000000 1
'Si' 7.6950000000 2.5650000000 28.2150000000 1
'Si' 2.5650000000 7.6950000000 28.2150000000 1
'Si' 7.6950000000 7.6950000000 23.0850000000 1
'Si' 10.2600000000 0.0000000000 20.5200000000 1
'Si' 12.8250000000 2.5650000000 23.0850000000 1
'Si' 15.3900000000 0.0000000000 25.6500000000 1
'Si' 10.2600000000 5.1300000000 25.6500000000 1
'Si' 15.3900000000 5.1300000000 20.5200000000 1
'Si' 17.9550000000 2.5650000000 28.2150000000 1
'Si' 12.8250000000 7.6950000000 28.2150000000 1
'Si' 17.9550000000 7.6950000000 23.0850000000 1
'Si' 20.5200000000 0.0000000000 20.5200000000 1
'Si' 23.0850000000 2.5650000000 23.0850000000 1
'Si' 25.6500000000 0.0000000000 25.6500000000 1
'Si' 20.5200000000 5.1300000000 25.6500000000 1
'Si' 25.6500000000 5.1300000000 20.5200000000 1
'Si' 28.2150000000 2.5650000000 28.2150000000 1
'Si' 23.0850000000 7.6950000000 28.2150000000 1
'Si' 28.2150000000 7.6950000000 23.0850000000 1
'Si' 30.7800000000 0.0000000000 20.5200000000 1
'Si' 33.3450000000 2.5650000000 23.0850000000 1
'Si' 35.9100000000 0.0000000000 25.6500000000 1
'Si' 30.7800000000 5.1300000000 25.6500000000 1
'Si' 35.9100000000 5.1300000000 20.5200000000 1
'Si' 38.4750000000 2.5650000000 28.2150000000 1
'Si' 33.3450000000 7.6950000000 28.2150000000 1
'Si' 38.4750000000 7.6950000000 23.0850000000 1
'Si' 41.0400000000 0.0000000000 20.5200000000 1
'Si' 43.6050000000 2.5650000000 23.0850000000 1
'Si' 46.1700000000 0.0000000000 25.6500000000 1
'Si' 41.0400000000 5.1300000000 25.6500000000 1
'Si' 46.1700000000 5.1300000000 20.5200000000 1
'Si' 48.7350000000 2.5650000000 28.2150000000 1
'Si' 43.6050000000 7.6950000000 28.2150000000 1
'Si' 48.7350000000 7.6950000000 23.0850000000 1
'Si' 51.3000000000 0.0000000000 20.5200000000 1
'Si' 53.8650000000 2.5650000000 23.0850000000 1
'Si' 56.4300000000 0.0000000000 25.6500000000 1
'Si' 51.3000000000 5.1300000000 25.6500000000 1
'Si' 56.4300000000 5.1300000000 20.5200000000 1
'Si' 58.9950000000 2.5650000000 28.2150000000 1
'Si' 53.8650000000 7.6950000000 28.2150000000 1
'Si' 58.9950000000 7.6950000000 23.0850000000 1
'Si' 61.5600000000 0.0000000000 20.5200000000 1
'Si' 64.1250000000 2.5650000000 23.0850000000 1
'Si' 66.6900000000 0.0000000000 25.6500000000 1
'Si' 61.5600000000 5.1300000000 25.6500000000 1
'Si' 66.6900000000 5.1300000000 20.5200000000 1
'Si' 69.2550000000 2.5650000000 28.2150000000 1
'Si' 64.1250000000 7.6950000000 28.2150000000 1
'Si' 69.2550000000 7.6950000000 23.0850000000 1
'Si' 71.8200000000 0.0000000000 20.5200000000 1
'Si' 74.3850000000 2.5650000000 23.0850000000 1
'Si' 76.9500000000 0.0000000000 25.6500000000 1
'Si' 71.8200000000 5.1300000000 25.6500000000 1
'Si' 76.9500000000 5.1300000000 20.5200000000 1
'Si' 79.5150000000 2.5650000000 28.2150000000 1
'Si' 74.3850000000 7.6950000000 28.2150000000 1
'Si' 79.5150000000 7.6950000000 23.0850000000 1
'Si' 82.0800000000 0.0000000000 20.5200000000 1
'Si' 84.6450000000 2.5650000000 23.0850000000 1
'Si' 87.2100000000 0.0000000000 25.6500000000 1
'Si' 82.0800000000 5.1300000000 25.6500000000 1
'Si' 87.2100000000 5.1300000000 20.5200000000 1
'Si' 89.7750000000 2.5650000000 28.2150000000 1
'Si' 84.6450000000 7.6950000000 28.2150000000 1
'Si' 89.7750000000 7.6950000000 23.0850000000 1
'Si' 92.3400000000 0.0000000000 20.5200000000 1
'Si' 94.9050000000 2.5650000000 23.0850000000 1
'Si' 97.4700000000 0.0000000000 25.6500000000 1
'Si' 92.3400000000 5.1300000000 25.6500000000 1
'Si' 97.4700000000 5.1300000000 20.5200000000 1
'Si' 100.0350000000 2.5650000000 28.2150000000 1
'Si' 94.9050000000 7.6950000000 28.2150000000 1
'Si' 100.0350000000 7.6950000000 23.0850000000 1
'Si' 0.0000000000 10.2600000000 20.5200000000 1
'Si' 2.5650000000 12.8250000000 23.0850000000 1
'Si' 5.1300000000 10.2600000000 25.6500000000 1
'Si' 0.0000000000 15.3900000000 25.6500000000 1
'Si' 5.1300000000 15.3900000000 20.5200000000 1
'Si' 7.6950000000 12.8250000000 28.2150000000 1
'Si' 2.5650000000 17.9550000000 28.2150000000 1
'Si' 7.6950000000 17.9550000000 23.0850000000 1
'Si' 10.2600000000 10.2600000000 20.5200000000 1
'Si' 12.8250000000 12.8250000000 23.0850000000 1
'Si' 15.3900000000 10.2600000000 25.6500000000 1
'Si' 10.2600000000 15.3900000000 25.6500000000 1
'Si' 15.3900000000 15.3900000000 20.5200000000 1
'Si' 17.9550000000 12.8250000000 28.2150000000 1
'Si' 12.8250000000 17.9550000000 28.2150000000 1
'Si' 17.9550000000 17.9550000000 23.0850000000 1
'Si' 20.5200000000 10.2600000000 20.5200000000 1
'Si' 23.0850000000 12.8250000000 23.0850000000 1
'Si' 25.6500000000 10.2600000000 25.6500000000 1
'Si' 20.5200000000 15.3900000000 25.6500000000 1
'Si' 25.6500000000 15.3900000000 20.5200000000 1
'Si' 28.2150000000 12.8250000000 28.2150000000 1
'Si' 23.0850000000 17.9550000000 28.2150000000 1
'Si' 28.2150000000 17.9550000000 23.0850000000 1
'Si' 30.7800000000 10.2600000000 20.5200000000 1
'Si' 33.3450000000 12.8250000000 23.0850000000 1
'Si' 35.9100000000 10.2600000000 25.6500000000 1
'Si' 30.7800000000 15.3900000000 25.6500000000 1
'Si' 35.9100000000 15.3900000000 20.5200000000 1
'Si' 38.4750000000 12.8250000000 28.2150000000 1
'Si' 33.3450000000 17.9550000000 28.2150000000 1
'Si' 38.4750000000 17.9550000000 23.0850000000 1
'Si' 41.0400000000 10.2600000000 20.5200000000 1
'Si' 43.6050000000 12.8250000000 23.0850000000 1
'Si' 46.1700000000 10.2600000000 25.6500000000 1
'Si' 41.0400000000 15.3900000000 25.6500000000 1
'Si' 46.1700000000 15.3900000000 20.5200000000 1
'Si' 48.7350000000 12.8250000000 28.2150000000 1
'Si' 43.6050000000 17.9550000000 28.2150000000 1
'Si' 48.7350000000 17.9550000000 23.0850000000 1
'Si' 51.3000000000 10.2600000000 20.5200000000 1
'Si' 53.8650000000 12.8250000000 23.0850000000 1
'Si' 56.4300000000 10.2600000000 25.6500000000 1
'Si' 51.3000000000 15.3900000000 25.6500000000 1
'Si' 56.4300000000 15.3900000000 20.5200000000 1
'Si' 58.9950000000 12.8250000000 28.2150000000 1
'Si' 53.8650000000 17.9550000000 28.2150000000 1
'Si' 58.9950000000 17.9550000000 23.0850000000 1
'Si' 61.5600000000 10.2600000000 20.5200000000 1
'Si' 64.1250000000 12.8250000000 23.0850000000 1
'Si' 66.6900000000 10.2600000000 25.6500000000 1
'Si' 61.5600000000 15.3900000000 25.6500000000 1
'Si' 66.6900000000 15.3900000000 20.5200000000 1
'Si' 69.2550000000 12.8250000000 28.2150000000 1
'Si' 64.1250000000 17.9550000000 28.2150000000 1
'Si' 69.2550000000 17.9550000000 23.0850000000 1
'Si' 71.8200000000 10.2600000000 20.5200000000 1
'Si' 74.3850000000 12.8250000000 23.0850000000 1
'Si' 76.9500000000 10.2600000000 25.6500000000 1
'Si' 71.8200000000 15.3900000000 25.6500000000 1
'Si' 76.9500000000 15.3900000000 20.5200000000 1
'Si' 79.5150000000 12.8250000000 28.2150000000 1
'Si' 74.3850000000 17.9550000000 28.2150000000 1
'Si' 79.5150000000 17.9550000000 23.0850000000 1
'Si' 82.0800000000 10.2600000000 20.5200000000 1
'Si' 84.6450000000 12.8250000000 23.0850000000 1
'Si' 87.2100000000 10.2600000000 25.6500000000 1
'Si' 82.0800000000 15.3900000000 25.6500000000 1
'Si' 87.2100000000 15.3900000000 20.5200000000 1
'Si' 89.7750000000 12.8250000000 28.2150000000 1
'Si' 84.6450000000 17.9550000000 28.2150000000 1
'Si' 89.7750000000 17.9550000000 23.0850000000 1
'Si' 92.3400000000 10.2600000000 20.5200000000 1
'Si' 94.9050000000 12.8250000000 23.0850000000 1
'Si' 97.4700000000 10.2600000000 25.6500000000 1
'Si' 92.3400000000 15.3900000000 25.6500000000 1
'Si' 97.4700000000 15.3900000000 20.5200000000 1
'Si' 100.0350000000 12.8250000000 28.2150000000 1
'Si' 94.9050000000 17.9550000000 28.2150000000 1
'Si' 100.0350000000 17.9550000000 23.0850000000 1
'Si' 0.0000000000 20.5200000000 20.5200000000 1
'Si' 2.5650000000 23.0850000000 23.0850000000 1
'Si' 5.1300000000 20.5200000000 25.6500000000 1
'Si' 0.0000000000 25.6500000000 25.6500000000 1
'Si' 5.1300000000 25.6500000000 20.5200000000 1
'Si' 7.6950000000 23.0850000000 28.2150000000 1
'Si' 2.5650000000 28.2150000000 28.2150000000 1
'Si' 7.6950000000 28.2150000000 23.0850000000 1
'Si' 10.2600000000 20.5200000000 20.5200000000 1
'Si' 12.8250000000 23.0850000000 23.0850000000 1
'Si' 15.3900000000 20.5200000000 25.6500000000 1
'Si' 10.2600000000 25.6500000000 25.6500000000 1
'Si' 15.3900000000 25.6500000000 20.5200000000 1
'Si' 17.9550000000 23.0850000000 28.2150000000 1
'Si' 12.8250000000 28.2150000000 28.2150000000 1
'Si' 17.9550000000 28.2150000000 23.0850000000 1
'Si' 20.5200000000 20.5200000000 20.5200000000 1
'Si' 23.0850000000 23.0850000000 23.0850000000 1
'Si' 25.6500000000 20.5200000000 25.6500000000 1
'Si' 20.5200000000 25.6500000000 25.6500000000 1
'Si' 25.6500000000 25.6500000000 20.5200000000 1
'Si' 28.2150000000 23.0850000000 28.2150000000 1
'Si' 23.0850000000 28.2150000000 28.2150000000 1
'Si' 28.2150000000 28.2150000000 23.0850000000 1
'Si' 30.7800000000 20.5200000000 20.5200000000 1
'Si' 33.3450000000 23.0850000000 23.0850000000 1
'Si' 35.9100000000 20.5200000000 25.6500000000 1
'Si' 30.7800000000 25.6500000000 25.6500000000 1
'Si' 35.9100000000 25.6500000000 20.5200000000 1
'Si' 38.4750000000 23.0850000000 28.2150000000 1
'Si' 33.3450000000 28.2150000000 28.2150000000 1
'Si' 38.4750000000 28.2150000000 23.0850000000 1
'Si' 41.0400000000 20.5200000000 20.5200000000 1
'Si' 43.6050000000 23.0850000000 23.0850000000 1
'Si' 46.1700000000 20.5200000000 25.6500000000 1
'Si' 41.0400000000 25.6500000000 25.6500000000 1
'Si' 46.1700000000 25.6500000000 20.5200000000 1
'Si' 48.7350000000 23.0850000000 28.2150000000 1
'Si' 43.6050000000 28.2150000000 28.2150000000 1
'Si' 48.7350000000 28.2150000000 23.0850000000 1
'Si' 51.3000000000 20.5200000000 20.5200000000 1
'Si' 53.8650000000 23.0850000000 23.0850000000 1
'Si' 56.4300000000 20.5200000000 25.6500000000 1
'Si' 51.3000000000 25.6500000000 25.6500000000 1
'Si' 56.4300000000 25.6500000000 20.5200000000 1
'Si' 58.9950000000 23.0850000000 28.2150000000 1
'Si' 53.8650000000 28.2150000000 28.2150000000 1
'Si' 58.9950000000 28.2150000000 23.0850000000 1
'Si' 61.5600000000 20.5200000000 20.5200000000 1
'Si' 64.1250000000 23.0850000000 23.0850000000 1
'Si' 66.6900000000 20.5200000000 25.6500000000 1
'Si' 61.5600000000 25.6500000000 25.6500000000 1
'Si' 66.6900000000 25.6500000000 20.5200000000 1
'Si' 69.2550000000 23.0850000000 28.2150000000 1
'Si' 64.1250000000 28.2150000000 28.2150000000 1
'Si' 69.2550000000 28.2150000000 23.0850000000 1
'Si' 71.8200000000 20.5200000000 20.5200000000 1
'Si' 74.3850000000 23.0850000000 23.0850000000 1
'Si' 76.9500000000 20.5200000000 25.6500000000 1
'Si' 71.8200000000 25.6500000000 25.6500000000 1
'Si' 76.9500000000 25.6500000000 20.5200000000 1
'Si' 79.5150000000 23.0850000000 28.2150000000 1
'Si' 74.3850000000 28.2150000000 28.2150000000 1
'Si' 79.5150000000 28.2150000000 23.0850000000 1
'Si' 82.0800000000 20.5200000000 20.5200000000 1
'Si' 84.6450000000 23.0850000000 23.0850000000 1
'Si' 87.2100000000 20.5200000000 25.6500000000 1
'Si' 82.0800000000 25.6500000000 25.6500000000 1
'Si' 87.2100000000 25.6500000000 20.5200000000 1
'Si' 89.7750000000 23.0850000000 28.2150000000 1
'Si' 84.6450000000 28.2150000000 28.2150000000 1
'Si' 89.7750000000 28.2150000000 23.0850000000 1
'Si' 92.3400000000 20.5200000000 20.5200000000 1
'Si' 94.9050000000 23.0850000000 23.0850000000 1
'Si' 97.4700000000 20.5200000000 25.6500000000 1
'Si' 92.3400000000 25.6500000000 25.6500000000 1
'Si' 97.4700000000 25.6500000000 20.5200000000 1
'Si' 100.0350000000 23.0850000000 28.2150000000 1
'Si' 94.9050000000 28.2150000000 28.2150000000 1
'Si' 100.0350000000 28.2150000000 23.0850000000 1
'Si' 0.0000000000 30.7800000000 20.5200000000 1
'Si' 2.5650000000 33.3450000000 23.0850000000 1
'Si' 5.1300000000 30.7800000000 25.6500000000 1
'Si' 0.0000000000 35.9100000000 25.6500000000 1
'Si' 5.1300000000 35.9100000000 20.5200000000 1
'Si' 7.6950000000 33.3450000000 28.2150000000 1
'Si' 2.5650000000 38.4750000000 28.2150000000 1
'Si' 7.6950000000 38.4750000000 23.0850000000 1
'Si' 10.2600000000 30.7800000000 20.5200000000 1
'Si' 12.8250000000 33.3450000000 23.0850000000 1
'Si' 15.3900000000 30.7800000000 25.6500000000 1
'Si' 10.2600000000 35.9100000000 25.6500000000 1
'Si' 15.3900000000 35.9100000000 20.5200000000 1
'Si' 17.9550000000 33.3450000000 28.2150000000 1
'Si' 12.8250000000 38.4750000000 28.2150000000 1
'Si' 17.9550000000 38.4750000000 23.0850000000 1
'Si' 20.5200000000 30.7800000000 20.5200000000 1
'Si' 23.0850000000 33.3450000000 23.0850000000 1
'Si' 25.6500000000 30.7800000000 25.6500000000 1
'Si' 20.5200000000 35.9100000000 25.6500000000 1
'Si' 25.6500000000 35.9100000000 20.5200000000 1
'Si' 28.2150000000 33.3450000000 28.2150000000 1
'Si' 23.0850000000 38.4750000000 28.2150000000 1
'Si' 28.2150000000 38.4750000000 23.0850000000 1
'Si' 30.7800000000 30.7800000000 20.5200000000 1
'Si' 33.3450000000 33.3450000000 23.0850000000 1
'Si' 35.9100000000 30.7800000000 25.6500000000 1
'Si' 30.7800000000 35.9100000000 25.6500000000 1
'Si' 35.9100000000 35.9100000000 20.5200000000 1
'Si' 38.4750000000 33.3450000000 28.2150000000 1
'Si' 33.3450000000 38.4750000000 28.2150000000 1
'Si' 38.4750000000 38.4750000000 23.0850000000 1
'Si' 41.0400000000 30.7800000000 20.5200000000 1
'Si' 43.6050000000 33.3450000000 23.0850000000 1
'Si' 46.1700000000 30.7800000000 25.6500000000 1
'Si' 41.0400000000 35.9100000000 25.6500000000 1
'Si' 46.1700000000 35.9100000000 20.5200000000 1
'Si' 48.7350000000 33.3450000000 28.2150000000 1
'Si' 43.6050000000 38.4750000000 28.2150000000 1
'Si' 48.7350000000 38.4750000000 23.0850000000 1
'Si' 51.3000000000 30.7800000000 20.5200000000 1
'Si' 53.8650000000 33.3450000000 23.0850000000 1
'Si' 56.4300000000 30.7800000000 25.6500000000 1
'Si' 51.3000000000 35.9100000000 25.6500000000 1
'Si' 56.4300000000 35.9100000000 20.5200000000 1
'Si' 58.9950000000 33.3450000000 28.2150000000 1
'Si' 53.8650000000 38.4750000000 28.2150000000 1
'Si' 58.9950000000 38.4750000000 23.0850000000 1
'Si' 61.5600000000 30.7800000000 20.5200000000 1
'Si' 64.1250000000 33.3450000000 23.0850000000 1
'Si' 66.6900000000 30.7800000000 25.6500000000 1
'Si' 61.5600000000 35.9100000000 25.6500000000 1
'Si' 66.6900000000 35.9100000000 20.5200000000 1
'Si' 69.2550000000 33.3450000000 28.2150000000 1
'Si' 64.1250000000 38.4750000000 28.2150000000 1
'Si' 69.2550000000 38.4750000000 23.0850000000 1
'Si' 71.8200000000 30.7800000000 20.5200000000 1
'Si' 74.3850000000 33.3450000000 23.0850000000 1
'Si' 76.9500000000 30.7800000000 25.6500000000 1
'Si' 71.8200000000 35.9100000000 25.6500000000 1
'Si' 76.9500000000 35.9100000000 20.5200000000 1
'Si' 79.5150000000 33.3450000000 28.2150000000 1
'Si' 74.3850000000 38.4750000000 28.2150000000 1
'Si' 79.5150000000 38.4750000000 23.0850000000 1
'Si' 82.0800000000 30.7800000000 20.5200000000 1
'Si' 84.6450000000 33.3450000000 23.0850000000 1
'Si' 87.2100000000 30.7800000000 25.6500000000 1
'Si' 82.0800000000 35.9100000000 25.6500000000 1
'Si' 87.2100000000 35.9100000000 20.5200000000 1
'Si' 89.7750000000 33.3450000000 28.2150000000 1
'Si' 84.6450000000 38.4750000000 28.2150000000 1
'Si' 89.7750000000 38.4750000000 23.0850000000 1
'Si' 92.3400000000 30.7800000000 20.5200000000 1
'Si' 94.9050000000 33.3450000000 23.0850000000 1
'Si' 97.4700000000 30.7800000000 25.6500000000 1
'Si' 92.3400000000 35.9100000000 25.6500000000 1
'Si' 97.4700000000 35.9100000000 20.5200000000 1
'Si' 100.0350000000 33.3450000000 28.2150000000 1
'Si' 94.9050000000 38.4750000000 28.2150000000 1
'Si' 100.0350000000 38.4750000000 23.0850000000 1
'Si' 0.0000000000 41.0400000000 20.5200000000 1
'Si' 2.5650000000 43.6050000000 23.0850000000 1
'Si' 5.1300000000 41.0400000000 25.6500000000 1
'Si' 0.0000000000 46.1700000000 25.6500000000 1
'Si' 5.1300000000 46.1700000000 20.5200000000 1
'Si' 7.6950000000 43.6050000000 28.2150000000 1
'Si' 2.5650000000 48.7350000000 28.2150000000 1
'Si' 7.6950000000 48.7350000000 23.0850000000 1
'Si' 10.2600000000 41.0400000000 20.5200000000 1
'Si' 12.8250000000 43.6050000000 23.0850000000 1
'Si' 15.3900000000 41.0400000000 25.6500000000 1
'Si' 10.2600000000 46.1700000000 25.6500000000 1
'Si' 15.3900000000 46.1700000000 20.5200000000 1
'Si' 17.9550000000 43.6050000000 28.2150000000 1
'Si' 12.8250000000 48.7350000000 28.2150000000 1
'Si' 17.9550000000 48.7350000000 23.0850000000 1
'Si' 20.5200000000 41.0400000000 20.5200000000 1
'Si' 23.0850000000 43.6050000000 23.0850000000 1
'Si' 25.6500000000 41.0400000000 25.6500000000 1
'Si' 20.5200000000 46.1700000000 25.6500000000 1
'Si' 25.6500000000 46.1700000000 20.5200000000 1
'Si' 28.2150000000 43.6050000000 28.2150000000 1
'Si' 23.0850000000 48.7350000000 28.2150000000 1
'Si' 28.2150000000 48.7350000000 23.0850000000 1
'Si' 30.7800000000 41.0400000000 20.5200000000 1
'Si' 33.3450000000 43.6050000000 23.0850000000 1
'Si' 35.9100000000 41.0400000000 25.6500000000 1
'Si' 30.7800000000 46.1700000000 25.6500000000 1
'Si' 35.9100000000 46.1700000000 20.5200000000 1
'Si' 38.4750000000 43.6050000000 28.2150000000 1
'Si' 33.3450000000 48.7350000000 28.2150000000 1
'Si' 38.4750000000 48.7350000000 23.0850000000 1
'Si' 41.0400000000 41.0400000000 20.5200000000 1
'Si' 43.6050000000 43.6050000000 23.0850000000 1
'Si' 46.1700000000 41.0400000000 25.6500000000 1
'Si' 41.0400000000 46.1700000000 25.6500000000 1
'Si' 46.1700000000 46.1700000000 20.5200000000 1
'Si' 48.7350000000 43.6050000000 28.2150000000 1
'Si' 43.6050000000 48.7350000000 28.2150000000 1
'Si' 48.7350000000 48.7350000000 23.0850000000 1
'Si' 51.3000000000 41.0400000000 20.5200000000 1
'Si' 53.8650000000 43.6050000000 23.0850000000 1
'Si' 56.4300000000 41.0400000000 25.6500000000 1
'Si' 51.3000000000 46.1700000000 25.6500000000 1
'Si' 56.4300000000 46.1700000000 20.5200000000 1
'Si' 58.9950000000 43.6050000000 28.2150000000 1
'Si' 53.8650000000 48.7350000000 28.2150000000 1
'Si' 58.9950000000 48.7350000000 23.0850000000 1
'Si' 61.5600000000 41.0400000000 20.5200000000 1
'Si' 64.1250000000 43.6050000000 23.0850000000 1
'Si' 66.6900000000 41.0400000000 25.6500000000 1
'Si' 61.5600000000 46.1700000000 25.6500000000 1
'Si' 66.6900000000 46.1700000000 20.5200000000 1
'Si' 69.2550000000 43.6050000000 28.2150000000 1
'Si' 64.1250000000 48.7350000000 28.2150000000 1
'Si' 69.2550000000 48.7350000000 23.0850000000 1
'Si' 71.8200000000 41.0400000000 20.5200000000 1
'Si' 74.3850000000 43.6050000000 23.0850000000 1
'Si' 76.9500000000 41.0400000000 25.6500000000 1
'Si' 71.8200000000 46.1700000000 25.6500000000 1
'Si' 76.9500000000 46.1700000000 20.5200000000 1
'Si' 79.5150000000 43.6050000000 28.2150000000 1
'Si' 74.3850000000 48.7350000000 28.2150000000 1
'Si' 79.5150000000 48.7350000000 23.0850000000 1
'Si' 82.0800000000 41.0400000000 20.5200000000 1
'Si' 84.6450000000 43.6050000000 23.0850000000 1
'Si' 87.2100000000 41.0400000000 25.6500000000 1
'Si' 82.0800000000 46.1700000000 25.6500000000 1
'Si' 87.2100000000 46.1700000000 20.5200000000 1
'Si' 89.7750000000 43.6050000000 28.2150000000 1
'Si' 84.6450000000 48.7350000000 28.2150000000 1
'Si' 89.7750000000 48.7350000000 23.0850000000 1
'Si' 92.3400000000 41.0400000000 20.5200000000 1
'Si' 94.9050000000 43.6050000000 23.0850000000 1
'Si' 97.4700000000 41.0400000000 25.6500000000 1
'Si' 92.3400000000 46.1700000000 25.6500000000 1
'Si' 97.4700000000 46.1700000000 20.5200000000 1
'Si' 100.0350000000 43.6050000000 28.2150000000 1
'Si' 94.9050000000 48.7350000000 28.2150000000 1
'Si' 100.0350000000 48.7350000000 23.0850000000 1
'Si' 0.0000000000 51.3000000000 20.5200000000 1
'Si' 2.5650000000 53.8650000000 23.0850000000 1
'Si' 5.1300000000 51.3000000000 25.6500000000 1
'Si' 0.0000000000 56.4300000000 25.6500000000 1
'Si' 5.1300000000 56.4300000000 20.5200000000 1
'Si' 7.6950000000 53.8650000000 28.2150000000 1
'Si' 2.5650000000 58.9950000000 28.2150000000 1
'Si' 7.6950000000 58.9950000000 23.0850000000 1
'Si' 10.2600000000 51.3000000000 20.5200000000 1
'Si' 12.8250000000 53.8650000000 23.0850000000 1
'Si' 15.3900000000 51.3000000000 25.6500000000 1
'Si' 10.2600000000 56.4300000000 25.6500000000 1
'Si' 15.3900000000 56.4300000000 20.5200000000 1
'Si' 17.9550000000 53.8650000000 28.2150000000 1
'Si' 12.8250000000 58.9950000000 28.2150000000 1
'Si' 17.9550000000 58.9950000000 23.0850000000 1
'Si' 20.5200000000 51.3000000000 20.5200000000 1
'Si' 23.0850000000 53.8650000000 23.0850000000 1
'Si' 25.6500000000 51.3000000000 25.6500000000 1
'Si' 20.5200000000 56.4300000000 25.6500000000 1
'Si' 25.6500000000 56.4300000000 20.5200000000 1
'Si' 28.2150000000 53.8650000000 28.2150000000 1
'Si' 23.0850000000 58.9950000000 28.2150000000 1
'Si' 28.2150000000 58.9950000000 23.0850000000 1
'Si' 30.7800000000 51.3000000000 20.5200000000 1
'Si' 33.3450000000 53.8650000000 23.0850000000 1
'Si' 35.9100000000 51.3000000000 25.6500000000 1
'Si' 30.7800000000 56.4300000000 25.6500000000 1
'Si' 35.9100000000 56.4300000000 20.5200000000 1
'Si' 38.4750000000 53.8650000000 28.2150000000 1
'Si' 33.3450000000 58.9950000000 28.2150000000 1
'Si' 38.4750000000 58.9950000000 23.0850000000 1
'Si' 41.0400000000 51.3000000000 20.5200000000 1
'Si' 43.6050000000 53.8650000000 23.0850000000 1
'Si' 46.1700000000 51.3000000000 25.6500000000 1
'Si' 41.0400000000 56.4300000000 25.6500000000 1
'Si' 46.1700000000 56.4300000000 20.5200000000 1
'Si' 48.7350000000 53.8650000000 28.2150000000 1
'Si' 43.6050000000 58.9950000000 28.2150000000 1
'Si' 48.7350000000 58.9950000000 23.0850000000 1
'Si' 51.3000000000 51.3000000000 20.5200000000 1
'Si' 53.8650000000 53.8650000000 23.0850000000 1
'Si' 56.4300000000 51.3000000000 25.6500000000 1
'Si' 51.3000000000 56.4300000000 25.6500000000 1
'Si' 56.4300000000 56.4300000000 20.5200000000 1
'Si' 58.9950000000 53.8650000000 28.2150000000 1
'Si' 53.8650000000 58.9950000000 28.2150000000 1
'Si' 58.9950000000 58.9950000000 23.0850000000 1
'Si' 61.5600000000 51.3000000000 20.5200000000 1
'Si' 64.1250000000 53.8650000000 23.0850000000 1
'Si' 66.6900000000 51.3000000000 25.6500000000 1
'Si' 61.5600000000 56.4300000000 25.6500000000 1
'Si' 66.6900000000 56.4300000000 20.5200000000 1
'Si' 69.2550000000 53.8650000000 28.2150000000 1
'Si' 64.1250000000 58.9950000000 28.2150000000 1
'Si' 69.2550000000 58.9950000000 23.0850000000 1
'Si' 71.8200000000 51.3000000000 20.5200000000 1
'Si' 74.3850000000 53.8650000000 23.0850000000 1
'Si' 76.9500000000 51.3000000000 25.6500000000 1
'Si' 71.8200000000 56.4300000000 25.6500000000 1
'Si' 76.9500000000 56.4300000000 20.5200000000 1
'Si' 79.5150000000 53.8650000000 28.2150000000 1
'Si' 74.3850000000 58.9950000000 28.2150000000 1
'Si' 79.5150000000 58.9950000000 23.0850000000 1
'Si' 82.0800000000 51.3000000000 20.5200000000 1
'Si' 84.6450000000 53.8650000000 23.0850000000 1
'Si' 87.2100000000 51.3000000000 25.6500000000 1
'Si' 82.0800000000 56.4300000000 25.6500000000 1
'Si' 87.2100000000 56.4300000000 20.5200000000 1
'Si' 89.7750000000 53.8650000000 28.2150000000 1
'Si' 84.6450000000 58.9950000000 28.2150000000 1
'Si' 89.7750000000 58.9950000000 23.0850000000 1
'Si' 92.3400000000 51.3000000000 20.5200000000 1
'Si' 94.9050000000 53.8650000000 23.0850000000 1
'Si' 97.4700000000 51.3000000000 25.6500000000 1
'Si' 92.3400000000 56.4300000000 25.6500000000 1
'Si' 97.4700000000 56.4300000000 20.5200000000 1
'Si' 100.0350000000 53.8650000000 28.2150000000 1
'Si' 94.9050000000 58.9950000000 28.2150000000 1
'Si' 100.0350000000 58.9950000000 23.0850000000 1
'Si' 0.0000000000 61.5600000000 20.5200000000 1
'Si' 2.5650000000 64.1250000000 23.0850000000 1
'Si' 5.1300000000 61.5600000000 25.6500000000 1
'Si' 0.0000000000 66.6900000000 25.6500000000 1
'Si' 5.1300000000 66.6900000000 20.5200000000 1
'Si' 7.6950000000 64.1250000000 28.2150000000 1
'Si' 2.5650000000 69.2550000000 28.2150000000 1
'Si' 7.6950000000 69.2550000000 23.0850000000 1
'Si' 10.2600000000 61.5600000000 20.5200000000 1
'Si' 12.8250000000 64.1250000000 23.0850000000 1
'Si' 15.3900000000 61.5600000000 25.6500000000 1
'Si' 10.2600000000 66.6900000000 25.6500000000 1
'Si' 15.3900000000 66.6900000000 20.5200000000 1
'Si' 17.9550000000 64.1250000000 28.2150000000 1
'Si' 12.8250000000 69.2550000000 28.2150000000 1
'Si' 17.9550000000 69.2550000000 23.0850000000 1
'Si' 20.5200000000 61.5600000000 20.5200000000 1
'Si' 23.0850000000 64.1250000000 23.0850000000 1
'Si' 25.6500000000 61.5600000000 25.6500000000 1
'Si' 20.5200000000 66.6900000000 25.6500000000 1
'Si' 25.6500000000 66.6900000000 20.5200000000 1
'Si' 28.2150000000 64.1250000000 28.2150000000 1
'Si' 23.0850000000 69.2550000000 28.2150000000 1
'Si' 28.2150000000 69.2550000000 23.0850000000 1
'Si' 30.7800000000 61.5600000000 20.5200000000 1
'Si' 33.3450000000 64.1250000000 23.0850000000 1
'Si' 35.9100000000 61.5600000000 25.6500000000 1
'Si' 30.7800000000 66.6900000000 25.6500000000 1
'Si' 35.9100000000 66.6900000000 20.5200000000 1
'Si' 38.4750000000 64.1250000000 28.2150000000 1
'Si' 33.3450000000 69.2550000000 28.2150000000 1
'Si' 38.4750000000 69.2550000000 23.0850000000 1
'Si' 41.0400000000 61.5600000000 20.5200000000 1
'Si' 43.6050000000 64.1250000000 23.0850000000 1
'Si' 46.1700000000 61.5600000000 25.6500000000 1
'Si' 41.0400000000 66.6900000000 25.6500000000 1
'Si' 46.1700000000 66.6900000000 20.5200000000 1
'Si' 48.7350000000 64.1250000000 28.2150000000 1
'Si' 43.6050000000 69.2550000000 28.2150000000 1
'Si' 48.7350000000 69.2550000000 23.0850000000 1
'Si' 51.3000000000 61.5600000000 20.5200000000 1
'Si' 53.8650000000 64.1250000000 23.0850000000 1
'Si' 56.4300000000 61.5600000000 25.6500000000 1
'Si' 51.3000000000 66.6900000000 25.6500000000 1
'Si' 56.4300000000 66.6900000000 20.5200000000 1
'Si' 58.9950000000 64.1250000000 28.2150000000 1
'Si' 53.8650000000 69.2550000000 28.2150000000 1
'Si' 58.9950000000 69.2550000000 23.0850000000 1
'Si' 61.5600000000 61.5600000000 20.5200000000 1
'Si' 64.1250000000 64.1250000000 23.0850000000 1
'Si' 66.6900000000 61.5600000000 25.6500000000 1
'Si' 61.5600000000 66.6900000000 25.6500000000 1
'Si' 66.6900000000 66.6900000000 20.5200000000 1
'Si' 69.2550000000 64.1250000000 28.2150000000 1
'Si' 64.1250000000 69.2550000000 28.2150000000 1
'Si' 69.2550000000 69.2550000000 23.0850000000 1
'Si' 71.8200000000 61.5600000000 20.5200000000 1
'Si' 74.3850000000 64.1250000000 23.0850000000 1
'Si' 76.9500000000 61.5600000000 25.6500000000 1
'Si' 71.8200000000 66.6900000000 25.6500000000 1
'Si' 76.9500000000 66.6900000000 20.5200000000 1
'Si' 79.5150000000 64.1250000000 28.2150000000 1
'Si' 74.3850000000 69.2550000000 28.2150000000 1
'Si' 79.5150000000 69.2550000000 23.0850000000 1
'Si' 82.0800000000 61.5600000000 20.5200000000 1
'Si' 84.6450000000 64.1250000000 23.0850000000 1
'Si' 87.2100000000 61.5600000000 25.6500000000 1
'Si' 82.0800000000 66.6900000000 25.6500000000 1
'Si' 87.2100000000 66.6900000000 20.5200000000 1
'Si' 89.7750000000 64.1250000000 28.2150000000 1
'Si' 84.6450000000 69.2550000000 28.2150000000 1
'Si' 89.7750000000 69.2550000000 23.0850000000 1
'Si' 92.3400000000 61.5600000000 20.5200000000 1
'Si' 94.9050000000 64.1250000000 23.0850000000 1
'Si' 97.4700000000 61.5600000000 25.6500000000 1
'Si' 92.3400000000 66.6900000000 25.6500000000 1
'Si' 97.4700000000 66.6900000000 20.5200000000 1
'Si' 100.0350000000 64.1250000000 28.2150000000 1
'Si' 94.9050000000 69.2550000000 28.2150000000 1
'Si' 100.0350000000 69.2550000000 23.0850000000 1
'Si' 0.0000000000 71.8200000000 20.5200000000 1
'Si' 2.5650000000 74.3850000000 23.0850000000 1
'Si' 5.1300000000 71.8200000000 25.6500000000 1
'Si' 0.0000000000 76.9500000000 25.6500000000 1
'Si' 5.1300000000 76.9500000000 20.5200000000 1
'Si' 7.6950000000 74.3850000000 28.2150000000 1
'Si' 2.5650000000 79.5150000000 28.2150000000 1
'Si' 7.6950000000 79.5150000000 23.0850000000 1
'Si' 10.2600000000 71.8200000000 20.5200000000 1
'Si' 12.8250000000 74.3850000000 23.0850000000 1
'Si' 15.3900000000 71.8200000000 25.6500000000 1
'Si' 10.2600000000 76.9500000000 25.6500000000 1
'Si' 15.3900000000 76.9500000000 20.5200000000 1
'Si' 17.9550000000 74.3850000000 28.2150000000 1
'Si' 12.8250000000 79.5150000000 28.2150000000 1
'Si' 17.9550000000 79.5150000000 23.0850000000 1
'Si' 20.5200000000 71.8200000000 20.5200000000 1
'Si' 23.0850000000 74.3850000000 23.0850000000 1
'Si' 25.6500000000 71.8200000000 25.6500000000 1
'Si' 20.5200000000 76.9500000000 25.6500000000 1
'Si' 25.6500000000 76.9500000000 20.5200000000 1
'Si' 28.2150000000 74.3850000000 28.2150000000 1
'Si' 23.0850000000 79.5150000000 28.2150000000 1
'Si' 28.2150000000 79.5150000000 23.0850000000 1
'Si' 30.7800000000 71.8200000000 20.5200000000 1
'Si' 33.3450000000 74.3850000000 23.0850000000 1
'Si' 35.9100000000 71.8200000000 25.6500000000 1
'Si' 30.7800000000 76.9500000000 25.6500000000 1
'Si' 35.9100000000 76.9500000000 20.5200000000 1
'Si' 38.4750000000 74.3850000000 28.2150000000 1
'Si' 33.3450000000 79.5150000000 28.2150000000 1
'Si' 38.4750000000 79.5150000000 23.0850000000 1
'Si' 41.0400000000 71.8200000000 20.5200000000 1
'Si' 43.6050000000 74.3850000000 23.0850000000 1
'Si' 46.1700000000 71.8200000000 25.6500000000 1
'Si' 41.0400000000 76.9500000000 25.6500000000 1
'Si' 46.1700000000 76.9500000000 20.5200000000 1
'Si' 48.7350000000 74.3850000000 28.2150000000 1
'Si' 43.6050000000 79.5150000000 28.2150000000 1
'Si' 48.7350000000 79.5150000000 23.0850000000 1
'Si' 51.3000000000 71.8200000000 20.5200000000 1
'Si' 53.8650000000 74.3850000000 23.0850000000 1
'Si' 56.4300000000 71.8200000000 25.6500000000 1
'Si' 51.3000000000 76.9500000000 25.6500000000 1
'Si' 56.4300000000 76.9500000000 20.5200000000 1
'Si' 58.9950000000 74.3850000000 28.2150000000 1
'Si' 53.8650000000 79.5150000000 28.2150000000 1
'Si' 58.9950000000 79.5150000000 23.0850000000 1
'Si' 61.5600000000 71.8200000000 20.5200000000 1
'Si' 64.1250000000 74.3850000000 23.0850000000 1
'Si' 66.6900000000 71.8200000000 25.6500000000 1
'Si' 61.5600000000 76.9500000000 25.6500000000 1
'Si' 66.6900000000 76.9500000000 20.5200000000 1
'Si' 69.2550000000 74.3850000000 28.2150000000 1
'Si' 64.1250000000 79.5150000000 28.2150000000 1
'Si' 69.2550000000 79.5150000000 23.0850000000 1
'Si' 71.8200000000 71.8200000000 20.5200000000 1
'Si' 74.3850000000 74.3850000000 23.0850000000 1
'Si' 76.9500000000 71.8200000000 25.6500000000 1
'Si' 71.8200000000 76.9500000000 25.6500000000 1
'Si' 76.9500000000 76.9500000000 20.5200000000 1
'Si' 79.5150000000 74.3850000000 28.2150000000 1
'Si' 74.3850000000 79.5150000000 28.2150000000 1
'Si' 79.5150000000 79.5150000000 23.0850000000 1
'Si' 82.0800000000 71.8200000000 20.5200000000 1
'Si' 84.6450000000 74.3850000000 23.0850000000 1
'Si' 87.2100000000 71.8200000000 25.6500000000 1
'Si' 82.0800000000 76.9500000000 25.6500000000 1
'Si' 87.2100000000 76.9500000000 20.5200000000 1
'Si' 89.7750000000 74.3850000000 28.2150000000 1
'Si' 84.6450000000 79.5150000000 28.2150000000 1
'Si' 89.7750000000 79.5150000000 23.0850000000 1
'Si' 92.3400000000 71.8200000000 20.5200000000 1
'Si' 94.9050000000 74.3850000000 23.0850000000 1
'Si' 97.4700000000 71.8200000000 25.6500000000 1
'Si' 92.3400000000 76.9500000000 25.6500000000 1
'Si' 97.4700000000 76.9500000000 20.5200000000 1
'Si' 100.0350000000 74.3850000000 28.2150000000 1
'Si' 94.9050000000 79.5150000000 28.2150000000 1
'Si' 100.0350000000 79.5150000000 23.0850000000 1
'Si' 0.0000000000 82.0800000000 20.5200000000 1
'Si' 2.5650000000 84.6450000000 23.0850000000 1
'Si' 5.1300000000 82.0800000000 25.6500000000 1
'Si' 0.0000000000 87.2100000000 25.6500000000 1
'Si' 5.1300000000 87.2100000000 20.5200000000 1
'Si' 7.6950000000 84.6450000000 28.2150000000 1
'Si' 2.5650000000 89.7750000000 28.2150000000 1
'Si' 7.6950000000 89.7750000000 23.0850000000 1
'Si' 10.2600000000 82.0800000000 20.5200000000 1
'Si' 12.8250000000 84.6450000000 23.0850000000 1
'Si' 15.3900000000 82.0800000000 25.6500000000 1
'Si' 10.2600000000 87.2100000000 25.6500000000 1
'Si' 15.3900000000 87.2100000000 20.5200000000 1
'Si' 17.9550000000 84.6450000000 28.2150000000 1
'Si' 12.8250000000 89.7750000000 28.2150000000 1
'Si' 17.9550000000 89.7750000000 23.0850000000 1
'Si' 20.5200000000 82.0800000000 20.5200000000 1
'Si' 23.0850000000 84.6450000000 23.0850000000 1
'Si' 25.6500000000 82.0800000000 25.6500000000 1
'Si' 20.5200000000 87.2100000000 25.6500000000 1
'Si' 25.6500000000 87.2100000000 20.5200000000 1
'Si' 28.2150000000 84.6450000000 28.2150000000 1
'Si' 23.0850000000 89.7750000000 28.2150000000 1
'Si' 28.2150000000 89.7750000000 23.0850000000 1
'Si' 30.7800000000 82.0800000000 20.5200000000 1
'Si' 33.3450000000 84.6450000000 23.0850000000 1
'Si' 35.9100000000 82.0800000000 25.6500000000 1
'Si' 30.7800000000 87.2100000000 25.6500000000 1
'Si' 35.9100000000 87.2100000000 20.5200000000 1
'Si' 38.4750000000 84.6450000000 28.2150000000 1
'Si' 33.3450000000 89.7750000000 28.2150000000 1
'Si' 38.4750000000 89.7750000000 23.0850000000 1
'Si' 41.0400000000 82.0800000000 20.5200000000 1
'Si' 43.6050000000 84.6450000000 23.0850000000 1
'Si' 46.1700000000 82.0800000000 25.6500000000 1
'Si' 41.0400000000 87.2100000000 25.6500000000 1
'Si' 46.1700000000 87.2100000000 20.5200000000 1
'Si' 48.7350000000 84.6450000000 28.2150000000 1
'Si' 43.6050000000 89.7750000000 28.2150000000 1
'Si' 48.7350000000 89.7750000000 23.0850000000 1
'Si' 51.3000000000 82.0800000000 20.5200000000 1
'Si' 53.8650000000 84.6450000000 23.0850000000 1
'Si' 56.4300000000 82.0800000000 25.6500000000 1
'Si' 51.3000000000 87.2100000000 25.6500000000 1
'Si' 56.4300000000 87.2100000000 20.5200000000 1
'Si' 58.9950000000 84.6450000000 28.2150000000 1
'Si' 53.8650000000 89.7750000000 28.2150000000 1
'Si' 58.9950000000 89.7750000000 23.0850000000 1
'Si' 61.5600000000 82.0800000000 20.5200000000 1
'Si' 64.1250000000 84.6450000000 23.0850000000 1
'Si' 66.6900000000 82.0800000000 25.6500000000 1
'Si' 61.5600000000 87.2100000000 25.6500000000 1
'Si' 66.6900000000 87.2100000000 20.5200000000 1
'Si' 69.2550000000 84.6450000000 28.2150000000 1
'Si' 64.1250000000 89.7750000000 28.2150000000 1
'Si' 69.2550000000 89.7750000000 23.0850000000 1
'Si' 71.8200000000 82.0800000000 20.5200000000 1
'Si' 74.3850000000 84.6450000000 23.0850000000 1
'Si' 76.9500000000 82.0800000000 25.6500000000 1
'Si' 71.8200000000 87.2100000000 25.6500000000 1
'Si' 76.9500000000 87.2100000000 20.5200000000 1
'Si' 79.5150000000 84.6450000000 28.2150000000 1
'Si' 74.3850000000 89.7750000000 28.2150000000 1
'Si' 79.5150000000 89.7750000000 23.0850000000 1
'Si' 82.0800000000 82.0800000000 20.5200000000 1
'Si' 84.6450000000 84.6450000000 23.0850000000 1
'Si' 87.2100000000 82.0800000000 25.6500000000 1
'Si' 82.0800000000 87.2100000000 25.6500000000 1
'Si' 87.2100000000 87.2100000000 20.5200000000 1
'Si' 89.7750000000 84.6450000000 28.2150000000 1
'Si' 84.6450000000 89.7750000000 28.2150000000 1
'Si' 89.7750000000 89.7750000000 23.0850000000 1
'Si' 92.3400000000 82.0800000000 20.5200000000 1
'Si' 94.9050000000 84.6450000000 23.0850000000 1
'Si' 97.4700000000 82.0800000000 25.6500000000 1
'Si' 92.3400000000 87.2100000000 25.6500000000 1
'Si' 97.4700000000 87.2100000000 20.5200000000 1
'Si' 100.0350000000 84.6450000000 28.2150000000 1
'Si' 94.9050000000 89.7750000000 28.2150000000 1
'Si' 100.0350000000 89.7750000000 23.0850000000 1
'Si' 0.0000000000 92.3400000000 20.5200000000 1
'Si' 2.5650000000 94.9050000000 23.0850000000 1
'Si' 5.1300000000 92.3400000000 25.6500000000 1
'Si' 0.0000000000 97.4700000000 25.6500000000 1
'Si' 5.1300000000 97.4700000000 20.5200000000 1
'Si' 7.6950000000 94.9050000000 28.2150000000 1
'Si' 2.5650000000 100.0350000000 28.2150000000 1
'Si' 7.6950000000 100.0350000000 23.0850000000 1
'Si' 10.2600000000 92.3400000000 20.5200000000 1
'Si' 12.8250000000 94.9050000000 23.0850000000 1
'Si' 15.3900000000 92.3400000000 25.6500000000 1
'Si' 10.2600000000 97.4700000000 25.6500000000 1
'Si' 15.3900000000 97.4700000000 20.5200000000 1
'Si' 17.9550000000 94.9050000000 28.2150000000 1
'Si' 12.8250000000 100.0350000000 28.2150000000 1
'Si' 17.9550000000 100.0350000000 23.0850000000 1
'Si' 20.5200000000 92.3400000000 20.5200000000 1
'Si' 23.0850000000 94.9050000000 23.0850000000 1
'Si' 25.6500000000 92.3400000000 25.6500000000 1
'Si' 20.5200000000 97.4700000000 25.6500000000 1
'Si' 25.6500000000 97.4700000000 20.5200000000 1
'Si' 28.2150000000 94.9050000000 28.2150000000 1
'Si' 23.0850000000 100.0350000000 28.2150000000 1
'Si' 28.2150000000 100.0350000000 23.0850000000 1
'Si' 30.7800000000 92.3400000000 20.5200000000 1
'Si' 33.3450000000 94.9050000000 23.0850000000 1
'Si' 35.9100000000 92.3400000000 25.6500000000 1
'Si' 30.7800000000 97.4700000000 25.6500000000 1
'Si' 35.9100000000 97.4700000000 20.5200000000 1
'Si' 38.4750000000 94.9050000000 28.2150000000 1
'Si' 33.3450000000 100.0350000000 28.2150000000 1
'Si' 38.4750000000 100.0350000000 23.0850000000 1
'Si' 41.0400000000 92.3400000000 20.5200000000 1
'Si' 43.6050000000 94.9050000000 23.0850000000 1
'Si' 46.1700000000 92.3400000000 25.6500000000 1
'Si' 41.0400000000 97.4700000000 25.6500000000 1
'Si' 46.1700000000 97.4700000000 20.5200000000 1
'Si' 48.7350000000 94.9050000000 28.2150000000 1
'Si' 43.6050000000 100.0350000000 28.2150000000 1
'Si' 48.7350000000 100.0350000000 23.0850000000 1
'Si' 51.3000000000 92.3400000000 20.5200000000 1
'Si' 53.8650000000 94.9050000000 23.0850000000 1
'Si' 56.4300000000 92.3400000000 25.6500000000 1
'Si' 51.3000000000 97.4700000000 25.6500000000 1
'Si' 56.4300000000 97.4700000000 20.5200000000 1
'Si' 58.9950000000 94.9050000000 28.2150000000 1
'Si' 53.8650000000 100.0350000000 28.2150000000 1
'Si' 58.9950000000 100.0350000000 23.0850000000 1
'Si' 61.5600000000 92.3400000000 20.5200000000 1
'Si' 64.1250000000 94.9050000000 23.0850000000 1
'Si' 66.6900000000 92.3400000000 25.6500000000 1
'Si' 61.5600000000 97.4700000000 25.6500000000 1
'Si' 66.6900000000 97.4700000000 20.5200000000 1
'Si' 69.2550000000 94.9050000000 28.2150000000 1
'Si' 64.1250000000 100.0350000000 28.2150000000 1
'Si' 69.2550000000 100.0350000000 23.0850000000 1
'Si' 71.8200000000 92.3400000000 20.5200000000 1
'Si' 74.3850000000 94.9050000000 23.0850000000 1
'Si' 76.9500000000 92.3400000000 25.6500000000 1
'Si' 71.8200000000 97.4700000000 25.6500000000 1
'Si' 76.9500000000 97.4700000000 20.5200000000 1
'Si' 79.5150000000 94.9050000000 28.2150000000 1
'Si' 74.3850000000 100.0350000000 28.2150000000 1
'Si' 79.5150000000 100.0350000000 23.0850000000 1
'Si' 82.0800000000 92.3400000000 20.5200000000 1
'Si' 84.6450000000 94.9050000000 23.0850000000 1
'Si' 87.2100000000 92.3400000000 25.6500000000 1
'Si' 82.0800000000 97.4700000000 25.6500000000 1
'Si' 87.2100000000 97.4700000000 20.5200000000 1
'Si' 89.7750000000 94.9050000000 28.2150000000 1
'Si' 84.6450000000 100.0350000000 28.2150000000 1
'Si' 89.7750000000 100.0350000000 23.0850000000 1
'Si' 92.3400000000 92.3400000000 20.5200000000 1
'Si' 94.9050000000 94.9050000000 23.0850000000 1
'Si' 97.4700000000 92.3400000000 25.6500000000 1
'Si' 92.3400000000 97.4700000000 25.6500000000 1
'Si' 97.4700000000 97.4700000000 20.5200000000 1
'Si' 100.0350000000 94.9050000000 28.2150000000 1
'Si' 94.9050000000 100.0350000000 28.2150000000 1
'Si' 100.0350000000 100.0350000000 23.0850000000 1
'Si' 0.0000000000 0.0000000000 30.7800000000 1
'Si' 2.5650000000 2.5650000000 33.3450000000 1
'Si' 5.1300000000 0.0000000000 35.9100000000 1
'Si' 0.0000000000 5.1300000000 35.9100000000 1
'Si' 5.1300000000 5.1300000000 30.7800000000 1
'Si' 7.6950000000 2.5650000000 38.4750000000 1
'Si' 2.5650000000 7.6950000000 38.4750000000 1
'Si' 7.6950000000 7.6950000000 33.3450000000 1
'Si' 10.2600000000 0.0000000000 30.7800000000 1
'Si' 12.8250000000 2.5650000000 33.3450000000 1
'Si' 15.3900000000 0.0000000000 35.9100000000 1
'Si' 10.2600000000 5.1300000000 35.9100000000 1
'Si' 15.3900000000 5.1300000000 30.7800000000 1
'Si' 17.9550000000 2.5650000000 38.4750000000 1
'Si' 12.8250000000 7.6950000000 38.4750000000 1
'Si' 17.9550000000 7.6950000000 33.3450000000 1
'Si' 20.5200000000 0.0000000000 30.7800000000 1
'Si' 23.0850000000 2.5650000000 33.3450000000 1
'Si' 25.6500000000 0.0000000000 35.9100000000 1
'Si' 20.5200000000 5.1300000000 35.9100000000 1
'Si' 25.6500000000 5.1300000000 30.7800000000 1
'Si' 28.2150000000 2.5650000000 38.4750000000 1
'Si' 23.0850000000 7.6950000000 38.4750000000 1
'Si' 28.2150000000 7.6950000000 33.3450000000 1
'Si' 30.7800000000 0.0000000000 30.7800000000 1
'Si' 33.3450000000 2.5650000000 33.3450000000 1
'Si' 35.9100000000 0.0000000000 35.9100000000 1
'Si' 30.7800000000 5.1300000000 35.9100000000 1
'Si' 35.9100000000 5.1300000000 30.7800000000 1
'Si' 38.4750000000 2.5650000000 38.4750000000 1
'Si' 33.3450000000 7.6950000000 38.4750000000 1
'Si' 38.4750000000 7.6950000000 33.3450000000 1
'Si' 41.0400000000 0.0000000000 30.7800000000 1
'Si' 43.6050000000 2.5650000000 33.3450000000 1
'Si' 46.1700000000 0.0000000000 35.9100000000 1
'Si' 41.0400000000 5.1300000000 35.9100000000 1
'Si' 46.1700000000 5.1300000000 30.7800000000 1
'Si' 48.7350000000 2.5650000000 38.4750000000 1
'Si' 43.6050000000 7.6950000000 38.4750000000 1
'Si' 48.7350000000 7.6950000000 33.3450000000 1
'Si' 51.3000000000 0.0000000000 30.7800000000 1
'Si' 53.8650000000 2.5650000000 33.3450000000 1
'Si' 56.4300000000 0.0000000000 35.9100000000 1
'Si' 51.3000000000 5.1300000000 35.9100000000 1
'Si' 56.4300000000 5.1300000000 30.7800000000 1
'Si' 58.9950000000 2.5650000000 38.4750000000 1
'Si' 53.8650000000 7.6950000000 38.4750000000 1
'Si' 58.9950000000 7.6950000000 33.3450000000 1
'Si' 61.5600000000 0.0000000000 30.7800000000 1
'Si' 64.1250000000 2.5650000000 33.3450000000 1
'Si' 66.6900000000 0.0000000000 35.9100000000 1
'Si' 61.5600000000 5.1300000000 35.9100000000 1
'Si' 66.6900000000 5.1300000000 30.7800000000 1
'Si' 69.2550000000 2.5650000000 38.4750000000 1
'Si' 64.1250000000 7.6950000000 38.4750000000 1
'Si' 69.2550000000 7.6950000000 33.3450000000 1
'Si' 71.8200000000 0.0000000000 30.7800000000 1
'Si' 74.3850000000 2.5650000000 33.3450000000 1
'Si' 76.9500000000 0.0000000000 35.9100000000 1
'Si' 71.8200000000 5.1300000000 35.9100000000 1
'Si' 76.9500000000 5.1300000000 30.7800000000 1
'Si' 79.5150000000 2.5650000000 38.4750000000 1
'Si' 74.3850000000 7.6950000000 38.4750000000 1
'Si' 79.5150000000 7.6950000000 33.3450000000 1
'Si' 82.0800000000 0.0000000000 30.7800000000 1
'Si' 84.6450000000 2.5650000000 33.3450000000 1
'Si' 87.2100000000 0.0000000000 35.9100000000 1
'Si' 82.0800000000 5.1300000000 35.9100000000 1
'Si' 87.2100000000 5.1300000000 30.7800000000 1
'Si' 89.7750000000 2.5650000000 38.4750000000 1
'Si' 84.6450000000 7.6950000000 38.4750000000 1
'Si' 89.7750000000 7.6950000000 33.3450000000 1
'Si' 92.3400000000 0.0000000000 30.7800000000 1
'Si' 94.9050000000 2.5650000000 33.3450000000 1
'Si' 97.4700000000 0.0000000000 35.9100000000 1
'Si' 92.3400000000 5.1300000000 35.9100000000 1
'Si' 97.4700000000 5.1300000000 30.7800000000 1
'Si' 100.0350000000 2.5650000000 38.4750000000 1
'Si' 94.9050000000 7.6950000000 38.4750000000 1
'Si' 100.0350000000 7.6950000000 33.3450000000 1
'Si' 0.0000000000 10.2600000000 30.7800000000 1
'Si' 2.5650000000 12.8250000000 33.3450000000 1
'Si' 5.1300000000 10.2600000000 35.9100000000 1
'Si' 0.0000000000 15.3900000000 35.9100000000 1
'Si' 5.1300000000 15.3900000000 30.7800000000 1
'Si' 7.6950000000 12.8250000000 38.4750000000 1
'Si' 2.5650000000 17.9550000000 38.4750000000 1
'Si' 7.6950000000 17.9550000000 33.3450000000 1
'Si' 10.2600000000 10.2600000000 30.7800000000 1
'Si' 12.8250000000 12.8250000000 33.3450000000 1
'Si' 15.3900000000 10.2600000000 35.9100000000 1
'Si' 10.2600000000 15.3900000000 35.9100000000 1
'Si' 15.3900000000 15.3900000000 30.7800000000 1
'Si' 17.9550000000 12.8250000000 38.4750000000 1
'Si' 12.8250000000 17.9550000000 38.4750000000 1
'Si' 17.9550000000 17.9550000000 33.3450000000 1
'Si' 20.5200000000 10.2600000000 30.7800000000 1
'Si' 23.0850000000 12.8250000000 33.3450000000 1
'Si' 25.6500000000 10.2600000000 35.9100000000 1
'Si' 20.5200000000 15.3900000000 35.9100000000 1
'Si' 25.6500000000 15.3900000000 30.7800000000 1
'Si' 28.2150000000 12.8250000000 38.4750000000 1
'Si' 23.0850000000 17.9550000000 38.4750000000 1
'Si' 28.2150000000 17.9550000000 33.3450000000 1
'Si' 30.7800000000 10.2600000000 30.7800000000 1
'Si' 33.3450000000 12.8250000000 33.3450000000 1
'Si' 35.9100000000 10.2600000000 35.9100000000 1
'Si' 30.7800000000 15.3900000000 35.9100000000 1
'Si' 35.9100000000 15.3900000000 30.7800000000 1
'Si' 38.4750000000 12.8250000000 38.4750000000 1
'Si' 33.3450000000 17.9550000000 38.4750000000 1
'Si' 38.4750000000 17.9550000000 33.3450000000 1
'Si' 41.0400000000 10.2600000000 30.7800000000 1
'Si' 43.6050000000 12.8250000000 33.3450000000 1
'Si' 46.1700000000 10.2600000000 35.9100000000 1
'Si' 41.0400000000 15.3900000000 35.9100000000 1
'Si' 46.1700000000 15.3900000000 30.7800000000 1
'Si' 48.7350000000 12.8250000000 38.4750000000 1
'Si' 43.6050000000 17.9550000000 38.4750000000 1
'Si' 48.7350000000 17.9550000000 33.3450000000 1
'Si' 51.3000000000 10.2600000000 30.7800000000 1
'Si' 53.8650000000 12.8250000000 33.3450000000 1
'Si' 56.4300000000 10.2600000000 35.9100000000 1
'Si' 51.3000000000 15.3900000000 35.9100000000 1
'Si' 56.4300000000 15.3900000000 30.7800000000 1
'Si' 58.9950000000 12.8250000000 38.4750000000 1
'Si' 53.8650000000 17.9550000000 38.4750000000 1
'Si' 58.9950000000 17.9550000000 33.3450000000 1
'Si' 61.5600000000 10.2600000000 30.7800000000 1
'Si' 64.1250000000 12.8250000000 33.3450000000 1
'Si' 66.6900000000 10.2600000000 35.9100000000 1
'Si' 61.5600000000 15.3900000000 35.9100000000 1
'Si' 66.6900000000 15.3900000000 30.7800000000 1
'Si' 69.2550000000 12.8250000000 38.4750000000 1
'Si' 64.1250000000 17.9550000000 38.4750000000 1
'Si' 69.2550000000 17.9550000000 33.3450000000 1
'Si' 71.8200000000 10.2600000000 30.7800000000 1
'Si' 74.3850000000 12.8250000000 33.3450000000 1
'Si' 76.9500000000 10.2600000000 35.9100000000 1
'Si' 71.8200000000 15.3900000000 35.9100000000 1
'Si' 76.9500000000 15.3900000000 30.7800000000 1
'Si' 79.5150000000 12.8250000000 38.4750000000 1
'Si' 74.3850000000 17.9550000000 38.4750000000 1
'Si' 79.5150000000 17.9550000000 33.3450000000 1
'Si' 82.0800000000 10.2600000000 30.7800000000 1
'Si' 84.6450000000 12.8250000000 33.3450000000 1
'Si' 87.2100000000 10.2600000000 35.9100000000 1
'Si' 82.0800000000 15.3900000000 35.9100000000 1
'Si' 87.2100000000 15.3900000000 30.7800000000 1
'Si' 89.7750000000 12.8250000000 38.4750000000 1
'Si' 84.6450000000 17.9550000000 38.4750000000 1
'Si' 89.7750000000 17.9550000000 33.3450000000 1
'Si' 92.3400000000 10.2600000000 30.7800000000 1
'Si' 94.9050000000 12.8250000000 33.3450000000 1
'Si' 97.4700000000 10.2600000000 35.9100000000 1
'Si' 92.3400000000 15.3900000000 35.9100000000 1
'Si' 97.4700000000 15.3900000000 30.7800000000 1
'Si' 100.0350000000 12.8250000000 38.4750000000 1
'Si' 94.9050000000 17.9550000000 38.4750000000 1
'Si' 100.0350000000 17.9550000000 33.3450000000 1
'Si' 0.0000000000 20.5200000000 30.7800000000 1
'Si' 2.5650000000 23.0850000000 33.3450000000 1
'Si' 5.1300000000 20.5200000000 35.9100000000 1
'Si' 0.0000000000 25.6500000000 35.9100000000 1
'Si' 5.1300000000 25.6500000000 30.7800000000 1
'Si' 7.6950000000 23.0850000000 38.4750000000 1
'Si' 2.5650000000 28.2150000000 38.4750000000 1
'Si' 7.6950000000 28.2150000000 33.3450000000 1
'Si' 10.2600000000 20.5200000000 30.7800000000 1
'Si' 12.8250000000 23.0850000000 33.3450000000 1
'Si' 15.3900000000 20.5200000000 35.9100000000 1
'Si' 10.2600000000 25.6500000000 35.9100000000 1
'Si' 15.3900000000 25.6500000000 30.7800000000 1
'Si' 17.9550000000 23.0850000000 38.4750000000 1
'Si' 12.8250000000 28.2150000000 38.4750000000 1
'Si' 17.9550000000 28.2150000000 33.3450000000 1
'Si' 20.5200000000 20.5200000000 30.7800000000 1
'Si' 23.0850000000 23.0850000000 33.3450000000 1
'Si' 25.6500000000 20.5200000000 35.9100000000 1
'Si' 20.5200000000 25.6500000000 35.9100000000 1
'Si' 25.6500000000 25.6500000000 30.7800000000 1
'Si' 28.2150000000 23.0850000000 38.4750000000 1
'Si' 23.0850000000 28.2150000000 38.4750000000 1
'Si' 28.2150000000 28.2150000000 33.3450000000 1
'Si' 30.7800000000 20.5200000000 30.7800000000 1
'Si' 33.3450000000 23.0850000000 33.3450000000 1
'Si' 35.9100000000 20.5200000000 35.9100000000 1
'Si' 30.7800000000 25.6500000000 35.9100000000 1
'Si' 35.9100000000 25.6500000000 30.7800000000 1
'Si' 38.4750000000 23.0850000000 38.4750000000 1
'Si' 33.3450000000 28.2150000000 38.4750000000 1
'Si' 38.4750000000 28.2150000000 33.3450000000 1
'Si' 41.0400000000 20.5200000000 30.7800000000 1
'Si' 43.6050000000 23.0850000000 33.3450000000 1
'Si' 46.1700000000 20.5200000000 35.9100000000 1
'Si' 41.0400000000 25.6500000000 35.9100000000 1
'Si' 46.1700000000 25.6500000000 30.7800000000 1
'Si' 48.7350000000 23.0850000000 38.4750000000 1
'Si' 43.6050000000 28.2150000000 38.4750000000 1
'Si' 48.7350000000 28.2150000000 33.3450000000 1
'Si' 51.3000000000 20.5200000000 30.7800000000 1
'Si' 53.8650000000 23.0850000000 33.3450000000 1
'Si' 56.4300000000 20.5200000000 35.9100000000 1
'Si' 51.3000000000 25.6500000000 35.9100000000 1
'Si' 56.4300000000 25.6500000000 30.7800000000 1
'Si' 58.9950000000 23.0850000000 38.4750000000 1
'Si' 53.8650000000 28.2150000000 38.4750000000 1
'Si' 58.9950000000 28.2150000000 33.3450000000 1
'Si' 61.5600000000 20.5200000000 30.7800000000 1
'Si' 64.1250000000 23.0850000000 33.3450000000 1
'Si' 66.6900000000 20.5200000000 35.9100000000 1
'Si' 61.5600000000 25.6500000000 35.9100000000 1
'Si' 66.6900000000 25.6500000000 30.7800000000 1
'Si' 69.2550000000 23.0850000000 38.4750000000 1
'Si' 64.1250000000 28.2150000000 38.4750000000 1
'Si' 69.2550000000 28.2150000000 33.3450000000 1
'Si' 71.8200000000 20.5200000000 30.7800000000 1
'Si' 74.3850000000 23.0850000000 33.3450000000 1
'Si' 76.9500000000 20.5200000000 35.9100000000 1
'Si' 71.8200000000 25.6500000000 35.9100000000 1
'Si' 76.9500000000 25.6500000000 30.7800000000 1
'Si' 79.5150000000 23.0850000000 38.4750000000 1
'Si' 74.3850000000 28.2150000000 38.4750000000 1
'Si' 79.5150000000 28.2150000000 33.3450000000 1
'Si' 82.0800000000 20.5200000000 30.7800000000 1
'Si' 84.6450000000 23.0850000000 33.3450000000 1
'Si' 87.2100000000 20.5200000000 35.9100000000 1
'Si' 82.0800000000 25.6500000000 35.9100000000 1
'Si' 87.2100000000 25.6500000000 30.7800000000 1
'Si' 89.7750000000 23.0850000000 38.4750000000 1
'Si' 84.6450000000 28.2150000000 38.4750000000 1
'Si' 89.7750000000 28.2150000000 33.3450000000 1
'Si' 92.3400000000 20.5200000000 30.7800000000 1
'Si' 94.9050000000 23.0850000000 33.3450000000 1
'Si' 97.4700000000 20.5200000000 35.9100000000 1
'Si' 92.3400000000 25.6500000000 35.9100000000 1
'Si' 97.4700000000 25.6500000000 30.7800000000 1
'Si' 100.0350000000 23.0850000000 38.4750000000 1
'Si' 94.9050000000 28.2150000000 38.4750000000 1
'Si' 100.0350000000 28.2150000000 33.3450000000 1
'Si' 0.0000000000 30.7800000000 30.7800000000 1
'Si' 2.5650000000 33.3450000000 33.3450000000 1
'Si' 5.1300000000 30.7800000000 35.9100000000 1
'Si' 0.0000000000 35.9100000000 35.9100000000 1
'Si' 5.1300000000 35.9100000000 30.7800000000 1
'Si' 7.6950000000 33.3450000000 38.4750000000 1
'Si' 2.5650000000 38.4750000000 38.4750000000 1
'Si' 7.6950000000 38.4750000000 33.3450000000 1
'Si' 10.2600000000 30.7800000000 30.7800000000 1
'Si' 12.8250000000 33.3450000000 33.3450000000 1
'Si' 15.3900000000 30.7800000000 35.9100000000 1
'Si' 10.2600000000 35.9100000000 35.9100000000 1
'Si' 15.3900000000 35.9100000000 30.7800000000 1
'Si' 17.9550000000 33.3450000000 38.4750000000 1
'Si' 12.8250000000 38.4750000000 38.4750000000 1
'Si' 17.9550000000 38.4750000000 33.3450000000 1
'Si' 20.5200000000 30.7800000000 30.7800000000 1
'Si' 23.0850000000 33.3450000000 33.3450000000 1
'Si' 25.6500000000 30.7800000000 35.9100000000 1
'Si' 20.5200000000 35.9100000000 35.9100000000 1
'Si' 25.6500000000 35.9100000000 30.7800000000 1
'Si' 28.2150000000 33.3450000000 38.4750000000 1
'Si' 23.0850000000 38.4750000000 38.4750000000 1
'Si' 28.2150000000 38.4750000000 33.3450000000 1
'Si' 30.7800000000 30.7800000000 30.7800000000 1
'Si' 33.3450000000 33.3450000000 33.3450000000 1
'Si' 35.9100000000 30.7800000000 35.9100000000 1
'Si' 30.7800000000 35.9100000000 35.9100000000 1
'Si' 35.9100000000 35.9100000000 30.7800000000 1
'Si' 38.4750000000 33.3450000000 38.4750000000 1
'Si' 33.3450000000 38.4750000000 38.4750000000 1
'Si' 38.4750000000 38.4750000000 33.3450000000 1
'Si' 41.0400000000 30.7800000000 30.7800000000 1
'Si' 43.6050000000 33.3450000000 33.3450000000 1
'Si' 46.1700000000 30.7800000000 35.9100000000 1
'Si' 41.0400000000 35.9100000000 35.9100000000 1
'Si' 46.1700000000 35.9100000000 30.7800000000 1
'Si' 48.7350000000 33.3450000000 38.4750000000 1
'Si' 43.6050000000 38.4750000000 38.4750000000 1
'Si' 48.7350000000 38.4750000000 33.3450000000 1
'Si' 51.3000000000 30.7800000000 30.7800000000 1
'Si' 53.8650000000 33.3450000000 33.3450000000 1
'Si' 56.4300000000 30.7800000000 35.9100000000 1
'Si' 51.3000000000 35.9100000000 35.9100000000 1
'Si' 56.4300000000 35.9100000000 30.7800000000 1
'Si' 58.9950000000 33.3450000000 38.4750000000 1
'Si' 53.8650000000 38.4750000000 38.4750000000 1
'Si' 58.9950000000 38.4750000000 33.3450000000 1
'Si' 61.5600000000 30.7800000000 30.7800000000 1
'Si' 64.1250000000 33.3450000000 33.3450000000 1
'Si' 66.6900000000 30.7800000000 35.9100000000 1
'Si' 61.5600000000 35.9100000000 35.9100000000 1
'Si' 66.6900000000 35.9100000000 30.7800000000 1
'Si' 69.2550000000 33.3450000000 38.4750000000 1
'Si' 64.1250000000 38.4750000000 38.4750000000 1
'Si' 69.2550000000 38.4750000000 33.3450000000 1
'Si' 71.8200000000 30.7800000000 30.7800000000 1
'Si' 74.3850000000 33.3450000000 33.3450000000 1
'Si' 76.9500000000 30.7800000000 35.9100000000 1
'Si' 71.8200000000 35.9100000000 35.9100000000 1
'Si' 76.9500000000 35.9100000000 30.7800000000 1
'Si' 79.5150000000 33.3450000000 38.4750000000 1
'Si' 74.3850000000 38.4750000000 38.4750000000 1
'Si' 79.5150000000 38.4750000000 33.3450000000 1
'Si' 82.0800000000 30.7800000000 30.7800000000 1
'Si' 84.6450000000 33.3450000000 33.3450000000 1
'Si' 87.2100000000 30.7800000000 35.9100000000 1
'Si' 82.0800000000 35.9100000000 35.9100000000 1
'Si' 87.2100000000 35.9100000000 30.7800000000 1
'Si' 89.7750000000 33.3450000000 38.4750000000 1
'Si' 84.6450000000 38.4750000000 38.4750000000 1
'Si' 89.7750000000 38.4750000000 33.3450000000 1
'Si' 92.3400000000 30.7800000000 30.7800000000 1
'Si' 94.9050000000 33.3450000000 33.3450000000 1
'Si' 97.4700000000 30.7800000000 35.9100000000 1
'Si' 92.3400000000 35.9100000000 35.9100000000 1
'Si' 97.4700000000 35.9100000000 30.7800000000 1
'Si' 100.0350000000 33.3450000000 38.4750000000 1
'Si' 94.9050000000 38.4750000000 38.4750000000 1
'Si' 100.0350000000 38.4750000000 33.3450000000 1
'Si' 0.0000000000 41.0400000000 30.7800000000 1
'Si' 2.5650000000 43.6050000000 33.3450000000 1
'Si' 5.1300000000 41.0400000000 35.9100000000 1
'Si' 0.0000000000 46.1700000000 35.9100000000 1
'Si' 5.1300000000 46.1700000000 30.7800000000 1
'Si' 7.6950000000 43.6050000000 38.4750000000 1
'Si' 2.5650000000 48.7350000000 38.4750000000 1
'Si' 7.6950000000 48.7350000000 33.3450000000 1
'Si' 10.2600000000 41.0400000000 30.7800000000 1
'Si' 12.8250000000 43.6050000000 33.3450000000 1
'Si' 15.3900000000 41.0400000000 35.9100000000 1
'Si' 10.2600000000 46.1700000000 35.9100000000 1
'Si' 15.3900000000 46.1700000000 30.7800000000 1
'Si' 17.9550000000 43.6050000000 38.4750000000 1
'Si' 12.8250000000 48.7350000000 38.4750000000 1
'Si' 17.9550000000 48.7350000000 33.3450000000 1
'Si' 20.5200000000 41.0400000000 30.7800000000 1
'Si' 23.0850000000 43.6050000000 33.3450000000 1
'Si' 25.6500000000 41.0400000000 35.9100000000 1
'Si' 20.5200000000 46.1700000000 35.9100000000 1
'Si' 25.6500000000 46.1700000000 30.7800000000 1
'Si' 28.2150000000 43.6050000000 38.4750000000 1
'Si' 23.0850000000 48.7350000000 38.4750000000 1
'Si' 28.2150000000 48.7350000000 33.3450000000 1
'Si' 30.7800000000 41.0400000000 30.7800000000 1
'Si' 33.3450000000 43.6050000000 33.3450000000 1
'Si' 35.9100000000 41.0400000000 35.9100000000 1
'Si' 30.7800000000 46.1700000000 35.9100000000 1
'Si' 35.9100000000 46.1700000000 30.7800000000 1
'Si' 38.4750000000 43.6050000000 38.4750000000 1
'Si' 33.3450000000 48.7350000000 38.4750000000 1
'Si' 38.4750000000 48.7350000000 33.3450000000 1
'Si' 41.0400000000 41.0400000000 30.7800000000 1
'Si' 43.6050000000 43.6050000000 33.3450000000 1
'Si' 46.1700000000 41.0400000000 35.9100000000 1
'Si' 41.0400000000 46.1700000000 35.9100000000 1
'Si' 46.1700000000 46.1700000000 30.7800000000 1
'Si' 48.7350000000 43.6050000000 38.4750000000 1
'Si' 43.6050000000 48.7350000000 38.4750000000 1
'Si' 48.7350000000 48.7350000000 33.3450000000 1
'Si' 51.3000000000 41.0400000000 30.7800000000 1
'Si' 53.8650000000 43.6050000000 33.3450000000 1
'Si' 56.4300000000 41.0400000000 35.9100000000 1
'Si' 51.3000000000 46.1700000000 35.9100000000 1
'Si' 56.4300000000 46.1700000000 30.7800000000 1
'Si' 58.9950000000 43.6050000000 38.4750000000 1
'Si' 53.8650000000 48.7350000000 38.4750000000 1
'Si' 58.9950000000 48.7350000000 33.3450000000 1
'Si' 61.5600000000 41.0400000000 30.7800000000 1
'Si' 64.1250000000 43.6050000000 33.3450000000 1
'Si' 66.6900000000 41.0400000000 35.9100000000 1
'Si' 61.5600000000 46.1700000000 35.9100000000 1
'Si' 66.6900000000 46.1700000000 30.7800000000 1
'Si' 69.2550000000 43.6050000000 38.4750000000 1
'Si' 64.1250000000 48.7350000000 38.4750000000 1
'Si' 69.2550000000 48.7350000000 33.3450000000 1
'Si' 71.8200000000 41.0400000000 30.7800000000 1
'Si' 74.3850000000 43.6050000000 33.3450000000 1
'Si' 76.9500000000 41.0400000000 35.9100000000 1
'Si' 71.8200000000 46.1700000000 35.9100000000 1
'Si' 76.9500000000 46.1700000000 30.7800000000 1
'Si' 79.5150000000 43.6050000000 38.4750000000 1
'Si' 74.3850000000 48.7350000000 38.4750000000 1
'Si' 79.5150000000 48.7350000000 33.3450000000 1
'Si' 82.0800000000 41.0400000000 30.7800000000 1
'Si' 84.6450000000 43.6050000000 33.3450000000 1
'Si' 87.2100000000 41.0400000000 35.9100000000 1
'Si' 82.0800000000 46.1700000000 35.9100000000 1
'Si' 87.2100000000 46.1700000000 30.7800000000 1
'Si' 89.7750000000 43.6050000000 38.4750000000 1
'Si' 84.6450000000 48.7350000000 38.4750000000 1
'Si' 89.7750000000 48.7350000000 33.3450000000 1
'Si' 92.3400000000 41.0400000000 30.7800000000 1
'Si' 94.9050000000 43.6050000000 33.3450000000 1
'Si' 97.4700000000 41.0400000000 35.9100000000 1
'Si' 92.3400000000 46.1700000000 35.9100000000 1
'Si' 97.4700000000 46.1700000000 30.7800000000 1
'Si' 100.0350000000 43.6050000000 38.4750000000 1
'Si' 94.9050000000 48.7350000000 38.4750000000 1
'Si' 100.0350000000 48.7350000000 33.3450000000 1
'Si' 0.0000000000 51.3000000000 30.7800000000 1
'Si' 2.5650000000 53.8650000000 33.3450000000 1
'Si' 5.1300000000 51.3000000000 35.9100000000 1
'Si' 0.0000000000 56.4300000000 35.9100000000 1
'Si' 5.1300000000 56.4300000000 30.7800000000 1
'Si' 7.6950000000 53.8650000000 38.4750000000 1
'Si' 2.5650000000 58.9950000000 38.4750000000 1
'Si' 7.6950000000 58.9950000000 33.3450000000 1
'Si' 10.2600000000 51.3000000000 30.7800000000 1
'Si' 12.8250000000 53.8650000000 33.3450000000 1
'Si' 15.3900000000 51.3000000000 35.9100000000 1
'Si' 10.2600000000 56.4300000000 35.9100000000 1
'Si' 15.3900000000 56.4300000000 30.7800000000 1
'Si' 17.9550000000 53.8650000000 38.4750000000 1
'Si' 12.8250000000 58.9950000000 38.4750000000 1
'Si' 17.9550000000 58.9950000000 33.3450000000 1
'Si' 20.5200000000 51.3000000000 30.7800000000 1
'Si' 23.0850000000 53.8650000000 33.3450000000 1
'Si' 25.6500000000 51.3000000000 35.9100000000 1
'Si' 20.5200000000 56.4300000000 35.9100000000 1
'Si' 25.6500000000 56.4300000000 30.7800000000 1
'Si' 28.2150000000 53.8650000000 38.4750000000 1
'Si' 23.0850000000 58.9950000000 38.4750000000 1
'Si' 28.2150000000 58.9950000000 33.3450000000 1
'Si' 30.7800000000 51.3000000000 30.7800000000 1
'Si' 33.3450000000 53.8650000000 33.3450000000 1
'Si' 35.9100000000 51.3000000000 35.9100000000 1
'Si' 30.7800000000 56.4300000000 35.9100000000 1
'Si' 35.9100000000 56.4300000000 30.7800000000 1
'Si' 38.4750000000 53.8650000000 38.4750000000 1
'Si' 33.3450000000 58.9950000000 38.4750000000 1
'Si' 38.4750000000 58.9950000000 33.3450000000 1
'Si' 41.0400000000 51.3000000000 30.7800000000 1
'Si' 43.6050000000 53.8650000000 33.3450000000 1
'Si' 46.1700000000 51.3000000000 35.9100000000 1
'Si' 41.0400000000 56.4300000000 35.9100000000 1
'Si' 46.1700000000 56.4300000000 30.7800000000 1
'Si' 48.7350000000 53.8650000000 38.4750000000 1
'Si' 43.6050000000 58.9950000000 38.4750000000 1
'Si' 48.7350000000 58.9950000000 33.3450000000 1
'Si' 51.3000000000 51.3000000000 30.7800000000 1
'Si' 53.8650000000 53.8650000000 33.3450000000 1
'Si' 56.4300000000 51.3000000000 35.9100000000 1
'Si' 51.3000000000 56.4300000000 35.9100000000 1
'Si' 56.4300000000 56.4300000000 30.7800000000 1
'Si' 58.9950000000 53.8650000000 38.4750000000 1
'Si' 53.8650000000 58.9950000000 38.4750000000 1
'Si' 58.9950000000 58.9950000000 33.3450000000 1
'Si' 61.5600000000 51.3000000000 30.7800000000 1
'Si' 64.1250000000 53.8650000000 33.3450000000 1
'Si' 66.6900000000 51.3000000000 35.9100000000 1
'Si' 61.5600000000 56.4300000000 35.9100000000 1
'Si' 66.6900000000 56.4300000000 30.7800000000 1
'Si' 69.2550000000 53.8650000000 38.4750000000 1
'Si' 64.1250000000 58.9950000000 38.4750000000 1
'Si' 69.2550000000 58.9950000000 33.3450000000 1
'Si' 71.8200000000 51.3000000000 30.7800000000 1
'Si' 74.3850000000 53.8650000000 33.3450000000 1
'Si' 76.9500000000 51.3000000000 35.9100000000 1
'Si' 71.8200000000 56.4300000000 35.9100000000 1
'Si' 76.9500000000 56.4300000000 30.7800000000 1
'Si' 79.5150000000 53.8650000000 38.4750000000 1
'Si' 74.3850000000 58.9950000000 38.4750000000 1
'Si' 79.5150000000 58.9950000000 33.3450000000 1
'Si' 82.0800000000 51.3000000000 30.7800000000 1
'Si' 84.6450000000 53.8650000000 33.3450000000 1
'Si' 87.2100000000 51.3000000000 35.9100000000 1
'Si' 82.0800000000 56.4300000000 35.9100000000 1
'Si' 87.2100000000 56.4300000000 30.7800000000 1
'Si' 89.7750000000 53.8650000000 38.4750000000 1
'Si' 84.6450000000 58.9950000000 38.4750000000 1
'Si' 89.7750000000 58.9950000000 33.3450000000 1
'Si' 92.3400000000 51.3000000000 30.7800000000 1
'Si' 94.9050000000 53.8650000000 33.3450000000 1
'Si' 97.4700000000 51.3000000000 35.9100000000 1
'Si' 92.3400000000 56.4300000000 35.9100000000 1
'Si' 97.4700000000 56.4300000000 30.7800000000 1
'Si' 100.0350000000 53.8650000000 38.4750000000 1
'Si' 94.9050000000 58.9950000000 38.4750000000 1
'Si' 100.0350000000 58.9950000000 33.3450000000 1
'Si' 0.0000000000 61.5600000000 30.7800000000 1
'Si' 2.5650000000 64.1250000000 33.3450000000 1
'Si' 5.1300000000 61.5600000000 35.9100000000 1
'Si' 0.0000000000 66.6900000000 35.9100000000 1
'Si' 5.1300000000 66.6900000000 30.7800000000 1
'Si' 7.6950000000 64.1250000000 38.4750000000 1
'Si' 2.5650000000 69.2550000000 38.4750000000 1
'Si' 7.6950000000 69.2550000000 33.3450000000 1
'Si' 10.2600000000 61.5600000000 30.7800000000 1
'Si' 12.8250000000 64.1250000000 33.3450000000 1
'Si' 15.3900000000 61.5600000000 35.9100000000 1
'Si' 10.2600000000 66.6900000000 35.9100000000 1
'Si' 15.3900000000 66.6900000000 30.7800000000 1
'Si' 17.9550000000 64.1250000000 38.4750000000 1
'Si' 12.8250000000 69.2550000000 38.4750000000 1
'Si' 17.9550000000 69.2550000000 33.3450000000 1
'Si' 20.5200000000 61.5600000000 30.7800000000 1
'Si' 23.0850000000 64.1250000000 33.3450000000 1
'Si' 25.6500000000 61.5600000000 35.9100000000 1
'Si' 20.5200000000 66.6900000000 35.9100000000 1
'Si' 25.6500000000 66.6900000000 30.7800000000 1
'Si' 28.2150000000 64.1250000000 38.4750000000 1
'Si' 23.0850000000 69.2550000000 38.4750000000 1
'Si' 28.2150000000 69.2550000000 33.3450000000 1
'Si' 30.7800000000 61.5600000000 30.7800000000 1
'Si' 33.3450000000 64.1250000000 33.3450000000 1
'Si' 35.9100000000 61.5600000000 35.9100000000 1
'Si' 30.7800000000 66.6900000000 35.9100000000 1
'Si' 35.9100000000 66.6900000000 30.7800000000 1
'Si' 38.4750000000 64.1250000000 38.4750000000 1
'Si' 33.3450000000 69.2550000000 38.4750000000 1
'Si' 38.4750000000 69.2550000000 33.3450000000 1
'Si' 41.0400000000 61.5600000000 30.7800000000 1
'Si' 43.6050000000 64.1250000000 33.3450000000 1
'Si' 46.1700000000 61.5600000000 35.9100000000 1
'Si' 41.0400000000 66.6900000000 35.9100000000 1
'Si' 46.1700000000 66.6900000000 30.7800000000 1
'Si' 48.7350000000 64.1250000000 38.4750000000 1
'Si' 43.6050000000 69.2550000000 38.4750000000 1
'Si' 48.7350000000 69.2550000000 33.3450000000 1
'Si' 51.3000000000 61.5600000000 30.7800000000 1
'Si' 53.8650000000 64.1250000000 33.3450000000 1
'Si' 56.4300000000 61.5600000000 35.9100000000 1
'Si' 51.3000000000 66.6900000000 35.9100000000 1
'Si' 56.4300000000 66.6900000000 30.7800000000 1
'Si' 58.9950000000 64.1250000000 38.4750000000 1
'Si' 53.8650000000 69.2550000000 38.4750000000 1
'Si' 58.9950000000 69.2550000000 33.3450000000 1
'Si' 61.5600000000 61.5600000000 30.7800000000 1
'Si' 64.1250000000 64.1250000000 33.3450000000 1
'Si' 66.6900000000 61.5600000000 35.9100000000 1
'Si' 61.5600000000 66.6900000000 35.9100000000 1
'Si' 66.6900000000 66.6900000000 30.7800000000 1
'Si' 69.2550000000 64.1250000000 38.4750000000 1
'Si' 64.1250000000 69.2550000000 38.4750000000 1
'Si' 69.2550000000 69.2550000000 33.3450000000 1
'Si' 71.8200000000 61.5600000000 30.7800000000 1
'Si' 74.3850000000 64.1250000000 33.3450000000 1
'Si' 76.9500000000 61.5600000000 35.9100000000 1
'Si' 71.8200000000 66.6900000000 35.9100000000 1
'Si' 76.9500000000 66.6900000000 30.7800000000 1
'Si' 79.5150000000 64.1250000000 38.4750000000 1
'Si' 74.3850000000 69.2550000000 38.4750000000 1
'Si' 79.5150000000 69.2550000000 33.3450000000 1
'Si' 82.0800000000 61.5600000000 30.7800000000 1
'Si' 84.6450000000 64.1250000000 33.3450000000 1
'Si' 87.2100000000 61.5600000000 35.9100000000 1
'Si' 82.0800000000 66.6900000000 35.9100000000 1
'Si' 87.2100000000 66.6900000000 30.7800000000 1
'Si' 89.7750000000 64.1250000000 38.4750000000 1
'Si' 84.6450000000 69.2550000000 38.4750000000 1
'Si' 89.7750000000 69.2550000000 33.3450000000 1
'Si' 92.3400000000 61.5600000000 30.7800000000 1
'Si' 94.9050000000 64.1250000000 33.3450000000 1
'Si' 97.4700000000 61.5600000000 35.9100000000 1
'Si' 92.3400000000 66.6900000000 35.9100000000 1
'Si' 97.4700000000 66.6900000000 30.7800000000 1
'Si' 100.0350000000 64.1250000000 38.4750000000 1
'Si' 94.9050000000 69.2550000000 38.4750000000 1
'Si' 100.0350000000 69.2550000000 33.3450000000 1
'Si' 0.0000000000 71.8200000000 30.7800000000 1
'Si' 2.5650000000 74.3850000000 33.3450000000 1
'Si' 5.1300000000 71.8200000000 35.9100000000 1
'Si' 0.0000000000 76.9500000000 35.9100000000 1
'Si' 5.1300000000 76.9500000000 30.7800000000 1
'Si' 7.6950000000 74.3850000000 38.4750000000 1
'Si' 2.5650000000 79.5150000000 38.4750000000 1
'Si' 7.6950000000 79.5150000000 33.3450000000 1
'Si' 10.2600000000 71.8200000000 30.7800000000 1
'Si' 12.8250000000 74.3850000000 33.3450000000 1
'Si' 15.3900000000 71.8200000000 35.9100000000 1
'Si' 10.2600000000 76.9500000000 35.9100000000 1
'Si' 15.3900000000 76.9500000000 30.7800000000 1
'Si' 17.9550000000 74.3850000000 38.4750000000 1
'Si' 12.8250000000 79.5150000000 38.4750000000 1
'Si' 17.9550000000 79.5150000000 33.3450000000 1
'Si' 20.5200000000 71.8200000000 30.7800000000 1
'Si' 23.0850000000 74.3850000000 33.3450000000 1
'Si' 25.6500000000 71.8200000000 35.9100000000 1
'Si' 20.5200000000 76.9500000000 35.9100000000 1
'Si' 25.6500000000 76.9500000000 30.7800000000 1
'Si' 28.2150000000 74.3850000000 38.4750000000 1
'Si' 23.0850000000 79.5150000000 38.4750000000 1
'Si' 28.2150000000 79.5150000000 33.3450000000 1
'Si' 30.7800000000 71.8200000000 30.7800000000 1
'Si' 33.3450000000 74.3850000000 33.3450000000 1
'Si' 35.9100000000 71.8200000000 35.9100000000 1
'Si' 30.7800000000 76.9500000000 35.9100000000 1
'Si' 35.9100000000 76.9500000000 30.7800000000 1
'Si' 38.4750000000 74.3850000000 38.4750000000 1
'Si' 33.3450000000 79.5150000000 38.4750000000 1
'Si' 38.4750000000 79.5150000000 33.3450000000 1
'Si' 41.0400000000 71.8200000000 30.7800000000 1
'Si' 43.6050000000 74.3850000000 33.3450000000 1
'Si' 46.1700000000 71.8200000000 35.9100000000 1
'Si' 41.0400000000 76.9500000000 35.9100000000 1
'Si' 46.1700000000 76.9500000000 30.7800000000 1
'Si' 48.7350000000 74.3850000000 38.4750000000 1
'Si' 43.6050000000 79.5150000000 38.4750000000 1
'Si' 48.7350000000 79.5150000000 33.3450000000 1
'Si' 51.3000000000 71.8200000000 30.7800000000 1
'Si' 53.8650000000 74.3850000000 33.3450000000 1
'Si' 56.4300000000 71.8200000000 35.9100000000 1
'Si' 51.3000000000 76.9500000000 35.9100000000 1
'Si' 56.4300000000 76.9500000000 30.7800000000 1
'Si' 58.9950000000 74.3850000000 38.4750000000 1
'Si' 53.8650000000 79.5150000000 38.4750000000 1
'Si' 58.9950000000 79.5150000000 33.3450000000 1
'Si' 61.5600000000 71.8200000000 30.7800000000 1
'Si' 64.1250000000 74.3850000000 33.3450000000 1
'Si' 66.6900000000 71.8200000000 35.9100000000 1
'Si' 61.5600000000 76.9500000000 35.9100000000 1
'Si' 66.6900000000 76.9500000000 30.7800000000 1
'Si' 69.2550000000 74.3850000000 38.4750000000 1
'Si' 64.1250000000 79.5150000000 38.4750000000 1
'Si' 69.2550000000 79.5150000000 33.3450000000 1
'Si' 71.8200000000 71.8200000000 30.7800000000 1
'Si' 74.3850000000 74.3850000000 33.3450000000 1
'Si' 76.9500000000 71.8200000000 35.9100000000 1
'Si' 71.8200000000 76.9500000000 35.9100000000 1
'Si' 76.9500000000 76.9500000000 30.7800000000 1
'Si' 79.5150000000 74.3850000000 38.4750000000 1
'Si' 74.3850000000 79.5150000000 38.4750000000 1
'Si' 79.5150000000 79.5150000000 33.3450000000 1
'Si' 82.0800000000 71.8200000000 30.7800000000 1
'Si' 84.6450000000 74.3850000000 33.3450000000 1
'Si' 87.2100000000 71.8200000000 35.9100000000 1
'Si' 82.0800000000 76.9500000000 35.9100000000 1
'Si' 87.2100000000 76.9500000000 30.7800000000 1
'Si' 89.7750000000 74.3850000000 38.4750000000 1
'Si' 84.6450000000 79.5150000000 38.4750000000 1
'Si' 89.7750000000 79.5150000000 33.3450000000 1
'Si' 92.3400000000 71.8200000000 30.7800000000 1
'Si' 94.9050000000 74.3850000000 33.3450000000 1
'Si' 97.4700000000 71.8200000000 35.9100000000 1
'Si' 92.3400000000 76.9500000000 35.9100000000 1
'Si' 97.4700000000 76.9500000000 30.7800000000 1
'Si' 100.0350000000 74.3850000000 38.4750000000 1
'Si' 94.9050000000 79.5150000000 38.4750000000 1
'Si' 100.0350000000 79.5150000000 33.3450000000 1
'Si' 0.0000000000 82.0800000000 30.7800000000 1
'Si' 2.5650000000 84.6450000000 33.3450000000 1
'Si' 5.1300000000 82.0800000000 35.9100000000 1
'Si' 0.0000000000 87.2100000000 35.9100000000 1
'Si' 5.1300000000 87.2100000000 30.7800000000 1
'Si' 7.6950000000 84.6450000000 38.4750000000 1
'Si' 2.5650000000 89.7750000000 38.4750000000 1
'Si' 7.6950000000 89.7750000000 33.3450000000 1
'Si' 10.2600000000 82.0800000000 30.7800000000 1
'Si' 12.8250000000 84.6450000000 33.3450000000 1
'Si' 15.3900000000 82.0800000000 35.9100000000 1
'Si' 10.2600000000 87.2100000000 35.9100000000 1
'Si' 15.3900000000 87.2100000000 30.7800000000 1
'Si' 17.9550000000 84.6450000000 38.4750000000 1
'Si' 12.8250000000 89.7750000000 38.4750000000 1
'Si' 17.9550000000 89.7750000000 33.3450000000 1
'Si' 20.5200000000 82.0800000000 30.7800000000 1
'Si' 23.0850000000 84.6450000000 33.3450000000 1
'Si' 25.6500000000 82.0800000000 35.9100000000 1
'Si' 20.5200000000 87.2100000000 35.9100000000 1
'Si' 25.6500000000 87.2100000000 30.7800000000 1
'Si' 28.2150000000 84.6450000000 38.4750000000 1
'Si' 23.0850000000 89.7750000000 38.4750000000 1
'Si' 28.2150000000 89.7750000000 33.3450000000 1
'Si' 30.7800000000 82.0800000000 30.7800000000 1
'Si' 33.3450000000 84.6450000000 33.3450000000 1
'Si' 35.9100000000 82.0800000000 35.9100000000 1
'Si' 30.7800000000 87.2100000000 35.9100000000 1
'Si' 35.9100000000 87.2100000000 30.7800000000 1
'Si' 38.4750000000 84.6450000000 38.4750000000 1
'Si' 33.3450000000 89.7750000000 38.4750000000 1
'Si' 38.4750000000 89.7750000000 33.3450000000 1
'Si' 41.0400000000 82.0800000000 30.7800000000 1
'Si' 43.6050000000 84.6450000000 33.3450000000 1
'Si' 46.1700000000 82.0800000000 35.9100000000 1
'Si' 41.0400000000 87.2100000000 35.9100000000 1
'Si' 46.1700000000 87.2100000000 30.7800000000 1
'Si' 48.7350000000 84.6450000000 38.4750000000 1
'Si' 43.6050000000 89.7750000000 38.4750000000 1
'Si' 48.7350000000 89.7750000000 33.3450000000 1
'Si' 51.3000000000 82.0800000000 30.7800000000 1
'Si' 53.8650000000 84.6450000000 33.3450000000 1
'Si' 56.4300000000 82.0800000000 35.9100000000 1
'Si' 51.3000000000 87.2100000000 35.9100000000 1
'Si' 56.4300000000 87.2100000000 30.7800000000 1
'Si' 58.9950000000 84.6450000000 38.4750000000 1
'Si' 53.8650000000 89.7750000000 38.4750000000 1
'Si' 58.9950000000 89.7750000000 33.3450000000 1
'Si' 61.5600000000 82.0800000000 30.7800000000 1
'Si' 64.1250000000 84.6450000000 33.3450000000 1
'Si' 66.6900000000 82.0800000000 35.9100000000 1
'Si' 61.5600000000 87.2100000000 35.9100000000 1
'Si' 66.6900000000 87.2100000000 30.7800000000 1
'Si' 69.2550000000 84.6450000000 38.4750000000 1
'Si' 64.1250000000 89.7750000000 38.4750000000 1
'Si' 69.2550000000 89.7750000000 33.3450000000 1
'Si' 71.8200000000 82.0800000000 30.7800000000 1
'Si' 74.3850000000 84.6450000000 33.3450000000 1
'Si' 76.9500000000 82.0800000000 35.9100000000 1
'Si' 71.8200000000 87.2100000000 35.9100000000 1
'Si' 76.9500000000 87.2100000000 30.7800000000 1
'Si' 79.5150000000 84.6450000000 38.4750000000 1
'Si' 74.3850000000 89.7750000000 38.4750000000 1
'Si' 79.5150000000 89.7750000000 33.3450000000 1
'Si' 82.0800000000 82.0800000000 30.7800000000 1
'Si' 84.6450000000 84.6450000000 33.3450000000 1
'Si' 87.2100000000 82.0800000000 35.9100000000 1
'Si' 82.0800000000 87.2100000000 35.9100000000 1
'Si' 87.2100000000 87.2100000000 30.7800000000 1
'Si' 89.7750000000 84.6450000000 38.4750000000 1
'Si' 84.6450000000 89.7750000000 38.4750000000 1
'Si' 89.7750000000 89.7750000000 33.3450000000 1
'Si' 92.3400000000 82.0800000000 30.7800000000 1
'Si' 94.9050000000 84.6450000000 33.3450000000 1
'Si' 97.4700000000 82.0800000000 35.9100000000 1
'Si' 92.3400000000 87.2100000000 35.9100000000 1
'Si' 97.4700000000 87.2100000000 30.7800000000 1
'Si' 100.0350000000 84.6450000000 38.4750000000 1
'Si' 94.9050000000 89.7750000000 38.4750000000 1
'Si' 100.0350000000 89.7750000000 33.3450000000 1
'Si' 0.0000000000 92.3400000000 30.7800000000 1
'Si' 2.5650000000 94.9050000000 33.3450000000 1
'Si' 5.1300000000 92.3400000000 35.9100000000 1
'Si' 0.0000000000 97.4700000000 35.9100000000 1
'Si' 5.1300000000 97.4700000000 30.7800000000 1
'Si' 7.6950000000 94.9050000000 38.4750000000 1
'Si' 2.5650000000 100.0350000000 38.4750000000 1
'Si' 7.6950000000 100.0350000000 33.3450000000 1
'Si' 10.2600000000 92.3400000000 30.7800000000 1
'Si' 12.8250000000 94.9050000000 33.3450000000 1
'Si' 15.3900000000 92.3400000000 35.9100000000 1
'Si' 10.2600000000 97.4700000000 35.9100000000 1
'Si' 15.3900000000 97.4700000000 30.7800000000 1
'Si' 17.9550000000 94.9050000000 38.4750000000 1
'Si' 12.8250000000 100.0350000000 38.4750000000 1
'Si' 17.9550000000 100.0350000000 33.3450000000 1
'Si' 20.5200000000 92.3400000000 30.7800000000 1
'Si' 23.0850000000 94.9050000000 33.3450000000 1
'Si' 25.6500000000 92.3400000000 35.9100000000 1
'Si' 20.5200000000 97.4700000000 35.9100000000 1
'Si' 25.6500000000 97.4700000000 30.7800000000 1
'Si' 28.2150000000 94.9050000000 38.4750000000 1
'Si' 23.0850000000 100.0350000000 38.4750000000 1
'Si' 28.2150000000 100.0350000000 33.3450000000 1
'Si' 30.7800000000 92.3400000000 30.7800000000 1
'Si' 33.3450000000 94.9050000000 33.3450000000 1
'Si' 35.9100000000 92.3400000000 35.9100000000 1
'Si' 30.7800000000 97.4700000000 35.9100000000 1
'Si' 35.9100000000 97.4700000000 30.7800000000 1
'Si' 38.4750000000 94.9050000000 38.4750000000 1
'Si' 33.3450000000 100.0350000000 38.4750000000 1
'Si' 38.4750000000 100.0350000000 33.3450000000 1
'Si' 41.0400000000 92.3400000000 30.7800000000 1
'Si' 43.6050000000 94.9050000000 33.3450000000 1
'Si' 46.1700000000 92.3400000000 35.9100000000 1
'Si' 41.0400000000 97.4700000000 35.9100000000 1
'Si' 46.1700000000 97.4700000000 30.7800000000 1
'Si' 48.7350000000 94.9050000000 38.4750000000 1
'Si' 43.6050000000 100.0350000000 38.4750000000 1
'Si' 48.7350000000 100.0350000000 33.3450000000 1
'Si' 51.3000000000 92.3400000000 30.7800000000 1
'Si' 53.8650000000 94.9050000000 33.3450000000 1
'Si' 56.4300000000 92.3400000000 35.9100000000 1
'Si' 51.3000000000 97.4700000000 35.9100000000 1
'Si' 56.4300000000 97.4700000000 30.7800000000 1
'Si' 58.9950000000 94.9050000000 38.4750000000 1
'Si' 53.8650000000 100.0350000000 38.4750000000 1
'Si' 58.9950000000 100.0350000000 33.3450000000 1
'Si' 61.5600000000 92.3400000000 30.7800000000 1
'Si' 64.1250000000 94.9050000000 33.3450000000 1
'Si' 66.6900000000 92.3400000000 35.9100000000 1
'Si' 61.5600000000 97.4700000000 35.9100000000 1
'Si' 66.6900000000 97.4700000000 30.7800000000 1
'Si' 69.2550000000 94.9050000000 38.4750000000 1
'Si' 64.1250000000 100.0350000000 38.4750000000 1
'Si' 69.2550000000 100.0350000000 33.3450000000 1
'Si' 71.8200000000 92.3400000000 30.7800000000 1
'Si' 74.3850000000 94.9050000000 33.3450000000 1
'Si' 76.9500000000 92.3400000000 35.9100000000 1
'Si' 71.8200000000 97.4700000000 35.9100000000 1
'Si' 76.9500000000 97.4700000000 30.7800000000 1
'Si' 79.5150000000 94.9050000000 38.4750000000 1
'Si' 74.3850000000 100.0350000000 38.4750000000 1
'Si' 79.5150000000 100.0350000000 33.3450000000 1
'Si' 82.0800000000 92.3400000000 30.7800000000 1
'Si' 84.6450000000 94.9050000000 33.3450000000 1
'Si' 87.2100000000 92.3400000000 35.9100000000 1
'Si' 82.0800000000 97.4700000000 35.9100000000 1
'Si' 87.2100000000 97.4700000000 30.7800000000 1
'Si' 89.7750000000 94.9050000000 38.4750000000 1
'Si' 84.6450000000 100.0350000000 38.4750000000 1
'Si' 89.7750000000 100.0350000000 33.3450000000 1
'Si' 92.3400000000 92.3400000000 30.7800000000 1
'Si' 94.9050000000 94.9050000000 33.3450000000 1
'Si' 97.4700000000 92.3400000000 35.9100000000 1
'Si' 92.3400000000 97.4700000000 35.9100000000 1
'Si' 97.4700000000 97.4700000000 30.7800000000 1
'Si' 100.0350000000 94.9050000000 38.4750000000 1
'Si' 94.9050000000 100.0350000000 38.4750000000 1
'Si' 100.0350000000 100.0350000000 33.3450000000 1
'Si' 0.0000000000 0.0000000000 41.0400000000 1
'Si' 2.5650000000 2.5650000000 43.6050000000 1
'Si' 5.1300000000 0.0000000000 46.1700000000 1
'Si' 0.0000000000 5.1300000000 46.1700000000 1
'Si' 5.1300000000 5.1300000000 41.0400000000 1
'Si' 7.6950000000 2.5650000000 48.7350000000 1
'Si' 2.5650000000 7.6950000000 48.7350000000 1
'Si' 7.6950000000 7.6950000000 43.6050000000 1
'Si' 10.2600000000 0.0000000000 41.0400000000 1
'Si' 12.8250000000 2.5650000000 43.6050000000 1
'Si' 15.3900000000 0.0000000000 46.1700000000 1
'Si' 10.2600000000 5.1300000000 46.1700000000 1
'Si' 15.3900000000 5.1300000000 41.0400000000 1
'Si' 17.9550000000 2.5650000000 48.7350000000 1
'Si' 12.8250000000 7.6950000000 48.7350000000 1
'Si' 17.9550000000 7.6950000000 43.6050000000 1
'Si' 20.5200000000 0.0000000000 41.0400000000 1
'Si' 23.0850000000 2.5650000000 43.6050000000 1
'Si' 25.6500000000 0.0000000000 46.1700000000 1
'Si' 20.5200000000 5.1300000000 46.1700000000 1
'Si' 25.6500000000 5.1300000000 41.0400000000 1
'Si' 28.2150000000 2.5650000000 48.7350000000 1
'Si' 23.0850000000 7.6950000000 48.7350000000 1
'Si' 28.2150000000 7.6950000000 43.6050000000 1
'Si' 30.7800000000 0.0000000000 41.0400000000 1
'Si' 33.3450000000 2.5650000000 43.6050000000 1
'Si' 35.9100000000 0.0000000000 46.1700000000 1
'Si' 30.7800000000 5.1300000000 46.1700000000 1
'Si' 35.9100000000 5.1300000000 41.0400000000 1
'Si' 38.4750000000 2.5650000000 48.7350000000 1
'Si' 33.3450000000 7.6950000000 48.7350000000 1
'Si' 38.4750000000 7.6950000000 43.6050000000 1
'Si' 41.0400000000 0.0000000000 41.0400000000 1
'Si' 43.6050000000 2.5650000000 43.6050000000 1
'Si' 46.1700000000 0.0000000000 46.1700000000 1
'Si' 41.0400000000 5.1300000000 46.1700000000 1
'Si' 46.1700000000 5.1300000000 41.0400000000 1
'Si' 48.7350000000 2.5650000000 48.7350000000 1
'Si' 43.6050000000 7.6950000000 48.7350000000 1
'Si' 48.7350000000 7.6950000000 43.6050000000 1
'Si' 51.3000000000 0.0000000000 41.0400000000 1
'Si' 53.8650000000 2.5650000000 43.6050000000 1
'Si' 56.4300000000 0.0000000000 46.1700000000 1
'Si' 51.3000000000 5.1300000000 46.1700000000 1
'Si' 56.4300000000 5.1300000000 41.0400000000 1
'Si' 58.9950000000 2.5650000000 48.7350000000 1
'Si' 53.8650000000 7.6950000000 48.7350000000 1
'Si' 58.9950000000 7.6950000000 43.6050000000 1
'Si' 61.5600000000 0.0000000000 41.0400000000 1
'Si' 64.1250000000 2.5650000000 43.6050000000 1
'Si' 66.6900000000 0.0000000000 46.1700000000 1
'Si' 61.5600000000 5.1300000000 46.1700000000 1
'Si' 66.6900000000 5.1300000000 41.0400000000 1
'Si' 69.2550000000 2.5650000000 48.7350000000 1
'Si' 64.1250000000 7.6950000000 48.7350000000 1
'Si' 69.2550000000 7.6950000000 43.6050000000 1
'Si' 71.8200000000 0.0000000000 41.0400000000 1
'Si' 74.3850000000 2.5650000000 43.6050000000 1
'Si' 76.9500000000 0.0000000000 46.1700000000 1
'Si' 71.8200000000 5.1300000000 46.1700000000 1
'Si' 76.9500000000 5.1300000000 41.0400000000 1
'Si' 79.5150000000 2.5650000000 48.7350000000 1
'Si' 74.3850000000 7.6950000000 48.7350000000 1
'Si' 79.5150000000 7.6950000000 43.6050000000 1
'Si' 82.0800000000 0.0000000000 41.0400000000 1
'Si' 84.6450000000 2.5650000000 43.6050000000 1
'Si' 87.2100000000 0.0000000000 46.1700000000 1
'Si' 82.0800000000 5.1300000000 46.1700000000 1
'Si' 87.2100000000 5.1300000000 41.0400000000 1
'Si' 89.7750000000 2.5650000000 48.7350000000 1
'Si' 84.6450000000 7.6950000000 48.7350000000 1
'Si' 89.7750000000 7.6950000000 43.6050000000 1
'Si' 92.3400000000 0.0000000000 41.0400000000 1
'Si' 94.9050000000 2.5650000000 43.6050000000 1
'Si' 97.4700000000 0.0000000000 46.1700000000 1
'Si' 92.3400000000 5.1300000000 46.1700000000 1
'Si' 97.4700000000 5.1300000000 41.0400000000 1
'Si' 100.0350000000 2.5650000000 48.7350000000 1
'Si' 94.9050000000 7.6950000000 48.7350000000 1
'Si' 100.0350000000 7.6950000000 43.6050000000 1
'Si' 0.0000000000 10.2600000000 41.0400000000 1
'Si' 2.5650000000 12.8250000000 43.6050000000 1
'Si' 5.1300000000 10.2600000000 46.1700000000 1
'Si' 0.0000000000 15.3900000000 46.1700000000 1
'Si' 5.1300000000 15.3900000000 41.0400000000 1
'Si' 7.6950000000 12.8250000000 48.7350000000 1
'Si' 2.5650000000 17.9550000000 48.7350000000 1
'Si' 7.6950000000 17.9550000000 43.6050000000 1
'Si' 10.2600000000 10.2600000000 41.0400000000 1
'Si' 12.8250000000 12.8250000000 43.6050000000 1
'Si' 15.3900000000 10.2600000000 46.1700000000 1
'Si' 10.2600000000 15.3900000000 46.1700000000 1
'Si' 15.3900000000 15.3900000000 41.0400000000 1
'Si' 17.9550000000 12.8250000000 48.7350000000 1
'Si' 12.8250000000 17.9550000000 48.7350000000 1
'Si' 17.9550000000 17.9550000000 43.6050000000 1
'Si' 20.5200000000 10.2600000000 41.0400000000 1
'Si' 23.0850000000 12.8250000000 43.6050000000 1
'Si' 25.6500000000 10.2600000000 46.1700000000 1
'Si' 20.5200000000 15.3900000000 46.1700000000 1
'Si' 25.6500000000 15.3900000000 41.0400000000 1
'Si' 28.2150000000 12.8250000000 48.7350000000 1
'Si' 23.0850000000 17.9550000000 48.7350000000 1
'Si' 28.2150000000 17.9550000000 43.6050000000 1
'Si' 30.7800000000 10.2600000000 41.0400000000 1
'Si' 33.3450000000 12.8250000000 43.6050000000 1
'Si' 35.9100000000 10.2600000000 46.1700000000 1
'Si' 30.7800000000 15.3900000000 46.1700000000 1
'Si' 35.9100000000 15.3900000000 41.0400000000 1
'Si' 38.4750000000 12.8250000000 48.7350000000 1
'Si' 33.3450000000 17.9550000000 48.7350000000 1
'Si' 38.4750000000 17.9550000000 43.6050000000 1
'Si' 41.0400000000 10.2600000000 41.0400000000 1
'Si' 43.6050000000 12.8250000000 43.6050000000 1
'Si' 46.1700000000 10.2600000000 46.1700000000 1
'Si' 41.0400000000 15.3900000000 46.1700000000 1
'Si' 46.1700000000 15.3900000000 41.0400000000 1
'Si' 48.7350000000 12.8250000000 48.7350000000 1
'Si' 43.6050000000 17.9550000000 48.7350000000 1
'Si' 48.7350000000 17.9550000000 43.6050000000 1
'Si' 51.3000000000 10.2600000000 41.0400000000 1
'Si' 53.8650000000 12.8250000000 43.6050000000 1
'Si' 56.4300000000 10.2600000000 46.1700000000 1
'Si' 51.3000000000 15.3900000000 46.1700000000 1
'Si' 56.4300000000 15.3900000000 41.0400000000 1
'Si' 58.9950000000 12.8250000000 48.7350000000 1
'Si' 53.8650000000 17.9550000000 48.7350000000 1
'Si' 58.9950000000 17.9550000000 43.6050000000 1
'Si' 61.5600000000 10.2600000000 41.0400000000 1
'Si' 64.1250000000 12.8250000000 43.6050000000 1
'Si' 66.6900000000 10.2600000000 46.1700000000 1
'Si' 61.5600000000 15.3900000000 46.1700000000 1
'Si' 66.6900000000 15.3900000000 41.0400000000 1
'Si' 69.2550000000 12.8250000000 48.7350000000 1
'Si' 64.1250000000 17.9550000000 48.7350000000 1
'Si' 69.2550000000 17.9550000000 43.6050000000 1
'Si' 71.8200000000 10.2600000000 41.0400000000 1
'Si' 74.3850000000 12.8250000000 43.6050000000 1
'Si' 76.9500000000 10.2600000000 46.1700000000 1
'Si' 71.8200000000 15.3900000000 46.1700000000 1
'Si' 76.9500000000 15.3900000000 41.0400000000 1
'Si' 79.5150000000 12.8250000000 48.7350000000 1
'Si' 74.3850000000 17.9550000000 48.7350000000 1
'Si' 79.5150000000 17.9550000000 43.6050000000 1
'Si' 82.0800000000 10.2600000000 41.0400000000 1
'Si' 84.6450000000 12.8250000000 43.6050000000 1
'Si' 87.2100000000 10.2600000000 46.1700000000 1
'Si' 82.0800000000 15.3900000000 46.1700000000 1
'Si' 87.2100000000 15.3900000000 41.0400000000 1
'Si' 89.7750000000 12.8250000000 48.7350000000 1
'Si' 84.6450000000 17.9550000000 48.7350000000 1
'Si' 89.7750000000 17.9550000000 43.6050000000 1
'Si' 92.3400000000 10.2600000000 41.0400000000 1
'Si' 94.9050000000 12.8250000000 43.6050000000 1
'Si' 97.4700000000 10.2600000000 46.1700000000 1
'Si' 92.3400000000 15.3900000000 46.1700000000 1
'Si' 97.4700000000 15.3900000000 41.0400000000 1
'Si' 100.0350000000 12.8250000000 48.7350000000 1
'Si' 94.9050000000 17.9550000000 48.7350000000 1
'Si' 100.0350000000 17.9550000000 43.6050000000 1
'Si' 0.0000000000 20.5200000000 41.0400000000 1
'Si' 2.5650000000 23.0850000000 43.6050000000 1
'Si' 5.1300000000 20.5200000000 46.1700000000 1
'Si' 0.0000000000 25.6500000000 46.1700000000 1
'Si' 5.1300000000 25.6500000000 41.0400000000 1
'Si' 7.6950000000 23.0850000000 48.7350000000 1
'Si' 2.5650000000 28.2150000000 48.7350000000 1
'Si' 7.6950000000 28.2150000000 43.6050000000 1
'Si' 10.2600000000 20.5200000000 41.0400000000 1
'Si' 12.8250000000 23.0850000000 43.6050000000 1
'Si' 15.3900000000 20.5200000000 46.1700000000 1
'Si' 10.2600000000 25.6500000000 46.1700000000 1
'Si' 15.3900000000 25.6500000000 41.0400000000 1
'Si' 17.9550000000 23.0850000000 48.7350000000 1
'Si' 12.8250000000 28.2150000000 48.7350000000 1
'Si' 17.9550000000 28.2150000000 43.6050000000 1
'Si' 20.5200000000 20.5200000000 41.0400000000 1
'Si' 23.0850000000 23.0850000000 43.6050000000 1
'Si' 25.6500000000 20.5200000000 46.1700000000 1
'Si' 20.5200000000 25.6500000000 46.1700000000 1
'Si' 25.6500000000 25.6500000000 41.0400000000 1
'Si' 28.2150000000 23.0850000000 48.7350000000 1
'Si' 23.0850000000 28.2150000000 48.7350000000 1
'Si' 28.2150000000 28.2150000000 43.6050000000 1
'Si' 30.7800000000 20.5200000000 41.0400000000 1
'Si' 33.3450000000 23.0850000000 43.6050000000 1
'Si' 35.9100000000 20.5200000000 46.1700000000 1
'Si' 30.7800000000 25.6500000000 46.1700000000 1
'Si' 35.9100000000 25.6500000000 41.0400000000 1
'Si' 38.4750000000 23.0850000000 48.7350000000 1
'Si' 33.3450000000 28.2150000000 48.7350000000 1
'Si' 38.4750000000 28.2150000000 43.6050000000 1
'Si' 41.0400000000 20.5200000000 41.0400000000 1
'Si' 43.6050000000 23.0850000000 43.6050000000 1
'Si' 46.1700000000 20.5200000000 46.1700000000 1
'Si' 41.0400000000 25.6500000000 46.1700000000 1
'Si' 46.1700000000 25.6500000000 41.0400000000 1
'Si' 48.7350000000 23.0850000000 48.7350000000 1
'Si' 43.6050000000 28.2150000000 48.7350000000 1
'Si' 48.7350000000 28.2150000000 43.6050000000 1
'Si' 51.3000000000 20.5200000000 41.0400000000 1
'Si' 53.8650000000 23.0850000000 43.6050000000 1
'Si' 56.4300000000 20.5200000000 46.1700000000 1
'Si' 51.3000000000 25.6500000000 46.1700000000 1
'Si' 56.4300000000 25.6500000000 41.0400000000 1
'Si' 58.9950000000 23.0850000000 48.7350000000 1
'Si' 53.8650000000 28.2150000000 48.7350000000 1
'Si' 58.9950000000 28.2150000000 43.6050000000 1
'Si' 61.5600000000 20.5200000000 41.0400000000 1
'Si' 64.1250000000 23.0850000000 43.6050000000 1
'Si' 66.6900000000 20.5200000000 46.1700000000 1
'Si' 61.5600000000 25.6500000000 46.1700000000 1
'Si' 66.6900000000 25.6500000000 41.0400000000 1
'Si' 69.2550000000 23.0850000000 48.7350000000 1
'Si' 64.1250000000 28.2150000000 48.7350000000 1
'Si' 69.2550000000 28.2150000000 43.6050000000 1
'Si' 71.8200000000 20.5200000000 41.0400000000 1
'Si' 74.3850000000 23.0850000000 43.6050000000 1
'Si' 76.9500000000 20.5200000000 46.1700000000 1
'Si' 71.8200000000 25.6500000000 46.1700000000 1
'Si' 76.9500000000 25.6500000000 41.0400000000 1
'Si' 79.5150000000 23.0850000000 48.7350000000 1
'Si' 74.3850000000 28.2150000000 48.7350000000 1
'Si' 79.5150000000 28.2150000000 43.6050000000 1
'Si' 82.0800000000 20.5200000000 41.0400000000 1
'Si' 84.6450000000 23.0850000000 43.6050000000 1
'Si' 87.2100000000 20.5200000000 46.1700000000 1
'Si' 82.0800000000 25.6500000000 46.1700000000 1
'Si' 87.2100000000 25.6500000000 41.0400000000 1
'Si' 89.7750000000 23.0850000000 48.7350000000 1
'Si' 84.6450000000 28.2150000000 48.7350000000 1
'Si' 89.7750000000 28.2150000000 43.6050000000 1
'Si' 92.3400000000 20.5200000000 41.0400000000 1
'Si' 94.9050000000 23.0850000000 43.6050000000 1
'Si' 97.4700000000 20.5200000000 46.1700000000 1
'Si' 92.3400000000 25.6500000000 46.1700000000 1
'Si' 97.4700000000 25.6500000000 41.0400000000 1
'Si' 100.0350000000 23.0850000000 48.7350000000 1
'Si' 94.9050000000 28.2150000000 48.7350000000 1
'Si' 100.0350000000 28.2150000000 43.6050000000 1
'Si' 0.0000000000 30.7800000000 41.0400000000 1
'Si' 2.5650000000 33.3450000000 43.6050000000 1
'Si' 5.1300000000 30.7800000000 46.1700000000 1
'Si' 0.0000000000 35.9100000000 46.1700000000 1
'Si' 5.1300000000 35.9100000000 41.0400000000 1
'Si' 7.6950000000 33.3450000000 48.7350000000 1
'Si' 2.5650000000 38.4750000000 48.7350000000 1
'Si' 7.6950000000 38.4750000000 43.6050000000 1
'Si' 10.2600000000 30.7800000000 41.0400000000 1
'Si' 12.8250000000 33.3450000000 43.6050000000 1
'Si' 15.3900000000 30.7800000000 46.1700000000 1
'Si' 10.2600000000 35.9100000000 46.1700000000 1
'Si' 15.3900000000 35.9100000000 41.0400000000 1
'Si' 17.9550000000 33.3450000000 48.7350000000 1
'Si' 12.8250000000 38.4750000000 48.7350000000 1
'Si' 17.9550000000 38.4750000000 43.6050000000 1
'Si' 20.5200000000 30.7800000000 41.0400000000 1
'Si' 23.0850000000 33.3450000000 43.6050000000 1
'Si' 25.6500000000 30.7800000000 46.1700000000 1
'Si' 20.5200000000 35.9100000000 46.1700000000 1
'Si' 25.6500000000 35.9100000000 41.0400000000 1
'Si' 28.2150000000 33.3450000000 48.7350000000 1
'Si' 23.0850000000 38.4750000000 48.7350000000 1
'Si' 28.2150000000 38.4750000000 43.6050000000 1
'Si' 30.7800000000 30.7800000000 41.0400000000 1
'Si' 33.3450000000 33.3450000000 43.6050000000 1
'Si' 35.9100000000 30.7800000000 46.1700000000 1
'Si' 30.7800000000 35.9100000000 46.1700000000 1
'Si' 35.9100000000 35.9100000000 41.0400000000 1
'Si' 38.4750000000 33.3450000000 48.7350000000 1
'Si' 33.3450000000 38.4750000000 48.7350000000 1
'Si' 38.4750000000 38.4750000000 43.6050000000 1
'Si' 41.0400000000 30.7800000000 41.0400000000 1
'Si' 43.6050000000 33.3450000000 43.6050000000 1
'Si' 46.1700000000 30.7800000000 46.1700000000 1
'Si' 41.0400000000 35.9100000000 46.1700000000 1
'Si' 46.1700000000 35.9100000000 41.0400000000 1
'Si' 48.7350000000 33.3450000000 48.7350000000 1
'Si' 43.6050000000 38.4750000000 48.7350000000 1
'Si' 48.7350000000 38.4750000000 43.6050000000 1
'Si' 51.3000000000 30.7800000000 41.0400000000 1
'Si' 53.8650000000 33.3450000000 43.6050000000 1
'Si' 56.4300000000 30.7800000000 46.1700000000 1
'Si' 51.3000000000 35.9100000000 46.1700000000 1
'Si' 56.4300000000 35.9100000000 41.0400000000 1
'Si' 58.9950000000 33.3450000000 48.7350000000 1
'Si' 53.8650000000 38.4750000000 48.7350000000 1
'Si' 58.9950000000 38.4750000000 43.6050000000 1
'Si' 61.5600000000 30.7800000000 41.0400000000 1
'Si' 64.1250000000 33.3450000000 43.6050000000 1
'Si' 66.6900000000 30.7800000000 46.1700000000 1
'Si' 61.5600000000 35.9100000000 46.1700000000 1
'Si' 66.6900000000 35.9100000000 41.0400000000 1
'Si' 69.2550000000 33.3450000000 48.7350000000 1
'Si' 64.1250000000 38.4750000000 48.7350000000 1
'Si' 69.2550000000 38.4750000000 43.6050000000 1
'Si' 71.8200000000 30.7800000000 41.0400000000 1
'Si' 74.3850000000 33.3450000000 43.6050000000 1
'Si' 76.9500000000 30.7800000000 46.1700000000 1
'Si' 71.8200000000 35.9100000000 46.1700000000 1
'Si' 76.9500000000 35.9100000000 41.0400000000 1
'Si' 79.5150000000 33.3450000000 48.7350000000 1
'Si' 74.3850000000 38.4750000000 48.7350000000 1
'Si' 79.5150000000 38.4750000000 43.6050000000 1
'Si' 82.0800000000 30.7800000000 41.0400000000 1
'Si' 84.6450000000 33.3450000000 43.6050000000 1
'Si' 87.2100000000 30.7800000000 46.1700000000 1
'Si' 82.0800000000 35.9100000000 46.1700000000 1
'Si' 87.2100000000 35.9100000000 41.0400000000 1
'Si' 89.7750000000 33.3450000000 48.7350000000 1
'Si' 84.6450000000 38.4750000000 48.7350000000 1
'Si' 89.7750000000 38.4750000000 43.6050000000 1
'Si' 92.3400000000 30.7800000000 41.0400000000 1
'Si' 94.9050000000 33.3450000000 43.6050000000 1
'Si' 97.4700000000 30.7800000000 46.1700000000 1
'Si' 92.3400000000 35.9100000000 46.1700000000 1
'Si' 97.4700000000 35.9100000000 41.0400000000 1
'Si' 100.0350000000 33.3450000000 48.7350000000 1
'Si' 94.9050000000 38.4750000000 48.7350000000 1
'Si' 100.0350000000 38.4750000000 43.6050000000 1
'Si' 0.0000000000 41.0400000000 41.0400000000 1
'Si' 2.5650000000 43.6050000000 43.6050000000 1
'Si' 5.1300000000 41.0400000000 46.1700000000 1
'Si' 0.0000000000 46.1700000000 46.1700000000 1
'Si' 5.1300000000 46.1700000000 41.0400000000 1
'Si' 7.6950000000 43.6050000000 48.7350000000 1
'Si' 2.5650000000 48.7350000000 48.7350000000 1
'Si' 7.6950000000 48.7350000000 43.6050000000 1
'Si' 10.2600000000 41.0400000000 41.0400000000 1
'Si' 12.8250000000 43.6050000000 43.6050000000 1
'Si' 15.3900000000 41.0400000000 46.1700000000 1
'Si' 10.2600000000 46.1700000000 46.1700000000 1
'Si' 15.3900000000 46.1700000000 41.0400000000 1
'Si' 17.9550000000 43.6050000000 48.7350000000 1
'Si' 12.8250000000 48.7350000000 48.7350000000 1
'Si' 17.9550000000 48.7350000000 43.6050000000 1
'Si' 20.5200000000 41.0400000000 41.0400000000 1
'Si' 23.0850000000 43.6050000000 43.6050000000 1
'Si' 25.6500000000 41.0400000000 46.1700000000 1
'Si' 20.5200000000 46.1700000000 46.1700000000 1
'Si' 25.6500000000 46.1700000000 41.0400000000 1
'Si' 28.2150000000 43.6050000000 48.7350000000 1
'Si' 23.0850000000 48.7350000000 48.7350000000 1
'Si' 28.2150000000 48.7350000000 43.6050000000 1
'Si' 30.7800000000 41.0400000000 41.0400000000 1
'Si' 33.3450000000 43.6050000000 43.6050000000 1
'Si' 35.9100000000 41.0400000000 46.1700000000 1
'Si' 30.7800000000 46.1700000000 46.1700000000 1
'Si' 35.9100000000 46.1700000000 41.0400000000 1
'Si' 38.4750000000 43.6050000000 48.7350000000 1
'Si' 33.3450000000 48.7350000000 48.7350000000 1
'Si' 38.4750000000 48.7350000000 43.6050000000 1
'Si' 41.0400000000 41.0400000000 41.0400000000 1
'Si' 43.6050000000 43.6050000000 43.6050000000 1
'Si' 46.1700000000 41.0400000000 46.1700000000 1
'Si' 41.0400000000 46.1700000000 46.1700000000 1
'Si' 46.1700000000 46.1700000000 41.0400000000 1
'Si' 48.7350000000 43.6050000000 48.7350000000 1
'Si' 43.6050000000 48.7350000000 48.7350000000 1
'Si' 48.7350000000 48.7350000000 43.6050000000 1
'Si' 51.3000000000 41.0400000000 41.0400000000 1
'Si' 53.8650000000 43.6050000000 43.6050000000 1
'Si' 56.4300000000 41.0400000000 46.1700000000 1
'Si' 51.3000000000 46.1700000000 46.1700000000 1
'Si' 56.4300000000 46.1700000000 41.0400000000 1
'Si' 58.9950000000 43.6050000000 48.7350000000 1
'Si' 53.8650000000 48.7350000000 48.7350000000 1
'Si' 58.9950000000 48.7350000000 43.6050000000 1
'Si' 61.5600000000 41.0400000000 41.0400000000 1
'Si' 64.1250000000 43.6050000000 43.6050000000 1
'Si' 66.6900000000 41.0400000000 46.1700000000 1
'Si' 61.5600000000 46.1700000000 46.1700000000 1
'Si' 66.6900000000 46.1700000000 41.0400000000 1
'Si' 69.2550000000 43.6050000000 48.7350000000 1
'Si' 64.1250000000 48.7350000000 48.7350000000 1
'Si' 69.2550000000 48.7350000000 43.6050000000 1
'Si' 71.8200000000 41.0400000000 41.0400000000 1
'Si' 74.3850000000 43.6050000000 43.6050000000 1
'Si' 76.9500000000 41.0400000000 46.1700000000 1
'Si' 71.8200000000 46.1700000000 46.1700000000 1
'Si' 76.9500000000 46.1700000000 41.0400000000 1
'Si' 79.5150000000 43.6050000000 48.7350000000 1
'Si' 74.3850000000 48.7350000000 48.7350000000 1
'Si' 79.5150000000 48.7350000000 43.6050000000 1
'Si' 82.0800000000 41.0400000000 41.0400000000 1
'Si' 84.6450000000 43.6050000000 43.6050000000 1
'Si' 87.2100000000 41.0400000000 46.1700000000 1
'Si' 82.0800000000 46.1700000000 46.1700000000 1
'Si' 87.2100000000 46.1700000000 41.0400000000 1
'Si' 89.7750000000 43.6050000000 48.7350000000 1
'Si' 84.6450000000 48.7350000000 48.7350000000 1
'Si' 89.7750000000 48.7350000000 43.6050000000 1
'Si' 92.3400000000 41.0400000000 41.0400000000 1
'Si' 94.9050000000 43.6050000000 43.6050000000 1
'Si' 97.4700000000 41.0400000000 46.1700000000 1
'Si' 92.3400000000 46.1700000000 46.1700000000 1
'Si' 97.4700000000 46.1700000000 41.0400000000 1
'Si' 100.0350000000 43.6050000000 48.7350000000 1
'Si' 94.9050000000 48.7350000000 48.7350000000 1
'Si' 100.0350000000 48.7350000000 43.6050000000 1
'Si' 0.0000000000 51.3000000000 41.0400000000 1
'Si' 2.5650000000 53.8650000000 43.6050000000 1
'Si' 5.1300000000 51.3000000000 46.1700000000 1
'Si' 0.0000000000 56.4300000000 46.1700000000 1
'Si' 5.1300000000 56.4300000000 41.0400000000 1
'Si' 7.6950000000 53.8650000000 48.7350000000 1
'Si' 2.5650000000 58.9950000000 48.7350000000 1
'Si' 7.6950000000 58.9950000000 43.6050000000 1
'Si' 10.2600000000 51.3000000000 41.0400000000 1
'Si' 12.8250000000 53.8650000000 43.6050000000 1
'Si' 15.3900000000 51.3000000000 46.1700000000 1
'Si' 10.2600000000 56.4300000000 46.1700000000 1
'Si' 15.3900000000 56.4300000000 41.0400000000 1
'Si' 17.9550000000 53.8650000000 48.7350000000 1
'Si' 12.8250000000 58.9950000000 48.7350000000 1
'Si' 17.9550000000 58.9950000000 43.6050000000 1
'Si' 20.5200000000 51.3000000000 41.0400000000 1
'Si' 23.0850000000 53.8650000000 43.6050000000 1
'Si' 25.6500000000 51.3000000000 46.1700000000 1
'Si' 20.5200000000 56.4300000000 46.1700000000 1
'Si' 25.6500000000 56.4300000000 41.0400000000 1
'Si' 28.2150000000 53.8650000000 48.7350000000 1
'Si' 23.0850000000 58.9950000000 48.7350000000 1
'Si' 28.2150000000 58.9950000000 43.6050000000 1
'Si' 30.7800000000 51.3000000000 41.0400000000 1
'Si' 33.3450000000 53.8650000000 43.6050000000 1
'Si' 35.9100000000 51.3000000000 46.1700000000 1
'Si' 30.7800000000 56.4300000000 46.1700000000 1
'Si' 35.9100000000 56.4300000000 41.0400000000 1
'Si' 38.4750000000 53.8650000000 48.7350000000 1
'Si' 33.3450000000 58.9950000000 48.7350000000 1
'Si' 38.4750000000 58.9950000000 43.6050000000 1
'Si' 41.0400000000 51.3000000000 41.0400000000 1
'Si' 43.6050000000 53.8650000000 43.6050000000 1
'Si' 46.1700000000 51.3000000000 46.1700000000 1
'Si' 41.0400000000 56.4300000000 46.1700000000 1
'Si' 46.1700000000 56.4300000000 41.0400000000 1
'Si' 48.7350000000 53.8650000000 48.7350000000 1
'Si' 43.6050000000 58.9950000000 48.7350000000 1
'Si' 48.7350000000 58.9950000000 43.6050000000 1
'Si' 51.3000000000 51.3000000000 41.0400000000 1
'Si' 53.8650000000 53.8650000000 43.6050000000 1
'Si' 56.4300000000 51.3000000000 46.1700000000 1
'Si' 51.3000000000 56.4300000000 46.1700000000 1
'Si' 56.4300000000 56.4300000000 41.0400000000 1
'Si' 58.9950000000 53.8650000000 48.7350000000 1
'Si' 53.8650000000 58.9950000000 48.7350000000 1
'Si' 58.9950000000 58.9950000000 43.6050000000 1
'Si' 61.5600000000 51.3000000000 41.0400000000 1
'Si' 64.1250000000 53.8650000000 43.6050000000 1
'Si' 66.6900000000 51.3000000000 46.1700000000 1
'Si' 61.5600000000 56.4300000000 46.1700000000 1
'Si' 66.6900000000 56.4300000000 41.0400000000 1
'Si' 69.2550000000 53.8650000000 48.7350000000 1
'Si' 64.1250000000 58.9950000000 48.7350000000 1
'Si' 69.2550000000 58.9950000000 43.6050000000 1
'Si' 71.8200000000 51.3000000000 41.0400000000 1
'Si' 74.3850000000 53.8650000000 43.6050000000 1
'Si' 76.9500000000 51.3000000000 46.1700000000 1
'Si' 71.8200000000 56.4300000000 46.1700000000 1
'Si' 76.9500000000 56.4300000000 41.0400000000 1
'Si' 79.5150000000 53.8650000000 48.7350000000 1
'Si' 74.3850000000 58.9950000000 48.7350000000 1
'Si' 79.5150000000 58.9950000000 43.6050000000 1
'Si' 82.0800000000 51.3000000000 41.0400000000 1
'Si' 84.6450000000 53.8650000000 43.6050000000 1
'Si' 87.2100000000 51.3000000000 46.1700000000 1
'Si' 82.0800000000 56.4300000000 46.1700000000 1
'Si' 87.2100000000 56.4300000000 41.0400000000 1
'Si' 89.7750000000 53.8650000000 48.7350000000 1
'Si' 84.6450000000 58.9950000000 48.7350000000 1
'Si' 89.7750000000 58.9950000000 43.6050000000 1
'Si' 92.3400000000 51.3000000000 41.0400000000 1
'Si' 94.9050000000 53.8650000000 43.6050000000 1
'Si' 97.4700000000 51.3000000000 46.1700000000 1
'Si' 92.3400000000 56.4300000000 46.1700000000 1
'Si' 97.4700000000 56.4300000000 41.0400000000 1
'Si' 100.0350000000 53.8650000000 48.7350000000 1
'Si' 94.9050000000 58.9950000000 48.7350000000 1
'Si' 100.0350000000 58.9950000000 43.6050000000 1
'Si' 0.0000000000 61.5600000000 41.0400000000 1
'Si' 2.5650000000 64.1250000000 43.6050000000 1
'Si' 5.1300000000 61.5600000000 46.1700000000 1
'Si' 0.0000000000 66.6900000000 46.1700000000 1
'Si' 5.1300000000 66.6900000000 41.0400000000 1
'Si' 7.6950000000 64.1250000000 48.7350000000 1
'Si' 2.5650000000 69.2550000000 48.7350000000 1
'Si' 7.6950000000 69.2550000000 43.6050000000 1
'Si' 10.2600000000 61.5600000000 41.0400000000 1
'Si' 12.8250000000 64.1250000000 43.6050000000 1
'Si' 15.3900000000 61.5600000000 46.1700000000 1
'Si' 10.2600000000 66.6900000000 46.1700000000 1
'Si' 15.3900000000 66.6900000000 41.0400000000 1
'Si' 17.9550000000 64.1250000000 48.7350000000 1
'Si' 12.8250000000 69.2550000000 48.7350000000 1
'Si' 17.9550000000 69.2550000000 43.6050000000 1
'Si' 20.5200000000 61.5600000000 41.0400000000 1
'Si' 23.0850000000 64.1250000000 43.6050000000 1
'Si' 25.6500000000 61.5600000000 46.1700000000 1
'Si' 20.5200000000 66.6900000000 46.1700000000 1
'Si' 25.6500000000 66.6900000000 41.0400000000 1
'Si' 28.2150000000 64.1250000000 48.7350000000 1
'Si' 23.0850000000 69.2550000000 48.7350000000 1
'Si' 28.2150000000 69.2550000000 43.6050000000 1
'Si' 30.7800000000 61.5600000000 41.0400000000 1
'Si' 33.3450000000 64.1250000000 43.6050000000 1
'Si' 35.9100000000 61.5600000000 46.1700000000 1
'Si' 30.7800000000 66.6900000000 46.1700000000 1
'Si' 35.9100000000 66.6900000000 41.0400000000 1
'Si' 38.4750000000 64.1250000000 48.7350000000 1
'Si' 33.3450000000 69.2550000000 48.7350000000 1
'Si' 38.4750000000 69.2550000000 43.6050000000 1
'Si' 41.0400000000 61.5600000000 41.0400000000 1
'Si' 43.6050000000 64.1250000000 43.6050000000 1
'Si' 46.1700000000 61.5600000000 46.1700000000 1
'Si' 41.0400000000 66.6900000000 46.1700000000 1
'Si' 46.1700000000 66.6900000000 41.0400000000 1
'Si' 48.7350000000 64.1250000000 48.7350000000 1
'Si' 43.6050000000 69.2550000000 48.7350000000 1
'Si' 48.7350000000 69.2550000000 43.6050000000 1
'Si' 51.3000000000 61.5600000000 41.0400000000 1
'Si' 53.8650000000 64.1250000000 43.6050000000 1
'Si' 56.4300000000 61.5600000000 46.1700000000 1
'Si' 51.3000000000 66.6900000000 46.1700000000 1
'Si' 56.4300000000 66.6900000000 41.0400000000 1
'Si' 58.9950000000 64.1250000000 48.7350000000 1
'Si' 53.8650000000 69.2550000000 48.7350000000 1
'Si' 58.9950000000 69.2550000000 43.6050000000 1
'Si' 61.5600000000 61.5600000000 41.0400000000 1
'Si' 64.1250000000 64.1250000000 43.6050000000 1
'Si' 66.6900000000 61.5600000000 46.1700000000 1
'Si' 61.5600000000 66.6900000000 46.1700000000 1
'Si' 66.6900000000 66.6900000000 41.0400000000 1
'Si' 69.2550000000 64.1250000000 48.7350000000 1
'Si' 64.1250000000 69.2550000000 48.7350000000 1
'Si' 69.2550000000 69.2550000000 43.6050000000 1
'Si' 71.8200000000 61.5600000000 41.0400000000 1
'Si' 74.3850000000 64.1250000000 43.6050000000 1
'Si' 76.9500000000 61.5600000000 46.1700000000 1
'Si' 71.8200000000 66.6900000000 46.1700000000 1
'Si' 76.9500000000 66.6900000000 41.0400000000 1
'Si' 79.5150000000 64.1250000000 48.7350000000 1
'Si' 74.3850000000 69.2550000000 48.7350000000 1
'Si' 79.5150000000 69.2550000000 43.6050000000 1
'Si' 82.0800000000 61.5600000000 41.0400000000 1
'Si' 84.6450000000 64.1250000000 43.6050000000 1
'Si' 87.2100000000 61.5600000000 46.1700000000 1
'Si' 82.0800000000 66.6900000000 46.1700000000 1
'Si' 87.2100000000 66.6900000000 41.0400000000 1
'Si' 89.7750000000 64.1250000000 48.7350000000 1
'Si' 84.6450000000 69.2550000000 48.7350000000 1
'Si' 89.7750000000 69.2550000000 43.6050000000 1
'Si' 92.3400000000 61.5600000000 41.0400000000 1
'Si' 94.9050000000 64.1250000000 43.6050000000 1
'Si' 97.4700000000 61.5600000000 46.1700000000 1
'Si' 92.3400000000 66.6900000000 46.1700000000 1
'Si' 97.4700000000 66.6900000000 41.0400000000 1
'Si' 100.0350000000 64.1250000000 48.7350000000 1
'Si' 94.9050000000 69.2550000000 48.7350000000 1
'Si' 100.0350000000 69.2550000000 43.6050000000 1
'Si' 0.0000000000 71.8200000000 41.0400000000 1
'Si' 2.5650000000 74.3850000000 43.6050000000 1
'Si' 5.1300000000 71.8200000000 46.1700000000 1
'Si' 0.0000000000 76.9500000000 46.1700000000 1
'Si' 5.1300000000 76.9500000000 41.0400000000 1
'Si' 7.6950000000 74.3850000000 48.7350000000 1
'Si' 2.5650000000 79.5150000000 48.7350000000 1
'Si' 7.6950000000 79.5150000000 43.6050000000 1
'Si' 10.2600000000 71.8200000000 41.0400000000 1
'Si' 12.8250000000 74.3850000000 43.6050000000 1
'Si' 15.3900000000 71.8200000000 46.1700000000 1
'Si' 10.2600000000 76.9500000000 46.1700000000 1
'Si' 15.3900000000 76.9500000000 41.0400000000 1
'Si' 17.9550000000 74.3850000000 48.7350000000 1
'Si' 12.8250000000 79.5150000000 48.7350000000 1
'Si' 17.9550000000 79.5150000000 43.6050000000 1
'Si' 20.5200000000 71.8200000000 41.0400000000 1
'Si' 23.0850000000 74.3850000000 43.6050000000 1
'Si' 25.6500000000 71.8200000000 46.1700000000 1
'Si' 20.5200000000 76.9500000000 46.1700000000 1
'Si' 25.6500000000 76.9500000000 41.0400000000 1
'Si' 28.2150000000 74.3850000000 48.7350000000 1
'Si' 23.0850000000 79.5150000000 48.7350000000 1
'Si' 28.2150000000 79.5150000000 43.6050000000 1
'Si' 30.7800000000 71.8200000000 41.0400000000 1
'Si' 33.3450000000 74.3850000000 43.6050000000 1
'Si' 35.9100000000 71.8200000000 46.1700000000 1
'Si' 30.7800000000 76.9500000000 46.1700000000 1
'Si' 35.9100000000 76.9500000000 41.0400000000 1
'Si' 38.4750000000 74.3850000000 48.7350000000 1
'Si' 33.3450000000 79.5150000000 48.7350000000 1
'Si' 38.4750000000 79.5150000000 43.6050000000 1
'Si' 41.0400000000 71.8200000000 41.0400000000 1
'Si' 43.6050000000 74.3850000000 43.6050000000 1
'Si' 46.1700000000 71.8200000000 46.1700000000 1
'Si' 41.0400000000 76.9500000000 46.1700000000 1
'Si' 46.1700000000 76.9500000000 41.0400000000 1
'Si' 48.7350000000 74.3850000000 48.7350000000 1
'Si' 43.6050000000 79.5150000000 48.7350000000 1
'Si' 48.7350000000 79.5150000000 43.6050000000 1
'Si' 51.3000000000 71.8200000000 41.0400000000 1
'Si' 53.8650000000 74.3850000000 43.6050000000 1
'Si' 56.4300000000 71.8200000000 46.1700000000 1
'Si' 51.3000000000 76.9500000000 46.1700000000 1
'Si' 56.4300000000 76.9500000000 41.0400000000 1
'Si' 58.9950000000 74.3850000000 48.7350000000 1
'Si' 53.8650000000 79.5150000000 48.7350000000 1
'Si' 58.9950000000 79.5150000000 43.6050000000 1
'Si' 61.5600000000 71.8200000000 41.0400000000 1
'Si' 64.1250000000 74.3850000000 43.6050000000 1
'Si' 66.6900000000 71.8200000000 46.1700000000 1
'Si' 61.5600000000 76.9500000000 46.1700000000 1
'Si' 66.6900000000 76.9500000000 41.0400000000 1
'Si' 69.2550000000 74.3850000000 48.7350000000 1
'Si' 64.1250000000 79.5150000000 48.7350000000 1
'Si' 69.2550000000 79.5150000000 43.6050000000 1
'Si' 71.8200000000 71.8200000000 41.0400000000 1
'Si' 74.3850000000 74.3850000000 43.6050000000 1
'Si' 76.9500000000 71.8200000000 46.1700000000 1
'Si' 71.8200000000 76.9500000000 46.1700000000 1
'Si' 76.9500000000 76.9500000000 41.0400000000 1
'Si' 79.5150000000 74.3850000000 48.7350000000 1
'Si' 74.3850000000 79.5150000000 48.7350000000 1
'Si' 79.5150000000 79.5150000000 43.6050000000 1
'Si' 82.0800000000 71.8200000000 41.0400000000 1
'Si' 84.6450000000 74.3850000000 43.6050000000 1
'Si' 87.2100000000 71.8200000000 46.1700000000 1
'Si' 82.0800000000 76.9500000000 46.1700000000 1
'Si' 87.2100000000 76.9500000000 41.0400000000 1
'Si' 89.7750000000 74.3850000000 48.7350000000 1
'Si' 84.6450000000 79.5150000000 48.7350000000 1
'Si' 89.7750000000 79.5150000000 43.6050000000 1
'Si' 92.3400000000 71.8200000000 41.0400000000 1
'Si' 94.9050000000 74.3850000000 43.6050000000 1
'Si' 97.4700000000 71.8200000000 46.1700000000 1
'Si' 92.3400000000 76.9500000000 46.1700000000 1
'Si' 97.4700000000 76.9500000000 41.0400000000 1
'Si' 100.0350000000 74.3850000000 48.7350000000 1
'Si' 94.9050000000 79.5150000000 48.7350000000 1
'Si' 100.0350000000 79.5150000000 43.6050000000 1
'Si' 0.0000000000 82.0800000000 41.0400000000 1
'Si' 2.5650000000 84.6450000000 43.6050000000 1
'Si' 5.1300000000 82.0800000000 46.1700000000 1
'Si' 0.0000000000 87.2100000000 46.1700000000 1
'Si' 5.1300000000 87.2100000000 41.0400000000 1
'Si' 7.6950000000 84.6450000000 48.7350000000 1
'Si' 2.5650000000 89.7750000000 48.7350000000 1
'Si' 7.6950000000 89.7750000000 43.6050000000 1
'Si' 10.2600000000 82.0800000000 41.0400000000 1
'Si' 12.8250000000 84.6450000000 43.6050000000 1
'Si' 15.3900000000 82.0800000000 46.1700000000 1
'Si' 10.2600000000 87.2100000000 46.1700000000 1
'Si' 15.3900000000 87.2100000000 41.0400000000 1
'Si' 17.9550000000 84.6450000000 48.7350000000 1
'Si' 12.8250000000 89.7750000000 48.7350000000 1
'Si' 17.9550000000 89.7750000000 43.6050000000 1
'Si' 20.5200000000 82.0800000000 41.0400000000 1
'Si' 23.0850000000 84.6450000000 43.6050000000 1
'Si' 25.6500000000 82.0800000000 46.1700000000 1
'Si' 20.5200000000 87.2100000000 46.1700000000 1
'Si' 25.6500000000 87.2100000000 41.0400000000 1
'Si' 28.2150000000 84.6450000000 48.7350000000 1
'Si' 23.0850000000 89.7750000000 48.7350000000 1
'Si' 28.2150000000 89.7750000000 43.6050000000 1
'Si' 30.7800000000 82.0800000000 41.0400000000 1
'Si' 33.3450000000 84.6450000000 43.6050000000 1
'Si' 35.9100000000 82.0800000000 46.1700000000 1
'Si' 30.7800000000 87.2100000000 46.1700000000 1
'Si' 35.9100000000 87.2100000000 41.0400000000 1
'Si' 38.4750000000 84.6450000000 48.7350000000 1
'Si' 33.3450000000 89.7750000000 48.7350000000 1
'Si' 38.4750000000 89.7750000000 43.6050000000 1
'Si' 41.0400000000 82.0800000000 41.0400000000 1
'Si' 43.6050000000 84.6450000000 43.6050000000 1
'Si' 46.1700000000 82.0800000000 46.1700000000 1
'Si' 41.0400000000 87.2100000000 46.1700000000 1
'Si' 46.1700000000 87.2100000000 41.0400000000 1
'Si' 48.7350000000 84.6450000000 48.7350000000 1
'Si' 43.6050000000 89.7750000000 48.7350000000 1
'Si' 48.7350000000 89.7750000000 43.6050000000 1
'Si' 51.3000000000 82.0800000000 41.0400000000 1
'Si' 53.8650000000 84.6450000000 43.6050000000 1
'Si' 56.4300000000 82.0800000000 46.1700000000 1
'Si' 51.3000000000 87.2100000000 46.1700000000 1
'Si' 56.4300000000 87.2100000000 41.0400000000 1
'Si' 58.9950000000 84.6450000000 48.7350000000 1
'Si' 53.8650000000 89.7750000000 48.7350000000 1
'Si' 58.9950000000 89.7750000000 43.6050000000 1
'Si' 61.5600000000 82.0800000000 41.0400000000 1
'Si' 64.1250000000 84.6450000000 43.6050000000 1
'Si' 66.6900000000 82.0800000000 46.1700000000 1
'Si' 61.5600000000 87.2100000000 46.1700000000 1
'Si' 66.6900000000 87.2100000000 41.0400000000 1
'Si' 69.2550000000 84.6450000000 48.7350000000 1
'Si' 64.1250000000 89.7750000000 48.7350000000 1
'Si' 69.2550000000 89.7750000000 43.6050000000 1
'Si' 71.8200000000 82.0800000000 41.0400000000 1
'Si' 74.3850000000 84.6450000000 43.6050000000 1
'Si' 76.9500000000 82.0800000000 46.1700000000 1
'Si' 71.8200000000 87.2100000000 46.1700000000 1
'Si' 76.9500000000 87.2100000000 41.0400000000 1
'Si' 79.5150000000 84.6450000000 48.7350000000 1
'Si' 74.3850000000 89.7750000000 48.7350000000 1
'Si' 79.5150000000 89.7750000000 43.6050000000 1
'Si' 82.0800000000 82.0800000000 41.0400000000 1
'Si' 84.6450000000 84.6450000000 43.6050000000 1
'Si' 87.2100000000 82.0800000000 46.1700000000 1
'Si' 82.0800000000 87.2100000000 46.1700000000 1
'Si' 87.2100000000 87.2100000000 41.0400000000 1
'Si' 89.7750000000 84.6450000000 48.7350000000 1
'Si' 84.6450000000 89.7750000000 48.7350000000 1
'Si' 89.7750000000 89.7750000000 43.6050000000 1
'Si' 92.3400000000 82.0800000000 41.0400000000 1
'Si' 94.9050000000 84.6450000000 43.6050000000 1
'Si' 97.4700000000 82.0800000000 46.1700000000 1
'Si' 92.3400000000 87.2100000000 46.1700000000 1
'Si' 97.4700000000 87.2100000000 41.0400000000 1
'Si' 100.0350000000 84.6450000000 48.7350000000 1
'Si' 94.9050000000 89.7750000000 48.7350000000 1
'Si' 100.0350000000 89.7750000000 43.6050000000 1
'Si' 0.0000000000 92.3400000000 41.0400000000 1
'Si' 2.5650000000 94.9050000000 43.6050000000 1
'Si' 5.1300000000 92.3400000000 46.1700000000 1
'Si' 0.0000000000 97.4700000000 46.1700000000 1
'Si' 5.1300000000 97.4700000000 41.0400000000 1
'Si' 7.6950000000 94.9050000000 48.7350000000 1
'Si' 2.5650000000 100.0350000000 48.7350000000 1
'Si' 7.6950000000 100.0350000000 43.6050000000 1
'Si' 10.2600000000 92.3400000000 41.0400000000 1
'Si' 12.8250000000 94.9050000000 43.6050000000 1
'Si' 15.3900000000 92.3400000000 46.1700000000 1
'Si' 10.2600000000 97.4700000000 46.1700000000 1
'Si' 15.3900000000 97.4700000000 41.0400000000 1
'Si' 17.9550000000 94.9050000000 48.7350000000 1
'Si' 12.8250000000 100.0350000000 48.7350000000 1
'Si' 17.9550000000 100.0350000000 43.6050000000 1
'Si' 20.5200000000 92.3400000000 41.0400000000 1
'Si' 23.0850000000 94.9050000000 43.6050000000 1
'Si' 25.6500000000 92.3400000000 46.1700000000 1
'Si' 20.5200000000 97.4700000000 46.1700000000 1
'Si' 25.6500000000 97.4700000000 41.0400000000 1
'Si' 28.2150000000 94.9050000000 48.7350000000 1
'Si' 23.0850000000 100.0350000000 48.7350000000 1
'Si' 28.2150000000 100.0350000000 43.6050000000 1
'Si' 30.7800000000 92.3400000000 41.0400000000 1
'Si' 33.3450000000 94.9050000000 43.6050000000 1
'Si' 35.9100000000 92.3400000000 46.1700000000 1
'Si' 30.7800000000 97.4700000000 46.1700000000 1
'Si' 35.9100000000 97.4700000000 41.0400000000 1
'Si' 38.4750000000 94.9050000000 48.7350000000 1
'Si' 33.3450000000 100.0350000000 48.7350000000 1
'Si' 38.4750000000 100.0350000000 43.6050000000 1
'Si' 41.0400000000 92.3400000000 41.0400000000 1
'Si' 43.6050000000 94.9050000000 43.6050000000 1
'Si' 46.1700000000 92.3400000000 46.1700000000 1
'Si' 41.0400000000 97.4700000000 46.1700000000 1
'Si' 46.1700000000 97.4700000000 41.0400000000 1
'Si' 48.7350000000 94.9050000000 48.7350000000 1
'Si' 43.6050000000 100.0350000000 48.7350000000 1
'Si' 48.7350000000 100.0350000000 43.6050000000 1
'Si' 51.3000000000 92.3400000000 41.0400000000 1
'Si' 53.8650000000 94.9050000000 43.6050000000 1
'Si' 56.4300000000 92.3400000000 46.1700000000 1
'Si' 51.3000000000 97.4700000000 46.1700000000 1
'Si' 56.4300000000 97.4700000000 41.0400000000 1
'Si' 58.9950000000 94.9050000000 48.7350000000 1
'Si' 53.8650000000 100.0350000000 48.7350000000 1
'Si' 58.9950000000 100.0350000000 43.6050000000 1
'Si' 61.5600000000 92.3400000000 41.0400000000 1
'Si' 64.1250000000 94.9050000000 43.6050000000 1
'Si' 66.6900000000 92.3400000000 46.1700000000 1
'Si' 61.5600000000 97.4700000000 46.1700000000 1
'Si' 66.6900000000 97.4700000000 41.0400000000 1
'Si' 69.2550000000 94.9050000000 48.7350000000 1
'Si' 64.1250000000 100.0350000000 48.7350000000 1
'Si' 69.2550000000 100.0350000000 43.6050000000 1
'Si' 71.8200000000 92.3400000000 41.0400000000 1
'Si' 74.3850000000 94.9050000000 43.6050000000 1
'Si' 76.9500000000 92.3400000000 46.1700000000 1
'Si' 71.8200000000 97.4700000000 46.1700000000 1
'Si' 76.9500000000 97.4700000000 41.0400000000 1
'Si' 79.5150000000 94.9050000000 48.7350000000 1
'Si' 74.3850000000 100.0350000000 48.7350000000 1
'Si' 79.5150000000 100.0350000000 43.6050000000 1
'Si' 82.0800000000 92.3400000000 41.0400000000 1
'Si' 84.6450000000 94.9050000000 43.6050000000 1
'Si' 87.2100000000 92.3400000000 46.1700000000 1
'Si' 82.0800000000 97.4700000000 46.1700000000 1
'Si' 87.2100000000 97.4700000000 41.0400000000 1
'Si' 89.7750000000 94.9050000000 48.7350000000 1
'Si' 84.6450000000 100.0350000000 48.7350000000 1
'Si' 89.7750000000 100.0350000000 43.6050000000 1
'Si' 92.3400000000 92.3400000000 41.0400000000 1
'Si' 94.9050000000 94.9050000000 43.6050000000 1
'Si' 97.4700000000 92.3400000000 46.1700000000 1
'Si' 92.3400000000 97.4700000000 46.1700000000 1
'Si' 97.4700000000 97.4700000000 41.0400000000 1
'Si' 100.0350000000 94.9050000000 48.7350000000 1
'Si' 94.9050000000 100.0350000000 48.7350000000 1
'Si' 100.0350000000 100.0350000000 43.6050000000 1
'Si' 0.0000000000 0.0000000000 51.3000000000 1
'Si' 2.5650000000 2.5650000000 53.8650000000 1
'Si' 5.1300000000 0.0000000000 56.4300000000 1
'Si' 0.0000000000 5.1300000000 56.4300000000 1
'Si' 5.1300000000 5.1300000000 51.3000000000 1
'Si' 7.6950000000 2.5650000000 58.9950000000 1
'Si' 2.5650000000 7.6950000000 58.9950000000 1
'Si' 7.6950000000 7.6950000000 53.8650000000 1
'Si' 10.2600000000 0.0000000000 51.3000000000 1
'Si' 12.8250000000 2.5650000000 53.8650000000 1
'Si' 15.3900000000 0.0000000000 56.4300000000 1
'Si' 10.2600000000 5.1300000000 56.4300000000 1
'Si' 15.3900000000 5.1300000000 51.3000000000 1
'Si' 17.9550000000 2.5650000000 58.9950000000 1
'Si' 12.8250000000 7.6950000000 58.9950000000 1
'Si' 17.9550000000 7.6950000000 53.8650000000 1
'Si' 20.5200000000 0.0000000000 51.3000000000 1
'Si' 23.0850000000 2.5650000000 53.8650000000 1
'Si' 25.6500000000 0.0000000000 56.4300000000 1
'Si' 20.5200000000 5.1300000000 56.4300000000 1
'Si' 25.6500000000 5.1300000000 51.3000000000 1
'Si' 28.2150000000 2.5650000000 58.9950000000 1
'Si' 23.0850000000 7.6950000000 58.9950000000 1
'Si' 28.2150000000 7.6950000000 53.8650000000 1
'Si' 30.7800000000 0.0000000000 51.3000000000 1
'Si' 33.3450000000 2.5650000000 53.8650000000 1
'Si' 35.9100000000 0.0000000000 56.4300000000 1
'Si' 30.7800000000 5.1300000000 56.4300000000 1
'Si' 35.9100000000 5.1300000000 51.3000000000 1
'Si' 38.4750000000 2.5650000000 58.9950000000 1
'Si' 33.3450000000 7.6950000000 58.9950000000 1
'Si' 38.4750000000 7.6950000000 53.8650000000 1
'Si' 41.0400000000 0.0000000000 51.3000000000 1
'Si' 43.6050000000 2.5650000000 53.8650000000 1
'Si' 46.1700000000 0.0000000000 56.4300000000 1
'Si' 41.0400000000 5.1300000000 56.4300000000 1
'Si' 46.1700000000 5.1300000000 51.3000000000 1
'Si' 48.7350000000 2.5650000000 58.9950000000 1
'Si' 43.6050000000 7.6950000000 58.9950000000 1
'Si' 48.7350000000 7.6950000000 53.8650000000 1
'Si' 51.3000000000 0.0000000000 51.3000000000 1
'Si' 53.8650000000 2.5650000000 53.8650000000 1
'Si' 56.4300000000 0.0000000000 56.4300000000 1
'Si' 51.3000000000 5.1300000000 56.4300000000 1
'Si' 56.4300000000 5.1300000000 51.3000000000 1
'Si' 58.9950000000 2.5650000000 58.9950000000 1
'Si' 53.8650000000 7.6950000000 58.9950000000 1
'Si' 58.9950000000 7.6950000000 53.8650000000 1
'Si' 61.5600000000 0.0000000000 51.3000000000 1
'Si' 64.1250000000 2.5650000000 53.8650000000 1
'Si' 66.6900000000 0.0000000000 56.4300000000 1
'Si' 61.5600000000 5.1300000000 56.4300000000 1
'Si' 66.6900000000 5.1300000000 51.3000000000 1
'Si' 69.2550000000 2.5650000000 58.9950000000 1
'Si' 64.1250000000 7.6950000000 58.9950000000 1
'Si' 69.2550000000 7.6950000000 53.8650000000 1
'Si' 71.8200000000 0.0000000000 51.3000000000 1
'Si' 74.3850000000 2.5650000000 53.8650000000 1
'Si' 76.9500000000 0.0000000000 56.4300000000 1
'Si' 71.8200000000 5.1300000000 56.4300000000 1
'Si' 76.9500000000 5.1300000000 51.3000000000 1
'Si' 79.5150000000 2.5650000000 58.9950000000 1
'Si' 74.3850000000 7.6950000000 58.9950000000 1
'Si' 79.5150000000 7.6950000000 53.8650000000 1
'Si' 82.0800000000 0.0000000000 51.3000000000 1
'Si' 84.6450000000 2.5650000000 53.8650000000 1
'Si' 87.2100000000 0.0000000000 56.4300000000 1
'Si' 82.0800000000 5.1300000000 56.4300000000 1
'Si' 87.2100000000 5.1300000000 51.3000000000 1
'Si' 89.7750000000 2.5650000000 58.9950000000 1
'Si' 84.6450000000 7.6950000000 58.9950000000 1
'Si' 89.7750000000 7.6950000000 53.8650000000 1
'Si' 92.3400000000 0.0000000000 51.3000000000 1
'Si' 94.9050000000 2.5650000000 53.8650000000 1
'Si' 97.4700000000 0.0000000000 56.4300000000 1
'Si' 92.3400000000 5.1300000000 56.4300000000 1
'Si' 97.4700000000 5.1300000000 51.3000000000 1
'Si' 100.0350000000 2.5650000000 58.9950000000 1
'Si' 94.9050000000 7.6950000000 58.9950000000 1
'Si' 100.0350000000 7.6950000000 53.8650000000 1
'Si' 0.0000000000 10.2600000000 51.3000000000 1
'Si' 2.5650000000 12.8250000000 53.8650000000 1
'Si' 5.1300000000 10.2600000000 56.4300000000 1
'Si' 0.0000000000 15.3900000000 56.4300000000 1
'Si' 5.1300000000 15.3900000000 51.3000000000 1
'Si' 7.6950000000 12.8250000000 58.9950000000 1
'Si' 2.5650000000 17.9550000000 58.9950000000 1
'Si' 7.6950000000 17.9550000000 53.8650000000 1
'Si' 10.2600000000 10.2600000000 51.3000000000 1
'Si' 12.8250000000 12.8250000000 53.8650000000 1
'Si' 15.3900000000 10.2600000000 56.4300000000 1
'Si' 10.2600000000 15.3900000000 56.4300000000 1
'Si' 15.3900000000 15.3900000000 51.3000000000 1
'Si' 17.9550000000 12.8250000000 58.9950000000 1
'Si' 12.8250000000 17.9550000000 58.9950000000 1
'Si' 17.9550000000 17.9550000000 53.8650000000 1
'Si' 20.5200000000 10.2600000000 51.3000000000 1
'Si' 23.0850000000 12.8250000000 53.8650000000 1
'Si' 25.6500000000 10.2600000000 56.4300000000 1
'Si' 20.5200000000 15.3900000000 56.4300000000 1
'Si' 25.6500000000 15.3900000000 51.3000000000 1
'Si' 28.2150000000 12.8250000000 58.9950000000 1
'Si' 23.0850000000 17.9550000000 58.9950000000 1
'Si' 28.2150000000 17.9550000000 53.8650000000 1
'Si' 30.7800000000 10.2600000000 51.3000000000 1
'Si' 33.3450000000 12.8250000000 53.8650000000 1
'Si' 35.9100000000 10.2600000000 56.4300000000 1
'Si' 30.7800000000 15.3900000000 56.4300000000 1
'Si' 35.9100000000 15.3900000000 51.3000000000 1
'Si' 38.4750000000 12.8250000000 58.9950000000 1
'Si' 33.3450000000 17.9550000000 58.9950000000 1
'Si' 38.4750000000 17.9550000000 53.8650000000 1
'Si' 41.0400000000 10.2600000000 51.3000000000 1
'Si' 43.6050000000 12.8250000000 53.8650000000 1
'Si' 46.1700000000 10.2600000000 56.4300000000 1
'Si' 41.0400000000 15.3900000000 56.4300000000 1
'Si' 46.1700000000 15.3900000000 51.3000000000 1
'Si' 48.7350000000 12.8250000000 58.9950000000 1
'Si' 43.6050000000 17.9550000000 58.9950000000 1
'Si' 48.7350000000 17.9550000000 53.8650000000 1
'Si' 51.3000000000 10.2600000000 51.3000000000 1
'Si' 53.8650000000 12.8250000000 53.8650000000 1
'Si' 56.4300000000 10.2600000000 56.4300000000 1
'Si' 51.3000000000 15.3900000000 56.4300000000 1
'Si' 56.4300000000 15.3900000000 51.3000000000 1
'Si' 58.9950000000 12.8250000000 58.9950000000 1
'Si' 53.8650000000 17.9550000000 58.9950000000 1
'Si' 58.9950000000 17.9550000000 53.8650000000 1
'Si' 61.5600000000 10.2600000000 51.3000000000 1
'Si' 64.1250000000 12.8250000000 53.8650000000 1
'Si' 66.6900000000 10.2600000000 56.4300000000 1
'Si' 61.5600000000 15.3900000000 56.4300000000 1
'Si' 66.6900000000 15.3900000000 51.3000000000 1
'Si' 69.2550000000 12.8250000000 58.9950000000 1
'Si' 64.1250000000 17.9550000000 58.9950000000 1
'Si' 69.2550000000 17.9550000000 53.8650000000 1
'Si' 71.8200000000 10.2600000000 51.3000000000 1
'Si' 74.3850000000 12.8250000000 53.8650000000 1
'Si' 76.9500000000 10.2600000000 56.4300000000 1
'Si' 71.8200000000 15.3900000000 56.4300000000 1
'Si' 76.9500000000 15.3900000000 51.3000000000 1
'Si' 79.5150000000 12.8250000000 58.9950000000 1
'Si' 74.3850000000 17.9550000000 58.9950000000 1
'Si' 79.5150000000 17.9550000000 53.8650000000 1
'Si' 82.0800000000 10.2600000000 51.3000000000 1
'Si' 84.6450000000 12.8250000000 53.8650000000 1
'Si' 87.2100000000 10.2600000000 56.4300000000 1
'Si' 82.0800000000 15.3900000000 56.4300000000 1
'Si' 87.2100000000 15.3900000000 51.3000000000 1
'Si' 89.7750000000 12.8250000000 58.9950000000 1
'Si' 84.6450000000 17.9550000000 58.9950000000 1
'Si' 89.7750000000 17.9550000000 53.8650000000 1
'Si' 92.3400000000 10.2600000000 51.3000000000 1
'Si' 94.9050000000 12.8250000000 53.8650000000 1
'Si' 97.4700000000 10.2600000000 56.4300000000 1
'Si' 92.3400000000 15.3900000000 56.4300000000 1
'Si' 97.4700000000 15.3900000000 51.3000000000 1
'Si' 100.0350000000 12.8250000000 58.9950000000 1
'Si' 94.9050000000 17.9550000000 58.9950000000 1
'Si' 100.0350000000 17.9550000000 53.8650000000 1
'Si' 0.0000000000 20.5200000000 51.3000000000 1
'Si' 2.5650000000 23.0850000000 53.8650000000 1
'Si' 5.1300000000 20.5200000000 56.4300000000 1
'Si' 0.0000000000 25.6500000000 56.4300000000 1
'Si' 5.1300000000 25.6500000000 51.3000000000 1
'Si' 7.6950000000 23.0850000000 58.9950000000 1
'Si' 2.5650000000 28.2150000000 58.9950000000 1
'Si' 7.6950000000 28.2150000000 53.8650000000 1
'Si' 10.2600000000 20.5200000000 51.3000000000 1
'Si' 12.8250000000 23.0850000000 53.8650000000 1
'Si' 15.3900000000 20.5200000000 56.4300000000 1
'Si' 10.2600000000 25.6500000000 56.4300000000 1
'Si' 15.3900000000 25.6500000000 51.3000000000 1
'Si' 17.9550000000 23.0850000000 58.9950000000 1
'Si' 12.8250000000 28.2150000000 58.9950000000 1
'Si' 17.9550000000 28.2150000000 53.8650000000 1
'Si' 20.5200000000 20.5200000000 51.3000000000 1
'Si' 23.0850000000 23.0850000000 53.8650000000 1
'Si' 25.6500000000 20.5200000000 56.4300000000 1
'Si' 20.5200000000 25.6500000000 56.4300000000 1
'Si' 25.6500000000 25.6500000000 51.3000000000 1
'Si' 28.2150000000 23.0850000000 58.9950000000 1
'Si' 23.0850000000 28.2150000000 58.9950000000 1
'Si' 28.2150000000 28.2150000000 53.8650000000 1
'Si' 30.7800000000 20.5200000000 51.3000000000 1
'Si' 33.3450000000 23.0850000000 53.8650000000 1
'Si' 35.9100000000 20.5200000000 56.4300000000 1
'Si' 30.7800000000 25.6500000000 56.4300000000 1
'Si' 35.9100000000 25.6500000000 51.3000000000 1
'Si' 38.4750000000 23.0850000000 58.9950000000 1
'Si' 33.3450000000 28.2150000000 58.9950000000 1
'Si' 38.4750000000 28.2150000000 53.8650000000 1
'Si' 41.0400000000 20.5200000000 51.3000000000 1
'Si' 43.6050000000 23.0850000000 53.8650000000 1
'Si' 46.1700000000 20.5200000000 56.4300000000 1
'Si' 41.0400000000 25.6500000000 56.4300000000 1
'Si' 46.1700000000 25.6500000000 51.3000000000 1
'Si' 48.7350000000 23.0850000000 58.9950000000 1
'Si' 43.6050000000 28.2150000000 58.9950000000 1
'Si' 48.7350000000 28.2150000000 53.8650000000 1
'Si' 51.3000000000 20.5200000000 51.3000000000 1
'Si' 53.8650000000 23.0850000000 53.8650000000 1
'Si' 56.4300000000 20.5200000000 56.4300000000 1
'Si' 51.3000000000 25.6500000000 56.4300000000 1
'Si' 56.4300000000 25.6500000000 51.3000000000 1
'Si' 58.9950000000 23.0850000000 58.9950000000 1
'Si' 53.8650000000 28.2150000000 58.9950000000 1
'Si' 58.9950000000 28.2150000000 53.8650000000 1
'Si' 61.5600000000 20.5200000000 51.3000000000 1
'Si' 64.1250000000 23.0850000000 53.8650000000 1
'Si' 66.6900000000 20.5200000000 56.4300000000 1
'Si' 61.5600000000 25.6500000000 56.4300000000 1
'Si' 66.6900000000 25.6500000000 51.3000000000 1
'Si' 69.2550000000 23.0850000000 58.9950000000 1
'Si' 64.1250000000 28.2150000000 58.9950000000 1
'Si' 69.2550000000 28.2150000000 53.8650000000 1
'Si' 71.8200000000 20.5200000000 51.3000000000 1
'Si' 74.3850000000 23.0850000000 53.8650000000 1
'Si' 76.9500000000 20.5200000000 56.4300000000 1
'Si' 71.8200000000 25.6500000000 56.4300000000 1
'Si' 76.9500000000 25.6500000000 51.3000000000 1
'Si' 79.5150000000 23.0850000000 58.9950000000 1
'Si' 74.3850000000 28.2150000000 58.9950000000 1
'Si' 79.5150000000 28.2150000000 53.8650000000 1
'Si' 82.0800000000 20.5200000000 51.3000000000 1
'Si' 84.6450000000 23.0850000000 53.8650000000 1
'Si' 87.2100000000 20.5200000000 56.4300000000 1
'Si' 82.0800000000 25.6500000000 56.4300000000 1
'Si' 87.2100000000 25.6500000000 51.3000000000 1
'Si' 89.7750000000 23.0850000000 58.9950000000 1
'Si' 84.6450000000 28.2150000000 58.9950000000 1
'Si' 89.7750000000 28.2150000000 53.8650000000 1
'Si' 92.3400000000 20.5200000000 51.3000000000 1
'Si' 94.9050000000 23.0850000000 53.8650000000 1
'Si' 97.4700000000 20.5200000000 56.4300000000 1
'Si' 92.3400000000 25.6500000000 56.4300000000 1
'Si' 97.4700000000 25.6500000000 51.3000000000 1
'Si' 100.0350000000 23.0850000000 58.9950000000 1
'Si' 94.9050000000 28.2150000000 58.9950000000 1
'Si' 100.0350000000 28.2150000000 53.8650000000 1
'Si' 0.0000000000 30.7800000000 51.3000000000 1
'Si' 2.5650000000 33.3450000000 53.8650000000 1
'Si' 5.1300000000 30.7800000000 56.4300000000 1
'Si' 0.0000000000 35.9100000000 56.4300000000 1
'Si' 5.1300000000 35.9100000000 51.3000000000 1
'Si' 7.6950000000 33.3450000000 58.9950000000 1
'Si' 2.5650000000 38.4750000000 58.9950000000 1
'Si' 7.6950000000 38.4750000000 53.8650000000 1
'Si' 10.2600000000 30.7800000000 51.3000000000 1
'Si' 12.8250000000 33.3450000000 53.8650000000 1
'Si' 15.3900000000 30.7800000000 56.4300000000 1
'Si' 10.2600000000 35.9100000000 56.4300000000 1
'Si' 15.3900000000 35.9100000000 51.3000000000 1
'Si' 17.9550000000 33.3450000000 58.9950000000 1
'Si' 12.8250000000 38.4750000000 58.9950000000 1
'Si' 17.9550000000 38.4750000000 53.8650000000 1
'Si' 20.5200000000 30.7800000000 51.3000000000 1
'Si' 23.0850000000 33.3450000000 53.8650000000 1
'Si' 25.6500000000 30.7800000000 56.4300000000 1
'Si' 20.5200000000 35.9100000000 56.4300000000 1
'Si' 25.6500000000 35.9100000000 51.3000000000 1
'Si' 28.2150000000 33.3450000000 58.9950000000 1
'Si' 23.0850000000 38.4750000000 58.9950000000 1
'Si' 28.2150000000 38.4750000000 53.8650000000 1
'Si' 30.7800000000 30.7800000000 51.3000000000 1
'Si' 33.3450000000 33.3450000000 53.8650000000 1
'Si' 35.9100000000 30.7800000000 56.4300000000 1
'Si' 30.7800000000 35.9100000000 56.4300000000 1
'Si' 35.9100000000 35.9100000000 51.3000000000 1
'Si' 38.4750000000 33.3450000000 58.9950000000 1
'Si' 33.3450000000 38.4750000000 58.9950000000 1
'Si' 38.4750000000 38.4750000000 53.8650000000 1
'Si' 41.0400000000 30.7800000000 51.3000000000 1
'Si' 43.6050000000 33.3450000000 53.8650000000 1
'Si' 46.1700000000 30.7800000000 56.4300000000 1
'Si' 41.0400000000 35.9100000000 56.4300000000 1
'Si' 46.1700000000 35.9100000000 51.3000000000 1
'Si' 48.7350000000 33.3450000000 58.9950000000 1
'Si' 43.6050000000 38.4750000000 58.9950000000 1
'Si' 48.7350000000 38.4750000000 53.8650000000 1
'Si' 51.3000000000 30.7800000000 51.3000000000 1
'Si' 53.8650000000 33.3450000000 53.8650000000 1
'Si' 56.4300000000 30.7800000000 56.4300000000 1
'Si' 51.3000000000 35.9100000000 56.4300000000 1
'Si' 56.4300000000 35.9100000000 51.3000000000 1
'Si' 58.9950000000 33.3450000000 58.9950000000 1
'Si' 53.8650000000 38.4750000000 58.9950000000 1
'Si' 58.9950000000 38.4750000000 53.8650000000 1
'Si' 61.5600000000 30.7800000000 51.3000000000 1
'Si' 64.1250000000 33.3450000000 53.8650000000 1
'Si' 66.6900000000 30.7800000000 56.4300000000 1
'Si' 61.5600000000 35.9100000000 56.4300000000 1
'Si' 66.6900000000 35.9100000000 51.3000000000 1
'Si' 69.2550000000 33.3450000000 58.9950000000 1
'Si' 64.1250000000 38.4750000000 58.9950000000 1
'Si' 69.2550000000 38.4750000000 53.8650000000 1
'Si' 71.8200000000 30.7800000000 51.3000000000 1
'Si' 74.3850000000 33.3450000000 53.8650000000 1
'Si' 76.9500000000 30.7800000000 56.4300000000 1
'Si' 71.8200000000 35.9100000000 56.4300000000 1
'Si' 76.9500000000 35.9100000000 51.3000000000 1
'Si' 79.5150000000 33.3450000000 58.9950000000 1
'Si' 74.3850000000 38.4750000000 58.9950000000 1
'Si' 79.5150000000 38.4750000000 53.8650000000 1
'Si' 82.0800000000 30.7800000000 51.3000000000 1
'Si' 84.6450000000 33.3450000000 53.8650000000 1
'Si' 87.2100000000 30.7800000000 56.4300000000 1
'Si' 82.0800000000 35.9100000000 56.4300000000 1
'Si' 87.2100000000 35.9100000000 51.3000000000 1
'Si' 89.7750000000 33.3450000000 58.9950000000 1
'Si' 84.6450000000 38.4750000000 58.9950000000 1
'Si' 89.7750000000 38.4750000000 53.8650000000 1
'Si' 92.3400000000 30.7800000000 51.3000000000 1
'Si' 94.9050000000 33.3450000000 53.8650000000 1
'Si' 97.4700000000 30.7800000000 56.4300000000 1
'Si' 92.3400000000 35.9100000000 56.4300000000 1
'Si' 97.4700000000 35.9100000000 51.3000000000 1
'Si' 100.0350000000 33.3450000000 58.9950000000 1
'Si' 94.9050000000 38.4750000000 58.9950000000 1
'Si' 100.0350000000 38.4750000000 53.8650000000 1
'Si' 0.0000000000 41.0400000000 51.3000000000 1
'Si' 2.5650000000 43.6050000000 53.8650000000 1
'Si' 5.1300000000 41.0400000000 56.4300000000 1
'Si' 0.0000000000 46.1700000000 56.4300000000 1
'Si' 5.1300000000 46.1700000000 51.3000000000 1
'Si' 7.6950000000 43.6050000000 58.9950000000 1
'Si' 2.5650000000 48.7350000000 58.9950000000 1
'Si' 7.6950000000 48.7350000000 53.8650000000 1
'Si' 10.2600000000 41.0400000000 51.3000000000 1
'Si' 12.8250000000 43.6050000000 53.8650000000 1
'Si' 15.3900000000 41.0400000000 56.4300000000 1
'Si' 10.2600000000 46.1700000000 56.4300000000 1
'Si' 15.3900000000 46.1700000000 51.3000000000 1
'Si' 17.9550000000 43.6050000000 58.9950000000 1
'Si' 12.8250000000 48.7350000000 58.9950000000 1
'Si' 17.9550000000 48.7350000000 53.8650000000 1
'Si' 20.5200000000 41.0400000000 51.3000000000 1
'Si' 23.0850000000 43.6050000000 53.8650000000 1
'Si' 25.6500000000 41.0400000000 56.4300000000 1
'Si' 20.5200000000 46.1700000000 56.4300000000 1
'Si' 25.6500000000 46.1700000000 51.3000000000 1
'Si' 28.2150000000 43.6050000000 58.9950000000 1
'Si' 23.0850000000 48.7350000000 58.9950000000 1
'Si' 28.2150000000 48.7350000000 53.8650000000 1
'Si' 30.7800000000 41.0400000000 51.3000000000 1
'Si' 33.3450000000 43.6050000000 53.8650000000 1
'Si' 35.9100000000 41.0400000000 56.4300000000 1
'Si' 30.7800000000 46.1700000000 56.4300000000 1
'Si' 35.9100000000 46.1700000000 51.3000000000 1
'Si' 38.4750000000 43.6050000000 58.9950000000 1
'Si' 33.3450000000 48.7350000000 58.9950000000 1
'Si' 38.4750000000 48.7350000000 53.8650000000 1
'Si' 41.0400000000 41.0400000000 51.3000000000 1
'Si' 43.6050000000 43.6050000000 53.8650000000 1
'Si' 46.1700000000 41.0400000000 56.4300000000 1
'Si' 41.0400000000 46.1700000000 56.4300000000 1
'Si' 46.1700000000 46.1700000000 51.3000000000 1
'Si' 48.7350000000 43.6050000000 58.9950000000 1
'Si' 43.6050000000 48.7350000000 58.9950000000 1
'Si' 48.7350000000 48.7350000000 53.8650000000 1
'Si' 51.3000000000 41.0400000000 51.3000000000 1
'Si' 53.8650000000 43.6050000000 53.8650000000 1
'Si' 56.4300000000 41.0400000000 56.4300000000 1
'Si' 51.3000000000 46.1700000000 56.4300000000 1
'Si' 56.4300000000 46.1700000000 51.3000000000 1
'Si' 58.9950000000 43.6050000000 58.9950000000 1
'Si' 53.8650000000 48.7350000000 58.9950000000 1
'Si' 58.9950000000 48.7350000000 53.8650000000 1
'Si' 61.5600000000 41.0400000000 51.3000000000 1
'Si' 64.1250000000 43.6050000000 53.8650000000 1
'Si' 66.6900000000 41.0400000000 56.4300000000 1
'Si' 61.5600000000 46.1700000000 56.4300000000 1
'Si' 66.6900000000 46.1700000000 51.3000000000 1
'Si' 69.2550000000 43.6050000000 58.9950000000 1
'Si' 64.1250000000 48.7350000000 58.9950000000 1
'Si' 69.2550000000 48.7350000000 53.8650000000 1
'Si' 71.8200000000 41.0400000000 51.3000000000 1
'Si' 74.3850000000 43.6050000000 53.8650000000 1
'Si' 76.9500000000 41.0400000000 56.4300000000 1
'Si' 71.8200000000 46.1700000000 56.4300000000 1
'Si' 76.9500000000 46.1700000000 51.3000000000 1
'Si' 79.5150000000 43.6050000000 58.9950000000 1
'Si' 74.3850000000 48.7350000000 58.9950000000 1
'Si' 79.5150000000 48.7350000000 53.8650000000 1
'Si' 82.0800000000 41.0400000000 51.3000000000 1
'Si' 84.6450000000 43.6050000000 53.8650000000 1
'Si' 87.2100000000 41.0400000000 56.4300000000 1
'Si' 82.0800000000 46.1700000000 56.4300000000 1
'Si' 87.2100000000 46.1700000000 51.3000000000 1
'Si' 89.7750000000 43.6050000000 58.9950000000 1
'Si' 84.6450000000 48.7350000000 58.9950000000 1
'Si' 89.7750000000 48.7350000000 53.8650000000 1
'Si' 92.3400000000 41.0400000000 51.3000000000 1
'Si' 94.9050000000 43.6050000000 53.8650000000 1
'Si' 97.4700000000 41.0400000000 56.4300000000 1
'Si' 92.3400000000 46.1700000000 56.4300000000 1
'Si' 97.4700000000 46.1700000000 51.3000000000 1
'Si' 100.0350000000 43.6050000000 58.9950000000 1
'Si' 94.9050000000 48.7350000000 58.9950000000 1
'Si' 100.0350000000 48.7350000000 53.8650000000 1
'Si' 0.0000000000 51.3000000000 51.3000000000 1
'Si' 2.5650000000 53.8650000000 53.8650000000 1
'Si' 5.1300000000 51.3000000000 56.4300000000 1
'Si' 0.0000000000 56.4300000000 56.4300000000 1
'Si' 5.1300000000 56.4300000000 51.3000000000 1
'Si' 7.6950000000 53.8650000000 58.9950000000 1
'Si' 2.5650000000 58.9950000000 58.9950000000 1
'Si' 7.6950000000 58.9950000000 53.8650000000 1
'Si' 10.2600000000 51.3000000000 51.3000000000 1
'Si' 12.8250000000 53.8650000000 53.8650000000 1
'Si' 15.3900000000 51.3000000000 56.4300000000 1
'Si' 10.2600000000 56.4300000000 56.4300000000 1
'Si' 15.3900000000 56.4300000000 51.3000000000 1
'Si' 17.9550000000 53.8650000000 58.9950000000 1
'Si' 12.8250000000 58.9950000000 58.9950000000 1
'Si' 17.9550000000 58.9950000000 53.8650000000 1
'Si' 20.5200000000 51.3000000000 51.3000000000 1
'Si' 23.0850000000 53.8650000000 53.8650000000 1
'Si' 25.6500000000 51.3000000000 56.4300000000 1
'Si' 20.5200000000 56.4300000000 56.4300000000 1
'Si' 25.6500000000 56.4300000000 51.3000000000 1
'Si' 28.2150000000 53.8650000000 58.9950000000 1
'Si' 23.0850000000 58.9950000000 58.9950000000 1
'Si' 28.2150000000 58.9950000000 53.8650000000 1
'Si' 30.7800000000 51.3000000000 51.3000000000 1
'Si' 33.3450000000 53.8650000000 53.8650000000 1
'Si' 35.9100000000 51.3000000000 56.4300000000 1
'Si' 30.7800000000 56.4300000000 56.4300000000 1
'Si' 35.9100000000 56.4300000000 51.3000000000 1
'Si' 38.4750000000 53.8650000000 58.9950000000 1
'Si' 33.3450000000 58.9950000000 58.9950000000 1
'Si' 38.4750000000 58.9950000000 53.8650000000 1
'Si' 41.0400000000 51.3000000000 51.3000000000 1
'Si' 43.6050000000 53.8650000000 53.8650000000 1
'Si' 46.1700000000 51.3000000000 56.4300000000 1
'Si' 41.0400000000 56.4300000000 56.4300000000 1
'Si' 46.1700000000 56.4300000000 51.3000000000 1
'Si' 48.7350000000 53.8650000000 58.9950000000 1
'Si' 43.6050000000 58.9950000000 58.9950000000 1
'Si' 48.7350000000 58.9950000000 53.8650000000 1
'Si' 51.3000000000 51.3000000000 51.3000000000 1
'Si' 53.8650000000 53.8650000000 53.8650000000 1
'Si' 56.4300000000 51.3000000000 56.4300000000 1
'Si' 51.3000000000 56.4300000000 56.4300000000 1
'Si' 56.4300000000 56.4300000000 51.3000000000 1
'Si' 58.9950000000 53.8650000000 58.9950000000 1
'Si' 53.8650000000 58.9950000000 58.9950000000 1
'Si' 58.9950000000 58.9950000000 53.8650000000 1
'Si' 61.5600000000 51.3000000000 51.3000000000 1
'Si' 64.1250000000 53.8650000000 53.8650000000 1
'Si' 66.6900000000 51.3000000000 56.4300000000 1
'Si' 61.5600000000 56.4300000000 56.4300000000 1
'Si' 66.6900000000 56.4300000000 51.3000000000 1
'Si' 69.2550000000 53.8650000000 58.9950000000 1
'Si' 64.1250000000 58.9950000000 58.9950000000 1
'Si' 69.2550000000 58.9950000000 53.8650000000 1
'Si' 71.8200000000 51.3000000000 51.3000000000 1
'Si' 74.3850000000 53.8650000000 53.8650000000 1
'Si' 76.9500000000 51.3000000000 56.4300000000 1
'Si' 71.8200000000 56.4300000000 56.4300000000 1
'Si' 76.9500000000 56.4300000000 51.3000000000 1
'Si' 79.5150000000 53.8650000000 58.9950000000 1
'Si' 74.3850000000 58.9950000000 58.9950000000 1
'Si' 79.5150000000 58.9950000000 53.8650000000 1
'Si' 82.0800000000 51.3000000000 51.3000000000 1
'Si' 84.6450000000 53.8650000000 53.8650000000 1
'Si' 87.2100000000 51.3000000000 56.4300000000 1
'Si' 82.0800000000 56.4300000000 56.4300000000 1
'Si' 87.2100000000 56.4300000000 51.3000000000 1
'Si' 89.7750000000 53.8650000000 58.9950000000 1
'Si' 84.6450000000 58.9950000000 58.9950000000 1
'Si' 89.7750000000 58.9950000000 53.8650000000 1
'Si' 92.3400000000 51.3000000000 51.3000000000 1
'Si' 94.9050000000 53.8650000000 53.8650000000 1
'Si' 97.4700000000 51.3000000000 56.4300000000 1
'Si' 92.3400000000 56.4300000000 56.4300000000 1
'Si' 97.4700000000 56.4300000000 51.3000000000 1
'Si' 100.0350000000 53.8650000000 58.9950000000 1
'Si' 94.9050000000 58.9950000000 58.9950000000 1
'Si' 100.0350000000 58.9950000000 53.8650000000 1
'Si' 0.0000000000 61.5600000000 51.3000000000 1
'Si' 2.5650000000 64.1250000000 53.8650000000 1
'Si' 5.1300000000 61.5600000000 56.4300000000 1
'Si' 0.0000000000 66.6900000000 56.4300000000 1
'Si' 5.1300000000 66.6900000000 51.3000000000 1
'Si' 7.6950000000 64.1250000000 58.9950000000 1
'Si' 2.5650000000 69.2550000000 58.9950000000 1
'Si' 7.6950000000 69.2550000000 53.8650000000 1
'Si' 10.2600000000 61.5600000000 51.3000000000 1
'Si' 12.8250000000 64.1250000000 53.8650000000 1
'Si' 15.3900000000 61.5600000000 56.4300000000 1
'Si' 10.2600000000 66.6900000000 56.4300000000 1
'Si' 15.3900000000 66.6900000000 51.3000000000 1
'Si' 17.9550000000 64.1250000000 58.9950000000 1
'Si' 12.8250000000 69.2550000000 58.9950000000 1
'Si' 17.9550000000 69.2550000000 53.8650000000 1
'Si' 20.5200000000 61.5600000000 51.3000000000 1
'Si' 23.0850000000 64.1250000000 53.8650000000 1
'Si' 25.6500000000 61.5600000000 56.4300000000 1
'Si' 20.5200000000 66.6900000000 56.4300000000 1
'Si' 25.6500000000 66.6900000000 51.3000000000 1
'Si' 28.2150000000 64.1250000000 58.9950000000 1
'Si' 23.0850000000 69.2550000000 58.9950000000 1
'Si' 28.2150000000 69.2550000000 53.8650000000 1
'Si' 30.7800000000 61.5600000000 51.3000000000 1
'Si' 33.3450000000 64.1250000000 53.8650000000 1
'Si' 35.9100000000 61.5600000000 56.4300000000 1
'Si' 30.7800000000 66.6900000000 56.4300000000 1
'Si' 35.9100000000 66.6900000000 51.3000000000 1
'Si' 38.4750000000 64.1250000000 58.9950000000 1
'Si' 33.3450000000 69.2550000000 58.9950000000 1
'Si' 38.4750000000 69.2550000000 53.8650000000 1
'Si' 41.0400000000 61.5600000000 51.3000000000 1
'Si' 43.6050000000 64.1250000000 53.8650000000 1
'Si' 46.1700000000 61.5600000000 56.4300000000 1
'Si' 41.0400000000 66.6900000000 56.4300000000 1
'Si' 46.1700000000 66.6900000000 51.3000000000 1
'Si' 48.7350000000 64.1250000000 58.9950000000 1
'Si' 43.6050000000 69.2550000000 58.9950000000 1
'Si' 48.7350000000 69.2550000000 53.8650000000 1
'Si' 51.3000000000 61.5600000000 51.3000000000 1
'Si' 53.8650000000 64.1250000000 53.8650000000 1
'Si' 56.4300000000 61.5600000000 56.4300000000 1
'Si' 51.3000000000 66.6900000000 56.4300000000 1
'Si' 56.4300000000 66.6900000000 51.3000000000 1
'Si' 58.9950000000 64.1250000000 58.9950000000 1
'Si' 53.8650000000 69.2550000000 58.9950000000 1
'Si' 58.9950000000 69.2550000000 53.8650000000 1
'Si' 61.5600000000 61.5600000000 51.3000000000 1
'Si' 64.1250000000 64.1250000000 53.8650000000 1
'Si' 66.6900000000 61.5600000000 56.4300000000 1
'Si' 61.5600000000 66.6900000000 56.4300000000 1
'Si' 66.6900000000 66.6900000000 51.3000000000 1
'Si' 69.2550000000 64.1250000000 58.9950000000 1
'Si' 64.1250000000 69.2550000000 58.9950000000 1
'Si' 69.2550000000 69.2550000000 53.8650000000 1
'Si' 71.8200000000 61.5600000000 51.3000000000 1
'Si' 74.3850000000 64.1250000000 53.8650000000 1
'Si' 76.9500000000 61.5600000000 56.4300000000 1
'Si' 71.8200000000 66.6900000000 56.4300000000 1
'Si' 76.9500000000 66.6900000000 51.3000000000 1
'Si' 79.5150000000 64.1250000000 58.9950000000 1
'Si' 74.3850000000 69.2550000000 58.9950000000 1
'Si' 79.5150000000 69.2550000000 53.8650000000 1
'Si' 82.0800000000 61.5600000000 51.3000000000 1
'Si' 84.6450000000 64.1250000000 53.8650000000 1
'Si' 87.2100000000 61.5600000000 56.4300000000 1
'Si' 82.0800000000 66.6900000000 56.4300000000 1
'Si' 87.2100000000 66.6900000000 51.3000000000 1
'Si' 89.7750000000 64.1250000000 58.9950000000 1
'Si' 84.6450000000 69.2550000000 58.9950000000 1
'Si' 89.7750000000 69.2550000000 53.8650000000 1
'Si' 92.3400000000 61.5600000000 51.3000000000 1
'Si' 94.9050000000 64.1250000000 53.8650000000 1
'Si' 97.4700000000 61.5600000000 56.4300000000 1
'Si' 92.3400000000 66.6900000000 56.4300000000 1
'Si' 97.4700000000 66.6900000000 51.3000000000 1
'Si' 100.0350000000 64.1250000000 58.9950000000 1
'Si' 94.9050000000 69.2550000000 58.9950000000 1
'Si' 100.0350000000 69.2550000000 53.8650000000 1
'Si' 0.0000000000 71.8200000000 51.3000000000 1
'Si' 2.5650000000 74.3850000000 53.8650000000 1
'Si' 5.1300000000 71.8200000000 56.4300000000 1
'Si' 0.0000000000 76.9500000000 56.4300000000 1
'Si' 5.1300000000 76.9500000000 51.3000000000 1
'Si' 7.6950000000 74.3850000000 58.9950000000 1
'Si' 2.5650000000 79.5150000000 58.9950000000 1
'Si' 7.6950000000 79.5150000000 53.8650000000 1
'Si' 10.2600000000 71.8200000000 51.3000000000 1
'Si' 12.8250000000 74.3850000000 53.8650000000 1
'Si' 15.3900000000 71.8200000000 56.4300000000 1
'Si' 10.2600000000 76.9500000000 56.4300000000 1
'Si' 15.3900000000 76.9500000000 51.3000000000 1
'Si' 17.9550000000 74.3850000000 58.9950000000 1
'Si' 12.8250000000 79.5150000000 58.9950000000 1
'Si' 17.9550000000 79.5150000000 53.8650000000 1
'Si' 20.5200000000 71.8200000000 51.3000000000 1
'Si' 23.0850000000 74.3850000000 53.8650000000 1
'Si' 25.6500000000 71.8200000000 56.4300000000 1
'Si' 20.5200000000 76.9500000000 56.4300000000 1
'Si' 25.6500000000 76.9500000000 51.3000000000 1
'Si' 28.2150000000 74.3850000000 58.9950000000 1
'Si' 23.0850000000 79.5150000000 58.9950000000 1
'Si' 28.2150000000 79.5150000000 53.8650000000 1
'Si' 30.7800000000 71.8200000000 51.3000000000 1
'Si' 33.3450000000 74.3850000000 53.8650000000 1
'Si' 35.9100000000 71.8200000000 56.4300000000 1
'Si' 30.7800000000 76.9500000000 56.4300000000 1
'Si' 35.9100000000 76.9500000000 51.3000000000 1
'Si' 38.4750000000 74.3850000000 58.9950000000 1
'Si' 33.3450000000 79.5150000000 58.9950000000 1
'Si' 38.4750000000 79.5150000000 53.8650000000 1
'Si' 41.0400000000 71.8200000000 51.3000000000 1
'Si' 43.6050000000 74.3850000000 53.8650000000 1
'Si' 46.1700000000 71.8200000000 56.4300000000 1
'Si' 41.0400000000 76.9500000000 56.4300000000 1
'Si' 46.1700000000 76.9500000000 51.3000000000 1
'Si' 48.7350000000 74.3850000000 58.9950000000 1
'Si' 43.6050000000 79.5150000000 58.9950000000 1
'Si' 48.7350000000 79.5150000000 53.8650000000 1
'Si' 51.3000000000 71.8200000000 51.3000000000 1
'Si' 53.8650000000 74.3850000000 53.8650000000 1
'Si' 56.4300000000 71.8200000000 56.4300000000 1
'Si' 51.3000000000 76.9500000000 56.4300000000 1
'Si' 56.4300000000 76.9500000000 51.3000000000 1
'Si' 58.9950000000 74.3850000000 58.9950000000 1
'Si' 53.8650000000 79.5150000000 58.9950000000 1
'Si' 58.9950000000 79.5150000000 53.8650000000 1
'Si' 61.5600000000 71.8200000000 51.3000000000 1
'Si' 64.1250000000 74.3850000000 53.8650000000 1
'Si' 66.6900000000 71.8200000000 56.4300000000 1
'Si' 61.5600000000 76.9500000000 56.4300000000 1
'Si' 66.6900000000 76.9500000000 51.3000000000 1
'Si' 69.2550000000 74.3850000000 58.9950000000 1
'Si' 64.1250000000 79.5150000000 58.9950000000 1
'Si' 69.2550000000 79.5150000000 53.8650000000 1
'Si' 71.8200000000 71.8200000000 51.3000000000 1
'Si' 74.3850000000 74.3850000000 53.8650000000 1
'Si' 76.9500000000 71.8200000000 56.4300000000 1
'Si' 71.8200000000 76.9500000000 56.4300000000 1
'Si' 76.9500000000 76.9500000000 51.3000000000 1
'Si' 79.5150000000 74.3850000000 58.9950000000 1
'Si' 74.3850000000 79.5150000000 58.9950000000 1
'Si' 79.5150000000 79.5150000000 53.8650000000 1
'Si' 82.0800000000 71.8200000000 51.3000000000 1
'Si' 84.6450000000 74.3850000000 53.8650000000 1
'Si' 87.2100000000 71.8200000000 56.4300000000 1
'Si' 82.0800000000 76.9500000000 56.4300000000 1
'Si' 87.2100000000 76.9500000000 51.3000000000 1
'Si' 89.7750000000 74.3850000000 58.9950000000 1
'Si' 84.6450000000 79.5150000000 58.9950000000 1
'Si' 89.7750000000 79.5150000000 53.8650000000 1
'Si' 92.3400000000 71.8200000000 51.3000000000 1
'Si' 94.9050000000 74.3850000000 53.8650000000 1
'Si' 97.4700000000 71.8200000000 56.4300000000 1
'Si' 92.3400000000 76.9500000000 56.4300000000 1
'Si' 97.4700000000 76.9500000000 51.3000000000 1
'Si' 100.0350000000 74.3850000000 58.9950000000 1
'Si' 94.9050000000 79.5150000000 58.9950000000 1
'Si' 100.0350000000 79.5150000000 53.8650000000 1
'Si' 0.0000000000 82.0800000000 51.3000000000 1
'Si' 2.5650000000 84.6450000000 53.8650000000 1
'Si' 5.1300000000 82.0800000000 56.4300000000 1
'Si' 0.0000000000 87.2100000000 56.4300000000 1
'Si' 5.1300000000 87.2100000000 51.3000000000 1
'Si' 7.6950000000 84.6450000000 58.9950000000 1
'Si' 2.5650000000 89.7750000000 58.9950000000 1
'Si' 7.6950000000 89.7750000000 53.8650000000 1
'Si' 10.2600000000 82.0800000000 51.3000000000 1
'Si' 12.8250000000 84.6450000000 53.8650000000 1
'Si' 15.3900000000 82.0800000000 56.4300000000 1
'Si' 10.2600000000 87.2100000000 56.4300000000 1
'Si' 15.3900000000 87.2100000000 51.3000000000 1
'Si' 17.9550000000 84.6450000000 58.9950000000 1
'Si' 12.8250000000 89.7750000000 58.9950000000 1
'Si' 17.9550000000 89.7750000000 53.8650000000 1
'Si' 20.5200000000 82.0800000000 51.3000000000 1
'Si' 23.0850000000 84.6450000000 53.8650000000 1
'Si' 25.6500000000 82.0800000000 56.4300000000 1
'Si' 20.5200000000 87.2100000000 56.4300000000 1
'Si' 25.6500000000 87.2100000000 51.3000000000 1
'Si' 28.2150000000 84.6450000000 58.9950000000 1
'Si' 23.0850000000 89.7750000000 58.9950000000 1
'Si' 28.2150000000 89.7750000000 53.8650000000 1
'Si' 30.7800000000 82.0800000000 51.3000000000 1
'Si' 33.3450000000 84.6450000000 53.8650000000 1
'Si' 35.9100000000 82.0800000000 56.4300000000 1
'Si' 30.7800000000 87.2100000000 56.4300000000 1
'Si' 35.9100000000 87.2100000000 51.3000000000 1
'Si' 38.4750000000 84.6450000000 58.9950000000 1
'Si' 33.3450000000 89.7750000000 58.9950000000 1
'Si' 38.4750000000 89.7750000000 53.8650000000 1
'Si' 41.0400000000 82.0800000000 51.3000000000 1
'Si' 43.6050000000 84.6450000000 53.8650000000 1
'Si' 46.1700000000 82.0800000000 56.4300000000 1
'Si' 41.0400000000 87.2100000000 56.4300000000 1
'Si' 46.1700000000 87.2100000000 51.3000000000 1
'Si' 48.7350000000 84.6450000000 58.9950000000 1
'Si' 43.6050000000 89.7750000000 58.9950000000 1
'Si' 48.7350000000 89.7750000000 53.8650000000 1
'Si' 51.3000000000 82.0800000000 51.3000000000 1
'Si' 53.8650000000 84.6450000000 53.8650000000 1
'Si' 56.4300000000 82.0800000000 56.4300000000 1
'Si' 51.3000000000 87.2100000000 56.4300000000 1
'Si' 56.4300000000 87.2100000000 51.3000000000 1
'Si' 58.9950000000 84.6450000000 58.9950000000 1
'Si' 53.8650000000 89.7750000000 58.9950000000 1
'Si' 58.9950000000 89.7750000000 53.8650000000 1
'Si' 61.5600000000 82.0800000000 51.3000000000 1
'Si' 64.1250000000 84.6450000000 53.8650000000 1
'Si' 66.6900000000 82.0800000000 56.4300000000 1
'Si' 61.5600000000 87.2100000000 56.4300000000 1
'Si' 66.6900000000 87.2100000000 51.3000000000 1
'Si' 69.2550000000 84.6450000000 58.9950000000 1
'Si' 64.1250000000 89.7750000000 58.9950000000 1
'Si' 69.2550000000 89.7750000000 53.8650000000 1
'Si' 71.8200000000 82.0800000000 51.3000000000 1
'Si' 74.3850000000 84.6450000000 53.8650000000 1
'Si' 76.9500000000 82.0800000000 56.4300000000 1
'Si' 71.8200000000 87.2100000000 56.4300000000 1
'Si' 76.9500000000 87.2100000000 51.3000000000 1
'Si' 79.5150000000 84.6450000000 58.9950000000 1
'Si' 74.3850000000 89.7750000000 58.9950000000 1
'Si' 79.5150000000 89.7750000000 53.8650000000 1
'Si' 82.0800000000 82.0800000000 51.3000000000 1
'Si' 84.6450000000 84.6450000000 53.8650000000 1
'Si' 87.2100000000 82.0800000000 56.4300000000 1
'Si' 82.0800000000 87.2100000000 56.4300000000 1
'Si' 87.2100000000 87.2100000000 51.3000000000 1
'Si' 89.7750000000 84.6450000000 58.9950000000 1
'Si' 84.6450000000 89.7750000000 58.9950000000 1
'Si' 89.7750000000 89.7750000000 53.8650000000 1
'Si' 92.3400000000 82.0800000000 51.3000000000 1
'Si' 94.9050000000 84.6450000000 53.8650000000 1
'Si' 97.4700000000 82.0800000000 56.4300000000 1
'Si' 92.3400000000 87.2100000000 56.4300000000 1
'Si' 97.4700000000 87.2100000000 51.3000000000 1
'Si' 100.0350000000 84.6450000000 58.9950000000 1
'Si' 94.9050000000 89.7750000000 58.9950000000 1
'Si' 100.0350000000 89.7750000000 53.8650000000 1
'Si' 0.0000000000 92.3400000000 51.3000000000 1
'Si' 2.5650000000 94.9050000000 53.8650000000 1
'Si' 5.1300000000 92.3400000000 56.4300000000 1
'Si' 0.0000000000 97.4700000000 56.4300000000 1
'Si' 5.1300000000 97.4700000000 51.3000000000 1
'Si' 7.6950000000 94.9050000000 58.9950000000 1
'Si' 2.5650000000 100.0350000000 58.9950000000 1
'Si' 7.6950000000 100.0350000000 53.8650000000 1
'Si' 10.2600000000 92.3400000000 51.3000000000 1
'Si' 12.8250000000 94.9050000000 53.8650000000 1
'Si' 15.3900000000 92.3400000000 56.4300000000 1
'Si' 10.2600000000 97.4700000000 56.4300000000 1
'Si' 15.3900000000 97.4700000000 51.3000000000 1
'Si' 17.9550000000 94.9050000000 58.9950000000 1
'Si' 12.8250000000 100.0350000000 58.9950000000 1
'Si' 17.9550000000 100.0350000000 53.8650000000 1
'Si' 20.5200000000 92.3400000000 51.3000000000 1
'Si' 23.0850000000 94.9050000000 53.8650000000 1
'Si' 25.6500000000 92.3400000000 56.4300000000 1
'Si' 20.5200000000 97.4700000000 56.4300000000 1
'Si' 25.6500000000 97.4700000000 51.3000000000 1
'Si' 28.2150000000 94.9050000000 58.9950000000 1
'Si' 23.0850000000 100.0350000000 58.9950000000 1
'Si' 28.2150000000 100.0350000000 53.8650000000 1
'Si' 30.7800000000 92.3400000000 51.3000000000 1
'Si' 33.3450000000 94.9050000000 53.8650000000 1
'Si' 35.9100000000 92.3400000000 56.4300000000 1
'Si' 30.7800000000 97.4700000000 56.4300000000 1
'Si' 35.9100000000 97.4700000000 51.3000000000 1
'Si' 38.4750000000 94.9050000000 58.9950000000 1
'Si' 33.3450000000 100.0350000000 58.9950000000 1
'Si' 38.4750000000 100.0350000000 53.8650000000 1
'Si' 41.0400000000 92.3400000000 51.3000000000 1
'Si' 43.6050000000 94.9050000000 53.8650000000 1
'Si' 46.1700000000 92.3400000000 56.4300000000 1
'Si' 41.0400000000 97.4700000000 56.4300000000 1
'Si' 46.1700000000 97.4700000000 51.3000000000 1
'Si' 48.7350000000 94.9050000000 58.9950000000 1
'Si' 43.6050000000 100.0350000000 58.9950000000 1
'Si' 48.7350000000 100.0350000000 53.8650000000 1
'Si' 51.3000000000 92.3400000000 51.3000000000 1
'Si' 53.8650000000 94.9050000000 53.8650000000 1
'Si' 56.4300000000 92.3400000000 56.4300000000 1
'Si' 51.3000000000 97.4700000000 56.4300000000 1
'Si' 56.4300000000 97.4700000000 51.3000000000 1
'Si' 58.9950000000 94.9050000000 58.9950000000 1
'Si' 53.8650000000 100.0350000000 58.9950000000 1
'Si' 58.9950000000 100.0350000000 53.8650000000 1
'Si' 61.5600000000 92.3400000000 51.3000000000 1
'Si' 64.1250000000 94.9050000000 53.8650000000 1
'Si' 66.6900000000 92.3400000000 56.4300000000 1
'Si' 61.5600000000 97.4700000000 56.4300000000 1
'Si' 66.6900000000 97.4700000000 51.3000000000 1
'Si' 69.2550000000 94.9050000000 58.9950000000 1
'Si' 64.1250000000 100.0350000000 58.9950000000 1
'Si' 69.2550000000 100.0350000000 53.8650000000 1
'Si' 71.8200000000 92.3400000000 51.3000000000 1
'Si' 74.3850000000 94.9050000000 53.8650000000 1
'Si' 76.9500000000 92.3400000000 56.4300000000 1
'Si' 71.8200000000 97.4700000000 56.4300000000 1
'Si' 76.9500000000 97.4700000000 51.3000000000 1
'Si' 79.5150000000 94.9050000000 58.9950000000 1
'Si' 74.3850000000 100.0350000000 58.9950000000 1
'Si' 79.5150000000 100.0350000000 53.8650000000 1
'Si' 82.0800000000 92.3400000000 51.3000000000 1
'Si' 84.6450000000 94.9050000000 53.8650000000 1
'Si' 87.2100000000 92.3400000000 56.4300000000 1
'Si' 82.0800000000 97.4700000000 56.4300000000 1
'Si' 87.2100000000 97.4700000000 51.3000000000 1
'Si' 89.7750000000 94.9050000000 58.9950000000 1
'Si' 84.6450000000 100.0350000000 58.9950000000 1
'Si' 89.7750000000 100.0350000000 53.8650000000 1
'Si' 92.3400000000 92.3400000000 51.3000000000 1
'Si' 94.9050000000 94.9050000000 53.8650000000 1
'Si' 97.4700000000 92.3400000000 56.4300000000 1
'Si' 92.3400000000 97.4700000000 56.4300000000 1
'Si' 97.4700000000 97.4700000000 51.3000000000 1
'Si' 100.0350000000 94.9050000000 58.9950000000 1
'Si' 94.9050000000 100.0350000000 58.9950000000 1
'Si' 100.0350000000 100.0350000000 53.8650000000 1
'Si' 0.0000000000 0.0000000000 61.5600000000 1
'Si' 2.5650000000 2.5650000000 64.1250000000 1
'Si' 5.1300000000 0.0000000000 66.6900000000 1
'Si' 0.0000000000 5.1300000000 66.6900000000 1
'Si' 5.1300000000 5.1300000000 61.5600000000 1
'Si' 7.6950000000 2.5650000000 69.2550000000 1
'Si' 2.5650000000 7.6950000000 69.2550000000 1
'Si' 7.6950000000 7.6950000000 64.1250000000 1
'Si' 10.2600000000 0.0000000000 61.5600000000 1
'Si' 12.8250000000 2.5650000000 64.1250000000 1
'Si' 15.3900000000 0.0000000000 66.6900000000 1
'Si' 10.2600000000 5.1300000000 66.6900000000 1
'Si' 15.3900000000 5.1300000000 61.5600000000 1
'Si' 17.9550000000 2.5650000000 69.2550000000 1
'Si' 12.8250000000 7.6950000000 69.2550000000 1
'Si' 17.9550000000 7.6950000000 64.1250000000 1
'Si' 20.5200000000 0.0000000000 61.5600000000 1
'Si' 23.0850000000 2.5650000000 64.1250000000 1
'Si' 25.6500000000 0.0000000000 66.6900000000 1
'Si' 20.5200000000 5.1300000000 66.6900000000 1
'Si' 25.6500000000 5.1300000000 61.5600000000 1
'Si' 28.2150000000 2.5650000000 69.2550000000 1
'Si' 23.0850000000 7.6950000000 69.2550000000 1
'Si' 28.2150000000 7.6950000000 64.1250000000 1
'Si' 30.7800000000 0.0000000000 61.5600000000 1
'Si' 33.3450000000 2.5650000000 64.1250000000 1
'Si' 35.9100000000 0.0000000000 66.6900000000 1
'Si' 30.7800000000 5.1300000000 66.6900000000 1
'Si' 35.9100000000 5.1300000000 61.5600000000 1
'Si' 38.4750000000 2.5650000000 69.2550000000 1
'Si' 33.3450000000 7.6950000000 69.2550000000 1
'Si' 38.4750000000 7.6950000000 64.1250000000 1
'Si' 41.0400000000 0.0000000000 61.5600000000 1
'Si' 43.6050000000 2.5650000000 64.1250000000 1
'Si' 46.1700000000 0.0000000000 66.6900000000 1
'Si' 41.0400000000 5.1300000000 66.6900000000 1
'Si' 46.1700000000 5.1300000000 61.5600000000 1
'Si' 48.7350000000 2.5650000000 69.2550000000 1
'Si' 43.6050000000 7.6950000000 69.2550000000 1
'Si' 48.7350000000 7.6950000000 64.1250000000 1
'Si' 51.3000000000 0.0000000000 61.5600000000 1
'Si' 53.8650000000 2.5650000000 64.1250000000 1
'Si' 56.4300000000 0.0000000000 66.6900000000 1
'Si' 51.3000000000 5.1300000000 66.6900000000 1
'Si' 56.4300000000 5.1300000000 61.5600000000 1
'Si' 58.9950000000 2.5650000000 69.2550000000 1
'Si' 53.8650000000 7.6950000000 69.2550000000 1
'Si' 58.9950000000 7.6950000000 64.1250000000 1
'Si' 61.5600000000 0.0000000000 61.5600000000 1
'Si' 64.1250000000 2.5650000000 64.1250000000 1
'Si' 66.6900000000 0.0000000000 66.6900000000 1
'Si' 61.5600000000 5.1300000000 66.6900000000 1
'Si' 66.6900000000 5.1300000000 61.5600000000 1
'Si' 69.2550000000 2.5650000000 69.2550000000 1
'Si' 64.1250000000 7.6950000000 69.2550000000 1
'Si' 69.2550000000 7.6950000000 64.1250000000 1
'Si' 71.8200000000 0.0000000000 61.5600000000 1
'Si' 74.3850000000 2.5650000000 64.1250000000 1
'Si' 76.9500000000 0.0000000000 66.6900000000 1
'Si' 71.8200000000 5.1300000000 66.6900000000 1
'Si' 76.9500000000 5.1300000000 61.5600000000 1
'Si' 79.5150000000 2.5650000000 69.2550000000 1
'Si' 74.3850000000 7.6950000000 69.2550000000 1
'Si' 79.5150000000 7.6950000000 64.1250000000 1
'Si' 82.0800000000 0.0000000000 61.5600000000 1
'Si' 84.6450000000 2.5650000000 64.1250000000 1
'Si' 87.2100000000 0.0000000000 66.6900000000 1
'Si' 82.0800000000 5.1300000000 66.6900000000 1
'Si' 87.2100000000 5.1300000000 61.5600000000 1
'Si' 89.7750000000 2.5650000000 69.2550000000 1
'Si' 84.6450000000 7.6950000000 69.2550000000 1
'Si' 89.7750000000 7.6950000000 64.1250000000 1
'Si' 92.3400000000 0.0000000000 61.5600000000 1
'Si' 94.9050000000 2.5650000000 64.1250000000 1
'Si' 97.4700000000 0.0000000000 66.6900000000 1
'Si' 92.3400000000 5.1300000000 66.6900000000 1
'Si' 97.4700000000 5.1300000000 61.5600000000 1
'Si' 100.0350000000 2.5650000000 69.2550000000 1
'Si' 94.9050000000 7.6950000000 69.2550000000 1
'Si' 100.0350000000 7.6950000000 64.1250000000 1
'Si' 0.0000000000 10.2600000000 61.5600000000 1
'Si' 2.5650000000 12.8250000000 64.1250000000 1
'Si' 5.1300000000 10.2600000000 66.6900000000 1
'Si' 0.0000000000 15.3900000000 66.6900000000 1
'Si' 5.1300000000 15.3900000000 61.5600000000 1
'Si' 7.6950000000 12.8250000000 69.2550000000 1
'Si' 2.5650000000 17.9550000000 69.2550000000 1
'Si' 7.6950000000 17.9550000000 64.1250000000 1
'Si' 10.2600000000 10.2600000000 61.5600000000 1
'Si' 12.8250000000 12.8250000000 64.1250000000 1
'Si' 15.3900000000 10.2600000000 66.6900000000 1
'Si' 10.2600000000 15.3900000000 66.6900000000 1
'Si' 15.3900000000 15.3900000000 61.5600000000 1
'Si' 17.9550000000 12.8250000000 69.2550000000 1
'Si' 12.8250000000 17.9550000000 69.2550000000 1
'Si' 17.9550000000 17.9550000000 64.1250000000 1
'Si' 20.5200000000 10.2600000000 61.5600000000 1
'Si' 23.0850000000 12.8250000000 64.1250000000 1
'Si' 25.6500000000 10.2600000000 66.6900000000 1
'Si' 20.5200000000 15.3900000000 66.6900000000 1
'Si' 25.6500000000 15.3900000000 61.5600000000 1
'Si' 28.2150000000 12.8250000000 69.2550000000 1
'Si' 23.0850000000 17.9550000000 69.2550000000 1
'Si' 28.2150000000 17.9550000000 64.1250000000 1
'Si' 30.7800000000 10.2600000000 61.5600000000 1
'Si' 33.3450000000 12.8250000000 64.1250000000 1
'Si' 35.9100000000 10.2600000000 66.6900000000 1
'Si' 30.7800000000 15.3900000000 66.6900000000 1
'Si' 35.9100000000 15.3900000000 61.5600000000 1
'Si' 38.4750000000 12.8250000000 69.2550000000 1
'Si' 33.3450000000 17.9550000000 69.2550000000 1
'Si' 38.4750000000 17.9550000000 64.1250000000 1
'Si' 41.0400000000 10.2600000000 61.5600000000 1
'Si' 43.6050000000 12.8250000000 64.1250000000 1
'Si' 46.1700000000 10.2600000000 66.6900000000 1
'Si' 41.0400000000 15.3900000000 66.6900000000 1
'Si' 46.1700000000 15.3900000000 61.5600000000 1
'Si' 48.7350000000 12.8250000000 69.2550000000 1
'Si' 43.6050000000 17.9550000000 69.2550000000 1
'Si' 48.7350000000 17.9550000000 64.1250000000 1
'Si' 51.3000000000 10.2600000000 61.5600000000 1
'Si' 53.8650000000 12.8250000000 64.1250000000 1
'Si' 56.4300000000 10.2600000000 66.6900000000 1
'Si' 51.3000000000 15.3900000000 66.6900000000 1
'Si' 56.4300000000 15.3900000000 61.5600000000 1
'Si' 58.9950000000 12.8250000000 69.2550000000 1
'Si' 53.8650000000 17.9550000000 69.2550000000 1
'Si' 58.9950000000 17.9550000000 64.1250000000 1
'Si' 61.5600000000 10.2600000000 61.5600000000 1
'Si' 64.1250000000 12.8250000000 64.1250000000 1
'Si' 66.6900000000 10.2600000000 66.6900000000 1
'Si' 61.5600000000 15.3900000000 66.6900000000 1
'Si' 66.6900000000 15.3900000000 61.5600000000 1
'Si' 69.2550000000 12.8250000000 69.2550000000 1
'Si' 64.1250000000 17.9550000000 69.2550000000 1
'Si' 69.2550000000 17.9550000000 64.1250000000 1
'Si' 71.8200000000 10.2600000000 61.5600000000 1
'Si' 74.3850000000 12.8250000000 64.1250000000 1
'Si' 76.9500000000 10.2600000000 66.6900000000 1
'Si' 71.8200000000 15.3900000000 66.6900000000 1
'Si' 76.9500000000 15.3900000000 61.5600000000 1
'Si' 79.5150000000 12.8250000000 69.2550000000 1
'Si' 74.3850000000 17.9550000000 69.2550000000 1
'Si' 79.5150000000 17.9550000000 64.1250000000 1
'Si' 82.0800000000 10.2600000000 61.5600000000 1
'Si' 84.6450000000 12.8250000000 64.1250000000 1
'Si' 87.2100000000 10.2600000000 66.6900000000 1
'Si' 82.0800000000 15.3900000000 66.6900000000 1
'Si' 87.2100000000 15.3900000000 61.5600000000 1
'Si' 89.7750000000 12.8250000000 69.2550000000 1
'Si' 84.6450000000 17.9550000000 69.2550000000 1
'Si' 89.7750000000 17.9550000000 64.1250000000 1
'Si' 92.3400000000 10.2600000000 61.5600000000 1
'Si' 94.9050000000 12.8250000000 64.1250000000 1
'Si' 97.4700000000 10.2600000000 66.6900000000 1
'Si' 92.3400000000 15.3900000000 66.6900000000 1
'Si' 97.4700000000 15.3900000000 61.5600000000 1
'Si' 100.0350000000 12.8250000000 69.2550000000 1
'Si' 94.9050000000 17.9550000000 69.2550000000 1
'Si' 100.0350000000 17.9550000000 64.1250000000 1
'Si' 0.0000000000 20.5200000000 61.5600000000 1
'Si' 2.5650000000 23.0850000000 64.1250000000 1
'Si' 5.1300000000 20.5200000000 66.6900000000 1
'Si' 0.0000000000 25.6500000000 66.6900000000 1
'Si' 5.1300000000 25.6500000000 61.5600000000 1
'Si' 7.6950000000 23.0850000000 69.2550000000 1
'Si' 2.5650000000 28.2150000000 69.2550000000 1
'Si' 7.6950000000 28.2150000000 64.1250000000 1
'Si' 10.2600000000 20.5200000000 61.5600000000 1
'Si' 12.8250000000 23.0850000000 64.1250000000 1
'Si' 15.3900000000 20.5200000000 66.6900000000 1
'Si' 10.2600000000 25.6500000000 66.6900000000 1
'Si' 15.3900000000 25.6500000000 61.5600000000 1
'Si' 17.9550000000 23.0850000000 69.2550000000 1
'Si' 12.8250000000 28.2150000000 69.2550000000 1
'Si' 17.9550000000 28.2150000000 64.1250000000 1
'Si' 20.5200000000 20.5200000000 61.5600000000 1
'Si' 23.0850000000 23.0850000000 64.1250000000 1
'Si' 25.6500000000 20.5200000000 66.6900000000 1
'Si' 20.5200000000 25.6500000000 66.6900000000 1
'Si' 25.6500000000 25.6500000000 61.5600000000 1
'Si' 28.2150000000 23.0850000000 69.2550000000 1
'Si' 23.0850000000 28.2150000000 69.2550000000 1
'Si' 28.2150000000 28.2150000000 64.1250000000 1
'Si' 30.7800000000 20.5200000000 61.5600000000 1
'Si' 33.3450000000 23.0850000000 64.1250000000 1
'Si' 35.9100000000 20.5200000000 66.6900000000 1
'Si' 30.7800000000 25.6500000000 66.6900000000 1
'Si' 35.9100000000 25.6500000000 61.5600000000 1
'Si' 38.4750000000 23.0850000000 69.2550000000 1
'Si' 33.3450000000 28.2150000000 69.2550000000 1
'Si' 38.4750000000 28.2150000000 64.1250000000 1
'Si' 41.0400000000 20.5200000000 61.5600000000 1
'Si' 43.6050000000 23.0850000000 64.1250000000 1
'Si' 46.1700000000 20.5200000000 66.6900000000 1
'Si' 41.0400000000 25.6500000000 66.6900000000 1
'Si' 46.1700000000 25.6500000000 61.5600000000 1
'Si' 48.7350000000 23.0850000000 69.2550000000 1
'Si' 43.6050000000 28.2150000000 69.2550000000 1
'Si' 48.7350000000 28.2150000000 64.1250000000 1
'Si' 51.3000000000 20.5200000000 61.5600000000 1
'Si' 53.8650000000 23.0850000000 64.1250000000 1
'Si' 56.4300000000 20.5200000000 66.6900000000 1
'Si' 51.3000000000 25.6500000000 66.6900000000 1
'Si' 56.4300000000 25.6500000000 61.5600000000 1
'Si' 58.9950000000 23.0850000000 69.2550000000 1
'Si' 53.8650000000 28.2150000000 69.2550000000 1
'Si' 58.9950000000 28.2150000000 64.1250000000 1
'Si' 61.5600000000 20.5200000000 61.5600000000 1
'Si' 64.1250000000 23.0850000000 64.1250000000 1
'Si' 66.6900000000 20.5200000000 66.6900000000 1
'Si' 61.5600000000 25.6500000000 66.6900000000 1
'Si' 66.6900000000 25.6500000000 61.5600000000 1
'Si' 69.2550000000 23.0850000000 69.2550000000 1
'Si' 64.1250000000 28.2150000000 69.2550000000 1
'Si' 69.2550000000 28.2150000000 64.1250000000 1
'Si' 71.8200000000 20.5200000000 61.5600000000 1
'Si' 74.3850000000 23.0850000000 64.1250000000 1
'Si' 76.9500000000 20.5200000000 66.6900000000 1
'Si' 71.8200000000 25.6500000000 66.6900000000 1
'Si' 76.9500000000 25.6500000000 61.5600000000 1
'Si' 79.5150000000 23.0850000000 69.2550000000 1
'Si' 74.3850000000 28.2150000000 69.2550000000 1
'Si' 79.5150000000 28.2150000000 64.1250000000 1
'Si' 82.0800000000 20.5200000000 61.5600000000 1
'Si' 84.6450000000 23.0850000000 64.1250000000 1
'Si' 87.2100000000 20.5200000000 66.6900000000 1
'Si' 82.0800000000 25.6500000000 66.6900000000 1
'Si' 87.2100000000 25.6500000000 61.5600000000 1
'Si' 89.7750000000 23.0850000000 69.2550000000 1
'Si' 84.6450000000 28.2150000000 69.2550000000 1
'Si' 89.7750000000 28.2150000000 64.1250000000 1
'Si' 92.3400000000 20.5200000000 61.5600000000 1
'Si' 94.9050000000 23.0850000000 64.1250000000 1
'Si' 97.4700000000 20.5200000000 66.6900000000 1
'Si' 92.3400000000 25.6500000000 66.6900000000 1
'Si' 97.4700000000 25.6500000000 61.5600000000 1
'Si' 100.0350000000 23.0850000000 69.2550000000 1
'Si' 94.9050000000 28.2150000000 69.2550000000 1
'Si' 100.0350000000 28.2150000000 64.1250000000 1
'Si' 0.0000000000 30.7800000000 61.5600000000 1
'Si' 2.5650000000 33.3450000000 64.1250000000 1
'Si' 5.1300000000 30.7800000000 66.6900000000 1
'Si' 0.0000000000 35.9100000000 66.6900000000 1
'Si' 5.1300000000 35.9100000000 61.5600000000 1
'Si' 7.6950000000 33.3450000000 69.2550000000 1
'Si' 2.5650000000 38.4750000000 69.2550000000 1
'Si' 7.6950000000 38.4750000000 64.1250000000 1
'Si' 10.2600000000 30.7800000000 61.5600000000 1
'Si' 12.8250000000 33.3450000000 64.1250000000 1
'Si' 15.3900000000 30.7800000000 66.6900000000 1
'Si' 10.2600000000 35.9100000000 66.6900000000 1
'Si' 15.3900000000 35.9100000000 61.5600000000 1
'Si' 17.9550000000 33.3450000000 69.2550000000 1
'Si' 12.8250000000 38.4750000000 69.2550000000 1
'Si' 17.9550000000 38.4750000000 64.1250000000 1
'Si' 20.5200000000 30.7800000000 61.5600000000 1
'Si' 23.0850000000 33.3450000000 64.1250000000 1
'Si' 25.6500000000 30.7800000000 66.6900000000 1
'Si' 20.5200000000 35.9100000000 66.6900000000 1
'Si' 25.6500000000 35.9100000000 61.5600000000 1
'Si' 28.2150000000 33.3450000000 69.2550000000 1
'Si' 23.0850000000 38.4750000000 69.2550000000 1
'Si' 28.2150000000 38.4750000000 64.1250000000 1
'Si' 30.7800000000 30.7800000000 61.5600000000 1
'Si' 33.3450000000 33.3450000000 64.1250000000 1
'Si' 35.9100000000 30.7800000000 66.6900000000 1
'Si' 30.7800000000 35.9100000000 66.6900000000 1
'Si' 35.9100000000 35.9100000000 61.5600000000 1
'Si' 38.4750000000 33.3450000000 69.2550000000 1
'Si' 33.3450000000 38.4750000000 69.2550000000 1
'Si' 38.4750000000 38.4750000000 64.1250000000 1
'Si' 41.0400000000 30.7800000000 61.5600000000 1
'Si' 43.6050000000 33.3450000000 64.1250000000 1
'Si' 46.1700000000 30.7800000000 66.6900000000 1
'Si' 41.0400000000 35.9100000000 66.6900000000 1
'Si' 46.1700000000 35.9100000000 61.5600000000 1
'Si' 48.7350000000 33.3450000000 69.2550000000 1
'Si' 43.6050000000 38.4750000000 69.2550000000 1
'Si' 48.7350000000 38.4750000000 64.1250000000 1
'Si' 51.3000000000 30.7800000000 61.5600000000 1
'Si' 53.8650000000 33.3450000000 64.1250000000 1
'Si' 56.4300000000 30.7800000000 66.6900000000 1
'Si' 51.3000000000 35.9100000000 66.6900000000 1
'Si' 56.4300000000 35.9100000000 61.5600000000 1
'Si' 58.9950000000 33.3450000000 69.2550000000 1
'Si' 53.8650000000 38.4750000000 69.2550000000 1
'Si' 58.9950000000 38.4750000000 64.1250000000 1
'Si' 61.5600000000 30.7800000000 61.5600000000 1
'Si' 64.1250000000 33.3450000000 64.1250000000 1
'Si' 66.6900000000 30.7800000000 66.6900000000 1
'Si' 61.5600000000 35.9100000000 66.6900000000 1
'Si' 66.6900000000 35.9100000000 61.5600000000 1
'Si' 69.2550000000 33.3450000000 69.2550000000 1
'Si' 64.1250000000 38.4750000000 69.2550000000 1
'Si' 69.2550000000 38.4750000000 64.1250000000 1
'Si' 71.8200000000 30.7800000000 61.5600000000 1
'Si' 74.3850000000 33.3450000000 64.1250000000 1
'Si' 76.9500000000 30.7800000000 66.6900000000 1
'Si' 71.8200000000 35.9100000000 66.6900000000 1
'Si' 76.9500000000 35.9100000000 61.5600000000 1
'Si' 79.5150000000 33.3450000000 69.2550000000 1
'Si' 74.3850000000 38.4750000000 69.2550000000 1
'Si' 79.5150000000 38.4750000000 64.1250000000 1
'Si' 82.0800000000 30.7800000000 61.5600000000 1
'Si' 84.6450000000 33.3450000000 64.1250000000 1
'Si' 87.2100000000 30.7800000000 66.6900000000 1
'Si' 82.0800000000 35.9100000000 66.6900000000 1
'Si' 87.2100000000 35.9100000000 61.5600000000 1
'Si' 89.7750000000 33.3450000000 69.2550000000 1
'Si' 84.6450000000 38.4750000000 69.2550000000 1
'Si' 89.7750000000 38.4750000000 64.1250000000 1
'Si' 92.3400000000 30.7800000000 61.5600000000 1
'Si' 94.9050000000 33.3450000000 64.1250000000 1
'Si' 97.4700000000 30.7800000000 66.6900000000 1
'Si' 92.3400000000 35.9100000000 66.6900000000 1
'Si' 97.4700000000 35.9100000000 61.5600000000 1
'Si' 100.0350000000 33.3450000000 69.2550000000 1
'Si' 94.9050000000 38.4750000000 69.2550000000 1
'Si' 100.0350000000 38.4750000000 64.1250000000 1
'Si' 0.0000000000 41.0400000000 61.5600000000 1
'Si' 2.5650000000 43.6050000000 64.1250000000 1
'Si' 5.1300000000 41.0400000000 66.6900000000 1
'Si' 0.0000000000 46.1700000000 66.6900000000 1
'Si' 5.1300000000 46.1700000000 61.5600000000 1
'Si' 7.6950000000 43.6050000000 69.2550000000 1
'Si' 2.5650000000 48.7350000000 69.2550000000 1
'Si' 7.6950000000 48.7350000000 64.1250000000 1
'Si' 10.2600000000 41.0400000000 61.5600000000 1
'Si' 12.8250000000 43.6050000000 64.1250000000 1
'Si' 15.3900000000 41.0400000000 66.6900000000 1
'Si' 10.2600000000 46.1700000000 66.6900000000 1
'Si' 15.3900000000 46.1700000000 61.5600000000 1
'Si' 17.9550000000 43.6050000000 69.2550000000 1
'Si' 12.8250000000 48.7350000000 69.2550000000 1
'Si' 17.9550000000 48.7350000000 64.1250000000 1
'Si' 20.5200000000 41.0400000000 61.5600000000 1
'Si' 23.0850000000 43.6050000000 64.1250000000 1
'Si' 25.6500000000 41.0400000000 66.6900000000 1
'Si' 20.5200000000 46.1700000000 66.6900000000 1
'Si' 25.6500000000 46.1700000000 61.5600000000 1
'Si' 28.2150000000 43.6050000000 69.2550000000 1
'Si' 23.0850000000 48.7350000000 69.2550000000 1
'Si' 28.2150000000 48.7350000000 64.1250000000 1
'Si' 30.7800000000 41.0400000000 61.5600000000 1
'Si' 33.3450000000 43.6050000000 64.1250000000 1
'Si' 35.9100000000 41.0400000000 66.6900000000 1
'Si' 30.7800000000 46.1700000000 66.6900000000 1
'Si' 35.9100000000 46.1700000000 61.5600000000 1
'Si' 38.4750000000 43.6050000000 69.2550000000 1
'Si' 33.3450000000 48.7350000000 69.2550000000 1
'Si' 38.4750000000 48.7350000000 64.1250000000 1
'Si' 41.0400000000 41.0400000000 61.5600000000 1
'Si' 43.6050000000 43.6050000000 64.1250000000 1
'Si' 46.1700000000 41.0400000000 66.6900000000 1
'Si' 41.0400000000 46.1700000000 66.6900000000 1
'Si' 46.1700000000 46.1700000000 61.5600000000 1
'Si' 48.7350000000 43.6050000000 69.2550000000 1
'Si' 43.6050000000 48.7350000000 69.2550000000 1
'Si' 48.7350000000 48.7350000000 64.1250000000 1
'Si' 51.3000000000 41.0400000000 61.5600000000 1
'Si' 53.8650000000 43.6050000000 64.1250000000 1
'Si' 56.4300000000 41.0400000000 66.6900000000 1
'Si' 51.3000000000 46.1700000000 66.6900000000 1
'Si' 56.4300000000 46.1700000000 61.5600000000 1
'Si' 58.9950000000 43.6050000000 69.2550000000 1
'Si' 53.8650000000 48.7350000000 69.2550000000 1
'Si' 58.9950000000 48.7350000000 64.1250000000 1
'Si' 61.5600000000 41.0400000000 61.5600000000 1
'Si' 64.1250000000 43.6050000000 64.1250000000 1
'Si' 66.6900000000 41.0400000000 66.6900000000 1
'Si' 61.5600000000 46.1700000000 66.6900000000 1
'Si' 66.6900000000 46.1700000000 61.5600000000 1
'Si' 69.2550000000 43.6050000000 69.2550000000 1
'Si' 64.1250000000 48.7350000000 69.2550000000 1
'Si' 69.2550000000 48.7350000000 64.1250000000 1
'Si' 71.8200000000 41.0400000000 61.5600000000 1
'Si' 74.3850000000 43.6050000000 64.1250000000 1
'Si' 76.9500000000 41.0400000000 66.6900000000 1
'Si' 71.8200000000 46.1700000000 66.6900000000 1
'Si' 76.9500000000 46.1700000000 61.5600000000 1
'Si' 79.5150000000 43.6050000000 69.2550000000 1
'Si' 74.3850000000 48.7350000000 69.2550000000 1
'Si' 79.5150000000 48.7350000000 64.1250000000 1
'Si' 82.0800000000 41.0400000000 61.5600000000 1
'Si' 84.6450000000 43.6050000000 64.1250000000 1
'Si' 87.2100000000 41.0400000000 66.6900000000 1
'Si' 82.0800000000 46.1700000000 66.6900000000 1
'Si' 87.2100000000 46.1700000000 61.5600000000 1
'Si' 89.7750000000 43.6050000000 69.2550000000 1
'Si' 84.6450000000 48.7350000000 69.2550000000 1
'Si' 89.7750000000 48.7350000000 64.1250000000 1
'Si' 92.3400000000 41.0400000000 61.5600000000 1
'Si' 94.9050000000 43.6050000000 64.1250000000 1
'Si' 97.4700000000 41.0400000000 66.6900000000 1
'Si' 92.3400000000 46.1700000000 66.6900000000 1
'Si' 97.4700000000 46.1700000000 61.5600000000 1
'Si' 100.0350000000 43.6050000000 69.2550000000 1
'Si' 94.9050000000 48.7350000000 69.2550000000 1
'Si' 100.0350000000 48.7350000000 64.1250000000 1
'Si' 0.0000000000 51.3000000000 61.5600000000 1
'Si' 2.5650000000 53.8650000000 64.1250000000 1
'Si' 5.1300000000 51.3000000000 66.6900000000 1
'Si' 0.0000000000 56.4300000000 66.6900000000 1
'Si' 5.1300000000 56.4300000000 61.5600000000 1
'Si' 7.6950000000 53.8650000000 69.2550000000 1
'Si' 2.5650000000 58.9950000000 69.2550000000 1
'Si' 7.6950000000 58.9950000000 64.1250000000 1
'Si' 10.2600000000 51.3000000000 61.5600000000 1
'Si' 12.8250000000 53.8650000000 64.1250000000 1
'Si' 15.3900000000 51.3000000000 66.6900000000 1
'Si' 10.2600000000 56.4300000000 66.6900000000 1
'Si' 15.3900000000 56.4300000000 61.5600000000 1
'Si' 17.9550000000 53.8650000000 69.2550000000 1
'Si' 12.8250000000 58.9950000000 69.2550000000 1
'Si' 17.9550000000 58.9950000000 64.1250000000 1
'Si' 20.5200000000 51.3000000000 61.5600000000 1
'Si' 23.0850000000 53.8650000000 64.1250000000 1
'Si' 25.6500000000 51.3000000000 66.6900000000 1
'Si' 20.5200000000 56.4300000000 66.6900000000 1
'Si' 25.6500000000 56.4300000000 61.5600000000 1
'Si' 28.2150000000 53.8650000000 69.2550000000 1
'Si' 23.0850000000 58.9950000000 69.2550000000 1
'Si' 28.2150000000 58.9950000000 64.1250000000 1
'Si' 30.7800000000 51.3000000000 61.5600000000 1
'Si' 33.3450000000 53.8650000000 64.1250000000 1
'Si' 35.9100000000 51.3000000000 66.6900000000 1
'Si' 30.7800000000 56.4300000000 66.6900000000 1
'Si' 35.9100000000 56.4300000000 61.5600000000 1
'Si' 38.4750000000 53.8650000000 69.2550000000 1
'Si' 33.3450000000 58.9950000000 69.2550000000 1
'Si' 38.4750000000 58.9950000000 64.1250000000 1
'Si' 41.0400000000 51.3000000000 61.5600000000 1
'Si' 43.6050000000 53.8650000000 64.1250000000 1
'Si' 46.1700000000 51.3000000000 66.6900000000 1
'Si' 41.0400000000 56.4300000000 66.6900000000 1
'Si' 46.1700000000 56.4300000000 61.5600000000 1
'Si' 48.7350000000 53.8650000000 69.2550000000 1
'Si' 43.6050000000 58.9950000000 69.2550000000 1
'Si' 48.7350000000 58.9950000000 64.1250000000 1
'Si' 51.3000000000 51.3000000000 61.5600000000 1
'Si' 53.8650000000 53.8650000000 64.1250000000 1
'Si' 56.4300000000 51.3000000000 66.6900000000 1
'Si' 51.3000000000 56.4300000000 66.6900000000 1
'Si' 56.4300000000 56.4300000000 61.5600000000 1
'Si' 58.9950000000 53.8650000000 69.2550000000 1
'Si' 53.8650000000 58.9950000000 69.2550000000 1
'Si' 58.9950000000 58.9950000000 64.1250000000 1
'Si' 61.5600000000 51.3000000000 61.5600000000 1
'Si' 64.1250000000 53.8650000000 64.1250000000 1
'Si' 66.6900000000 51.3000000000 66.6900000000 1
'Si' 61.5600000000 56.4300000000 66.6900000000 1
'Si' 66.6900000000 56.4300000000 61.5600000000 1
'Si' 69.2550000000 53.8650000000 69.2550000000 1
'Si' 64.1250000000 58.9950000000 69.2550000000 1
'Si' 69.2550000000 58.9950000000 64.1250000000 1
'Si' 71.8200000000 51.3000000000 61.5600000000 1
'Si' 74.3850000000 53.8650000000 64.1250000000 1
'Si' 76.9500000000 51.3000000000 66.6900000000 1
'Si' 71.8200000000 56.4300000000 66.6900000000 1
'Si' 76.9500000000 56.4300000000 61.5600000000 1
'Si' 79.5150000000 53.8650000000 69.2550000000 1
'Si' 74.3850000000 58.9950000000 69.2550000000 1
'Si' 79.5150000000 58.9950000000 64.1250000000 1
'Si' 82.0800000000 51.3000000000 61.5600000000 1
'Si' 84.6450000000 53.8650000000 64.1250000000 1
'Si' 87.2100000000 51.3000000000 66.6900000000 1
'Si' 82.0800000000 56.4300000000 66.6900000000 1
'Si' 87.2100000000 56.4300000000 61.5600000000 1
'Si' 89.7750000000 53.8650000000 69.2550000000 1
'Si' 84.6450000000 58.9950000000 69.2550000000 1
'Si' 89.7750000000 58.9950000000 64.1250000000 1
'Si' 92.3400000000 51.3000000000 61.5600000000 1
'Si' 94.9050000000 53.8650000000 64.1250000000 1
'Si' 97.4700000000 51.3000000000 66.6900000000 1
'Si' 92.3400000000 56.4300000000 66.6900000000 1
'Si' 97.4700000000 56.4300000000 61.5600000000 1
'Si' 100.0350000000 53.8650000000 69.2550000000 1
'Si' 94.9050000000 58.9950000000 69.2550000000 1
'Si' 100.0350000000 58.9950000000 64.1250000000 1
'Si' 0.0000000000 61.5600000000 61.5600000000 1
'Si' 2.5650000000 64.1250000000 64.1250000000 1
'Si' 5.1300000000 61.5600000000 66.6900000000 1
'Si' 0.0000000000 66.6900000000 66.6900000000 1
'Si' 5.1300000000 66.6900000000 61.5600000000 1
'Si' 7.6950000000 64.1250000000 69.2550000000 1
'Si' 2.5650000000 69.2550000000 69.2550000000 1
'Si' 7.6950000000 69.2550000000 64.1250000000 1
'Si' 10.2600000000 61.5600000000 61.5600000000 1
'Si' 12.8250000000 64.1250000000 64.1250000000 1
'Si' 15.3900000000 61.5600000000 66.6900000000 1
'Si' 10.2600000000 66.6900000000 66.6900000000 1
'Si' 15.3900000000 66.6900000000 61.5600000000 1
'Si' 17.9550000000 64.1250000000 69.2550000000 1
'Si' 12.8250000000 69.2550000000 69.2550000000 1
'Si' 17.9550000000 69.2550000000 64.1250000000 1
'Si' 20.5200000000 61.5600000000 61.5600000000 1
'Si' 23.0850000000 64.1250000000 64.1250000000 1
'Si' 25.6500000000 61.5600000000 66.6900000000 1
'Si' 20.5200000000 66.6900000000 66.6900000000 1
'Si' 25.6500000000 66.6900000000 61.5600000000 1
'Si' 28.2150000000 64.1250000000 69.2550000000 1
'Si' 23.0850000000 69.2550000000 69.2550000000 1
'Si' 28.2150000000 69.2550000000 64.1250000000 1
'Si' 30.7800000000 61.5600000000 61.5600000000 1
'Si' 33.3450000000 64.1250000000 64.1250000000 1
'Si' 35.9100000000 61.5600000000 66.6900000000 1
'Si' 30.7800000000 66.6900000000 66.6900000000 1
'Si' 35.9100000000 66.6900000000 61.5600000000 1
'Si' 38.4750000000 64.1250000000 69.2550000000 1
'Si' 33.3450000000 69.2550000000 69.2550000000 1
'Si' 38.4750000000 69.2550000000 64.1250000000 1
'Si' 41.0400000000 61.5600000000 61.5600000000 1
'Si' 43.6050000000 64.1250000000 64.1250000000 1
'Si' 46.1700000000 61.5600000000 66.6900000000 1
'Si' 41.0400000000 66.6900000000 66.6900000000 1
'Si' 46.1700000000 66.6900000000 61.5600000000 1
'Si' 48.7350000000 64.1250000000 69.2550000000 1
'Si' 43.6050000000 69.2550000000 69.2550000000 1
'Si' 48.7350000000 69.2550000000 64.1250000000 1
'Si' 51.3000000000 61.5600000000 61.5600000000 1
'Si' 53.8650000000 64.1250000000 64.1250000000 1
'Si' 56.4300000000 61.5600000000 66.6900000000 1
'Si' 51.3000000000 66.6900000000 66.6900000000 1
'Si' 56.4300000000 66.6900000000 61.5600000000 1
'Si' 58.9950000000 64.1250000000 69.2550000000 1
'Si' 53.8650000000 69.2550000000 69.2550000000 1
'Si' 58.9950000000 69.2550000000 64.1250000000 1
'Si' 61.5600000000 61.5600000000 61.5600000000 1
'Si' 64.1250000000 64.1250000000 64.1250000000 1
'Si' 66.6900000000 61.5600000000 66.6900000000 1
'Si' 61.5600000000 66.6900000000 66.6900000000 1
'Si' 66.6900000000 66.6900000000 61.5600000000 1
'Si' 69.2550000000 64.1250000000 69.2550000000 1
'Si' 64.1250000000 69.2550000000 69.2550000000 1
'Si' 69.2550000000 69.2550000000 64.1250000000 1
'Si' 71.8200000000 61.5600000000 61.5600000000 1
'Si' 74.3850000000 64.1250000000 64.1250000000 1
'Si' 76.9500000000 61.5600000000 66.6900000000 1
'Si' 71.8200000000 66.6900000000 66.6900000000 1
'Si' 76.9500000000 66.6900000000 61.5600000000 1
'Si' 79.5150000000 64.1250000000 69.2550000000 1
'Si' 74.3850000000 69.2550000000 69.2550000000 1
'Si' 79.5150000000 69.2550000000 64.1250000000 1
'Si' 82.0800000000 61.5600000000 61.5600000000 1
'Si' 84.6450000000 64.1250000000 64.1250000000 1
'Si' 87.2100000000 61.5600000000 66.6900000000 1
'Si' 82.0800000000 66.6900000000 66.6900000000 1
'Si' 87.2100000000 66.6900000000 61.5600000000 1
'Si' 89.7750000000 64.1250000000 69.2550000000 1
'Si' 84.6450000000 69.2550000000 69.2550000000 1
'Si' 89.7750000000 69.2550000000 64.1250000000 1
'Si' 92.3400000000 61.5600000000 61.5600000000 1
'Si' 94.9050000000 64.1250000000 64.1250000000 1
'Si' 97.4700000000 61.5600000000 66.6900000000 1
'Si' 92.3400000000 66.6900000000 66.6900000000 1
'Si' 97.4700000000 66.6900000000 61.5600000000 1
'Si' 100.0350000000 64.1250000000 69.2550000000 1
'Si' 94.9050000000 69.2550000000 69.2550000000 1
'Si' 100.0350000000 69.2550000000 64.1250000000 1
'Si' 0.0000000000 71.8200000000 61.5600000000 1
'Si' 2.5650000000 74.3850000000 64.1250000000 1
'Si' 5.1300000000 71.8200000000 66.6900000000 1
'Si' 0.0000000000 76.9500000000 66.6900000000 1
'Si' 5.1300000000 76.9500000000 61.5600000000 1
'Si' 7.6950000000 74.3850000000 69.2550000000 1
'Si' 2.5650000000 79.5150000000 69.2550000000 1
'Si' 7.6950000000 79.5150000000 64.1250000000 1
'Si' 10.2600000000 71.8200000000 61.5600000000 1
'Si' 12.8250000000 74.3850000000 64.1250000000 1
'Si' 15.3900000000 71.8200000000 66.6900000000 1
'Si' 10.2600000000 76.9500000000 66.6900000000 1
'Si' 15.3900000000 76.9500000000 61.5600000000 1
'Si' 17.9550000000 74.3850000000 69.2550000000 1
'Si' 12.8250000000 79.5150000000 69.2550000000 1
'Si' 17.9550000000 79.5150000000 64.1250000000 1
'Si' 20.5200000000 71.8200000000 61.5600000000 1
'Si' 23.0850000000 74.3850000000 64.1250000000 1
'Si' 25.6500000000 71.8200000000 66.6900000000 1
'Si' 20.5200000000 76.9500000000 66.6900000000 1
'Si' 25.6500000000 76.9500000000 61.5600000000 1
'Si' 28.2150000000 74.3850000000 69.2550000000 1
'Si' 23.0850000000 79.5150000000 69.2550000000 1
'Si' 28.2150000000 79.5150000000 64.1250000000 1
'Si' 30.7800000000 71.8200000000 61.5600000000 1
'Si' 33.3450000000 74.3850000000 64.1250000000 1
'Si' 35.9100000000 71.8200000000 66.6900000000 1
'Si' 30.7800000000 76.9500000000 66.6900000000 1
'Si' 35.9100000000 76.9500000000 61.5600000000 1
'Si' 38.4750000000 74.3850000000 69.2550000000 1
'Si' 33.3450000000 79.5150000000 69.2550000000 1
'Si' 38.4750000000 79.5150000000 64.1250000000 1
'Si' 41.0400000000 71.8200000000 61.5600000000 1
'Si' 43.6050000000 74.3850000000 64.1250000000 1
'Si' 46.1700000000 71.8200000000 66.6900000000 1
'Si' 41.0400000000 76.9500000000 66.6900000000 1
'Si' 46.1700000000 76.9500000000 61.5600000000 1
'Si' 48.7350000000 74.3850000000 69.2550000000 1
'Si' 43.6050000000 79.5150000000 69.2550000000 1
'Si' 48.7350000000 79.5150000000 64.1250000000 1
'Si' 51.3000000000 71.8200000000 61.5600000000 1
'Si' 53.8650000000 74.3850000000 64.1250000000 1
'Si' 56.4300000000 71.8200000000 66.6900000000 1
'Si' 51.3000000000 76.9500000000 66.6900000000 1
'Si' 56.4300000000 76.9500000000 61.5600000000 1
'Si' 58.9950000000 74.3850000000 69.2550000000 1
'Si' 53.8650000000 79.5150000000 69.2550000000 1
'Si' 58.9950000000 79.5150000000 64.1250000000 1
'Si' 61.5600000000 71.8200000000 61.5600000000 1
'Si' 64.1250000000 74.3850000000 64.1250000000 1
'Si' 66.6900000000 71.8200000000 66.6900000000 1
'Si' 61.5600000000 76.9500000000 66.6900000000 1
'Si' 66.6900000000 76.9500000000 61.5600000000 1
'Si' 69.2550000000 74.3850000000 69.2550000000 1
'Si' 64.1250000000 79.5150000000 69.2550000000 1
'Si' 69.2550000000 79.5150000000 64.1250000000 1
'Si' 71.8200000000 71.8200000000 61.5600000000 1
'Si' 74.3850000000 74.3850000000 64.1250000000 1
'Si' 76.9500000000 71.8200000000 66.6900000000 1
'Si' 71.8200000000 76.9500000000 66.6900000000 1
'Si' 76.9500000000 76.9500000000 61.5600000000 1
'Si' 79.5150000000 74.3850000000 69.2550000000 1
'Si' 74.3850000000 79.5150000000 69.2550000000 1
'Si' 79.5150000000 79.5150000000 64.1250000000 1
'Si' 82.0800000000 71.8200000000 61.5600000000 1
'Si' 84.6450000000 74.3850000000 64.1250000000 1
'Si' 87.2100000000 71.8200000000 66.6900000000 1
'Si' 82.0800000000 76.9500000000 66.6900000000 1
'Si' 87.2100000000 76.9500000000 61.5600000000 1
'Si' 89.7750000000 74.3850000000 69.2550000000 1
'Si' 84.6450000000 79.5150000000 69.2550000000 1
'Si' 89.7750000000 79.5150000000 64.1250000000 1
'Si' 92.3400000000 71.8200000000 61.5600000000 1
'Si' 94.9050000000 74.3850000000 64.1250000000 1
'Si' 97.4700000000 71.8200000000 66.6900000000 1
'Si' 92.3400000000 76.9500000000 66.6900000000 1
'Si' 97.4700000000 76.9500000000 61.5600000000 1
'Si' 100.0350000000 74.3850000000 69.2550000000 1
'Si' 94.9050000000 79.5150000000 69.2550000000 1
'Si' 100.0350000000 79.5150000000 64.1250000000 1
'Si' 0.0000000000 82.0800000000 61.5600000000 1
'Si' 2.5650000000 84.6450000000 64.1250000000 1
'Si' 5.1300000000 82.0800000000 66.6900000000 1
'Si' 0.0000000000 87.2100000000 66.6900000000 1
'Si' 5.1300000000 87.2100000000 61.5600000000 1
'Si' 7.6950000000 84.6450000000 69.2550000000 1
'Si' 2.5650000000 89.7750000000 69.2550000000 1
'Si' 7.6950000000 89.7750000000 64.1250000000 1
'Si' 10.2600000000 82.0800000000 61.5600000000 1
'Si' 12.8250000000 84.6450000000 64.1250000000 1
'Si' 15.3900000000 82.0800000000 66.6900000000 1
'Si' 10.2600000000 87.2100000000 66.6900000000 1
'Si' 15.3900000000 87.2100000000 61.5600000000 1
'Si' 17.9550000000 84.6450000000 69.2550000000 1
'Si' 12.8250000000 89.7750000000 69.2550000000 1
'Si' 17.9550000000 89.7750000000 64.1250000000 1
'Si' 20.5200000000 82.0800000000 61.5600000000 1
'Si' 23.0850000000 84.6450000000 64.1250000000 1
'Si' 25.6500000000 82.0800000000 66.6900000000 1
'Si' 20.5200000000 87.2100000000 66.6900000000 1
'Si' 25.6500000000 87.2100000000 61.5600000000 1
'Si' 28.2150000000 84.6450000000 69.2550000000 1
'Si' 23.0850000000 89.7750000000 69.2550000000 1
'Si' 28.2150000000 89.7750000000 64.1250000000 1
'Si' 30.7800000000 82.0800000000 61.5600000000 1
'Si' 33.3450000000 84.6450000000 64.1250000000 1
'Si' 35.9100000000 82.0800000000 66.6900000000 1
'Si' 30.7800000000 87.2100000000 66.6900000000 1
'Si' 35.9100000000 87.2100000000 61.5600000000 1
'Si' 38.4750000000 84.6450000000 69.2550000000 1
'Si' 33.3450000000 89.7750000000 69.2550000000 1
'Si' 38.4750000000 89.7750000000 64.1250000000 1
'Si' 41.0400000000 82.0800000000 61.5600000000 1
'Si' 43.6050000000 84.6450000000 64.1250000000 1
'Si' 46.1700000000 82.0800000000 66.6900000000 1
'Si' 41.0400000000 87.2100000000 66.6900000000 1
'Si' 46.1700000000 87.2100000000 61.5600000000 1
'Si' 48.7350000000 84.6450000000 69.2550000000 1
'Si' 43.6050000000 89.7750000000 69.2550000000 1
'Si' 48.7350000000 89.7750000000 64.1250000000 1
'Si' 51.3000000000 82.0800000000 61.5600000000 1
'Si' 53.8650000000 84.6450000000 64.1250000000 1
'Si' 56.4300000000 82.0800000000 66.6900000000 1
'Si' 51.3000000000 87.2100000000 66.6900000000 1
'Si' 56.4300000000 87.2100000000 61.5600000000 1
'Si' 58.9950000000 84.6450000000 69.2550000000 1
'Si' 53.8650000000 89.7750000000 69.2550000000 1
'Si' 58.9950000000 89.7750000000 64.1250000000 1
'Si' 61.5600000000 82.0800000000 61.5600000000 1
'Si' 64.1250000000 84.6450000000 64.1250000000 1
'Si' 66.6900000000 82.0800000000 66.6900000000 1
'Si' 61.5600000000 87.2100000000 66.6900000000 1
'Si' 66.6900000000 87.2100000000 61.5600000000 1
'Si' 69.2550000000 84.6450000000 69.2550000000 1
'Si' 64.1250000000 89.7750000000 69.2550000000 1
'Si' 69.2550000000 89.7750000000 64.1250000000 1
'Si' 71.8200000000 82.0800000000 61.5600000000 1
'Si' 74.3850000000 84.6450000000 64.1250000000 1
'Si' 76.9500000000 82.0800000000 66.6900000000 1
'Si' 71.8200000000 87.2100000000 66.6900000000 1
'Si' 76.9500000000 87.2100000000 61.5600000000 1
'Si' 79.5150000000 84.6450000000 69.2550000000 1
'Si' 74.3850000000 89.7750000000 69.2550000000 1
'Si' 79.5150000000 89.7750000000 64.1250000000 1
'Si' 82.0800000000 82.0800000000 61.5600000000 1
'Si' 84.6450000000 84.6450000000 64.1250000000 1
'Si' 87.2100000000 82.0800000000 66.6900000000 1
'Si' 82.0800000000 87.2100000000 66.6900000000 1
'Si' 87.2100000000 87.2100000000 61.5600000000 1
'Si' 89.7750000000 84.6450000000 69.2550000000 1
'Si' 84.6450000000 89.7750000000 69.2550000000 1
'Si' 89.7750000000 89.7750000000 64.1250000000 1
'Si' 92.3400000000 82.0800000000 61.5600000000 1
'Si' 94.9050000000 84.6450000000 64.1250000000 1
'Si' 97.4700000000 82.0800000000 66.6900000000 1
'Si' 92.3400000000 87.2100000000 66.6900000000 1
'Si' 97.4700000000 87.2100000000 61.5600000000 1
'Si' 100.0350000000 84.6450000000 69.2550000000 1
'Si' 94.9050000000 89.7750000000 69.2550000000 1
'Si' 100.0350000000 89.7750000000 64.1250000000 1
'Si' 0.0000000000 92.3400000000 61.5600000000 1
'Si' 2.5650000000 94.9050000000 64.1250000000 1
'Si' 5.1300000000 92.3400000000 66.6900000000 1
'Si' 0.0000000000 97.4700000000 66.6900000000 1
'Si' 5.1300000000 97.4700000000 61.5600000000 1
'Si' 7.6950000000 94.9050000000 69.2550000000 1
'Si' 2.5650000000 100.0350000000 69.2550000000 1
'Si' 7.6950000000 100.0350000000 64.1250000000 1
'Si' 10.2600000000 92.3400000000 61.5600000000 1
'Si' 12.8250000000 94.9050000000 64.1250000000 1
'Si' 15.3900000000 92.3400000000 66.6900000000 1
'Si' 10.2600000000 97.4700000000 66.6900000000 1
'Si' 15.3900000000 97.4700000000 61.5600000000 1
'Si' 17.9550000000 94.9050000000 69.2550000000 1
'Si' 12.8250000000 100.0350000000 69.2550000000 1
'Si' 17.9550000000 100.0350000000 64.1250000000 1
'Si' 20.5200000000 92.3400000000 61.5600000000 1
'Si' 23.0850000000 94.9050000000 64.1250000000 1
'Si' 25.6500000000 92.3400000000 66.6900000000 1
'Si' 20.5200000000 97.4700000000 66.6900000000 1
'Si' 25.6500000000 97.4700000000 61.5600000000 1
'Si' 28.2150000000 94.9050000000 69.2550000000 1
'Si' 23.0850000000 100.0350000000 69.2550000000 1
'Si' 28.2150000000 100.0350000000 64.1250000000 1
'Si' 30.7800000000 92.3400000000 61.5600000000 1
'Si' 33.3450000000 94.9050000000 64.1250000000 1
'Si' 35.9100000000 92.3400000000 66.6900000000 1
'Si' 30.7800000000 97.4700000000 66.6900000000 1
'Si' 35.9100000000 97.4700000000 61.5600000000 1
'Si' 38.4750000000 94.9050000000 69.2550000000 1
'Si' 33.3450000000 100.0350000000 69.2550000000 1
'Si' 38.4750000000 100.0350000000 64.1250000000 1
'Si' 41.0400000000 92.3400000000 61.5600000000 1
'Si' 43.6050000000 94.9050000000 64.1250000000 1
'Si' 46.1700000000 92.3400000000 66.6900000000 1
'Si' 41.0400000000 97.4700000000 66.6900000000 1
'Si' 46.1700000000 97.4700000000 61.5600000000 1
'Si' 48.7350000000 94.9050000000 69.2550000000 1
'Si' 43.6050000000 100.0350000000 69.2550000000 1
'Si' 48.7350000000 100.0350000000 64.1250000000 1
'Si' 51.3000000000 92.3400000000 61.5600000000 1
'Si' 53.8650000000 94.9050000000 64.1250000000 1
'Si' 56.4300000000 92.3400000000 66.6900000000 1
'Si' 51.3000000000 97.4700000000 66.6900000000 1
'Si' 56.4300000000 97.4700000000 61.5600000000 1
'Si' 58.9950000000 94.9050000000 69.2550000000 1
'Si' 53.8650000000 100.0350000000 69.2550000000 1
'Si' 58.9950000000 100.0350000000 64.1250000000 1
'Si' 61.5600000000 92.3400000000 61.5600000000 1
'Si' 64.1250000000 94.9050000000 64.1250000000 1
'Si' 66.6900000000 92.3400000000 66.6900000000 1
'Si' 61.5600000000 97.4700000000 66.6900000000 1
'Si' 66.6900000000 97.4700000000 61.5600000000 1
'Si' 69.2550000000 94.9050000000 69.2550000000 1
'Si' 64.1250000000 100.0350000000 69.2550000000 1
'Si' 69.2550000000 100.0350000000 64.1250000000 1
'Si' 71.8200000000 92.3400000000 61.5600000000 1
'Si' 74.3850000000 94.9050000000 64.1250000000 1
'Si' 76.9500000000 92.3400000000 66.6900000000 1
'Si' 71.8200000000 97.4700000000 66.6900000000 1
'Si' 76.9500000000 97.4700000000 61.5600000000 1
'Si' 79.5150000000 94.9050000000 69.2550000000 1
'Si' 74.3850000000 100.0350000000 69.2550000000 1
'Si' 79.5150000000 100.0350000000 64.1250000000 1
'Si' 82.0800000000 92.3400000000 61.5600000000 1
'Si' 84.6450000000 94.9050000000 64.1250000000 1
'Si' 87.2100000000 92.3400000000 66.6900000000 1
'Si' 82.0800000000 97.4700000000 66.6900000000 1
'Si' 87.2100000000 97.4700000000 61.5600000000 1
'Si' 89.7750000000 94.9050000000 69.2550000000 1
'Si' 84.6450000000 100.0350000000 69.2550000000 1
'Si' 89.7750000000 100.0350000000 64.1250000000 1
'Si' 92.3400000000 92.3400000000 61.5600000000 1
'Si' 94.9050000000 94.9050000000 64.1250000000 1
'Si' 97.4700000000 92.3400000000 66.6900000000 1
'Si' 92.3400000000 97.4700000000 66.6900000000 1
'Si' 97.4700000000 97.4700000000 61.5600000000 1
'Si' 100.0350000000 94.9050000000 69.2550000000 1
'Si' 94.9050000000 100.0350000000 69.2550000000 1
'Si' 100.0350000000 100.0350000000 64.1250000000 1
'Si' 0.0000000000 0.0000000000 71.8200000000 1
'Si' 2.5650000000 2.5650000000 74.3850000000 1
'Si' 5.1300000000 0.0000000000 76.9500000000 1
'Si' 0.0000000000 5.1300000000 76.9500000000 1
'Si' 5.1300000000 5.1300000000 71.8200000000 1
'Si' 7.6950000000 2.5650000000 79.5150000000 1
'Si' 2.5650000000 7.6950000000 79.5150000000 1
'Si' 7.6950000000 7.6950000000 74.3850000000 1
'Si' 10.2600000000 0.0000000000 71.8200000000 1
'Si' 12.8250000000 2.5650000000 74.3850000000 1
'Si' 15.3900000000 0.0000000000 76.9500000000 1
'Si' 10.2600000000 5.1300000000 76.9500000000 1
'Si' 15.3900000000 5.1300000000 71.8200000000 1
'Si' 17.9550000000 2.5650000000 79.5150000000 1
'Si' 12.8250000000 7.6950000000 79.5150000000 1
'Si' 17.9550000000 7.6950000000 74.3850000000 1
'Si' 20.5200000000 0.0000000000 71.8200000000 1
'Si' 23.0850000000 2.5650000000 74.3850000000 1
'Si' 25.6500000000 0.0000000000 76.9500000000 1
'Si' 20.5200000000 5.1300000000 76.9500000000 1
'Si' 25.6500000000 5.1300000000 71.8200000000 1
'Si' 28.2150000000 2.5650000000 79.5150000000 1
'Si' 23.0850000000 7.6950000000 79.5150000000 1
'Si' 28.2150000000 7.6950000000 74.3850000000 1
'Si' 30.7800000000 0.0000000000 71.8200000000 1
'Si' 33.3450000000 2.5650000000 74.3850000000 1
'Si' 35.9100000000 0.0000000000 76.9500000000 1
'Si' 30.7800000000 5.1300000000 76.9500000000 1
'Si' 35.9100000000 5.1300000000 71.8200000000 1
'Si' 38.4750000000 2.5650000000 79.5150000000 1
'Si' 33.3450000000 7.6950000000 79.5150000000 1
'Si' 38.4750000000 7.6950000000 74.3850000000 1
'Si' 41.0400000000 0.0000000000 71.8200000000 1
'Si' 43.6050000000 2.5650000000 74.3850000000 1
'Si' 46.1700000000 0.0000000000 76.9500000000 1
'Si' 41.0400000000 5.1300000000 76.9500000000 1
'Si' 46.1700000000 5.1300000000 71.8200000000 1
'Si' 48.7350000000 2.5650000000 79.5150000000 1
'Si' 43.6050000000 7.6950000000 79.5150000000 1
'Si' 48.7350000000 7.6950000000 74.3850000000 1
'Si' 51.3000000000 0.0000000000 71.8200000000 1
'Si' 53.8650000000 2.5650000000 74.3850000000 1
'Si' 56.4300000000 0.0000000000 76.9500000000 1
'Si' 51.3000000000 5.1300000000 76.9500000000 1
'Si' 56.4300000000 5.1300000000 71.8200000000 1
'Si' 58.9950000000 2.5650000000 79.5150000000 1
'Si' 53.8650000000 7.6950000000 79.5150000000 1
'Si' 58.9950000000 7.6950000000 74.3850000000 1
'Si' 61.5600000000 0.0000000000 71.8200000000 1
'Si' 64.1250000000 2.5650000000 74.3850000000 1
'Si' 66.6900000000 0.0000000000 76.9500000000 1
'Si' 61.5600000000 5.1300000000 76.9500000000 1
'Si' 66.6900000000 5.1300000000 71.8200000000 1
'Si' 69.2550000000 2.5650000000 79.5150000000 1
'Si' 64.1250000000 7.6950000000 79.5150000000 1
'Si' 69.2550000000 7.6950000000 74.3850000000 1
'Si' 71.8200000000 0.0000000000 71.8200000000 1
'Si' 74.3850000000 2.5650000000 74.3850000000 1
'Si' 76.9500000000 0.0000000000 76.9500000000 1
'Si' 71.8200000000 5.1300000000 76.9500000000 1
'Si' 76.9500000000 5.1300000000 71.8200000000 1
'Si' 79.5150000000 2.5650000000 79.5150000000 1
'Si' 74.3850000000 7.6950000000 79.5150000000 1
'Si' 79.5150000000 7.6950000000 74.3850000000 1
'Si' 82.0800000000 0.0000000000 71.8200000000 1
'Si' 84.6450000000 2.5650000000 74.3850000000 1
'Si' 87.2100000000 0.0000000000 76.9500000000 1
'Si' 82.0800000000 5.1300000000 76.9500000000 1
'Si' 87.2100000000 5.1300000000 71.8200000000 1
'Si' 89.7750000000 2.5650000000 79.5150000000 1
'Si' 84.6450000000 7.6950000000 79.5150000000 1
'Si' 89.7750000000 7.6950000000 74.3850000000 1
'Si' 92.3400000000 0.0000000000 71.8200000000 1
'Si' 94.9050000000 2.5650000000 74.3850000000 1
'Si' 97.4700000000 0.0000000000 76.9500000000 1
'Si' 92.3400000000 5.1300000000 76.9500000000 1
'Si' 97.4700000000 5.1300000000 71.8200000000 1
'Si' 100.0350000000 2.5650000000 79.5150000000 1
'Si' 94.9050000000 7.6950000000 79.5150000000 1
'Si' 100.0350000000 7.6950000000 74.3850000000 1
'Si' 0.0000000000 10.2600000000 71.8200000000 1
'Si' 2.5650000000 12.8250000000 74.3850000000 1
'Si' 5.1300000000 10.2600000000 76.9500000000 1
'Si' 0.0000000000 15.3900000000 76.9500000000 1
'Si' 5.1300000000 15.3900000000 71.8200000000 1
'Si' 7.6950000000 12.8250000000 79.5150000000 1
'Si' 2.5650000000 17.9550000000 79.5150000000 1
'Si' 7.6950000000 17.9550000000 74.3850000000 1
'Si' 10.2600000000 10.2600000000 71.8200000000 1
'Si' 12.8250000000 12.8250000000 74.3850000000 1
'Si' 15.3900000000 10.2600000000 76.9500000000 1
'Si' 10.2600000000 15.3900000000 76.9500000000 1
'Si' 15.3900000000 15.3900000000 71.8200000000 1
'Si' 17.9550000000 12.8250000000 79.5150000000 1
'Si' 12.8250000000 17.9550000000 79.5150000000 1
'Si' 17.9550000000 17.9550000000 74.3850000000 1
'Si' 20.5200000000 10.2600000000 71.8200000000 1
'Si' 23.0850000000 12.8250000000 74.3850000000 1
'Si' 25.6500000000 10.2600000000 76.9500000000 1
'Si' 20.5200000000 15.3900000000 76.9500000000 1
'Si' 25.6500000000 15.3900000000 71.8200000000 1
'Si' 28.2150000000 12.8250000000 79.5150000000 1
'Si' 23.0850000000 17.9550000000 79.5150000000 1
'Si' 28.2150000000 17.9550000000 74.3850000000 1
'Si' 30.7800000000 10.2600000000 71.8200000000 1
'Si' 33.3450000000 12.8250000000 74.3850000000 1
'Si' 35.9100000000 10.2600000000 76.9500000000 1
'Si' 30.7800000000 15.3900000000 76.9500000000 1
'Si' 35.9100000000 15.3900000000 71.8200000000 1
'Si' 38.4750000000 12.8250000000 79.5150000000 1
'Si' 33.3450000000 17.9550000000 79.5150000000 1
'Si' 38.4750000000 17.9550000000 74.3850000000 1
'Si' 41.0400000000 10.2600000000 71.8200000000 1
'Si' 43.6050000000 12.8250000000 74.3850000000 1
'Si' 46.1700000000 10.2600000000 76.9500000000 1
'Si' 41.0400000000 15.3900000000 76.9500000000 1
'Si' 46.1700000000 15.3900000000 71.8200000000 1
'Si' 48.7350000000 12.8250000000 79.5150000000 1
'Si' 43.6050000000 17.9550000000 79.5150000000 1
'Si' 48.7350000000 17.9550000000 74.3850000000 1
'Si' 51.3000000000 10.2600000000 71.8200000000 1
'Si' 53.8650000000 12.8250000000 74.3850000000 1
'Si' 56.4300000000 10.2600000000 76.9500000000 1
'Si' 51.3000000000 15.3900000000 76.9500000000 1
'Si' 56.4300000000 15.3900000000 71.8200000000 1
'Si' 58.9950000000 12.8250000000 79.5150000000 1
'Si' 53.8650000000 17.9550000000 79.5150000000 1
'Si' 58.9950000000 17.9550000000 74.3850000000 1
'Si' 61.5600000000 10.2600000000 71.8200000000 1
'Si' 64.1250000000 12.8250000000 74.3850000000 1
'Si' 66.6900000000 10.2600000000 76.9500000000 1
'Si' 61.5600000000 15.3900000000 76.9500000000 1
'Si' 66.6900000000 15.3900000000 71.8200000000 1
'Si' 69.2550000000 12.8250000000 79.5150000000 1
'Si' 64.1250000000 17.9550000000 79.5150000000 1
'Si' 69.2550000000 17.9550000000 74.3850000000 1
'Si' 71.8200000000 10.2600000000 71.8200000000 1
'Si' 74.3850000000 12.8250000000 74.3850000000 1
'Si' 76.9500000000 10.2600000000 76.9500000000 1
'Si' 71.8200000000 15.3900000000 76.9500000000 1
'Si' 76.9500000000 15.3900000000 71.8200000000 1
'Si' 79.5150000000 12.8250000000 79.5150000000 1
'Si' 74.3850000000 17.9550000000 79.5150000000 1
'Si' 79.5150000000 17.9550000000 74.3850000000 1
'Si' 82.0800000000 10.2600000000 71.8200000000 1
'Si' 84.6450000000 12.8250000000 74.3850000000 1
'Si' 87.2100000000 10.2600000000 76.9500000000 1
'Si' 82.0800000000 15.3900000000 76.9500000000 1
'Si' 87.2100000000 15.3900000000 71.8200000000 1
'Si' 89.7750000000 12.8250000000 79.5150000000 1
'Si' 84.6450000000 17.9550000000 79.5150000000 1
'Si' 89.7750000000 17.9550000000 74.3850000000 1
'Si' 92.3400000000 10.2600000000 71.8200000000 1
'Si' 94.9050000000 12.8250000000 74.3850000000 1
'Si' 97.4700000000 10.2600000000 76.9500000000 1
'Si' 92.3400000000 15.3900000000 76.9500000000 1
'Si' 97.4700000000 15.3900000000 71.8200000000 1
'Si' 100.0350000000 12.8250000000 79.5150000000 1
'Si' 94.9050000000 17.9550000000 79.5150000000 1
'Si' 100.0350000000 17.9550000000 74.3850000000 1
'Si' 0.0000000000 20.5200000000 71.8200000000 1
'Si' 2.5650000000 23.0850000000 74.3850000000 1
'Si' 5.1300000000 20.5200000000 76.9500000000 1
'Si' 0.0000000000 25.6500000000 76.9500000000 1
'Si' 5.1300000000 25.6500000000 71.8200000000 1
'Si' 7.6950000000 23.0850000000 79.5150000000 1
'Si' 2.5650000000 28.2150000000 79.5150000000 1
'Si' 7.6950000000 28.2150000000 74.3850000000 1
'Si' 10.2600000000 20.5200000000 71.8200000000 1
'Si' 12.8250000000 23.0850000000 74.3850000000 1
'Si' 15.3900000000 20.5200000000 76.9500000000 1
'Si' 10.2600000000 25.6500000000 76.9500000000 1
'Si' 15.3900000000 25.6500000000 71.8200000000 1
'Si' 17.9550000000 23.0850000000 79.5150000000 1
'Si' 12.8250000000 28.2150000000 79.5150000000 1
'Si' 17.9550000000 28.2150000000 74.3850000000 1
'Si' 20.5200000000 20.5200000000 71.8200000000 1
'Si' 23.0850000000 23.0850000000 74.3850000000 1
'Si' 25.6500000000 20.5200000000 76.9500000000 1
'Si' 20.5200000000 25.6500000000 76.9500000000 1
'Si' 25.6500000000 25.6500000000 71.8200000000 1
'Si' 28.2150000000 23.0850000000 79.5150000000 1
'Si' 23.0850000000 28.2150000000 79.5150000000 1
'Si' 28.2150000000 28.2150000000 74.3850000000 1
'Si' 30.7800000000 20.5200000000 71.8200000000 1
'Si' 33.3450000000 23.0850000000 74.3850000000 1
'Si' 35.9100000000 20.5200000000 76.9500000000 1
'Si' 30.7800000000 25.6500000000 76.9500000000 1
'Si' 35.9100000000 25.6500000000 71.8200000000 1
'Si' 38.4750000000 23.0850000000 79.5150000000 1
'Si' 33.3450000000 28.2150000000 79.5150000000 1
'Si' 38.4750000000 28.2150000000 74.3850000000 1
'Si' 41.0400000000 20.5200000000 71.8200000000 1
'Si' 43.6050000000 23.0850000000 74.3850000000 1
'Si' 46.1700000000 20.5200000000 76.9500000000 1
'Si' 41.0400000000 25.6500000000 76.9500000000 1
'Si' 46.1700000000 25.6500000000 71.8200000000 1
'Si' 48.7350000000 23.0850000000 79.5150000000 1
'Si' 43.6050000000 28.2150000000 79.5150000000 1
'Si' 48.7350000000 28.2150000000 74.3850000000 1
'Si' 51.3000000000 20.5200000000 71.8200000000 1
'Si' 53.8650000000 23.0850000000 74.3850000000 1
'Si' 56.4300000000 20.5200000000 76.9500000000 1
'Si' 51.3000000000 25.6500000000 76.9500000000 1
'Si' 56.4300000000 25.6500000000 71.8200000000 1
'Si' 58.9950000000 23.0850000000 79.5150000000 1
'Si' 53.8650000000 28.2150000000 79.5150000000 1
'Si' 58.9950000000 28.2150000000 74.3850000000 1
'Si' 61.5600000000 20.5200000000 71.8200000000 1
'Si' 64.1250000000 23.0850000000 74.3850000000 1
'Si' 66.6900000000 20.5200000000 76.9500000000 1
'Si' 61.5600000000 25.6500000000 76.9500000000 1
'Si' 66.6900000000 25.6500000000 71.8200000000 1
'Si' 69.2550000000 23.0850000000 79.5150000000 1
'Si' 64.1250000000 28.2150000000 79.5150000000 1
'Si' 69.2550000000 28.2150000000 74.3850000000 1
'Si' 71.8200000000 20.5200000000 71.8200000000 1
'Si' 74.3850000000 23.0850000000 74.3850000000 1
'Si' 76.9500000000 20.5200000000 76.9500000000 1
'Si' 71.8200000000 25.6500000000 76.9500000000 1
'Si' 76.9500000000 25.6500000000 71.8200000000 1
'Si' 79.5150000000 23.0850000000 79.5150000000 1
'Si' 74.3850000000 28.2150000000 79.5150000000 1
'Si' 79.5150000000 28.2150000000 74.3850000000 1
'Si' 82.0800000000 20.5200000000 71.8200000000 1
'Si' 84.6450000000 23.0850000000 74.3850000000 1
'Si' 87.2100000000 20.5200000000 76.9500000000 1
'Si' 82.0800000000 25.6500000000 76.9500000000 1
'Si' 87.2100000000 25.6500000000 71.8200000000 1
'Si' 89.7750000000 23.0850000000 79.5150000000 1
'Si' 84.6450000000 28.2150000000 79.5150000000 1
'Si' 89.7750000000 28.2150000000 74.3850000000 1
'Si' 92.3400000000 20.5200000000 71.8200000000 1
'Si' 94.9050000000 23.0850000000 74.3850000000 1
'Si' 97.4700000000 20.5200000000 76.9500000000 1
'Si' 92.3400000000 25.6500000000 76.9500000000 1
'Si' 97.4700000000 25.6500000000 71.8200000000 1
'Si' 100.0350000000 23.0850000000 79.5150000000 1
'Si' 94.9050000000 28.2150000000 79.5150000000 1
'Si' 100.0350000000 28.2150000000 74.3850000000 1
'Si' 0.0000000000 30.7800000000 71.8200000000 1
'Si' 2.5650000000 33.3450000000 74.3850000000 1
'Si' 5.1300000000 30.7800000000 76.9500000000 1
'Si' 0.0000000000 35.9100000000 76.9500000000 1
'Si' 5.1300000000 35.9100000000 71.8200000000 1
'Si' 7.6950000000 33.3450000000 79.5150000000 1
'Si' 2.5650000000 38.4750000000 79.5150000000 1
'Si' 7.6950000000 38.4750000000 74.3850000000 1
'Si' 10.2600000000 30.7800000000 71.8200000000 1
'Si' 12.8250000000 33.3450000000 74.3850000000 1
'Si' 15.3900000000 30.7800000000 76.9500000000 1
'Si' 10.2600000000 35.9100000000 76.9500000000 1
'Si' 15.3900000000 35.9100000000 71.8200000000 1
'Si' 17.9550000000 33.3450000000 79.5150000000 1
'Si' 12.8250000000 38.4750000000 79.5150000000 1
'Si' 17.9550000000 38.4750000000 74.3850000000 1
'Si' 20.5200000000 30.7800000000 71.8200000000 1
'Si' 23.0850000000 33.3450000000 74.3850000000 1
'Si' 25.6500000000 30.7800000000 76.9500000000 1
'Si' 20.5200000000 35.9100000000 76.9500000000 1
'Si' 25.6500000000 35.9100000000 71.8200000000 1
'Si' 28.2150000000 33.3450000000 79.5150000000 1
'Si' 23.0850000000 38.4750000000 79.5150000000 1
'Si' 28.2150000000 38.4750000000 74.3850000000 1
'Si' 30.7800000000 30.7800000000 71.8200000000 1
'Si' 33.3450000000 33.3450000000 74.3850000000 1
'Si' 35.9100000000 30.7800000000 76.9500000000 1
'Si' 30.7800000000 35.9100000000 76.9500000000 1
'Si' 35.9100000000 35.9100000000 71.8200000000 1
'Si' 38.4750000000 33.3450000000 79.5150000000 1
'Si' 33.3450000000 38.4750000000 79.5150000000 1
'Si' 38.4750000000 38.4750000000 74.3850000000 1
'Si' 41.0400000000 30.7800000000 71.8200000000 1
'Si' 43.6050000000 33.3450000000 74.3850000000 1
'Si' 46.1700000000 30.7800000000 76.9500000000 1
'Si' 41.0400000000 35.9100000000 76.9500000000 1
'Si' 46.1700000000 35.9100000000 71.8200000000 1
'Si' 48.7350000000 33.3450000000 79.5150000000 1
'Si' 43.6050000000 38.4750000000 79.5150000000 1
'Si' 48.7350000000 38.4750000000 74.3850000000 1
'Si' 51.3000000000 30.7800000000 71.8200000000 1
'Si' 53.8650000000 33.3450000000 74.3850000000 1
'Si' 56.4300000000 30.7800000000 76.9500000000 1
'Si' 51.3000000000 35.9100000000 76.9500000000 1
'Si' 56.4300000000 35.9100000000 71.8200000000 1
'Si' 58.9950000000 33.3450000000 79.5150000000 1
'Si' 53.8650000000 38.4750000000 79.5150000000 1
'Si' 58.9950000000 38.4750000000 74.3850000000 1
'Si' 61.5600000000 30.7800000000 71.8200000000 1
'Si' 64.1250000000 33.3450000000 74.3850000000 1
'Si' 66.6900000000 30.7800000000 76.9500000000 1
'Si' 61.5600000000 35.9100000000 76.9500000000 1
'Si' 66.6900000000 35.9100000000 71.8200000000 1
'Si' 69.2550000000 33.3450000000 79.5150000000 1
'Si' 64.1250000000 38.4750000000 79.5150000000 1
'Si' 69.2550000000 38.4750000000 74.3850000000 1
'Si' 71.8200000000 30.7800000000 71.8200000000 1
'Si' 74.3850000000 33.3450000000 74.3850000000 1
'Si' 76.9500000000 30.7800000000 76.9500000000 1
'Si' 71.8200000000 35.9100000000 76.9500000000 1
'Si' 76.9500000000 35.9100000000 71.8200000000 1
'Si' 79.5150000000 33.3450000000 79.5150000000 1
'Si' 74.3850000000 38.4750000000 79.5150000000 1
'Si' 79.5150000000 38.4750000000 74.3850000000 1
'Si' 82.0800000000 30.7800000000 71.8200000000 1
'Si' 84.6450000000 33.3450000000 74.3850000000 1
'Si' 87.2100000000 30.7800000000 76.9500000000 1
'Si' 82.0800000000 35.9100000000 76.9500000000 1
'Si' 87.2100000000 35.9100000000 71.8200000000 1
'Si' 89.7750000000 33.3450000000 79.5150000000 1
'Si' 84.6450000000 38.4750000000 79.5150000000 1
'Si' 89.7750000000 38.4750000000 74.3850000000 1
'Si' 92.3400000000 30.7800000000 71.8200000000 1
'Si' 94.9050000000 33.3450000000 74.3850000000 1
'Si' 97.4700000000 30.7800000000 76.9500000000 1
'Si' 92.3400000000 35.9100000000 76.9500000000 1
'Si' 97.4700000000 35.9100000000 71.8200000000 1
'Si' 100.0350000000 33.3450000000 79.5150000000 1
'Si' 94.9050000000 38.4750000000 79.5150000000 1
'Si' 100.0350000000 38.4750000000 74.3850000000 1
'Si' 0.0000000000 41.0400000000 71.8200000000 1
'Si' 2.5650000000 43.6050000000 74.3850000000 1
'Si' 5.1300000000 41.0400000000 76.9500000000 1
'Si' 0.0000000000 46.1700000000 76.9500000000 1
'Si' 5.1300000000 46.1700000000 71.8200000000 1
'Si' 7.6950000000 43.6050000000 79.5150000000 1
'Si' 2.5650000000 48.7350000000 79.5150000000 1
'Si' 7.6950000000 48.7350000000 74.3850000000 1
'Si' 10.2600000000 41.0400000000 71.8200000000 1
'Si' 12.8250000000 43.6050000000 74.3850000000 1
'Si' 15.3900000000 41.0400000000 76.9500000000 1
'Si' 10.2600000000 46.1700000000 76.9500000000 1
'Si' 15.3900000000 46.1700000000 71.8200000000 1
'Si' 17.9550000000 43.6050000000 79.5150000000 1
'Si' 12.8250000000 48.7350000000 79.5150000000 1
'Si' 17.9550000000 48.7350000000 74.3850000000 1
'Si' 20.5200000000 41.0400000000 71.8200000000 1
'Si' 23.0850000000 43.6050000000 74.3850000000 1
'Si' 25.6500000000 41.0400000000 76.9500000000 1
'Si' 20.5200000000 46.1700000000 76.9500000000 1
'Si' 25.6500000000 46.1700000000 71.8200000000 1
'Si' 28.2150000000 43.6050000000 79.5150000000 1
'Si' 23.0850000000 48.7350000000 79.5150000000 1
'Si' 28.2150000000 48.7350000000 74.3850000000 1
'Si' 30.7800000000 41.0400000000 71.8200000000 1
'Si' 33.3450000000 43.6050000000 74.3850000000 1
'Si' 35.9100000000 41.0400000000 76.9500000000 1
'Si' 30.7800000000 46.1700000000 76.9500000000 1
'Si' 35.9100000000 46.1700000000 71.8200000000 1
'Si' 38.4750000000 43.6050000000 79.5150000000 1
'Si' 33.3450000000 48.7350000000 79.5150000000 1
'Si' 38.4750000000 48.7350000000 74.3850000000 1
'Si' 41.0400000000 41.0400000000 71.8200000000 1
'Si' 43.6050000000 43.6050000000 74.3850000000 1
'Si' 46.1700000000 41.0400000000 76.9500000000 1
'Si' 41.0400000000 46.1700000000 76.9500000000 1
'Si' 46.1700000000 46.1700000000 71.8200000000 1
'Si' 48.7350000000 43.6050000000 79.5150000000 1
'Si' 43.6050000000 48.7350000000 79.5150000000 1
'Si' 48.7350000000 48.7350000000 74.3850000000 1
'Si' 51.3000000000 41.0400000000 71.8200000000 1
'Si' 53.8650000000 43.6050000000 74.3850000000 1
'Si' 56.4300000000 41.0400000000 76.9500000000 1
'Si' 51.3000000000 46.1700000000 76.9500000000 1
'Si' 56.4300000000 46.1700000000 71.8200000000 1
'Si' 58.9950000000 43.6050000000 79.5150000000 1
'Si' 53.8650000000 48.7350000000 79.5150000000 1
'Si' 58.9950000000 48.7350000000 74.3850000000 1
'Si' 61.5600000000 41.0400000000 71.8200000000 1
'Si' 64.1250000000 43.6050000000 74.3850000000 1
'Si' 66.6900000000 41.0400000000 76.9500000000 1
'Si' 61.5600000000 46.1700000000 76.9500000000 1
'Si' 66.6900000000 46.1700000000 71.8200000000 1
'Si' 69.2550000000 43.6050000000 79.5150000000 1
'Si' 64.1250000000 48.7350000000 79.5150000000 1
'Si' 69.2550000000 48.7350000000 74.3850000000 1
'Si' 71.8200000000 41.0400000000 71.8200000000 1
'Si' 74.3850000000 43.6050000000 74.3850000000 1
'Si' 76.9500000000 41.0400000000 76.9500000000 1
'Si' 71.8200000000 46.1700000000 76.9500000000 1
'Si' 76.9500000000 46.1700000000 71.8200000000 1
'Si' 79.5150000000 43.6050000000 79.5150000000 1
'Si' 74.3850000000 48.7350000000 79.5150000000 1
'Si' 79.5150000000 48.7350000000 74.3850000000 1
'Si' 82.0800000000 41.0400000000 71.8200000000 1
'Si' 84.6450000000 43.6050000000 74.3850000000 1
'Si' 87.2100000000 41.0400000000 76.9500000000 1
'Si' 82.0800000000 46.1700000000 76.9500000000 1
'Si' 87.2100000000 46.1700000000 71.8200000000 1
'Si' 89.7750000000 43.6050000000 79.5150000000 1
'Si' 84.6450000000 48.7350000000 79.5150000000 1
'Si' 89.7750000000 48.7350000000 74.3850000000 1
'Si' 92.3400000000 41.0400000000 71.8200000000 1
'Si' 94.9050000000 43.6050000000 74.3850000000 1
'Si' 97.4700000000 41.0400000000 76.9500000000 1
'Si' 92.3400000000 46.1700000000 76.9500000000 1
'Si' 97.4700000000 46.1700000000 71.8200000000 1
'Si' 100.0350000000 43.6050000000 79.5150000000 1
'Si' 94.9050000000 48.7350000000 79.5150000000 1
'Si' 100.0350000000 48.7350000000 74.3850000000 1
'Si' 0.0000000000 51.3000000000 71.8200000000 1
'Si' 2.5650000000 53.8650000000 74.3850000000 1
'Si' 5.1300000000 51.3000000000 76.9500000000 1
'Si' 0.0000000000 56.4300000000 76.9500000000 1
'Si' 5.1300000000 56.4300000000 71.8200000000 1
'Si' 7.6950000000 53.8650000000 79.5150000000 1
'Si' 2.5650000000 58.9950000000 79.5150000000 1
'Si' 7.6950000000 58.9950000000 74.3850000000 1
'Si' 10.2600000000 51.3000000000 71.8200000000 1
'Si' 12.8250000000 53.8650000000 74.3850000000 1
'Si' 15.3900000000 51.3000000000 76.9500000000 1
'Si' 10.2600000000 56.4300000000 76.9500000000 1
'Si' 15.3900000000 56.4300000000 71.8200000000 1
'Si' 17.9550000000 53.8650000000 79.5150000000 1
'Si' 12.8250000000 58.9950000000 79.5150000000 1
'Si' 17.9550000000 58.9950000000 74.3850000000 1
'Si' 20.5200000000 51.3000000000 71.8200000000 1
'Si' 23.0850000000 53.8650000000 74.3850000000 1
'Si' 25.6500000000 51.3000000000 76.9500000000 1
'Si' 20.5200000000 56.4300000000 76.9500000000 1
'Si' 25.6500000000 56.4300000000 71.8200000000 1
'Si' 28.2150000000 53.8650000000 79.5150000000 1
'Si' 23.0850000000 58.9950000000 79.5150000000 1
'Si' 28.2150000000 58.9950000000 74.3850000000 1
'Si' 30.7800000000 51.3000000000 71.8200000000 1
'Si' 33.3450000000 53.8650000000 74.3850000000 1
'Si' 35.9100000000 51.3000000000 76.9500000000 1
'Si' 30.7800000000 56.4300000000 76.9500000000 1
'Si' 35.9100000000 56.4300000000 71.8200000000 1
'Si' 38.4750000000 53.8650000000 79.5150000000 1
'Si' 33.3450000000 58.9950000000 79.5150000000 1
'Si' 38.4750000000 58.9950000000 74.3850000000 1
'Si' 41.0400000000 51.3000000000 71.8200000000 1
'Si' 43.6050000000 53.8650000000 74.3850000000 1
'Si' 46.1700000000 51.3000000000 76.9500000000 1
'Si' 41.0400000000 56.4300000000 76.9500000000 1
'Si' 46.1700000000 56.4300000000 71.8200000000 1
'Si' 48.7350000000 53.8650000000 79.5150000000 1
'Si' 43.6050000000 58.9950000000 79.5150000000 1
'Si' 48.7350000000 58.9950000000 74.3850000000 1
'Si' 51.3000000000 51.3000000000 71.8200000000 1
'Si' 53.8650000000 53.8650000000 74.3850000000 1
'Si' 56.4300000000 51.3000000000 76.9500000000 1
'Si' 51.3000000000 56.4300000000 76.9500000000 1
'Si' 56.4300000000 56.4300000000 71.8200000000 1
'Si' 58.9950000000 53.8650000000 79.5150000000 1
'Si' 53.8650000000 58.9950000000 79.5150000000 1
'Si' 58.9950000000 58.9950000000 74.3850000000 1
'Si' 61.5600000000 51.3000000000 71.8200000000 1
'Si' 64.1250000000 53.8650000000 74.3850000000 1
'Si' 66.6900000000 51.3000000000 76.9500000000 1
'Si' 61.5600000000 56.4300000000 76.9500000000 1
'Si' 66.6900000000 56.4300000000 71.8200000000 1
'Si' 69.2550000000 53.8650000000 79.5150000000 1
'Si' 64.1250000000 58.9950000000 79.5150000000 1
'Si' 69.2550000000 58.9950000000 74.3850000000 1
'Si' 71.8200000000 51.3000000000 71.8200000000 1
'Si' 74.3850000000 53.8650000000 74.3850000000 1
'Si' 76.9500000000 51.3000000000 76.9500000000 1
'Si' 71.8200000000 56.4300000000 76.9500000000 1
'Si' 76.9500000000 56.4300000000 71.8200000000 1
'Si' 79.5150000000 53.8650000000 79.5150000000 1
'Si' 74.3850000000 58.9950000000 79.5150000000 1
'Si' 79.5150000000 58.9950000000 74.3850000000 1
'Si' 82.0800000000 51.3000000000 71.8200000000 1
'Si' 84.6450000000 53.8650000000 74.3850000000 1
'Si' 87.2100000000 51.3000000000 76.9500000000 1
'Si' 82.0800000000 56.4300000000 76.9500000000 1
'Si' 87.2100000000 56.4300000000 71.8200000000 1
'Si' 89.7750000000 53.8650000000 79.5150000000 1
'Si' 84.6450000000 58.9950000000 79.5150000000 1
'Si' 89.7750000000 58.9950000000 74.3850000000 1
'Si' 92.3400000000 51.3000000000 71.8200000000 1
'Si' 94.9050000000 53.8650000000 74.3850000000 1
'Si' 97.4700000000 51.3000000000 76.9500000000 1
'Si' 92.3400000000 56.4300000000 76.9500000000 1
'Si' 97.4700000000 56.4300000000 71.8200000000 1
'Si' 100.0350000000 53.8650000000 79.5150000000 1
'Si' 94.9050000000 58.9950000000 79.5150000000 1
'Si' 100.0350000000 58.9950000000 74.3850000000 1
'Si' 0.0000000000 61.5600000000 71.8200000000 1
'Si' 2.5650000000 64.1250000000 74.3850000000 1
'Si' 5.1300000000 61.5600000000 76.9500000000 1
'Si' 0.0000000000 66.6900000000 76.9500000000 1
'Si' 5.1300000000 66.6900000000 71.8200000000 1
'Si' 7.6950000000 64.1250000000 79.5150000000 1
'Si' 2.5650000000 69.2550000000 79.5150000000 1
'Si' 7.6950000000 69.2550000000 74.3850000000 1
'Si' 10.2600000000 61.5600000000 71.8200000000 1
'Si' 12.8250000000 64.1250000000 74.3850000000 1
'Si' 15.3900000000 61.5600000000 76.9500000000 1
'Si' 10.2600000000 66.6900000000 76.9500000000 1
'Si' 15.3900000000 66.6900000000 71.8200000000 1
'Si' 17.9550000000 64.1250000000 79.5150000000 1
'Si' 12.8250000000 69.2550000000 79.5150000000 1
'Si' 17.9550000000 69.2550000000 74.3850000000 1
'Si' 20.5200000000 61.5600000000 71.8200000000 1
'Si' 23.0850000000 64.1250000000 74.3850000000 1
'Si' 25.6500000000 61.5600000000 76.9500000000 1
'Si' 20.5200000000 66.6900000000 76.9500000000 1
'Si' 25.6500000000 66.6900000000 71.8200000000 1
'Si' 28.2150000000 64.1250000000 79.5150000000 1
'Si' 23.0850000000 69.2550000000 79.5150000000 1
'Si' 28.2150000000 69.2550000000 74.3850000000 1
'Si' 30.7800000000 61.5600000000 71.8200000000 1
'Si' 33.3450000000 64.1250000000 74.3850000000 1
'Si' 35.9100000000 61.5600000000 76.9500000000 1
'Si' 30.7800000000 66.6900000000 76.9500000000 1
'Si' 35.9100000000 66.6900000000 71.8200000000 1
'Si' 38.4750000000 64.1250000000 79.5150000000 1
'Si' 33.3450000000 69.2550000000 79.5150000000 1
'Si' 38.4750000000 69.2550000000 74.3850000000 1
'Si' 41.0400000000 61.5600000000 71.8200000000 1
'Si' 43.6050000000 64.1250000000 74.3850000000 1
'Si' 46.1700000000 61.5600000000 76.9500000000 1
'Si' 41.0400000000 66.6900000000 76.9500000000 1
'Si' 46.1700000000 66.6900000000 71.8200000000 1
'Si' 48.7350000000 64.1250000000 79.5150000000 1
'Si' 43.6050000000 69.2550000000 79.5150000000 1
'Si' 48.7350000000 69.2550000000 74.3850000000 1
'Si' 51.3000000000 61.5600000000 71.8200000000 1
'Si' 53.8650000000 64.1250000000 74.3850000000 1
'Si' 56.4300000000 61.5600000000 76.9500000000 1
'Si' 51.3000000000 66.6900000000 76.9500000000 1
'Si' 56.4300000000 66.6900000000 71.8200000000 1
'Si' 58.9950000000 64.1250000000 79.5150000000 1
'Si' 53.8650000000 69.2550000000 79.5150000000 1
'Si' 58.9950000000 69.2550000000 74.3850000000 1
'Si' 61.5600000000 61.5600000000 71.8200000000 1
'Si' 64.1250000000 64.1250000000 74.3850000000 1
'Si' 66.6900000000 61.5600000000 76.9500000000 1
'Si' 61.5600000000 66.6900000000 76.9500000000 1
'Si' 66.6900000000 66.6900000000 71.8200000000 1
'Si' 69.2550000000 64.1250000000 79.5150000000 1
'Si' 64.1250000000 69.2550000000 79.5150000000 1
'Si' 69.2550000000 69.2550000000 74.3850000000 1
'Si' 71.8200000000 61.5600000000 71.8200000000 1
'Si' 74.3850000000 64.1250000000 74.3850000000 1
'Si' 76.9500000000 61.5600000000 76.9500000000 1
'Si' 71.8200000000 66.6900000000 76.9500000000 1
'Si' 76.9500000000 66.6900000000 71.8200000000 1
'Si' 79.5150000000 64.1250000000 79.5150000000 1
'Si' 74.3850000000 69.2550000000 79.5150000000 1
'Si' 79.5150000000 69.2550000000 74.3850000000 1
'Si' 82.0800000000 61.5600000000 71.8200000000 1
'Si' 84.6450000000 64.1250000000 74.3850000000 1
'Si' 87.2100000000 61.5600000000 76.9500000000 1
'Si' 82.0800000000 66.6900000000 76.9500000000 1
'Si' 87.2100000000 66.6900000000 71.8200000000 1
'Si' 89.7750000000 64.1250000000 79.5150000000 1
'Si' 84.6450000000 69.2550000000 79.5150000000 1
'Si' 89.7750000000 69.2550000000 74.3850000000 1
'Si' 92.3400000000 61.5600000000 71.8200000000 1
'Si' 94.9050000000 64.1250000000 74.3850000000 1
'Si' 97.4700000000 61.5600000000 76.9500000000 1
'Si' 92.3400000000 66.6900000000 76.9500000000 1
'Si' 97.4700000000 66.6900000000 71.8200000000 1
'Si' 100.0350000000 64.1250000000 79.5150000000 1
'Si' 94.9050000000 69.2550000000 79.5150000000 1
'Si' 100.0350000000 69.2550000000 74.3850000000 1
'Si' 0.0000000000 71.8200000000 71.8200000000 1
'Si' 2.5650000000 74.3850000000 74.3850000000 1
'Si' 5.1300000000 71.8200000000 76.9500000000 1
'Si' 0.0000000000 76.9500000000 76.9500000000 1
'Si' 5.1300000000 76.9500000000 71.8200000000 1
'Si' 7.6950000000 74.3850000000 79.5150000000 1
'Si' 2.5650000000 79.5150000000 79.5150000000 1
'Si' 7.6950000000 79.5150000000 74.3850000000 1
'Si' 10.2600000000 71.8200000000 71.8200000000 1
'Si' 12.8250000000 74.3850000000 74.3850000000 1
'Si' 15.3900000000 71.8200000000 76.9500000000 1
'Si' 10.2600000000 76.9500000000 76.9500000000 1
'Si' 15.3900000000 76.9500000000 71.8200000000 1
'Si' 17.9550000000 74.3850000000 79.5150000000 1
'Si' 12.8250000000 79.5150000000 79.5150000000 1
'Si' 17.9550000000 79.5150000000 74.3850000000 1
'Si' 20.5200000000 71.8200000000 71.8200000000 1
'Si' 23.0850000000 74.3850000000 74.3850000000 1
'Si' 25.6500000000 71.8200000000 76.9500000000 1
'Si' 20.5200000000 76.9500000000 76.9500000000 1
'Si' 25.6500000000 76.9500000000 71.8200000000 1
'Si' 28.2150000000 74.3850000000 79.5150000000 1
'Si' 23.0850000000 79.5150000000 79.5150000000 1
'Si' 28.2150000000 79.5150000000 74.3850000000 1
'Si' 30.7800000000 71.8200000000 71.8200000000 1
'Si' 33.3450000000 74.3850000000 74.3850000000 1
'Si' 35.9100000000 71.8200000000 76.9500000000 1
'Si' 30.7800000000 76.9500000000 76.9500000000 1
'Si' 35.9100000000 76.9500000000 71.8200000000 1
'Si' 38.4750000000 74.3850000000 79.5150000000 1
'Si' 33.3450000000 79.5150000000 79.5150000000 1
'Si' 38.4750000000 79.5150000000 74.3850000000 1
'Si' 41.0400000000 71.8200000000 71.8200000000 1
'Si' 43.6050000000 74.3850000000 74.3850000000 1
'Si' 46.1700000000 71.8200000000 76.9500000000 1
'Si' 41.0400000000 76.9500000000 76.9500000000 1
'Si' 46.1700000000 76.9500000000 71.8200000000 1
'Si' 48.7350000000 74.3850000000 79.5150000000 1
'Si' 43.6050000000 79.5150000000 79.5150000000 1
'Si' 48.7350000000 79.5150000000 74.3850000000 1
'Si' 51.3000000000 71.8200000000 71.8200000000 1
'Si' 53.8650000000 74.3850000000 74.3850000000 1
'Si' 56.4300000000 71.8200000000 76.9500000000 1
'Si' 51.3000000000 76.9500000000 76.9500000000 1
'Si' 56.4300000000 76.9500000000 71.8200000000 1
'Si' 58.9950000000 74.3850000000 79.5150000000 1
'Si' 53.8650000000 79.5150000000 79.5150000000 1
'Si' 58.9950000000 79.5150000000 74.3850000000 1
'Si' 61.5600000000 71.8200000000 71.8200000000 1
'Si' 64.1250000000 74.3850000000 74.3850000000 1
'Si' 66.6900000000 71.8200000000 76.9500000000 1
'Si' 61.5600000000 76.9500000000 76.9500000000 1
'Si' 66.6900000000 76.9500000000 71.8200000000 1
'Si' 69.2550000000 74.3850000000 79.5150000000 1
'Si' 64.1250000000 79.5150000000 79.5150000000 1
'Si' 69.2550000000 79.5150000000 74.3850000000 1
'Si' 71.8200000000 71.8200000000 71.8200000000 1
'Si' 74.3850000000 74.3850000000 74.3850000000 1
'Si' 76.9500000000 71.8200000000 76.9500000000 1
'Si' 71.8200000000 76.9500000000 76.9500000000 1
'Si' 76.9500000000 76.9500000000 71.8200000000 1
'Si' 79.5150000000 74.3850000000 79.5150000000 1
'Si' 74.3850000000 79.5150000000 79.5150000000 1
'Si' 79.5150000000 79.5150000000 74.3850000000 1
'Si' 82.0800000000 71.8200000000 71.8200000000 1
'Si' 84.6450000000 74.3850000000 74.3850000000 1
'Si' 87.2100000000 71.8200000000 76.9500000000 1
'Si' 82.0800000000 76.9500000000 76.9500000000 1
'Si' 87.2100000000 76.9500000000 71.8200000000 1
'Si' 89.7750000000 74.3850000000 79.5150000000 1
'Si' 84.6450000000 79.5150000000 79.5150000000 1
'Si' 89.7750000000 79.5150000000 74.3850000000 1
'Si' 92.3400000000 71.8200000000 71.8200000000 1
'Si' 94.9050000000 74.3850000000 74.3850000000 1
'Si' 97.4700000000 71.8200000000 76.9500000000 1
'Si' 92.3400000000 76.9500000000 76.9500000000 1
'Si' 97.4700000000 76.9500000000 71.8200000000 1
'Si' 100.0350000000 74.3850000000 79.5150000000 1
'Si' 94.9050000000 79.5150000000 79.5150000000 1
'Si' 100.0350000000 79.5150000000 74.3850000000 1
'Si' 0.0000000000 82.0800000000 71.8200000000 1
'Si' 2.5650000000 84.6450000000 74.3850000000 1
'Si' 5.1300000000 82.0800000000 76.9500000000 1
'Si' 0.0000000000 87.2100000000 76.9500000000 1
'Si' 5.1300000000 87.2100000000 71.8200000000 1
'Si' 7.6950000000 84.6450000000 79.5150000000 1
'Si' 2.5650000000 89.7750000000 79.5150000000 1
'Si' 7.6950000000 89.7750000000 74.3850000000 1
'Si' 10.2600000000 82.0800000000 71.8200000000 1
'Si' 12.8250000000 84.6450000000 74.3850000000 1
'Si' 15.3900000000 82.0800000000 76.9500000000 1
'Si' 10.2600000000 87.2100000000 76.9500000000 1
'Si' 15.3900000000 87.2100000000 71.8200000000 1
'Si' 17.9550000000 84.6450000000 79.5150000000 1
'Si' 12.8250000000 89.7750000000 79.5150000000 1
'Si' 17.9550000000 89.7750000000 74.3850000000 1
'Si' 20.5200000000 82.0800000000 71.8200000000 1
'Si' 23.0850000000 84.6450000000 74.3850000000 1
'Si' 25.6500000000 82.0800000000 76.9500000000 1
'Si' 20.5200000000 87.2100000000 76.9500000000 1
'Si' 25.6500000000 87.2100000000 71.8200000000 1
'Si' 28.2150000000 84.6450000000 79.5150000000 1
'Si' 23.0850000000 89.7750000000 79.5150000000 1
'Si' 28.2150000000 89.7750000000 74.3850000000 1
'Si' 30.7800000000 82.0800000000 71.8200000000 1
'Si' 33.3450000000 84.6450000000 74.3850000000 1
'Si' 35.9100000000 82.0800000000 76.9500000000 1
'Si' 30.7800000000 87.2100000000 76.9500000000 1
'Si' 35.9100000000 87.2100000000 71.8200000000 1
'Si' 38.4750000000 84.6450000000 79.5150000000 1
'Si' 33.3450000000 89.7750000000 79.5150000000 1
'Si' 38.4750000000 89.7750000000 74.3850000000 1
'Si' 41.0400000000 82.0800000000 71.8200000000 1
'Si' 43.6050000000 84.6450000000 74.3850000000 1
'Si' 46.1700000000 82.0800000000 76.9500000000 1
'Si' 41.0400000000 87.2100000000 76.9500000000 1
'Si' 46.1700000000 87.2100000000 71.8200000000 1
'Si' 48.7350000000 84.6450000000 79.5150000000 1
'Si' 43.6050000000 89.7750000000 79.5150000000 1
'Si' 48.7350000000 89.7750000000 74.3850000000 1
'Si' 51.3000000000 82.0800000000 71.8200000000 1
'Si' 53.8650000000 84.6450000000 74.3850000000 1
'Si' 56.4300000000 82.0800000000 76.9500000000 1
'Si' 51.3000000000 87.2100000000 76.9500000000 1
'Si' 56.4300000000 87.2100000000 71.8200000000 1
'Si' 58.9950000000 84.6450000000 79.5150000000 1
'Si' 53.8650000000 89.7750000000 79.5150000000 1
'Si' 58.9950000000 89.7750000000 74.3850000000 1
'Si' 61.5600000000 82.0800000000 71.8200000000 1
'Si' 64.1250000000 84.6450000000 74.3850000000 1
'Si' 66.6900000000 82.0800000000 76.9500000000 1
'Si' 61.5600000000 87.2100000000 76.9500000000 1
'Si' 66.6900000000 87.2100000000 71.8200000000 1
'Si' 69.2550000000 84.6450000000 79.5150000000 1
'Si' 64.1250000000 89.7750000000 79.5150000000 1
'Si' 69.2550000000 89.7750000000 74.3850000000 1
'Si' 71.8200000000 82.0800000000 71.8200000000 1
'Si' 74.3850000000 84.6450000000 74.3850000000 1
'Si' 76.9500000000 82.0800000000 76.9500000000 1
'Si' 71.8200000000 87.2100000000 76.9500000000 1
'Si' 76.9500000000 87.2100000000 71.8200000000 1
'Si' 79.5150000000 84.6450000000 79.5150000000 1
'Si' 74.3850000000 89.7750000000 79.5150000000 1
'Si' 79.5150000000 89.7750000000 74.3850000000 1
'Si' 82.0800000000 82.0800000000 71.8200000000 1
'Si' 84.6450000000 84.6450000000 74.3850000000 1
'Si' 87.2100000000 82.0800000000 76.9500000000 1
'Si' 82.0800000000 87.2100000000 76.9500000000 1
'Si' 87.2100000000 87.2100000000 71.8200000000 1
'Si' 89.7750000000 84.6450000000 79.5150000000 1
'Si' 84.6450000000 89.7750000000 79.5150000000 1
'Si' 89.7750000000 89.7750000000 74.3850000000 1
'Si' 92.3400000000 82.0800000000 71.8200000000 1
'Si' 94.9050000000 84.6450000000 74.3850000000 1
'Si' 97.4700000000 82.0800000000 76.9500000000 1
'Si' 92.3400000000 87.2100000000 76.9500000000 1
'Si' 97.4700000000 87.2100000000 71.8200000000 1
'Si' 100.0350000000 84.6450000000 79.5150000000 1
'Si' 94.9050000000 89.7750000000 79.5150000000 1
'Si' 100.0350000000 89.7750000000 74.3850000000 1
'Si' 0.0000000000 92.3400000000 71.8200000000 1
'Si' 2.5650000000 94.9050000000 74.3850000000 1
'Si' 5.1300000000 92.3400000000 76.9500000000 1
'Si' 0.0000000000 97.4700000000 76.9500000000 1
'Si' 5.1300000000 97.4700000000 71.8200000000 1
'Si' 7.6950000000 94.9050000000 79.5150000000 1
'Si' 2.5650000000 100.0350000000 79.5150000000 1
'Si' 7.6950000000 100.0350000000 74.3850000000 1
'Si' 10.2600000000 92.3400000000 71.8200000000 1
'Si' 12.8250000000 94.9050000000 74.3850000000 1
'Si' 15.3900000000 92.3400000000 76.9500000000 1
'Si' 10.2600000000 97.4700000000 76.9500000000 1
'Si' 15.3900000000 97.4700000000 71.8200000000 1
'Si' 17.9550000000 94.9050000000 79.5150000000 1
'Si' 12.8250000000 100.0350000000 79.5150000000 1
'Si' 17.9550000000 100.0350000000 74.3850000000 1
'Si' 20.5200000000 92.3400000000 71.8200000000 1
'Si' 23.0850000000 94.9050000000 74.3850000000 1
'Si' 25.6500000000 92.3400000000 76.9500000000 1
'Si' 20.5200000000 97.4700000000 76.9500000000 1
'Si' 25.6500000000 97.4700000000 71.8200000000 1
'Si' 28.2150000000 94.9050000000 79.5150000000 1
'Si' 23.0850000000 100.0350000000 79.5150000000 1
'Si' 28.2150000000 100.0350000000 74.3850000000 1
'Si' 30.7800000000 92.3400000000 71.8200000000 1
'Si' 33.3450000000 94.9050000000 74.3850000000 1
'Si' 35.9100000000 92.3400000000 76.9500000000 1
'Si' 30.7800000000 97.4700000000 76.9500000000 1
'Si' 35.9100000000 97.4700000000 71.8200000000 1
'Si' 38.4750000000 94.9050000000 79.5150000000 1
'Si' 33.3450000000 100.0350000000 79.5150000000 1
'Si' 38.4750000000 100.0350000000 74.3850000000 1
'Si' 41.0400000000 92.3400000000 71.8200000000 1
'Si' 43.6050000000 94.9050000000 74.3850000000 1
'Si' 46.1700000000 92.3400000000 76.9500000000 1
'Si' 41.0400000000 97.4700000000 76.9500000000 1
'Si' 46.1700000000 97.4700000000 71.8200000000 1
'Si' 48.7350000000 94.9050000000 79.5150000000 1
'Si' 43.6050000000 100.0350000000 79.5150000000 1
'Si' 48.7350000000 100.0350000000 74.3850000000 1
'Si' 51.3000000000 92.3400000000 71.8200000000 1
'Si' 53.8650000000 94.9050000000 74.3850000000 1
'Si' 56.4300000000 92.3400000000 76.9500000000 1
'Si' 51.3000000000 97.4700000000 76.9500000000 1
'Si' 56.4300000000 97.4700000000 71.8200000000 1
'Si' 58.9950000000 94.9050000000 79.5150000000 1
'Si' 53.8650000000 100.0350000000 79.5150000000 1
'Si' 58.9950000000 100.0350000000 74.3850000000 1
'Si' 61.5600000000 92.3400000000 71.8200000000 1
'Si' 64.1250000000 94.9050000000 74.3850000000 1
'Si' 66.6900000000 92.3400000000 76.9500000000 1
'Si' 61.5600000000 97.4700000000 76.9500000000 1
'Si' 66.6900000000 97.4700000000 71.8200000000 1
'Si' 69.2550000000 94.9050000000 79.5150000000 1
'Si' 64.1250000000 100.0350000000 79.5150000000 1
'Si' 69.2550000000 100.0350000000 74.3850000000 1
'Si' 71.8200000000 92.3400000000 71.8200000000 1
'Si' 74.3850000000 94.9050000000 74.3850000000 1
'Si' 76.9500000000 92.3400000000 76.9500000000 1
'Si' 71.8200000000 97.4700000000 76.9500000000 1
'Si' 76.9500000000 97.4700000000 71.8200000000 1
'Si' 79.5150000000 94.9050000000 79.5150000000 1
'Si' 74.3850000000 100.0350000000 79.5150000000 1
'Si' 79.5150000000 100.0350000000 74.3850000000 1
'Si' 82.0800000000 92.3400000000 71.8200000000 1
'Si' 84.6450000000 94.9050000000 74.3850000000 1
'Si' 87.2100000000 92.3400000000 76.9500000000 1
'Si' 82.0800000000 97.4700000000 76.9500000000 1
'Si' 87.2100000000 97.4700000000 71.8200000000 1
'Si' 89.7750000000 94.9050000000 79.5150000000 1
'Si' 84.6450000000 100.0350000000 79.5150000000 1
'Si' 89.7750000000 100.0350000000 74.3850000000 1
'Si' 92.3400000000 92.3400000000 71.8200000000 1
'Si' 94.9050000000 94.9050000000 74.3850000000 1
'Si' 97.4700000000 92.3400000000 76.9500000000 1
'Si' 92.3400000000 97.4700000000 76.9500000000 1
'Si' 97.4700000000 97.4700000000 71.8200000000 1
'Si' 100.0350000000 94.9050000000 79.5150000000 1
'Si' 94.9050000000 100.0350000000 79.5150000000 1
'Si' 100.0350000000 100.0350000000 74.3850000000 1
'Si' 0.0000000000 0.0000000000 82.0800000000 1
'Si' 2.5650000000 2.5650000000 84.6450000000 1
'Si' 5.1300000000 0.0000000000 87.2100000000 1
'Si' 0.0000000000 5.1300000000 87.2100000000 1
'Si' 5.1300000000 5.1300000000 82.0800000000 1
'Si' 7.6950000000 2.5650000000 89.7750000000 1
'Si' 2.5650000000 7.6950000000 89.7750000000 1
'Si' 7.6950000000 7.6950000000 84.6450000000 1
'Si' 10.2600000000 0.0000000000 82.0800000000 1
'Si' 12.8250000000 2.5650000000 84.6450000000 1
'Si' 15.3900000000 0.0000000000 87.2100000000 1
'Si' 10.2600000000 5.1300000000 87.2100000000 1
'Si' 15.3900000000 5.1300000000 82.0800000000 1
'Si' 17.9550000000 2.5650000000 89.7750000000 1
'Si' 12.8250000000 7.6950000000 89.7750000000 1
'Si' 17.9550000000 7.6950000000 84.6450000000 1
'Si' 20.5200000000 0.0000000000 82.0800000000 1
'Si' 23.0850000000 2.5650000000 84.6450000000 1
'Si' 25.6500000000 0.0000000000 87.2100000000 1
'Si' 20.5200000000 5.1300000000 87.2100000000 1
'Si' 25.6500000000 5.1300000000 82.0800000000 1
'Si' 28.2150000000 2.5650000000 89.7750000000 1
'Si' 23.0850000000 7.6950000000 89.7750000000 1
'Si' 28.2150000000 7.6950000000 84.6450000000 1
'Si' 30.7800000000 0.0000000000 82.0800000000 1
'Si' 33.3450000000 2.5650000000 84.6450000000 1
'Si' 35.9100000000 0.0000000000 87.2100000000 1
'Si' 30.7800000000 5.1300000000 87.2100000000 1
'Si' 35.9100000000 5.1300000000 82.0800000000 1
'Si' 38.4750000000 2.5650000000 89.7750000000 1
'Si' 33.3450000000 7.6950000000 89.7750000000 1
'Si' 38.4750000000 7.6950000000 84.6450000000 1
'Si' 41.0400000000 0.0000000000 82.0800000000 1
'Si' 43.6050000000 2.5650000000 84.6450000000 1
'Si' 46.1700000000 0.0000000000 87.2100000000 1
'Si' 41.0400000000 5.1300000000 87.2100000000 1
'Si' 46.1700000000 5.1300000000 82.0800000000 1
'Si' 48.7350000000 2.5650000000 89.7750000000 1
'Si' 43.6050000000 7.6950000000 89.7750000000 1
'Si' 48.7350000000 7.6950000000 84.6450000000 1
'Si' 51.3000000000 0.0000000000 82.0800000000 1
'Si' 53.8650000000 2.5650000000 84.6450000000 1
'Si' 56.4300000000 0.0000000000 87.2100000000 1
'Si' 51.3000000000 5.1300000000 87.2100000000 1
'Si' 56.4300000000 5.1300000000 82.0800000000 1
'Si' 58.9950000000 2.5650000000 89.7750000000 1
'Si' 53.8650000000 7.6950000000 89.7750000000 1
'Si' 58.9950000000 7.6950000000 84.6450000000 1
'Si' 61.5600000000 0.0000000000 82.0800000000 1
'Si' 64.1250000000 2.5650000000 84.6450000000 1
'Si' 66.6900000000 0.0000000000 87.2100000000 1
'Si' 61.5600000000 5.1300000000 87.2100000000 1
'Si' 66.6900000000 5.1300000000 82.0800000000 1
'Si' 69.2550000000 2.5650000000 89.7750000000 1
'Si' 64.1250000000 7.6950000000 89.7750000000 1
'Si' 69.2550000000 7.6950000000 84.6450000000 1
'Si' 71.8200000000 0.0000000000 82.0800000000 1
'Si' 74.3850000000 2.5650000000 84.6450000000 1
'Si' 76.9500000000 0.0000000000 87.2100000000 1
'Si' 71.8200000000 5.1300000000 87.2100000000 1
'Si' 76.9500000000 5.1300000000 82.0800000000 1
'Si' 79.5150000000 2.5650000000 89.7750000000 1
'Si' 74.3850000000 7.6950000000 89.7750000000 1
'Si' 79.5150000000 7.6950000000 84.6450000000 1
'Si' 82.0800000000 0.0000000000 82.0800000000 1
'Si' 84.6450000000 2.5650000000 84.6450000000 1
'Si' 87.2100000000 0.0000000000 87.2100000000 1
'Si' 82.0800000000 5.1300000000 87.2100000000 1
'Si' 87.2100000000 5.1300000000 82.0800000000 1
'Si' 89.7750000000 2.5650000000 89.7750000000 1
'Si' 84.6450000000 7.6950000000 89.7750000000 1
'Si' 89.7750000000 7.6950000000 84.6450000000 1
'Si' 92.3400000000 0.0000000000 82.0800000000 1
'Si' 94.9050000000 2.5650000000 84.6450000000 1
'Si' 97.4700000000 0.0000000000 87.2100000000 1
'Si' 92.3400000000 5.1300000000 87.2100000000 1
'Si' 97.4700000000 5.1300000000 82.0800000000 1
'Si' 100.0350000000 2.5650000000 89.7750000000 1
'Si' 94.9050000000 7.6950000000 89.7750000000 1
'Si' 100.0350000000 7.6950000000 84.6450000000 1
'Si' 0.0000000000 10.2600000000 82.0800000000 1
'Si' 2.5650000000 12.8250000000 84.6450000000 1
'Si' 5.1300000000 10.2600000000 87.2100000000 1
'Si' 0.0000000000 15.3900000000 87.2100000000 1
'Si' 5.1300000000 15.3900000000 82.0800000000 1
'Si' 7.6950000000 12.8250000000 89.7750000000 1
'Si' 2.5650000000 17.9550000000 89.7750000000 1
'Si' 7.6950000000 17.9550000000 84.6450000000 1
'Si' 10.2600000000 10.2600000000 82.0800000000 1
'Si' 12.8250000000 12.8250000000 84.6450000000 1
'Si' 15.3900000000 10.2600000000 87.2100000000 1
'Si' 10.2600000000 15.3900000000 87.2100000000 1
'Si' 15.3900000000 15.3900000000 82.0800000000 1
'Si' 17.9550000000 12.8250000000 89.7750000000 1
'Si' 12.8250000000 17.9550000000 89.7750000000 1
'Si' 17.9550000000 17.9550000000 84.6450000000 1
'Si' 20.5200000000 10.2600000000 82.0800000000 1
'Si' 23.0850000000 12.8250000000 84.6450000000 1
'Si' 25.6500000000 10.2600000000 87.2100000000 1
'Si' 20.5200000000 15.3900000000 87.2100000000 1
'Si' 25.6500000000 15.3900000000 82.0800000000 1
'Si' 28.2150000000 12.8250000000 89.7750000000 1
'Si' 23.0850000000 17.9550000000 89.7750000000 1
'Si' 28.2150000000 17.9550000000 84.6450000000 1
'Si' 30.7800000000 10.2600000000 82.0800000000 1
'Si' 33.3450000000 12.8250000000 84.6450000000 1
'Si' 35.9100000000 10.2600000000 87.2100000000 1
'Si' 30.7800000000 15.3900000000 87.2100000000 1
'Si' 35.9100000000 15.3900000000 82.0800000000 1
'Si' 38.4750000000 12.8250000000 89.7750000000 1
'Si' 33.3450000000 17.9550000000 89.7750000000 1
'Si' 38.4750000000 17.9550000000 84.6450000000 1
'Si' 41.0400000000 10.2600000000 82.0800000000 1
'Si' 43.6050000000 12.8250000000 84.6450000000 1
'Si' 46.1700000000 10.2600000000 87.2100000000 1
'Si' 41.0400000000 15.3900000000 87.2100000000 1
'Si' 46.1700000000 15.3900000000 82.0800000000 1
'Si' 48.7350000000 12.8250000000 89.7750000000 1
'Si' 43.6050000000 17.9550000000 89.7750000000 1
'Si' 48.7350000000 17.9550000000 84.6450000000 1
'Si' 51.3000000000 10.2600000000 82.0800000000 1
'Si' 53.8650000000 12.8250000000 84.6450000000 1
'Si' 56.4300000000 10.2600000000 87.2100000000 1
'Si' 51.3000000000 15.3900000000 87.2100000000 1
'Si' 56.4300000000 15.3900000000 82.0800000000 1
'Si' 58.9950000000 12.8250000000 89.7750000000 1
'Si' 53.8650000000 17.9550000000 89.7750000000 1
'Si' 58.9950000000 17.9550000000 84.6450000000 1
'Si' 61.5600000000 10.2600000000 82.0800000000 1
'Si' 64.1250000000 12.8250000000 84.6450000000 1
'Si' 66.6900000000 10.2600000000 87.2100000000 1
'Si' 61.5600000000 15.3900000000 87.2100000000 1
'Si' 66.6900000000 15.3900000000 82.0800000000 1
'Si' 69.2550000000 12.8250000000 89.7750000000 1
'Si' 64.1250000000 17.9550000000 89.7750000000 1
'Si' 69.2550000000 17.9550000000 84.6450000000 1
'Si' 71.8200000000 10.2600000000 82.0800000000 1
'Si' 74.3850000000 12.8250000000 84.6450000000 1
'Si' 76.9500000000 10.2600000000 87.2100000000 1
'Si' 71.8200000000 15.3900000000 87.2100000000 1
'Si' 76.9500000000 15.3900000000 82.0800000000 1
'Si' 79.5150000000 12.8250000000 89.7750000000 1
'Si' 74.3850000000 17.9550000000 89.7750000000 1
'Si' 79.5150000000 17.9550000000 84.6450000000 1
'Si' 82.0800000000 10.2600000000 82.0800000000 1
'Si' 84.6450000000 12.8250000000 84.6450000000 1
'Si' 87.2100000000 10.2600000000 87.2100000000 1
'Si' 82.0800000000 15.3900000000 87.2100000000 1
'Si' 87.2100000000 15.3900000000 82.0800000000 1
'Si' 89.7750000000 12.8250000000 89.7750000000 1
'Si' 84.6450000000 17.9550000000 89.7750000000 1
'Si' 89.7750000000 17.9550000000 84.6450000000 1
'Si' 92.3400000000 10.2600000000 82.0800000000 1
'Si' 94.9050000000 12.8250000000 84.6450000000 1
'Si' 97.4700000000 10.2600000000 87.2100000000 1
'Si' 92.3400000000 15.3900000000 87.2100000000 1
'Si' 97.4700000000 15.3900000000 82.0800000000 1
'Si' 100.0350000000 12.8250000000 89.7750000000 1
'Si' 94.9050000000 17.9550000000 89.7750000000 1
'Si' 100.0350000000 17.9550000000 84.6450000000 1
'Si' 0.0000000000 20.5200000000 82.0800000000 1
'Si' 2.5650000000 23.0850000000 84.6450000000 1
'Si' 5.1300000000 20.5200000000 87.2100000000 1
'Si' 0.0000000000 25.6500000000 87.2100000000 1
'Si' 5.1300000000 25.6500000000 82.0800000000 1
'Si' 7.6950000000 23.0850000000 89.7750000000 1
'Si' 2.5650000000 28.2150000000 89.7750000000 1
'Si' 7.6950000000 28.2150000000 84.6450000000 1
'Si' 10.2600000000 20.5200000000 82.0800000000 1
'Si' 12.8250000000 23.0850000000 84.6450000000 1
'Si' 15.3900000000 20.5200000000 87.2100000000 1
'Si' 10.2600000000 25.6500000000 87.2100000000 1
'Si' 15.3900000000 25.6500000000 82.0800000000 1
'Si' 17.9550000000 23.0850000000 89.7750000000 1
'Si' 12.8250000000 28.2150000000 89.7750000000 1
'Si' 17.9550000000 28.2150000000 84.6450000000 1
'Si' 20.5200000000 20.5200000000 82.0800000000 1
'Si' 23.0850000000 23.0850000000 84.6450000000 1
'Si' 25.6500000000 20.5200000000 87.2100000000 1
'Si' 20.5200000000 25.6500000000 87.2100000000 1
'Si' 25.6500000000 25.6500000000 82.0800000000 1
'Si' 28.2150000000 23.0850000000 89.7750000000 1
'Si' 23.0850000000 28.2150000000 89.7750000000 1
'Si' 28.2150000000 28.2150000000 84.6450000000 1
'Si' 30.7800000000 20.5200000000 82.0800000000 1
'Si' 33.3450000000 23.0850000000 84.6450000000 1
'Si' 35.9100000000 20.5200000000 87.2100000000 1
'Si' 30.7800000000 25.6500000000 87.2100000000 1
'Si' 35.9100000000 25.6500000000 82.0800000000 1
'Si' 38.4750000000 23.0850000000 89.7750000000 1
'Si' 33.3450000000 28.2150000000 89.7750000000 1
'Si' 38.4750000000 28.2150000000 84.6450000000 1
'Si' 41.0400000000 20.5200000000 82.0800000000 1
'Si' 43.6050000000 23.0850000000 84.6450000000 1
'Si' 46.1700000000 20.5200000000 87.2100000000 1
'Si' 41.0400000000 25.6500000000 87.2100000000 1
'Si' 46.1700000000 25.6500000000 82.0800000000 1
'Si' 48.7350000000 23.0850000000 89.7750000000 1
'Si' 43.6050000000 28.2150000000 89.7750000000 1
'Si' 48.7350000000 28.2150000000 84.6450000000 1
'Si' 51.3000000000 20.5200000000 82.0800000000 1
'Si' 53.8650000000 23.0850000000 84.6450000000 1
'Si' 56.4300000000 20.5200000000 87.2100000000 1
'Si' 51.3000000000 25.6500000000 87.2100000000 1
'Si' 56.4300000000 25.6500000000 82.0800000000 1
'Si' 58.9950000000 23.0850000000 89.7750000000 1
'Si' 53.8650000000 28.2150000000 89.7750000000 1
'Si' 58.9950000000 28.2150000000 84.6450000000 1
'Si' 61.5600000000 20.5200000000 82.0800000000 1
'Si' 64.1250000000 23.0850000000 84.6450000000 1
'Si' 66.6900000000 20.5200000000 87.2100000000 1
'Si' 61.5600000000 25.6500000000 87.2100000000 1
'Si' 66.6900000000 25.6500000000 82.0800000000 1
'Si' 69.2550000000 23.0850000000 89.7750000000 1
'Si' 64.1250000000 28.2150000000 89.7750000000 1
'Si' 69.2550000000 28.2150000000 84.6450000000 1
'Si' 71.8200000000 20.5200000000 82.0800000000 1
'Si' 74.3850000000 23.0850000000 84.6450000000 1
'Si' 76.9500000000 20.5200000000 87.2100000000 1
'Si' 71.8200000000 25.6500000000 87.2100000000 1
'Si' 76.9500000000 25.6500000000 82.0800000000 1
'Si' 79.5150000000 23.0850000000 89.7750000000 1
'Si' 74.3850000000 28.2150000000 89.7750000000 1
'Si' 79.5150000000 28.2150000000 84.6450000000 1
'Si' 82.0800000000 20.5200000000 82.0800000000 1
'Si' 84.6450000000 23.0850000000 84.6450000000 1
'Si' 87.2100000000 20.5200000000 87.2100000000 1
'Si' 82.0800000000 25.6500000000 87.2100000000 1
'Si' 87.2100000000 25.6500000000 82.0800000000 1
'Si' 89.7750000000 23.0850000000 89.7750000000 1
'Si' 84.6450000000 28.2150000000 89.7750000000 1
'Si' 89.7750000000 28.2150000000 84.6450000000 1
'Si' 92.3400000000 20.5200000000 82.0800000000 1
'Si' 94.9050000000 23.0850000000 84.6450000000 1
'Si' 97.4700000000 20.5200000000 87.2100000000 1
'Si' 92.3400000000 25.6500000000 87.2100000000 1
'Si' 97.4700000000 25.6500000000 82.0800000000 1
'Si' 100.0350000000 23.0850000000 89.7750000000 1
'Si' 94.9050000000 28.2150000000 89.7750000000 1
'Si' 100.0350000000 28.2150000000 84.6450000000 1
'Si' 0.0000000000 30.7800000000 82.0800000000 1
'Si' 2.5650000000 33.3450000000 84.6450000000 1
'Si' 5.1300000000 30.7800000000 87.2100000000 1
'Si' 0.0000000000 35.9100000000 87.2100000000 1
'Si' 5.1300000000 35.9100000000 82.0800000000 1
'Si' 7.6950000000 33.3450000000 89.7750000000 1
'Si' 2.5650000000 38.4750000000 89.7750000000 1
'Si' 7.6950000000 38.4750000000 84.6450000000 1
'Si' 10.2600000000 30.7800000000 82.0800000000 1
'Si' 12.8250000000 33.3450000000 84.6450000000 1
'Si' 15.3900000000 30.7800000000 87.2100000000 1
'Si' 10.2600000000 35.9100000000 87.2100000000 1
'Si' 15.3900000000 35.9100000000 82.0800000000 1
'Si' 17.9550000000 33.3450000000 89.7750000000 1
'Si' 12.8250000000 38.4750000000 89.7750000000 1
'Si' 17.9550000000 38.4750000000 84.6450000000 1
'Si' 20.5200000000 30.7800000000 82.0800000000 1
'Si' 23.0850000000 33.3450000000 84.6450000000 1
'Si' 25.6500000000 30.7800000000 87.2100000000 1
'Si' 20.5200000000 35.9100000000 87.2100000000 1
'Si' 25.6500000000 35.9100000000 82.0800000000 1
'Si' 28.2150000000 33.3450000000 89.7750000000 1
'Si' 23.0850000000 38.4750000000 89.7750000000 1
'Si' 28.2150000000 38.4750000000 84.6450000000 1
'Si' 30.7800000000 30.7800000000 82.0800000000 1
'Si' 33.3450000000 33.3450000000 84.6450000000 1
'Si' 35.9100000000 30.7800000000 87.2100000000 1
'Si' 30.7800000000 35.9100000000 87.2100000000 1
'Si' 35.9100000000 35.9100000000 82.0800000000 1
'Si' 38.4750000000 33.3450000000 89.7750000000 1
'Si' 33.3450000000 38.4750000000 89.7750000000 1
'Si' 38.4750000000 38.4750000000 84.6450000000 1
'Si' 41.0400000000 30.7800000000 82.0800000000 1
'Si' 43.6050000000 33.3450000000 84.6450000000 1
'Si' 46.1700000000 30.7800000000 87.2100000000 1
'Si' 41.0400000000 35.9100000000 87.2100000000 1
'Si' 46.1700000000 35.9100000000 82.0800000000 1
'Si' 48.7350000000 33.3450000000 89.7750000000 1
'Si' 43.6050000000 38.4750000000 89.7750000000 1
'Si' 48.7350000000 38.4750000000 84.6450000000 1
'Si' 51.3000000000 30.7800000000 82.0800000000 1
'Si' 53.8650000000 33.3450000000 84.6450000000 1
'Si' 56.4300000000 30.7800000000 87.2100000000 1
'Si' 51.3000000000 35.9100000000 87.2100000000 1
'Si' 56.4300000000 35.9100000000 82.0800000000 1
'Si' 58.9950000000 33.3450000000 89.7750000000 1
'Si' 53.8650000000 38.4750000000 89.7750000000 1
'Si' 58.9950000000 38.4750000000 84.6450000000 1
'Si' 61.5600000000 30.7800000000 82.0800000000 1
'Si' 64.1250000000 33.3450000000 84.6450000000 1
'Si' 66.6900000000 30.7800000000 87.2100000000 1
'Si' 61.5600000000 35.9100000000 87.2100000000 1
'Si' 66.6900000000 35.9100000000 82.0800000000 1
'Si' 69.2550000000 33.3450000000 89.7750000000 1
'Si' 64.1250000000 38.4750000000 89.7750000000 1
'Si' 69.2550000000 38.4750000000 84.6450000000 1
'Si' 71.8200000000 30.7800000000 82.0800000000 1
'Si' 74.3850000000 33.3450000000 84.6450000000 1
'Si' 76.9500000000 30.7800000000 87.2100000000 1
'Si' 71.8200000000 35.9100000000 87.2100000000 1
'Si' 76.9500000000 35.9100000000 82.0800000000 1
'Si' 79.5150000000 33.3450000000 89.7750000000 1
'Si' 74.3850000000 38.4750000000 89.7750000000 1
'Si' 79.5150000000 38.4750000000 84.6450000000 1
'Si' 82.0800000000 30.7800000000 82.0800000000 1
'Si' 84.6450000000 33.3450000000 84.6450000000 1
'Si' 87.2100000000 30.7800000000 87.2100000000 1
'Si' 82.0800000000 35.9100000000 87.2100000000 1
'Si' 87.2100000000 35.9100000000 82.0800000000 1
'Si' 89.7750000000 33.3450000000 89.7750000000 1
'Si' 84.6450000000 38.4750000000 89.7750000000 1
'Si' 89.7750000000 38.4750000000 84.6450000000 1
'Si' 92.3400000000 30.7800000000 82.0800000000 1
'Si' 94.9050000000 33.3450000000 84.6450000000 1
'Si' 97.4700000000 30.7800000000 87.2100000000 1
'Si' 92.3400000000 35.9100000000 87.2100000000 1
'Si' 97.4700000000 35.9100000000 82.0800000000 1
'Si' 100.0350000000 33.3450000000 89.7750000000 1
'Si' 94.9050000000 38.4750000000 89.7750000000 1
'Si' 100.0350000000 38.4750000000 84.6450000000 1
'Si' 0.0000000000 41.0400000000 82.0800000000 1
'Si' 2.5650000000 43.6050000000 84.6450000000 1
'Si' 5.1300000000 41.0400000000 87.2100000000 1
'Si' 0.0000000000 46.1700000000 87.2100000000 1
'Si' 5.1300000000 46.1700000000 82.0800000000 1
'Si' 7.6950000000 43.6050000000 89.7750000000 1
'Si' 2.5650000000 48.7350000000 89.7750000000 1
'Si' 7.6950000000 48.7350000000 84.6450000000 1
'Si' 10.2600000000 41.0400000000 82.0800000000 1
'Si' 12.8250000000 43.6050000000 84.6450000000 1
'Si' 15.3900000000 41.0400000000 87.2100000000 1
'Si' 10.2600000000 46.1700000000 87.2100000000 1
'Si' 15.3900000000 46.1700000000 82.0800000000 1
'Si' 17.9550000000 43.6050000000 89.7750000000 1
'Si' 12.8250000000 48.7350000000 89.7750000000 1
'Si' 17.9550000000 48.7350000000 84.6450000000 1
'Si' 20.5200000000 41.0400000000 82.0800000000 1
'Si' 23.0850000000 43.6050000000 84.6450000000 1
'Si' 25.6500000000 41.0400000000 87.2100000000 1
'Si' 20.5200000000 46.1700000000 87.2100000000 1
'Si' 25.6500000000 46.1700000000 82.0800000000 1
'Si' 28.2150000000 43.6050000000 89.7750000000 1
'Si' 23.0850000000 48.7350000000 89.7750000000 1
'Si' 28.2150000000 48.7350000000 84.6450000000 1
'Si' 30.7800000000 41.0400000000 82.0800000000 1
'Si' 33.3450000000 43.6050000000 84.6450000000 1
'Si' 35.9100000000 41.0400000000 87.2100000000 1
'Si' 30.7800000000 46.1700000000 87.2100000000 1
'Si' 35.9100000000 46.1700000000 82.0800000000 1
'Si' 38.4750000000 43.6050000000 89.7750000000 1
'Si' 33.3450000000 48.7350000000 89.7750000000 1
'Si' 38.4750000000 48.7350000000 84.6450000000 1
'Si' 41.0400000000 41.0400000000 82.0800000000 1
'Si' 43.6050000000 43.6050000000 84.6450000000 1
'Si' 46.1700000000 41.0400000000 87.2100000000 1
'Si' 41.0400000000 46.1700000000 87.2100000000 1
'Si' 46.1700000000 46.1700000000 82.0800000000 1
'Si' 48.7350000000 43.6050000000 89.7750000000 1
'Si' 43.6050000000 48.7350000000 89.7750000000 1
'Si' 48.7350000000 48.7350000000 84.6450000000 1
'Si' 51.3000000000 41.0400000000 82.0800000000 1
'Si' 53.8650000000 43.6050000000 84.6450000000 1
'Si' 56.4300000000 41.0400000000 87.2100000000 1
'Si' 51.3000000000 46.1700000000 87.2100000000 1
'Si' 56.4300000000 46.1700000000 82.0800000000 1
'Si' 58.9950000000 43.6050000000 89.7750000000 1
'Si' 53.8650000000 48.7350000000 89.7750000000 1
'Si' 58.9950000000 48.7350000000 84.6450000000 1
'Si' 61.5600000000 41.0400000000 82.0800000000 1
'Si' 64.1250000000 43.6050000000 84.6450000000 1
'Si' 66.6900000000 41.0400000000 87.2100000000 1
'Si' 61.5600000000 46.1700000000 87.2100000000 1
'Si' 66.6900000000 46.1700000000 82.0800000000 1
'Si' 69.2550000000 43.6050000000 89.7750000000 1
'Si' 64.1250000000 48.7350000000 89.7750000000 1
'Si' 69.2550000000 48.7350000000 84.6450000000 1
'Si' 71.8200000000 41.0400000000 82.0800000000 1
'Si' 74.3850000000 43.6050000000 84.6450000000 1
'Si' 76.9500000000 41.0400000000 87.2100000000 1
'Si' 71.8200000000 46.1700000000 87.2100000000 1
'Si' 76.9500000000 46.1700000000 82.0800000000 1
'Si' 79.5150000000 43.6050000000 89.7750000000 1
'Si' 74.3850000000 48.7350000000 89.7750000000 1
'Si' 79.5150000000 48.7350000000 84.6450000000 1
'Si' 82.0800000000 41.0400000000 82.0800000000 1
'Si' 84.6450000000 43.6050000000 84.6450000000 1
'Si' 87.2100000000 41.0400000000 87.2100000000 1
'Si' 82.0800000000 46.1700000000 87.2100000000 1
'Si' 87.2100000000 46.1700000000 82.0800000000 1
'Si' 89.7750000000 43.6050000000 89.7750000000 1
'Si' 84.6450000000 48.7350000000 89.7750000000 1
'Si' 89.7750000000 48.7350000000 84.6450000000 1
'Si' 92.3400000000 41.0400000000 82.0800000000 1
'Si' 94.9050000000 43.6050000000 84.6450000000 1
'Si' 97.4700000000 41.0400000000 87.2100000000 1
'Si' 92.3400000000 46.1700000000 87.2100000000 1
'Si' 97.4700000000 46.1700000000 82.0800000000 1
'Si' 100.0350000000 43.6050000000 89.7750000000 1
'Si' 94.9050000000 48.7350000000 89.7750000000 1
'Si' 100.0350000000 48.7350000000 84.6450000000 1
'Si' 0.0000000000 51.3000000000 82.0800000000 1
'Si' 2.5650000000 53.8650000000 84.6450000000 1
'Si' 5.1300000000 51.3000000000 87.2100000000 1
'Si' 0.0000000000 56.4300000000 87.2100000000 1
'Si' 5.1300000000 56.4300000000 82.0800000000 1
'Si' 7.6950000000 53.8650000000 89.7750000000 1
'Si' 2.5650000000 58.9950000000 89.7750000000 1
'Si' 7.6950000000 58.9950000000 84.6450000000 1
'Si' 10.2600000000 51.3000000000 82.0800000000 1
'Si' 12.8250000000 53.8650000000 84.6450000000 1
'Si' 15.3900000000 51.3000000000 87.2100000000 1
'Si' 10.2600000000 56.4300000000 87.2100000000 1
'Si' 15.3900000000 56.4300000000 82.0800000000 1
'Si' 17.9550000000 53.8650000000 89.7750000000 1
'Si' 12.8250000000 58.9950000000 89.7750000000 1
'Si' 17.9550000000 58.9950000000 84.6450000000 1
'Si' 20.5200000000 51.3000000000 82.0800000000 1
'Si' 23.0850000000 53.8650000000 84.6450000000 1
'Si' 25.6500000000 51.3000000000 87.2100000000 1
'Si' 20.5200000000 56.4300000000 87.2100000000 1
'Si' 25.6500000000 56.4300000000 82.0800000000 1
'Si' 28.2150000000 53.8650000000 89.7750000000 1
'Si' 23.0850000000 58.9950000000 89.7750000000 1
'Si' 28.2150000000 58.9950000000 84.6450000000 1
'Si' 30.7800000000 51.3000000000 82.0800000000 1
'Si' 33.3450000000 53.8650000000 84.6450000000 1
'Si' 35.9100000000 51.3000000000 87.2100000000 1
'Si' 30.7800000000 56.4300000000 87.2100000000 1
'Si' 35.9100000000 56.4300000000 82.0800000000 1
'Si' 38.4750000000 53.8650000000 89.7750000000 1
'Si' 33.3450000000 58.9950000000 89.7750000000 1
'Si' 38.4750000000 58.9950000000 84.6450000000 1
'Si' 41.0400000000 51.3000000000 82.0800000000 1
'Si' 43.6050000000 53.8650000000 84.6450000000 1
'Si' 46.1700000000 51.3000000000 87.2100000000 1
'Si' 41.0400000000 56.4300000000 87.2100000000 1
'Si' 46.1700000000 56.4300000000 82.0800000000 1
'Si' 48.7350000000 53.8650000000 89.7750000000 1
'Si' 43.6050000000 58.9950000000 89.7750000000 1
'Si' 48.7350000000 58.9950000000 84.6450000000 1
'Si' 51.3000000000 51.3000000000 82.0800000000 1
'Si' 53.8650000000 53.8650000000 84.6450000000 1
'Si' 56.4300000000 51.3000000000 87.2100000000 1
'Si' 51.3000000000 56.4300000000 87.2100000000 1
'Si' 56.4300000000 56.4300000000 82.0800000000 1
'Si' 58.9950000000 53.8650000000 89.7750000000 1
'Si' 53.8650000000 58.9950000000 89.7750000000 1
'Si' 58.9950000000 58.9950000000 84.6450000000 1
'Si' 61.5600000000 51.3000000000 82.0800000000 1
'Si' 64.1250000000 53.8650000000 84.6450000000 1
'Si' 66.6900000000 51.3000000000 87.2100000000 1
'Si' 61.5600000000 56.4300000000 87.2100000000 1
'Si' 66.6900000000 56.4300000000 82.0800000000 1
'Si' 69.2550000000 53.8650000000 89.7750000000 1
'Si' 64.1250000000 58.9950000000 89.7750000000 1
'Si' 69.2550000000 58.9950000000 84.6450000000 1
'Si' 71.8200000000 51.3000000000 82.0800000000 1
'Si' 74.3850000000 53.8650000000 84.6450000000 1
'Si' 76.9500000000 51.3000000000 87.2100000000 1
'Si' 71.8200000000 56.4300000000 87.2100000000 1
'Si' 76.9500000000 56.4300000000 82.0800000000 1
'Si' 79.5150000000 53.8650000000 89.7750000000 1
'Si' 74.3850000000 58.9950000000 89.7750000000 1
'Si' 79.5150000000 58.9950000000 84.6450000000 1
'Si' 82.0800000000 51.3000000000 82.0800000000 1
'Si' 84.6450000000 53.8650000000 84.6450000000 1
'Si' 87.2100000000 51.3000000000 87.2100000000 1
'Si' 82.0800000000 56.4300000000 87.2100000000 1
'Si' 87.2100000000 56.4300000000 82.0800000000 1
'Si' 89.7750000000 53.8650000000 89.7750000000 1
'Si' 84.6450000000 58.9950000000 89.7750000000 1
'Si' 89.7750000000 58.9950000000 84.6450000000 1
'Si' 92.3400000000 51.3000000000 82.0800000000 1
'Si' 94.9050000000 53.8650000000 84.6450000000 1
'Si' 97.4700000000 51.3000000000 87.2100000000 1
'Si' 92.3400000000 56.4300000000 87.2100000000 1
'Si' 97.4700000000 56.4300000000 82.0800000000 1
'Si' 100.0350000000 53.8650000000 89.7750000000 1
'Si' 94.9050000000 58.9950000000 89.7750000000 1
'Si' 100.0350000000 58.9950000000 84.6450000000 1
'Si' 0.0000000000 61.5600000000 82.0800000000 1
'Si' 2.5650000000 64.1250000000 84.6450000000 1
'Si' 5.1300000000 61.5600000000 87.2100000000 1
'Si' 0.0000000000 66.6900000000 87.2100000000 1
'Si' 5.1300000000 66.6900000000 82.0800000000 1
'Si' 7.6950000000 64.1250000000 89.7750000000 1
'Si' 2.5650000000 69.2550000000 89.7750000000 1
'Si' 7.6950000000 69.2550000000 84.6450000000 1
'Si' 10.2600000000 61.5600000000 82.0800000000 1
'Si' 12.8250000000 64.1250000000 84.6450000000 1
'Si' 15.3900000000 61.5600000000 87.2100000000 1
'Si' 10.2600000000 66.6900000000 87.2100000000 1
'Si' 15.3900000000 66.6900000000 82.0800000000 1
'Si' 17.9550000000 64.1250000000 89.7750000000 1
'Si' 12.8250000000 69.2550000000 89.7750000000 1
'Si' 17.9550000000 69.2550000000 84.6450000000 1
'Si' 20.5200000000 61.5600000000 82.0800000000 1
'Si' 23.0850000000 64.1250000000 84.6450000000 1
'Si' 25.6500000000 61.5600000000 87.2100000000 1
'Si' 20.5200000000 66.6900000000 87.2100000000 1
'Si' 25.6500000000 66.6900000000 82.0800000000 1
'Si' 28.2150000000 64.1250000000 89.7750000000 1
'Si' 23.0850000000 69.2550000000 89.7750000000 1
'Si' 28.2150000000 69.2550000000 84.6450000000 1
'Si' 30.7800000000 61.5600000000 82.0800000000 1
'Si' 33.3450000000 64.1250000000 84.6450000000 1
'Si' 35.9100000000 61.5600000000 87.2100000000 1
'Si' 30.7800000000 66.6900000000 87.2100000000 1
'Si' 35.9100000000 66.6900000000 82.0800000000 1
'Si' 38.4750000000 64.1250000000 89.7750000000 1
'Si' 33.3450000000 69.2550000000 89.7750000000 1
'Si' 38.4750000000 69.2550000000 84.6450000000 1
'Si' 41.0400000000 61.5600000000 82.0800000000 1
'Si' 43.6050000000 64.1250000000 84.6450000000 1
'Si' 46.1700000000 61.5600000000 87.2100000000 1
'Si' 41.0400000000 66.6900000000 87.2100000000 1
'Si' 46.1700000000 66.6900000000 82.0800000000 1
'Si' 48.7350000000 64.1250000000 89.7750000000 1
'Si' 43.6050000000 69.2550000000 89.7750000000 1
'Si' 48.7350000000 69.2550000000 84.6450000000 1
'Si' 51.3000000000 61.5600000000 82.0800000000 1
'Si' 53.8650000000 64.1250000000 84.6450000000 1
'Si' 56.4300000000 61.5600000000 87.2100000000 1
'Si' 51.3000000000 66.6900000000 87.2100000000 1
'Si' 56.4300000000 66.6900000000 82.0800000000 1
'Si' 58.9950000000 64.1250000000 89.7750000000 1
'Si' 53.8650000000 69.2550000000 89.7750000000 1
'Si' 58.9950000000 69.2550000000 84.6450000000 1
'Si' 61.5600000000 61.5600000000 82.0800000000 1
'Si' 64.1250000000 64.1250000000 84.6450000000 1
'Si' 66.6900000000 61.5600000000 87.2100000000 1
'Si' 61.5600000000 66.6900000000 87.2100000000 1
'Si' 66.6900000000 66.6900000000 82.0800000000 1
'Si' 69.2550000000 64.1250000000 89.7750000000 1
'Si' 64.1250000000 69.2550000000 89.7750000000 1
'Si' 69.2550000000 69.2550000000 84.6450000000 1
'Si' 71.8200000000 61.5600000000 82.0800000000 1
'Si' 74.3850000000 64.1250000000 84.6450000000 1
'Si' 76.9500000000 61.5600000000 87.2100000000 1
'Si' 71.8200000000 66.6900000000 87.2100000000 1
'Si' 76.9500000000 66.6900000000 82.0800000000 1
'Si' 79.5150000000 64.1250000000 89.7750000000 1
'Si' 74.3850000000 69.2550000000 89.7750000000 1
'Si' 79.5150000000 69.2550000000 84.6450000000 1
'Si' 82.0800000000 61.5600000000 82.0800000000 1
'Si' 84.6450000000 64.1250000000 84.6450000000 1
'Si' 87.2100000000 61.5600000000 87.2100000000 1
'Si' 82.0800000000 66.6900000000 87.2100000000 1
'Si' 87.2100000000 66.6900000000 82.0800000000 1
'Si' 89.7750000000 64.1250000000 89.7750000000 1
'Si' 84.6450000000 69.2550000000 89.7750000000 1
'Si' 89.7750000000 69.2550000000 84.6450000000 1
'Si' 92.3400000000 61.5600000000 82.0800000000 1
'Si' 94.9050000000 64.1250000000 84.6450000000 1
'Si' 97.4700000000 61.5600000000 87.2100000000 1
'Si' 92.3400000000 66.6900000000 87.2100000000 1
'Si' 97.4700000000 66.6900000000 82.0800000000 1
'Si' 100.0350000000 64.1250000000 89.7750000000 1
'Si' 94.9050000000 69.2550000000 89.7750000000 1
'Si' 100.0350000000 69.2550000000 84.6450000000 1
'Si' 0.0000000000 71.8200000000 82.0800000000 1
'Si' 2.5650000000 74.3850000000 84.6450000000 1
'Si' 5.1300000000 71.8200000000 87.2100000000 1
'Si' 0.0000000000 76.9500000000 87.2100000000 1
'Si' 5.1300000000 76.9500000000 82.0800000000 1
'Si' 7.6950000000 74.3850000000 89.7750000000 1
'Si' 2.5650000000 79.5150000000 89.7750000000 1
'Si' 7.6950000000 79.5150000000 84.6450000000 1
'Si' 10.2600000000 71.8200000000 82.0800000000 1
'Si' 12.8250000000 74.3850000000 84.6450000000 1
'Si' 15.3900000000 71.8200000000 87.2100000000 1
'Si' 10.2600000000 76.9500000000 87.2100000000 1
'Si' 15.3900000000 76.9500000000 82.0800000000 1
'Si' 17.9550000000 74.3850000000 89.7750000000 1
'Si' 12.8250000000 79.5150000000 89.7750000000 1
'Si' 17.9550000000 79.5150000000 84.6450000000 1
'Si' 20.5200000000 71.8200000000 82.0800000000 1
'Si' 23.0850000000 74.3850000000 84.6450000000 1
'Si' 25.6500000000 71.8200000000 87.2100000000 1
'Si' 20.5200000000 76.9500000000 87.2100000000 1
'Si' 25.6500000000 76.9500000000 82.0800000000 1
'Si' 28.2150000000 74.3850000000 89.7750000000 1
'Si' 23.0850000000 79.5150000000 89.7750000000 1
'Si' 28.2150000000 79.5150000000 84.6450000000 1
'Si' 30.7800000000 71.8200000000 82.0800000000 1
'Si' 33.3450000000 74.3850000000 84.6450000000 1
'Si' 35.9100000000 71.8200000000 87.2100000000 1
'Si' 30.7800000000 76.9500000000 87.2100000000 1
'Si' 35.9100000000 76.9500000000 82.0800000000 1
'Si' 38.4750000000 74.3850000000 89.7750000000 1
'Si' 33.3450000000 79.5150000000 89.7750000000 1
'Si' 38.4750000000 79.5150000000 84.6450000000 1
'Si' 41.0400000000 71.8200000000 82.0800000000 1
'Si' 43.6050000000 74.3850000000 84.6450000000 1
'Si' 46.1700000000 71.8200000000 87.2100000000 1
'Si' 41.0400000000 76.9500000000 87.2100000000 1
'Si' 46.1700000000 76.9500000000 82.0800000000 1
'Si' 48.7350000000 74.3850000000 89.7750000000 1
'Si' 43.6050000000 79.5150000000 89.7750000000 1
'Si' 48.7350000000 79.5150000000 84.6450000000 1
'Si' 51.3000000000 71.8200000000 82.0800000000 1
'Si' 53.8650000000 74.3850000000 84.6450000000 1
'Si' 56.4300000000 71.8200000000 87.2100000000 1
'Si' 51.3000000000 76.9500000000 87.2100000000 1
'Si' 56.4300000000 76.9500000000 82.0800000000 1
'Si' 58.9950000000 74.3850000000 89.7750000000 1
'Si' 53.8650000000 79.5150000000 89.7750000000 1
'Si' 58.9950000000 79.5150000000 84.6450000000 1
'Si' 61.5600000000 71.8200000000 82.0800000000 1
'Si' 64.1250000000 74.3850000000 84.6450000000 1
'Si' 66.6900000000 71.8200000000 87.2100000000 1
'Si' 61.5600000000 76.9500000000 87.2100000000 1
'Si' 66.6900000000 76.9500000000 82.0800000000 1
'Si' 69.2550000000 74.3850000000 89.7750000000 1
'Si' 64.1250000000 79.5150000000 89.7750000000 1
'Si' 69.2550000000 79.5150000000 84.6450000000 1
'Si' 71.8200000000 71.8200000000 82.0800000000 1
'Si' 74.3850000000 74.3850000000 84.6450000000 1
'Si' 76.9500000000 71.8200000000 87.2100000000 1
'Si' 71.8200000000 76.9500000000 87.2100000000 1
'Si' 76.9500000000 76.9500000000 82.0800000000 1
'Si' 79.5150000000 74.3850000000 89.7750000000 1
'Si' 74.3850000000 79.5150000000 89.7750000000 1
'Si' 79.5150000000 79.5150000000 84.6450000000 1
'Si' 82.0800000000 71.8200000000 82.0800000000 1
'Si' 84.6450000000 74.3850000000 84.6450000000 1
'Si' 87.2100000000 71.8200000000 87.2100000000 1
'Si' 82.0800000000 76.9500000000 87.2100000000 1
'Si' 87.2100000000 76.9500000000 82.0800000000 1
'Si' 89.7750000000 74.3850000000 89.7750000000 1
'Si' 84.6450000000 79.5150000000 89.7750000000 1
'Si' 89.7750000000 79.5150000000 84.6450000000 1
'Si' 92.3400000000 71.8200000000 82.0800000000 1
'Si' 94.9050000000 74.3850000000 84.6450000000 1
'Si' 97.4700000000 71.8200000000 87.2100000000 1
'Si' 92.3400000000 76.9500000000 87.2100000000 1
'Si' 97.4700000000 76.9500000000 82.0800000000 1
'Si' 100.0350000000 74.3850000000 89.7750000000 1
'Si' 94.9050000000 79.5150000000 89.7750000000 1
'Si' 100.0350000000 79.5150000000 84.6450000000 1
'Si' 0.0000000000 82.0800000000 82.0800000000 1
'Si' 2.5650000000 84.6450000000 84.6450000000 1
'Si' 5.1300000000 82.0800000000 87.2100000000 1
'Si' 0.0000000000 87.2100000000 87.2100000000 1
'Si' 5.1300000000 87.2100000000 82.0800000000 1
'Si' 7.6950000000 84.6450000000 89.7750000000 1
'Si' 2.5650000000 89.7750000000 89.7750000000 1
'Si' 7.6950000000 89.7750000000 84.6450000000 1
'Si' 10.2600000000 82.0800000000 82.0800000000 1
'Si' 12.8250000000 84.6450000000 84.6450000000 1
'Si' 15.3900000000 82.0800000000 87.2100000000 1
'Si' 10.2600000000 87.2100000000 87.2100000000 1
'Si' 15.3900000000 87.2100000000 82.0800000000 1
'Si' 17.9550000000 84.6450000000 89.7750000000 1
'Si' 12.8250000000 89.7750000000 89.7750000000 1
'Si' 17.9550000000 89.7750000000 84.6450000000 1
'Si' 20.5200000000 82.0800000000 82.0800000000 1
'Si' 23.0850000000 84.6450000000 84.6450000000 1
'Si' 25.6500000000 82.0800000000 87.2100000000 1
'Si' 20.5200000000 87.2100000000 87.2100000000 1
'Si' 25.6500000000 87.2100000000 82.0800000000 1
'Si' 28.2150000000 84.6450000000 89.7750000000 1
'Si' 23.0850000000 89.7750000000 89.7750000000 1
'Si' 28.2150000000 89.7750000000 84.6450000000 1
'Si' 30.7800000000 82.0800000000 82.0800000000 1
'Si' 33.3450000000 84.6450000000 84.6450000000 1
'Si' 35.9100000000 82.0800000000 87.2100000000 1
'Si' 30.7800000000 87.2100000000 87.2100000000 1
'Si' 35.9100000000 87.2100000000 82.0800000000 1
'Si' 38.4750000000 84.6450000000 89.7750000000 1
'Si' 33.3450000000 89.7750000000 89.7750000000 1
'Si' 38.4750000000 89.7750000000 84.6450000000 1
'Si' 41.0400000000 82.0800000000 82.0800000000 1
'Si' 43.6050000000 84.6450000000 84.6450000000 1
'Si' 46.1700000000 82.0800000000 87.2100000000 1
'Si' 41.0400000000 87.2100000000 87.2100000000 1
'Si' 46.1700000000 87.2100000000 82.0800000000 1
'Si' 48.7350000000 84.6450000000 89.7750000000 1
'Si' 43.6050000000 89.7750000000 89.7750000000 1
'Si' 48.7350000000 89.7750000000 84.6450000000 1
'Si' 51.3000000000 82.0800000000 82.0800000000 1
'Si' 53.8650000000 84.6450000000 84.6450000000 1
'Si' 56.4300000000 82.0800000000 87.2100000000 1
'Si' 51.3000000000 87.2100000000 87.2100000000 1
'Si' 56.4300000000 87.2100000000 82.0800000000 1
'Si' 58.9950000000 84.6450000000 89.7750000000 1
'Si' 53.8650000000 89.7750000000 89.7750000000 1
'Si' 58.9950000000 89.7750000000 84.6450000000 1
'Si' 61.5600000000 82.0800000000 82.0800000000 1
'Si' 64.1250000000 84.6450000000 84.6450000000 1
'Si' 66.6900000000 82.0800000000 87.2100000000 1
'Si' 61.5600000000 87.2100000000 87.2100000000 1
'Si' 66.6900000000 87.2100000000 82.0800000000 1
'Si' 69.2550000000 84.6450000000 89.7750000000 1
'Si' 64.1250000000 89.7750000000 89.7750000000 1
'Si' 69.2550000000 89.7750000000 84.6450000000 1
'Si' 71.8200000000 82.0800000000 82.0800000000 1
'Si' 74.3850000000 84.6450000000 84.6450000000 1
'Si' 76.9500000000 82.0800000000 87.2100000000 1
'Si' 71.8200000000 87.2100000000 87.2100000000 1
'Si' 76.9500000000 87.2100000000 82.0800000000 1
'Si' 79.5150000000 84.6450000000 89.7750000000 1
'Si' 74.3850000000 89.7750000000 89.7750000000 1
'Si' 79.5150000000 89.7750000000 84.6450000000 1
'Si' 82.0800000000 82.0800000000 82.0800000000 1
'Si' 84.6450000000 84.6450000000 84.6450000000 1
'Si' 87.2100000000 82.0800000000 87.2100000000 1
'Si' 82.0800000000 87.2100000000 87.2100000000 1
'Si' 87.2100000000 87.2100000000 82.0800000000 1
'Si' 89.7750000000 84.6450000000 89.7750000000 1
'Si' 84.6450000000 89.7750000000 89.7750000000 1
'Si' 89.7750000000 89.7750000000 84.6450000000 1
'Si' 92.3400000000 82.0800000000 82.0800000000 1
'Si' 94.9050000000 84.6450000000 84.6450000000 1
'Si' 97.4700000000 82.0800000000 87.2100000000 1
'Si' 92.3400000000 87.2100000000 87.2100000000 1
'Si' 97.4700000000 87.2100000000 82.0800000000 1
'Si' 100.0350000000 84.6450000000 89.7750000000 1
'Si' 94.9050000000 89.7750000000 89.7750000000 1
'Si' 100.0350000000 89.7750000000 84.6450000000 1
'Si' 0.0000000000 92.3400000000 82.0800000000 1
'Si' 2.5650000000 94.9050000000 84.6450000000 1
'Si' 5.1300000000 92.3400000000 87.2100000000 1
'Si' 0.0000000000 97.4700000000 87.2100000000 1
'Si' 5.1300000000 97.4700000000 82.0800000000 1
'Si' 7.6950000000 94.9050000000 89.7750000000 1
'Si' 2.5650000000 100.0350000000 89.7750000000 1
'Si' 7.6950000000 100.0350000000 84.6450000000 1
'Si' 10.2600000000 92.3400000000 82.0800000000 1
'Si' 12.8250000000 94.9050000000 84.6450000000 1
'Si' 15.3900000000 92.3400000000 87.2100000000 1
'Si' 10.2600000000 97.4700000000 87.2100000000 1
'Si' 15.3900000000 97.4700000000 82.0800000000 1
'Si' 17.9550000000 94.9050000000 89.7750000000 1
'Si' 12.8250000000 100.0350000000 89.7750000000 1
'Si' 17.9550000000 100.0350000000 84.6450000000 1
'Si' 20.5200000000 92.3400000000 82.0800000000 1
'Si' 23.0850000000 94.9050000000 84.6450000000 1
'Si' 25.6500000000 92.3400000000 87.2100000000 1
'Si' 20.5200000000 97.4700000000 87.2100000000 1
'Si' 25.6500000000 97.4700000000 82.0800000000 1
'Si' 28.2150000000 94.9050000000 89.7750000000 1
'Si' 23.0850000000 100.0350000000 89.7750000000 1
'Si' 28.2150000000 100.0350000000 84.6450000000 1
'Si' 30.7800000000 92.3400000000 82.0800000000 1
'Si' 33.3450000000 94.9050000000 84.6450000000 1
'Si' 35.9100000000 92.3400000000 87.2100000000 1
'Si' 30.7800000000 97.4700000000 87.2100000000 1
'Si' 35.9100000000 97.4700000000 82.0800000000 1
'Si' 38.4750000000 94.9050000000 89.7750000000 1
'Si' 33.3450000000 100.0350000000 89.7750000000 1
'Si' 38.4750000000 100.0350000000 84.6450000000 1
'Si' 41.0400000000 92.3400000000 82.0800000000 1
'Si' 43.6050000000 94.9050000000 84.6450000000 1
'Si' 46.1700000000 92.3400000000 87.2100000000 1
'Si' 41.0400000000 97.4700000000 87.2100000000 1
'Si' 46.1700000000 97.4700000000 82.0800000000 1
'Si' 48.7350000000 94.9050000000 89.7750000000 1
'Si' 43.6050000000 100.0350000000 89.7750000000 1
'Si' 48.7350000000 100.0350000000 84.6450000000 1
'Si' 51.3000000000 92.3400000000 82.0800000000 1
'Si' 53.8650000000 94.9050000000 84.6450000000 1
'Si' 56.4300000000 92.3400000000 87.2100000000 1
'Si' 51.3000000000 97.4700000000 87.2100000000 1
'Si' 56.4300000000 97.4700000000 82.0800000000 1
'Si' 58.9950000000 94.9050000000 89.7750000000 1
'Si' 53.8650000000 100.0350000000 89.7750000000 1
'Si' 58.9950000000 100.0350000000 84.6450000000 1
'Si' 61.5600000000 92.3400000000 82.0800000000 1
'Si' 64.1250000000 94.9050000000 84.6450000000 1
'Si' 66.6900000000 92.3400000000 87.2100000000 1
'Si' 61.5600000000 97.4700000000 87.2100000000 1
'Si' 66.6900000000 97.4700000000 82.0800000000 1
'Si' 69.2550000000 94.9050000000 89.7750000000 1
'Si' 64.1250000000 100.0350000000 89.7750000000 1
'Si' 69.2550000000 100.0350000000 84.6450000000 1
'Si' 71.8200000000 92.3400000000 82.0800000000 1
'Si' 74.3850000000 94.9050000000 84.6450000000 1
'Si' 76.9500000000 92.3400000000 87.2100000000 1
'Si' 71.8200000000 97.4700000000 87.2100000000 1
'Si' 76.9500000000 97.4700000000 82.0800000000 1
'Si' 79.5150000000 94.9050000000 89.7750000000 1
'Si' 74.3850000000 100.0350000000 89.7750000000 1
'Si' 79.5150000000 100.0350000000 84.6450000000 1
'Si' 82.0800000000 92.3400000000 82.0800000000 1
'Si' 84.6450000000 94.9050000000 84.6450000000 1
'Si' 87.2100000000 92.3400000000 87.2100000000 1
'Si' 82.0800000000 97.4700000000 87.2100000000 1
'Si' 87.2100000000 97.4700000000 82.0800000000 1
'Si' 89.7750000000 94.9050000000 89.7750000000 1
'Si' 84.6450000000 100.0350000000 89.7750000000 1
'Si' 89.7750000000 100.0350000000 84.6450000000 1
'Si' 92.3400000000 92.3400000000 82.0800000000 1
'Si' 94.9050000000 94.9050000000 84.6450000000 1
'Si' 97.4700000000 92.3400000000 87.2100000000 1
'Si' 92.3400000000 97.4700000000 87.2100000000 1
'Si' 97.4700000000 97.4700000000 82.0800000000 1
'Si' 100.0350000000 94.9050000000 89.7750000000 1
'Si' 94.9050000000 100.0350000000 89.7750000000 1
'Si' 100.0350000000 100.0350000000 84.6450000000 1
'Si' 0.0000000000 0.0000000000 92.3400000000 1
'Si' 2.5650000000 2.5650000000 94.9050000000 1
'Si' 5.1300000000 0.0000000000 97.4700000000 1
'Si' 0.0000000000 5.1300000000 97.4700000000 1
'Si' 5.1300000000 5.1300000000 92.3400000000 1
'Si' 7.6950000000 2.5650000000 100.0350000000 1
'Si' 2.5650000000 7.6950000000 100.0350000000 1
'Si' 7.6950000000 7.6950000000 94.9050000000 1
'Si' 10.2600000000 0.0000000000 92.3400000000 1
'Si' 12.8250000000 2.5650000000 94.9050000000 1
'Si' 15.3900000000 0.0000000000 97.4700000000 1
'Si' 10.2600000000 5.1300000000 97.4700000000 1
'Si' 15.3900000000 5.1300000000 92.3400000000 1
'Si' 17.9550000000 2.5650000000 100.0350000000 1
'Si' 12.8250000000 7.6950000000 100.0350000000 1
'Si' 17.9550000000 7.6950000000 94.9050000000 1
'Si' 20.5200000000 0.0000000000 92.3400000000 1
'Si' 23.0850000000 2.5650000000 94.9050000000 1
'Si' 25.6500000000 0.0000000000 97.4700000000 1
'Si' 20.5200000000 5.1300000000 97.4700000000 1
'Si' 25.6500000000 5.1300000000 92.3400000000 1
'Si' 28.2150000000 2.5650000000 100.0350000000 1
'Si' 23.0850000000 7.6950000000 100.0350000000 1
'Si' 28.2150000000 7.6950000000 94.9050000000 1
'Si' 30.7800000000 0.0000000000 92.3400000000 1
'Si' 33.3450000000 2.5650000000 94.9050000000 1
'Si' 35.9100000000 0.0000000000 97.4700000000 1
'Si' 30.7800000000 5.1300000000 97.4700000000 1
'Si' 35.9100000000 5.1300000000 92.3400000000 1
'Si' 38.4750000000 2.5650000000 100.0350000000 1
'Si' 33.3450000000 7.6950000000 100.0350000000 1
'Si' 38.4750000000 7.6950000000 94.9050000000 1
'Si' 41.0400000000 0.0000000000 92.3400000000 1
'Si' 43.6050000000 2.5650000000 94.9050000000 1
'Si' 46.1700000000 0.0000000000 97.4700000000 1
'Si' 41.0400000000 5.1300000000 97.4700000000 1
'Si' 46.1700000000 5.1300000000 92.3400000000 1
'Si' 48.7350000000 2.5650000000 100.0350000000 1
'Si' 43.6050000000 7.6950000000 100.0350000000 1
'Si' 48.7350000000 7.6950000000 94.9050000000 1
'Si' 51.3000000000 0.0000000000 92.3400000000 1
'Si' 53.8650000000 2.5650000000 94.9050000000 1
'Si' 56.4300000000 0.0000000000 97.4700000000 1
'Si' 51.3000000000 5.1300000000 97.4700000000 1
'Si' 56.4300000000 5.1300000000 92.3400000000 1
'Si' 58.9950000000 2.5650000000 100.0350000000 1
'Si' 53.8650000000 7.6950000000 100.0350000000 1
'Si' 58.9950000000 7.6950000000 94.9050000000 1
'Si' 61.5600000000 0.0000000000 92.3400000000 1
'Si' 64.1250000000 2.5650000000 94.9050000000 1
'Si' 66.6900000000 0.0000000000 97.4700000000 1
'Si' 61.5600000000 5.1300000000 97.4700000000 1
'Si' 66.6900000000 5.1300000000 92.3400000000 1
'Si' 69.2550000000 2.5650000000 100.0350000000 1
'Si' 64.1250000000 7.6950000000 100.0350000000 1
'Si' 69.2550000000 7.6950000000 94.9050000000 1
'Si' 71.8200000000 0.0000000000 92.3400000000 1
'Si' 74.3850000000 2.5650000000 94.9050000000 1
'Si' 76.9500000000 0.0000000000 97.4700000000 1
'Si' 71.8200000000 5.1300000000 97.4700000000 1
'Si' 76.9500000000 5.1300000000 92.3400000000 1
'Si' 79.5150000000 2.5650000000 100.0350000000 1
'Si' 74.3850000000 7.6950000000 100.0350000000 1
'Si' 79.5150000000 7.6950000000 94.9050000000 1
'Si' 82.0800000000 0.0000000000 92.3400000000 1
'Si' 84.6450000000 2.5650000000 94.9050000000 1
'Si' 87.2100000000 0.0000000000 97.4700000000 1
'Si' 82.0800000000 5.1300000000 97.4700000000 1
'Si' 87.2100000000 5.1300000000 92.3400000000 1
'Si' 89.7750000000 2.5650000000 100.0350000000 1
'Si' 84.6450000000 7.6950000000 100.0350000000 1
'Si' 89.7750000000 7.6950000000 94.9050000000 1
'Si' 92.3400000000 0.0000000000 92.3400000000 1
'Si' 94.9050000000 2.5650000000 94.9050000000 1
'Si' 97.4700000000 0.0000000000 97.4700000000 1
'Si' 92.3400000000 5.1300000000 97.4700000000 1
'Si' 97.4700000000 5.1300000000 92.3400000000 1
'Si' 100.0350000000 2.5650000000 100.0350000000 1
'Si' 94.9050000000 7.6950000000 100.0350000000 1
'Si' 100.0350000000 7.6950000000 94.9050000000 1
'Si' 0.0000000000 10.2600000000 92.3400000000 1
'Si' 2.5650000000 12.8250000000 94.9050000000 1
'Si' 5.1300000000 10.2600000000 97.4700000000 1
'Si' 0.0000000000 15.3900000000 97.4700000000 1
'Si' 5.1300000000 15.3900000000 92.3400000000 1
'Si' 7.6950000000 12.8250000000 100.0350000000 1
'Si' 2.5650000000 17.9550000000 100.0350000000 1
'Si' 7.6950000000 17.9550000000 94.9050000000 1
'Si' 10.2600000000 10.2600000000 92.3400000000 1
'Si' 12.8250000000 12.8250000000 94.9050000000 1
'Si' 15.3900000000 10.2600000000 97.4700000000 1
'Si' 10.2600000000 15.3900000000 97.4700000000 1
'Si' 15.3900000000 15.3900000000 92.3400000000 1
'Si' 17.9550000000 12.8250000000 100.0350000000 1
'Si' 12.8250000000 17.9550000000 100.0350000000 1
'Si' 17.9550000000 17.9550000000 94.9050000000 1
'Si' 20.5200000000 10.2600000000 92.3400000000 1
'Si' 23.0850000000 12.8250000000 94.9050000000 1
'Si' 25.6500000000 10.2600000000 97.4700000000 1
'Si' 20.5200000000 15.3900000000 97.4700000000 1
'Si' 25.6500000000 15.3900000000 92.3400000000 1
'Si' 28.2150000000 12.8250000000 100.0350000000 1
'Si' 23.0850000000 17.9550000000 100.0350000000 1
'Si' 28.2150000000 17.9550000000 94.9050000000 1
'Si' 30.7800000000 10.2600000000 92.3400000000 1
'Si' 33.3450000000 12.8250000000 94.9050000000 1
'Si' 35.9100000000 10.2600000000 97.4700000000 1
'Si' 30.7800000000 15.3900000000 97.4700000000 1
'Si' 35.9100000000 15.3900000000 92.3400000000 1
'Si' 38.4750000000 12.8250000000 100.0350000000 1
'Si' 33.3450000000 17.9550000000 100.0350000000 1
'Si' 38.4750000000 17.9550000000 94.9050000000 1
'Si' 41.0400000000 10.2600000000 92.3400000000 1
'Si' 43.6050000000 12.8250000000 94.9050000000 1
'Si' 46.1700000000 10.2600000000 97.4700000000 1
'Si' 41.0400000000 15.3900000000 97.4700000000 1
'Si' 46.1700000000 15.3900000000 92.3400000000 1
'Si' 48.7350000000 12.8250000000 100.0350000000 1
'Si' 43.6050000000 17.9550000000 100.0350000000 1
'Si' 48.7350000000 17.9550000000 94.9050000000 1
'Si' 51.3000000000 10.2600000000 92.3400000000 1
'Si' 53.8650000000 12.8250000000 94.9050000000 1
'Si' 56.4300000000 10.2600000000 97.4700000000 1
'Si' 51.3000000000 15.3900000000 97.4700000000 1
'Si' 56.4300000000 15.3900000000 92.3400000000 1
'Si' 58.9950000000 12.8250000000 100.0350000000 1
'Si' 53.8650000000 17.9550000000 100.0350000000 1
'Si' 58.9950000000 17.9550000000 94.9050000000 1
'Si' 61.5600000000 10.2600000000 92.3400000000 1
'Si' 64.1250000000 12.8250000000 94.9050000000 1
'Si' 66.6900000000 10.2600000000 97.4700000000 1
'Si' 61.5600000000 15.3900000000 97.4700000000 1
'Si' 66.6900000000 15.3900000000 92.3400000000 1
'Si' 69.2550000000 12.8250000000 100.0350000000 1
'Si' 64.1250000000 17.9550000000 100.0350000000 1
'Si' 69.2550000000 17.9550000000 94.9050000000 1
'Si' 71.8200000000 10.2600000000 92.3400000000 1
'Si' 74.3850000000 12.8250000000 94.9050000000 1
'Si' 76.9500000000 10.2600000000 97.4700000000 1
'Si' 71.8200000000 15.3900000000 97.4700000000 1
'Si' 76.9500000000 15.3900000000 92.3400000000 1
'Si' 79.5150000000 12.8250000000 100.0350000000 1
'Si' 74.3850000000 17.9550000000 100.0350000000 1
'Si' 79.5150000000 17.9550000000 94.9050000000 1
'Si' 82.0800000000 10.2600000000 92.3400000000 1
'Si' 84.6450000000 12.8250000000 94.9050000000 1
'Si' 87.2100000000 10.2600000000 97.4700000000 1
'Si' 82.0800000000 15.3900000000 97.4700000000 1
'Si' 87.2100000000 15.3900000000 92.3400000000 1
'Si' 89.7750000000 12.8250000000 100.0350000000 1
'Si' 84.6450000000 17.9550000000 100.0350000000 1
'Si' 89.7750000000 17.9550000000 94.9050000000 1
'Si' 92.3400000000 10.2600000000 92.3400000000 1
'Si' 94.9050000000 12.8250000000 94.9050000000 1
'Si' 97.4700000000 10.2600000000 97.4700000000 1
'Si' 92.3400000000 15.3900000000 97.4700000000 1
'Si' 97.4700000000 15.3900000000 92.3400000000 1
'Si' 100.0350000000 12.8250000000 100.0350000000 1
'Si' 94.9050000000 17.9550000000 100.0350000000 1
'Si' 100.0350000000 17.9550000000 94.9050000000 1
'Si' 0.0000000000 20.5200000000 92.3400000000 1
'Si' 2.5650000000 23.0850000000 94.9050000000 1
'Si' 5.1300000000 20.5200000000 97.4700000000 1
'Si' 0.0000000000 25.6500000000 97.4700000000 1
'Si' 5.1300000000 25.6500000000 92.3400000000 1
'Si' 7.6950000000 23.0850000000 100.0350000000 1
'Si' 2.5650000000 28.2150000000 100.0350000000 1
'Si' 7.6950000000 28.2150000000 94.9050000000 1
'Si' 10.2600000000 20.5200000000 92.3400000000 1
'Si' 12.8250000000 23.0850000000 94.9050000000 1
'Si' 15.3900000000 20.5200000000 97.4700000000 1
'Si' 10.2600000000 25.6500000000 97.4700000000 1
'Si' 15.3900000000 25.6500000000 92.3400000000 1
'Si' 17.9550000000 23.0850000000 100.0350000000 1
'Si' 12.8250000000 28.2150000000 100.0350000000 1
'Si' 17.9550000000 28.2150000000 94.9050000000 1
'Si' 20.5200000000 20.5200000000 92.3400000000 1
'Si' 23.0850000000 23.0850000000 94.9050000000 1
'Si' 25.6500000000 20.5200000000 97.4700000000 1
'Si' 20.5200000000 25.6500000000 97.4700000000 1
'Si' 25.6500000000 25.6500000000 92.3400000000 1
'Si' 28.2150000000 23.0850000000 100.0350000000 1
'Si' 23.0850000000 28.2150000000 100.0350000000 1
'Si' 28.2150000000 28.2150000000 94.9050000000 1
'Si' 30.7800000000 20.5200000000 92.3400000000 1
'Si' 33.3450000000 23.0850000000 94.9050000000 1
'Si' 35.9100000000 20.5200000000 97.4700000000 1
'Si' 30.7800000000 25.6500000000 97.4700000000 1
'Si' 35.9100000000 25.6500000000 92.3400000000 1
'Si' 38.4750000000 23.0850000000 100.0350000000 1
'Si' 33.3450000000 28.2150000000 100.0350000000 1
'Si' 38.4750000000 28.2150000000 94.9050000000 1
'Si' 41.0400000000 20.5200000000 92.3400000000 1
'Si' 43.6050000000 23.0850000000 94.9050000000 1
'Si' 46.1700000000 20.5200000000 97.4700000000 1
'Si' 41.0400000000 25.6500000000 97.4700000000 1
'Si' 46.1700000000 25.6500000000 92.3400000000 1
'Si' 48.7350000000 23.0850000000 100.0350000000 1
'Si' 43.6050000000 28.2150000000 100.0350000000 1
'Si' 48.7350000000 28.2150000000 94.9050000000 1
'Si' 51.3000000000 20.5200000000 92.3400000000 1
'Si' 53.8650000000 23.0850000000 94.9050000000 1
'Si' 56.4300000000 20.5200000000 97.4700000000 1
'Si' 51.3000000000 25.6500000000 97.4700000000 1
'Si' 56.4300000000 25.6500000000 92.3400000000 1
'Si' 58.9950000000 23.0850000000 100.0350000000 1
'Si' 53.8650000000 28.2150000000 100.0350000000 1
'Si' 58.9950000000 28.2150000000 94.9050000000 1
'Si' 61.5600000000 20.5200000000 92.3400000000 1
'Si' 64.1250000000 23.0850000000 94.9050000000 1
'Si' 66.6900000000 20.5200000000 97.4700000000 1
'Si' 61.5600000000 25.6500000000 97.4700000000 1
'Si' 66.6900000000 25.6500000000 92.3400000000 1
'Si' 69.2550000000 23.0850000000 100.0350000000 1
'Si' 64.1250000000 28.2150000000 100.0350000000 1
'Si' 69.2550000000 28.2150000000 94.9050000000 1
'Si' 71.8200000000 20.5200000000 92.3400000000 1
'Si' 74.3850000000 23.0850000000 94.9050000000 1
'Si' 76.9500000000 20.5200000000 97.4700000000 1
'Si' 71.8200000000 25.6500000000 97.4700000000 1
'Si' 76.9500000000 25.6500000000 92.3400000000 1
'Si' 79.5150000000 23.0850000000 100.0350000000 1
'Si' 74.3850000000 28.2150000000 100.0350000000 1
'Si' 79.5150000000 28.2150000000 94.9050000000 1
'Si' 82.0800000000 20.5200000000 92.3400000000 1
'Si' 84.6450000000 23.0850000000 94.9050000000 1
'Si' 87.2100000000 20.5200000000 97.4700000000 1
'Si' 82.0800000000 25.6500000000 97.4700000000 1
'Si' 87.2100000000 25.6500000000 92.3400000000 1
'Si' 89.7750000000 23.0850000000 100.0350000000 1
'Si' 84.6450000000 28.2150000000 100.0350000000 1
'Si' 89.7750000000 28.2150000000 94.9050000000 1
'Si' 92.3400000000 20.5200000000 92.3400000000 1
'Si' 94.9050000000 23.0850000000 94.9050000000 1
'Si' 97.4700000000 20.5200000000 97.4700000000 1
'Si' 92.3400000000 25.6500000000 97.4700000000 1
'Si' 97.4700000000 25.6500000000 92.3400000000 1
'Si' 100.0350000000 23.0850000000 100.0350000000 1
'Si' 94.9050000000 28.2150000000 100.0350000000 1
'Si' 100.0350000000 28.2150000000 94.9050000000 1
'Si' 0.0000000000 30.7800000000 92.3400000000 1
'Si' 2.5650000000 33.3450000000 94.9050000000 1
'Si' 5.1300000000 30.7800000000 97.4700000000 1
'Si' 0.0000000000 35.9100000000 97.4700000000 1
'Si' 5.1300000000 35.9100000000 92.3400000000 1
'Si' 7.6950000000 33.3450000000 100.0350000000 1
'Si' 2.5650000000 38.4750000000 100.0350000000 1
'Si' 7.6950000000 38.4750000000 94.9050000000 1
'Si' 10.2600000000 30.7800000000 92.3400000000 1
'Si' 12.8250000000 33.3450000000 94.9050000000 1
'Si' 15.3900000000 30.7800000000 97.4700000000 1
'Si' 10.2600000000 35.9100000000 97.4700000000 1
'Si' 15.3900000000 35.9100000000 92.3400000000 1
'Si' 17.9550000000 33.3450000000 100.0350000000 1
'Si' 12.8250000000 38.4750000000 100.0350000000 1
'Si' 17.9550000000 38.4750000000 94.9050000000 1
'Si' 20.5200000000 30.7800000000 92.3400000000 1
'Si' 23.0850000000 33.3450000000 94.9050000000 1
'Si' 25.6500000000 30.7800000000 97.4700000000 1
'Si' 20.5200000000 35.9100000000 97.4700000000 1
'Si' 25.6500000000 35.9100000000 92.3400000000 1
'Si' 28.2150000000 33.3450000000 100.0350000000 1
'Si' 23.0850000000 38.4750000000 100.0350000000 1
'Si' 28.2150000000 38.4750000000 94.9050000000 1
'Si' 30.7800000000 30.7800000000 92.3400000000 1
'Si' 33.3450000000 33.3450000000 94.9050000000 1
'Si' 35.9100000000 30.7800000000 97.4700000000 1
'Si' 30.7800000000 35.9100000000 97.4700000000 1
'Si' 35.9100000000 35.9100000000 92.3400000000 1
'Si' 38.4750000000 33.3450000000 100.0350000000 1
'Si' 33.3450000000 38.4750000000 100.0350000000 1
'Si' 38.4750000000 38.4750000000 94.9050000000 1
'Si' 41.0400000000 30.7800000000 92.3400000000 1
'Si' 43.6050000000 33.3450000000 94.9050000000 1
'Si' 46.1700000000 30.7800000000 97.4700000000 1
'Si' 41.0400000000 35.9100000000 97.4700000000 1
'Si' 46.1700000000 35.9100000000 92.3400000000 1
'Si' 48.7350000000 33.3450000000 100.0350000000 1
'Si' 43.6050000000 38.4750000000 100.0350000000 1
'Si' 48.7350000000 38.4750000000 94.9050000000 1
'Si' 51.3000000000 30.7800000000 92.3400000000 1
'Si' 53.8650000000 33.3450000000 94.9050000000 1
'Si' 56.4300000000 30.7800000000 97.4700000000 1
'Si' 51.3000000000 35.9100000000 97.4700000000 1
'Si' 56.4300000000 35.9100000000 92.3400000000 1
'Si' 58.9950000000 33.3450000000 100.0350000000 1
'Si' 53.8650000000 38.4750000000 100.0350000000 1
'Si' 58.9950000000 38.4750000000 94.9050000000 1
'Si' 61.5600000000 30.7800000000 92.3400000000 1
'Si' 64.1250000000 33.3450000000 94.9050000000 1
'Si' 66.6900000000 30.7800000000 97.4700000000 1
'Si' 61.5600000000 35.9100000000 97.4700000000 1
'Si' 66.6900000000 35.9100000000 92.3400000000 1
'Si' 69.2550000000 33.3450000000 100.0350000000 1
'Si' 64.1250000000 38.4750000000 100.0350000000 1
'Si' 69.2550000000 38.4750000000 94.9050000000 1
'Si' 71.8200000000 30.7800000000 92.3400000000 1
'Si' 74.3850000000 33.3450000000 94.9050000000 1
'Si' 76.9500000000 30.7800000000 97.4700000000 1
'Si' 71.8200000000 35.9100000000 97.4700000000 1
'Si' 76.9500000000 35.9100000000 92.3400000000 1
'Si' 79.5150000000 33.3450000000 100.0350000000 1
'Si' 74.3850000000 38.4750000000 100.0350000000 1
'Si' 79.5150000000 38.4750000000 94.9050000000 1
'Si' 82.0800000000 30.7800000000 92.3400000000 1
'Si' 84.6450000000 33.3450000000 94.9050000000 1
'Si' 87.2100000000 30.7800000000 97.4700000000 1
'Si' 82.0800000000 35.9100000000 97.4700000000 1
'Si' 87.2100000000 35.9100000000 92.3400000000 1
'Si' 89.7750000000 33.3450000000 100.0350000000 1
'Si' 84.6450000000 38.4750000000 100.0350000000 1
'Si' 89.7750000000 38.4750000000 94.9050000000 1
'Si' 92.3400000000 30.7800000000 92.3400000000 1
'Si' 94.9050000000 33.3450000000 94.9050000000 1
'Si' 97.4700000000 30.7800000000 97.4700000000 1
'Si' 92.3400000000 35.9100000000 97.4700000000 1
'Si' 97.4700000000 35.9100000000 92.3400000000 1
'Si' 100.0350000000 33.3450000000 100.0350000000 1
'Si' 94.9050000000 38.4750000000 100.0350000000 1
'Si' 100.0350000000 38.4750000000 94.9050000000 1
'Si' 0.0000000000 41.0400000000 92.3400000000 1
'Si' 2.5650000000 43.6050000000 94.9050000000 1
'Si' 5.1300000000 41.0400000000 97.4700000000 1
'Si' 0.0000000000 46.1700000000 97.4700000000 1
'Si' 5.1300000000 46.1700000000 92.3400000000 1
'Si' 7.6950000000 43.6050000000 100.0350000000 1
'Si' 2.5650000000 48.7350000000 100.0350000000 1
'Si' 7.6950000000 48.7350000000 94.9050000000 1
'Si' 10.2600000000 41.0400000000 92.3400000000 1
'Si' 12.8250000000 43.6050000000 94.9050000000 1
'Si' 15.3900000000 41.0400000000 97.4700000000 1
'Si' 10.2600000000 46.1700000000 97.4700000000 1
'Si' 15.3900000000 46.1700000000 92.3400000000 1
'Si' 17.9550000000 43.6050000000 100.0350000000 1
'Si' 12.8250000000 48.7350000000 100.0350000000 1
'Si' 17.9550000000 48.7350000000 94.9050000000 1
'Si' 20.5200000000 41.0400000000 92.3400000000 1
'Si' 23.0850000000 43.6050000000 94.9050000000 1
'Si' 25.6500000000 41.0400000000 97.4700000000 1
'Si' 20.5200000000 46.1700000000 97.4700000000 1
'Si' 25.6500000000 46.1700000000 92.3400000000 1
'Si' 28.2150000000 43.6050000000 100.0350000000 1
'Si' 23.0850000000 48.7350000000 100.0350000000 1
'Si' 28.2150000000 48.7350000000 94.9050000000 1
'Si' 30.7800000000 41.0400000000 92.3400000000 1
'Si' 33.3450000000 43.6050000000 94.9050000000 1
'Si' 35.9100000000 41.0400000000 97.4700000000 1
'Si' 30.7800000000 46.1700000000 97.4700000000 1
'Si' 35.9100000000 46.1700000000 92.3400000000 1
'Si' 38.4750000000 43.6050000000 100.0350000000 1
'Si' 33.3450000000 48.7350000000 100.0350000000 1
'Si' 38.4750000000 48.7350000000 94.9050000000 1
'Si' 41.0400000000 41.0400000000 92.3400000000 1
'Si' 43.6050000000 43.6050000000 94.9050000000 1
'Si' 46.1700000000 41.0400000000 97.4700000000 1
'Si' 41.0400000000 46.1700000000 97.4700000000 1
'Si' 46.1700000000 46.1700000000 92.3400000000 1
'Si' 48.7350000000 43.6050000000 100.0350000000 1
'Si' 43.6050000000 48.7350000000 100.0350000000 1
'Si' 48.7350000000 48.7350000000 94.9050000000 1
'Si' 51.3000000000 41.0400000000 92.3400000000 1
'Si' 53.8650000000 43.6050000000 94.9050000000 1
'Si' 56.4300000000 41.0400000000 97.4700000000 1
'Si' 51.3000000000 46.1700000000 97.4700000000 1
'Si' 56.4300000000 46.1700000000 92.3400000000 1
'Si' 58.9950000000 43.6050000000 100.0350000000 1
'Si' 53.8650000000 48.7350000000 100.0350000000 1
'Si' 58.9950000000 48.7350000000 94.9050000000 1
'Si' 61.5600000000 41.0400000000 92.3400000000 1
'Si' 64.1250000000 43.6050000000 94.9050000000 1
'Si' 66.6900000000 41.0400000000 97.4700000000 1
'Si' 61.5600000000 46.1700000000 97.4700000000 1
'Si' 66.6900000000 46.1700000000 92.3400000000 1
'Si' 69.2550000000 43.6050000000 100.0350000000 1
'Si' 64.1250000000 48.7350000000 100.0350000000 1
'Si' 69.2550000000 48.7350000000 94.9050000000 1
'Si' 71.8200000000 41.0400000000 92.3400000000 1
'Si' 74.3850000000 43.6050000000 94.9050000000 1
'Si' 76.9500000000 41.0400000000 97.4700000000 1
'Si' 71.8200000000 46.1700000000 97.4700000000 1
'Si' 76.9500000000 46.1700000000 92.3400000000 1
'Si' 79.5150000000 43.6050000000 100.0350000000 1
'Si' 74.3850000000 48.7350000000 100.0350000000 1
'Si' 79.5150000000 48.7350000000 94.9050000000 1
'Si' 82.0800000000 41.0400000000 92.3400000000 1
'Si' 84.6450000000 43.6050000000 94.9050000000 1
'Si' 87.2100000000 41.0400000000 97.4700000000 1
'Si' 82.0800000000 46.1700000000 97.4700000000 1
'Si' 87.2100000000 46.1700000000 92.3400000000 1
'Si' 89.7750000000 43.6050000000 100.0350000000 1
'Si' 84.6450000000 48.7350000000 100.0350000000 1
'Si' 89.7750000000 48.7350000000 94.9050000000 1
'Si' 92.3400000000 41.0400000000 92.3400000000 1
'Si' 94.9050000000 43.6050000000 94.9050000000 1
'Si' 97.4700000000 41.0400000000 97.4700000000 1
'Si' 92.3400000000 46.1700000000 97.4700000000 1
'Si' 97.4700000000 46.1700000000 92.3400000000 1
'Si' 100.0350000000 43.6050000000 100.0350000000 1
'Si' 94.9050000000 48.7350000000 100.0350000000 1
'Si' 100.0350000000 48.7350000000 94.9050000000 1
'Si' 0.0000000000 51.3000000000 92.3400000000 1
'Si' 2.5650000000 53.8650000000 94.9050000000 1
'Si' 5.1300000000 51.3000000000 97.4700000000 1
'Si' 0.0000000000 56.4300000000 97.4700000000 1
'Si' 5.1300000000 56.4300000000 92.3400000000 1
'Si' 7.6950000000 53.8650000000 100.0350000000 1
'Si' 2.5650000000 58.9950000000 100.0350000000 1
'Si' 7.6950000000 58.9950000000 94.9050000000 1
'Si' 10.2600000000 51.3000000000 92.3400000000 1
'Si' 12.8250000000 53.8650000000 94.9050000000 1
'Si' 15.3900000000 51.3000000000 97.4700000000 1
'Si' 10.2600000000 56.4300000000 97.4700000000 1
'Si' 15.3900000000 56.4300000000 92.3400000000 1
'Si' 17.9550000000 53.8650000000 100.0350000000 1
'Si' 12.8250000000 58.9950000000 100.0350000000 1
'Si' 17.9550000000 58.9950000000 94.9050000000 1
'Si' 20.5200000000 51.3000000000 92.3400000000 1
'Si' 23.0850000000 53.8650000000 94.9050000000 1
'Si' 25.6500000000 51.3000000000 97.4700000000 1
'Si' 20.5200000000 56.4300000000 97.4700000000 1
'Si' 25.6500000000 56.4300000000 92.3400000000 1
'Si' 28.2150000000 53.8650000000 100.0350000000 1
'Si' 23.0850000000 58.9950000000 100.0350000000 1
'Si' 28.2150000000 58.9950000000 94.9050000000 1
'Si' 30.7800000000 51.3000000000 92.3400000000 1
'Si' 33.3450000000 53.8650000000 94.9050000000 1
'Si' 35.9100000000 51.3000000000 97.4700000000 1
'Si' 30.7800000000 56.4300000000 97.4700000000 1
'Si' 35.9100000000 56.4300000000 92.3400000000 1
'Si' 38.4750000000 53.8650000000 100.0350000000 1
'Si' 33.3450000000 58.9950000000 100.0350000000 1
'Si' 38.4750000000 58.9950000000 94.9050000000 1
'Si' 41.0400000000 51.3000000000 92.3400000000 1
'Si' 43.6050000000 53.8650000000 94.9050000000 1
'Si' 46.1700000000 51.3000000000 97.4700000000 1
'Si' 41.0400000000 56.4300000000 97.4700000000 1
'Si' 46.1700000000 56.4300000000 92.3400000000 1
'Si' 48.7350000000 53.8650000000 100.0350000000 1
'Si' 43.6050000000 58.9950000000 100.0350000000 1
'Si' 48.7350000000 58.9950000000 94.9050000000 1
'Si' 51.3000000000 51.3000000000 92.3400000000 1
'Si' 53.8650000000 53.8650000000 94.9050000000 1
'Si' 56.4300000000 51.3000000000 97.4700000000 1
'Si' 51.3000000000 56.4300000000 97.4700000000 1
'Si' 56.4300000000 56.4300000000 92.3400000000 1
'Si' 58.9950000000 53.8650000000 100.0350000000 1
'Si' 53.8650000000 58.9950000000 100.0350000000 1
'Si' 58.9950000000 58.9950000000 94.9050000000 1
'Si' 61.5600000000 51.3000000000 92.3400000000 1
'Si' 64.1250000000 53.8650000000 94.9050000000 1
'Si' 66.6900000000 51.3000000000 97.4700000000 1
'Si' 61.5600000000 56.4300000000 97.4700000000 1
'Si' 66.6900000000 56.4300000000 92.3400000000 1
'Si' 69.2550000000 53.8650000000 100.0350000000 1
'Si' 64.1250000000 58.9950000000 100.0350000000 1
'Si' 69.2550000000 58.9950000000 94.9050000000 1
'Si' 71.8200000000 51.3000000000 92.3400000000 1
'Si' 74.3850000000 53.8650000000 94.9050000000 1
'Si' 76.9500000000 51.3000000000 97.4700000000 1
'Si' 71.8200000000 56.4300000000 97.4700000000 1
'Si' 76.9500000000 56.4300000000 92.3400000000 1
'Si' 79.5150000000 53.8650000000 100.0350000000 1
'Si' 74.3850000000 58.9950000000 100.0350000000 1
'Si' 79.5150000000 58.9950000000 94.9050000000 1
'Si' 82.0800000000 51.3000000000 92.3400000000 1
'Si' 84.6450000000 53.8650000000 94.9050000000 1
'Si' 87.2100000000 51.3000000000 97.4700000000 1
'Si' 82.0800000000 56.4300000000 97.4700000000 1
'Si' 87.2100000000 56.4300000000 92.3400000000 1
'Si' 89.7750000000 53.8650000000 100.0350000000 1
'Si' 84.6450000000 58.9950000000 100.0350000000 1
'Si' 89.7750000000 58.9950000000 94.9050000000 1
'Si' 92.3400000000 51.3000000000 92.3400000000 1
'Si' 94.9050000000 53.8650000000 94.9050000000 1
'Si' 97.4700000000 51.3000000000 97.4700000000 1
'Si' 92.3400000000 56.4300000000 97.4700000000 1
'Si' 97.4700000000 56.4300000000 92.3400000000 1
'Si' 100.0350000000 53.8650000000 100.0350000000 1
'Si' 94.9050000000 58.9950000000 100.0350000000 1
'Si' 100.0350000000 58.9950000000 94.9050000000 1
'Si' 0.0000000000 61.5600000000 92.3400000000 1
'Si' 2.5650000000 64.1250000000 94.9050000000 1
'Si' 5.1300000000 61.5600000000 97.4700000000 1
'Si' 0.0000000000 66.6900000000 97.4700000000 1
'Si' 5.1300000000 66.6900000000 92.3400000000 1
'Si' 7.6950000000 64.1250000000 100.0350000000 1
'Si' 2.5650000000 69.2550000000 100.0350000000 1
'Si' 7.6950000000 69.2550000000 94.9050000000 1
'Si' 10.2600000000 61.5600000000 92.3400000000 1
'Si' 12.8250000000 64.1250000000 94.9050000000 1
'Si' 15.3900000000 61.5600000000 97.4700000000 1
'Si' 10.2600000000 66.6900000000 97.4700000000 1
'Si' 15.3900000000 66.6900000000 92.3400000000 1
'Si' 17.9550000000 64.1250000000 100.0350000000 1
'Si' 12.8250000000 69.2550000000 100.0350000000 1
'Si' 17.9550000000 69.2550000000 94.9050000000 1
'Si' 20.5200000000 61.5600000000 92.3400000000 1
'Si' 23.0850000000 64.1250000000 94.9050000000 1
'Si' 25.6500000000 61.5600000000 97.4700000000 1
'Si' 20.5200000000 66.6900000000 97.4700000000 1
'Si' 25.6500000000 66.6900000000 92.3400000000 1
'Si' 28.2150000000 64.1250000000 100.0350000000 1
'Si' 23.0850000000 69.2550000000 100.0350000000 1
'Si' 28.2150000000 69.2550000000 94.9050000000 1
'Si' 30.7800000000 61.5600000000 92.3400000000 1
'Si' 33.3450000000 64.1250000000 94.9050000000 1
'Si' 35.9100000000 61.5600000000 97.4700000000 1
'Si' 30.7800000000 66.6900000000 97.4700000000 1
'Si' 35.9100000000 66.6900000000 92.3400000000 1
'Si' 38.4750000000 64.1250000000 100.0350000000 1
'Si' 33.3450000000 69.2550000000 100.0350000000 1
'Si' 38.4750000000 69.2550000000 94.9050000000 1
'Si' 41.0400000000 61.5600000000 92.3400000000 1
'Si' 43.6050000000 64.1250000000 94.9050000000 1
'Si' 46.1700000000 61.5600000000 97.4700000000 1
'Si' 41.0400000000 66.6900000000 97.4700000000 1
'Si' 46.1700000000 66.6900000000 92.3400000000 1
'Si' 48.7350000000 64.1250000000 100.0350000000 1
'Si' 43.6050000000 69.2550000000 100.0350000000 1
'Si' 48.7350000000 69.2550000000 94.9050000000 1
'Si' 51.3000000000 61.5600000000 92.3400000000 1
'Si' 53.8650000000 64.1250000000 94.9050000000 1
'Si' 56.4300000000 61.5600000000 97.4700000000 1
'Si' 51.3000000000 66.6900000000 97.4700000000 1
'Si' 56.4300000000 66.6900000000 92.3400000000 1
'Si' 58.9950000000 64.1250000000 100.0350000000 1
'Si' 53.8650000000 69.2550000000 100.0350000000 1
'Si' 58.9950000000 69.2550000000 94.9050000000 1
'Si' 61.5600000000 61.5600000000 92.3400000000 1
'Si' 64.1250000000 64.1250000000 94.9050000000 1
'Si' 66.6900000000 61.5600000000 97.4700000000 1
'Si' 61.5600000000 66.6900000000 97.4700000000 1
'Si' 66.6900000000 66.6900000000 92.3400000000 1
'Si' 69.2550000000 64.1250000000 100.0350000000 1
'Si' 64.1250000000 69.2550000000 100.0350000000 1
'Si' 69.2550000000 69.2550000000 94.9050000000 1
'Si' 71.8200000000 61.5600000000 92.3400000000 1
'Si' 74.3850000000 64.1250000000 94.9050000000 1
'Si' 76.9500000000 61.5600000000 97.4700000000 1
'Si' 71.8200000000 66.6900000000 97.4700000000 1
'Si' 76.9500000000 66.6900000000 92.3400000000 1
'Si' 79.5150000000 64.1250000000 100.0350000000 1
'Si' 74.3850000000 69.2550000000 100.0350000000 1
'Si' 79.5150000000 69.2550000000 94.9050000000 1
'Si' 82.0800000000 61.5600000000 92.3400000000 1
'Si' 84.6450000000 64.1250000000 94.9050000000 1
'Si' 87.2100000000 61.5600000000 97.4700000000 1
'Si' 82.0800000000 66.6900000000 97.4700000000 1
'Si' 87.2100000000 66.6900000000 92.3400000000 1
'Si' 89.7750000000 64.1250000000 100.0350000000 1
'Si' 84.6450000000 69.2550000000 100.0350000000 1
'Si' 89.7750000000 69.2550000000 94.9050000000 1
'Si' 92.3400000000 61.5600000000 92.3400000000 1
'Si' 94.9050000000 64.1250000000 94.9050000000 1
'Si' 97.4700000000 61.5600000000 97.4700000000 1
'Si' 92.3400000000 66.6900000000 97.4700000000 1
'Si' 97.4700000000 66.6900000000 92.3400000000 1
'Si' 100.0350000000 64.1250000000 100.0350000000 1
'Si' 94.9050000000 69.2550000000 100.0350000000 1
'Si' 100.0350000000 69.2550000000 94.9050000000 1
'Si' 0.0000000000 71.8200000000 92.3400000000 1
'Si' 2.5650000000 74.3850000000 94.9050000000 1
'Si' 5.1300000000 71.8200000000 97.4700000000 1
'Si' 0.0000000000 76.9500000000 97.4700000000 1
'Si' 5.1300000000 76.9500000000 92.3400000000 1
'Si' 7.6950000000 74.3850000000 100.0350000000 1
'Si' 2.5650000000 79.5150000000 100.0350000000 1
'Si' 7.6950000000 79.5150000000 94.9050000000 1
'Si' 10.2600000000 71.8200000000 92.3400000000 1
'Si' 12.8250000000 74.3850000000 94.9050000000 1
'Si' 15.3900000000 71.8200000000 97.4700000000 1
'Si' 10.2600000000 76.9500000000 97.4700000000 1
'Si' 15.3900000000 76.9500000000 92.3400000000 1
'Si' 17.9550000000 74.3850000000 100.0350000000 1
'Si' 12.8250000000 79.5150000000 100.0350000000 1
'Si' 17.9550000000 79.5150000000 94.9050000000 1
'Si' 20.5200000000 71.8200000000 92.3400000000 1
'Si' 23.0850000000 74.3850000000 94.9050000000 1
'Si' 25.6500000000 71.8200000000 97.4700000000 1
'Si' 20.5200000000 76.9500000000 97.4700000000 1
'Si' 25.6500000000 76.9500000000 92.3400000000 1
'Si' 28.2150000000 74.3850000000 100.0350000000 1
'Si' 23.0850000000 79.5150000000 100.0350000000 1
'Si' 28.2150000000 79.5150000000 94.9050000000 1
'Si' 30.7800000000 71.8200000000 92.3400000000 1
'Si' 33.3450000000 74.3850000000 94.9050000000 1
'Si' 35.9100000000 71.8200000000 97.4700000000 1
'Si' 30.7800000000 76.9500000000 97.4700000000 1
'Si' 35.9100000000 76.9500000000 92.3400000000 1
'Si' 38.4750000000 74.3850000000 100.0350000000 1
'Si' 33.3450000000 79.5150000000 100.0350000000 1
'Si' 38.4750000000 79.5150000000 94.9050000000 1
'Si' 41.0400000000 71.8200000000 92.3400000000 1
'Si' 43.6050000000 74.3850000000 94.9050000000 1
'Si' 46.1700000000 71.8200000000 97.4700000000 1
'Si' 41.0400000000 76.9500000000 97.4700000000 1
'Si' 46.1700000000 76.9500000000 92.3400000000 1
'Si' 48.7350000000 74.3850000000 100.0350000000 1
'Si' 43.6050000000 79.5150000000 100.0350000000 1
'Si' 48.7350000000 79.5150000000 94.9050000000 1
'Si' 51.3000000000 71.8200000000 92.3400000000 1
'Si' 53.8650000000 74.3850000000 94.9050000000 1
'Si' 56.4300000000 71.8200000000 97.4700000000 1
'Si' 51.3000000000 76.9500000000 97.4700000000 1
'Si' 56.4300000000 76.9500000000 92.3400000000 1
'Si' 58.9950000000 74.3850000000 100.0350000000 1
'Si' 53.8650000000 79.5150000000 100.0350000000 1
'Si' 58.9950000000 79.5150000000 94.9050000000 1
'Si' 61.5600000000 71.8200000000 92.3400000000 1
'Si' 64.1250000000 74.3850000000 94.9050000000 1
'Si' 66.6900000000 71.8200000000 97.4700000000 1
'Si' 61.5600000000 76.9500000000 97.4700000000 1
'Si' 66.6900000000 76.9500000000 92.3400000000 1
'Si' 69.2550000000 74.3850000000 100.0350000000 1
'Si' 64.1250000000 79.5150000000 100.0350000000 1
'Si' 69.2550000000 79.5150000000 94.9050000000 1
'Si' 71.8200000000 71.8200000000 92.3400000000 1
'Si' 74.3850000000 74.3850000000 94.9050000000 1
'Si' 76.9500000000 71.8200000000 97.4700000000 1
'Si' 71.8200000000 76.9500000000 97.4700000000 1
'Si' 76.9500000000 76.9500000000 92.3400000000 1
'Si' 79.5150000000 74.3850000000 100.0350000000 1
'Si' 74.3850000000 79.5150000000 100.0350000000 1
'Si' 79.5150000000 79.5150000000 94.9050000000 1
'Si' 82.0800000000 71.8200000000 92.3400000000 1
'Si' 84.6450000000 74.3850000000 94.9050000000 1
'Si' 87.2100000000 71.8200000000 97.4700000000 1
'Si' 82.0800000000 76.9500000000 97.4700000000 1
'Si' 87.2100000000 76.9500000000 92.3400000000 1
'Si' 89.7750000000 74.3850000000 100.0350000000 1
'Si' 84.6450000000 79.5150000000 100.0350000000 1
'Si' 89.7750000000 79.5150000000 94.9050000000 1
'Si' 92.3400000000 71.8200000000 92.3400000000 1
'Si' 94.9050000000 74.3850000000 94.9050000000 1
'Si' 97.4700000000 71.8200000000 97.4700000000 1
'Si' 92.3400000000 76.9500000000 97.4700000000 1
'Si' 97.4700000000 76.9500000000 92.3400000000 1
'Si' 100.0350000000 74.3850000000 100.0350000000 1
'Si' 94.9050000000 79.5150000000 100.0350000000 1
'Si' 100.0350000000 79.5150000000 94.9050000000 1
'Si' 0.0000000000 82.0800000000 92.3400000000 1
'Si' 2.5650000000 84.6450000000 94.9050000000 1
'Si' 5.1300000000 82.0800000000 97.4700000000 1
'Si' 0.0000000000 87.2100000000 97.4700000000 1
'Si' 5.1300000000 87.2100000000 92.3400000000 1
'Si' 7.6950000000 84.6450000000 100.0350000000 1
'Si' 2.5650000000 89.7750000000 100.0350000000 1
'Si' 7.6950000000 89.7750000000 94.9050000000 1
'Si' 10.2600000000 82.0800000000 92.3400000000 1
'Si' 12.8250000000 84.6450000000 94.9050000000 1
'Si' 15.3900000000 82.0800000000 97.4700000000 1
'Si' 10.2600000000 87.2100000000 97.4700000000 1
'Si' 15.3900000000 87.2100000000 92.3400000000 1
'Si' 17.9550000000 84.6450000000 100.0350000000 1
'Si' 12.8250000000 89.7750000000 100.0350000000 1
'Si' 17.9550000000 89.7750000000 94.9050000000 1
'Si' 20.5200000000 82.0800000000 92.3400000000 1
'Si' 23.0850000000 84.6450000000 94.9050000000 1
'Si' 25.6500000000 82.0800000000 97.4700000000 1
'Si' 20.5200000000 87.2100000000 97.4700000000 1
'Si' 25.6500000000 87.2100000000 92.3400000000 1
'Si' 28.2150000000 84.6450000000 100.0350000000 1
'Si' 23.0850000000 89.7750000000 100.0350000000 1
'Si' 28.2150000000 89.7750000000 94.9050000000 1
'Si' 30.7800000000 82.0800000000 92.3400000000 1
'Si' 33.3450000000 84.6450000000 94.9050000000 1
'Si' 35.9100000000 82.0800000000 97.4700000000 1
'Si' 30.7800000000 87.2100000000 97.4700000000 1
'Si' 35.9100000000 87.2100000000 92.3400000000 1
'Si' 38.4750000000 84.6450000000 100.0350000000 1
'Si' 33.3450000000 89.7750000000 100.0350000000 1
'Si' 38.4750000000 89.7750000000 94.9050000000 1
'Si' 41.0400000000 82.0800000000 92.3400000000 1
'Si' 43.6050000000 84.6450000000 94.9050000000 1
'Si' 46.1700000000 82.0800000000 97.4700000000 1
'Si' 41.0400000000 87.2100000000 97.4700000000 1
'Si' 46.1700000000 87.2100000000 92.3400000000 1
'Si' 48.7350000000 84.6450000000 100.0350000000 1
'Si' 43.6050000000 89.7750000000 100.0350000000 1
'Si' 48.7350000000 89.7750000000 94.9050000000 1
'Si' 51.3000000000 82.0800000000 92.3400000000 1
'Si' 53.8650000000 84.6450000000 94.9050000000 1
'Si' 56.4300000000 82.0800000000 97.4700000000 1
'Si' 51.3000000000 87.2100000000 97.4700000000 1
'Si' 56.4300000000 87.2100000000 92.3400000000 1
'Si' 58.9950000000 84.6450000000 100.0350000000 1
'Si' 53.8650000000 89.7750000000 100.0350000000 1
'Si' 58.9950000000 89.7750000000 94.9050000000 1
'Si' 61.5600000000 82.0800000000 92.3400000000 1
'Si' 64.1250000000 84.6450000000 94.9050000000 1
'Si' 66.6900000000 82.0800000000 97.4700000000 1
'Si' 61.5600000000 87.2100000000 97.4700000000 1
'Si' 66.6900000000 87.2100000000 92.3400000000 1
'Si' 69.2550000000 84.6450000000 100.0350000000 1
'Si' 64.1250000000 89.7750000000 100.0350000000 1
'Si' 69.2550000000 89.7750000000 94.9050000000 1
'Si' 71.8200000000 82.0800000000 92.3400000000 1
'Si' 74.3850000000 84.6450000000 94.9050000000 1
'Si' 76.9500000000 82.0800000000 97.4700000000 1
'Si' 71.8200000000 87.2100000000 97.4700000000 1
'Si' 76.9500000000 87.2100000000 92.3400000000 1
'Si' 79.5150000000 84.6450000000 100.0350000000 1
'Si' 74.3850000000 89.7750000000 100.0350000000 1
'Si' 79.5150000000 89.7750000000 94.9050000000 1
'Si' 82.0800000000 82.0800000000 92.3400000000 1
'Si' 84.6450000000 84.6450000000 94.9050000000 1
'Si' 87.2100000000 82.0800000000 97.4700000000 1
'Si' 82.0800000000 87.2100000000 97.4700000000 1
'Si' 87.2100000000 87.2100000000 92.3400000000 1
'Si' 89.7750000000 84.6450000000 100.0350000000 1
'Si' 84.6450000000 89.7750000000 100.0350000000 1
'Si' 89.7750000000 89.7750000000 94.9050000000 1
'Si' 92.3400000000 82.0800000000 92.3400000000 1
'Si' 94.9050000000 84.6450000000 94.9050000000 1
'Si' 97.4700000000 82.0800000000 97.4700000000 1
'Si' 92.3400000000 87.2100000000 97.4700000000 1
'Si' 97.4700000000 87.2100000000 92.3400000000 1
'Si' 100.0350000000 84.6450000000 100.0350000000 1
'Si' 94.9050000000 89.7750000000 100.0350000000 1
'Si' 100.0350000000 89.7750000000 94.9050000000 1
'Si' 0.0000000000 92.3400000000 92.3400000000 1
'Si' 2.5650000000 94.9050000000 94.9050000000 1
'Si' 5.1300000000 92.3400000000 97.4700000000 1
'Si' 0.0000000000 97.4700000000 97.4700000000 1
'Si' 5.1300000000 97.4700000000 92.3400000000 1
'Si' 7.6950000000 94.9050000000 100.0350000000 1
'Si' 2.5650000000 100.0350000000 100.0350000000 1
'Si' 7.6950000000 100.0350000000 94.9050000000 1
'Si' 10.2600000000 92.3400000000 92.3400000000 1
'Si' 12.8250000000 94.9050000000 94.9050000000 1
'Si' 15.3900000000 92.3400000000 97.4700000000 1
'Si' 10.2600000000 97.4700000000 97.4700000000 1
'Si' 15.3900000000 97.4700000000 92.3400000000 1
'Si' 17.9550000000 94.9050000000 100.0350000000 1
'Si' 12.8250000000 100.0350000000 100.0350000000 1
'Si' 17.9550000000 100.0350000000 94.9050000000 1
'Si' 20.5200000000 92.3400000000 92.3400000000 1
'Si' 23.0850000000 94.9050000000 94.9050000000 1
'Si' 25.6500000000 92.3400000000 97.4700000000 1
'Si' 20.5200000000 97.4700000000 97.4700000000 1
'Si' 25.6500000000 97.4700000000 92.3400000000 1
'Si' 28.2150000000 94.9050000000 100.0350000000 1
'Si' 23.0850000000 100.0350000000 100.0350000000 1
'Si' 28.2150000000 100.0350000000 94.9050000000 1
'Si' 30.7800000000 92.3400000000 92.3400000000 1
'Si' 33.3450000000 94.9050000000 94.9050000000 1
'Si' 35.9100000000 92.3400000000 97.4700000000 1
'Si' 30.7800000000 97.4700000000 97.4700000000 1
'Si' 35.9100000000 97.4700000000 92.3400000000 1
'Si' 38.4750000000 94.9050000000 100.0350000000 1
'Si' 33.3450000000 100.0350000000 100.0350000000 1
'Si' 38.4750000000 100.0350000000 94.9050000000 1
'Si' 41.0400000000 92.3400000000 92.3400000000 1
'Si' 43.6050000000 94.9050000000 94.9050000000 1
'Si' 46.1700000000 92.3400000000 97.4700000000 1
'Si' 41.0400000000 97.4700000000 97.4700000000 1
'Si' 46.1700000000 97.4700000000 92.3400000000 1
'Si' 48.7350000000 94.9050000000 100.0350000000 1
'Si' 43.6050000000 100.0350000000 100.0350000000 1
'Si' 48.7350000000 100.0350000000 94.9050000000 1
'Si' 51.3000000000 92.3400000000 92.3400000000 1
'Si' 53.8650000000 94.9050000000 94.9050000000 1
'Si' 56.4300000000 92.3400000000 97.4700000000 1
'Si' 51.3000000000 97.4700000000 97.4700000000 1
'Si' 56.4300000000 97.4700000000 92.3400000000 1
'Si' 58.9950000000 94.9050000000 100.0350000000 1
'Si' 53.8650000000 100.0350000000 100.0350000000 1
'Si' 58.9950000000 100.0350000000 94.9050000000 1
'Si' 61.5600000000 92.3400000000 92.3400000000 1
'Si' 64.1250000000 94.9050000000 94.9050000000 1
'Si' 66.6900000000 92.3400000000 97.4700000000 1
'Si' 61.5600000000 97.4700000000 97.4700000000 1
'Si' 66.6900000000 97.4700000000 92.3400000000 1
'Si' 69.2550000000 94.9050000000 100.0350000000 1
'Si' 64.1250000000 100.0350000000 100.0350000000 1
'Si' 69.2550000000 100.0350000000 94.9050000000 1
'Si' 71.8200000000 92.3400000000 92.3400000000 1
'Si' 74.3850000000 94.9050000000 94.9050000000 1
'Si' 76.9500000000 92.3400000000 97.4700000000 1
'Si' 71.8200000000 97.4700000000 97.4700000000 1
'Si' 76.9500000000 97.4700000000 92.3400000000 1
'Si' 79.5150000000 94.9050000000 100.0350000000 1
'Si' 74.3850000000 100.0350000000 100.0350000000 1
'Si' 79.5150000000 100.0350000000 94.9050000000 1
'Si' 82.0800000000 92.3400000000 92.3400000000 1
'Si' 84.6450000000 94.9050000000 94.9050000000 1
'Si' 87.2100000000 92.3400000000 97.4700000000 1
'Si' 82.0800000000 97.4700000000 97.4700000000 1
'Si' 87.2100000000 97.4700000000 92.3400000000 1
'Si' 89.7750000000 94.9050000000 100.0350000000 1
'Si' 84.6450000000 100.0350000000 100.0350000000 1
'Si' 89.7750000000 100.0350000000 94.9050000000 1
'Si' 92.3400000000 92.3400000000 92.3400000000 1
'Si' 94.9050000000 94.9050000000 94.9050000000 1
'Si' 97.4700000000 92.3400000000 97.4700000000 1
'Si' 92.3400000000 97.4700000000 97.4700000000 1
'Si' 97.4700000000 97.4700000000 92.3400000000 1
'Si' 100.0350000000 94.9050000000 100.0350000000 1
'Si' 94.9050000000 100.0350000000 100.0350000000 1
'Si' 100.0350000000 100.0350000000 94.9050000000 1
